molecola,indice_atomi,match,indice_atomo,probabilita,y_pred_prob
molecola_10022,1,0,1,0.0009004179737530649,0
molecola_10022,2,0,2,0.00300673209130764,0
molecola_10022,3,0,3,0.0014130271738395095,0
molecola_10022,4,0,4,0.0008908623130992055,0
molecola_10022,5,0,5,0.0008341831853613257,0
molecola_10022,6,0,6,0.0005650338134728372,0
molecola_10022,7,0,7,0.0006669510621577501,0
molecola_10022,8,0,8,0.0005578534910455346,0
molecola_10022,9,0,9,0.0005578534910455346,0
molecola_10022,10,0,10,0.0011316700838506222,0
molecola_10022,11,0,11,0.0009548968519084156,0
molecola_10022,12,0,12,0.0006708400906063616,0
molecola_10022,13,0,13,0.0006802479038015008,0
molecola_10022,14,1,14,0.999792754650116,1
molecola_10022,15,1,15,0.9997268319129944,1
molecola_10022,16,0,16,0.0006708400906063616,0
molecola_10022,17,0,17,0.0009548968519084156,0
molecola_10022,18,0,18,0.001136753591708839,0
molecola_11097,1,0,1,0.0003396128013264388,0
molecola_11097,2,0,2,0.0006738792872056365,0
molecola_11097,3,0,3,0.000264182424871251,0
molecola_11097,4,0,4,0.0003540987672749907,0
molecola_11097,5,0,5,0.00465772207826376,0
molecola_11097,6,1,6,0.9866372346878052,1
molecola_11097,7,1,7,0.9815701246261597,1
molecola_11097,8,0,8,0.006333037279546261,0
molecola_11097,9,0,9,0.0014762551290914416,0
molecola_11097,10,0,10,0.000430134532507509,0
molecola_11097,11,0,11,0.0002893241180572659,0
molecola_11097,12,0,12,0.0002572633675299585,0
molecola_11097,13,0,13,0.0010563506511971354,0
molecola_11097,14,0,14,0.9794749021530151,1
molecola_11097,15,0,15,0.8966127038002014,1
molecola_1129,1,0,1,0.0007381333853118122,0
molecola_1129,2,0,2,0.07995863258838654,0
molecola_1129,3,0,3,0.027047352865338326,0
molecola_1129,4,0,4,0.016251131892204285,0
molecola_1129,5,0,5,0.12433920055627823,0
molecola_1129,6,0,6,0.027012348175048828,0
molecola_1129,7,0,7,0.002932753413915634,0
molecola_1129,8,0,8,0.0022494508884847164,0
molecola_1129,9,0,9,0.0037033783737570047,0
molecola_1129,10,0,10,0.001253739115782082,0
molecola_1129,11,0,11,0.00042045392910949886,0
molecola_1129,12,0,12,0.0007880890625528991,0
molecola_1129,13,0,13,0.0010001960908994079,0
molecola_1129,14,0,14,0.002310483017936349,0
molecola_1129,15,0,15,0.012115883640944958,0
molecola_1129,16,0,16,0.04348545894026756,0
molecola_1129,17,1,17,0.9666658043861389,1
molecola_1129,18,1,18,0.9597371220588684,1
molecola_1129,19,1,19,0.9691134095191956,1
molecola_1129,20,1,20,0.9608654379844666,1
molecola_1129,21,0,21,0.057821180671453476,0
molecola_11710,1,1,1,0.9997267127037048,1
molecola_11710,2,1,2,0.9997925162315369,1
molecola_11710,3,0,3,0.0011813578894361854,0
molecola_11710,4,0,4,0.0008132996154017746,0
molecola_11710,5,0,5,0.001130203832872212,0
molecola_11710,6,0,6,0.002184083452448249,0
molecola_11710,7,0,7,0.0014333839062601328,0
molecola_11710,8,0,8,0.0018687217961996794,0
molecola_11710,9,0,9,0.002519021974876523,0
molecola_11710,10,0,10,0.0019210432656109333,0
molecola_11710,11,0,11,0.0007245643646456301,0
molecola_11710,12,0,12,0.0009866176405921578,0
molecola_11710,13,0,13,0.002438711002469063,0
molecola_11710,14,0,14,0.0015280363149940968,0
molecola_11710,15,0,15,0.0008715770090930164,0
molecola_11710,16,0,16,0.0005441919784061611,0
molecola_11710,17,0,17,0.0004329124349169433,0
molecola_11710,18,0,18,0.0005441919784061611,0
molecola_11710,19,0,19,0.0008715770090930164,0
molecola_11710,20,0,20,0.002200457500293851,0
molecola_11710,21,0,21,0.0015384349972009659,0
molecola_12088,1,0,1,8.930410695029423e-05,0
molecola_12088,2,0,2,8.487301238346845e-05,0
molecola_12088,3,0,3,9.754149505170062e-05,0
molecola_12088,4,0,4,0.00012015594984404743,0
molecola_12088,5,0,5,0.00031473429407924414,0
molecola_12088,6,0,6,0.00011937105591641739,0
molecola_12088,7,0,7,0.00011010825983248651,0
molecola_12088,8,0,8,0.00010602369002299383,0
molecola_12088,9,0,9,0.0001292966480832547,0
molecola_12088,10,0,10,0.0028237751685082912,0
molecola_12088,11,0,11,0.0014416881604120135,0
molecola_12088,12,0,12,0.022120632231235504,0
molecola_12088,13,0,13,0.16041889786720276,0
molecola_12088,14,0,14,0.29375848174095154,0
molecola_12088,15,0,15,0.49329686164855957,0
molecola_12088,16,1,16,0.301744669675827,0
molecola_12088,17,1,17,0.3050785958766937,0
molecola_12088,18,0,18,0.22058139741420746,0
molecola_12088,19,0,19,0.04738947004079819,0
molecola_12088,20,0,20,0.0061847432516515255,0
molecola_12088,21,0,21,0.00302203674800694,0
molecola_12088,22,0,22,0.017632119357585907,0
molecola_12088,23,0,23,0.053574319928884506,0
molecola_12088,24,0,24,0.13350430130958557,0
molecola_12088,25,0,25,0.011529975570738316,0
molecola_12088,26,0,26,0.08815626800060272,0
molecola_12088,27,0,27,0.03319055587053299,0
molecola_12088,28,0,28,0.03319055587053299,0
molecola_12246,1,0,1,0.00021191182895563543,0
molecola_12246,2,0,2,0.00026714816340245306,0
molecola_12246,3,0,3,0.002536539454013109,0
molecola_12246,4,0,4,0.011084964498877525,0
molecola_12246,5,0,5,0.0035351200494915247,0
molecola_12246,6,0,6,0.0017094331560656428,0
molecola_12246,7,0,7,0.0005834358744323254,0
molecola_12246,8,0,8,0.0012508525978773832,0
molecola_12246,9,0,9,0.04702902212738991,0
molecola_12246,10,0,10,0.004208895843476057,0
molecola_12246,11,1,11,0.980886697769165,1
molecola_12246,12,1,12,0.9804480671882629,1
molecola_12246,13,0,13,0.33939215540885925,0
molecola_12246,14,0,14,0.00496944785118103,0
molecola_12246,15,0,15,0.002724740421399474,0
molecola_12246,16,0,16,0.00509457103908062,0
molecola_12246,17,0,17,0.004407762549817562,0
molecola_12246,18,0,18,0.002724740421399474,0
molecola_12246,19,0,19,0.00496944785118103,0
molecola_12246,20,0,20,0.00027701782528311014,0
molecola_12246,21,0,21,0.00023586761381011456,0
molecola_12246,22,0,22,0.05580791458487511,0
molecola_12246,23,0,23,0.032947760075330734,0
molecola_12246,24,0,24,0.032947760075330734,0
molecola_12659,1,0,1,0.00017617644334677607,0
molecola_12659,2,0,2,0.00039334266330115497,0
molecola_12659,3,0,3,0.001909285201691091,0
molecola_12659,4,0,4,0.9624454379081726,1
molecola_12659,5,0,5,0.9786853790283203,1
molecola_12659,6,0,6,0.973463773727417,1
molecola_12659,7,0,7,0.9524215459823608,1
molecola_12659,8,0,8,0.003046461846679449,0
molecola_12659,9,0,9,0.0026887180283665657,0
molecola_12659,10,0,10,0.00022850777895655483,0
molecola_12659,11,0,11,0.0001927340344991535,0
molecola_12659,12,0,12,0.00014963380817789584,0
molecola_12659,13,0,13,0.00016096474428195506,0
molecola_12659,14,0,14,0.001524373423308134,0
molecola_12659,15,0,15,0.0001122927715186961,0
molecola_12659,16,0,16,0.0001057986737578176,0
molecola_12659,17,0,17,0.00013464604853652418,0
molecola_12659,18,0,18,0.00011058386007789522,0
molecola_12659,19,0,19,0.0001375865249428898,0
molecola_12659,20,0,20,0.00012236731708981097,0
molecola_12659,21,0,21,0.00011013104813173413,0
molecola_12659,22,0,22,0.00012805507867597044,0
molecola_12659,23,0,23,0.0017469306476414204,0
molecola_12659,24,0,24,0.0001495748874731362,0
molecola_12659,25,0,25,0.9581223130226135,1
molecola_12659,26,0,26,0.9685165882110596,1
molecola_12659,27,0,27,0.9681662917137146,1
molecola_12659,28,0,28,0.9598994255065918,1
molecola_12659,29,0,29,0.0018828740576282144,0
molecola_12659,30,0,30,0.0001416307786712423,0
molecola_12659,31,1,31,0.9982931017875671,1
molecola_12659,32,1,32,0.9974368214607239,1
molecola_12751,1,0,1,0.00025614706100896,0
molecola_12751,2,0,2,0.0004357796860858798,0
molecola_12751,3,0,3,0.00474904989823699,0
molecola_12751,4,0,4,0.007341425865888596,0
molecola_12751,5,0,5,0.008386466652154922,0
molecola_12751,6,0,6,0.013513441197574139,0
molecola_12751,7,0,7,0.037110842764377594,0
molecola_12751,8,1,8,0.9336381554603577,1
molecola_12751,9,1,9,0.9103909730911255,1
molecola_12751,10,0,10,0.03011232614517212,0
molecola_12751,11,0,11,0.015886757522821426,0
molecola_12751,12,0,12,0.011405551806092262,0
molecola_12751,13,0,13,0.06083965674042702,0
molecola_12751,14,0,14,0.028363404795527458,0
molecola_12751,15,0,15,0.028363404795527458,0
molecola_12751,16,0,16,0.00915418192744255,0
molecola_12751,17,0,17,0.01507373247295618,0
molecola_12751,18,0,18,0.004889491945505142,0
molecola_12751,19,0,19,0.00046929469681344926,0
molecola_12751,20,0,20,0.00025991667644120753,0
molecola_12751,21,0,21,0.013323379680514336,0
molecola_12751,22,0,22,0.8439012765884399,1
molecola_12751,23,0,23,0.8484968543052673,1
molecola_12751,24,0,24,0.042597971856594086,0
molecola_12751,25,0,25,0.01427559182047844,0
molecola_12751,26,0,26,0.019542628899216652,0
molecola_12769,1,0,1,0.004185390658676624,0
molecola_12769,2,0,2,0.010205681435763836,0
molecola_12769,3,0,3,0.006834656931459904,0
molecola_12769,4,0,4,0.0015964357880875468,0
molecola_12769,5,0,5,0.0011315391166135669,0
molecola_12769,6,1,6,0.9985711574554443,1
molecola_12769,7,1,7,0.9978671073913574,1
molecola_12823,1,0,1,0.00012747588334605098,0
molecola_12823,2,0,2,0.00014572133659385145,0
molecola_12823,3,0,3,0.00013066609972156584,0
molecola_12823,4,0,4,0.000114170165034011,0
molecola_12823,5,0,5,0.00017699490126688033,0
molecola_12823,6,0,6,0.00012940223678015172,0
molecola_12823,7,0,7,0.00025380164152011275,0
molecola_12823,8,0,8,0.0033179542515426874,0
molecola_12823,9,1,9,0.98691725730896,1
molecola_12823,10,1,10,0.9829786419868469,1
molecola_12823,11,0,11,0.05678698420524597,0
molecola_12823,12,0,12,0.009386668913066387,0
molecola_12823,13,0,13,0.0011312131537124515,0
molecola_12823,14,0,14,0.0007662840071134269,0
molecola_12823,15,0,15,0.00017655614647082984,0
molecola_12823,16,0,16,0.02827450819313526,0
molecola_12823,17,0,17,0.000297729013254866,0
molecola_12823,18,0,18,0.0009520575404167175,0
molecola_12823,19,0,19,0.00934989470988512,0
molecola_12823,20,0,20,0.03567587584257126,0
molecola_12823,21,0,21,0.00019044129294343293,0
molecola_12823,22,0,22,0.00021283903333824128,0
molecola_12823,23,0,23,0.00020360179769340903,0
molecola_12823,24,0,24,0.0001574202033225447,0
molecola_12823,25,0,25,0.000159338116645813,0
molecola_12823,26,0,26,0.00014026301505509764,0
molecola_12946,1,0,1,0.00015695062757004052,0
molecola_12946,2,0,2,0.00031038880115374923,0
molecola_12946,3,0,3,0.000466214376501739,0
molecola_12946,4,0,4,0.0012636863393709064,0
molecola_12946,5,0,5,0.0007867815438657999,0
molecola_12946,6,0,6,0.0013370998203754425,0
molecola_12946,7,0,7,0.0029576763045042753,0
molecola_12946,8,0,8,0.0010060358326882124,0
molecola_12946,9,0,9,0.001737107872031629,0
molecola_12946,10,0,10,0.00408957852050662,0
molecola_12946,11,0,11,0.0027061004657298326,0
molecola_12946,12,0,12,0.0012444123858585954,0
molecola_12946,13,0,13,0.0005830578156746924,0
molecola_12946,14,0,14,0.0005338452174328268,0
molecola_12946,15,0,15,0.0014397886116057634,0
molecola_12946,16,1,16,0.9760724902153015,1
molecola_12946,17,1,17,0.9834111332893372,1
molecola_12946,18,1,18,0.9802213907241821,1
molecola_12946,19,1,19,0.9748781323432922,1
molecola_12946,20,0,20,0.0005830578156746924,0
molecola_12946,21,0,21,0.0012444123858585954,0
molecola_12946,22,0,22,0.005527859088033438,0
molecola_12946,23,0,23,0.0014301635092124343,0
molecola_12946,24,0,24,0.0009203302906826138,0
molecola_12946,25,0,25,0.0006609855918213725,0
molecola_12946,26,0,26,0.0007679503760300577,0
molecola_12946,27,0,27,0.00086651009041816,0
molecola_12946,28,0,28,0.0018571713007986546,0
molecola_12946,29,0,29,0.0007785380585119128,0
molecola_12946,30,0,30,0.0011511648772284389,0
molecola_1335,1,0,1,0.0029443379025906324,0
molecola_1335,2,0,2,0.04312525689601898,0
molecola_1335,3,0,3,0.004220727365463972,0
molecola_1335,4,1,4,0.9406401515007019,1
molecola_1335,5,0,5,0.004600217565894127,0
molecola_1335,6,0,6,0.0027017181273549795,0
molecola_1335,7,0,7,0.012974740006029606,0
molecola_1335,8,0,8,0.04431736841797829,0
molecola_1335,9,0,9,0.019538763910531998,0
molecola_1335,10,0,10,0.060979824513196945,0
molecola_1335,11,0,11,0.029927311465144157,0
molecola_1335,12,0,12,0.047447945922613144,0
molecola_1335,13,0,13,0.0028412947431206703,0
molecola_1335,14,0,14,0.9074720144271851,1
molecola_1335,15,0,15,0.25699368119239807,0
molecola_1335,16,0,16,0.9025793671607971,1
molecola_1335,17,1,17,0.9726909399032593,1
molecola_1335,18,1,18,0.9662096500396729,1
molecola_1335,19,1,19,0.9552403092384338,1
molecola_13370,1,1,1,0.9826045632362366,1
molecola_13370,2,1,2,0.9875518679618835,1
molecola_13370,3,0,3,0.007309103384613991,0
molecola_13370,4,0,4,0.0006604405352845788,0
molecola_13370,5,0,5,0.0003693411417771131,0
molecola_13370,6,0,6,0.0002786431577987969,0
molecola_13370,7,0,7,0.00025522508076392114,0
molecola_13370,8,0,8,0.00040565364179201424,0
molecola_13370,9,0,9,0.012823326513171196,0
molecola_13370,10,0,10,0.0027660196647047997,0
molecola_13370,11,0,11,0.0013418709859251976,0
molecola_13370,12,0,12,0.0019096995238214731,0
molecola_13370,13,0,13,0.0007847239612601697,0
molecola_13370,14,0,14,0.0006178109906613827,0
molecola_13370,15,0,15,0.0006289752200245857,0
molecola_13370,16,0,16,0.0009122333722189069,0
molecola_13370,17,0,17,0.003196297213435173,0
molecola_13370,18,0,18,0.004023551940917969,0
molecola_13475,1,0,1,0.00010225197183899581,0
molecola_13475,2,0,2,0.0001143207264249213,0
molecola_13475,3,0,3,0.00013971718726679683,0
molecola_13475,4,0,4,0.0010725033935159445,0
molecola_13475,5,0,5,0.018560439348220825,0
molecola_13475,6,0,6,0.005698721390217543,0
molecola_13475,7,0,7,0.008416295982897282,0
molecola_13475,8,0,8,0.0030214504804462194,0
molecola_13475,9,0,9,0.0007083194213919342,0
molecola_13475,10,0,10,0.0007543309475295246,0
molecola_13475,11,0,11,0.0015331980539485812,0
molecola_13475,12,0,12,0.011915752664208412,0
molecola_13475,13,0,13,0.022330032661557198,0
molecola_13475,14,0,14,0.955676794052124,1
molecola_13475,15,0,15,0.9451456665992737,1
molecola_13475,16,0,16,0.010492184199392796,0
molecola_13475,17,0,17,0.003681844798848033,0
molecola_13475,18,0,18,0.0015110379317775369,0
molecola_13475,19,0,19,0.0007071956642903388,0
molecola_13475,20,0,20,0.0008126019965857267,0
molecola_13475,21,0,21,0.00034503801725804806,0
molecola_13475,22,0,22,0.0005338424234651029,0
molecola_13475,23,1,23,0.9985242486000061,1
molecola_13475,24,1,24,0.9979131817817688,1
molecola_13475,25,0,25,0.0015110379317775369,0
molecola_13475,26,0,26,0.0007071956642903388,0
molecola_13475,27,0,27,0.003681844798848033,0
molecola_13690,1,0,1,0.00023579159460496157,0
molecola_13690,2,0,2,0.00032689262297935784,0
molecola_13690,3,0,3,0.0006582455825991929,0
molecola_13690,4,0,4,0.0008606340852566063,0
molecola_13690,5,0,5,0.0012901254231110215,0
molecola_13690,6,0,6,0.00016021321061998606,0
molecola_13690,7,0,7,0.00010508739796932787,0
molecola_13690,8,0,8,0.00011371068831067532,0
molecola_13690,9,0,9,0.0011164459865540266,0
molecola_13690,10,1,10,0.9755128622055054,1
molecola_13690,11,0,11,0.0020118781831115484,0
molecola_13690,12,0,12,0.0002280095941387117,0
molecola_13690,13,0,13,0.0001987492578336969,0
molecola_13690,14,0,14,0.0001987492578336969,0
molecola_13690,15,1,15,0.9843549728393555,1
molecola_13690,16,1,16,0.9812777638435364,1
molecola_13690,17,1,17,0.9770187735557556,1
molecola_13690,18,0,18,0.0017749039689078927,0
molecola_13690,19,0,19,0.0013594747288152575,0
molecola_13690,20,0,20,0.0008956599631346762,0
molecola_13690,21,0,21,0.0006679163780063391,0
molecola_13690,22,0,22,0.0003273136098869145,0
molecola_13690,23,0,23,0.00023577945830766112,0
molecola_13764,1,0,1,0.00017879015649668872,0
molecola_13764,2,0,2,0.0003380970738362521,0
molecola_13764,3,0,3,0.0020601488649845123,0
molecola_13764,4,0,4,0.0010066743707284331,0
molecola_13764,5,0,5,0.0011026415741071105,0
molecola_13764,6,0,6,0.0011471266625449061,0
molecola_13764,7,0,7,0.0032247549388557673,0
molecola_13764,8,0,8,0.005730175878852606,0
molecola_13764,9,0,9,0.006764280144125223,0
molecola_13764,10,0,10,0.000323950924212113,0
molecola_13764,11,0,11,0.0002259381435578689,0
molecola_13764,12,0,12,0.00011970046034548432,0
molecola_13764,13,0,13,8.60910804476589e-05,0
molecola_13764,14,0,14,9.151904669124633e-05,0
molecola_13764,15,0,15,9.675500041339546e-05,0
molecola_13764,16,0,16,0.00011083870776928961,0
molecola_13764,17,0,17,0.00011494016507640481,0
molecola_13764,18,0,18,0.0001018532711896114,0
molecola_13764,19,0,19,0.0001220543053932488,0
molecola_13764,20,0,20,0.00012206862447783351,0
molecola_13764,21,0,21,0.0004195634974166751,0
molecola_13764,22,1,22,0.9983245730400085,1
molecola_13764,23,1,23,0.9975423812866211,1
molecola_13862,1,0,1,8.711493865121156e-05,0
molecola_13862,2,0,2,9.840755956247449e-05,0
molecola_13862,3,0,3,0.00010367205686634406,0
molecola_13862,4,0,4,0.00011071786866523325,0
molecola_13862,5,0,5,0.00018734385957941413,0
molecola_13862,6,0,6,0.0005708829266950488,0
molecola_13862,7,0,7,0.0006840781425125897,0
molecola_13862,8,0,8,0.0007263964507728815,0
molecola_13862,9,0,9,0.0012979741441085935,0
molecola_13862,10,0,10,0.0013954963069409132,0
molecola_13862,11,0,11,0.001458544284105301,0
molecola_13862,12,0,12,0.0016980867367237806,0
molecola_13862,13,0,13,0.0009219386265613139,0
molecola_13862,14,0,14,0.0035426733084023,0
molecola_13862,15,1,15,0.9861462712287903,1
molecola_13862,16,1,16,0.9920177459716797,1
molecola_13862,17,1,17,0.9886072278022766,1
molecola_13862,18,1,18,0.9861462712287903,1
molecola_13862,19,0,19,0.0035426733084023,0
molecola_13862,20,0,20,0.0007263964507728815,0
molecola_13862,21,0,21,0.0006840781425125897,0
molecola_13862,22,0,22,9.092725667869672e-05,0
molecola_13862,23,0,23,7.767872011754662e-05,0
molecola_13862,24,0,24,7.814731361577287e-05,0
molecola_13880,1,0,1,0.00036544122849591076,0
molecola_13880,2,0,2,0.006100450176745653,0
molecola_13880,3,0,3,0.00036544122849591076,0
molecola_13880,4,0,4,0.025144588202238083,0
molecola_13880,5,0,5,0.02399669773876667,0
molecola_13880,6,0,6,0.05338737741112709,0
molecola_13880,7,1,7,0.9938201308250427,1
molecola_13880,8,1,8,0.9894182085990906,1
molecola_13880,9,0,9,0.023656072095036507,0
molecola_13880,10,0,10,0.0363834872841835,0
molecola_13980,1,0,1,9.719646914163604e-05,0
molecola_13980,2,0,2,0.00011583768355194479,0
molecola_13980,3,0,3,0.0001241210411535576,0
molecola_13980,4,0,4,0.00011583768355194479,0
molecola_13980,5,0,5,9.719646914163604e-05,0
molecola_13980,6,0,6,0.00013341581507120281,0
molecola_13980,7,0,7,0.0006968383677303791,0
molecola_13980,8,0,8,0.0011323661310598254,0
molecola_13980,9,0,9,0.0007913972367532551,0
molecola_13980,10,0,10,0.0008610897930338979,0
molecola_13980,11,0,11,0.010690680705010891,0
molecola_13980,12,0,12,0.024515172466635704,0
molecola_13980,13,0,13,0.5189683437347412,1
molecola_13980,14,1,14,0.9758870601654053,1
molecola_13980,15,1,15,0.9773057103157043,1
molecola_13980,16,0,16,0.015321152284741402,0
molecola_13980,17,0,17,0.0038027632981538773,0
molecola_13980,18,0,18,0.0016299651470035315,0
molecola_13980,19,0,19,0.003180223051458597,0
molecola_13980,20,0,20,0.0013131877640262246,0
molecola_13980,21,0,21,0.0014996135141700506,0
molecola_13980,22,0,22,0.002782459370791912,0
molecola_13980,23,0,23,0.0008517656242474914,0
molecola_13980,24,0,24,0.006152569316327572,0
molecola_13980,25,0,25,0.06617236882448196,0
molecola_13980,26,0,26,0.02564019337296486,0
molecola_13980,27,0,27,0.001211837399750948,0
molecola_13980,28,0,28,0.005464011803269386,0
molecola_13980,29,0,29,0.003037789138033986,0
molecola_13980,30,0,30,0.0033286388497799635,0
molecola_14081,1,0,1,0.0002331923315068707,0
molecola_14081,2,0,2,0.00031551270512863994,0
molecola_14081,3,0,3,0.0005902298144064844,0
molecola_14081,4,0,4,0.0007951887091621757,0
molecola_14081,5,0,5,0.0015985355712473392,0
molecola_14081,6,0,6,0.017627453431487083,0
molecola_14081,7,0,7,0.0011474338825792074,0
molecola_14081,8,0,8,0.0007006179657764733,0
molecola_14081,9,0,9,0.0003290287568233907,0
molecola_14081,10,0,10,0.00023578619584441185,0
molecola_14081,11,1,11,0.9416763186454773,1
molecola_14081,12,1,12,0.9298996329307556,1
molecola_14081,13,0,13,0.7585084438323975,1
molecola_14081,14,0,14,0.7347220182418823,1
molecola_14081,15,0,15,0.1114160418510437,0
molecola_14081,16,0,16,0.006762111559510231,0
molecola_14081,17,0,17,0.0009841227438300848,0
molecola_14081,18,0,18,0.00033779258956201375,0
molecola_14081,19,0,19,0.00023586579482071102,0
molecola_14081,20,0,20,0.0008337505278177559,0
molecola_14081,21,0,21,0.00033728641574271023,0
molecola_14081,22,0,22,0.00023653803509660065,0
molecola_14081,23,0,23,0.00426463084295392,0
molecola_14081,24,0,24,0.0669911801815033,0
molecola_14081,25,0,25,0.010678654536604881,0
molecola_14126,1,0,1,0.00020726559159811586,0
molecola_14126,2,0,2,0.00021542234753724188,0
molecola_14126,3,0,3,0.00020726559159811586,0
molecola_14126,4,0,4,0.00022917956812307239,0
molecola_14126,5,0,5,0.0003503029583953321,0
molecola_14126,6,0,6,0.00022578395146410912,0
molecola_14126,7,0,7,0.0006049610092304647,0
molecola_14126,8,0,8,0.0005453405319713056,0
molecola_14126,9,0,9,0.0006114594871178269,0
molecola_14126,10,0,10,0.0006299125379882753,0
molecola_14126,11,0,11,0.0010051639983430505,0
molecola_14126,12,0,12,0.0030429777689278126,0
molecola_14126,13,1,13,0.9919925928115845,1
molecola_14126,14,1,14,0.9861672520637512,1
molecola_1414,1,1,1,0.997873067855835,1
molecola_1414,2,1,2,0.9985769987106323,1
molecola_1414,3,0,3,0.0003232333401683718,0
molecola_1414,4,0,4,0.00012711877934634686,0
molecola_1414,5,0,5,9.6645082521718e-05,0
molecola_1414,6,0,6,9.552616393193603e-05,0
molecola_1414,7,0,7,9.623676305636764e-05,0
molecola_1414,8,0,8,0.00015268329298123717,0
molecola_1414,9,0,9,0.00011090531916124746,0
molecola_1414,10,0,10,0.00010096719779539853,0
molecola_1414,11,0,11,9.664655954111367e-05,0
molecola_1414,12,0,12,0.00010096719779539853,0
molecola_1414,13,0,13,0.00011090531916124746,0
molecola_1414,14,0,14,0.00048578844871371984,0
molecola_1414,15,0,15,0.000502631242852658,0
molecola_1414,16,0,16,0.0004851697012782097,0
molecola_1414,17,0,17,0.0004229785699862987,0
molecola_1414,18,0,18,0.0004851697012782097,0
molecola_1414,19,0,19,0.000502631242852658,0
molecola_14269,1,0,1,0.00482190353795886,0
molecola_14269,2,0,2,0.010163678787648678,0
molecola_14269,3,0,3,0.00482190353795886,0
molecola_14269,4,0,4,0.0020287546794861555,0
molecola_14269,5,0,5,0.0001367669174214825,0
molecola_14269,6,0,6,0.00012200950004626065,0
molecola_14269,7,0,7,0.0020410059951245785,0
molecola_14269,8,1,8,0.9755442142486572,1
molecola_14269,9,1,9,0.9850214123725891,1
molecola_14269,10,1,10,0.9809735417366028,1
molecola_14269,11,1,11,0.9755442142486572,1
molecola_14269,12,0,12,0.0020410059951245785,0
molecola_14269,13,0,13,0.00012200961646158248,0
molecola_14269,14,0,14,0.0001367669174214825,0
molecola_14269,15,0,15,0.0020287546794861555,0
molecola_14269,16,0,16,0.010163678787648678,0
molecola_14269,17,0,17,0.004821905866265297,0
molecola_14269,18,0,18,0.004821905866265297,0
molecola_14269,19,0,19,0.04778866097331047,0
molecola_14269,20,0,20,0.022961905226111412,0
molecola_14269,21,0,21,0.022961905226111412,0
molecola_14269,22,0,22,0.04778866842389107,0
molecola_14269,23,0,23,0.022961905226111412,0
molecola_14269,24,0,24,0.022961905226111412,0
molecola_14283,1,0,1,0.0030667069368064404,0
molecola_14283,2,0,2,0.006803670432418585,0
molecola_14283,3,0,3,0.016751818358898163,0
molecola_14283,4,0,4,0.009013364091515541,0
molecola_14283,5,0,5,0.009013364091515541,0
molecola_14283,6,0,6,0.004594976082444191,0
molecola_14283,7,0,7,0.0014126437017694116,0
molecola_14283,8,0,8,0.0024107815697789192,0
molecola_14283,9,0,9,0.005443502217531204,0
molecola_14283,10,0,10,0.0024107815697789192,0
molecola_14283,11,0,11,0.0014126437017694116,0
molecola_14283,12,1,12,0.9822127819061279,1
molecola_14283,13,1,13,0.9735971093177795,1
molecola_14283,14,0,14,0.00696355476975441,0
molecola_14283,15,0,15,0.0019682738929986954,0
molecola_14283,16,0,16,0.0011441033566370606,0
molecola_14283,17,0,17,0.0021389296744018793,0
molecola_14283,18,0,18,0.00525166979059577,0
molecola_14736,1,0,1,0.000268928095465526,0
molecola_14736,2,0,2,0.0007707183249294758,0
molecola_14736,3,0,3,0.000268928095465526,0
molecola_14736,4,0,4,0.001542445970699191,0
molecola_14736,5,0,5,0.004073585383594036,0
molecola_14736,6,0,6,0.004096937831491232,0
molecola_14736,7,0,7,0.01059492863714695,0
molecola_14736,8,0,8,0.017503833398222923,0
molecola_14736,9,0,9,0.002840236993506551,0
molecola_14736,10,0,10,0.02462269552052021,0
molecola_14736,11,0,11,0.019921328872442245,0
molecola_14736,12,0,12,0.002963836072012782,0
molecola_14736,13,0,13,0.00023222406161949039,0
molecola_14736,14,0,14,0.01719505712389946,0
molecola_14736,15,0,15,0.03628132864832878,0
molecola_14736,16,0,16,0.020492155104875565,0
molecola_14736,17,0,17,0.020492155104875565,0
molecola_14736,18,0,18,0.013871512375772,0
molecola_14736,19,0,19,0.005027614533901215,0
molecola_14736,20,0,20,0.0011899775126948953,0
molecola_14736,21,0,21,0.0007817857549525797,0
molecola_14736,22,0,22,0.0005672689294442534,0
molecola_14736,23,0,23,0.0011357751209288836,0
molecola_14736,24,0,24,0.0012409532209858298,0
molecola_14736,25,1,25,0.9997469782829285,1
molecola_14736,26,1,26,0.9997250437736511,1
molecola_14870,1,0,1,0.00012445988249965012,0
molecola_14870,2,0,2,0.0001475164172006771,0
molecola_14870,3,0,3,0.0001684651942923665,0
molecola_14870,4,0,4,0.00030043727019801736,0
molecola_14870,5,0,5,0.0009047932690009475,0
molecola_14870,6,0,6,0.000789726385846734,0
molecola_14870,7,0,7,0.00041578715899959207,0
molecola_14870,8,0,8,0.0002953415096271783,0
molecola_14870,9,0,9,0.00015340126992668957,0
molecola_14870,10,0,10,0.0002953415096271783,0
molecola_14870,11,0,11,0.00015340126992668957,0
molecola_14870,12,0,12,0.00015055261610541493,0
molecola_14870,13,0,13,0.00010848864621948451,0
molecola_14870,14,0,14,0.00010759377619251609,0
molecola_14870,15,0,15,0.0001425121445208788,0
molecola_14870,16,0,16,0.00015352154150605202,0
molecola_14870,17,0,17,0.00018789933528751135,0
molecola_14870,18,0,18,0.0001806888758437708,0
molecola_14870,19,0,19,0.00014772743452340364,0
molecola_14870,20,0,20,0.0018111176323145628,0
molecola_14870,21,1,21,0.9847032427787781,1
molecola_14870,22,1,22,0.9909530878067017,1
molecola_14870,23,1,23,0.98757404088974,1
molecola_14870,24,1,24,0.9850764870643616,1
molecola_14870,25,0,25,0.0014691224787384272,0
molecola_14870,26,0,26,0.00015104093472473323,0
molecola_14870,27,0,27,0.00012470009096432477,0
molecola_14870,28,0,28,0.00014426578127313405,0
molecola_14870,29,0,29,0.00014727748930454254,0
molecola_14870,30,0,30,0.0002105643943650648,0
molecola_14870,31,0,31,0.00020644214237108827,0
molecola_14870,32,0,32,0.00017997788381762803,0
molecola_14870,33,0,33,0.000147216982441023,0
molecola_1515,1,0,1,0.00023719569435343146,0
molecola_1515,2,0,2,0.00033886279561556876,0
molecola_1515,3,0,3,0.0007708821212872863,0
molecola_1515,4,0,4,0.0015809671021997929,0
molecola_1515,5,0,5,0.008695874363183975,0
molecola_1515,6,0,6,0.0015809671021997929,0
molecola_1515,7,0,7,0.0007708821212872863,0
molecola_1515,8,0,8,0.00033886279561556876,0
molecola_1515,9,0,9,0.00023719569435343146,0
molecola_1515,10,0,10,0.0006443223683163524,0
molecola_1515,11,0,11,0.0003813584626186639,0
molecola_1515,12,0,12,0.00025428293156437576,0
molecola_1515,13,1,13,0.9839808344841003,1
molecola_1515,14,1,14,0.9766501188278198,1
molecola_1515,15,0,15,0.016258345916867256,0
molecola_1515,16,0,16,0.003143999958410859,0
molecola_1515,17,0,17,0.0010449840920045972,0
molecola_1515,18,0,18,0.013269304297864437,0
molecola_1515,19,0,19,0.023663150146603584,0
molecola_1515,20,0,20,0.021742329001426697,0
molecola_1515,21,0,21,0.02455122582614422,0
molecola_1515,22,0,22,0.0016516840551048517,0
molecola_1515,23,0,23,0.0013493667356669903,0
molecola_1515,24,0,24,0.0036165870260447264,0
molecola_1515,25,0,25,0.0004852580314036459,0
molecola_1515,26,0,26,0.010477017611265182,0
molecola_1515,27,0,27,0.00983535684645176,0
molecola_1515,28,0,28,0.007841741666197777,0
molecola_15305,1,0,1,0.0024212836287915707,0
molecola_15305,2,0,2,0.02157302387058735,0
molecola_15305,3,0,3,0.0031969703268259764,0
molecola_15305,4,0,4,0.009723120369017124,0
molecola_15305,5,0,5,0.0011924027930945158,0
molecola_15305,6,0,6,0.0011074724607169628,0
molecola_15305,7,0,7,0.000994228757917881,0
molecola_15305,8,0,8,0.006148768123239279,0
molecola_15305,9,0,9,0.026667211204767227,0
molecola_15305,10,0,10,0.014096678234636784,0
molecola_15305,11,0,11,0.014096678234636784,0
molecola_15305,12,0,12,0.0021099206060171127,0
molecola_15305,13,0,13,0.0012555065331980586,0
molecola_15305,14,0,14,0.010795749723911285,0
molecola_15305,15,0,15,0.002822553738951683,0
molecola_15305,16,0,16,0.0424836166203022,0
molecola_15305,17,1,17,0.890143871307373,1
molecola_15305,18,1,18,0.8989786505699158,1
molecola_15305,19,0,19,0.004972738213837147,0
molecola_15305,20,0,20,0.000705542741343379,0
molecola_15305,21,0,21,0.0004982007667422295,0
molecola_15305,22,0,22,0.0004240908892825246,0
molecola_15305,23,0,23,0.0004982007667422295,0
molecola_15305,24,0,24,0.000705542741343379,0
molecola_15891,1,0,1,8.966992754722014e-05,0
molecola_15891,2,0,2,0.00013110441796015948,0
molecola_15891,3,0,3,0.00027987323119305074,0
molecola_15891,4,0,4,0.000533299520611763,0
molecola_15891,5,0,5,0.00046847478370182216,0
molecola_15891,6,0,6,0.0005825467524118721,0
molecola_15891,7,0,7,0.0005707211093977094,0
molecola_15891,8,0,8,0.0005266163498163223,0
molecola_15891,9,0,9,0.00048468296881765127,0
molecola_15891,10,0,10,0.000295677047688514,0
molecola_15891,11,0,11,0.0004990229499526322,0
molecola_15891,12,1,12,0.9985244870185852,1
molecola_15891,13,1,13,0.9979131817817688,1
molecola_15944,1,0,1,0.0007127176504582167,0
molecola_15944,2,0,2,0.0012111299438402057,0
molecola_15944,3,0,3,0.01524945255368948,0
molecola_15944,4,0,4,0.0028302473947405815,0
molecola_15944,5,0,5,0.8396654725074768,1
molecola_15944,6,0,6,0.6216496825218201,1
molecola_15944,7,0,7,0.0019947411492466927,0
molecola_15944,8,0,8,0.018002253025770187,0
molecola_15944,9,1,9,0.6197142601013184,1
molecola_15944,10,1,10,0.8370667099952698,1
molecola_15944,11,0,11,0.04792701080441475,0
molecola_15944,12,0,12,0.003826217260211706,0
molecola_15944,13,0,13,0.003014465095475316,0
molecola_15944,14,0,14,0.02996210567653179,0
molecola_15944,15,0,15,0.002534888219088316,0
molecola_15944,16,0,16,0.001582467113621533,0
molecola_15944,17,0,17,0.0019365407060831785,0
molecola_15944,18,0,18,0.0009186319657601416,0
molecola_15944,19,0,19,0.9078507423400879,1
molecola_15944,20,0,20,0.2559607923030853,0
molecola_15944,21,0,21,0.9023556709289551,1
molecola_15944,22,0,22,0.014956342056393623,0
molecola_15944,23,0,23,0.002827306045219302,0
molecola_15944,24,0,24,0.0011416195193305612,0
molecola_15944,25,0,25,0.0005767035181634128,0
molecola_15944,26,0,26,0.00020567630417644978,0
molecola_15944,27,0,27,0.0001903728407341987,0
molecola_15944,28,0,28,0.0001903728407341987,0
molecola_15944,29,0,29,0.00020737668091896921,0
molecola_15944,30,0,30,0.00015178794274106622,0
molecola_15944,31,0,31,0.001993937185034156,0
molecola_16075,1,0,1,0.00023713710834272206,0
molecola_16075,2,0,2,0.00034203348332084715,0
molecola_16075,3,0,3,0.000886334222741425,0
molecola_16075,4,0,4,0.005792176350951195,0
molecola_16075,5,0,5,0.04186492785811424,0
molecola_16075,6,0,6,0.01876455917954445,0
molecola_16075,7,0,7,0.14244574308395386,0
molecola_16075,8,0,8,0.7480536103248596,1
molecola_16075,9,0,9,0.7385894060134888,1
molecola_16075,10,1,10,0.9309648871421814,1
molecola_16075,11,1,11,0.9404966831207275,1
molecola_16075,12,0,12,0.010909410193562508,0
molecola_16075,13,0,13,0.05492987856268883,0
molecola_16075,14,0,14,0.0020290850661695004,0
molecola_16075,15,0,15,0.0003858323907479644,0
molecola_16075,16,0,16,0.00025311074568890035,0
molecola_16075,17,0,17,0.01775437593460083,0
molecola_16075,18,0,18,0.001062470837496221,0
molecola_16075,19,0,19,0.0007024930091574788,0
molecola_16075,20,0,20,0.0007293709204532206,0
molecola_16075,21,0,21,0.0028407599311321974,0
molecola_16075,22,0,22,0.007029566448181868,0
molecola_16075,23,0,23,0.008074347861111164,0
molecola_16230,1,0,1,0.0001862182980403304,0
molecola_16230,2,0,2,0.00018942749011330307,0
molecola_16230,3,0,3,0.0001862182980403304,0
molecola_16230,4,0,4,0.0001297544949920848,0
molecola_16230,5,0,5,0.00010024929360952228,0
molecola_16230,6,0,6,0.00016073774895630777,0
molecola_16230,7,0,7,0.000567674869671464,0
molecola_16230,8,0,8,0.0008007033029571176,0
molecola_16230,9,0,9,0.0012263988610357046,0
molecola_16230,10,0,10,0.002276352373883128,0
molecola_16230,11,0,11,0.0012263988610357046,0
molecola_16230,12,0,12,0.0008007033029571176,0
molecola_16230,13,0,13,0.0020152598153799772,0
molecola_16230,14,0,14,0.001004938967525959,0
molecola_16230,15,0,15,0.0006874559330753982,0
molecola_16230,16,0,16,0.0006266069831326604,0
molecola_16230,17,0,17,0.0008895225473679602,0
molecola_16230,18,0,18,0.0011786551913246512,0
molecola_16230,19,0,19,0.00047765232739038765,0
molecola_16230,20,0,20,0.000440670526586473,0
molecola_16230,21,0,21,0.000440670526586473,0
molecola_16230,22,0,22,0.00012654888269025832,0
molecola_16230,23,0,23,9.875613613985479e-05,0
molecola_16230,24,0,24,0.0001246848696609959,0
molecola_16230,25,0,25,0.0003216299519408494,0
molecola_16230,26,1,26,0.9985771179199219,1
molecola_16230,27,1,27,0.997873067855835,1
molecola_16294,1,0,1,0.00022050731058698148,0
molecola_16294,2,0,2,0.000300420681014657,0
molecola_16294,3,0,3,0.0009673706954345107,0
molecola_16294,4,0,4,0.0008323629735969007,0
molecola_16294,5,0,5,0.006670791655778885,0
molecola_16294,6,0,6,0.014484562911093235,0
molecola_16294,7,0,7,0.01222977228462696,0
molecola_16294,8,0,8,0.0065054865553975105,0
molecola_16294,9,0,9,0.001723589957691729,0
molecola_16294,10,0,10,0.006005286239087582,0
molecola_16294,11,0,11,0.0025481125339865685,0
molecola_16294,12,0,12,0.0022164941765367985,0
molecola_16294,13,0,13,0.002223704243078828,0
molecola_16294,14,0,14,0.001265189261175692,0
molecola_16294,15,0,15,0.0006485249614343047,0
molecola_16294,16,0,16,0.00016120758664328605,0
molecola_16294,17,0,17,0.00012097715807612985,0
molecola_16294,18,0,18,0.0012875536922365427,0
molecola_16294,19,1,19,0.9983794689178467,1
molecola_16294,20,1,20,0.9978246688842773,1
molecola_16294,21,0,21,0.01010936126112938,0
molecola_16294,22,0,22,0.001173220225609839,0
molecola_16740,1,0,1,0.00011334359442116693,0
molecola_16740,2,0,2,0.00028498543542809784,0
molecola_16740,3,0,3,0.001131602213717997,0
molecola_16740,4,0,4,0.0016193041810765862,0
molecola_16740,5,0,5,0.001880835508927703,0
molecola_16740,6,0,6,0.0014358541229739785,0
molecola_16740,7,0,7,0.06395670026540756,0
molecola_16740,8,1,8,0.9416496753692627,1
molecola_16740,9,1,9,0.9332708716392517,1
molecola_16740,10,1,10,0.9006404280662537,1
molecola_16740,11,1,11,0.9118212461471558,1
molecola_16740,12,1,12,0.9425931572914124,1
molecola_16740,13,1,13,0.93923419713974,1
molecola_16740,14,1,14,0.9383918046951294,1
molecola_16740,15,1,15,0.9280577301979065,1
molecola_16740,16,0,16,0.25253966450691223,0
molecola_17093,1,0,1,0.0022243571002036333,0
molecola_17093,2,0,2,0.03406425192952156,0
molecola_17093,3,0,3,0.05973946303129196,0
molecola_17093,4,0,4,0.00787967350333929,0
molecola_17093,5,0,5,0.006013332866132259,0
molecola_17093,6,0,6,0.010022797621786594,0
molecola_17093,7,0,7,0.011734946630895138,0
molecola_17093,8,0,8,0.9621785879135132,1
molecola_17093,9,0,9,0.9536629319190979,1
molecola_17093,10,0,10,0.007173777557909489,0
molecola_17093,11,0,11,0.002888837829232216,0
molecola_17093,12,0,12,0.02139749377965927,0
molecola_17093,13,0,13,0.21221503615379333,0
molecola_17093,14,0,14,0.02139749377965927,0
molecola_17093,15,0,15,0.002888837829232216,0
molecola_17093,16,1,16,0.9847078323364258,1
molecola_17093,17,1,17,0.983521580696106,1
molecola_17093,18,0,18,0.05082540214061737,0
molecola_17199,1,0,1,0.007794282864779234,0
molecola_17199,2,1,2,0.9835875630378723,1
molecola_17199,3,1,3,0.9862651228904724,1
molecola_17199,4,0,4,0.0029951331671327353,0
molecola_17199,5,0,5,0.0002006426511798054,0
molecola_17199,6,0,6,0.00025159522192552686,0
molecola_17199,7,0,7,0.0001953745522769168,0
molecola_17199,8,0,8,0.00024226032837759703,0
molecola_17199,9,0,9,0.0002511099155526608,0
molecola_17199,10,0,10,0.01583259180188179,0
molecola_17199,11,0,11,0.9729492664337158,1
molecola_17199,12,0,12,0.971615195274353,1
molecola_17199,13,0,13,0.007716313470155001,0
molecola_17199,14,0,14,0.9502027034759521,1
molecola_17199,15,0,15,0.9339390397071838,1
molecola_17199,16,0,16,0.9720593690872192,1
molecola_17199,17,0,17,0.9719056487083435,1
molecola_17199,18,0,18,0.007730591110885143,0
molecola_17199,19,0,19,0.949959397315979,1
molecola_17199,20,0,20,0.9330958127975464,1
molecola_17199,21,0,21,0.007727574557065964,0
molecola_17199,22,0,22,0.05088857188820839,0
molecola_17199,23,0,23,0.016224456951022148,0
molecola_17199,24,0,24,0.016224456951022148,0
molecola_17244,1,1,1,0.9884804487228394,1
molecola_17244,2,1,2,0.9935784339904785,1
molecola_17244,3,0,3,0.004848450422286987,0
molecola_17244,4,0,4,0.0013348044594749808,0
molecola_17244,5,0,5,0.0011678460286930203,0
molecola_17244,6,0,6,0.0013466757955029607,0
molecola_17244,7,0,7,0.0011678460286930203,0
molecola_17244,8,0,8,0.0013348044594749808,0
molecola_17244,9,0,9,0.0009991651168093085,0
molecola_17244,10,0,10,0.0006386387976817787,0
molecola_17244,11,0,11,0.0005260807811282575,0
molecola_17244,12,0,12,0.00037028067163191736,0
molecola_17244,13,0,13,0.00040788992191664875,0
molecola_17244,14,0,14,0.00043972136336378753,0
molecola_17557,1,0,1,0.0016712569631636143,0
molecola_17557,2,0,2,0.0080310869961977,0
molecola_17557,3,0,3,0.0016712569631636143,0
molecola_17557,4,0,4,0.0016712569631636143,0
molecola_17557,5,1,5,0.9768019318580627,1
molecola_17557,6,1,6,0.9690111875534058,1
molecola_17557,7,0,7,0.011887909844517708,0
molecola_17557,8,0,8,0.0027447869069874287,0
molecola_17557,9,0,9,0.0023828560952097178,0
molecola_17557,10,0,10,0.004619651474058628,0
molecola_17557,11,0,11,0.0023828560952097178,0
molecola_17557,12,0,12,0.0027447869069874287,0
molecola_17557,13,0,13,0.17583128809928894,0
molecola_17557,14,0,14,0.050435323268175125,0
molecola_17557,15,0,15,0.050435323268175125,0
molecola_17909,1,0,1,0.00013239360123407096,0
molecola_17909,2,0,2,0.0004278644628357142,0
molecola_17909,3,0,3,0.0011557962279766798,0
molecola_17909,4,0,4,0.0037535568699240685,0
molecola_17909,5,0,5,0.0038087652064859867,0
molecola_17909,6,0,6,0.005073683336377144,0
molecola_17909,7,0,7,0.023939790204167366,0
molecola_17909,8,1,8,0.9901660084724426,1
molecola_17909,9,1,9,0.9850543737411499,1
molecola_17909,10,0,10,0.0035336490254849195,0
molecola_17909,11,0,11,0.0013824905036017299,0
molecola_17909,12,0,12,0.017341146245598793,0
molecola_17909,13,0,13,0.01767045073211193,0
molecola_17909,14,0,14,0.011267847381532192,0
molecola_17909,15,0,15,0.0019897609017789364,0
molecola_17909,16,0,16,0.013100793585181236,0
molecola_17909,17,0,17,0.01683858223259449,0
molecola_17909,18,0,18,0.0061006867326796055,0
molecola_17909,19,0,19,0.0004136643256060779,0
molecola_17909,20,0,20,0.00017996209498960525,0
molecola_17909,21,0,21,0.00015871398500166833,0
molecola_17909,22,0,22,0.00015871398500166833,0
molecola_17909,23,0,23,0.01890159212052822,0
molecola_1796,1,0,1,0.001454301062040031,0
molecola_1796,2,0,2,0.0026400426868349314,0
molecola_1796,3,0,3,0.001454301062040031,0
molecola_1796,4,0,4,0.003246474312618375,0
molecola_1796,5,0,5,0.0018047094345092773,0
molecola_1796,6,0,6,0.0005488662282004952,0
molecola_1796,7,0,7,0.0004516865883488208,0
molecola_1796,8,0,8,0.00020791460701730102,0
molecola_1796,9,0,9,0.00012848339974880219,0
molecola_1796,10,0,10,0.00010106120316777378,0
molecola_1796,11,0,11,0.0001301510346820578,0
molecola_1796,12,0,12,0.0003238246135879308,0
molecola_1796,13,1,13,0.9985769987106323,1
molecola_1796,14,1,14,0.997873067855835,1
molecola_1796,15,0,15,0.0005488662282004952,0
molecola_1796,16,0,16,0.0018047094345092773,0
molecola_18007,1,0,1,0.0017496186774224043,0
molecola_18007,2,0,2,0.008659396320581436,0
molecola_18007,3,0,3,0.0017496186774224043,0
molecola_18007,4,1,4,0.9780601859092712,1
molecola_18007,5,1,5,0.9702475666999817,1
molecola_18007,6,0,6,0.009653927758336067,0
molecola_18007,7,0,7,0.0017173035303130746,0
molecola_18007,8,0,8,0.0005373171297833323,0
molecola_18007,9,0,9,0.0004365748609416187,0
molecola_18007,10,0,10,0.0005373171297833323,0
molecola_18007,11,0,11,0.0017173035303130746,0
molecola_18007,12,0,12,0.0015648998087272048,0
molecola_18007,13,0,13,0.0007961668306961656,0
molecola_18007,14,0,14,0.00038670009234920144,0
molecola_18007,15,0,15,0.00034898065496236086,0
molecola_18007,16,0,16,0.0009282442042604089,0
molecola_18443,1,0,1,0.0006855266401544213,0
molecola_18443,2,0,2,0.0019457946764305234,0
molecola_18443,3,0,3,0.0008296409505419433,0
molecola_18443,4,0,4,0.0008763402584008873,0
molecola_18443,5,0,5,0.0012898687273263931,0
molecola_18443,6,0,6,0.003751102602109313,0
molecola_18443,7,0,7,0.0020717966835945845,0
molecola_18443,8,0,8,0.0013181762769818306,0
molecola_18443,9,0,9,0.0006059353472664952,0
molecola_18443,10,0,10,0.0003425875911489129,0
molecola_18443,11,0,11,0.00037771460483781993,0
molecola_18443,12,0,12,0.0008788229315541685,0
molecola_18443,13,0,13,0.0005638185539282858,0
molecola_18443,14,0,14,0.005028733517974615,0
molecola_18443,15,1,15,0.9867368340492249,1
molecola_18443,16,1,16,0.98185133934021,1
molecola_18443,17,0,17,0.008116044104099274,0
molecola_18443,18,0,18,0.0015948193613439798,0
molecola_18443,19,0,19,0.000532998179551214,0
molecola_18443,20,0,20,0.0004365748609416187,0
molecola_18443,21,0,21,0.000532998179551214,0
molecola_18443,22,0,22,0.0015948193613439798,0
molecola_18669,1,0,1,0.00014532946806866676,0
molecola_18669,2,0,2,0.00014573411317542195,0
molecola_18669,3,0,3,0.0004087439156137407,0
molecola_18669,4,0,4,0.00011694342538248748,0
molecola_18669,5,0,5,9.035178663907573e-05,0
molecola_18669,6,0,6,0.00011116821406176314,0
molecola_18669,7,0,7,0.00030257130856625736,0
molecola_18669,8,0,8,0.009497704915702343,0
molecola_18669,9,0,9,0.9659892320632935,1
molecola_18669,10,0,10,0.966899573802948,1
molecola_18669,11,0,11,0.011993013322353363,0
molecola_18669,12,0,12,0.00044000730849802494,0
molecola_18669,13,0,13,0.0008807422127574682,0
molecola_18669,14,0,14,0.0010941155487671494,0
molecola_18669,15,0,15,0.0015637269243597984,0
molecola_18669,16,0,16,0.0009518515435047448,0
molecola_18669,17,0,17,0.9500899314880371,1
molecola_18669,18,0,18,0.9346610307693481,1
molecola_18669,19,0,19,0.966405987739563,1
molecola_18669,20,0,20,0.9726688265800476,1
molecola_18669,21,0,21,0.007892283610999584,0
molecola_18669,22,1,22,0.9521817564964294,1
molecola_18669,23,1,23,0.9359536170959473,1
molecola_18669,24,0,24,0.04045261815190315,0
molecola_19068,1,0,1,0.00023714367125649005,0
molecola_19068,2,0,2,0.00033706461545079947,0
molecola_19068,3,0,3,0.0007310023065656424,0
molecola_19068,4,0,4,0.00108539208304137,0
molecola_19068,5,0,5,0.004381438251584768,0
molecola_19068,6,0,6,0.00108539208304137,0
molecola_19068,7,0,7,0.0007310023065656424,0
molecola_19068,8,0,8,0.00033706461545079947,0
molecola_19068,9,0,9,0.00023714367125649005,0
molecola_19068,10,0,10,0.0006386932800523937,0
molecola_19068,11,0,11,0.00038131081964820623,0
molecola_19068,12,0,12,0.00025428293156437576,0
molecola_19068,13,0,13,0.004277036990970373,0
molecola_19068,14,0,14,0.0006335893413051963,0
molecola_19068,15,0,15,0.0004976349882781506,0
molecola_19068,16,1,16,0.9985705614089966,1
molecola_19068,17,1,17,0.9978781938552856,1
molecola_19068,18,0,18,0.018040090799331665,0
molecola_19068,19,0,19,0.006587037816643715,0
molecola_19068,20,0,20,0.00107584148645401,0
molecola_19068,21,0,21,0.00035491969902068377,0
molecola_19068,22,0,22,0.00035491969902068377,0
molecola_1907,1,0,1,0.00011427756544435397,0
molecola_1907,2,0,2,0.0001475152967032045,0
molecola_1907,3,0,3,0.00014055876818019897,0
molecola_1907,4,0,4,0.00011290090333204716,0
molecola_1907,5,0,5,0.00011068661842728034,0
molecola_1907,6,0,6,0.00013072516594547778,0
molecola_1907,7,0,7,0.0001225529849762097,0
molecola_1907,8,0,8,0.00011391808948246762,0
molecola_1907,9,0,9,0.0013995443005114794,0
molecola_1907,10,1,10,0.9652813673019409,1
molecola_1907,11,1,11,0.935950517654419,1
molecola_1907,12,0,12,0.20553648471832275,0
molecola_1907,13,1,13,0.9519360661506653,1
molecola_1907,14,1,14,0.938926637172699,1
molecola_1907,15,0,15,0.013658024370670319,0
molecola_1907,16,0,16,0.0004094461037311703,0
molecola_1907,17,0,17,0.0017706340877339244,0
molecola_1907,18,0,18,0.00014839960203971714,0
molecola_1907,19,0,19,0.00013658497482538223,0
molecola_1907,20,0,20,0.000111659690446686,0
molecola_1907,21,0,21,0.00012117343430873007,0
molecola_1907,22,0,22,0.0001506652042735368,0
molecola_1907,23,0,23,0.0001331501844106242,0
molecola_19136,1,1,1,0.997873067855835,1
molecola_19136,2,1,2,0.9985769987106323,1
molecola_19136,3,0,3,0.0003235188196413219,0
molecola_19136,4,0,4,0.00012956101272720844,0
molecola_19136,5,0,5,0.00012610679550562054,0
molecola_19136,6,0,6,0.0003338365349918604,0
molecola_19136,7,0,7,0.0008661307510919869,0
molecola_19136,8,0,8,0.002245282055810094,0
molecola_19136,9,0,9,0.0024942399468272924,0
molecola_19136,10,0,10,0.0020369163248687983,0
molecola_19136,11,0,11,0.0015002833679318428,0
molecola_19136,12,0,12,0.0007891079876571894,0
molecola_19136,13,0,13,0.0006329161114990711,0
molecola_19136,14,0,14,0.0010960015933960676,0
molecola_19136,15,0,15,0.00020168724586255848,0
molecola_19136,16,0,16,0.0001069280260708183,0
molecola_19136,17,0,17,8.867698488757014e-05,0
molecola_19136,18,0,18,7.571889000246301e-05,0
molecola_19136,19,0,19,7.096815534168854e-05,0
molecola_19136,20,0,20,7.571889000246301e-05,0
molecola_19136,21,0,21,8.867698488757014e-05,0
molecola_19136,22,0,22,0.001862981473095715,0
molecola_19149,1,0,1,0.0001838715106714517,0
molecola_19149,2,0,2,0.0002967258624266833,0
molecola_19149,3,0,3,0.00033861768315546215,0
molecola_19149,4,0,4,0.00033861768315546215,0
molecola_19149,5,0,5,0.0004090249422006309,0
molecola_19149,6,0,6,0.0009905927581712604,0
molecola_19149,7,0,7,0.0006930493982508779,0
molecola_19149,8,0,8,0.0008663383196108043,0
molecola_19149,9,0,9,0.0023711854591965675,0
molecola_19149,10,0,10,0.0003458975988905877,0
molecola_19149,11,0,11,0.00033748583518899977,0
molecola_19149,12,0,12,9.554147254675627e-05,0
molecola_19149,13,0,13,8.532818901585415e-05,0
molecola_19149,14,0,14,7.288192136911675e-05,0
molecola_19149,15,0,15,8.532818901585415e-05,0
molecola_19149,16,0,16,9.554147254675627e-05,0
molecola_19149,17,0,17,0.003385542891919613,0
molecola_19149,18,1,18,0.9808459877967834,1
molecola_19149,19,1,19,0.973479151725769,1
molecola_19149,20,0,20,0.007218384183943272,0
molecola_19149,21,0,21,0.00307270884513855,0
molecola_19177,1,0,1,0.001287059742026031,0
molecola_19177,2,0,2,0.0028089815750718117,0
molecola_19177,3,0,3,0.001287059742026031,0
molecola_19177,4,0,4,0.0013346582418307662,0
molecola_19177,5,0,5,0.0017000894295051694,0
molecola_19177,6,0,6,0.0022676759399473667,0
molecola_19177,7,0,7,0.0019999640062451363,0
molecola_19177,8,0,8,0.002984476974233985,0
molecola_19177,9,0,9,0.0035972734913229942,0
molecola_19177,10,0,10,0.0024973133113235235,0
molecola_19177,11,0,11,0.0012451338116079569,0
molecola_19177,12,0,12,0.002935652155429125,0
molecola_19177,13,0,13,0.03298088163137436,0
molecola_19177,14,0,14,0.004870633594691753,0
molecola_19177,15,0,15,0.0017647342756390572,0
molecola_19177,16,0,16,0.002884884597733617,0
molecola_19177,17,0,17,0.0018007957842200994,0
molecola_19177,18,0,18,0.0018007957842200994,0
molecola_19177,19,0,19,0.0018007957842200994,0
molecola_19177,20,1,20,0.9076862931251526,1
molecola_19177,21,1,21,0.25699272751808167,0
molecola_19177,22,1,22,0.9025745987892151,1
molecola_19320,1,0,1,0.00010806325735757127,0
molecola_19320,2,0,2,0.00013242947170510888,0
molecola_19320,3,0,3,0.00029897631611675024,0
molecola_19320,4,0,4,0.0036481162533164024,0
molecola_19320,5,0,5,0.02115226536989212,0
molecola_19320,6,0,6,0.021812597289681435,0
molecola_19320,7,0,7,0.03285835310816765,0
molecola_19320,8,0,8,0.003952530212700367,0
molecola_19320,9,0,9,0.0007455205195583403,0
molecola_19320,10,0,10,0.0006635974277742207,0
molecola_19320,11,0,11,0.00024233887961599976,0
molecola_19320,12,0,12,0.00013403284538071603,0
molecola_19320,13,0,13,0.00010869222751352936,0
molecola_19320,14,0,14,0.00016331762890331447,0
molecola_19320,15,0,15,0.0003925266209989786,0
molecola_19320,16,0,16,0.00042049624607898295,0
molecola_19320,17,0,17,0.00042049624607898295,0
molecola_19320,18,0,18,0.000893282238394022,0
molecola_19320,19,0,19,0.0009286184795200825,0
molecola_19320,20,0,20,0.002252793638035655,0
molecola_19320,21,0,21,0.009606484323740005,0
molecola_19320,22,0,22,0.002252793638035655,0
molecola_19320,23,0,23,0.0009286184795200825,0
molecola_19320,24,1,24,0.9867255687713623,1
molecola_19320,25,1,25,0.9817898869514465,1
molecola_19320,26,0,26,0.07157020270824432,0
molecola_19320,27,0,27,0.02045590989291668,0
molecola_19320,28,0,28,0.02859824150800705,0
molecola_19320,29,0,29,0.014888273552060127,0
molecola_19320,30,0,30,0.014888273552060127,0
molecola_19320,31,0,31,0.9778892993927002,1
molecola_19320,32,0,32,0.9734655022621155,1
molecola_19320,33,0,33,0.12665653228759766,0
molecola_19576,1,0,1,0.0010042455978691578,0
molecola_19576,2,0,2,0.01225974503904581,0
molecola_19576,3,0,3,0.007624438498169184,0
molecola_19576,4,0,4,0.009290624409914017,0
molecola_19576,5,0,5,0.003606804646551609,0
molecola_19576,6,0,6,0.004785353317856789,0
molecola_19576,7,0,7,0.002370312577113509,0
molecola_19576,8,0,8,0.0024806431028991938,0
molecola_19576,9,0,9,0.0010130299488082528,0
molecola_19576,10,0,10,0.0006731654866598547,0
molecola_19576,11,0,11,0.0006044792244210839,0
molecola_19576,12,0,12,0.0005485122092068195,0
molecola_19576,13,0,13,0.0007126466371119022,0
molecola_19576,14,0,14,0.0009701484232209623,0
molecola_19576,15,0,15,0.005091558210551739,0
molecola_19576,16,1,16,0.9935770630836487,1
molecola_19576,17,1,17,0.9884971380233765,1
molecola_19576,18,0,18,0.001004225923679769,0
molecola_19774,1,0,1,0.00017874277546070516,0
molecola_19774,2,0,2,0.00032622049911879003,0
molecola_19774,3,0,3,0.0020834417082369328,0
molecola_19774,4,0,4,0.000943017948884517,0
molecola_19774,5,0,5,0.0006789128528907895,0
molecola_19774,6,0,6,0.00017057976219803095,0
molecola_19774,7,0,7,0.0001247950131073594,0
molecola_19774,8,0,8,0.00033814154448919,0
molecola_19774,9,0,9,0.00034757022513076663,0
molecola_19774,10,0,10,0.0008289941470138729,0
molecola_19774,11,0,11,0.001640964881516993,0
molecola_19774,12,0,12,0.02588219754397869,0
molecola_19774,13,0,13,0.9075142741203308,1
molecola_19774,14,0,14,0.2569941282272339,0
molecola_19774,15,0,15,0.9025747179985046,1
molecola_19774,16,1,16,0.9985460042953491,1
molecola_19774,17,1,17,0.9978101849555969,1
molecola_20186,1,0,1,0.0001183130734716542,0
molecola_20186,2,0,2,0.00013167269935365766,0
molecola_20186,3,0,3,8.882856491254643e-05,0
molecola_20186,4,0,4,8.204268669942394e-05,0
molecola_20186,5,0,5,0.00014105945592746139,0
molecola_20186,6,0,6,0.006057674065232277,0
molecola_20186,7,0,7,0.013908930122852325,0
molecola_20186,8,0,8,0.019881676882505417,0
molecola_20186,9,0,9,0.023710831999778748,0
molecola_20186,10,0,10,0.030773799866437912,0
molecola_20186,11,0,11,0.013809182681143284,0
molecola_20186,12,0,12,0.0008623579051345587,0
molecola_20186,13,0,13,0.0007550382288172841,0
molecola_20186,14,0,14,0.002359909936785698,0
molecola_20186,15,0,15,0.03814917430281639,0
molecola_20186,16,0,16,0.03995682671666145,0
molecola_20186,17,0,17,0.0513693168759346,0
molecola_20186,18,0,18,0.017980298027396202,0
molecola_20186,19,0,19,0.0016664632130414248,0
molecola_20186,20,0,20,0.000739788287319243,0
molecola_20186,21,0,21,0.0008075136574916542,0
molecola_20186,22,0,22,0.004308522213250399,0
molecola_20186,23,0,23,0.01970042660832405,0
molecola_20186,24,1,24,0.8905887603759766,1
molecola_20186,25,1,25,0.8760052919387817,1
molecola_20734,1,0,1,0.00012955298007000238,0
molecola_20734,2,0,2,0.00024725738330744207,0
molecola_20734,3,0,3,0.0032158743124455214,0
molecola_20734,4,0,4,0.0014425787376239896,0
molecola_20734,5,1,5,0.9870642423629761,1
molecola_20734,6,1,6,0.9811737537384033,1
molecola_20734,7,0,7,0.006205516401678324,0
molecola_20734,8,0,8,0.0023332603741437197,0
molecola_20734,9,0,9,0.0010627593146637082,0
molecola_20734,10,0,10,0.0012272128369659185,0
molecola_20734,11,0,11,0.0005430264282040298,0
molecola_20734,12,0,12,0.0010627593146637082,0
molecola_20734,13,0,13,0.0023332603741437197,0
molecola_20965,1,0,1,0.0001842465571826324,0
molecola_20965,2,0,2,0.00029964547138661146,0
molecola_20965,3,0,3,0.0003394059604033828,0
molecola_20965,4,0,4,0.0003394059604033828,0
molecola_20965,5,0,5,0.0004320569278206676,0
molecola_20965,6,0,6,0.0019280059495940804,0
molecola_20965,7,0,7,0.000739389332011342,0
molecola_20965,8,0,8,0.0021566469222307205,0
molecola_20965,9,0,9,0.035594336688518524,0
molecola_20965,10,0,10,0.010505099780857563,0
molecola_20965,11,0,11,0.007846551015973091,0
molecola_20965,12,0,12,0.010288524441421032,0
molecola_20965,13,0,13,0.008059414103627205,0
molecola_20965,14,0,14,0.0045951069332659245,0
molecola_20965,15,0,15,0.003056391142308712,0
molecola_20965,16,0,16,0.005313023924827576,0
molecola_20965,17,0,17,0.004465483594685793,0
molecola_20965,18,0,18,0.003056391142308712,0
molecola_20965,19,0,19,0.0045951069332659245,0
molecola_20965,20,1,20,0.9078099727630615,1
molecola_20965,21,0,21,0.2559606432914734,0
molecola_20965,22,1,22,0.9023559093475342,1
molecola_21171,1,0,1,8.239629096351564e-05,0
molecola_21171,2,0,2,9.904037142405286e-05,0
molecola_21171,3,0,3,0.00011088903556810692,0
molecola_21171,4,0,4,0.002027696929872036,0
molecola_21171,5,1,5,0.9739239811897278,1
molecola_21171,6,1,6,0.9835471510887146,1
molecola_21171,7,1,7,0.9794338345527649,1
molecola_21171,8,1,8,0.9742029309272766,1
molecola_21171,9,0,9,0.004139668773859739,0
molecola_21171,10,0,10,0.00018319758237339556,0
molecola_21171,11,0,11,0.00011790762073360384,0
molecola_21171,12,0,12,9.867969492916018e-05,0
molecola_21171,13,0,13,9.673433669377118e-05,0
molecola_21171,14,0,14,9.867969492916018e-05,0
molecola_21171,15,0,15,0.00011790762073360384,0
molecola_21171,16,0,16,0.00018319758237339556,0
molecola_21171,17,0,17,0.00011790762073360384,0
molecola_21171,18,0,18,9.867969492916018e-05,0
molecola_21171,19,0,19,9.673433669377118e-05,0
molecola_21171,20,0,20,9.867969492916018e-05,0
molecola_21171,21,0,21,0.00011790762073360384,0
molecola_21276,1,0,1,0.00012635283928830177,0
molecola_21276,2,0,2,0.00016503097140230238,0
molecola_21276,3,0,3,0.00015818049723748118,0
molecola_21276,4,0,4,0.00012007680925307795,0
molecola_21276,5,0,5,0.00011968608305323869,0
molecola_21276,6,0,6,0.00016555929323658347,0
molecola_21276,7,0,7,0.0028310620691627264,0
molecola_21276,8,0,8,0.013845829293131828,0
molecola_21276,9,1,9,0.9424266815185547,1
molecola_21276,10,1,10,0.9242285490036011,1
molecola_21276,11,1,11,0.9612621665000916,1
molecola_21276,12,1,12,0.9627786874771118,1
molecola_21276,13,1,13,0.9132092595100403,1
molecola_21276,14,1,14,0.9022238254547119,1
molecola_21276,15,0,15,0.006614831741899252,0
molecola_21276,16,0,16,0.0006114626303315163,0
molecola_21276,17,0,17,0.018417946994304657,0
molecola_21276,18,0,18,0.00033721758518368006,0
molecola_21276,19,0,19,0.9387741684913635,1
molecola_21276,20,0,20,0.01025411207228899,0
molecola_21276,21,0,21,0.9523749351501465,1
molecola_21276,22,0,22,0.9518023133277893,1
molecola_21276,23,0,23,0.9416731595993042,1
molecola_21276,24,0,24,0.0019140070071443915,0
molecola_21276,25,0,25,0.00015684905520174652,0
molecola_2165,1,0,1,0.0002420026867184788,0
molecola_2165,2,0,2,0.0007709445781074464,0
molecola_2165,3,0,3,0.000143588098580949,0
molecola_2165,4,0,4,0.00013180196401663125,0
molecola_2165,5,0,5,0.0007090105791576207,0
molecola_2165,6,0,6,0.0011009910376742482,0
molecola_2165,7,0,7,0.002031186129897833,0
molecola_2165,8,0,8,0.0022414098493754864,0
molecola_2165,9,0,9,0.0031940569169819355,0
molecola_2165,10,0,10,0.004339319653809071,0
molecola_2165,11,0,11,0.0018400660483166575,0
molecola_2165,12,0,12,0.0002075944939861074,0
molecola_2165,13,0,13,0.00011390765575924888,0
molecola_2165,14,0,14,0.00013053570000920445,0
molecola_2165,15,0,15,0.0003230666625313461,0
molecola_2165,16,1,16,0.9985769987106323,1
molecola_2165,17,1,17,0.997873067855835,1
molecola_2165,18,0,18,0.002294165315106511,0
molecola_2165,19,0,19,0.0010786744533106685,0
molecola_2165,20,0,20,0.0007020884077064693,0
molecola_2165,21,0,21,0.000720654265023768,0
molecola_2165,22,0,22,0.0013093063607811928,0
molecola_2165,23,0,23,0.003295085160061717,0
molecola_21736,1,0,1,0.004313426557928324,0
molecola_21736,2,0,2,0.004564044531434774,0
molecola_21736,3,0,3,0.0011105716694146395,0
molecola_21736,4,0,4,0.00039142207242548466,0
molecola_21736,5,0,5,0.00011758739856304601,0
molecola_21736,6,0,6,0.00011859206279041246,0
molecola_21736,7,0,7,0.001221301732584834,0
molecola_21736,8,1,8,0.9788998365402222,1
molecola_21736,9,0,9,0.001221301732584834,0
molecola_21736,10,0,10,0.00011859206279041246,0
molecola_21736,11,0,11,0.00011758739856304601,0
molecola_21736,12,0,12,0.0008775749010965228,0
molecola_21736,13,1,13,0.9811646938323975,1
molecola_21736,14,1,14,0.9870550632476807,1
molecola_21736,15,1,15,0.9837896227836609,1
molecola_21736,16,0,16,0.03309047222137451,0
molecola_21736,17,0,17,0.05306451767683029,0
molecola_21736,18,0,18,0.031318601220846176,0
molecola_21736,19,0,19,0.007400687783956528,0
molecola_21736,20,0,20,0.0029658672865480185,0
molecola_21736,21,0,21,0.000743298267479986,0
molecola_21736,22,0,22,0.0007190973265096545,0
molecola_21736,23,0,23,0.001371167367324233,0
molecola_21736,24,0,24,0.006966001819819212,0
molecola_21765,1,1,1,0.9023556113243103,1
molecola_21765,2,1,2,0.9080251455307007,1
molecola_21765,3,1,3,0.2559604346752167,0
molecola_21765,4,0,4,0.026274299249053,0
molecola_21765,5,0,5,0.0023446890991181135,0
molecola_21765,6,0,6,0.0015220765490084887,0
molecola_21765,7,0,7,0.0030562777537852526,0
molecola_21765,8,0,8,0.0015220765490084887,0
molecola_21765,9,0,9,0.0023446890991181135,0
molecola_21765,10,0,10,0.008978578262031078,0
molecola_21765,11,0,11,0.005486232228577137,0
molecola_21765,12,0,12,0.03661207854747772,0
molecola_21765,13,0,13,0.21333548426628113,0
molecola_21765,14,0,14,0.5404880046844482,1
molecola_21765,15,0,15,0.007581567391753197,0
molecola_21765,16,0,16,0.0011103854048997164,0
molecola_21765,17,0,17,0.00020702146866824478,0
molecola_21765,18,0,18,0.0004956847405992448,0
molecola_21765,19,0,19,0.00047800896572880447,0
molecola_21765,20,0,20,0.00047358678421005607,0
molecola_21765,21,0,21,0.00042052127537317574,0
molecola_21765,22,0,22,0.00047358678421005607,0
molecola_21765,23,0,23,0.00047800896572880447,0
molecola_21873,1,0,1,0.00025976059259846807,0
molecola_21873,2,0,2,0.00047382788034155965,0
molecola_21873,3,0,3,0.00025976059259846807,0
molecola_21873,4,0,4,0.00025976059259846807,0
molecola_21873,5,0,5,0.0009449327480979264,0
molecola_21873,6,0,6,0.001210730872116983,0
molecola_21873,7,0,7,0.0017654434777796268,0
molecola_21873,8,0,8,0.0010974612087011337,0
molecola_21873,9,0,9,0.001752043841406703,0
molecola_21873,10,0,10,0.0015820797998458147,0
molecola_21873,11,0,11,0.0018219583434984088,0
molecola_21873,12,0,12,0.0012735000345855951,0
molecola_21873,13,0,13,0.0007057464681565762,0
molecola_21873,14,0,14,0.00018900458235293627,0
molecola_21873,15,0,15,0.00037900375900790095,0
molecola_21873,16,0,16,0.001896472298540175,0
molecola_21873,17,0,17,0.0016967656556516886,0
molecola_21873,18,0,18,0.0019635248463600874,0
molecola_21873,19,0,19,0.004420923534780741,0
molecola_21873,20,1,20,0.9393287897109985,1
molecola_21873,21,0,21,0.002953900257125497,0
molecola_21873,22,0,22,0.00016434115241281688,0
molecola_21873,23,0,23,0.00011645923950709403,0
molecola_21873,24,0,24,0.0001015014058793895,0
molecola_21873,25,0,25,0.00011645923950709403,0
molecola_21873,26,1,26,0.9833351373672485,1
molecola_21873,27,1,27,0.974459707736969,1
molecola_21873,28,1,28,0.9652634859085083,1
molecola_21873,29,0,29,0.030375119298696518,0
molecola_21873,30,0,30,0.00666135735809803,0
molecola_21873,31,0,31,0.00017447611026000232,0
molecola_21873,32,0,32,0.00015162174531724304,0
molecola_21873,33,0,33,0.00015162174531724304,0
molecola_21873,34,0,34,0.0005635150009766221,0
molecola_21873,35,0,35,0.00024540573940612376,0
molecola_21873,36,0,36,0.00024540573940612376,0
molecola_21873,37,0,37,0.00024540573940612376,0
molecola_21914,1,0,1,0.0006255421903915703,0
molecola_21914,2,0,2,0.0013453131541609764,0
molecola_21914,3,0,3,0.0012185751693323255,0
molecola_21914,4,0,4,0.0013051938731223345,0
molecola_21914,5,0,5,0.002002618508413434,0
molecola_21914,6,0,6,0.0013051938731223345,0
molecola_21914,7,0,7,0.0012185751693323255,0
molecola_21914,8,0,8,0.002289550844579935,0
molecola_21914,9,0,9,0.0006341587286442518,0
molecola_21914,10,0,10,0.00034108752151951194,0
molecola_21914,11,0,11,0.0006473714602179825,0
molecola_21914,12,0,12,0.005100887734442949,0
molecola_21914,13,1,13,0.9934681057929993,1
molecola_21914,14,1,14,0.9882643222808838,1
molecola_21914,15,0,15,0.0017279388848692179,0
molecola_21990,1,0,1,0.00012475575204007328,0
molecola_21990,2,0,2,0.00014778223703615367,0
molecola_21990,3,0,3,0.00032350895344279706,0
molecola_21990,4,0,4,0.0011477760272100568,0
molecola_21990,5,0,5,0.0015384232392534614,0
molecola_21990,6,0,6,0.0018766829743981361,0
molecola_21990,7,0,7,0.0010108646238222718,0
molecola_21990,8,0,8,0.001338344532996416,0
molecola_21990,9,0,9,0.005393879022449255,0
molecola_21990,10,0,10,0.024507740512490273,0
molecola_21990,11,0,11,0.013426057063043118,0
molecola_21990,12,0,12,0.013426057063043118,0
molecola_21990,13,0,13,0.0004253461956977844,0
molecola_21990,14,0,14,0.00798945315182209,0
molecola_21990,15,0,15,0.006333688739687204,0
molecola_21990,16,0,16,0.010369581170380116,0
molecola_21990,17,0,17,0.006367271300405264,0
molecola_21990,18,0,18,0.0027931039221584797,0
molecola_21990,19,0,19,0.0007429597899317741,0
molecola_21990,20,0,20,0.0006933979457244277,0
molecola_21990,21,0,21,0.001084491261281073,0
molecola_21990,22,0,22,0.004565760493278503,0
molecola_21990,23,0,23,0.0001416310406057164,0
molecola_21990,24,0,24,0.00010720787395257503,0
molecola_21990,25,0,25,0.00010568927245913073,0
molecola_21990,26,0,26,0.00012726237764582038,0
molecola_21990,27,0,27,0.00012089021765859798,0
molecola_21990,28,0,28,0.00010342283349018544,0
molecola_21990,29,0,29,0.00011190496297786012,0
molecola_21990,30,0,30,0.0018318301299586892,0
molecola_21990,31,1,31,0.9847094416618347,1
molecola_21990,32,1,32,0.9909534454345703,1
molecola_21990,33,1,33,0.9875741600990295,1
molecola_21990,34,1,34,0.9850766062736511,1
molecola_21990,35,0,35,0.0014685406349599361,0
molecola_21990,36,0,36,0.00014750122500117868,0
molecola_21990,37,0,37,0.00012372837227303535,0
molecola_21990,38,0,38,0.00012866276665590703,0
molecola_21990,39,0,39,0.00011049552995245904,0
molecola_21990,40,0,40,0.00011659235315164551,0
molecola_21990,41,0,41,0.00014237957657314837,0
molecola_21990,42,0,42,0.00012212834553793073,0
molecola_22195,1,0,1,0.00031582446536049247,0
molecola_22195,2,0,2,0.0007033394067548215,0
molecola_22195,3,0,3,0.00031582446536049247,0
molecola_22195,4,0,4,0.0010880494955927134,0
molecola_22195,5,0,5,0.00234525790438056,0
molecola_22195,6,0,6,0.0025409997906535864,0
molecola_22195,7,0,7,0.0032188640907406807,0
molecola_22195,8,0,8,0.0019329460337758064,0
molecola_22195,9,0,9,0.0013060270575806499,0
molecola_22195,10,0,10,0.00020517018856480718,0
molecola_22195,11,0,11,0.0001425387745257467,0
molecola_22195,12,0,12,0.00033344340045005083,0
molecola_22195,13,1,13,0.9985771179199219,1
molecola_22195,14,1,14,0.997873067855835,1
molecola_22195,15,0,15,0.0020265625789761543,0
molecola_22195,16,0,16,0.0009453438688069582,0
molecola_22195,17,0,17,0.0006740966928191483,0
molecola_22195,18,0,18,0.0007108203717507422,0
molecola_22195,19,0,19,0.0011669908417388797,0
molecola_22195,20,0,20,0.003674662671983242,0
molecola_22195,21,0,21,0.0005949651240371168,0
molecola_22195,22,0,22,0.0005326190730556846,0
molecola_22195,23,0,23,0.0004941774532198906,0
molecola_22195,24,0,24,0.00042431772453710437,0
molecola_22195,25,0,25,0.0004941774532198906,0
molecola_22195,26,0,26,0.0005326190730556846,0
molecola_22320,1,0,1,0.0009959603194147348,0
molecola_22320,2,0,2,0.002077447483316064,0
molecola_22320,3,0,3,0.0009748501470312476,0
molecola_22320,4,0,4,0.000673589063808322,0
molecola_22320,5,0,5,0.0007052099681459367,0
molecola_22320,6,0,6,0.0012495701666921377,0
molecola_22320,7,0,7,0.0017769478727132082,0
molecola_22320,8,0,8,0.002346324734389782,0
molecola_22320,9,0,9,0.0007369041559286416,0
molecola_22320,10,0,10,0.0016403853660449386,0
molecola_22320,11,0,11,0.01232246682047844,0
molecola_22320,12,0,12,0.006603136193007231,0
molecola_22320,13,0,13,0.003869883716106415,0
molecola_22320,14,0,14,0.03771519660949707,0
molecola_22320,15,1,15,0.9928026795387268,1
molecola_22320,16,1,16,0.989281415939331,1
molecola_22320,17,0,17,0.04739943519234657,0
molecola_22320,18,0,18,0.030645933002233505,0
molecola_22320,19,0,19,0.021198783069849014,0
molecola_22320,20,0,20,0.001755344565026462,0
molecola_22320,21,0,21,0.0024713180027902126,0
molecola_22320,22,0,22,0.0007214671932160854,0
molecola_22320,23,0,23,0.0026892307214438915,0
molecola_22320,24,0,24,0.0116878692060709,0
molecola_22457,1,0,1,0.00023435203183908015,0
molecola_22457,2,0,2,0.0003374993393663317,0
molecola_22457,3,0,3,0.0013008600799366832,0
molecola_22457,4,0,4,0.0008373476448468864,0
molecola_22457,5,0,5,0.0010812958935275674,0
molecola_22457,6,0,6,0.011599521152675152,0
molecola_22457,7,1,7,0.9759535789489746,1
molecola_22457,8,1,8,0.9831872582435608,1
molecola_22457,9,1,9,0.9776607751846313,1
molecola_22457,10,1,10,0.9714637398719788,1
molecola_22457,11,0,11,0.02866239845752716,0
molecola_22457,12,0,12,0.006547479424625635,0
molecola_22457,13,0,13,0.002958860481157899,0
molecola_22457,14,0,14,0.0021638625767081976,0
molecola_22457,15,0,15,0.002143418649211526,0
molecola_22457,16,0,16,0.0024750789161771536,0
molecola_22457,17,0,17,0.0010385499335825443,0
molecola_22457,18,0,18,0.0006423582090064883,0
molecola_22457,19,0,19,0.0005469921161420643,0
molecola_22457,20,0,20,0.0006940563907846808,0
molecola_22457,21,0,21,0.0010993278119713068,0
molecola_22457,22,0,22,0.0017892195610329509,0
molecola_22457,23,0,23,0.0010993278119713068,0
molecola_22457,24,0,24,0.0006940563907846808,0
molecola_22457,25,0,25,0.002062002429738641,0
molecola_22457,26,0,26,0.0013407320948317647,0
molecola_22457,27,0,27,0.0013407320948317647,0
molecola_22457,28,0,28,0.0013407320948317647,0
molecola_22807,1,0,1,0.001329479506239295,0
molecola_22807,2,0,2,0.0021413154900074005,0
molecola_22807,3,0,3,0.0020131529308855534,0
molecola_22807,4,0,4,0.0005555712850764394,0
molecola_22807,5,0,5,0.00044349863310344517,0
molecola_22807,6,0,6,0.0038696445990353823,0
molecola_22807,7,0,7,0.0008601274457760155,0
molecola_22807,8,0,8,0.0006122466875240207,0
molecola_22807,9,0,9,0.0032957601360976696,0
molecola_22807,10,0,10,0.03399820998311043,0
molecola_22807,11,0,11,0.010868371464312077,0
molecola_22807,12,0,12,0.9427928924560547,1
molecola_22807,13,0,13,0.9316920638084412,1
molecola_22807,14,0,14,0.7469281554222107,1
molecola_22807,15,0,15,0.7387546300888062,1
molecola_22807,16,0,16,0.04942679405212402,0
molecola_22807,17,0,17,0.009482277557253838,0
molecola_22807,18,0,18,0.0007931068539619446,0
molecola_22807,19,0,19,0.0005670110695064068,0
molecola_22807,20,0,20,0.00044204670120961964,0
molecola_22807,21,0,21,0.0005670110695064068,0
molecola_22807,22,0,22,0.0007931068539619446,0
molecola_22807,23,0,23,0.00020130125631112605,0
molecola_22807,24,0,24,0.00010257346002617851,0
molecola_22807,25,0,25,0.00010353847756050527,0
molecola_22807,26,0,26,9.389477054355666e-05,0
molecola_22807,27,0,27,0.00010353847756050527,0
molecola_22807,28,0,28,0.00010257346002617851,0
molecola_22807,29,0,29,0.0018802715931087732,0
molecola_22807,30,0,30,0.002172091044485569,0
molecola_22807,31,0,31,0.02507159858942032,0
molecola_22807,32,1,32,0.9066492319107056,1
molecola_22807,33,0,33,0.25441092252731323,0
molecola_22807,34,1,34,0.9033690094947815,1
molecola_23246,1,0,1,0.0012227415572851896,0
molecola_23246,2,0,2,0.0027557765133678913,0
molecola_23246,3,0,3,0.0023416089825332165,0
molecola_23246,4,0,4,0.008998979814350605,0
molecola_23246,5,0,5,0.013942107558250427,0
molecola_23246,6,0,6,0.4848269522190094,0
molecola_23246,7,0,7,0.6174400448799133,1
molecola_23246,8,0,8,0.5090464353561401,1
molecola_23246,9,0,9,0.07096146792173386,0
molecola_23246,10,0,10,0.001279872958548367,0
molecola_23246,11,0,11,0.0006519898888655007,0
molecola_23246,12,0,12,0.0007629868923686445,0
molecola_23246,13,0,13,0.003069139551371336,0
molecola_23246,14,0,14,0.014698253944516182,0
molecola_23246,15,1,15,0.9775224328041077,1
molecola_23246,16,1,16,0.9642276763916016,1
molecola_23309,1,0,1,0.0010073084849864244,0
molecola_23309,2,0,2,0.002812874736264348,0
molecola_23309,3,0,3,0.0011242968030273914,0
molecola_23309,4,0,4,0.0009933855617418885,0
molecola_23309,5,0,5,0.0011242968030273914,0
molecola_23309,6,0,6,0.002812874736264348,0
molecola_23309,7,0,7,0.0010073084849864244,0
molecola_23309,8,0,8,0.009485695511102676,0
molecola_23309,9,1,9,0.9901476502418518,1
molecola_23309,10,1,10,0.9842113852500916,1
molecola_23579,1,0,1,0.0020585916936397552,0
molecola_23579,2,0,2,0.0026553086936473846,0
molecola_23579,3,0,3,0.002747457241639495,0
molecola_23579,4,0,4,0.008099133148789406,0
molecola_23579,5,0,5,0.886273205280304,1
molecola_23579,6,0,6,0.9104506373405457,1
molecola_23579,7,0,7,0.9139314889907837,1
molecola_23579,8,0,8,0.8957400918006897,1
molecola_23579,9,0,9,0.06862987577915192,0
molecola_23579,10,0,10,0.00730550941079855,0
molecola_23579,11,0,11,0.000670792767778039,0
molecola_23579,12,0,12,0.00015806576993782073,0
molecola_23579,13,0,13,0.00012117725418647751,0
molecola_23579,14,0,14,0.00010312128870282322,0
molecola_23579,15,0,15,0.00010897553875111043,0
molecola_23579,16,0,16,0.0019709207117557526,0
molecola_23579,17,1,17,0.9847332835197449,1
molecola_23579,18,1,18,0.990961492061615,1
molecola_23579,19,1,19,0.9875828623771667,1
molecola_23579,20,1,20,0.9851152300834656,1
molecola_23579,21,0,21,0.0016177616780623794,0
molecola_23579,22,0,22,0.00013007683446630836,0
molecola_23579,23,0,23,0.00012136099394410849,0
molecola_23579,24,0,24,0.00010924586240435019,0
molecola_23579,25,0,25,0.00013661806588061154,0
molecola_23579,26,0,26,0.003599665593355894,0
molecola_23579,27,0,27,0.00017754492000676692,0
molecola_23636,1,0,1,0.00010186113649979234,0
molecola_23636,2,0,2,0.00011111194180557504,0
molecola_23636,3,0,3,0.00011596566037042066,0
molecola_23636,4,0,4,0.00011436585919000208,0
molecola_23636,5,0,5,0.00011408777936594561,0
molecola_23636,6,0,6,0.00011672273103613406,0
molecola_23636,7,0,7,0.00012400877312757075,0
molecola_23636,8,0,8,0.0001770492672221735,0
molecola_23636,9,0,9,0.0006113522103987634,0
molecola_23636,10,0,10,0.0007073948509059846,0
molecola_23636,11,0,11,0.0005235478165559471,0
molecola_23636,12,0,12,0.0005257361917756498,0
molecola_23636,13,0,13,0.0014348302502185106,0
molecola_23636,14,1,14,0.9784020781517029,1
molecola_23636,15,1,15,0.985947847366333,1
molecola_23636,16,1,16,0.9822481274604797,1
molecola_23636,17,1,17,0.9794421792030334,1
molecola_23636,18,0,18,0.004167015664279461,0
molecola_23636,19,0,19,0.005796021781861782,0
molecola_23636,20,0,20,0.012654710561037064,0
molecola_23636,21,0,21,0.0023930843453854322,0
molecola_23636,22,0,22,0.0015821304405108094,0
molecola_23636,23,0,23,0.0008209304651245475,0
molecola_23636,24,0,24,0.005286341533064842,0
molecola_23636,25,0,25,0.028511391952633858,0
molecola_23636,26,0,26,0.014883582480251789,0
molecola_23636,27,0,27,0.014883582480251789,0
molecola_23636,28,0,28,0.9825347065925598,1
molecola_23636,29,0,29,0.9754496812820435,1
molecola_23636,30,0,30,0.01043687853962183,0
molecola_23636,31,0,31,0.0020280308090150356,0
molecola_23636,32,0,32,0.0020280308090150356,0
molecola_23636,33,0,33,0.0005235478165559471,0
molecola_23636,34,0,34,0.0007073948509059846,0
molecola_23837,1,0,1,0.0006231260485947132,0
molecola_23837,2,0,2,0.0009718200890347362,0
molecola_23837,3,0,3,0.0011911800829693675,0
molecola_23837,4,0,4,0.0015854465309530497,0
molecola_23837,5,0,5,0.001010395702905953,0
molecola_23837,6,0,6,0.0007136759231798351,0
molecola_23837,7,0,7,0.0008719774195924401,0
molecola_23837,8,0,8,0.0010738105047494173,0
molecola_23837,9,0,9,0.0007583993719890714,0
molecola_23837,10,0,10,0.00014344741066452116,0
molecola_23837,11,0,11,0.00010091733565786853,0
molecola_23837,12,0,12,0.00010037124593509361,0
molecola_23837,13,0,13,0.00012626935495063663,0
molecola_23837,14,0,14,0.000534361694008112,0
molecola_23837,15,0,15,0.0010153198381885886,0
molecola_23837,16,0,16,0.0012695451732724905,0
molecola_23837,17,1,17,0.9863389730453491,1
molecola_23837,18,1,18,0.9921171069145203,1
molecola_23837,19,1,19,0.9887428283691406,1
molecola_23837,20,1,20,0.9866079092025757,1
molecola_23837,21,0,21,0.0015081643359735608,0
molecola_23837,22,0,22,0.0018041940638795495,0
molecola_23837,23,0,23,0.0016201370162889361,0
molecola_23837,24,0,24,0.0016628038138151169,0
molecola_23837,25,0,25,0.0010207074228674173,0
molecola_23837,26,0,26,0.0013017191085964441,0
molecola_23837,27,0,27,0.001902397139929235,0
molecola_23837,28,0,28,0.0008546285680495203,0
molecola_23837,29,0,29,0.002492650644853711,0
molecola_23837,30,0,30,0.0010229236213490367,0
molecola_23837,31,0,31,0.0013976629124954343,0
molecola_23886,1,0,1,0.00021781028772238642,0
molecola_23886,2,0,2,0.0002811467566061765,0
molecola_23886,3,0,3,0.0006648831767961383,0
molecola_23886,4,0,4,0.0006113286362960935,0
molecola_23886,5,0,5,0.0009014548850245774,0
molecola_23886,6,0,6,0.0015415555099025369,0
molecola_23886,7,0,7,0.0012510694796219468,0
molecola_23886,8,0,8,0.0013428733218461275,0
molecola_23886,9,0,9,0.0015803470741957426,0
molecola_23886,10,0,10,0.00321295321919024,0
molecola_23886,11,0,11,0.01335279829800129,0
molecola_23886,12,0,12,0.02465570718050003,0
molecola_23886,13,0,13,0.013391412794589996,0
molecola_23886,14,0,14,0.013391412794589996,0
molecola_23886,15,0,15,0.0009355712099932134,0
molecola_23886,16,0,16,0.0006039740983396769,0
molecola_23886,17,0,17,0.0006708464352414012,0
molecola_23886,18,0,18,0.0005053561180830002,0
molecola_23886,19,0,19,0.0004489038255997002,0
molecola_23886,20,0,20,0.000210108351893723,0
molecola_23886,21,0,21,0.00013875303557142615,0
molecola_23886,22,0,22,0.0017661981983110309,0
molecola_23886,23,1,23,0.9588459730148315,1
molecola_23886,24,0,24,0.004233808256685734,0
molecola_23886,25,0,25,0.002303733956068754,0
molecola_23886,26,0,26,0.002525840187445283,0
molecola_23886,27,0,27,0.0018994875717908144,0
molecola_23886,28,0,28,0.00132210913579911,0
molecola_23886,29,0,29,0.0005548743065446615,0
molecola_23886,30,0,30,0.0004365748609416187,0
molecola_23886,31,0,31,0.0005548743065446615,0
molecola_23886,32,0,32,0.00132210913579911,0
molecola_23886,33,1,33,0.9808516502380371,1
molecola_23886,34,1,34,0.9767318964004517,1
molecola_23886,35,1,35,0.9672449827194214,1
molecola_23886,36,0,36,0.0005053561180830002,0
molecola_23886,37,0,37,0.0006708464352414012,0
molecola_23886,38,0,38,0.0009014548850245774,0
molecola_23886,39,0,39,0.0006113286362960935,0
molecola_24149,1,0,1,0.0001310366642428562,0
molecola_24149,2,0,2,0.00039658843888901174,0
molecola_24149,3,0,3,0.0008826378034427762,0
molecola_24149,4,0,4,0.00275100558064878,0
molecola_24149,5,0,5,0.002622544299811125,0
molecola_24149,6,0,6,0.0021544911433011293,0
molecola_24149,7,0,7,0.0004987518768757582,0
molecola_24149,8,0,8,0.0001018642433336936,0
molecola_24149,9,0,9,9.928907820722088e-05,0
molecola_24149,10,0,10,0.0006625831010751426,0
molecola_24149,11,0,11,0.012041973881423473,0
molecola_24149,12,0,12,0.823471188545227,1
molecola_24149,13,0,13,0.8462085723876953,1
molecola_24149,14,1,14,0.9325936436653137,1
molecola_24149,15,1,15,0.949280858039856,1
molecola_24149,16,0,16,0.30070337653160095,0
molecola_24149,17,0,17,0.004635566845536232,0
molecola_24149,18,0,18,0.0011219312436878681,0
molecola_24149,19,0,19,0.0012063151225447655,0
molecola_24149,20,0,20,0.0005419886438176036,0
molecola_24149,21,0,21,0.0011219312436878681,0
molecola_24149,22,0,22,0.004635566845536232,0
molecola_24149,23,0,23,0.0001018642433336936,0
molecola_24149,24,0,24,0.0004987518768757582,0
molecola_24211,1,0,1,0.0025430540554225445,0
molecola_24211,2,1,2,0.9373149275779724,1
molecola_24211,3,1,3,0.9566612839698792,1
molecola_24211,4,1,4,0.9501947164535522,1
molecola_24211,5,1,5,0.9216105341911316,1
molecola_24211,6,0,6,0.0069201053120195866,0
molecola_24211,7,0,7,0.00032110358006320894,0
molecola_24211,8,0,8,0.00021165597718209028,0
molecola_24211,9,0,9,0.00022110457939561456,0
molecola_24211,10,0,10,0.00020623400632757694,0
molecola_24211,11,0,11,0.00020623400632757694,0
molecola_24211,12,0,12,0.014980759471654892,0
molecola_24211,13,0,13,0.0007387237856164575,0
molecola_24211,14,0,14,0.0004996514762751758,0
molecola_24211,15,0,15,0.00042470867629162967,0
molecola_24211,16,0,16,0.0004996514762751758,0
molecola_24211,17,0,17,0.0007387237856164575,0
molecola_24211,18,0,18,0.014980759471654892,0
molecola_24211,19,0,19,0.0007387237856164575,0
molecola_24211,20,0,20,0.0004996514762751758,0
molecola_24211,21,0,21,0.00042470867629162967,0
molecola_24211,22,0,22,0.0004996514762751758,0
molecola_24211,23,0,23,0.0007387237856164575,0
molecola_24294,1,1,1,0.7288839817047119,1
molecola_24294,2,1,2,0.7421879768371582,1
molecola_24294,3,1,3,0.8433344960212708,1
molecola_24294,4,1,4,0.6976707577705383,1
molecola_24294,5,0,5,0.035961974412202835,0
molecola_24294,6,0,6,0.0016536815091967583,0
molecola_24294,7,0,7,0.0007432104321196675,0
molecola_24294,8,0,8,0.0008576117688789964,0
molecola_24294,9,0,9,0.01698211021721363,0
molecola_24294,10,0,10,0.06562202423810959,0
molecola_24294,11,1,11,0.276338130235672,0
molecola_24294,12,1,12,0.4795643091201782,0
molecola_24294,13,0,13,0.07409055531024933,0
molecola_24294,14,0,14,0.021776173263788223,0
molecola_24294,15,0,15,0.0024344574194401503,0
molecola_24294,16,0,16,0.004238899331539869,0
molecola_24294,17,0,17,0.0011232381220906973,0
molecola_24294,18,0,18,0.0012503695907071233,0
molecola_24294,19,0,19,0.014191092923283577,0
molecola_24294,20,0,20,0.06524122506380081,0
molecola_24294,21,0,21,0.027974633499979973,0
molecola_24294,22,0,22,0.04342169687151909,0
molecola_24422,1,0,1,0.0004834509454667568,0
molecola_24422,2,0,2,0.001334645552560687,0
molecola_24422,3,0,3,0.0020012380555272102,0
molecola_24422,4,0,4,0.00023632636293768883,0
molecola_24422,5,0,5,0.00013144339027348906,0
molecola_24422,6,0,6,0.00015355844516307116,0
molecola_24422,7,0,7,0.00044605316361412406,0
molecola_24422,8,0,8,0.00016176977078430355,0
molecola_24422,9,0,9,0.0001350289530819282,0
molecola_24422,10,0,10,0.0001619058893993497,0
molecola_24422,11,0,11,0.00013708941696677357,0
molecola_24422,12,0,12,0.00014867252320982516,0
molecola_24422,13,0,13,0.00010867315722862259,0
molecola_24422,14,0,14,0.00011566473403945565,0
molecola_24422,15,0,15,0.00015812185301911086,0
molecola_24422,16,0,16,0.0001575601490912959,0
molecola_24422,17,0,17,0.00012705600238405168,0
molecola_24422,18,0,18,0.00011537545651663095,0
molecola_24422,19,0,19,0.00010803627083078027,0
molecola_24422,20,0,20,0.00012171957496320829,0
molecola_24422,21,0,21,0.00015563811757601798,0
molecola_24422,22,0,22,0.00013974917237646878,0
molecola_24422,23,0,23,0.00013974917237646878,0
molecola_24422,24,0,24,0.0001600719551788643,0
molecola_24422,25,0,25,0.00012419775885064155,0
molecola_24422,26,0,26,0.00012431138020474464,0
molecola_24422,27,0,27,0.00016875778965186328,0
molecola_24422,28,0,28,0.0001397632877342403,0
molecola_24422,29,0,29,0.0002094630617648363,0
molecola_24422,30,1,30,0.9954653382301331,1
molecola_24422,31,1,31,0.9931432008743286,1
molecola_24544,1,1,1,0.9025800824165344,1
molecola_24544,2,1,2,0.9076036214828491,1
molecola_24544,3,0,3,0.2569983899593353,0
molecola_24544,4,0,4,0.03857262060046196,0
molecola_24544,5,0,5,0.0018699042266234756,0
molecola_24544,6,0,6,0.0006367298192344606,0
molecola_24544,7,0,7,0.0006751121836714447,0
molecola_24544,8,0,8,0.003039526753127575,0
molecola_24544,9,0,9,0.01502742525190115,0
molecola_24544,10,0,10,0.016099438071250916,0
molecola_24544,11,0,11,0.010300514288246632,0
molecola_24544,12,0,12,0.004144645296037197,0
molecola_24544,13,0,13,0.0007160170935094357,0
molecola_24544,14,0,14,0.0006785043515264988,0
molecola_24544,15,0,15,0.0010191508335992694,0
molecola_24544,16,0,16,0.004975754301995039,0
molecola_24544,17,0,17,0.0011397049529477954,0
molecola_24562,1,0,1,0.0001505640975665301,0
molecola_24562,2,0,2,0.0021219905465841293,0
molecola_24562,3,0,3,0.00015365584113169461,0
molecola_24562,4,0,4,0.0001873578003142029,0
molecola_24562,5,0,5,0.0024126663338392973,0
molecola_24562,6,0,6,0.0001260082353837788,0
molecola_24562,7,0,7,0.00010891404235735536,0
molecola_24562,8,0,8,0.0004490820865612477,0
molecola_24562,9,0,9,0.0077116601169109344,0
molecola_24562,10,1,10,0.8893433213233948,1
molecola_24562,11,1,11,0.9040029048919678,1
molecola_24562,12,0,12,0.900741457939148,1
molecola_24562,13,0,13,0.8951553106307983,1
molecola_24562,14,0,14,0.007765744347125292,0
molecola_24562,15,0,15,0.00022217111836653203,0
molecola_24562,16,0,16,0.9387361407279968,1
molecola_24562,17,0,17,0.010470696724951267,0
molecola_24562,18,0,18,0.9524932503700256,1
molecola_24562,19,0,19,0.9519329071044922,1
molecola_24562,20,0,20,0.9419227838516235,1
molecola_24562,21,0,21,0.0037434319965541363,0
molecola_24562,22,0,22,0.00017460991512052715,0
molecola_24562,23,0,23,0.9651326537132263,1
molecola_24562,24,0,24,0.0037773887161165476,0
molecola_24562,25,0,25,0.9719262719154358,1
molecola_24562,26,0,26,0.9696823954582214,1
molecola_24562,27,0,27,0.9684803485870361,1
molecola_24562,28,0,28,0.004249691031873226,0
molecola_24584,1,0,1,0.003171844407916069,0
molecola_24584,2,0,2,0.00720578245818615,0
molecola_24584,3,0,3,0.016800692304968834,0
molecola_24584,4,0,4,0.009013939648866653,0
molecola_24584,5,0,5,0.009013939648866653,0
molecola_24584,6,0,6,0.005634610075503588,0
molecola_24584,7,0,7,0.0016578867798671126,0
molecola_24584,8,0,8,0.0010579499648883939,0
molecola_24584,9,0,9,0.0015228129923343658,0
molecola_24584,10,0,10,0.0019876323640346527,0
molecola_24584,11,1,11,0.9776140451431274,1
molecola_24584,12,0,12,0.0014802514342591166,0
molecola_24584,13,0,13,0.0018782600527629256,0
molecola_24584,14,1,14,0.9798134565353394,1
molecola_24584,15,1,15,0.9862100481987,1
molecola_24584,16,1,16,0.982939600944519,1
molecola_24584,17,0,17,0.0016254406655207276,0
molecola_24584,18,0,18,0.0033503533340990543,0
molecola_24584,19,0,19,0.0012628716649487615,0
molecola_24609,1,0,1,0.0001455777237424627,0
molecola_24609,2,0,2,0.000212165541597642,0
molecola_24609,3,0,3,0.0001952045422513038,0
molecola_24609,4,0,4,0.000427642633439973,0
molecola_24609,5,0,5,0.005577845964580774,0
molecola_24609,6,1,6,0.9876910448074341,1
molecola_24609,7,1,7,0.9827200174331665,1
molecola_24609,8,0,8,0.03990568965673447,0
molecola_24609,9,0,9,0.6603056788444519,1
molecola_24609,10,0,10,0.006779883988201618,0
molecola_24609,11,0,11,0.003894767025485635,0
molecola_24609,12,0,12,0.005346586462110281,0
molecola_24855,1,0,1,0.00022926241217646748,0
molecola_24855,2,0,2,0.0005285741062834859,0
molecola_24855,3,0,3,0.0004417368909344077,0
molecola_24855,4,0,4,0.0004417368909344077,0
molecola_24855,5,0,5,0.001737853861413896,0
molecola_24855,6,0,6,0.09713565558195114,0
molecola_24855,7,1,7,0.9389517307281494,1
molecola_24855,8,1,8,0.9247121810913086,1
molecola_24855,9,1,9,0.8651989102363586,1
molecola_24855,10,1,10,0.8911614418029785,1
molecola_24855,11,1,11,0.9244470596313477,1
molecola_24855,12,1,12,0.942435622215271,1
molecola_24855,13,0,13,0.017172522842884064,0
molecola_24855,14,0,14,0.006080383434891701,0
molecola_24855,15,0,15,0.0024379303213208914,0
molecola_24855,16,0,16,0.0005934908986091614,0
molecola_24855,17,0,17,0.00043318033567629755,0
molecola_24855,18,0,18,0.0005934908986091614,0
molecola_24855,19,0,19,0.0024379303213208914,0
molecola_25124,1,0,1,0.25085514783859253,0
molecola_25124,2,1,2,0.9848183393478394,1
molecola_25124,3,1,3,0.9829734563827515,1
molecola_25124,4,0,4,0.6392607092857361,1
molecola_25124,5,0,5,0.0009366191807202995,0
molecola_25124,6,0,6,0.00013014284195378423,0
molecola_25124,7,0,7,0.0003206670517101884,0
molecola_25124,8,0,8,0.0011659963056445122,0
molecola_25124,9,0,9,0.014121332205832005,0
molecola_25124,10,0,10,0.013635111041367054,0
molecola_25266,1,1,1,0.9978713989257812,1
molecola_25266,2,1,2,0.9985834360122681,1
molecola_25266,3,0,3,0.0006950244423933327,0
molecola_25266,4,0,4,0.004410735331475735,0
molecola_25266,5,0,5,0.005886887200176716,0
molecola_25266,6,0,6,0.004064657725393772,0
molecola_25266,7,0,7,0.006377984303981066,0
molecola_25266,8,0,8,0.008428091183304787,0
molecola_25266,9,0,9,0.01830446347594261,0
molecola_25266,10,0,10,0.007018465083092451,0
molecola_25266,11,0,11,0.0007080895593389869,0
molecola_25266,12,0,12,0.000722029188182205,0
molecola_25266,13,0,13,0.003543523605912924,0
molecola_25266,14,0,14,0.023331746459007263,0
molecola_25286,1,1,1,0.9865764379501343,1
molecola_25286,2,1,2,0.9922949075698853,1
molecola_25286,3,0,3,0.0065422519110143185,0
molecola_25286,4,0,4,0.0013114317553117871,0
molecola_25286,5,0,5,0.0011203549802303314,0
molecola_25286,6,0,6,0.0023047260474413633,0
molecola_25286,7,0,7,0.00271504744887352,0
molecola_25286,8,0,8,0.00544134434312582,0
molecola_25286,9,0,9,0.004863870795816183,0
molecola_25286,10,0,10,0.0010650793556123972,0
molecola_25286,11,0,11,0.0007849149988032877,0
molecola_25286,12,0,12,0.0002770405262708664,0
molecola_25286,13,0,13,0.002431819448247552,0
molecola_25361,1,0,1,0.00025740123237483203,0
molecola_25361,2,0,2,0.00041214184602722526,0
molecola_25361,3,0,3,0.001167924958281219,0
molecola_25361,4,0,4,0.0026420585345476866,0
molecola_25361,5,0,5,0.0013160280650481582,0
molecola_25361,6,1,6,0.9981482028961182,1
molecola_25361,7,1,7,0.997455894947052,1
molecola_25361,8,0,8,0.011407089419662952,0
molecola_25361,9,0,9,0.01199562381953001,0
molecola_25361,10,0,10,0.016780493780970573,0
molecola_25361,11,0,11,0.02164972573518753,0
molecola_25361,12,0,12,0.025423232465982437,0
molecola_25361,13,0,13,0.3968677520751953,0
molecola_25361,14,0,14,0.09989813715219498,0
molecola_25361,15,0,15,0.8975675702095032,1
molecola_25361,16,0,16,0.8161535263061523,1
molecola_25361,17,0,17,0.005309389438480139,0
molecola_25888,1,0,1,0.00708506116643548,0
molecola_25888,2,0,2,0.005919174756854773,0
molecola_25888,3,0,3,0.0035102153196930885,0
molecola_25888,4,0,4,0.0013889598194509745,0
molecola_25888,5,0,5,0.0014024402480572462,0
molecola_25888,6,0,6,0.0012367735616862774,0
molecola_25888,7,0,7,0.0023231105878949165,0
molecola_25888,8,0,8,0.0011504375142976642,0
molecola_25888,9,1,9,0.998145341873169,1
molecola_25888,10,1,10,0.9974418878555298,1
molecola_25888,11,0,11,0.0009748464217409492,0
molecola_25888,12,0,12,0.0007282578735612333,0
molecola_25888,13,0,13,0.0007282578735612333,0
molecola_25888,14,0,14,0.0011019816156476736,0
molecola_25888,15,0,15,0.001279051648452878,0
molecola_25888,16,0,16,0.0018152568954974413,0
molecola_25888,17,0,17,0.0011764948721975088,0
molecola_25888,18,0,18,0.0014634953113272786,0
molecola_25888,19,0,19,0.0009686466655693948,0
molecola_25888,20,0,20,0.001345671946182847,0
molecola_25888,21,0,21,0.0019242310663685203,0
molecola_25888,22,0,22,0.0008531887433491647,0
molecola_25888,23,0,23,0.002741408534348011,0
molecola_25888,24,0,24,0.0010569989681243896,0
molecola_25888,25,0,25,0.0012915338156744838,0
molecola_2591,1,0,1,0.00023570684425067157,0
molecola_2591,2,0,2,0.00032873620511963964,0
molecola_2591,3,0,3,0.0006957189179956913,0
molecola_2591,4,0,4,0.0014683076879009604,0
molecola_2591,5,0,5,0.015969570726156235,0
molecola_2591,6,0,6,0.002556973835453391,0
molecola_2591,7,0,7,0.0006068198708817363,0
molecola_2591,8,0,8,0.00042657286394387484,0
molecola_2591,9,0,9,0.00023531568876933306,0
molecola_2591,10,0,10,0.00013119545474182814,0
molecola_2591,11,0,11,9.502320608589798e-05,0
molecola_2591,12,0,12,0.0001018933835439384,0
molecola_2591,13,0,13,9.752857295097783e-05,0
molecola_2591,14,0,14,9.789335308596492e-05,0
molecola_2591,15,0,15,0.00011405287659727037,0
molecola_2591,16,0,16,0.00025116116739809513,0
molecola_2591,17,0,17,0.00011405287659727037,0
molecola_2591,18,0,18,9.789335308596492e-05,0
molecola_2591,19,0,19,0.0011310352711007,0
molecola_2591,20,0,20,0.0013810363598167896,0
molecola_2591,21,0,21,0.002910204464569688,0
molecola_2591,22,0,22,0.007522732485085726,0
molecola_2591,23,0,23,0.004981848876923323,0
molecola_2591,24,0,24,0.0030349569860845804,0
molecola_2591,25,0,25,0.0009341976838186383,0
molecola_2591,26,0,26,0.0017715675057843328,0
molecola_2591,27,0,27,0.0016817981377243996,0
molecola_2591,28,0,28,0.0035951805766671896,0
molecola_2591,29,1,29,0.9854840636253357,1
molecola_2591,30,1,30,0.980810821056366,1
molecola_2591,31,0,31,0.13337410986423492,0
molecola_27065,1,0,1,0.39761286973953247,0
molecola_27065,2,1,2,0.9714735746383667,1
molecola_27065,3,0,3,0.39761286973953247,0
molecola_27065,4,1,4,0.9789218902587891,1
molecola_27065,5,1,5,0.9726788401603699,1
molecola_27065,6,1,6,0.9728570580482483,1
molecola_27065,7,0,7,0.013768060132861137,0
molecola_27065,8,0,8,0.009306613355875015,0
molecola_27065,9,0,9,0.018739668652415276,0
molecola_27065,10,0,10,0.009452598169445992,0
molecola_27065,11,0,11,0.003315950743854046,0
molecola_27065,12,0,12,0.0007315682014450431,0
molecola_27065,13,0,13,0.000685202656313777,0
molecola_27065,14,0,14,0.0010431966511532664,0
molecola_27065,15,0,15,0.004961910657584667,0
molecola_2712,1,0,1,0.006724664010107517,0
molecola_2712,2,0,2,0.0052108727395534515,0
molecola_2712,3,0,3,0.002353445626795292,0
molecola_2712,4,0,4,0.0004483376396819949,0
molecola_2712,5,0,5,0.0003041075251530856,0
molecola_2712,6,0,6,0.0006892469245940447,0
molecola_2712,7,0,7,0.002908605383709073,0
molecola_2712,8,0,8,0.0026188353076577187,0
molecola_2712,9,0,9,0.0018263376550748944,0
molecola_2712,10,1,10,0.9983980059623718,1
molecola_2712,11,1,11,0.9978299736976624,1
molecola_2712,12,0,12,0.006269269622862339,0
molecola_2712,13,0,13,0.005046715959906578,0
molecola_2712,14,0,14,0.0036365760024636984,0
molecola_2712,15,0,15,0.004833330400288105,0
molecola_2712,16,0,16,0.009023535996675491,0
molecola_2712,17,0,17,0.0019395753042772412,0
molecola_2712,18,0,18,0.015374679118394852,0
molecola_2712,19,0,19,0.016485584899783134,0
molecola_2712,20,0,20,0.009023535996675491,0
molecola_2712,21,0,21,0.0019395753042772412,0
molecola_2712,22,0,22,0.004833330400288105,0
molecola_27126,1,0,1,0.000136857051984407,0
molecola_27126,2,0,2,0.00021720430231653154,0
molecola_27126,3,0,3,0.006620997563004494,0
molecola_27126,4,0,4,0.0008626620401628315,0
molecola_27126,5,0,5,0.0020377065520733595,0
molecola_27126,6,0,6,0.0016126128612086177,0
molecola_27126,7,0,7,0.002843643771484494,0
molecola_27126,8,0,8,0.0015572626143693924,0
molecola_27126,9,0,9,0.0014811763539910316,0
molecola_27126,10,0,10,0.001554999966174364,0
molecola_27126,11,0,11,0.000884148757904768,0
molecola_27126,12,0,12,0.0022196369245648384,0
molecola_27126,13,0,13,0.0013785293558612466,0
molecola_27126,14,0,14,0.0013785293558612466,0
molecola_27126,15,0,15,0.0013785293558612466,0
molecola_27126,16,0,16,0.05520562827587128,0
molecola_27126,17,0,17,0.03599996492266655,0
molecola_27126,18,0,18,0.046853020787239075,0
molecola_27126,19,0,19,0.023326272144913673,0
molecola_27126,20,0,20,0.01392798125743866,0
molecola_27126,21,0,21,0.013564311899244785,0
molecola_27126,22,0,22,0.015023198910057545,0
molecola_27126,23,0,23,0.0014232640387490392,0
molecola_27126,24,0,24,0.0001484497042838484,0
molecola_27126,25,0,25,9.81599441729486e-05,0
molecola_27126,26,0,26,8.467382576782256e-05,0
molecola_27126,27,0,27,0.0008857736829668283,0
molecola_27126,28,1,28,0.9984056353569031,1
molecola_27126,29,1,29,0.9977551102638245,1
molecola_27475,1,0,1,0.000138096118462272,0
molecola_27475,2,0,2,0.0003341619740240276,0
molecola_27475,3,1,3,0.9984862208366394,1
molecola_27475,4,1,4,0.997776210308075,1
molecola_27479,1,0,1,0.00010186113649979234,0
molecola_27479,2,0,2,0.00011111194180557504,0
molecola_27479,3,0,3,0.00011596566037042066,0
molecola_27479,4,0,4,0.00011435386841185391,0
molecola_27479,5,0,5,0.00011398241622373462,0
molecola_27479,6,0,6,0.00011390657891752198,0
molecola_27479,7,0,7,0.0001139039741246961,0
molecola_27479,8,0,8,0.0001139039741246961,0
molecola_27479,9,0,9,0.0001139039741246961,0
molecola_27479,10,0,10,0.0001139039741246961,0
molecola_27479,11,0,11,0.00011393949534976855,0
molecola_27479,12,0,12,0.00011429173173382878,0
molecola_27479,13,0,13,0.00011951296619372442,0
molecola_27479,14,0,14,0.0023273129481822252,0
molecola_27479,15,1,15,0.9681613445281982,1
molecola_27479,16,1,16,0.9868320226669312,1
molecola_27479,17,1,17,0.9813289642333984,1
molecola_27479,18,1,18,0.9597538113594055,1
molecola_27479,19,0,19,0.0014362608781084418,0
molecola_27479,20,0,20,0.004900417756289244,0
molecola_27479,21,0,21,0.00015332581824623048,0
molecola_27535,1,0,1,0.00014790473505854607,0
molecola_27535,2,0,2,0.001340522081591189,0
molecola_27535,3,0,3,0.0004119048244319856,0
molecola_27535,4,0,4,0.006435931194573641,0
molecola_27535,5,0,5,0.8804098963737488,1
molecola_27535,6,0,6,0.9022918939590454,1
molecola_27535,7,1,7,0.9297801852226257,1
molecola_27535,8,1,8,0.9556048512458801,1
molecola_27535,9,0,9,0.0011721651535481215,0
molecola_27535,10,0,10,0.00011841374362120405,0
molecola_27535,11,0,11,0.00014140488929115236,0
molecola_27535,12,0,12,0.00017190526705235243,0
molecola_27535,13,0,13,0.00011931802146136761,0
molecola_27535,14,0,14,0.0015690478030592203,0
molecola_27535,15,0,15,0.964155375957489,1
molecola_27535,16,0,16,0.9757463932037354,1
molecola_27535,17,0,17,0.9732300043106079,1
molecola_27535,18,0,18,0.9707518815994263,1
molecola_27535,19,0,19,0.004237734246999025,0
molecola_27535,20,0,20,0.0025358758866786957,0
molecola_27535,21,0,21,0.0002105641906382516,0
molecola_27535,22,0,22,0.0002104243030771613,0
molecola_27535,23,0,23,0.00018649034609552473,0
molecola_27535,24,0,24,0.00017798850603867322,0
molecola_27535,25,0,25,0.9946897029876709,1
molecola_27535,26,0,26,0.9922515749931335,1
molecola_27642,1,0,1,0.00010190018656430766,0
molecola_27642,2,0,2,0.00011127417383249849,0
molecola_27642,3,0,3,0.00011887658183695748,0
molecola_27642,4,0,4,0.00015496848209295422,0
molecola_27642,5,0,5,0.0004958241479471326,0
molecola_27642,6,0,6,0.03392309695482254,0
molecola_27642,7,0,7,0.0021185865625739098,0
molecola_27642,8,0,8,0.9364166855812073,1
molecola_27642,9,0,9,0.9104613065719604,1
molecola_27642,10,0,10,0.008084077388048172,0
molecola_27642,11,0,11,0.9486599564552307,1
molecola_27642,12,0,12,0.9298093318939209,1
molecola_27642,13,1,13,0.875807523727417,1
molecola_27642,14,1,14,0.8942922353744507,1
molecola_27642,15,0,15,0.007392754312604666,0
molecola_27642,16,0,16,0.0004895658348686993,0
molecola_27642,17,0,17,0.0001235415111295879,0
molecola_27642,18,0,18,0.00011519000690896064,0
molecola_27642,19,0,19,0.00011864793486893177,0
molecola_27642,20,0,20,0.0008464882266707718,0
molecola_27642,21,0,21,0.00452573923394084,0
molecola_27642,22,0,22,0.028544243425130844,0
molecola_27642,23,0,23,0.014903045259416103,0
molecola_27642,24,0,24,0.014903045259416103,0
molecola_28252,1,0,1,0.0002624279004521668,0
molecola_28252,2,0,2,0.011059417389333248,0
molecola_28252,3,0,3,0.0006736423238180578,0
molecola_28252,4,0,4,0.0014328169636428356,0
molecola_28252,5,0,5,0.18808159232139587,0
molecola_28252,6,0,6,0.0157126747071743,0
molecola_28252,7,0,7,0.965009331703186,1
molecola_28252,8,0,8,0.9688582420349121,1
molecola_28252,9,1,9,0.9413921236991882,1
molecola_28252,10,1,10,0.9242350459098816,1
molecola_28252,11,0,11,0.010302731767296791,0
molecola_28252,12,0,12,0.000341693201335147,0
molecola_28252,13,0,13,0.00019516229804139584,0
molecola_28252,14,0,14,0.00012225114915054291,0
molecola_28252,15,0,15,0.00013703333388548344,0
molecola_28252,16,0,16,0.002434306778013706,0
molecola_28252,17,0,17,0.00017515102808829397,0
molecola_28252,18,0,18,0.00014663737965747714,0
molecola_28252,19,0,19,0.00012357343803159893,0
molecola_28252,20,0,20,0.002252871636301279,0
molecola_28252,21,0,21,0.9630849957466125,1
molecola_28252,22,0,22,0.005578277166932821,0
molecola_28252,23,0,23,0.9705567359924316,1
molecola_28252,24,0,24,0.9683259725570679,1
molecola_28252,25,0,25,0.967340886592865,1
molecola_28252,26,0,26,0.004262846894562244,0
molecola_28615,1,0,1,0.00012053177488269284,0
molecola_28615,2,0,2,0.00019398238509893417,0
molecola_28615,3,0,3,0.00012053177488269284,0
molecola_28615,4,0,4,0.00014560633280780166,0
molecola_28615,5,0,5,0.0029198492411524057,0
molecola_28615,6,0,6,0.00012101870379410684,0
molecola_28615,7,0,7,0.00015470980724785477,0
molecola_28615,8,0,8,0.00014846271369606256,0
molecola_28615,9,0,9,0.00012038039130857214,0
molecola_28615,10,0,10,0.0011804754612967372,0
molecola_28615,11,1,11,0.9554027318954468,1
molecola_28615,12,1,12,0.9296724200248718,1
molecola_28615,13,0,13,0.8804119229316711,1
molecola_28615,14,0,14,0.9022918343544006,1
molecola_28615,15,0,15,0.00658632954582572,0
molecola_28615,16,0,16,0.0004392479022499174,0
molecola_28615,17,0,17,0.0014848834834992886,0
molecola_28615,18,0,18,0.00016624869022052735,0
molecola_28615,19,0,19,0.00021008148905821145,0
molecola_28615,20,0,20,0.00021905614994466305,0
molecola_28615,21,0,21,0.00019060443446505815,0
molecola_28615,22,0,22,0.00015499640721827745,0
molecola_28615,23,0,23,0.00016582249372731894,0
molecola_28615,24,0,24,0.003935682121664286,0
molecola_28615,25,0,25,0.00018261892546433955,0
molecola_28615,26,0,26,0.8937684893608093,1
molecola_28615,27,0,27,0.0027610810939222574,0
molecola_28615,28,0,28,0.9118384122848511,1
molecola_28615,29,0,29,0.9140537977218628,1
molecola_28615,30,0,30,0.8978691101074219,1
molecola_28615,31,0,31,0.010157511569559574,0
molecola_2868,1,1,1,0.9498494863510132,1
molecola_2868,2,1,2,0.9566228985786438,1
molecola_2868,3,0,3,0.6394845843315125,1
molecola_2868,4,0,4,0.5926515460014343,1
molecola_2868,5,0,5,0.29291650652885437,0
molecola_2868,6,0,6,0.0037733407225459814,0
molecola_2868,7,0,7,0.0005617067799903452,0
molecola_2868,8,0,8,0.00042839255183935165,0
molecola_2868,9,0,9,0.0005617067799903452,0
molecola_2868,10,0,10,0.0037733407225459814,0
molecola_28680,1,0,1,0.0009509088704362512,0
molecola_28680,2,0,2,0.0011152734514325857,0
molecola_28680,3,0,3,0.0015616763848811388,0
molecola_28680,4,0,4,0.001306092948652804,0
molecola_28680,5,0,5,0.014000835828483105,0
molecola_28680,6,1,6,0.9775084257125854,1
molecola_28680,7,1,7,0.9725462198257446,1
molecola_28680,8,0,8,0.01185726560652256,0
molecola_28680,9,0,9,0.002409283071756363,0
molecola_28680,10,0,10,0.0007397463778033853,0
molecola_28680,11,0,11,0.0006620926433242857,0
molecola_28680,12,0,12,0.0010435654548928142,0
molecola_28680,13,0,13,0.00373059487901628,0
molecola_28680,14,0,14,0.001070731203071773,0
molecola_28872,1,0,1,0.00021781028772238642,0
molecola_28872,2,0,2,0.0002809166326187551,0
molecola_28872,3,0,3,0.0006586264935322106,0
molecola_28872,4,0,4,0.0006454295944422483,0
molecola_28872,5,0,5,0.0014776980970054865,0
molecola_28872,6,0,6,0.004170040600001812,0
molecola_28872,7,0,7,0.0014776980970054865,0
molecola_28872,8,0,8,0.0006454295944422483,0
molecola_28872,9,0,9,0.0073968213982880116,0
molecola_28872,10,0,10,0.0026172553189098835,0
molecola_28872,11,0,11,0.002669653622433543,0
molecola_28872,12,0,12,0.0002575925027485937,0
molecola_28872,13,0,13,0.0003917091235052794,0
molecola_28872,14,1,14,0.9985761642456055,1
molecola_28872,15,1,15,0.997866690158844,1
molecola_28872,16,0,16,0.002813482191413641,0
molecola_28872,17,0,17,0.0062734331004321575,0
molecola_28872,18,0,18,0.0030730783473700285,0
molecola_28872,19,0,19,0.0014003474498167634,0
molecola_28872,20,0,20,0.0011270488612353802,0
molecola_28872,21,0,21,0.0012353066122159362,0
molecola_28872,22,0,22,0.0005442399415187538,0
molecola_28872,23,0,23,0.0011270488612353802,0
molecola_28872,24,0,24,0.0014003474498167634,0
molecola_29071,1,0,1,0.006498584058135748,0
molecola_29071,2,0,2,0.009541303850710392,0
molecola_29071,3,0,3,0.00500313937664032,0
molecola_29071,4,0,4,0.019946366548538208,0
molecola_29071,5,0,5,0.06874921172857285,0
molecola_29071,6,0,6,0.01966874487698078,0
molecola_29071,7,0,7,0.02438204549252987,0
molecola_29071,8,0,8,0.006479005794972181,0
molecola_29071,9,0,9,0.004826624412089586,0
molecola_29071,10,0,10,0.00014990742783993483,0
molecola_29071,11,0,11,9.760123066371307e-05,0
molecola_29071,12,0,12,0.00010116225166711956,0
molecola_29071,13,0,13,0.00036113738315179944,0
molecola_29071,14,0,14,0.005167725961655378,0
molecola_29071,15,0,15,0.00036113738315179944,0
molecola_29071,16,0,16,0.00010116225166711956,0
molecola_29071,17,1,17,0.9837139844894409,1
molecola_29071,18,1,18,0.9772297739982605,1
molecola_29071,19,0,19,0.00868141371756792,0
molecola_29071,20,0,20,0.0024392236955463886,0
molecola_29071,21,0,21,0.001166346250101924,0
molecola_29071,22,0,22,0.0013381794560700655,0
molecola_29071,23,0,23,0.0006243783282116055,0
molecola_29071,24,0,24,0.001166346250101924,0
molecola_29071,25,0,25,0.0024392236955463886,0
molecola_29071,26,0,26,0.004470170475542545,0
molecola_29071,27,0,27,0.006463498808443546,0
molecola_29071,28,0,28,0.011069602333009243,0
molecola_29071,29,0,29,0.08111750334501266,0
molecola_29071,30,0,30,0.01853165775537491,0
molecola_29140,1,1,1,0.9746614694595337,1
molecola_29140,2,1,2,0.9836022853851318,1
molecola_29140,3,1,3,0.9802758693695068,1
molecola_29140,4,1,4,0.9752117991447449,1
molecola_29140,5,0,5,0.00234983884729445,0
molecola_29140,6,0,6,0.0009604759397916496,0
molecola_29140,7,0,7,0.0008018914377316833,0
molecola_29140,8,0,8,0.00036617461591959,0
molecola_29140,9,0,9,0.0002552418736740947,0
molecola_29140,10,0,10,0.0002875479112844914,0
molecola_29140,11,0,11,0.0008821110823191702,0
molecola_29140,12,0,12,0.0007949382998049259,0
molecola_29140,13,0,13,0.00036617461591959,0
molecola_29140,14,0,14,0.0002552418736740947,0
molecola_29140,15,0,15,0.0002875479112844914,0
molecola_29140,16,0,16,0.0008821110823191702,0
molecola_29140,17,0,17,0.0007949382998049259,0
molecola_29140,18,0,18,0.00036617461591959,0
molecola_29140,19,0,19,0.0002554956008680165,0
molecola_29140,20,0,20,0.0002938778488896787,0
molecola_29140,21,0,21,0.0009385531884618104,0
molecola_29140,22,0,22,0.0008014410850591958,0
molecola_29140,23,0,23,0.0003672236925922334,0
molecola_29140,24,0,24,0.0002825947303790599,0
molecola_29140,25,0,25,0.0001791075337678194,0
molecola_29179,1,0,1,0.013426573947072029,0
molecola_29179,2,0,2,0.024728721007704735,0
molecola_29179,3,0,3,0.013426573947072029,0
molecola_29179,4,0,4,0.125993549823761,0
molecola_29179,5,1,5,0.9481764435768127,1
molecola_29179,6,1,6,0.9279060959815979,1
molecola_29179,7,1,7,0.864957332611084,1
molecola_29179,8,1,8,0.8911662101745605,1
molecola_29179,9,1,9,0.9229727983474731,1
molecola_29179,10,1,10,0.9367462992668152,1
molecola_29179,11,0,11,0.13666045665740967,0
molecola_29179,12,0,12,0.010143037885427475,0
molecola_29179,13,0,13,0.013664763420820236,0
molecola_29179,14,0,14,0.004607334733009338,0
molecola_29179,15,0,15,0.0011148793855682015,0
molecola_29179,16,0,16,0.001166059635579586,0
molecola_29179,17,0,17,0.0009786819573491812,0
molecola_29179,18,0,18,0.001166059635579586,0
molecola_29179,19,0,19,0.004607332404702902,0
molecola_29179,20,0,20,0.0011148793855682015,0
molecola_29245,1,0,1,0.006681543309241533,0
molecola_29245,2,0,2,0.004986715968698263,0
molecola_29245,3,0,3,0.0023857629857957363,0
molecola_29245,4,0,4,0.0006938215810805559,0
molecola_29245,5,0,5,0.0005644048796966672,0
molecola_29245,6,0,6,0.0006486217025667429,0
molecola_29245,7,0,7,0.0017669550143182278,0
molecola_29245,8,0,8,0.0010676683159545064,0
molecola_29245,9,1,9,0.9981456995010376,1
molecola_29245,10,1,10,0.9974418878555298,1
molecola_29287,1,1,1,0.9025754928588867,1
molecola_29287,2,1,2,0.9077416658401489,1
molecola_29287,3,0,3,0.25699612498283386,0
molecola_29287,4,0,4,0.029108824208378792,0
molecola_29287,5,0,5,0.0037880768068134785,0
molecola_29287,6,0,6,0.015045829117298126,0
molecola_29287,7,0,7,0.043861329555511475,0
molecola_29287,8,0,8,0.057336822152137756,0
molecola_29287,9,0,9,0.042979903519153595,0
molecola_29287,10,0,10,0.011105447076261044,0
molecola_29287,11,0,11,0.0007467999821528792,0
molecola_29287,12,0,12,0.0006833886727690697,0
molecola_29287,13,0,13,0.0011907961452379823,0
molecola_29287,14,0,14,0.016507593914866447,0
molecola_29287,15,0,15,0.0020725145004689693,0
molecola_29287,16,0,16,0.0008086729212664068,0
molecola_29287,17,0,17,0.0005622917087748647,0
molecola_29287,18,0,18,0.00044000500929541886,0
molecola_29287,19,0,19,0.0005622917087748647,0
molecola_29287,20,0,20,0.0008086729212664068,0
molecola_29287,21,0,21,0.014302893541753292,0
molecola_29287,22,0,22,0.0008660271996632218,0
molecola_29287,23,0,23,0.0006783975986763835,0
molecola_29287,24,0,24,0.0008006476564332843,0
molecola_29287,25,0,25,0.0035652013029903173,0
molecola_29456,1,0,1,0.0002824080875143409,0
molecola_29456,2,0,2,0.0012179043842479587,0
molecola_29456,3,0,3,0.014303578063845634,0
molecola_29456,4,0,4,0.021929560229182243,0
molecola_29456,5,0,5,0.2117072343826294,0
molecola_29456,6,0,6,0.013069739565253258,0
molecola_29456,7,0,7,0.003140067681670189,0
molecola_29456,8,0,8,0.004140274133533239,0
molecola_29456,9,0,9,0.005864765495061874,0
molecola_29456,10,0,10,0.006591807585209608,0
molecola_29456,11,0,11,0.003978789784014225,0
molecola_29456,12,0,12,0.04972554370760918,0
molecola_29456,13,0,13,0.05007275566458702,0
molecola_29456,14,0,14,0.20276573300361633,0
molecola_29456,15,0,15,0.013848968781530857,0
molecola_29456,16,0,16,0.00034135847818106413,0
molecola_29456,17,0,17,0.00015026664186734706,0
molecola_29456,18,0,18,0.00033585948403924704,0
molecola_29456,19,1,19,0.9985771179199219,1
molecola_29456,20,1,20,0.997873067855835,1
molecola_29571,1,0,1,0.00111738545820117,0
molecola_29571,2,0,2,0.0015467287739738822,0
molecola_29571,3,1,3,0.9974327683448792,1
molecola_29571,4,1,4,0.9962809681892395,1
molecola_29571,5,0,5,0.0004367956717032939,0
molecola_29571,6,0,6,0.00013535533798858523,0
molecola_29571,7,0,7,0.00018105554045177996,0
molecola_29571,8,0,8,0.0007823577616363764,0
molecola_29571,9,0,9,0.0012297560460865498,0
molecola_29571,10,0,10,0.00221715634688735,0
molecola_29571,11,0,11,0.0008102417923510075,0
molecola_29571,12,0,12,0.0013939151540398598,0
molecola_29571,13,0,13,0.0008765477687120438,0
molecola_29571,14,0,14,0.0010905390372499824,0
molecola_29571,15,0,15,0.0003834707022178918,0
molecola_29619,1,0,1,0.00011791897122748196,0
molecola_29619,2,0,2,0.00015390849148388952,0
molecola_29619,3,0,3,0.00014786454266868532,0
molecola_29619,4,0,4,0.00011562171130208299,0
molecola_29619,5,0,5,0.00012049684301018715,0
molecola_29619,6,0,6,0.00013539550127461553,0
molecola_29619,7,0,7,0.00012557115405797958,0
molecola_29619,8,0,8,0.00010882808419410139,0
molecola_29619,9,0,9,0.00012474039976950735,0
molecola_29619,10,0,10,0.0017476744251325727,0
molecola_29619,11,0,11,0.000143046781886369,0
molecola_29619,12,0,12,0.00014155570534057915,0
molecola_29619,13,0,13,0.00011670514504658058,0
molecola_29619,14,0,14,0.0015538698062300682,0
molecola_29619,15,1,15,0.9529520273208618,1
molecola_29619,16,1,16,0.9755021333694458,1
molecola_29619,17,1,17,0.9680298566818237,1
molecola_29619,18,1,18,0.96692955493927,1
molecola_29619,19,0,19,0.41319364309310913,0
molecola_29619,20,0,20,0.41319364309310913,0
molecola_29619,21,0,21,0.00012299376248847693,0
molecola_29619,22,0,22,0.00010949531861115247,0
molecola_29619,23,0,23,0.00011481331603135914,0
molecola_29619,24,0,24,0.00015928068023640662,0
molecola_29619,25,0,25,0.00014607190678361803,0
molecola_29619,26,0,26,0.0001368903467664495,0
molecola_29658,1,0,1,0.00012317567598074675,0
molecola_29658,2,0,2,0.0001337388384854421,0
molecola_29658,3,0,3,0.0001476485631428659,0
molecola_29658,4,0,4,0.0016503597144037485,0
molecola_29658,5,0,5,0.0007261469727382064,0
molecola_29658,6,1,6,0.9984033703804016,1
molecola_29658,7,1,7,0.9977558255195618,1
molecola_29658,8,0,8,0.777258038520813,1
molecola_29658,9,0,9,0.8217880129814148,1
molecola_29658,10,0,10,0.7695052623748779,1
molecola_29658,11,0,11,0.7348013520240784,1
molecola_29658,12,0,12,0.1712794154882431,0
molecola_29658,13,0,13,0.02003680355846882,0
molecola_29658,14,0,14,0.002411455847322941,0
molecola_29658,15,0,15,0.002578710438683629,0
molecola_29658,16,0,16,0.0009016671101562679,0
molecola_29658,17,0,17,0.0006446756306104362,0
molecola_29658,18,0,18,0.0007148052100092173,0
molecola_29658,19,0,19,0.0011489787138998508,0
molecola_29658,20,0,20,0.013325712643563747,0
molecola_29658,21,0,21,0.1741456836462021,0
molecola_29658,22,0,22,0.0051459395326673985,0
molecola_29714,1,0,1,0.00012963823974132538,0
molecola_29714,2,0,2,0.00018005237507168204,0
molecola_29714,3,0,3,0.0005464613786898553,0
molecola_29714,4,0,4,0.0007029735133983195,0
molecola_29714,5,0,5,0.0019383793696761131,0
molecola_29714,6,0,6,0.010743805207312107,0
molecola_29714,7,0,7,0.00104551634285599,0
molecola_29714,8,0,8,0.0005874192574992776,0
molecola_29714,9,1,9,0.9883714318275452,1
molecola_29714,10,1,10,0.9837178587913513,1
molecola_29714,11,0,11,0.007726762909442186,0
molecola_29714,12,0,12,0.0006075114361010492,0
molecola_29714,13,0,13,0.0005183874745853245,0
molecola_29714,14,0,14,0.0005257331067696214,0
molecola_29714,15,0,15,0.0007340312586165965,0
molecola_29714,16,0,16,0.0007163787959143519,0
molecola_29714,17,0,17,0.0005400388617999852,0
molecola_29714,18,0,18,0.0016518827760592103,0
molecola_29714,19,0,19,0.0010342341847717762,0
molecola_29714,20,0,20,0.0014182640006765723,0
molecola_29714,21,0,21,0.0021219945047050714,0
molecola_29714,22,0,22,0.0012336658546701074,0
molecola_29714,23,0,23,0.001779043348506093,0
molecola_29714,24,0,24,0.0024320255033671856,0
molecola_29714,25,0,25,0.0007340312586165965,0
molecola_29714,26,0,26,0.0005257331067696214,0
molecola_2972,1,0,1,0.00024391144688706845,0
molecola_2972,2,0,2,0.0005774537567049265,0
molecola_2972,3,0,3,0.0007175919599831104,0
molecola_2972,4,0,4,0.0013242673594504595,0
molecola_2972,5,0,5,0.0017074065981432796,0
molecola_2972,6,0,6,0.002461976371705532,0
molecola_2972,7,0,7,0.002071069087833166,0
molecola_2972,8,0,8,0.0010474099544808269,0
molecola_2972,9,0,9,0.0010995300253853202,0
molecola_2972,10,0,10,0.0011173695093020797,0
molecola_2972,11,0,11,0.0016199704259634018,0
molecola_2972,12,0,12,0.0019969844724982977,0
molecola_2972,13,0,13,0.001406863913871348,0
molecola_2972,14,0,14,0.0022790648508816957,0
molecola_2972,15,0,15,0.0025405429769307375,0
molecola_2972,16,0,16,0.0009454105165787041,0
molecola_2972,17,0,17,0.0004502941155806184,0
molecola_2972,18,0,18,0.0001521081430837512,0
molecola_2972,19,0,19,0.00014835532056167722,0
molecola_2972,20,0,20,0.00012077246356057003,0
molecola_2972,21,0,21,0.0003954264393541962,0
molecola_2972,22,1,22,0.9984470009803772,1
molecola_2972,23,1,23,0.9977585077285767,1
molecola_2972,24,0,24,0.0006086635985411704,0
molecola_2972,25,0,25,0.0005496376543305814,0
molecola_2972,26,0,26,0.0004988805158063769,0
molecola_2972,27,0,27,0.0004265985044185072,0
molecola_2972,28,0,28,0.0004988805158063769,0
molecola_2972,29,0,29,0.0005496376543305814,0
molecola_29777,1,0,1,0.00010164621198782697,0
molecola_29777,2,0,2,0.00011236624413868412,0
molecola_29777,3,0,3,0.00010314372048014775,0
molecola_29777,4,0,4,0.00012421043356880546,0
molecola_29777,5,0,5,0.00010573876352282241,0
molecola_29777,6,0,6,0.0001549209118820727,0
molecola_29777,7,0,7,0.00016784164472483099,0
molecola_29777,8,0,8,0.00018402338901069015,0
molecola_29777,9,0,9,0.0001421535707777366,0
molecola_29777,10,0,10,0.0014018967049196362,0
molecola_29777,11,1,11,0.971811056137085,1
molecola_29777,12,1,12,0.979146420955658,1
molecola_29777,13,1,13,0.9726054072380066,1
molecola_29777,14,1,14,0.9710242748260498,1
molecola_29777,15,0,15,0.40384551882743835,0
molecola_29777,16,0,16,0.40384551882743835,0
molecola_29813,1,0,1,0.00013053309521637857,0
molecola_29813,2,0,2,0.00017359362391289324,0
molecola_29813,3,0,3,0.0003928470832761377,0
molecola_29813,4,0,4,0.0005401289672590792,0
molecola_29813,5,0,5,0.001137752435170114,0
molecola_29813,6,0,6,0.0077099851332604885,0
molecola_29813,7,0,7,0.001137752435170114,0
molecola_29813,8,0,8,0.0005401289672590792,0
molecola_29813,9,1,9,0.9687061905860901,1
molecola_29813,10,0,10,0.01946467161178589,0
molecola_29813,11,1,11,0.9827326536178589,1
molecola_29813,12,1,12,0.9775993824005127,1
molecola_29813,13,1,13,0.9721856713294983,1
molecola_29970,1,0,1,0.00973804946988821,0
molecola_29970,2,1,2,0.9279472827911377,1
molecola_29970,3,0,3,0.00973804946988821,0
molecola_29970,4,0,4,0.00973804946988821,0
molecola_29970,5,1,5,0.9667556881904602,1
molecola_29970,6,1,6,0.9555496573448181,1
molecola_29970,7,1,7,0.9198281168937683,1
molecola_29970,8,0,8,0.0023154281079769135,0
molecola_29970,9,0,9,0.0013269672635942698,0
molecola_29970,10,0,10,0.000909750466234982,0
molecola_29970,11,0,11,0.0010456593008711934,0
molecola_29970,12,0,12,0.0012375088408589363,0
molecola_29970,13,0,13,0.000545022776350379,0
molecola_29970,14,0,14,0.0010456593008711934,0
molecola_29970,15,0,15,0.000909750466234982,0
molecola_29970,16,0,16,0.0029520050156861544,0
molecola_29970,17,0,17,0.00043307917076162994,0
molecola_29970,18,0,18,0.0002367670531384647,0
molecola_29970,19,0,19,0.0002665446954779327,0
molecola_29970,20,0,20,0.0003180019848514348,0
molecola_30005,1,0,1,0.0022088405676186085,0
molecola_30005,2,1,2,0.971430242061615,1
molecola_30005,3,0,3,0.0015100683085620403,0
molecola_30005,4,0,4,0.00015080707089509815,0
molecola_30005,5,0,5,0.00012501535820774734,0
molecola_30005,6,0,6,0.0016848801169544458,0
molecola_30005,7,0,7,0.00010828338417923078,0
molecola_30005,8,0,8,0.00011108205944765359,0
molecola_30005,9,0,9,0.00016110079013742507,0
molecola_30005,10,0,10,0.00013697834219783545,0
molecola_30005,11,0,11,0.00011220607120776549,0
molecola_30005,12,0,12,0.0001481030194554478,0
molecola_30005,13,0,13,0.000391211302485317,0
molecola_30005,14,0,14,0.00037759795668534935,0
molecola_30005,15,0,15,0.00015700630319770426,0
molecola_30005,16,0,16,0.00012882727605756372,0
molecola_30005,17,0,17,0.00017165631288662553,0
molecola_30005,18,0,18,0.0001341447205049917,0
molecola_30005,19,0,19,0.00016394157137256116,0
molecola_30005,20,0,20,0.00013813760597258806,0
molecola_30005,21,1,21,0.9741780161857605,1
molecola_30005,22,1,22,0.9826360940933228,1
molecola_30005,23,1,23,0.9789607524871826,1
molecola_30336,1,0,1,0.00023226169287227094,0
molecola_30336,2,0,2,0.00032454318716190755,0
molecola_30336,3,0,3,0.0009277676581405103,0
molecola_30336,4,0,4,0.0007619097013957798,0
molecola_30336,5,0,5,0.0009103865013457835,0
molecola_30336,6,0,6,0.0009964624186977744,0
molecola_30336,7,0,7,0.0003339778631925583,0
molecola_30336,8,0,8,0.0019948987755924463,0
molecola_30336,9,0,9,0.010929732583463192,0
molecola_30336,10,0,10,0.006179358344525099,0
molecola_30336,11,0,11,0.004888178780674934,0
molecola_30336,12,0,12,0.001021667616441846,0
molecola_30336,13,0,13,0.0001769847731338814,0
molecola_30336,14,0,14,0.00015684665413573384,0
molecola_30336,15,0,15,0.00012918068387079984,0
molecola_30336,16,0,16,0.00013896224845666438,0
molecola_30336,17,0,17,0.00034101566416211426,0
molecola_30336,18,1,18,0.998576283454895,1
molecola_30336,19,1,19,0.997875452041626,1
molecola_30336,20,0,20,0.0013464976800605655,0
molecola_30336,21,0,21,0.00243334355764091,0
molecola_30336,22,0,22,0.004269010853022337,0
molecola_30336,23,0,23,0.0021616173908114433,0
molecola_30336,24,0,24,0.002461767755448818,0
molecola_30336,25,0,25,0.0010304772295057774,0
molecola_30336,26,0,26,0.000702306570019573,0
molecola_30336,27,0,27,0.0004394502320792526,0
molecola_30336,28,0,28,0.0003514992422424257,0
molecola_30336,29,0,29,0.00039923444273881614,0
molecola_30336,30,0,30,0.0003344749566167593,0
molecola_30336,31,0,31,0.00039923444273881614,0
molecola_30336,32,0,32,0.0003514992422424257,0
molecola_30336,33,0,33,0.0011631990782916546,0
molecola_30336,34,0,34,0.0012266220292076468,0
molecola_30336,35,0,35,0.0008432085742242634,0
molecola_3051,1,0,1,0.0016871297266334295,0
molecola_3051,2,0,2,0.005456595681607723,0
molecola_3051,3,0,3,0.004628281109035015,0
molecola_3051,4,0,4,0.0030348040163517,0
molecola_3051,5,0,5,0.0021460463758558035,0
molecola_3051,6,0,6,0.0011362035293132067,0
molecola_3051,7,0,7,0.0010032863356173038,0
molecola_3051,8,0,8,0.00046526119695045054,0
molecola_3051,9,0,9,0.0013741368893533945,0
molecola_3051,10,1,10,0.999790370464325,1
molecola_3051,11,1,11,0.9997263550758362,1
molecola_3051,12,0,12,0.0020885069388896227,0
molecola_3078,1,1,1,0.9996740818023682,1
molecola_3078,2,1,2,0.999665379524231,1
molecola_3078,3,0,3,0.0010252377251163125,0
molecola_3078,4,0,4,0.0004615974903572351,0
molecola_3078,5,0,5,0.0005385707481764257,0
molecola_3078,6,0,6,0.0007182165863923728,0
molecola_3078,7,0,7,0.0008132868097163737,0
molecola_3078,8,0,8,0.001577239716425538,0
molecola_3078,9,0,9,0.0014982004649937153,0
molecola_3078,10,0,10,0.0017687910003587604,0
molecola_3078,11,0,11,0.0008881458779796958,0
molecola_3078,12,0,12,0.0006075195269659162,0
molecola_3078,13,0,13,0.0004873446887359023,0
molecola_3078,14,0,14,0.00046061951434239745,0
molecola_3078,15,0,15,0.00047429761616513133,0
molecola_3078,16,0,16,0.0004209219478070736,0
molecola_3078,17,0,17,0.00047429761616513133,0
molecola_3078,18,0,18,0.00046061951434239745,0
molecola_30846,1,0,1,0.00011291811824776232,0
molecola_30846,2,0,2,0.00014028267469257116,0
molecola_30846,3,0,3,0.00011780107888625935,0
molecola_30846,4,0,4,0.00011712968989741057,0
molecola_30846,5,0,5,0.0001581007381901145,0
molecola_30846,6,0,6,0.00012233266897965223,0
molecola_30846,7,0,7,0.00012538820737972856,0
molecola_30846,8,0,8,0.0001473782176617533,0
molecola_30846,9,0,9,0.0022262386046350002,0
molecola_30846,10,0,10,0.00018346906290389597,0
molecola_30846,11,0,11,0.8998132348060608,1
molecola_30846,12,0,12,0.9014675617218018,1
molecola_30846,13,1,13,0.8589707016944885,1
molecola_30846,14,1,14,0.8853894472122192,1
molecola_30846,15,0,15,0.009146507829427719,0
molecola_30846,16,0,16,0.0007336892304010689,0
molecola_30846,17,0,17,0.00016317845438607037,0
molecola_30846,18,0,18,0.00013415598368737847,0
molecola_30846,19,0,19,0.00013636998482979834,0
molecola_30846,20,0,20,0.0026198006235063076,0
molecola_30846,21,0,21,0.0010133687173947692,0
molecola_30846,22,0,22,0.0028615978080779314,0
molecola_30846,23,0,23,0.0029333641286939383,0
molecola_30846,24,0,24,0.002203606767579913,0
molecola_30846,25,0,25,0.01231653057038784,0
molecola_30846,26,0,26,0.004017098341137171,0
molecola_30846,27,0,27,0.0026092117186635733,0
molecola_30846,28,0,28,0.00012881463044323027,0
molecola_30846,29,0,29,0.00013414458953775465,0
molecola_30846,30,0,30,0.000749435683246702,0
molecola_30846,31,0,31,0.00016393531404901296,0
molecola_30846,32,0,32,0.05271878466010094,0
molecola_30846,33,0,33,0.03520745784044266,0
molecola_30846,34,0,34,0.03520745784044266,0
molecola_30846,35,0,35,0.002434562658891082,0
molecola_30846,36,0,36,0.00017802431830205023,0
molecola_30846,37,0,37,0.0001288141356781125,0
molecola_30997,1,0,1,0.0001451452699257061,0
molecola_30997,2,0,2,0.00036542833549901843,0
molecola_30997,3,0,3,0.00012610535486601293,0
molecola_30997,4,0,4,0.0001180230246973224,0
molecola_30997,5,0,5,0.0001500518701504916,0
molecola_30997,6,0,6,0.0001320111332461238,0
molecola_30997,7,0,7,0.0001107708812924102,0
molecola_30997,8,0,8,0.00014938304957468063,0
molecola_30997,9,0,9,0.0007979650399647653,0
molecola_30997,10,0,10,0.0013213502243161201,0
molecola_30997,11,0,11,0.04731185361742973,0
molecola_30997,12,0,12,0.0045736124739050865,0
molecola_30997,13,1,13,0.9706596732139587,1
molecola_30997,14,1,14,0.9619544148445129,1
molecola_30997,15,0,15,0.0013136194320395589,0
molecola_30997,16,0,16,0.00015212525613605976,0
molecola_30997,17,0,17,0.0001382235059281811,0
molecola_30997,18,0,18,0.00011316950258333236,0
molecola_30997,19,0,19,0.00030152828549034894,0
molecola_30997,20,0,20,0.0013221785193309188,0
molecola_30997,21,0,21,0.0017652770038694143,0
molecola_30997,22,0,22,0.002027747221291065,0
molecola_30997,23,0,23,0.0012676222249865532,0
molecola_30997,24,0,24,0.001842068275436759,0
molecola_30997,25,0,25,0.0015514392871409655,0
molecola_30997,26,0,26,0.002760382601991296,0
molecola_30997,27,0,27,0.0014924192801117897,0
molecola_30997,28,0,28,0.0016085199313238263,0
molecola_30997,29,0,29,0.0018386713927611709,0
molecola_30997,30,0,30,0.0025190457236021757,0
molecola_30997,31,0,31,0.001728421775624156,0
molecola_30997,32,0,32,0.001728421775624156,0
molecola_30997,33,0,33,0.001728421775624156,0
molecola_30997,34,0,34,0.002214649459347129,0
molecola_30997,35,0,35,0.0013778782449662685,0
molecola_30997,36,0,36,0.0013778782449662685,0
molecola_30997,37,0,37,0.0013778782449662685,0
molecola_31005,1,0,1,0.00010274722444592044,0
molecola_31005,2,0,2,0.0001144107009167783,0
molecola_31005,3,0,3,0.00015199490007944405,0
molecola_31005,4,0,4,0.004556719213724136,0
molecola_31005,5,1,5,0.9519314169883728,1
molecola_31005,6,0,6,0.03297090530395508,0
molecola_31005,7,0,7,0.03297090530395508,0
molecola_31005,8,1,8,0.9723911285400391,1
molecola_31005,9,1,9,0.964535117149353,1
molecola_31005,10,1,10,0.9561518430709839,1
molecola_31005,11,0,11,0.0019885613583028316,0
molecola_31005,12,0,12,0.001662879134528339,0
molecola_31005,13,0,13,0.0026699111331254244,0
molecola_31005,14,0,14,0.00019566611445043236,0
molecola_31005,15,0,15,0.9753658771514893,1
molecola_31005,16,0,16,0.9821814894676208,1
molecola_31005,17,0,17,0.9794124364852905,1
molecola_31005,18,0,18,0.9731441736221313,1
molecola_31005,19,0,19,0.0027589064557105303,0
molecola_31005,20,0,20,0.005756716709583998,0
molecola_31005,21,0,21,0.028544466942548752,0
molecola_31005,22,0,22,0.014903436414897442,0
molecola_31005,23,0,23,0.014903436414897442,0
molecola_31311,1,0,1,0.0014057643711566925,0
molecola_31311,2,0,2,0.0016147616552188993,0
molecola_31311,3,0,3,0.0019953306764364243,0
molecola_31311,4,0,4,0.0011860862141475081,0
molecola_31311,5,0,5,0.0015747846337035298,0
molecola_31311,6,0,6,0.001068136771209538,0
molecola_31311,7,0,7,0.0021516461856663227,0
molecola_31311,8,0,8,0.010360605083405972,0
molecola_31311,9,0,9,0.018784869462251663,0
molecola_31311,10,0,10,0.0031005856581032276,0
molecola_31311,11,1,11,0.9314798712730408,1
molecola_31311,12,1,12,0.9088183641433716,1
molecola_31311,13,0,13,0.023383203893899918,0
molecola_31311,14,0,14,0.013446244411170483,0
molecola_31311,15,0,15,0.010795020498335361,0
molecola_31311,16,0,16,0.006944919936358929,0
molecola_31311,17,0,17,0.004651342518627644,0
molecola_31311,18,0,18,0.0026539377868175507,0
molecola_31311,19,0,19,0.010428332723677158,0
molecola_31358,1,0,1,0.0001031063511618413,0
molecola_31358,2,0,2,0.00010154962365049869,0
molecola_31358,3,0,3,0.00010891508281929418,0
molecola_31358,4,0,4,0.0003298283845651895,0
molecola_31358,5,0,5,0.002917422214522958,0
molecola_31358,6,0,6,0.009543078951537609,0
molecola_31358,7,0,7,0.005321619100868702,0
molecola_31358,8,0,8,0.001586419646628201,0
molecola_31358,9,0,9,0.0006903302273713052,0
molecola_31358,10,0,10,0.0005535473464988172,0
molecola_31358,11,0,11,0.0006083365296944976,0
molecola_31358,12,0,12,0.001183223444968462,0
molecola_31358,13,0,13,0.00018689459830056876,0
molecola_31358,14,0,14,0.0002500968403182924,0
molecola_31358,15,0,15,0.0012287860736250877,0
molecola_31358,16,0,16,0.0053450376726686954,0
molecola_31358,17,1,17,0.9930412769317627,1
molecola_31358,18,1,18,0.9879794120788574,1
molecola_31358,19,0,19,0.0012962580658495426,0
molecola_31358,20,0,20,0.0011934539070352912,0
molecola_31358,21,0,21,0.0038771568797528744,0
molecola_31358,22,0,22,0.0003298283845651895,0
molecola_31358,23,0,23,0.00010891508281929418,0
molecola_3164,1,0,1,0.0001249772176379338,0
molecola_3164,2,0,2,0.00018717744387686253,0
molecola_3164,3,0,3,0.0001151084215962328,0
molecola_3164,4,0,4,0.00010593798651825637,0
molecola_3164,5,0,5,0.00011974567314609885,0
molecola_3164,6,0,6,0.00018895756511483341,0
molecola_3164,7,0,7,0.0001391515979776159,0
molecola_3164,8,0,8,0.00016024147043935955,0
molecola_3164,9,0,9,0.0008488245075568557,0
molecola_3164,10,0,10,0.0012594579020515084,0
molecola_3164,11,0,11,0.04854436591267586,0
molecola_3164,12,0,12,0.009168622083961964,0
molecola_3164,13,1,13,0.975345253944397,1
molecola_3164,14,1,14,0.9675655961036682,1
molecola_3164,15,0,15,0.026645438745617867,0
molecola_3164,16,0,16,0.0017863993998616934,0
molecola_3164,17,0,17,0.0007410533726215363,0
molecola_31719,1,0,1,0.010553028434515,0
molecola_31719,2,0,2,0.011337594129145145,0
molecola_31719,3,0,3,0.002194065833464265,0
molecola_31719,4,0,4,0.0006584024522453547,0
molecola_31719,5,0,5,0.0006243970710784197,0
molecola_31719,6,0,6,0.0026984787546098232,0
molecola_31719,7,0,7,0.008734267204999924,0
molecola_31719,8,0,8,0.006613275036215782,0
molecola_31719,9,0,9,0.002157740294933319,0
molecola_31719,10,0,10,0.0016261169221252203,0
molecola_31719,11,0,11,0.00022473391436506063,0
molecola_31719,12,0,12,0.00014624500181525946,0
molecola_31719,13,0,13,0.00034691873588599265,0
molecola_31719,14,1,14,0.998576283454895,1
molecola_31719,15,1,15,0.9978753328323364,1
molecola_31719,16,0,16,0.0003911257372237742,0
molecola_31719,17,0,17,0.0009874597890302539,0
molecola_31719,18,0,18,0.03809200972318649,0
molecola_31719,19,0,19,0.0030940412543714046,0
molecola_31719,20,0,20,0.973969578742981,1
molecola_31719,21,0,21,0.9649927616119385,1
molecola_31719,22,0,22,0.0030551184900105,0
molecola_31719,23,0,23,0.001624722615815699,0
molecola_31719,24,0,24,0.004227614961564541,0
molecola_31719,25,0,25,0.007575136609375477,0
molecola_31719,26,0,26,0.007844234816730022,0
molecola_31719,27,0,27,0.00585432443767786,0
molecola_31719,28,0,28,0.002642341423779726,0
molecola_31719,29,0,29,0.0005854216287843883,0
molecola_31719,30,0,30,0.00043299351818859577,0
molecola_31719,31,0,31,0.0005854216287843883,0
molecola_31719,32,0,32,0.002642341423779726,0
molecola_31719,33,0,33,0.004227614961564541,0
molecola_31719,34,0,34,0.001624722615815699,0
molecola_31796,1,0,1,0.00016844655328895897,0
molecola_31796,2,0,2,0.0002579372958280146,0
molecola_31796,3,0,3,0.0003044547629542649,0
molecola_31796,4,0,4,0.0003044547629542649,0
molecola_31796,5,0,5,0.00013798015424981713,0
molecola_31796,6,0,6,0.00012459204299375415,0
molecola_31796,7,0,7,0.0001266717881662771,0
molecola_31796,8,0,8,0.00033017192617990077,0
molecola_31796,9,0,9,0.00017366267275065184,0
molecola_31796,10,0,10,0.0001740039442665875,0
molecola_31796,11,0,11,0.00020925865101162344,0
molecola_31796,12,0,12,0.0010155936470255256,0
molecola_31796,13,0,13,0.001993074780330062,0
molecola_31796,14,0,14,0.002401541220024228,0
molecola_31796,15,0,15,0.001701315981335938,0
molecola_31796,16,1,16,0.9997922778129578,1
molecola_31796,17,1,17,0.9997267127037048,1
molecola_31796,18,0,18,0.001943725161254406,0
molecola_31796,19,0,19,0.019420111551880836,0
molecola_31796,20,0,20,0.9070824980735779,1
molecola_31796,21,0,21,0.2569938600063324,0
molecola_31796,22,0,22,0.902576208114624,1
molecola_31796,23,0,23,0.0021496375557035208,0
molecola_31796,24,0,24,0.0024941081646829844,0
molecola_31796,25,0,25,0.0009196868049912155,0
molecola_31796,26,0,26,0.00037600990617647767,0
molecola_31796,27,0,27,0.00015343051927629858,0
molecola_31796,28,0,28,0.00011845484550576657,0
molecola_3194,1,0,1,0.007680216338485479,0
molecola_3194,2,0,2,0.008892679587006569,0
molecola_3194,3,0,3,0.0036419774405658245,0
molecola_3194,4,0,4,0.0011143219890072942,0
molecola_3194,5,0,5,0.0016656051157042384,0
molecola_3194,6,0,6,0.0008697949233464897,0
molecola_3194,7,0,7,0.0011018345830962062,0
molecola_3194,8,0,8,0.0009093743865378201,0
molecola_3194,9,0,9,0.0009093743865378201,0
molecola_3194,10,0,10,0.0009093743865378201,0
molecola_3194,11,0,11,0.0015259432839229703,0
molecola_3194,12,0,12,0.012435509823262691,0
molecola_3194,13,1,13,0.9923052191734314,1
molecola_3194,14,1,14,0.9866194725036621,1
molecola_32370,1,0,1,0.00021658265904989094,0
molecola_32370,2,0,2,0.00039504418964497745,0
molecola_32370,3,0,3,0.00021658265904989094,0
molecola_32370,4,0,4,0.0007548850262537599,0
molecola_32370,5,0,5,0.0031811315566301346,0
molecola_32370,6,0,6,0.0014734686119481921,0
molecola_32370,7,0,7,0.0017016326310113072,0
molecola_32370,8,0,8,0.010449434630572796,0
molecola_32370,9,0,9,0.004820537753403187,0
molecola_32370,10,0,10,0.0073564182966947556,0
molecola_32370,11,0,11,0.021115442737936974,0
molecola_32370,12,0,12,0.009021089412271976,0
molecola_32370,13,0,13,0.009966500103473663,0
molecola_32370,14,0,14,0.003925233613699675,0
molecola_32370,15,0,15,0.00457939924672246,0
molecola_32370,16,0,16,0.008930498734116554,0
molecola_32370,17,0,17,0.0051035694777965546,0
molecola_32370,18,0,18,0.003875287715345621,0
molecola_32370,19,0,19,0.0014195672702044249,0
molecola_32370,20,0,20,0.001235569710843265,0
molecola_32370,21,0,21,0.0030375607311725616,0
molecola_32370,22,0,22,0.010005811229348183,0
molecola_32370,23,1,23,0.9827411770820618,1
molecola_32370,24,1,24,0.9760187864303589,1
molecola_32370,25,0,25,0.0036898578982800245,0
molecola_32370,26,0,26,0.000656372809316963,0
molecola_32370,27,0,27,0.003692290047183633,0
molecola_32887,1,0,1,0.0004748355131596327,0
molecola_32887,2,0,2,0.015405909158289433,0
molecola_32887,3,0,3,0.9114688634872437,1
molecola_32887,4,0,4,0.9031838178634644,1
molecola_32887,5,0,5,0.012792030349373817,0
molecola_32887,6,0,6,0.0001418325409758836,0
molecola_32887,7,0,7,0.00011039494711440057,0
molecola_32887,8,0,8,0.00011885992716997862,0
molecola_32887,9,0,9,0.00011285903019597754,0
molecola_32887,10,0,10,0.0014353523729369044,0
molecola_32887,11,0,11,0.0002342226798646152,0
molecola_32887,12,0,12,0.0010649231262505054,0
molecola_32887,13,0,13,0.001039951923303306,0
molecola_32887,14,0,14,0.0009275581687688828,0
molecola_32887,15,0,15,0.0021299913059920073,0
molecola_32887,16,0,16,0.00035582121927291155,0
molecola_32887,17,0,17,0.00023455880000256002,0
molecola_32887,18,0,18,0.0046685137785971165,0
molecola_32887,19,0,19,0.010924207977950573,0
molecola_32887,20,0,20,0.004130241926759481,0
molecola_32887,21,0,21,0.9317300915718079,1
molecola_32887,22,0,22,0.924537181854248,1
molecola_32887,23,1,23,0.8941174149513245,1
molecola_32887,24,1,24,0.9106443524360657,1
molecola_32928,1,0,1,0.001405714196152985,0
molecola_32928,2,0,2,0.0016146808629855514,0
molecola_32928,3,0,3,0.0019952557049691677,0
molecola_32928,4,0,4,0.0011646110797300935,0
molecola_32928,5,0,5,0.0012472881935536861,0
molecola_32928,6,0,6,0.0008360317442566156,0
molecola_32928,7,0,7,0.0005255870637483895,0
molecola_32928,8,0,8,0.00048122566659003496,0
molecola_32928,9,0,9,0.0002581122098490596,0
molecola_32928,10,0,10,0.0005382169038057327,0
molecola_32928,11,0,11,0.002572992816567421,0
molecola_32928,12,0,12,0.0018519238801673055,0
molecola_32928,13,0,13,0.0020172996446490288,0
molecola_32928,14,0,14,0.0019238869426771998,0
molecola_32928,15,0,15,0.0021286853589117527,0
molecola_32928,16,0,16,0.0012286297278478742,0
molecola_32928,17,0,17,0.0014546881429851055,0
molecola_32928,18,0,18,0.0008451881585642695,0
molecola_32928,19,0,19,0.0007238580146804452,0
molecola_32928,20,0,20,0.0010903712827712297,0
molecola_32928,21,1,21,0.999790370464325,1
molecola_32928,22,1,22,0.9997261166572571,1
molecola_32928,23,0,23,0.0023929111193865538,0
molecola_32928,24,0,24,0.0013382744509726763,0
molecola_32928,25,0,25,0.0027363523840904236,0
molecola_32928,26,0,26,0.0017732640262693167,0
molecola_32928,27,0,27,0.0017732640262693167,0
molecola_32928,28,0,28,0.0017732640262693167,0
molecola_32928,29,0,29,0.0005255870637483895,0
molecola_32928,30,0,30,0.0008360317442566156,0
molecola_32977,1,0,1,0.00023565764422528446,0
molecola_32977,2,0,2,0.00032185387681238353,0
molecola_32977,3,0,3,0.0006133737042546272,0
molecola_32977,4,0,4,0.002476206049323082,0
molecola_32977,5,0,5,0.253620445728302,0
molecola_32977,6,1,6,0.9790741205215454,1
molecola_32977,7,1,7,0.9789386987686157,1
molecola_32977,8,0,8,0.07197694480419159,0
molecola_32977,9,0,9,0.01250926312059164,0
molecola_32977,10,0,10,0.01250926312059164,0
molecola_32977,11,0,11,0.004315163474529982,0
molecola_32977,12,0,12,0.0006713753682561219,0
molecola_32977,13,0,13,0.0004529378202278167,0
molecola_32977,14,0,14,0.0003491610405035317,0
molecola_32977,15,0,15,0.0023210039362311363,0
molecola_32977,16,0,16,0.04285067319869995,0
molecola_32977,17,0,17,0.020348254591226578,0
molecola_32977,18,0,18,0.045226048678159714,0
molecola_32977,19,0,19,0.002541945083066821,0
molecola_32977,20,0,20,0.04394803196191788,0
molecola_32977,21,0,21,0.0026037313509732485,0
molecola_32977,22,0,22,0.023418603464961052,0
molecola_32977,23,0,23,0.042106226086616516,0
molecola_32977,24,0,24,0.0026002503000199795,0
molecola_33672,1,0,1,0.3227129876613617,0
molecola_33672,2,1,2,0.8440576791763306,1
molecola_33672,3,1,3,0.8646132946014404,1
molecola_33672,4,0,4,0.9247180819511414,1
molecola_33672,5,0,5,0.9416376352310181,1
molecola_33672,6,0,6,0.9370169043540955,1
molecola_33672,7,0,7,0.9008243680000305,1
molecola_33672,8,0,8,0.010600283741950989,0
molecola_33672,9,0,9,0.9377308487892151,1
molecola_33672,10,0,10,0.9273239970207214,1
molecola_33672,11,0,11,0.015649281442165375,0
molecola_33672,12,0,12,0.0010808134684339166,0
molecola_33672,13,0,13,0.0006401061546057463,0
molecola_33672,14,0,14,0.00391665194183588,0
molecola_33672,15,0,15,0.00020406048861332238,0
molecola_33672,16,0,16,0.00020406048861332238,0
molecola_34063,1,0,1,0.06484401226043701,0
molecola_34063,2,0,2,0.508946418762207,1
molecola_34063,3,0,3,0.06484401226043701,0
molecola_34063,4,1,4,0.9862462282180786,1
molecola_34063,5,1,5,0.9819002151489258,1
molecola_34063,6,0,6,0.019861245527863503,0
molecola_34063,7,0,7,0.002924495143815875,0
molecola_34063,8,0,8,0.0014579632552340627,0
molecola_34063,9,0,9,0.002406876301392913,0
molecola_34063,10,0,10,0.0014579632552340627,0
molecola_34063,11,0,11,0.002924495143815875,0
molecola_34063,12,0,12,0.002202539937570691,0
molecola_34063,13,0,13,0.0010561494855210185,0
molecola_34063,14,0,14,0.0006932122050784528,0
molecola_34063,15,0,15,0.0006509520462714136,0
molecola_34063,16,0,16,0.0009257852798327804,0
molecola_34063,17,0,17,0.0017720051109790802,0
molecola_34063,18,0,18,0.0008835533517412841,0
molecola_34083,1,0,1,0.0002203108015237376,0
molecola_34083,2,0,2,0.0002922355488408357,0
molecola_34083,3,0,3,0.0007527916459366679,0
molecola_34083,4,0,4,0.0005533774965442717,0
molecola_34083,5,0,5,0.0007390818791463971,0
molecola_34083,6,0,6,0.000593985547311604,0
molecola_34083,7,0,7,0.000814019120298326,0
molecola_34083,8,0,8,0.0008077960810624063,0
molecola_34083,9,1,9,0.9981441497802734,1
molecola_34083,10,1,10,0.997434675693512,1
molecola_34083,11,0,11,0.0006319191306829453,0
molecola_34099,1,0,1,0.0001322569587500766,0
molecola_34099,2,0,2,0.00020000871154479682,0
molecola_34099,3,0,3,0.0001322569587500766,0
molecola_34099,4,0,4,0.00016031099949032068,0
molecola_34099,5,0,5,0.01663871854543686,0
molecola_34099,6,1,6,0.9780819416046143,1
molecola_34099,7,1,7,0.9774338603019714,1
molecola_34099,8,0,8,0.002763739787042141,0
molecola_34099,9,0,9,0.04007576406002045,0
molecola_34099,10,0,10,0.0011680618626996875,0
molecola_34099,11,0,11,0.00068891845876351,0
molecola_34099,12,0,12,0.0007795956335030496,0
molecola_34099,13,0,13,0.00349943689070642,0
molecola_34099,14,0,14,0.02795521542429924,0
molecola_34099,15,1,15,0.9730887413024902,1
molecola_34099,16,1,16,0.9653235673904419,1
molecola_34099,17,1,17,0.966544508934021,1
molecola_34099,18,1,18,0.9576704502105713,1
molecola_34124,1,1,1,0.9884804487228394,1
molecola_34124,2,1,2,0.9935784339904785,1
molecola_34124,3,0,3,0.004665339831262827,0
molecola_34124,4,0,4,0.0011222498724237084,0
molecola_34124,5,0,5,0.0007204294088296592,0
molecola_34124,6,0,6,0.0005913700442761183,0
molecola_34124,7,0,7,0.0001736283884383738,0
molecola_34124,8,0,8,0.00010851057595573366,0
molecola_34124,9,0,9,0.00010350471711717546,0
molecola_34124,10,0,10,9.86443119472824e-05,0
molecola_34124,11,0,11,8.841447561280802e-05,0
molecola_34124,12,0,12,0.00010716065298765898,0
molecola_34124,13,0,13,9.308794687967747e-05,0
molecola_34124,14,0,14,0.00010716065298765898,0
molecola_34124,15,0,15,8.841447561280802e-05,0
molecola_34124,16,0,16,0.0007204294088296592,0
molecola_34124,17,0,17,0.0011222498724237084,0
molecola_3446,1,0,1,0.00012743954721372575,0
molecola_3446,2,0,2,0.0001462373329559341,0
molecola_3446,3,0,3,0.00013479455083142966,0
molecola_3446,4,0,4,0.00014602010196540505,0
molecola_3446,5,0,5,0.0004117224598303437,0
molecola_3446,6,0,6,0.0002530603378545493,0
molecola_3446,7,0,7,0.00023983295250218362,0
molecola_3446,8,0,8,0.00021369084424804896,0
molecola_3446,9,0,9,0.00015909248031675816,0
molecola_3446,10,0,10,0.00016053648141678423,0
molecola_3446,11,0,11,0.00014029604790266603,0
molecola_3446,12,0,12,0.0023160118144005537,0
molecola_3446,13,0,13,0.01111261360347271,0
molecola_3446,14,0,14,0.01185194868594408,0
molecola_3446,15,0,15,0.018787577748298645,0
molecola_3446,16,0,16,0.025596169754862785,0
molecola_3446,17,0,17,0.01817176677286625,0
molecola_3446,18,0,18,0.00977428536862135,0
molecola_3446,19,1,19,0.968756377696991,1
molecola_3446,20,1,20,0.9622902870178223,1
molecola_3446,21,0,21,0.003948837518692017,0
molecola_3446,22,0,22,0.0007210657349787652,0
molecola_3446,23,0,23,0.0004927560221403837,0
molecola_3446,24,0,24,0.0030725246760994196,0
molecola_3446,25,0,25,0.0006073976401239634,0
molecola_3446,26,0,26,0.0008785671670921147,0
molecola_3446,27,0,27,0.0023222279269248247,0
molecola_3446,28,0,28,0.005163913127034903,0
molecola_3446,29,0,29,0.004429536405950785,0
molecola_3446,30,0,30,0.0023222279269248247,0
molecola_3446,31,0,31,0.0008785671670921147,0
molecola_34521,1,0,1,0.0007008109823800623,0
molecola_34521,2,0,2,0.0022005445789545774,0
molecola_34521,3,0,3,0.0016527606640011072,0
molecola_34521,4,0,4,0.005078480113297701,0
molecola_34521,5,0,5,0.01748272217810154,0
molecola_34521,6,1,6,0.9304571151733398,1
molecola_34521,7,1,7,0.9074398279190063,1
molecola_34521,8,0,8,0.00743590435013175,0
molecola_34521,9,0,9,0.0030225757509469986,0
molecola_34521,10,0,10,0.0007608852465637028,0
molecola_34521,11,0,11,0.0005835248157382011,0
molecola_34521,12,0,12,0.0005347178084775805,0
molecola_34521,13,0,13,0.001473095384426415,0
molecola_34521,14,0,14,0.00046989117981866,0
molecola_34521,15,0,15,0.0006581301568076015,0
molecola_34521,16,0,16,0.0006293758051469922,0
molecola_34521,17,0,17,0.0006293758051469922,0
molecola_34521,18,0,18,0.004804466851055622,0
molecola_34521,19,0,19,0.0020233362447470427,0
molecola_34568,1,0,1,0.00013442488852888346,0
molecola_34568,2,0,2,0.0001052378211170435,0
molecola_34568,3,0,3,0.00012848609185311943,0
molecola_34568,4,0,4,0.000336652243277058,0
molecola_34568,5,0,5,0.0007613812922500074,0
molecola_34568,6,0,6,0.0014862162061035633,0
molecola_34568,7,0,7,0.001455757301300764,0
molecola_34568,8,0,8,0.0021068828646093607,0
molecola_34568,9,0,9,0.0007562825921922922,0
molecola_34568,10,0,10,0.0019269180484116077,0
molecola_34568,11,0,11,0.0012743802508339286,0
molecola_34568,12,0,12,0.017655599862337112,0
molecola_34568,13,0,13,0.11096759885549545,0
molecola_34568,14,0,14,0.030231889337301254,0
molecola_34568,15,1,15,0.15948382019996643,0
molecola_34568,16,0,16,0.17015421390533447,0
molecola_34568,17,0,17,0.21661987900733948,0
molecola_34568,18,0,18,0.006824242416769266,0
molecola_34568,19,1,19,0.9880946278572083,1
molecola_34568,20,1,20,0.9843950271606445,1
molecola_34568,21,1,21,0.03503481671214104,0
molecola_34568,22,0,22,0.0038927642162889242,0
molecola_34568,23,0,23,0.005434092599898577,0
molecola_34568,24,0,24,0.0018792678602039814,0
molecola_34633,1,0,1,0.0007623218698427081,0
molecola_34633,2,0,2,0.0012084990739822388,0
molecola_34633,3,0,3,0.0007623218698427081,0
molecola_34633,4,0,4,0.0035728560760617256,0
molecola_34633,5,0,5,0.003085214179009199,0
molecola_34633,6,0,6,0.003848862601444125,0
molecola_34633,7,0,7,0.0059412019327282906,0
molecola_34633,8,0,8,0.03965723142027855,0
molecola_34633,9,0,9,0.0023392876610159874,0
molecola_34633,10,0,10,0.004405403044074774,0
molecola_34633,11,0,11,0.03727967292070389,0
molecola_34633,12,0,12,0.025208517909049988,0
molecola_34633,13,0,13,0.015366524457931519,0
molecola_34633,14,0,14,0.003044264158234,0
molecola_34633,15,0,15,0.0005898018716834486,0
molecola_34633,16,0,16,0.00036539699067361653,0
molecola_34633,17,0,17,0.0004707173793576658,0
molecola_34633,18,0,18,0.0014611877268180251,0
molecola_34633,19,0,19,0.0002868144365493208,0
molecola_34633,20,0,20,0.00012460308789741248,0
molecola_34633,21,0,21,9.806255548028275e-05,0
molecola_34633,22,0,22,8.465485007036477e-05,0
molecola_34633,23,0,23,0.0005554950330406427,0
molecola_34633,24,1,24,0.9984055161476135,1
molecola_34633,25,1,25,0.9977551102638245,1
molecola_34633,26,0,26,0.0411074161529541,0
molecola_34633,27,0,27,0.0666208490729332,0
molecola_34633,28,0,28,0.02106732316315174,0
molecola_34633,29,0,29,0.0008805202087387443,0
molecola_34633,30,0,30,0.000160599869559519,0
molecola_34633,31,0,31,0.0001042290314217098,0
molecola_34633,32,0,32,0.0001042290314217098,0
molecola_34633,33,0,33,0.000160599869559519,0
molecola_34741,1,0,1,0.2504204213619232,0
molecola_34741,2,1,2,0.9848158359527588,1
molecola_34741,3,1,3,0.9829936027526855,1
molecola_34741,4,0,4,0.6578208208084106,1
molecola_34741,5,0,5,0.0016704710433259606,0
molecola_34741,6,0,6,0.0032109839376062155,0
molecola_34741,7,0,7,0.0006305651622824371,0
molecola_34741,8,0,8,0.03802639618515968,0
molecola_34741,9,0,9,0.015703974291682243,0
molecola_34741,10,0,10,0.015703974291682243,0
molecola_35172,1,0,1,0.00015279543003998697,0
molecola_35172,2,0,2,0.0003147964016534388,0
molecola_35172,3,0,3,0.0010644535068422556,0
molecola_35172,4,0,4,0.0009403873118571937,0
molecola_35172,5,0,5,0.0014649747172370553,0
molecola_35172,6,0,6,0.001542312209494412,0
molecola_35172,7,0,7,0.002038463018834591,0
molecola_35172,8,0,8,0.0006946128560230136,0
molecola_35172,9,0,9,0.0005136146210134029,0
molecola_35172,10,0,10,0.0005273075075820088,0
molecola_35172,11,0,11,0.0023613967932760715,0
molecola_35172,12,0,12,0.00253292010165751,0
molecola_35172,13,0,13,0.0010342715540900826,0
molecola_35172,14,0,14,0.000870478106662631,0
molecola_35172,15,0,15,0.000590089475736022,0
molecola_35172,16,0,16,0.0006517990841530263,0
molecola_35172,17,0,17,0.0002574395330157131,0
molecola_35172,18,0,18,0.00013584228872787207,0
molecola_35172,19,0,19,0.00010912185098277405,0
molecola_35172,20,0,20,0.00014002474199514836,0
molecola_35172,21,0,21,0.00046429713256657124,0
molecola_35172,22,0,22,0.0005079678958281875,0
molecola_35172,23,0,23,0.0005329298437573016,0
molecola_35172,24,0,24,0.0005334866000339389,0
molecola_35172,25,0,25,0.0005172793753445148,0
molecola_35172,26,0,26,0.00047755130799487233,0
molecola_35172,27,0,27,0.00019372839597053826,0
molecola_35172,28,1,28,0.9982131719589233,1
molecola_35172,29,1,29,0.9973980188369751,1
molecola_3522,1,1,1,0.9748781323432922,1
molecola_3522,2,1,2,0.9834113717079163,1
molecola_3522,3,1,3,0.9802212715148926,1
molecola_3522,4,1,4,0.9760617017745972,1
molecola_3522,5,0,5,0.0018172579584643245,0
molecola_3522,6,0,6,0.0006260053487494588,0
molecola_3522,7,0,7,0.0007297445554286242,0
molecola_3522,8,0,8,0.0003894957771990448,0
molecola_3522,9,0,9,0.0007389754755422473,0
molecola_3522,10,0,10,0.0007888471591286361,0
molecola_3522,11,0,11,0.0006533147534355521,0
molecola_3522,12,0,12,0.0005529875634238124,0
molecola_3522,13,0,13,0.00030143457115627825,0
molecola_3522,14,0,14,0.0001778359874151647,0
molecola_35422,1,0,1,0.00022050731058698148,0
molecola_35422,2,0,2,0.0003003115707542747,0
molecola_35422,3,0,3,0.0009648334234952927,0
molecola_35422,4,0,4,0.0007827813387848437,0
molecola_35422,5,0,5,0.0033063862938433886,0
molecola_35422,6,0,6,0.007481430657207966,0
molecola_35422,7,0,7,0.005576280411332846,0
molecola_35422,8,0,8,0.0011237373109906912,0
molecola_35422,9,0,9,0.00561715429648757,0
molecola_35422,10,0,10,0.011867030523717403,0
molecola_35422,11,0,11,0.02745123766362667,0
molecola_35422,12,0,12,0.01473437249660492,0
molecola_35422,13,0,13,0.01473437249660492,0
molecola_35422,14,0,14,0.0037805442698299885,0
molecola_35422,15,0,15,0.0009327018051408231,0
molecola_35422,16,0,16,0.004405540879815817,0
molecola_35422,17,0,17,0.10086901485919952,0
molecola_35422,18,0,18,0.012633386068046093,0
molecola_35422,19,1,19,0.9771606922149658,1
molecola_35422,20,1,20,0.9769871234893799,1
molecola_35422,21,0,21,0.3231717050075531,0
molecola_35422,22,0,22,0.003295911941677332,0
molecola_35422,23,0,23,0.0005633407272398472,0
molecola_35422,24,0,24,0.00042839255183935165,0
molecola_35422,25,0,25,0.0005633407272398472,0
molecola_35422,26,0,26,0.003295911941677332,0
molecola_35464,1,0,1,0.00016409342060796916,0
molecola_35464,2,0,2,0.00018922457820735872,0
molecola_35464,3,0,3,0.00016409342060796916,0
molecola_35464,4,0,4,0.00013545954425353557,0
molecola_35464,5,0,5,0.00023606355534866452,0
molecola_35464,6,0,6,0.0004471674910746515,0
molecola_35464,7,0,7,0.0005644807242788374,0
molecola_35464,8,0,8,0.00034864479675889015,0
molecola_35464,9,0,9,0.00034502154449000955,0
molecola_35464,10,0,10,0.0013907068641856313,0
molecola_35464,11,0,11,0.0009002553997561336,0
molecola_35464,12,0,12,0.004322783090174198,0
molecola_35464,13,0,13,0.009830390103161335,0
molecola_35464,14,0,14,0.00896047055721283,0
molecola_35464,15,0,15,0.012159065343439579,0
molecola_35464,16,0,16,0.06443174928426743,0
molecola_35464,17,0,17,0.43836578726768494,0
molecola_35464,18,0,18,0.02011461928486824,0
molecola_35464,19,0,19,0.0053201219998300076,0
molecola_35464,20,1,20,0.9654431343078613,1
molecola_35464,21,1,21,0.9490530490875244,1
molecola_35464,22,0,22,0.8527867197990417,1
molecola_3550,1,1,1,0.9975437521934509,1
molecola_3550,2,1,2,0.9983275532722473,1
molecola_3550,3,0,3,0.0007174517959356308,0
molecola_3550,4,0,4,0.0007502842927351594,0
molecola_3550,5,0,5,0.00144470133818686,0
molecola_3550,6,0,6,0.0014814769383519888,0
molecola_3550,7,0,7,0.0021238026674836874,0
molecola_3550,8,0,8,0.0008748689433559775,0
molecola_3550,9,0,9,0.001666434807702899,0
molecola_3550,10,0,10,0.000993360998108983,0
molecola_3550,11,0,11,0.000974029942881316,0
molecola_3550,12,0,12,0.001717589795589447,0
molecola_3550,13,0,13,0.000974029942881316,0
molecola_3550,14,0,14,0.000993360998108983,0
molecola_3550,15,0,15,0.001375721301883459,0
molecola_3550,16,0,16,0.0008995484095066786,0
molecola_3550,17,0,17,0.00013676405069418252,0
molecola_3550,18,0,18,0.0002735445450525731,0
molecola_3550,19,0,19,0.0013991318410262465,0
molecola_3550,20,0,20,0.0024693228770047426,0
molecola_3550,21,0,21,0.002750488929450512,0
molecola_35528,1,0,1,0.00023527038865722716,0
molecola_35528,2,0,2,0.0003514339041430503,0
molecola_35528,3,0,3,0.001779762445949018,0
molecola_35528,4,0,4,0.003225645748898387,0
molecola_35528,5,0,5,0.2716786563396454,0
molecola_35528,6,0,6,0.44460329413414,0
molecola_35528,7,0,7,0.5201501250267029,1
molecola_35528,8,1,8,0.8671498894691467,1
molecola_35528,9,1,9,0.9048171639442444,1
molecola_35528,10,0,10,0.8232378959655762,1
molecola_35528,11,0,11,0.8461509943008423,1
molecola_35528,12,0,12,0.021461617201566696,0
molecola_35528,13,0,13,0.0012559586903080344,0
molecola_35528,14,0,14,0.0006659434293396771,0
molecola_35528,15,0,15,0.0008371014846488833,0
molecola_35528,16,0,16,0.0022394389379769564,0
molecola_35528,17,0,17,0.005110338795930147,0
molecola_35528,18,0,18,0.00442034425213933,0
molecola_35528,19,0,19,0.0022394389379769564,0
molecola_35528,20,0,20,0.0008371014846488833,0
molecola_35528,21,0,21,0.005992275197058916,0
molecola_35528,22,0,22,0.0036173672415316105,0
molecola_35528,23,0,23,0.0036255763843655586,0
molecola_35528,24,0,24,0.005619154777377844,0
molecola_35548,1,0,1,9.529506496619433e-05,0
molecola_35548,2,0,2,0.00018607915262691677,0
molecola_35548,3,0,3,0.004254427272826433,0
molecola_35548,4,1,4,0.9886771440505981,1
molecola_35548,5,1,5,0.984309196472168,1
molecola_35548,6,0,6,0.008750242181122303,0
molecola_35548,7,0,7,0.002721231197938323,0
molecola_35548,8,0,8,0.00257175718434155,0
molecola_35548,9,0,9,0.005190966185182333,0
molecola_35548,10,0,10,0.004428401123732328,0
molecola_35548,11,0,11,0.00257175718434155,0
molecola_35548,12,0,12,0.002721231197938323,0
molecola_35832,1,0,1,0.003918482922017574,0
molecola_35832,2,1,2,0.9337489008903503,1
molecola_35832,3,0,3,0.00196545640937984,0
molecola_35832,4,0,4,0.0001301202573813498,0
molecola_35832,5,0,5,0.00014962295244913548,0
molecola_35832,6,0,6,0.00014170304348226637,0
molecola_35832,7,0,7,0.00011499947868287563,0
molecola_35832,8,0,8,0.0001212721545016393,0
molecola_35832,9,0,9,0.0002006772847380489,0
molecola_35832,10,0,10,0.00019559338397812098,0
molecola_35832,11,0,11,0.0033077567350119352,0
molecola_35832,12,1,12,0.9301570057868958,1
molecola_35832,13,1,13,0.9065872430801392,1
molecola_35832,14,0,14,0.0111459419131279,0
molecola_35832,15,0,15,0.00021421142446342856,0
molecola_35832,16,0,16,0.00015015562530606985,0
molecola_35832,17,1,17,0.8355624079704285,1
molecola_35832,18,0,18,0.04653821513056755,0
molecola_35832,19,0,19,0.08360511064529419,0
molecola_35832,20,0,20,0.001889545819722116,0
molecola_35832,21,0,21,0.0015881186118349433,0
molecola_35832,22,1,22,0.9428227543830872,1
molecola_35832,23,1,23,0.9452875852584839,1
molecola_35832,24,1,24,0.947818398475647,1
molecola_3593,1,1,1,0.9884971380233765,1
molecola_3593,2,1,2,0.9935770630836487,1
molecola_3593,3,0,3,0.005102288909256458,0
molecola_3593,4,0,4,0.0009704572148621082,0
molecola_3593,5,0,5,0.0007127607241272926,0
molecola_3593,6,0,6,0.0006165800732560456,0
molecola_3593,7,0,7,0.0009386739693582058,0
molecola_3593,8,0,8,0.0004749654035549611,0
molecola_3593,9,0,9,0.0007964217802509665,0
molecola_3593,10,0,10,0.0009502369211986661,0
molecola_3593,11,0,11,0.0006110979593358934,0
molecola_3593,12,0,12,0.0009363479912281036,0
molecola_3593,13,0,13,0.0006374366348609328,0
molecola_3593,14,0,14,0.0006083028856664896,0
molecola_3593,15,0,15,0.0006799472030252218,0
molecola_3593,16,0,16,0.0009359603864140809,0
molecola_3593,17,0,17,0.001290051732212305,0
molecola_3593,18,0,18,0.0011620655423030257,0
molecola_3611,1,0,1,0.00020534945360850543,0
molecola_3611,2,0,2,0.0007783588953316212,0
molecola_3611,3,0,3,0.00015091165550984442,0
molecola_3611,4,0,4,0.00010644063877407461,0
molecola_3611,5,0,5,0.00015091165550984442,0
molecola_3611,6,0,6,0.0007783588953316212,0
molecola_3611,7,0,7,0.00020534945360850543,0
molecola_3611,8,0,8,0.001267797313630581,0
molecola_3611,9,0,9,0.0021923230960965157,0
molecola_3611,10,0,10,0.0024096625857055187,0
molecola_3611,11,0,11,0.0019399834563955665,0
molecola_3611,12,0,12,0.0014965692535042763,0
molecola_3611,13,0,13,0.0008515598601661623,0
molecola_3611,14,0,14,0.0010203156853094697,0
molecola_3611,15,0,15,0.006774324458092451,0
molecola_3611,16,1,16,0.9935770630836487,1
molecola_3611,17,1,17,0.9884970188140869,1
molecola_3611,18,0,18,0.002959134755656123,0
molecola_36160,1,0,1,0.008811342529952526,0
molecola_36160,2,0,2,0.01725299470126629,0
molecola_36160,3,0,3,0.005650689825415611,0
molecola_36160,4,0,4,0.0018424401059746742,0
molecola_36160,5,0,5,0.0032223740126937628,0
molecola_36160,6,0,6,0.0009645320242270827,0
molecola_36160,7,0,7,0.006025534588843584,0
molecola_36160,8,0,8,0.018172746524214745,0
molecola_36160,9,1,9,0.9728131890296936,1
molecola_36160,10,1,10,0.9642795324325562,1
molecola_36160,11,0,11,0.004949613008648157,0
molecola_36160,12,0,12,0.001542966696433723,0
molecola_36160,13,0,13,0.000496193184517324,0
molecola_36160,14,0,14,0.00037023250479251146,0
molecola_36160,15,0,15,0.0003892044478561729,0
molecola_36160,16,0,16,0.0008765290258452296,0
molecola_36509,1,0,1,0.00010523801756789908,0
molecola_36509,2,0,2,0.00012442546722013503,0
molecola_36509,3,0,3,0.00039230650872923434,0
molecola_36509,4,0,4,0.0030835161451250315,0
molecola_36509,5,0,5,0.00024685083189979196,0
molecola_36509,6,0,6,0.00010208390449406579,0
molecola_36509,7,0,7,8.646360947750509e-05,0
molecola_36509,8,0,8,8.646360947750509e-05,0
molecola_36509,9,0,9,0.00010208390449406579,0
molecola_36509,10,1,10,0.9854511022567749,1
molecola_36509,11,1,11,0.9794641733169556,1
molecola_36509,12,0,12,0.00860926229506731,0
molecola_36509,13,0,13,0.0024967954959720373,0
molecola_36509,14,0,14,0.0006543641211465001,0
molecola_36509,15,0,15,0.0005105656455270946,0
molecola_36509,16,0,16,0.00027489461353980005,0
molecola_36509,17,0,17,0.0002672365808393806,0
molecola_36509,18,0,18,0.0002871186879929155,0
molecola_36509,19,0,19,0.0006056466954760253,0
molecola_36509,20,0,20,0.0013000996550545096,0
molecola_36514,1,0,1,0.00016880687326192856,0
molecola_36514,2,0,2,0.0006402177968993783,0
molecola_36514,3,0,3,0.0011402652598917484,0
molecola_36514,4,0,4,0.0006591053097508848,0
molecola_36514,5,0,5,0.0005789599381387234,0
molecola_36514,6,0,6,0.0004606522561516613,0
molecola_36514,7,1,7,0.9985548853874207,1
molecola_36514,8,1,8,0.9978746175765991,1
molecola_36514,9,0,9,0.0034232682082802057,0
molecola_36514,10,0,10,0.002484030555933714,0
molecola_36514,11,0,11,0.0028946080710738897,0
molecola_36514,12,0,12,0.0037068636156618595,0
molecola_36514,13,0,13,0.000751317071262747,0
molecola_36514,14,0,14,0.0004997886717319489,0
molecola_36514,15,0,15,0.0004245370510034263,0
molecola_36514,16,0,16,0.0004997886717319489,0
molecola_36514,17,0,17,0.000751317071262747,0
molecola_36514,18,0,18,0.0037068636156618595,0
molecola_36514,19,0,19,0.000751317071262747,0
molecola_36514,20,0,20,0.0004997886717319489,0
molecola_36514,21,0,21,0.0004245370510034263,0
molecola_36514,22,0,22,0.0004997886717319489,0
molecola_36514,23,0,23,0.000751317071262747,0
molecola_36565,1,0,1,0.0001312949461862445,0
molecola_36565,2,0,2,0.00015844739391468465,0
molecola_36565,3,0,3,0.00011910124885616824,0
molecola_36565,4,0,4,0.00017371150897815824,0
molecola_36565,5,0,5,0.00013464437506627291,0
molecola_36565,6,0,6,0.0029180520214140415,0
molecola_36565,7,1,7,0.9479928016662598,1
molecola_36565,8,1,8,0.931427538394928,1
molecola_36565,9,0,9,0.8208644986152649,1
molecola_36565,10,0,10,0.8453723788261414,1
molecola_36565,11,0,11,0.022495055571198463,0
molecola_36565,12,0,12,0.0011805074755102396,0
molecola_36565,13,0,13,0.0006458043353632092,0
molecola_36565,14,0,14,0.000493724481202662,0
molecola_36565,15,0,15,0.0007696409011259675,0
molecola_36565,16,0,16,0.000976927694864571,0
molecola_36565,17,0,17,0.002134266309440136,0
molecola_36565,18,0,18,0.0007693042862229049,0
molecola_36565,19,0,19,0.002195255132392049,0
molecola_36565,20,0,20,0.0013780159642919898,0
molecola_36565,21,0,21,0.0013780159642919898,0
molecola_36565,22,0,22,0.0013780159642919898,0
molecola_36565,23,0,23,0.00017662064055912197,0
molecola_36565,24,0,24,0.00022388699289876968,0
molecola_36565,25,0,25,0.001477520796470344,0
molecola_36565,26,0,26,0.04946250468492508,0
molecola_36565,27,0,27,0.0143485302105546,0
molecola_36565,28,0,28,0.019802186638116837,0
molecola_36565,29,0,29,0.011002031154930592,0
molecola_36565,30,0,30,0.011002031154930592,0
molecola_36760,1,0,1,0.00032703415490686893,0
molecola_36760,2,0,2,0.0004375487333163619,0
molecola_36760,3,0,3,0.0006484767654910684,0
molecola_36760,4,0,4,0.0006446294719353318,0
molecola_36760,5,0,5,0.004384767264127731,0
molecola_36760,6,0,6,0.29768627882003784,0
molecola_36760,7,1,7,0.9425803422927856,1
molecola_36760,8,1,8,0.9153203368186951,1
molecola_36760,9,0,9,0.8932921290397644,1
molecola_36760,10,0,10,0.9092326760292053,1
molecola_36760,11,0,11,0.01564743183553219,0
molecola_36760,12,0,12,0.0034937784075737,0
molecola_36760,13,0,13,0.0031295372173190117,0
molecola_36760,14,0,14,0.005775395315140486,0
molecola_36760,15,0,15,0.0031295372173190117,0
molecola_36760,16,0,16,0.0034937784075737,0
molecola_36760,17,0,17,0.004934921395033598,0
molecola_36760,18,0,18,0.0017855792539194226,0
molecola_36760,19,0,19,0.0008275403524748981,0
molecola_36760,20,0,20,0.0008487606537528336,0
molecola_36760,21,0,21,0.0023759843315929174,0
molecola_36760,22,0,22,0.004384767264127731,0
molecola_36760,23,0,23,0.0006446294719353318,0
molecola_36967,1,0,1,0.003513265633955598,0
molecola_36967,2,0,2,0.023883270099759102,0
molecola_36967,3,0,3,0.015240032225847244,0
molecola_36967,4,0,4,0.008701302111148834,0
molecola_36967,5,0,5,0.0010094484314322472,0
molecola_36967,6,0,6,0.00011837163765449077,0
molecola_36967,7,0,7,8.582860755268484e-05,0
molecola_36967,8,0,8,9.228013368556276e-05,0
molecola_36967,9,0,9,0.0002799596986733377,0
molecola_36967,10,1,10,0.9986591339111328,1
molecola_36967,11,1,11,0.9980303645133972,1
molecola_36967,12,0,12,0.011708780191838741,0
molecola_36967,13,0,13,0.06092113256454468,0
molecola_36967,14,0,14,0.06713488698005676,0
molecola_36967,15,0,15,0.21777036786079407,0
molecola_36967,16,0,16,0.008898190222680569,0
molecola_36967,17,0,17,0.006242167204618454,0
molecola_36967,18,0,18,0.11363394558429718,0
molecola_36967,19,0,19,0.16325096786022186,0
molecola_36967,20,0,20,0.003282499499619007,0
molecola_36967,21,0,21,0.0026596221141517162,0
molecola_36967,22,0,22,0.0014045888092368841,0
molecola_36967,23,0,23,0.001736068050377071,0
molecola_36967,24,0,24,0.0012699533253908157,0
molecola_36967,25,0,25,0.0004360732564236969,0
molecola_36967,26,0,26,0.0007982106762938201,0
molecola_36967,27,0,27,0.000886865658685565,0
molecola_36967,28,0,28,0.0010439491597935557,0
molecola_36967,29,0,29,0.001699500484392047,0
molecola_36967,30,0,30,0.00089648476568982,0
molecola_36967,31,0,31,0.027547471225261688,0
molecola_3703,1,0,1,0.0002353302697883919,0
molecola_3703,2,0,2,0.0003513287228997797,0
molecola_3703,3,0,3,0.001739245024509728,0
molecola_3703,4,0,4,0.0010761053999885917,0
molecola_3703,5,0,5,0.002109537133947015,0
molecola_3703,6,0,6,0.0014264610363170505,0
molecola_3703,7,0,7,0.0032141534611582756,0
molecola_3703,8,0,8,0.0036594413686543703,0
molecola_3703,9,0,9,0.005644493270665407,0
molecola_3703,10,0,10,0.0028812275268137455,0
molecola_3703,11,0,11,0.0034910019021481276,0
molecola_3703,12,0,12,0.007353003136813641,0
molecola_3703,13,0,13,0.0012167280074208975,0
molecola_3703,14,0,14,0.0009881840087473392,0
molecola_3703,15,0,15,0.0030159498564898968,0
molecola_3703,16,0,16,0.00333998491987586,0
molecola_3703,17,1,17,0.9737415313720703,1
molecola_3703,18,1,18,0.9648061990737915,1
molecola_3703,19,0,19,0.019958943128585815,0
molecola_3703,20,0,20,0.021511347964406013,0
molecola_3703,21,0,21,0.010271050035953522,0
molecola_3703,22,0,22,0.00866855401545763,0
molecola_3703,23,0,23,0.0606611967086792,0
molecola_37375,1,0,1,0.00020750703697558492,0
molecola_37375,2,0,2,0.0006358717801049352,0
molecola_37375,3,0,3,0.0005244083586148918,0
molecola_37375,4,0,4,0.0005244083586148918,0
molecola_37375,5,0,5,0.004441250115633011,0
molecola_37375,6,0,6,0.0044936672784388065,0
molecola_37375,7,0,7,0.0057756854221224785,0
molecola_37375,8,0,8,0.0014556116657331586,0
molecola_37375,9,0,9,0.001117898616939783,0
molecola_37375,10,0,10,0.00025009922683238983,0
molecola_37375,11,0,11,0.00012091004464309663,0
molecola_37375,12,0,12,0.0001269910717383027,0
molecola_37375,13,0,13,0.000322989682899788,0
molecola_37375,14,1,14,0.9985769987106323,1
molecola_37375,15,1,15,0.997873067855835,1
molecola_37375,16,0,16,0.004663438070565462,0
molecola_37375,17,0,17,0.010596193373203278,0
molecola_37375,18,0,18,0.006688306573778391,0
molecola_37375,19,0,19,0.002737223170697689,0
molecola_37375,20,0,20,0.0005842627724632621,0
molecola_37375,21,0,21,0.00043299351818859577,0
molecola_37375,22,0,22,0.0005842627724632621,0
molecola_37375,23,0,23,0.002737223170697689,0
molecola_37375,24,0,24,0.18136540055274963,0
molecola_37375,25,0,25,0.051481787115335464,0
molecola_37375,26,0,26,0.051481787115335464,0
molecola_37547,1,0,1,0.0017760854680091143,0
molecola_37547,2,0,2,0.0018548258813098073,0
molecola_37547,3,0,3,0.0017760854680091143,0
molecola_37547,4,0,4,0.0017760854680091143,0
molecola_37547,5,0,5,0.0012049897341057658,0
molecola_37547,6,0,6,0.0010870968690142035,0
molecola_37547,7,0,7,0.002263531554490328,0
molecola_37547,8,0,8,0.0021329913288354874,0
molecola_37547,9,0,9,0.005298159085214138,0
molecola_37547,10,0,10,0.0007315088878385723,0
molecola_37547,11,0,11,0.0001591053733136505,0
molecola_37547,12,0,12,0.0003305060672573745,0
molecola_37547,13,1,13,0.9985769987106323,1
molecola_37547,14,1,14,0.9978729486465454,1
molecola_37547,15,0,15,0.006009398028254509,0
molecola_37547,16,0,16,0.0011025323765352368,0
molecola_37547,17,0,17,0.0006221365183591843,0
molecola_37547,18,0,18,0.0006925911293365061,0
molecola_37547,19,0,19,0.0011051648762077093,0
molecola_37547,20,0,20,0.0028624755796045065,0
molecola_37547,21,0,21,0.0028624755796045065,0
molecola_37547,22,0,22,0.0011051648762077093,0
molecola_37547,23,0,23,0.0006925911293365061,0
molecola_37547,24,0,24,0.0006221365183591843,0
molecola_37547,25,0,25,0.0011025323765352368,0
molecola_37547,26,0,26,0.006009398028254509,0
molecola_37596,1,0,1,0.0007821423350833356,0
molecola_37596,2,0,2,0.0012780134566128254,0
molecola_37596,3,0,3,0.0012611132115125656,0
molecola_37596,4,1,4,0.9983879327774048,1
molecola_37596,5,1,5,0.9978335499763489,1
molecola_37596,6,0,6,0.0036325783003121614,0
molecola_37596,7,0,7,0.0031435650307685137,0
molecola_37596,8,0,8,0.0019696117378771305,0
molecola_37596,9,0,9,0.001724433503113687,0
molecola_37596,10,0,10,0.0007755011320114136,0
molecola_37596,11,0,11,0.0005837693461216986,0
molecola_37596,12,0,12,0.00018481662846170366,0
molecola_37596,13,0,13,0.00010980899969581515,0
molecola_37596,14,0,14,0.00010559115617070347,0
molecola_37596,15,0,15,0.0005311138811521232,0
molecola_37596,16,0,16,0.0022959427442401648,0
molecola_37596,17,0,17,0.0005311138811521232,0
molecola_37596,18,0,18,0.00010559115617070347,0
molecola_37596,19,0,19,0.002974557224661112,0
molecola_37596,20,0,20,0.002628437941893935,0
molecola_37596,21,0,21,0.0012763426639139652,0
molecola_37596,22,0,22,0.0007755011320114136,0
molecola_37596,23,0,23,0.001724433503113687,0
molecola_37826,1,0,1,0.0008357804617844522,0
molecola_37826,2,0,2,0.0011214343830943108,0
molecola_37826,3,0,3,0.0013222061097621918,0
molecola_37826,4,0,4,0.001201427774503827,0
molecola_37826,5,0,5,0.0008597823907621205,0
molecola_37826,6,0,6,0.0002254171995446086,0
molecola_37826,7,0,7,0.0008510869811289012,0
molecola_37826,8,1,8,0.971398651599884,1
molecola_37826,9,1,9,0.9792788028717041,1
molecola_37826,10,1,10,0.9726818799972534,1
molecola_37826,11,1,11,0.9710171222686768,1
molecola_37826,12,0,12,0.39918264746665955,0
molecola_37826,13,0,13,0.39918264746665955,0
molecola_37856,1,0,1,0.001081739435903728,0
molecola_37856,2,0,2,0.0018670754507184029,0
molecola_37856,3,0,3,0.00042310517164878547,0
molecola_37856,4,0,4,0.00016947682888712734,0
molecola_37856,5,0,5,0.0002793810854200274,0
molecola_37856,6,0,6,0.0006021755980327725,0
molecola_37856,7,0,7,0.00049007055349648,0
molecola_37856,8,0,8,0.001569165731780231,0
molecola_37856,9,0,9,0.0025811668019741774,0
molecola_37856,10,0,10,0.003034094348549843,0
molecola_37856,11,0,11,0.0017803733935579658,0
molecola_37856,12,0,12,0.0020555590745061636,0
molecola_37856,13,0,13,0.0009307718137279153,0
molecola_37856,14,0,14,0.000772579456679523,0
molecola_37856,15,0,15,0.0009637236362323165,0
molecola_37856,16,0,16,0.000787857745308429,0
molecola_37856,17,0,17,0.0024195185396820307,0
molecola_37856,18,0,18,0.00261154817417264,0
molecola_37856,19,0,19,0.0012364514404907823,0
molecola_37856,20,0,20,0.0012635990278795362,0
molecola_37856,21,0,21,0.0008833988686092198,0
molecola_37856,22,0,22,0.0008276393637061119,0
molecola_37856,23,0,23,0.0013009803369641304,0
molecola_37856,24,0,24,0.001007994869723916,0
molecola_37856,25,0,25,0.0020400320645421743,0
molecola_37856,26,0,26,0.0014071124605834484,0
molecola_37856,27,0,27,0.0014071124605834484,0
molecola_37856,28,0,28,0.0022571254521608353,0
molecola_37856,29,0,29,0.0008276393637061119,0
molecola_37856,30,0,30,0.0008833988686092198,0
molecola_37856,31,1,31,0.9974478483200073,1
molecola_37856,32,1,32,0.9962463974952698,1
molecola_38073,1,0,1,0.003932113293558359,0
molecola_38073,2,1,2,0.930033802986145,1
molecola_38073,3,0,3,0.001979926833882928,0
molecola_38073,4,0,4,0.00013357620628084987,0
molecola_38073,5,0,5,0.00018900279246736318,0
molecola_38073,6,0,6,0.00015080634329933673,0
molecola_38073,7,0,7,0.00011754064325941727,0
molecola_38073,8,0,8,0.00018172574345953763,0
molecola_38073,9,0,9,0.00122429511975497,0
molecola_38073,10,0,10,0.0032554655335843563,0
molecola_38073,11,0,11,0.007299802731722593,0
molecola_38073,12,0,12,0.005727405659854412,0
molecola_38073,13,0,13,0.003161574248224497,0
molecola_38073,14,0,14,0.001049876562319696,0
molecola_38073,15,0,15,0.000684762024320662,0
molecola_38073,16,0,16,0.002116079907864332,0
molecola_38073,17,0,17,0.0021765914279967546,0
molecola_38073,18,0,18,0.00013860651233699173,0
molecola_38073,19,1,19,0.9359395503997803,1
molecola_38073,20,1,20,0.9415506720542908,1
molecola_38073,21,1,21,0.9447090029716492,1
molecola_38176,1,0,1,0.00011737969180103391,0
molecola_38176,2,0,2,0.00014655324048362672,0
molecola_38176,3,0,3,0.00023187801707535982,0
molecola_38176,4,0,4,0.1295349895954132,0
molecola_38176,5,0,5,0.0005283383652567863,0
molecola_38176,6,0,6,0.0015696693444624543,0
molecola_38176,7,1,7,0.9850125312805176,1
molecola_38176,8,1,8,0.9909895658493042,1
molecola_38176,9,1,9,0.987600564956665,1
molecola_38176,10,1,10,0.9851696491241455,1
molecola_38176,11,0,11,0.00017036146891769022,0
molecola_38176,12,0,12,0.0001191867922898382,0
molecola_38176,13,0,13,0.00012707272253464907,0
molecola_38176,14,0,14,0.00017199316062033176,0
molecola_38176,15,0,15,0.00014504013233818114,0
molecola_38176,16,0,16,0.00014851086598355323,0
molecola_38176,17,0,17,0.00012058339780196548,0
molecola_38176,18,0,18,0.00012926780618727207,0
molecola_38176,19,0,19,0.00026939951931126416,0
molecola_38176,20,0,20,0.0002086113963741809,0
molecola_38176,21,0,21,0.00035042420495301485,0
molecola_38176,22,0,22,0.0003597443283069879,0
molecola_38176,23,0,23,0.0003597443283069879,0
molecola_38176,24,0,24,0.00026885836268775165,0
molecola_38176,25,0,25,0.001083573792129755,0
molecola_38176,26,0,26,0.0014965834561735392,0
molecola_38176,27,0,27,0.00015207390242721885,0
molecola_38207,1,0,1,0.0001460135681554675,0
molecola_38207,2,0,2,0.00014444223779719323,0
molecola_38207,3,0,3,0.0001460135681554675,0
molecola_38207,4,0,4,0.00014820134674664587,0
molecola_38207,5,0,5,0.0010593769839033484,0
molecola_38207,6,0,6,0.0016584970289841294,0
molecola_38207,7,0,7,0.003193303942680359,0
molecola_38207,8,0,8,0.0037036265712231398,0
molecola_38207,9,0,9,0.0030977644491940737,0
molecola_38207,10,0,10,0.002545192139223218,0
molecola_38207,11,0,11,0.0011972226202487946,0
molecola_38207,12,0,12,0.0012114518322050571,0
molecola_38207,13,0,13,0.005008382722735405,0
molecola_38207,14,0,14,0.003657128196209669,0
molecola_38207,15,0,15,0.04085690528154373,0
molecola_38207,16,0,16,0.007999550551176071,0
molecola_38207,17,0,17,0.003639597212895751,0
molecola_38207,18,0,18,0.0032036236952990294,0
molecola_38207,19,0,19,0.0037088419776409864,0
molecola_38207,20,0,20,0.008597654290497303,0
molecola_38207,21,1,21,0.9076542854309082,1
molecola_38207,22,0,22,0.2559610605239868,0
molecola_38207,23,1,23,0.9023560881614685,1
molecola_38542,1,0,1,0.00016445571964140981,0
molecola_38542,2,0,2,0.0006714029004797339,0
molecola_38542,3,0,3,0.00013536644109990448,0
molecola_38542,4,0,4,0.00012158048775745556,0
molecola_38542,5,0,5,0.00016157800564542413,0
molecola_38542,6,0,6,0.00014054562780074775,0
molecola_38542,7,0,7,0.00011849404836539179,0
molecola_38542,8,0,8,0.001170164905488491,0
molecola_38542,9,1,9,0.9584172964096069,1
molecola_38542,10,1,10,0.9298774600028992,1
molecola_38542,11,0,11,0.8647439479827881,1
molecola_38542,12,0,12,0.8911798000335693,1
molecola_38542,13,0,13,0.900241494178772,1
molecola_38542,14,0,14,0.8991976976394653,1
molecola_38542,15,0,15,0.004182520322501659,0
molecola_38542,16,0,16,0.0001936009939527139,0
molecola_38542,17,0,17,0.00015124687342904508,0
molecola_38542,18,0,18,0.00032161924173124135,0
molecola_38542,19,0,19,0.0012471694499254227,0
molecola_38542,20,0,20,0.00276769557967782,0
molecola_38542,21,0,21,0.003084546886384487,0
molecola_38542,22,0,22,0.0009108337690122426,0
molecola_3870,1,0,1,0.00011698771413648501,0
molecola_3870,2,0,2,0.0001355852873530239,0
molecola_3870,3,0,3,0.00011118507973151281,0
molecola_3870,4,0,4,0.00010250901686958969,0
molecola_3870,5,0,5,0.00010426233347970992,0
molecola_3870,6,0,6,0.00013100594514980912,0
molecola_3870,7,0,7,0.00014934530190657824,0
molecola_3870,8,0,8,0.0025256311055272818,0
molecola_3870,9,1,9,0.9510461091995239,1
molecola_3870,10,0,10,0.005585214123129845,0
molecola_3870,11,0,11,0.004219705238938332,0
molecola_3870,12,0,12,0.984524667263031,1
molecola_3870,13,0,13,0.9909390211105347,1
molecola_3870,14,0,14,0.9875369668006897,1
molecola_3870,15,0,15,0.9850354194641113,1
molecola_3870,16,0,16,0.001502221799455583,0
molecola_3870,17,0,17,0.00016962605877779424,0
molecola_3870,18,0,18,0.0001351675600744784,0
molecola_3870,19,0,19,0.00014593561354558915,0
molecola_3870,20,0,20,0.00011647101200651377,0
molecola_3870,21,0,21,0.00011441647802712396,0
molecola_3870,22,1,22,0.9712823033332825,1
molecola_3870,23,1,23,0.9633055329322815,1
molecola_3870,24,1,24,0.9329509735107422,1
molecola_3870,25,0,25,0.003261074423789978,0
molecola_3870,26,0,26,0.0033307515550404787,0
molecola_3870,27,0,27,0.0007154860068112612,0
molecola_3870,28,0,28,0.0005248141824267805,0
molecola_3870,29,0,29,0.00047753736726008356,0
molecola_3870,30,0,30,0.00042162492172792554,0
molecola_3870,31,0,31,0.00047753736726008356,0
molecola_3870,32,0,32,0.0005248141824267805,0
molecola_38927,1,0,1,0.0004884524969384074,0
molecola_38927,2,0,2,0.001986703835427761,0
molecola_38927,3,0,3,0.000750634353607893,0
molecola_38927,4,0,4,0.0005910221370868385,0
molecola_38927,5,0,5,0.0007395546417683363,0
molecola_38927,6,0,6,0.0017165475292131305,0
molecola_38927,7,0,7,0.0020056073553860188,0
molecola_38927,8,0,8,0.0022338852286338806,0
molecola_38927,9,0,9,0.002408477710559964,0
molecola_38927,10,0,10,0.0014157789992168546,0
molecola_38927,11,0,11,0.001111299148760736,0
molecola_38927,12,0,12,0.003860997036099434,0
molecola_38927,13,1,13,0.9812306761741638,1
molecola_38927,14,1,14,0.9744723439216614,1
molecola_38927,15,0,15,0.005541822407394648,0
molecola_38927,16,0,16,0.0034758250694721937,0
molecola_38927,17,0,17,0.0016357579734176397,0
molecola_38927,18,0,18,0.0023945814464241266,0
molecola_38927,19,0,19,0.0007147077703848481,0
molecola_38927,20,0,20,0.0017089741304516792,0
molecola_38927,21,0,21,0.0025329659692943096,0
molecola_38936,1,0,1,0.002203302923589945,0
molecola_38936,2,0,2,0.955369234085083,1
molecola_38936,3,0,3,0.9227563142776489,1
molecola_38936,4,0,4,0.010550329461693764,0
molecola_38936,5,1,5,0.9313665628433228,1
molecola_38936,6,1,6,0.929999828338623,1
molecola_38936,7,0,7,0.9247704744338989,1
molecola_38936,8,0,8,0.9477948546409607,1
molecola_38936,9,0,9,0.0022481712512671947,0
molecola_38936,10,0,10,0.005152756813913584,0
molecola_38936,11,0,11,0.0003473754331935197,0
molecola_38936,12,0,12,0.06634048372507095,0
molecola_38936,13,0,13,0.000523501425050199,0
molecola_38936,14,0,14,0.00013196859799791127,0
molecola_38936,15,0,15,0.00012065366900060326,0
molecola_38936,16,0,16,0.0008467492298223078,0
molecola_38936,17,0,17,0.0045258360914886,0
molecola_38936,18,0,18,0.028544243425130844,0
molecola_38936,19,0,19,0.014903045259416103,0
molecola_38936,20,0,20,0.014903045259416103,0
molecola_38936,21,0,21,0.0017041746759787202,0
molecola_38936,22,0,22,0.0006137929740361869,0
molecola_38936,23,0,23,0.0005028900341130793,0
molecola_38936,24,0,24,0.0004266458563506603,0
molecola_38936,25,0,25,0.0005028900341130793,0
molecola_38936,26,0,26,0.0006137929740361869,0
molecola_39046,1,0,1,0.014888273552060127,0
molecola_39046,2,0,2,0.02859824150800705,0
molecola_39046,3,0,3,0.014888273552060127,0
molecola_39046,4,0,4,0.020438261330127716,0
molecola_39046,5,0,5,0.07138723880052567,0
molecola_39046,6,1,6,0.9867825508117676,1
molecola_39046,7,1,7,0.981853187084198,1
molecola_39046,8,0,8,0.015029705129563808,0
molecola_39046,9,0,9,0.00338261597789824,0
molecola_39046,10,0,10,0.005076505243778229,0
molecola_39046,11,0,11,0.009279938414692879,0
molecola_39046,12,0,12,0.005158621817827225,0
molecola_39046,13,0,13,0.006858085282146931,0
molecola_39046,14,0,14,0.002850409597158432,0
molecola_39046,15,0,15,0.0007089018472470343,0
molecola_39046,16,0,16,0.0007374064298346639,0
molecola_39046,17,0,17,0.0011768679833039641,0
molecola_39046,18,0,18,0.005435120780020952,0
molecola_39046,19,0,19,0.010056408122181892,0
molecola_39046,20,0,20,0.005619615316390991,0
molecola_39145,1,0,1,8.095891098491848e-05,0
molecola_39145,2,0,2,8.998464181786403e-05,0
molecola_39145,3,0,3,9.347737795906141e-05,0
molecola_39145,4,0,4,0.00015719041402917355,0
molecola_39145,5,0,5,0.000548051786608994,0
molecola_39145,6,0,6,0.0007789703668095171,0
molecola_39145,7,0,7,0.003585228929296136,0
molecola_39145,8,0,8,0.3447053134441376,0
molecola_39145,9,1,9,0.9608765840530396,1
molecola_39145,10,1,10,0.9340550303459167,1
molecola_39145,11,0,11,0.025766149163246155,0
molecola_39145,12,0,12,0.006328151561319828,0
molecola_39145,13,0,13,0.000985548016615212,0
molecola_39145,14,0,14,0.0006715276977047324,0
molecola_39145,15,0,15,0.0003271171008236706,0
molecola_39145,16,0,16,0.00023579159460496157,0
molecola_39145,17,0,17,0.0007703474839217961,0
molecola_39145,18,0,18,0.0003315541543997824,0
molecola_39145,19,0,19,0.00023582667927257717,0
molecola_39145,20,0,20,0.002528250217437744,0
molecola_39145,21,0,21,0.03236240893602371,0
molecola_39145,22,0,22,0.953791618347168,1
molecola_39145,23,0,23,0.9447619915008545,1
molecola_39145,24,0,24,0.003585228929296136,0
molecola_39145,25,0,25,0.0007789703668095171,0
molecola_39176,1,0,1,0.00011947102029807866,0
molecola_39176,2,0,2,0.00011326428648317233,0
molecola_39176,3,0,3,0.00012145730579504743,0
molecola_39176,4,0,4,0.00013399463205132633,0
molecola_39176,5,0,5,0.0003329675237182528,0
molecola_39176,6,0,6,0.00023177942784968764,0
molecola_39176,7,0,7,0.000569668656680733,0
molecola_39176,8,0,8,0.0005321701755747199,0
molecola_39176,9,0,9,0.0004864517250098288,0
molecola_39176,10,0,10,0.00042426795698702335,0
molecola_39176,11,0,11,0.0004864517250098288,0
molecola_39176,12,0,12,0.0005321701755747199,0
molecola_39176,13,0,13,9.422619041288272e-05,0
molecola_39176,14,0,14,9.687150304671377e-05,0
molecola_39176,15,0,15,9.877111006062478e-05,0
molecola_39176,16,0,16,0.00022976835316512734,0
molecola_39176,17,0,17,0.004072299227118492,0
molecola_39176,18,1,18,0.9858502745628357,1
molecola_39176,19,1,19,0.9807891249656677,1
molecola_39176,20,0,20,0.0084220040589571,0
molecola_39176,21,0,21,0.0016095050377771258,0
molecola_39176,22,0,22,0.0005337218171916902,0
molecola_39176,23,0,23,0.0004365748609416187,0
molecola_39176,24,0,24,0.0005337218171916902,0
molecola_39176,25,0,25,0.0016095050377771258,0
molecola_39365,1,0,1,0.0003378850524313748,0
molecola_39365,2,0,2,0.0010055500315502286,0
molecola_39365,3,0,3,0.0005692537524737418,0
molecola_39365,4,0,4,0.0007462529465556145,0
molecola_39365,5,0,5,0.0013510711723938584,0
molecola_39365,6,0,6,0.0012465198524296284,0
molecola_39365,7,0,7,0.0024339999072253704,0
molecola_39365,8,0,8,0.0026321434415876865,0
molecola_39365,9,0,9,0.0022417372092604637,0
molecola_39365,10,0,10,0.0015325674321502447,0
molecola_39365,11,0,11,0.0008704831125214696,0
molecola_39365,12,0,12,0.0009954035049304366,0
molecola_39365,13,0,13,0.002568646101281047,0
molecola_39365,14,0,14,0.002917190548032522,0
molecola_39365,15,0,15,0.0022201859392225742,0
molecola_39365,16,0,16,0.0013776675332337618,0
molecola_39365,17,0,17,0.0013776675332337618,0
molecola_39365,18,0,18,0.0013776675332337618,0
molecola_39365,19,0,19,0.0013360979501158,0
molecola_39365,20,0,20,0.0028955386951565742,0
molecola_39365,21,0,21,0.0036117190029472113,0
molecola_39365,22,0,22,0.0018510469235479832,0
molecola_39365,23,0,23,0.000830196135211736,0
molecola_39365,24,0,24,0.0008850687881931663,0
molecola_39365,25,0,25,0.0005448760348372161,0
molecola_39365,26,0,26,0.0003414450620766729,0
molecola_39365,27,0,27,0.00014209773507900536,0
molecola_39365,28,0,28,0.00015699508367106318,0
molecola_39365,29,0,29,0.0001230612106155604,0
molecola_39365,30,0,30,0.00044860970228910446,0
molecola_39365,31,1,31,0.9982244372367859,1
molecola_39365,32,1,32,0.9975041747093201,1
molecola_39365,33,0,33,0.0004179292591288686,0
molecola_39365,34,0,34,0.0008325754897668958,0
molecola_39365,35,0,35,0.00021487400226760656,0
molecola_39365,36,0,36,0.00010535108594922349,0
molecola_39365,37,0,37,0.00010370516974944621,0
molecola_39365,38,0,38,9.389539627591148e-05,0
molecola_39365,39,0,39,0.00010370516974944621,0
molecola_39365,40,0,40,0.00010535108594922349,0
molecola_403,1,0,1,0.002205186290666461,0
molecola_403,2,0,2,0.0028633903712034225,0
molecola_403,3,0,3,0.0029355669394135475,0
molecola_403,4,0,4,0.0010345224291086197,0
molecola_403,5,0,5,0.0005016240174882114,0
molecola_403,6,0,6,0.00016080151544883847,0
molecola_403,7,0,7,0.00014498729433398694,0
molecola_403,8,0,8,0.00015669985441491008,0
molecola_403,9,0,9,0.00013047322863712907,0
molecola_403,10,0,10,0.00010675514204194769,0
molecola_403,11,0,11,0.00011240311141591519,0
molecola_403,12,0,12,0.001831993111409247,0
molecola_403,13,1,13,0.9847094416618347,1
molecola_403,14,1,14,0.9909534454345703,1
molecola_403,15,1,15,0.9875741600990295,1
molecola_403,16,1,16,0.9850766062736511,1
molecola_403,17,0,17,0.001468597911298275,0
molecola_403,18,0,18,0.00014773968723602593,0
molecola_403,19,0,19,0.00012379858526401222,0
molecola_403,20,0,20,0.00013185890566091985,0
molecola_403,21,0,21,0.00011178955173818395,0
molecola_403,22,0,22,0.00012335481005720794,0
molecola_403,23,0,23,0.00016878869791980833,0
molecola_403,24,0,24,0.00013840418250765651,0
molecola_403,25,0,25,0.00024109666992444545,0
molecola_403,26,0,26,0.008699956350028515,0
molecola_403,27,0,27,0.546282172203064,1
molecola_403,28,0,28,0.11500513553619385,0
molecola_403,29,0,29,0.4919031858444214,0
molecola_403,30,0,30,0.15187031030654907,0
molecola_403,31,0,31,0.8621591925621033,1
molecola_403,32,0,32,0.751372754573822,1
molecola_4030,1,0,1,0.00019094275194220245,0
molecola_4030,2,0,2,0.0004998739459551871,0
molecola_4030,3,0,3,0.00046512685366906226,0
molecola_4030,4,0,4,0.00046512685366906226,0
molecola_4030,5,0,5,0.0010188206797465682,0
molecola_4030,6,0,6,0.0009831181960180402,0
molecola_4030,7,0,7,0.0009713841136544943,0
molecola_4030,8,0,8,0.0020962029229849577,0
molecola_4030,9,0,9,0.0009713841136544943,0
molecola_4030,10,0,10,0.0009831181960180402,0
molecola_4030,11,0,11,0.006539791356772184,0
molecola_4030,12,0,12,0.0011985490564256907,0
molecola_4030,13,1,13,0.9855013489723206,1
molecola_4030,14,1,14,0.9799817800521851,1
molecola_4030,15,0,15,0.006284012924879789,0
molecola_4030,16,0,16,0.0016042657662183046,0
molecola_4030,17,0,17,0.0005327180260792375,0
molecola_4030,18,0,18,0.0004365750646684319,0
molecola_4030,19,0,19,0.0005327180260792375,0
molecola_4030,20,0,20,0.0016042657662183046,0
molecola_40519,1,0,1,0.0004759404982905835,0
molecola_40519,2,0,2,0.0012575717410072684,0
molecola_40519,3,0,3,0.004717301111668348,0
molecola_40519,4,0,4,0.8981735110282898,1
molecola_40519,5,0,5,0.002401817822828889,0
molecola_40519,6,0,6,0.00012874265667051077,0
molecola_40519,7,0,7,0.00015110387175809592,0
molecola_40519,8,0,8,0.00013308037887327373,0
molecola_40519,9,0,9,0.00012718459765892476,0
molecola_40519,10,0,10,0.0016501403879374266,0
molecola_40519,11,0,11,0.00016948572010733187,0
molecola_40519,12,1,12,0.9386560916900635,1
molecola_40519,13,1,13,0.9194687604904175,1
molecola_40519,14,0,14,0.864627480506897,1
molecola_40519,15,0,15,0.8911949992179871,1
molecola_40519,16,0,16,0.9003280997276306,1
molecola_40519,17,0,17,0.8995445370674133,1
molecola_40519,18,0,18,0.004216208588331938,0
molecola_40519,19,0,19,0.00019296258687973022,0
molecola_40519,20,0,20,0.0001637000823393464,0
molecola_40519,21,0,21,0.00015937015996314585,0
molecola_40519,22,0,22,0.00013331764785107225,0
molecola_40519,23,0,23,0.00015150134277064353,0
molecola_40519,24,0,24,0.0028190072625875473,0
molecola_40519,25,0,25,0.00018079728761222214,0
molecola_40519,26,0,26,0.00045457278611138463,0
molecola_40519,27,0,27,0.920617938041687,1
molecola_40519,28,0,28,0.9251174330711365,1
molecola_40519,29,0,29,0.9225153923034668,1
molecola_40519,30,0,30,0.004265665542334318,0
molecola_40787,1,1,1,0.997873067855835,1
molecola_40787,2,1,2,0.9985769987106323,1
molecola_40787,3,0,3,0.0003235188196413219,0
molecola_40787,4,0,4,0.00012956101272720844,0
molecola_40787,5,0,5,0.0001254981179954484,0
molecola_40787,6,0,6,0.000346010405337438,0
molecola_40787,7,0,7,0.0009397321264259517,0
molecola_40787,8,0,8,0.03390573337674141,0
molecola_40787,9,0,9,0.002991885645315051,0
molecola_40787,10,0,10,0.9761229157447815,1
molecola_40787,11,0,11,0.9353070259094238,1
molecola_40787,12,0,12,0.5547083616256714,1
molecola_40787,13,0,13,0.4445297122001648,0
molecola_40787,14,0,14,0.2698151767253876,0
molecola_40787,15,0,15,0.005472701974213123,0
molecola_40787,16,0,16,0.0007091693696565926,0
molecola_40787,17,0,17,0.0005060222465544939,0
molecola_40787,18,0,18,0.00027485715691000223,0
molecola_40787,19,0,19,0.00026722383336164057,0
molecola_40787,20,0,20,0.0002848257136065513,0
molecola_40787,21,0,21,0.0005764246452599764,0
molecola_40787,22,0,22,0.002771292347460985,0
molecola_40889,1,0,1,0.00022050731058698148,0
molecola_40889,2,0,2,0.0003006759798154235,0
molecola_40889,3,0,3,0.0009747680160216987,0
molecola_40889,4,0,4,0.0007917812326923013,0
molecola_40889,5,0,5,0.0020655321422964334,0
molecola_40889,6,0,6,0.005260667763650417,0
molecola_40889,7,0,7,0.012299947440624237,0
molecola_40889,8,0,8,0.019993064925074577,0
molecola_40889,9,0,9,0.003522278508171439,0
molecola_40889,10,0,10,0.0011999312555417418,0
molecola_40889,11,0,11,0.0002674843417480588,0
molecola_40889,12,0,12,0.00013046602543909103,0
molecola_40889,13,0,13,0.00012112515105400234,0
molecola_40889,14,0,14,0.0001463707012590021,0
molecola_40889,15,0,15,0.00014600256690755486,0
molecola_40889,16,0,16,0.00014600256690755486,0
molecola_40889,17,0,17,0.0020629309583455324,0
molecola_40889,18,0,18,0.0010194790083914995,0
molecola_40889,19,1,19,0.9331701397895813,1
molecola_40889,20,1,20,0.910484790802002,1
molecola_40889,21,0,21,0.023892110213637352,0
molecola_40889,22,0,22,0.01343287993222475,0
molecola_40889,23,0,23,0.010796692222356796,0
molecola_40889,24,0,24,0.006944919936358929,0
molecola_40889,25,0,25,0.004679567646235228,0
molecola_40889,26,0,26,0.0027985863853245974,0
molecola_40889,27,0,27,0.011306993663311005,0
molecola_41047,1,0,1,0.0009937821887433529,0
molecola_41047,2,0,2,0.002793392399325967,0
molecola_41047,3,0,3,0.0018613312859088182,0
molecola_41047,4,0,4,0.002236736472696066,0
molecola_41047,5,0,5,0.0006443325546570122,0
molecola_41047,6,0,6,0.0009736602078191936,0
molecola_41047,7,0,7,0.0013203544076532125,0
molecola_41047,8,0,8,0.0011363524245098233,0
molecola_41047,9,1,9,0.9997467398643494,1
molecola_41047,10,1,10,0.9997249245643616,1
molecola_41135,1,0,1,0.000494287465699017,0
molecola_41135,2,0,2,0.003297999268397689,0
molecola_41135,3,0,3,0.0014658287400379777,0
molecola_41135,4,0,4,0.0031594454776495695,0
molecola_41135,5,0,5,0.04562045633792877,0
molecola_41135,6,0,6,0.03179900720715523,0
molecola_41135,7,0,7,0.017302380874753,0
molecola_41135,8,0,8,0.044328153133392334,0
molecola_41135,9,0,9,0.9067967534065247,1
molecola_41135,10,0,10,0.2574161887168884,0
molecola_41135,11,0,11,0.9026501178741455,1
molecola_41135,12,1,12,0.9074684977531433,1
molecola_41135,13,0,13,0.25699320435523987,0
molecola_41135,14,1,14,0.9025759696960449,1
molecola_41285,1,0,1,0.0001184922584798187,0
molecola_41285,2,0,2,0.000131317981868051,0
molecola_41285,3,0,3,0.0001181039770017378,0
molecola_41285,4,0,4,0.00022190078743733466,0
molecola_41285,5,0,5,0.0002809723373502493,0
molecola_41285,6,0,6,0.0004832544655073434,0
molecola_41285,7,0,7,0.000683060847222805,0
molecola_41285,8,0,8,0.0011808162089437246,0
molecola_41285,9,0,9,0.0006530483369715512,0
molecola_41285,10,0,10,0.0004721966106444597,0
molecola_41285,11,0,11,0.00024148363445419818,0
molecola_41285,12,0,12,0.0001291955850319937,0
molecola_41285,13,0,13,0.00013454760483000427,0
molecola_41285,14,0,14,0.00012230806169100106,0
molecola_41285,15,1,15,0.9997469782829285,1
molecola_41285,16,1,16,0.9997250437736511,1
molecola_41330,1,0,1,8.971936767920852e-05,0
molecola_41330,2,0,2,0.00012856465764343739,0
molecola_41330,3,0,3,0.0002500257978681475,0
molecola_41330,4,0,4,0.0006525723729282618,0
molecola_41330,5,0,5,0.0027108131907880306,0
molecola_41330,6,0,6,0.009265955537557602,0
molecola_41330,7,0,7,0.009435362182557583,0
molecola_41330,8,0,8,0.007402068004012108,0
molecola_41330,9,0,9,0.0039200447499752045,0
molecola_41330,10,0,10,0.0014258443843573332,0
molecola_41330,11,0,11,0.0018559651216492057,0
molecola_41330,12,0,12,0.0014258443843573332,0
molecola_41330,13,0,13,0.0039200447499752045,0
molecola_41330,14,0,14,0.0020639756694436073,0
molecola_41330,15,0,15,0.0013407320948317647,0
molecola_41330,16,0,16,0.0013407320948317647,0
molecola_41330,17,0,17,0.0013407320948317647,0
molecola_41330,18,0,18,0.004884358029812574,0
molecola_41330,19,0,19,0.0008101665880531073,0
molecola_41330,20,0,20,0.00048800991498865187,0
molecola_41330,21,1,21,0.9997445940971375,1
molecola_41330,22,1,22,0.9997246861457825,1
molecola_41546,1,0,1,0.00040903958142735064,0
molecola_41546,2,0,2,0.001098519191145897,0
molecola_41546,3,0,3,0.0006813022191636264,0
molecola_41546,4,0,4,0.0005840202793478966,0
molecola_41546,5,0,5,0.0006731994799338281,0
molecola_41546,6,0,6,0.0009496667189523578,0
molecola_41546,7,0,7,0.0017337474273517728,0
molecola_41546,8,0,8,0.002189013874158263,0
molecola_41546,9,0,9,0.0011794138699769974,0
molecola_41546,10,0,10,0.0007178529049269855,0
molecola_41546,11,0,11,0.0008085643057711422,0
molecola_41546,12,0,12,0.0007178529049269855,0
molecola_41546,13,0,13,0.0011794138699769974,0
molecola_41546,14,1,14,0.9997472167015076,1
molecola_41546,15,1,15,0.9997250437736511,1
molecola_41596,1,1,1,0.9027180671691895,1
molecola_41596,2,1,2,0.9063400030136108,1
molecola_41596,3,0,3,0.2553548216819763,0
molecola_41596,4,0,4,0.1650574505329132,0
molecola_41596,5,0,5,0.020856548100709915,0
molecola_41596,6,0,6,0.0017811075085774064,0
molecola_41596,7,0,7,0.03051292710006237,0
molecola_41596,8,0,8,0.06246435269713402,0
molecola_41596,9,0,9,0.001926879514940083,0
molecola_41596,10,0,10,0.0009190833079628646,0
molecola_41596,11,0,11,0.0005984600284136832,0
molecola_41596,12,0,12,0.0008669171947985888,0
molecola_41596,13,0,13,0.0015086124185472727,0
molecola_41596,14,0,14,0.002137125004082918,0
molecola_41620,1,1,1,0.9023557901382446,1
molecola_41620,2,1,2,0.9078420996665955,1
molecola_41620,3,0,3,0.25596076250076294,0
molecola_41620,4,0,4,0.03000510297715664,0
molecola_41620,5,0,5,0.0027612780686467886,0
molecola_41620,6,0,6,0.003789322217926383,0
molecola_41620,7,0,7,0.006195972673594952,0
molecola_41620,8,0,8,0.0061597926542162895,0
molecola_41620,9,0,9,0.00471610389649868,0
molecola_41620,10,0,10,0.0045900712721049786,0
molecola_41620,11,0,11,0.0056181661784648895,0
molecola_41620,12,0,12,0.0032442607916891575,0
molecola_42016,1,0,1,0.001005662023089826,0
molecola_42016,2,0,2,0.0015289591392502189,0
molecola_42016,3,0,3,0.0016881716437637806,0
molecola_42016,4,0,4,0.0020973205100744963,0
molecola_42016,5,0,5,0.01977837271988392,0
molecola_42016,6,0,6,0.005437544547021389,0
molecola_42016,7,0,7,0.9717361927032471,1
molecola_42016,8,0,8,0.9752966165542603,1
molecola_42016,9,0,9,0.06486057490110397,0
molecola_42016,10,0,10,0.003943355288356543,0
molecola_42016,11,0,11,0.0012971905525773764,0
molecola_42016,12,0,12,0.16355277597904205,0
molecola_42016,13,0,13,0.011705304495990276,0
molecola_42016,14,1,14,0.9781489968299866,1
molecola_42016,15,1,15,0.9784875512123108,1
molecola_42016,16,0,16,0.0731365755200386,0
molecola_42016,17,0,17,0.006208210717886686,0
molecola_42016,18,0,18,0.0025042349006980658,0
molecola_42016,19,0,19,0.0007165641291067004,0
molecola_42016,20,0,20,0.0013930292334407568,0
molecola_42016,21,0,21,0.0014263115590438247,0
molecola_42016,22,0,22,0.0037256181240081787,0
molecola_42131,1,0,1,0.00023389194393530488,0
molecola_42131,2,0,2,0.0003568698884919286,0
molecola_42131,3,0,3,0.003531522350385785,0
molecola_42131,4,0,4,0.0009230425930581987,0
molecola_42131,5,0,5,0.0008190727094188333,0
molecola_42131,6,0,6,0.0004013346624560654,0
molecola_42131,7,0,7,0.00029674256802536547,0
molecola_42131,8,0,8,0.00033861800329759717,0
molecola_42131,9,0,9,0.00033861800329759717,0
molecola_42131,10,0,10,0.00018387168529443443,0
molecola_42131,11,0,11,0.0007582146790809929,0
molecola_42131,12,0,12,0.0065182955004274845,0
molecola_42131,13,0,13,0.03473694249987602,0
molecola_42131,14,0,14,0.09828802198171616,0
molecola_42131,15,0,15,0.10452957451343536,0
molecola_42131,16,0,16,0.05180170759558678,0
molecola_42131,17,0,17,0.0016048179240897298,0
molecola_42131,18,0,18,0.0007028619875200093,0
molecola_42131,19,0,19,0.0007451883866451681,0
molecola_42131,20,0,20,0.013279159553349018,0
molecola_42131,21,0,21,0.03449283912777901,0
molecola_42131,22,0,22,0.03927566111087799,0
molecola_42131,23,0,23,0.03390715271234512,0
molecola_42131,24,0,24,0.01406339555978775,0
molecola_42131,25,0,25,0.0009577820892445743,0
molecola_42131,26,0,26,0.000652392627671361,0
molecola_42131,27,0,27,0.001559730269946158,0
molecola_42131,28,1,28,0.9997445940971375,1
molecola_42131,29,1,29,0.9997246861457825,1
molecola_42131,30,0,30,0.043536558747291565,0
molecola_42190,1,0,1,0.0013622124679386616,0
molecola_42190,2,0,2,0.004413016140460968,0
molecola_42190,3,0,3,0.22266975045204163,0
molecola_42190,4,0,4,0.41249144077301025,0
molecola_42190,5,0,5,0.41168153285980225,0
molecola_42190,6,0,6,0.2560035288333893,0
molecola_42190,7,0,7,0.00543240224942565,0
molecola_42190,8,0,8,0.0015477498527616262,0
molecola_42190,9,0,9,0.004103840794414282,0
molecola_42190,10,0,10,0.0037993346340954304,0
molecola_42190,11,0,11,0.0015477498527616262,0
molecola_42190,12,0,12,0.00543240224942565,0
molecola_42190,13,0,13,0.005095643922686577,0
molecola_42190,14,0,14,0.006564317736774683,0
molecola_42190,15,0,15,0.04167425259947777,0
molecola_42190,16,1,16,0.9081650376319885,1
molecola_42190,17,0,17,0.2559702396392822,0
molecola_42190,18,1,18,0.9026175737380981,1
molecola_42233,1,0,1,0.00036363585968501866,0
molecola_42233,2,0,2,0.0015340384561568499,0
molecola_42233,3,0,3,0.001143013359978795,0
molecola_42233,4,0,4,0.0194725189357996,0
molecola_42233,5,0,5,0.9484336376190186,1
molecola_42233,6,0,6,0.9773847460746765,1
molecola_42233,7,0,7,0.9771687984466553,1
molecola_42233,8,0,8,0.9477330446243286,1
molecola_42233,9,0,9,0.13286076486110687,0
molecola_42233,10,0,10,0.017322946339845657,0
molecola_42233,11,0,11,0.010807977989315987,0
molecola_42233,12,0,12,0.0017495271749794483,0
molecola_42233,13,0,13,0.002528384793549776,0
molecola_42233,14,0,14,0.0008404055261053145,0
molecola_42233,15,0,15,0.0006347104208543897,0
molecola_42233,16,0,16,0.0007013788563199341,0
molecola_42233,17,0,17,0.0013144847471266985,0
molecola_42233,18,0,18,0.04850625991821289,0
molecola_42233,19,0,19,0.07961686700582504,0
molecola_42233,20,0,20,0.0026298260781913996,0
molecola_42233,21,1,21,0.9075137376785278,1
molecola_42233,22,0,22,0.2569926977157593,0
molecola_42233,23,1,23,0.9025748372077942,1
molecola_42394,1,0,1,0.00010684313747333363,0
molecola_42394,2,0,2,0.00012896850239485502,0
molecola_42394,3,0,3,0.0015262854285538197,0
molecola_42394,4,1,4,0.9628158211708069,1
molecola_42394,5,1,5,0.9717854857444763,1
molecola_42394,6,1,6,0.9495156407356262,1
molecola_42394,7,1,7,0.9526287913322449,1
molecola_42394,8,1,8,0.9512909054756165,1
molecola_42394,9,1,9,0.9538038969039917,1
molecola_42394,10,1,10,0.9695330262184143,1
molecola_42394,11,1,11,0.9642830491065979,1
molecola_42634,1,0,1,0.011738973669707775,0
molecola_42634,2,0,2,0.9825010895729065,1
molecola_42634,3,0,3,0.9851887226104736,1
molecola_42634,4,0,4,0.008844721131026745,0
molecola_42634,5,0,5,0.019426194950938225,0
molecola_42634,6,0,6,0.0033788145519793034,0
molecola_42634,7,0,7,0.0011558315018191934,0
molecola_42634,8,0,8,0.0025567389093339443,0
molecola_42634,9,0,9,0.00015902149607427418,0
molecola_42634,10,0,10,0.00015398571849800646,0
molecola_42634,11,0,11,0.00013748921628575772,0
molecola_42634,12,0,12,0.00013748921628575772,0
molecola_42634,13,0,13,0.00015976408030837774,0
molecola_42634,14,0,14,0.002468646503984928,0
molecola_42634,15,0,15,0.0004299353458918631,0
molecola_42634,16,0,16,0.0003885066253133118,0
molecola_42634,17,0,17,0.0001665384043008089,0
molecola_42634,18,0,18,0.00016067983233369887,0
molecola_42634,19,0,19,0.00017180417489726096,0
molecola_42634,20,0,20,0.00013623377890326083,0
molecola_42634,21,0,21,0.001472829026170075,0
molecola_42634,22,1,22,0.9496124982833862,1
molecola_42634,23,1,23,0.9587455987930298,1
molecola_42634,24,1,24,0.9568292498588562,1
molecola_42634,25,1,25,0.9391481876373291,1
molecola_42634,26,0,26,0.005544782150536776,0
molecola_42634,27,0,27,0.005544782150536776,0
molecola_42634,28,0,28,0.0026638146955519915,0
molecola_42634,29,0,29,0.00013662248966284096,0
molecola_42634,30,0,30,0.0001243512233486399,0
molecola_42634,31,0,31,0.00016533811867702752,0
molecola_42634,32,0,32,0.00013755452528130263,0
molecola_42634,33,0,33,0.0001954839244717732,0
molecola_42634,34,0,34,0.0001423368084942922,0
molecola_42634,35,0,35,0.0001473189186071977,0
molecola_42634,36,0,36,0.002073295647278428,0
molecola_42634,37,0,37,0.010721012949943542,0
molecola_42634,38,0,38,0.04968700557947159,0
molecola_42634,39,0,39,0.03416481614112854,0
molecola_42634,40,0,40,0.03416481614112854,0
molecola_42776,1,0,1,0.0007008009706623852,0
molecola_42776,2,0,2,0.001710826880298555,0
molecola_42776,3,0,3,0.0012192415306344628,0
molecola_42776,4,0,4,0.0022313708905130625,0
molecola_42776,5,0,5,0.01838190294802189,0
molecola_42776,6,0,6,0.004222675692290068,0
molecola_42776,7,0,7,0.0027379405219107866,0
molecola_42776,8,0,8,0.004222675692290068,0
molecola_42776,9,0,9,0.01838190294802189,0
molecola_42776,10,1,10,0.906744122505188,1
molecola_42776,11,1,11,0.2569928467273712,0
molecola_42776,12,1,12,0.902576744556427,1
molecola_42776,13,0,13,0.0022644491400569677,0
molecola_42776,14,0,14,0.0025007855147123337,0
molecola_42776,15,0,15,0.0008709211251698434,0
molecola_42776,16,0,16,0.0003511525865178555,0
molecola_42776,17,0,17,0.0001328706566710025,0
molecola_42776,18,0,18,0.0001441428466932848,0
molecola_42776,19,0,19,0.00014631809608545154,0
molecola_42776,20,0,20,0.00014631809608545154,0
molecola_42776,21,0,21,0.906744122505188,1
molecola_42776,22,0,22,0.2569928467273712,0
molecola_42776,23,0,23,0.902576744556427,1
molecola_42776,24,0,24,0.0017251527169719338,0
molecola_42776,25,0,25,0.0019980985671281815,0
molecola_42776,26,0,26,0.0011510200565680861,0
molecola_42776,27,0,27,0.0011901197722181678,0
molecola_42776,28,0,28,0.0007804608321748674,0
molecola_42776,29,0,29,0.0005132427322678268,0
molecola_42776,30,0,30,0.00039136852137744427,0
molecola_42776,31,0,31,0.0005132427322678268,0
molecola_42776,32,0,32,0.0007804608321748674,0
molecola_42776,33,0,33,0.0002481368719600141,0
molecola_42776,34,0,34,0.00015321678074542433,0
molecola_42776,35,0,35,0.00015512060781475157,0
molecola_42776,36,0,36,0.0001841334451455623,0
molecola_42776,37,0,37,0.00015321678074542433,0
molecola_42776,38,0,38,0.00015512060781475157,0
molecola_42776,39,0,39,0.0001841334451455623,0
molecola_43152,1,0,1,0.0003477508435025811,0
molecola_43152,2,0,2,0.0007474290323443711,0
molecola_43152,3,0,3,0.0006166720413602889,0
molecola_43152,4,0,4,0.0005631992244161665,0
molecola_43152,5,0,5,0.000572577933780849,0
molecola_43152,6,0,6,0.0006229220889508724,0
molecola_43152,7,0,7,0.0006932330434210598,0
molecola_43152,8,0,8,0.0003856378607451916,0
molecola_43152,9,0,9,0.00016571185551583767,0
molecola_43152,10,0,10,0.0004324908659327775,0
molecola_43152,11,1,11,0.9983264803886414,1
molecola_43152,12,1,12,0.9975512623786926,1
molecola_43152,13,0,13,0.0005964766023680568,0
molecola_43152,14,0,14,0.0005267451051622629,0
molecola_43152,15,0,15,0.0004880092164967209,0
molecola_43152,16,0,16,0.0004239457775838673,0
molecola_43152,17,0,17,0.0004880092164967209,0
molecola_43152,18,0,18,0.0005267451051622629,0
molecola_43270,1,1,1,0.9019955396652222,1
molecola_43270,2,1,2,0.9055201411247253,1
molecola_43270,3,0,3,0.26815783977508545,0
molecola_43270,4,0,4,0.08974655717611313,0
molecola_43270,5,0,5,0.061241015791893005,0
molecola_43270,6,0,6,0.017296699807047844,0
molecola_43270,7,0,7,0.00205685175023973,0
molecola_43270,8,0,8,0.00033984860056079924,0
molecola_43270,9,0,9,0.00047661352436989546,0
molecola_43270,10,0,10,0.0005315198213793337,0
molecola_43270,11,0,11,0.0005946309538558125,0
molecola_43270,12,0,12,0.0006090134847909212,0
molecola_43270,13,0,13,0.0005924174329265952,0
molecola_43270,14,0,14,0.0005015188362449408,0
molecola_43270,15,0,15,0.0004343732725828886,0
molecola_43270,16,0,16,0.00035973507328890264,0
molecola_43270,17,0,17,0.001454607816413045,0
molecola_43280,1,0,1,0.0028842852916568518,0
molecola_43280,2,0,2,0.004139943979680538,0
molecola_43280,3,0,3,0.003810560330748558,0
molecola_43280,4,0,4,0.00218404084444046,0
molecola_43280,5,0,5,0.003180283587425947,0
molecola_43280,6,0,6,0.0015289445873349905,0
molecola_43280,7,0,7,0.0019659316167235374,0
molecola_43280,8,1,8,0.9997441172599792,1
molecola_43280,9,1,9,0.9997245669364929,1
molecola_43280,10,0,10,0.003260738216340542,0
molecola_43280,11,0,11,0.0021004294976592064,0
molecola_43280,12,0,12,0.00193113018758595,0
molecola_43280,13,0,13,0.003587982850149274,0
molecola_43280,14,0,14,0.0010747151682153344,0
molecola_43280,15,0,15,0.0009629926062189043,0
molecola_43280,16,0,16,0.0010747151682153344,0
molecola_43280,17,0,17,0.003592045744881034,0
molecola_43280,18,0,18,0.001952506834641099,0
molecola_43280,19,0,19,0.0020672862883657217,0
molecola_43280,20,0,20,0.0029485488776117563,0
molecola_43280,21,0,21,0.005332374945282936,0
molecola_43280,22,0,22,0.005354773718863726,0
molecola_43288,1,1,1,0.9997250437736511,1
molecola_43288,2,1,2,0.9997469782829285,1
molecola_43288,3,0,3,0.0011091807391494513,0
molecola_43288,4,0,4,0.0006997137679718435,0
molecola_43288,5,0,5,0.000681625388097018,0
molecola_43288,6,0,6,0.0004178230883553624,0
molecola_43288,7,0,7,0.00014432934403885156,0
molecola_43288,8,0,8,0.00012201427307445556,0
molecola_43288,9,0,9,0.0002048792812274769,0
molecola_43288,10,0,10,0.0004153349727857858,0
molecola_43288,11,0,11,0.0005636205314658582,0
molecola_43295,1,0,1,0.009293864481151104,0
molecola_43295,2,0,2,0.00933066662400961,0
molecola_43295,3,0,3,0.007844420149922371,0
molecola_43295,4,0,4,0.005952564068138599,0
molecola_43295,5,0,5,0.0012625656090676785,0
molecola_43295,6,0,6,0.0011043355334550142,0
molecola_43295,7,0,7,0.0015670886496081948,0
molecola_43295,8,0,8,0.004805000498890877,0
molecola_43295,9,0,9,0.003899805713444948,0
molecola_43295,10,0,10,0.0012730694143101573,0
molecola_43295,11,0,11,0.0007244166336022317,0
molecola_43295,12,0,12,0.000730614410713315,0
molecola_43295,13,0,13,0.0013834157725796103,0
molecola_43295,14,0,14,0.004388665780425072,0
molecola_43295,15,0,15,0.004126987420022488,0
molecola_43295,16,0,16,0.004207037389278412,0
molecola_43295,17,1,17,0.9997316002845764,1
molecola_43295,18,1,18,0.9997180104255676,1
molecola_43295,19,0,19,0.005955250933766365,0
molecola_43310,1,0,1,0.00037233124021440744,0
molecola_43310,2,0,2,0.0007440991466864944,0
molecola_43310,3,0,3,0.0005759875057265162,0
molecola_43310,4,0,4,0.0008588208584114909,0
molecola_43310,5,0,5,0.0018120971508324146,0
molecola_43310,6,0,6,0.0009069605730473995,0
molecola_43310,7,0,7,0.0007946293335407972,0
molecola_43310,8,0,8,0.0006426802719943225,0
molecola_43310,9,0,9,0.0010430043330416083,0
molecola_43310,10,1,10,0.9997444748878479,1
molecola_43310,11,1,11,0.9997245669364929,1
molecola_43310,12,0,12,0.0012352349003776908,0
molecola_43334,1,1,1,0.9997182488441467,1
molecola_43334,2,1,2,0.9997313618659973,1
molecola_43334,3,0,3,0.00146365980617702,0
molecola_43334,4,0,4,0.0016109953867271543,0
molecola_43334,5,0,5,0.0002820687659550458,0
molecola_43334,6,0,6,0.00023046255228109658,0
molecola_43334,7,0,7,0.0013982020318508148,0
molecola_43334,8,0,8,0.0007471327553503215,0
molecola_43334,9,0,9,0.0008431876776739955,0
molecola_43334,10,0,10,0.0010439204052090645,0
molecola_43334,11,0,11,0.003268664004281163,0
molecola_43334,12,0,12,0.0019371500238776207,0
molecola_43334,13,0,13,0.002407384803518653,0
molecola_43334,14,0,14,0.005056739319115877,0
molecola_43334,15,0,15,0.0033245317172259092,0
molecola_43334,16,0,16,0.0012548185186460614,0
molecola_43334,17,0,17,0.0007231946801766753,0
molecola_43334,18,0,18,0.0007180697866715491,0
molecola_43334,19,0,19,0.0011055850191041827,0
molecola_43334,20,0,20,0.0020055719651281834,0
molecola_43334,21,0,21,0.004601012449711561,0
molecola_43334,22,0,22,0.003875098191201687,0
molecola_43406,1,1,1,0.9997245669364929,1
molecola_43406,2,1,2,0.9997441172599792,1
molecola_43406,3,0,3,0.0016007859958335757,0
molecola_43406,4,0,4,0.001250197528861463,0
molecola_43406,5,0,5,0.0025486228987574577,0
molecola_43406,6,0,6,0.0008859939407557249,0
molecola_43406,7,0,7,0.0005649969098158181,0
molecola_43406,8,0,8,0.000496468273922801,0
molecola_43406,9,0,9,0.0006112284027040005,0
molecola_43406,10,0,10,0.0016665846342220902,0
molecola_43406,11,0,11,0.0016280504642054439,0
molecola_43406,12,0,12,0.0006310918251983821,0
molecola_43406,13,0,13,0.0005066178273409605,0
molecola_43406,14,0,14,0.0006189466803334653,0
molecola_43406,15,0,15,0.0009881156729534268,0
molecola_43406,16,0,16,0.001610136590898037,0
molecola_43414,1,1,1,0.9035074710845947,1
molecola_43414,2,1,2,0.9048641920089722,1
molecola_43414,3,0,3,0.25494614243507385,0
molecola_43414,4,0,4,0.10179142653942108,0
molecola_43414,5,0,5,0.010281010530889034,0
molecola_43414,6,0,6,0.4588203430175781,0
molecola_43414,7,1,7,0.9754471182823181,1
molecola_43414,8,1,8,0.9771182537078857,1
molecola_43414,9,0,9,0.055966999381780624,0
molecola_43414,10,0,10,0.006026589311659336,0
molecola_43414,11,0,11,0.00931483879685402,0
molecola_43414,12,1,12,0.008432299830019474,0
molecola_43414,13,1,13,0.02595958113670349,0
molecola_43414,14,0,14,0.015043066814541817,0
molecola_43414,15,0,15,0.008915949612855911,0
molecola_43414,16,0,16,0.1021500751376152,0
molecola_43414,17,0,17,0.014149659313261509,0
molecola_43414,18,0,18,0.009424084797501564,0
molecola_43414,19,0,19,0.9048668742179871,1
molecola_43414,20,0,20,0.25494614243507385,0
molecola_43414,21,0,21,0.9035074710845947,1
molecola_43414,22,0,22,0.012828717939555645,0
molecola_43414,23,0,23,0.014188197441399097,0
molecola_43419,1,1,1,0.9996258020401001,1
molecola_43419,2,1,2,0.9995096921920776,1
molecola_43419,3,0,3,0.05259818211197853,0
molecola_43419,4,0,4,0.03842092677950859,0
molecola_43419,5,0,5,0.07930069416761398,0
molecola_43419,6,0,6,0.013249197043478489,0
molecola_43419,7,0,7,0.000735173758585006,0
molecola_43419,8,0,8,0.0007409114623442292,0
molecola_43419,9,0,9,0.01030256599187851,0
molecola_43419,10,0,10,0.06999588012695312,0
molecola_43419,11,0,11,0.024605214595794678,0
molecola_43426,1,1,1,0.9025033712387085,1
molecola_43426,2,1,2,0.9020853638648987,1
molecola_43426,3,0,3,0.26762381196022034,0
molecola_43426,4,0,4,0.30701327323913574,0
molecola_43426,5,0,5,0.22184211015701294,0
molecola_43426,6,0,6,0.15079478919506073,0
molecola_43426,7,0,7,0.005300273187458515,0
molecola_43426,8,0,8,0.0011731756385415792,0
molecola_43426,9,0,9,0.0015189232071861625,0
molecola_43426,10,0,10,0.004804558120667934,0
molecola_43426,11,0,11,0.006578646134585142,0
molecola_43426,12,0,12,0.003314729779958725,0
molecola_43426,13,0,13,0.004160591866821051,0
molecola_43426,14,0,14,0.0009433136438019574,0
molecola_43426,15,0,15,0.000632832816336304,0
molecola_43426,16,0,16,0.0006319995154626667,0
molecola_43426,17,0,17,0.0009274999029003084,0
molecola_43426,18,0,18,0.003842076752334833,0
molecola_43426,19,0,19,0.0027812449261546135,0
molecola_43426,20,0,20,0.007086476776748896,0
molecola_43426,21,0,21,0.005610068328678608,0
molecola_43426,22,0,22,0.05710643529891968,0
molecola_43426,23,0,23,0.013718338683247566,0
molecola_4346,1,0,1,0.0013590797316282988,0
molecola_4346,2,0,2,0.0043409038335084915,0
molecola_4346,3,0,3,0.03966426104307175,0
molecola_4346,4,1,4,0.9929298758506775,1
molecola_4346,5,1,5,0.9895420074462891,1
molecola_4346,6,0,6,0.029559528455138206,0
molecola_4346,7,0,7,0.06254236400127411,0
molecola_4346,8,0,8,0.024118386209011078,0
molecola_4346,9,0,9,0.003358676563948393,0
molecola_4346,10,0,10,0.0029934321064502,0
molecola_4346,11,0,11,0.010766634717583656,0
molecola_4346,12,0,12,0.04932517930865288,0
molecola_4346,13,0,13,0.00617657694965601,0
molecola_4346,14,0,14,0.005010393913835287,0
molecola_4346,15,0,15,0.0022306786850094795,0
molecola_4346,16,0,16,0.0017518737586215138,0
molecola_4346,17,0,17,0.006628026720136404,0
molecola_4346,18,0,18,0.028485463932156563,0
molecola_4346,19,0,19,0.014900188893079758,0
molecola_4346,20,0,20,0.014900188893079758,0
molecola_4346,21,0,21,0.001877818489447236,0
molecola_4346,22,0,22,0.0008808696875348687,0
molecola_4346,23,0,23,0.0005717803724110126,0
molecola_4346,24,0,24,0.0003720601671375334,0
molecola_4346,25,0,25,0.0003939678717870265,0
molecola_4346,26,0,26,0.0005267991218715906,0
molecola_43472,1,1,1,0.9997250437736511,1
molecola_43472,2,1,2,0.9997469782829285,1
molecola_43472,3,0,3,0.0014474355848506093,0
molecola_43472,4,0,4,0.0008929133182391524,0
molecola_43472,5,0,5,0.011265436187386513,0
molecola_43472,6,0,6,0.05769958719611168,0
molecola_43472,7,0,7,0.021754533052444458,0
molecola_43472,8,0,8,0.04193210229277611,0
molecola_43472,9,0,9,0.008172276429831982,0
molecola_43472,10,0,10,0.0007053053705021739,0
molecola_43472,11,0,11,0.0007053053705021739,0
molecola_43472,12,0,12,0.008220046758651733,0
molecola_43472,13,0,13,0.0420895554125309,0
molecola_43472,14,0,14,0.023629799485206604,0
molecola_43472,15,0,15,0.056732650846242905,0
molecola_43472,16,0,16,0.011354099959135056,0
molecola_43497,1,0,1,0.00038597494130954146,0
molecola_43497,2,0,2,0.0007740267319604754,0
molecola_43497,3,0,3,0.00048372294986620545,0
molecola_43497,4,0,4,0.000727520848158747,0
molecola_43497,5,0,5,0.0006035721744410694,0
molecola_43497,6,0,6,0.0006502768374048173,0
molecola_43497,7,0,7,0.0005460021202452481,0
molecola_43497,8,0,8,0.0009096030844375491,0
molecola_43497,9,0,9,0.0006563953356817365,0
molecola_43497,10,1,10,0.9997469782829285,1
molecola_43497,11,1,11,0.9997250437736511,1
molecola_43497,12,0,12,0.9688194990158081,1
molecola_43497,13,0,13,0.8304370045661926,1
molecola_43599,1,0,1,0.018446926027536392,0
molecola_43599,2,0,2,0.05770845338702202,0
molecola_43599,3,0,3,0.018446926027536392,0
molecola_43599,4,1,4,0.9754314422607422,1
molecola_43599,5,1,5,0.9667494893074036,1
molecola_43599,6,0,6,0.9466362595558167,1
molecola_43599,7,0,7,0.8930239677429199,1
molecola_43599,8,0,8,0.8948014378547668,1
molecola_43599,9,0,9,0.9093617796897888,1
molecola_43599,10,0,10,0.018511202186346054,0
molecola_43599,11,0,11,0.002322559244930744,0
molecola_43599,12,0,12,0.0009910808876156807,0
molecola_43599,13,0,13,0.0028610455337911844,0
molecola_43599,14,0,14,0.0080482866615057,0
molecola_43599,15,0,15,0.006211989093571901,0
molecola_43599,16,0,16,0.00752458767965436,0
molecola_43599,17,0,17,0.13186094164848328,0
molecola_43728,1,0,1,0.00012025293108308688,0
molecola_43728,2,0,2,0.00014635772095061839,0
molecola_43728,3,0,3,0.0002142057055607438,0
molecola_43728,4,0,4,0.0006148990360088646,0
molecola_43728,5,0,5,0.0006244470714591444,0
molecola_43728,6,0,6,0.0008764350786805153,0
molecola_43728,7,0,7,0.0021952521055936813,0
molecola_43728,8,0,8,0.020357221364974976,0
molecola_43728,9,0,9,0.0010686004534363747,0
molecola_43728,10,0,10,0.00025263556744903326,0
molecola_43728,11,1,11,0.9076884388923645,1
molecola_43728,12,0,12,0.2569938600063324,0
molecola_43728,13,1,13,0.9025754928588867,1
molecola_43838,1,0,1,0.00010186113649979234,0
molecola_43838,2,0,2,0.00011111194180557504,0
molecola_43838,3,0,3,0.00011596566037042066,0
molecola_43838,4,0,4,0.00011435386841185391,0
molecola_43838,5,0,5,0.00011399024515412748,0
molecola_43838,6,0,6,0.00011369561252649873,0
molecola_43838,7,0,7,0.00011520428961375728,0
molecola_43838,8,0,8,0.00010357541759731248,0
molecola_43838,9,0,9,0.00013558399223256856,0
molecola_43838,10,0,10,0.00017100022523663938,0
molecola_43838,11,0,11,0.00034723570570349693,0
molecola_43838,12,0,12,0.0004170419415459037,0
molecola_43838,13,0,13,0.00017100022523663938,0
molecola_43838,14,0,14,0.00013558399223256856,0
molecola_43838,15,0,15,0.00010357541759731248,0
molecola_43838,16,0,16,0.00011520428961375728,0
molecola_43838,17,0,17,0.00011369561252649873,0
molecola_43838,18,0,18,0.00011399024515412748,0
molecola_43838,19,0,19,0.00011435386841185391,0
molecola_43838,20,0,20,0.00011596566037042066,0
molecola_43838,21,0,21,0.00011111194180557504,0
molecola_43838,22,0,22,0.00010186113649979234,0
molecola_43838,23,0,23,0.0005069772014394403,0
molecola_43838,24,0,24,0.0011656220303848386,0
molecola_43838,25,0,25,0.0008416468626819551,0
molecola_43838,26,0,26,0.0021484463941305876,0
molecola_43838,27,0,27,0.026096604764461517,0
molecola_43838,28,0,28,0.0021484463941305876,0
molecola_43838,29,0,29,0.0008416468626819551,0
molecola_43838,30,1,30,0.9080261588096619,1
molecola_43838,31,0,31,0.2559604346752167,0
molecola_43838,32,1,32,0.9023556113243103,1
molecola_43853,1,0,1,0.014888273552060127,0
molecola_43853,2,0,2,0.028615467250347137,0
molecola_43853,3,0,3,0.014888273552060127,0
molecola_43853,4,0,4,0.05109306797385216,0
molecola_43853,5,0,5,0.3410608172416687,0
molecola_43853,6,0,6,0.8442761301994324,1
molecola_43853,7,0,7,0.846001923084259,1
molecola_43853,8,1,8,0.9728124141693115,1
molecola_43853,9,1,9,0.9755657315254211,1
molecola_43853,10,0,10,0.06148194149136543,0
molecola_43853,11,0,11,0.012348457239568233,0
molecola_43853,12,0,12,0.012348457239568233,0
molecola_44111,1,1,1,0.9023557901382446,1
molecola_44111,2,1,2,0.9078162312507629,1
molecola_44111,3,0,3,0.2559607923030853,0
molecola_44111,4,0,4,0.0375727117061615,0
molecola_44111,5,0,5,0.0026469912845641375,0
molecola_44111,6,0,6,0.0022206739522516727,0
molecola_44111,7,0,7,0.025350460782647133,0
molecola_44111,8,0,8,0.039663877338171005,0
molecola_44111,9,0,9,0.02677345648407936,0
molecola_44111,10,0,10,0.040681563317775726,0
molecola_44111,11,0,11,0.03664066269993782,0
molecola_44111,12,0,12,0.018036559224128723,0
molecola_44111,13,0,13,0.00209414423443377,0
molecola_44111,14,0,14,0.0034905041102319956,0
molecola_44111,15,0,15,0.001072753337211907,0
molecola_44111,16,0,16,0.0009629926062189043,0
molecola_44111,17,0,17,0.001073187217116356,0
molecola_44111,18,0,18,0.0035326534416526556,0
molecola_44111,19,0,19,0.001961501780897379,0
molecola_44111,20,0,20,0.0023787992540746927,0
molecola_44111,21,0,21,0.005926674231886864,0
molecola_44111,22,0,22,0.028213875368237495,0
molecola_44111,23,0,23,0.005336853209882975,0
molecola_44254,1,0,1,0.00019539057393558323,0
molecola_44254,2,0,2,0.00033820149837993085,0
molecola_44254,3,0,3,0.0012977818259969354,0
molecola_44254,4,0,4,0.0007059142808429897,0
molecola_44254,5,1,5,0.999790608882904,1
molecola_44254,6,1,6,0.9997264742851257,1
molecola_44254,7,0,7,0.0005729778786189854,0
molecola_44254,8,0,8,0.0008498778915964067,0
molecola_44254,9,0,9,0.0021532950922846794,0
molecola_44254,10,0,10,0.02138938009738922,0
molecola_44254,11,0,11,0.907709002494812,1
molecola_44254,12,0,12,0.2569936513900757,0
molecola_44254,13,0,13,0.9025756120681763,1
molecola_44327,1,0,1,0.014899824745953083,0
molecola_44327,2,1,2,0.24905525147914886,0
molecola_44327,3,1,3,0.24905525147914886,0
molecola_44327,4,0,4,0.014899824745953083,0
molecola_44327,5,1,5,0.30980855226516724,0
molecola_44327,6,1,6,0.5533949732780457,1
molecola_44327,7,1,7,0.4173670709133148,0
molecola_44327,8,1,8,0.4173670709133148,0
molecola_44327,9,1,9,0.6839879751205444,1
molecola_44327,10,1,10,0.7311708927154541,1
molecola_44327,11,1,11,0.9160894155502319,1
molecola_44327,12,1,12,0.9160894155502319,1
molecola_44327,13,1,13,0.6839880347251892,1
molecola_44327,14,1,14,0.7311708927154541,1
molecola_44327,15,1,15,0.3098085820674896,0
molecola_44327,16,1,16,0.5533949732780457,1
molecola_44376,1,0,1,0.0008548708283342421,0
molecola_44376,2,0,2,0.0019491777056828141,0
molecola_44376,3,0,3,0.0014928884338587523,0
molecola_44376,4,0,4,0.0017568842740729451,0
molecola_44376,5,0,5,0.031075717881321907,0
molecola_44376,6,0,6,0.0024468202609568834,0
molecola_44376,7,0,7,0.0029144359286874533,0
molecola_44376,8,0,8,0.001068942598067224,0
molecola_44376,9,1,9,0.9633467793464661,1
molecola_44376,10,1,10,0.9712056517601013,1
molecola_44376,11,1,11,0.949296772480011,1
molecola_44376,12,1,12,0.9526363611221313,1
molecola_44376,13,1,13,0.9506568312644958,1
molecola_44376,14,1,14,0.9538036584854126,1
molecola_44376,15,1,15,0.9672137498855591,1
molecola_44376,16,1,16,0.9613258242607117,1
molecola_44380,1,0,1,0.00068437191657722,0
molecola_44380,2,0,2,0.0019361409358680248,0
molecola_44380,3,0,3,0.0008285656804218888,0
molecola_44380,4,0,4,0.0008678925223648548,0
molecola_44380,5,0,5,0.002434483962133527,0
molecola_44380,6,0,6,0.03273269906640053,0
molecola_44380,7,0,7,0.0033747577108442783,0
molecola_44380,8,1,8,0.9659672379493713,1
molecola_44380,9,1,9,0.9654738903045654,1
molecola_44380,10,1,10,0.9080917239189148,1
molecola_44380,11,1,11,0.8909371495246887,1
molecola_44380,12,1,12,0.9639142155647278,1
molecola_44380,13,1,13,0.9643872976303101,1
molecola_44380,14,1,14,0.9236415028572083,1
molecola_44380,15,1,15,0.9115993976593018,1
molecola_44468,1,0,1,0.000256984872976318,0
molecola_44468,2,0,2,0.0004338417202234268,0
molecola_44468,3,0,3,0.0023509347811341286,0
molecola_44468,4,0,4,0.0065977429039776325,0
molecola_44468,5,0,5,0.012525147758424282,0
molecola_44468,6,0,6,0.008167898282408714,0
molecola_44468,7,0,7,0.0020085300784558058,0
molecola_44468,8,0,8,0.003774039912968874,0
molecola_44468,9,0,9,0.007048981264233589,0
molecola_44468,10,0,10,0.9920576214790344,1
molecola_44468,11,0,11,0.9863011837005615,1
molecola_44468,12,0,12,0.0011435078922659159,0
molecola_44468,13,1,13,0.9997320771217346,1
molecola_44468,14,1,14,0.9997184872627258,1
molecola_44497,1,0,1,0.021133791655302048,0
molecola_44497,2,1,2,0.9641104936599731,1
molecola_44497,3,1,3,0.9691962599754333,1
molecola_44497,4,1,4,0.9115138053894043,1
molecola_44497,5,1,5,0.887611985206604,1
molecola_44497,6,1,6,0.9691962599754333,1
molecola_44497,7,1,7,0.9641104936599731,1
molecola_44497,8,0,8,0.021133791655302048,0
molecola_44497,9,1,9,0.9696229696273804,1
molecola_44497,10,1,10,0.9497180581092834,1
molecola_44505,1,0,1,0.0011178241111338139,0
molecola_44505,2,0,2,0.00279137771576643,0
molecola_44505,3,0,3,0.0015825575683265924,0
molecola_44505,4,0,4,0.0009648582781665027,0
molecola_44505,5,0,5,0.001415668404661119,0
molecola_44505,6,1,6,0.999744713306427,1
molecola_44505,7,1,7,0.9997246861457825,1
molecola_44505,8,0,8,0.0023659598082304,0
molecola_44505,9,0,9,0.0013638435630127788,0
molecola_44505,10,0,10,0.0032809521071612835,0
molecola_44505,11,0,11,0.0016008736565709114,0
molecola_44569,1,0,1,0.00019617255020420998,0
molecola_44569,2,0,2,0.00028771848883479834,0
molecola_44569,3,0,3,0.00018179160542786121,0
molecola_44569,4,0,4,0.00026172801153734326,0
molecola_44569,5,0,5,0.000900191895198077,0
molecola_44569,6,0,6,0.0008315484155900776,0
molecola_44569,7,0,7,0.000393764756154269,0
molecola_44569,8,0,8,0.000393764756154269,0
molecola_44569,9,0,9,0.0007117598433978856,0
molecola_44569,10,1,10,0.9982295632362366,1
molecola_44569,11,1,11,0.9975054860115051,1
molecola_44591,1,0,1,0.0006568353273905814,0
molecola_44591,2,0,2,0.0011791291180998087,0
molecola_44591,3,0,3,0.0012639221968129277,0
molecola_44591,4,0,4,0.0024030725471675396,0
molecola_44591,5,0,5,0.006862734444439411,0
molecola_44591,6,0,6,0.0021040616557002068,0
molecola_44591,7,0,7,0.0015037332195788622,0
molecola_44591,8,1,8,0.9997443556785583,1
molecola_44591,9,1,9,0.9997244477272034,1
molecola_44591,10,0,10,0.01783759891986847,0
molecola_44591,11,0,11,0.005628314334899187,0
molecola_4460,1,0,1,0.0010703431908041239,0
molecola_4460,2,0,2,0.006551739294081926,0
molecola_4460,3,0,3,0.001300452626310289,0
molecola_4460,4,0,4,0.0001452967553632334,0
molecola_4460,5,0,5,0.00028054002905264497,0
molecola_4460,6,0,6,0.0037439174484461546,0
molecola_4460,7,0,7,0.00045625935308635235,0
molecola_4460,8,0,8,0.0006549890385940671,0
molecola_4460,9,0,9,0.007421671412885189,0
molecola_4460,10,0,10,0.10161592811346054,0
molecola_4460,11,0,11,0.0982910692691803,0
molecola_4460,12,0,12,0.0751301720738411,0
molecola_4460,13,0,13,0.12287032604217529,0
molecola_4460,14,0,14,0.04014352336525917,0
molecola_4460,15,0,15,0.0021356104407459497,0
molecola_4460,16,0,16,0.0007226854795590043,0
molecola_4460,17,0,17,0.0006514032138511539,0
molecola_4460,18,0,18,0.0009535962017253041,0
molecola_4460,19,0,19,0.0027632114943116903,0
molecola_4460,20,0,20,0.00093924964312464,0
molecola_4460,21,0,21,0.1167169138789177,0
molecola_4460,22,0,22,0.061046302318573,0
molecola_4460,23,0,23,0.01683073677122593,0
molecola_4460,24,0,24,0.0013009679969400167,0
molecola_4460,25,0,25,0.0012293403269723058,0
molecola_4460,26,0,26,0.0005436810315586627,0
molecola_4460,27,0,27,0.0013009679969400167,0
molecola_4460,28,0,28,0.01683073677122593,0
molecola_4460,29,0,29,0.004453402012586594,0
molecola_4460,30,1,30,0.9983769655227661,1
molecola_4460,31,1,31,0.9976582527160645,1
molecola_4460,32,0,32,0.036181721836328506,0
molecola_4460,33,0,33,0.019073154777288437,0
molecola_4460,34,0,34,0.019073154777288437,0
molecola_44613,1,0,1,0.0004643781285267323,0
molecola_44613,2,0,2,0.001164723071269691,0
molecola_44613,3,0,3,0.0007617982919327915,0
molecola_44613,4,0,4,0.0008271855767816305,0
molecola_44613,5,0,5,0.0014145579189062119,0
molecola_44613,6,1,6,0.9997219443321228,1
molecola_44613,7,1,7,0.9997146725654602,1
molecola_44613,8,0,8,0.000837126630358398,0
molecola_44613,9,0,9,0.0002850234741345048,0
molecola_44613,10,0,10,0.0001748194918036461,0
molecola_44613,11,0,11,0.0003413825761526823,0
molecola_44613,12,0,12,0.00030879848054610193,0
molecola_44613,13,0,13,0.0001212999050039798,0
molecola_44613,14,0,14,8.151979272952303e-05,0
molecola_44613,15,0,15,8.699124737177044e-05,0
molecola_44613,16,0,16,0.00012088697985745966,0
molecola_44678,1,1,1,0.902355968952179,1
molecola_44678,2,1,2,0.9080646634101868,1
molecola_44678,3,0,3,0.2559611201286316,0
molecola_44678,4,0,4,0.032364148646593094,0
molecola_44678,5,0,5,0.0027418076060712337,0
molecola_44678,6,0,6,0.0017056209035217762,0
molecola_44678,7,0,7,0.0017649594228714705,0
molecola_44678,8,0,8,0.0009551638504490256,0
molecola_44678,9,0,9,0.0011870661983266473,0
molecola_44678,10,0,10,0.0034559022169560194,0
molecola_44750,1,1,1,0.9026759266853333,1
molecola_44750,2,1,2,0.9082659482955933,1
molecola_44750,3,0,3,0.25746750831604004,0
molecola_44750,4,0,4,0.26286008954048157,0
molecola_44750,5,0,5,0.11900068819522858,0
molecola_44750,6,0,6,0.014458448626101017,0
molecola_44750,7,0,7,0.31202182173728943,0
molecola_44750,8,0,8,0.02552877552807331,0
molecola_44750,9,0,9,0.001732613774947822,0
molecola_44750,10,0,10,0.0035342415794730186,0
molecola_44750,11,0,11,0.006468167062848806,0
molecola_44750,12,0,12,0.0012394511140882969,0
molecola_44750,13,0,13,0.028618138283491135,0
molecola_44750,14,0,14,0.19601018726825714,0
molecola_44750,15,0,15,0.2786404490470886,0
molecola_44750,16,0,16,0.4700535833835602,0
molecola_44750,17,0,17,0.011086193844676018,0
molecola_44750,18,0,18,0.0014188726199790835,0
molecola_44750,19,0,19,0.0011499752290546894,0
molecola_44750,20,0,20,0.0012396484380587935,0
molecola_44750,21,0,21,0.0005442399415187538,0
molecola_44750,22,0,22,0.0011499752290546894,0
molecola_44750,23,0,23,0.0014188726199790835,0
molecola_44851,1,0,1,0.001497052377089858,0
molecola_44851,2,0,2,0.005622947122901678,0
molecola_44851,3,0,3,0.03515097498893738,0
molecola_44851,4,1,4,0.9995713829994202,1
molecola_44851,5,1,5,0.9996452331542969,1
molecola_44851,6,0,6,0.03920866549015045,0
molecola_44851,7,0,7,0.08688420802354813,0
molecola_44851,8,0,8,0.024119043722748756,0
molecola_44851,9,0,9,0.0012452921364456415,0
molecola_44851,10,0,10,0.0006147947860881686,0
molecola_44851,11,0,11,0.00045983705786056817,0
molecola_44851,12,0,12,0.00047634897055104375,0
molecola_44851,13,0,13,0.001537192496471107,0
molecola_44851,14,0,14,0.0012817736715078354,0
molecola_44851,15,0,15,0.01263307686895132,0
molecola_44851,16,0,16,0.06303632259368896,0
molecola_44967,1,0,1,0.0007375174318440259,0
molecola_44967,2,0,2,0.0012514424743130803,0
molecola_44967,3,0,3,0.004831810016185045,0
molecola_44967,4,0,4,0.004063849337399006,0
molecola_44967,5,0,5,0.002648716326802969,0
molecola_44967,6,0,6,0.0025337105616927147,0
molecola_44967,7,0,7,0.002878498751670122,0
molecola_44967,8,0,8,0.0026441363152116537,0
molecola_44967,9,0,9,0.0041799689643085,0
molecola_44967,10,0,10,0.003969918005168438,0
molecola_44967,11,0,11,0.0013332391390576959,0
molecola_44967,12,0,12,0.0007469082484021783,0
molecola_44967,13,0,13,0.002272523008286953,0
molecola_44967,14,0,14,0.0019417956937104464,0
molecola_44967,15,1,15,0.9997442364692688,1
molecola_44967,16,1,16,0.9997244477272034,1
molecola_44969,1,0,1,0.9026759266853333,1
molecola_44969,2,0,2,0.9082658290863037,1
molecola_44969,3,0,3,0.2574675977230072,0
molecola_44969,4,0,4,0.2652699947357178,0
molecola_44969,5,0,5,0.11514249444007874,0
molecola_44969,6,0,6,0.011446756310760975,0
molecola_44969,7,0,7,0.17288628220558167,0
molecola_44969,8,0,8,0.005993204191327095,0
molecola_44969,9,0,9,0.0007256745011545718,0
molecola_44969,10,0,10,0.0009689974249340594,0
molecola_44969,11,0,11,0.016569407656788826,0
molecola_44969,12,0,12,0.13324075937271118,0
molecola_44969,13,0,13,0.2728961110115051,0
molecola_44969,14,0,14,0.4656711220741272,0
molecola_44969,15,0,15,0.013806228525936604,0
molecola_44969,16,0,16,0.0011930338805541396,0
molecola_44969,17,0,17,0.0007231974159367383,0
molecola_44969,18,0,18,0.0006920132436789572,0
molecola_44969,19,0,19,0.0021773797925561666,0
molecola_44969,20,0,20,0.029171863570809364,0
molecola_44969,21,1,21,0.9077282547950745,1
molecola_44969,22,0,22,0.25699537992477417,0
molecola_44969,23,1,23,0.9025751948356628,1
molecola_45078,1,1,1,0.7728889584541321,1
molecola_45078,2,1,2,0.8689330816268921,1
molecola_45078,3,1,3,0.8800845146179199,1
molecola_45078,4,1,4,0.7135435938835144,1
molecola_45078,5,0,5,0.044052232056856155,0
molecola_45078,6,0,6,0.1656574159860611,0
molecola_45078,7,0,7,0.031825870275497437,0
molecola_45078,8,0,8,0.00853510107845068,0
molecola_45078,9,0,9,0.002801888855174184,0
molecola_45078,10,0,10,0.021654954180121422,0
molecola_45078,11,0,11,0.1465056836605072,0
molecola_45078,12,1,12,0.8842149376869202,1
molecola_45078,13,1,13,0.8170588612556458,1
molecola_45078,14,1,14,0.8835115432739258,1
molecola_45078,15,1,15,0.7728733420372009,1
molecola_45078,16,1,16,0.9250487089157104,1
molecola_45078,17,0,17,0.7688753008842468,1
molecola_45078,18,0,18,0.005862908903509378,0
molecola_45078,19,0,19,0.0025579272769391537,0
molecola_45078,20,0,20,0.006269697565585375,0
molecola_45078,21,0,21,0.00765303336083889,0
molecola_45078,22,0,22,0.03838248923420906,0
molecola_45078,23,1,23,0.8818132877349854,1
molecola_45078,24,1,24,0.8172891139984131,1
molecola_45286,1,0,1,0.00026279620942659676,0
molecola_45286,2,0,2,0.0011526988819241524,0
molecola_45286,3,0,3,0.009910075925290585,0
molecola_45286,4,0,4,0.005613682325929403,0
molecola_45286,5,0,5,0.001202310435473919,0
molecola_45286,6,0,6,0.01255932915955782,0
molecola_45286,7,1,7,0.9997443556785583,1
molecola_45286,8,1,8,0.9997242093086243,1
molecola_45286,9,0,9,0.018120894208550453,0
molecola_45286,10,0,10,0.0078092399053275585,0
molecola_45286,11,0,11,0.01669169031083584,0
molecola_45289,1,0,1,0.0002340914070373401,0
molecola_45289,2,0,2,0.0002608376962598413,0
molecola_45289,3,0,3,0.0002340914070373401,0
molecola_45289,4,0,4,0.0023715870920568705,0
molecola_45289,5,0,5,0.00016904689255170524,0
molecola_45289,6,0,6,0.0018306629499420524,0
molecola_45289,7,1,7,0.9644580483436584,1
molecola_45289,8,0,8,0.002402207348495722,0
molecola_45289,9,1,9,0.9781545996665955,1
molecola_45289,10,1,10,0.9745767712593079,1
molecola_45289,11,1,11,0.968203604221344,1
molecola_45303,1,0,1,0.011703258380293846,0
molecola_45303,2,0,2,0.011070682667195797,0
molecola_45303,3,0,3,0.007595813367515802,0
molecola_45303,4,0,4,0.0017558601684868336,0
molecola_45303,5,0,5,0.003287932835519314,0
molecola_45303,6,0,6,0.003503869753330946,0
molecola_45303,7,0,7,0.0011261855252087116,0
molecola_45303,8,0,8,0.0014590687351301312,0
molecola_45303,9,0,9,0.003679818008095026,0
molecola_45303,10,1,10,0.9997442364692688,1
molecola_45303,11,1,11,0.9997244477272034,1
molecola_45309,1,0,1,0.9023557901382446,1
molecola_45309,2,0,2,0.907758891582489,1
molecola_45309,3,0,3,0.2559613585472107,0
molecola_45309,4,0,4,0.03473280370235443,0
molecola_45309,5,0,5,0.005621662363409996,0
molecola_45309,6,0,6,0.009308284148573875,0
molecola_45309,7,0,7,0.005621662363409996,0
molecola_45309,8,0,8,0.03473280370235443,0
molecola_45309,9,0,9,0.004302483517676592,0
molecola_45309,10,1,10,0.907758891582489,1
molecola_45309,11,0,11,0.2559613585472107,0
molecola_45309,12,1,12,0.9023557901382446,1
molecola_45309,13,0,13,0.01950152963399887,0
molecola_45309,14,0,14,0.005831387359648943,0
molecola_45371,1,1,1,0.9997250437736511,1
molecola_45371,2,1,2,0.9997469782829285,1
molecola_45371,3,0,3,0.0012686477275565267,0
molecola_45371,4,0,4,0.0007757128914818168,0
molecola_45371,5,0,5,0.001065717195160687,0
molecola_45371,6,0,6,0.0017044523265212774,0
molecola_45371,7,0,7,0.000687554245814681,0
molecola_45371,8,0,8,0.0005235952557995915,0
molecola_45371,9,0,9,0.0010620771208778024,0
molecola_45371,10,0,10,0.0027568840887397528,0
molecola_45371,11,0,11,0.001293148030526936,0
molecola_45620,1,0,1,0.002314568031579256,0
molecola_45620,2,0,2,0.0033991020172834396,0
molecola_45620,3,0,3,0.007578869350254536,0
molecola_45620,4,0,4,0.003135034115985036,0
molecola_45620,5,0,5,0.0007694817613810301,0
molecola_45620,6,0,6,0.0007137429201975465,0
molecola_45620,7,0,7,0.0015619284240528941,0
molecola_45620,8,0,8,0.03743725270032883,0
molecola_45620,9,0,9,0.07311781495809555,0
molecola_45620,10,0,10,0.07830875366926193,0
molecola_45620,11,0,11,0.0414293110370636,0
molecola_45620,12,0,12,0.006875192746520042,0
molecola_45620,13,0,13,0.0005956253153271973,0
molecola_45620,14,0,14,0.00042568935896269977,0
molecola_45620,15,0,15,0.0005956253153271973,0
molecola_45620,16,0,16,0.006875192746520042,0
molecola_45620,17,0,17,0.040628042072057724,0
molecola_45620,18,0,18,0.0019175922498106956,0
molecola_45620,19,0,19,0.0013823265908285975,0
molecola_45620,20,0,20,0.0009413348161615431,0
molecola_45620,21,0,21,0.0038702383171766996,0
molecola_45620,22,0,22,0.00871349312365055,0
molecola_45620,23,1,23,0.9997469782829285,1
molecola_45620,24,1,24,0.9997250437736511,1
molecola_45661,1,1,1,0.9023557901382446,1
molecola_45661,2,1,2,0.9077930450439453,1
molecola_45661,3,0,3,0.2559606730937958,0
molecola_45661,4,0,4,0.03712721914052963,0
molecola_45661,5,0,5,0.0027863942086696625,0
molecola_45661,6,0,6,0.017546532675623894,0
molecola_45661,7,0,7,0.07341590523719788,0
molecola_45661,8,0,8,0.04136316850781441,0
molecola_45661,9,0,9,0.027774499729275703,0
molecola_45661,10,0,10,0.0040868292562663555,0
molecola_45661,11,0,11,0.0009479247964918613,0
molecola_45661,12,0,12,0.0009371047490276396,0
molecola_45661,13,0,13,0.00366168818436563,0
molecola_45661,14,0,14,0.007336722686886787,0
molecola_45661,15,0,15,0.007813086733222008,0
molecola_45661,16,0,16,0.00585432443767786,0
molecola_45661,17,0,17,0.002642341423779726,0
molecola_45661,18,0,18,0.0005854216287843883,0
molecola_45661,19,0,19,0.00043299351818859577,0
molecola_45661,20,0,20,0.0005854216287843883,0
molecola_45661,21,0,21,0.002642341423779726,0
molecola_45661,22,0,22,0.00366168818436563,0
molecola_45661,23,0,23,0.0009371047490276396,0
molecola_45661,24,0,24,0.02557303011417389,0
molecola_45661,25,0,25,0.07997462898492813,0
molecola_45661,26,0,26,0.021638426929712296,0
molecola_45677,1,1,1,0.9996422529220581,1
molecola_45677,2,1,2,0.9995773434638977,1
molecola_45677,3,0,3,0.03002994880080223,0
molecola_45677,4,0,4,0.021632205694913864,0
molecola_45677,5,0,5,0.19289755821228027,0
molecola_45677,6,0,6,0.0018997552106156945,0
molecola_45677,7,0,7,0.0001148375085904263,0
molecola_45677,8,0,8,9.60316028795205e-05,0
molecola_45677,9,0,9,8.667179645271972e-05,0
molecola_45677,10,0,10,8.667179645271972e-05,0
molecola_45677,11,0,11,9.60316028795205e-05,0
molecola_45677,12,0,12,0.0888926163315773,0
molecola_45677,13,0,13,0.026211995631456375,0
molecola_45933,1,0,1,0.9023560881614685,1
molecola_45933,2,0,2,0.9077445268630981,1
molecola_45933,3,0,3,0.2559610605239868,0
molecola_45933,4,0,4,0.03201615810394287,0
molecola_45933,5,0,5,0.002568249125033617,0
molecola_45933,6,0,6,0.0020840843208134174,0
molecola_45933,7,0,7,0.00023803120711818337,0
molecola_45933,8,0,8,0.00023670567316003144,0
molecola_45933,9,0,9,0.0017990838969126344,0
molecola_45933,10,0,10,0.0009061529999598861,0
molecola_45933,11,0,11,0.0013467258540913463,0
molecola_45933,12,0,12,0.0012455418473109603,0
molecola_45933,13,0,13,0.004213966894894838,0
molecola_45933,14,0,14,0.001962411217391491,0
molecola_45933,15,0,15,0.001982372486963868,0
molecola_45933,16,0,16,0.004961555358022451,0
molecola_45933,17,0,17,0.0036365760024636984,0
molecola_45933,18,0,18,0.004112600348889828,0
molecola_45933,19,0,19,0.004047402646392584,0
molecola_45933,20,1,20,0.9997467398643494,1
molecola_45933,21,1,21,0.9997249245643616,1
molecola_46014,1,0,1,0.00014633065438829362,0
molecola_46014,2,0,2,0.0001465806271880865,0
molecola_46014,3,0,3,0.00014633065438829362,0
molecola_46014,4,0,4,0.0001233405782841146,0
molecola_46014,5,0,5,0.00010413544805487618,0
molecola_46014,6,0,6,0.0001366192300338298,0
molecola_46014,7,0,7,0.0003543709754012525,0
molecola_46014,8,0,8,0.000988079933449626,0
molecola_46014,9,0,9,0.004545887000858784,0
molecola_46014,10,0,10,0.0014451438328251243,0
molecola_46014,11,0,11,0.0007446464733220637,0
molecola_46014,12,0,12,0.0007681454299017787,0
molecola_46014,13,0,13,0.005664810538291931,0
molecola_46014,14,0,14,0.011777065694332123,0
molecola_46014,15,0,15,0.016189826652407646,0
molecola_46014,16,0,16,0.013726489618420601,0
molecola_46014,17,0,17,0.007095467299222946,0
molecola_46014,18,0,18,0.001246204017661512,0
molecola_46014,19,0,19,0.002309983829036355,0
molecola_46014,20,0,20,0.02964833192527294,0
molecola_46014,21,0,21,0.006181059870868921,0
molecola_46014,22,1,22,0.9075197577476501,1
molecola_46014,23,0,23,0.2569942772388458,0
molecola_46014,24,1,24,0.9025765657424927,1
molecola_46468,1,0,1,0.0014068653108552098,0
molecola_46468,2,0,2,0.0016208499437198043,0
molecola_46468,3,0,3,0.0019969826098531485,0
molecola_46468,4,0,4,0.0012370310723781586,0
molecola_46468,5,0,5,0.0015704631805419922,0
molecola_46468,6,0,6,0.0011911914916709065,0
molecola_46468,7,0,7,0.0016287938924506307,0
molecola_46468,8,0,8,0.004083042498677969,0
molecola_46468,9,0,9,0.002083290135487914,0
molecola_46468,10,0,10,0.00172218750230968,0
molecola_46468,11,0,11,0.0008657812722958624,0
molecola_46468,12,0,12,0.00406744796782732,0
molecola_46468,13,0,13,0.0014095817459747195,0
molecola_46468,14,0,14,0.0008443868719041348,0
molecola_46468,15,0,15,0.0011065718717873096,0
molecola_46468,16,1,16,0.9997445940971375,1
molecola_46468,17,1,17,0.9997243285179138,1
molecola_46468,18,0,18,0.0020773860160261393,0
molecola_46468,19,0,19,0.0009381709387525916,0
molecola_46468,20,0,20,0.0021827174350619316,0
molecola_46501,1,0,1,0.0012485244078561664,0
molecola_46501,2,0,2,0.0033741535153239965,0
molecola_46501,3,0,3,0.2252432405948639,0
molecola_46501,4,0,4,0.35156598687171936,0
molecola_46501,5,0,5,0.37115350365638733,0
molecola_46501,6,0,6,0.009741227142512798,0
molecola_46501,7,0,7,0.0011764600640162826,0
molecola_46501,8,0,8,0.003067565616220236,0
molecola_46501,9,1,9,0.9996192455291748,1
molecola_46501,10,1,10,0.9996662139892578,1
molecola_46557,1,0,1,0.00014600256690755486,0
molecola_46557,2,0,2,0.0001463686057832092,0
molecola_46557,3,0,3,0.00014600256690755486,0
molecola_46557,4,0,4,0.000120814613183029,0
molecola_46557,5,0,5,0.0001253286754945293,0
molecola_46557,6,0,6,0.00021576296421699226,0
molecola_46557,7,0,7,0.0005702192429453135,0
molecola_46557,8,0,8,0.0006733175250701606,0
molecola_46557,9,0,9,0.004004591144621372,0
molecola_46557,10,0,10,0.028104057535529137,0
molecola_46557,11,0,11,0.9523400068283081,1
molecola_46557,12,0,12,0.9446495771408081,1
molecola_46557,13,0,13,0.9297845363616943,1
molecola_46557,14,0,14,0.9486701488494873,1
molecola_46557,15,0,15,0.27221447229385376,0
molecola_46557,16,0,16,0.003473622491583228,0
molecola_46557,17,0,17,0.0015596946468576789,0
molecola_46557,18,0,18,0.0032772489357739687,0
molecola_46557,19,1,19,0.9997090697288513,1
molecola_46557,20,1,20,0.9997128844261169,1
molecola_46557,21,0,21,0.0025919778272509575,0
molecola_46557,22,0,22,0.0012901328736916184,0
molecola_46557,23,0,23,0.021783143281936646,0
molecola_46557,24,0,24,0.0003135515726171434,0
molecola_46557,25,0,25,0.003170855576172471,0
molecola_46557,26,0,26,0.0006763003184460104,0
molecola_46577,1,0,1,0.0006909831427037716,0
molecola_46577,2,0,2,0.0023465545382350683,0
molecola_46577,3,0,3,0.026977678760886192,0
molecola_46577,4,0,4,0.0013876614393666387,0
molecola_46577,5,0,5,0.0013571822782978415,0
molecola_46577,6,0,6,0.0007751782541163266,0
molecola_46577,7,0,7,0.0005489637842401862,0
molecola_46577,8,1,8,0.9074115753173828,1
molecola_46577,9,0,9,0.2562713623046875,0
molecola_46577,10,1,10,0.9026035666465759,1
molecola_46580,1,1,1,0.9997202754020691,1
molecola_46580,2,1,2,0.9997404217720032,1
molecola_46580,3,0,3,0.0008674824493937194,0
molecola_46580,4,0,4,0.0008718727040104568,0
molecola_46580,5,0,5,0.0010425458895042539,0
molecola_46580,6,0,6,0.0009907693602144718,0
molecola_46580,7,0,7,0.00047927850391715765,0
molecola_46597,1,0,1,0.8477197885513306,1
molecola_46597,2,0,2,0.9231054186820984,1
molecola_46597,3,0,3,0.9421179890632629,1
molecola_46597,4,0,4,0.9448782205581665,1
molecola_46597,5,0,5,0.8570674657821655,1
molecola_46597,6,0,6,0.039541151374578476,0
molecola_46597,7,0,7,0.19068261981010437,0
molecola_46597,8,0,8,0.11371058225631714,0
molecola_46597,9,0,9,0.07380345463752747,0
molecola_46597,10,0,10,0.07441119104623795,0
molecola_46597,11,0,11,0.006627135444432497,0
molecola_46597,12,0,12,0.00631136167794466,0
molecola_46597,13,0,13,0.003227159148082137,0
molecola_46597,14,0,14,0.01170707494020462,0
molecola_46597,15,1,15,0.9989622831344604,1
molecola_46597,16,1,16,0.9993345141410828,1
molecola_4660,1,0,1,0.00020424657850526273,0
molecola_4660,2,0,2,0.0003325148718431592,0
molecola_4660,3,0,3,0.00017957351519726217,0
molecola_4660,4,0,4,0.0004535396583378315,0
molecola_4660,5,1,5,0.9983214735984802,1
molecola_4660,6,1,6,0.997556209564209,1
molecola_4660,7,0,7,0.0006685557891614735,0
molecola_4660,8,0,8,0.0005618527065962553,0
molecola_4660,9,0,9,0.0004978017532266676,0
molecola_4660,10,0,10,0.00042477910756133497,0
molecola_4660,11,0,11,0.0004978017532266676,0
molecola_4660,12,0,12,0.0005618527065962553,0
molecola_4660,13,0,13,0.0005362544325180352,0
molecola_4660,14,0,14,0.0004972236347384751,0
molecola_4660,15,0,15,0.0004795131681021303,0
molecola_4660,16,0,16,0.00036370448651723564,0
molecola_4660,17,0,17,0.0003843129670713097,0
molecola_4660,18,0,18,0.0003568961110431701,0
molecola_46620,1,0,1,0.9023559093475342,1
molecola_46620,2,0,2,0.907697856426239,1
molecola_46620,3,0,3,0.25596126914024353,0
molecola_46620,4,0,4,0.044223736971616745,0
molecola_46620,5,0,5,0.02672899141907692,0
molecola_46620,6,0,6,0.06208571046590805,0
molecola_46620,7,0,7,0.0673975795507431,0
molecola_46620,8,0,8,0.05481956899166107,0
molecola_46620,9,0,9,0.019796347245573997,0
molecola_46620,10,0,10,0.00321649806573987,0
molecola_46620,11,0,11,0.0014641154557466507,0
molecola_46620,12,0,12,0.0016317314002662897,0
molecola_46620,13,0,13,0.017027191817760468,0
molecola_46620,14,0,14,0.0011296161683276296,0
molecola_46620,15,0,15,0.0022118452470749617,0
molecola_46620,16,0,16,0.0013778782449662685,0
molecola_46620,17,0,17,0.0013778782449662685,0
molecola_46620,18,0,18,0.0013778782449662685,0
molecola_46620,19,0,19,0.02150649204850197,0
molecola_46620,20,0,20,0.041851215064525604,0
molecola_46620,21,0,21,0.005554908886551857,0
molecola_46620,22,1,22,0.9074689745903015,1
molecola_46620,23,0,23,0.2569928765296936,0
molecola_46620,24,1,24,0.9025766849517822,1
molecola_46620,25,0,25,0.00398857519030571,0
molecola_46620,26,0,26,0.0024100912269204855,0
molecola_46620,27,0,27,0.0024100912269204855,0
molecola_46620,28,0,28,0.0024100912269204855,0
molecola_46652,1,1,1,0.9997250437736511,1
molecola_46652,2,1,2,0.9997472167015076,1
molecola_46652,3,0,3,0.0007862344500608742,0
molecola_46652,4,0,4,0.0007457283209078014,0
molecola_46652,5,0,5,0.008448746055364609,0
molecola_46652,6,0,6,0.03887665644288063,0
molecola_46652,7,0,7,0.05142499879002571,0
molecola_46652,8,0,8,0.040251776576042175,0
molecola_46652,9,0,9,0.004335835110396147,0
molecola_46652,10,0,10,0.0007614865317009389,0
molecola_46652,11,0,11,0.001580573501996696,0
molecola_46652,12,0,12,0.0069130961783230305,0
molecola_46652,13,0,13,0.007756850216537714,0
molecola_46652,14,0,14,0.004840431734919548,0
molecola_46652,15,0,15,0.0032096931245177984,0
molecola_46652,16,0,16,0.021148957312107086,0
molecola_46652,17,0,17,0.008448746055364609,0
molecola_46652,18,0,18,0.0007457283209078014,0
molecola_46727,1,0,1,0.0007470195996575058,0
molecola_46727,2,0,2,0.001336158369667828,0
molecola_46727,3,0,3,0.0042164805345237255,0
molecola_46727,4,0,4,0.003984750248491764,0
molecola_46727,5,0,5,0.004530788399279118,0
molecola_46727,6,0,6,0.01104618888348341,0
molecola_46727,7,0,7,0.014277812093496323,0
molecola_46727,8,0,8,0.013159151189029217,0
molecola_46727,9,0,9,0.01075445394963026,0
molecola_46727,10,0,10,0.00582561269402504,0
molecola_46727,11,0,11,0.001553686335682869,0
molecola_46727,12,0,12,0.0022955909371376038,0
molecola_46727,13,0,13,0.0007127114804461598,0
molecola_46727,14,0,14,0.0020052618347108364,0
molecola_46727,15,0,15,0.006474032066762447,0
molecola_46727,16,0,16,0.0011973816435784101,0
molecola_46727,17,0,17,0.006861291825771332,0
molecola_46727,18,0,18,0.0033525703474879265,0
molecola_46727,19,0,19,0.034906595945358276,0
molecola_46727,20,1,20,0.9077064394950867,1
molecola_46727,21,1,21,0.2569924294948578,0
molecola_46727,22,1,22,0.9025754928588867,1
molecola_46786,1,0,1,0.0001384299248456955,0
molecola_46786,2,0,2,0.00016535009490326047,0
molecola_46786,3,0,3,0.00019492815772537142,0
molecola_46786,4,0,4,0.00015443729353137314,0
molecola_46786,5,0,5,0.0004308551724534482,0
molecola_46786,6,0,6,0.0002839597000274807,0
molecola_46786,7,0,7,0.000280674867099151,0
molecola_46786,8,0,8,0.0002820687659550458,0
molecola_46786,9,0,9,0.000254530314123258,0
molecola_46786,10,0,10,0.0011290605179965496,0
molecola_46786,11,0,11,0.0019384633051231503,0
molecola_46786,12,0,12,0.0011800784850493073,0
molecola_46786,13,0,13,0.001851297914981842,0
molecola_46786,14,0,14,0.0005918490933254361,0
molecola_46786,15,0,15,0.0003409012279007584,0
molecola_46786,16,0,16,0.00025045237271115184,0
molecola_46786,17,0,17,0.000499001587741077,0
molecola_46786,18,0,18,0.000761604867875576,0
molecola_46786,19,0,19,0.0019768914207816124,0
molecola_46786,20,0,20,0.025089899078011513,0
molecola_46786,21,0,21,0.0019768914207816124,0
molecola_46786,22,0,22,0.000761604867875576,0
molecola_46786,23,1,23,0.9080232977867126,1
molecola_46786,24,0,24,0.2559604346752167,0
molecola_46786,25,1,25,0.9023556113243103,1
molecola_46786,26,0,26,0.0004307948111090809,0
molecola_46786,27,0,27,0.0005975440726615489,0
molecola_46786,28,0,28,0.0009125506621785462,0
molecola_46786,29,0,29,0.002585354959592223,0
molecola_46806,1,1,1,0.9025750160217285,1
molecola_46806,2,1,2,0.9077029228210449,1
molecola_46806,3,0,3,0.2569957375526428,0
molecola_46806,4,0,4,0.03392474725842476,0
molecola_46806,5,0,5,0.0033324838150292635,0
molecola_46806,6,0,6,0.0019039495382457972,0
molecola_46806,7,0,7,0.004191635642200708,0
molecola_46806,8,0,8,0.0020000669173896313,0
molecola_46806,9,0,9,0.0024124332703649998,0
molecola_46806,10,0,10,0.00553571293130517,0
molecola_46806,11,0,11,0.004515381064265966,0
molecola_46806,12,0,12,0.0035418267361819744,0
molecola_46806,13,0,13,0.0013125251280143857,0
molecola_46806,14,0,14,0.00019128952408209443,0
molecola_46806,15,0,15,0.00021019369887653738,0
molecola_46806,16,0,16,0.0018953264225274324,0
molecola_46806,17,0,17,0.0018913651583716273,0
molecola_46806,18,0,18,0.00509584229439497,0
molecola_46806,19,0,19,0.002196461893618107,0
molecola_46806,20,0,20,0.0024412120692431927,0
molecola_46806,21,0,21,0.006812908221036196,0
molecola_46806,22,0,22,0.00600923877209425,0
molecola_46806,23,0,23,0.006377709098160267,0
molecola_46822,1,0,1,0.9023563861846924,1
molecola_46822,2,0,2,0.9077049493789673,1
molecola_46822,3,0,3,0.25595971941947937,0
molecola_46822,4,0,4,0.0339806042611599,0
molecola_46822,5,0,5,0.002740380121394992,0
molecola_46822,6,0,6,0.002025397727265954,0
molecola_46822,7,0,7,0.009232419542968273,0
molecola_46822,8,0,8,0.012918234802782536,0
molecola_46822,9,0,9,0.006580812856554985,0
molecola_46822,10,0,10,0.008896798826754093,0
molecola_46822,11,0,11,0.004347937647253275,0
molecola_46822,12,0,12,0.0009308072039857507,0
molecola_46822,13,0,13,0.0014892684994265437,0
molecola_46822,14,0,14,0.0015789542812854052,0
molecola_46822,15,0,15,0.00838704127818346,0
molecola_46822,16,1,16,0.9997469782829285,1
molecola_46822,17,1,17,0.9997250437736511,1
molecola_46822,18,0,18,0.010094894096255302,0
molecola_46828,1,0,1,0.00047327918582595885,0
molecola_46828,2,0,2,0.009251355193555355,0
molecola_46828,3,0,3,0.012534587644040585,0
molecola_46828,4,0,4,0.024558039382100105,0
molecola_46828,5,0,5,0.01334768533706665,0
molecola_46828,6,0,6,0.01334768533706665,0
molecola_46828,7,1,7,0.9039040207862854,1
molecola_46828,8,0,8,0.2707473933696747,0
molecola_46828,9,1,9,0.9021261930465698,1
molecola_46837,1,1,1,0.9997268319129944,1
molecola_46837,2,1,2,0.999792754650116,1
molecola_46837,3,0,3,0.0006730674067512155,0
molecola_46837,4,0,4,0.0006303609116002917,0
molecola_46837,5,0,5,0.0006295590428635478,0
molecola_46837,6,0,6,0.0005279363831505179,0
molecola_46837,7,0,7,0.0009017693228088319,0
molecola_46837,8,0,8,0.00126860779710114,0
molecola_46837,9,0,9,0.00476734759286046,0
molecola_46837,10,0,10,0.00401237141340971,0
molecola_46837,11,0,11,0.0021234480664134026,0
molecola_46837,12,0,12,0.0012839185073971748,0
molecola_46837,13,0,13,0.0005463816924020648,0
molecola_46837,14,0,14,0.00043657529749907553,0
molecola_46837,15,0,15,0.0005463816924020648,0
molecola_46837,16,0,16,0.0012839185073971748,0
molecola_46837,17,0,17,0.0006295590428635478,0
molecola_46837,18,0,18,0.0006303609116002917,0
molecola_46948,1,0,1,0.028162578120827675,0
molecola_46948,2,0,2,0.05895579606294632,0
molecola_46948,3,0,3,0.028162578120827675,0
molecola_46948,4,0,4,0.008008568547666073,0
molecola_46948,5,0,5,0.008409421890974045,0
molecola_46948,6,0,6,0.035720836371183395,0
molecola_46948,7,0,7,0.002739514922723174,0
molecola_46948,8,0,8,0.0024567507207393646,0
molecola_46948,9,0,9,0.00754973478615284,0
molecola_46948,10,0,10,0.010039811953902245,0
molecola_46948,11,0,11,0.007829501293599606,0
molecola_46948,12,0,12,0.008382185362279415,0
molecola_46948,13,0,13,0.040911246091127396,0
molecola_46948,14,0,14,0.005773446522653103,0
molecola_46948,15,0,15,0.039662882685661316,0
molecola_46948,16,0,16,0.9074506163597107,1
molecola_46948,17,0,17,0.2569947838783264,0
molecola_46948,18,0,18,0.9025769829750061,1
molecola_46948,19,0,19,0.9076446294784546,1
molecola_46948,20,0,20,0.2559611201286316,0
molecola_46948,21,0,21,0.902355968952179,1
molecola_46948,22,0,22,0.059169333428144455,0
molecola_46948,23,0,23,0.028060434386134148,0
molecola_46948,24,0,24,0.028060434386134148,0
molecola_46948,25,1,25,0.9077584147453308,1
molecola_46948,26,0,26,0.2559608221054077,0
molecola_46948,27,1,27,0.9023556709289551,1
molecola_47135,1,0,1,0.006173326168209314,0
molecola_47135,2,0,2,0.004755423404276371,0
molecola_47135,3,0,3,0.00305954716168344,0
molecola_47135,4,0,4,0.0008810770814307034,0
molecola_47135,5,0,5,0.0013460617046803236,0
molecola_47135,6,0,6,0.0012358586536720395,0
molecola_47135,7,0,7,0.002429775195196271,0
molecola_47135,8,0,8,0.0012398473918437958,0
molecola_47135,9,0,9,0.0017299923347309232,0
molecola_47135,10,0,10,0.0019809843506664038,0
molecola_47135,11,0,11,0.002268844749778509,0
molecola_47135,12,0,12,0.0022260500118136406,0
molecola_47135,13,1,13,0.9997469782829285,1
molecola_47135,14,1,14,0.9997250437736511,1
molecola_47283,1,1,1,0.9023556113243103,1
molecola_47283,2,1,2,0.9080251455307007,1
molecola_47283,3,0,3,0.2559604346752167,0
molecola_47283,4,0,4,0.02625332586467266,0
molecola_47283,5,0,5,0.0023184469901025295,0
molecola_47283,6,0,6,0.00134210754185915,0
molecola_47283,7,0,7,0.0018642630893737078,0
molecola_47283,8,0,8,0.00134210754185915,0
molecola_47283,9,0,9,0.0023184469901025295,0
molecola_47283,10,0,10,0.0018615677254274487,0
molecola_47283,11,0,11,0.0012051912490278482,0
molecola_47283,12,0,12,0.0008910736651159823,0
molecola_47283,13,0,13,0.000691093155182898,0
molecola_47283,14,0,14,0.0008910736651159823,0
molecola_47283,15,0,15,0.0012051912490278482,0
molecola_47283,16,0,16,0.00019546807743608952,0
molecola_47283,17,0,17,0.000129309220938012,0
molecola_47283,18,0,18,0.00011379997158655897,0
molecola_47283,19,0,19,0.00012452375085558742,0
molecola_47283,20,0,20,0.00011117955727968365,0
molecola_47283,21,0,21,0.00011828735296148807,0
molecola_47283,22,0,22,0.00011372142034815624,0
molecola_47283,23,0,23,0.00013650607434101403,0
molecola_47283,24,0,24,0.00011980506678810343,0
molecola_47283,25,0,25,0.00010860084876185283,0
molecola_47374,1,0,1,0.016994809731841087,0
molecola_47374,2,0,2,0.07992874830961227,0
molecola_47374,3,0,3,0.016994809731841087,0
molecola_47374,4,1,4,0.9847204685211182,1
molecola_47374,5,1,5,0.9885033965110779,1
molecola_47374,6,0,6,0.0009485299815423787,0
molecola_47374,7,0,7,0.00019434986461419612,0
molecola_47374,8,0,8,0.00041884297388605773,0
molecola_47374,9,0,9,0.0038159294053912163,0
molecola_47374,10,0,10,0.9666232466697693,1
molecola_47374,11,0,11,0.45884260535240173,0
molecola_47728,1,0,1,0.00010952643788186833,0
molecola_47728,2,0,2,0.001361177652142942,0
molecola_47728,3,0,3,0.0016251960769295692,0
molecola_47728,4,1,4,0.9805657863616943,1
molecola_47728,5,1,5,0.9866064786911011,1
molecola_47728,6,1,6,0.9828320145606995,1
molecola_47728,7,1,7,0.9799932837486267,1
molecola_47728,8,0,8,0.0026837869081646204,0
molecola_48686,1,0,1,0.0033369131851941347,0
molecola_48686,2,0,2,0.013572895899415016,0
molecola_48686,3,0,3,0.004795105662196875,0
molecola_48686,4,0,4,0.00699169747531414,0
molecola_48686,5,0,5,0.013849755749106407,0
molecola_48686,6,0,6,0.4645628035068512,0
molecola_48686,7,0,7,0.10273656249046326,0
molecola_48686,8,1,8,0.9402458071708679,1
molecola_48686,9,1,9,0.8824762105941772,1
molecola_48686,10,0,10,0.01598275825381279,0
molecola_48686,11,0,11,0.0020947970915585756,0
molecola_48686,12,0,12,0.0020947970915585756,0
molecola_48686,13,0,13,0.0020947970915585756,0
molecola_48686,14,0,14,0.018526248633861542,0
molecola_48686,15,0,15,0.004825206473469734,0
molecola_48686,16,0,16,0.0019113672897219658,0
molecola_48686,17,0,17,0.0032177444081753492,0
molecola_48686,18,0,18,0.0010904335649684072,0
molecola_48686,19,0,19,0.003676040330901742,0
molecola_48686,20,0,20,0.008323198184370995,0
molecola_48686,21,0,21,0.004172114189714193,0
molecola_48686,22,0,22,0.004100324586033821,0
molecola_48686,23,0,23,0.00524176936596632,0
molecola_48686,24,0,24,0.01597863994538784,0
molecola_48686,25,0,25,0.005333421751856804,0
molecola_48686,26,0,26,0.005333421751856804,0
molecola_48686,27,0,27,0.05136550962924957,0
molecola_48686,28,0,28,0.024000318720936775,0
molecola_48686,29,0,29,0.024000318720936775,0
molecola_49036,1,0,1,0.15976667404174805,0
molecola_49036,2,0,2,0.958953857421875,1
molecola_49036,3,0,3,0.969090461730957,1
molecola_49036,4,0,4,0.952406108379364,1
molecola_49036,5,0,5,0.9383085370063782,1
molecola_49036,6,0,6,0.04545838013291359,0
molecola_49036,7,0,7,0.0036138477735221386,0
molecola_49036,8,0,8,0.0008040809188969433,0
molecola_49036,9,0,9,0.000803931150585413,0
molecola_49036,10,0,10,0.003550112945958972,0
molecola_49036,11,0,11,0.04493686184287071,0
molecola_49036,12,0,12,0.9577130079269409,1
molecola_49036,13,0,13,0.9418318271636963,1
molecola_49036,14,0,14,0.9673434495925903,1
molecola_49036,15,0,15,0.9673444628715515,1
molecola_49036,16,1,16,0.9189041256904602,1
molecola_49036,17,1,17,0.9085747599601746,1
molecola_49036,18,0,18,0.9281197190284729,1
molecola_49036,19,0,19,0.9252413511276245,1
molecola_4914,1,0,1,0.001827001804485917,0
molecola_4914,2,0,2,0.0015034282114356756,0
molecola_4914,3,0,3,0.001338817528448999,0
molecola_4914,4,0,4,0.00046268844744190574,0
molecola_4914,5,0,5,0.0005247796070761979,0
molecola_4914,6,0,6,0.000539208936970681,0
molecola_4914,7,0,7,0.0020865737460553646,0
molecola_4914,8,0,8,0.005196033511310816,0
molecola_4914,9,0,9,0.0020865737460553646,0
molecola_4914,10,0,10,0.000539208936970681,0
molecola_4914,11,1,11,0.980626106262207,1
molecola_4914,12,1,12,0.9713796377182007,1
molecola_4914,13,0,13,0.004036317579448223,0
molecola_4914,14,0,14,0.0015867144102230668,0
molecola_4914,15,0,15,0.000535659259185195,0
molecola_4914,16,0,16,0.00043657529749907553,0
molecola_4914,17,0,17,0.000535659259185195,0
molecola_4914,18,0,18,0.0015867144102230668,0
molecola_4914,19,0,19,0.000863849010784179,0
molecola_4914,20,0,20,0.00044312234967947006,0
molecola_4914,21,0,21,0.0001350289530819282,0
molecola_4914,22,0,22,0.0001006538950605318,0
molecola_4914,23,0,23,0.00010932234727079049,0
molecola_4914,24,0,24,0.00018070542137138546,0
molecola_4914,25,0,25,0.00046078418381512165,0
molecola_4914,26,0,26,0.00047581663238815963,0
molecola_4914,27,0,27,0.00047252688091248274,0
molecola_4914,28,0,28,0.0004204419383313507,0
molecola_4914,29,0,29,0.00047252688091248274,0
molecola_4914,30,0,30,0.00047581663238815963,0
molecola_4914,31,0,31,0.0001006538950605318,0
molecola_4914,32,0,32,0.0001350289530819282,0
molecola_49427,1,0,1,0.010212210938334465,0
molecola_49427,2,0,2,0.013273688033223152,0
molecola_49427,3,0,3,0.005487816408276558,0
molecola_49427,4,0,4,0.011086281388998032,0
molecola_49427,5,1,5,0.9457001090049744,1
molecola_49427,6,0,6,0.023399826139211655,0
molecola_49427,7,0,7,0.009460732340812683,0
molecola_49427,8,0,8,0.06835686415433884,0
molecola_49427,9,0,9,0.02029385417699814,0
molecola_49427,10,0,10,0.09274177253246307,0
molecola_49427,11,1,11,0.9770549535751343,1
molecola_49427,12,1,12,0.9770550727844238,1
molecola_49427,13,1,13,0.9457734823226929,1
molecola_49427,14,0,14,0.007976354099810123,0
molecola_49427,15,0,15,0.0009077706490643322,0
molecola_49427,16,0,16,0.0016601921524852514,0
molecola_49427,17,0,17,0.028739571571350098,0
molecola_49427,18,0,18,0.014704511500895023,0
molecola_49427,19,0,19,0.9078874588012695,1
molecola_49427,20,0,20,0.25596097111701965,0
molecola_49427,21,0,21,0.9023556709289551,1
molecola_49614,1,0,1,0.0012699661310762167,0
molecola_49614,2,0,2,0.0018356239888817072,0
molecola_49614,3,0,3,0.002727571642026305,0
molecola_49614,4,0,4,0.0023998396936804056,0
molecola_49614,5,0,5,0.0038484218530356884,0
molecola_49614,6,0,6,0.0014350585406646132,0
molecola_49614,7,0,7,0.005270460620522499,0
molecola_49614,8,0,8,0.0017244484042748809,0
molecola_49614,9,0,9,0.0008154021925292909,0
molecola_49614,10,0,10,0.0013422006741166115,0
molecola_49614,11,0,11,0.0019513124134391546,0
molecola_49614,12,0,12,0.026443423703312874,0
molecola_49614,13,0,13,0.907351016998291,1
molecola_49614,14,0,14,0.25699353218078613,0
molecola_49614,15,0,15,0.9025753736495972,1
molecola_49614,16,1,16,0.9997469782829285,1
molecola_49614,17,1,17,0.9997250437736511,1
molecola_49700,1,0,1,0.9026537537574768,1
molecola_49700,2,0,2,0.906731367111206,1
molecola_49700,3,0,3,0.2574159502983093,0
molecola_49700,4,0,4,0.03431425988674164,0
molecola_49700,5,0,5,0.0049703652039170265,0
molecola_49700,6,0,6,0.0017728572711348534,0
molecola_49700,7,0,7,0.0024961577728390694,0
molecola_49700,8,0,8,0.001401616376824677,0
molecola_49700,9,0,9,0.001912535633891821,0
molecola_49700,10,1,10,0.9997331500053406,1
molecola_49700,11,1,11,0.999718964099884,1
molecola_49700,12,0,12,0.0024961577728390694,0
molecola_49700,13,0,13,0.001401616376824677,0
molecola_49700,14,0,14,0.0049703652039170265,0
molecola_49700,15,0,15,0.0017728572711348534,0
molecola_49789,1,0,1,0.005857308395206928,0
molecola_49789,2,0,2,0.006640829145908356,0
molecola_49789,3,0,3,0.0036101783625781536,0
molecola_49789,4,0,4,0.0018977760337293148,0
molecola_49789,5,0,5,0.003451361320912838,0
molecola_49789,6,0,6,0.0012905604671686888,0
molecola_49789,7,0,7,0.0025016777217388153,0
molecola_49789,8,1,8,0.9997441172599792,1
molecola_49789,9,1,9,0.9997242093086243,1
molecola_49789,10,0,10,0.004332694690674543,0
molecola_49789,11,0,11,0.001975467661395669,0
molecola_49789,12,0,12,0.005018520634621382,0
molecola_49789,13,0,13,0.014179503545165062,0
molecola_49789,14,0,14,0.007852655835449696,0
molecola_49789,15,0,15,0.04487834870815277,0
molecola_49789,16,0,16,0.0041811796836555,0
molecola_49789,17,0,17,0.9073795676231384,1
molecola_49789,18,0,18,0.256992906332016,0
molecola_49789,19,0,19,0.902575671672821,1
molecola_49882,1,0,1,0.0003996662562713027,0
molecola_49882,2,0,2,0.0017341196071356535,0
molecola_49882,3,0,3,0.0011401360388845205,0
molecola_49882,4,0,4,0.001183515414595604,0
molecola_49882,5,0,5,0.000420538941398263,0
molecola_49882,6,0,6,0.0011171821970492601,0
molecola_49882,7,1,7,0.9997327923774719,1
molecola_49882,8,1,8,0.9997186064720154,1
molecola_49882,9,0,9,0.001183515414595604,0
molecola_49882,10,0,10,0.0004205387085676193,0
molecola_49882,11,0,11,0.0011401360388845205,0
molecola_49919,1,0,1,0.0005054433131590486,0
molecola_49919,2,0,2,0.012507926672697067,0
molecola_49919,3,1,3,0.9723180532455444,1
molecola_49919,4,1,4,0.972146213054657,1
molecola_49919,5,0,5,0.012519328854978085,0
molecola_49919,6,0,6,0.0005055488436482847,0
molecola_49919,7,1,7,0.9499472379684448,1
molecola_49919,8,1,8,0.9320852756500244,1
molecola_49919,9,1,9,0.9726206660270691,1
molecola_49919,10,1,10,0.9715129137039185,1
molecola_49919,11,0,11,0.007704442832618952,0
molecola_49919,12,1,12,0.9501839876174927,1
molecola_49919,13,1,13,0.9329627752304077,1
molecola_49919,14,0,14,0.015676269307732582,0
molecola_49919,15,0,15,0.0028751937206834555,0
molecola_49919,16,0,16,0.0010954738827422261,0
molecola_49919,17,0,17,0.00043566376552917063,0
molecola_49919,18,0,18,0.00043566376552917063,0
molecola_5033,1,0,1,0.001943000010214746,0
molecola_5033,2,0,2,0.0034302494022995234,0
molecola_5033,3,0,3,0.0026290668174624443,0
molecola_5033,4,0,4,0.0018712147139012814,0
molecola_5033,5,0,5,0.0006822164286859334,0
molecola_5033,6,0,6,0.0012588941026479006,0
molecola_5033,7,0,7,0.00035287413629703224,0
molecola_5033,8,1,8,0.9982094764709473,1
molecola_5033,9,1,9,0.9974210262298584,1
molecola_50527,1,0,1,0.00040297629311680794,0
molecola_50527,2,1,2,0.0007509058341383934,0
molecola_50527,3,0,3,0.0005019040545448661,0
molecola_50527,4,1,4,0.000519338296726346,0
molecola_50732,1,0,1,0.00020169455092400312,0
molecola_50732,2,0,2,0.0025686826556921005,0
molecola_50732,3,0,3,0.00020169455092400312,0
molecola_50732,4,0,4,0.0018670913996174932,0
molecola_50732,5,0,5,0.00012968547525815666,0
molecola_50732,6,0,6,0.0021842457354068756,0
molecola_50732,7,1,7,0.9248037338256836,1
molecola_50732,8,0,8,0.00487504992634058,0
molecola_50732,9,1,9,0.9407322406768799,1
molecola_50732,10,1,10,0.9426447749137878,1
molecola_50732,11,1,11,0.9330267310142517,1
molecola_50823,1,0,1,0.004287774674594402,0
molecola_50823,2,0,2,0.007318727672100067,0
molecola_50823,3,0,3,0.0024019421543926,0
molecola_50823,4,0,4,0.0009734714985825121,0
molecola_50823,5,0,5,0.0010037629399448633,0
molecola_50823,6,0,6,0.0035057147033512592,0
molecola_50823,7,0,7,0.004090815782546997,0
molecola_50823,8,0,8,0.0028864997439086437,0
molecola_50823,9,0,9,0.0009929229272529483,0
molecola_50823,10,0,10,0.0007701823487877846,0
molecola_50823,11,0,11,0.0005600906442850828,0
molecola_50823,12,0,12,0.0009716793429106474,0
molecola_50823,13,1,13,0.9997925162315369,1
molecola_50823,14,1,14,0.9997267127037048,1
molecola_50823,15,0,15,0.001069449819624424,0
molecola_50849,1,1,1,0.9023556709289551,1
molecola_50849,2,1,2,0.9078899621963501,1
molecola_50849,3,0,3,0.2559608519077301,0
molecola_50849,4,0,4,0.02809487096965313,0
molecola_50849,5,0,5,0.0026217850390821695,0
molecola_50849,6,0,6,0.00179503473918885,0
molecola_50849,7,0,7,0.0026508120354264975,0
molecola_50849,8,0,8,0.0015636978205293417,0
molecola_50849,9,0,9,0.00021744966215919703,0
molecola_50849,10,0,10,0.0002243481285404414,0
molecola_50849,11,0,11,0.001986886141821742,0
molecola_50849,12,0,12,0.0020835755858570337,0
molecola_50849,13,0,13,0.003753270022571087,0
molecola_50849,14,0,14,0.0019854523707181215,0
molecola_50849,15,0,15,0.00022077384346630424,0
molecola_50849,16,0,16,0.00019421371689531952,0
molecola_50849,17,0,17,0.0008559507550671697,0
molecola_50849,18,0,18,0.0005927500897087157,0
molecola_50849,19,0,19,0.0005597554845735431,0
molecola_50849,20,0,20,0.0006810808554291725,0
molecola_50849,21,0,21,0.001035893801599741,0
molecola_50849,22,0,22,0.0021148337982594967,0
molecola_50849,23,0,23,0.0020841695368289948,0
molecola_50849,24,0,24,0.003803063416853547,0
molecola_50849,25,0,25,0.002261743415147066,0
molecola_5087,1,1,1,0.01475159078836441,0
molecola_5087,2,1,2,0.027427231892943382,0
molecola_5087,3,0,3,0.01475159078836441,0
molecola_5087,4,0,4,0.009806075133383274,0
molecola_5087,5,0,5,0.004040888044983149,0
molecola_5087,6,0,6,0.0012199978809803724,0
molecola_5087,7,0,7,0.0072751096449792385,0
molecola_5087,8,0,8,0.025313274934887886,0
molecola_5087,9,0,9,0.01331022847443819,0
molecola_5087,10,0,10,0.027287157252430916,0
molecola_5087,11,0,11,0.01460557896643877,0
molecola_5087,12,0,12,0.008628553710877895,0
molecola_51020,1,0,1,0.00010805233614519238,0
molecola_51020,2,0,2,0.00014510154142044485,0
molecola_51020,3,0,3,0.00034752782084979117,0
molecola_51020,4,0,4,0.00014510154142044485,0
molecola_51020,5,0,5,0.00010805233614519238,0
molecola_51020,6,0,6,0.0008586231851950288,0
molecola_51020,7,0,7,0.0007417012820951641,0
molecola_51020,8,0,8,0.0016031127888709307,0
molecola_51020,9,0,9,0.009015894494950771,0
molecola_51020,10,0,10,0.02365996688604355,0
molecola_51020,11,0,11,0.0170272383838892,0
molecola_51020,12,0,12,0.025607584044337273,0
molecola_51020,13,0,13,0.9063767790794373,1
molecola_51020,14,0,14,0.2574186623096466,0
molecola_51020,15,0,15,0.9026519060134888,1
molecola_51020,16,0,16,0.0030687586404383183,0
molecola_51020,17,0,17,0.0018073234241455793,0
molecola_51020,18,0,18,0.0018073234241455793,0
molecola_51020,19,0,19,0.0018073234241455793,0
molecola_51020,20,1,20,0.9997442364692688,1
molecola_51020,21,1,21,0.9997245669364929,1
molecola_51026,1,0,1,0.019436825066804886,0
molecola_51026,2,0,2,0.022937262430787086,0
molecola_51026,3,0,3,0.04652070254087448,0
molecola_51026,4,0,4,0.004446686245501041,0
molecola_51026,5,0,5,0.013967840932309628,0
molecola_51026,6,0,6,0.012235182337462902,0
molecola_51026,7,0,7,0.06436790525913239,0
molecola_51026,8,0,8,0.03164365515112877,0
molecola_51026,9,0,9,0.039580974727869034,0
molecola_51026,10,0,10,0.019288809970021248,0
molecola_51026,11,0,11,0.04148078337311745,0
molecola_51026,12,0,12,0.05795171484351158,0
molecola_51026,13,0,13,0.9068995714187622,1
molecola_51026,14,0,14,0.2574300169944763,0
molecola_51026,15,0,15,0.9026614427566528,1
molecola_51026,16,1,16,0.90921950340271,1
molecola_51026,17,0,17,0.25706538558006287,0
molecola_51026,18,1,18,0.902577817440033,1
molecola_51026,19,0,19,0.9074336290359497,1
molecola_51026,20,0,20,0.2569935619831085,0
molecola_51026,21,0,21,0.902579665184021,1
molecola_51294,1,0,1,0.026669198647141457,0
molecola_51294,2,0,2,0.053912799805402756,0
molecola_51294,3,0,3,0.03634582459926605,0
molecola_51294,4,0,4,0.011716749519109726,0
molecola_51294,5,0,5,0.036345839500427246,0
molecola_51294,6,0,6,0.012702873907983303,0
molecola_51294,7,0,7,0.0034319336991757154,0
molecola_51294,8,0,8,0.0008358095656149089,0
molecola_51294,9,0,9,0.0035290629602968693,0
molecola_51294,10,0,10,0.04770229384303093,0
molecola_51294,11,0,11,0.053912799805402756,0
molecola_51294,12,0,12,0.026669206097722054,0
molecola_51294,13,0,13,0.9074627161026001,1
molecola_51294,14,0,14,0.2569938600063324,0
molecola_51294,15,0,15,0.9025793075561523,1
molecola_51294,16,0,16,0.012702873907983303,0
molecola_51294,17,0,17,0.0034319336991757154,0
molecola_51294,18,0,18,0.0008358095656149089,0
molecola_51294,19,0,19,0.0035290615633130074,0
molecola_51294,20,0,20,0.04770230874419212,0
molecola_51294,21,1,21,0.9074627161026001,1
molecola_51294,22,0,22,0.2569938600063324,0
molecola_51294,23,1,23,0.9025793075561523,1
molecola_5141,1,1,1,0.9719886183738708,1
molecola_5141,2,1,2,0.9794345498085022,1
molecola_5141,3,0,3,0.008330561220645905,0
molecola_5141,4,0,4,0.002272191224619746,0
molecola_5141,5,0,5,0.000708160805515945,0
molecola_5141,6,0,6,0.0008468375890515745,0
molecola_5141,7,0,7,0.0010280100395902991,0
molecola_5141,8,0,8,0.0029786385130137205,0
molecola_5141,9,0,9,0.0010580014204606414,0
molecola_5141,10,0,10,0.0011487045558169484,0
molecola_5141,11,0,11,0.003321082564070821,0
molecola_5141,12,0,12,0.014136129058897495,0
molecola_5141,13,0,13,0.006073873955756426,0
molecola_5144,1,0,1,0.007794282864779234,0
molecola_5144,2,1,2,0.9835875630378723,1
molecola_5144,3,1,3,0.9862650036811829,1
molecola_5144,4,0,4,0.0029982388950884342,0
molecola_5144,5,0,5,0.0002014953934121877,0
molecola_5144,6,0,6,0.0002449459279887378,0
molecola_5144,7,0,7,0.000197424873476848,0
molecola_5144,8,0,8,0.0002442663535475731,0
molecola_5144,9,0,9,0.00017247992218472064,0
molecola_5144,10,0,10,0.00012288332800380886,0
molecola_5144,11,0,11,0.00012359782704152167,0
molecola_5144,12,0,12,0.00016899354523047805,0
molecola_5144,13,0,13,0.0001385232899338007,0
molecola_5144,14,0,14,0.0001841791090555489,0
molecola_5144,15,0,15,0.00019715343660209328,0
molecola_5144,16,0,16,0.00018362569971941411,0
molecola_5144,17,0,17,0.00014738510071765631,0
molecola_5144,18,0,18,0.00016172936011571437,0
molecola_5144,19,0,19,0.0001662068534642458,0
molecola_5144,20,0,20,0.00013583464897237718,0
molecola_5144,21,0,21,0.00012873504601884633,0
molecola_5144,22,0,22,0.00014087677118368447,0
molecola_5144,23,0,23,0.0002211326063843444,0
molecola_5144,24,0,24,0.00019976875046268106,0
molecola_5144,25,0,25,0.0002048490132438019,0
molecola_5144,26,0,26,0.00016957205662038177,0
molecola_5144,27,0,27,0.00016957205662038177,0
molecola_5144,28,0,28,0.00021033243683632463,0
molecola_5144,29,0,29,0.00021623189968522638,0
molecola_5144,30,0,30,0.00019029280520044267,0
molecola_5144,31,0,31,0.00016471419075969607,0
molecola_5144,32,0,32,0.00017304033099208027,0
molecola_5144,33,0,33,0.0001384499919367954,0
molecola_5144,34,0,34,0.05088857188820839,0
molecola_5144,35,0,35,0.016224456951022148,0
molecola_5144,36,0,36,0.016224456951022148,0
molecola_51528,1,1,1,0.9997267127037048,1
molecola_51528,2,1,2,0.9997925162315369,1
molecola_51528,3,0,3,0.0012965957866981626,0
molecola_51528,4,0,4,0.000912918068934232,0
molecola_51528,5,0,5,0.015763167291879654,0
molecola_51528,6,0,6,0.09162545204162598,0
molecola_51528,7,0,7,0.036431796848773956,0
molecola_51528,8,0,8,0.08625185489654541,0
molecola_51528,9,0,9,0.012541884556412697,0
molecola_51528,10,0,10,0.0007151717436499894,0
molecola_51528,11,0,11,0.0007151717436499894,0
molecola_51528,12,0,12,0.012642966583371162,0
molecola_51528,13,0,13,0.08631555736064911,0
molecola_51528,14,0,14,0.038019146770238876,0
molecola_51528,15,0,15,0.09546191245317459,0
molecola_51528,16,0,16,0.01635124534368515,0
molecola_51543,1,1,1,0.9997265934944153,1
molecola_51543,2,1,2,0.9997902512550354,1
molecola_51543,3,0,3,0.0010178224183619022,0
molecola_51543,4,0,4,0.0006236108602024615,0
molecola_51543,5,0,5,0.0007370123057626188,0
molecola_51543,6,0,6,0.0007794135599397123,0
molecola_51543,7,0,7,0.0015330344904214144,0
molecola_51543,8,0,8,0.0005177396233193576,0
molecola_51543,9,0,9,0.001293879235163331,0
molecola_51543,10,0,10,0.0006550579564645886,0
molecola_51543,11,0,11,0.000568196177482605,0
molecola_51543,12,0,12,0.0006884400499984622,0
molecola_51543,13,0,13,0.0011254465207457542,0
molecola_51543,14,0,14,0.002432603854686022,0
molecola_51543,15,0,15,0.0017007960705086589,0
molecola_51668,1,0,1,0.00014684867346659303,0
molecola_51668,2,0,2,0.00026287639047950506,0
molecola_51668,3,0,3,0.003626447869464755,0
molecola_51668,4,0,4,0.002143528778105974,0
molecola_51668,5,0,5,0.004145251587033272,0
molecola_51668,6,0,6,0.002143528778105974,0
molecola_51668,7,0,7,0.003626447869464755,0
molecola_51668,8,0,8,0.00026287639047950506,0
molecola_51668,9,0,9,0.00014684867346659303,0
molecola_51668,10,0,10,0.030567966401576996,0
molecola_51668,11,1,11,0.9070454239845276,1
molecola_51668,12,0,12,0.2574164569377899,0
molecola_51668,13,1,13,0.9026488065719604,1
molecola_51668,14,0,14,0.0018019540002569556,0
molecola_51668,15,0,15,0.000778315938077867,0
molecola_51668,16,0,16,0.0005567104090005159,0
molecola_51668,17,0,17,0.00043912819819524884,0
molecola_51668,18,0,18,0.0005567104090005159,0
molecola_51668,19,0,19,0.000778315938077867,0
molecola_51674,1,0,1,0.006860118824988604,0
molecola_51674,2,0,2,0.010181991383433342,0
molecola_51674,3,0,3,0.00391315808519721,0
molecola_51674,4,0,4,0.0011730158003047109,0
molecola_51674,5,0,5,0.0016349590150639415,0
molecola_51674,6,0,6,0.0004660203994717449,0
molecola_51674,7,0,7,0.0016184503911063075,0
molecola_51674,8,0,8,0.0009142468334175646,0
molecola_51674,9,0,9,0.0007528020069003105,0
molecola_51674,10,0,10,0.001028611557558179,0
molecola_51674,11,1,11,0.999790370464325,1
molecola_51674,12,1,12,0.9997262358665466,1
molecola_51674,13,0,13,0.0020849162247031927,0
molecola_51674,14,0,14,0.0010463737417012453,0
molecola_51674,15,0,15,0.0014707475202158093,0
molecola_51674,16,0,16,0.0016608291771262884,0
molecola_51674,17,0,17,0.005114927887916565,0
molecola_51674,18,0,18,0.0012859433190897107,0
molecola_51676,1,1,1,0.9997267127037048,1
molecola_51676,2,1,2,0.9997925162315369,1
molecola_51676,3,0,3,0.0012095447164028883,0
molecola_51676,4,0,4,0.0009777001105248928,0
molecola_51676,5,0,5,0.006704431492835283,0
molecola_51676,6,0,6,0.015036327764391899,0
molecola_51676,7,0,7,0.01470103021711111,0
molecola_51676,8,0,8,0.012862754985690117,0
molecola_51676,9,0,9,0.005232565570622683,0
molecola_51676,10,0,10,0.0007669733604416251,0
molecola_51676,11,0,11,0.0007161832181736827,0
molecola_51676,12,0,12,0.0013238833053037524,0
molecola_51676,13,0,13,0.00989312119781971,0
molecola_51676,14,0,14,0.011727891862392426,0
molecola_51676,15,0,15,0.0016287380130961537,0
molecola_51869,1,0,1,0.00010212889173999429,0
molecola_51869,2,0,2,0.00011406265548430383,0
molecola_51869,3,0,3,0.00012960759340785444,0
molecola_51869,4,0,4,0.00021779886446893215,0
molecola_51869,5,0,5,0.003174696583300829,0
molecola_51869,6,0,6,0.000980834010988474,0
molecola_51869,7,0,7,0.000731474079657346,0
molecola_51869,8,0,8,0.0012427488109096885,0
molecola_51869,9,1,9,0.9997925162315369,1
molecola_51869,10,1,10,0.9997267127037048,1
molecola_51869,11,0,11,0.004361489787697792,0
molecola_51869,12,0,12,0.01031837984919548,0
molecola_51869,13,0,13,0.00812264159321785,0
molecola_5364,1,0,1,0.00014397306949831545,0
molecola_5364,2,0,2,0.00018734135664999485,0
molecola_5364,3,0,3,0.00015579922182951123,0
molecola_5364,4,0,4,0.00026401926879771054,0
molecola_5364,5,0,5,0.0007140453672036529,0
molecola_5364,6,0,6,0.00875333696603775,0
molecola_5364,7,0,7,0.0009115391876548529,0
molecola_5364,8,1,8,0.8601005673408508,1
molecola_5364,9,1,9,0.981168270111084,1
molecola_5364,10,1,10,0.975197970867157,1
molecola_5364,11,1,11,0.9792534112930298,1
molecola_5364,12,0,12,0.9679047465324402,1
molecola_5364,13,0,13,0.3425014317035675,0
molecola_5364,14,0,14,0.0006347869639284909,0
molecola_5364,15,0,15,0.00011434372572693974,0
molecola_5364,16,0,16,0.00016916959430091083,0
molecola_5364,17,0,17,0.00014770671259611845,0
molecola_5364,18,0,18,0.00011979260307271034,0
molecola_5364,19,0,19,0.00014371534052770585,0
molecola_5364,20,0,20,0.0013798184227198362,0
molecola_5364,21,0,21,0.0002579510910436511,0
molecola_5364,22,0,22,0.012332847341895103,0
molecola_5364,23,0,23,0.015351712703704834,0
molecola_5364,24,0,24,0.015351712703704834,0
molecola_5364,25,0,25,0.05654175952076912,0
molecola_5364,26,0,26,0.02749587595462799,0
molecola_5364,27,0,27,0.02749587595462799,0
molecola_5364,28,0,28,0.02749587595462799,0
molecola_5364,29,0,29,0.0006648153066635132,0
molecola_5364,30,0,30,0.0007628676248714328,0
molecola_5364,31,0,31,0.0009507258655503392,0
molecola_5364,32,0,32,0.0012136930599808693,0
molecola_5364,33,0,33,0.0009507258655503392,0
molecola_5364,34,0,34,0.0007628676248714328,0
molecola_5364,35,0,35,0.0005221745232120156,0
molecola_5364,36,0,36,0.000598982151132077,0
molecola_5364,37,0,37,0.000598982151132077,0
molecola_5364,38,0,38,0.0002679110912140459,0
molecola_5402,1,0,1,0.000700158707331866,0
molecola_5402,2,0,2,0.005636304616928101,0
molecola_5402,3,0,3,0.6300122141838074,1
molecola_5402,4,0,4,0.7661723494529724,1
molecola_5402,5,0,5,0.39121535420417786,0
molecola_5402,6,0,6,0.5963850021362305,1
molecola_5402,7,0,7,0.08925933390855789,0
molecola_5402,8,0,8,0.021885277703404427,0
molecola_5402,9,0,9,0.002085898770019412,0
molecola_5402,10,0,10,0.002961589489132166,0
molecola_5402,11,0,11,0.0008602028829045594,0
molecola_5402,12,0,12,0.005899547133594751,0
molecola_5402,13,0,13,0.03297607600688934,0
molecola_5402,14,1,14,0.9833168387413025,1
molecola_5402,15,1,15,0.9823073148727417,1
molecola_5402,16,0,16,0.05338510870933533,0
molecola_54075,1,1,1,0.9539728760719299,1
molecola_54075,2,1,2,0.9737023115158081,1
molecola_54075,3,1,3,0.9589643478393555,1
molecola_54075,4,1,4,0.9737023115158081,1
molecola_54075,5,0,5,0.9589643478393555,1
molecola_54075,6,0,6,0.9539728760719299,1
molecola_5423,1,0,1,0.00011374050518497825,0
molecola_5423,2,0,2,0.00034705534926615655,0
molecola_5423,3,0,3,0.0001538700598757714,0
molecola_5423,4,0,4,0.025226717814803123,0
molecola_5423,5,1,5,0.90390545129776,1
molecola_5423,6,1,6,0.9471418261528015,1
molecola_5423,7,0,7,0.002280120039358735,0
molecola_5423,8,0,8,0.002280120039358735,0
molecola_5423,9,1,9,0.9378898739814758,1
molecola_5423,10,1,10,0.9318764209747314,1
molecola_5423,11,0,11,0.013317852281033993,0
molecola_54592,1,1,1,0.9997262358665466,1
molecola_54592,2,1,2,0.9997902512550354,1
molecola_54592,3,0,3,0.0010733616072684526,0
molecola_54592,4,0,4,0.0008693814743310213,0
molecola_54592,5,0,5,0.0014644796028733253,0
molecola_54592,6,0,6,0.004060578998178244,0
molecola_54592,7,0,7,0.0017911292379722,0
molecola_54592,8,0,8,0.001796635682694614,0
molecola_54592,9,0,9,0.0041634319350123405,0
molecola_54592,10,0,10,0.002058868994936347,0
molecola_54592,11,0,11,0.00479511683806777,0
molecola_54592,12,0,12,0.009532934986054897,0
molecola_54592,13,0,13,0.008947281166911125,0
molecola_54592,14,0,14,0.008087637834250927,0
molecola_54592,15,0,15,0.0026177181862294674,0
molecola_54592,16,0,16,0.00231072586029768,0
molecola_54592,17,0,17,0.0031127689871937037,0
molecola_54592,18,0,18,0.00547608220949769,0
molecola_54592,19,0,19,0.006096120458096266,0
molecola_55517,1,0,1,0.27450159192085266,0
molecola_55517,2,1,2,0.9459990859031677,1
molecola_55517,3,1,3,0.9355621933937073,1
molecola_55517,4,0,4,0.9129370450973511,1
molecola_55517,5,0,5,0.834661602973938,1
molecola_55517,6,0,6,0.003157759318128228,0
molecola_55517,7,0,7,0.3565191626548767,0
molecola_55517,8,0,8,0.2519567608833313,0
molecola_55517,9,0,9,0.15140388906002045,0
molecola_55517,10,0,10,0.008344762027263641,0
molecola_55517,11,0,11,0.0007095717010088265,0
molecola_55517,12,0,12,0.0007096041226759553,0
molecola_55517,13,0,13,0.00869885552674532,0
molecola_55517,14,0,14,0.2878207564353943,0
molecola_55517,15,0,15,0.7943729162216187,1
molecola_55517,16,0,16,0.5459547638893127,1
molecola_5586,1,0,1,0.004398782271891832,0
molecola_5586,2,0,2,0.0050565567798912525,0
molecola_5586,3,0,3,0.002637499012053013,0
molecola_5586,4,0,4,0.0018449164927005768,0
molecola_5586,5,0,5,0.005539027042686939,0
molecola_5586,6,0,6,0.0018449164927005768,0
molecola_5586,7,0,7,0.002637499012053013,0
molecola_5586,8,0,8,0.007344053592532873,0
molecola_5586,9,0,9,0.3703537881374359,0
molecola_5586,10,1,10,0.9357572197914124,1
molecola_5586,11,1,11,0.9363334774971008,1
molecola_5586,12,0,12,0.031411390751600266,0
molecola_5586,13,1,13,0.9565106630325317,1
molecola_5586,14,1,14,0.9449968934059143,1
molecola_5586,15,0,15,0.9363334774971008,1
molecola_5586,16,0,16,0.9357572197914124,1
molecola_5586,17,0,17,0.031411390751600266,0
molecola_56769,1,0,1,0.00027941304142586887,0
molecola_56769,2,0,2,0.0005875566857866943,0
molecola_56769,3,0,3,0.00020789953123312443,0
molecola_56769,4,0,4,0.00013452567509375513,0
molecola_56769,5,0,5,0.00021040302817709744,0
molecola_56769,6,0,6,0.000691264751367271,0
molecola_56769,7,0,7,0.001981047447770834,0
molecola_56769,8,0,8,0.43354982137680054,0
molecola_56769,9,0,9,0.017334403470158577,0
molecola_56769,10,0,10,0.012827963568270206,0
molecola_56769,11,0,11,0.3168637454509735,0
molecola_56769,12,0,12,0.01743677444756031,0
molecola_56769,13,0,13,0.28928902745246887,0
molecola_56769,14,0,14,0.002290808130055666,0
molecola_56769,15,0,15,0.015106183476746082,0
molecola_56769,16,1,16,0.9063639044761658,1
molecola_56769,17,0,17,0.3029851019382477,0
molecola_56769,18,1,18,0.9023059010505676,1
molecola_5740,1,0,1,0.00010288732300978154,0
molecola_5740,2,0,2,9.91087727015838e-05,0
molecola_5740,3,0,3,8.621537563158199e-05,0
molecola_5740,4,0,4,0.00010145158012164757,0
molecola_5740,5,0,5,0.0001845554797910154,0
molecola_5740,6,0,6,0.00010145158012164757,0
molecola_5740,7,0,7,8.621537563158199e-05,0
molecola_5740,8,0,8,0.00034257976221852005,0
molecola_5740,9,0,9,0.0005389045109041035,0
molecola_5740,10,0,10,0.0056151035241782665,0
molecola_5740,11,0,11,0.04235462844371796,0
molecola_5740,12,0,12,0.045340731739997864,0
molecola_5740,13,1,13,0.957381546497345,1
molecola_5740,14,1,14,0.9684458374977112,1
molecola_5740,15,1,15,0.9334210157394409,1
molecola_5740,16,1,16,0.9230557680130005,1
molecola_5740,17,0,17,0.036463525146245956,0
molecola_5740,18,0,18,0.0017244130140170455,0
molecola_5740,19,0,19,0.00036252025165595114,0
molecola_5740,20,0,20,0.0002914417418651283,0
molecola_5740,21,0,21,0.0020021572709083557,0
molecola_5740,22,0,22,0.03230489790439606,0
molecola_5740,23,1,23,0.966973602771759,1
molecola_5740,24,1,24,0.9478310346603394,1
molecola_5740,25,0,25,0.0056151035241782665,0
molecola_5740,26,0,26,0.0005389045109041035,0
molecola_5890,1,0,1,0.001351857092231512,0
molecola_5890,2,0,2,0.007387612946331501,0
molecola_5890,3,0,3,0.040616825222969055,0
molecola_5890,4,0,4,0.015461165457963943,0
molecola_5890,5,0,5,0.015461165457963943,0
molecola_5890,6,0,6,0.00629448750987649,0
molecola_5890,7,0,7,0.001574404537677765,0
molecola_5890,8,0,8,0.0018321762327104807,0
molecola_5890,9,0,9,0.0124056963250041,0
molecola_5890,10,1,10,0.9922956228256226,1
molecola_5890,11,1,11,0.9865707755088806,1
molecola_5890,12,0,12,0.013254278339445591,0
molecola_5890,13,0,13,0.0103527270257473,0
molecola_5890,14,0,14,0.007496693171560764,0
molecola_5926,1,0,1,0.0007181392866186798,0
molecola_5926,2,0,2,0.0012342663249000907,0
molecola_5926,3,0,3,0.018918471410870552,0
molecola_5926,4,0,4,0.0031476125586777925,0
molecola_5926,5,1,5,0.9842566847801208,1
molecola_5926,6,1,6,0.986906111240387,1
molecola_5926,7,0,7,0.003276871982961893,0
molecola_5926,8,0,8,0.00019797550339717418,0
molecola_5926,9,0,9,0.0001387702504871413,0
molecola_5926,10,0,10,0.00017102436686400324,0
molecola_5926,11,0,11,0.00015755491040181369,0
molecola_5926,12,0,12,0.0001150531170424074,0
molecola_5926,13,0,13,0.00019551953300833702,0
molecola_5926,14,0,14,0.0001826098741730675,0
molecola_5926,15,0,15,0.00019471379346214235,0
molecola_5926,16,0,16,0.01543120015412569,0
molecola_603,1,1,1,0.9974374771118164,1
molecola_603,2,1,2,0.9981446266174316,1
molecola_603,3,0,3,0.0045500388368964195,0
molecola_603,4,0,4,0.07558856904506683,0
molecola_603,5,0,5,0.05936654657125473,0
molecola_603,6,0,6,0.054921943694353104,0
molecola_603,7,0,7,0.043548133224248886,0
molecola_603,8,0,8,0.033806152641773224,0
molecola_603,9,0,9,0.02465987205505371,0
molecola_603,10,0,10,0.0009736490901559591,0
molecola_603,11,0,11,0.0005632926477119327,0
molecola_603,12,0,12,0.000439496710896492,0
molecola_603,13,0,13,0.0005632926477119327,0
molecola_603,14,0,14,0.0009736490901559591,0
molecola_6031,1,0,1,0.0011124849552288651,0
molecola_6031,2,0,2,0.001541297766380012,0
molecola_6031,3,0,3,0.0005188531358726323,0
molecola_6031,4,0,4,0.00031383030000142753,0
molecola_6031,5,0,5,0.0004210566112305969,0
molecola_6031,6,0,6,0.0005401518428698182,0
molecola_6031,7,0,7,0.0008137891418300569,0
molecola_6031,8,0,8,0.000662617851048708,0
molecola_6031,9,0,9,0.0005820245132781565,0
molecola_6031,10,0,10,0.0002492947969585657,0
molecola_6031,11,0,11,0.00018145648937206715,0
molecola_6031,12,0,12,0.00018244452076032758,0
molecola_6031,13,0,13,0.00018421528511680663,0
molecola_6031,14,0,14,0.00027074231184087694,0
molecola_6031,15,0,15,0.0004704830062109977,0
molecola_6031,16,1,16,0.9974343180656433,1
molecola_6031,17,1,17,0.9962444305419922,1
molecola_6288,1,0,1,0.00629944633692503,0
molecola_6288,2,1,2,0.95587557554245,1
molecola_6288,3,0,3,0.00300130364485085,0
molecola_6288,4,0,4,0.0015303472755476832,0
molecola_6288,5,0,5,0.0011206752387806773,0
molecola_6288,6,0,6,0.004062594845890999,0
molecola_6288,7,0,7,0.007668457925319672,0
molecola_6288,8,0,8,0.00820828415453434,0
molecola_6288,9,0,9,0.007611047010868788,0
molecola_6288,10,0,10,0.00407036580145359,0
molecola_6288,11,0,11,0.001306292018853128,0
molecola_6288,12,0,12,0.001349681057035923,0
molecola_6288,13,0,13,0.0006267106509767473,0
molecola_6288,14,0,14,0.001306292018853128,0
molecola_6288,15,0,15,0.00407036580145359,0
molecola_6288,16,0,16,0.004062594845890999,0
molecola_6288,17,0,17,0.0011206752387806773,0
molecola_6288,18,1,18,0.9794470071792603,1
molecola_6288,19,1,19,0.9733566045761108,1
molecola_6288,20,1,20,0.9673145413398743,1
molecola_6288,21,0,21,0.004347425419837236,0
molecola_6288,22,0,22,0.00039760448271408677,0
molecola_6288,23,0,23,0.0005010825698263943,0
molecola_6288,24,0,24,0.0018133707344532013,0
molecola_6288,25,0,25,0.0007497135666199028,0
molecola_6288,26,0,26,0.0013879290781915188,0
molecola_6288,27,0,27,0.0007298026466742158,0
molecola_6288,28,0,28,0.0005518810357898474,0
molecola_6288,29,0,29,0.00043876731069758534,0
molecola_6288,30,0,30,0.0005518810357898474,0
molecola_6288,31,0,31,0.0007298026466742158,0
molecola_7210,1,0,1,0.001263809041120112,0
molecola_7210,2,0,2,0.00245493883267045,0
molecola_7210,3,0,3,0.0025005785282701254,0
molecola_7210,4,0,4,0.001606324571184814,0
molecola_7210,5,0,5,0.0005863502738066018,0
molecola_7210,6,0,6,0.0006229399004951119,0
molecola_7210,7,0,7,0.002297141356393695,0
molecola_7210,8,0,8,0.0019610649906098843,0
molecola_7210,9,0,9,0.0019610649906098843,0
molecola_7210,10,0,10,0.0019610649906098843,0
molecola_7210,11,0,11,0.00044151776819489896,0
molecola_7210,12,0,12,0.00044239324051886797,0
molecola_7210,13,0,13,0.0012681633234024048,0
molecola_7210,14,0,14,0.0008392023737542331,0
molecola_7210,15,0,15,0.0023884554393589497,0
molecola_7210,16,1,16,0.998200535774231,1
molecola_7210,17,1,17,0.9974442720413208,1
molecola_7210,18,0,18,0.0006257864297367632,0
molecola_7210,19,0,19,0.0005038664676249027,0
molecola_7210,20,0,20,0.0005038664676249027,0
molecola_7210,21,0,21,0.0010465283412486315,0
molecola_7210,22,0,22,0.0010426684748381376,0
molecola_7210,23,0,23,0.0010142660466954112,0
molecola_7210,24,0,24,0.0012085111811757088,0
molecola_7210,25,0,25,0.0005426981369964778,0
molecola_7210,26,0,26,0.0010142660466954112,0
molecola_7210,27,0,27,0.0010426684748381376,0
molecola_7526,1,0,1,9.723244875203818e-05,0
molecola_7526,2,0,2,0.00011576811812119558,0
molecola_7526,3,0,3,0.00012319552479311824,0
molecola_7526,4,0,4,0.00011576811812119558,0
molecola_7526,5,0,5,9.723244875203818e-05,0
molecola_7526,6,0,6,0.00012540913303382695,0
molecola_7526,7,0,7,0.0003555451985448599,0
molecola_7526,8,0,8,0.0009005753672681749,0
molecola_7526,9,0,9,0.002137160627171397,0
molecola_7526,10,0,10,0.0024790861643850803,0
molecola_7526,11,0,11,0.002583087654784322,0
molecola_7526,12,0,12,0.004671973641961813,0
molecola_7526,13,0,13,0.007770445663481951,0
molecola_7526,14,0,14,0.0012412351788952947,0
molecola_7526,15,0,15,0.012196705676615238,0
molecola_7526,16,0,16,0.008790336549282074,0
molecola_7526,17,0,17,0.0035310660023242235,0
molecola_7526,18,0,18,0.0025784147437661886,0
molecola_7526,19,0,19,0.0025291074998676777,0
molecola_7526,20,1,20,0.9619755744934082,1
molecola_7526,21,0,21,0.0024559246376156807,0
molecola_7526,22,1,22,0.9789535403251648,1
molecola_7526,23,1,23,0.9752810597419739,1
molecola_7526,24,1,24,0.9671005606651306,1
molecola_7560,1,1,1,0.9978690147399902,1
molecola_7560,2,1,2,0.9985775947570801,1
molecola_7560,3,0,3,0.0002748362021520734,0
molecola_7560,4,0,4,0.0001451123389415443,0
molecola_7560,5,0,5,0.00021085490880068392,0
molecola_7560,6,0,6,0.0005278236931189895,0
molecola_7560,7,0,7,0.0004680125566665083,0
molecola_7560,8,0,8,0.0007307584746740758,0
molecola_7560,9,0,9,0.0007155726198107004,0
molecola_7560,10,0,10,0.0016120380023494363,0
molecola_7560,11,0,11,0.0005994270322844386,0
molecola_7560,12,0,12,0.0019845275674015284,0
molecola_7560,13,0,13,0.0010284817544743419,0
molecola_7560,14,0,14,0.001420074375346303,0
molecola_7560,15,0,15,0.0021218513138592243,0
molecola_7560,16,0,16,0.0012381974374875426,0
molecola_7560,17,0,17,0.0017662292812019587,0
molecola_7560,18,0,18,0.0024407196324318647,0
molecola_7586,1,0,1,0.00023309585230890661,0
molecola_7586,2,0,2,0.0003087313671130687,0
molecola_7586,3,0,3,0.0005061170668341219,0
molecola_7586,4,0,4,0.0005718809552490711,0
molecola_7586,5,0,5,0.0006322073750197887,0
molecola_7586,6,0,6,0.000607444264460355,0
molecola_7586,7,0,7,0.00048303959192708135,0
molecola_7586,8,0,8,0.000391945184674114,0
molecola_7586,9,0,9,0.0002272718702442944,0
molecola_7586,10,0,10,0.00011636521958280355,0
molecola_7586,11,0,11,8.779343625064939e-05,0
molecola_7586,12,0,12,9.706494893180206e-05,0
molecola_7586,13,0,13,0.0002698944299481809,0
molecola_7586,14,0,14,0.001168469083495438,0
molecola_7586,15,0,15,0.0009345154976472259,0
molecola_7586,16,1,16,0.9974589943885803,1
molecola_7586,17,1,17,0.9962265491485596,1
molecola_7816,1,0,1,0.00015118920418899506,0
molecola_7816,2,0,2,0.004046234302222729,0
molecola_7816,3,0,3,0.00014054348866920918,0
molecola_7816,4,0,4,0.00015677457849960774,0
molecola_7816,5,0,5,0.00014903688861522824,0
molecola_7816,6,0,6,0.0001206168599310331,0
molecola_7816,7,0,7,0.001186234294436872,0
molecola_7816,8,0,8,0.9535475969314575,1
molecola_7816,9,0,9,0.9287264347076416,1
molecola_7816,10,1,10,0.8706678748130798,1
molecola_7816,11,1,11,0.8935577273368835,1
molecola_7816,12,0,12,0.00600849837064743,0
molecola_7816,13,0,13,0.00038567569572478533,0
molecola_7816,14,0,14,0.0004775123961735517,0
molecola_7816,15,0,15,0.0015242942608892918,0
molecola_7816,16,0,16,0.00018972248653881252,0
molecola_7816,17,0,17,0.00021815986838191748,0
molecola_7816,18,0,18,0.00022287530009634793,0
molecola_7816,19,0,19,0.00019130540022160858,0
molecola_7816,20,0,20,0.00015523069305345416,0
molecola_7816,21,0,21,0.0001689944911049679,0
molecola_7816,22,0,22,0.004674659576267004,0
molecola_7816,23,0,23,0.00019243068527430296,0
molecola_7816,24,0,24,0.861685574054718,1
molecola_7816,25,0,25,0.008256993256509304,0
molecola_7816,26,0,26,0.0027649595867842436,0
molecola_7816,27,0,27,0.0025651054456830025,0
molecola_7816,28,0,28,0.002204001182690263,0
molecola_7816,29,0,29,0.0005894843488931656,0
molecola_7816,30,0,30,0.0005894843488931656,0
molecola_7816,31,0,31,0.8965922594070435,1
molecola_7816,32,0,32,0.9080584049224854,1
molecola_7816,33,0,33,0.9032484889030457,1
molecola_7816,34,0,34,0.004301196895539761,0
molecola_8133,1,1,1,0.9975454211235046,1
molecola_8133,2,1,2,0.9983217120170593,1
molecola_8133,3,0,3,0.0006765475263819098,0
molecola_8133,4,0,4,0.0004802956245839596,0
molecola_8133,5,0,5,0.000840178516227752,0
molecola_8133,6,0,6,0.0013049887493252754,0
molecola_8133,7,0,7,0.002028456423431635,0
molecola_8133,8,0,8,0.0008686039363965392,0
molecola_8380,1,0,1,0.0004353717085905373,0
molecola_8380,2,0,2,0.002800173358991742,0
molecola_8380,3,0,3,0.012342667207121849,0
molecola_8380,4,0,4,0.03246769681572914,0
molecola_8380,5,0,5,0.018933750689029694,0
molecola_8380,6,0,6,0.05325273051857948,0
molecola_8380,7,1,7,0.8421893119812012,1
molecola_8380,8,1,8,0.8443670868873596,1
molecola_8380,9,0,9,0.05027048662304878,0
molecola_8380,10,0,10,0.025326691567897797,0
molecola_8380,11,0,11,0.016420135274529457,0
molecola_8380,12,0,12,0.0077539668418467045,0
molecola_8380,13,0,13,0.001377226784825325,0
molecola_8380,14,0,14,0.004297690000385046,0
molecola_8380,15,0,15,0.025586972013115883,0
molecola_8380,16,0,16,0.9338927865028381,1
molecola_8380,17,0,17,0.9104443788528442,1
molecola_8380,18,0,18,0.03260157257318497,0
molecola_8380,19,0,19,0.006631186231970787,0
molecola_8636,1,1,1,0.9023556113243103,1
molecola_8636,2,1,2,0.9080251455307007,1
molecola_8636,3,1,3,0.2559604346752167,0
molecola_8636,4,0,4,0.02648422122001648,0
molecola_8636,5,0,5,0.002373302588239312,0
molecola_8636,6,0,6,0.0013873217394575477,0
molecola_8636,7,0,7,0.0037197961937636137,0
molecola_8636,8,0,8,0.0013873217394575477,0
molecola_8636,9,0,9,0.002373302588239312,0
molecola_8636,10,0,10,0.006595086306333542,0
molecola_8636,11,0,11,0.005930557381361723,0
molecola_8636,12,0,12,0.010396651923656464,0
molecola_8636,13,0,13,0.009193102829158306,0
molecola_8636,14,0,14,0.002436833456158638,0
molecola_8636,15,0,15,0.002205658471211791,0
molecola_8636,16,0,16,0.0020605900790542364,0
molecola_8636,17,0,17,0.001749315531924367,0
molecola_8636,18,0,18,0.0024304850958287716,0
molecola_8636,19,0,19,0.0012375018559396267,0
molecola_8636,20,0,20,0.001762476982548833,0
molecola_8636,21,0,21,0.002264097100123763,0
molecola_8636,22,0,22,0.007850531488656998,0
molecola_8636,23,0,23,0.004405662417411804,0
molecola_8724,1,0,1,0.00014699225721415132,0
molecola_8724,2,0,2,0.0003959526657126844,0
molecola_8724,3,0,3,0.00014699225721415132,0
molecola_8724,4,0,4,0.004213640466332436,0
molecola_8724,5,1,5,0.9654206037521362,1
molecola_8724,6,1,6,0.9591060280799866,1
molecola_8724,7,0,7,0.019426267594099045,0
molecola_8724,8,0,8,0.009365092031657696,0
molecola_8724,9,0,9,0.0006634902092628181,0
molecola_8724,10,0,10,0.009002297185361385,0
molecola_8724,11,0,11,0.004672410897910595,0
molecola_8724,12,0,12,0.01197773963212967,0
molecola_8724,13,0,13,0.0028277281671762466,0
molecola_8724,14,0,14,0.0015878885751590133,0
molecola_8724,15,0,15,0.0015878885751590133,0
molecola_8724,16,0,16,0.0015878885751590133,0
molecola_8724,17,0,17,0.005270693451166153,0
molecola_8724,18,0,18,0.002289619529619813,0
molecola_8724,19,0,19,0.003006354672834277,0
molecola_8724,20,0,20,0.002604780253022909,0
molecola_8724,21,0,21,0.004416815936565399,0
molecola_8724,22,0,22,0.004304064903408289,0
molecola_8724,23,0,23,0.0016773032257333398,0
molecola_8724,24,0,24,0.0008961133426055312,0
molecola_8724,25,0,25,0.00026193822850473225,0
molecola_8724,26,0,26,0.00012351029727142304,0
molecola_8724,27,0,27,9.899136784952134e-05,0
molecola_8724,28,0,28,0.00011794945021392778,0
molecola_8724,29,0,29,0.000167371952557005,0
molecola_8724,30,0,30,0.00016259634867310524,0
molecola_8724,31,0,31,0.00011794945021392778,0
molecola_8724,32,0,32,9.899136784952134e-05,0
molecola_8724,33,0,33,0.001068898243829608,0
molecola_8936,1,0,1,0.0002541060093790293,0
molecola_8936,2,0,2,0.0005040055839344859,0
molecola_8936,3,1,3,0.04347660392522812,0
molecola_8936,4,1,4,0.2929099500179291,0
molecola_8936,5,0,5,0.13092157244682312,0
molecola_8936,6,0,6,0.1169368103146553,0
molecola_8936,7,0,7,0.13852228224277496,0
molecola_8936,8,0,8,0.05062408000230789,0
molecola_8936,9,0,9,0.03708842769265175,0
molecola_8936,10,0,10,0.00595092261210084,0
molecola_8936,11,0,11,0.0007562577375210822,0
molecola_8936,12,0,12,0.0007194702047854662,0
molecola_8936,13,0,13,0.001316126435995102,0
molecola_8936,14,0,14,0.01100002322345972,0
molecola_8936,15,0,15,0.017331017181277275,0
molecola_8936,16,0,16,0.0016500436468049884,0
molecola_8936,17,0,17,0.0008122733561322093,0
molecola_8936,18,0,18,0.0008211956592276692,0
molecola_8936,19,0,19,0.007431499194353819,0
molecola_8936,20,0,20,0.04469496011734009,0
molecola_8962,1,1,1,0.9742887020111084,1
molecola_8962,2,1,2,0.9828973412513733,1
molecola_8962,3,1,3,0.9797027707099915,1
molecola_8962,4,1,4,0.9757720828056335,1
molecola_8962,5,0,5,0.9374517798423767,1
molecola_8962,6,0,6,0.9332441687583923,1
molecola_8962,7,0,7,0.7455962300300598,1
molecola_8962,8,0,8,0.7377457618713379,1
molecola_8962,9,0,9,0.14185507595539093,0
molecola_8962,10,0,10,0.02137797512114048,0
molecola_8962,11,0,11,0.0008972217910923064,0
molecola_8962,12,0,12,0.0072449566796422005,0
molecola_8962,13,0,13,0.012117680162191391,0
molecola_8962,14,0,14,0.00792615208774805,0
molecola_8962,15,0,15,0.0188066978007555,0
molecola_8962,16,0,16,0.08950038999319077,0
molecola_8962,17,0,17,0.00907287560403347,0
molecola_8999,1,0,1,0.0006437791744247079,0
molecola_8999,2,0,2,0.0010255196830257773,0
molecola_8999,3,0,3,0.0011902800761163235,0
molecola_8999,4,0,4,0.0016823369078338146,0
molecola_8999,5,0,5,0.001502391416579485,0
molecola_8999,6,0,6,0.007813396863639355,0
molecola_8999,7,0,7,0.014741047285497189,0
molecola_8999,8,0,8,0.08659526705741882,0
molecola_8999,9,0,9,0.024457497522234917,0
molecola_8999,10,0,10,0.008517631329596043,0
molecola_8999,11,0,11,0.0035701340530067682,0
molecola_8999,12,0,12,0.01562952809035778,0
molecola_8999,13,0,13,0.07088624686002731,0
molecola_8999,14,0,14,0.010354505851864815,0
molecola_8999,15,1,15,0.9807041883468628,1
molecola_8999,16,1,16,0.971481442451477,1
molecola_8999,17,0,17,0.005158805288374424,0
molecola_8999,18,0,18,0.0024404667783528566,0
molecola_8999,19,0,19,0.0011736260494217277,0
molecola_8999,20,0,20,0.0013381801545619965,0
molecola_8999,21,0,21,0.0006243783282116055,0
molecola_8999,22,0,22,0.0011736260494217277,0
molecola_8999,23,0,23,0.0024404667783528566,0
molecola_908,1,0,1,0.0006237532361410558,0
molecola_908,2,0,2,0.0013024904765188694,0
molecola_908,3,0,3,0.0010126343695446849,0
molecola_908,4,0,4,0.0007475939346477389,0
molecola_908,5,0,5,0.0005068504251539707,0
molecola_908,6,0,6,0.00025237290537916124,0
molecola_908,7,0,7,0.0003485364723019302,0
molecola_908,8,0,8,0.0005759816849604249,0
molecola_908,9,0,9,0.0004370522510726005,0
molecola_908,10,0,10,0.0005494781653396785,0
molecola_908,11,0,11,0.0005524483858607709,0
molecola_908,12,0,12,0.0013286251341924071,0
molecola_908,13,0,13,0.0010878074681386352,0
molecola_908,14,0,14,0.001024002442136407,0
molecola_908,15,0,15,0.0005685748183168471,0
molecola_908,16,0,16,0.0011226353235542774,0
molecola_908,17,0,17,0.007806180510669947,0
molecola_908,18,1,18,0.9874392151832581,1
molecola_908,19,1,19,0.9824795722961426,1
molecola_908,20,0,20,0.009940646588802338,0
molecola_908,21,0,21,0.0025345205795019865,0
molecola_908,22,0,22,0.001236763666383922,0
molecola_908,23,0,23,0.0014665268827229738,0
molecola_908,24,0,24,0.00068617332726717,0
molecola_908,25,0,25,0.001236763666383922,0
molecola_908,26,0,26,0.0025345205795019865,0
molecola_908,27,0,27,0.0007475939346477389,0
molecola_908,28,0,28,0.0010126343695446849,0
molecola_9091,1,0,1,0.0003548550885170698,0
molecola_9091,2,0,2,0.005390436388552189,0
molecola_9091,3,0,3,0.0003548550885170698,0
molecola_9091,4,0,4,0.0014262620825320482,0
molecola_9091,5,0,5,0.0012971374671906233,0
molecola_9091,6,1,6,0.9983898401260376,1
molecola_9091,7,1,7,0.9978493452072144,1
molecola_9091,8,0,8,0.00209666695445776,0
molecola_9091,9,0,9,0.002241432201117277,0
molecola_9091,10,0,10,0.0018977562431246042,0
molecola_9091,11,0,11,0.001019198913127184,0
molecola_9091,12,0,12,0.04661688581109047,0
molecola_9091,13,0,13,0.0582691915333271,0
molecola_9091,14,0,14,0.1392974555492401,0
molecola_9091,15,0,15,0.15824995934963226,0
molecola_9091,16,0,16,0.1077694445848465,0
molecola_9091,17,0,17,0.0702873170375824,0
molecola_9091,18,0,18,0.011614000424742699,0
molecola_9091,19,0,19,0.0013078904012218118,0
molecola_9091,20,0,20,0.0013049764093011618,0
molecola_9091,21,0,21,0.000622443447355181,0
molecola_9091,22,0,22,0.0013078904012218118,0
molecola_9091,23,0,23,0.011614000424742699,0
molecola_9091,24,0,24,0.051119476556777954,0
molecola_9091,25,0,25,0.026925617828965187,0
molecola_9091,26,0,26,0.0016551653388887644,0
molecola_9091,27,0,27,0.0012345974100753665,0
molecola_9091,28,0,28,0.001346433418802917,0
molecola_9091,29,0,29,0.0006255421903915703,0
molecola_9091,30,0,30,0.0012345974100753665,0
molecola_9091,31,0,31,0.0016551653388887644,0
molecola_9131,1,0,1,0.05097810924053192,0
molecola_9131,2,0,2,0.17871035635471344,0
molecola_9131,3,0,3,0.05097810924053192,0
molecola_9131,4,0,4,0.005550827365368605,0
molecola_9131,5,0,5,0.0026408841367810965,0
molecola_9131,6,0,6,0.001476889941841364,0
molecola_9131,7,0,7,0.002207770012319088,0
molecola_9131,8,0,8,0.0027780411764979362,0
molecola_9131,9,0,9,0.0013604018604382873,0
molecola_9131,10,0,10,0.0014364668168127537,0
molecola_9131,11,0,11,0.0037016214337199926,0
molecola_9131,12,1,12,0.9794425368309021,1
molecola_9131,13,1,13,0.9859479665756226,1
molecola_9131,14,1,14,0.9822481274604797,1
molecola_9131,15,1,15,0.9783929586410522,1
molecola_9131,16,0,16,0.0016166444402188063,0
molecola_9131,17,0,17,0.0007700150599703193,0
molecola_9131,18,0,18,0.000733642082195729,0
molecola_9131,19,0,19,0.0015515877166762948,0
molecola_9131,20,0,20,0.0036452077329158783,0
molecola_9131,21,0,21,0.0020505853462964296,0
molecola_9131,22,0,22,0.001400470151565969,0
molecola_9131,23,0,23,0.0008664886117912829,0
molecola_9131,24,0,24,0.0016800840385258198,0
molecola_9131,25,0,25,0.0007665674202144146,0
molecola_9131,26,0,26,0.0005559590645134449,0
molecola_9131,27,0,27,0.00043912819819524884,0
molecola_9131,28,0,28,0.0005559590645134449,0
molecola_9131,29,0,29,0.0007665674202144146,0
molecola_9131,30,0,30,0.0033590325620025396,0
molecola_929,1,0,1,0.00010878886678256094,0
molecola_929,2,0,2,0.0001344984775641933,0
molecola_929,3,0,3,0.00012222820078022778,0
molecola_929,4,0,4,0.0014896068023517728,0
molecola_929,5,1,5,0.9823964834213257,1
molecola_929,6,1,6,0.9828454852104187,1
molecola_929,7,0,7,0.009263032115995884,0
molecola_929,8,0,8,0.06282175332307816,0
molecola_929,9,0,9,0.0095859095454216,0
molecola_929,10,0,10,0.0012644375674426556,0
molecola_929,11,0,11,0.005603334400802851,0
molecola_929,12,0,12,0.00015786032599862665,0
molecola_929,13,0,13,0.00018557682051323354,0
molecola_929,14,0,14,0.0002261495537823066,0
molecola_929,15,0,15,0.0005218553706072271,0
molecola_929,16,0,16,0.004343376029282808,0
molecola_929,17,0,17,0.0010988619178533554,0
molecola_929,18,0,18,0.00018316545174457133,0
molecola_929,19,0,19,0.00029681160231120884,0
molecola_929,20,0,20,0.0002399152726866305,0
molecola_929,21,0,21,0.0002477680682204664,0
molecola_929,22,0,22,0.00025639994419179857,0
molecola_929,23,0,23,0.02939407154917717,0
molecola_929,24,0,24,0.016711723059415817,0
molecola_929,25,0,25,0.016711723059415817,0
molecola_9317,1,0,1,0.001166956382803619,0
molecola_9317,2,0,2,0.0014906305586919188,0
molecola_9317,3,0,3,0.0017437785863876343,0
molecola_9317,4,0,4,0.0008813957101665437,0
molecola_9317,5,0,5,0.000588513445109129,0
molecola_9317,6,0,6,0.00010896889580180869,0
molecola_9317,7,0,7,9.66075822361745e-05,0
molecola_9317,8,0,8,0.00010223772551398724,0
molecola_9317,9,0,9,0.00010911675781244412,0
molecola_9317,10,0,10,0.00016038531612139195,0
molecola_9317,11,0,11,0.0008567823097109795,0
molecola_9317,12,0,12,0.0005851432797499001,0
molecola_9317,13,0,13,0.00016798397700767964,0
molecola_9317,14,0,14,0.00023697258438915014,0
molecola_9317,15,0,15,0.0006707908469252288,0
molecola_9317,16,0,16,0.0008731504785828292,0
molecola_9317,17,0,17,0.0023665810003876686,0
molecola_9317,18,0,18,0.0008475665235891938,0
molecola_9317,19,0,19,0.0014474783092737198,0
molecola_9317,20,0,20,0.0010695124510675669,0
molecola_9317,21,0,21,0.0015127207152545452,0
molecola_9317,22,0,22,0.003594036214053631,0
molecola_9317,23,0,23,0.00314207561314106,0
molecola_9317,24,1,24,0.3263739049434662,0
molecola_9317,25,1,25,0.9861120581626892,1
molecola_9317,26,1,26,0.9795159697532654,1
molecola_9317,27,1,27,0.5224452018737793,1
molecola_9317,28,0,28,0.0006619468913413584,0
molecola_9317,29,0,29,0.0005432668840512633,0
molecola_9317,30,0,30,0.0004929431597702205,0
molecola_9317,31,0,31,0.00042434080387465656,0
molecola_9317,32,0,32,0.0004929431597702205,0
molecola_9317,33,0,33,0.0005432668840512633,0
molecola_9317,34,0,34,0.00010896889580180869,0
molecola_9317,35,0,35,0.000588513445109129,0
molecola_9674,1,0,1,0.00043589473352767527,0
molecola_9674,2,0,2,0.0010919698979705572,0
molecola_9674,3,0,3,0.0017889420269057155,0
molecola_9674,4,0,4,0.001092169201001525,0
molecola_9674,5,0,5,0.0183669812977314,0
molecola_9674,6,0,6,0.013596896082162857,0
molecola_9674,7,0,7,0.011699866503477097,0
molecola_9674,8,0,8,0.019359709694981575,0
molecola_9674,9,0,9,0.0600380040705204,0
molecola_9674,10,0,10,0.01905541867017746,0
molecola_9674,11,0,11,0.23815248906612396,0
molecola_9674,12,0,12,0.5287975668907166,1
molecola_9674,13,0,13,0.7298763990402222,1
molecola_9674,14,1,14,0.8523027896881104,1
molecola_9674,15,1,15,0.8996520638465881,1
molecola_9674,16,0,16,0.017687642946839333,0
molecola_9674,17,0,17,0.15705260634422302,0
molecola_9674,18,0,18,0.01810031570494175,0
molecola_9674,19,0,19,0.0016167653957381845,0
molecola_9674,20,0,20,0.0027160251047462225,0
molecola_9674,21,0,21,0.0052668144926428795,0
molecola_9674,22,0,22,0.004445407539606094,0
molecola_9674,23,0,23,0.0027160251047462225,0
molecola_9674,24,0,24,0.0016167653957381845,0
molecola_9674,25,0,25,0.1705506443977356,0
molecola_9674,26,0,26,0.00043589473352767527,0
molecola_9708,1,0,1,0.0006388080073520541,0
molecola_9708,2,0,2,0.0027919632848352194,0
molecola_9708,3,0,3,0.0002801241644192487,0
molecola_9708,4,0,4,0.00010144315456273034,0
molecola_9708,5,0,5,9.376887464895844e-05,0
molecola_9708,6,0,6,8.719372999621555e-05,0
molecola_9708,7,0,7,9.34333584154956e-05,0
molecola_9708,8,0,8,8.719372999621555e-05,0
molecola_9708,9,0,9,9.376887464895844e-05,0
molecola_9708,10,1,10,0.983244776725769,1
molecola_9708,11,1,11,0.9778329730033875,1
molecola_9708,12,0,12,0.00751149095594883,0
molecola_9708,13,0,13,0.002183115342631936,0
molecola_9708,14,0,14,0.0008616068516857922,0
molecola_9708,15,0,15,0.0007329104118980467,0
molecola_9708,16,0,16,0.0008616068516857922,0
molecola_9708,17,0,17,0.002183115342631936,0
molecola_9708,18,0,18,0.0003409087366890162,0
molecola_9708,19,0,19,0.00023683479230385274,0
molecola_9708,20,0,20,0.00020599855633918196,0
molecola_9708,21,0,21,0.00014897208893671632,0
molecola_9974,1,1,1,0.9964314699172974,1
molecola_9974,2,1,2,0.997739315032959,1
molecola_9974,3,0,3,0.00042498341645114124,0
molecola_9974,4,0,4,0.00017494721396360546,0
molecola_9974,5,0,5,0.00021878165716771036,0
molecola_9974,6,0,6,0.00017494721396360546,0
molecola_9974,7,0,7,0.0003722475084941834,0
molecola_9974,8,0,8,0.0004972421447746456,0
molecola_9974,9,0,9,0.0009039341821335256,0
molecola_9974,10,0,10,0.0011672732653096318,0
molecola_9974,11,0,11,0.0009039341821335256,0
molecola_9974,12,0,12,0.0004972421447746456,0
molecola_9974,13,0,13,0.0005722233327105641,0
molecola_9974,14,0,14,0.0005879134987480938,0
molecola_9974,15,0,15,0.0005879134987480938,0
molecola_9974,16,0,16,0.00023788781254552305,0
molecola_9974,17,0,17,0.00012909891665913165,0
molecola_9974,18,0,18,0.00012909891665913165,0
