molecola,indice_atomi,match,indice_atomo,probabilita,y_pred_prob
molecola_10022,1,0,1,0.000890311086550355,0
molecola_10022,2,0,2,0.0045145004987716675,0
molecola_10022,3,0,3,0.005693881306797266,0
molecola_10022,4,0,4,0.005231900606304407,0
molecola_10022,5,0,5,0.007288291119039059,0
molecola_10022,6,0,6,0.002894261386245489,0
molecola_10022,7,0,7,0.0029352838173508644,0
molecola_10022,8,0,8,0.002163688652217388,0
molecola_10022,9,0,9,0.002163688652217388,0
molecola_10022,10,0,10,0.0076795583590865135,0
molecola_10022,11,0,11,0.002125025726854801,0
molecola_10022,12,0,12,0.0026937834918498993,0
molecola_10022,13,0,13,0.0067121717147529125,0
molecola_10022,14,1,14,0.9998407363891602,1
molecola_10022,15,1,15,0.9997138381004333,1
molecola_10022,16,0,16,0.0026937834918498993,0
molecola_10022,17,0,17,0.002125025726854801,0
molecola_10022,18,0,18,0.0020567774772644043,0
molecola_11097,1,0,1,0.001875382149592042,0
molecola_11097,2,0,2,0.0060408818535506725,0
molecola_11097,3,0,3,0.0013284125598147511,0
molecola_11097,4,0,4,0.0009962820913642645,0
molecola_11097,5,0,5,0.014469241723418236,0
molecola_11097,6,1,6,0.9582151174545288,1
molecola_11097,7,1,7,0.9056854248046875,1
molecola_11097,8,0,8,0.01753384619951248,0
molecola_11097,9,0,9,0.007207406219094992,0
molecola_11097,10,0,10,0.002688564592972398,0
molecola_11097,11,0,11,0.0024331617169082165,0
molecola_11097,12,0,12,0.00982302613556385,0
molecola_11097,13,0,13,0.016677813604474068,0
molecola_11097,14,0,14,0.01623711921274662,0
molecola_11097,15,0,15,0.037827491760253906,0
molecola_1129,1,0,1,0.0012319383677095175,0
molecola_1129,2,0,2,0.0400288850069046,0
molecola_1129,3,0,3,0.009518456645309925,0
molecola_1129,4,0,4,0.021885192021727562,0
molecola_1129,5,0,5,0.1397705376148224,0
molecola_1129,6,0,6,0.05465496703982353,0
molecola_1129,7,0,7,0.002976491115987301,0
molecola_1129,8,0,8,0.002399071352556348,0
molecola_1129,9,0,9,0.009762251749634743,0
molecola_1129,10,0,10,0.0052851526997983456,0
molecola_1129,11,0,11,0.0009019317803904414,0
molecola_1129,12,0,12,0.0017583047738298774,0
molecola_1129,13,0,13,0.002975445706397295,0
molecola_1129,14,0,14,0.0029165875166654587,0
molecola_1129,15,0,15,0.05879645049571991,0
molecola_1129,16,0,16,0.14176960289478302,0
molecola_1129,17,1,17,0.968159019947052,1
molecola_1129,18,1,18,0.9285382032394409,1
molecola_1129,19,1,19,0.9685261249542236,1
molecola_1129,20,1,20,0.9288977384567261,1
molecola_1129,21,0,21,0.1368015855550766,0
molecola_11710,1,1,1,0.9997138381004333,1
molecola_11710,2,1,2,0.9998409748077393,1
molecola_11710,3,0,3,0.007081013172864914,0
molecola_11710,4,0,4,0.0026898356154561043,0
molecola_11710,5,0,5,0.002791542559862137,0
molecola_11710,6,0,6,0.0067645651288330555,0
molecola_11710,7,0,7,0.003022286808118224,0
molecola_11710,8,0,8,0.002999087329953909,0
molecola_11710,9,0,9,0.002974082250148058,0
molecola_11710,10,0,10,0.0026930496096611023,0
molecola_11710,11,0,11,0.0006467316416092217,0
molecola_11710,12,0,12,0.0043772547505795956,0
molecola_11710,13,0,13,0.019654709845781326,0
molecola_11710,14,0,14,0.025920310989022255,0
molecola_11710,15,0,15,0.0026848476845771074,0
molecola_11710,16,0,16,0.0024470880161970854,0
molecola_11710,17,0,17,0.0017737249145284295,0
molecola_11710,18,0,18,0.0024470880161970854,0
molecola_11710,19,0,19,0.0026848476845771074,0
molecola_11710,20,0,20,0.013497641310095787,0
molecola_11710,21,0,21,0.003870784305036068,0
molecola_12088,1,0,1,0.000502058130223304,0
molecola_12088,2,0,2,0.0005649810773320496,0
molecola_12088,3,0,3,0.0005671426770277321,0
molecola_12088,4,0,4,0.0005272283451631665,0
molecola_12088,5,0,5,0.0014150686329230666,0
molecola_12088,6,0,6,0.0005165491602383554,0
molecola_12088,7,0,7,0.0005963830626569688,0
molecola_12088,8,0,8,0.0004829666286241263,0
molecola_12088,9,0,9,0.0004376463475637138,0
molecola_12088,10,0,10,0.009526826441287994,0
molecola_12088,11,0,11,0.0026759912725538015,0
molecola_12088,12,0,12,0.037426188588142395,0
molecola_12088,13,0,13,0.09339818358421326,0
molecola_12088,14,0,14,0.24755163490772247,0
molecola_12088,15,0,15,0.38362187147140503,0
molecola_12088,16,1,16,0.6655250787734985,1
molecola_12088,17,1,17,0.7913525104522705,1
molecola_12088,18,0,18,0.06392388790845871,0
molecola_12088,19,0,19,0.013484092429280281,0
molecola_12088,20,0,20,0.00646378705278039,0
molecola_12088,21,0,21,0.003158730687573552,0
molecola_12088,22,0,22,0.0031338257249444723,0
molecola_12088,23,0,23,0.008223289623856544,0
molecola_12088,24,0,24,0.037386808544397354,0
molecola_12088,25,0,25,0.009260131046175957,0
molecola_12088,26,0,26,0.020113913342356682,0
molecola_12088,27,0,27,0.016255410388112068,0
molecola_12088,28,0,28,0.016255410388112068,0
molecola_12246,1,0,1,0.0007524441462010145,0
molecola_12246,2,0,2,0.0008532037609256804,0
molecola_12246,3,0,3,0.0012793774949386716,0
molecola_12246,4,0,4,0.055104080587625504,0
molecola_12246,5,0,5,0.0014424853725358844,0
molecola_12246,6,0,6,0.0012385142035782337,0
molecola_12246,7,0,7,0.0011950311018154025,0
molecola_12246,8,0,8,0.002149241743609309,0
molecola_12246,9,0,9,0.014433566480875015,0
molecola_12246,10,0,10,0.0029577522072941065,0
molecola_12246,11,1,11,0.9872660636901855,1
molecola_12246,12,1,12,0.9858200550079346,1
molecola_12246,13,0,13,0.2106436789035797,0
molecola_12246,14,0,14,0.0024891626089811325,0
molecola_12246,15,0,15,0.002405053237453103,0
molecola_12246,16,0,16,0.008167820982635021,0
molecola_12246,17,0,17,0.007781956810504198,0
molecola_12246,18,0,18,0.002405053237453103,0
molecola_12246,19,0,19,0.0024891626089811325,0
molecola_12246,20,0,20,0.0011729459511116147,0
molecola_12246,21,0,21,0.0009501767344772816,0
molecola_12246,22,0,22,0.025308122858405113,0
molecola_12246,23,0,23,0.017271768301725388,0
molecola_12246,24,0,24,0.017271768301725388,0
molecola_12659,1,0,1,0.0009634225280024111,0
molecola_12659,2,0,2,0.0033716463949531317,0
molecola_12659,3,0,3,0.00449553644284606,0
molecola_12659,4,0,4,0.9426522850990295,1
molecola_12659,5,0,5,0.9265717267990112,1
molecola_12659,6,0,6,0.9031223654747009,1
molecola_12659,7,0,7,0.9162232279777527,1
molecola_12659,8,0,8,0.0044877370819449425,0
molecola_12659,9,0,9,0.0030105768237262964,0
molecola_12659,10,0,10,0.0007488132105208933,0
molecola_12659,11,0,11,0.0007506078691221774,0
molecola_12659,12,0,12,0.0005085226148366928,0
molecola_12659,13,0,13,0.0004706272156909108,0
molecola_12659,14,0,14,0.0019085638923570514,0
molecola_12659,15,0,15,0.00033278504270128906,0
molecola_12659,16,0,16,0.00029053480830043554,0
molecola_12659,17,0,17,0.0004028971598017961,0
molecola_12659,18,0,18,0.0003677804197650403,0
molecola_12659,19,0,19,0.00046267214929684997,0
molecola_12659,20,0,20,0.0004875605518463999,0
molecola_12659,21,0,21,0.00036967225605621934,0
molecola_12659,22,0,22,0.0003478715370874852,0
molecola_12659,23,0,23,0.0019608952570706606,0
molecola_12659,24,0,24,0.0004179876414127648,0
molecola_12659,25,0,25,0.9422393441200256,1
molecola_12659,26,0,26,0.9413213729858398,1
molecola_12659,27,0,27,0.9391496777534485,1
molecola_12659,28,0,28,0.9485607147216797,1
molecola_12659,29,0,29,0.0020902119576931,0
molecola_12659,30,0,30,0.00037025209167040884,0
molecola_12659,31,1,31,0.9957550764083862,1
molecola_12659,32,1,32,0.9922802448272705,1
molecola_12751,1,0,1,0.0005974626401439309,0
molecola_12751,2,0,2,0.0012566192308440804,0
molecola_12751,3,0,3,0.007110688369721174,0
molecola_12751,4,0,4,0.007703115232288837,0
molecola_12751,5,0,5,0.007962816394865513,0
molecola_12751,6,0,6,0.017028436064720154,0
molecola_12751,7,0,7,0.07247325778007507,0
molecola_12751,8,1,8,0.866464376449585,1
molecola_12751,9,1,9,0.8362417817115784,1
molecola_12751,10,0,10,0.06942132860422134,0
molecola_12751,11,0,11,0.024074919521808624,0
molecola_12751,12,0,12,0.015795543789863586,0
molecola_12751,13,0,13,0.020858651027083397,0
molecola_12751,14,0,14,0.01964932680130005,0
molecola_12751,15,0,15,0.01964932680130005,0
molecola_12751,16,0,16,0.035980675369501114,0
molecola_12751,17,0,17,0.017602980136871338,0
molecola_12751,18,0,18,0.01623408868908882,0
molecola_12751,19,0,19,0.0015682291705161333,0
molecola_12751,20,0,20,0.0006277287029661238,0
molecola_12751,21,0,21,0.060789383947849274,0
molecola_12751,22,0,22,0.8358650803565979,1
molecola_12751,23,0,23,0.819473922252655,1
molecola_12751,24,0,24,0.07558216154575348,0
molecola_12751,25,0,25,0.030987922102212906,0
molecola_12751,26,0,26,0.018295273184776306,0
molecola_12769,1,0,1,0.020773127675056458,0
molecola_12769,2,0,2,0.07358492165803909,0
molecola_12769,3,0,3,0.027022022753953934,0
molecola_12769,4,0,4,0.028861429542303085,0
molecola_12769,5,0,5,0.007818122394382954,0
molecola_12769,6,1,6,0.9970541000366211,1
molecola_12769,7,1,7,0.9950599074363708,1
molecola_12823,1,0,1,0.0005901037948206067,0
molecola_12823,2,0,2,0.0005598675343208015,0
molecola_12823,3,0,3,0.0006702588289044797,0
molecola_12823,4,0,4,0.0004271918151061982,0
molecola_12823,5,0,5,0.0006328690215013921,0
molecola_12823,6,0,6,0.0005404145340435207,0
molecola_12823,7,0,7,0.0008551205391995609,0
molecola_12823,8,0,8,0.010618823580443859,0
molecola_12823,9,1,9,0.9836764931678772,1
molecola_12823,10,1,10,0.9871383309364319,1
molecola_12823,11,0,11,0.03145217150449753,0
molecola_12823,12,0,12,0.007476733531802893,0
molecola_12823,13,0,13,0.0021363075356930494,0
molecola_12823,14,0,14,0.0007025538943707943,0
molecola_12823,15,0,15,0.0006614650483243167,0
molecola_12823,16,0,16,0.041119467467069626,0
molecola_12823,17,0,17,0.0011924050049856305,0
molecola_12823,18,0,18,0.0012416584650054574,0
molecola_12823,19,0,19,0.005433123558759689,0
molecola_12823,20,0,20,0.011392305605113506,0
molecola_12823,21,0,21,0.0009175888262689114,0
molecola_12823,22,0,22,0.0008177590207196772,0
molecola_12823,23,0,23,0.0008677519508637488,0
molecola_12823,24,0,24,0.0006635632598772645,0
molecola_12823,25,0,25,0.000759418704546988,0
molecola_12823,26,0,26,0.0006329244934022427,0
molecola_12946,1,0,1,0.0007660533883608878,0
molecola_12946,2,0,2,0.001828568521887064,0
molecola_12946,3,0,3,0.0026327341329306364,0
molecola_12946,4,0,4,0.008027395233511925,0
molecola_12946,5,0,5,0.0020907858852297068,0
molecola_12946,6,0,6,0.0031439343001693487,0
molecola_12946,7,0,7,0.012154021300375462,0
molecola_12946,8,0,8,0.0072307647205889225,0
molecola_12946,9,0,9,0.005717139691114426,0
molecola_12946,10,0,10,0.016335776075720787,0
molecola_12946,11,0,11,0.025043467059731483,0
molecola_12946,12,0,12,0.0024266797117888927,0
molecola_12946,13,0,13,0.002125222934409976,0
molecola_12946,14,0,14,0.0064628408290445805,0
molecola_12946,15,0,15,0.002656498458236456,0
molecola_12946,16,1,16,0.9840076565742493,1
molecola_12946,17,1,17,0.9798751473426819,1
molecola_12946,18,1,18,0.969202995300293,1
molecola_12946,19,1,19,0.9714254140853882,1
molecola_12946,20,0,20,0.002125222934409976,0
molecola_12946,21,0,21,0.0024266797117888927,0
molecola_12946,22,0,22,0.016648365184664726,0
molecola_12946,23,0,23,0.006038102321326733,0
molecola_12946,24,0,24,0.00831365492194891,0
molecola_12946,25,0,25,0.0017278838204219937,0
molecola_12946,26,0,26,0.0031944820657372475,0
molecola_12946,27,0,27,0.0017318453174084425,0
molecola_12946,28,0,28,0.007109947502613068,0
molecola_12946,29,0,29,0.0010268168989568949,0
molecola_12946,30,0,30,0.001988311531022191,0
molecola_1335,1,0,1,0.02557707019150257,0
molecola_1335,2,0,2,0.2376631498336792,0
molecola_1335,3,0,3,0.01630113273859024,0
molecola_1335,4,1,4,0.9250937104225159,1
molecola_1335,5,0,5,0.024074159562587738,0
molecola_1335,6,0,6,0.010598322376608849,0
molecola_1335,7,0,7,0.0029300942551344633,0
molecola_1335,8,0,8,0.008879275061190128,0
molecola_1335,9,0,9,0.009209692478179932,0
molecola_1335,10,0,10,0.011772559955716133,0
molecola_1335,11,0,11,0.012485448271036148,0
molecola_1335,12,0,12,0.04410303384065628,0
molecola_1335,13,0,13,0.004156480543315411,0
molecola_1335,14,0,14,0.9189854860305786,1
molecola_1335,15,0,15,0.25154581665992737,0
molecola_1335,16,0,16,0.9228609800338745,1
molecola_1335,17,1,17,0.9395031929016113,1
molecola_1335,18,1,18,0.9078900218009949,1
molecola_1335,19,1,19,0.938955545425415,1
molecola_13370,1,1,1,0.9537840485572815,1
molecola_13370,2,1,2,0.9810036420822144,1
molecola_13370,3,0,3,0.025982337072491646,0
molecola_13370,4,0,4,0.008060378953814507,0
molecola_13370,5,0,5,0.0025118375197052956,0
molecola_13370,6,0,6,0.002985988510772586,0
molecola_13370,7,0,7,0.007652559783309698,0
molecola_13370,8,0,8,0.0030161936301738024,0
molecola_13370,9,0,9,0.012929007411003113,0
molecola_13370,10,0,10,0.008025800809264183,0
molecola_13370,11,0,11,0.002450626576319337,0
molecola_13370,12,0,12,0.010740060359239578,0
molecola_13370,13,0,13,0.0020724888890981674,0
molecola_13370,14,0,14,0.0023001255467534065,0
molecola_13370,15,0,15,0.002293851925060153,0
molecola_13370,16,0,16,0.0021358218509703875,0
molecola_13370,17,0,17,0.012314826250076294,0
molecola_13370,18,0,18,0.008326016366481781,0
molecola_13475,1,0,1,0.0003220438666176051,0
molecola_13475,2,0,2,0.00037452165270224214,0
molecola_13475,3,0,3,0.0004124716215301305,0
molecola_13475,4,0,4,0.0013757108245044947,0
molecola_13475,5,0,5,0.019501976668834686,0
molecola_13475,6,0,6,0.011838089674711227,0
molecola_13475,7,0,7,0.007881895639002323,0
molecola_13475,8,0,8,0.0027862973511219025,0
molecola_13475,9,0,9,0.002229448175057769,0
molecola_13475,10,0,10,0.00213325722143054,0
molecola_13475,11,0,11,0.002637005876749754,0
molecola_13475,12,0,12,0.022100744768977165,0
molecola_13475,13,0,13,0.030670074746012688,0
molecola_13475,14,0,14,0.896493136882782,1
molecola_13475,15,0,15,0.8273419141769409,1
molecola_13475,16,0,16,0.01832941547036171,0
molecola_13475,17,0,17,0.008912386372685432,0
molecola_13475,18,0,18,0.005752488039433956,0
molecola_13475,19,0,19,0.001266741193830967,0
molecola_13475,20,0,20,0.004853440914303064,0
molecola_13475,21,0,21,0.0016554498579353094,0
molecola_13475,22,0,22,0.0031896603759378195,0
molecola_13475,23,1,23,0.9985349178314209,1
molecola_13475,24,1,24,0.996841549873352,1
molecola_13475,25,0,25,0.005752488039433956,0
molecola_13475,26,0,26,0.001266741193830967,0
molecola_13475,27,0,27,0.008912386372685432,0
molecola_13690,1,0,1,0.0005966756143607199,0
molecola_13690,2,0,2,0.001151949167251587,0
molecola_13690,3,0,3,0.0045999991707503796,0
molecola_13690,4,0,4,0.002385044703260064,0
molecola_13690,5,0,5,0.004269328899681568,0
molecola_13690,6,0,6,0.0004949852591380477,0
molecola_13690,7,0,7,0.00035412071156315506,0
molecola_13690,8,0,8,0.0004896848695352674,0
molecola_13690,9,0,9,0.0015028906054794788,0
molecola_13690,10,1,10,0.964809775352478,1
molecola_13690,11,0,11,0.0027951342053711414,0
molecola_13690,12,0,12,0.0009423497249372303,0
molecola_13690,13,0,13,0.0006660738727077842,0
molecola_13690,14,0,14,0.0006660738727077842,0
molecola_13690,15,1,15,0.9570068120956421,1
molecola_13690,16,1,16,0.9524021744728088,1
molecola_13690,17,1,17,0.9603548049926758,1
molecola_13690,18,0,18,0.0020375282038003206,0
molecola_13690,19,0,19,0.0027592068072408438,0
molecola_13690,20,0,20,0.0023680541198700666,0
molecola_13690,21,0,21,0.004594358615577221,0
molecola_13690,22,0,22,0.0011516946833580732,0
molecola_13690,23,0,23,0.0005967247998341918,0
molecola_13764,1,0,1,0.0007451922865584493,0
molecola_13764,2,0,2,0.0009756729705259204,0
molecola_13764,3,0,3,0.0035069012083113194,0
molecola_13764,4,0,4,0.002167171100154519,0
molecola_13764,5,0,5,0.00812483113259077,0
molecola_13764,6,0,6,0.0020313921850174665,0
molecola_13764,7,0,7,0.0027805918361991644,0
molecola_13764,8,0,8,0.005727340467274189,0
molecola_13764,9,0,9,0.008575060404837132,0
molecola_13764,10,0,10,0.0013778717257082462,0
molecola_13764,11,0,11,0.0008016999927349389,0
molecola_13764,12,0,12,0.0006015807739458978,0
molecola_13764,13,0,13,0.0005538967670872808,0
molecola_13764,14,0,14,0.00046660914085805416,0
molecola_13764,15,0,15,0.0004703827726189047,0
molecola_13764,16,0,16,0.0003584766236599535,0
molecola_13764,17,0,17,0.0003552883572410792,0
molecola_13764,18,0,18,0.0004352714749984443,0
molecola_13764,19,0,19,0.0004212177882436663,0
molecola_13764,20,0,20,0.0005300270859152079,0
molecola_13764,21,0,21,0.0021186470985412598,0
molecola_13764,22,1,22,0.9986082911491394,1
molecola_13764,23,1,23,0.9969949722290039,1
molecola_13862,1,0,1,0.0004558018408715725,0
molecola_13862,2,0,2,0.000524498347658664,0
molecola_13862,3,0,3,0.00039828752051107585,0
molecola_13862,4,0,4,0.0005193414981476963,0
molecola_13862,5,0,5,0.0006727409199811518,0
molecola_13862,6,0,6,0.007336899172514677,0
molecola_13862,7,0,7,0.002093201968818903,0
molecola_13862,8,0,8,0.0021781870163977146,0
molecola_13862,9,0,9,0.008981646038591862,0
molecola_13862,10,0,10,0.0024043486919254065,0
molecola_13862,11,0,11,0.002071503782644868,0
molecola_13862,12,0,12,0.002007804811000824,0
molecola_13862,13,0,13,0.0015618392499163747,0
molecola_13862,14,0,14,0.0016804167535156012,0
molecola_13862,15,1,15,0.9786867499351501,1
molecola_13862,16,1,16,0.9799670577049255,1
molecola_13862,17,1,17,0.9745836853981018,1
molecola_13862,18,1,18,0.9786867499351501,1
molecola_13862,19,0,19,0.0016804167535156012,0
molecola_13862,20,0,20,0.0021781870163977146,0
molecola_13862,21,0,21,0.002093201968818903,0
molecola_13862,22,0,22,0.00034991613938473165,0
molecola_13862,23,0,23,0.0003595692978706211,0
molecola_13862,24,0,24,0.0003627088153734803,0
molecola_13880,1,0,1,0.0010964057873934507,0
molecola_13880,2,0,2,0.003237784607335925,0
molecola_13880,3,0,3,0.0010964057873934507,0
molecola_13880,4,0,4,0.010940180160105228,0
molecola_13880,5,0,5,0.006189961917698383,0
molecola_13880,6,0,6,0.01141229085624218,0
molecola_13880,7,1,7,0.9967390894889832,1
molecola_13880,8,1,8,0.9930092096328735,1
molecola_13880,9,0,9,0.006376038305461407,0
molecola_13880,10,0,10,0.007000277750194073,0
molecola_13980,1,0,1,0.00045855017378926277,0
molecola_13980,2,0,2,0.000591317075304687,0
molecola_13980,3,0,3,0.0008239303715527058,0
molecola_13980,4,0,4,0.000591317075304687,0
molecola_13980,5,0,5,0.00045855017378926277,0
molecola_13980,6,0,6,0.0006672549643553793,0
molecola_13980,7,0,7,0.0009965184144675732,0
molecola_13980,8,0,8,0.0023446064442396164,0
molecola_13980,9,0,9,0.0008478331146761775,0
molecola_13980,10,0,10,0.001500144018791616,0
molecola_13980,11,0,11,0.015032359398901463,0
molecola_13980,12,0,12,0.02513747848570347,0
molecola_13980,13,0,13,0.10794313251972198,0
molecola_13980,14,1,14,0.979780375957489,1
molecola_13980,15,1,15,0.9835716485977173,1
molecola_13980,16,0,16,0.013765710406005383,0
molecola_13980,17,0,17,0.0037517102900892496,0
molecola_13980,18,0,18,0.00337202288210392,0
molecola_13980,19,0,19,0.00847544800490141,0
molecola_13980,20,0,20,0.0028158780187368393,0
molecola_13980,21,0,21,0.0020258461590856314,0
molecola_13980,22,0,22,0.006136920303106308,0
molecola_13980,23,0,23,0.0009584278450347483,0
molecola_13980,24,0,24,0.003503684885799885,0
molecola_13980,25,0,25,0.16384674608707428,0
molecola_13980,26,0,26,0.012880372814834118,0
molecola_13980,27,0,27,0.0013890635455027223,0
molecola_13980,28,0,28,0.010772365145385265,0
molecola_13980,29,0,29,0.003876212053000927,0
molecola_13980,30,0,30,0.0037678044755011797,0
molecola_14081,1,0,1,0.0005917949019931257,0
molecola_14081,2,0,2,0.0011241211323067546,0
molecola_14081,3,0,3,0.004507695324718952,0
molecola_14081,4,0,4,0.0024023307487368584,0
molecola_14081,5,0,5,0.0022320239804685116,0
molecola_14081,6,0,6,0.09215840697288513,0
molecola_14081,7,0,7,0.0025512983556836843,0
molecola_14081,8,0,8,0.004765565041452646,0
molecola_14081,9,0,9,0.0011699838796630502,0
molecola_14081,10,0,10,0.000598213926423341,0
molecola_14081,11,1,11,0.9552057385444641,1
molecola_14081,12,1,12,0.9467233419418335,1
molecola_14081,13,0,13,0.5096492171287537,1
molecola_14081,14,0,14,0.42895182967185974,0
molecola_14081,15,0,15,0.11543861031532288,0
molecola_14081,16,0,16,0.029397057369351387,0
molecola_14081,17,0,17,0.005286883097141981,0
molecola_14081,18,0,18,0.001152823562733829,0
molecola_14081,19,0,19,0.0005968516343273222,0
molecola_14081,20,0,20,0.004682122264057398,0
molecola_14081,21,0,21,0.001150546595454216,0
molecola_14081,22,0,22,0.0005968772456981242,0
molecola_14081,23,0,23,0.005178666207939386,0
molecola_14081,24,0,24,0.10412690788507462,0
molecola_14081,25,0,25,0.02539226785302162,0
molecola_14126,1,0,1,0.0006844286108389497,0
molecola_14126,2,0,2,0.0010785639751702547,0
molecola_14126,3,0,3,0.0006844286108389497,0
molecola_14126,4,0,4,0.0009405969176441431,0
molecola_14126,5,0,5,0.0016703009605407715,0
molecola_14126,6,0,6,0.0008205128251574934,0
molecola_14126,7,0,7,0.008824528194963932,0
molecola_14126,8,0,8,0.002819505985826254,0
molecola_14126,9,0,9,0.0022821431048214436,0
molecola_14126,10,0,10,0.0023772844579070807,0
molecola_14126,11,0,11,0.0047316644340753555,0
molecola_14126,12,0,12,0.029650405049324036,0
molecola_14126,13,1,13,0.9821224212646484,1
molecola_14126,14,1,14,0.9768699407577515,1
molecola_1414,1,1,1,0.9950944185256958,1
molecola_1414,2,1,2,0.9970730543136597,1
molecola_1414,3,0,3,0.0021349855232983828,0
molecola_1414,4,0,4,0.000526870135217905,0
molecola_1414,5,0,5,0.0004689371562562883,0
molecola_1414,6,0,6,0.0004821970942430198,0
molecola_1414,7,0,7,0.0005552909569814801,0
molecola_1414,8,0,8,0.0007411861442960799,0
molecola_1414,9,0,9,0.00042546907206997275,0
molecola_1414,10,0,10,0.00026950897881761193,0
molecola_1414,11,0,11,0.00024153059348464012,0
molecola_1414,12,0,12,0.00026950897881761193,0
molecola_1414,13,0,13,0.00042546907206997275,0
molecola_1414,14,0,14,0.010151175782084465,0
molecola_1414,15,0,15,0.0018508459907025099,0
molecola_1414,16,0,16,0.002403107937425375,0
molecola_1414,17,0,17,0.001777332043275237,0
molecola_1414,18,0,18,0.002403107937425375,0
molecola_1414,19,0,19,0.0018508459907025099,0
molecola_14269,1,0,1,0.0041244677267968655,0
molecola_14269,2,0,2,0.028530649840831757,0
molecola_14269,3,0,3,0.0041244677267968655,0
molecola_14269,4,0,4,0.003310243133455515,0
molecola_14269,5,0,5,0.00043680216185748577,0
molecola_14269,6,0,6,0.00038138427771627903,0
molecola_14269,7,0,7,0.003087087767198682,0
molecola_14269,8,1,8,0.9562194347381592,1
molecola_14269,9,1,9,0.9534187316894531,1
molecola_14269,10,1,10,0.9356837868690491,1
molecola_14269,11,1,11,0.9562194347381592,1
molecola_14269,12,0,12,0.003087087767198682,0
molecola_14269,13,0,13,0.00038138427771627903,0
molecola_14269,14,0,14,0.00043680216185748577,0
molecola_14269,15,0,15,0.0033102412708103657,0
molecola_14269,16,0,16,0.028530649840831757,0
molecola_14269,17,0,17,0.004124465864151716,0
molecola_14269,18,0,18,0.004124465864151716,0
molecola_14269,19,0,19,0.0191805399954319,0
molecola_14269,20,0,20,0.013784807175397873,0
molecola_14269,21,0,21,0.013784807175397873,0
molecola_14269,22,0,22,0.019180532544851303,0
molecola_14269,23,0,23,0.013784807175397873,0
molecola_14269,24,0,24,0.013784807175397873,0
molecola_14283,1,0,1,0.015140607953071594,0
molecola_14283,2,0,2,0.024229267612099648,0
molecola_14283,3,0,3,0.016242435202002525,0
molecola_14283,4,0,4,0.01178133487701416,0
molecola_14283,5,0,5,0.01178133487701416,0
molecola_14283,6,0,6,0.026338178664445877,0
molecola_14283,7,0,7,0.0025379511062055826,0
molecola_14283,8,0,8,0.007657156325876713,0
molecola_14283,9,0,9,0.01457019429653883,0
molecola_14283,10,0,10,0.007657156325876713,0
molecola_14283,11,0,11,0.0025379511062055826,0
molecola_14283,12,1,12,0.9754527807235718,1
molecola_14283,13,1,13,0.9385231137275696,1
molecola_14283,14,0,14,0.013776887208223343,0
molecola_14283,15,0,15,0.004400461912155151,0
molecola_14283,16,0,16,0.0023978152312338352,0
molecola_14283,17,0,17,0.0029073997866362333,0
molecola_14283,18,0,18,0.009870782494544983,0
molecola_14736,1,0,1,0.0011138831032440066,0
molecola_14736,2,0,2,0.0023040727246552706,0
molecola_14736,3,0,3,0.0011138831032440066,0
molecola_14736,4,0,4,0.00246572308242321,0
molecola_14736,5,0,5,0.00308033125475049,0
molecola_14736,6,0,6,0.0032529723830521107,0
molecola_14736,7,0,7,0.00907909870147705,0
molecola_14736,8,0,8,0.011464175768196583,0
molecola_14736,9,0,9,0.0014459849335253239,0
molecola_14736,10,0,10,0.00728420028463006,0
molecola_14736,11,0,11,0.01692901737987995,0
molecola_14736,12,0,12,0.0016994454199448228,0
molecola_14736,13,0,13,0.0006701195961795747,0
molecola_14736,14,0,14,0.01272082794457674,0
molecola_14736,15,0,15,0.014580619521439075,0
molecola_14736,16,0,16,0.014718874357640743,0
molecola_14736,17,0,17,0.014718874357640743,0
molecola_14736,18,0,18,0.024742282927036285,0
molecola_14736,19,0,19,0.0269381832331419,0
molecola_14736,20,0,20,0.0019847815856337547,0
molecola_14736,21,0,21,0.0032667149789631367,0
molecola_14736,22,0,22,0.0027177834417670965,0
molecola_14736,23,0,23,0.006911400239914656,0
molecola_14736,24,0,24,0.0031771499197930098,0
molecola_14736,25,1,25,0.9998329877853394,1
molecola_14736,26,1,26,0.9997467398643494,1
molecola_14870,1,0,1,0.00041829253314062953,0
molecola_14870,2,0,2,0.0005560130812227726,0
molecola_14870,3,0,3,0.0008190274238586426,0
molecola_14870,4,0,4,0.002594372723251581,0
molecola_14870,5,0,5,0.012347940355539322,0
molecola_14870,6,0,6,0.0046538133174180984,0
molecola_14870,7,0,7,0.00786193460226059,0
molecola_14870,8,0,8,0.0036028907634317875,0
molecola_14870,9,0,9,0.000795000814832747,0
molecola_14870,10,0,10,0.0036028907634317875,0
molecola_14870,11,0,11,0.000795000814832747,0
molecola_14870,12,0,12,0.0004567924770526588,0
molecola_14870,13,0,13,0.0003192382864654064,0
molecola_14870,14,0,14,0.0003014658868778497,0
molecola_14870,15,0,15,0.00041409319965168834,0
molecola_14870,16,0,16,0.0005488068563863635,0
molecola_14870,17,0,17,0.0006593783036805689,0
molecola_14870,18,0,18,0.0007201716653071344,0
molecola_14870,19,0,19,0.0004473697626963258,0
molecola_14870,20,0,20,0.0019021021435037255,0
molecola_14870,21,1,21,0.9760777354240417,1
molecola_14870,22,1,22,0.9802886247634888,1
molecola_14870,23,1,23,0.9747068881988525,1
molecola_14870,24,1,24,0.9784315228462219,1
molecola_14870,25,0,25,0.001569064101204276,0
molecola_14870,26,0,26,0.0003823117585852742,0
molecola_14870,27,0,27,0.00037472377880476415,0
molecola_14870,28,0,28,0.00042695325100794435,0
molecola_14870,29,0,29,0.0005022605764679611,0
molecola_14870,30,0,30,0.0006945731583982706,0
molecola_14870,31,0,31,0.0007973136380314827,0
molecola_14870,32,0,32,0.00061032670782879,0
molecola_14870,33,0,33,0.0004085721157025546,0
molecola_1515,1,0,1,0.0005994495586492121,0
molecola_1515,2,0,2,0.0011942180572077632,0
molecola_1515,3,0,3,0.005054446402937174,0
molecola_1515,4,0,4,0.005581036675721407,0
molecola_1515,5,0,5,0.013431761413812637,0
molecola_1515,6,0,6,0.005581036675721407,0
molecola_1515,7,0,7,0.005054446402937174,0
molecola_1515,8,0,8,0.0011942180572077632,0
molecola_1515,9,0,9,0.0005994495586492121,0
molecola_1515,10,0,10,0.005419895518571138,0
molecola_1515,11,0,11,0.0011958582326769829,0
molecola_1515,12,0,12,0.0005969179328531027,0
molecola_1515,13,1,13,0.9783201217651367,1
molecola_1515,14,1,14,0.943162739276886,1
molecola_1515,15,0,15,0.014238057658076286,0
molecola_1515,16,0,16,0.0038587877061218023,0
molecola_1515,17,0,17,0.003154244739562273,0
molecola_1515,18,0,18,0.0030873166397213936,0
molecola_1515,19,0,19,0.019290447235107422,0
molecola_1515,20,0,20,0.008118397556245327,0
molecola_1515,21,0,21,0.023865431547164917,0
molecola_1515,22,0,22,0.0022425565402954817,0
molecola_1515,23,0,23,0.002264817710965872,0
molecola_1515,24,0,24,0.005714126396924257,0
molecola_1515,25,0,25,0.0009148721001110971,0
molecola_1515,26,0,26,0.006201653741300106,0
molecola_1515,27,0,27,0.008849579840898514,0
molecola_1515,28,0,28,0.003069130936637521,0
molecola_15305,1,0,1,0.001938789850100875,0
molecola_15305,2,0,2,0.021802328526973724,0
molecola_15305,3,0,3,0.001927992096170783,0
molecola_15305,4,0,4,0.028439056128263474,0
molecola_15305,5,0,5,0.0031932934653013945,0
molecola_15305,6,0,6,0.004667920060455799,0
molecola_15305,7,0,7,0.0017303053755313158,0
molecola_15305,8,0,8,0.23748843371868134,0
molecola_15305,9,0,9,0.05975915864109993,0
molecola_15305,10,0,10,0.030561121180653572,0
molecola_15305,11,0,11,0.030561121180653572,0
molecola_15305,12,0,12,0.006384605076164007,0
molecola_15305,13,0,13,0.0020774612203240395,0
molecola_15305,14,0,14,0.029703782871365547,0
molecola_15305,15,0,15,0.0029189540073275566,0
molecola_15305,16,0,16,0.04270263388752937,0
molecola_15305,17,1,17,0.8335021138191223,1
molecola_15305,18,1,18,0.8250011205673218,1
molecola_15305,19,0,19,0.016460508108139038,0
molecola_15305,20,0,20,0.0020177748519927263,0
molecola_15305,21,0,21,0.002392501337453723,0
molecola_15305,22,0,22,0.0017760618356987834,0
molecola_15305,23,0,23,0.002392501337453723,0
molecola_15305,24,0,24,0.0020177748519927263,0
molecola_15891,1,0,1,0.0004074628232046962,0
molecola_15891,2,0,2,0.0006031785160303116,0
molecola_15891,3,0,3,0.001436826540157199,0
molecola_15891,4,0,4,0.0051015266217291355,0
molecola_15891,5,0,5,0.005087706726044416,0
molecola_15891,6,0,6,0.0026312158443033695,0
molecola_15891,7,0,7,0.002400818280875683,0
molecola_15891,8,0,8,0.002026609843596816,0
molecola_15891,9,0,9,0.0045416210778057575,0
molecola_15891,10,0,10,0.0013499869965016842,0
molecola_15891,11,0,11,0.003018174786120653,0
molecola_15891,12,1,12,0.9985349178314209,1
molecola_15891,13,1,13,0.9968416690826416,1
molecola_15944,1,0,1,0.0010663606226444244,0
molecola_15944,2,0,2,0.0019041652558371425,0
molecola_15944,3,0,3,0.009406816214323044,0
molecola_15944,4,0,4,0.0031358718406409025,0
molecola_15944,5,0,5,0.2589799165725708,0
molecola_15944,6,0,6,0.06929328292608261,0
molecola_15944,7,0,7,0.0015016089892014861,0
molecola_15944,8,0,8,0.0052082533948123455,0
molecola_15944,9,1,9,0.06567815691232681,0
molecola_15944,10,1,10,0.24905835092067719,0
molecola_15944,11,0,11,0.029826998710632324,0
molecola_15944,12,0,12,0.004342662636190653,0
molecola_15944,13,0,13,0.0028705564327538013,0
molecola_15944,14,0,14,0.06459033489227295,0
molecola_15944,15,0,15,0.00271435035392642,0
molecola_15944,16,0,16,0.002163050463423133,0
molecola_15944,17,0,17,0.004125839099287987,0
molecola_15944,18,0,18,0.0010845342185348272,0
molecola_15944,19,0,19,0.9379227161407471,1
molecola_15944,20,0,20,0.24161624908447266,0
molecola_15944,21,0,21,0.9379321336746216,1
molecola_15944,22,0,22,0.00881500355899334,0
molecola_15944,23,0,23,0.0028366458136588335,0
molecola_15944,24,0,24,0.0019193306798115373,0
molecola_15944,25,0,25,0.0009781141998246312,0
molecola_15944,26,0,26,0.0008379354840144515,0
molecola_15944,27,0,27,0.0005237844306975603,0
molecola_15944,28,0,28,0.0005237844306975603,0
molecola_15944,29,0,29,0.0006901546148583293,0
molecola_15944,30,0,30,0.0007404639618471265,0
molecola_15944,31,0,31,0.001495681586675346,0
molecola_16075,1,0,1,0.000598388141952455,0
molecola_16075,2,0,2,0.0011677759466692805,0
molecola_16075,3,0,3,0.004879539832472801,0
molecola_16075,4,0,4,0.004310198128223419,0
molecola_16075,5,0,5,0.04968059062957764,0
molecola_16075,6,0,6,0.013321724720299244,0
molecola_16075,7,0,7,0.12773777544498444,0
molecola_16075,8,0,8,0.4816236197948456,0
molecola_16075,9,0,9,0.402698278427124,0
molecola_16075,10,1,10,0.933236300945282,1
molecola_16075,11,1,11,0.9356728196144104,1
molecola_16075,12,0,12,0.027475137263536453,0
molecola_16075,13,0,13,0.10633640736341476,0
molecola_16075,14,0,14,0.010083973407745361,0
molecola_16075,15,0,15,0.0012697429629042745,0
molecola_16075,16,0,16,0.0006002190639264882,0
molecola_16075,17,0,17,0.037075143307447433,0
molecola_16075,18,0,18,0.002306912327185273,0
molecola_16075,19,0,19,0.0021835516672581434,0
molecola_16075,20,0,20,0.002188284881412983,0
molecola_16075,21,0,21,0.0025890846736729145,0
molecola_16075,22,0,22,0.006578805390745401,0
molecola_16075,23,0,23,0.009069729596376419,0
molecola_16230,1,0,1,0.0006876646657474339,0
molecola_16230,2,0,2,0.0010310049401596189,0
molecola_16230,3,0,3,0.0006876646657474339,0
molecola_16230,4,0,4,0.0006907198112457991,0
molecola_16230,5,0,5,0.0006000092253088951,0
molecola_16230,6,0,6,0.0008427715511061251,0
molecola_16230,7,0,7,0.0071645318530499935,0
molecola_16230,8,0,8,0.0020612706430256367,0
molecola_16230,9,0,9,0.002405771752819419,0
molecola_16230,10,0,10,0.020227059721946716,0
molecola_16230,11,0,11,0.002405771752819419,0
molecola_16230,12,0,12,0.0020612706430256367,0
molecola_16230,13,0,13,0.010102124884724617,0
molecola_16230,14,0,14,0.0026437113992869854,0
molecola_16230,15,0,15,0.0022381648886948824,0
molecola_16230,16,0,16,0.002217258792370558,0
molecola_16230,17,0,17,0.002542399801313877,0
molecola_16230,18,0,18,0.004384465515613556,0
molecola_16230,19,0,19,0.0022689991164952517,0
molecola_16230,20,0,20,0.0023401002399623394,0
molecola_16230,21,0,21,0.0023401002399623394,0
molecola_16230,22,0,22,0.0009276032214984298,0
molecola_16230,23,0,23,0.000569708296097815,0
molecola_16230,24,0,24,0.0006498660077340901,0
molecola_16230,25,0,25,0.0022136750631034374,0
molecola_16230,26,1,26,0.9970730543136597,1
molecola_16230,27,1,27,0.9950941801071167,1
molecola_16294,1,0,1,0.0006934782140888274,0
molecola_16294,2,0,2,0.0013991105370223522,0
molecola_16294,3,0,3,0.006601215805858374,0
molecola_16294,4,0,4,0.002179337665438652,0
molecola_16294,5,0,5,0.00394466845318675,0
molecola_16294,6,0,6,0.009817861020565033,0
molecola_16294,7,0,7,0.018452797085046768,0
molecola_16294,8,0,8,0.006174277048557997,0
molecola_16294,9,0,9,0.001570934895426035,0
molecola_16294,10,0,10,0.004706761799752712,0
molecola_16294,11,0,11,0.002546349773183465,0
molecola_16294,12,0,12,0.002200752729550004,0
molecola_16294,13,0,13,0.0020181811414659023,0
molecola_16294,14,0,14,0.0020163445733487606,0
molecola_16294,15,0,15,0.0009469416690990329,0
molecola_16294,16,0,16,0.0006421837024390697,0
molecola_16294,17,0,17,0.0005289259133860469,0
molecola_16294,18,0,18,0.004854468163102865,0
molecola_16294,19,1,19,0.9982755184173584,1
molecola_16294,20,1,20,0.9963023662567139,1
molecola_16294,21,0,21,0.010946977883577347,0
molecola_16294,22,0,22,0.0025155532639473677,0
molecola_16740,1,0,1,0.0003526182263158262,0
molecola_16740,2,0,2,0.0008058593957684934,0
molecola_16740,3,0,3,0.0019250683253630996,0
molecola_16740,4,0,4,0.002244460629299283,0
molecola_16740,5,0,5,0.0019201838877052069,0
molecola_16740,6,0,6,0.002270038705319166,0
molecola_16740,7,0,7,0.061041805893182755,0
molecola_16740,8,1,8,0.9422889947891235,1
molecola_16740,9,1,9,0.9435731768608093,1
molecola_16740,10,1,10,0.8631840348243713,1
molecola_16740,11,1,11,0.8603707551956177,1
molecola_16740,12,1,12,0.952258825302124,1
molecola_16740,13,1,13,0.9436181783676147,1
molecola_16740,14,1,14,0.8505445718765259,1
molecola_16740,15,1,15,0.7687581777572632,1
molecola_16740,16,0,16,0.6085735559463501,1
molecola_17093,1,0,1,0.0018862858414649963,0
molecola_17093,2,0,2,0.0575958676636219,0
molecola_17093,3,0,3,0.17167387902736664,0
molecola_17093,4,0,4,0.028315845876932144,0
molecola_17093,5,0,5,0.015666017308831215,0
molecola_17093,6,0,6,0.02218533121049404,0
molecola_17093,7,0,7,0.015921879559755325,0
molecola_17093,8,0,8,0.9520902037620544,1
molecola_17093,9,0,9,0.8922168612480164,1
molecola_17093,10,0,10,0.014797352254390717,0
molecola_17093,11,0,11,0.007250256836414337,0
molecola_17093,12,0,12,0.011070270091295242,0
molecola_17093,13,0,13,0.46916288137435913,0
molecola_17093,14,0,14,0.011070270091295242,0
molecola_17093,15,0,15,0.007250256836414337,0
molecola_17093,16,1,16,0.9919179081916809,1
molecola_17093,17,1,17,0.978743851184845,1
molecola_17093,18,0,18,0.007237137295305729,0
molecola_17199,1,0,1,0.04648381844162941,0
molecola_17199,2,1,2,0.9820256233215332,1
molecola_17199,3,1,3,0.9817715883255005,1
molecola_17199,4,0,4,0.006864794995635748,0
molecola_17199,5,0,5,0.000837647239677608,0
molecola_17199,6,0,6,0.0009881854057312012,0
molecola_17199,7,0,7,0.0007690429920330644,0
molecola_17199,8,0,8,0.0010360300075262785,0
molecola_17199,9,0,9,0.001039018970914185,0
molecola_17199,10,0,10,0.03732526674866676,0
molecola_17199,11,0,11,0.9766398668289185,1
molecola_17199,12,0,12,0.9757692217826843,1
molecola_17199,13,0,13,0.02230180613696575,0
molecola_17199,14,0,14,0.9227511286735535,1
molecola_17199,15,0,15,0.9023236632347107,1
molecola_17199,16,0,16,0.9765077829360962,1
molecola_17199,17,0,17,0.9764561653137207,1
molecola_17199,18,0,18,0.02276613563299179,0
molecola_17199,19,0,19,0.9189935326576233,1
molecola_17199,20,0,20,0.8990433812141418,1
molecola_17199,21,0,21,0.022773200646042824,0
molecola_17199,22,0,22,0.053422603756189346,0
molecola_17199,23,0,23,0.01759604550898075,0
molecola_17199,24,0,24,0.01759604550898075,0
molecola_17244,1,1,1,0.9883626103401184,1
molecola_17244,2,1,2,0.993224561214447,1
molecola_17244,3,0,3,0.019061854109168053,0
molecola_17244,4,0,4,0.0034411947708576918,0
molecola_17244,5,0,5,0.0024986714124679565,0
molecola_17244,6,0,6,0.021995794028043747,0
molecola_17244,7,0,7,0.0024986714124679565,0
molecola_17244,8,0,8,0.0034411947708576918,0
molecola_17244,9,0,9,0.017807025462388992,0
molecola_17244,10,0,10,0.0028935116715729237,0
molecola_17244,11,0,11,0.002503414172679186,0
molecola_17244,12,0,12,0.002090889262035489,0
molecola_17244,13,0,13,0.002939793514087796,0
molecola_17244,14,0,14,0.005946876015514135,0
molecola_17557,1,0,1,0.0027532053645700216,0
molecola_17557,2,0,2,0.01455979235470295,0
molecola_17557,3,0,3,0.0027532053645700216,0
molecola_17557,4,0,4,0.0027532053645700216,0
molecola_17557,5,1,5,0.9348862171173096,1
molecola_17557,6,1,6,0.8506014943122864,1
molecola_17557,7,0,7,0.01514164637774229,0
molecola_17557,8,0,8,0.008500918745994568,0
molecola_17557,9,0,9,0.007853908464312553,0
molecola_17557,10,0,10,0.009054390713572502,0
molecola_17557,11,0,11,0.007853908464312553,0
molecola_17557,12,0,12,0.008500918745994568,0
molecola_17557,13,0,13,0.06682565808296204,0
molecola_17557,14,0,14,0.03685401752591133,0
molecola_17557,15,0,15,0.03685401752591133,0
molecola_17909,1,0,1,0.0004697509575635195,0
molecola_17909,2,0,2,0.0008706124499440193,0
molecola_17909,3,0,3,0.0019322994630783796,0
molecola_17909,4,0,4,0.002830152167007327,0
molecola_17909,5,0,5,0.0029475034680217505,0
molecola_17909,6,0,6,0.00978370476514101,0
molecola_17909,7,0,7,0.10023228079080582,0
molecola_17909,8,1,8,0.9938464760780334,1
molecola_17909,9,1,9,0.9913524389266968,1
molecola_17909,10,0,10,0.008679686114192009,0
molecola_17909,11,0,11,0.0011980771087110043,0
molecola_17909,12,0,12,0.009415123611688614,0
molecola_17909,13,0,13,0.004480444360524416,0
molecola_17909,14,0,14,0.007423803210258484,0
molecola_17909,15,0,15,0.002067453460767865,0
molecola_17909,16,0,16,0.0067000319249928,0
molecola_17909,17,0,17,0.01113291084766388,0
molecola_17909,18,0,18,0.003918279893696308,0
molecola_17909,19,0,19,0.0010716684628278017,0
molecola_17909,20,0,20,0.0008826588746160269,0
molecola_17909,21,0,21,0.0006615851889364421,0
molecola_17909,22,0,22,0.0006615851889364421,0
molecola_17909,23,0,23,0.013456078246235847,0
molecola_1796,1,0,1,0.0022034989669919014,0
molecola_1796,2,0,2,0.0034955781884491444,0
molecola_1796,3,0,3,0.0022034989669919014,0
molecola_1796,4,0,4,0.009001344442367554,0
molecola_1796,5,0,5,0.005481650121510029,0
molecola_1796,6,0,6,0.002139314543455839,0
molecola_1796,7,0,7,0.00653863325715065,0
molecola_1796,8,0,8,0.0015112593537196517,0
molecola_1796,9,0,9,0.0005791972507722676,0
molecola_1796,10,0,10,0.0004498457710724324,0
molecola_1796,11,0,11,0.0005131693324074149,0
molecola_1796,12,0,12,0.0021196745801717043,0
molecola_1796,13,1,13,0.9970730543136597,1
molecola_1796,14,1,14,0.9950944185256958,1
molecola_1796,15,0,15,0.002139314543455839,0
molecola_1796,16,0,16,0.005481650121510029,0
molecola_18007,1,0,1,0.0011325586820021272,0
molecola_18007,2,0,2,0.010299484245479107,0
molecola_18007,3,0,3,0.0011325586820021272,0
molecola_18007,4,1,4,0.9676284193992615,1
molecola_18007,5,1,5,0.9257528781890869,1
molecola_18007,6,0,6,0.01473755668848753,0
molecola_18007,7,0,7,0.007581932935863733,0
molecola_18007,8,0,8,0.002639774000272155,0
molecola_18007,9,0,9,0.0017654434777796268,0
molecola_18007,10,0,10,0.002639774000272155,0
molecola_18007,11,0,11,0.007581932935863733,0
molecola_18007,12,0,12,0.010813398286700249,0
molecola_18007,13,0,13,0.0028014930430799723,0
molecola_18007,14,0,14,0.0029881924856454134,0
molecola_18007,15,0,15,0.007967570796608925,0
molecola_18007,16,0,16,0.0033648035023361444,0
molecola_18443,1,0,1,0.0015391067136079073,0
molecola_18443,2,0,2,0.012151084840297699,0
molecola_18443,3,0,3,0.0017953140195459127,0
molecola_18443,4,0,4,0.003302298253402114,0
molecola_18443,5,0,5,0.0025674295611679554,0
molecola_18443,6,0,6,0.017369167879223824,0
molecola_18443,7,0,7,0.002907305955886841,0
molecola_18443,8,0,8,0.014142245054244995,0
molecola_18443,9,0,9,0.0037267121952027082,0
molecola_18443,10,0,10,0.004313720855861902,0
molecola_18443,11,0,11,0.0032811814453452826,0
molecola_18443,12,0,12,0.006891096476465464,0
molecola_18443,13,0,13,0.0012298732763156295,0
molecola_18443,14,0,14,0.01664629578590393,0
molecola_18443,15,1,15,0.9584150314331055,1
molecola_18443,16,1,16,0.9061143398284912,1
molecola_18443,17,0,17,0.014184589497745037,0
molecola_18443,18,0,18,0.007348184008151293,0
molecola_18443,19,0,19,0.002639775164425373,0
molecola_18443,20,0,20,0.0017654483672231436,0
molecola_18443,21,0,21,0.002639775164425373,0
molecola_18443,22,0,22,0.007348184008151293,0
molecola_18669,1,0,1,0.000488121819216758,0
molecola_18669,2,0,2,0.000563195557333529,0
molecola_18669,3,0,3,0.0008352824370376766,0
molecola_18669,4,0,4,0.0006418150733225048,0
molecola_18669,5,0,5,0.00043439192813821137,0
molecola_18669,6,0,6,0.0005861843237653375,0
molecola_18669,7,0,7,0.0006830462370999157,0
molecola_18669,8,0,8,0.007182122673839331,0
molecola_18669,9,0,9,0.9795626401901245,1
molecola_18669,10,0,10,0.9798567891120911,1
molecola_18669,11,0,11,0.02102215215563774,0
molecola_18669,12,0,12,0.0009244436514563859,0
molecola_18669,13,0,13,0.0016140998341143131,0
molecola_18669,14,0,14,0.0015151470433920622,0
molecola_18669,15,0,15,0.0019610687159001827,0
molecola_18669,16,0,16,0.0017030255403369665,0
molecola_18669,17,0,17,0.9461870789527893,1
molecola_18669,18,0,18,0.9274258017539978,1
molecola_18669,19,0,19,0.9786726236343384,1
molecola_18669,20,0,20,0.9843782782554626,1
molecola_18669,21,0,21,0.024797478690743446,0
molecola_18669,22,1,22,0.9605419635772705,1
molecola_18669,23,1,23,0.9446082711219788,1
molecola_18669,24,0,24,0.010482263751327991,0
molecola_19068,1,0,1,0.0005994727252982557,0
molecola_19068,2,0,2,0.0011947891907766461,0
molecola_19068,3,0,3,0.004976507276296616,0
molecola_19068,4,0,4,0.002586888847872615,0
molecola_19068,5,0,5,0.015056554228067398,0
molecola_19068,6,0,6,0.002586888847872615,0
molecola_19068,7,0,7,0.004976507276296616,0
molecola_19068,8,0,8,0.0011947891907766461,0
molecola_19068,9,0,9,0.0005994727252982557,0
molecola_19068,10,0,10,0.005423356778919697,0
molecola_19068,11,0,11,0.0011959471739828587,0
molecola_19068,12,0,12,0.0005969179328531027,0
molecola_19068,13,0,13,0.012138664722442627,0
molecola_19068,14,0,14,0.0022657401859760284,0
molecola_19068,15,0,15,0.0033389769960194826,0
molecola_19068,16,1,16,0.997041642665863,1
molecola_19068,17,1,17,0.9950302839279175,1
molecola_19068,18,0,18,0.018061626702547073,0
molecola_19068,19,0,19,0.011725355871021748,0
molecola_19068,20,0,20,0.003480376675724983,0
molecola_19068,21,0,21,0.0011911523761227727,0
molecola_19068,22,0,22,0.0011911523761227727,0
molecola_1907,1,0,1,0.0004995396011509001,0
molecola_1907,2,0,2,0.0005528876790776849,0
molecola_1907,3,0,3,0.000689969805534929,0
molecola_1907,4,0,4,0.0004598710220307112,0
molecola_1907,5,0,5,0.00031807960476726294,0
molecola_1907,6,0,6,0.00038930351729504764,0
molecola_1907,7,0,7,0.0003514968848321587,0
molecola_1907,8,0,8,0.00032301308237947524,0
molecola_1907,9,0,9,0.0019851168617606163,0
molecola_1907,10,1,10,0.9331150054931641,1
molecola_1907,11,1,11,0.9478432536125183,1
molecola_1907,12,0,12,0.10875168442726135,0
molecola_1907,13,1,13,0.9238665699958801,1
molecola_1907,14,1,14,0.8986029624938965,1
molecola_1907,15,0,15,0.20400185883045197,0
molecola_1907,16,0,16,0.001061318558640778,0
molecola_1907,17,0,17,0.002281217137351632,0
molecola_1907,18,0,18,0.0004148005973547697,0
molecola_1907,19,0,19,0.00038712722016498446,0
molecola_1907,20,0,20,0.00030307855922728777,0
molecola_1907,21,0,21,0.00033280981006100774,0
molecola_1907,22,0,22,0.0005745372036471963,0
molecola_1907,23,0,23,0.00040275658830069005,0
molecola_19136,1,1,1,0.9950944185256958,1
molecola_19136,2,1,2,0.9970730543136597,1
molecola_19136,3,0,3,0.0021335729397833347,0
molecola_19136,4,0,4,0.0005187327042222023,0
molecola_19136,5,0,5,0.0005179619765840471,0
molecola_19136,6,0,6,0.0007946997066028416,0
molecola_19136,7,0,7,0.0017881919629871845,0
molecola_19136,8,0,8,0.0033185093197971582,0
molecola_19136,9,0,9,0.00243395590223372,0
molecola_19136,10,0,10,0.0091135548427701,0
molecola_19136,11,0,11,0.005179496016353369,0
molecola_19136,12,0,12,0.00363069586455822,0
molecola_19136,13,0,13,0.0017348164692521095,0
molecola_19136,14,0,14,0.00984446331858635,0
molecola_19136,15,0,15,0.0006925987545400858,0
molecola_19136,16,0,16,0.0005033190245740116,0
molecola_19136,17,0,17,0.0003474015975371003,0
molecola_19136,18,0,18,0.0003215177566744387,0
molecola_19136,19,0,19,0.00031305960146710277,0
molecola_19136,20,0,20,0.0003215177566744387,0
molecola_19136,21,0,21,0.0003474015975371003,0
molecola_19136,22,0,22,0.005510575603693724,0
molecola_19149,1,0,1,0.0010305724572390318,0
molecola_19149,2,0,2,0.0020191012881696224,0
molecola_19149,3,0,3,0.0017599109560251236,0
molecola_19149,4,0,4,0.0017599109560251236,0
molecola_19149,5,0,5,0.0028793185483664274,0
molecola_19149,6,0,6,0.012484683655202389,0
molecola_19149,7,0,7,0.0024518906138837337,0
molecola_19149,8,0,8,0.0031932038255035877,0
molecola_19149,9,0,9,0.014924698509275913,0
molecola_19149,10,0,10,0.001962562557309866,0
molecola_19149,11,0,11,0.0007577419746667147,0
molecola_19149,12,0,12,0.0003829988418146968,0
molecola_19149,13,0,13,0.0003061473253183067,0
molecola_19149,14,0,14,0.0003212625451851636,0
molecola_19149,15,0,15,0.0003061473253183067,0
molecola_19149,16,0,16,0.0003829988418146968,0
molecola_19149,17,0,17,0.012058323249220848,0
molecola_19149,18,1,18,0.9231991171836853,1
molecola_19149,19,1,19,0.8950051069259644,1
molecola_19149,20,0,20,0.02344590239226818,0
molecola_19149,21,0,21,0.01294667273759842,0
molecola_19177,1,0,1,0.0007696185493841767,0
molecola_19177,2,0,2,0.0039744265377521515,0
molecola_19177,3,0,3,0.0007696185493841767,0
molecola_19177,4,0,4,0.0019022151827812195,0
molecola_19177,5,0,5,0.0020917949732393026,0
molecola_19177,6,0,6,0.002667444059625268,0
molecola_19177,7,0,7,0.003028982551768422,0
molecola_19177,8,0,8,0.004331063944846392,0
molecola_19177,9,0,9,0.004053752403706312,0
molecola_19177,10,0,10,0.0074234772473573685,0
molecola_19177,11,0,11,0.002364332554861903,0
molecola_19177,12,0,12,0.004505387041717768,0
molecola_19177,13,0,13,0.04327457770705223,0
molecola_19177,14,0,14,0.007276973221451044,0
molecola_19177,15,0,15,0.002552991732954979,0
molecola_19177,16,0,16,0.0023008063435554504,0
molecola_19177,17,0,17,0.002032151911407709,0
molecola_19177,18,0,18,0.002032151911407709,0
molecola_19177,19,0,19,0.002032151911407709,0
molecola_19177,20,1,20,0.9200326204299927,1
molecola_19177,21,1,21,0.25083643198013306,0
molecola_19177,22,1,22,0.923655092716217,1
molecola_19320,1,0,1,0.0003145725931972265,0
molecola_19320,2,0,2,0.0004023857181891799,0
molecola_19320,3,0,3,0.0007569037261418998,0
molecola_19320,4,0,4,0.009143711999058723,0
molecola_19320,5,0,5,0.026652945205569267,0
molecola_19320,6,0,6,0.01935529336333275,0
molecola_19320,7,0,7,0.03000797890126705,0
molecola_19320,8,0,8,0.015218879096210003,0
molecola_19320,9,0,9,0.0030173698905855417,0
molecola_19320,10,0,10,0.004792184568941593,0
molecola_19320,11,0,11,0.001465731067582965,0
molecola_19320,12,0,12,0.0005796473706141114,0
molecola_19320,13,0,13,0.0006139152683317661,0
molecola_19320,14,0,14,0.0014199803117662668,0
molecola_19320,15,0,15,0.007286817766726017,0
molecola_19320,16,0,16,0.004105953499674797,0
molecola_19320,17,0,17,0.004105953499674797,0
molecola_19320,18,0,18,0.007715481333434582,0
molecola_19320,19,0,19,0.002909937407821417,0
molecola_19320,20,0,20,0.0083604222163558,0
molecola_19320,21,0,21,0.013887671753764153,0
molecola_19320,22,0,22,0.0083604222163558,0
molecola_19320,23,0,23,0.002909937407821417,0
molecola_19320,24,1,24,0.9581736326217651,1
molecola_19320,25,1,25,0.9059188365936279,1
molecola_19320,26,0,26,0.45745596289634705,0
molecola_19320,27,0,27,0.14978671073913574,0
molecola_19320,28,0,28,0.0221275445073843,0
molecola_19320,29,0,29,0.013783653266727924,0
molecola_19320,30,0,30,0.013783653266727924,0
molecola_19320,31,0,31,0.8931635618209839,1
molecola_19320,32,0,32,0.8223778605461121,1
molecola_19320,33,0,33,0.5108537673950195,1
molecola_19576,1,0,1,0.0015404372243210673,0
molecola_19576,2,0,2,0.012096590362489223,0
molecola_19576,3,0,3,0.005834014620631933,0
molecola_19576,4,0,4,0.018349485471844673,0
molecola_19576,5,0,5,0.008351614698767662,0
molecola_19576,6,0,6,0.003869624575600028,0
molecola_19576,7,0,7,0.0029141202103346586,0
molecola_19576,8,0,8,0.002023174660280347,0
molecola_19576,9,0,9,0.0017489708261564374,0
molecola_19576,10,0,10,0.001606207573786378,0
molecola_19576,11,0,11,0.008386327885091305,0
molecola_19576,12,0,12,0.001645326497964561,0
molecola_19576,13,0,13,0.003376795444637537,0
molecola_19576,14,0,14,0.003806457621976733,0
molecola_19576,15,0,15,0.02144407480955124,0
molecola_19576,16,1,16,0.9932184815406799,1
molecola_19576,17,1,17,0.9883521199226379,1
molecola_19576,18,0,18,0.0039825462736189365,0
molecola_19774,1,0,1,0.0007461264031007886,0
molecola_19774,2,0,2,0.0009754666243679821,0
molecola_19774,3,0,3,0.00496132206171751,0
molecola_19774,4,0,4,0.002281228778883815,0
molecola_19774,5,0,5,0.006267918273806572,0
molecola_19774,6,0,6,0.0005805989494547248,0
molecola_19774,7,0,7,0.0004965489497408271,0
molecola_19774,8,0,8,0.0020782561041414738,0
molecola_19774,9,0,9,0.002295569283887744,0
molecola_19774,10,0,10,0.007797591853886843,0
molecola_19774,11,0,11,0.00410857331007719,0
molecola_19774,12,0,12,0.04121093451976776,0
molecola_19774,13,0,13,0.9199133515357971,1
molecola_19774,14,0,14,0.25093135237693787,0
molecola_19774,15,0,15,0.9235686659812927,1
molecola_19774,16,1,16,0.9975923895835876,1
molecola_19774,17,1,17,0.9951977133750916,1
molecola_20186,1,0,1,0.0005174147081561387,0
molecola_20186,2,0,2,0.0005691826227121055,0
molecola_20186,3,0,3,0.0004798620066139847,0
molecola_20186,4,0,4,0.0005215254495851696,0
molecola_20186,5,0,5,0.0005295208538882434,0
molecola_20186,6,0,6,0.0021884588059037924,0
molecola_20186,7,0,7,0.0170523002743721,0
molecola_20186,8,0,8,0.05046803504228592,0
molecola_20186,9,0,9,0.05834274739027023,0
molecola_20186,10,0,10,0.10172055661678314,0
molecola_20186,11,0,11,0.056857313960790634,0
molecola_20186,12,0,12,0.002759801223874092,0
molecola_20186,13,0,13,0.002141320612281561,0
molecola_20186,14,0,14,0.003022311022505164,0
molecola_20186,15,0,15,0.1430862545967102,0
molecola_20186,16,0,16,0.06138521060347557,0
molecola_20186,17,0,17,0.05295605584979057,0
molecola_20186,18,0,18,0.0515572652220726,0
molecola_20186,19,0,19,0.003003621706739068,0
molecola_20186,20,0,20,0.0022021415643393993,0
molecola_20186,21,0,21,0.0027465273160487413,0
molecola_20186,22,0,22,0.022360950708389282,0
molecola_20186,23,0,23,0.04272831976413727,0
molecola_20186,24,1,24,0.8522487878799438,1
molecola_20186,25,1,25,0.8308089971542358,1
molecola_20734,1,0,1,0.0006836795364506543,0
molecola_20734,2,0,2,0.0012173953000456095,0
molecola_20734,3,0,3,0.011192143894731998,0
molecola_20734,4,0,4,0.0023442083038389683,0
molecola_20734,5,1,5,0.9781233668327332,1
molecola_20734,6,1,6,0.9448078870773315,1
molecola_20734,7,0,7,0.013769244775176048,0
molecola_20734,8,0,8,0.008280281908810139,0
molecola_20734,9,0,9,0.0022034381981939077,0
molecola_20734,10,0,10,0.010365260764956474,0
molecola_20734,11,0,11,0.0014180378057062626,0
molecola_20734,12,0,12,0.0022034381981939077,0
molecola_20734,13,0,13,0.008280281908810139,0
molecola_20965,1,0,1,0.0010177133372053504,0
molecola_20965,2,0,2,0.0019218093948438764,0
molecola_20965,3,0,3,0.001749891904182732,0
molecola_20965,4,0,4,0.001749891904182732,0
molecola_20965,5,0,5,0.002568453084677458,0
molecola_20965,6,0,6,0.007909050211310387,0
molecola_20965,7,0,7,0.002799824345856905,0
molecola_20965,8,0,8,0.0027909891214221716,0
molecola_20965,9,0,9,0.06573304533958435,0
molecola_20965,10,0,10,0.003233296098187566,0
molecola_20965,11,0,11,0.00907784141600132,0
molecola_20965,12,0,12,0.007677294779568911,0
molecola_20965,13,0,13,0.009632169269025326,0
molecola_20965,14,0,14,0.0022009958047419786,0
molecola_20965,15,0,15,0.0023297432344406843,0
molecola_20965,16,0,16,0.0081093218177557,0
molecola_20965,17,0,17,0.007781927473843098,0
molecola_20965,18,0,18,0.0023297432344406843,0
molecola_20965,19,0,19,0.0022009958047419786,0
molecola_20965,20,1,20,0.9379223585128784,1
molecola_20965,21,0,21,0.24161624908447266,0
molecola_20965,22,1,22,0.9379321336746216,1
molecola_21171,1,0,1,0.0005293379072099924,0
molecola_21171,2,0,2,0.0005242569022811949,0
molecola_21171,3,0,3,0.0005386667908169329,0
molecola_21171,4,0,4,0.003249624976888299,0
molecola_21171,5,1,5,0.9537637829780579,1
molecola_21171,6,1,6,0.9501480460166931,1
molecola_21171,7,1,7,0.9302947521209717,1
molecola_21171,8,1,8,0.949357271194458,1
molecola_21171,9,0,9,0.006073436699807644,0
molecola_21171,10,0,10,0.0005479927640408278,0
molecola_21171,11,0,11,0.00029702563188038766,0
molecola_21171,12,0,12,0.00025640972307883203,0
molecola_21171,13,0,13,0.0002388409775448963,0
molecola_21171,14,0,14,0.00025640972307883203,0
molecola_21171,15,0,15,0.00029702563188038766,0
molecola_21171,16,0,16,0.0005479927640408278,0
molecola_21171,17,0,17,0.00029702563188038766,0
molecola_21171,18,0,18,0.00025640972307883203,0
molecola_21171,19,0,19,0.0002388409775448963,0
molecola_21171,20,0,20,0.00025640972307883203,0
molecola_21171,21,0,21,0.00029702563188038766,0
molecola_21276,1,0,1,0.0005771382129751146,0
molecola_21276,2,0,2,0.0006322113331407309,0
molecola_21276,3,0,3,0.0008308538235723972,0
molecola_21276,4,0,4,0.0005249754758551717,0
molecola_21276,5,0,5,0.00035252311499789357,0
molecola_21276,6,0,6,0.00048257943126372993,0
molecola_21276,7,0,7,0.00336284376680851,0
molecola_21276,8,0,8,0.025225946679711342,0
molecola_21276,9,1,9,0.913089394569397,1
molecola_21276,10,1,10,0.8893689513206482,1
molecola_21276,11,1,11,0.9748355150222778,1
molecola_21276,12,1,12,0.9720181226730347,1
molecola_21276,13,1,13,0.8880746960639954,1
molecola_21276,14,1,14,0.8321734666824341,1
molecola_21276,15,0,15,0.011407325975596905,0
molecola_21276,16,0,16,0.0008503355202265084,0
molecola_21276,17,0,17,0.03927568718791008,0
molecola_21276,18,0,18,0.0006194728193804622,0
molecola_21276,19,0,19,0.9304510354995728,1
molecola_21276,20,0,20,0.003974134102463722,0
molecola_21276,21,0,21,0.9178600907325745,1
molecola_21276,22,0,22,0.9177793860435486,1
molecola_21276,23,0,23,0.9337987899780273,1
molecola_21276,24,0,24,0.0021521449089050293,0
molecola_21276,25,0,25,0.0004097901110071689,0
molecola_2165,1,0,1,0.0005900737014599144,0
molecola_2165,2,0,2,0.000744110147934407,0
molecola_2165,3,0,3,0.00038790798862464726,0
molecola_2165,4,0,4,0.00037410788354463875,0
molecola_2165,5,0,5,0.0005862066755071282,0
molecola_2165,6,0,6,0.0018191039562225342,0
molecola_2165,7,0,7,0.00307306251488626,0
molecola_2165,8,0,8,0.0024792500771582127,0
molecola_2165,9,0,9,0.0306590273976326,0
molecola_2165,10,0,10,0.05549126863479614,0
molecola_2165,11,0,11,0.030359575524926186,0
molecola_2165,12,0,12,0.0007367303478531539,0
molecola_2165,13,0,13,0.0004716161056421697,0
molecola_2165,14,0,14,0.0005312581779435277,0
molecola_2165,15,0,15,0.002117905067279935,0
molecola_2165,16,1,16,0.9970730543136597,1
molecola_2165,17,1,17,0.9950944185256958,1
molecola_2165,18,0,18,0.010943731293082237,0
molecola_2165,19,0,19,0.0035101755056530237,0
molecola_2165,20,0,20,0.0024327728897333145,0
molecola_2165,21,0,21,0.0022066368255764246,0
molecola_2165,22,0,22,0.0029375776648521423,0
molecola_2165,23,0,23,0.016810927540063858,0
molecola_21736,1,0,1,0.0030745731201022863,0
molecola_21736,2,0,2,0.003228972665965557,0
molecola_21736,3,0,3,0.0021003205329179764,0
molecola_21736,4,0,4,0.0009130620746873319,0
molecola_21736,5,0,5,0.0005135593237355351,0
molecola_21736,6,0,6,0.00045260117622092366,0
molecola_21736,7,0,7,0.0016842865152284503,0
molecola_21736,8,1,8,0.974470317363739,1
molecola_21736,9,0,9,0.0016842865152284503,0
molecola_21736,10,0,10,0.00045260117622092366,0
molecola_21736,11,0,11,0.0005135593237355351,0
molecola_21736,12,0,12,0.0009203723748214543,0
molecola_21736,13,1,13,0.9702008962631226,1
molecola_21736,14,1,14,0.9712054133415222,1
molecola_21736,15,1,15,0.9668642282485962,1
molecola_21736,16,0,16,0.19668199121952057,0
molecola_21736,17,0,17,0.5011756420135498,1
molecola_21736,18,0,18,0.11179402470588684,0
molecola_21736,19,0,19,0.011071054264903069,0
molecola_21736,20,0,20,0.0035537786316126585,0
molecola_21736,21,0,21,0.0023732720874249935,0
molecola_21736,22,0,22,0.002191477455198765,0
molecola_21736,23,0,23,0.002840678906068206,0
molecola_21736,24,0,24,0.01983506977558136,0
molecola_21765,1,1,1,0.9380028247833252,1
molecola_21765,2,1,2,0.9379885792732239,1
molecola_21765,3,1,3,0.24148871004581451,0
molecola_21765,4,0,4,0.06542767584323883,0
molecola_21765,5,0,5,0.002868804382160306,0
molecola_21765,6,0,6,0.0025457756128162146,0
molecola_21765,7,0,7,0.030288154259324074,0
molecola_21765,8,0,8,0.0025457756128162146,0
molecola_21765,9,0,9,0.002868804382160306,0
molecola_21765,10,0,10,0.015909191220998764,0
molecola_21765,11,0,11,0.009433156810700893,0
molecola_21765,12,0,12,0.010389001108705997,0
molecola_21765,13,0,13,0.013404838740825653,0
molecola_21765,14,0,14,0.019383981823921204,0
molecola_21765,15,0,15,0.01128989364951849,0
molecola_21765,16,0,16,0.0012919724686071277,0
molecola_21765,17,0,17,0.0007400703616440296,0
molecola_21765,18,0,18,0.010595373809337616,0
molecola_21765,19,0,19,0.0017644764157012105,0
molecola_21765,20,0,20,0.0024005132727324963,0
molecola_21765,21,0,21,0.0017771830316632986,0
molecola_21765,22,0,22,0.0024005132727324963,0
molecola_21765,23,0,23,0.0017644764157012105,0
molecola_21873,1,0,1,0.0009494568221271038,0
molecola_21873,2,0,2,0.0014682043110951781,0
molecola_21873,3,0,3,0.0009494568221271038,0
molecola_21873,4,0,4,0.0009494568221271038,0
molecola_21873,5,0,5,0.0017741590272635221,0
molecola_21873,6,0,6,0.001726521528325975,0
molecola_21873,7,0,7,0.001797334523871541,0
molecola_21873,8,0,8,0.0016745467437431216,0
molecola_21873,9,0,9,0.0021612984128296375,0
molecola_21873,10,0,10,0.002290880074724555,0
molecola_21873,11,0,11,0.00202317931689322,0
molecola_21873,12,0,12,0.0016091680154204369,0
molecola_21873,13,0,13,0.0006832756916992366,0
molecola_21873,14,0,14,0.0005166865303181112,0
molecola_21873,15,0,15,0.0007528694695793092,0
molecola_21873,16,0,16,0.0020168167538940907,0
molecola_21873,17,0,17,0.002360955346375704,0
molecola_21873,18,0,18,0.0019225175492465496,0
molecola_21873,19,0,19,0.003301800461485982,0
molecola_21873,20,1,20,0.7717185020446777,1
molecola_21873,21,0,21,0.0023038359358906746,0
molecola_21873,22,0,22,0.0007133567123673856,0
molecola_21873,23,0,23,0.0002815443149302155,0
molecola_21873,24,0,24,0.0002743395743891597,0
molecola_21873,25,0,25,0.0002815443149302155,0
molecola_21873,26,1,26,0.976065456867218,1
molecola_21873,27,1,27,0.9557011723518372,1
molecola_21873,28,1,28,0.8622766137123108,1
molecola_21873,29,0,29,0.008702173829078674,0
molecola_21873,30,0,30,0.004451210144907236,0
molecola_21873,31,0,31,0.0004939775099046528,0
molecola_21873,32,0,32,0.0003999456239398569,0
molecola_21873,33,0,33,0.0003999456239398569,0
molecola_21873,34,0,34,0.0011865829583257437,0
molecola_21873,35,0,35,0.0007140623638406396,0
molecola_21873,36,0,36,0.0007140623638406396,0
molecola_21873,37,0,37,0.0007140623638406396,0
molecola_21914,1,0,1,0.0009584877407178283,0
molecola_21914,2,0,2,0.005832031834870577,0
molecola_21914,3,0,3,0.002153258305042982,0
molecola_21914,4,0,4,0.0023167049512267113,0
molecola_21914,5,0,5,0.020606689155101776,0
molecola_21914,6,0,6,0.0023167049512267113,0
molecola_21914,7,0,7,0.002153258305042982,0
molecola_21914,8,0,8,0.025710882619023323,0
molecola_21914,9,0,9,0.003871556604281068,0
molecola_21914,10,0,10,0.010422743856906891,0
molecola_21914,11,0,11,0.006042520049959421,0
molecola_21914,12,0,12,0.022964464500546455,0
molecola_21914,13,1,13,0.9931802749633789,1
molecola_21914,14,1,14,0.988297164440155,1
molecola_21914,15,0,15,0.004646928980946541,0
molecola_21990,1,0,1,0.00041665072785690427,0
molecola_21990,2,0,2,0.0005378476926125586,0
molecola_21990,3,0,3,0.0008484105346724391,0
molecola_21990,4,0,4,0.0019937350880354643,0
molecola_21990,5,0,5,0.002278548665344715,0
molecola_21990,6,0,6,0.0019334430107846856,0
molecola_21990,7,0,7,0.002222782000899315,0
molecola_21990,8,0,8,0.005636397749185562,0
molecola_21990,9,0,9,0.051223430782556534,0
molecola_21990,10,0,10,0.02688969112932682,0
molecola_21990,11,0,11,0.016282394528388977,0
molecola_21990,12,0,12,0.016282394528388977,0
molecola_21990,13,0,13,0.0014203543541952968,0
molecola_21990,14,0,14,0.005230679642409086,0
molecola_21990,15,0,15,0.00530110253021121,0
molecola_21990,16,0,16,0.024424606934189796,0
molecola_21990,17,0,17,0.009805412963032722,0
molecola_21990,18,0,18,0.0035583709832280874,0
molecola_21990,19,0,19,0.002373697701841593,0
molecola_21990,20,0,20,0.002196761779487133,0
molecola_21990,21,0,21,0.0024745797272771597,0
molecola_21990,22,0,22,0.011452962644398212,0
molecola_21990,23,0,23,0.00042817293433472514,0
molecola_21990,24,0,24,0.0003159181505907327,0
molecola_21990,25,0,25,0.0002956127864308655,0
molecola_21990,26,0,26,0.00036454451037570834,0
molecola_21990,27,0,27,0.0003521653707139194,0
molecola_21990,28,0,28,0.0003046742931474,0
molecola_21990,29,0,29,0.000296962185529992,0
molecola_21990,30,0,30,0.0018785890424624085,0
molecola_21990,31,1,31,0.9760792851448059,1
molecola_21990,32,1,32,0.9802885055541992,1
molecola_21990,33,1,33,0.974706768989563,1
molecola_21990,34,1,34,0.9784314036369324,1
molecola_21990,35,0,35,0.0015690505970269442,0
molecola_21990,36,0,36,0.000379207223886624,0
molecola_21990,37,0,37,0.00037464144406840205,0
molecola_21990,38,0,38,0.00037651995080523193,0
molecola_21990,39,0,39,0.00030077804694883525,0
molecola_21990,40,0,40,0.0003073877014685422,0
molecola_21990,41,0,41,0.00038885121466591954,0
molecola_21990,42,0,42,0.00034862750908359885,0
molecola_22195,1,0,1,0.0009667699923738837,0
molecola_22195,2,0,2,0.002114624483510852,0
molecola_22195,3,0,3,0.0009667699923738837,0
molecola_22195,4,0,4,0.002009435323998332,0
molecola_22195,5,0,5,0.003429926699027419,0
molecola_22195,6,0,6,0.002240672940388322,0
molecola_22195,7,0,7,0.006518814247101545,0
molecola_22195,8,0,8,0.00845527183264494,0
molecola_22195,9,0,9,0.010015659965574741,0
molecola_22195,10,0,10,0.000815601903013885,0
molecola_22195,11,0,11,0.0006190767744556069,0
molecola_22195,12,0,12,0.002179458038881421,0
molecola_22195,13,1,13,0.9970736503601074,1
molecola_22195,14,1,14,0.995094895362854,1
molecola_22195,15,0,15,0.011875626631081104,0
molecola_22195,16,0,16,0.003531243884935975,0
molecola_22195,17,0,17,0.002430201740935445,0
molecola_22195,18,0,18,0.0022252313792705536,0
molecola_22195,19,0,19,0.002780916867777705,0
molecola_22195,20,0,20,0.015034394338726997,0
molecola_22195,21,0,21,0.010690554976463318,0
molecola_22195,22,0,22,0.001837072428315878,0
molecola_22195,23,0,23,0.002396087860688567,0
molecola_22195,24,0,24,0.0017742908094078302,0
molecola_22195,25,0,25,0.002396087860688567,0
molecola_22195,26,0,26,0.001837072428315878,0
molecola_22320,1,0,1,0.0012434959644451737,0
molecola_22320,2,0,2,0.0068783387541770935,0
molecola_22320,3,0,3,0.0018826795276254416,0
molecola_22320,4,0,4,0.0021958944853395224,0
molecola_22320,5,0,5,0.0022983262315392494,0
molecola_22320,6,0,6,0.0035385836381465197,0
molecola_22320,7,0,7,0.011565189808607101,0
molecola_22320,8,0,8,0.015419990755617619,0
molecola_22320,9,0,9,0.0032054134644567966,0
molecola_22320,10,0,10,0.0014867738354951143,0
molecola_22320,11,0,11,0.009129941463470459,0
molecola_22320,12,0,12,0.0038692676462233067,0
molecola_22320,13,0,13,0.007712817285209894,0
molecola_22320,14,0,14,0.01675611548125744,0
molecola_22320,15,1,15,0.9962841868400574,1
molecola_22320,16,1,16,0.9934252500534058,1
molecola_22320,17,0,17,0.018216527998447418,0
molecola_22320,18,0,18,0.01106336060911417,0
molecola_22320,19,0,19,0.0042135827243328094,0
molecola_22320,20,0,20,0.002090650610625744,0
molecola_22320,21,0,21,0.011005435138940811,0
molecola_22320,22,0,22,0.001424390822649002,0
molecola_22320,23,0,23,0.0037540725897997618,0
molecola_22320,24,0,24,0.012781430967152119,0
molecola_22457,1,0,1,0.0006230310536921024,0
molecola_22457,2,0,2,0.0014865573029965162,0
molecola_22457,3,0,3,0.007967962883412838,0
molecola_22457,4,0,4,0.003051280975341797,0
molecola_22457,5,0,5,0.001906887860968709,0
molecola_22457,6,0,6,0.024195391684770584,0
molecola_22457,7,1,7,0.9703086018562317,1
molecola_22457,8,1,8,0.9743057489395142,1
molecola_22457,9,1,9,0.9522945880889893,1
molecola_22457,10,1,10,0.9323360919952393,1
molecola_22457,11,0,11,0.012571055442094803,0
molecola_22457,12,0,12,0.005543241742998362,0
molecola_22457,13,0,13,0.006677702534943819,0
molecola_22457,14,0,14,0.006516257766634226,0
molecola_22457,15,0,15,0.0028440493624657393,0
molecola_22457,16,0,16,0.0023425729013979435,0
molecola_22457,17,0,17,0.0018958784639835358,0
molecola_22457,18,0,18,0.0015404813457280397,0
molecola_22457,19,0,19,0.007130112498998642,0
molecola_22457,20,0,20,0.0019417678704485297,0
molecola_22457,21,0,21,0.002317942911759019,0
molecola_22457,22,0,22,0.010588327422738075,0
molecola_22457,23,0,23,0.002317942911759019,0
molecola_22457,24,0,24,0.0019417678704485297,0
molecola_22457,25,0,25,0.0029400617349892855,0
molecola_22457,26,0,26,0.0026708953082561493,0
molecola_22457,27,0,27,0.0026708953082561493,0
molecola_22457,28,0,28,0.0026708953082561493,0
molecola_22807,1,0,1,0.0012340646935626864,0
molecola_22807,2,0,2,0.005721888039261103,0
molecola_22807,3,0,3,0.006918362341821194,0
molecola_22807,4,0,4,0.001193030970171094,0
molecola_22807,5,0,5,0.0016335370019078255,0
molecola_22807,6,0,6,0.02176947519183159,0
molecola_22807,7,0,7,0.003024043282493949,0
molecola_22807,8,0,8,0.009808491915464401,0
molecola_22807,9,0,9,0.005118942819535732,0
molecola_22807,10,0,10,0.06279885768890381,0
molecola_22807,11,0,11,0.025392578914761543,0
molecola_22807,12,0,12,0.9568859934806824,1
molecola_22807,13,0,13,0.9490975141525269,1
molecola_22807,14,0,14,0.4845943748950958,0
molecola_22807,15,0,15,0.402129203081131,0
molecola_22807,16,0,16,0.08725254982709885,0
molecola_22807,17,0,17,0.09313812106847763,0
molecola_22807,18,0,18,0.001990540185943246,0
molecola_22807,19,0,19,0.0024062686134129763,0
molecola_22807,20,0,20,0.0017756593879312277,0
molecola_22807,21,0,21,0.0024062686134129763,0
molecola_22807,22,0,22,0.001990540185943246,0
molecola_22807,23,0,23,0.0012802783166989684,0
molecola_22807,24,0,24,0.0004392228147480637,0
molecola_22807,25,0,25,0.00035790159017778933,0
molecola_22807,26,0,26,0.0003070499806199223,0
molecola_22807,27,0,27,0.00035790159017778933,0
molecola_22807,28,0,28,0.0004392228147480637,0
molecola_22807,29,0,29,0.003872730303555727,0
molecola_22807,30,0,30,0.0059520285576581955,0
molecola_22807,31,0,31,0.024001745507121086,0
molecola_22807,32,1,32,0.9445205330848694,1
molecola_22807,33,0,33,0.22646811604499817,0
molecola_22807,34,1,34,0.9445434808731079,1
molecola_23246,1,0,1,0.001594848232343793,0
molecola_23246,2,0,2,0.0018082493916153908,0
molecola_23246,3,0,3,0.0017856148770079017,0
molecola_23246,4,0,4,0.0025671194307506084,0
molecola_23246,5,0,5,0.0035605288576334715,0
molecola_23246,6,0,6,0.4238770306110382,0
molecola_23246,7,0,7,0.9300501942634583,1
molecola_23246,8,0,8,0.9254698753356934,1
molecola_23246,9,0,9,0.19655711948871613,0
molecola_23246,10,0,10,0.002631553914397955,0
molecola_23246,11,0,11,0.0021993564441800117,0
molecola_23246,12,0,12,0.0027487617917358875,0
molecola_23246,13,0,13,0.021033819764852524,0
molecola_23246,14,0,14,0.0414322093129158,0
molecola_23246,15,1,15,0.9697719812393188,1
molecola_23246,16,1,16,0.9502455592155457,1
molecola_23309,1,0,1,0.0021818869281560183,0
molecola_23309,2,0,2,0.009909837506711483,0
molecola_23309,3,0,3,0.0020949726458638906,0
molecola_23309,4,0,4,0.002918644342571497,0
molecola_23309,5,0,5,0.0020949726458638906,0
molecola_23309,6,0,6,0.009909837506711483,0
molecola_23309,7,0,7,0.0021818869281560183,0
molecola_23309,8,0,8,0.03049103543162346,0
molecola_23309,9,1,9,0.9749354720115662,1
molecola_23309,10,1,10,0.9698972105979919,1
molecola_23579,1,0,1,0.002271973993629217,0
molecola_23579,2,0,2,0.0022463526111096144,0
molecola_23579,3,0,3,0.0021462535951286554,0
molecola_23579,4,0,4,0.00380465155467391,0
molecola_23579,5,0,5,0.9426074624061584,1
molecola_23579,6,0,6,0.9063200354576111,1
molecola_23579,7,0,7,0.8917901515960693,1
molecola_23579,8,0,8,0.9237964749336243,1
molecola_23579,9,0,9,0.00623320834711194,0
molecola_23579,10,0,10,0.0027539872098714113,0
molecola_23579,11,0,11,0.0005648260121233761,0
molecola_23579,12,0,12,0.00041864439845085144,0
molecola_23579,13,0,13,0.0003578981850296259,0
molecola_23579,14,0,14,0.0003048067737836391,0
molecola_23579,15,0,15,0.00030566638452000916,0
molecola_23579,16,0,16,0.0019235775107517838,0
molecola_23579,17,1,17,0.9761354327201843,1
molecola_23579,18,1,18,0.9802865386009216,1
molecola_23579,19,1,19,0.9746915698051453,1
molecola_23579,20,1,20,0.9785459041595459,1
molecola_23579,21,0,21,0.0018729852745309472,0
molecola_23579,22,0,22,0.0003959487075917423,0
molecola_23579,23,0,23,0.00037699207314290106,0
molecola_23579,24,0,24,0.0003077301662415266,0
molecola_23579,25,0,25,0.00033736712066456676,0
molecola_23579,26,0,26,0.001518125762231648,0
molecola_23579,27,0,27,0.00042064819717779756,0
molecola_23636,1,0,1,0.00032258746796287596,0
molecola_23636,2,0,2,0.0003793507639784366,0
molecola_23636,3,0,3,0.0003708078875206411,0
molecola_23636,4,0,4,0.0003695228660944849,0
molecola_23636,5,0,5,0.0003657465276774019,0
molecola_23636,6,0,6,0.0003663701645564288,0
molecola_23636,7,0,7,0.00042105981265194714,0
molecola_23636,8,0,8,0.0006466040504164994,0
molecola_23636,9,0,9,0.010260120034217834,0
molecola_23636,10,0,10,0.0020714111160486937,0
molecola_23636,11,0,11,0.0021205339580774307,0
molecola_23636,12,0,12,0.006469859275966883,0
molecola_23636,13,0,13,0.0025279063265770674,0
molecola_23636,14,1,14,0.9881368279457092,1
molecola_23636,15,1,15,0.9880210757255554,1
molecola_23636,16,1,16,0.9800562262535095,1
molecola_23636,17,1,17,0.9866234660148621,1
molecola_23636,18,0,18,0.013873293064534664,0
molecola_23636,19,0,19,0.0961204245686531,0
molecola_23636,20,0,20,0.03429529070854187,0
molecola_23636,21,0,21,0.007980361580848694,0
molecola_23636,22,0,22,0.006689402740448713,0
molecola_23636,23,0,23,0.0018000921700149775,0
molecola_23636,24,0,24,0.03536307066679001,0
molecola_23636,25,0,25,0.021815426647663116,0
molecola_23636,26,0,26,0.013840654864907265,0
molecola_23636,27,0,27,0.013840654864907265,0
molecola_23636,28,0,28,0.9425219297409058,1
molecola_23636,29,0,29,0.8590574860572815,1
molecola_23636,30,0,30,0.09544838964939117,0
molecola_23636,31,0,31,0.010183601640164852,0
molecola_23636,32,0,32,0.010183601640164852,0
molecola_23636,33,0,33,0.0021205339580774307,0
molecola_23636,34,0,34,0.0020714111160486937,0
molecola_23837,1,0,1,0.0010048279073089361,0
molecola_23837,2,0,2,0.0015421381685882807,0
molecola_23837,3,0,3,0.001557447132654488,0
molecola_23837,4,0,4,0.0018848464824259281,0
molecola_23837,5,0,5,0.0016593324253335595,0
molecola_23837,6,0,6,0.0007995981140993536,0
molecola_23837,7,0,7,0.0008303468348458409,0
molecola_23837,8,0,8,0.0017669592052698135,0
molecola_23837,9,0,9,0.0011437387438490987,0
molecola_23837,10,0,10,0.0005923499120399356,0
molecola_23837,11,0,11,0.0004365496861282736,0
molecola_23837,12,0,12,0.00030262814834713936,0
molecola_23837,13,0,13,0.0004375239077489823,0
molecola_23837,14,0,14,0.0008820216171443462,0
molecola_23837,15,0,15,0.0009779278188943863,0
molecola_23837,16,0,16,0.0013808668591082096,0
molecola_23837,17,1,17,0.9833889007568359,1
molecola_23837,18,1,18,0.9863283038139343,1
molecola_23837,19,1,19,0.9816257953643799,1
molecola_23837,20,1,20,0.9825763702392578,1
molecola_23837,21,0,21,0.0020628131460398436,0
molecola_23837,22,0,22,0.0019777570851147175,0
molecola_23837,23,0,23,0.0024250296410173178,0
molecola_23837,24,0,24,0.008900457061827183,0
molecola_23837,25,0,25,0.001975125400349498,0
molecola_23837,26,0,26,0.002270293654873967,0
molecola_23837,27,0,27,0.004453399684280157,0
molecola_23837,28,0,28,0.0017925422871485353,0
molecola_23837,29,0,29,0.005028771702200174,0
molecola_23837,30,0,30,0.0018345314310863614,0
molecola_23837,31,0,31,0.002113127848133445,0
molecola_23886,1,0,1,0.0006925043999217451,0
molecola_23886,2,0,2,0.0013766924384981394,0
molecola_23886,3,0,3,0.006543956696987152,0
molecola_23886,4,0,4,0.002081820275634527,0
molecola_23886,5,0,5,0.0022495987359434366,0
molecola_23886,6,0,6,0.009030856192111969,0
molecola_23886,7,0,7,0.002666536020115018,0
molecola_23886,8,0,8,0.001748814363963902,0
molecola_23886,9,0,9,0.001989230513572693,0
molecola_23886,10,0,10,0.002668453846126795,0
molecola_23886,11,0,11,0.0768011063337326,0
molecola_23886,12,0,12,0.05511469393968582,0
molecola_23886,13,0,13,0.030789107084274292,0
molecola_23886,14,0,14,0.030789107084274292,0
molecola_23886,15,0,15,0.0014739290345460176,0
molecola_23886,16,0,16,0.0074823759496212006,0
molecola_23886,17,0,17,0.0019258828833699226,0
molecola_23886,18,0,18,0.002124031074345112,0
molecola_23886,19,0,19,0.0065497965551912785,0
molecola_23886,20,0,20,0.0015097168507054448,0
molecola_23886,21,0,21,0.0006854103412479162,0
molecola_23886,22,0,22,0.0013994122855365276,0
molecola_23886,23,1,23,0.9101758003234863,1
molecola_23886,24,0,24,0.0030319688376039267,0
molecola_23886,25,0,25,0.00352898589335382,0
molecola_23886,26,0,26,0.0023736704606562853,0
molecola_23886,27,0,27,0.008617176674306393,0
molecola_23886,28,0,28,0.004974029026925564,0
molecola_23886,29,0,29,0.0026248253416270018,0
molecola_23886,30,0,30,0.0017654417315497994,0
molecola_23886,31,0,31,0.0026248253416270018,0
molecola_23886,32,0,32,0.004974029026925564,0
molecola_23886,33,1,33,0.9760475158691406,1
molecola_23886,34,1,34,0.9645935297012329,1
molecola_23886,35,1,35,0.966884195804596,1
molecola_23886,36,0,36,0.002124031074345112,0
molecola_23886,37,0,37,0.0019258828833699226,0
molecola_23886,38,0,38,0.0022495987359434366,0
molecola_23886,39,0,39,0.002081820275634527,0
molecola_24149,1,0,1,0.00046975031727924943,0
molecola_24149,2,0,2,0.0008230216917581856,0
molecola_24149,3,0,3,0.001772164599969983,0
molecola_24149,4,0,4,0.0023890361189842224,0
molecola_24149,5,0,5,0.0023347449023276567,0
molecola_24149,6,0,6,0.0036651603877544403,0
molecola_24149,7,0,7,0.0009377496317028999,0
molecola_24149,8,0,8,0.00035415549064055085,0
molecola_24149,9,0,9,0.0004709848726633936,0
molecola_24149,10,0,10,0.000905164866708219,0
molecola_24149,11,0,11,0.04251421242952347,0
molecola_24149,12,0,12,0.780826210975647,1
molecola_24149,13,0,13,0.5757221579551697,1
molecola_24149,14,1,14,0.965872585773468,1
molecola_24149,15,1,15,0.9634392857551575,1
molecola_24149,16,0,16,0.20859786868095398,0
molecola_24149,17,0,17,0.0025891747791320086,0
molecola_24149,18,0,18,0.0022001643665134907,0
molecola_24149,19,0,19,0.010446599684655666,0
molecola_24149,20,0,20,0.0014180445577949286,0
molecola_24149,21,0,21,0.002200165530666709,0
molecola_24149,22,0,22,0.0025891747791320086,0
molecola_24149,23,0,23,0.00035415549064055085,0
molecola_24149,24,0,24,0.0009377496317028999,0
molecola_24211,1,0,1,0.0032152447383850813,0
molecola_24211,2,1,2,0.936949610710144,1
molecola_24211,3,1,3,0.9234058260917664,1
molecola_24211,4,1,4,0.8998331427574158,1
molecola_24211,5,1,5,0.9325655698776245,1
molecola_24211,6,0,6,0.016702823340892792,0
molecola_24211,7,0,7,0.0042345402762293816,0
molecola_24211,8,0,8,0.0020152300130575895,0
molecola_24211,9,0,9,0.0014504643622785807,0
molecola_24211,10,0,10,0.000918400997761637,0
molecola_24211,11,0,11,0.000918400997761637,0
molecola_24211,12,0,12,0.046431295573711395,0
molecola_24211,13,0,13,0.001941997092217207,0
molecola_24211,14,0,14,0.0023892680183053017,0
molecola_24211,15,0,15,0.0017742299241945148,0
molecola_24211,16,0,16,0.0023892680183053017,0
molecola_24211,17,0,17,0.001941997092217207,0
molecola_24211,18,0,18,0.046431295573711395,0
molecola_24211,19,0,19,0.001941997092217207,0
molecola_24211,20,0,20,0.0023892680183053017,0
molecola_24211,21,0,21,0.0017742299241945148,0
molecola_24211,22,0,22,0.0023892680183053017,0
molecola_24211,23,0,23,0.001941997092217207,0
molecola_24294,1,1,1,0.42816653847694397,0
molecola_24294,2,1,2,0.4951651096343994,0
molecola_24294,3,1,3,0.8078998923301697,1
molecola_24294,4,1,4,0.715042769908905,1
molecola_24294,5,0,5,0.10707016289234161,0
molecola_24294,6,0,6,0.002966223983094096,0
molecola_24294,7,0,7,0.0021634253207594156,0
molecola_24294,8,0,8,0.0027086485642939806,0
molecola_24294,9,0,9,0.044191014021635056,0
molecola_24294,10,0,10,0.11831329762935638,0
molecola_24294,11,1,11,0.2639584541320801,0
molecola_24294,12,1,12,0.3826981782913208,0
molecola_24294,13,0,13,0.11657706648111343,0
molecola_24294,14,0,14,0.05654584616422653,0
molecola_24294,15,0,15,0.002596676116809249,0
molecola_24294,16,0,16,0.012813515961170197,0
molecola_24294,17,0,17,0.0019372276728972793,0
molecola_24294,18,0,18,0.003788451198488474,0
molecola_24294,19,0,19,0.04033377394080162,0
molecola_24294,20,0,20,0.09994091838598251,0
molecola_24294,21,0,21,0.0797307938337326,0
molecola_24294,22,0,22,0.08406253159046173,0
molecola_24422,1,0,1,0.0009218480554409325,0
molecola_24422,2,0,2,0.0016104800160974264,0
molecola_24422,3,0,3,0.002470027655363083,0
molecola_24422,4,0,4,0.0006217343616299331,0
molecola_24422,5,0,5,0.0003799062978941947,0
molecola_24422,6,0,6,0.0005464264540933073,0
molecola_24422,7,0,7,0.0032660241704434156,0
molecola_24422,8,0,8,0.0005375806358642876,0
molecola_24422,9,0,9,0.00035261790617369115,0
molecola_24422,10,0,10,0.00043234843178652227,0
molecola_24422,11,0,11,0.00038435638998635113,0
molecola_24422,12,0,12,0.0004333228280302137,0
molecola_24422,13,0,13,0.0003242302336730063,0
molecola_24422,14,0,14,0.0003283265687059611,0
molecola_24422,15,0,15,0.00047297030687332153,0
molecola_24422,16,0,16,0.0004208974714856595,0
molecola_24422,17,0,17,0.00038558547385036945,0
molecola_24422,18,0,18,0.00030568736838176847,0
molecola_24422,19,0,19,0.00027628798852674663,0
molecola_24422,20,0,20,0.0002985481987707317,0
molecola_24422,21,0,21,0.00044546800199896097,0
molecola_24422,22,0,22,0.0003751759650185704,0
molecola_24422,23,0,23,0.0003751759650185704,0
molecola_24422,24,0,24,0.00045747047988697886,0
molecola_24422,25,0,25,0.0003369476762600243,0
molecola_24422,26,0,26,0.00035314439446665347,0
molecola_24422,27,0,27,0.00044849811820313334,0
molecola_24422,28,0,28,0.0004114019393455237,0
molecola_24422,29,0,29,0.0007148957811295986,0
molecola_24422,30,1,30,0.9808084964752197,1
molecola_24422,31,1,31,0.9764924049377441,1
molecola_24544,1,1,1,0.923995316028595,1
molecola_24544,2,1,2,0.9205004572868347,1
molecola_24544,3,0,3,0.2504557967185974,0
molecola_24544,4,0,4,0.04123207554221153,0
molecola_24544,5,0,5,0.0036746207624673843,0
molecola_24544,6,0,6,0.002507181139662862,0
molecola_24544,7,0,7,0.0026695074047893286,0
molecola_24544,8,0,8,0.006773991044610739,0
molecola_24544,9,0,9,0.009503820911049843,0
molecola_24544,10,0,10,0.00795111432671547,0
molecola_24544,11,0,11,0.006386109162122011,0
molecola_24544,12,0,12,0.002343903761357069,0
molecola_24544,13,0,13,0.002201317111030221,0
molecola_24544,14,0,14,0.002175288973376155,0
molecola_24544,15,0,15,0.001765035092830658,0
molecola_24544,16,0,16,0.005054954439401627,0
molecola_24544,17,0,17,0.0011640149168670177,0
molecola_24562,1,0,1,0.0004211109771858901,0
molecola_24562,2,0,2,0.0018967847572639585,0
molecola_24562,3,0,3,0.000424373138230294,0
molecola_24562,4,0,4,0.0005426587886177003,0
molecola_24562,5,0,5,0.0032397182658314705,0
molecola_24562,6,0,6,0.0003764004213735461,0
molecola_24562,7,0,7,0.00029160850681364536,0
molecola_24562,8,0,8,0.000764222873840481,0
molecola_24562,9,0,9,0.011392999440431595,0
molecola_24562,10,1,10,0.8249162435531616,1
molecola_24562,11,1,11,0.8387625813484192,1
molecola_24562,12,0,12,0.8995710611343384,1
molecola_24562,13,0,13,0.8915058374404907,1
molecola_24562,14,0,14,0.007024961523711681,0
molecola_24562,15,0,15,0.0004857691819779575,0
molecola_24562,16,0,16,0.9295313954353333,1
molecola_24562,17,0,17,0.004077764227986336,0
molecola_24562,18,0,18,0.9177324771881104,1
molecola_24562,19,0,19,0.9176525473594666,1
molecola_24562,20,0,20,0.9335998892784119,1
molecola_24562,21,0,21,0.002656546887010336,0
molecola_24562,22,0,22,0.0004308169591240585,0
molecola_24562,23,0,23,0.9487124085426331,1
molecola_24562,24,0,24,0.0019831727258861065,0
molecola_24562,25,0,25,0.9308419227600098,1
molecola_24562,26,0,26,0.9135503768920898,1
molecola_24562,27,0,27,0.9614158272743225,1
molecola_24562,28,0,28,0.0028914802242070436,0
molecola_24584,1,0,1,0.014865660108625889,0
molecola_24584,2,0,2,0.02328598126769066,0
molecola_24584,3,0,3,0.015937285497784615,0
molecola_24584,4,0,4,0.011668347753584385,0
molecola_24584,5,0,5,0.011668347753584385,0
molecola_24584,6,0,6,0.013972992077469826,0
molecola_24584,7,0,7,0.0034915111027657986,0
molecola_24584,8,0,8,0.0020318059250712395,0
molecola_24584,9,0,9,0.011199618689715862,0
molecola_24584,10,0,10,0.002256798092275858,0
molecola_24584,11,1,11,0.963801920413971,1
molecola_24584,12,0,12,0.001923730131238699,0
molecola_24584,13,0,13,0.0019055631710216403,0
molecola_24584,14,1,14,0.9637990593910217,1
molecola_24584,15,1,15,0.9557777643203735,1
molecola_24584,16,1,16,0.9514901041984558,1
molecola_24584,17,0,17,0.0020695046987384558,0
molecola_24584,18,0,18,0.007123087998479605,0
molecola_24584,19,0,19,0.0012106195790693164,0
molecola_24609,1,0,1,0.0006120676407590508,0
molecola_24609,2,0,2,0.0009775469079613686,0
molecola_24609,3,0,3,0.0009408649639226496,0
molecola_24609,4,0,4,0.0012424456654116511,0
molecola_24609,5,0,5,0.01929488033056259,0
molecola_24609,6,1,6,0.9579064249992371,1
molecola_24609,7,1,7,0.9053444266319275,1
molecola_24609,8,0,8,0.051623765379190445,0
molecola_24609,9,0,9,0.41174590587615967,0
molecola_24609,10,0,10,0.03527304157614708,0
molecola_24609,11,0,11,0.004169644322246313,0
molecola_24609,12,0,12,0.010230557061731815,0
molecola_24855,1,0,1,0.0009968802332878113,0
molecola_24855,2,0,2,0.0019100040663033724,0
molecola_24855,3,0,3,0.0017374427989125252,0
molecola_24855,4,0,4,0.0017374427989125252,0
molecola_24855,5,0,5,0.0026090529281646013,0
molecola_24855,6,0,6,0.07590600103139877,0
molecola_24855,7,1,7,0.9415361881256104,1
molecola_24855,8,1,8,0.9428977966308594,1
molecola_24855,9,1,9,0.8959308862686157,1
molecola_24855,10,1,10,0.8321685194969177,1
molecola_24855,11,1,11,0.9765749573707581,1
molecola_24855,12,1,12,0.979740560054779,1
molecola_24855,13,0,13,0.01880296692252159,0
molecola_24855,14,0,14,0.01105699222534895,0
molecola_24855,15,0,15,0.0019930994603782892,0
molecola_24855,16,0,16,0.0023091270122677088,0
molecola_24855,17,0,17,0.0017501208931207657,0
molecola_24855,18,0,18,0.0023091270122677088,0
molecola_24855,19,0,19,0.0019930994603782892,0
molecola_25124,1,0,1,0.014265329577028751,0
molecola_25124,2,1,2,0.9899206161499023,1
molecola_25124,3,1,3,0.976099967956543,1
molecola_25124,4,0,4,0.015041159465909004,0
molecola_25124,5,0,5,0.0009205999667756259,0
molecola_25124,6,0,6,0.0005666750366799533,0
molecola_25124,7,0,7,0.001005983562208712,0
molecola_25124,8,0,8,0.0025885431095957756,0
molecola_25124,9,0,9,0.0045876274816691875,0
molecola_25124,10,0,10,0.007139340974390507,0
molecola_25266,1,1,1,0.9950491786003113,1
molecola_25266,2,1,2,0.9970690608024597,1
molecola_25266,3,0,3,0.0037171586882323027,0
molecola_25266,4,0,4,0.002754822839051485,0
molecola_25266,5,0,5,0.009498190134763718,0
molecola_25266,6,0,6,0.012660126201808453,0
molecola_25266,7,0,7,0.01830221898853779,0
molecola_25266,8,0,8,0.013707909733057022,0
molecola_25266,9,0,9,0.017539868131279945,0
molecola_25266,10,0,10,0.004228974226862192,0
molecola_25266,11,0,11,0.0023985395673662424,0
molecola_25266,12,0,12,0.0024068146012723446,0
molecola_25266,13,0,13,0.0037330908235162497,0
molecola_25266,14,0,14,0.01679777167737484,0
molecola_25286,1,1,1,0.9758224487304688,1
molecola_25286,2,1,2,0.9809972047805786,1
molecola_25286,3,0,3,0.026057612150907516,0
molecola_25286,4,0,4,0.0045965989120304585,0
molecola_25286,5,0,5,0.003956444561481476,0
molecola_25286,6,0,6,0.012049124576151371,0
molecola_25286,7,0,7,0.011736544780433178,0
molecola_25286,8,0,8,0.0058080586604774,0
molecola_25286,9,0,9,0.006707537919282913,0
molecola_25286,10,0,10,0.0021944488398730755,0
molecola_25286,11,0,11,0.000760318071115762,0
molecola_25286,12,0,12,0.0008166093030013144,0
molecola_25286,13,0,13,0.017246704548597336,0
molecola_25361,1,0,1,0.0006569777615368366,0
molecola_25361,2,0,2,0.0015056101838126779,0
molecola_25361,3,0,3,0.0056836106814444065,0
molecola_25361,4,0,4,0.005925308912992477,0
molecola_25361,5,0,5,0.0035503371618688107,0
molecola_25361,6,1,6,0.9970815777778625,1
molecola_25361,7,1,7,0.9956642985343933,1
molecola_25361,8,0,8,0.006183096673339605,0
molecola_25361,9,0,9,0.008909623138606548,0
molecola_25361,10,0,10,0.004178924951702356,0
molecola_25361,11,0,11,0.01182039175182581,0
molecola_25361,12,0,12,0.01939527876675129,0
molecola_25361,13,0,13,0.24065308272838593,0
molecola_25361,14,0,14,0.14270725846290588,0
molecola_25361,15,0,15,0.8810765147209167,1
molecola_25361,16,0,16,0.862648069858551,1
molecola_25361,17,0,17,0.021339397877454758,0
molecola_25888,1,0,1,0.00837186723947525,0
molecola_25888,2,0,2,0.00548998499289155,0
molecola_25888,3,0,3,0.0027718208730220795,0
molecola_25888,4,0,4,0.0021056882105767727,0
molecola_25888,5,0,5,0.007409159559756517,0
molecola_25888,6,0,6,0.0021467970218509436,0
molecola_25888,7,0,7,0.005034130532294512,0
molecola_25888,8,0,8,0.003491086419671774,0
molecola_25888,9,1,9,0.9971606731414795,1
molecola_25888,10,1,10,0.9955753087997437,1
molecola_25888,11,0,11,0.002640792401507497,0
molecola_25888,12,0,12,0.0020288454834371805,0
molecola_25888,13,0,13,0.0020288454834371805,0
molecola_25888,14,0,14,0.0019635658245533705,0
molecola_25888,15,0,15,0.0019263733411207795,0
molecola_25888,16,0,16,0.001893955864943564,0
molecola_25888,17,0,17,0.0025459839962422848,0
molecola_25888,18,0,18,0.00933560449630022,0
molecola_25888,19,0,19,0.002264295006170869,0
molecola_25888,20,0,20,0.0021937182173132896,0
molecola_25888,21,0,21,0.004456051625311375,0
molecola_25888,22,0,22,0.0017926439177244902,0
molecola_25888,23,0,23,0.004921842832118273,0
molecola_25888,24,0,24,0.0018382128328084946,0
molecola_25888,25,0,25,0.0023122301790863276,0
molecola_2591,1,0,1,0.0005954084917902946,0
molecola_2591,2,0,2,0.0011519487015902996,0
molecola_2591,3,0,3,0.004614217206835747,0
molecola_2591,4,0,4,0.006065677851438522,0
molecola_2591,5,0,5,0.013315954245626926,0
molecola_2591,6,0,6,0.008822351694107056,0
molecola_2591,7,0,7,0.002469555474817753,0
molecola_2591,8,0,8,0.0046589914709329605,0
molecola_2591,9,0,9,0.001319963950663805,0
molecola_2591,10,0,10,0.0005493001081049442,0
molecola_2591,11,0,11,0.0004815372230950743,0
molecola_2591,12,0,12,0.000384121056413278,0
molecola_2591,13,0,13,0.00047195289516821504,0
molecola_2591,14,0,14,0.0003268979489803314,0
molecola_2591,15,0,15,0.00037732807686552405,0
molecola_2591,16,0,16,0.00100033194757998,0
molecola_2591,17,0,17,0.00037732807686552405,0
molecola_2591,18,0,18,0.0003268979489803314,0
molecola_2591,19,0,19,0.006116731557995081,0
molecola_2591,20,0,20,0.007027843035757542,0
molecola_2591,21,0,21,0.008794811554253101,0
molecola_2591,22,0,22,0.007752822246402502,0
molecola_2591,23,0,23,0.0030131053645163774,0
molecola_2591,24,0,24,0.006202747114002705,0
molecola_2591,25,0,25,0.0009575868025422096,0
molecola_2591,26,0,26,0.001970943296328187,0
molecola_2591,27,0,27,0.00257554417476058,0
molecola_2591,28,0,28,0.010190678760409355,0
molecola_2591,29,1,29,0.9643067717552185,1
molecola_2591,30,1,30,0.9204837679862976,1
molecola_2591,31,0,31,0.47388318181037903,0
molecola_27065,1,0,1,0.7140750288963318,1
molecola_27065,2,1,2,0.958721935749054,1
molecola_27065,3,0,3,0.7140750288963318,1
molecola_27065,4,1,4,0.9653173685073853,1
molecola_27065,5,1,5,0.8828758597373962,1
molecola_27065,6,1,6,0.9387528300285339,1
molecola_27065,7,0,7,0.006489573046565056,0
molecola_27065,8,0,8,0.0033105136826634407,0
molecola_27065,9,0,9,0.010082269087433815,0
molecola_27065,10,0,10,0.009246772155165672,0
molecola_27065,11,0,11,0.0028786752372980118,0
molecola_27065,12,0,12,0.002298658713698387,0
molecola_27065,13,0,13,0.002198674250394106,0
molecola_27065,14,0,14,0.002355248900130391,0
molecola_27065,15,0,15,0.009694142267107964,0
molecola_2712,1,0,1,0.008310322649776936,0
molecola_2712,2,0,2,0.006891986820846796,0
molecola_2712,3,0,3,0.002399521181359887,0
molecola_2712,4,0,4,0.0027566428761929274,0
molecola_2712,5,0,5,0.007434109225869179,0
molecola_2712,6,0,6,0.0038258079439401627,0
molecola_2712,7,0,7,0.00737083051353693,0
molecola_2712,8,0,8,0.0030617774464190006,0
molecola_2712,9,0,9,0.006203125696629286,0
molecola_2712,10,1,10,0.9981964230537415,1
molecola_2712,11,1,11,0.9961841702461243,1
molecola_2712,12,0,12,0.004253292456269264,0
molecola_2712,13,0,13,0.0028724500443786383,0
molecola_2712,14,0,14,0.009226960130035877,0
molecola_2712,15,0,15,0.006346446927636862,0
molecola_2712,16,0,16,0.007287380285561085,0
molecola_2712,17,0,17,0.0020582498982548714,0
molecola_2712,18,0,18,0.006988318637013435,0
molecola_2712,19,0,19,0.010923446156084538,0
molecola_2712,20,0,20,0.007287380285561085,0
molecola_2712,21,0,21,0.0020582498982548714,0
molecola_2712,22,0,22,0.006346446927636862,0
molecola_27126,1,0,1,0.0005238301237113774,0
molecola_27126,2,0,2,0.0007890704437159002,0
molecola_27126,3,0,3,0.0020922229159623384,0
molecola_27126,4,0,4,0.0025009114760905504,0
molecola_27126,5,0,5,0.0058010960929095745,0
molecola_27126,6,0,6,0.00267051812261343,0
molecola_27126,7,0,7,0.010793331079185009,0
molecola_27126,8,0,8,0.0021301829256117344,0
molecola_27126,9,0,9,0.002186259487643838,0
molecola_27126,10,0,10,0.0050921980291605,0
molecola_27126,11,0,11,0.001149122603237629,0
molecola_27126,12,0,12,0.002936537144705653,0
molecola_27126,13,0,13,0.002664753468707204,0
molecola_27126,14,0,14,0.002664753468707204,0
molecola_27126,15,0,15,0.002664753468707204,0
molecola_27126,16,0,16,0.009701336733996868,0
molecola_27126,17,0,17,0.004390072543174028,0
molecola_27126,18,0,18,0.00789971649646759,0
molecola_27126,19,0,19,0.005540755577385426,0
molecola_27126,20,0,20,0.0042186095379292965,0
molecola_27126,21,0,21,0.006812785752117634,0
molecola_27126,22,0,22,0.004304097965359688,0
molecola_27126,23,0,23,0.001875117071904242,0
molecola_27126,24,0,24,0.0007578492513857782,0
molecola_27126,25,0,25,0.0006171918357722461,0
molecola_27126,26,0,26,0.0005129451164975762,0
molecola_27126,27,0,27,0.0035454907920211554,0
molecola_27126,28,1,28,0.9983088970184326,1
molecola_27126,29,1,29,0.9963617920875549,1
molecola_27475,1,0,1,0.0006376878591254354,0
molecola_27475,2,0,2,0.0026270521339029074,0
molecola_27475,3,1,3,0.9964134097099304,1
molecola_27475,4,1,4,0.9942238926887512,1
molecola_27479,1,0,1,0.00032258746796287596,0
molecola_27479,2,0,2,0.0003793507639784366,0
molecola_27479,3,0,3,0.0003708078875206411,0
molecola_27479,4,0,4,0.0003695584600791335,0
molecola_27479,5,0,5,0.0003660622169263661,0
molecola_27479,6,0,6,0.0003659830254036933,0
molecola_27479,7,0,7,0.0003660098591353744,0
molecola_27479,8,0,8,0.0003660098591353744,0
molecola_27479,9,0,9,0.0003660098591353744,0
molecola_27479,10,0,10,0.0003660098591353744,0
molecola_27479,11,0,11,0.00036593677941709757,0
molecola_27479,12,0,12,0.0003659207432065159,0
molecola_27479,13,0,13,0.0003742161497939378,0
molecola_27479,14,0,14,0.0030529641080647707,0
molecola_27479,15,1,15,0.9575139284133911,1
molecola_27479,16,1,16,0.9576568007469177,1
molecola_27479,17,1,17,0.9400283694267273,1
molecola_27479,18,1,18,0.9069816470146179,1
molecola_27479,19,0,19,0.0015242594527080655,0
molecola_27479,20,0,20,0.0034809985663741827,0
molecola_27479,21,0,21,0.0006220081704668701,0
molecola_27535,1,0,1,0.0004185139259789139,0
molecola_27535,2,0,2,0.0024271749425679445,0
molecola_27535,3,0,3,0.0006795108783990145,0
molecola_27535,4,0,4,0.011423621326684952,0
molecola_27535,5,0,5,0.8386675715446472,1
molecola_27535,6,0,6,0.8322048187255859,1
molecola_27535,7,1,7,0.9153732061386108,1
molecola_27535,8,1,8,0.9174542427062988,1
molecola_27535,9,0,9,0.0022117546759545803,0
molecola_27535,10,0,10,0.0003513354167807847,0
molecola_27535,11,0,11,0.0004395566647872329,0
molecola_27535,12,0,12,0.0005652746185660362,0
molecola_27535,13,0,13,0.00034301375853829086,0
molecola_27535,14,0,14,0.0019132002489641309,0
molecola_27535,15,0,15,0.9453175663948059,1
molecola_27535,16,0,16,0.9430843591690063,1
molecola_27535,17,0,17,0.924189031124115,1
molecola_27535,18,0,18,0.9675748944282532,1
molecola_27535,19,0,19,0.0028653377667069435,0
molecola_27535,20,0,20,0.007565546315163374,0
molecola_27535,21,0,21,0.0006831024657003582,0
molecola_27535,22,0,22,0.0006796906236559153,0
molecola_27535,23,0,23,0.0007330888765864074,0
molecola_27535,24,0,24,0.0006147300009615719,0
molecola_27535,25,0,25,0.9654908180236816,1
molecola_27535,26,0,26,0.9643136858940125,1
molecola_27642,1,0,1,0.0003225155232939869,0
molecola_27642,2,0,2,0.00038021421642042696,0
molecola_27642,3,0,3,0.00038922191015444696,0
molecola_27642,4,0,4,0.000611372641287744,0
molecola_27642,5,0,5,0.0017240773886442184,0
molecola_27642,6,0,6,0.06991417706012726,0
molecola_27642,7,0,7,0.0045916857197880745,0
molecola_27642,8,0,8,0.9706190228462219,1
molecola_27642,9,0,9,0.9681642651557922,1
molecola_27642,10,0,10,0.018148954957723618,0
molecola_27642,11,0,11,0.9254483580589294,1
molecola_27642,12,0,12,0.9276162385940552,1
molecola_27642,13,1,13,0.8155453205108643,1
molecola_27642,14,1,14,0.8247172832489014,1
molecola_27642,15,0,15,0.013493945822119713,0
molecola_27642,16,0,16,0.0013089845888316631,0
molecola_27642,17,0,17,0.0004169141757301986,0
molecola_27642,18,0,18,0.00036732558510266244,0
molecola_27642,19,0,19,0.00037392767262645066,0
molecola_27642,20,0,20,0.001756603247486055,0
molecola_27642,21,0,21,0.034689273685216904,0
molecola_27642,22,0,22,0.02167043648660183,0
molecola_27642,23,0,23,0.013816555961966515,0
molecola_27642,24,0,24,0.013816555961966515,0
molecola_28252,1,0,1,0.000669485074467957,0
molecola_28252,2,0,2,0.04342670738697052,0
molecola_28252,3,0,3,0.0010477163596078753,0
molecola_28252,4,0,4,0.002248169155791402,0
molecola_28252,5,0,5,0.03865385055541992,0
molecola_28252,6,0,6,0.007574846036732197,0
molecola_28252,7,0,7,0.9740963578224182,1
molecola_28252,8,0,8,0.9747991561889648,1
molecola_28252,9,1,9,0.9127085208892822,1
molecola_28252,10,1,10,0.8893595337867737,1
molecola_28252,11,0,11,0.01875188574194908,0
molecola_28252,12,0,12,0.0007908224361017346,0
molecola_28252,13,0,13,0.0006602098583243787,0
molecola_28252,14,0,14,0.00033826695289462805,0
molecola_28252,15,0,15,0.00037143463850952685,0
molecola_28252,16,0,16,0.0019667288288474083,0
molecola_28252,17,0,17,0.00044766327482648194,0
molecola_28252,18,0,18,0.0004066651745233685,0
molecola_28252,19,0,19,0.0003340730909258127,0
molecola_28252,20,0,20,0.001723765511997044,0
molecola_28252,21,0,21,0.9567311406135559,1
molecola_28252,22,0,22,0.0022301077842712402,0
molecola_28252,23,0,23,0.9476674199104309,1
molecola_28252,24,0,24,0.9304075241088867,1
molecola_28252,25,0,25,0.9674041271209717,1
molecola_28252,26,0,26,0.002893510041758418,0
molecola_28615,1,0,1,0.0004673135408665985,0
molecola_28615,2,0,2,0.0005859441589564085,0
molecola_28615,3,0,3,0.0004673135408665985,0
molecola_28615,4,0,4,0.000509574543684721,0
molecola_28615,5,0,5,0.0015285827685147524,0
molecola_28615,6,0,6,0.0004326227935962379,0
molecola_28615,7,0,7,0.000424178404500708,0
molecola_28615,8,0,8,0.00039386574644595385,0
molecola_28615,9,0,9,0.0003330180188640952,0
molecola_28615,10,0,10,0.002088627079501748,0
molecola_28615,11,1,11,0.9174199104309082,1
molecola_28615,12,1,12,0.915367066860199,1
molecola_28615,13,0,13,0.8386738300323486,1
molecola_28615,14,0,14,0.8322047591209412,1
molecola_28615,15,0,15,0.011445832438766956,0
molecola_28615,16,0,16,0.0006838688859716058,0
molecola_28615,17,0,17,0.0025151909794658422,0
molecola_28615,18,0,18,0.0004309596843086183,0
molecola_28615,19,0,19,0.000572595396079123,0
molecola_28615,20,0,20,0.00047360616736114025,0
molecola_28615,21,0,21,0.0005645616911351681,0
molecola_28615,22,0,22,0.0005781228537671268,0
molecola_28615,23,0,23,0.0004745728219859302,0
molecola_28615,24,0,24,0.0016921735368669033,0
molecola_28615,25,0,25,0.00042909596231766045,0
molecola_28615,26,0,26,0.9191360473632812,1
molecola_28615,27,0,27,0.0012474034447222948,0
molecola_28615,28,0,28,0.9033948183059692,1
molecola_28615,29,0,29,0.8817799687385559,1
molecola_28615,30,0,30,0.9345068335533142,1
molecola_28615,31,0,31,0.018569614738225937,0
molecola_2868,1,1,1,0.957664430141449,1
molecola_2868,2,1,2,0.9388945698738098,1
molecola_2868,3,0,3,0.7502256631851196,1
molecola_2868,4,0,4,0.7975956201553345,1
molecola_2868,5,0,5,0.2394254356622696,0
molecola_2868,6,0,6,0.0021177076268941164,0
molecola_2868,7,0,7,0.002421516226604581,0
molecola_2868,8,0,8,0.0017790383426472545,0
molecola_2868,9,0,9,0.002421516226604581,0
molecola_2868,10,0,10,0.0021177076268941164,0
molecola_28680,1,0,1,0.0017031326424330473,0
molecola_28680,2,0,2,0.0015305920969694853,0
molecola_28680,3,0,3,0.0019620489329099655,0
molecola_28680,4,0,4,0.002039033453911543,0
molecola_28680,5,0,5,0.04301149398088455,0
molecola_28680,6,1,6,0.9285886287689209,1
molecola_28680,7,1,7,0.8718183040618896,1
molecola_28680,8,0,8,0.02526741474866867,0
molecola_28680,9,0,9,0.01571417786180973,0
molecola_28680,10,0,10,0.00269933114759624,0
molecola_28680,11,0,11,0.0021523158065974712,0
molecola_28680,12,0,12,0.002550737699493766,0
molecola_28680,13,0,13,0.024206573143601418,0
molecola_28680,14,0,14,0.0025710684712976217,0
molecola_28872,1,0,1,0.0006925043999217451,0
molecola_28872,2,0,2,0.001376706873998046,0
molecola_28872,3,0,3,0.006575649604201317,0
molecola_28872,4,0,4,0.002136594383046031,0
molecola_28872,5,0,5,0.0025653888005763292,0
molecola_28872,6,0,6,0.015933075919747353,0
molecola_28872,7,0,7,0.0025653888005763292,0
molecola_28872,8,0,8,0.002136594383046031,0
molecola_28872,9,0,9,0.021281715482473373,0
molecola_28872,10,0,10,0.007204052526503801,0
molecola_28872,11,0,11,0.008733305148780346,0
molecola_28872,12,0,12,0.0009730754536576569,0
molecola_28872,13,0,13,0.0025020097382366657,0
molecola_28872,14,1,14,0.997077226638794,1
molecola_28872,15,1,15,0.9950900077819824,1
molecola_28872,16,0,16,0.004806482698768377,0
molecola_28872,17,0,17,0.017456023022532463,0
molecola_28872,18,0,18,0.027401816099882126,0
molecola_28872,19,0,19,0.002539320383220911,0
molecola_28872,20,0,20,0.0021825358271598816,0
molecola_28872,21,0,21,0.010428179986774921,0
molecola_28872,22,0,22,0.0014180890284478664,0
molecola_28872,23,0,23,0.0021825358271598816,0
molecola_28872,24,0,24,0.002539320383220911,0
molecola_29071,1,0,1,0.008157391101121902,0
molecola_29071,2,0,2,0.009105531498789787,0
molecola_29071,3,0,3,0.002751152263954282,0
molecola_29071,4,0,4,0.07633651047945023,0
molecola_29071,5,0,5,0.1559705138206482,0
molecola_29071,6,0,6,0.03761546313762665,0
molecola_29071,7,0,7,0.044744692742824554,0
molecola_29071,8,0,8,0.008780403062701225,0
molecola_29071,9,0,9,0.002684827195480466,0
molecola_29071,10,0,10,0.00043735315557569265,0
molecola_29071,11,0,11,0.000471062317956239,0
molecola_29071,12,0,12,0.0003547120140865445,0
molecola_29071,13,0,13,0.0009633468580432236,0
molecola_29071,14,0,14,0.012384286150336266,0
molecola_29071,15,0,15,0.0009633468580432236,0
molecola_29071,16,0,16,0.0003547120140865445,0
molecola_29071,17,1,17,0.9481545686721802,1
molecola_29071,18,1,18,0.8805306553840637,1
molecola_29071,19,0,19,0.01475662924349308,0
molecola_29071,20,0,20,0.008360299281775951,0
molecola_29071,21,0,21,0.0022009662352502346,0
molecola_29071,22,0,22,0.005803417880088091,0
molecola_29071,23,0,23,0.0009584561921656132,0
molecola_29071,24,0,24,0.0022009662352502346,0
molecola_29071,25,0,25,0.008360299281775951,0
molecola_29071,26,0,26,0.010640737600624561,0
molecola_29071,27,0,27,0.01572316512465477,0
molecola_29071,28,0,28,0.01931040547788143,0
molecola_29071,29,0,29,0.20116670429706573,0
molecola_29071,30,0,30,0.00703902542591095,0
molecola_29140,1,1,1,0.9584642052650452,1
molecola_29140,2,1,2,0.9621573090553284,1
molecola_29140,3,1,3,0.9479767084121704,1
molecola_29140,4,1,4,0.9617136716842651,1
molecola_29140,5,0,5,0.003498197067528963,0
molecola_29140,6,0,6,0.0014725925866514444,0
molecola_29140,7,0,7,0.0014612810919061303,0
molecola_29140,8,0,8,0.0008213475230149925,0
molecola_29140,9,0,9,0.000662720762193203,0
molecola_29140,10,0,10,0.0007475758320651948,0
molecola_29140,11,0,11,0.001515209092758596,0
molecola_29140,12,0,12,0.0014613012317568064,0
molecola_29140,13,0,13,0.0008213475230149925,0
molecola_29140,14,0,14,0.000662720762193203,0
molecola_29140,15,0,15,0.0007475758320651948,0
molecola_29140,16,0,16,0.001515209092758596,0
molecola_29140,17,0,17,0.0014613012317568064,0
molecola_29140,18,0,18,0.0008213475230149925,0
molecola_29140,19,0,19,0.0006631099968217313,0
molecola_29140,20,0,20,0.000809618562925607,0
molecola_29140,21,0,21,0.001964828697964549,0
molecola_29140,22,0,22,0.0022066400852054358,0
molecola_29140,23,0,23,0.0009978351881727576,0
molecola_29140,24,0,24,0.0009460399160161614,0
molecola_29140,25,0,25,0.0007915511378087103,0
molecola_29179,1,0,1,0.014406879432499409,0
molecola_29179,2,0,2,0.02342817932367325,0
molecola_29179,3,0,3,0.014406879432499409,0
molecola_29179,4,0,4,0.5575172901153564,1
molecola_29179,5,1,5,0.9530261754989624,1
molecola_29179,6,1,6,0.9474508166313171,1
molecola_29179,7,1,7,0.8486500382423401,1
molecola_29179,8,1,8,0.8322077989578247,1
molecola_29179,9,1,9,0.9426550269126892,1
molecola_29179,10,1,10,0.9411423802375793,1
molecola_29179,11,0,11,0.06034034863114357,0
molecola_29179,12,0,12,0.004695202223956585,0
molecola_29179,13,0,13,0.009991642087697983,0
molecola_29179,14,0,14,0.007145741954445839,0
molecola_29179,15,0,15,0.0020357670728117228,0
molecola_29179,16,0,16,0.002016049111261964,0
molecola_29179,17,0,17,0.0029162904247641563,0
molecola_29179,18,0,18,0.002016049111261964,0
molecola_29179,19,0,19,0.007145741954445839,0
molecola_29179,20,0,20,0.0020357680041342974,0
molecola_29245,1,0,1,0.008515642024576664,0
molecola_29245,2,0,2,0.005657644011080265,0
molecola_29245,3,0,3,0.0024510440416634083,0
molecola_29245,4,0,4,0.0021875468082726,0
molecola_29245,5,0,5,0.0021472086664289236,0
molecola_29245,6,0,6,0.0017880533123388886,0
molecola_29245,7,0,7,0.004737643525004387,0
molecola_29245,8,0,8,0.003470091847702861,0
molecola_29245,9,1,9,0.9971606731414795,1
molecola_29245,10,1,10,0.9955753087997437,1
molecola_29287,1,1,1,0.923687219619751,1
molecola_29287,2,1,2,0.9200901389122009,1
molecola_29287,3,0,3,0.25077706575393677,0
molecola_29287,4,0,4,0.04690014198422432,0
molecola_29287,5,0,5,0.004459212999790907,0
molecola_29287,6,0,6,0.0032067589927464724,0
molecola_29287,7,0,7,0.013065206818282604,0
molecola_29287,8,0,8,0.009503255598247051,0
molecola_29287,9,0,9,0.01221745740622282,0
molecola_29287,10,0,10,0.002945802640169859,0
molecola_29287,11,0,11,0.0022854155395179987,0
molecola_29287,12,0,12,0.0022619974333792925,0
molecola_29287,13,0,13,0.0026309280656278133,0
molecola_29287,14,0,14,0.01102965697646141,0
molecola_29287,15,0,15,0.019561244174838066,0
molecola_29287,16,0,16,0.001993021694943309,0
molecola_29287,17,0,17,0.002403869526460767,0
molecola_29287,18,0,18,0.0017734868451952934,0
molecola_29287,19,0,19,0.002403869526460767,0
molecola_29287,20,0,20,0.001993021694943309,0
molecola_29287,21,0,21,0.013000589795410633,0
molecola_29287,22,0,22,0.006452472414821386,0
molecola_29287,23,0,23,0.0049299998208880424,0
molecola_29287,24,0,24,0.006826540920883417,0
molecola_29287,25,0,25,0.014624187722802162,0
molecola_29456,1,0,1,0.0008022628608159721,0
molecola_29456,2,0,2,0.001980514032766223,0
molecola_29456,3,0,3,0.00554649718105793,0
molecola_29456,4,0,4,0.00563683919608593,0
molecola_29456,5,0,5,0.0319087877869606,0
molecola_29456,6,0,6,0.007364361546933651,0
molecola_29456,7,0,7,0.0017682061297819018,0
molecola_29456,8,0,8,0.005261970218271017,0
molecola_29456,9,0,9,0.00826203916221857,0
molecola_29456,10,0,10,0.005876047071069479,0
molecola_29456,11,0,11,0.0019835946150124073,0
molecola_29456,12,0,12,0.020625101402401924,0
molecola_29456,13,0,13,0.01786811649799347,0
molecola_29456,14,0,14,0.04014907777309418,0
molecola_29456,15,0,15,0.013467907905578613,0
molecola_29456,16,0,16,0.0007794775301590562,0
molecola_29456,17,0,17,0.0006301881512627006,0
molecola_29456,18,0,18,0.0021882837172597647,0
molecola_29456,19,1,19,0.9970736503601074,1
molecola_29456,20,1,20,0.995094895362854,1
molecola_29571,1,0,1,0.0039049494080245495,0
molecola_29571,2,0,2,0.019287889823317528,0
molecola_29571,3,1,3,0.9975380897521973,1
molecola_29571,4,1,4,0.9949842691421509,1
molecola_29571,5,0,5,0.001703418092802167,0
molecola_29571,6,0,6,0.00043665809789672494,0
molecola_29571,7,0,7,0.0005819976795464754,0
molecola_29571,8,0,8,0.005168878007680178,0
molecola_29571,9,0,9,0.0019989735446870327,0
molecola_29571,10,0,10,0.00604315847158432,0
molecola_29571,11,0,11,0.0009619219927117229,0
molecola_29571,12,0,12,0.0019724708981812,0
molecola_29571,13,0,13,0.0025162186939269304,0
molecola_29571,14,0,14,0.005126668605953455,0
molecola_29571,15,0,15,0.0016002755146473646,0
molecola_29619,1,0,1,0.00048776037874631584,0
molecola_29619,2,0,2,0.0005669754464179277,0
molecola_29619,3,0,3,0.0007003025384619832,0
molecola_29619,4,0,4,0.0004716012335848063,0
molecola_29619,5,0,5,0.00035913081956095994,0
molecola_29619,6,0,6,0.0005912525812163949,0
molecola_29619,7,0,7,0.00039414988714270294,0
molecola_29619,8,0,8,0.00031346609466709197,0
molecola_29619,9,0,9,0.0003520613245200366,0
molecola_29619,10,0,10,0.0014979165280237794,0
molecola_29619,11,0,11,0.0004373502160888165,0
molecola_29619,12,0,12,0.0004554975894279778,0
molecola_29619,13,0,13,0.00034240668173879385,0
molecola_29619,14,0,14,0.001365338801406324,0
molecola_29619,15,1,15,0.8793438673019409,1
molecola_29619,16,1,16,0.9596909880638123,1
molecola_29619,17,1,17,0.8676921129226685,1
molecola_29619,18,1,18,0.9563850164413452,1
molecola_29619,19,0,19,0.7187932133674622,1
molecola_29619,20,0,20,0.7187932133674622,1
molecola_29619,21,0,21,0.0003853583475574851,0
molecola_29619,22,0,22,0.0003256149066146463,0
molecola_29619,23,0,23,0.00047763186739757657,0
molecola_29619,24,0,24,0.0005695625441148877,0
molecola_29619,25,0,25,0.0007236975943669677,0
molecola_29619,26,0,26,0.0005205279449000955,0
molecola_29658,1,0,1,0.0005353853921405971,0
molecola_29658,2,0,2,0.0006122061749920249,0
molecola_29658,3,0,3,0.000691249908413738,0
molecola_29658,4,0,4,0.002075527561828494,0
molecola_29658,5,0,5,0.00350041501224041,0
molecola_29658,6,1,6,0.998308539390564,1
molecola_29658,7,1,7,0.9963616728782654,1
molecola_29658,8,0,8,0.3087630569934845,0
molecola_29658,9,0,9,0.7500380277633667,1
molecola_29658,10,0,10,0.5118244886398315,1
molecola_29658,11,0,11,0.42937493324279785,0
molecola_29658,12,0,12,0.1364343911409378,0
molecola_29658,13,0,13,0.04338523745536804,0
molecola_29658,14,0,14,0.002603960456326604,0
molecola_29658,15,0,15,0.011511328630149364,0
molecola_29658,16,0,16,0.0020007342100143433,0
molecola_29658,17,0,17,0.002260488225147128,0
molecola_29658,18,0,18,0.002184866229072213,0
molecola_29658,19,0,19,0.0025899310130625963,0
molecola_29658,20,0,20,0.022397365421056747,0
molecola_29658,21,0,21,0.12285974621772766,0
molecola_29658,22,0,22,0.013330791145563126,0
molecola_29714,1,0,1,0.0004805788630619645,0
molecola_29714,2,0,2,0.0008294946746900678,0
molecola_29714,3,0,3,0.013755504041910172,0
molecola_29714,4,0,4,0.0020015055779367685,0
molecola_29714,5,0,5,0.004156273324042559,0
molecola_29714,6,0,6,0.014603122137486935,0
molecola_29714,7,0,7,0.008485901169478893,0
molecola_29714,8,0,8,0.003607987193390727,0
molecola_29714,9,1,9,0.9886924028396606,1
molecola_29714,10,1,10,0.9742976427078247,1
molecola_29714,11,0,11,0.09707776457071304,0
molecola_29714,12,0,12,0.0015799151733517647,0
molecola_29714,13,0,13,0.006471284665167332,0
molecola_29714,14,0,14,0.0021222580689936876,0
molecola_29714,15,0,15,0.002071893308311701,0
molecola_29714,16,0,16,0.010310349054634571,0
molecola_29714,17,0,17,0.0008898256346583366,0
molecola_29714,18,0,18,0.002177567221224308,0
molecola_29714,19,0,19,0.001541667734272778,0
molecola_29714,20,0,20,0.0018878262490034103,0
molecola_29714,21,0,21,0.002477143658325076,0
molecola_29714,22,0,22,0.002110842615365982,0
molecola_29714,23,0,23,0.0027853476349264383,0
molecola_29714,24,0,24,0.002871593926101923,0
molecola_29714,25,0,25,0.002071893308311701,0
molecola_29714,26,0,26,0.0021222580689936876,0
molecola_2972,1,0,1,0.0011880322126671672,0
molecola_2972,2,0,2,0.0031908447854220867,0
molecola_2972,3,0,3,0.0027667221147567034,0
molecola_2972,4,0,4,0.0076629589311778545,0
molecola_2972,5,0,5,0.003418978303670883,0
molecola_2972,6,0,6,0.008228992111980915,0
molecola_2972,7,0,7,0.005078629590570927,0
molecola_2972,8,0,8,0.002807467244565487,0
molecola_2972,9,0,9,0.008537095040082932,0
molecola_2972,10,0,10,0.0027737747877836227,0
molecola_2972,11,0,11,0.002345359418541193,0
molecola_2972,12,0,12,0.001934556639753282,0
molecola_2972,13,0,13,0.0018044988391920924,0
molecola_2972,14,0,14,0.0034985810052603483,0
molecola_2972,15,0,15,0.0023810407146811485,0
molecola_2972,16,0,16,0.0020488786976784468,0
molecola_2972,17,0,17,0.001570195541717112,0
molecola_2972,18,0,18,0.0007436043815687299,0
molecola_2972,19,0,19,0.0006003440939821303,0
molecola_2972,20,0,20,0.000567358685657382,0
molecola_2972,21,0,21,0.0044139232486486435,0
molecola_2972,22,1,22,0.9966096878051758,1
molecola_2972,23,1,23,0.9941966533660889,1
molecola_2972,24,0,24,0.008190744556486607,0
molecola_2972,25,0,25,0.0018223980441689491,0
molecola_2972,26,0,26,0.0023857925552874804,0
molecola_2972,27,0,27,0.001769179361872375,0
molecola_2972,28,0,28,0.0023857925552874804,0
molecola_2972,29,0,29,0.0018223980441689491,0
molecola_29777,1,0,1,0.0003215113247279078,0
molecola_29777,2,0,2,0.0003687616845127195,0
molecola_29777,3,0,3,0.0004342337779235095,0
molecola_29777,4,0,4,0.00042881013359874487,0
molecola_29777,5,0,5,0.00047408341197296977,0
molecola_29777,6,0,6,0.0005345071549527347,0
molecola_29777,7,0,7,0.0009439407149329782,0
molecola_29777,8,0,8,0.000836410210467875,0
molecola_29777,9,0,9,0.0006044607143849134,0
molecola_29777,10,0,10,0.0014838509960100055,0
molecola_29777,11,1,11,0.9688991904258728,1
molecola_29777,12,1,12,0.9685813784599304,1
molecola_29777,13,1,13,0.8984163999557495,1
molecola_29777,14,1,14,0.963638961315155,1
molecola_29777,15,0,15,0.7181311845779419,1
molecola_29777,16,0,16,0.7181311845779419,1
molecola_29813,1,0,1,0.0007057750481180847,0
molecola_29813,2,0,2,0.0015260580694302917,0
molecola_29813,3,0,3,0.0071394117549061775,0
molecola_29813,4,0,4,0.002287125214934349,0
molecola_29813,5,0,5,0.0022943844087421894,0
molecola_29813,6,0,6,0.01855776458978653,0
molecola_29813,7,0,7,0.0022943844087421894,0
molecola_29813,8,0,8,0.002287125214934349,0
molecola_29813,9,1,9,0.9577539563179016,1
molecola_29813,10,0,10,0.007394210901111364,0
molecola_29813,11,1,11,0.9683302044868469,1
molecola_29813,12,1,12,0.9534977078437805,1
molecola_29813,13,1,13,0.9634283185005188,1
molecola_29970,1,0,1,0.008151820860803127,0
molecola_29970,2,1,2,0.948974609375,1
molecola_29970,3,0,3,0.008151820860803127,0
molecola_29970,4,0,4,0.008151820860803127,0
molecola_29970,5,1,5,0.9519470930099487,1
molecola_29970,6,1,6,0.9342119097709656,1
molecola_29970,7,1,7,0.9405388832092285,1
molecola_29970,8,0,8,0.004206226672977209,0
molecola_29970,9,0,9,0.007740440312772989,0
molecola_29970,10,0,10,0.0021796247456222773,0
molecola_29970,11,0,11,0.0020536165684461594,0
molecola_29970,12,0,12,0.010296272113919258,0
molecola_29970,13,0,13,0.00141812558285892,0
molecola_29970,14,0,14,0.0020536165684461594,0
molecola_29970,15,0,15,0.0021796247456222773,0
molecola_29970,16,0,16,0.012741565704345703,0
molecola_29970,17,0,17,0.0037620365619659424,0
molecola_29970,18,0,18,0.0066771903075277805,0
molecola_29970,19,0,19,0.0028110018465667963,0
molecola_29970,20,0,20,0.002953119808807969,0
molecola_30005,1,0,1,0.0037365294992923737,0
molecola_30005,2,1,2,0.9595758318901062,1
molecola_30005,3,0,3,0.0027850973419845104,0
molecola_30005,4,0,4,0.0003931353858206421,0
molecola_30005,5,0,5,0.000350397516740486,0
molecola_30005,6,0,6,0.001875889953225851,0
molecola_30005,7,0,7,0.00028419154114089906,0
molecola_30005,8,0,8,0.00033091657678596675,0
molecola_30005,9,0,9,0.0004923010710626841,0
molecola_30005,10,0,10,0.0004024718073196709,0
molecola_30005,11,0,11,0.00032201685826294124,0
molecola_30005,12,0,12,0.0004013237776234746,0
molecola_30005,13,0,13,0.001118750893510878,0
molecola_30005,14,0,14,0.0011304515646770597,0
molecola_30005,15,0,15,0.00040441015153191984,0
molecola_30005,16,0,16,0.0003378199471626431,0
molecola_30005,17,0,17,0.0005598579300567508,0
molecola_30005,18,0,18,0.0003732082841452211,0
molecola_30005,19,0,19,0.0005354290478862822,0
molecola_30005,20,0,20,0.0006800605915486813,0
molecola_30005,21,1,21,0.9600130915641785,1
molecola_30005,22,1,22,0.9591941237449646,1
molecola_30005,23,1,23,0.9526258707046509,1
molecola_30336,1,0,1,0.0006175469607114792,0
molecola_30336,2,0,2,0.0012316493084654212,0
molecola_30336,3,0,3,0.004533096682280302,0
molecola_30336,4,0,4,0.002549519995227456,0
molecola_30336,5,0,5,0.0018609839025884867,0
molecola_30336,6,0,6,0.006997404154390097,0
molecola_30336,7,0,7,0.001184936729259789,0
molecola_30336,8,0,8,0.0019356929697096348,0
molecola_30336,9,0,9,0.006849627010524273,0
molecola_30336,10,0,10,0.005382711533457041,0
molecola_30336,11,0,11,0.008207371458411217,0
molecola_30336,12,0,12,0.0032395937014371157,0
molecola_30336,13,0,13,0.001128683565184474,0
molecola_30336,14,0,14,0.0007980973459780216,0
molecola_30336,15,0,15,0.0006090007373131812,0
molecola_30336,16,0,16,0.000901744409929961,0
molecola_30336,17,0,17,0.0025692118797451258,0
molecola_30336,18,1,18,0.997056245803833,1
molecola_30336,19,1,19,0.9950513243675232,1
molecola_30336,20,0,20,0.007666680030524731,0
molecola_30336,21,0,21,0.007632748689502478,0
molecola_30336,22,0,22,0.008985131978988647,0
molecola_30336,23,0,23,0.0027996059507131577,0
molecola_30336,24,0,24,0.002330630086362362,0
molecola_30336,25,0,25,0.0017922685947269201,0
molecola_30336,26,0,26,0.0015748859150335193,0
molecola_30336,27,0,27,0.009904191829264164,0
molecola_30336,28,0,28,0.0046757846139371395,0
molecola_30336,29,0,29,0.003020267467945814,0
molecola_30336,30,0,30,0.002332234987989068,0
molecola_30336,31,0,31,0.003020267467945814,0
molecola_30336,32,0,32,0.0046757846139371395,0
molecola_30336,33,0,33,0.0019926168024539948,0
molecola_30336,34,0,34,0.00562804751098156,0
molecola_30336,35,0,35,0.001931514241732657,0
molecola_3051,1,0,1,0.0024934972170740366,0
molecola_3051,2,0,2,0.003891279688104987,0
molecola_3051,3,0,3,0.003276249160990119,0
molecola_3051,4,0,4,0.008388552814722061,0
molecola_3051,5,0,5,0.0063661192543804646,0
molecola_3051,6,0,6,0.002269573276862502,0
molecola_3051,7,0,7,0.006162028759717941,0
molecola_3051,8,0,8,0.00120128586422652,0
molecola_3051,9,0,9,0.005899239797145128,0
molecola_3051,10,1,10,0.9997949004173279,1
molecola_3051,11,1,11,0.9996621608734131,1
molecola_3051,12,0,12,0.005187576171010733,0
molecola_3078,1,1,1,0.9997232556343079,1
molecola_3078,2,1,2,0.9997583031654358,1
molecola_3078,3,0,3,0.006225397810339928,0
molecola_3078,4,0,4,0.005692007951438427,0
molecola_3078,5,0,5,0.003457776503637433,0
molecola_3078,6,0,6,0.0028670032043009996,0
molecola_3078,7,0,7,0.007735673803836107,0
molecola_3078,8,0,8,0.001793514471501112,0
molecola_3078,9,0,9,0.0020238717552274466,0
molecola_3078,10,0,10,0.0018687271513044834,0
molecola_3078,11,0,11,0.0016914881998673081,0
molecola_3078,12,0,12,0.0015443711308762431,0
molecola_3078,13,0,13,0.007325849961489439,0
molecola_3078,14,0,14,0.001602166099473834,0
molecola_3078,15,0,15,0.002391652436926961,0
molecola_3078,16,0,16,0.0017761411145329475,0
molecola_3078,17,0,17,0.002391652436926961,0
molecola_3078,18,0,18,0.001602166099473834,0
molecola_30846,1,0,1,0.0003684225957840681,0
molecola_30846,2,0,2,0.0004711880465038121,0
molecola_30846,3,0,3,0.00033079166314564645,0
molecola_30846,4,0,4,0.0003207129193469882,0
molecola_30846,5,0,5,0.0004009664407931268,0
molecola_30846,6,0,6,0.00034493833663873374,0
molecola_30846,7,0,7,0.0003179831546731293,0
molecola_30846,8,0,8,0.0003582149220164865,0
molecola_30846,9,0,9,0.002461144933477044,0
molecola_30846,10,0,10,0.00046032501268200576,0
molecola_30846,11,0,11,0.9151954054832458,1
molecola_30846,12,0,12,0.9188617467880249,1
molecola_30846,13,1,13,0.8190518617630005,1
molecola_30846,14,1,14,0.8115798830986023,1
molecola_30846,15,0,15,0.009455564431846142,0
molecola_30846,16,0,16,0.0010410809190943837,0
molecola_30846,17,0,17,0.0004403034981805831,0
molecola_30846,18,0,18,0.00037032869295217097,0
molecola_30846,19,0,19,0.0005006552673876286,0
molecola_30846,20,0,20,0.002122557954862714,0
molecola_30846,21,0,21,0.0019405826460570097,0
molecola_30846,22,0,22,0.0023498667869716883,0
molecola_30846,23,0,23,0.0022557491902261972,0
molecola_30846,24,0,24,0.0025827093049883842,0
molecola_30846,25,0,25,0.0256542656570673,0
molecola_30846,26,0,26,0.001651007100008428,0
molecola_30846,27,0,27,0.0016818582080304623,0
molecola_30846,28,0,28,0.00033927589538507164,0
molecola_30846,29,0,29,0.00034816350671462715,0
molecola_30846,30,0,30,0.001081456197425723,0
molecola_30846,31,0,31,0.00042374516488052905,0
molecola_30846,32,0,32,0.01576424576342106,0
molecola_30846,33,0,33,0.013040702790021896,0
molecola_30846,34,0,34,0.013040702790021896,0
molecola_30846,35,0,35,0.0032175653614103794,0
molecola_30846,36,0,36,0.0005592221859842539,0
molecola_30846,37,0,37,0.00042900905827991664,0
molecola_30997,1,0,1,0.0004501256626099348,0
molecola_30997,2,0,2,0.0010568011784926057,0
molecola_30997,3,0,3,0.0003790108021348715,0
molecola_30997,4,0,4,0.00034168799174949527,0
molecola_30997,5,0,5,0.00048051655176095665,0
molecola_30997,6,0,6,0.00043192453449591994,0
molecola_30997,7,0,7,0.00033509446075186133,0
molecola_30997,8,0,8,0.000452163047157228,0
molecola_30997,9,0,9,0.000946248066611588,0
molecola_30997,10,0,10,0.0021560960449278355,0
molecola_30997,11,0,11,0.014451858587563038,0
molecola_30997,12,0,12,0.0034225350245833397,0
molecola_30997,13,1,13,0.9740139842033386,1
molecola_30997,14,1,14,0.9702057838439941,1
molecola_30997,15,0,15,0.0036234825383871794,0
molecola_30997,16,0,16,0.00046718306839466095,0
molecola_30997,17,0,17,0.0004477038455661386,0
molecola_30997,18,0,18,0.00035166749148629606,0
molecola_30997,19,0,19,0.0008188757346943021,0
molecola_30997,20,0,20,0.002169208601117134,0
molecola_30997,21,0,21,0.002374937990680337,0
molecola_30997,22,0,22,0.0019610305316746235,0
molecola_30997,23,0,23,0.0029876059852540493,0
molecola_30997,24,0,24,0.008837663568556309,0
molecola_30997,25,0,25,0.0030318580102175474,0
molecola_30997,26,0,26,0.010980778373777866,0
molecola_30997,27,0,27,0.002146839862689376,0
molecola_30997,28,0,28,0.0023455156479030848,0
molecola_30997,29,0,29,0.005664085503667593,0
molecola_30997,30,0,30,0.0022548125125467777,0
molecola_30997,31,0,31,0.002037114230915904,0
molecola_30997,32,0,32,0.002037114230915904,0
molecola_30997,33,0,33,0.002037114230915904,0
molecola_30997,34,0,34,0.0029440270736813545,0
molecola_30997,35,0,35,0.0026647686026990414,0
molecola_30997,36,0,36,0.0026647686026990414,0
molecola_30997,37,0,37,0.0026647686026990414,0
molecola_31005,1,0,1,0.00032298723817802966,0
molecola_31005,2,0,2,0.00038767640944570303,0
molecola_31005,3,0,3,0.00047054310562089086,0
molecola_31005,4,0,4,0.008069709874689579,0
molecola_31005,5,1,5,0.9345248341560364,1
molecola_31005,6,0,6,0.0195949487388134,0
molecola_31005,7,0,7,0.0195949487388134,0
molecola_31005,8,1,8,0.925411581993103,1
molecola_31005,9,1,9,0.8962425589561462,1
molecola_31005,10,1,10,0.9392935633659363,1
molecola_31005,11,0,11,0.002805074444040656,0
molecola_31005,12,0,12,0.002221338916569948,0
molecola_31005,13,0,13,0.0026903985999524593,0
molecola_31005,14,0,14,0.0006818680558353662,0
molecola_31005,15,0,15,0.9550373554229736,1
molecola_31005,16,0,16,0.9459708333015442,1
molecola_31005,17,0,17,0.9428129196166992,1
molecola_31005,18,0,18,0.948028564453125,1
molecola_31005,19,0,19,0.002243008930236101,0
molecola_31005,20,0,20,0.03494254872202873,0
molecola_31005,21,0,21,0.02178354747593403,0
molecola_31005,22,0,22,0.013855944387614727,0
molecola_31005,23,0,23,0.013855944387614727,0
molecola_31311,1,0,1,0.0018415256636217237,0
molecola_31311,2,0,2,0.0023653104435652494,0
molecola_31311,3,0,3,0.0019470887491479516,0
molecola_31311,4,0,4,0.002638357225805521,0
molecola_31311,5,0,5,0.010370563715696335,0
molecola_31311,6,0,6,0.002270395401865244,0
molecola_31311,7,0,7,0.003547890344634652,0
molecola_31311,8,0,8,0.04799702391028404,0
molecola_31311,9,0,9,0.0383077971637249,0
molecola_31311,10,0,10,0.01756325364112854,0
molecola_31311,11,1,11,0.8661829233169556,1
molecola_31311,12,1,12,0.8390064239501953,1
molecola_31311,13,0,13,0.040635958313941956,0
molecola_31311,14,0,14,0.02055838517844677,0
molecola_31311,15,0,15,0.009780194610357285,0
molecola_31311,16,0,16,0.007995041087269783,0
molecola_31311,17,0,17,0.0023861806839704514,0
molecola_31311,18,0,18,0.003477462101727724,0
molecola_31311,19,0,19,0.05077221989631653,0
molecola_31358,1,0,1,0.0004017264291178435,0
molecola_31358,2,0,2,0.000493803818244487,0
molecola_31358,3,0,3,0.0003520837926771492,0
molecola_31358,4,0,4,0.00045138722634874284,0
molecola_31358,5,0,5,0.005738260690122843,0
molecola_31358,6,0,6,0.020394735038280487,0
molecola_31358,7,0,7,0.020236076787114143,0
molecola_31358,8,0,8,0.002216285327449441,0
molecola_31358,9,0,9,0.0021818734239786863,0
molecola_31358,10,0,10,0.002173840533941984,0
molecola_31358,11,0,11,0.0018119127489626408,0
molecola_31358,12,0,12,0.004683378152549267,0
molecola_31358,13,0,13,0.0005291379056870937,0
molecola_31358,14,0,14,0.0006918279104866087,0
molecola_31358,15,0,15,0.00995622482150793,0
molecola_31358,16,0,16,0.028169607743620872,0
molecola_31358,17,1,17,0.9944106936454773,1
molecola_31358,18,1,18,0.9913302659988403,1
molecola_31358,19,0,19,0.007140489760786295,0
molecola_31358,20,0,20,0.0068651726469397545,0
molecola_31358,21,0,21,0.022128090262413025,0
molecola_31358,22,0,22,0.00045138722634874284,0
molecola_31358,23,0,23,0.0003520837926771492,0
molecola_3164,1,0,1,0.00037885204073973,0
molecola_3164,2,0,2,0.0005450339522212744,0
molecola_3164,3,0,3,0.00031133272568695247,0
molecola_3164,4,0,4,0.00028351982473395765,0
molecola_3164,5,0,5,0.0003081529284827411,0
molecola_3164,6,0,6,0.00048604802577756345,0
molecola_3164,7,0,7,0.0003932691761292517,0
molecola_3164,8,0,8,0.0005069066537544131,0
molecola_3164,9,0,9,0.0010624167043715715,0
molecola_3164,10,0,10,0.0024611286353319883,0
molecola_3164,11,0,11,0.030145516619086266,0
molecola_3164,12,0,12,0.00758890388533473,0
molecola_3164,13,1,13,0.9774011373519897,1
molecola_3164,14,1,14,0.9653038382530212,1
molecola_3164,15,0,15,0.026884477585554123,0
molecola_3164,16,0,16,0.001994433579966426,0
molecola_3164,17,0,17,0.001563395606353879,0
molecola_31719,1,0,1,0.009317404590547085,0
molecola_31719,2,0,2,0.009694211184978485,0
molecola_31719,3,0,3,0.0064089661464095116,0
molecola_31719,4,0,4,0.004028890747576952,0
molecola_31719,5,0,5,0.007219279650598764,0
molecola_31719,6,0,6,0.011116774752736092,0
molecola_31719,7,0,7,0.013878578320145607,0
molecola_31719,8,0,8,0.013981101103127003,0
molecola_31719,9,0,9,0.009612897410988808,0
molecola_31719,10,0,10,0.011621994897723198,0
molecola_31719,11,0,11,0.0013380603631958365,0
molecola_31719,12,0,12,0.0007529110880568624,0
molecola_31719,13,0,13,0.0024033160880208015,0
molecola_31719,14,1,14,0.9970561265945435,1
molecola_31719,15,1,15,0.995051920413971,1
molecola_31719,16,0,16,0.0010318908607587218,0
molecola_31719,17,0,17,0.0017425116384401917,0
molecola_31719,18,0,18,0.011161120608448982,0
molecola_31719,19,0,19,0.002268049167469144,0
molecola_31719,20,0,20,0.9836822152137756,1
molecola_31719,21,0,21,0.9774948954582214,1
molecola_31719,22,0,22,0.02636060118675232,0
molecola_31719,23,0,23,0.0024175329599529505,0
molecola_31719,24,0,24,0.0023369607515633106,0
molecola_31719,25,0,25,0.010215657763183117,0
molecola_31719,26,0,26,0.0066894846968352795,0
molecola_31719,27,0,27,0.010466394945979118,0
molecola_31719,28,0,28,0.0020399719942361116,0
molecola_31719,29,0,29,0.0022963732481002808,0
molecola_31719,30,0,30,0.0017493554623797536,0
molecola_31719,31,0,31,0.0022963732481002808,0
molecola_31719,32,0,32,0.0020399719942361116,0
molecola_31719,33,0,33,0.0023369607515633106,0
molecola_31719,34,0,34,0.0024175329599529505,0
molecola_31796,1,0,1,0.0012594524305313826,0
molecola_31796,2,0,2,0.0018370146863162518,0
molecola_31796,3,0,3,0.002115463837981224,0
molecola_31796,4,0,4,0.002115463837981224,0
molecola_31796,5,0,5,0.0008521767449565232,0
molecola_31796,6,0,6,0.0006709228619001806,0
molecola_31796,7,0,7,0.0007081364747136831,0
molecola_31796,8,0,8,0.002262698020786047,0
molecola_31796,9,0,9,0.0008815649780444801,0
molecola_31796,10,0,10,0.0009500431478954852,0
molecola_31796,11,0,11,0.001071823644451797,0
molecola_31796,12,0,12,0.011047163046896458,0
molecola_31796,13,0,13,0.006914824713021517,0
molecola_31796,14,0,14,0.0070290942676365376,0
molecola_31796,15,0,15,0.00921169389039278,0
molecola_31796,16,1,16,0.9998410940170288,1
molecola_31796,17,1,17,0.9997139573097229,1
molecola_31796,18,0,18,0.004219248425215483,0
molecola_31796,19,0,19,0.04515565559267998,0
molecola_31796,20,0,20,0.918877899646759,1
molecola_31796,21,0,21,0.25160518288612366,0
molecola_31796,22,0,22,0.9227892160415649,1
molecola_31796,23,0,23,0.0028525516390800476,0
molecola_31796,24,0,24,0.0023525580763816833,0
molecola_31796,25,0,25,0.0017765266820788383,0
molecola_31796,26,0,26,0.0009025700273923576,0
molecola_31796,27,0,27,0.0006365184090100229,0
molecola_31796,28,0,28,0.0005065149744041264,0
molecola_3194,1,0,1,0.010858994908630848,0
molecola_3194,2,0,2,0.011374286375939846,0
molecola_3194,3,0,3,0.003308699931949377,0
molecola_3194,4,0,4,0.002224468160420656,0
molecola_3194,5,0,5,0.008713558316230774,0
molecola_3194,6,0,6,0.0026137512177228928,0
molecola_3194,7,0,7,0.0034333609510213137,0
molecola_3194,8,0,8,0.0022685090079903603,0
molecola_3194,9,0,9,0.0022685090079903603,0
molecola_3194,10,0,10,0.0022685090079903603,0
molecola_3194,11,0,11,0.004896201658993959,0
molecola_3194,12,0,12,0.02887275256216526,0
molecola_3194,13,1,13,0.9821349382400513,1
molecola_3194,14,1,14,0.9768921136856079,1
molecola_32370,1,0,1,0.0010828308295458555,0
molecola_32370,2,0,2,0.002120319288223982,0
molecola_32370,3,0,3,0.0010828308295458555,0
molecola_32370,4,0,4,0.0037045206408947706,0
molecola_32370,5,0,5,0.020056698471307755,0
molecola_32370,6,0,6,0.0034924736246466637,0
molecola_32370,7,0,7,0.00227411394007504,0
molecola_32370,8,0,8,0.029292048886418343,0
molecola_32370,9,0,9,0.014670890755951405,0
molecola_32370,10,0,10,0.027780691161751747,0
molecola_32370,11,0,11,0.08030522614717484,0
molecola_32370,12,0,12,0.03986920788884163,0
molecola_32370,13,0,13,0.01632605493068695,0
molecola_32370,14,0,14,0.010724897496402264,0
molecola_32370,15,0,15,0.007421720307320356,0
molecola_32370,16,0,16,0.012340318411588669,0
molecola_32370,17,0,17,0.006440323777496815,0
molecola_32370,18,0,18,0.010513756424188614,0
molecola_32370,19,0,19,0.0021985559724271297,0
molecola_32370,20,0,20,0.003758383449167013,0
molecola_32370,21,0,21,0.019968273118138313,0
molecola_32370,22,0,22,0.03007427416741848,0
molecola_32370,23,1,23,0.9228402972221375,1
molecola_32370,24,1,24,0.8961942791938782,1
molecola_32370,25,0,25,0.00980367325246334,0
molecola_32370,26,0,26,0.0011352228466421366,0
molecola_32370,27,0,27,0.026646723970770836,0
molecola_32887,1,0,1,0.0008963904110714793,0
molecola_32887,2,0,2,0.0073797814548015594,0
molecola_32887,3,0,3,0.8569416403770447,1
molecola_32887,4,0,4,0.7514868378639221,1
molecola_32887,5,0,5,0.004320388659834862,0
molecola_32887,6,0,6,0.0004278014530427754,0
molecola_32887,7,0,7,0.0003737152728717774,0
molecola_32887,8,0,8,0.0006041445303708315,0
molecola_32887,9,0,9,0.00045666881487704813,0
molecola_32887,10,0,10,0.0030520339496433735,0
molecola_32887,11,0,11,0.0006479874718934298,0
molecola_32887,12,0,12,0.004174359142780304,0
molecola_32887,13,0,13,0.0020331135019659996,0
molecola_32887,14,0,14,0.00238836114294827,0
molecola_32887,15,0,15,0.004673994146287441,0
molecola_32887,16,0,16,0.0011938324896618724,0
molecola_32887,17,0,17,0.0005928893224336207,0
molecola_32887,18,0,18,0.007537025958299637,0
molecola_32887,19,0,19,0.010563279502093792,0
molecola_32887,20,0,20,0.00709579000249505,0
molecola_32887,21,0,21,0.9061015844345093,1
molecola_32887,22,0,22,0.919357419013977,1
molecola_32887,23,1,23,0.8878743052482605,1
molecola_32887,24,1,24,0.8919819593429565,1
molecola_32928,1,0,1,0.0018415256636217237,0
molecola_32928,2,0,2,0.0023664908949285746,0
molecola_32928,3,0,3,0.0019470887491479516,0
molecola_32928,4,0,4,0.0026898228097707033,0
molecola_32928,5,0,5,0.009624348022043705,0
molecola_32928,6,0,6,0.0022851675748825073,0
molecola_32928,7,0,7,0.0020529276225715876,0
molecola_32928,8,0,8,0.006561376620084047,0
molecola_32928,9,0,9,0.0014825458638370037,0
molecola_32928,10,0,10,0.0011153511004522443,0
molecola_32928,11,0,11,0.002448278944939375,0
molecola_32928,12,0,12,0.001065500546246767,0
molecola_32928,13,0,13,0.0012927300995215774,0
molecola_32928,14,0,14,0.0025382747408002615,0
molecola_32928,15,0,15,0.0020009856671094894,0
molecola_32928,16,0,16,0.0026579643599689007,0
molecola_32928,17,0,17,0.009392106905579567,0
molecola_32928,18,0,18,0.002277509542182088,0
molecola_32928,19,0,19,0.0034714110661298037,0
molecola_32928,20,0,20,0.005599276162683964,0
molecola_32928,21,1,21,0.9997945427894592,1
molecola_32928,22,1,22,0.999661922454834,1
molecola_32928,23,0,23,0.006009975913912058,0
molecola_32928,24,0,24,0.0023974173236638308,0
molecola_32928,25,0,25,0.002260415116325021,0
molecola_32928,26,0,26,0.002034887671470642,0
molecola_32928,27,0,27,0.002034887671470642,0
molecola_32928,28,0,28,0.002034887671470642,0
molecola_32928,29,0,29,0.0020529276225715876,0
molecola_32928,30,0,30,0.0022851675748825073,0
molecola_32977,1,0,1,0.0005955435335636139,0
molecola_32977,2,0,2,0.0011555165983736515,0
molecola_32977,3,0,3,0.004585098009556532,0
molecola_32977,4,0,4,0.00272583682090044,0
molecola_32977,5,0,5,0.20810551941394806,0
molecola_32977,6,1,6,0.9811890125274658,1
molecola_32977,7,1,7,0.9823863506317139,1
molecola_32977,8,0,8,0.07440196722745895,0
molecola_32977,9,0,9,0.018528154119849205,0
molecola_32977,10,0,10,0.018528154119849205,0
molecola_32977,11,0,11,0.0024216542951762676,0
molecola_32977,12,0,12,0.002344139153137803,0
molecola_32977,13,0,13,0.004577886778861284,0
molecola_32977,14,0,14,0.0012660324573516846,0
molecola_32977,15,0,15,0.0012696789344772696,0
molecola_32977,16,0,16,0.007292459718883038,0
molecola_32977,17,0,17,0.0059510632418096066,0
molecola_32977,18,0,18,0.00763506768271327,0
molecola_32977,19,0,19,0.001183651271276176,0
molecola_32977,20,0,20,0.007635840680450201,0
molecola_32977,21,0,21,0.0011836630292236805,0
molecola_32977,22,0,22,0.0059575606137514114,0
molecola_32977,23,0,23,0.0076953996904194355,0
molecola_32977,24,0,24,0.001193313393741846,0
molecola_33672,1,0,1,0.5751272439956665,1
molecola_33672,2,1,2,0.8202095031738281,1
molecola_33672,3,1,3,0.623428225517273,1
molecola_33672,4,0,4,0.9638336896896362,1
molecola_33672,5,0,5,0.95827716588974,1
molecola_33672,6,0,6,0.908551037311554,1
molecola_33672,7,0,7,0.9188171029090881,1
molecola_33672,8,0,8,0.02938994951546192,0
molecola_33672,9,0,9,0.8968414068222046,1
molecola_33672,10,0,10,0.8911474347114563,1
molecola_33672,11,0,11,0.01962503232061863,0
molecola_33672,12,0,12,0.0008707817178219557,0
molecola_33672,13,0,13,0.0007833436247892678,0
molecola_33672,14,0,14,0.0042687347158789635,0
molecola_33672,15,0,15,0.00045750365825369954,0
molecola_33672,16,0,16,0.00045750365825369954,0
molecola_34063,1,0,1,0.4134905934333801,0
molecola_34063,2,0,2,0.790465772151947,1
molecola_34063,3,0,3,0.4134905934333801,0
molecola_34063,4,1,4,0.9439080357551575,1
molecola_34063,5,1,5,0.8153564929962158,1
molecola_34063,6,0,6,0.07791997492313385,0
molecola_34063,7,0,7,0.01007350254803896,0
molecola_34063,8,0,8,0.0023541173432022333,0
molecola_34063,9,0,9,0.018934408202767372,0
molecola_34063,10,0,10,0.0023541173432022333,0
molecola_34063,11,0,11,0.01007350254803896,0
molecola_34063,12,0,12,0.008414867334067822,0
molecola_34063,13,0,13,0.0024192642886191607,0
molecola_34063,14,0,14,0.0022382393945008516,0
molecola_34063,15,0,15,0.002159539610147476,0
molecola_34063,16,0,16,0.0019483281066641212,0
molecola_34063,17,0,17,0.005400052759796381,0
molecola_34063,18,0,18,0.0019233182538300753,0
molecola_34083,1,0,1,0.0006934484699741006,0
molecola_34083,2,0,2,0.0014600723516196012,0
molecola_34083,3,0,3,0.007155163213610649,0
molecola_34083,4,0,4,0.0019699980039149523,0
molecola_34083,5,0,5,0.0032091804314404726,0
molecola_34083,6,0,6,0.0017047484871000051,0
molecola_34083,7,0,7,0.011575561948120594,0
molecola_34083,8,0,8,0.0044331420212984085,0
molecola_34083,9,1,9,0.9971750974655151,1
molecola_34083,10,1,10,0.9954029321670532,1
molecola_34083,11,0,11,0.0021195565350353718,0
molecola_34099,1,0,1,0.00048426087596453726,0
molecola_34099,2,0,2,0.0006498421425931156,0
molecola_34099,3,0,3,0.00048426087596453726,0
molecola_34099,4,0,4,0.0006064111366868019,0
molecola_34099,5,0,5,0.048422541469335556,0
molecola_34099,6,1,6,0.9823001027107239,1
molecola_34099,7,1,7,0.9725321531295776,1
molecola_34099,8,0,8,0.0065313950181007385,0
molecola_34099,9,0,9,0.08306243270635605,0
molecola_34099,10,0,10,0.0030061346478760242,0
molecola_34099,11,0,11,0.002198555041104555,0
molecola_34099,12,0,12,0.002747104736045003,0
molecola_34099,13,0,13,0.02878131903707981,0
molecola_34099,14,0,14,0.18838492035865784,0
molecola_34099,15,1,15,0.9691651463508606,1
molecola_34099,16,1,16,0.9300158619880676,1
molecola_34099,17,1,17,0.9724909663200378,1
molecola_34099,18,1,18,0.9224454164505005,1
molecola_34124,1,1,1,0.9883626103401184,1
molecola_34124,2,1,2,0.993224561214447,1
molecola_34124,3,0,3,0.019067374989390373,0
molecola_34124,4,0,4,0.0034293364733457565,0
molecola_34124,5,0,5,0.002238017041236162,0
molecola_34124,6,0,6,0.01041688397526741,0
molecola_34124,7,0,7,0.0006330864853225648,0
molecola_34124,8,0,8,0.00048285574303008616,0
molecola_34124,9,0,9,0.0003897426067851484,0
molecola_34124,10,0,10,0.0004625797737389803,0
molecola_34124,11,0,11,0.0003336720692459494,0
molecola_34124,12,0,12,0.0003416906110942364,0
molecola_34124,13,0,13,0.0003089592501055449,0
molecola_34124,14,0,14,0.0003416906110942364,0
molecola_34124,15,0,15,0.0003336720692459494,0
molecola_34124,16,0,16,0.002238017041236162,0
molecola_34124,17,0,17,0.0034293364733457565,0
molecola_3446,1,0,1,0.0005892981425859034,0
molecola_3446,2,0,2,0.0005622761673294008,0
molecola_3446,3,0,3,0.0006965458742342889,0
molecola_3446,4,0,4,0.0004982541431672871,0
molecola_3446,5,0,5,0.0010897311149165034,0
molecola_3446,6,0,6,0.0010734638199210167,0
molecola_3446,7,0,7,0.0009187300456687808,0
molecola_3446,8,0,8,0.0009108207304961979,0
molecola_3446,9,0,9,0.0006681407685391605,0
molecola_3446,10,0,10,0.0007642960408702493,0
molecola_3446,11,0,11,0.0006329371826723218,0
molecola_3446,12,0,12,0.00511161657050252,0
molecola_3446,13,0,13,0.006102742627263069,0
molecola_3446,14,0,14,0.00882796198129654,0
molecola_3446,15,0,15,0.0048991297371685505,0
molecola_3446,16,0,16,0.019939176738262177,0
molecola_3446,17,0,17,0.013923541642725468,0
molecola_3446,18,0,18,0.030842937529087067,0
molecola_3446,19,1,19,0.9130133986473083,1
molecola_3446,20,1,20,0.8864514827728271,1
molecola_3446,21,0,21,0.02130565419793129,0
molecola_3446,22,0,22,0.001743534579873085,0
molecola_3446,23,0,23,0.0023447112180292606,0
molecola_3446,24,0,24,0.014144983142614365,0
molecola_3446,25,0,25,0.006684066262096167,0
molecola_3446,26,0,26,0.002015078440308571,0
molecola_3446,27,0,27,0.0023721535690128803,0
molecola_3446,28,0,28,0.008147628046572208,0
molecola_3446,29,0,29,0.007782178930938244,0
molecola_3446,30,0,30,0.0023721535690128803,0
molecola_3446,31,0,31,0.002015078440308571,0
molecola_34521,1,0,1,0.001425268710590899,0
molecola_34521,2,0,2,0.010896174237132072,0
molecola_34521,3,0,3,0.0023689439985901117,0
molecola_34521,4,0,4,0.018237391486763954,0
molecola_34521,5,0,5,0.03201601281762123,0
molecola_34521,6,1,6,0.8694319128990173,1
molecola_34521,7,1,7,0.8399139046669006,1
molecola_34521,8,0,8,0.033721182495355606,0
molecola_34521,9,0,9,0.013048696331679821,0
molecola_34521,10,0,10,0.0027529082726687193,0
molecola_34521,11,0,11,0.0022645106073468924,0
molecola_34521,12,0,12,0.002961787860840559,0
molecola_34521,13,0,13,0.016735747456550598,0
molecola_34521,14,0,14,0.0028985883109271526,0
molecola_34521,15,0,15,0.0021748088765889406,0
molecola_34521,16,0,16,0.0018525108462199569,0
molecola_34521,17,0,17,0.0018525108462199569,0
molecola_34521,18,0,18,0.013635334558784962,0
molecola_34521,19,0,19,0.00301660830155015,0
molecola_34568,1,0,1,0.0004164486308582127,0
molecola_34568,2,0,2,0.00047038926277309656,0
molecola_34568,3,0,3,0.0005026504513807595,0
molecola_34568,4,0,4,0.0010826254729181528,0
molecola_34568,5,0,5,0.0010947759728878736,0
molecola_34568,6,0,6,0.0026738971937447786,0
molecola_34568,7,0,7,0.0018921862356364727,0
molecola_34568,8,0,8,0.002898267237469554,0
molecola_34568,9,0,9,0.0019214812200516462,0
molecola_34568,10,0,10,0.007250919472426176,0
molecola_34568,11,0,11,0.002295655431225896,0
molecola_34568,12,0,12,0.003070426406338811,0
molecola_34568,13,0,13,0.01302169170230627,0
molecola_34568,14,0,14,0.007104950491338968,0
molecola_34568,15,1,15,0.027901506051421165,0
molecola_34568,16,0,16,0.009874525479972363,0
molecola_34568,17,0,17,0.01192048005759716,0
molecola_34568,18,0,18,0.0032337415032088757,0
molecola_34568,19,1,19,0.9765552878379822,1
molecola_34568,20,1,20,0.9495221972465515,1
molecola_34568,21,1,21,0.7727108597755432,1
molecola_34568,22,0,22,0.140726238489151,0
molecola_34568,23,0,23,0.03523171320557594,0
molecola_34568,24,0,24,0.010730545036494732,0
molecola_34633,1,0,1,0.001116751809604466,0
molecola_34633,2,0,2,0.0020055032800883055,0
molecola_34633,3,0,3,0.001116751809604466,0
molecola_34633,4,0,4,0.0035723093897104263,0
molecola_34633,5,0,5,0.0022971052676439285,0
molecola_34633,6,0,6,0.0066789803095161915,0
molecola_34633,7,0,7,0.004362195730209351,0
molecola_34633,8,0,8,0.019452322274446487,0
molecola_34633,9,0,9,0.0045010861940681934,0
molecola_34633,10,0,10,0.006444382946938276,0
molecola_34633,11,0,11,0.011525901034474373,0
molecola_34633,12,0,12,0.0074206627905368805,0
molecola_34633,13,0,13,0.012091758660972118,0
molecola_34633,14,0,14,0.0024898480623960495,0
molecola_34633,15,0,15,0.002262430265545845,0
molecola_34633,16,0,16,0.01001099031418562,0
molecola_34633,17,0,17,0.003952019847929478,0
molecola_34633,18,0,18,0.006809092126786709,0
molecola_34633,19,0,19,0.0016360343433916569,0
molecola_34633,20,0,20,0.0007507395348511636,0
molecola_34633,21,0,21,0.0006156660965643823,0
molecola_34633,22,0,22,0.0005136425606906414,0
molecola_34633,23,0,23,0.003430647077038884,0
molecola_34633,24,1,24,0.9983087778091431,1
molecola_34633,25,1,25,0.9963617920875549,1
molecola_34633,26,0,26,0.008311744779348373,0
molecola_34633,27,0,27,0.013040389865636826,0
molecola_34633,28,0,28,0.011449583806097507,0
molecola_34633,29,0,29,0.0010190944885835052,0
molecola_34633,30,0,30,0.00038831442361697555,0
molecola_34633,31,0,31,0.0002602149615995586,0
molecola_34633,32,0,32,0.0002602149615995586,0
molecola_34633,33,0,33,0.00038831442361697555,0
molecola_34741,1,0,1,0.014419199898838997,0
molecola_34741,2,1,2,0.9899888038635254,1
molecola_34741,3,1,3,0.9763867259025574,1
molecola_34741,4,0,4,0.02988387458026409,0
molecola_34741,5,0,5,0.001558869844302535,0
molecola_34741,6,0,6,0.010681118816137314,0
molecola_34741,7,0,7,0.0010475657181814313,0
molecola_34741,8,0,8,0.017917102202773094,0
molecola_34741,9,0,9,0.011621096171438694,0
molecola_34741,10,0,10,0.011621096171438694,0
molecola_35172,1,0,1,0.0007508693961426616,0
molecola_35172,2,0,2,0.0035392495337873697,0
molecola_35172,3,0,3,0.01126650907099247,0
molecola_35172,4,0,4,0.007996076717972755,0
molecola_35172,5,0,5,0.009401410818099976,0
molecola_35172,6,0,6,0.0025485355872660875,0
molecola_35172,7,0,7,0.0067459698766469955,0
molecola_35172,8,0,8,0.004270859528332949,0
molecola_35172,9,0,9,0.0038975318893790245,0
molecola_35172,10,0,10,0.005006068851798773,0
molecola_35172,11,0,11,0.0034192558377981186,0
molecola_35172,12,0,12,0.0022992941085249186,0
molecola_35172,13,0,13,0.001708690426312387,0
molecola_35172,14,0,14,0.0016573084285482764,0
molecola_35172,15,0,15,0.003122074995189905,0
molecola_35172,16,0,16,0.0026363113429397345,0
molecola_35172,17,0,17,0.0007941577350720763,0
molecola_35172,18,0,18,0.0005238431040197611,0
molecola_35172,19,0,19,0.0003572085697669536,0
molecola_35172,20,0,20,0.0005079124239273369,0
molecola_35172,21,0,21,0.0040848348289728165,0
molecola_35172,22,0,22,0.0018102609319612384,0
molecola_35172,23,0,23,0.002186874393373728,0
molecola_35172,24,0,24,0.0021682148799300194,0
molecola_35172,25,0,25,0.0016681713750585914,0
molecola_35172,26,0,26,0.0023765303194522858,0
molecola_35172,27,0,27,0.0005992116639390588,0
molecola_35172,28,1,28,0.9981984496116638,1
molecola_35172,29,1,29,0.9954888224601746,1
molecola_3522,1,1,1,0.9714263081550598,1
molecola_3522,2,1,2,0.9798857569694519,1
molecola_3522,3,1,3,0.9692038893699646,1
molecola_3522,4,1,4,0.9840196371078491,1
molecola_3522,5,0,5,0.002545119496062398,0
molecola_3522,6,0,6,0.005354502238333225,0
molecola_3522,7,0,7,0.00584577489644289,0
molecola_3522,8,0,8,0.0009637268376536667,0
molecola_3522,9,0,9,0.0018261856166645885,0
molecola_3522,10,0,10,0.0029306013602763414,0
molecola_3522,11,0,11,0.0019202588591724634,0
molecola_3522,12,0,12,0.0034084804356098175,0
molecola_3522,13,0,13,0.0009831013157963753,0
molecola_3522,14,0,14,0.0007498275372199714,0
molecola_35422,1,0,1,0.0006934782140888274,0
molecola_35422,2,0,2,0.0013991105370223522,0
molecola_35422,3,0,3,0.006619828287512064,0
molecola_35422,4,0,4,0.0021772347390651703,0
molecola_35422,5,0,5,0.004290957469493151,0
molecola_35422,6,0,6,0.011521587148308754,0
molecola_35422,7,0,7,0.01158920954912901,0
molecola_35422,8,0,8,0.0025402470491826534,0
molecola_35422,9,0,9,0.005491313058882952,0
molecola_35422,10,0,10,0.03267508000135422,0
molecola_35422,11,0,11,0.022705458104610443,0
molecola_35422,12,0,12,0.014068309217691422,0
molecola_35422,13,0,13,0.014068309217691422,0
molecola_35422,14,0,14,0.007240800652652979,0
molecola_35422,15,0,15,0.0016572775784879923,0
molecola_35422,16,0,16,0.011062218807637691,0
molecola_35422,17,0,17,0.06684193760156631,0
molecola_35422,18,0,18,0.007150733377784491,0
molecola_35422,19,1,19,0.9845519661903381,1
molecola_35422,20,1,20,0.9829233288764954,1
molecola_35422,21,0,21,0.21119363605976105,0
molecola_35422,22,0,22,0.002135556424036622,0
molecola_35422,23,0,23,0.002421516226604581,0
molecola_35422,24,0,24,0.0017790383426472545,0
molecola_35422,25,0,25,0.002421516226604581,0
molecola_35422,26,0,26,0.002135556424036622,0
molecola_35464,1,0,1,0.0011358734918758273,0
molecola_35464,2,0,2,0.001774056814610958,0
molecola_35464,3,0,3,0.0011358734918758273,0
molecola_35464,4,0,4,0.0009760071407072246,0
molecola_35464,5,0,5,0.0011435819324105978,0
molecola_35464,6,0,6,0.0030524269677698612,0
molecola_35464,7,0,7,0.002613769844174385,0
molecola_35464,8,0,8,0.0011932587949559093,0
molecola_35464,9,0,9,0.0013422711053863168,0
molecola_35464,10,0,10,0.005185618065297604,0
molecola_35464,11,0,11,0.002414583694189787,0
molecola_35464,12,0,12,0.00290180672891438,0
molecola_35464,13,0,13,0.006268812343478203,0
molecola_35464,14,0,14,0.008752753026783466,0
molecola_35464,15,0,15,0.011280577629804611,0
molecola_35464,16,0,16,0.015123880468308926,0
molecola_35464,17,0,17,0.9320191144943237,1
molecola_35464,18,0,18,0.024682946503162384,0
molecola_35464,19,0,19,0.008256033062934875,0
molecola_35464,20,1,20,0.9516388773918152,1
molecola_35464,21,1,21,0.9279301166534424,1
molecola_35464,22,0,22,0.9199337363243103,1
molecola_3550,1,1,1,0.9954174757003784,1
molecola_3550,2,1,2,0.9977565407752991,1
molecola_3550,3,0,3,0.003159558167681098,0
molecola_3550,4,0,4,0.0012556416913866997,0
molecola_3550,5,0,5,0.002688812557607889,0
molecola_3550,6,0,6,0.0019474400905892253,0
molecola_3550,7,0,7,0.0029756692238152027,0
molecola_3550,8,0,8,0.002130963373929262,0
molecola_3550,9,0,9,0.007266773376613855,0
molecola_3550,10,0,10,0.00230302382260561,0
molecola_3550,11,0,11,0.002314578974619508,0
molecola_3550,12,0,12,0.007513396441936493,0
molecola_3550,13,0,13,0.002314578974619508,0
molecola_3550,14,0,14,0.00230302382260561,0
molecola_3550,15,0,15,0.002800599206238985,0
molecola_3550,16,0,16,0.0009156980086117983,0
molecola_3550,17,0,17,0.0003829694469459355,0
molecola_3550,18,0,18,0.00036606675712391734,0
molecola_3550,19,0,19,0.0017805005190894008,0
molecola_3550,20,0,20,0.0030574286356568336,0
molecola_3550,21,0,21,0.0031578976195305586,0
molecola_35528,1,0,1,0.0005937477690167725,0
molecola_35528,2,0,2,0.001157110440544784,0
molecola_35528,3,0,3,0.00422219093888998,0
molecola_35528,4,0,4,0.002608483424410224,0
molecola_35528,5,0,5,0.24333085119724274,0
molecola_35528,6,0,6,0.356575608253479,0
molecola_35528,7,0,7,0.4531526565551758,0
molecola_35528,8,1,8,0.9367952346801758,1
molecola_35528,9,1,9,0.9580515027046204,1
molecola_35528,10,0,10,0.7731249928474426,1
molecola_35528,11,0,11,0.5756290555000305,1
molecola_35528,12,0,12,0.03192560002207756,0
molecola_35528,13,0,13,0.001491040107794106,0
molecola_35528,14,0,14,0.010017339140176773,0
molecola_35528,15,0,15,0.002054441487416625,0
molecola_35528,16,0,16,0.002386330394074321,0
molecola_35528,17,0,17,0.00816117599606514,0
molecola_35528,18,0,18,0.007782307453453541,0
molecola_35528,19,0,19,0.002386330394074321,0
molecola_35528,20,0,20,0.002054441487416625,0
molecola_35528,21,0,21,0.002377232536673546,0
molecola_35528,22,0,22,0.002585197798907757,0
molecola_35528,23,0,23,0.005824425723403692,0
molecola_35528,24,0,24,0.007599476259201765,0
molecola_35548,1,0,1,0.0004916766192764044,0
molecola_35548,2,0,2,0.0006476410781033337,0
molecola_35548,3,0,3,0.006263289600610733,0
molecola_35548,4,1,4,0.9779788851737976,1
molecola_35548,5,1,5,0.9463671445846558,1
molecola_35548,6,0,6,0.013095006346702576,0
molecola_35548,7,0,7,0.008778627030551434,0
molecola_35548,8,0,8,0.0024262734223157167,0
molecola_35548,9,0,9,0.008126760832965374,0
molecola_35548,10,0,10,0.007780970074236393,0
molecola_35548,11,0,11,0.0024262734223157167,0
molecola_35548,12,0,12,0.008778627030551434,0
molecola_35832,1,0,1,0.002482808195054531,0
molecola_35832,2,1,2,0.9355620741844177,1
molecola_35832,3,0,3,0.002048471011221409,0
molecola_35832,4,0,4,0.00036490405909717083,0
molecola_35832,5,0,5,0.000482299568830058,0
molecola_35832,6,0,6,0.0004633790231309831,0
molecola_35832,7,0,7,0.000357652606908232,0
molecola_35832,8,0,8,0.0005220817402005196,0
molecola_35832,9,0,9,0.0007049969863146544,0
molecola_35832,10,0,10,0.0006469612708315253,0
molecola_35832,11,0,11,0.008292692713439465,0
molecola_35832,12,1,12,0.9463319182395935,1
molecola_35832,13,1,13,0.9631643891334534,1
molecola_35832,14,0,14,0.0296613946557045,0
molecola_35832,15,0,15,0.0007199753890745342,0
molecola_35832,16,0,16,0.0004416796436998993,0
molecola_35832,17,1,17,0.6953096985816956,1
molecola_35832,18,0,18,0.026934852823615074,0
molecola_35832,19,0,19,0.07023020088672638,0
molecola_35832,20,0,20,0.002481154166162014,0
molecola_35832,21,0,21,0.0018848662730306387,0
molecola_35832,22,1,22,0.9409142136573792,1
molecola_35832,23,1,23,0.9120340347290039,1
molecola_35832,24,1,24,0.9136704802513123,1
molecola_3593,1,1,1,0.9883521199226379,1
molecola_3593,2,1,2,0.9932183623313904,1
molecola_3593,3,0,3,0.021471889689564705,0
molecola_3593,4,0,4,0.003808689070865512,0
molecola_3593,5,0,5,0.003377678105607629,0
molecola_3593,6,0,6,0.0017460777889937162,0
molecola_3593,7,0,7,0.008926667273044586,0
molecola_3593,8,0,8,0.0014694764977321029,0
molecola_3593,9,0,9,0.009657621383666992,0
molecola_3593,10,0,10,0.003314712317660451,0
molecola_3593,11,0,11,0.006727862171828747,0
molecola_3593,12,0,12,0.01139508280903101,0
molecola_3593,13,0,13,0.002636632416397333,0
molecola_3593,14,0,14,0.002328090136870742,0
molecola_3593,15,0,15,0.0024315952323377132,0
molecola_3593,16,0,16,0.003339619841426611,0
molecola_3593,17,0,17,0.009930199943482876,0
molecola_3593,18,0,18,0.004114561248570681,0
molecola_3611,1,0,1,0.0006177888717502356,0
molecola_3611,2,0,2,0.0010289335623383522,0
molecola_3611,3,0,3,0.00046407722402364016,0
molecola_3611,4,0,4,0.00031600246438756585,0
molecola_3611,5,0,5,0.00046407722402364016,0
molecola_3611,6,0,6,0.0010289335623383522,0
molecola_3611,7,0,7,0.0006177888717502356,0
molecola_3611,8,0,8,0.0021956509444862604,0
molecola_3611,9,0,9,0.003808790585026145,0
molecola_3611,10,0,10,0.0025884199421852827,0
molecola_3611,11,0,11,0.009002981707453728,0
molecola_3611,12,0,12,0.005524877458810806,0
molecola_3611,13,0,13,0.0037618668284267187,0
molecola_3611,14,0,14,0.0037969581317156553,0
molecola_3611,15,0,15,0.022824108600616455,0
molecola_3611,16,1,16,0.9932184815406799,1
molecola_3611,17,1,17,0.9883521199226379,1
molecola_3611,18,0,18,0.005595496390014887,0
molecola_36160,1,0,1,0.010497458279132843,0
molecola_36160,2,0,2,0.016014067456126213,0
molecola_36160,3,0,3,0.0035779355093836784,0
molecola_36160,4,0,4,0.002027410315349698,0
molecola_36160,5,0,5,0.011353624053299427,0
molecola_36160,6,0,6,0.0013877023011446,0
molecola_36160,7,0,7,0.010359207168221474,0
molecola_36160,8,0,8,0.020676609128713608,0
molecola_36160,9,1,9,0.9546182751655579,1
molecola_36160,10,1,10,0.9029972553253174,1
molecola_36160,11,0,11,0.01304015051573515,0
molecola_36160,12,0,12,0.003839828772470355,0
molecola_36160,13,0,13,0.0022770066279917955,0
molecola_36160,14,0,14,0.0020900447852909565,0
molecola_36160,15,0,15,0.002791445469483733,0
molecola_36160,16,0,16,0.006341015454381704,0
molecola_36509,1,0,1,0.00036133936373516917,0
molecola_36509,2,0,2,0.0006082506733946502,0
molecola_36509,3,0,3,0.0012768241576850414,0
molecola_36509,4,0,4,0.0075435456819832325,0
molecola_36509,5,0,5,0.0007702986476942897,0
molecola_36509,6,0,6,0.0003353907086420804,0
molecola_36509,7,0,7,0.0003216106561012566,0
molecola_36509,8,0,8,0.0003216106561012566,0
molecola_36509,9,0,9,0.0003353907086420804,0
molecola_36509,10,1,10,0.9768834114074707,1
molecola_36509,11,1,11,0.9434906244277954,1
molecola_36509,12,0,12,0.013575718738138676,0
molecola_36509,13,0,13,0.008805730380117893,0
molecola_36509,14,0,14,0.002451470820233226,0
molecola_36509,15,0,15,0.00407168036326766,0
molecola_36509,16,0,16,0.0009335147915408015,0
molecola_36509,17,0,17,0.0005468844319693744,0
molecola_36509,18,0,18,0.0009739046799950302,0
molecola_36509,19,0,19,0.004369240719825029,0
molecola_36509,20,0,20,0.006301876623183489,0
molecola_36514,1,0,1,0.0005153867532499135,0
molecola_36514,2,0,2,0.0008765026577748358,0
molecola_36514,3,0,3,0.0023173829540610313,0
molecola_36514,4,0,4,0.0007922605145722628,0
molecola_36514,5,0,5,0.0008277217275463045,0
molecola_36514,6,0,6,0.002069400390610099,0
molecola_36514,7,1,7,0.9971022009849548,1
molecola_36514,8,1,8,0.9954485297203064,1
molecola_36514,9,0,9,0.004615189973264933,0
molecola_36514,10,0,10,0.0028815879486501217,0
molecola_36514,11,0,11,0.003091102233156562,0
molecola_36514,12,0,12,0.012810342945158482,0
molecola_36514,13,0,13,0.0019455982837826014,0
molecola_36514,14,0,14,0.0023998566903173923,0
molecola_36514,15,0,15,0.0017772212158888578,0
molecola_36514,16,0,16,0.0023998566903173923,0
molecola_36514,17,0,17,0.0019455982837826014,0
molecola_36514,18,0,18,0.012810342945158482,0
molecola_36514,19,0,19,0.0019455982837826014,0
molecola_36514,20,0,20,0.0023998566903173923,0
molecola_36514,21,0,21,0.0017772212158888578,0
molecola_36514,22,0,22,0.0023998566903173923,0
molecola_36514,23,0,23,0.0019455982837826014,0
molecola_36565,1,0,1,0.0005416888161562383,0
molecola_36565,2,0,2,0.0005503909778781235,0
molecola_36565,3,0,3,0.0004521893279161304,0
molecola_36565,4,0,4,0.0005941165727563202,0
molecola_36565,5,0,5,0.0005449682357721031,0
molecola_36565,6,0,6,0.006690629292279482,0
molecola_36565,7,1,7,0.9691984057426453,1
molecola_36565,8,1,8,0.9717565774917603,1
molecola_36565,9,0,9,0.8577075600624084,1
molecola_36565,10,0,10,0.6637987494468689,1
molecola_36565,11,0,11,0.08633491396903992,0
molecola_36565,12,0,12,0.001784719293937087,0
molecola_36565,13,0,13,0.007084728684276342,0
molecola_36565,14,0,14,0.0018995435675606132,0
molecola_36565,15,0,15,0.003209866816177964,0
molecola_36565,16,0,16,0.0019854542333632708,0
molecola_36565,17,0,17,0.011364296078681946,0
molecola_36565,18,0,18,0.002219228073954582,0
molecola_36565,19,0,19,0.002968245418742299,0
molecola_36565,20,0,20,0.002666302490979433,0
molecola_36565,21,0,21,0.002666302490979433,0
molecola_36565,22,0,22,0.002666302490979433,0
molecola_36565,23,0,23,0.0006252456805668771,0
molecola_36565,24,0,24,0.0008053228375501931,0
molecola_36565,25,0,25,0.005797409452497959,0
molecola_36565,26,0,26,0.493283748626709,0
molecola_36565,27,0,27,0.26049840450286865,0
molecola_36565,28,0,28,0.02134639397263527,0
molecola_36565,29,0,29,0.013563055545091629,0
molecola_36565,30,0,30,0.013563055545091629,0
molecola_36760,1,0,1,0.0010621044784784317,0
molecola_36760,2,0,2,0.001963724847882986,0
molecola_36760,3,0,3,0.008728728629648685,0
molecola_36760,4,0,4,0.0024287120904773474,0
molecola_36760,5,0,5,0.0025643296539783478,0
molecola_36760,6,0,6,0.20858454704284668,0
molecola_36760,7,1,7,0.9413824081420898,1
molecola_36760,8,1,8,0.9411775469779968,1
molecola_36760,9,0,9,0.8443636894226074,1
molecola_36760,10,0,10,0.7385926246643066,1
molecola_36760,11,0,11,0.01791912317276001,0
molecola_36760,12,0,12,0.008119357749819756,0
molecola_36760,13,0,13,0.002770055318251252,0
molecola_36760,14,0,14,0.014682170934975147,0
molecola_36760,15,0,15,0.002770055318251252,0
molecola_36760,16,0,16,0.008119357749819756,0
molecola_36760,17,0,17,0.020875034853816032,0
molecola_36760,18,0,18,0.0029979113023728132,0
molecola_36760,19,0,19,0.0030320032965391874,0
molecola_36760,20,0,20,0.008033464662730694,0
molecola_36760,21,0,21,0.003702942281961441,0
molecola_36760,22,0,22,0.0025643296539783478,0
molecola_36760,23,0,23,0.0024287120904773474,0
molecola_36967,1,0,1,0.0010882014175876975,0
molecola_36967,2,0,2,0.007068675942718983,0
molecola_36967,3,0,3,0.005105259828269482,0
molecola_36967,4,0,4,0.007883879356086254,0
molecola_36967,5,0,5,0.0019194631604477763,0
molecola_36967,6,0,6,0.0008004023693501949,0
molecola_36967,7,0,7,0.0005490017356351018,0
molecola_36967,8,0,8,0.0005730843404307961,0
molecola_36967,9,0,9,0.002095232717692852,0
molecola_36967,10,1,10,0.9986481070518494,1
molecola_36967,11,1,11,0.9969267249107361,1
molecola_36967,12,0,12,0.002639962360262871,0
molecola_36967,13,0,13,0.011785025708377361,0
molecola_36967,14,0,14,0.007693590130656958,0
molecola_36967,15,0,15,0.011049534194171429,0
molecola_36967,16,0,16,0.006049594841897488,0
molecola_36967,17,0,17,0.005501228384673595,0
molecola_36967,18,0,18,0.009262125939130783,0
molecola_36967,19,0,19,0.00614429684355855,0
molecola_36967,20,0,20,0.00402793800458312,0
molecola_36967,21,0,21,0.0024266960099339485,0
molecola_36967,22,0,22,0.003581284312531352,0
molecola_36967,23,0,23,0.009718374349176884,0
molecola_36967,24,0,24,0.007245752029120922,0
molecola_36967,25,0,25,0.0009680091170594096,0
molecola_36967,26,0,26,0.0018424252048134804,0
molecola_36967,27,0,27,0.002945603569969535,0
molecola_36967,28,0,28,0.002012446988373995,0
molecola_36967,29,0,29,0.0070749917067587376,0
molecola_36967,30,0,30,0.002027098787948489,0
molecola_36967,31,0,31,0.0053347875364124775,0
molecola_3703,1,0,1,0.0005936891539022326,0
molecola_3703,2,0,2,0.0011540459236130118,0
molecola_3703,3,0,3,0.004186999052762985,0
molecola_3703,4,0,4,0.0022352321539074183,0
molecola_3703,5,0,5,0.010970084927976131,0
molecola_3703,6,0,6,0.0019779435824602842,0
molecola_3703,7,0,7,0.002555171027779579,0
molecola_3703,8,0,8,0.005815386772155762,0
molecola_3703,9,0,9,0.0076001593843102455,0
molecola_3703,10,0,10,0.0030476711690425873,0
molecola_3703,11,0,11,0.011819818057119846,0
molecola_3703,12,0,12,0.053327858448028564,0
molecola_3703,13,0,13,0.0019375751726329327,0
molecola_3703,14,0,14,0.0019990934524685144,0
molecola_3703,15,0,15,0.003429118311032653,0
molecola_3703,16,0,16,0.004149816930294037,0
molecola_3703,17,1,17,0.8832869529724121,1
molecola_3703,18,1,18,0.8542913794517517,1
molecola_3703,19,0,19,0.046670105308294296,0
molecola_3703,20,0,20,0.023497436195611954,0
molecola_3703,21,0,21,0.005762617569416761,0
molecola_3703,22,0,22,0.016193607822060585,0
molecola_3703,23,0,23,0.052591994404792786,0
molecola_37375,1,0,1,0.0017079528188332915,0
molecola_37375,2,0,2,0.0036424167919903994,0
molecola_37375,3,0,3,0.003537324722856283,0
molecola_37375,4,0,4,0.003537324722856283,0
molecola_37375,5,0,5,0.005566263105720282,0
molecola_37375,6,0,6,0.0062974500469863415,0
molecola_37375,7,0,7,0.008847949095070362,0
molecola_37375,8,0,8,0.004915175028145313,0
molecola_37375,9,0,9,0.00687665119767189,0
molecola_37375,10,0,10,0.0017479521920904517,0
molecola_37375,11,0,11,0.0006666203262284398,0
molecola_37375,12,0,12,0.0006639506900683045,0
molecola_37375,13,0,13,0.002210458507761359,0
molecola_37375,14,1,14,0.9970731735229492,1
molecola_37375,15,1,15,0.9950942993164062,1
molecola_37375,16,0,16,0.011091835796833038,0
molecola_37375,17,0,17,0.009152853861451149,0
molecola_37375,18,0,18,0.010126778855919838,0
molecola_37375,19,0,19,0.001973924459889531,0
molecola_37375,20,0,20,0.0023009167052805424,0
molecola_37375,21,0,21,0.0017493554623797536,0
molecola_37375,22,0,22,0.0023009167052805424,0
molecola_37375,23,0,23,0.001973924459889531,0
molecola_37375,24,0,24,0.06551658362150192,0
molecola_37375,25,0,25,0.03631208464503288,0
molecola_37375,26,0,26,0.03631208464503288,0
molecola_37547,1,0,1,0.0020747564267367125,0
molecola_37547,2,0,2,0.0021142824552953243,0
molecola_37547,3,0,3,0.0020747564267367125,0
molecola_37547,4,0,4,0.0020747564267367125,0
molecola_37547,5,0,5,0.0014301124028861523,0
molecola_37547,6,0,6,0.0016892215935513377,0
molecola_37547,7,0,7,0.0021478126291185617,0
molecola_37547,8,0,8,0.001988702453672886,0
molecola_37547,9,0,9,0.0038746215868741274,0
molecola_37547,10,0,10,0.0009227137197740376,0
molecola_37547,11,0,11,0.0005988400080241263,0
molecola_37547,12,0,12,0.0021149262320250273,0
molecola_37547,13,1,13,0.9970734119415283,1
molecola_37547,14,1,14,0.9950947761535645,1
molecola_37547,15,0,15,0.006450391374528408,0
molecola_37547,16,0,16,0.0021006872411817312,0
molecola_37547,17,0,17,0.002165401354432106,0
molecola_37547,18,0,18,0.0021974914707243443,0
molecola_37547,19,0,19,0.0021724652033299208,0
molecola_37547,20,0,20,0.008534912019968033,0
molecola_37547,21,0,21,0.008534915745258331,0
molecola_37547,22,0,22,0.0021724652033299208,0
molecola_37547,23,0,23,0.002197490306571126,0
molecola_37547,24,0,24,0.002165401354432106,0
molecola_37547,25,0,25,0.0021006884053349495,0
molecola_37547,26,0,26,0.006450394168496132,0
molecola_37596,1,0,1,0.00111257447861135,0
molecola_37596,2,0,2,0.0021794310305267572,0
molecola_37596,3,0,3,0.004821107257157564,0
molecola_37596,4,1,4,0.9982548356056213,1
molecola_37596,5,1,5,0.9962835907936096,1
molecola_37596,6,0,6,0.003879711963236332,0
molecola_37596,7,0,7,0.0027435251977294683,0
molecola_37596,8,0,8,0.008564518764615059,0
molecola_37596,9,0,9,0.005143301095813513,0
molecola_37596,10,0,10,0.0021378796081990004,0
molecola_37596,11,0,11,0.00729359919205308,0
molecola_37596,12,0,12,0.000671131070703268,0
molecola_37596,13,0,13,0.000515565334353596,0
molecola_37596,14,0,14,0.0003588304971344769,0
molecola_37596,15,0,15,0.0009284255793318152,0
molecola_37596,16,0,16,0.0038357635494321585,0
molecola_37596,17,0,17,0.0009284255793318152,0
molecola_37596,18,0,18,0.0003588304971344769,0
molecola_37596,19,0,19,0.002534997882321477,0
molecola_37596,20,0,20,0.0025097655598074198,0
molecola_37596,21,0,21,0.002035229466855526,0
molecola_37596,22,0,22,0.0021378796081990004,0
molecola_37596,23,0,23,0.005143301095813513,0
molecola_37826,1,0,1,0.0011345234233886003,0
molecola_37826,2,0,2,0.0016618944937363267,0
molecola_37826,3,0,3,0.0016375327249988914,0
molecola_37826,4,0,4,0.0016855844296514988,0
molecola_37826,5,0,5,0.0016212835907936096,0
molecola_37826,6,0,6,0.00081659882562235,0
molecola_37826,7,0,7,0.0019947856198996305,0
molecola_37826,8,1,8,0.9373880624771118,1
molecola_37826,9,1,9,0.9639700651168823,1
molecola_37826,10,1,10,0.87714684009552,1
molecola_37826,11,1,11,0.9568041563034058,1
molecola_37826,12,0,12,0.7114366292953491,1
molecola_37826,13,0,13,0.7114366292953491,1
molecola_37856,1,0,1,0.005002180114388466,0
molecola_37856,2,0,2,0.01970713585615158,0
molecola_37856,3,0,3,0.0026989406906068325,0
molecola_37856,4,0,4,0.0009713332401588559,0
molecola_37856,5,0,5,0.00225045601837337,0
molecola_37856,6,0,6,0.007341248448938131,0
molecola_37856,7,0,7,0.008380101062357426,0
molecola_37856,8,0,8,0.007683516480028629,0
molecola_37856,9,0,9,0.012458596378564835,0
molecola_37856,10,0,10,0.005141600966453552,0
molecola_37856,11,0,11,0.012423790991306305,0
molecola_37856,12,0,12,0.01610467955470085,0
molecola_37856,13,0,13,0.0031265660654753447,0
molecola_37856,14,0,14,0.004026250913739204,0
molecola_37856,15,0,15,0.011192021891474724,0
molecola_37856,16,0,16,0.005037466064095497,0
molecola_37856,17,0,17,0.00399367231875658,0
molecola_37856,18,0,18,0.0025730489287525415,0
molecola_37856,19,0,19,0.0031464772764593363,0
molecola_37856,20,0,20,0.010190952569246292,0
molecola_37856,21,0,21,0.0022788792848587036,0
molecola_37856,22,0,22,0.002208755584433675,0
molecola_37856,23,0,23,0.0084386533126235,0
molecola_37856,24,0,24,0.0026614824309945107,0
molecola_37856,25,0,25,0.005196144804358482,0
molecola_37856,26,0,26,0.002981751225888729,0
molecola_37856,27,0,27,0.002981751225888729,0
molecola_37856,28,0,28,0.0040962062776088715,0
molecola_37856,29,0,29,0.002208755584433675,0
molecola_37856,30,0,30,0.0022788792848587036,0
molecola_37856,31,1,31,0.9978930354118347,1
molecola_37856,32,1,32,0.9952822327613831,1
molecola_38073,1,0,1,0.0024879719130694866,0
molecola_38073,2,1,2,0.9361239671707153,1
molecola_38073,3,0,3,0.002044359687715769,0
molecola_38073,4,0,4,0.00037387313204817474,0
molecola_38073,5,0,5,0.0006380000268109143,0
molecola_38073,6,0,6,0.0004753709945362061,0
molecola_38073,7,0,7,0.00035243877209722996,0
molecola_38073,8,0,8,0.0005343397497199476,0
molecola_38073,9,0,9,0.004660433158278465,0
molecola_38073,10,0,10,0.0025143774691969156,0
molecola_38073,11,0,11,0.008399538695812225,0
molecola_38073,12,0,12,0.008001843467354774,0
molecola_38073,13,0,13,0.002359157893806696,0
molecola_38073,14,0,14,0.002131983870640397,0
molecola_38073,15,0,15,0.0036985522601753473,0
molecola_38073,16,0,16,0.0024641379714012146,0
molecola_38073,17,0,17,0.002212140941992402,0
molecola_38073,18,0,18,0.0005061790579929948,0
molecola_38073,19,1,19,0.9347074627876282,1
molecola_38073,20,1,20,0.9124455451965332,1
molecola_38073,21,1,21,0.9143345355987549,1
molecola_38176,1,0,1,0.000332661991706118,0
molecola_38176,2,0,2,0.00044763553887605667,0
molecola_38176,3,0,3,0.00047058769268915057,0
molecola_38176,4,0,4,0.06082581728696823,0
molecola_38176,5,0,5,0.0010642096167430282,0
molecola_38176,6,0,6,0.0016364097828045487,0
molecola_38176,7,1,7,0.9780524373054504,1
molecola_38176,8,1,8,0.9800705313682556,1
molecola_38176,9,1,9,0.974435031414032,1
molecola_38176,10,1,10,0.9777855277061462,1
molecola_38176,11,0,11,0.000508404104039073,0
molecola_38176,12,0,12,0.00035084839328192174,0
molecola_38176,13,0,13,0.0003822252620011568,0
molecola_38176,14,0,14,0.0006885040202178061,0
molecola_38176,15,0,15,0.00047272848314605653,0
molecola_38176,16,0,16,0.0004889672854915261,0
molecola_38176,17,0,17,0.0003574961156118661,0
molecola_38176,18,0,18,0.0005518347606994212,0
molecola_38176,19,0,19,0.0010305341565981507,0
molecola_38176,20,0,20,0.0009851790964603424,0
molecola_38176,21,0,21,0.0017497377702966332,0
molecola_38176,22,0,22,0.0021996840368956327,0
molecola_38176,23,0,23,0.0021996840368956327,0
molecola_38176,24,0,24,0.001838242751546204,0
molecola_38176,25,0,25,0.003498579142615199,0
molecola_38176,26,0,26,0.00814089085906744,0
molecola_38176,27,0,27,0.0004567552241496742,0
molecola_38207,1,0,1,0.0006639542407356203,0
molecola_38207,2,0,2,0.000828689313493669,0
molecola_38207,3,0,3,0.0006639542407356203,0
molecola_38207,4,0,4,0.0007225415902212262,0
molecola_38207,5,0,5,0.0013017996679991484,0
molecola_38207,6,0,6,0.002669005887582898,0
molecola_38207,7,0,7,0.004522539209574461,0
molecola_38207,8,0,8,0.00419156439602375,0
molecola_38207,9,0,9,0.011613612994551659,0
molecola_38207,10,0,10,0.009566210210323334,0
molecola_38207,11,0,11,0.003863609628751874,0
molecola_38207,12,0,12,0.002010924741625786,0
molecola_38207,13,0,13,0.014964745379984379,0
molecola_38207,14,0,14,0.0029569128528237343,0
molecola_38207,15,0,15,0.06907738000154495,0
molecola_38207,16,0,16,0.010088839568197727,0
molecola_38207,17,0,17,0.011484815739095211,0
molecola_38207,18,0,18,0.004511848092079163,0
molecola_38207,19,0,19,0.0041946303099393845,0
molecola_38207,20,0,20,0.024852415546774864,0
molecola_38207,21,1,21,0.9378532767295837,1
molecola_38207,22,0,22,0.24173977971076965,0
molecola_38207,23,1,23,0.9378634691238403,1
molecola_38542,1,0,1,0.0005320345517247915,0
molecola_38542,2,0,2,0.000810398196335882,0
molecola_38542,3,0,3,0.0004705065512098372,0
molecola_38542,4,0,4,0.0003497903817333281,0
molecola_38542,5,0,5,0.000498973997309804,0
molecola_38542,6,0,6,0.00045142209273763,0
molecola_38542,7,0,7,0.000374725554138422,0
molecola_38542,8,0,8,0.0021922814194113016,0
molecola_38542,9,1,9,0.9119634032249451,1
molecola_38542,10,1,10,0.9084643125534058,1
molecola_38542,11,0,11,0.814929723739624,1
molecola_38542,12,0,12,0.8322798013687134,1
molecola_38542,13,0,13,0.8834893703460693,1
molecola_38542,14,0,14,0.8768523335456848,1
molecola_38542,15,0,15,0.003986809868365526,0
molecola_38542,16,0,16,0.0004862290224991739,0
molecola_38542,17,0,17,0.0005702651687897742,0
molecola_38542,18,0,18,0.0006252072635106742,0
molecola_38542,19,0,19,0.002533664694055915,0
molecola_38542,20,0,20,0.003006399143487215,0
molecola_38542,21,0,21,0.0036555819679051638,0
molecola_38542,22,0,22,0.0020539399702101946,0
molecola_3870,1,0,1,0.0003238814533688128,0
molecola_3870,2,0,2,0.0003560964250937104,0
molecola_3870,3,0,3,0.00028013510745950043,0
molecola_3870,4,0,4,0.00026973566855303943,0
molecola_3870,5,0,5,0.00028787271003238857,0
molecola_3870,6,0,6,0.0003881225420627743,0
molecola_3870,7,0,7,0.00046062920591793954,0
molecola_3870,8,0,8,0.0019101049983873963,0
molecola_3870,9,1,9,0.9527519941329956,1
molecola_3870,10,0,10,0.002158548217266798,0
molecola_3870,11,0,11,0.002334554912522435,0
molecola_3870,12,0,12,0.9757059216499329,1
molecola_3870,13,0,13,0.9804279208183289,1
molecola_3870,14,0,14,0.9748637676239014,1
molecola_3870,15,0,15,0.9786166548728943,1
molecola_3870,16,0,16,0.0016306418692693114,0
molecola_3870,17,0,17,0.0004324335604906082,0
molecola_3870,18,0,18,0.00039825751446187496,0
molecola_3870,19,0,19,0.00045355482143349946,0
molecola_3870,20,0,20,0.00033123631146736443,0
molecola_3870,21,0,21,0.0003090991813223809,0
molecola_3870,22,1,22,0.941577672958374,1
molecola_3870,23,1,23,0.9223579168319702,1
molecola_3870,24,1,24,0.8886350393295288,1
molecola_3870,25,0,25,0.005436752922832966,0
molecola_3870,26,0,26,0.00576437171548605,0
molecola_3870,27,0,27,0.008729624561965466,0
molecola_3870,28,0,28,0.0018313725013285875,0
molecola_3870,29,0,29,0.0024011244531720877,0
molecola_3870,30,0,30,0.0017775638261809945,0
molecola_3870,31,0,31,0.0024011244531720877,0
molecola_3870,32,0,32,0.0018313725013285875,0
molecola_38927,1,0,1,0.0011775183957070112,0
molecola_38927,2,0,2,0.013384951278567314,0
molecola_38927,3,0,3,0.0023013318423181772,0
molecola_38927,4,0,4,0.0022049336694180965,0
molecola_38927,5,0,5,0.002715736860409379,0
molecola_38927,6,0,6,0.007115678861737251,0
molecola_38927,7,0,7,0.0071488479152321815,0
molecola_38927,8,0,8,0.0034427503123879433,0
molecola_38927,9,0,9,0.0026372908614575863,0
molecola_38927,10,0,10,0.0030160231981426477,0
molecola_38927,11,0,11,0.0011149415513500571,0
molecola_38927,12,0,12,0.020143842324614525,0
molecola_38927,13,1,13,0.9245254993438721,1
molecola_38927,14,1,14,0.8964992761611938,1
molecola_38927,15,0,15,0.02687319554388523,0
molecola_38927,16,0,16,0.013778715394437313,0
molecola_38927,17,0,17,0.002373406430706382,0
molecola_38927,18,0,18,0.0110186617821455,0
molecola_38927,19,0,19,0.0014396603219211102,0
molecola_38927,20,0,20,0.0032936602365225554,0
molecola_38927,21,0,21,0.014545328915119171,0
molecola_38936,1,0,1,0.003291244385764003,0
molecola_38936,2,0,2,0.904573917388916,1
molecola_38936,3,0,3,0.9216845631599426,1
molecola_38936,4,0,4,0.030706385150551796,0
molecola_38936,5,1,5,0.8736986517906189,1
molecola_38936,6,1,6,0.8900026679039001,1
molecola_38936,7,0,7,0.8880795836448669,1
molecola_38936,8,0,8,0.8529525995254517,1
molecola_38936,9,0,9,0.00289717479608953,0
molecola_38936,10,0,10,0.0071934983134269714,0
molecola_38936,11,0,11,0.0010704160667955875,0
molecola_38936,12,0,12,0.07243999093770981,0
molecola_38936,13,0,13,0.0010160455713048577,0
molecola_38936,14,0,14,0.0004595816135406494,0
molecola_38936,15,0,15,0.0003851062501780689,0
molecola_38936,16,0,16,0.0017569644842296839,0
molecola_38936,17,0,17,0.03468937799334526,0
molecola_38936,18,0,18,0.02167043648660183,0
molecola_38936,19,0,19,0.013816555961966515,0
molecola_38936,20,0,20,0.013816555961966515,0
molecola_38936,21,0,21,0.012726129032671452,0
molecola_38936,22,0,22,0.0017654282273724675,0
molecola_38936,23,0,23,0.002368931658565998,0
molecola_38936,24,0,24,0.0017664874903857708,0
molecola_38936,25,0,25,0.002368931658565998,0
molecola_38936,26,0,26,0.0017654282273724675,0
molecola_39046,1,0,1,0.013783653266727924,0
molecola_39046,2,0,2,0.0221275445073843,0
molecola_39046,3,0,3,0.013783653266727924,0
molecola_39046,4,0,4,0.14969033002853394,0
molecola_39046,5,0,5,0.4568983018398285,0
molecola_39046,6,1,6,0.958005964756012,1
molecola_39046,7,1,7,0.9056217074394226,1
molecola_39046,8,0,8,0.01431306079030037,0
molecola_39046,9,0,9,0.009164671413600445,0
molecola_39046,10,0,10,0.003204583190381527,0
molecola_39046,11,0,11,0.0066449642181396484,0
molecola_39046,12,0,12,0.009367339313030243,0
molecola_39046,13,0,13,0.006917307153344154,0
molecola_39046,14,0,14,0.002808439312502742,0
molecola_39046,15,0,15,0.0022310216445475817,0
molecola_39046,16,0,16,0.002156842965632677,0
molecola_39046,17,0,17,0.0022610430605709553,0
molecola_39046,18,0,18,0.01016076747328043,0
molecola_39046,19,0,19,0.0111010130494833,0
molecola_39046,20,0,20,0.009228145703673363,0
molecola_39145,1,0,1,0.0004295874969102442,0
molecola_39145,2,0,2,0.0005031024338677526,0
molecola_39145,3,0,3,0.0005715125589631498,0
molecola_39145,4,0,4,0.0008434053743258119,0
molecola_39145,5,0,5,0.007185306400060654,0
molecola_39145,6,0,6,0.0020847655832767487,0
molecola_39145,7,0,7,0.002548513701185584,0
molecola_39145,8,0,8,0.2038573920726776,0
molecola_39145,9,1,9,0.9276411533355713,1
molecola_39145,10,1,10,0.9286911487579346,1
molecola_39145,11,0,11,0.03770186007022858,0
molecola_39145,12,0,12,0.033413928002119064,0
molecola_39145,13,0,13,0.0030703244265168905,0
molecola_39145,14,0,14,0.004597264342010021,0
molecola_39145,15,0,15,0.0011517199454829097,0
molecola_39145,16,0,16,0.0005966756143607199,0
molecola_39145,17,0,17,0.00531104626134038,0
molecola_39145,18,0,18,0.0011526928283274174,0
molecola_39145,19,0,19,0.0005967040196992457,0
molecola_39145,20,0,20,0.01770586147904396,0
molecola_39145,21,0,21,0.038420435041189194,0
molecola_39145,22,0,22,0.8684412240982056,1
molecola_39145,23,0,23,0.8763933777809143,1
molecola_39145,24,0,24,0.002548513701185584,0
molecola_39145,25,0,25,0.0020847655832767487,0
molecola_39176,1,0,1,0.0005040807300247252,0
molecola_39176,2,0,2,0.0006489293300546706,0
molecola_39176,3,0,3,0.0005013393820263445,0
molecola_39176,4,0,4,0.0005770724965259433,0
molecola_39176,5,0,5,0.0012727518333122134,0
molecola_39176,6,0,6,0.0008475338108837605,0
molecola_39176,7,0,7,0.008353159762918949,0
molecola_39176,8,0,8,0.0017661064630374312,0
molecola_39176,9,0,9,0.0023812775034457445,0
molecola_39176,10,0,10,0.0017726141959428787,0
molecola_39176,11,0,11,0.0023812775034457445,0
molecola_39176,12,0,12,0.0017661064630374312,0
molecola_39176,13,0,13,0.00037773046642541885,0
molecola_39176,14,0,14,0.00029653581441380084,0
molecola_39176,15,0,15,0.0004041327047161758,0
molecola_39176,16,0,16,0.0008229950908571482,0
molecola_39176,17,0,17,0.018778815865516663,0
molecola_39176,18,1,18,0.9606364369392395,1
molecola_39176,19,1,19,0.9106128811836243,1
molecola_39176,20,0,20,0.014118610881268978,0
molecola_39176,21,0,21,0.0073601724579930305,0
molecola_39176,22,0,22,0.002639776561409235,0
molecola_39176,23,0,23,0.0017654483672231436,0
molecola_39176,24,0,24,0.002639776561409235,0
molecola_39176,25,0,25,0.0073601724579930305,0
molecola_39365,1,0,1,0.001232170732691884,0
molecola_39365,2,0,2,0.007118044421076775,0
molecola_39365,3,0,3,0.007448288612067699,0
molecola_39365,4,0,4,0.003873263718560338,0
molecola_39365,5,0,5,0.01246795803308487,0
molecola_39365,6,0,6,0.0032293195836246014,0
molecola_39365,7,0,7,0.004007445182651281,0
molecola_39365,8,0,8,0.002582285553216934,0
molecola_39365,9,0,9,0.009555625729262829,0
molecola_39365,10,0,10,0.005225531291216612,0
molecola_39365,11,0,11,0.0036220450419932604,0
molecola_39365,12,0,12,0.0019911655690521,0
molecola_39365,13,0,13,0.012776810675859451,0
molecola_39365,14,0,14,0.0057474225759506226,0
molecola_39365,15,0,15,0.0029698857106268406,0
molecola_39365,16,0,16,0.0026661960873752832,0
molecola_39365,17,0,17,0.0026661960873752832,0
molecola_39365,18,0,18,0.0026661960873752832,0
molecola_39365,19,0,19,0.002901067491620779,0
molecola_39365,20,0,20,0.010837418027222157,0
molecola_39365,21,0,21,0.02405570074915886,0
molecola_39365,22,0,22,0.0037094762083142996,0
molecola_39365,23,0,23,0.006999826990067959,0
molecola_39365,24,0,24,0.007400610949844122,0
molecola_39365,25,0,25,0.0034326137974858284,0
molecola_39365,26,0,26,0.002301163272932172,0
molecola_39365,27,0,27,0.001012920867651701,0
molecola_39365,28,0,28,0.0007212864002212882,0
molecola_39365,29,0,29,0.000569391530007124,0
molecola_39365,30,0,30,0.010700681246817112,0
molecola_39365,31,1,31,0.9964253306388855,1
molecola_39365,32,1,32,0.9929876923561096,1
molecola_39365,33,0,33,0.006429068278521299,0
molecola_39365,34,0,34,0.0027860207483172417,0
molecola_39365,35,0,35,0.0014102053828537464,0
molecola_39365,36,0,36,0.00044017008622176945,0
molecola_39365,37,0,37,0.00035554112400859594,0
molecola_39365,38,0,38,0.000307906826492399,0
molecola_39365,39,0,39,0.00035554112400859594,0
molecola_39365,40,0,40,0.00044017008622176945,0
molecola_403,1,0,1,0.00255756382830441,0
molecola_403,2,0,2,0.0023404096718877554,0
molecola_403,3,0,3,0.002248647389933467,0
molecola_403,4,0,4,0.001952048041857779,0
molecola_403,5,0,5,0.001098370528779924,0
molecola_403,6,0,6,0.0007518448983319104,0
molecola_403,7,0,7,0.0005645359051413834,0
molecola_403,8,0,8,0.0006189835839904845,0
molecola_403,9,0,9,0.0005519131082110107,0
molecola_403,10,0,10,0.00032913009636104107,0
molecola_403,11,0,11,0.000299757783068344,0
molecola_403,12,0,12,0.0018787349108606577,0
molecola_403,13,1,13,0.9760792851448059,1
molecola_403,14,1,14,0.9802885055541992,1
molecola_403,15,1,15,0.974706768989563,1
molecola_403,16,1,16,0.9784314036369324,1
molecola_403,17,0,17,0.0015690774889662862,0
molecola_403,18,0,18,0.00038062187377363443,0
molecola_403,19,0,19,0.0003746428992599249,0
molecola_403,20,0,20,0.0003978937747888267,0
molecola_403,21,0,21,0.00030574685661122203,0
molecola_403,22,0,22,0.0003353085776325315,0
molecola_403,23,0,23,0.000607161782681942,0
molecola_403,24,0,24,0.00041219627019017935,0
molecola_403,25,0,25,0.0008029259624890983,0
molecola_403,26,0,26,0.04065103456377983,0
molecola_403,27,0,27,0.3675098717212677,0
molecola_403,28,0,28,0.08010464161634445,0
molecola_403,29,0,29,0.3392067849636078,0
molecola_403,30,0,30,0.21488502621650696,0
molecola_403,31,0,31,0.8124374747276306,1
molecola_403,32,0,32,0.7481229901313782,1
molecola_4030,1,0,1,0.0016620148671790957,0
molecola_4030,2,0,2,0.004567097872495651,0
molecola_4030,3,0,3,0.0035682686138898134,0
molecola_4030,4,0,4,0.0035682686138898134,0
molecola_4030,5,0,5,0.0075050522573292255,0
molecola_4030,6,0,6,0.0027214952278882265,0
molecola_4030,7,0,7,0.0020332459826022387,0
molecola_4030,8,0,8,0.007806051056832075,0
molecola_4030,9,0,9,0.0020332459826022387,0
molecola_4030,10,0,10,0.0027214952278882265,0
molecola_4030,11,0,11,0.01448145229369402,0
molecola_4030,12,0,12,0.0012994719436392188,0
molecola_4030,13,1,13,0.9628071784973145,1
molecola_4030,14,1,14,0.9177716374397278,1
molecola_4030,15,0,15,0.014819370582699776,0
molecola_4030,16,0,16,0.007543438579887152,0
molecola_4030,17,0,17,0.002639774000272155,0
molecola_4030,18,0,18,0.0017654417315497994,0
molecola_4030,19,0,19,0.002639774000272155,0
molecola_4030,20,0,20,0.007543438579887152,0
molecola_40519,1,0,1,0.0009338888339698315,0
molecola_40519,2,0,2,0.002659168327227235,0
molecola_40519,3,0,3,0.0027029868215322495,0
molecola_40519,4,0,4,0.9244962334632874,1
molecola_40519,5,0,5,0.0015656554605811834,0
molecola_40519,6,0,6,0.0004851225239690393,0
molecola_40519,7,0,7,0.0004147861909586936,0
molecola_40519,8,0,8,0.00037863789475522935,0
molecola_40519,9,0,9,0.0004413820570334792,0
molecola_40519,10,0,10,0.0029259680304676294,0
molecola_40519,11,0,11,0.0006018450949341059,0
molecola_40519,12,1,12,0.8956748843193054,1
molecola_40519,13,1,13,0.9022016525268555,1
molecola_40519,14,0,14,0.8143993616104126,1
molecola_40519,15,0,15,0.8323042392730713,1
molecola_40519,16,0,16,0.883365273475647,1
molecola_40519,17,0,17,0.8769320845603943,1
molecola_40519,18,0,18,0.003649754449725151,0
molecola_40519,19,0,19,0.000467205565655604,0
molecola_40519,20,0,20,0.0005298851756379008,0
molecola_40519,21,0,21,0.0005159680149517953,0
molecola_40519,22,0,22,0.0005392829771153629,0
molecola_40519,23,0,23,0.0004482698568608612,0
molecola_40519,24,0,24,0.0012383372522890568,0
molecola_40519,25,0,25,0.00041448301635682583,0
molecola_40519,26,0,26,0.0017763373907655478,0
molecola_40519,27,0,27,0.9351802468299866,1
molecola_40519,28,0,28,0.9205584526062012,1
molecola_40519,29,0,29,0.9626474380493164,1
molecola_40519,30,0,30,0.0028968360275030136,0
molecola_40787,1,1,1,0.9950944185256958,1
molecola_40787,2,1,2,0.9970730543136597,1
molecola_40787,3,0,3,0.0021335729397833347,0
molecola_40787,4,0,4,0.0005187332280911505,0
molecola_40787,5,0,5,0.000517962675075978,0
molecola_40787,6,0,6,0.0007692765211686492,0
molecola_40787,7,0,7,0.0017342418432235718,0
molecola_40787,8,0,8,0.011574935168027878,0
molecola_40787,9,0,9,0.002272124169394374,0
molecola_40787,10,0,10,0.9844688773155212,1
molecola_40787,11,0,11,0.9622577428817749,1
molecola_40787,12,0,12,0.4624313414096832,0
molecola_40787,13,0,13,0.3565804362297058,0
molecola_40787,14,0,14,0.24339288473129272,0
molecola_40787,15,0,15,0.00238062278367579,0
molecola_40787,16,0,16,0.0023301090113818645,0
molecola_40787,17,0,17,0.004081129562109709,0
molecola_40787,18,0,18,0.0009336606599390507,0
molecola_40787,19,0,19,0.0005469506722874939,0
molecola_40787,20,0,20,0.0009766638977453113,0
molecola_40787,21,0,21,0.004357004538178444,0
molecola_40787,22,0,22,0.0026492606848478317,0
molecola_40889,1,0,1,0.0006934782140888274,0
molecola_40889,2,0,2,0.001399103901349008,0
molecola_40889,3,0,3,0.00658790860325098,0
molecola_40889,4,0,4,0.0020908715669065714,0
molecola_40889,5,0,5,0.002392040565609932,0
molecola_40889,6,0,6,0.009754989296197891,0
molecola_40889,7,0,7,0.045097947120666504,0
molecola_40889,8,0,8,0.03654886782169342,0
molecola_40889,9,0,9,0.01783219538629055,0
molecola_40889,10,0,10,0.005766809917986393,0
molecola_40889,11,0,11,0.0015285966219380498,0
molecola_40889,12,0,12,0.0007069702842272818,0
molecola_40889,13,0,13,0.0006752042099833488,0
molecola_40889,14,0,14,0.0008342869114130735,0
molecola_40889,15,0,15,0.0006637612241320312,0
molecola_40889,16,0,16,0.0006637612241320312,0
molecola_40889,17,0,17,0.008640860207378864,0
molecola_40889,18,0,18,0.0023342007771134377,0
molecola_40889,19,1,19,0.8638169765472412,1
molecola_40889,20,1,20,0.8376763463020325,1
molecola_40889,21,0,21,0.04057996720075607,0
molecola_40889,22,0,22,0.020982682704925537,0
molecola_40889,23,0,23,0.009778819046914577,0
molecola_40889,24,0,24,0.007995041087269783,0
molecola_40889,25,0,25,0.002378899836912751,0
molecola_40889,26,0,26,0.0033604600466787815,0
molecola_40889,27,0,27,0.04620179906487465,0
molecola_41047,1,0,1,0.0010480358032509685,0
molecola_41047,2,0,2,0.00763726094737649,0
molecola_41047,3,0,3,0.001983002759516239,0
molecola_41047,4,0,4,0.008371027186512947,0
molecola_41047,5,0,5,0.0010576500790193677,0
molecola_41047,6,0,6,0.0029193146619945765,0
molecola_41047,7,0,7,0.007172602228820324,0
molecola_41047,8,0,8,0.002932181814685464,0
molecola_41047,9,1,9,0.9998332262039185,1
molecola_41047,10,1,10,0.9997467398643494,1
molecola_41135,1,0,1,0.0009847159963101149,0
molecola_41135,2,0,2,0.008052323013544083,0
molecola_41135,3,0,3,0.0022582553792744875,0
molecola_41135,4,0,4,0.004211950581520796,0
molecola_41135,5,0,5,0.046427588909864426,0
molecola_41135,6,0,6,0.014225815422832966,0
molecola_41135,7,0,7,0.011190323159098625,0
molecola_41135,8,0,8,0.0468071810901165,0
molecola_41135,9,0,9,0.9174429178237915,1
molecola_41135,10,0,10,0.25165605545043945,0
molecola_41135,11,0,11,0.9215111136436462,1
molecola_41135,12,1,12,0.9192056059837341,1
molecola_41135,13,0,13,0.2513728141784668,0
molecola_41135,14,1,14,0.9230251908302307,1
molecola_41285,1,0,1,0.0005154567770659924,0
molecola_41285,2,0,2,0.0006096953293308616,0
molecola_41285,3,0,3,0.0006952665280550718,0
molecola_41285,4,0,4,0.0016536200419068336,0
molecola_41285,5,0,5,0.005741415079683065,0
molecola_41285,6,0,6,0.002496839500963688,0
molecola_41285,7,0,7,0.0027714609168469906,0
molecola_41285,8,0,8,0.006722995080053806,0
molecola_41285,9,0,9,0.0027507960330694914,0
molecola_41285,10,0,10,0.005629531107842922,0
molecola_41285,11,0,11,0.0013882078928872943,0
molecola_41285,12,0,12,0.0006018780986778438,0
molecola_41285,13,0,13,0.0005605616606771946,0
molecola_41285,14,0,14,0.000521467998623848,0
molecola_41285,15,1,15,0.9998329877853394,1
molecola_41285,16,1,16,0.9997467398643494,1
molecola_41330,1,0,1,0.00040521632763557136,0
molecola_41330,2,0,2,0.0006074978155083954,0
molecola_41330,3,0,3,0.001553737442009151,0
molecola_41330,4,0,4,0.006974292919039726,0
molecola_41330,5,0,5,0.0027271576691418886,0
molecola_41330,6,0,6,0.010359358042478561,0
molecola_41330,7,0,7,0.006627053488045931,0
molecola_41330,8,0,8,0.010181731544435024,0
molecola_41330,9,0,9,0.0023246263153851032,0
molecola_41330,10,0,10,0.0022104692179709673,0
molecola_41330,11,0,11,0.01045149564743042,0
molecola_41330,12,0,12,0.0022104692179709673,0
molecola_41330,13,0,13,0.0023246263153851032,0
molecola_41330,14,0,14,0.002940070116892457,0
molecola_41330,15,0,15,0.0026708953082561493,0
molecola_41330,16,0,16,0.0026708953082561493,0
molecola_41330,17,0,17,0.0026708953082561493,0
molecola_41330,18,0,18,0.0022817335557192564,0
molecola_41330,19,0,19,0.0036565009504556656,0
molecola_41330,20,0,20,0.005708320997655392,0
molecola_41330,21,1,21,0.9997782111167908,1
molecola_41330,22,1,22,0.999692440032959,1
molecola_41546,1,0,1,0.0009516566060483456,0
molecola_41546,2,0,2,0.006102800834923983,0
molecola_41546,3,0,3,0.0018575717695057392,0
molecola_41546,4,0,4,0.0022164497058838606,0
molecola_41546,5,0,5,0.0022666114382445812,0
molecola_41546,6,0,6,0.002515080850571394,0
molecola_41546,7,0,7,0.008637234568595886,0
molecola_41546,8,0,8,0.01954411342740059,0
molecola_41546,9,0,9,0.002440777840092778,0
molecola_41546,10,0,10,0.002718817675486207,0
molecola_41546,11,0,11,0.006584835238754749,0
molecola_41546,12,0,12,0.002718817675486207,0
molecola_41546,13,0,13,0.002440777840092778,0
molecola_41546,14,1,14,0.9998328685760498,1
molecola_41546,15,1,15,0.9997466206550598,1
molecola_41596,1,1,1,0.942269504070282,1
molecola_41596,2,1,2,0.9424871802330017,1
molecola_41596,3,0,3,0.2341698855161667,0
molecola_41596,4,0,4,0.05083731561899185,0
molecola_41596,5,0,5,0.004572939593344927,0
molecola_41596,6,0,6,0.005583588499575853,0
molecola_41596,7,0,7,0.006522644776850939,0
molecola_41596,8,0,8,0.006498039234429598,0
molecola_41596,9,0,9,0.0026025068946182728,0
molecola_41596,10,0,10,0.001046745222993195,0
molecola_41596,11,0,11,0.0009229001007042825,0
molecola_41596,12,0,12,0.0018390713958069682,0
molecola_41596,13,0,13,0.0019049864495173097,0
molecola_41596,14,0,14,0.0025919158942997456,0
molecola_41620,1,1,1,0.9379321336746216,1
molecola_41620,2,1,2,0.9379187226295471,1
molecola_41620,3,0,3,0.24161605536937714,0
molecola_41620,4,0,4,0.06553210318088531,0
molecola_41620,5,0,5,0.00292628793977201,0
molecola_41620,6,0,6,0.00372560927644372,0
molecola_41620,7,0,7,0.009593605063855648,0
molecola_41620,8,0,8,0.0219589751213789,0
molecola_41620,9,0,9,0.004465335048735142,0
molecola_41620,10,0,10,0.003387744538486004,0
molecola_41620,11,0,11,0.014888784848153591,0
molecola_41620,12,0,12,0.0032423154916614294,0
molecola_42016,1,0,1,0.0017899633385241032,0
molecola_42016,2,0,2,0.0018302779644727707,0
molecola_42016,3,0,3,0.002052678493782878,0
molecola_42016,4,0,4,0.0030832774937152863,0
molecola_42016,5,0,5,0.020489554852247238,0
molecola_42016,6,0,6,0.0051557281985878944,0
molecola_42016,7,0,7,0.959566056728363,1
molecola_42016,8,0,8,0.9534851908683777,1
molecola_42016,9,0,9,0.034767478704452515,0
molecola_42016,10,0,10,0.032353274524211884,0
molecola_42016,11,0,11,0.004696715623140335,0
molecola_42016,12,0,12,0.21837538480758667,0
molecola_42016,13,0,13,0.06481494009494781,0
molecola_42016,14,1,14,0.9662383794784546,1
molecola_42016,15,1,15,0.9624922275543213,1
molecola_42016,16,0,16,0.17902536690235138,0
molecola_42016,17,0,17,0.003400244517251849,0
molecola_42016,18,0,18,0.010700641199946404,0
molecola_42016,19,0,19,0.0014226441271603107,0
molecola_42016,20,0,20,0.0020677947904914618,0
molecola_42016,21,0,21,0.0031057954765856266,0
molecola_42016,22,0,22,0.00853034108877182,0
molecola_42131,1,0,1,0.0006083475309424102,0
molecola_42131,2,0,2,0.001241407124325633,0
molecola_42131,3,0,3,0.005779520142823458,0
molecola_42131,4,0,4,0.002797310706228018,0
molecola_42131,5,0,5,0.011215788312256336,0
molecola_42131,6,0,6,0.0028755178209394217,0
molecola_42131,7,0,7,0.0020190831273794174,0
molecola_42131,8,0,8,0.0017599109560251236,0
molecola_42131,9,0,9,0.0017599109560251236,0
molecola_42131,10,0,10,0.0010305724572390318,0
molecola_42131,11,0,11,0.0024330078158527613,0
molecola_42131,12,0,12,0.0028016476426273584,0
molecola_42131,13,0,13,0.011045090854167938,0
molecola_42131,14,0,14,0.010383467189967632,0
molecola_42131,15,0,15,0.013533319346606731,0
molecola_42131,16,0,16,0.01202471274882555,0
molecola_42131,17,0,17,0.002452848246321082,0
molecola_42131,18,0,18,0.0022007767111063004,0
molecola_42131,19,0,19,0.002349743852391839,0
molecola_42131,20,0,20,0.0029773556161671877,0
molecola_42131,21,0,21,0.012602999806404114,0
molecola_42131,22,0,22,0.007437473628669977,0
molecola_42131,23,0,23,0.012315655127167702,0
molecola_42131,24,0,24,0.0030595615971833467,0
molecola_42131,25,0,25,0.0031926059164106846,0
molecola_42131,26,0,26,0.00342425424605608,0
molecola_42131,27,0,27,0.006009095814079046,0
molecola_42131,28,1,28,0.9997827410697937,1
molecola_42131,29,1,29,0.9996943473815918,1
molecola_42131,30,0,30,0.011564284563064575,0
molecola_42190,1,0,1,0.0012696958146989346,0
molecola_42190,2,0,2,0.007305346429347992,0
molecola_42190,3,0,3,0.06016191095113754,0
molecola_42190,4,0,4,0.49859681725502014,0
molecola_42190,5,0,5,0.5008541941642761,1
molecola_42190,6,0,6,0.2675372362136841,0
molecola_42190,7,0,7,0.004340287763625383,0
molecola_42190,8,0,8,0.006168749183416367,0
molecola_42190,9,0,9,0.009187028743326664,0
molecola_42190,10,0,10,0.005664289463311434,0
molecola_42190,11,0,11,0.006168749183416367,0
molecola_42190,12,0,12,0.004340287763625383,0
molecola_42190,13,0,13,0.006602110341191292,0
molecola_42190,14,0,14,0.005162184126675129,0
molecola_42190,15,0,15,0.042532190680503845,0
molecola_42190,16,1,16,0.9422659277915955,1
molecola_42190,17,0,17,0.2275579273700714,0
molecola_42190,18,1,18,0.9423559904098511,1
molecola_42233,1,0,1,0.000812912592664361,0
molecola_42233,2,0,2,0.00634617917239666,0
molecola_42233,3,0,3,0.0021186985541135073,0
molecola_42233,4,0,4,0.010946993716061115,0
molecola_42233,5,0,5,0.9493042826652527,1
molecola_42233,6,0,6,0.9734102487564087,1
molecola_42233,7,0,7,0.9734494090080261,1
molecola_42233,8,0,8,0.9466537833213806,1
molecola_42233,9,0,9,0.034010954201221466,0
molecola_42233,10,0,10,0.009830432012677193,0
molecola_42233,11,0,11,0.003093898296356201,0
molecola_42233,12,0,12,0.0022973630111664534,0
molecola_42233,13,0,13,0.010952018201351166,0
molecola_42233,14,0,14,0.0020131575874984264,0
molecola_42233,15,0,15,0.002258387627080083,0
molecola_42233,16,0,16,0.0021933496464043856,0
molecola_42233,17,0,17,0.0025249177124351263,0
molecola_42233,18,0,18,0.03725922107696533,0
molecola_42233,19,0,19,0.0688076913356781,0
molecola_42233,20,0,20,0.004197509493678808,0
molecola_42233,21,1,21,0.919879138469696,1
molecola_42233,22,0,22,0.250946581363678,0
molecola_42233,23,1,23,0.9235353469848633,1
molecola_42394,1,0,1,0.00031074852449819446,0
molecola_42394,2,0,2,0.00041788621456362307,0
molecola_42394,3,0,3,0.0032848105765879154,0
molecola_42394,4,1,4,0.9672644734382629,1
molecola_42394,5,1,5,0.9739712476730347,1
molecola_42394,6,1,6,0.9690365195274353,1
molecola_42394,7,1,7,0.8778436183929443,1
molecola_42394,8,1,8,0.9670690298080444,1
molecola_42394,9,1,9,0.8865584135055542,1
molecola_42394,10,1,10,0.971869170665741,1
molecola_42394,11,1,11,0.9677492380142212,1
molecola_42634,1,0,1,0.011671065352857113,0
molecola_42634,2,0,2,0.9846803545951843,1
molecola_42634,3,0,3,0.9865157604217529,1
molecola_42634,4,0,4,0.032032668590545654,0
molecola_42634,5,0,5,0.010657929815351963,0
molecola_42634,6,0,6,0.0028291456401348114,0
molecola_42634,7,0,7,0.002145051024854183,0
molecola_42634,8,0,8,0.0020865141414105892,0
molecola_42634,9,0,9,0.0005012246547266841,0
molecola_42634,10,0,10,0.0004081057559233159,0
molecola_42634,11,0,11,0.00031807171762920916,0
molecola_42634,12,0,12,0.00031807171762920916,0
molecola_42634,13,0,13,0.00036875077057629824,0
molecola_42634,14,0,14,0.0016228666063398123,0
molecola_42634,15,0,15,0.0013522221706807613,0
molecola_42634,16,0,16,0.0011972847860306501,0
molecola_42634,17,0,17,0.00048370243166573346,0
molecola_42634,18,0,18,0.0004344871558714658,0
molecola_42634,19,0,19,0.0004391005786601454,0
molecola_42634,20,0,20,0.0003998918691650033,0
molecola_42634,21,0,21,0.0017972993664443493,0
molecola_42634,22,1,22,0.9503278136253357,1
molecola_42634,23,1,23,0.9340194463729858,1
molecola_42634,24,1,24,0.9309226274490356,1
molecola_42634,25,1,25,0.9421469569206238,1
molecola_42634,26,0,26,0.003591015236452222,0
molecola_42634,27,0,27,0.003591015236452222,0
molecola_42634,28,0,28,0.0032032460439950228,0
molecola_42634,29,0,29,0.0003593280562199652,0
molecola_42634,30,0,30,0.00033604653435759246,0
molecola_42634,31,0,31,0.00042194113484583795,0
molecola_42634,32,0,32,0.0003768122405745089,0
molecola_42634,33,0,33,0.0004770919622387737,0
molecola_42634,34,0,34,0.00038695288822054863,0
molecola_42634,35,0,35,0.0003551248228177428,0
molecola_42634,36,0,36,0.0013363015605136752,0
molecola_42634,37,0,37,0.025303861126303673,0
molecola_42634,38,0,38,0.015691684558987617,0
molecola_42634,39,0,39,0.013007725588977337,0
molecola_42634,40,0,40,0.013007725588977337,0
molecola_42776,1,0,1,0.0007738187559880316,0
molecola_42776,2,0,2,0.002186322119086981,0
molecola_42776,3,0,3,0.003606216749176383,0
molecola_42776,4,0,4,0.013189340941607952,0
molecola_42776,5,0,5,0.047777898609638214,0
molecola_42776,6,0,6,0.005102754104882479,0
molecola_42776,7,0,7,0.008496367372572422,0
molecola_42776,8,0,8,0.005102754104882479,0
molecola_42776,9,0,9,0.047777898609638214,0
molecola_42776,10,1,10,0.9189788699150085,1
molecola_42776,11,1,11,0.25154149532318115,0
molecola_42776,12,1,12,0.9228622913360596,1
molecola_42776,13,0,13,0.003317010123282671,0
molecola_42776,14,0,14,0.002436110284179449,0
molecola_42776,15,0,15,0.001797444885596633,0
molecola_42776,16,0,16,0.0010218803072348237,0
molecola_42776,17,0,17,0.0007458722684532404,0
molecola_42776,18,0,18,0.0008206829079426825,0
molecola_42776,19,0,19,0.0006639016792178154,0
molecola_42776,20,0,20,0.0006639016792178154,0
molecola_42776,21,0,21,0.9189788699150085,1
molecola_42776,22,0,22,0.25154149532318115,0
molecola_42776,23,0,23,0.9228622913360596,1
molecola_42776,24,0,24,0.002522421069443226,0
molecola_42776,25,0,25,0.0019691300112754107,0
molecola_42776,26,0,26,0.0026706221979111433,0
molecola_42776,27,0,27,0.009805113077163696,0
molecola_42776,28,0,28,0.0023087391164153814,0
molecola_42776,29,0,29,0.0022962945513427258,0
molecola_42776,30,0,30,0.008957578800618649,0
molecola_42776,31,0,31,0.0022962945513427258,0
molecola_42776,32,0,32,0.0023087391164153814,0
molecola_42776,33,0,33,0.0015656629111617804,0
molecola_42776,34,0,34,0.0009792144410312176,0
molecola_42776,35,0,35,0.0011397592024877667,0
molecola_42776,36,0,36,0.0013139371294528246,0
molecola_42776,37,0,37,0.0009792144410312176,0
molecola_42776,38,0,38,0.0011397592024877667,0
molecola_42776,39,0,39,0.0013139371294528246,0
molecola_43152,1,0,1,0.000880190113093704,0
molecola_43152,2,0,2,0.004903390537947416,0
molecola_43152,3,0,3,0.0017647492932155728,0
molecola_43152,4,0,4,0.0022124028764665127,0
molecola_43152,5,0,5,0.002149652922526002,0
molecola_43152,6,0,6,0.0018021599389612675,0
molecola_43152,7,0,7,0.002959504956379533,0
molecola_43152,8,0,8,0.0014276256551966071,0
molecola_43152,9,0,9,0.0006940847961232066,0
molecola_43152,10,0,10,0.0022909718099981546,0
molecola_43152,11,1,11,0.998573899269104,1
molecola_43152,12,1,12,0.996920108795166,1
molecola_43152,13,0,13,0.0085318423807621,0
molecola_43152,14,0,14,0.00172527099493891,0
molecola_43152,15,0,15,0.0023778579197824,0
molecola_43152,16,0,16,0.0017726834630593657,0
molecola_43152,17,0,17,0.0023778579197824,0
molecola_43152,18,0,18,0.00172527099493891,0
molecola_43270,1,1,1,0.9299060702323914,1
molecola_43270,2,1,2,0.9253755211830139,1
molecola_43270,3,0,3,0.2426580786705017,0
molecola_43270,4,0,4,0.23080462217330933,0
molecola_43270,5,0,5,0.13717955350875854,0
molecola_43270,6,0,6,0.06834781169891357,0
molecola_43270,7,0,7,0.010200471617281437,0
molecola_43270,8,0,8,0.0021433227229863405,0
molecola_43270,9,0,9,0.002529537072405219,0
molecola_43270,10,0,10,0.009126758202910423,0
molecola_43270,11,0,11,0.00269865314476192,0
molecola_43270,12,0,12,0.0022971532307565212,0
molecola_43270,13,0,13,0.0022993225138634443,0
molecola_43270,14,0,14,0.0025858236476778984,0
molecola_43270,15,0,15,0.008475411683321,0
molecola_43270,16,0,16,0.0020859683863818645,0
molecola_43270,17,0,17,0.006209369748830795,0
molecola_43280,1,0,1,0.0031723768915981054,0
molecola_43280,2,0,2,0.0028456198051571846,0
molecola_43280,3,0,3,0.002617795718833804,0
molecola_43280,4,0,4,0.0032218380365520716,0
molecola_43280,5,0,5,0.007319957949221134,0
molecola_43280,6,0,6,0.003786480752751231,0
molecola_43280,7,0,7,0.0059113884344697,0
molecola_43280,8,1,8,0.9997830986976624,1
molecola_43280,9,1,9,0.9996947050094604,1
molecola_43280,10,0,10,0.010235115885734558,0
molecola_43280,11,0,11,0.002420584438368678,0
molecola_43280,12,0,12,0.0022347441408783197,0
molecola_43280,13,0,13,0.00966675579547882,0
molecola_43280,14,0,14,0.0019620712846517563,0
molecola_43280,15,0,15,0.003064607037231326,0
molecola_43280,16,0,16,0.0019620712846517563,0
molecola_43280,17,0,17,0.009666727855801582,0
molecola_43280,18,0,18,0.0022238322999328375,0
molecola_43280,19,0,19,0.0024164372589439154,0
molecola_43280,20,0,20,0.00895272009074688,0
molecola_43280,21,0,21,0.007423540111631155,0
molecola_43280,22,0,22,0.007246589288115501,0
molecola_43288,1,1,1,0.9997467398643494,1
molecola_43288,2,1,2,0.9998329877853394,1
molecola_43288,3,0,3,0.006975031923502684,0
molecola_43288,4,0,4,0.0027087563648819923,0
molecola_43288,5,0,5,0.0023327209055423737,0
molecola_43288,6,0,6,0.005558123346418142,0
molecola_43288,7,0,7,0.0005599662545137107,0
molecola_43288,8,0,8,0.000490824633743614,0
molecola_43288,9,0,9,0.0017023261170834303,0
molecola_43288,10,0,10,0.006879642140120268,0
molecola_43288,11,0,11,0.0030513389501720667,0
molecola_43295,1,0,1,0.009605223312973976,0
molecola_43295,2,0,2,0.009394689463078976,0
molecola_43295,3,0,3,0.0033508758060634136,0
molecola_43295,4,0,4,0.010106970556080341,0
molecola_43295,5,0,5,0.001950613223016262,0
molecola_43295,6,0,6,0.0030217121820896864,0
molecola_43295,7,0,7,0.002108669141307473,0
molecola_43295,8,0,8,0.00785935390740633,0
molecola_43295,9,0,9,0.008296634070575237,0
molecola_43295,10,0,10,0.0021432340145111084,0
molecola_43295,11,0,11,0.002188556594774127,0
molecola_43295,12,0,12,0.002166356658563018,0
molecola_43295,13,0,13,0.002103022765368223,0
molecola_43295,14,0,14,0.007830308750271797,0
molecola_43295,15,0,15,0.010316728614270687,0
molecola_43295,16,0,16,0.007521807216107845,0
molecola_43295,17,1,17,0.9997594952583313,1
molecola_43295,18,1,18,0.9996753931045532,1
molecola_43295,19,0,19,0.0073286076076328754,0
molecola_43310,1,0,1,0.0012701977975666523,0
molecola_43310,2,0,2,0.00558680621907115,0
molecola_43310,3,0,3,0.004430537577718496,0
molecola_43310,4,0,4,0.004086511209607124,0
molecola_43310,5,0,5,0.016085727140307426,0
molecola_43310,6,0,6,0.0024066143669188023,0
molecola_43310,7,0,7,0.003098198678344488,0
molecola_43310,8,0,8,0.0037793987430632114,0
molecola_43310,9,0,9,0.008247869089245796,0
molecola_43310,10,1,10,0.9997760653495789,1
molecola_43310,11,1,11,0.9996914863586426,1
molecola_43310,12,0,12,0.014236116781830788,0
molecola_43334,1,1,1,0.9996768236160278,1
molecola_43334,2,1,2,0.999762237071991,1
molecola_43334,3,0,3,0.006561012472957373,0
molecola_43334,4,0,4,0.006567782256752253,0
molecola_43334,5,0,5,0.0006224855897016823,0
molecola_43334,6,0,6,0.0005675893626175821,0
molecola_43334,7,0,7,0.004420197103172541,0
molecola_43334,8,0,8,0.001776442164555192,0
molecola_43334,9,0,9,0.0029764955397695303,0
molecola_43334,10,0,10,0.0019439399475231767,0
molecola_43334,11,0,11,0.009499073959887028,0
molecola_43334,12,0,12,0.0022147789131850004,0
molecola_43334,13,0,13,0.002366770291700959,0
molecola_43334,14,0,14,0.007448450196534395,0
molecola_43334,15,0,15,0.007935857400298119,0
molecola_43334,16,0,16,0.002130744280293584,0
molecola_43334,17,0,17,0.002161956625059247,0
molecola_43334,18,0,18,0.0021570133976638317,0
molecola_43334,19,0,19,0.0022426012437790632,0
molecola_43334,20,0,20,0.011232808232307434,0
molecola_43334,21,0,21,0.006805693730711937,0
molecola_43334,22,0,22,0.006772274617105722,0
molecola_43406,1,1,1,0.9996944665908813,1
molecola_43406,2,1,2,0.9997827410697937,1
molecola_43406,3,0,3,0.006299622356891632,0
molecola_43406,4,0,4,0.0038861981593072414,0
molecola_43406,5,0,5,0.014874076470732689,0
molecola_43406,6,0,6,0.0022253829520195723,0
molecola_43406,7,0,7,0.0024030348286032677,0
molecola_43406,8,0,8,0.002684537321329117,0
molecola_43406,9,0,9,0.007167622447013855,0
molecola_43406,10,0,10,0.012698044069111347,0
molecola_43406,11,0,11,0.012789411470293999,0
molecola_43406,12,0,12,0.007062965538352728,0
molecola_43406,13,0,13,0.002668550470843911,0
molecola_43406,14,0,14,0.002416068222373724,0
molecola_43406,15,0,15,0.0025325235910713673,0
molecola_43406,16,0,16,0.013033180497586727,0
molecola_43414,1,1,1,0.9394136667251587,1
molecola_43414,2,1,2,0.9387912750244141,1
molecola_43414,3,0,3,0.2330058068037033,0
molecola_43414,4,0,4,0.04899239167571068,0
molecola_43414,5,0,5,0.008189540356397629,0
molecola_43414,6,0,6,0.16013021767139435,0
molecola_43414,7,1,7,0.9833053946495056,1
molecola_43414,8,1,8,0.9858038425445557,1
molecola_43414,9,0,9,0.015067489817738533,0
molecola_43414,10,0,10,0.0022939895279705524,0
molecola_43414,11,0,11,0.003318459028378129,0
molecola_43414,12,1,12,0.004371894523501396,0
molecola_43414,13,1,13,0.00867236964404583,0
molecola_43414,14,0,14,0.011368909850716591,0
molecola_43414,15,0,15,0.007486144546419382,0
molecola_43414,16,0,16,0.0491349957883358,0
molecola_43414,17,0,17,0.0028639130759984255,0
molecola_43414,18,0,18,0.0028754372615367174,0
molecola_43414,19,0,19,0.9387912750244141,1
molecola_43414,20,0,20,0.2330058068037033,0
molecola_43414,21,0,21,0.9394136667251587,1
molecola_43414,22,0,22,0.0030599471647292376,0
molecola_43414,23,0,23,0.002868213690817356,0
molecola_43419,1,1,1,0.9997151494026184,1
molecola_43419,2,1,2,0.9997401833534241,1
molecola_43419,3,0,3,0.007538584526628256,0
molecola_43419,4,0,4,0.005607121624052525,0
molecola_43419,5,0,5,0.012676086276769638,0
molecola_43419,6,0,6,0.0026836376637220383,0
molecola_43419,7,0,7,0.0023105621803551912,0
molecola_43419,8,0,8,0.0024107263889163733,0
molecola_43419,9,0,9,0.0037420967128127813,0
molecola_43419,10,0,10,0.01080045010894537,0
molecola_43419,11,0,11,0.015063697472214699,0
molecola_43426,1,1,1,0.9287605285644531,1
molecola_43426,2,1,2,0.9247592687606812,1
molecola_43426,3,0,3,0.24351507425308228,0
molecola_43426,4,0,4,0.1932433694601059,0
molecola_43426,5,0,5,0.08993972837924957,0
molecola_43426,6,0,6,0.03595227003097534,0
molecola_43426,7,0,7,0.0020554643124341965,0
molecola_43426,8,0,8,0.0029465786647051573,0
molecola_43426,9,0,9,0.0021091587841510773,0
molecola_43426,10,0,10,0.007627931423485279,0
molecola_43426,11,0,11,0.008449249900877476,0
molecola_43426,12,0,12,0.0026571706403046846,0
molecola_43426,13,0,13,0.011141544207930565,0
molecola_43426,14,0,14,0.002065228298306465,0
molecola_43426,15,0,15,0.0022925930097699165,0
molecola_43426,16,0,16,0.002292822115123272,0
molecola_43426,17,0,17,0.0020849481225013733,0
molecola_43426,18,0,18,0.011160346679389477,0
molecola_43426,19,0,19,0.002507920376956463,0
molecola_43426,20,0,20,0.010890317149460316,0
molecola_43426,21,0,21,0.0027643495704978704,0
molecola_43426,22,0,22,0.03233737125992775,0
molecola_43426,23,0,23,0.008020817302167416,0
molecola_4346,1,0,1,0.0012217951007187366,0
molecola_4346,2,0,2,0.007125495932996273,0
molecola_4346,3,0,3,0.013891876675188541,0
molecola_4346,4,1,4,0.9963705539703369,1
molecola_4346,5,1,5,0.9935294985771179,1
molecola_4346,6,0,6,0.006948890630155802,0
molecola_4346,7,0,7,0.013882330618798733,0
molecola_4346,8,0,8,0.004120042081922293,0
molecola_4346,9,0,9,0.008875414729118347,0
molecola_4346,10,0,10,0.005918184760957956,0
molecola_4346,11,0,11,0.003743408713489771,0
molecola_4346,12,0,12,0.0096570560708642,0
molecola_4346,13,0,13,0.004201056901365519,0
molecola_4346,14,0,14,0.002856558421626687,0
molecola_4346,15,0,15,0.002729320665821433,0
molecola_4346,16,0,16,0.002373030409216881,0
molecola_4346,17,0,17,0.035873785614967346,0
molecola_4346,18,0,18,0.021765591576695442,0
molecola_4346,19,0,19,0.013791640289127827,0
molecola_4346,20,0,20,0.013791640289127827,0
molecola_4346,21,0,21,0.007692679762840271,0
molecola_4346,22,0,22,0.002007794100791216,0
molecola_4346,23,0,23,0.002323827939108014,0
molecola_4346,24,0,24,0.0020919262897223234,0
molecola_4346,25,0,25,0.002890808042138815,0
molecola_4346,26,0,26,0.004858409054577351,0
molecola_43472,1,1,1,0.9997467398643494,1
molecola_43472,2,1,2,0.9998329877853394,1
molecola_43472,3,0,3,0.0067199524492025375,0
molecola_43472,4,0,4,0.002832280471920967,0
molecola_43472,5,0,5,0.0025061415508389473,0
molecola_43472,6,0,6,0.0067389956675469875,0
molecola_43472,7,0,7,0.0064674317836761475,0
molecola_43472,8,0,8,0.006836119573563337,0
molecola_43472,9,0,9,0.0022603159304708242,0
molecola_43472,10,0,10,0.002188431564718485,0
molecola_43472,11,0,11,0.002188431564718485,0
molecola_43472,12,0,12,0.0022603182587772608,0
molecola_43472,13,0,13,0.00683051161468029,0
molecola_43472,14,0,14,0.006578250788152218,0
molecola_43472,15,0,15,0.00737207243219018,0
molecola_43472,16,0,16,0.002908367430791259,0
molecola_43497,1,0,1,0.0018262775847688317,0
molecola_43497,2,0,2,0.006003806367516518,0
molecola_43497,3,0,3,0.002179368631914258,0
molecola_43497,4,0,4,0.009282630868256092,0
molecola_43497,5,0,5,0.0017207470955327153,0
molecola_43497,6,0,6,0.003242864040657878,0
molecola_43497,7,0,7,0.002723354147747159,0
molecola_43497,8,0,8,0.00693991594016552,0
molecola_43497,9,0,9,0.0029065292328596115,0
molecola_43497,10,1,10,0.9998329877853394,1
molecola_43497,11,1,11,0.9997467398643494,1
molecola_43497,12,0,12,0.01632344350218773,0
molecola_43497,13,0,13,0.03787777200341225,0
molecola_43599,1,0,1,0.013037241995334625,0
molecola_43599,2,0,2,0.05772974714636803,0
molecola_43599,3,0,3,0.013037241995334625,0
molecola_43599,4,1,4,0.9759949445724487,1
molecola_43599,5,1,5,0.9683390855789185,1
molecola_43599,6,0,6,0.9334418177604675,1
molecola_43599,7,0,7,0.927947461605072,1
molecola_43599,8,0,8,0.8374806046485901,1
molecola_43599,9,0,9,0.7381589412689209,1
molecola_43599,10,0,10,0.018535196781158447,0
molecola_43599,11,0,11,0.007108823396265507,0
molecola_43599,12,0,12,0.0036147853825241327,0
molecola_43599,13,0,13,0.0022827358916401863,0
molecola_43599,14,0,14,0.009745671413838863,0
molecola_43599,15,0,15,0.008477664552628994,0
molecola_43599,16,0,16,0.00717154610902071,0
molecola_43599,17,0,17,0.07244790345430374,0
molecola_43728,1,0,1,0.0008237891015596688,0
molecola_43728,2,0,2,0.001852711895480752,0
molecola_43728,3,0,3,0.001010661362670362,0
molecola_43728,4,0,4,0.004068844951689243,0
molecola_43728,5,0,5,0.0017413068562746048,0
molecola_43728,6,0,6,0.0030486653558909893,0
molecola_43728,7,0,7,0.003838964505121112,0
molecola_43728,8,0,8,0.045132827013731,0
molecola_43728,9,0,9,0.012074670754373074,0
molecola_43728,10,0,10,0.006023673340678215,0
molecola_43728,11,1,11,0.9193225502967834,1
molecola_43728,12,0,12,0.2512952387332916,0
molecola_43728,13,1,13,0.9231159090995789,1
molecola_43838,1,0,1,0.00032258746796287596,0
molecola_43838,2,0,2,0.0003793507639784366,0
molecola_43838,3,0,3,0.0003708078875206411,0
molecola_43838,4,0,4,0.0003695584600791335,0
molecola_43838,5,0,5,0.0003660470247268677,0
molecola_43838,6,0,6,0.0003652889863587916,0
molecola_43838,7,0,7,0.0003548726672306657,0
molecola_43838,8,0,8,0.0004548794822767377,0
molecola_43838,9,0,9,0.000514984829351306,0
molecola_43838,10,0,10,0.0007203237037174404,0
molecola_43838,11,0,11,0.0011899734381586313,0
molecola_43838,12,0,12,0.0014709716197103262,0
molecola_43838,13,0,13,0.0007203237037174404,0
molecola_43838,14,0,14,0.000514984829351306,0
molecola_43838,15,0,15,0.0004548794822767377,0
molecola_43838,16,0,16,0.0003548726672306657,0
molecola_43838,17,0,17,0.0003652889863587916,0
molecola_43838,18,0,18,0.0003660470247268677,0
molecola_43838,19,0,19,0.0003695584600791335,0
molecola_43838,20,0,20,0.0003708078875206411,0
molecola_43838,21,0,21,0.0003793507639784366,0
molecola_43838,22,0,22,0.00032258746796287596,0
molecola_43838,23,0,23,0.0019487007521092892,0
molecola_43838,24,0,24,0.007779152598232031,0
molecola_43838,25,0,25,0.002220421563833952,0
molecola_43838,26,0,26,0.002826526528224349,0
molecola_43838,27,0,27,0.0653352364897728,0
molecola_43838,28,0,28,0.002826526528224349,0
molecola_43838,29,0,29,0.002220421563833952,0
molecola_43838,30,1,30,0.9379885792732239,1
molecola_43838,31,0,31,0.24148871004581451,0
molecola_43838,32,1,32,0.9380028247833252,1
molecola_43853,1,0,1,0.013783653266727924,0
molecola_43853,2,0,2,0.022127538919448853,0
molecola_43853,3,0,3,0.013783653266727924,0
molecola_43853,4,0,4,0.16733740270137787,0
molecola_43853,5,0,5,0.5630269050598145,1
molecola_43853,6,0,6,0.7578965425491333,1
molecola_43853,7,0,7,0.574442982673645,1
molecola_43853,8,1,8,0.9838962554931641,1
molecola_43853,9,1,9,0.9837618470191956,1
molecola_43853,10,0,10,0.049449559301137924,0
molecola_43853,11,0,11,0.018450845032930374,0
molecola_43853,12,0,12,0.018450845032930374,0
molecola_44111,1,1,1,0.9379321336746216,1
molecola_44111,2,1,2,0.9379183053970337,1
molecola_44111,3,0,3,0.24161578714847565,0
molecola_44111,4,0,4,0.06650548428297043,0
molecola_44111,5,0,5,0.002730518812313676,0
molecola_44111,6,0,6,0.0027075870893895626,0
molecola_44111,7,0,7,0.010949436575174332,0
molecola_44111,8,0,8,0.013204703107476234,0
molecola_44111,9,0,9,0.0036519765853881836,0
molecola_44111,10,0,10,0.007532237097620964,0
molecola_44111,11,0,11,0.011626717634499073,0
molecola_44111,12,0,12,0.0033025036100298166,0
molecola_44111,13,0,13,0.002334493910893798,0
molecola_44111,14,0,14,0.009748773649334908,0
molecola_44111,15,0,15,0.001963028684258461,0
molecola_44111,16,0,16,0.003064607037231326,0
molecola_44111,17,0,17,0.001962716691195965,0
molecola_44111,18,0,18,0.009695254266262054,0
molecola_44111,19,0,19,0.0022291892673820257,0
molecola_44111,20,0,20,0.00239632953889668,0
molecola_44111,21,0,21,0.007913826033473015,0
molecola_44111,22,0,22,0.009053351357579231,0
molecola_44111,23,0,23,0.007398618385195732,0
molecola_44254,1,0,1,0.0007593984482809901,0
molecola_44254,2,0,2,0.0009444872848689556,0
molecola_44254,3,0,3,0.0049471198581159115,0
molecola_44254,4,0,4,0.005117262713611126,0
molecola_44254,5,1,5,0.9997950196266174,1
molecola_44254,6,1,6,0.9996621608734131,1
molecola_44254,7,0,7,0.003263006219640374,0
molecola_44254,8,0,8,0.003155246376991272,0
molecola_44254,9,0,9,0.003960656002163887,0
molecola_44254,10,0,10,0.039299726486206055,0
molecola_44254,11,0,11,0.9193097949028015,1
molecola_44254,12,0,12,0.25132128596305847,0
molecola_44254,13,0,13,0.9231117367744446,1
molecola_44327,1,0,1,0.02430151216685772,0
molecola_44327,2,1,2,0.2875429093837738,0
molecola_44327,3,1,3,0.2875429391860962,0
molecola_44327,4,0,4,0.02430151216685772,0
molecola_44327,5,1,5,0.2209276258945465,0
molecola_44327,6,1,6,0.34999457001686096,0
molecola_44327,7,1,7,0.48590001463890076,0
molecola_44327,8,1,8,0.485899955034256,0
molecola_44327,9,1,9,0.39020636677742004,0
molecola_44327,10,1,10,0.4249902367591858,0
molecola_44327,11,1,11,0.9447922110557556,1
molecola_44327,12,1,12,0.9447922110557556,1
molecola_44327,13,1,13,0.3902064263820648,0
molecola_44327,14,1,14,0.42499029636383057,0
molecola_44327,15,1,15,0.2209276258945465,0
molecola_44327,16,1,16,0.34999462962150574,0
molecola_44376,1,0,1,0.0017924689454957843,0
molecola_44376,2,0,2,0.004448290914297104,0
molecola_44376,3,0,3,0.0022692095953971148,0
molecola_44376,4,0,4,0.00229666824452579,0
molecola_44376,5,0,5,0.1221047043800354,0
molecola_44376,6,0,6,0.0024483755696564913,0
molecola_44376,7,0,7,0.005016854032874107,0
molecola_44376,8,0,8,0.0018311658641323447,0
molecola_44376,9,1,9,0.9634516835212708,1
molecola_44376,10,1,10,0.9722774028778076,1
molecola_44376,11,1,11,0.9679844975471497,1
molecola_44376,12,1,12,0.8778007626533508,1
molecola_44376,13,1,13,0.9672303795814514,1
molecola_44376,14,1,14,0.8865551352500916,1
molecola_44376,15,1,15,0.9716505408287048,1
molecola_44376,16,1,16,0.9673008322715759,1
molecola_44380,1,0,1,0.0015377429081127048,0
molecola_44380,2,0,2,0.011999586597084999,0
molecola_44380,3,0,3,0.0017951816553249955,0
molecola_44380,4,0,4,0.003282969119027257,0
molecola_44380,5,0,5,0.0027076646219938993,0
molecola_44380,6,0,6,0.2154044657945633,0
molecola_44380,7,0,7,0.0030291348230093718,0
molecola_44380,8,1,8,0.9765670895576477,1
molecola_44380,9,1,9,0.9731842875480652,1
molecola_44380,10,1,10,0.8862138390541077,1
molecola_44380,11,1,11,0.8321714997291565,1
molecola_44380,12,1,12,0.9692663550376892,1
molecola_44380,13,1,13,0.96943598985672,1
molecola_44380,14,1,14,0.8876949548721313,1
molecola_44380,15,1,15,0.8637908697128296,1
molecola_44468,1,0,1,0.0006152800633572042,0
molecola_44468,2,0,2,0.0013875780859962106,0
molecola_44468,3,0,3,0.0081265764310956,0
molecola_44468,4,0,4,0.00851444248110056,0
molecola_44468,5,0,5,0.011005217209458351,0
molecola_44468,6,0,6,0.007057316601276398,0
molecola_44468,7,0,7,0.0020122153218835592,0
molecola_44468,8,0,8,0.005093014799058437,0
molecola_44468,9,0,9,0.048495978116989136,0
molecola_44468,10,0,10,0.9806210398674011,1
molecola_44468,11,0,11,0.9754693508148193,1
molecola_44468,12,0,12,0.012165733613073826,0
molecola_44468,13,1,13,0.9997524619102478,1
molecola_44468,14,1,14,0.9996726512908936,1
molecola_44497,1,0,1,0.03112778440117836,0
molecola_44497,2,1,2,0.9770470857620239,1
molecola_44497,3,1,3,0.974831223487854,1
molecola_44497,4,1,4,0.902511715888977,1
molecola_44497,5,1,5,0.8298275470733643,1
molecola_44497,6,1,6,0.974831223487854,1
molecola_44497,7,1,7,0.9770470857620239,1
molecola_44497,8,0,8,0.03112778440117836,0
molecola_44497,9,1,9,0.9246059656143188,1
molecola_44497,10,1,10,0.9063348174095154,1
molecola_44505,1,0,1,0.0011572251096367836,0
molecola_44505,2,0,2,0.004492690321058035,0
molecola_44505,3,0,3,0.0020932236220687628,0
molecola_44505,4,0,4,0.0036409015301615,0
molecola_44505,5,0,5,0.00516659626737237,0
molecola_44505,6,1,6,0.999782383441925,1
molecola_44505,7,1,7,0.9996942281723022,1
molecola_44505,8,0,8,0.0065700700506567955,0
molecola_44505,9,0,9,0.0014020642265677452,0
molecola_44505,10,0,10,0.004323975648730993,0
molecola_44505,11,0,11,0.001377701060846448,0
molecola_44569,1,0,1,0.0009459250140935183,0
molecola_44569,2,0,2,0.0020358338952064514,0
molecola_44569,3,0,3,0.0008183674653992057,0
molecola_44569,4,0,4,0.0009354286012239754,0
molecola_44569,5,0,5,0.0016226989682763815,0
molecola_44569,6,0,6,0.0015375884249806404,0
molecola_44569,7,0,7,0.0008288061944767833,0
molecola_44569,8,0,8,0.0008288061944767833,0
molecola_44569,9,0,9,0.008481456898152828,0
molecola_44569,10,1,10,0.9962993264198303,1
molecola_44569,11,1,11,0.9927635788917542,1
molecola_44591,1,0,1,0.0019265201408416033,0
molecola_44591,2,0,2,0.007063413970172405,0
molecola_44591,3,0,3,0.002451988635584712,0
molecola_44591,4,0,4,0.00839225109666586,0
molecola_44591,5,0,5,0.034673191606998444,0
molecola_44591,6,0,6,0.00729199405759573,0
molecola_44591,7,0,7,0.006219568196684122,0
molecola_44591,8,1,8,0.9997828602790833,1
molecola_44591,9,1,9,0.9996945858001709,1
molecola_44591,10,0,10,0.15493503212928772,0
molecola_44591,11,0,11,0.041813790798187256,0
molecola_4460,1,0,1,0.0009737942018546164,0
molecola_4460,2,0,2,0.019927242770791054,0
molecola_4460,3,0,3,0.0011720227776095271,0
molecola_4460,4,0,4,0.0007936035981401801,0
molecola_4460,5,0,5,0.0020099529065191746,0
molecola_4460,6,0,6,0.007333642803132534,0
molecola_4460,7,0,7,0.005689398851245642,0
molecola_4460,8,0,8,0.0039853258058428764,0
molecola_4460,9,0,9,0.0075275227427482605,0
molecola_4460,10,0,10,0.01309086475521326,0
molecola_4460,11,0,11,0.014750156551599503,0
molecola_4460,12,0,12,0.007990103214979172,0
molecola_4460,13,0,13,0.01487000472843647,0
molecola_4460,14,0,14,0.01441541314125061,0
molecola_4460,15,0,15,0.0027989393565803766,0
molecola_4460,16,0,16,0.00222392869181931,0
molecola_4460,17,0,17,0.002158459974452853,0
molecola_4460,18,0,18,0.0019343357998877764,0
molecola_4460,19,0,19,0.005998976528644562,0
molecola_4460,20,0,20,0.0018991947872564197,0
molecola_4460,21,0,21,0.022252613678574562,0
molecola_4460,22,0,22,0.015941809862852097,0
molecola_4460,23,0,23,0.002902717562392354,0
molecola_4460,24,0,24,0.0021415632218122482,0
molecola_4460,25,0,25,0.01035137940198183,0
molecola_4460,26,0,26,0.001418162020854652,0
molecola_4460,27,0,27,0.0021415632218122482,0
molecola_4460,28,0,28,0.002902717562392354,0
molecola_4460,29,0,29,0.009834684431552887,0
molecola_4460,30,1,30,0.9962910413742065,1
molecola_4460,31,1,31,0.9943369030952454,1
molecola_4460,32,0,32,0.018946325406432152,0
molecola_4460,33,0,33,0.014011443592607975,0
molecola_4460,34,0,34,0.014011443592607975,0
molecola_44613,1,0,1,0.0012134971329942346,0
molecola_44613,2,0,2,0.005810699891299009,0
molecola_44613,3,0,3,0.006571691017597914,0
molecola_44613,4,0,4,0.004940537270158529,0
molecola_44613,5,0,5,0.007454671431332827,0
molecola_44613,6,1,6,0.9997757077217102,1
molecola_44613,7,1,7,0.9997162222862244,1
molecola_44613,8,0,8,0.007974399253726006,0
molecola_44613,9,0,9,0.0008278416935354471,0
molecola_44613,10,0,10,0.0005261101177893579,0
molecola_44613,11,0,11,0.0011202652240172029,0
molecola_44613,12,0,12,0.001178895472548902,0
molecola_44613,13,0,13,0.00048183478065766394,0
molecola_44613,14,0,14,0.00033984825131483376,0
molecola_44613,15,0,15,0.00030672550201416016,0
molecola_44613,16,0,16,0.00036678093601949513,0
molecola_44678,1,1,1,0.9379419088363647,1
molecola_44678,2,1,2,0.9379523992538452,1
molecola_44678,3,0,3,0.24142947793006897,0
molecola_44678,4,0,4,0.07093236595392227,0
molecola_44678,5,0,5,0.0028855870477855206,0
molecola_44678,6,0,6,0.0025159374345093966,0
molecola_44678,7,0,7,0.010059498250484467,0
molecola_44678,8,0,8,0.0020045863930135965,0
molecola_44678,9,0,9,0.007677033077925444,0
molecola_44678,10,0,10,0.0052636777982115746,0
molecola_44750,1,1,1,0.92560875415802,1
molecola_44750,2,1,2,0.9230024218559265,1
molecola_44750,3,0,3,0.24552786350250244,0
molecola_44750,4,0,4,0.43888789415359497,0
molecola_44750,5,0,5,0.4475790858268738,0
molecola_44750,6,0,6,0.022641494870185852,0
molecola_44750,7,0,7,0.1449764370918274,0
molecola_44750,8,0,8,0.012648985721170902,0
molecola_44750,9,0,9,0.002094777999445796,0
molecola_44750,10,0,10,0.0022225365974009037,0
molecola_44750,11,0,11,0.011970152147114277,0
molecola_44750,12,0,12,0.0013969483552500606,0
molecola_44750,13,0,13,0.03772353008389473,0
molecola_44750,14,0,14,0.15178145468235016,0
molecola_44750,15,0,15,0.24326516687870026,0
molecola_44750,16,0,16,0.37141770124435425,0
molecola_44750,17,0,17,0.05878576263785362,0
molecola_44750,18,0,18,0.0024734160397201777,0
molecola_44750,19,0,19,0.0021738922223448753,0
molecola_44750,20,0,20,0.010422443971037865,0
molecola_44750,21,0,21,0.0014180890284478664,0
molecola_44750,22,0,22,0.0021738922223448753,0
molecola_44750,23,0,23,0.0024734160397201777,0
molecola_44851,1,0,1,0.0012119734892621636,0
molecola_44851,2,0,2,0.00682444591075182,0
molecola_44851,3,0,3,0.006006954703480005,0
molecola_44851,4,1,4,0.9997515082359314,1
molecola_44851,5,1,5,0.9996986389160156,1
molecola_44851,6,0,6,0.005975637584924698,0
molecola_44851,7,0,7,0.013275817036628723,0
molecola_44851,8,0,8,0.012590620666742325,0
molecola_44851,9,0,9,0.0025601694360375404,0
molecola_44851,10,0,10,0.00243631424382329,0
molecola_44851,11,0,11,0.002739184070378542,0
molecola_44851,12,0,12,0.0063577755354344845,0
molecola_44851,13,0,13,0.011210680939257145,0
molecola_44851,14,0,14,0.0032103443518280983,0
molecola_44851,15,0,15,0.003883874975144863,0
molecola_44851,16,0,16,0.010508137755095959,0
molecola_44967,1,0,1,0.0010653482750058174,0
molecola_44967,2,0,2,0.0019215827342122793,0
molecola_44967,3,0,3,0.003906383644789457,0
molecola_44967,4,0,4,0.0034348410554230213,0
molecola_44967,5,0,5,0.008537402376532555,0
molecola_44967,6,0,6,0.007273105904459953,0
molecola_44967,7,0,7,0.010296602733433247,0
molecola_44967,8,0,8,0.009141094982624054,0
molecola_44967,9,0,9,0.0032851228024810553,0
molecola_44967,10,0,10,0.003322314005345106,0
molecola_44967,11,0,11,0.0019507813267409801,0
molecola_44967,12,0,12,0.0010856129229068756,0
molecola_44967,13,0,13,0.014326697215437889,0
molecola_44967,14,0,14,0.005785216577351093,0
molecola_44967,15,1,15,0.9997815489768982,1
molecola_44967,16,1,16,0.9996938705444336,1
molecola_44969,1,0,1,0.92560875415802,1
molecola_44969,2,0,2,0.9230215549468994,1
molecola_44969,3,0,3,0.24552786350250244,0
molecola_44969,4,0,4,0.36001503467559814,0
molecola_44969,5,0,5,0.1466251164674759,0
molecola_44969,6,0,6,0.018510041758418083,0
molecola_44969,7,0,7,0.17009569704532623,0
molecola_44969,8,0,8,0.004707333631813526,0
molecola_44969,9,0,9,0.0022230546455830336,0
molecola_44969,10,0,10,0.0027037477120757103,0
molecola_44969,11,0,11,0.04361647740006447,0
molecola_44969,12,0,12,0.1662793606519699,0
molecola_44969,13,0,13,0.24415849149227142,0
molecola_44969,14,0,14,0.37123388051986694,0
molecola_44969,15,0,15,0.02528383769094944,0
molecola_44969,16,0,16,0.0024661091156303883,0
molecola_44969,17,0,17,0.002180618466809392,0
molecola_44969,18,0,18,0.0022727500181645155,0
molecola_44969,19,0,19,0.004121981095522642,0
molecola_44969,20,0,20,0.0460946150124073,0
molecola_44969,21,1,21,0.9199765920639038,1
molecola_44969,22,0,22,0.2508714199066162,0
molecola_44969,23,1,23,0.9236142039299011,1
molecola_45078,1,1,1,0.6970389485359192,1
molecola_45078,2,1,2,0.9371797442436218,1
molecola_45078,3,1,3,0.9390349984169006,1
molecola_45078,4,1,4,0.8582395911216736,1
molecola_45078,5,0,5,0.10628475993871689,0
molecola_45078,6,0,6,0.657846987247467,1
molecola_45078,7,0,7,0.04668410122394562,0
molecola_45078,8,0,8,0.0116669787093997,0
molecola_45078,9,0,9,0.00259457272477448,0
molecola_45078,10,0,10,0.056641798466444016,0
molecola_45078,11,0,11,0.6409252285957336,1
molecola_45078,12,1,12,0.897566020488739,1
molecola_45078,13,1,13,0.7867926955223083,1
molecola_45078,14,1,14,0.9358763694763184,1
molecola_45078,15,1,15,0.6891645789146423,1
molecola_45078,16,1,16,0.946302592754364,1
molecola_45078,17,0,17,0.7316082119941711,1
molecola_45078,18,0,18,0.003426435636356473,0
molecola_45078,19,0,19,0.002366709290072322,0
molecola_45078,20,0,20,0.009483679197728634,0
molecola_45078,21,0,21,0.008971859700977802,0
molecola_45078,22,0,22,0.09041374921798706,0
molecola_45078,23,1,23,0.8983714580535889,1
molecola_45078,24,1,24,0.7859073877334595,1
molecola_45286,1,0,1,0.0006999005563557148,0
molecola_45286,2,0,2,0.0015062059974297881,0
molecola_45286,3,0,3,0.00702396035194397,0
molecola_45286,4,0,4,0.0021383243147283792,0
molecola_45286,5,0,5,0.003709619166329503,0
molecola_45286,6,0,6,0.007319261319935322,0
molecola_45286,7,1,7,0.9997758269309998,1
molecola_45286,8,1,8,0.999691367149353,1
molecola_45286,9,0,9,0.010660860687494278,0
molecola_45286,10,0,10,0.0029268362559378147,0
molecola_45286,11,0,11,0.005959763191640377,0
molecola_45289,1,0,1,0.000735326437279582,0
molecola_45289,2,0,2,0.0009496427373960614,0
molecola_45289,3,0,3,0.000735326437279582,0
molecola_45289,4,0,4,0.0023955453652888536,0
molecola_45289,5,0,5,0.00046290154568850994,0
molecola_45289,6,0,6,0.003372526029124856,0
molecola_45289,7,1,7,0.9451569318771362,1
molecola_45289,8,0,8,0.004428613465279341,0
molecola_45289,9,1,9,0.9493483304977417,1
molecola_45289,10,1,10,0.9432721734046936,1
molecola_45289,11,1,11,0.9522262811660767,1
molecola_45303,1,0,1,0.009477777406573296,0
molecola_45303,2,0,2,0.010365618392825127,0
molecola_45303,3,0,3,0.0064996955916285515,0
molecola_45303,4,0,4,0.0019578414503484964,0
molecola_45303,5,0,5,0.002142487559467554,0
molecola_45303,6,0,6,0.00972230825573206,0
molecola_45303,7,0,7,0.0014186212792992592,0
molecola_45303,8,0,8,0.003674483159556985,0
molecola_45303,9,0,9,0.00703384168446064,0
molecola_45303,10,1,10,0.9997791647911072,1
molecola_45303,11,1,11,0.9996926784515381,1
molecola_45309,1,0,1,0.9378638863563538,1
molecola_45309,2,0,2,0.9378526210784912,1
molecola_45309,3,0,3,0.24173732101917267,0
molecola_45309,4,0,4,0.07244430482387543,0
molecola_45309,5,0,5,0.009253094904124737,0
molecola_45309,6,0,6,0.03736913204193115,0
molecola_45309,7,0,7,0.009253094904124737,0
molecola_45309,8,0,8,0.07244430482387543,0
molecola_45309,9,0,9,0.003608287312090397,0
molecola_45309,10,1,10,0.9378526210784912,1
molecola_45309,11,0,11,0.24173738062381744,0
molecola_45309,12,1,12,0.9378638863563538,1
molecola_45309,13,0,13,0.14851626753807068,0
molecola_45309,14,0,14,0.042007118463516235,0
molecola_45371,1,1,1,0.9997467398643494,1
molecola_45371,2,1,2,0.9998329877853394,1
molecola_45371,3,0,3,0.007288770284503698,0
molecola_45371,4,0,4,0.0027248829137533903,0
molecola_45371,5,0,5,0.0026754196733236313,0
molecola_45371,6,0,6,0.01489260420203209,0
molecola_45371,7,0,7,0.003922875504940748,0
molecola_45371,8,0,8,0.005893213674426079,0
molecola_45371,9,0,9,0.014904865063726902,0
molecola_45371,10,0,10,0.011321223340928555,0
molecola_45371,11,0,11,0.004357513505965471,0
molecola_45620,1,0,1,0.0013143252581357956,0
molecola_45620,2,0,2,0.007029030937701464,0
molecola_45620,3,0,3,0.011352109722793102,0
molecola_45620,4,0,4,0.003116120584309101,0
molecola_45620,5,0,5,0.0023988569155335426,0
molecola_45620,6,0,6,0.002201502677053213,0
molecola_45620,7,0,7,0.0025298907421529293,0
molecola_45620,8,0,8,0.012648645788431168,0
molecola_45620,9,0,9,0.01667836122214794,0
molecola_45620,10,0,10,0.012119833379983902,0
molecola_45620,11,0,11,0.019811125472187996,0
molecola_45620,12,0,12,0.002294649835675955,0
molecola_45620,13,0,13,0.0023742939811199903,0
molecola_45620,14,0,14,0.001779075595550239,0
molecola_45620,15,0,15,0.0023742939811199903,0
molecola_45620,16,0,16,0.002294649835675955,0
molecola_45620,17,0,17,0.01285365130752325,0
molecola_45620,18,0,18,0.003166527021676302,0
molecola_45620,19,0,19,0.006646484602242708,0
molecola_45620,20,0,20,0.002739223185926676,0
molecola_45620,21,0,21,0.0033800415694713593,0
molecola_45620,22,0,22,0.0110507532954216,0
molecola_45620,23,1,23,0.9998329877853394,1
molecola_45620,24,1,24,0.9997467398643494,1
molecola_45661,1,1,1,0.937932014465332,1
molecola_45661,2,1,2,0.9379208087921143,1
molecola_45661,3,0,3,0.24161578714847565,0
molecola_45661,4,0,4,0.0685248002409935,0
molecola_45661,5,0,5,0.0027715861797332764,0
molecola_45661,6,0,6,0.0030001697596162558,0
molecola_45661,7,0,7,0.013608111999928951,0
molecola_45661,8,0,8,0.005760036408901215,0
molecola_45661,9,0,9,0.00806331541389227,0
molecola_45661,10,0,10,0.0013858334859833121,0
molecola_45661,11,0,11,0.010866459459066391,0
molecola_45661,12,0,12,0.0020683538168668747,0
molecola_45661,13,0,13,0.0023384843952953815,0
molecola_45661,14,0,14,0.010232609696686268,0
molecola_45661,15,0,15,0.0066897450014948845,0
molecola_45661,16,0,16,0.010466394945979118,0
molecola_45661,17,0,17,0.0020399719942361116,0
molecola_45661,18,0,18,0.0022963732481002808,0
molecola_45661,19,0,19,0.0017493554623797536,0
molecola_45661,20,0,20,0.0022963732481002808,0
molecola_45661,21,0,21,0.0020399719942361116,0
molecola_45661,22,0,22,0.0023384843952953815,0
molecola_45661,23,0,23,0.0020683538168668747,0
molecola_45661,24,0,24,0.01650518737733364,0
molecola_45661,25,0,25,0.012206418439745903,0
molecola_45661,26,0,26,0.00508766807615757,0
molecola_45677,1,1,1,0.9997177720069885,1
molecola_45677,2,1,2,0.9997432827949524,1
molecola_45677,3,0,3,0.007977575995028019,0
molecola_45677,4,0,4,0.005659602582454681,0
molecola_45677,5,0,5,0.013913758099079132,0
molecola_45677,6,0,6,0.0007790809031575918,0
molecola_45677,7,0,7,0.00047849974362179637,0
molecola_45677,8,0,8,0.00030737448832951486,0
molecola_45677,9,0,9,0.0003143201756756753,0
molecola_45677,10,0,10,0.0003143201756756753,0
molecola_45677,11,0,11,0.00030737448832951486,0
molecola_45677,12,0,12,0.008420156314969063,0
molecola_45677,13,0,13,0.016476603224873543,0
molecola_45933,1,0,1,0.9378633499145508,1
molecola_45933,2,0,2,0.9378543496131897,1
molecola_45933,3,0,3,0.2417396605014801,0
molecola_45933,4,0,4,0.06518653780221939,0
molecola_45933,5,0,5,0.0029084200505167246,0
molecola_45933,6,0,6,0.0048996321856975555,0
molecola_45933,7,0,7,0.0005663353949785233,0
molecola_45933,8,0,8,0.0005701928748749197,0
molecola_45933,9,0,9,0.004842579830437899,0
molecola_45933,10,0,10,0.0029067944269627333,0
molecola_45933,11,0,11,0.006721187382936478,0
molecola_45933,12,0,12,0.0029523249249905348,0
molecola_45933,13,0,13,0.010285480879247189,0
molecola_45933,14,0,14,0.002284366637468338,0
molecola_45933,15,0,15,0.0022749535273760557,0
molecola_45933,16,0,16,0.010409532114863396,0
molecola_45933,17,0,17,0.002950390102341771,0
molecola_45933,18,0,18,0.006960175931453705,0
molecola_45933,19,0,19,0.006989212241023779,0
molecola_45933,20,1,20,0.9998332262039185,1
molecola_45933,21,1,21,0.9997468590736389,1
molecola_46014,1,0,1,0.0006632240256294608,0
molecola_46014,2,0,2,0.0008457545773126185,0
molecola_46014,3,0,3,0.0006632240256294608,0
molecola_46014,4,0,4,0.0005888722371309996,0
molecola_46014,5,0,5,0.0006252805469557643,0
molecola_46014,6,0,6,0.0009222887456417084,0
molecola_46014,7,0,7,0.004201663192361593,0
molecola_46014,8,0,8,0.014641067013144493,0
molecola_46014,9,0,9,0.013504575937986374,0
molecola_46014,10,0,10,0.003219000296667218,0
molecola_46014,11,0,11,0.002257788088172674,0
molecola_46014,12,0,12,0.0024163727648556232,0
molecola_46014,13,0,13,0.00404004380106926,0
molecola_46014,14,0,14,0.01129376981407404,0
molecola_46014,15,0,15,0.022820696234703064,0
molecola_46014,16,0,16,0.011309605091810226,0
molecola_46014,17,0,17,0.0041708918288350105,0
molecola_46014,18,0,18,0.0033996140118688345,0
molecola_46014,19,0,19,0.003793613985180855,0
molecola_46014,20,0,20,0.043790724128484726,0
molecola_46014,21,0,21,0.014936699531972408,0
molecola_46014,22,1,22,0.9189913272857666,1
molecola_46014,23,0,23,0.2515125870704651,0
molecola_46014,24,1,24,0.9228766560554504,1
molecola_46468,1,0,1,0.0018044981407001615,0
molecola_46468,2,0,2,0.002357630990445614,0
molecola_46468,3,0,3,0.0019345575710758567,0
molecola_46468,4,0,4,0.0029708982910960913,0
molecola_46468,5,0,5,0.00847185030579567,0
molecola_46468,6,0,6,0.003083679126575589,0
molecola_46468,7,0,7,0.0023327444214373827,0
molecola_46468,8,0,8,0.019737044349312782,0
molecola_46468,9,0,9,0.0024430660996586084,0
molecola_46468,10,0,10,0.006527781952172518,0
molecola_46468,11,0,11,0.0019364329054951668,0
molecola_46468,12,0,12,0.0197555273771286,0
molecola_46468,13,0,13,0.0023363837972283363,0
molecola_46468,14,0,14,0.0035980616230517626,0
molecola_46468,15,0,15,0.005430789664387703,0
molecola_46468,16,1,16,0.999782383441925,1
molecola_46468,17,1,17,0.9996943473815918,1
molecola_46468,18,0,18,0.007361653260886669,0
molecola_46468,19,0,19,0.001956789754331112,0
molecola_46468,20,0,20,0.002490913262590766,0
molecola_46501,1,0,1,0.0012292916653677821,0
molecola_46501,2,0,2,0.0068315924145281315,0
molecola_46501,3,0,3,0.09119278937578201,0
molecola_46501,4,0,4,0.0947757363319397,0
molecola_46501,5,0,5,0.16631744801998138,0
molecola_46501,6,0,6,0.0045943912118673325,0
molecola_46501,7,0,7,0.006257074885070324,0
molecola_46501,8,0,8,0.005942288786172867,0
molecola_46501,9,1,9,0.9997602105140686,1
molecola_46501,10,1,10,0.9997246861457825,1
molecola_46557,1,0,1,0.0006637605256401002,0
molecola_46557,2,0,2,0.0008325077360495925,0
molecola_46557,3,0,3,0.0006637605256401002,0
molecola_46557,4,0,4,0.0006827862234786153,0
molecola_46557,5,0,5,0.0007666813908144832,0
molecola_46557,6,0,6,0.0015254063764587045,0
molecola_46557,7,0,7,0.006572821643203497,0
molecola_46557,8,0,8,0.0023825818207114935,0
molecola_46557,9,0,9,0.022551847621798515,0
molecola_46557,10,0,10,0.0414697602391243,0
molecola_46557,11,0,11,0.8685745596885681,1
molecola_46557,12,0,12,0.8766356706619263,1
molecola_46557,13,0,13,0.9239534735679626,1
molecola_46557,14,0,14,0.9170286059379578,1
molecola_46557,15,0,15,0.08581875264644623,0
molecola_46557,16,0,16,0.006394031923264265,0
molecola_46557,17,0,17,0.004961006809026003,0
molecola_46557,18,0,18,0.006834511179476976,0
molecola_46557,19,1,19,0.99978107213974,1
molecola_46557,20,1,20,0.9997256398200989,1
molecola_46557,21,0,21,0.007274201139807701,0
molecola_46557,22,0,22,0.001263952348381281,0
molecola_46557,23,0,23,0.037603188306093216,0
molecola_46557,24,0,24,0.0007935340399853885,0
molecola_46557,25,0,25,0.02555234171450138,0
molecola_46557,26,0,26,0.0025128088891506195,0
molecola_46577,1,0,1,0.0013522413792088628,0
molecola_46577,2,0,2,0.007834955118596554,0
molecola_46577,3,0,3,0.03146163746714592,0
molecola_46577,4,0,4,0.006913298740983009,0
molecola_46577,5,0,5,0.0029105213470757008,0
molecola_46577,6,0,6,0.006175025831907988,0
molecola_46577,7,0,7,0.0011171512305736542,0
molecola_46577,8,1,8,0.938770592212677,1
molecola_46577,9,0,9,0.2339201271533966,0
molecola_46577,10,1,10,0.9397710561752319,1
molecola_46580,1,1,1,0.9997654557228088,1
molecola_46580,2,1,2,0.9998399019241333,1
molecola_46580,3,0,3,0.006064510904252529,0
molecola_46580,4,0,4,0.005432634148746729,0
molecola_46580,5,0,5,0.01990630477666855,0
molecola_46580,6,0,6,0.003898035269230604,0
molecola_46580,7,0,7,0.006309397518634796,0
molecola_46597,1,0,1,0.04640144109725952,0
molecola_46597,2,0,2,0.043178219348192215,0
molecola_46597,3,0,3,0.012954255566000938,0
molecola_46597,4,0,4,0.013119456358253956,0
molecola_46597,5,0,5,0.013164892792701721,0
molecola_46597,6,0,6,0.005063598044216633,0
molecola_46597,7,0,7,0.020116914063692093,0
molecola_46597,8,0,8,0.004761355463415384,0
molecola_46597,9,0,9,0.006922455504536629,0
molecola_46597,10,0,10,0.011078010313212872,0
molecola_46597,11,0,11,0.00706306891515851,0
molecola_46597,12,0,12,0.005377123598009348,0
molecola_46597,13,0,13,0.0027287679258733988,0
molecola_46597,14,0,14,0.0028748440090566874,0
molecola_46597,15,1,15,0.9998052716255188,1
molecola_46597,16,1,16,0.9997283816337585,1
molecola_4660,1,0,1,0.000825533177703619,0
molecola_4660,2,0,2,0.0016982113011181355,0
molecola_4660,3,0,3,0.0007263078587129712,0
molecola_4660,4,0,4,0.002367479493841529,0
molecola_4660,5,1,5,0.9985811710357666,1
molecola_4660,6,1,6,0.9969313144683838,1
molecola_4660,7,0,7,0.00971381925046444,0
molecola_4660,8,0,8,0.0018391675548627973,0
molecola_4660,9,0,9,0.0023900135420262814,0
molecola_4660,10,0,10,0.0017743000062182546,0
molecola_4660,11,0,11,0.0023900135420262814,0
molecola_4660,12,0,12,0.0018391675548627973,0
molecola_4660,13,0,13,0.01035379245877266,0
molecola_4660,14,0,14,0.002120730932801962,0
molecola_4660,15,0,15,0.002405187115073204,0
molecola_4660,16,0,16,0.0020914962515234947,0
molecola_4660,17,0,17,0.0029283061157912016,0
molecola_4660,18,0,18,0.005044583696871996,0
molecola_46620,1,0,1,0.9378634691238403,1
molecola_46620,2,0,2,0.9378532767295837,1
molecola_46620,3,0,3,0.241739884018898,0
molecola_46620,4,0,4,0.0674402266740799,0
molecola_46620,5,0,5,0.003372848266735673,0
molecola_46620,6,0,6,0.011008502915501595,0
molecola_46620,7,0,7,0.009372150525450706,0
molecola_46620,8,0,8,0.011029032990336418,0
molecola_46620,9,0,9,0.0031032676342874765,0
molecola_46620,10,0,10,0.011081479489803314,0
molecola_46620,11,0,11,0.002143973484635353,0
molecola_46620,12,0,12,0.002352909417822957,0
molecola_46620,13,0,13,0.006414391100406647,0
molecola_46620,14,0,14,0.0019736653193831444,0
molecola_46620,15,0,15,0.0029440189246088266,0
molecola_46620,16,0,16,0.0026647686026990414,0
molecola_46620,17,0,17,0.0026647686026990414,0
molecola_46620,18,0,18,0.0026647686026990414,0
molecola_46620,19,0,19,0.007525051012635231,0
molecola_46620,20,0,20,0.04086414724588394,0
molecola_46620,21,0,21,0.004517724271863699,0
molecola_46620,22,1,22,0.9188745617866516,1
molecola_46620,23,0,23,0.2516201436519623,0
molecola_46620,24,1,24,0.9227912425994873,1
molecola_46620,25,0,25,0.0020705529022961855,0
molecola_46620,26,0,26,0.0016958710039034486,0
molecola_46620,27,0,27,0.0016958710039034486,0
molecola_46620,28,0,28,0.0016958710039034486,0
molecola_46652,1,1,1,0.9997466206550598,1
molecola_46652,2,1,2,0.9998328685760498,1
molecola_46652,3,0,3,0.006599461659789085,0
molecola_46652,4,0,4,0.0026907746214419603,0
molecola_46652,5,0,5,0.0025914807338267565,0
molecola_46652,6,0,6,0.0171806700527668,0
molecola_46652,7,0,7,0.009368596598505974,0
molecola_46652,8,0,8,0.012235073372721672,0
molecola_46652,9,0,9,0.00598166836425662,0
molecola_46652,10,0,10,0.003970472142100334,0
molecola_46652,11,0,11,0.0072354283183813095,0
molecola_46652,12,0,12,0.012460803613066673,0
molecola_46652,13,0,13,0.022421658039093018,0
molecola_46652,14,0,14,0.003985013347119093,0
molecola_46652,15,0,15,0.007335451431572437,0
molecola_46652,16,0,16,0.01386597566306591,0
molecola_46652,17,0,17,0.0025914807338267565,0
molecola_46652,18,0,18,0.0026907746214419603,0
molecola_46727,1,0,1,0.001086108386516571,0
molecola_46727,2,0,2,0.001953057013452053,0
molecola_46727,3,0,3,0.0033130741212517023,0
molecola_46727,4,0,4,0.0033287215046584606,0
molecola_46727,5,0,5,0.008311827667057514,0
molecola_46727,6,0,6,0.007722201757133007,0
molecola_46727,7,0,7,0.01123745832592249,0
molecola_46727,8,0,8,0.0076766591519117355,0
molecola_46727,9,0,9,0.007008113898336887,0
molecola_46727,10,0,10,0.002792813116684556,0
molecola_46727,11,0,11,0.0020113401114940643,0
molecola_46727,12,0,12,0.010547497309744358,0
molecola_46727,13,0,13,0.0014250713866204023,0
molecola_46727,14,0,14,0.0021319095976650715,0
molecola_46727,15,0,15,0.005790913477540016,0
molecola_46727,16,0,16,0.0019116400508210063,0
molecola_46727,17,0,17,0.0022583974059671164,0
molecola_46727,18,0,18,0.004362659528851509,0
molecola_46727,19,0,19,0.052043091505765915,0
molecola_46727,20,1,20,0.919943630695343,1
molecola_46727,21,1,21,0.2509270906448364,0
molecola_46727,22,1,22,0.9235519170761108,1
molecola_46786,1,0,1,0.0006122680497355759,0
molecola_46786,2,0,2,0.0006701882812194526,0
molecola_46786,3,0,3,0.0008964591543190181,0
molecola_46786,4,0,4,0.0005308949621394277,0
molecola_46786,5,0,5,0.0011319072218611836,0
molecola_46786,6,0,6,0.0012771075125783682,0
molecola_46786,7,0,7,0.0009731134632602334,0
molecola_46786,8,0,8,0.0012485184706747532,0
molecola_46786,9,0,9,0.0009805569425225258,0
molecola_46786,10,0,10,0.011845254339277744,0
molecola_46786,11,0,11,0.0034329628106206656,0
molecola_46786,12,0,12,0.006914353463798761,0
molecola_46786,13,0,13,0.012230711989104748,0
molecola_46786,14,0,14,0.007052496541291475,0
molecola_46786,15,0,15,0.001850372995249927,0
molecola_46786,16,0,16,0.0011910570319741964,0
molecola_46786,17,0,17,0.007088469807058573,0
molecola_46786,18,0,18,0.002001517917960882,0
molecola_46786,19,0,19,0.0028671694453805685,0
molecola_46786,20,0,20,0.06544739007949829,0
molecola_46786,21,0,21,0.0028671694453805685,0
molecola_46786,22,0,22,0.002001517917960882,0
molecola_46786,23,1,23,0.9379884600639343,1
molecola_46786,24,0,24,0.24148871004581451,0
molecola_46786,25,1,25,0.9380028247833252,1
molecola_46786,26,0,26,0.00564018078148365,0
molecola_46786,27,0,27,0.003974556922912598,0
molecola_46786,28,0,28,0.007057687733322382,0
molecola_46786,29,0,29,0.011071503162384033,0
molecola_46806,1,1,1,0.9234399795532227,1
molecola_46806,2,1,2,0.9197434782981873,1
molecola_46806,3,0,3,0.2510322332382202,0
molecola_46806,4,0,4,0.04341629147529602,0
molecola_46806,5,0,5,0.004477136302739382,0
molecola_46806,6,0,6,0.00227358378469944,0
molecola_46806,7,0,7,0.009224977344274521,0
molecola_46806,8,0,8,0.0021854452788829803,0
molecola_46806,9,0,9,0.0023588482290506363,0
molecola_46806,10,0,10,0.0073256422765553,0
molecola_46806,11,0,11,0.008449413813650608,0
molecola_46806,12,0,12,0.005037397146224976,0
molecola_46806,13,0,13,0.002667743479833007,0
molecola_46806,14,0,14,0.00047716175322420895,0
molecola_46806,15,0,15,0.000524528615642339,0
molecola_46806,16,0,16,0.004514153581112623,0
molecola_46806,17,0,17,0.0022225258871912956,0
molecola_46806,18,0,18,0.009597950614988804,0
molecola_46806,19,0,19,0.0022121788933873177,0
molecola_46806,20,0,20,0.0025134782772511244,0
molecola_46806,21,0,21,0.011601665057241917,0
molecola_46806,22,0,22,0.0073561957105994225,0
molecola_46806,23,0,23,0.007190893869847059,0
molecola_46822,1,0,1,0.9379321336746216,1
molecola_46822,2,0,2,0.937921941280365,1
molecola_46822,3,0,3,0.24161605536937714,0
molecola_46822,4,0,4,0.06698048114776611,0
molecola_46822,5,0,5,0.0027437990065664053,0
molecola_46822,6,0,6,0.002720232354477048,0
molecola_46822,7,0,7,0.010878448374569416,0
molecola_46822,8,0,8,0.007612837012857199,0
molecola_46822,9,0,9,0.009712988510727882,0
molecola_46822,10,0,10,0.00665262620896101,0
molecola_46822,11,0,11,0.0030257324688136578,0
molecola_46822,12,0,12,0.0028600115329027176,0
molecola_46822,13,0,13,0.006393698509782553,0
molecola_46822,14,0,14,0.0030978939030319452,0
molecola_46822,15,0,15,0.010275830514729023,0
molecola_46822,16,1,16,0.9998329877853394,1
molecola_46822,17,1,17,0.9997467398643494,1
molecola_46822,18,0,18,0.0038393144495785236,0
molecola_46828,1,0,1,0.0010879769688472152,0
molecola_46828,2,0,2,0.004866498056799173,0
molecola_46828,3,0,3,0.06749749928712845,0
molecola_46828,4,0,4,0.052522219717502594,0
molecola_46828,5,0,5,0.029608706012368202,0
molecola_46828,6,0,6,0.029608706012368202,0
molecola_46828,7,1,7,0.9168389439582825,1
molecola_46828,8,0,8,0.20707112550735474,0
molecola_46828,9,1,9,0.9232924580574036,1
molecola_46837,1,1,1,0.9997138381004333,1
molecola_46837,2,1,2,0.9998407363891602,1
molecola_46837,3,0,3,0.006756029557436705,0
molecola_46837,4,0,4,0.002700087381526828,0
molecola_46837,5,0,5,0.002034987322986126,0
molecola_46837,6,0,6,0.0073183500207960606,0
molecola_46837,7,0,7,0.0015591513365507126,0
molecola_46837,8,0,8,0.002135392976924777,0
molecola_46837,9,0,9,0.003686957759782672,0
molecola_46837,10,0,10,0.0030777039937675,0
molecola_46837,11,0,11,0.0088077113032341,0
molecola_46837,12,0,12,0.005934846121817827,0
molecola_46837,13,0,13,0.0026356633752584457,0
molecola_46837,14,0,14,0.0017654417315497994,0
molecola_46837,15,0,15,0.0026356633752584457,0
molecola_46837,16,0,16,0.005934846121817827,0
molecola_46837,17,0,17,0.002034987322986126,0
molecola_46837,18,0,18,0.002700087381526828,0
molecola_46948,1,0,1,0.019788090139627457,0
molecola_46948,2,0,2,0.021052353084087372,0
molecola_46948,3,0,3,0.019788090139627457,0
molecola_46948,4,0,4,0.012989385053515434,0
molecola_46948,5,0,5,0.013790207915008068,0
molecola_46948,6,0,6,0.07059822976589203,0
molecola_46948,7,0,7,0.002719830023124814,0
molecola_46948,8,0,8,0.003434413578361273,0
molecola_46948,9,0,9,0.03385733813047409,0
molecola_46948,10,0,10,0.033191028982400894,0
molecola_46948,11,0,11,0.012235337868332863,0
molecola_46948,12,0,12,0.013600964099168777,0
molecola_46948,13,0,13,0.072812519967556,0
molecola_46948,14,0,14,0.004473580047488213,0
molecola_46948,15,0,15,0.046364713460206985,0
molecola_46948,16,0,16,0.9187847971916199,1
molecola_46948,17,0,17,0.25166988372802734,0
molecola_46948,18,0,18,0.9227314591407776,1
molecola_46948,19,0,19,0.9378544092178345,1
molecola_46948,20,0,20,0.24174000322818756,0
molecola_46948,21,0,21,0.9378634691238403,1
molecola_46948,22,0,22,0.020655956119298935,0
molecola_46948,23,0,23,0.019618529826402664,0
molecola_46948,24,0,24,0.019618529826402664,0
molecola_46948,25,1,25,0.9379203915596008,1
molecola_46948,26,0,26,0.2416163682937622,0
molecola_46948,27,1,27,0.9379322528839111,1
molecola_47135,1,0,1,0.007952874526381493,0
molecola_47135,2,0,2,0.006626921705901623,0
molecola_47135,3,0,3,0.0026462888345122337,0
molecola_47135,4,0,4,0.002865040907636285,0
molecola_47135,5,0,5,0.006600224878638983,0
molecola_47135,6,0,6,0.0028767266776412725,0
molecola_47135,7,0,7,0.006905204616487026,0
molecola_47135,8,0,8,0.0026521815452724695,0
molecola_47135,9,0,9,0.0024393408093601465,0
molecola_47135,10,0,10,0.001980149419978261,0
molecola_47135,11,0,11,0.002861551707610488,0
molecola_47135,12,0,12,0.0024533523246645927,0
molecola_47135,13,1,13,0.9998329877853394,1
molecola_47135,14,1,14,0.9997467398643494,1
molecola_47283,1,1,1,0.9380028247833252,1
molecola_47283,2,1,2,0.9379885792732239,1
molecola_47283,3,0,3,0.24148871004581451,0
molecola_47283,4,0,4,0.0654304251074791,0
molecola_47283,5,0,5,0.002869074698537588,0
molecola_47283,6,0,6,0.0024467806797474623,0
molecola_47283,7,0,7,0.019139381125569344,0
molecola_47283,8,0,8,0.0024467806797474623,0
molecola_47283,9,0,9,0.002869074698537588,0
molecola_47283,10,0,10,0.01913301832973957,0
molecola_47283,11,0,11,0.0024242729414254427,0
molecola_47283,12,0,12,0.0021816054359078407,0
molecola_47283,13,0,13,0.009830932132899761,0
molecola_47283,14,0,14,0.0021816054359078407,0
molecola_47283,15,0,15,0.0024242729414254427,0
molecola_47283,16,0,16,0.0006458581774495542,0
molecola_47283,17,0,17,0.0004305735055822879,0
molecola_47283,18,0,18,0.0003142764326184988,0
molecola_47283,19,0,19,0.0004180599353276193,0
molecola_47283,20,0,20,0.0002873560879379511,0
molecola_47283,21,0,21,0.0003739868407137692,0
molecola_47283,22,0,22,0.000307016889564693,0
molecola_47283,23,0,23,0.0004678945697378367,0
molecola_47283,24,0,24,0.0003244327672291547,0
molecola_47283,25,0,25,0.0002936087257694453,0
molecola_47374,1,0,1,0.021956495940685272,0
molecola_47374,2,0,2,0.0679115429520607,0
molecola_47374,3,0,3,0.021956495940685272,0
molecola_47374,4,1,4,0.9785887002944946,1
molecola_47374,5,1,5,0.9764689207077026,1
molecola_47374,6,0,6,0.003078270237892866,0
molecola_47374,7,0,7,0.0011922238627448678,0
molecola_47374,8,0,8,0.011916802264750004,0
molecola_47374,9,0,9,0.037429530173540115,0
molecola_47374,10,0,10,0.028882553800940514,0
molecola_47374,11,0,11,0.058838922530412674,0
molecola_47728,1,0,1,0.0003357788373250514,0
molecola_47728,2,0,2,0.0016187014989554882,0
molecola_47728,3,0,3,0.0017733974382281303,0
molecola_47728,4,1,4,0.9660966992378235,1
molecola_47728,5,1,5,0.9599723815917969,1
molecola_47728,6,1,6,0.9567078948020935,1
molecola_47728,7,1,7,0.9629736542701721,1
molecola_47728,8,0,8,0.0015789925819262862,0
molecola_48686,1,0,1,0.0018838528776541352,0
molecola_48686,2,0,2,0.009120507165789604,0
molecola_48686,3,0,3,0.007517657708376646,0
molecola_48686,4,0,4,0.011125920340418816,0
molecola_48686,5,0,5,0.011663658544421196,0
molecola_48686,6,0,6,0.11515828967094421,0
molecola_48686,7,0,7,0.044718753546476364,0
molecola_48686,8,1,8,0.7391736507415771,1
molecola_48686,9,1,9,0.7336059808731079,1
molecola_48686,10,0,10,0.005789507646113634,0
molecola_48686,11,0,11,0.002947140485048294,0
molecola_48686,12,0,12,0.002947140485048294,0
molecola_48686,13,0,13,0.002947140485048294,0
molecola_48686,14,0,14,0.02371656708419323,0
molecola_48686,15,0,15,0.0029502122197300196,0
molecola_48686,16,0,16,0.003049540799111128,0
molecola_48686,17,0,17,0.015603241510689259,0
molecola_48686,18,0,18,0.002553771249949932,0
molecola_48686,19,0,19,0.008394520729780197,0
molecola_48686,20,0,20,0.008617384359240532,0
molecola_48686,21,0,21,0.0032268648501485586,0
molecola_48686,22,0,22,0.0030890488997101784,0
molecola_48686,23,0,23,0.003675560001283884,0
molecola_48686,24,0,24,0.037730325013399124,0
molecola_48686,25,0,25,0.001613673404790461,0
molecola_48686,26,0,26,0.001613673404790461,0
molecola_48686,27,0,27,0.03483579307794571,0
molecola_48686,28,0,28,0.02129153534770012,0
molecola_48686,29,0,29,0.02129153534770012,0
molecola_49036,1,0,1,0.04734242334961891,0
molecola_49036,2,0,2,0.9405834674835205,1
molecola_49036,3,0,3,0.9731174111366272,1
molecola_49036,4,0,4,0.8910506963729858,1
molecola_49036,5,0,5,0.867062509059906,1
molecola_49036,6,0,6,0.09688261151313782,0
molecola_49036,7,0,7,0.01422950066626072,0
molecola_49036,8,0,8,0.002746257232502103,0
molecola_49036,9,0,9,0.0027462609577924013,0
molecola_49036,10,0,10,0.014159394428133965,0
molecola_49036,11,0,11,0.10532008856534958,0
molecola_49036,12,0,12,0.9022133350372314,1
molecola_49036,13,0,13,0.8798125386238098,1
molecola_49036,14,0,14,0.9784653186798096,1
molecola_49036,15,0,15,0.9758190512657166,1
molecola_49036,16,1,16,0.8855487108230591,1
molecola_49036,17,1,17,0.8597297668457031,1
molecola_49036,18,0,18,0.9219365119934082,1
molecola_49036,19,0,19,0.8717145919799805,1
molecola_4914,1,0,1,0.001861932803876698,0
molecola_4914,2,0,2,0.002169248880818486,0
molecola_4914,3,0,3,0.0018498413264751434,0
molecola_4914,4,0,4,0.001421616179868579,0
molecola_4914,5,0,5,0.00660101929679513,0
molecola_4914,6,0,6,0.0021454307716339827,0
molecola_4914,7,0,7,0.007989170029759407,0
molecola_4914,8,0,8,0.016663718968629837,0
molecola_4914,9,0,9,0.007989170029759407,0
molecola_4914,10,0,10,0.0021454307716339827,0
molecola_4914,11,1,11,0.961213231086731,1
molecola_4914,12,1,12,0.9108287692070007,1
molecola_4914,13,0,13,0.01693793199956417,0
molecola_4914,14,0,14,0.006887439172714949,0
molecola_4914,15,0,15,0.002639772603288293,0
molecola_4914,16,0,16,0.0017654451075941324,0
molecola_4914,17,0,17,0.002639772603288293,0
molecola_4914,18,0,18,0.006887439172714949,0
molecola_4914,19,0,19,0.001817347132600844,0
molecola_4914,20,0,20,0.0010543810203671455,0
molecola_4914,21,0,21,0.0005152533994987607,0
molecola_4914,22,0,22,0.00034487160155549645,0
molecola_4914,23,0,23,0.000513214326929301,0
molecola_4914,24,0,24,0.0006836658576503396,0
molecola_4914,25,0,25,0.007610481232404709,0
molecola_4914,26,0,26,0.0017056982032954693,0
molecola_4914,27,0,27,0.002397522097453475,0
molecola_4914,28,0,28,0.001777824480086565,0
molecola_4914,29,0,29,0.002397522097453475,0
molecola_4914,30,0,30,0.0017056982032954693,0
molecola_4914,31,0,31,0.00034487160155549645,0
molecola_4914,32,0,32,0.0005152533994987607,0
molecola_49427,1,0,1,0.014058378525078297,0
molecola_49427,2,0,2,0.026352154091000557,0
molecola_49427,3,0,3,0.004454789217561483,0
molecola_49427,4,0,4,0.005819115322083235,0
molecola_49427,5,1,5,0.9580808281898499,1
molecola_49427,6,0,6,0.023239316418766975,0
molecola_49427,7,0,7,0.01740472950041294,0
molecola_49427,8,0,8,0.12178761512041092,0
molecola_49427,9,0,9,0.040908556431531906,0
molecola_49427,10,0,10,0.23949480056762695,0
molecola_49427,11,1,11,0.9782474637031555,1
molecola_49427,12,1,12,0.978243350982666,1
molecola_49427,13,1,13,0.9589230418205261,1
molecola_49427,14,0,14,0.00550998467952013,0
molecola_49427,15,0,15,0.003467464353889227,0
molecola_49427,16,0,16,0.0026443402748554945,0
molecola_49427,17,0,17,0.06728252023458481,0
molecola_49427,18,0,18,0.0065877679735422134,0
molecola_49427,19,0,19,0.9379176497459412,1
molecola_49427,20,0,20,0.24161413311958313,0
molecola_49427,21,0,21,0.9379324316978455,1
molecola_49614,1,0,1,0.005882502067834139,0
molecola_49614,2,0,2,0.010278314352035522,0
molecola_49614,3,0,3,0.0029866856057196856,0
molecola_49614,4,0,4,0.0029536772053688765,0
molecola_49614,5,0,5,0.0072919344529509544,0
molecola_49614,6,0,6,0.002322601154446602,0
molecola_49614,7,0,7,0.011242212727665901,0
molecola_49614,8,0,8,0.0038267660420387983,0
molecola_49614,9,0,9,0.0027655395679175854,0
molecola_49614,10,0,10,0.0069921850226819515,0
molecola_49614,11,0,11,0.004424133338034153,0
molecola_49614,12,0,12,0.04547768831253052,0
molecola_49614,13,0,13,0.9197937250137329,1
molecola_49614,14,0,14,0.25100502371788025,0
molecola_49614,15,0,15,0.9234768748283386,1
molecola_49614,16,1,16,0.9998329877853394,1
molecola_49614,17,1,17,0.9997467398643494,1
molecola_49700,1,0,1,0.9207127094268799,1
molecola_49700,2,0,2,0.9163321852684021,1
molecola_49700,3,0,3,0.25240907073020935,0
molecola_49700,4,0,4,0.04215993732213974,0
molecola_49700,5,0,5,0.007511192932724953,0
molecola_49700,6,0,6,0.0022022337652742863,0
molecola_49700,7,0,7,0.0072893123142421246,0
molecola_49700,8,0,8,0.0021212666761130095,0
molecola_49700,9,0,9,0.005986841861158609,0
molecola_49700,10,1,10,0.9997629523277283,1
molecola_49700,11,1,11,0.9996767044067383,1
molecola_49700,12,0,12,0.0072893123142421246,0
molecola_49700,13,0,13,0.0021212666761130095,0
molecola_49700,14,0,14,0.007511192932724953,0
molecola_49700,15,0,15,0.0022022337652742863,0
molecola_49789,1,0,1,0.008682976476848125,0
molecola_49789,2,0,2,0.010112645104527473,0
molecola_49789,3,0,3,0.0030295669566839933,0
molecola_49789,4,0,4,0.0023782062344253063,0
molecola_49789,5,0,5,0.020263459533452988,0
molecola_49789,6,0,6,0.003838160540908575,0
molecola_49789,7,0,7,0.006535876542329788,0
molecola_49789,8,1,8,0.999778687953949,1
molecola_49789,9,1,9,0.9996926784515381,1
molecola_49789,10,0,10,0.020781926810741425,0
molecola_49789,11,0,11,0.0023620135616511106,0
molecola_49789,12,0,12,0.0032600329723209143,0
molecola_49789,13,0,13,0.010038674809038639,0
molecola_49789,14,0,14,0.009193050675094128,0
molecola_49789,15,0,15,0.042417094111442566,0
molecola_49789,16,0,16,0.004339076578617096,0
molecola_49789,17,0,17,0.919857382774353,1
molecola_49789,18,0,18,0.25095272064208984,0
molecola_49789,19,0,19,0.9235296249389648,1
molecola_49882,1,0,1,0.0008220807067118585,0
molecola_49882,2,0,2,0.006604502908885479,0
molecola_49882,3,0,3,0.0020128299947828054,0
molecola_49882,4,0,4,0.008131378330290318,0
molecola_49882,5,0,5,0.0009491669479757547,0
molecola_49882,6,0,6,0.006212354172021151,0
molecola_49882,7,1,7,0.9997594952583313,1
molecola_49882,8,1,8,0.999675989151001,1
molecola_49882,9,0,9,0.008131378330290318,0
molecola_49882,10,0,10,0.0009491669479757547,0
molecola_49882,11,0,11,0.002012829063460231,0
molecola_49919,1,0,1,0.0009231357835233212,0
molecola_49919,2,0,2,0.007529592607170343,0
molecola_49919,3,1,3,0.991297721862793,1
molecola_49919,4,1,4,0.9912848472595215,1
molecola_49919,5,0,5,0.0075306654907763,0
molecola_49919,6,0,6,0.0009231314179487526,0
molecola_49919,7,1,7,0.947788417339325,1
molecola_49919,8,1,8,0.9281138181686401,1
molecola_49919,9,1,9,0.977364718914032,1
molecola_49919,10,1,10,0.9765846133232117,1
molecola_49919,11,0,11,0.02229333482682705,0
molecola_49919,12,1,12,0.9520633220672607,1
molecola_49919,13,1,13,0.9325187802314758,1
molecola_49919,14,0,14,0.045526862144470215,0
molecola_49919,15,0,15,0.0021876925602555275,0
molecola_49919,16,0,16,0.0014949184842407703,0
molecola_49919,17,0,17,0.0008191660162992775,0
molecola_49919,18,0,18,0.0008191660162992775,0
molecola_5033,1,0,1,0.011268883012235165,0
molecola_5033,2,0,2,0.0247237179428339,0
molecola_5033,3,0,3,0.00909898616373539,0
molecola_5033,4,0,4,0.013368751853704453,0
molecola_5033,5,0,5,0.002171273808926344,0
molecola_5033,6,0,6,0.009542286396026611,0
molecola_5033,7,0,7,0.001250451197847724,0
molecola_5033,8,1,8,0.997641921043396,1
molecola_5033,9,1,9,0.9950679540634155,1
molecola_50527,1,0,1,0.006995075382292271,0
molecola_50527,2,1,2,0.14142507314682007,0
molecola_50527,3,0,3,0.0460251085460186,0
molecola_50527,4,1,4,0.04261985793709755,0
molecola_50732,1,0,1,0.0004859431355725974,0
molecola_50732,2,0,2,0.0035242605954408646,0
molecola_50732,3,0,3,0.0004859431355725974,0
molecola_50732,4,0,4,0.0019837080035358667,0
molecola_50732,5,0,5,0.0003159476618748158,0
molecola_50732,6,0,6,0.002759243594482541,0
molecola_50732,7,1,7,0.9382799863815308,1
molecola_50732,8,0,8,0.0036159465089440346,0
molecola_50732,9,1,9,0.9236438274383545,1
molecola_50732,10,1,10,0.9221271276473999,1
molecola_50732,11,1,11,0.9398302435874939,1
molecola_50823,1,0,1,0.007767702918499708,0
molecola_50823,2,0,2,0.013281095772981644,0
molecola_50823,3,0,3,0.0022723241709172726,0
molecola_50823,4,0,4,0.00328658614307642,0
molecola_50823,5,0,5,0.0021977517753839493,0
molecola_50823,6,0,6,0.02228521928191185,0
molecola_50823,7,0,7,0.0027136558201164007,0
molecola_50823,8,0,8,0.02252901718020439,0
molecola_50823,9,0,9,0.0022101968061178923,0
molecola_50823,10,0,10,0.0033082643058151007,0
molecola_50823,11,0,11,0.002664203755557537,0
molecola_50823,12,0,12,0.007164877839386463,0
molecola_50823,13,1,13,0.9998409748077393,1
molecola_50823,14,1,14,0.9997138381004333,1
molecola_50823,15,0,15,0.0032586746383458376,0
molecola_50849,1,1,1,0.9379321336746216,1
molecola_50849,2,1,2,0.9379208087921143,1
molecola_50849,3,0,3,0.24161624908447266,0
molecola_50849,4,0,4,0.0648680254817009,0
molecola_50849,5,0,5,0.0027356513310223818,0
molecola_50849,6,0,6,0.0025063666980713606,0
molecola_50849,7,0,7,0.0079866424202919,0
molecola_50849,8,0,8,0.005422626156359911,0
molecola_50849,9,0,9,0.0005944867734797299,0
molecola_50849,10,0,10,0.0005713249556720257,0
molecola_50849,11,0,11,0.004975773394107819,0
molecola_50849,12,0,12,0.0024519118014723063,0
molecola_50849,13,0,13,0.008203604258596897,0
molecola_50849,14,0,14,0.00497611565515399,0
molecola_50849,15,0,15,0.0005724371876567602,0
molecola_50849,16,0,16,0.0005857967189513147,0
molecola_50849,17,0,17,0.004904214292764664,0
molecola_50849,18,0,18,0.0018266505794599652,0
molecola_50849,19,0,19,0.0021750684827566147,0
molecola_50849,20,0,20,0.0022015119902789593,0
molecola_50849,21,0,21,0.002172693843021989,0
molecola_50849,22,0,22,0.008054083213210106,0
molecola_50849,23,0,23,0.0024519464932382107,0
molecola_50849,24,0,24,0.008169042877852917,0
molecola_50849,25,0,25,0.002977878088131547,0
molecola_5087,1,1,1,0.015143424272537231,0
molecola_5087,2,1,2,0.025159912183880806,0
molecola_5087,3,0,3,0.015143424272537231,0
molecola_5087,4,0,4,0.04595383256673813,0
molecola_5087,5,0,5,0.013397921808063984,0
molecola_5087,6,0,6,0.00187171611469239,0
molecola_5087,7,0,7,0.002643708838149905,0
molecola_5087,8,0,8,0.006118177901953459,0
molecola_5087,9,0,9,0.007908234372735023,0
molecola_5087,10,0,10,0.0065629431046545506,0
molecola_5087,11,0,11,0.008263438008725643,0
molecola_5087,12,0,12,0.0025814049877226353,0
molecola_51020,1,0,1,0.00047393859131261706,0
molecola_51020,2,0,2,0.0007170529570430517,0
molecola_51020,3,0,3,0.002252741949632764,0
molecola_51020,4,0,4,0.0007170529570430517,0
molecola_51020,5,0,5,0.00047393859131261706,0
molecola_51020,6,0,6,0.010849804617464542,0
molecola_51020,7,0,7,0.007359942886978388,0
molecola_51020,8,0,8,0.003891697619110346,0
molecola_51020,9,0,9,0.00648891506716609,0
molecola_51020,10,0,10,0.01076921634376049,0
molecola_51020,11,0,11,0.01021446194499731,0
molecola_51020,12,0,12,0.04581459239125252,0
molecola_51020,13,0,13,0.9162781238555908,1
molecola_51020,14,0,14,0.25242048501968384,0
molecola_51020,15,0,15,0.9206685423851013,1
molecola_51020,16,0,16,0.0023344983346760273,0
molecola_51020,17,0,17,0.0020295483991503716,0
molecola_51020,18,0,18,0.0020295483991503716,0
molecola_51020,19,0,19,0.0020295483991503716,0
molecola_51020,20,1,20,0.9997791647911072,1
molecola_51020,21,1,21,0.9996926784515381,1
molecola_51026,1,0,1,0.015421770513057709,0
molecola_51026,2,0,2,0.015366092324256897,0
molecola_51026,3,0,3,0.04793592542409897,0
molecola_51026,4,0,4,0.004677808843553066,0
molecola_51026,5,0,5,0.02286296896636486,0
molecola_51026,6,0,6,0.05320941284298897,0
molecola_51026,7,0,7,0.49146905541419983,0
molecola_51026,8,0,8,0.10203469544649124,0
molecola_51026,9,0,9,0.15382392704486847,0
molecola_51026,10,0,10,0.028188345953822136,0
molecola_51026,11,0,11,0.0279172882437706,0
molecola_51026,12,0,12,0.05290672183036804,0
molecola_51026,13,0,13,0.9169042110443115,1
molecola_51026,14,0,14,0.2520495653152466,0
molecola_51026,15,0,15,0.9210959672927856,1
molecola_51026,16,1,16,0.9252658486366272,1
molecola_51026,17,0,17,0.2450893372297287,0
molecola_51026,18,1,18,0.9270537495613098,1
molecola_51026,19,0,19,0.9189924597740173,1
molecola_51026,20,0,20,0.25154659152030945,0
molecola_51026,21,0,21,0.9228613972663879,1
molecola_51294,1,0,1,0.012914976105093956,0
molecola_51294,2,0,2,0.012173776514828205,0
molecola_51294,3,0,3,0.007600699085742235,0
molecola_51294,4,0,4,0.0034948806278407574,0
molecola_51294,5,0,5,0.007600699085742235,0
molecola_51294,6,0,6,0.0027084124740213156,0
molecola_51294,7,0,7,0.011770607903599739,0
molecola_51294,8,0,8,0.0014463580446317792,0
molecola_51294,9,0,9,0.004219150636345148,0
molecola_51294,10,0,10,0.044860754162073135,0
molecola_51294,11,0,11,0.012173776514828205,0
molecola_51294,12,0,12,0.012914976105093956,0
molecola_51294,13,0,13,0.9189923405647278,1
molecola_51294,14,0,14,0.25154587626457214,0
molecola_51294,15,0,15,0.9228610992431641,1
molecola_51294,16,0,16,0.0027084124740213156,0
molecola_51294,17,0,17,0.011770607903599739,0
molecola_51294,18,0,18,0.0014463580446317792,0
molecola_51294,19,0,19,0.004219150636345148,0
molecola_51294,20,0,20,0.044860754162073135,0
molecola_51294,21,1,21,0.9189923405647278,1
molecola_51294,22,0,22,0.25154587626457214,0
molecola_51294,23,1,23,0.9228610992431641,1
molecola_5141,1,1,1,0.9040898084640503,1
molecola_5141,2,1,2,0.9289404153823853,1
molecola_5141,3,0,3,0.01906379871070385,0
molecola_5141,4,0,4,0.004399822559207678,0
molecola_5141,5,0,5,0.00161448260769248,0
molecola_5141,6,0,6,0.0029600311536341906,0
molecola_5141,7,0,7,0.0019818623550236225,0
molecola_5141,8,0,8,0.013567501679062843,0
molecola_5141,9,0,9,0.0019803717732429504,0
molecola_5141,10,0,10,0.00381635338999331,0
molecola_5141,11,0,11,0.017489692196249962,0
molecola_5141,12,0,12,0.029010139405727386,0
molecola_5141,13,0,13,0.035667747259140015,0
molecola_5144,1,0,1,0.04648381844162941,0
molecola_5144,2,1,2,0.9820256233215332,1
molecola_5144,3,1,3,0.9817713499069214,1
molecola_5144,4,0,4,0.006798613350838423,0
molecola_5144,5,0,5,0.0008656901773065329,0
molecola_5144,6,0,6,0.0009578568860888481,0
molecola_5144,7,0,7,0.0008110899943858385,0
molecola_5144,8,0,8,0.0010601059766486287,0
molecola_5144,9,0,9,0.0007106421981006861,0
molecola_5144,10,0,10,0.0003468423383310437,0
molecola_5144,11,0,11,0.0003259149088989943,0
molecola_5144,12,0,12,0.00042548790224827826,0
molecola_5144,13,0,13,0.00037979005719535053,0
molecola_5144,14,0,14,0.000600609346292913,0
molecola_5144,15,0,15,0.0006497498834505677,0
molecola_5144,16,0,16,0.0007249445770867169,0
molecola_5144,17,0,17,0.00048557171248830855,0
molecola_5144,18,0,18,0.00042334827594459057,0
molecola_5144,19,0,19,0.00042303925147280097,0
molecola_5144,20,0,20,0.0003740403335541487,0
molecola_5144,21,0,21,0.0003400177520234138,0
molecola_5144,22,0,22,0.00047619984252378345,0
molecola_5144,23,0,23,0.0006813927902840078,0
molecola_5144,24,0,24,0.0007555290940217674,0
molecola_5144,25,0,25,0.0006580721237696707,0
molecola_5144,26,0,26,0.00041938075446523726,0
molecola_5144,27,0,27,0.00041938075446523726,0
molecola_5144,28,0,28,0.0006114606512710452,0
molecola_5144,29,0,29,0.0006640307256020606,0
molecola_5144,30,0,30,0.0007327274652197957,0
molecola_5144,31,0,31,0.0005018945084884763,0
molecola_5144,32,0,32,0.00041442792280577123,0
molecola_5144,33,0,33,0.00036114288377575576,0
molecola_5144,34,0,34,0.053422603756189346,0
molecola_5144,35,0,35,0.01759604550898075,0
molecola_5144,36,0,36,0.01759604550898075,0
molecola_51528,1,1,1,0.9997138381004333,1
molecola_51528,2,1,2,0.9998408555984497,1
molecola_51528,3,0,3,0.007439870852977037,0
molecola_51528,4,0,4,0.0027569876983761787,0
molecola_51528,5,0,5,0.003062996082007885,0
molecola_51528,6,0,6,0.01357915997505188,0
molecola_51528,7,0,7,0.007109298370778561,0
molecola_51528,8,0,8,0.013764744624495506,0
molecola_51528,9,0,9,0.0028286331798881292,0
molecola_51528,10,0,10,0.002356661017984152,0
molecola_51528,11,0,11,0.002356661017984152,0
molecola_51528,12,0,12,0.0028286317829042673,0
molecola_51528,13,0,13,0.013743678107857704,0
molecola_51528,14,0,14,0.007250925991684198,0
molecola_51528,15,0,15,0.014726856723427773,0
molecola_51528,16,0,16,0.0034150646533817053,0
molecola_51543,1,1,1,0.9996620416641235,1
molecola_51543,2,1,2,0.9997949004173279,1
molecola_51543,3,0,3,0.005768715403974056,0
molecola_51543,4,0,4,0.0033580909948796034,0
molecola_51543,5,0,5,0.0029788906686007977,0
molecola_51543,6,0,6,0.0017986138118430972,0
molecola_51543,7,0,7,0.004978144075721502,0
molecola_51543,8,0,8,0.0009889228967949748,0
molecola_51543,9,0,9,0.005258896388113499,0
molecola_51543,10,0,10,0.0018287610728293657,0
molecola_51543,11,0,11,0.0021755953785032034,0
molecola_51543,12,0,12,0.002173681277781725,0
molecola_51543,13,0,13,0.0021174659486860037,0
molecola_51543,14,0,14,0.007637915201485157,0
molecola_51543,15,0,15,0.009561900980770588,0
molecola_51668,1,0,1,0.0004029535921290517,0
molecola_51668,2,0,2,0.000799638160970062,0
molecola_51668,3,0,3,0.008350715041160583,0
molecola_51668,4,0,4,0.0024674113374203444,0
molecola_51668,5,0,5,0.020557807758450508,0
molecola_51668,6,0,6,0.0024674113374203444,0
molecola_51668,7,0,7,0.008350715041160583,0
molecola_51668,8,0,8,0.000799638160970062,0
molecola_51668,9,0,9,0.0004029535921290517,0
molecola_51668,10,0,10,0.044614993035793304,0
molecola_51668,11,1,11,0.9181145429611206,1
molecola_51668,12,0,12,0.25120359659194946,0
molecola_51668,13,1,13,0.9220197796821594,1
molecola_51668,14,0,14,0.01966395415365696,0
molecola_51668,15,0,15,0.002108559710904956,0
molecola_51668,16,0,16,0.00242451298981905,0
molecola_51668,17,0,17,0.0017754632281139493,0
molecola_51668,18,0,18,0.00242451298981905,0
molecola_51668,19,0,19,0.002108559710904956,0
molecola_51674,1,0,1,0.00823003239929676,0
molecola_51674,2,0,2,0.007525467313826084,0
molecola_51674,3,0,3,0.0028883228078484535,0
molecola_51674,4,0,4,0.0020743871573358774,0
molecola_51674,5,0,5,0.011493794620037079,0
molecola_51674,6,0,6,0.001020156661979854,0
molecola_51674,7,0,7,0.011596858501434326,0
molecola_51674,8,0,8,0.002078940626233816,0
molecola_51674,9,0,9,0.0035408809781074524,0
molecola_51674,10,0,10,0.0054074437357485294,0
molecola_51674,11,1,11,0.9997938275337219,1
molecola_51674,12,1,12,0.9996616840362549,1
molecola_51674,13,0,13,0.007331008557230234,0
molecola_51674,14,0,14,0.0012172595597803593,0
molecola_51674,15,0,15,0.0021039575804024935,0
molecola_51674,16,0,16,0.002072944538667798,0
molecola_51674,17,0,17,0.006096677854657173,0
molecola_51674,18,0,18,0.0012094802223145962,0
molecola_51676,1,1,1,0.9997138381004333,1
molecola_51676,2,1,2,0.9998409748077393,1
molecola_51676,3,0,3,0.006675662472844124,0
molecola_51676,4,0,4,0.0028004180639982224,0
molecola_51676,5,0,5,0.003926283214241266,0
molecola_51676,6,0,6,0.009943626821041107,0
molecola_51676,7,0,7,0.02106754668056965,0
molecola_51676,8,0,8,0.010300480760633945,0
molecola_51676,9,0,9,0.0037488027010113,0
molecola_51676,10,0,10,0.002411171328276396,0
molecola_51676,11,0,11,0.002188147511333227,0
molecola_51676,12,0,12,0.0025017408188432455,0
molecola_51676,13,0,13,0.012500760145485401,0
molecola_51676,14,0,14,0.012441560626029968,0
molecola_51676,15,0,15,0.0032063049729913473,0
molecola_51869,1,0,1,0.00032206231844611466,0
molecola_51869,2,0,2,0.0003768411697819829,0
molecola_51869,3,0,3,0.00039844756247475743,0
molecola_51869,4,0,4,0.0007107838173396885,0
molecola_51869,5,0,5,0.006269195582717657,0
molecola_51869,6,0,6,0.0023597099352627993,0
molecola_51869,7,0,7,0.0026689996011555195,0
molecola_51869,8,0,8,0.007141977548599243,0
molecola_51869,9,1,9,0.9998408555984497,1
molecola_51869,10,1,10,0.9997138381004333,1
molecola_51869,11,0,11,0.0033043313305824995,0
molecola_51869,12,0,12,0.008668066002428532,0
molecola_51869,13,0,13,0.008920565247535706,0
molecola_5364,1,0,1,0.0004484692763071507,0
molecola_5364,2,0,2,0.0006579601904377341,0
molecola_5364,3,0,3,0.00045627806684933603,0
molecola_5364,4,0,4,0.0007977757486514747,0
molecola_5364,5,0,5,0.002091535134240985,0
molecola_5364,6,0,6,0.04999636858701706,0
molecola_5364,7,0,7,0.0011911403853446245,0
molecola_5364,8,1,8,0.9588804244995117,1
molecola_5364,9,1,9,0.9809180498123169,1
molecola_5364,10,1,10,0.9578457474708557,1
molecola_5364,11,1,11,0.9799597263336182,1
molecola_5364,12,0,12,0.9538515210151672,1
molecola_5364,13,0,13,0.9442190527915955,1
molecola_5364,14,0,14,0.002270443830639124,0
molecola_5364,15,0,15,0.00034428227809257805,0
molecola_5364,16,0,16,0.0004922628286294639,0
molecola_5364,17,0,17,0.00047280575381591916,0
molecola_5364,18,0,18,0.0003475022967904806,0
molecola_5364,19,0,19,0.0005323038785718381,0
molecola_5364,20,0,20,0.0010238683316856623,0
molecola_5364,21,0,21,0.0008425572304986417,0
molecola_5364,22,0,22,0.0033119614236056805,0
molecola_5364,23,0,23,0.002657585311681032,0
molecola_5364,24,0,24,0.002657585311681032,0
molecola_5364,25,0,25,0.008442245423793793,0
molecola_5364,26,0,26,0.008053812198340893,0
molecola_5364,27,0,27,0.008053812198340893,0
molecola_5364,28,0,28,0.008053812198340893,0
molecola_5364,29,0,29,0.010540095157921314,0
molecola_5364,30,0,30,0.00217316928319633,0
molecola_5364,31,0,31,0.0028966788668185472,0
molecola_5364,32,0,32,0.00781666487455368,0
molecola_5364,33,0,33,0.0028966788668185472,0
molecola_5364,34,0,34,0.00217316928319633,0
molecola_5364,35,0,35,0.009692732244729996,0
molecola_5364,36,0,36,0.004550019279122353,0
molecola_5364,37,0,37,0.004550019279122353,0
molecola_5364,38,0,38,0.0023185759782791138,0
molecola_5402,1,0,1,0.0011020225938409567,0
molecola_5402,2,0,2,0.016842655837535858,0
molecola_5402,3,0,3,0.9268926978111267,1
molecola_5402,4,0,4,0.9218783378601074,1
molecola_5402,5,0,5,0.588026762008667,1
molecola_5402,6,0,6,0.44629400968551636,0
molecola_5402,7,0,7,0.11157048493623734,0
molecola_5402,8,0,8,0.047561146318912506,0
molecola_5402,9,0,9,0.0023556859232485294,0
molecola_5402,10,0,10,0.006776769645512104,0
molecola_5402,11,0,11,0.000977859366685152,0
molecola_5402,12,0,12,0.004992314614355564,0
molecola_5402,13,0,13,0.06224198266863823,0
molecola_5402,14,1,14,0.9856899380683899,1
molecola_5402,15,1,15,0.9726784825325012,1
molecola_5402,16,0,16,0.008365784771740437,0
molecola_54075,1,1,1,0.9229826331138611,1
molecola_54075,2,1,2,0.9750058650970459,1
molecola_54075,3,1,3,0.8799907565116882,1
molecola_54075,4,1,4,0.9750058650970459,1
molecola_54075,5,0,5,0.8799907565116882,1
molecola_54075,6,0,6,0.9229826331138611,1
molecola_5423,1,0,1,0.00030463625444099307,0
molecola_5423,2,0,2,0.0008213940891437232,0
molecola_5423,3,0,3,0.00047677126713097095,0
molecola_5423,4,0,4,0.03948790952563286,0
molecola_5423,5,1,5,0.9167619347572327,1
molecola_5423,6,1,6,0.8932867050170898,1
molecola_5423,7,0,7,0.004532059654593468,0
molecola_5423,8,0,8,0.004532059654593468,0
molecola_5423,9,1,9,0.8824738264083862,1
molecola_5423,10,1,10,0.8871305584907532,1
molecola_5423,11,0,11,0.01903819665312767,0
molecola_54592,1,1,1,0.9996620416641235,1
molecola_54592,2,1,2,0.9997945427894592,1
molecola_54592,3,0,3,0.005782425869256258,0
molecola_54592,4,0,4,0.003633387852460146,0
molecola_54592,5,0,5,0.0022396668791770935,0
molecola_54592,6,0,6,0.009277155622839928,0
molecola_54592,7,0,7,0.002198820700868964,0
molecola_54592,8,0,8,0.0021988030057400465,0
molecola_54592,9,0,9,0.009213852696120739,0
molecola_54592,10,0,10,0.002240470377728343,0
molecola_54592,11,0,11,0.002848198637366295,0
molecola_54592,12,0,12,0.005987579934298992,0
molecola_54592,13,0,13,0.00872076116502285,0
molecola_54592,14,0,14,0.008448710665106773,0
molecola_54592,15,0,15,0.002422487596049905,0
molecola_54592,16,0,16,0.00243252981454134,0
molecola_54592,17,0,17,0.010177955962717533,0
molecola_54592,18,0,18,0.007251688279211521,0
molecola_54592,19,0,19,0.007300707511603832,0
molecola_55517,1,0,1,0.8270472288131714,1
molecola_55517,2,1,2,0.9316155314445496,1
molecola_55517,3,1,3,0.8841221928596497,1
molecola_55517,4,0,4,0.9655061364173889,1
molecola_55517,5,0,5,0.9354606866836548,1
molecola_55517,6,0,6,0.004571964964270592,0
molecola_55517,7,0,7,0.5409867763519287,1
molecola_55517,8,0,8,0.01276493165642023,0
molecola_55517,9,0,9,0.010453591123223305,0
molecola_55517,10,0,10,0.0032723683398216963,0
molecola_55517,11,0,11,0.0021810834296047688,0
molecola_55517,12,0,12,0.002181808929890394,0
molecola_55517,13,0,13,0.0032649547792971134,0
molecola_55517,14,0,14,0.020563431084156036,0
molecola_55517,15,0,15,0.9008455276489258,1
molecola_55517,16,0,16,0.02815685048699379,0
molecola_5586,1,0,1,0.007782446686178446,0
molecola_5586,2,0,2,0.008153259754180908,0
molecola_5586,3,0,3,0.002338103950023651,0
molecola_5586,4,0,4,0.002464230405166745,0
molecola_5586,5,0,5,0.011743604205548763,0
molecola_5586,6,0,6,0.002464230405166745,0
molecola_5586,7,0,7,0.002338103950023651,0
molecola_5586,8,0,8,0.004423375241458416,0
molecola_5586,9,0,9,0.07287062704563141,0
molecola_5586,10,1,10,0.9335870146751404,1
molecola_5586,11,1,11,0.942891001701355,1
molecola_5586,12,0,12,0.069603830575943,0
molecola_5586,13,1,13,0.9069296717643738,1
molecola_5586,14,1,14,0.9044449329376221,1
molecola_5586,15,0,15,0.942891001701355,1
molecola_5586,16,0,16,0.9335868954658508,1
molecola_5586,17,0,17,0.069603830575943,0
molecola_56769,1,0,1,0.0008156313560903072,0
molecola_56769,2,0,2,0.0015559322200715542,0
molecola_56769,3,0,3,0.0005219528684392571,0
molecola_56769,4,0,4,0.0003976647276431322,0
molecola_56769,5,0,5,0.0005411755992099643,0
molecola_56769,6,0,6,0.0018467464251443744,0
molecola_56769,7,0,7,0.0014102429850026965,0
molecola_56769,8,0,8,0.01222616620361805,0
molecola_56769,9,0,9,0.004038906190544367,0
molecola_56769,10,0,10,0.00647578714415431,0
molecola_56769,11,0,11,0.010024713352322578,0
molecola_56769,12,0,12,0.0021996975410729647,0
molecola_56769,13,0,13,0.00681797880679369,0
molecola_56769,14,0,14,0.0027455820236355066,0
molecola_56769,15,0,15,0.008251492865383625,0
molecola_56769,16,1,16,0.9235473275184631,1
molecola_56769,17,0,17,0.1905619353055954,0
molecola_56769,18,1,18,0.9310659170150757,1
molecola_5740,1,0,1,0.00040233603795059025,0
molecola_5740,2,0,2,0.000490403501316905,0
molecola_5740,3,0,3,0.0003928115183953196,0
molecola_5740,4,0,4,0.00047807893133722246,0
molecola_5740,5,0,5,0.001246382133103907,0
molecola_5740,6,0,6,0.00047807893133722246,0
molecola_5740,7,0,7,0.0003928115183953196,0
molecola_5740,8,0,8,0.009028919041156769,0
molecola_5740,9,0,9,0.002301754429936409,0
molecola_5740,10,0,10,0.002497271867468953,0
molecola_5740,11,0,11,0.017532581463456154,0
molecola_5740,12,0,12,0.01480231061577797,0
molecola_5740,13,1,13,0.9793211221694946,1
molecola_5740,14,1,14,0.9811721444129944,1
molecola_5740,15,1,15,0.9505586624145508,1
molecola_5740,16,1,16,0.8823073506355286,1
molecola_5740,17,0,17,0.05025971680879593,0
molecola_5740,18,0,18,0.008117180317640305,0
molecola_5740,19,0,19,0.003362862626090646,0
molecola_5740,20,0,20,0.010828491300344467,0
molecola_5740,21,0,21,0.02548792026937008,0
molecola_5740,22,0,22,0.0964222177863121,0
molecola_5740,23,1,23,0.9625968337059021,1
molecola_5740,24,1,24,0.9435957670211792,1
molecola_5740,25,0,25,0.002497271867468953,0
molecola_5740,26,0,26,0.002301754429936409,0
molecola_5890,1,0,1,0.003690506564453244,0
molecola_5890,2,0,2,0.02115016244351864,0
molecola_5890,3,0,3,0.024239247664809227,0
molecola_5890,4,0,4,0.01440172828733921,0
molecola_5890,5,0,5,0.01440172828733921,0
molecola_5890,6,0,6,0.02057146653532982,0
molecola_5890,7,0,7,0.0024707091506570578,0
molecola_5890,8,0,8,0.0055577754974365234,0
molecola_5890,9,0,9,0.029820280149579048,0
molecola_5890,10,1,10,0.9821898937225342,1
molecola_5890,11,1,11,0.9769350290298462,1
molecola_5890,12,0,12,0.0122907105833292,0
molecola_5890,13,0,13,0.011332026682794094,0
molecola_5890,14,0,14,0.0035795930307358503,0
molecola_5926,1,0,1,0.0010613746708258986,0
molecola_5926,2,0,2,0.0018995606806129217,0
molecola_5926,3,0,3,0.011205524206161499,0
molecola_5926,4,0,4,0.0031956362072378397,0
molecola_5926,5,1,5,0.9846169948577881,1
molecola_5926,6,1,6,0.9781292676925659,1
molecola_5926,7,0,7,0.010031028650701046,0
molecola_5926,8,0,8,0.0007173700141720474,0
molecola_5926,9,0,9,0.000541192595846951,0
molecola_5926,10,0,10,0.0006446519400924444,0
molecola_5926,11,0,11,0.0006070848321542144,0
molecola_5926,12,0,12,0.0003798313264269382,0
molecola_5926,13,0,13,0.0006698996294289827,0
molecola_5926,14,0,14,0.0007288753986358643,0
molecola_5926,15,0,15,0.0006527427467517555,0
molecola_5926,16,0,16,0.019589191302657127,0
molecola_603,1,1,1,0.9953800439834595,1
molecola_603,2,1,2,0.9971811771392822,1
molecola_603,3,0,3,0.005686936900019646,0
molecola_603,4,0,4,0.013983585871756077,0
molecola_603,5,0,5,0.004394146613776684,0
molecola_603,6,0,6,0.01066309493035078,0
molecola_603,7,0,7,0.018768126145005226,0
molecola_603,8,0,8,0.007404590956866741,0
molecola_603,9,0,9,0.026135196909308434,0
molecola_603,10,0,10,0.0020260573364794254,0
molecola_603,11,0,11,0.0024136339779943228,0
molecola_603,12,0,12,0.0017754092114046216,0
molecola_603,13,0,13,0.0024136339779943228,0
molecola_603,14,0,14,0.0020260573364794254,0
molecola_6031,1,0,1,0.004685903899371624,0
molecola_6031,2,0,2,0.02416546829044819,0
molecola_6031,3,0,3,0.002226852811872959,0
molecola_6031,4,0,4,0.0013068967964500189,0
molecola_6031,5,0,5,0.005063007120043039,0
molecola_6031,6,0,6,0.0021287258714437485,0
molecola_6031,7,0,7,0.002954264171421528,0
molecola_6031,8,0,8,0.001869332860223949,0
molecola_6031,9,0,9,0.004879937972873449,0
molecola_6031,10,0,10,0.0006221267976798117,0
molecola_6031,11,0,11,0.000652012531645596,0
molecola_6031,12,0,12,0.0006314468337222934,0
molecola_6031,13,0,13,0.0005187270580790937,0
molecola_6031,14,0,14,0.0012001799186691642,0
molecola_6031,15,0,15,0.005191500298678875,0
molecola_6031,16,1,16,0.9978926777839661,1
molecola_6031,17,1,17,0.995306670665741,1
molecola_6288,1,0,1,0.0038529764860868454,0
molecola_6288,2,1,2,0.9689123630523682,1
molecola_6288,3,0,3,0.005217942409217358,0
molecola_6288,4,0,4,0.007988255470991135,0
molecola_6288,5,0,5,0.002153918147087097,0
molecola_6288,6,0,6,0.002244823845103383,0
molecola_6288,7,0,7,0.010106449946761131,0
molecola_6288,8,0,8,0.0066252113319933414,0
molecola_6288,9,0,9,0.010095694102346897,0
molecola_6288,10,0,10,0.002246781252324581,0
molecola_6288,11,0,11,0.0020272445399314165,0
molecola_6288,12,0,12,0.0057664900086820126,0
molecola_6288,13,0,13,0.0009585059015080333,0
molecola_6288,14,0,14,0.0020272445399314165,0
molecola_6288,15,0,15,0.002246781252324581,0
molecola_6288,16,0,16,0.002244823845103383,0
molecola_6288,17,0,17,0.002153918147087097,0
molecola_6288,18,1,18,0.9854413866996765,1
molecola_6288,19,1,19,0.9763367176055908,1
molecola_6288,20,1,20,0.9837856292724609,1
molecola_6288,21,0,21,0.01162355113774538,0
molecola_6288,22,0,22,0.004481603857129812,0
molecola_6288,23,0,23,0.004700921475887299,0
molecola_6288,24,0,24,0.014425239525735378,0
molecola_6288,25,0,25,0.004156060051172972,0
molecola_6288,26,0,26,0.019223026931285858,0
molecola_6288,27,0,27,0.0019425118807703257,0
molecola_6288,28,0,28,0.0024147904478013515,0
molecola_6288,29,0,29,0.0017752944258973002,0
molecola_6288,30,0,30,0.0024147904478013515,0
molecola_6288,31,0,31,0.0019425118807703257,0
molecola_7210,1,0,1,0.0019321228610351682,0
molecola_7210,2,0,2,0.0024707361590117216,0
molecola_7210,3,0,3,0.0023674413096159697,0
molecola_7210,4,0,4,0.002789565362036228,0
molecola_7210,5,0,5,0.0009634513990022242,0
molecola_7210,6,0,6,0.001129902433604002,0
molecola_7210,7,0,7,0.0022461269982159138,0
molecola_7210,8,0,8,0.002309031318873167,0
molecola_7210,9,0,9,0.002309031318873167,0
molecola_7210,10,0,10,0.002309031318873167,0
molecola_7210,11,0,11,0.0016239718534052372,0
molecola_7210,12,0,12,0.001734948717057705,0
molecola_7210,13,0,13,0.005130987148731947,0
molecola_7210,14,0,14,0.0029937338549643755,0
molecola_7210,15,0,15,0.017420433461666107,0
molecola_7210,16,1,16,0.9963734745979309,1
molecola_7210,17,1,17,0.9929903745651245,1
molecola_7210,18,0,18,0.0038384173531085253,0
molecola_7210,19,0,19,0.0032693399116396904,0
molecola_7210,20,0,20,0.0032693399116396904,0
molecola_7210,21,0,21,0.007932701148092747,0
molecola_7210,22,0,22,0.0025066493544727564,0
molecola_7210,23,0,23,0.002164709148928523,0
molecola_7210,24,0,24,0.010396557860076427,0
molecola_7210,25,0,25,0.001418141764588654,0
molecola_7210,26,0,26,0.002164709148928523,0
molecola_7210,27,0,27,0.0025066493544727564,0
molecola_7526,1,0,1,0.00045855017378926277,0
molecola_7526,2,0,2,0.0005910959444008768,0
molecola_7526,3,0,3,0.00080954993609339,0
molecola_7526,4,0,4,0.0005910959444008768,0
molecola_7526,5,0,5,0.00045855017378926277,0
molecola_7526,6,0,6,0.000671260233502835,0
molecola_7526,7,0,7,0.0009653838351368904,0
molecola_7526,8,0,8,0.0017800377681851387,0
molecola_7526,9,0,9,0.002832377329468727,0
molecola_7526,10,0,10,0.0023442450910806656,0
molecola_7526,11,0,11,0.0069810193963348866,0
molecola_7526,12,0,12,0.007721411995589733,0
molecola_7526,13,0,13,0.007891734130680561,0
molecola_7526,14,0,14,0.001960506895557046,0
molecola_7526,15,0,15,0.008097034879028797,0
molecola_7526,16,0,16,0.008750101551413536,0
molecola_7526,17,0,17,0.0035740816965699196,0
molecola_7526,18,0,18,0.008768700063228607,0
molecola_7526,19,0,19,0.0028332797810435295,0
molecola_7526,20,1,20,0.9662005305290222,1
molecola_7526,21,0,21,0.0015360284596681595,0
molecola_7526,22,1,22,0.9728114008903503,1
molecola_7526,23,1,23,0.9621608257293701,1
molecola_7526,24,1,24,0.966029167175293,1
molecola_7560,1,1,1,0.9950661659240723,1
molecola_7560,2,1,2,0.9970667958259583,1
molecola_7560,3,0,3,0.0026264500338584185,0
molecola_7560,4,0,4,0.0008409810834564269,0
molecola_7560,5,0,5,0.0016016092849895358,0
molecola_7560,6,0,6,0.00714421970769763,0
molecola_7560,7,0,7,0.0019033171702176332,0
molecola_7560,8,0,8,0.0031865129712969065,0
molecola_7560,9,0,9,0.0017785922391340137,0
molecola_7560,10,0,10,0.009191600605845451,0
molecola_7560,11,0,11,0.0021042379084974527,0
molecola_7560,12,0,12,0.002694207476451993,0
molecola_7560,13,0,13,0.0015488642966374755,0
molecola_7560,14,0,14,0.0018896788824349642,0
molecola_7560,15,0,15,0.002477109432220459,0
molecola_7560,16,0,16,0.002118038246408105,0
molecola_7560,17,0,17,0.00274753593839705,0
molecola_7560,18,0,18,0.0028711610939353704,0
molecola_7586,1,0,1,0.0005897709634155035,0
molecola_7586,2,0,2,0.0011158065171912313,0
molecola_7586,3,0,3,0.004365608096122742,0
molecola_7586,4,0,4,0.002088812878355384,0
molecola_7586,5,0,5,0.002188303740695119,0
molecola_7586,6,0,6,0.00217797770164907,0
molecola_7586,7,0,7,0.0020433831959962845,0
molecola_7586,8,0,8,0.004728478845208883,0
molecola_7586,9,0,9,0.001311168191023171,0
molecola_7586,10,0,10,0.0006435150862671435,0
molecola_7586,11,0,11,0.0005376862245611846,0
molecola_7586,12,0,12,0.0005419302615337074,0
molecola_7586,13,0,13,0.0016462383791804314,0
molecola_7586,14,0,14,0.020314551889896393,0
molecola_7586,15,0,15,0.004537378437817097,0
molecola_7586,16,1,16,0.997895359992981,1
molecola_7586,17,1,17,0.9953125715255737,1
molecola_7816,1,0,1,0.00038266676710918546,0
molecola_7816,2,0,2,0.00173761579208076,0
molecola_7816,3,0,3,0.0003684180264826864,0
molecola_7816,4,0,4,0.00042223127093166113,0
molecola_7816,5,0,5,0.0003942522744182497,0
molecola_7816,6,0,6,0.000333054835209623,0
molecola_7816,7,0,7,0.0020866920240223408,0
molecola_7816,8,0,8,0.9202911257743835,1
molecola_7816,9,0,9,0.9183087348937988,1
molecola_7816,10,1,10,0.8265999555587769,1
molecola_7816,11,1,11,0.8222091794013977,1
molecola_7816,12,0,12,0.009160719811916351,0
molecola_7816,13,0,13,0.0006157676107250154,0
molecola_7816,14,0,14,0.0007995142950676382,0
molecola_7816,15,0,15,0.002770676976069808,0
molecola_7816,16,0,16,0.0004519221547525376,0
molecola_7816,17,0,17,0.0005762430955655873,0
molecola_7816,18,0,18,0.0004748671781271696,0
molecola_7816,19,0,19,0.0005651814281009138,0
molecola_7816,20,0,20,0.000578077684622258,0
molecola_7816,21,0,21,0.00047321111196652055,0
molecola_7816,22,0,22,0.0017301569459959865,0
molecola_7816,23,0,23,0.00042794071487151086,0
molecola_7816,24,0,24,0.9500804543495178,1
molecola_7816,25,0,25,0.0043774438090622425,0
molecola_7816,26,0,26,0.0024018771946430206,0
molecola_7816,27,0,27,0.0022850576788187027,0
molecola_7816,28,0,28,0.0035803604405373335,0
molecola_7816,29,0,29,0.001035321969538927,0
molecola_7816,30,0,30,0.001035321969538927,0
molecola_7816,31,0,31,0.9380460381507874,1
molecola_7816,32,0,32,0.9200287461280823,1
molecola_7816,33,0,33,0.9634748101234436,1
molecola_7816,34,0,34,0.0028956185560673475,0
molecola_8133,1,1,1,0.9954184293746948,1
molecola_8133,2,1,2,0.9977573752403259,1
molecola_8133,3,0,3,0.003187482478097081,0
molecola_8133,4,0,4,0.001041038311086595,0
molecola_8133,5,0,5,0.001755528268404305,0
molecola_8133,6,0,6,0.0016749986680224538,0
molecola_8133,7,0,7,0.00253450614400208,0
molecola_8133,8,0,8,0.0019494170555844903,0
molecola_8380,1,0,1,0.000806340656708926,0
molecola_8380,2,0,2,0.008074967190623283,0
molecola_8380,3,0,3,0.004341938998550177,0
molecola_8380,4,0,4,0.021863903850317,0
molecola_8380,5,0,5,0.014001480303704739,0
molecola_8380,6,0,6,0.07931512594223022,0
molecola_8380,7,1,7,0.8399651646614075,1
molecola_8380,8,1,8,0.8218626976013184,1
molecola_8380,9,0,9,0.08065588027238846,0
molecola_8380,10,0,10,0.022610798478126526,0
molecola_8380,11,0,11,0.014030950143933296,0
molecola_8380,12,0,12,0.0038675020914524794,0
molecola_8380,13,0,13,0.0037674016784876585,0
molecola_8380,14,0,14,0.014337905682623386,0
molecola_8380,15,0,15,0.07318291068077087,0
molecola_8380,16,0,16,0.8668158650398254,1
molecola_8380,17,0,17,0.836496889591217,1
molecola_8380,18,0,18,0.07131253182888031,0
molecola_8380,19,0,19,0.015299234539270401,0
molecola_8636,1,1,1,0.9380028247833252,1
molecola_8636,2,1,2,0.9379885792732239,1
molecola_8636,3,1,3,0.24148871004581451,0
molecola_8636,4,0,4,0.06543482095003128,0
molecola_8636,5,0,5,0.0028658092487603426,0
molecola_8636,6,0,6,0.002400510013103485,0
molecola_8636,7,0,7,0.022828873246908188,0
molecola_8636,8,0,8,0.002400510013103485,0
molecola_8636,9,0,9,0.0028658092487603426,0
molecola_8636,10,0,10,0.010434170253574848,0
molecola_8636,11,0,11,0.008772779256105423,0
molecola_8636,12,0,12,0.011400681920349598,0
molecola_8636,13,0,13,0.007825982756912708,0
molecola_8636,14,0,14,0.003508227877318859,0
molecola_8636,15,0,15,0.003113063517957926,0
molecola_8636,16,0,16,0.002508216304704547,0
molecola_8636,17,0,17,0.0029105227440595627,0
molecola_8636,18,0,18,0.0028418030124157667,0
molecola_8636,19,0,19,0.0021950022783130407,0
molecola_8636,20,0,20,0.002322956919670105,0
molecola_8636,21,0,21,0.0027074904646724463,0
molecola_8636,22,0,22,0.0028801250737160444,0
molecola_8636,23,0,23,0.003205670975148678,0
molecola_8724,1,0,1,0.00031346012838184834,0
molecola_8724,2,0,2,0.0008958029793575406,0
molecola_8724,3,0,3,0.00031346012838184834,0
molecola_8724,4,0,4,0.010035159066319466,0
molecola_8724,5,1,5,0.9120115041732788,1
molecola_8724,6,1,6,0.884654700756073,1
molecola_8724,7,0,7,0.035535573959350586,0
molecola_8724,8,0,8,0.023482291027903557,0
molecola_8724,9,0,9,0.0012603182112798095,0
molecola_8724,10,0,10,0.02058793045580387,0
molecola_8724,11,0,11,0.008564216084778309,0
molecola_8724,12,0,12,0.018497535958886147,0
molecola_8724,13,0,13,0.0036383194383233786,0
molecola_8724,14,0,14,0.0024947822093963623,0
molecola_8724,15,0,15,0.0024947822093963623,0
molecola_8724,16,0,16,0.0024947822093963623,0
molecola_8724,17,0,17,0.016522318124771118,0
molecola_8724,18,0,18,0.0029749644454568624,0
molecola_8724,19,0,19,0.009811822324991226,0
molecola_8724,20,0,20,0.008105866611003876,0
molecola_8724,21,0,21,0.003282140474766493,0
molecola_8724,22,0,22,0.003208094509318471,0
molecola_8724,23,0,23,0.002448654966428876,0
molecola_8724,24,0,24,0.010693369433283806,0
molecola_8724,25,0,25,0.0022040714975446463,0
molecola_8724,26,0,26,0.0005753658479079604,0
molecola_8724,27,0,27,0.0004030750133097172,0
molecola_8724,28,0,28,0.00041173186036758125,0
molecola_8724,29,0,29,0.0005896672373637557,0
molecola_8724,30,0,30,0.0006552249542437494,0
molecola_8724,31,0,31,0.00041173186036758125,0
molecola_8724,32,0,32,0.0004030750133097172,0
molecola_8724,33,0,33,0.003303093835711479,0
molecola_8936,1,0,1,0.0006098650628700852,0
molecola_8936,2,0,2,0.0016499307239428163,0
molecola_8936,3,1,3,0.35596776008605957,0
molecola_8936,4,1,4,0.42118650674819946,0
molecola_8936,5,0,5,0.08543579280376434,0
molecola_8936,6,0,6,0.13171668350696564,0
molecola_8936,7,0,7,0.06681473553180695,0
molecola_8936,8,0,8,0.017559615895152092,0
molecola_8936,9,0,9,0.013860329985618591,0
molecola_8936,10,0,10,0.0041706860065460205,0
molecola_8936,11,0,11,0.002459919545799494,0
molecola_8936,12,0,12,0.0021985589992254972,0
molecola_8936,13,0,13,0.0025737087707966566,0
molecola_8936,14,0,14,0.014283370226621628,0
molecola_8936,15,0,15,0.016761213541030884,0
molecola_8936,16,0,16,0.0027290477883070707,0
molecola_8936,17,0,17,0.0030815410427749157,0
molecola_8936,18,0,18,0.006649825721979141,0
molecola_8936,19,0,19,0.016785159707069397,0
molecola_8936,20,0,20,0.018751975148916245,0
molecola_8962,1,1,1,0.9635335803031921,1
molecola_8962,2,1,2,0.9691205620765686,1
molecola_8962,3,1,3,0.9563248157501221,1
molecola_8962,4,1,4,0.9685536026954651,1
molecola_8962,5,0,5,0.9310139417648315,1
molecola_8962,6,0,6,0.9165345430374146,1
molecola_8962,7,0,7,0.4845481514930725,0
molecola_8962,8,0,8,0.40189966559410095,0
molecola_8962,9,0,9,0.1257404237985611,0
molecola_8962,10,0,10,0.05260517820715904,0
molecola_8962,11,0,11,0.0011730465339496732,0
molecola_8962,12,0,12,0.0029097534716129303,0
molecola_8962,13,0,13,0.009091156534850597,0
molecola_8962,14,0,14,0.008206246420741081,0
molecola_8962,15,0,15,0.00508122518658638,0
molecola_8962,16,0,16,0.08604131639003754,0
molecola_8962,17,0,17,0.01649746485054493,0
molecola_8999,1,0,1,0.0010085174581035972,0
molecola_8999,2,0,2,0.0015281382948160172,0
molecola_8999,3,0,3,0.0017085407162085176,0
molecola_8999,4,0,4,0.0019006632501259446,0
molecola_8999,5,0,5,0.002812410704791546,0
molecola_8999,6,0,6,0.006240874528884888,0
molecola_8999,7,0,7,0.005256896372884512,0
molecola_8999,8,0,8,0.013319720514118671,0
molecola_8999,9,0,9,0.0062511982396245,0
molecola_8999,10,0,10,0.016621096059679985,0
molecola_8999,11,0,11,0.008178799413144588,0
molecola_8999,12,0,12,0.004056109581142664,0
molecola_8999,13,0,13,0.01036769151687622,0
molecola_8999,14,0,14,0.012429866008460522,0
molecola_8999,15,1,15,0.9610445499420166,1
molecola_8999,16,1,16,0.9105787873268127,1
molecola_8999,17,0,17,0.016514509916305542,0
molecola_8999,18,0,18,0.007874918170273304,0
molecola_8999,19,0,19,0.0022009643726050854,0
molecola_8999,20,0,20,0.005803417880088091,0
molecola_8999,21,0,21,0.0009584561921656132,0
molecola_8999,22,0,22,0.0022009643726050854,0
molecola_8999,23,0,23,0.007874918170273304,0
molecola_908,1,0,1,0.000958530989009887,0
molecola_908,2,0,2,0.005836581811308861,0
molecola_908,3,0,3,0.0021475693210959435,0
molecola_908,4,0,4,0.0018916531698778272,0
molecola_908,5,0,5,0.006984801962971687,0
molecola_908,6,0,6,0.001208979170769453,0
molecola_908,7,0,7,0.0020640110597014427,0
molecola_908,8,0,8,0.007180606946349144,0
molecola_908,9,0,9,0.005976170301437378,0
molecola_908,10,0,10,0.004010864533483982,0
molecola_908,11,0,11,0.007124079391360283,0
molecola_908,12,0,12,0.010876298882067204,0
molecola_908,13,0,13,0.013977446593344212,0
molecola_908,14,0,14,0.004141468089073896,0
molecola_908,15,0,15,0.005181733053177595,0
molecola_908,16,0,16,0.009735653176903725,0
molecola_908,17,0,17,0.046726424247026443,0
molecola_908,18,1,18,0.980535089969635,1
molecola_908,19,1,19,0.9526468515396118,1
molecola_908,20,0,20,0.012566197663545609,0
molecola_908,21,0,21,0.008285922929644585,0
molecola_908,22,0,22,0.002190294209867716,0
molecola_908,23,0,23,0.008849956095218658,0
molecola_908,24,0,24,0.001381552778184414,0
molecola_908,25,0,25,0.002190294209867716,0
molecola_908,26,0,26,0.008285922929644585,0
molecola_908,27,0,27,0.0018916531698778272,0
molecola_908,28,0,28,0.0021475693210959435,0
molecola_9091,1,0,1,0.0009557168814353645,0
molecola_9091,2,0,2,0.0020759887993335724,0
molecola_9091,3,0,3,0.0009557168814353645,0
molecola_9091,4,0,4,0.0020326569210737944,0
molecola_9091,5,0,5,0.004851255565881729,0
molecola_9091,6,1,6,0.9981943964958191,1
molecola_9091,7,1,7,0.9961853623390198,1
molecola_9091,8,0,8,0.0022637436632066965,0
molecola_9091,9,0,9,0.00201111426576972,0
molecola_9091,10,0,10,0.0019876842852681875,0
molecola_9091,11,0,11,0.0009237565100193024,0
molecola_9091,12,0,12,0.009898858144879341,0
molecola_9091,13,0,13,0.006575026083737612,0
molecola_9091,14,0,14,0.017111850902438164,0
molecola_9091,15,0,15,0.01753622107207775,0
molecola_9091,16,0,16,0.01269349455833435,0
molecola_9091,17,0,17,0.02083074487745762,0
molecola_9091,18,0,18,0.002496681408956647,0
molecola_9091,19,0,19,0.0021136628929525614,0
molecola_9091,20,0,20,0.005836415570229292,0
molecola_9091,21,0,21,0.0009585452498868108,0
molecola_9091,22,0,22,0.0021136628929525614,0
molecola_9091,23,0,23,0.002496681408956647,0
molecola_9091,24,0,24,0.01708126626908779,0
molecola_9091,25,0,25,0.028891755267977715,0
molecola_9091,26,0,26,0.00239762500859797,0
molecola_9091,27,0,27,0.0021457839757204056,0
molecola_9091,28,0,28,0.00583049189299345,0
molecola_9091,29,0,29,0.0009584877407178283,0
molecola_9091,30,0,30,0.0021457839757204056,0
molecola_9091,31,0,31,0.00239762500859797,0
molecola_9131,1,0,1,0.03657400980591774,0
molecola_9131,2,0,2,0.06623229384422302,0
molecola_9131,3,0,3,0.03657400980591774,0
molecola_9131,4,0,4,0.009405638091266155,0
molecola_9131,5,0,5,0.008302651345729828,0
molecola_9131,6,0,6,0.0038943379186093807,0
molecola_9131,7,0,7,0.00937096867710352,0
molecola_9131,8,0,8,0.016118248924613,0
molecola_9131,9,0,9,0.003218169556930661,0
molecola_9131,10,0,10,0.003154754638671875,0
molecola_9131,11,0,11,0.011674938723444939,0
molecola_9131,12,1,12,0.9866222739219666,1
molecola_9131,13,1,13,0.9880251288414001,1
molecola_9131,14,1,14,0.9800568222999573,1
molecola_9131,15,1,15,0.9881453514099121,1
molecola_9131,16,0,16,0.0021278690546751022,0
molecola_9131,17,0,17,0.004606188740581274,0
molecola_9131,18,0,18,0.002481883391737938,0
molecola_9131,19,0,19,0.0023182397708296776,0
molecola_9131,20,0,20,0.019669728353619576,0
molecola_9131,21,0,21,0.002458383562043309,0
molecola_9131,22,0,22,0.0054585887119174,0
molecola_9131,23,0,23,0.0019095978932455182,0
molecola_9131,24,0,24,0.019577084109187126,0
molecola_9131,25,0,25,0.002110803499817848,0
molecola_9131,26,0,26,0.0024246571119874716,0
molecola_9131,27,0,27,0.0017754632281139493,0
molecola_9131,28,0,28,0.0024246571119874716,0
molecola_9131,29,0,29,0.002110803499817848,0
molecola_9131,30,0,30,0.00813648384064436,0
molecola_929,1,0,1,0.0003065869095735252,0
molecola_929,2,0,2,0.0004345080815255642,0
molecola_929,3,0,3,0.0003389933262951672,0
molecola_929,4,0,4,0.0025194077752530575,0
molecola_929,5,1,5,0.9685876369476318,1
molecola_929,6,1,6,0.9767454266548157,1
molecola_929,7,0,7,0.018672088161110878,0
molecola_929,8,0,8,0.02215707302093506,0
molecola_929,9,0,9,0.006141127087175846,0
molecola_929,10,0,10,0.0022324889432638884,0
molecola_929,11,0,11,0.003700228640809655,0
molecola_929,12,0,12,0.0004664559382945299,0
molecola_929,13,0,13,0.0005926351295784116,0
molecola_929,14,0,14,0.000719565199688077,0
molecola_929,15,0,15,0.0006450366345234215,0
molecola_929,16,0,16,0.017091043293476105,0
molecola_929,17,0,17,0.001332758693024516,0
molecola_929,18,0,18,0.0006759156240150332,0
molecola_929,19,0,19,0.0011783296940848231,0
molecola_929,20,0,20,0.0009171740966849029,0
molecola_929,21,0,21,0.0012145992368459702,0
molecola_929,22,0,22,0.0009702569805085659,0
molecola_929,23,0,23,0.015909206122159958,0
molecola_929,24,0,24,0.012342376634478569,0
molecola_929,25,0,25,0.012342376634478569,0
molecola_9317,1,0,1,0.001793371164239943,0
molecola_9317,2,0,2,0.002117167692631483,0
molecola_9317,3,0,3,0.002015960868448019,0
molecola_9317,4,0,4,0.0016568010905757546,0
molecola_9317,5,0,5,0.0006560476613231003,0
molecola_9317,6,0,6,0.000395656272303313,0
molecola_9317,7,0,7,0.00046607994590885937,0
molecola_9317,8,0,8,0.00039331510197371244,0
molecola_9317,9,0,9,0.0004901445936411619,0
molecola_9317,10,0,10,0.0005267353262752295,0
molecola_9317,11,0,11,0.007204529829323292,0
molecola_9317,12,0,12,0.001411496545188129,0
molecola_9317,13,0,13,0.0006481449818238616,0
molecola_9317,14,0,14,0.0011937221279367805,0
molecola_9317,15,0,15,0.005515798926353455,0
molecola_9317,16,0,16,0.002354811877012253,0
molecola_9317,17,0,17,0.0061480337753891945,0
molecola_9317,18,0,18,0.0009593058493919671,0
molecola_9317,19,0,19,0.0020183452870696783,0
molecola_9317,20,0,20,0.0030286340042948723,0
molecola_9317,21,0,21,0.008854323998093605,0
molecola_9317,22,0,22,0.00471509201452136,0
molecola_9317,23,0,23,0.008211293257772923,0
molecola_9317,24,1,24,0.9755675792694092,1
molecola_9317,25,1,25,0.9716747403144836,1
molecola_9317,26,1,26,0.9499890804290771,1
molecola_9317,27,1,27,0.9502673745155334,1
molecola_9317,28,0,28,0.01225632056593895,0
molecola_9317,29,0,29,0.0018050539074465632,0
molecola_9317,30,0,30,0.0023963681887835264,0
molecola_9317,31,0,31,0.0017759932670742273,0
molecola_9317,32,0,32,0.0023963681887835264,0
molecola_9317,33,0,33,0.0018050539074465632,0
molecola_9317,34,0,34,0.000395656272303313,0
molecola_9317,35,0,35,0.0006560476613231003,0
molecola_9674,1,0,1,0.000823632872197777,0
molecola_9674,2,0,2,0.001532391645014286,0
molecola_9674,3,0,3,0.0017325469525530934,0
molecola_9674,4,0,4,0.0014966262970119715,0
molecola_9674,5,0,5,0.01169964112341404,0
molecola_9674,6,0,6,0.006330985575914383,0
molecola_9674,7,0,7,0.008882627822458744,0
molecola_9674,8,0,8,0.004757937975227833,0
molecola_9674,9,0,9,0.05332600325345993,0
molecola_9674,10,0,10,0.013311023823916912,0
molecola_9674,11,0,11,0.12544529139995575,0
molecola_9674,12,0,12,0.3654097318649292,0
molecola_9674,13,0,13,0.4097025990486145,0
molecola_9674,14,1,14,0.9237820506095886,1
molecola_9674,15,1,15,0.9262595772743225,1
molecola_9674,16,0,16,0.02885100618004799,0
molecola_9674,17,0,17,0.07765661180019379,0
molecola_9674,18,0,18,0.08255935460329056,0
molecola_9674,19,0,19,0.0023161903955042362,0
molecola_9674,20,0,20,0.002383709652349353,0
molecola_9674,21,0,21,0.008150629699230194,0
molecola_9674,22,0,22,0.0077815670520067215,0
molecola_9674,23,0,23,0.002383709652349353,0
molecola_9674,24,0,24,0.0023161903955042362,0
molecola_9674,25,0,25,0.07281098514795303,0
molecola_9674,26,0,26,0.000823632872197777,0
molecola_9708,1,0,1,0.0014800865901634097,0
molecola_9708,2,0,2,0.014052199199795723,0
molecola_9708,3,0,3,0.0008097617537714541,0
molecola_9708,4,0,4,0.00048327475087717175,0
molecola_9708,5,0,5,0.00030886352760717273,0
molecola_9708,6,0,6,0.00032082729740068316,0
molecola_9708,7,0,7,0.00023540636175312102,0
molecola_9708,8,0,8,0.00032082729740068316,0
molecola_9708,9,0,9,0.00030886352760717273,0
molecola_9708,10,1,10,0.9482468366622925,1
molecola_9708,11,1,11,0.8821607828140259,1
molecola_9708,12,0,12,0.014777353033423424,0
molecola_9708,13,0,13,0.008313773199915886,0
molecola_9708,14,0,14,0.00219875480979681,0
molecola_9708,15,0,15,0.00796846766024828,0
molecola_9708,16,0,16,0.00219875480979681,0
molecola_9708,17,0,17,0.008313773199915886,0
molecola_9708,18,0,18,0.001401274697855115,0
molecola_9708,19,0,19,0.0007956840563565493,0
molecola_9708,20,0,20,0.0007529325666837394,0
molecola_9708,21,0,21,0.0006474124966189265,0
molecola_9974,1,1,1,0.9910932183265686,1
molecola_9974,2,1,2,0.9947600960731506,1
molecola_9974,3,0,3,0.005565206985920668,0
molecola_9974,4,0,4,0.0008265040814876556,0
molecola_9974,5,0,5,0.0012412279611453414,0
molecola_9974,6,0,6,0.0008265040814876556,0
molecola_9974,7,0,7,0.008975040167570114,0
molecola_9974,8,0,8,0.0023547648452222347,0
molecola_9974,9,0,9,0.0028900178149342537,0
molecola_9974,10,0,10,0.007937513291835785,0
molecola_9974,11,0,11,0.0028900178149342537,0
molecola_9974,12,0,12,0.0023547648452222347,0
molecola_9974,13,0,13,0.007849525660276413,0
molecola_9974,14,0,14,0.004416268784552813,0
molecola_9974,15,0,15,0.004416268784552813,0
molecola_9974,16,0,16,0.0017639179714024067,0
molecola_9974,17,0,17,0.0005055582150816917,0
molecola_9974,18,0,18,0.000505558680742979,0
