molecola,indice_atomi,match,indice_atomo,probabilita,y_pred_prob
molecola_10022,1,0,1,0.0009584474610164762,0
molecola_10022,2,0,2,0.004165919963270426,0
molecola_10022,3,0,3,0.0033914251253008842,0
molecola_10022,4,0,4,0.004334678407758474,0
molecola_10022,5,0,5,0.005363789387047291,0
molecola_10022,6,0,6,0.0008009856683202088,0
molecola_10022,7,0,7,0.0007376738358289003,0
molecola_10022,8,0,8,0.0007520298240706325,0
molecola_10022,9,0,9,0.0007520298240706325,0
molecola_10022,10,0,10,0.0013754029059782624,0
molecola_10022,11,0,11,0.001014988636597991,0
molecola_10022,12,0,12,0.0008147016051225364,0
molecola_10022,13,0,13,0.012905314564704895,0
molecola_10022,14,1,14,0.9978680610656738,1
molecola_10022,15,1,15,0.9993038177490234,1
molecola_10022,16,0,16,0.0008147016051225364,0
molecola_10022,17,0,17,0.001014988636597991,0
molecola_10022,18,0,18,0.0021870180498808622,0
molecola_11097,1,0,1,0.0002209418744314462,0
molecola_11097,2,0,2,0.0011095141526311636,0
molecola_11097,3,0,3,0.0001798391022020951,0
molecola_11097,4,0,4,0.0005637718131765723,0
molecola_11097,5,0,5,0.007050406187772751,0
molecola_11097,6,1,6,0.9622618556022644,1
molecola_11097,7,1,7,0.9706493616104126,1
molecola_11097,8,0,8,0.009244872257113457,0
molecola_11097,9,0,9,0.005063225980848074,0
molecola_11097,10,0,10,0.00133461260702461,0
molecola_11097,11,0,11,0.0011333266738802195,0
molecola_11097,12,0,12,0.0015946249477565289,0
molecola_11097,13,0,13,0.006191376131027937,0
molecola_11097,14,0,14,0.9954304695129395,1
molecola_11097,15,0,15,0.9984729886054993,1
molecola_1129,1,0,1,0.0004501938819885254,0
molecola_1129,2,0,2,0.028722837567329407,0
molecola_1129,3,0,3,0.016480544582009315,0
molecola_1129,4,0,4,0.013414579443633556,0
molecola_1129,5,0,5,0.13166600465774536,0
molecola_1129,6,0,6,0.03270498663187027,0
molecola_1129,7,0,7,0.001792959519661963,0
molecola_1129,8,0,8,0.001019494142383337,0
molecola_1129,9,0,9,0.001766726141795516,0
molecola_1129,10,0,10,0.0011059989919885993,0
molecola_1129,11,0,11,0.00028278768877498806,0
molecola_1129,12,0,12,0.0006609014235436916,0
molecola_1129,13,0,13,0.0009470088989473879,0
molecola_1129,14,0,14,0.0014016730710864067,0
molecola_1129,15,0,15,0.021667826920747757,0
molecola_1129,16,0,16,0.04510332643985748,0
molecola_1129,17,1,17,0.9708045721054077,1
molecola_1129,18,1,18,0.9685004949569702,1
molecola_1129,19,1,19,0.9708305597305298,1
molecola_1129,20,1,20,0.968536376953125,1
molecola_1129,21,0,21,0.06795402616262436,0
molecola_11710,1,1,1,0.9993038177490234,1
molecola_11710,2,1,2,0.9978680610656738,1
molecola_11710,3,0,3,0.016975408419966698,0
molecola_11710,4,0,4,0.0008818939095363021,0
molecola_11710,5,0,5,0.0020054089836776257,0
molecola_11710,6,0,6,0.0033224972430616617,0
molecola_11710,7,0,7,0.0010641092667356133,0
molecola_11710,8,0,8,0.0023233515676110983,0
molecola_11710,9,0,9,0.0025325720198452473,0
molecola_11710,10,0,10,0.002329834271222353,0
molecola_11710,11,0,11,0.0006029377109371126,0
molecola_11710,12,0,12,0.001066915923729539,0
molecola_11710,13,0,13,0.0018129617674276233,0
molecola_11710,14,0,14,0.002884385408833623,0
molecola_11710,15,0,15,0.0007595040951855481,0
molecola_11710,16,0,16,0.0008204460027627647,0
molecola_11710,17,0,17,0.0007020666380412877,0
molecola_11710,18,0,18,0.0008204460027627647,0
molecola_11710,19,0,19,0.0007595040951855481,0
molecola_11710,20,0,20,0.003388549666851759,0
molecola_11710,21,0,21,0.0008921785047277808,0
molecola_12088,1,0,1,0.00012437648547347635,0
molecola_12088,2,0,2,0.00011829975846922025,0
molecola_12088,3,0,3,0.0001259403652511537,0
molecola_12088,4,0,4,0.00013115705223754048,0
molecola_12088,5,0,5,0.001973585458472371,0
molecola_12088,6,0,6,0.00013258171384222806,0
molecola_12088,7,0,7,0.00012173988943686709,0
molecola_12088,8,0,8,0.00011590486246859655,0
molecola_12088,9,0,9,0.00011284547508694232,0
molecola_12088,10,0,10,0.012960195541381836,0
molecola_12088,11,0,11,0.006984881591051817,0
molecola_12088,12,0,12,0.034674275666475296,0
molecola_12088,13,0,13,0.12560367584228516,0
molecola_12088,14,0,14,0.20799332857131958,0
molecola_12088,15,0,15,0.5000680685043335,1
molecola_12088,16,1,16,0.05521751567721367,0
molecola_12088,17,1,17,0.5163106322288513,1
molecola_12088,18,0,18,0.09954015165567398,0
molecola_12088,19,0,19,0.016346720978617668,0
molecola_12088,20,0,20,0.005209464579820633,0
molecola_12088,21,0,21,0.013716183602809906,0
molecola_12088,22,0,22,0.021222654730081558,0
molecola_12088,23,0,23,0.020773904398083687,0
molecola_12088,24,0,24,0.045093853026628494,0
molecola_12088,25,0,25,0.010412893258035183,0
molecola_12088,26,0,26,0.03456873074173927,0
molecola_12088,27,0,27,0.01656554639339447,0
molecola_12088,28,0,28,0.01656554639339447,0
molecola_12246,1,0,1,0.00015842082211747766,0
molecola_12246,2,0,2,0.00017061311518773437,0
molecola_12246,3,0,3,0.0047400412149727345,0
molecola_12246,4,0,4,0.03744275122880936,0
molecola_12246,5,0,5,0.004192579537630081,0
molecola_12246,6,0,6,0.005248549394309521,0
molecola_12246,7,0,7,0.0012486070627346635,0
molecola_12246,8,0,8,0.0012436071410775185,0
molecola_12246,9,0,9,0.01288896705955267,0
molecola_12246,10,0,10,0.002186746569350362,0
molecola_12246,11,1,11,0.9919901490211487,1
molecola_12246,12,1,12,0.992065966129303,1
molecola_12246,13,0,13,0.09690485149621964,0
molecola_12246,14,0,14,0.0013562777312472463,0
molecola_12246,15,0,15,0.0009333373745903373,0
molecola_12246,16,0,16,0.0029817328322678804,0
molecola_12246,17,0,17,0.0013177106156945229,0
molecola_12246,18,0,18,0.0009333373745903373,0
molecola_12246,19,0,19,0.0013562777312472463,0
molecola_12246,20,0,20,0.00018245026876684278,0
molecola_12246,21,0,21,0.00015810526383575052,0
molecola_12246,22,0,22,0.0527813546359539,0
molecola_12246,23,0,23,0.02797847054898739,0
molecola_12246,24,0,24,0.02797847054898739,0
molecola_12659,1,0,1,0.00018178137543145567,0
molecola_12659,2,0,2,0.001251708366908133,0
molecola_12659,3,0,3,0.00474829925224185,0
molecola_12659,4,0,4,0.9350184798240662,1
molecola_12659,5,0,5,0.9477260708808899,1
molecola_12659,6,0,6,0.9380723834037781,1
molecola_12659,7,0,7,0.9167132377624512,1
molecola_12659,8,0,8,0.005064880941063166,0
molecola_12659,9,0,9,0.0025787041522562504,0
molecola_12659,10,0,10,0.0001610195467947051,0
molecola_12659,11,0,11,0.00015629442350473255,0
molecola_12659,12,0,12,0.00013187651347834617,0
molecola_12659,13,0,13,0.00016050602425821126,0
molecola_12659,14,0,14,0.0024538554716855288,0
molecola_12659,15,0,15,0.00012683775275945663,0
molecola_12659,16,0,16,0.00012101454194635153,0
molecola_12659,17,0,17,0.0001461988576920703,0
molecola_12659,18,0,18,0.00011962070129811764,0
molecola_12659,19,0,19,0.00013354704424273223,0
molecola_12659,20,0,20,0.0001328288490185514,0
molecola_12659,21,0,21,0.00012025900650769472,0
molecola_12659,22,0,22,0.00012551499821711332,0
molecola_12659,23,0,23,0.0019233538769185543,0
molecola_12659,24,0,24,0.00013864776701666415,0
molecola_12659,25,0,25,0.9377380609512329,1
molecola_12659,26,0,26,0.9573367834091187,1
molecola_12659,27,0,27,0.9497718214988708,1
molecola_12659,28,0,28,0.9463294744491577,1
molecola_12659,29,0,29,0.002236229833215475,0
molecola_12659,30,0,30,0.00014131254283711314,0
molecola_12659,31,1,31,0.9905288815498352,1
molecola_12659,32,1,32,0.9954549074172974,1
molecola_12751,1,0,1,0.0001775962155079469,0
molecola_12751,2,0,2,0.00029165743035264313,0
molecola_12751,3,0,3,0.0018607978709042072,0
molecola_12751,4,0,4,0.004244617186486721,0
molecola_12751,5,0,5,0.0020529257599264383,0
molecola_12751,6,0,6,0.01194064226001501,0
molecola_12751,7,0,7,0.03469201177358627,0
molecola_12751,8,1,8,0.8782771825790405,1
molecola_12751,9,1,9,0.919709324836731,1
molecola_12751,10,0,10,0.0353434756398201,0
molecola_12751,11,0,11,0.016540730372071266,0
molecola_12751,12,0,12,0.005403580144047737,0
molecola_12751,13,0,13,0.01630071923136711,0
molecola_12751,14,0,14,0.00972894486039877,0
molecola_12751,15,0,15,0.00972894486039877,0
molecola_12751,16,0,16,0.014094364829361439,0
molecola_12751,17,0,17,0.004271634388715029,0
molecola_12751,18,0,18,0.00975106656551361,0
molecola_12751,19,0,19,0.00036475344677455723,0
molecola_12751,20,0,20,0.0001789861562428996,0
molecola_12751,21,0,21,0.03217669203877449,0
molecola_12751,22,0,22,0.7716110348701477,1
molecola_12751,23,0,23,0.8625741600990295,1
molecola_12751,24,0,24,0.03587108105421066,0
molecola_12751,25,0,25,0.011887623928487301,0
molecola_12751,26,0,26,0.004946302622556686,0
molecola_12769,1,0,1,0.0034601776860654354,0
molecola_12769,2,0,2,0.012869876809418201,0
molecola_12769,3,0,3,0.01041192002594471,0
molecola_12769,4,0,4,0.0024114158004522324,0
molecola_12769,5,0,5,0.003391726640984416,0
molecola_12769,6,1,6,0.9915251135826111,1
molecola_12769,7,1,7,0.9961957931518555,1
molecola_12823,1,0,1,0.0001523094397271052,0
molecola_12823,2,0,2,0.00013170095917303115,0
molecola_12823,3,0,3,0.00012603359937202185,0
molecola_12823,4,0,4,0.00011667810758808628,0
molecola_12823,5,0,5,0.00013028351531829685,0
molecola_12823,6,0,6,0.00012859163689427078,0
molecola_12823,7,0,7,0.00017493971972726285,0
molecola_12823,8,0,8,0.0017282383050769567,0
molecola_12823,9,1,9,0.982010543346405,1
molecola_12823,10,1,10,0.9845559597015381,1
molecola_12823,11,0,11,0.007706546224653721,0
molecola_12823,12,0,12,0.0092365937307477,0
molecola_12823,13,0,13,0.0016137587372213602,0
molecola_12823,14,0,14,0.0009443229646421969,0
molecola_12823,15,0,15,0.00026333145797252655,0
molecola_12823,16,0,16,0.03538404405117035,0
molecola_12823,17,0,17,0.00035946426214650273,0
molecola_12823,18,0,18,0.00037155099562369287,0
molecola_12823,19,0,19,0.005202465690672398,0
molecola_12823,20,0,20,0.007288691587746143,0
molecola_12823,21,0,21,0.00014491031470242888,0
molecola_12823,22,0,22,0.00015112031542230397,0
molecola_12823,23,0,23,0.00014083849964663386,0
molecola_12823,24,0,24,0.0001369686797261238,0
molecola_12823,25,0,25,0.00013402146578300744,0
molecola_12823,26,0,26,0.00013316568220034242,0
molecola_12946,1,0,1,0.0001864222576841712,0
molecola_12946,2,0,2,0.00037220222293399274,0
molecola_12946,3,0,3,0.0032467348501086235,0
molecola_12946,4,0,4,0.01308875810354948,0
molecola_12946,5,0,5,0.004631204064935446,0
molecola_12946,6,0,6,0.0051938253454864025,0
molecola_12946,7,0,7,0.012265815399587154,0
molecola_12946,8,0,8,0.007009644526988268,0
molecola_12946,9,0,9,0.01856815442442894,0
molecola_12946,10,0,10,0.03171586990356445,0
molecola_12946,11,0,11,0.011989285238087177,0
molecola_12946,12,0,12,0.0009911583038046956,0
molecola_12946,13,0,13,0.000779246911406517,0
molecola_12946,14,0,14,0.0013442272320389748,0
molecola_12946,15,0,15,0.005605154670774937,0
molecola_12946,16,1,16,0.9597147107124329,1
molecola_12946,17,1,17,0.9705296158790588,1
molecola_12946,18,1,18,0.961530327796936,1
molecola_12946,19,1,19,0.9512796998023987,1
molecola_12946,20,0,20,0.000779246911406517,0
molecola_12946,21,0,21,0.0009911583038046956,0
molecola_12946,22,0,22,0.01902935467660427,0
molecola_12946,23,0,23,0.00769800366833806,0
molecola_12946,24,0,24,0.0013301147846505046,0
molecola_12946,25,0,25,0.0006476034177467227,0
molecola_12946,26,0,26,0.0009296865318901837,0
molecola_12946,27,0,27,0.0006738927331753075,0
molecola_12946,28,0,28,0.001617030124180019,0
molecola_12946,29,0,29,0.0004103803657926619,0
molecola_12946,30,0,30,0.0006012304802425206,0
molecola_1335,1,0,1,0.00040722303674556315,0
molecola_1335,2,0,2,0.006329767871648073,0
molecola_1335,3,0,3,0.0005554622039198875,0
molecola_1335,4,1,4,0.9108575582504272,1
molecola_1335,5,0,5,0.005526517517864704,0
molecola_1335,6,0,6,0.0016104019014164805,0
molecola_1335,7,0,7,0.0007547475979663432,0
molecola_1335,8,0,8,0.0031982515938580036,0
molecola_1335,9,0,9,0.0021783497650176287,0
molecola_1335,10,0,10,0.0040178485214710236,0
molecola_1335,11,0,11,0.003011130727827549,0
molecola_1335,12,0,12,0.024086512625217438,0
molecola_1335,13,0,13,0.0013777549611404538,0
molecola_1335,14,0,14,0.902679979801178,1
molecola_1335,15,0,15,0.3725716173648834,0
molecola_1335,16,0,16,0.9301714301109314,1
molecola_1335,17,1,17,0.9433403611183167,1
molecola_1335,18,1,18,0.9355200529098511,1
molecola_1335,19,1,19,0.9203941226005554,1
molecola_13370,1,1,1,0.9756349921226501,1
molecola_13370,2,1,2,0.9680473208427429,1
molecola_13370,3,0,3,0.008894545957446098,0
molecola_13370,4,0,4,0.0012415407691150904,0
molecola_13370,5,0,5,0.000798615044914186,0
molecola_13370,6,0,6,0.0014216277049854398,0
molecola_13370,7,0,7,0.0013735545799136162,0
molecola_13370,8,0,8,0.0009412115323357284,0
molecola_13370,9,0,9,0.009463378228247166,0
molecola_13370,10,0,10,0.005501327104866505,0
molecola_13370,11,0,11,0.0010136700002476573,0
molecola_13370,12,0,12,0.001446559908799827,0
molecola_13370,13,0,13,0.0006980121252126992,0
molecola_13370,14,0,14,0.0008199969306588173,0
molecola_13370,15,0,15,0.0008211940876208246,0
molecola_13370,16,0,16,0.0007034309091977775,0
molecola_13370,17,0,17,0.002169577172026038,0
molecola_13370,18,0,18,0.005155402701348066,0
molecola_13475,1,0,1,0.00014365492097567767,0
molecola_13475,2,0,2,0.0001586635917192325,0
molecola_13475,3,0,3,0.00017417840717826039,0
molecola_13475,4,0,4,0.000847505172714591,0
molecola_13475,5,0,5,0.02091323770582676,0
molecola_13475,6,0,6,0.007799717132002115,0
molecola_13475,7,0,7,0.009795441292226315,0
molecola_13475,8,0,8,0.0018081641755998135,0
molecola_13475,9,0,9,0.0009570782422088087,0
molecola_13475,10,0,10,0.0008421281818300486,0
molecola_13475,11,0,11,0.0011891808826476336,0
molecola_13475,12,0,12,0.007712266407907009,0
molecola_13475,13,0,13,0.00921000074595213,0
molecola_13475,14,0,14,0.794563889503479,1
molecola_13475,15,0,15,0.7180538773536682,1
molecola_13475,16,0,16,0.008930101990699768,0
molecola_13475,17,0,17,0.005307631567120552,0
molecola_13475,18,0,18,0.001989908516407013,0
molecola_13475,19,0,19,0.00043079149327240884,0
molecola_13475,20,0,20,0.0007794336997903883,0
molecola_13475,21,0,21,0.0003806251334026456,0
molecola_13475,22,0,22,0.0017994539812207222,0
molecola_13475,23,1,23,0.9915288686752319,1
molecola_13475,24,1,24,0.9961974620819092,1
molecola_13475,25,0,25,0.001989908516407013,0
molecola_13475,26,0,26,0.00043079149327240884,0
molecola_13475,27,0,27,0.005307631567120552,0
molecola_13690,1,0,1,0.00017659807053860277,0
molecola_13690,2,0,2,0.0002503063005860895,0
molecola_13690,3,0,3,0.0012066650670021772,0
molecola_13690,4,0,4,0.0006461885059252381,0
molecola_13690,5,0,5,0.0009366236627101898,0
molecola_13690,6,0,6,0.00016338554269168526,0
molecola_13690,7,0,7,0.00011769172124331817,0
molecola_13690,8,0,8,0.00014143495354801416,0
molecola_13690,9,0,9,0.0020124565344303846,0
molecola_13690,10,1,10,0.9508455991744995,1
molecola_13690,11,0,11,0.003911942709237337,0
molecola_13690,12,0,12,0.00024489362840540707,0
molecola_13690,13,0,13,0.00019653294293675572,0
molecola_13690,14,0,14,0.00019653294293675572,0
molecola_13690,15,1,15,0.9665087461471558,1
molecola_13690,16,1,16,0.9589243531227112,1
molecola_13690,17,1,17,0.9561459422111511,1
molecola_13690,18,0,18,0.002726986538618803,0
molecola_13690,19,0,19,0.0008837149944156408,0
molecola_13690,20,0,20,0.000663844111841172,0
molecola_13690,21,0,21,0.0011991217033937573,0
molecola_13690,22,0,22,0.0002503571449778974,0
molecola_13690,23,0,23,0.00017660565208643675,0
molecola_13764,1,0,1,0.00020764437795151025,0
molecola_13764,2,0,2,0.00024661299539729953,0
molecola_13764,3,0,3,0.0010702656581997871,0
molecola_13764,4,0,4,0.0005587011692114174,0
molecola_13764,5,0,5,0.0011023491388186812,0
molecola_13764,6,0,6,0.0007578297518193722,0
molecola_13764,7,0,7,0.0010678733233362436,0
molecola_13764,8,0,8,0.0016327843768522143,0
molecola_13764,9,0,9,0.0017955047078430653,0
molecola_13764,10,0,10,0.00023928865266498178,0
molecola_13764,11,0,11,0.0002097160613629967,0
molecola_13764,12,0,12,0.000156157067976892,0
molecola_13764,13,0,13,0.00013082979421596974,0
molecola_13764,14,0,14,0.00013076182221993804,0
molecola_13764,15,0,15,0.00014284654753282666,0
molecola_13764,16,0,16,0.00015533965779468417,0
molecola_13764,17,0,17,0.0001554875634610653,0
molecola_13764,18,0,18,0.0001439258485333994,0
molecola_13764,19,0,19,0.00012796474038623273,0
molecola_13764,20,0,20,0.0001389827812090516,0
molecola_13764,21,0,21,0.0012114368146285415,0
molecola_13764,22,1,22,0.9926101565361023,1
molecola_13764,23,1,23,0.9968129992485046,1
molecola_13862,1,0,1,0.00011648178769974038,0
molecola_13862,2,0,2,0.000137810391606763,0
molecola_13862,3,0,3,0.00011262551561230794,0
molecola_13862,4,0,4,0.00014640392328146845,0
molecola_13862,5,0,5,0.00016425168723799288,0
molecola_13862,6,0,6,0.0008548846817575395,0
molecola_13862,7,0,7,0.0006380395498126745,0
molecola_13862,8,0,8,0.0007267589680850506,0
molecola_13862,9,0,9,0.0028445390053093433,0
molecola_13862,10,0,10,0.0017869625007733703,0
molecola_13862,11,0,11,0.00142140022944659,0
molecola_13862,12,0,12,0.001378026558086276,0
molecola_13862,13,0,13,0.0008014307823032141,0
molecola_13862,14,0,14,0.0017163008451461792,0
molecola_13862,15,1,15,0.977922797203064,1
molecola_13862,16,1,16,0.985121488571167,1
molecola_13862,17,1,17,0.9806404113769531,1
molecola_13862,18,1,18,0.977922797203064,1
molecola_13862,19,0,19,0.0017163008451461792,0
molecola_13862,20,0,20,0.0007267589680850506,0
molecola_13862,21,0,21,0.0006380395498126745,0
molecola_13862,22,0,22,0.00010570932499831542,0
molecola_13862,23,0,23,0.000104766026197467,0
molecola_13862,24,0,24,0.00011515959340613335,0
molecola_13880,1,0,1,0.00029838658520020545,0
molecola_13880,2,0,2,0.002369262045249343,0
molecola_13880,3,0,3,0.00029838658520020545,0
molecola_13880,4,0,4,0.013868720270693302,0
molecola_13880,5,0,5,0.00845132302492857,0
molecola_13880,6,0,6,0.04290607199072838,0
molecola_13880,7,1,7,0.9730119109153748,1
molecola_13880,8,1,8,0.9799760580062866,1
molecola_13880,9,0,9,0.018369121477007866,0
molecola_13880,10,0,10,0.013742759823799133,0
molecola_13980,1,0,1,0.00012782802514266223,0
molecola_13980,2,0,2,0.00014551373897120357,0
molecola_13980,3,0,3,0.00015764747513458133,0
molecola_13980,4,0,4,0.00014551373897120357,0
molecola_13980,5,0,5,0.00012782802514266223,0
molecola_13980,6,0,6,0.000162857337272726,0
molecola_13980,7,0,7,0.0008105498855002224,0
molecola_13980,8,0,8,0.0012053812388330698,0
molecola_13980,9,0,9,0.0007595374481752515,0
molecola_13980,10,0,10,0.0008104877197183669,0
molecola_13980,11,0,11,0.02329757623374462,0
molecola_13980,12,0,12,0.016057156026363373,0
molecola_13980,13,0,13,0.18989326059818268,0
molecola_13980,14,1,14,0.9896714687347412,1
molecola_13980,15,1,15,0.9865714907646179,1
molecola_13980,16,0,16,0.00684322277083993,0
molecola_13980,17,0,17,0.005415887571871281,0
molecola_13980,18,0,18,0.0014373508747667074,0
molecola_13980,19,0,19,0.0035481974482536316,0
molecola_13980,20,0,20,0.0019699756521731615,0
molecola_13980,21,0,21,0.0008723430801182985,0
molecola_13980,22,0,22,0.0016080981586128473,0
molecola_13980,23,0,23,0.00041090219747275114,0
molecola_13980,24,0,24,0.0019746441394090652,0
molecola_13980,25,0,25,0.32565033435821533,0
molecola_13980,26,0,26,0.010889691300690174,0
molecola_13980,27,0,27,0.0005119479610584676,0
molecola_13980,28,0,28,0.003872879082337022,0
molecola_13980,29,0,29,0.0036231346894055605,0
molecola_13980,30,0,30,0.004785466939210892,0
molecola_14081,1,0,1,0.00017641429440118372,0
molecola_14081,2,0,2,0.00024773215409368277,0
molecola_14081,3,0,3,0.0010242863791063428,0
molecola_14081,4,0,4,0.0008890179451555014,0
molecola_14081,5,0,5,0.0009580397745594382,0
molecola_14081,6,0,6,0.02077062986791134,0
molecola_14081,7,0,7,0.0008180520962923765,0
molecola_14081,8,0,8,0.0012826082529500127,0
molecola_14081,9,0,9,0.0002501702983863652,0
molecola_14081,10,0,10,0.00017659419972915202,0
molecola_14081,11,1,11,0.9641891121864319,1
molecola_14081,12,1,12,0.9728837013244629,1
molecola_14081,13,0,13,0.6939688920974731,1
molecola_14081,14,0,14,0.7169463634490967,1
molecola_14081,15,0,15,0.15316565334796906,0
molecola_14081,16,0,16,0.02151438780128956,0
molecola_14081,17,0,17,0.003360253991559148,0
molecola_14081,18,0,18,0.0002513992949388921,0
molecola_14081,19,0,19,0.00017664303595665842,0
molecola_14081,20,0,20,0.001812174916267395,0
molecola_14081,21,0,21,0.00025344424648210406,0
molecola_14081,22,0,22,0.00017667941574472934,0
molecola_14081,23,0,23,0.004343285225331783,0
molecola_14081,24,0,24,0.08544405549764633,0
molecola_14081,25,0,25,0.02358105219900608,0
molecola_14126,1,0,1,0.00019852803961839527,0
molecola_14126,2,0,2,0.0002392361784586683,0
molecola_14126,3,0,3,0.00019852803961839527,0
molecola_14126,4,0,4,0.00022375871776603162,0
molecola_14126,5,0,5,0.00031758748809807,0
molecola_14126,6,0,6,0.00022724327573087066,0
molecola_14126,7,0,7,0.0017540908884257078,0
molecola_14126,8,0,8,0.0007772812386974692,0
molecola_14126,9,0,9,0.0008238468435592949,0
molecola_14126,10,0,10,0.0008489721803925931,0
molecola_14126,11,0,11,0.00140517414547503,0
molecola_14126,12,0,12,0.010242064483463764,0
molecola_14126,13,1,13,0.9588425159454346,1
molecola_14126,14,1,14,0.9644641280174255,1
molecola_1414,1,1,1,0.9961962699890137,1
molecola_1414,2,1,2,0.9915235042572021,1
molecola_1414,3,0,3,0.0014435751363635063,0
molecola_1414,4,0,4,0.00017135606321971864,0
molecola_1414,5,0,5,0.00014325781376101077,0
molecola_1414,6,0,6,0.0001319531147601083,0
molecola_1414,7,0,7,0.00013595243217423558,0
molecola_1414,8,0,8,0.00016569305444136262,0
molecola_1414,9,0,9,0.00013130345905665308,0
molecola_1414,10,0,10,0.00012350158067420125,0
molecola_1414,11,0,11,0.00012184115621494129,0
molecola_1414,12,0,12,0.00012350158067420125,0
molecola_1414,13,0,13,0.00013130345905665308,0
molecola_1414,14,0,14,0.0009591828566044569,0
molecola_1414,15,0,15,0.000589967705309391,0
molecola_1414,16,0,16,0.0007995961932465434,0
molecola_1414,17,0,17,0.0006997741875238717,0
molecola_1414,18,0,18,0.0007995961932465434,0
molecola_1414,19,0,19,0.000589967705309391,0
molecola_14269,1,0,1,0.004080732353031635,0
molecola_14269,2,0,2,0.0075510176829993725,0
molecola_14269,3,0,3,0.004080732353031635,0
molecola_14269,4,0,4,0.0024725596886128187,0
molecola_14269,5,0,5,0.00017281905456911772,0
molecola_14269,6,0,6,0.0001591263135196641,0
molecola_14269,7,0,7,0.003929464146494865,0
molecola_14269,8,1,8,0.9580997824668884,1
molecola_14269,9,1,9,0.9708511233329773,1
molecola_14269,10,1,10,0.9613013863563538,1
molecola_14269,11,1,11,0.9580997824668884,1
molecola_14269,12,0,12,0.003929464146494865,0
molecola_14269,13,0,13,0.0001591263135196641,0
molecola_14269,14,0,14,0.00017281905456911772,0
molecola_14269,15,0,15,0.0024725596886128187,0
molecola_14269,16,0,16,0.0075510176829993725,0
molecola_14269,17,0,17,0.004080732353031635,0
molecola_14269,18,0,18,0.004080732353031635,0
molecola_14269,19,0,19,0.01128875557333231,0
molecola_14269,20,0,20,0.007742960471659899,0
molecola_14269,21,0,21,0.007742960471659899,0
molecola_14269,22,0,22,0.01128875557333231,0
molecola_14269,23,0,23,0.007742967922240496,0
molecola_14269,24,0,24,0.007742967922240496,0
molecola_14283,1,0,1,0.0028640776872634888,0
molecola_14283,2,0,2,0.006609579082578421,0
molecola_14283,3,0,3,0.006946060806512833,0
molecola_14283,4,0,4,0.005094935651868582,0
molecola_14283,5,0,5,0.005094935651868582,0
molecola_14283,6,0,6,0.012908874079585075,0
molecola_14283,7,0,7,0.001275104470551014,0
molecola_14283,8,0,8,0.004865833092480898,0
molecola_14283,9,0,9,0.007601601537317038,0
molecola_14283,10,0,10,0.004865833092480898,0
molecola_14283,11,0,11,0.001275104470551014,0
molecola_14283,12,1,12,0.9194043874740601,1
molecola_14283,13,1,13,0.9142482280731201,1
molecola_14283,14,0,14,0.011389277875423431,0
molecola_14283,15,0,15,0.005216739606112242,0
molecola_14283,16,0,16,0.0020855246111750603,0
molecola_14283,17,0,17,0.004396969918161631,0
molecola_14283,18,0,18,0.010509035550057888,0
molecola_14736,1,0,1,0.00024485206813551486,0
molecola_14736,2,0,2,0.0010834730928763747,0
molecola_14736,3,0,3,0.00024485206813551486,0
molecola_14736,4,0,4,0.00104311213362962,0
molecola_14736,5,0,5,0.002025297610089183,0
molecola_14736,6,0,6,0.0017959225224331021,0
molecola_14736,7,0,7,0.0021369257010519505,0
molecola_14736,8,0,8,0.0103846974670887,0
molecola_14736,9,0,9,0.0016013500280678272,0
molecola_14736,10,0,10,0.006697924807667732,0
molecola_14736,11,0,11,0.016287190839648247,0
molecola_14736,12,0,12,0.00111670873593539,0
molecola_14736,13,0,13,0.00021377092343755066,0
molecola_14736,14,0,14,0.004229018464684486,0
molecola_14736,15,0,15,0.009531484916806221,0
molecola_14736,16,0,16,0.006514097098261118,0
molecola_14736,17,0,17,0.006514097098261118,0
molecola_14736,18,0,18,0.007804456166923046,0
molecola_14736,19,0,19,0.002899805549532175,0
molecola_14736,20,0,20,0.0007139045046642423,0
molecola_14736,21,0,21,0.0010153043549507856,0
molecola_14736,22,0,22,0.0007378826849162579,0
molecola_14736,23,0,23,0.016053609549999237,0
molecola_14736,24,0,24,0.0007102678064256907,0
molecola_14736,25,1,25,0.9955975413322449,1
molecola_14736,26,1,26,0.998534083366394,1
molecola_14870,1,0,1,0.0001410867553204298,0
molecola_14870,2,0,2,0.0001647014869377017,0
molecola_14870,3,0,3,0.00017764313088264316,0
molecola_14870,4,0,4,0.00023855967447161674,0
molecola_14870,5,0,5,0.00038383714854717255,0
molecola_14870,6,0,6,0.0003626607358455658,0
molecola_14870,7,0,7,0.00033168410300277174,0
molecola_14870,8,0,8,0.00023773452267050743,0
molecola_14870,9,0,9,0.0001988830917980522,0
molecola_14870,10,0,10,0.00023773452267050743,0
molecola_14870,11,0,11,0.0001988830917980522,0
molecola_14870,12,0,12,0.00014671038661617786,0
molecola_14870,13,0,13,0.00012311391765251756,0
molecola_14870,14,0,14,0.00012183383660158142,0
molecola_14870,15,0,15,0.00014546408783644438,0
molecola_14870,16,0,16,0.00014191967784427106,0
molecola_14870,17,0,17,0.00015088704822119325,0
molecola_14870,18,0,18,0.00015336133947130293,0
molecola_14870,19,0,19,0.00013365736231207848,0
molecola_14870,20,0,20,0.003803943283855915,0
molecola_14870,21,1,21,0.9772047400474548,1
molecola_14870,22,1,22,0.9847313165664673,1
molecola_14870,23,1,23,0.9802038669586182,1
molecola_14870,24,1,24,0.9775434136390686,1
molecola_14870,25,0,25,0.002628684276714921,0
molecola_14870,26,0,26,0.00015144790813792497,0
molecola_14870,27,0,27,0.00013100955402478576,0
molecola_14870,28,0,28,0.00014571550127584487,0
molecola_14870,29,0,29,0.00012789056927431375,0
molecola_14870,30,0,30,0.00015395825903397053,0
molecola_14870,31,0,31,0.00015159585746005177,0
molecola_14870,32,0,32,0.0001547201391076669,0
molecola_14870,33,0,33,0.00014001833915244788,0
molecola_1515,1,0,1,0.00017693972040433437,0
molecola_1515,2,0,2,0.00025137653574347496,0
molecola_1515,3,0,3,0.001683094073086977,0
molecola_1515,4,0,4,0.0046854144893586636,0
molecola_1515,5,0,5,0.00849102158099413,0
molecola_1515,6,0,6,0.0046854144893586636,0
molecola_1515,7,0,7,0.001683094073086977,0
molecola_1515,8,0,8,0.00025137653574347496,0
molecola_1515,9,0,9,0.00017693972040433437,0
molecola_1515,10,0,10,0.0008715919102542102,0
molecola_1515,11,0,11,0.00027674989541992545,0
molecola_1515,12,0,12,0.00017679232405498624,0
molecola_1515,13,1,13,0.9453776478767395,1
molecola_1515,14,1,14,0.9593749046325684,1
molecola_1515,15,0,15,0.023983607068657875,0
molecola_1515,16,0,16,0.008523226715624332,0
molecola_1515,17,0,17,0.0014967131428420544,0
molecola_1515,18,0,18,0.006147235631942749,0
molecola_1515,19,0,19,0.022160718217492104,0
molecola_1515,20,0,20,0.013276830315589905,0
molecola_1515,21,0,21,0.01334057841449976,0
molecola_1515,22,0,22,0.0009836939861997962,0
molecola_1515,23,0,23,0.0007873511640354991,0
molecola_1515,24,0,24,0.001212656032294035,0
molecola_1515,25,0,25,0.00028680541436187923,0
molecola_1515,26,0,26,0.0019853936973959208,0
molecola_1515,27,0,27,0.0018496140837669373,0
molecola_1515,28,0,28,0.0009878361597657204,0
molecola_15305,1,0,1,0.0014868758153170347,0
molecola_15305,2,0,2,0.011860220693051815,0
molecola_15305,3,0,3,0.0019486896926537156,0
molecola_15305,4,0,4,0.01849118247628212,0
molecola_15305,5,0,5,0.0010907758260145783,0
molecola_15305,6,0,6,0.001733343000523746,0
molecola_15305,7,0,7,0.0027398327365517616,0
molecola_15305,8,0,8,0.008007530122995377,0
molecola_15305,9,0,9,0.01034188736230135,0
molecola_15305,10,0,10,0.008211277425289154,0
molecola_15305,11,0,11,0.008211277425289154,0
molecola_15305,12,0,12,0.0026050726883113384,0
molecola_15305,13,0,13,0.001441832398995757,0
molecola_15305,14,0,14,0.01408940926194191,0
molecola_15305,15,0,15,0.0023132897913455963,0
molecola_15305,16,0,16,0.018311945721507072,0
molecola_15305,17,1,17,0.8554465174674988,1
molecola_15305,18,1,18,0.9078776836395264,1
molecola_15305,19,0,19,0.005180574953556061,0
molecola_15305,20,0,20,0.0008654349367134273,0
molecola_15305,21,0,21,0.000797783664893359,0
molecola_15305,22,0,22,0.0006987316301092505,0
molecola_15305,23,0,23,0.000797783664893359,0
molecola_15305,24,0,24,0.0008654349367134273,0
molecola_15891,1,0,1,0.00012148429959779605,0
molecola_15891,2,0,2,0.000159467599587515,0
molecola_15891,3,0,3,0.0012762198457494378,0
molecola_15891,4,0,4,0.0029670237563550472,0
molecola_15891,5,0,5,0.0037014891859143972,0
molecola_15891,6,0,6,0.0035184479784220457,0
molecola_15891,7,0,7,0.002756694098934531,0
molecola_15891,8,0,8,0.0009875980904325843,0
molecola_15891,9,0,9,0.005815188400447369,0
molecola_15891,10,0,10,0.00040520125185139477,0
molecola_15891,11,0,11,0.0018091101665049791,0
molecola_15891,12,1,12,0.9915288686752319,1
molecola_15891,13,1,13,0.9961974620819092,1
molecola_15944,1,0,1,0.0007303025340661407,0
molecola_15944,2,0,2,0.0009121264447458088,0
molecola_15944,3,0,3,0.0035063480027019978,0
molecola_15944,4,0,4,0.0019378712167963386,0
molecola_15944,5,0,5,0.301170289516449,0
molecola_15944,6,0,6,0.4548601806163788,0
molecola_15944,7,0,7,0.001838162075728178,0
molecola_15944,8,0,8,0.005321369040757418,0
molecola_15944,9,1,9,0.4555566906929016,0
molecola_15944,10,1,10,0.3061320185661316,0
molecola_15944,11,0,11,0.05345878377556801,0
molecola_15944,12,0,12,0.0029521931428462267,0
molecola_15944,13,0,13,0.0016985314432531595,0
molecola_15944,14,0,14,0.027006136253476143,0
molecola_15944,15,0,15,0.0018480020808055997,0
molecola_15944,16,0,16,0.0009408887126483023,0
molecola_15944,17,0,17,0.0012859507696703076,0
molecola_15944,18,0,18,0.0004807516233995557,0
molecola_15944,19,0,19,0.914405882358551,1
molecola_15944,20,0,20,0.4022471010684967,0
molecola_15944,21,0,21,0.9387661814689636,1
molecola_15944,22,0,22,0.0036579205188900232,0
molecola_15944,23,0,23,0.002008371287956834,0
molecola_15944,24,0,24,0.0011023228289559484,0
molecola_15944,25,0,25,0.0010271496139466763,0
molecola_15944,26,0,26,0.0002446712169330567,0
molecola_15944,27,0,27,0.0002054875367321074,0
molecola_15944,28,0,28,0.0002054875367321074,0
molecola_15944,29,0,29,0.0001880964991869405,0
molecola_15944,30,0,30,0.00017097790259867907,0
molecola_15944,31,0,31,0.0018398086540400982,0
molecola_16075,1,0,1,0.00017700604803394526,0
molecola_16075,2,0,2,0.0002538553671911359,0
molecola_16075,3,0,3,0.0017079185927286744,0
molecola_16075,4,0,4,0.0019149929285049438,0
molecola_16075,5,0,5,0.0313480868935585,0
molecola_16075,6,0,6,0.004821510054171085,0
molecola_16075,7,0,7,0.30196070671081543,0
molecola_16075,8,0,8,0.6698759198188782,1
molecola_16075,9,0,9,0.7232416868209839,1
molecola_16075,10,1,10,0.9667374491691589,1
molecola_16075,11,1,11,0.9429323077201843,1
molecola_16075,12,0,12,0.025133924558758736,0
molecola_16075,13,0,13,0.0884881466627121,0
molecola_16075,14,0,14,0.0038294210098683834,0
molecola_16075,15,0,15,0.00031768198823556304,0
molecola_16075,16,0,16,0.00017762552306521684,0
molecola_16075,17,0,17,0.011182068847119808,0
molecola_16075,18,0,18,0.000971378933172673,0
molecola_16075,19,0,19,0.000824449525680393,0
molecola_16075,20,0,20,0.0008359723724424839,0
molecola_16075,21,0,21,0.0009122082265093923,0
molecola_16075,22,0,22,0.0023107181768864393,0
molecola_16075,23,0,23,0.001935776905156672,0
molecola_16230,1,0,1,0.00019635069475043565,0
molecola_16230,2,0,2,0.000221136404434219,0
molecola_16230,3,0,3,0.00019635069475043565,0
molecola_16230,4,0,4,0.00016372800746466964,0
molecola_16230,5,0,5,0.0001411034318152815,0
molecola_16230,6,0,6,0.00016847722872626036,0
molecola_16230,7,0,7,0.0008533591171726584,0
molecola_16230,8,0,8,0.0006526326760649681,0
molecola_16230,9,0,9,0.0007709258352406323,0
molecola_16230,10,0,10,0.0016619967063888907,0
molecola_16230,11,0,11,0.0007709258352406323,0
molecola_16230,12,0,12,0.0006526326760649681,0
molecola_16230,13,0,13,0.00133238744456321,0
molecola_16230,14,0,14,0.0008270209073089063,0
molecola_16230,15,0,15,0.0008146425825543702,0
molecola_16230,16,0,16,0.0008309154654853046,0
molecola_16230,17,0,17,0.0008560555870644748,0
molecola_16230,18,0,18,0.0010200153337791562,0
molecola_16230,19,0,19,0.0005244058556854725,0
molecola_16230,20,0,20,0.0006150578847154975,0
molecola_16230,21,0,21,0.0006150578847154975,0
molecola_16230,22,0,22,0.00019842888286802918,0
molecola_16230,23,0,23,0.00013560416118707508,0
molecola_16230,24,0,24,0.00015600124606862664,0
molecola_16230,25,0,25,0.0014471421018242836,0
molecola_16230,26,1,26,0.9915236234664917,1
molecola_16230,27,1,27,0.9961962699890137,1
molecola_16294,1,0,1,0.00017709500389173627,0
molecola_16294,2,0,2,0.00023838096240069717,0
molecola_16294,3,0,3,0.0015904942993074656,0
molecola_16294,4,0,4,0.0008963561849668622,0
molecola_16294,5,0,5,0.002457193797454238,0
molecola_16294,6,0,6,0.006208057515323162,0
molecola_16294,7,0,7,0.006263841409236193,0
molecola_16294,8,0,8,0.004676945507526398,0
molecola_16294,9,0,9,0.001173888216726482,0
molecola_16294,10,0,10,0.0052297767251729965,0
molecola_16294,11,0,11,0.002804758492857218,0
molecola_16294,12,0,12,0.002116061747074127,0
molecola_16294,13,0,13,0.0018347871955484152,0
molecola_16294,14,0,14,0.0011190727818757296,0
molecola_16294,15,0,15,0.000814555271063,0
molecola_16294,16,0,16,0.0001714941899990663,0
molecola_16294,17,0,17,0.00015666683611925691,0
molecola_16294,18,0,18,0.0015382131095975637,0
molecola_16294,19,1,19,0.9908125996589661,1
molecola_16294,20,1,20,0.9957821369171143,1
molecola_16294,21,0,21,0.003912695217877626,0
molecola_16294,22,0,22,0.0008354221354238689,0
molecola_16740,1,0,1,0.00014924279821570963,0
molecola_16740,2,0,2,0.0005873960326425731,0
molecola_16740,3,0,3,0.0013823542976751924,0
molecola_16740,4,0,4,0.0012790454784408212,0
molecola_16740,5,0,5,0.001143576460890472,0
molecola_16740,6,0,6,0.0010426313383504748,0
molecola_16740,7,0,7,0.16885998845100403,0
molecola_16740,8,1,8,0.9760301113128662,1
molecola_16740,9,1,9,0.9752412438392639,1
molecola_16740,10,1,10,0.9357107877731323,1
molecola_16740,11,1,11,0.9453821182250977,1
molecola_16740,12,1,12,0.9748321175575256,1
molecola_16740,13,1,13,0.978708803653717,1
molecola_16740,14,1,14,0.8822290897369385,1
molecola_16740,15,1,15,0.8554746508598328,1
molecola_16740,16,0,16,0.19936075806617737,0
molecola_17093,1,0,1,0.0022959995549172163,0
molecola_17093,2,0,2,0.029693912714719772,0
molecola_17093,3,0,3,0.021493325009942055,0
molecola_17093,4,0,4,0.0062584360130131245,0
molecola_17093,5,0,5,0.004197380039840937,0
molecola_17093,6,0,6,0.008387383073568344,0
molecola_17093,7,0,7,0.0058141849003732204,0
molecola_17093,8,0,8,0.9345358610153198,1
molecola_17093,9,0,9,0.947870671749115,1
molecola_17093,10,0,10,0.00979901198297739,0
molecola_17093,11,0,11,0.006580656860023737,0
molecola_17093,12,0,12,0.014455811120569706,0
molecola_17093,13,0,13,0.07512972503900528,0
molecola_17093,14,0,14,0.014455811120569706,0
molecola_17093,15,0,15,0.006580656860023737,0
molecola_17093,16,1,16,0.9797164797782898,1
molecola_17093,17,1,17,0.990048885345459,1
molecola_17093,18,0,18,0.006725670769810677,0
molecola_17199,1,0,1,0.041621316224336624,0
molecola_17199,2,1,2,0.9876613616943359,1
molecola_17199,3,1,3,0.9898598790168762,1
molecola_17199,4,0,4,0.0014110987540334463,0
molecola_17199,5,0,5,0.0001896040339488536,0
molecola_17199,6,0,6,0.00021255796309560537,0
molecola_17199,7,0,7,0.00017736200243234634,0
molecola_17199,8,0,8,0.00020682535250671208,0
molecola_17199,9,0,9,0.0003579322947189212,0
molecola_17199,10,0,10,0.02519623190164566,0
molecola_17199,11,0,11,0.9911766052246094,1
molecola_17199,12,0,12,0.9907363057136536,1
molecola_17199,13,0,13,0.018695054575800896,0
molecola_17199,14,0,14,0.9488173723220825,1
molecola_17199,15,0,15,0.9522777199745178,1
molecola_17199,16,0,16,0.9907246232032776,1
molecola_17199,17,0,17,0.9907283782958984,1
molecola_17199,18,0,18,0.018630022183060646,0
molecola_17199,19,0,19,0.9491217732429504,1
molecola_17199,20,0,20,0.9522727727890015,1
molecola_17199,21,0,21,0.018646540120244026,0
molecola_17199,22,0,22,0.02956993132829666,0
molecola_17199,23,0,23,0.01673388108611107,0
molecola_17199,24,0,24,0.01673388108611107,0
molecola_17244,1,1,1,0.9782222509384155,1
molecola_17244,2,1,2,0.9719316363334656,1
molecola_17244,3,0,3,0.011276382021605968,0
molecola_17244,4,0,4,0.0013581804232671857,0
molecola_17244,5,0,5,0.000962383986916393,0
molecola_17244,6,0,6,0.005243072751909494,0
molecola_17244,7,0,7,0.000962383986916393,0
molecola_17244,8,0,8,0.0013581804232671857,0
molecola_17244,9,0,9,0.0056978510692715645,0
molecola_17244,10,0,10,0.0022814255207777023,0
molecola_17244,11,0,11,0.0009451876394450665,0
molecola_17244,12,0,12,0.002014433266595006,0
molecola_17244,13,0,13,0.0029672705568373203,0
molecola_17244,14,0,14,0.0031034904532134533,0
molecola_17557,1,0,1,0.0014658343279734254,0
molecola_17557,2,0,2,0.00506443390622735,0
molecola_17557,3,0,3,0.0014658343279734254,0
molecola_17557,4,0,4,0.0014658343279734254,0
molecola_17557,5,1,5,0.9365516901016235,1
molecola_17557,6,1,6,0.9499422907829285,1
molecola_17557,7,0,7,0.010259979404509068,0
molecola_17557,8,0,8,0.007210433017462492,0
molecola_17557,9,0,9,0.006249125115573406,0
molecola_17557,10,0,10,0.0040077874436974525,0
molecola_17557,11,0,11,0.006249125115573406,0
molecola_17557,12,0,12,0.007210433017462492,0
molecola_17557,13,0,13,0.012871603481471539,0
molecola_17557,14,0,14,0.007767041679471731,0
molecola_17557,15,0,15,0.007767041679471731,0
molecola_17909,1,0,1,0.00017931804177351296,0
molecola_17909,2,0,2,0.000853547768201679,0
molecola_17909,3,0,3,0.0009256881894543767,0
molecola_17909,4,0,4,0.001827871659770608,0
molecola_17909,5,0,5,0.0015954244881868362,0
molecola_17909,6,0,6,0.0017145852325484157,0
molecola_17909,7,0,7,0.008917239494621754,0
molecola_17909,8,1,8,0.963816225528717,1
molecola_17909,9,1,9,0.9715197682380676,1
molecola_17909,10,0,10,0.0008023760165087879,0
molecola_17909,11,0,11,0.0004604347050189972,0
molecola_17909,12,0,12,0.0023631069343537092,0
molecola_17909,13,0,13,0.0013651904882863164,0
molecola_17909,14,0,14,0.0025134722236543894,0
molecola_17909,15,0,15,0.0011358415940776467,0
molecola_17909,16,0,16,0.0021168978419154882,0
molecola_17909,17,0,17,0.0029578139074146748,0
molecola_17909,18,0,18,0.0013572340831160545,0
molecola_17909,19,0,19,0.00026840221835300326,0
molecola_17909,20,0,20,0.00016494649753440171,0
molecola_17909,21,0,21,0.0001464533561374992,0
molecola_17909,22,0,22,0.0001464533561374992,0
molecola_17909,23,0,23,0.0038375151343643665,0
molecola_1796,1,0,1,0.000947364023886621,0
molecola_1796,2,0,2,0.0020416374318301678,0
molecola_1796,3,0,3,0.000947364023886621,0
molecola_1796,4,0,4,0.002501289825886488,0
molecola_1796,5,0,5,0.0017232118407264352,0
molecola_1796,6,0,6,0.0008537893299944699,0
molecola_1796,7,0,7,0.0012541511096060276,0
molecola_1796,8,0,8,0.00025001648464240134,0
molecola_1796,9,0,9,0.0001557050709379837,0
molecola_1796,10,0,10,0.00014719521277584136,0
molecola_1796,11,0,11,0.00017176273104269058,0
molecola_1796,12,0,12,0.0014422250678762794,0
molecola_1796,13,1,13,0.9915235042572021,1
molecola_1796,14,1,14,0.9961962699890137,1
molecola_1796,15,0,15,0.0008537893299944699,0
molecola_1796,16,0,16,0.0017232118407264352,0
molecola_18007,1,0,1,0.0017598203849047422,0
molecola_18007,2,0,2,0.007215609773993492,0
molecola_18007,3,0,3,0.0017598203849047422,0
molecola_18007,4,1,4,0.9296122193336487,1
molecola_18007,5,1,5,0.9441615343093872,1
molecola_18007,6,0,6,0.009861810132861137,0
molecola_18007,7,0,7,0.006035679019987583,0
molecola_18007,8,0,8,0.0010252343490719795,0
molecola_18007,9,0,9,0.0007061269134283066,0
molecola_18007,10,0,10,0.0010252343490719795,0
molecola_18007,11,0,11,0.006035679019987583,0
molecola_18007,12,0,12,0.003773306729272008,0
molecola_18007,13,0,13,0.0019842479377985,0
molecola_18007,14,0,14,0.002175899688154459,0
molecola_18007,15,0,15,0.001828606124036014,0
molecola_18007,16,0,16,0.0014923454727977514,0
molecola_18443,1,0,1,0.0005843362887389958,0
molecola_18443,2,0,2,0.0016925297677516937,0
molecola_18443,3,0,3,0.0007591010653413832,0
molecola_18443,4,0,4,0.0010142544051632285,0
molecola_18443,5,0,5,0.0021237684413790703,0
molecola_18443,6,0,6,0.010126414708793163,0
molecola_18443,7,0,7,0.002050611888989806,0
molecola_18443,8,0,8,0.010324322618544102,0
molecola_18443,9,0,9,0.0033903601579368114,0
molecola_18443,10,0,10,0.0026901017408818007,0
molecola_18443,11,0,11,0.0009989062091335654,0
molecola_18443,12,0,12,0.006038932595402002,0
molecola_18443,13,0,13,0.0010442466009408236,0
molecola_18443,14,0,14,0.008411454036831856,0
molecola_18443,15,1,15,0.9621191620826721,1
molecola_18443,16,1,16,0.9706252217292786,1
molecola_18443,17,0,17,0.009201515465974808,0
molecola_18443,18,0,18,0.005343466065824032,0
molecola_18443,19,0,19,0.0010000840993598104,0
molecola_18443,20,0,20,0.0007061272626742721,0
molecola_18443,21,0,21,0.0010000840993598104,0
molecola_18443,22,0,22,0.005343466065824032,0
molecola_18669,1,0,1,0.00011585668107727543,0
molecola_18669,2,0,2,0.00012124636850785464,0
molecola_18669,3,0,3,0.00020127726020291448,0
molecola_18669,4,0,4,0.0001350383390672505,0
molecola_18669,5,0,5,0.00011563891894184053,0
molecola_18669,6,0,6,0.00012396041711326689,0
molecola_18669,7,0,7,0.00016316943219862878,0
molecola_18669,8,0,8,0.007071692496538162,0
molecola_18669,9,0,9,0.9896672964096069,1
molecola_18669,10,0,10,0.990092933177948,1
molecola_18669,11,0,11,0.011204087175428867,0
molecola_18669,12,0,12,0.0007722497102804482,0
molecola_18669,13,0,13,0.0005910274921916425,0
molecola_18669,14,0,14,0.0008860108209773898,0
molecola_18669,15,0,15,0.0007387305377051234,0
molecola_18669,16,0,16,0.0005301850032992661,0
molecola_18669,17,0,17,0.9471649527549744,1
molecola_18669,18,0,18,0.9528781175613403,1
molecola_18669,19,0,19,0.9894019961357117,1
molecola_18669,20,0,20,0.9909090399742126,1
molecola_18669,21,0,21,0.018851518630981445,0
molecola_18669,22,1,22,0.9520325064659119,1
molecola_18669,23,1,23,0.9549189805984497,1
molecola_18669,24,0,24,0.02420712076127529,0
molecola_19068,1,0,1,0.00017693956033326685,0
molecola_19068,2,0,2,0.0002513209474273026,0
molecola_19068,3,0,3,0.0014257751172408462,0
molecola_19068,4,0,4,0.0010586526477709413,0
molecola_19068,5,0,5,0.008743511512875557,0
molecola_19068,6,0,6,0.0010586526477709413,0
molecola_19068,7,0,7,0.0014257751172408462,0
molecola_19068,8,0,8,0.0002513209474273026,0
molecola_19068,9,0,9,0.00017693956033326685,0
molecola_19068,10,0,10,0.0008676993893459439,0
molecola_19068,11,0,11,0.0002767506812233478,0
molecola_19068,12,0,12,0.00017679232405498624,0
molecola_19068,13,0,13,0.007078275084495544,0
molecola_19068,14,0,14,0.002170851221308112,0
molecola_19068,15,0,15,0.0024845139123499393,0
molecola_19068,16,1,16,0.9915241003036499,1
molecola_19068,17,1,17,0.9961963891983032,1
molecola_19068,18,0,18,0.018222566694021225,0
molecola_19068,19,0,19,0.007253974676132202,0
molecola_19068,20,0,20,0.002136292401701212,0
molecola_19068,21,0,21,0.0003223461390007287,0
molecola_19068,22,0,22,0.0003223461390007287,0
molecola_1907,1,0,1,0.0001277373667107895,0
molecola_1907,2,0,2,0.0001443074579583481,0
molecola_1907,3,0,3,0.00014646019553765655,0
molecola_1907,4,0,4,0.0001238810073118657,0
molecola_1907,5,0,5,0.00012051648081978783,0
molecola_1907,6,0,6,0.00014146624016575515,0
molecola_1907,7,0,7,0.00013590435264632106,0
molecola_1907,8,0,8,0.0001296898117288947,0
molecola_1907,9,0,9,0.0006502005853690207,0
molecola_1907,10,1,10,0.9683371782302856,1
molecola_1907,11,1,11,0.9615433216094971,1
molecola_1907,12,0,12,0.16483530402183533,0
molecola_1907,13,1,13,0.93210369348526,1
molecola_1907,14,1,14,0.943844199180603,1
molecola_1907,15,0,15,0.008453401736915112,0
molecola_1907,16,0,16,0.00048098998377099633,0
molecola_1907,17,0,17,0.0005676615983247757,0
molecola_1907,18,0,18,0.00013851442781742662,0
molecola_1907,19,0,19,0.0001447537069907412,0
molecola_1907,20,0,20,0.00012082739704055712,0
molecola_1907,21,0,21,0.00012445548782125115,0
molecola_1907,22,0,22,0.00014939058746676892,0
molecola_1907,23,0,23,0.00013034962466917932,0
molecola_19136,1,1,1,0.9961962699890137,1
molecola_19136,2,1,2,0.9915235042572021,1
molecola_19136,3,0,3,0.0014448879519477487,0
molecola_19136,4,0,4,0.00017222437600139529,0
molecola_19136,5,0,5,0.00019497740140650421,0
molecola_19136,6,0,6,0.0007938872440718114,0
molecola_19136,7,0,7,0.0008302779751829803,0
molecola_19136,8,0,8,0.001672855345532298,0
molecola_19136,9,0,9,0.001381673850119114,0
molecola_19136,10,0,10,0.0020865947008132935,0
molecola_19136,11,0,11,0.0029170922935009003,0
molecola_19136,12,0,12,0.001126904971897602,0
molecola_19136,13,0,13,0.0005869323504157364,0
molecola_19136,14,0,14,0.001377415843307972,0
molecola_19136,15,0,15,0.0001658390974625945,0
molecola_19136,16,0,16,0.00014553205983247608,0
molecola_19136,17,0,17,0.00010579191439319402,0
molecola_19136,18,0,18,0.00010335943079553545,0
molecola_19136,19,0,19,0.000112065565190278,0
molecola_19136,20,0,20,0.00010335943079553545,0
molecola_19136,21,0,21,0.00010579191439319402,0
molecola_19136,22,0,22,0.002443218370899558,0
molecola_19149,1,0,1,0.0002784463868010789,0
molecola_19149,2,0,2,0.0005124188028275967,0
molecola_19149,3,0,3,0.0005140686989761889,0
molecola_19149,4,0,4,0.0005140686989761889,0
molecola_19149,5,0,5,0.0005049027968198061,0
molecola_19149,6,0,6,0.003371603088453412,0
molecola_19149,7,0,7,0.0008531432249583304,0
molecola_19149,8,0,8,0.0014664625050500035,0
molecola_19149,9,0,9,0.014888177625834942,0
molecola_19149,10,0,10,0.0003631534054875374,0
molecola_19149,11,0,11,0.0005849074223078787,0
molecola_19149,12,0,12,0.00012406719906721264,0
molecola_19149,13,0,13,0.00010913673759205267,0
molecola_19149,14,0,14,0.00011299988545943052,0
molecola_19149,15,0,15,0.00010913673759205267,0
molecola_19149,16,0,16,0.00012406719906721264,0
molecola_19149,17,0,17,0.006086008157581091,0
molecola_19149,18,1,18,0.9494560956954956,1
molecola_19149,19,1,19,0.9649300575256348,1
molecola_19149,20,0,20,0.017717650160193443,0
molecola_19149,21,0,21,0.01168013270944357,0
molecola_19177,1,0,1,0.0009541487670503557,0
molecola_19177,2,0,2,0.0040758089162409306,0
molecola_19177,3,0,3,0.0009541487670503557,0
molecola_19177,4,0,4,0.0007796721765771508,0
molecola_19177,5,0,5,0.0013337269192561507,0
molecola_19177,6,0,6,0.0013833203120157123,0
molecola_19177,7,0,7,0.0012285835109651089,0
molecola_19177,8,0,8,0.003826246364042163,0
molecola_19177,9,0,9,0.005827725864946842,0
molecola_19177,10,0,10,0.00341444811783731,0
molecola_19177,11,0,11,0.0017630961956456304,0
molecola_19177,12,0,12,0.0021282376255840063,0
molecola_19177,13,0,13,0.022033732384443283,0
molecola_19177,14,0,14,0.003018501913174987,0
molecola_19177,15,0,15,0.0015691500157117844,0
molecola_19177,16,0,16,0.0007812108960933983,0
molecola_19177,17,0,17,0.0005937919486314058,0
molecola_19177,18,0,18,0.0005937919486314058,0
molecola_19177,19,0,19,0.0005937919486314058,0
molecola_19177,20,1,20,0.9026806950569153,1
molecola_19177,21,1,21,0.37256619334220886,0
molecola_19177,22,1,22,0.9301697015762329,1
molecola_19320,1,0,1,0.00014626927440986037,0
molecola_19320,2,0,2,0.00017417558410670608,0
molecola_19320,3,0,3,0.00025281772832386196,0
molecola_19320,4,0,4,0.0012563277268782258,0
molecola_19320,5,0,5,0.008484677411615849,0
molecola_19320,6,0,6,0.003857591189444065,0
molecola_19320,7,0,7,0.011528344824910164,0
molecola_19320,8,0,8,0.008031193166971207,0
molecola_19320,9,0,9,0.0012328745797276497,0
molecola_19320,10,0,10,0.001041988842189312,0
molecola_19320,11,0,11,0.0002599211293272674,0
molecola_19320,12,0,12,0.00015575643919873983,0
molecola_19320,13,0,13,0.00015812410856597126,0
molecola_19320,14,0,14,0.0002732799621298909,0
molecola_19320,15,0,15,0.0007232894422486424,0
molecola_19320,16,0,16,0.001035697408951819,0
molecola_19320,17,0,17,0.001035697408951819,0
molecola_19320,18,0,18,0.001488330541178584,0
molecola_19320,19,0,19,0.0010691828792914748,0
molecola_19320,20,0,20,0.005597975105047226,0
molecola_19320,21,0,21,0.009335375390946865,0
molecola_19320,22,0,22,0.005597975105047226,0
molecola_19320,23,0,23,0.0010691828792914748,0
molecola_19320,24,1,24,0.9618180990219116,1
molecola_19320,25,1,25,0.9702309370040894,1
molecola_19320,26,0,26,0.3867802023887634,0
molecola_19320,27,0,27,0.16989432275295258,0
molecola_19320,28,0,28,0.008844904601573944,0
molecola_19320,29,0,29,0.006441428326070309,0
molecola_19320,30,0,30,0.006441428326070309,0
molecola_19320,31,0,31,0.9287697076797485,1
molecola_19320,32,0,32,0.94920814037323,1
molecola_19320,33,0,33,0.21571700274944305,0
molecola_19576,1,0,1,0.0009975895518437028,0
molecola_19576,2,0,2,0.00917411595582962,0
molecola_19576,3,0,3,0.006829256657510996,0
molecola_19576,4,0,4,0.013948488049209118,0
molecola_19576,5,0,5,0.004145487677305937,0
molecola_19576,6,0,6,0.009096394293010235,0
molecola_19576,7,0,7,0.0018405257724225521,0
molecola_19576,8,0,8,0.0014258470619097352,0
molecola_19576,9,0,9,0.0008381111547350883,0
molecola_19576,10,0,10,0.0008657046128064394,0
molecola_19576,11,0,11,0.0012074514525011182,0
molecola_19576,12,0,12,0.0005702499765902758,0
molecola_19576,13,0,13,0.0009785877773538232,0
molecola_19576,14,0,14,0.0012200355995446444,0
molecola_19576,15,0,15,0.011501132510602474,0
molecola_19576,16,1,16,0.9719317555427551,1
molecola_19576,17,1,17,0.9782258868217468,1
molecola_19576,18,0,18,0.0008701937040314078,0
molecola_19774,1,0,1,0.00020791083807125688,0
molecola_19774,2,0,2,0.00025429189554415643,0
molecola_19774,3,0,3,0.002066383371129632,0
molecola_19774,4,0,4,0.0005626643542200327,0
molecola_19774,5,0,5,0.0009668145794421434,0
molecola_19774,6,0,6,0.00017272564582526684,0
molecola_19774,7,0,7,0.0001416049781255424,0
molecola_19774,8,0,8,0.0011170683428645134,0
molecola_19774,9,0,9,0.0002884237910620868,0
molecola_19774,10,0,10,0.0012515855487436056,0
molecola_19774,11,0,11,0.001759581733494997,0
molecola_19774,12,0,12,0.021424300968647003,0
molecola_19774,13,0,13,0.9026445746421814,1
molecola_19774,14,0,14,0.3725736141204834,0
molecola_19774,15,0,15,0.9301711320877075,1
molecola_19774,16,1,16,0.9900683760643005,1
molecola_19774,17,1,17,0.995215892791748,1
molecola_20186,1,0,1,0.00015721873205620795,0
molecola_20186,2,0,2,0.0001397463638568297,0
molecola_20186,3,0,3,0.00012993415293749422,0
molecola_20186,4,0,4,0.00012863626761827618,0
molecola_20186,5,0,5,0.00024511836818419397,0
molecola_20186,6,0,6,0.0025572171434760094,0
molecola_20186,7,0,7,0.008514941670000553,0
molecola_20186,8,0,8,0.019713617861270905,0
molecola_20186,9,0,9,0.034896623343229294,0
molecola_20186,10,0,10,0.08226575702428818,0
molecola_20186,11,0,11,0.05948258936405182,0
molecola_20186,12,0,12,0.0015780118992552161,0
molecola_20186,13,0,13,0.0008380029466934502,0
molecola_20186,14,0,14,0.0015214476734399796,0
molecola_20186,15,0,15,0.06926475465297699,0
molecola_20186,16,0,16,0.021040648221969604,0
molecola_20186,17,0,17,0.019747816026210785,0
molecola_20186,18,0,18,0.01870141550898552,0
molecola_20186,19,0,19,0.0013691402273252606,0
molecola_20186,20,0,20,0.0008294255821965635,0
molecola_20186,21,0,21,0.0013547466369345784,0
molecola_20186,22,0,22,0.014878842979669571,0
molecola_20186,23,0,23,0.020763440057635307,0
molecola_20186,24,1,24,0.8323880434036255,1
molecola_20186,25,1,25,0.8964029550552368,1
molecola_20734,1,0,1,0.00015520330634899437,0
molecola_20734,2,0,2,0.0005189807270653546,0
molecola_20734,3,0,3,0.005082440562546253,0
molecola_20734,4,0,4,0.0013305797474458814,0
molecola_20734,5,1,5,0.9673385620117188,1
molecola_20734,6,1,6,0.9751867651939392,1
molecola_20734,7,0,7,0.009382781572639942,0
molecola_20734,8,0,8,0.0058797807432711124,0
molecola_20734,9,0,9,0.0011058652307838202,0
molecola_20734,10,0,10,0.001440337160602212,0
molecola_20734,11,0,11,0.0005779708153568208,0
molecola_20734,12,0,12,0.0011058652307838202,0
molecola_20734,13,0,13,0.0058797807432711124,0
molecola_20965,1,0,1,0.0002784455718938261,0
molecola_20965,2,0,2,0.0005121050635352731,0
molecola_20965,3,0,3,0.0005140709108673036,0
molecola_20965,4,0,4,0.0005140709108673036,0
molecola_20965,5,0,5,0.0005110586062073708,0
molecola_20965,6,0,6,0.0020281795877963305,0
molecola_20965,7,0,7,0.0010222216369584203,0
molecola_20965,8,0,8,0.0019063977524638176,0
molecola_20965,9,0,9,0.02854417823255062,0
molecola_20965,10,0,10,0.0024854724761098623,0
molecola_20965,11,0,11,0.0040094912983477116,0
molecola_20965,12,0,12,0.002596593461930752,0
molecola_20965,13,0,13,0.004746494814753532,0
molecola_20965,14,0,14,0.0012610038975253701,0
molecola_20965,15,0,15,0.0009513720287941396,0
molecola_20965,16,0,16,0.0029833607841283083,0
molecola_20965,17,0,17,0.0013176403008401394,0
molecola_20965,18,0,18,0.0009513720287941396,0
molecola_20965,19,0,19,0.0012610038975253701,0
molecola_20965,20,1,20,0.9143997430801392,1
molecola_20965,21,0,21,0.40224701166152954,0
molecola_20965,22,1,22,0.9387661814689636,1
molecola_21171,1,0,1,0.00013020266487728804,0
molecola_21171,2,0,2,0.00013925977691542357,0
molecola_21171,3,0,3,0.00015027166227810085,0
molecola_21171,4,0,4,0.0039507546462118626,0
molecola_21171,5,1,5,0.9558259844779968,1
molecola_21171,6,1,6,0.9695047736167908,1
molecola_21171,7,1,7,0.9581162929534912,1
molecola_21171,8,1,8,0.957229733467102,1
molecola_21171,9,0,9,0.006184291560202837,0
molecola_21171,10,0,10,0.00018094129336532205,0
molecola_21171,11,0,11,0.0001339428999926895,0
molecola_21171,12,0,12,0.00012420641724020243,0
molecola_21171,13,0,13,0.00012191100540803745,0
molecola_21171,14,0,14,0.00012420641724020243,0
molecola_21171,15,0,15,0.0001339428999926895,0
molecola_21171,16,0,16,0.00018094129336532205,0
molecola_21171,17,0,17,0.0001339428999926895,0
molecola_21171,18,0,18,0.00012420641724020243,0
molecola_21171,19,0,19,0.00012191100540803745,0
molecola_21171,20,0,20,0.00012420628627296537,0
molecola_21171,21,0,21,0.0001339428999926895,0
molecola_21276,1,0,1,0.00014058893430046737,0
molecola_21276,2,0,2,0.00015844180597923696,0
molecola_21276,3,0,3,0.00015347734733950347,0
molecola_21276,4,0,4,0.00013160404341761023,0
molecola_21276,5,0,5,0.00012564516509883106,0
molecola_21276,6,0,6,0.00016849137318786234,0
molecola_21276,7,0,7,0.004374693613499403,0
molecola_21276,8,0,8,0.010341877117753029,0
molecola_21276,9,1,9,0.9280214905738831,1
molecola_21276,10,1,10,0.9399641156196594,1
molecola_21276,11,1,11,0.9838520884513855,1
molecola_21276,12,1,12,0.9860554933547974,1
molecola_21276,13,1,13,0.9189730882644653,1
molecola_21276,14,1,14,0.9096804261207581,1
molecola_21276,15,0,15,0.006069715600460768,0
molecola_21276,16,0,16,0.000579909305088222,0
molecola_21276,17,0,17,0.013511884026229382,0
molecola_21276,18,0,18,0.00028999464120715857,0
molecola_21276,19,0,19,0.9178625345230103,1
molecola_21276,20,0,20,0.00837329588830471,0
molecola_21276,21,0,21,0.9392148852348328,1
molecola_21276,22,0,22,0.9243048429489136,1
molecola_21276,23,0,23,0.927402913570404,1
molecola_21276,24,0,24,0.002315463265404105,0
molecola_21276,25,0,25,0.00014469740563072264,0
molecola_2165,1,0,1,0.00017868414579425007,0
molecola_2165,2,0,2,0.000729027611669153,0
molecola_2165,3,0,3,0.00014232989633455873,0
molecola_2165,4,0,4,0.00013991730520501733,0
molecola_2165,5,0,5,0.0006824836600571871,0
molecola_2165,6,0,6,0.0008840088848955929,0
molecola_2165,7,0,7,0.002077407669275999,0
molecola_2165,8,0,8,0.0018901062430813909,0
molecola_2165,9,0,9,0.0023621798027306795,0
molecola_2165,10,0,10,0.0066549270413815975,0
molecola_2165,11,0,11,0.0008698844467289746,0
molecola_2165,12,0,12,0.0002191729290643707,0
molecola_2165,13,0,13,0.00016506828251294792,0
molecola_2165,14,0,14,0.00017194822430610657,0
molecola_2165,15,0,15,0.0014413881581276655,0
molecola_2165,16,1,16,0.9915235042572021,1
molecola_2165,17,1,17,0.9961962699890137,1
molecola_2165,18,0,18,0.001506347325630486,0
molecola_2165,19,0,19,0.0008037829538807273,0
molecola_2165,20,0,20,0.0008389521390199661,0
molecola_2165,21,0,21,0.0008265662472695112,0
molecola_2165,22,0,22,0.0010537538910284638,0
molecola_2165,23,0,23,0.005446672905236483,0
molecola_21736,1,0,1,0.0020055281929671764,0
molecola_21736,2,0,2,0.002483944408595562,0
molecola_21736,3,0,3,0.0011547452304512262,0
molecola_21736,4,0,4,0.0012729385634884238,0
molecola_21736,5,0,5,0.0001353856932837516,0
molecola_21736,6,0,6,0.000130898057250306,0
molecola_21736,7,0,7,0.0019230940379202366,0
molecola_21736,8,1,8,0.9572415351867676,1
molecola_21736,9,0,9,0.0019230940379202366,0
molecola_21736,10,0,10,0.000130898057250306,0
molecola_21736,11,0,11,0.0001353856932837516,0
molecola_21736,12,0,12,0.0013896239688619971,0
molecola_21736,13,1,13,0.9622227549552917,1
molecola_21736,14,1,14,0.9707691073417664,1
molecola_21736,15,1,15,0.9641611576080322,1
molecola_21736,16,0,16,0.005906139500439167,0
molecola_21736,17,0,17,0.07259482890367508,0
molecola_21736,18,0,18,0.02971409261226654,0
molecola_21736,19,0,19,0.004895904567092657,0
molecola_21736,20,0,20,0.0019452529959380627,0
molecola_21736,21,0,21,0.0009111857507377863,0
molecola_21736,22,0,22,0.0008254832355305552,0
molecola_21736,23,0,23,0.00112905353307724,0
molecola_21736,24,0,24,0.006740924436599016,0
molecola_21765,1,1,1,0.9387660622596741,1
molecola_21765,2,1,2,0.9144297242164612,1
molecola_21765,3,1,3,0.40224704146385193,0
molecola_21765,4,0,4,0.02687462978065014,0
molecola_21765,5,0,5,0.0018976116552948952,0
molecola_21765,6,0,6,0.0015069979708641768,0
molecola_21765,7,0,7,0.0108714010566473,0
molecola_21765,8,0,8,0.0015069979708641768,0
molecola_21765,9,0,9,0.0018976116552948952,0
molecola_21765,10,0,10,0.016519853845238686,0
molecola_21765,11,0,11,0.008626914583146572,0
molecola_21765,12,0,12,0.008016512729227543,0
molecola_21765,13,0,13,0.011973321437835693,0
molecola_21765,14,0,14,0.02451956272125244,0
molecola_21765,15,0,15,0.0039560687728226185,0
molecola_21765,16,0,16,0.0006023099413141608,0
molecola_21765,17,0,17,0.0002657991135492921,0
molecola_21765,18,0,18,0.0009256696794182062,0
molecola_21765,19,0,19,0.0005678042070940137,0
molecola_21765,20,0,20,0.0007907520630396903,0
molecola_21765,21,0,21,0.0006983278435654938,0
molecola_21765,22,0,22,0.0007907520630396903,0
molecola_21765,23,0,23,0.0005678042070940137,0
molecola_21873,1,0,1,0.0002669949026312679,0
molecola_21873,2,0,2,0.0008856154163368046,0
molecola_21873,3,0,3,0.0002669949026312679,0
molecola_21873,4,0,4,0.0002669949026312679,0
molecola_21873,5,0,5,0.0005541528807953,0
molecola_21873,6,0,6,0.0010193857597187161,0
molecola_21873,7,0,7,0.0007668519974686205,0
molecola_21873,8,0,8,0.0007115218322724104,0
molecola_21873,9,0,9,0.002550713485106826,0
molecola_21873,10,0,10,0.0016872501000761986,0
molecola_21873,11,0,11,0.0014606007607653737,0
molecola_21873,12,0,12,0.0008674609125591815,0
molecola_21873,13,0,13,0.0007315350230783224,0
molecola_21873,14,0,14,0.0001825647777877748,0
molecola_21873,15,0,15,0.00044102268293499947,0
molecola_21873,16,0,16,0.0022821170277893543,0
molecola_21873,17,0,17,0.0016158344224095345,0
molecola_21873,18,0,18,0.0012587071396410465,0
molecola_21873,19,0,19,0.002743399702012539,0
molecola_21873,20,1,20,0.8717551827430725,1
molecola_21873,21,0,21,0.0024826733861118555,0
molecola_21873,22,0,22,0.0001764612243277952,0
molecola_21873,23,0,23,0.00012850006169173867,0
molecola_21873,24,0,24,0.00012680460349656641,0
molecola_21873,25,0,25,0.00012850006169173867,0
molecola_21873,26,1,26,0.9577561616897583,1
molecola_21873,27,1,27,0.9473146796226501,1
molecola_21873,28,1,28,0.7523504495620728,1
molecola_21873,29,0,29,0.08175674080848694,0
molecola_21873,30,0,30,0.011012423783540726,0
molecola_21873,31,0,31,0.00017512464546598494,0
molecola_21873,32,0,32,0.00015760071983095258,0
molecola_21873,33,0,33,0.00015760071983095258,0
molecola_21873,34,0,34,0.0008590045617893338,0
molecola_21873,35,0,35,0.0003151582495775074,0
molecola_21873,36,0,36,0.0003151582495775074,0
molecola_21873,37,0,37,0.0003151582495775074,0
molecola_21914,1,0,1,0.0004060122591909021,0
molecola_21914,2,0,2,0.0013906003441661596,0
molecola_21914,3,0,3,0.0007922216318547726,0
molecola_21914,4,0,4,0.000784030300565064,0
molecola_21914,5,0,5,0.0015354977222159505,0
molecola_21914,6,0,6,0.000784030300565064,0
molecola_21914,7,0,7,0.0007922216318547726,0
molecola_21914,8,0,8,0.003184512723237276,0
molecola_21914,9,0,9,0.0012067477218806744,0
molecola_21914,10,0,10,0.0018534959526732564,0
molecola_21914,11,0,11,0.0017452087486162782,0
molecola_21914,12,0,12,0.014390171505510807,0
molecola_21914,13,1,13,0.9719274044036865,1
molecola_21914,14,1,14,0.9782254695892334,1
molecola_21914,15,0,15,0.0010566445998847485,0
molecola_21990,1,0,1,0.00014121260028332472,0
molecola_21990,2,0,2,0.00016555076581425965,0
molecola_21990,3,0,3,0.000548475596588105,0
molecola_21990,4,0,4,0.0013737109256908298,0
molecola_21990,5,0,5,0.0015372824855148792,0
molecola_21990,6,0,6,0.0011499735992401838,0
molecola_21990,7,0,7,0.000772929925005883,0
molecola_21990,8,0,8,0.0017940540565177798,0
molecola_21990,9,0,9,0.007336816284805536,0
molecola_21990,10,0,10,0.01085133571177721,0
molecola_21990,11,0,11,0.00800241157412529,0
molecola_21990,12,0,12,0.00800241157412529,0
molecola_21990,13,0,13,0.0003411131910979748,0
molecola_21990,14,0,14,0.006436272524297237,0
molecola_21990,15,0,15,0.004257165361195803,0
molecola_21990,16,0,16,0.008683986961841583,0
molecola_21990,17,0,17,0.004272782243788242,0
molecola_21990,18,0,18,0.0019332231022417545,0
molecola_21990,19,0,19,0.0009111224208027124,0
molecola_21990,20,0,20,0.0008193228859454393,0
molecola_21990,21,0,21,0.000934059324208647,0
molecola_21990,22,0,22,0.0036547400522977114,0
molecola_21990,23,0,23,0.00014718608872499317,0
molecola_21990,24,0,24,0.0001236809475813061,0
molecola_21990,25,0,25,0.00012232380686327815,0
molecola_21990,26,0,26,0.00014233274850994349,0
molecola_21990,27,0,27,0.0001357152796117589,0
molecola_21990,28,0,28,0.00012306297139730304,0
molecola_21990,29,0,29,0.00012611281999852508,0
molecola_21990,30,0,30,0.0037123849615454674,0
molecola_21990,31,1,31,0.9772040843963623,1
molecola_21990,32,1,32,0.9847315549850464,1
molecola_21990,33,1,33,0.9802039265632629,1
molecola_21990,34,1,34,0.9775435328483582,1
molecola_21990,35,0,35,0.002628713147714734,0
molecola_21990,36,0,36,0.00015099528536666185,0
molecola_21990,37,0,37,0.00013105203106533736,0
molecola_21990,38,0,38,0.00014210166409611702,0
molecola_21990,39,0,39,0.00012083293404430151,0
molecola_21990,40,0,40,0.00012506698840297759,0
molecola_21990,41,0,41,0.00014834471221547574,0
molecola_21990,42,0,42,0.00013089081039652228,0
molecola_22195,1,0,1,0.0003514811396598816,0
molecola_22195,2,0,2,0.001129961689002812,0
molecola_22195,3,0,3,0.0003514811396598816,0
molecola_22195,4,0,4,0.0008699325262568891,0
molecola_22195,5,0,5,0.0019520368659868836,0
molecola_22195,6,0,6,0.001563639030791819,0
molecola_22195,7,0,7,0.00283993873745203,0
molecola_22195,8,0,8,0.0036113623064011335,0
molecola_22195,9,0,9,0.0007654163637198508,0
molecola_22195,10,0,10,0.00028136101900599897,0
molecola_22195,11,0,11,0.00017806845426093787,0
molecola_22195,12,0,12,0.0014700110768899322,0
molecola_22195,13,1,13,0.9915235042572021,1
molecola_22195,14,1,14,0.9961962699890137,1
molecola_22195,15,0,15,0.002268454059958458,0
molecola_22195,16,0,16,0.0007746185292489827,0
molecola_22195,17,0,17,0.0008381482912227511,0
molecola_22195,18,0,18,0.000827960844617337,0
molecola_22195,19,0,19,0.0012630893616005778,0
molecola_22195,20,0,20,0.00907869078218937,0
molecola_22195,21,0,21,0.0014578236732631922,0
molecola_22195,22,0,22,0.0006502445321530104,0
molecola_22195,23,0,23,0.0008048973977565765,0
molecola_22195,24,0,24,0.000700118369422853,0
molecola_22195,25,0,25,0.0008048973977565765,0
molecola_22195,26,0,26,0.0006502445321530104,0
molecola_22320,1,0,1,0.0004896785831078887,0
molecola_22320,2,0,2,0.0014104759320616722,0
molecola_22320,3,0,3,0.0007109071011655033,0
molecola_22320,4,0,4,0.0008039380190894008,0
molecola_22320,5,0,5,0.0008183884783647954,0
molecola_22320,6,0,6,0.0008728909306228161,0
molecola_22320,7,0,7,0.001738638267852366,0
molecola_22320,8,0,8,0.0022314537782222033,0
molecola_22320,9,0,9,0.00038293187390081584,0
molecola_22320,10,0,10,0.0006552846753038466,0
molecola_22320,11,0,11,0.020694585517048836,0
molecola_22320,12,0,12,0.017833063378930092,0
molecola_22320,13,0,13,0.007530219852924347,0
molecola_22320,14,0,14,0.03273221105337143,0
molecola_22320,15,1,15,0.9761890172958374,1
molecola_22320,16,1,16,0.9830033779144287,1
molecola_22320,17,0,17,0.02667510323226452,0
molecola_22320,18,0,18,0.014941820874810219,0
molecola_22320,19,0,19,0.004768566694110632,0
molecola_22320,20,0,20,0.0010489937849342823,0
molecola_22320,21,0,21,0.0016050746198743582,0
molecola_22320,22,0,22,0.0005852152244187891,0
molecola_22320,23,0,23,0.0010454700095579028,0
molecola_22320,24,0,24,0.0067505789920687675,0
molecola_22457,1,0,1,0.00017718823801260442,0
molecola_22457,2,0,2,0.0002826628915499896,0
molecola_22457,3,0,3,0.005849669687449932,0
molecola_22457,4,0,4,0.0011649971129372716,0
molecola_22457,5,0,5,0.0008795332396402955,0
molecola_22457,6,0,6,0.09341685473918915,0
molecola_22457,7,1,7,0.965239405632019,1
molecola_22457,8,1,8,0.9664134383201599,1
molecola_22457,9,1,9,0.9482889771461487,1
molecola_22457,10,1,10,0.8834410905838013,1
molecola_22457,11,0,11,0.12053576111793518,0
molecola_22457,12,0,12,0.014006022363901138,0
molecola_22457,13,0,13,0.003543385537341237,0
molecola_22457,14,0,14,0.001971487421542406,0
molecola_22457,15,0,15,0.0018156585283577442,0
molecola_22457,16,0,16,0.0015155597357079387,0
molecola_22457,17,0,17,0.0008746864623390138,0
molecola_22457,18,0,18,0.0008792869630269706,0
molecola_22457,19,0,19,0.0010684247827157378,0
molecola_22457,20,0,20,0.0006436859257519245,0
molecola_22457,21,0,21,0.0007656592060811818,0
molecola_22457,22,0,22,0.0014514633221551776,0
molecola_22457,23,0,23,0.0007656592060811818,0
molecola_22457,24,0,24,0.0006436859257519245,0
molecola_22457,25,0,25,0.000665518338792026,0
molecola_22457,26,0,26,0.0005539627745747566,0
molecola_22457,27,0,27,0.0005539627745747566,0
molecola_22457,28,0,28,0.0005539627745747566,0
molecola_22807,1,0,1,0.0005501481355167925,0
molecola_22807,2,0,2,0.0027666273526847363,0
molecola_22807,3,0,3,0.006506648845970631,0
molecola_22807,4,0,4,0.0002652029797900468,0
molecola_22807,5,0,5,0.00045502305147238076,0
molecola_22807,6,0,6,0.019381914287805557,0
molecola_22807,7,0,7,0.0014393820893019438,0
molecola_22807,8,0,8,0.00277838041074574,0
molecola_22807,9,0,9,0.0035342583432793617,0
molecola_22807,10,0,10,0.0721874088048935,0
molecola_22807,11,0,11,0.022951751947402954,0
molecola_22807,12,0,12,0.9644191265106201,1
molecola_22807,13,0,13,0.9734572172164917,1
molecola_22807,14,0,14,0.6812569499015808,1
molecola_22807,15,0,15,0.723318338394165,1
molecola_22807,16,0,16,0.21623574197292328,0
molecola_22807,17,0,17,0.019261397421360016,0
molecola_22807,18,0,18,0.0007927941041998565,0
molecola_22807,19,0,19,0.0008154180832207203,0
molecola_22807,20,0,20,0.0007019505719654262,0
molecola_22807,21,0,21,0.0008154180832207203,0
molecola_22807,22,0,22,0.0007927941041998565,0
molecola_22807,23,0,23,0.0002559676067903638,0
molecola_22807,24,0,24,0.00012459988647606224,0
molecola_22807,25,0,25,0.00010627705341903493,0
molecola_22807,26,0,26,0.00011237664148211479,0
molecola_22807,27,0,27,0.00010627705341903493,0
molecola_22807,28,0,28,0.00012459988647606224,0
molecola_22807,29,0,29,0.007632260676473379,0
molecola_22807,30,0,30,0.006394222844392061,0
molecola_22807,31,0,31,0.02718423306941986,0
molecola_22807,32,1,32,0.9134657382965088,1
molecola_22807,33,0,33,0.38303041458129883,0
molecola_22807,34,1,34,0.9373891949653625,1
molecola_23246,1,0,1,0.0005499407998286188,0
molecola_23246,2,0,2,0.0008395614568144083,0
molecola_23246,3,0,3,0.0007744347094558179,0
molecola_23246,4,0,4,0.0011630079243332148,0
molecola_23246,5,0,5,0.008986592292785645,0
molecola_23246,6,0,6,0.965663731098175,1
molecola_23246,7,0,7,0.97930508852005,1
molecola_23246,8,0,8,0.9619642496109009,1
molecola_23246,9,0,9,0.086736299097538,0
molecola_23246,10,0,10,0.0012189175467938185,0
molecola_23246,11,0,11,0.0008267849334515631,0
molecola_23246,12,0,12,0.001348748803138733,0
molecola_23246,13,0,13,0.016517499461770058,0
molecola_23246,14,0,14,0.021516909822821617,0
molecola_23246,15,1,15,0.9600268602371216,1
molecola_23246,16,1,16,0.9662110805511475,1
molecola_23309,1,0,1,0.0008020522654987872,0
molecola_23309,2,0,2,0.0021962926257401705,0
molecola_23309,3,0,3,0.0009136813459917903,0
molecola_23309,4,0,4,0.0010090210707858205,0
molecola_23309,5,0,5,0.0009136813459917903,0
molecola_23309,6,0,6,0.0021962926257401705,0
molecola_23309,7,0,7,0.0008020522654987872,0
molecola_23309,8,0,8,0.00967993400990963,0
molecola_23309,9,1,9,0.9555757641792297,1
molecola_23309,10,1,10,0.9613862037658691,1
molecola_23579,1,0,1,0.0015080221928656101,0
molecola_23579,2,0,2,0.0020058383233845234,0
molecola_23579,3,0,3,0.0015376711962744594,0
molecola_23579,4,0,4,0.00199400563724339,0
molecola_23579,5,0,5,0.7730247378349304,1
molecola_23579,6,0,6,0.9146085977554321,1
molecola_23579,7,0,7,0.9050961136817932,1
molecola_23579,8,0,8,0.8937609791755676,1
molecola_23579,9,0,9,0.03056802600622177,0
molecola_23579,10,0,10,0.005437474697828293,0
molecola_23579,11,0,11,0.00035141079570166767,0
molecola_23579,12,0,12,0.0001551075984025374,0
molecola_23579,13,0,13,0.00013656374358106405,0
molecola_23579,14,0,14,0.0001230378693435341,0
molecola_23579,15,0,15,0.00012661660730373114,0
molecola_23579,16,0,16,0.003229554509744048,0
molecola_23579,17,1,17,0.9772034883499146,1
molecola_23579,18,1,18,0.984731912612915,1
molecola_23579,19,1,19,0.9802023768424988,1
molecola_23579,20,1,20,0.9775637984275818,1
molecola_23579,21,0,21,0.0027434024959802628,0
molecola_23579,22,0,22,0.0001464709494030103,0
molecola_23579,23,0,23,0.00013870092516299337,0
molecola_23579,24,0,24,0.00012165887892479077,0
molecola_23579,25,0,25,0.00013207724259700626,0
molecola_23579,26,0,26,0.0010549346916377544,0
molecola_23579,27,0,27,0.000155162182636559,0
molecola_23636,1,0,1,0.00014385573740582913,0
molecola_23636,2,0,2,0.00015766853175591677,0
molecola_23636,3,0,3,0.00015649991109967232,0
molecola_23636,4,0,4,0.0001549615408293903,0
molecola_23636,5,0,5,0.00015490422083530575,0
molecola_23636,6,0,6,0.000156275782501325,0
molecola_23636,7,0,7,0.00017048885638359934,0
molecola_23636,8,0,8,0.000205452655791305,0
molecola_23636,9,0,9,0.0009283109684474766,0
molecola_23636,10,0,10,0.000665201572701335,0
molecola_23636,11,0,11,0.0007609592285007238,0
molecola_23636,12,0,12,0.0013413745909929276,0
molecola_23636,13,0,13,0.005370700731873512,0
molecola_23636,14,1,14,0.9695342183113098,1
molecola_23636,15,1,15,0.9781792759895325,1
molecola_23636,16,1,16,0.9710406064987183,1
molecola_23636,17,1,17,0.9700329303741455,1
molecola_23636,18,0,18,0.0130376648157835,0
molecola_23636,19,0,19,0.008627374656498432,0
molecola_23636,20,0,20,0.01038859412074089,0
molecola_23636,21,0,21,0.005456647370010614,0
molecola_23636,22,0,22,0.0013463854556903243,0
molecola_23636,23,0,23,0.0021991932298988104,0
molecola_23636,24,0,24,0.007098195608705282,0
molecola_23636,25,0,25,0.008199922740459442,0
molecola_23636,26,0,26,0.006428726948797703,0
molecola_23636,27,0,27,0.006428726948797703,0
molecola_23636,28,0,28,0.9437777400016785,1
molecola_23636,29,0,29,0.9546520709991455,1
molecola_23636,30,0,30,0.006128584500402212,0
molecola_23636,31,0,31,0.0012665867106989026,0
molecola_23636,32,0,32,0.0012665867106989026,0
molecola_23636,33,0,33,0.0007609592285007238,0
molecola_23636,34,0,34,0.000665201572701335,0
molecola_23837,1,0,1,0.0006228621350601315,0
molecola_23837,2,0,2,0.0005441271932795644,0
molecola_23837,3,0,3,0.0008510261541232467,0
molecola_23837,4,0,4,0.000746134901419282,0
molecola_23837,5,0,5,0.0005334360175766051,0
molecola_23837,6,0,6,0.0006190525600686669,0
molecola_23837,7,0,7,0.0007111930171959102,0
molecola_23837,8,0,8,0.0007633192581124604,0
molecola_23837,9,0,9,0.0007749825017526746,0
molecola_23837,10,0,10,0.00014907028526067734,0
molecola_23837,11,0,11,0.00012212671572342515,0
molecola_23837,12,0,12,0.00012308621080592275,0
molecola_23837,13,0,13,0.00013984194083604962,0
molecola_23837,14,0,14,0.0006931352545507252,0
molecola_23837,15,0,15,0.001522447681054473,0
molecola_23837,16,0,16,0.0024012133944779634,0
molecola_23837,17,1,17,0.978807806968689,1
molecola_23837,18,1,18,0.9857369661331177,1
molecola_23837,19,1,19,0.9814161062240601,1
molecola_23837,20,1,20,0.9788974523544312,1
molecola_23837,21,0,21,0.0016253422945737839,0
molecola_23837,22,0,22,0.0014027586439624429,0
molecola_23837,23,0,23,0.001896867761388421,0
molecola_23837,24,0,24,0.003249916946515441,0
molecola_23837,25,0,25,0.000764719326980412,0
molecola_23837,26,0,26,0.0010220969561487436,0
molecola_23837,27,0,27,0.0015247398987412453,0
molecola_23837,28,0,28,0.0007885356899350882,0
molecola_23837,29,0,29,0.0016630318714305758,0
molecola_23837,30,0,30,0.0007981605012901127,0
molecola_23837,31,0,31,0.0007371699903160334,0
molecola_23886,1,0,1,0.00017672625835984945,0
molecola_23886,2,0,2,0.00023577945830766112,0
molecola_23886,3,0,3,0.0012615901650860906,0
molecola_23886,4,0,4,0.0007887238753028214,0
molecola_23886,5,0,5,0.0010104953544214368,0
molecola_23886,6,0,6,0.0021857053507119417,0
molecola_23886,7,0,7,0.0008069244213402271,0
molecola_23886,8,0,8,0.0009430961217731237,0
molecola_23886,9,0,9,0.0007995550986379385,0
molecola_23886,10,0,10,0.0010030383709818125,0
molecola_23886,11,0,11,0.006062585860490799,0
molecola_23886,12,0,12,0.009820183739066124,0
molecola_23886,13,0,13,0.008295213803648949,0
molecola_23886,14,0,14,0.008295213803648949,0
molecola_23886,15,0,15,0.0007879147888161242,0
molecola_23886,16,0,16,0.0010804649209603667,0
molecola_23886,17,0,17,0.0006520249880850315,0
molecola_23886,18,0,18,0.0007613505586050451,0
molecola_23886,19,0,19,0.0012486623600125313,0
molecola_23886,20,0,20,0.00025189813459292054,0
molecola_23886,21,0,21,0.00017197297711391002,0
molecola_23886,22,0,22,0.0016451088013127446,0
molecola_23886,23,1,23,0.8068809509277344,1
molecola_23886,24,0,24,0.0019764371681958437,0
molecola_23886,25,0,25,0.0018842456629499793,0
molecola_23886,26,0,26,0.001433560042642057,0
molecola_23886,27,0,27,0.0021646854002028704,0
molecola_23886,28,0,28,0.0030902281869202852,0
molecola_23886,29,0,29,0.0009745831484906375,0
molecola_23886,30,0,30,0.000706126622390002,0
molecola_23886,31,0,31,0.0009745831484906375,0
molecola_23886,32,0,32,0.0030902281869202852,0
molecola_23886,33,1,33,0.9446173310279846,1
molecola_23886,34,1,34,0.9379016160964966,1
molecola_23886,35,1,35,0.922787070274353,1
molecola_23886,36,0,36,0.0007613505586050451,0
molecola_23886,37,0,37,0.0006520249880850315,0
molecola_23886,38,0,38,0.0010104953544214368,0
molecola_23886,39,0,39,0.0007887238753028214,0
molecola_24149,1,0,1,0.0001794755953596905,0
molecola_24149,2,0,2,0.0008436493808403611,0
molecola_24149,3,0,3,0.0008328619296662509,0
molecola_24149,4,0,4,0.0016622900729998946,0
molecola_24149,5,0,5,0.0013570296578109264,0
molecola_24149,6,0,6,0.0016532675363123417,0
molecola_24149,7,0,7,0.0004475003224797547,0
molecola_24149,8,0,8,0.00011628169886535034,0
molecola_24149,9,0,9,0.0001393020065734163,0
molecola_24149,10,0,10,0.0006137724849395454,0
molecola_24149,11,0,11,0.009225831367075443,0
molecola_24149,12,0,12,0.7842311263084412,1
molecola_24149,13,0,13,0.7039730548858643,1
molecola_24149,14,1,14,0.9778786897659302,1
molecola_24149,15,1,15,0.9797698259353638,1
molecola_24149,16,0,16,0.08139275014400482,0
molecola_24149,17,0,17,0.0013300735736265779,0
molecola_24149,18,0,18,0.0009093747939914465,0
molecola_24149,19,0,19,0.001431862241588533,0
molecola_24149,20,0,20,0.0005779584171250463,0
molecola_24149,21,0,21,0.0009093747939914465,0
molecola_24149,22,0,22,0.001330074155703187,0
molecola_24149,23,0,23,0.00011628169886535034,0
molecola_24149,24,0,24,0.0004475003224797547,0
molecola_24211,1,0,1,0.00479969521984458,0
molecola_24211,2,1,2,0.9299972653388977,1
molecola_24211,3,1,3,0.9449799656867981,1
molecola_24211,4,1,4,0.9301066994667053,1
molecola_24211,5,1,5,0.9124179482460022,1
molecola_24211,6,0,6,0.007173947058618069,0
molecola_24211,7,0,7,0.00030771695310249925,0
molecola_24211,8,0,8,0.00018948836077470332,0
molecola_24211,9,0,9,0.00019857102597597986,0
molecola_24211,10,0,10,0.00019140848598908633,0
molecola_24211,11,0,11,0.00019140848598908633,0
molecola_24211,12,0,12,0.05367860943078995,0
molecola_24211,13,0,13,0.0009761712863110006,0
molecola_24211,14,0,14,0.0008084406144917011,0
molecola_24211,15,0,15,0.0007002684869803488,0
molecola_24211,16,0,16,0.0008084406144917011,0
molecola_24211,17,0,17,0.0009761712863110006,0
molecola_24211,18,0,18,0.05367860943078995,0
molecola_24211,19,0,19,0.0009761712863110006,0
molecola_24211,20,0,20,0.0008084406144917011,0
molecola_24211,21,0,21,0.0007002684869803488,0
molecola_24211,22,0,22,0.0008084406144917011,0
molecola_24211,23,0,23,0.0009761712863110006,0
molecola_24294,1,1,1,0.7094255685806274,1
molecola_24294,2,1,2,0.5341256856918335,1
molecola_24294,3,1,3,0.8037859797477722,1
molecola_24294,4,1,4,0.6465139985084534,1
molecola_24294,5,0,5,0.0270271934568882,0
molecola_24294,6,0,6,0.001525500905700028,0
molecola_24294,7,0,7,0.0008338692714460194,0
molecola_24294,8,0,8,0.0016270887572318316,0
molecola_24294,9,0,9,0.017681414261460304,0
molecola_24294,10,0,10,0.05480925366282463,0
molecola_24294,11,1,11,0.20397600531578064,0
molecola_24294,12,1,12,0.5470234155654907,1
molecola_24294,13,0,13,0.05592765659093857,0
molecola_24294,14,0,14,0.018998883664608,0
molecola_24294,15,0,15,0.0016742637380957603,0
molecola_24294,16,0,16,0.0028572375886142254,0
molecola_24294,17,0,17,0.0007353660766966641,0
molecola_24294,18,0,18,0.0020006855484098196,0
molecola_24294,19,0,19,0.01668686233460903,0
molecola_24294,20,0,20,0.05425913259387016,0
molecola_24294,21,0,21,0.015180478803813457,0
molecola_24294,22,0,22,0.03142974525690079,0
molecola_24422,1,0,1,0.0005258188466541469,0
molecola_24422,2,0,2,0.0026214022655040026,0
molecola_24422,3,0,3,0.0019856214057654142,0
molecola_24422,4,0,4,0.00024386726727243513,0
molecola_24422,5,0,5,0.00014127577014733106,0
molecola_24422,6,0,6,0.00015421390708070248,0
molecola_24422,7,0,7,0.0007681074202992022,0
molecola_24422,8,0,8,0.0001534633047413081,0
molecola_24422,9,0,9,0.00013734691310673952,0
molecola_24422,10,0,10,0.0001648047036724165,0
molecola_24422,11,0,11,0.00015013029042165726,0
molecola_24422,12,0,12,0.00015055964468047023,0
molecola_24422,13,0,13,0.00012438597332220525,0
molecola_24422,14,0,14,0.00012598384637385607,0
molecola_24422,15,0,15,0.00016333009989466518,0
molecola_24422,16,0,16,0.00015291670570150018,0
molecola_24422,17,0,17,0.00013300287537276745,0
molecola_24422,18,0,18,0.0001247427862836048,0
molecola_24422,19,0,19,0.0001220616395585239,0
molecola_24422,20,0,20,0.00013150331506039947,0
molecola_24422,21,0,21,0.00016527647676412016,0
molecola_24422,22,0,22,0.00015207754040602595,0
molecola_24422,23,0,23,0.00015207754040602595,0
molecola_24422,24,0,24,0.00016496538592036813,0
molecola_24422,25,0,25,0.00012619425251614302,0
molecola_24422,26,0,26,0.00013437337474897504,0
molecola_24422,27,0,27,0.00016728771151974797,0
molecola_24422,28,0,28,0.00015196505410131067,0
molecola_24422,29,0,29,0.0001816552394302562,0
molecola_24422,30,1,30,0.9797396063804626,1
molecola_24422,31,1,31,0.9880000948905945,1
molecola_24544,1,1,1,0.930171012878418,1
molecola_24544,2,1,2,0.9021646976470947,1
molecola_24544,3,0,3,0.3725748062133789,0
molecola_24544,4,0,4,0.02580929733812809,0
molecola_24544,5,0,5,0.0016355180414393544,0
molecola_24544,6,0,6,0.002876721089705825,0
molecola_24544,7,0,7,0.0036315496545284986,0
molecola_24544,8,0,8,0.003938137087970972,0
molecola_24544,9,0,9,0.006736752577126026,0
molecola_24544,10,0,10,0.007577413227409124,0
molecola_24544,11,0,11,0.003723363857716322,0
molecola_24544,12,0,12,0.0011229213560000062,0
molecola_24544,13,0,13,0.0008341741049662232,0
molecola_24544,14,0,14,0.000803044531494379,0
molecola_24544,15,0,15,0.0007202114793471992,0
molecola_24544,16,0,16,0.001845389837399125,0
molecola_24544,17,0,17,0.0005007715080864727,0
molecola_24562,1,0,1,0.00015277751663234085,0
molecola_24562,2,0,2,0.004927745554596186,0
molecola_24562,3,0,3,0.00014772503345739096,0
molecola_24562,4,0,4,0.00017585419118404388,0
molecola_24562,5,0,5,0.00356672634370625,0
molecola_24562,6,0,6,0.00013851787662133574,0
molecola_24562,7,0,7,0.00012324194540269673,0
molecola_24562,8,0,8,0.0005005266866646707,0
molecola_24562,9,0,9,0.005559857934713364,0
molecola_24562,10,1,10,0.8765360116958618,1
molecola_24562,11,1,11,0.913884699344635,1
molecola_24562,12,0,12,0.9093168377876282,1
molecola_24562,13,0,13,0.8849288821220398,1
molecola_24562,14,0,14,0.004022462759166956,0
molecola_24562,15,0,15,0.0001691212091827765,0
molecola_24562,16,0,16,0.9168522953987122,1
molecola_24562,17,0,17,0.008557007648050785,0
molecola_24562,18,0,18,0.939079761505127,1
molecola_24562,19,0,19,0.9242486953735352,1
molecola_24562,20,0,20,0.9274678230285645,1
molecola_24562,21,0,21,0.005883630830794573,0
molecola_24562,22,0,22,0.00016268831677734852,0
molecola_24562,23,0,23,0.9318227767944336,1
molecola_24562,24,0,24,0.004256225656718016,0
molecola_24562,25,0,25,0.941733717918396,1
molecola_24562,26,0,26,0.9163352251052856,1
molecola_24562,27,0,27,0.9353078603744507,1
molecola_24562,28,0,28,0.004131154157221317,0
molecola_24584,1,0,1,0.0029070887248963118,0
molecola_24584,2,0,2,0.006444333586841822,0
molecola_24584,3,0,3,0.006968601141124964,0
molecola_24584,4,0,4,0.005098956637084484,0
molecola_24584,5,0,5,0.005098956637084484,0
molecola_24584,6,0,6,0.009343801997601986,0
molecola_24584,7,0,7,0.001248593907803297,0
molecola_24584,8,0,8,0.0006674829637631774,0
molecola_24584,9,0,9,0.0011916260700672865,0
molecola_24584,10,0,10,0.0034575266763567924,0
molecola_24584,11,1,11,0.9519580602645874,1
molecola_24584,12,0,12,0.002393030561506748,0
molecola_24584,13,0,13,0.002990540349856019,0
molecola_24584,14,1,14,0.9580852389335632,1
molecola_24584,15,1,15,0.9674621820449829,1
molecola_24584,16,1,16,0.9600013494491577,1
molecola_24584,17,0,17,0.0005756288301199675,0
molecola_24584,18,0,18,0.0019069049740210176,0
molecola_24584,19,0,19,0.00048327408148907125,0
molecola_24609,1,0,1,0.0001455775782233104,0
molecola_24609,2,0,2,0.00018300536612514406,0
molecola_24609,3,0,3,0.00017297055455856025,0
molecola_24609,4,0,4,0.0005939116235822439,0
molecola_24609,5,0,5,0.007741319946944714,0
molecola_24609,6,1,6,0.9627196788787842,1
molecola_24609,7,1,7,0.9708995223045349,1
molecola_24609,8,0,8,0.022145472466945648,0
molecola_24609,9,0,9,0.5141360759735107,1
molecola_24609,10,0,10,0.023851798847317696,0
molecola_24609,11,0,11,0.006643780507147312,0
molecola_24609,12,0,12,0.008837826550006866,0
molecola_24855,1,0,1,0.00033614554558880627,0
molecola_24855,2,0,2,0.0010287967743352056,0
molecola_24855,3,0,3,0.0006219213246367872,0
molecola_24855,4,0,4,0.0006219213246367872,0
molecola_24855,5,0,5,0.0026097155641764402,0
molecola_24855,6,0,6,0.38161394000053406,0
molecola_24855,7,1,7,0.974757969379425,1
molecola_24855,8,1,8,0.9739633202552795,1
molecola_24855,9,1,9,0.9157057404518127,1
molecola_24855,10,1,10,0.9283934831619263,1
molecola_24855,11,1,11,0.9746941924095154,1
molecola_24855,12,1,12,0.9704119563102722,1
molecola_24855,13,0,13,0.018547240644693375,0
molecola_24855,14,0,14,0.005706334952265024,0
molecola_24855,15,0,15,0.0011587286135181785,0
molecola_24855,16,0,16,0.0008387251291424036,0
molecola_24855,17,0,17,0.000702179386280477,0
molecola_24855,18,0,18,0.0008387251291424036,0
molecola_24855,19,0,19,0.0011587286135181785,0
molecola_25124,1,0,1,0.010214384645223618,0
molecola_25124,2,1,2,0.9803106188774109,1
molecola_25124,3,1,3,0.9903661012649536,1
molecola_25124,4,0,4,0.004544735420495272,0
molecola_25124,5,0,5,0.00033001488191075623,0
molecola_25124,6,0,6,0.00019364492618478835,0
molecola_25124,7,0,7,0.0006464804755523801,0
molecola_25124,8,0,8,0.0010604069102555513,0
molecola_25124,9,0,9,0.002314894925802946,0
molecola_25124,10,0,10,0.0031238889787346125,0
molecola_25266,1,1,1,0.9961955547332764,1
molecola_25266,2,1,2,0.9915207028388977,1
molecola_25266,3,0,3,0.003836944466456771,0
molecola_25266,4,0,4,0.0019010393880307674,0
molecola_25266,5,0,5,0.0031568726990371943,0
molecola_25266,6,0,6,0.002562857000157237,0
molecola_25266,7,0,7,0.005376052111387253,0
molecola_25266,8,0,8,0.003956688567996025,0
molecola_25266,9,0,9,0.01638917438685894,0
molecola_25266,10,0,10,0.0034357700496912003,0
molecola_25266,11,0,11,0.0009537416626699269,0
molecola_25266,12,0,12,0.0010286649921908975,0
molecola_25266,13,0,13,0.003575005801394582,0
molecola_25266,14,0,14,0.007908585481345654,0
molecola_25286,1,1,1,0.9644900560379028,1
molecola_25286,2,1,2,0.958877682685852,1
molecola_25286,3,0,3,0.012094533070921898,0
molecola_25286,4,0,4,0.001480555976741016,0
molecola_25286,5,0,5,0.00142354192212224,0
molecola_25286,6,0,6,0.007567146793007851,0
molecola_25286,7,0,7,0.0036586278583854437,0
molecola_25286,8,0,8,0.0034367789048701525,0
molecola_25286,9,0,9,0.005039402283728123,0
molecola_25286,10,0,10,0.0012520600575953722,0
molecola_25286,11,0,11,0.000879923056345433,0
molecola_25286,12,0,12,0.00027516757836565375,0
molecola_25286,13,0,13,0.008896248415112495,0
molecola_25361,1,0,1,0.00017677649157121778,0
molecola_25361,2,0,2,0.00026728014927357435,0
molecola_25361,3,0,3,0.0010645488509908319,0
molecola_25361,4,0,4,0.0012418990954756737,0
molecola_25361,5,0,5,0.002628056798130274,0
molecola_25361,6,1,6,0.9905211925506592,1
molecola_25361,7,1,7,0.9956743121147156,1
molecola_25361,8,0,8,0.002783551113680005,0
molecola_25361,9,0,9,0.0018662633374333382,0
molecola_25361,10,0,10,0.0028681945987045765,0
molecola_25361,11,0,11,0.01479581743478775,0
molecola_25361,12,0,12,0.015528032556176186,0
molecola_25361,13,0,13,0.22494113445281982,0
molecola_25361,14,0,14,0.1196560487151146,0
molecola_25361,15,0,15,0.8951026797294617,1
molecola_25361,16,0,16,0.8747509717941284,1
molecola_25361,17,0,17,0.013185357674956322,0
molecola_25888,1,0,1,0.0018067662604153156,0
molecola_25888,2,0,2,0.0016921630594879389,0
molecola_25888,3,0,3,0.0011225909693166614,0
molecola_25888,4,0,4,0.0010752170346677303,0
molecola_25888,5,0,5,0.0016753560630604625,0
molecola_25888,6,0,6,0.0007642690907232463,0
molecola_25888,7,0,7,0.001440990250557661,0
molecola_25888,8,0,8,0.001981214387342334,0
molecola_25888,9,1,9,0.9905181527137756,1
molecola_25888,10,1,10,0.9956734776496887,1
molecola_25888,11,0,11,0.0012244618264958262,0
molecola_25888,12,0,12,0.0008668767404742539,0
molecola_25888,13,0,13,0.0008668767404742539,0
molecola_25888,14,0,14,0.0007003021892160177,0
molecola_25888,15,0,15,0.0009933060500770807,0
molecola_25888,16,0,16,0.0007840680191293359,0
molecola_25888,17,0,17,0.0006273079197853804,0
molecola_25888,18,0,18,0.001903808442875743,0
molecola_25888,19,0,19,0.0010012892307713628,0
molecola_25888,20,0,20,0.0010902326321229339,0
molecola_25888,21,0,21,0.0015302648534998298,0
molecola_25888,22,0,22,0.00078858487540856,0
molecola_25888,23,0,23,0.0017324242508038878,0
molecola_25888,24,0,24,0.0008013360784389079,0
molecola_25888,25,0,25,0.000979020493105054,0
molecola_2591,1,0,1,0.00017659319564700127,0
molecola_2591,2,0,2,0.00025016983272507787,0
molecola_2591,3,0,3,0.001516769640147686,0
molecola_2591,4,0,4,0.005579136777669191,0
molecola_2591,5,0,5,0.010688289999961853,0
molecola_2591,6,0,6,0.005841505713760853,0
molecola_2591,7,0,7,0.001097013708204031,0
molecola_2591,8,0,8,0.0010115278419107199,0
molecola_2591,9,0,9,0.00026259760488756,0
molecola_2591,10,0,10,0.00015554361743852496,0
molecola_2591,11,0,11,0.0001374438579659909,0
molecola_2591,12,0,12,0.0001276293769478798,0
molecola_2591,13,0,13,0.00013872855925001204,0
molecola_2591,14,0,14,0.00011399383220123127,0
molecola_2591,15,0,15,0.00013286786270327866,0
molecola_2591,16,0,16,0.0003566060040611774,0
molecola_2591,17,0,17,0.00013286786270327866,0
molecola_2591,18,0,18,0.00011399383220123127,0
molecola_2591,19,0,19,0.005157863721251488,0
molecola_2591,20,0,20,0.006029003299772739,0
molecola_2591,21,0,21,0.004611922428011894,0
molecola_2591,22,0,22,0.005960170179605484,0
molecola_2591,23,0,23,0.001527442829683423,0
molecola_2591,24,0,24,0.002104358049109578,0
molecola_2591,25,0,25,0.000423347664764151,0
molecola_2591,26,0,26,0.0008339011110365391,0
molecola_2591,27,0,27,0.0011420681839808822,0
molecola_2591,28,0,28,0.003898241324350238,0
molecola_2591,29,1,29,0.958545982837677,1
molecola_2591,30,1,30,0.9690348505973816,1
molecola_2591,31,0,31,0.20143501460552216,0
molecola_27065,1,0,1,0.5766715407371521,1
molecola_27065,2,1,2,0.9551635980606079,1
molecola_27065,3,0,3,0.5766715407371521,1
molecola_27065,4,1,4,0.9695532917976379,1
molecola_27065,5,1,5,0.9435235857963562,1
molecola_27065,6,1,6,0.9622726440429688,1
molecola_27065,7,0,7,0.0816631093621254,0
molecola_27065,8,0,8,0.003635523607954383,0
molecola_27065,9,0,9,0.005808476824313402,0
molecola_27065,10,0,10,0.005186385940760374,0
molecola_27065,11,0,11,0.0013719132402911782,0
molecola_27065,12,0,12,0.0008470515022054315,0
molecola_27065,13,0,13,0.0008168412023223937,0
molecola_27065,14,0,14,0.0008670849492773414,0
molecola_27065,15,0,15,0.00234595756046474,0
molecola_2712,1,0,1,0.0019401819445192814,0
molecola_2712,2,0,2,0.0024247642140835524,0
molecola_2712,3,0,3,0.0013305747415870428,0
molecola_2712,4,0,4,0.0013655975926667452,0
molecola_2712,5,0,5,0.0015565056819468737,0
molecola_2712,6,0,6,0.0016889706021174788,0
molecola_2712,7,0,7,0.0026132180355489254,0
molecola_2712,8,0,8,0.0015006477478891611,0
molecola_2712,9,0,9,0.0019347498891875148,0
molecola_2712,10,1,10,0.9908142685890198,1
molecola_2712,11,1,11,0.9957828521728516,1
molecola_2712,12,0,12,0.0027736930642277002,0
molecola_2712,13,0,13,0.002451370470225811,0
molecola_2712,14,0,14,0.002954105380922556,0
molecola_2712,15,0,15,0.003916043788194656,0
molecola_2712,16,0,16,0.002883247332647443,0
molecola_2712,17,0,17,0.0011669446248561144,0
molecola_2712,18,0,18,0.0026462674140930176,0
molecola_2712,19,0,19,0.003446596907451749,0
molecola_2712,20,0,20,0.002883247332647443,0
molecola_2712,21,0,21,0.0011669446248561144,0
molecola_2712,22,0,22,0.003916043788194656,0
molecola_27126,1,0,1,0.000166588113643229,0
molecola_27126,2,0,2,0.00021665763051714748,0
molecola_27126,3,0,3,0.001471882569603622,0
molecola_27126,4,0,4,0.0006838873960077763,0
molecola_27126,5,0,5,0.0015541843604296446,0
molecola_27126,6,0,6,0.0007730794604867697,0
molecola_27126,7,0,7,0.0017161938594654202,0
molecola_27126,8,0,8,0.000789920159149915,0
molecola_27126,9,0,9,0.0008829465368762612,0
molecola_27126,10,0,10,0.001427826238796115,0
molecola_27126,11,0,11,0.0004961395170539618,0
molecola_27126,12,0,12,0.0006731023313477635,0
molecola_27126,13,0,13,0.0005546606844291091,0
molecola_27126,14,0,14,0.0005546606844291091,0
molecola_27126,15,0,15,0.0005546606844291091,0
molecola_27126,16,0,16,0.014011219143867493,0
molecola_27126,17,0,17,0.006220319774001837,0
molecola_27126,18,0,18,0.01203435193747282,0
molecola_27126,19,0,19,0.008623350411653519,0
molecola_27126,20,0,20,0.004985423758625984,0
molecola_27126,21,0,21,0.011277562938630581,0
molecola_27126,22,0,22,0.006468222476541996,0
molecola_27126,23,0,23,0.0032793742138892412,0
molecola_27126,24,0,24,0.00018116207502316684,0
molecola_27126,25,0,25,0.00013774182298220694,0
molecola_27126,26,0,26,0.00013192543701734394,0
molecola_27126,27,0,27,0.0026841112412512302,0
molecola_27126,28,1,28,0.9908237457275391,1
molecola_27126,29,1,29,0.9957713484764099,1
molecola_27475,1,0,1,0.00016739635611884296,0
molecola_27475,2,0,2,0.001441975124180317,0
molecola_27475,3,1,3,0.9914222359657288,1
molecola_27475,4,1,4,0.9961466789245605,1
molecola_27479,1,0,1,0.00014385573740582913,0
molecola_27479,2,0,2,0.00015766853175591677,0
molecola_27479,3,0,3,0.00015649991109967232,0
molecola_27479,4,0,4,0.00015496715786866844,0
molecola_27479,5,0,5,0.0001549934531794861,0
molecola_27479,6,0,6,0.00015501044981647283,0
molecola_27479,7,0,7,0.0001550110464449972,0
molecola_27479,8,0,8,0.0001550110464449972,0
molecola_27479,9,0,9,0.0001550110464449972,0
molecola_27479,10,0,10,0.0001550110464449972,0
molecola_27479,11,0,11,0.00015500439621973783,0
molecola_27479,12,0,12,0.00015477664419449866,0
molecola_27479,13,0,13,0.00015863000589888543,0
molecola_27479,14,0,14,0.0040269470773637295,0
molecola_27479,15,1,15,0.9537844061851501,1
molecola_27479,16,1,16,0.9639569520950317,1
molecola_27479,17,1,17,0.95719313621521,1
molecola_27479,18,1,18,0.9383934736251831,1
molecola_27479,19,0,19,0.0021214373409748077,0
molecola_27479,20,0,20,0.00452045351266861,0
molecola_27479,21,0,21,0.00019213331688661128,0
molecola_27535,1,0,1,0.00013823140761815012,0
molecola_27535,2,0,2,0.0005035183858126402,0
molecola_27535,3,0,3,0.00042694734293036163,0
molecola_27535,4,0,4,0.005818210542201996,0
molecola_27535,5,0,5,0.8671489357948303,1
molecola_27535,6,0,6,0.9071357250213623,1
molecola_27535,7,1,7,0.9604805707931519,1
molecola_27535,8,1,8,0.9638671278953552,1
molecola_27535,9,0,9,0.0005468039307743311,0
molecola_27535,10,0,10,0.00013183012197259814,0
molecola_27535,11,0,11,0.00014823017409071326,0
molecola_27535,12,0,12,0.00015984257333911955,0
molecola_27535,13,0,13,0.00012781194527633488,0
molecola_27535,14,0,14,0.0024452449288219213,0
molecola_27535,15,0,15,0.9336475133895874,1
molecola_27535,16,0,16,0.9506791234016418,1
molecola_27535,17,0,17,0.9352582693099976,1
molecola_27535,18,0,18,0.944636881351471,1
molecola_27535,19,0,19,0.004028490744531155,0
molecola_27535,20,0,20,0.0036846112925559282,0
molecola_27535,21,0,21,0.0001611461048014462,0
molecola_27535,22,0,22,0.0001496686163591221,0
molecola_27535,23,0,23,0.00015168941172305495,0
molecola_27535,24,0,24,0.00015050783986225724,0
molecola_27535,25,0,25,0.9785004258155823,1
molecola_27535,26,0,26,0.9865460395812988,1
molecola_27642,1,0,1,0.000143844896228984,0
molecola_27642,2,0,2,0.0001573895860929042,0
molecola_27642,3,0,3,0.00015783216804265976,0
molecola_27642,4,0,4,0.00017785040836315602,0
molecola_27642,5,0,5,0.00042847672011703253,0
molecola_27642,6,0,6,0.0021501509472727776,0
molecola_27642,7,0,7,0.0007229893235489726,0
molecola_27642,8,0,8,0.5848243236541748,1
molecola_27642,9,0,9,0.2210625559091568,0
molecola_27642,10,0,10,0.00869129691272974,0
molecola_27642,11,0,11,0.9631133079528809,1
molecola_27642,12,0,12,0.9640321731567383,1
molecola_27642,13,1,13,0.8727059960365295,1
molecola_27642,14,1,14,0.9109258651733398,1
molecola_27642,15,0,15,0.008189385756850243,0
molecola_27642,16,0,16,0.0007055205060169101,0
molecola_27642,17,0,17,0.00016282472643069923,0
molecola_27642,18,0,18,0.00015535477723460644,0
molecola_27642,19,0,19,0.00015781035472173244,0
molecola_27642,20,0,20,0.0017741065239533782,0
molecola_27642,21,0,21,0.006454570218920708,0
molecola_27642,22,0,22,0.008153625763952732,0
molecola_27642,23,0,23,0.006428565829992294,0
molecola_27642,24,0,24,0.006428565829992294,0
molecola_28252,1,0,1,0.00029336611623875797,0
molecola_28252,2,0,2,0.007063741330057383,0
molecola_28252,3,0,3,0.0009322641417384148,0
molecola_28252,4,0,4,0.0022217563819140196,0
molecola_28252,5,0,5,0.026998940855264664,0
molecola_28252,6,0,6,0.02262255735695362,0
molecola_28252,7,0,7,0.988976240158081,1
molecola_28252,8,0,8,0.9883456230163574,1
molecola_28252,9,1,9,0.9296112060546875,1
molecola_28252,10,1,10,0.939974844455719,1
molecola_28252,11,0,11,0.007580856792628765,0
molecola_28252,12,0,12,0.0004491589206736535,0
molecola_28252,13,0,13,0.0002040569670498371,0
molecola_28252,14,0,14,0.000125353762996383,0
molecola_28252,15,0,15,0.0001452718279324472,0
molecola_28252,16,0,16,0.002846787916496396,0
molecola_28252,17,0,17,0.0001781188911991194,0
molecola_28252,18,0,18,0.00015402858844026923,0
molecola_28252,19,0,19,0.00013441476039588451,0
molecola_28252,20,0,20,0.003825850086286664,0
molecola_28252,21,0,21,0.9359604120254517,1
molecola_28252,22,0,22,0.004166614264249802,0
molecola_28252,23,0,23,0.9468486905097961,1
molecola_28252,24,0,24,0.9234260320663452,1
molecola_28252,25,0,25,0.9407750368118286,1
molecola_28252,26,0,26,0.0041855499148368835,0
molecola_28615,1,0,1,0.0001258383272215724,0
molecola_28615,2,0,2,0.00013565292465500534,0
molecola_28615,3,0,3,0.0001258383272215724,0
molecola_28615,4,0,4,0.0001302137243328616,0
molecola_28615,5,0,5,0.003932102117687464,0
molecola_28615,6,0,6,0.00013228874013293535,0
molecola_28615,7,0,7,0.00014966048183850944,0
molecola_28615,8,0,8,0.00014069487224332988,0
molecola_28615,9,0,9,0.00012896000407636166,0
molecola_28615,10,0,10,0.0005400736117735505,0
molecola_28615,11,1,11,0.9639897346496582,1
molecola_28615,12,1,12,0.960573673248291,1
molecola_28615,13,0,13,0.8671598434448242,1
molecola_28615,14,0,14,0.9071360230445862,1
molecola_28615,15,0,15,0.005810099188238382,0
molecola_28615,16,0,16,0.00042912623030133545,0
molecola_28615,17,0,17,0.0005481750704348087,0
molecola_28615,18,0,18,0.00014165346510708332,0
molecola_28615,19,0,19,0.00016412707918789238,0
molecola_28615,20,0,20,0.0001682617876213044,0
molecola_28615,21,0,21,0.0001398530148435384,0
molecola_28615,22,0,22,0.00013398351438809186,0
molecola_28615,23,0,23,0.00013733237574342638,0
molecola_28615,24,0,24,0.0027955116238445044,0
molecola_28615,25,0,25,0.00016490010602865368,0
molecola_28615,26,0,26,0.899468719959259,1
molecola_28615,27,0,27,0.0017157135298475623,0
molecola_28615,28,0,28,0.9196459054946899,1
molecola_28615,29,0,29,0.8961899876594543,1
molecola_28615,30,0,30,0.9089163541793823,1
molecola_28615,31,0,31,0.019033709540963173,0
molecola_2868,1,1,1,0.964250385761261,1
molecola_2868,2,1,2,0.9468352198600769,1
molecola_2868,3,0,3,0.7574652433395386,1
molecola_2868,4,0,4,0.7300877571105957,1
molecola_2868,5,0,5,0.0707164853811264,0
molecola_2868,6,0,6,0.0010810152161866426,0
molecola_2868,7,0,7,0.0008215231937356293,0
molecola_2868,8,0,8,0.0007018074975349009,0
molecola_2868,9,0,9,0.0008215231937356293,0
molecola_2868,10,0,10,0.0010810152161866426,0
molecola_28680,1,0,1,0.0005294439033605158,0
molecola_28680,2,0,2,0.0009297644137404859,0
molecola_28680,3,0,3,0.0007377374568022788,0
molecola_28680,4,0,4,0.000721957883797586,0
molecola_28680,5,0,5,0.004012554883956909,0
molecola_28680,6,1,6,0.9230111837387085,1
molecola_28680,7,1,7,0.9420900344848633,1
molecola_28680,8,0,8,0.009091852232813835,0
molecola_28680,9,0,9,0.007023830898106098,0
molecola_28680,10,0,10,0.001137415412813425,0
molecola_28680,11,0,11,0.0008389225695282221,0
molecola_28680,12,0,12,0.0011230369564145803,0
molecola_28680,13,0,13,0.007252038922160864,0
molecola_28680,14,0,14,0.001090960344299674,0
molecola_28872,1,0,1,0.00017672625835984945,0
molecola_28872,2,0,2,0.0002357805788051337,0
molecola_28872,3,0,3,0.0012612740974873304,0
molecola_28872,4,0,4,0.000824781134724617,0
molecola_28872,5,0,5,0.002914740703999996,0
molecola_28872,6,0,6,0.013013261370360851,0
molecola_28872,7,0,7,0.002914740703999996,0
molecola_28872,8,0,8,0.000824781134724617,0
molecola_28872,9,0,9,0.013908367604017258,0
molecola_28872,10,0,10,0.00651351734995842,0
molecola_28872,11,0,11,0.012747600674629211,0
molecola_28872,12,0,12,0.0006185126840136945,0
molecola_28872,13,0,13,0.0017388915875926614,0
molecola_28872,14,1,14,0.9915231466293335,1
molecola_28872,15,1,15,0.9961960315704346,1
molecola_28872,16,0,16,0.004526779055595398,0
molecola_28872,17,0,17,0.012766925618052483,0
molecola_28872,18,0,18,0.006423740182071924,0
molecola_28872,19,0,19,0.0009746417053975165,0
molecola_28872,20,0,20,0.0009006608161143959,0
molecola_28872,21,0,21,0.001431663753464818,0
molecola_28872,22,0,22,0.000577972736209631,0
molecola_28872,23,0,23,0.0009006608161143959,0
molecola_28872,24,0,24,0.0009746417053975165,0
molecola_29071,1,0,1,0.0013196351937949657,0
molecola_29071,2,0,2,0.0036980709992349148,0
molecola_29071,3,0,3,0.0017747695092111826,0
molecola_29071,4,0,4,0.0625348761677742,0
molecola_29071,5,0,5,0.13507355749607086,0
molecola_29071,6,0,6,0.015729349106550217,0
molecola_29071,7,0,7,0.033973578363657,0
molecola_29071,8,0,8,0.004176183138042688,0
molecola_29071,9,0,9,0.0021803611889481544,0
molecola_29071,10,0,10,0.00023748443345539272,0
molecola_29071,11,0,11,0.00013801264867652208,0
molecola_29071,12,0,12,0.00011622371675912291,0
molecola_29071,13,0,13,0.0004142357502132654,0
molecola_29071,14,0,14,0.0035607691388577223,0
molecola_29071,15,0,15,0.0004142357502132654,0
molecola_29071,16,0,16,0.00011622371675912291,0
molecola_29071,17,1,17,0.9448235034942627,1
molecola_29071,18,1,18,0.9561023712158203,1
molecola_29071,19,0,19,0.009332923218607903,0
molecola_29071,20,0,20,0.005592448636889458,0
molecola_29071,21,0,21,0.0009675633627921343,0
molecola_29071,22,0,22,0.0013977241469547153,0
molecola_29071,23,0,23,0.00040601674118079245,0
molecola_29071,24,0,24,0.0009675633627921343,0
molecola_29071,25,0,25,0.005592448636889458,0
molecola_29071,26,0,26,0.0027780623640865088,0
molecola_29071,27,0,27,0.00548883993178606,0
molecola_29071,28,0,28,0.004469682462513447,0
molecola_29071,29,0,29,0.1262732893228531,0
molecola_29071,30,0,30,0.0047402954660356045,0
molecola_29140,1,1,1,0.9478904008865356,1
molecola_29140,2,1,2,0.9686758518218994,1
molecola_29140,3,1,3,0.9588823914527893,1
molecola_29140,4,1,4,0.9555585980415344,1
molecola_29140,5,0,5,0.0048398119397461414,0
molecola_29140,6,0,6,0.0008444552659057081,0
molecola_29140,7,0,7,0.001129679731093347,0
molecola_29140,8,0,8,0.00039377936627715826,0
molecola_29140,9,0,9,0.0002829422301147133,0
molecola_29140,10,0,10,0.00031671638134866953,0
molecola_29140,11,0,11,0.000766927667427808,0
molecola_29140,12,0,12,0.0011285131331533194,0
molecola_29140,13,0,13,0.00039377936627715826,0
molecola_29140,14,0,14,0.0002829422301147133,0
molecola_29140,15,0,15,0.00031671638134866953,0
molecola_29140,16,0,16,0.000766927667427808,0
molecola_29140,17,0,17,0.0011285131331533194,0
molecola_29140,18,0,18,0.00039377936627715826,0
molecola_29140,19,0,19,0.0002829176955856383,0
molecola_29140,20,0,20,0.00031511078123003244,0
molecola_29140,21,0,21,0.0007443594513460994,0
molecola_29140,22,0,22,0.0010705654276534915,0
molecola_29140,23,0,23,0.0003687631106004119,0
molecola_29140,24,0,24,0.0002615376724861562,0
molecola_29140,25,0,25,0.00019453173445072025,0
molecola_29179,1,0,1,0.00813165120780468,0
molecola_29179,2,0,2,0.010611441917717457,0
molecola_29179,3,0,3,0.00813165120780468,0
molecola_29179,4,0,4,0.23419111967086792,0
molecola_29179,5,1,5,0.9704235196113586,1
molecola_29179,6,1,6,0.9727527499198914,1
molecola_29179,7,1,7,0.9125503301620483,1
molecola_29179,8,1,8,0.9283133745193481,1
molecola_29179,9,1,9,0.9738714098930359,1
molecola_29179,10,1,10,0.9747143387794495,1
molecola_29179,11,0,11,0.2956237196922302,0
molecola_29179,12,0,12,0.003975557629019022,0
molecola_29179,13,0,13,0.0034638463985174894,0
molecola_29179,14,0,14,0.002459077164530754,0
molecola_29179,15,0,15,0.0008692397968843579,0
molecola_29179,16,0,16,0.0009669656865298748,0
molecola_29179,17,0,17,0.0010078517952933908,0
molecola_29179,18,0,18,0.0009669652208685875,0
molecola_29179,19,0,19,0.002459078561514616,0
molecola_29179,20,0,20,0.0008692397968843579,0
molecola_29245,1,0,1,0.0017971147317439318,0
molecola_29245,2,0,2,0.0016516958130523562,0
molecola_29245,3,0,3,0.0008750853012315929,0
molecola_29245,4,0,4,0.0008223381009884179,0
molecola_29245,5,0,5,0.0007973326137289405,0
molecola_29245,6,0,6,0.0006349863251671195,0
molecola_29245,7,0,7,0.001182817155495286,0
molecola_29245,8,0,8,0.0019724240992218256,0
molecola_29245,9,1,9,0.9905181527137756,1
molecola_29245,10,1,10,0.9956734776496887,1
molecola_29287,1,1,1,0.9301698207855225,1
molecola_29287,2,1,2,0.9027217030525208,1
molecola_29287,3,0,3,0.3725670874118805,0
molecola_29287,4,0,4,0.024871675297617912,0
molecola_29287,5,0,5,0.0021474692039191723,0
molecola_29287,6,0,6,0.002471045358106494,0
molecola_29287,7,0,7,0.008493334986269474,0
molecola_29287,8,0,8,0.006615938153117895,0
molecola_29287,9,0,9,0.0072432756423950195,0
molecola_29287,10,0,10,0.0021282234229147434,0
molecola_29287,11,0,11,0.0008660160237923265,0
molecola_29287,12,0,12,0.0008177044801414013,0
molecola_29287,13,0,13,0.0008622622117400169,0
molecola_29287,14,0,14,0.0031033693812787533,0
molecola_29287,15,0,15,0.0017281635664403439,0
molecola_29287,16,0,16,0.0006697865901514888,0
molecola_29287,17,0,17,0.0008161772275343537,0
molecola_29287,18,0,18,0.0007020880584605038,0
molecola_29287,19,0,19,0.0008161772275343537,0
molecola_29287,20,0,20,0.0006697865901514888,0
molecola_29287,21,0,21,0.004202014300972223,0
molecola_29287,22,0,22,0.0014032932231202722,0
molecola_29287,23,0,23,0.0021011042408645153,0
molecola_29287,24,0,24,0.0013518885243684053,0
molecola_29287,25,0,25,0.004491468891501427,0
molecola_29456,1,0,1,0.00022797026031184942,0
molecola_29456,2,0,2,0.0015750995371490717,0
molecola_29456,3,0,3,0.008212675340473652,0
molecola_29456,4,0,4,0.00597987649962306,0
molecola_29456,5,0,5,0.028980696573853493,0
molecola_29456,6,0,6,0.0026506921276450157,0
molecola_29456,7,0,7,0.001382286543957889,0
molecola_29456,8,0,8,0.001888562343083322,0
molecola_29456,9,0,9,0.0032706453930586576,0
molecola_29456,10,0,10,0.003219153266400099,0
molecola_29456,11,0,11,0.0018210720736533403,0
molecola_29456,12,0,12,0.015354884788393974,0
molecola_29456,13,0,13,0.03821060061454773,0
molecola_29456,14,0,14,0.0672978088259697,0
molecola_29456,15,0,15,0.009510197676718235,0
molecola_29456,16,0,16,0.0003494344127830118,0
molecola_29456,17,0,17,0.00019873220298904926,0
molecola_29456,18,0,18,0.0014735906152054667,0
molecola_29456,19,1,19,0.9915235042572021,1
molecola_29456,20,1,20,0.9961962699890137,1
molecola_29571,1,0,1,0.0004092240415047854,0
molecola_29571,2,0,2,0.0021371322218328714,0
molecola_29571,3,1,3,0.9948869347572327,1
molecola_29571,4,1,4,0.9977834820747375,1
molecola_29571,5,0,5,0.000266796414507553,0
molecola_29571,6,0,6,0.00015536010323558003,0
molecola_29571,7,0,7,0.00017792131984606385,0
molecola_29571,8,0,8,0.0010274465894326568,0
molecola_29571,9,0,9,0.000580129271838814,0
molecola_29571,10,0,10,0.0015961941098794341,0
molecola_29571,11,0,11,0.00041064611286856234,0
molecola_29571,12,0,12,0.0007944385288283229,0
molecola_29571,13,0,13,0.0008167444029822946,0
molecola_29571,14,0,14,0.0007331769447773695,0
molecola_29571,15,0,15,0.00027421690174378455,0
molecola_29619,1,0,1,0.00013780579320155084,0
molecola_29619,2,0,2,0.0001543944381410256,0
molecola_29619,3,0,3,0.00015246229304466397,0
molecola_29619,4,0,4,0.00013126840349286795,0
molecola_29619,5,0,5,0.00012797828821931034,0
molecola_29619,6,0,6,0.00015355156210716814,0
molecola_29619,7,0,7,0.00013973090972285718,0
molecola_29619,8,0,8,0.00012166340457042679,0
molecola_29619,9,0,9,0.00012698514910880476,0
molecola_29619,10,0,10,0.0024417461827397346,0
molecola_29619,11,0,11,0.00014075767830945551,0
molecola_29619,12,0,12,0.0001551136519992724,0
molecola_29619,13,0,13,0.000129730993648991,0
molecola_29619,14,0,14,0.003147567855194211,0
molecola_29619,15,1,15,0.9538792967796326,1
molecola_29619,16,1,16,0.9649891257286072,1
molecola_29619,17,1,17,0.9380266070365906,1
molecola_29619,18,1,18,0.9493709206581116,1
molecola_29619,19,0,19,0.5782769918441772,1
molecola_29619,20,0,20,0.5782769918441772,1
molecola_29619,21,0,21,0.00013848986418452114,0
molecola_29619,22,0,22,0.00012421149585861713,0
molecola_29619,23,0,23,0.00013094348832964897,0
molecola_29619,24,0,24,0.000150790685438551,0
molecola_29619,25,0,25,0.0001529778091935441,0
molecola_29619,26,0,26,0.00014420472143683583,0
molecola_29658,1,0,1,0.00015792068734299392,0
molecola_29658,2,0,2,0.0001478539634263143,0
molecola_29658,3,0,3,0.0001771453389665112,0
molecola_29658,4,0,4,0.0027165738865733147,0
molecola_29658,5,0,5,0.0025512580759823322,0
molecola_29658,6,1,6,0.9908236265182495,1
molecola_29658,7,1,7,0.9957713484764099,1
molecola_29658,8,0,8,0.717425525188446,1
molecola_29658,9,0,9,0.9394510388374329,1
molecola_29658,10,0,10,0.6566532254219055,1
molecola_29658,11,0,11,0.7167448997497559,1
molecola_29658,12,0,12,0.23806825280189514,0
molecola_29658,13,0,13,0.03328276053071022,0
molecola_29658,14,0,14,0.001708297524601221,0
molecola_29658,15,0,15,0.0018464423483237624,0
molecola_29658,16,0,16,0.0006985272048041224,0
molecola_29658,17,0,17,0.0008245272911153734,0
molecola_29658,18,0,18,0.0008271206170320511,0
molecola_29658,19,0,19,0.001024139579385519,0
molecola_29658,20,0,20,0.006421841215342283,0
molecola_29658,21,0,21,0.12959980964660645,0
molecola_29658,22,0,22,0.017516974359750748,0
molecola_29714,1,0,1,0.00019099793280474842,0
molecola_29714,2,0,2,0.00025532220024615526,0
molecola_29714,3,0,3,0.004991210997104645,0
molecola_29714,4,0,4,0.0009307558066211641,0
molecola_29714,5,0,5,0.006898197345435619,0
molecola_29714,6,0,6,0.012103698216378689,0
molecola_29714,7,0,7,0.005549501162022352,0
molecola_29714,8,0,8,0.002713446971029043,0
molecola_29714,9,1,9,0.9591061472892761,1
molecola_29714,10,1,10,0.9713998436927795,1
molecola_29714,11,0,11,0.005210239905864,0
molecola_29714,12,0,12,0.0007896717870607972,0
molecola_29714,13,0,13,0.0013155663618817925,0
molecola_29714,14,0,14,0.0007602680707350373,0
molecola_29714,15,0,15,0.000657192780636251,0
molecola_29714,16,0,16,0.0009297821670770645,0
molecola_29714,17,0,17,0.0005401652888394892,0
molecola_29714,18,0,18,0.0022674030624330044,0
molecola_29714,19,0,19,0.0007647586753591895,0
molecola_29714,20,0,20,0.0011082339333370328,0
molecola_29714,21,0,21,0.0012635671300813556,0
molecola_29714,22,0,22,0.0007503661327064037,0
molecola_29714,23,0,23,0.0017507408047094941,0
molecola_29714,24,0,24,0.002254297723993659,0
molecola_29714,25,0,25,0.000657192780636251,0
molecola_29714,26,0,26,0.0007602680707350373,0
molecola_2972,1,0,1,0.000271003955276683,0
molecola_2972,2,0,2,0.0005699668545275927,0
molecola_2972,3,0,3,0.0007812976255081594,0
molecola_2972,4,0,4,0.0017826324328780174,0
molecola_2972,5,0,5,0.0031699303071945906,0
molecola_2972,6,0,6,0.0022231561597436666,0
molecola_2972,7,0,7,0.0033276458270847797,0
molecola_2972,8,0,8,0.0012735775671899319,0
molecola_2972,9,0,9,0.0018911167280748487,0
molecola_2972,10,0,10,0.0008288117242045701,0
molecola_2972,11,0,11,0.0014829151332378387,0
molecola_2972,12,0,12,0.001294778543524444,0
molecola_2972,13,0,13,0.0013062080834060907,0
molecola_2972,14,0,14,0.0019958254415541887,0
molecola_2972,15,0,15,0.001457012491300702,0
molecola_2972,16,0,16,0.0009006174514070153,0
molecola_2972,17,0,17,0.0011808059643954039,0
molecola_2972,18,0,18,0.00018682601512409747,0
molecola_2972,19,0,19,0.00015212685684673488,0
molecola_2972,20,0,20,0.0001590004249010235,0
molecola_2972,21,0,21,0.001961151836439967,0
molecola_2972,22,1,22,0.9915850162506104,1
molecola_2972,23,1,23,0.996229350566864,1
molecola_2972,24,0,24,0.0012125474167987704,0
molecola_2972,25,0,25,0.0007012886344455183,0
molecola_2972,26,0,26,0.0008075690711848438,0
molecola_2972,27,0,27,0.0007003015489317477,0
molecola_2972,28,0,28,0.0008075690711848438,0
molecola_2972,29,0,29,0.0007012886344455183,0
molecola_29777,1,0,1,0.00014386918337550014,0
molecola_29777,2,0,2,0.00015813345089554787,0
molecola_29777,3,0,3,0.0001449437695555389,0
molecola_29777,4,0,4,0.0001274775859201327,0
molecola_29777,5,0,5,0.0001334070402663201,0
molecola_29777,6,0,6,0.00013645649596583098,0
molecola_29777,7,0,7,0.0001587792212376371,0
molecola_29777,8,0,8,0.0001675846433499828,0
molecola_29777,9,0,9,0.00015374187205452472,0
molecola_29777,10,0,10,0.002802017843350768,0
molecola_29777,11,1,11,0.9583794474601746,1
molecola_29777,12,1,12,0.9699057340621948,1
molecola_29777,13,1,13,0.9457958936691284,1
molecola_29777,14,1,14,0.9556573033332825,1
molecola_29777,15,0,15,0.5739257335662842,1
molecola_29777,16,0,16,0.5739257335662842,1
molecola_29813,1,0,1,0.00015887842164374888,0
molecola_29813,2,0,2,0.00021119232405908406,0
molecola_29813,3,0,3,0.0011850562877953053,0
molecola_29813,4,0,4,0.0008163206512108445,0
molecola_29813,5,0,5,0.0014548440231010318,0
molecola_29813,6,0,6,0.021122736856341362,0
molecola_29813,7,0,7,0.0014548440231010318,0
molecola_29813,8,0,8,0.0008163206512108445,0
molecola_29813,9,1,9,0.9494680166244507,1
molecola_29813,10,0,10,0.009756211191415787,0
molecola_29813,11,1,11,0.9678456783294678,1
molecola_29813,12,1,12,0.9586177468299866,1
molecola_29813,13,1,13,0.9514835476875305,1
molecola_29970,1,0,1,0.010649486444890499,0
molecola_29970,2,1,2,0.8990973830223083,1
molecola_29970,3,0,3,0.010649486444890499,0
molecola_29970,4,0,4,0.010649486444890499,0
molecola_29970,5,1,5,0.9281598925590515,1
molecola_29970,6,1,6,0.9220856428146362,1
molecola_29970,7,1,7,0.8874291777610779,1
molecola_29970,8,0,8,0.020541226491332054,0
molecola_29970,9,0,9,0.0028591782320290804,0
molecola_29970,10,0,10,0.000956832489464432,0
molecola_29970,11,0,11,0.0009182163048535585,0
molecola_29970,12,0,12,0.001432274584658444,0
molecola_29970,13,0,13,0.000577955914195627,0
molecola_29970,14,0,14,0.0009182163048535585,0
molecola_29970,15,0,15,0.000956832489464432,0
molecola_29970,16,0,16,0.010364361107349396,0
molecola_29970,17,0,17,0.001916495617479086,0
molecola_29970,18,0,18,0.0018963838228955865,0
molecola_29970,19,0,19,0.0018671135185286403,0
molecola_29970,20,0,20,0.0008300589397549629,0
molecola_30005,1,0,1,0.003123130416497588,0
molecola_30005,2,1,2,0.9445206522941589,1
molecola_30005,3,0,3,0.0022831279784440994,0
molecola_30005,4,0,4,0.00015247684495989233,0
molecola_30005,5,0,5,0.00013094698078930378,0
molecola_30005,6,0,6,0.0031097636092454195,0
molecola_30005,7,0,7,0.00012404625886119902,0
molecola_30005,8,0,8,0.00013239802501630038,0
molecola_30005,9,0,9,0.00019669474568217993,0
molecola_30005,10,0,10,0.00014726273366250098,0
molecola_30005,11,0,11,0.00012954582052771002,0
molecola_30005,12,0,12,0.00017708587984088808,0
molecola_30005,13,0,13,0.0006010886863805354,0
molecola_30005,14,0,14,0.0005857908399775624,0
molecola_30005,15,0,15,0.00018380735127720982,0
molecola_30005,16,0,16,0.00013588958245236427,0
molecola_30005,17,0,17,0.00018219678895547986,0
molecola_30005,18,0,18,0.0001396065199514851,0
molecola_30005,19,0,19,0.0001503163657616824,0
molecola_30005,20,0,20,0.00015462544979527593,0
molecola_30005,21,1,21,0.9549226760864258,1
molecola_30005,22,1,22,0.9649202823638916,1
molecola_30005,23,1,23,0.9575105309486389,1
molecola_30336,1,0,1,0.00017680498422123492,0
molecola_30336,2,0,2,0.0002532336220610887,0
molecola_30336,3,0,3,0.001171888317912817,0
molecola_30336,4,0,4,0.0008973834337666631,0
molecola_30336,5,0,5,0.0006538977613672614,0
molecola_30336,6,0,6,0.0010563909308984876,0
molecola_30336,7,0,7,0.00024533510440960526,0
molecola_30336,8,0,8,0.0031949803233146667,0
molecola_30336,9,0,9,0.009628403931856155,0
molecola_30336,10,0,10,0.005316989496350288,0
molecola_30336,11,0,11,0.009438593871891499,0
molecola_30336,12,0,12,0.003415717277675867,0
molecola_30336,13,0,13,0.0002526143507566303,0
molecola_30336,14,0,14,0.0001604132994543761,0
molecola_30336,15,0,15,0.00016376125859096646,0
molecola_30336,16,0,16,0.00017569279589224607,0
molecola_30336,17,0,17,0.0015072369715198874,0
molecola_30336,18,1,18,0.9915235042572021,1
molecola_30336,19,1,19,0.9961962699890137,1
molecola_30336,20,0,20,0.005356780719012022,0
molecola_30336,21,0,21,0.009785862639546394,0
molecola_30336,22,0,22,0.0043368954211473465,0
molecola_30336,23,0,23,0.001793895149603486,0
molecola_30336,24,0,24,0.0015154472785070539,0
molecola_30336,25,0,25,0.0008753008441999555,0
molecola_30336,26,0,26,0.0009138018940575421,0
molecola_30336,27,0,27,0.0024846249725669622,0
molecola_30336,28,0,28,0.0020974003709852695,0
molecola_30336,29,0,29,0.002488901140168309,0
molecola_30336,30,0,30,0.0025426731444895267,0
molecola_30336,31,0,31,0.002488901140168309,0
molecola_30336,32,0,32,0.0020974003709852695,0
molecola_30336,33,0,33,0.0006465460755862296,0
molecola_30336,34,0,34,0.0015242209192365408,0
molecola_30336,35,0,35,0.0007980825030244887,0
molecola_3051,1,0,1,0.001002990989945829,0
molecola_3051,2,0,2,0.0018869908526539803,0
molecola_3051,3,0,3,0.0018264054087921977,0
molecola_3051,4,0,4,0.002561246044933796,0
molecola_3051,5,0,5,0.0037543061189353466,0
molecola_3051,6,0,6,0.001010559848509729,0
molecola_3051,7,0,7,0.001334459986537695,0
molecola_3051,8,0,8,0.00042877497617155313,0
molecola_3051,9,0,9,0.01266639307141304,0
molecola_3051,10,1,10,0.9978526830673218,1
molecola_3051,11,1,11,0.9992979764938354,1
molecola_3051,12,0,12,0.003557361662387848,0
molecola_3078,1,1,1,0.9985424280166626,1
molecola_3078,2,1,2,0.9955651164054871,1
molecola_3078,3,0,3,0.023049212992191315,0
molecola_3078,4,0,4,0.004347444046288729,0
molecola_3078,5,0,5,0.006723326165229082,0
molecola_3078,6,0,6,0.0041702184826135635,0
molecola_3078,7,0,7,0.0028088840190321207,0
molecola_3078,8,0,8,0.001510123023763299,0
molecola_3078,9,0,9,0.0014632598031312227,0
molecola_3078,10,0,10,0.001147298258729279,0
molecola_3078,11,0,11,0.0007376112625934184,0
molecola_3078,12,0,12,0.0008497429662384093,0
molecola_3078,13,0,13,0.0010560181690379977,0
molecola_3078,14,0,14,0.0005533458897843957,0
molecola_3078,15,0,15,0.000788703968282789,0
molecola_3078,16,0,16,0.0006982323830015957,0
molecola_3078,17,0,17,0.000788703968282789,0
molecola_3078,18,0,18,0.0005533458897843957,0
molecola_30846,1,0,1,0.00012963787594344467,0
molecola_30846,2,0,2,0.0001574124034959823,0
molecola_30846,3,0,3,0.00012683992099482566,0
molecola_30846,4,0,4,0.0001258550037164241,0
molecola_30846,5,0,5,0.00015565815556328744,0
molecola_30846,6,0,6,0.00013136507186573,0
molecola_30846,7,0,7,0.00012562623305711895,0
molecola_30846,8,0,8,0.0001378979504806921,0
molecola_30846,9,0,9,0.0006030411459505558,0
molecola_30846,10,0,10,0.0001668297336436808,0
molecola_30846,11,0,11,0.9407171607017517,1
molecola_30846,12,0,12,0.9490692019462585,1
molecola_30846,13,1,13,0.8555973768234253,1
molecola_30846,14,1,14,0.9014052748680115,1
molecola_30846,15,0,15,0.0056154364719986916,0
molecola_30846,16,0,16,0.0005546215688809752,0
molecola_30846,17,0,17,0.00015643575170543045,0
molecola_30846,18,0,18,0.00013595166092272848,0
molecola_30846,19,0,19,0.000144905352499336,0
molecola_30846,20,0,20,0.0027497238479554653,0
molecola_30846,21,0,21,0.0010265137534588575,0
molecola_30846,22,0,22,0.0021287885028868914,0
molecola_30846,23,0,23,0.0017389255808666348,0
molecola_30846,24,0,24,0.0017090995097532868,0
molecola_30846,25,0,25,0.024475611746311188,0
molecola_30846,26,0,26,0.0069315871223807335,0
molecola_30846,27,0,27,0.0061853001825511456,0
molecola_30846,28,0,28,0.00013480830239132047,0
molecola_30846,29,0,29,0.00012769742170348763,0
molecola_30846,30,0,30,0.000526817690115422,0
molecola_30846,31,0,31,0.0001444602821720764,0
molecola_30846,32,0,32,0.04823931306600571,0
molecola_30846,33,0,33,0.027363263070583344,0
molecola_30846,34,0,34,0.027363263070583344,0
molecola_30846,35,0,35,0.0006804161821492016,0
molecola_30846,36,0,36,0.00017226641648449004,0
molecola_30846,37,0,37,0.00013437413144856691,0
molecola_30997,1,0,1,0.00013999550719745457,0
molecola_30997,2,0,2,0.00042346390546299517,0
molecola_30997,3,0,3,0.00012799269461538643,0
molecola_30997,4,0,4,0.0001244165759999305,0
molecola_30997,5,0,5,0.0001550747692817822,0
molecola_30997,6,0,6,0.000144497214932926,0
molecola_30997,7,0,7,0.00012639439955819398,0
molecola_30997,8,0,8,0.00014351103163789958,0
molecola_30997,9,0,9,0.0011783913942053914,0
molecola_30997,10,0,10,0.0012765328865498304,0
molecola_30997,11,0,11,0.020605051890015602,0
molecola_30997,12,0,12,0.005969981197267771,0
molecola_30997,13,1,13,0.9763042330741882,1
molecola_30997,14,1,14,0.9678875803947449,1
molecola_30997,15,0,15,0.000540534034371376,0
molecola_30997,16,0,16,0.00013579412188846618,0
molecola_30997,17,0,17,0.00014387138071469963,0
molecola_30997,18,0,18,0.00012768659507855773,0
molecola_30997,19,0,19,0.0004893682198598981,0
molecola_30997,20,0,20,0.0015725056873634458,0
molecola_30997,21,0,21,0.0014681462198495865,0
molecola_30997,22,0,22,0.0012809071922674775,0
molecola_30997,23,0,23,0.0008635222911834717,0
molecola_30997,24,0,24,0.0019740061834454536,0
molecola_30997,25,0,25,0.0009698836365714669,0
molecola_30997,26,0,26,0.001773080904968083,0
molecola_30997,27,0,27,0.0008044883143156767,0
molecola_30997,28,0,28,0.0009589371038600802,0
molecola_30997,29,0,29,0.0015627972315996885,0
molecola_30997,30,0,30,0.0007688697660341859,0
molecola_30997,31,0,31,0.0005924211000092328,0
molecola_30997,32,0,32,0.0005924211000092328,0
molecola_30997,33,0,33,0.0005924211000092328,0
molecola_30997,34,0,34,0.0006734022754244506,0
molecola_30997,35,0,35,0.000554658065084368,0
molecola_30997,36,0,36,0.000554658065084368,0
molecola_30997,37,0,37,0.000554658065084368,0
molecola_31005,1,0,1,0.0001437058817828074,0
molecola_31005,2,0,2,0.00015765108400955796,0
molecola_31005,3,0,3,0.00018175019067712128,0
molecola_31005,4,0,4,0.006120399571955204,0
molecola_31005,5,1,5,0.9264125227928162,1
molecola_31005,6,0,6,0.025832610204815865,0
molecola_31005,7,0,7,0.025832610204815865,0
molecola_31005,8,1,8,0.9528025388717651,1
molecola_31005,9,1,9,0.938376247882843,1
molecola_31005,10,1,10,0.9388212561607361,1
molecola_31005,11,0,11,0.003950739745050669,0
molecola_31005,12,0,12,0.0027160674799233675,0
molecola_31005,13,0,13,0.0029716722201555967,0
molecola_31005,14,0,14,0.0001568010338814929,0
molecola_31005,15,0,15,0.953207790851593,1
molecola_31005,16,0,16,0.9630650877952576,1
molecola_31005,17,0,17,0.955485463142395,1
molecola_31005,18,0,18,0.945022463798523,1
molecola_31005,19,0,19,0.004270194564014673,0
molecola_31005,20,0,20,0.007295781746506691,0
molecola_31005,21,0,21,0.008163372986018658,0
molecola_31005,22,0,22,0.006427752319723368,0
molecola_31005,23,0,23,0.006427752319723368,0
molecola_31311,1,0,1,0.0013095482718199492,0
molecola_31311,2,0,2,0.0014978238614276052,0
molecola_31311,3,0,3,0.0012974913697689772,0
molecola_31311,4,0,4,0.0008427868015132844,0
molecola_31311,5,0,5,0.002208871068432927,0
molecola_31311,6,0,6,0.000991174834780395,0
molecola_31311,7,0,7,0.0016658653039485216,0
molecola_31311,8,0,8,0.019043684005737305,0
molecola_31311,9,0,9,0.020117947831749916,0
molecola_31311,10,0,10,0.01342209056019783,0
molecola_31311,11,1,11,0.875050961971283,1
molecola_31311,12,1,12,0.9196807742118835,1
molecola_31311,13,0,13,0.020335659384727478,0
molecola_31311,14,0,14,0.01570468209683895,0
molecola_31311,15,0,15,0.005116383545100689,0
molecola_31311,16,0,16,0.001335828215815127,0
molecola_31311,17,0,17,0.0009602814679965377,0
molecola_31311,18,0,18,0.0016444581560790539,0
molecola_31311,19,0,19,0.019007107242941856,0
molecola_31358,1,0,1,0.00011920553515665233,0
molecola_31358,2,0,2,0.0001312187232542783,0
molecola_31358,3,0,3,0.00011838066711788997,0
molecola_31358,4,0,4,0.00019911800336558372,0
molecola_31358,5,0,5,0.00407498050481081,0
molecola_31358,6,0,6,0.016363980248570442,0
molecola_31358,7,0,7,0.004021120257675648,0
molecola_31358,8,0,8,0.0008863908005878329,0
molecola_31358,9,0,9,0.0008188741048797965,0
molecola_31358,10,0,10,0.0007996450294740498,0
molecola_31358,11,0,11,0.0006153405411168933,0
molecola_31358,12,0,12,0.0009094402194023132,0
molecola_31358,13,0,13,0.00019720889395102859,0
molecola_31358,14,0,14,0.00026906991843134165,0
molecola_31358,15,0,15,0.003951876889914274,0
molecola_31358,16,0,16,0.024849388748407364,0
molecola_31358,17,1,17,0.9695318937301636,1
molecola_31358,18,1,18,0.9764912724494934,1
molecola_31358,19,0,19,0.008740701712667942,0
molecola_31358,20,0,20,0.006238204892724752,0
molecola_31358,21,0,21,0.01026003248989582,0
molecola_31358,22,0,22,0.00019911800336558372,0
molecola_31358,23,0,23,0.00011838066711788997,0
molecola_3164,1,0,1,0.00014394136087503284,0
molecola_3164,2,0,2,0.00021100150479469448,0
molecola_3164,3,0,3,0.00013349407527130097,0
molecola_3164,4,0,4,0.00012371421325951815,0
molecola_3164,5,0,5,0.00013362626486923546,0
molecola_3164,6,0,6,0.00019435321155469865,0
molecola_3164,7,0,7,0.00015718846407253295,0
molecola_3164,8,0,8,0.000171486652106978,0
molecola_3164,9,0,9,0.001346872071735561,0
molecola_3164,10,0,10,0.001902095740661025,0
molecola_3164,11,0,11,0.00905713438987732,0
molecola_3164,12,0,12,0.012556834146380424,0
molecola_3164,13,1,13,0.9808003902435303,1
molecola_3164,14,1,14,0.9801995754241943,1
molecola_3164,15,0,15,0.03116547130048275,0
molecola_3164,16,0,16,0.0015851831994950771,0
molecola_3164,17,0,17,0.0007313827518373728,0
molecola_31719,1,0,1,0.006375862751156092,0
molecola_31719,2,0,2,0.005781970452517271,0
molecola_31719,3,0,3,0.002503356197848916,0
molecola_31719,4,0,4,0.004409156274050474,0
molecola_31719,5,0,5,0.0033400102984160185,0
molecola_31719,6,0,6,0.007342781405895948,0
molecola_31719,7,0,7,0.008400551974773407,0
molecola_31719,8,0,8,0.005574168637394905,0
molecola_31719,9,0,9,0.0032162657007575035,0
molecola_31719,10,0,10,0.0050547076389193535,0
molecola_31719,11,0,11,0.000689170032273978,0
molecola_31719,12,0,12,0.0002127262414433062,0
molecola_31719,13,0,13,0.0015298686921596527,0
molecola_31719,14,1,14,0.9915235042572021,1
molecola_31719,15,1,15,0.9961962699890137,1
molecola_31719,16,0,16,0.00086191640002653,0
molecola_31719,17,0,17,0.0009448769269511104,0
molecola_31719,18,0,18,0.014996535144746304,0
molecola_31719,19,0,19,0.0016813210677355528,0
molecola_31719,20,0,20,0.9900199174880981,1
molecola_31719,21,0,21,0.9874568581581116,1
molecola_31719,22,0,22,0.007622425444424152,0
molecola_31719,23,0,23,0.001088953809812665,0
molecola_31719,24,0,24,0.0013605502899736166,0
molecola_31719,25,0,25,0.0057066865265369415,0
molecola_31719,26,0,26,0.002643595915287733,0
molecola_31719,27,0,27,0.005663624033331871,0
molecola_31719,28,0,28,0.0011083753779530525,0
molecola_31719,29,0,29,0.0008329929551109672,0
molecola_31719,30,0,30,0.0007022034842520952,0
molecola_31719,31,0,31,0.0008329929551109672,0
molecola_31719,32,0,32,0.0011083753779530525,0
molecola_31719,33,0,33,0.0013605502899736166,0
molecola_31719,34,0,34,0.001088953809812665,0
molecola_31796,1,0,1,0.00022866141807753593,0
molecola_31796,2,0,2,0.00036085190367884934,0
molecola_31796,3,0,3,0.00044718070421367884,0
molecola_31796,4,0,4,0.00044718070421367884,0
molecola_31796,5,0,5,0.00017875897174235433,0
molecola_31796,6,0,6,0.00013046403182670474,0
molecola_31796,7,0,7,0.00015890038048382849,0
molecola_31796,8,0,8,0.00042004731949418783,0
molecola_31796,9,0,9,0.00019262233399786055,0
molecola_31796,10,0,10,0.00018457746773492545,0
molecola_31796,11,0,11,0.00021727308921981603,0
molecola_31796,12,0,12,0.0048719048500061035,0
molecola_31796,13,0,13,0.001979305176064372,0
molecola_31796,14,0,14,0.0037719786632806063,0
molecola_31796,15,0,15,0.023720361292362213,0
molecola_31796,16,1,16,0.9978679418563843,1
molecola_31796,17,1,17,0.9993038177490234,1
molecola_31796,18,0,18,0.0017237163847312331,0
molecola_31796,19,0,19,0.025888947769999504,0
molecola_31796,20,0,20,0.9027371406555176,1
molecola_31796,21,0,21,0.37257009744644165,0
molecola_31796,22,0,22,0.9301706552505493,1
molecola_31796,23,0,23,0.0018455461831763387,0
molecola_31796,24,0,24,0.0015164981596171856,0
molecola_31796,25,0,25,0.0008810494327917695,0
molecola_31796,26,0,26,0.000854461221024394,0
molecola_31796,27,0,27,0.0001799759775167331,0
molecola_31796,28,0,28,0.00015888357302173972,0
molecola_3194,1,0,1,0.0018830675398930907,0
molecola_3194,2,0,2,0.0032021135557442904,0
molecola_3194,3,0,3,0.0011455389903858304,0
molecola_3194,4,0,4,0.0009692106395959854,0
molecola_3194,5,0,5,0.00206809607334435,0
molecola_3194,6,0,6,0.0005423648399300873,0
molecola_3194,7,0,7,0.00054357381304726,0
molecola_3194,8,0,8,0.00036242572241462767,0
molecola_3194,9,0,9,0.00036242572241462767,0
molecola_3194,10,0,10,0.00036242572241462767,0
molecola_3194,11,0,11,0.0016350579680874944,0
molecola_3194,12,0,12,0.01266009733080864,0
molecola_3194,13,1,13,0.9588755965232849,1
molecola_3194,14,1,14,0.9644874334335327,1
molecola_32370,1,0,1,0.00019816077838186175,0
molecola_32370,2,0,2,0.0003640590002760291,0
molecola_32370,3,0,3,0.00019816077838186175,0
molecola_32370,4,0,4,0.0006569714169017971,0
molecola_32370,5,0,5,0.010105987079441547,0
molecola_32370,6,0,6,0.0014142029685899615,0
molecola_32370,7,0,7,0.0013732289662584662,0
molecola_32370,8,0,8,0.012453792616724968,0
molecola_32370,9,0,9,0.009617533534765244,0
molecola_32370,10,0,10,0.012397672981023788,0
molecola_32370,11,0,11,0.020487090572714806,0
molecola_32370,12,0,12,0.007351534906774759,0
molecola_32370,13,0,13,0.023716893047094345,0
molecola_32370,14,0,14,0.008723057806491852,0
molecola_32370,15,0,15,0.02483043447136879,0
molecola_32370,16,0,16,0.024636130779981613,0
molecola_32370,17,0,17,0.009464111179113388,0
molecola_32370,18,0,18,0.011131188832223415,0
molecola_32370,19,0,19,0.0012783452402800322,0
molecola_32370,20,0,20,0.0014794095186516643,0
molecola_32370,21,0,21,0.012187385931611061,0
molecola_32370,22,0,22,0.01624339632689953,0
molecola_32370,23,1,23,0.950556755065918,1
molecola_32370,24,1,24,0.9657019972801208,1
molecola_32370,25,0,25,0.007163511589169502,0
molecola_32370,26,0,26,0.0008925964357331395,0
molecola_32370,27,0,27,0.015245679765939713,0
molecola_32887,1,0,1,0.00026513246120885015,0
molecola_32887,2,0,2,0.008347604423761368,0
molecola_32887,3,0,3,0.9263296723365784,1
molecola_32887,4,0,4,0.9217316508293152,1
molecola_32887,5,0,5,0.0019849713426083326,0
molecola_32887,6,0,6,0.00015214730228763074,0
molecola_32887,7,0,7,0.00011796328908530995,0
molecola_32887,8,0,8,0.0001397356973029673,0
molecola_32887,9,0,9,0.00013032378046773374,0
molecola_32887,10,0,10,0.0005631756503134966,0
molecola_32887,11,0,11,0.00018489753711037338,0
molecola_32887,12,0,12,0.0008356148027814925,0
molecola_32887,13,0,13,0.0007185150752775371,0
molecola_32887,14,0,14,0.0009714608313515782,0
molecola_32887,15,0,15,0.001502685365267098,0
molecola_32887,16,0,16,0.00026203037123195827,0
molecola_32887,17,0,17,0.00017693651898298413,0
molecola_32887,18,0,18,0.0017285986104980111,0
molecola_32887,19,0,19,0.0026278768200427294,0
molecola_32887,20,0,20,0.0010583148105069995,0
molecola_32887,21,0,21,0.9639682769775391,1
molecola_32887,22,0,22,0.972903311252594,1
molecola_32887,23,1,23,0.921963632106781,1
molecola_32887,24,1,24,0.943857729434967,1
molecola_32928,1,0,1,0.0013101889053359628,0
molecola_32928,2,0,2,0.0015001505380496383,0
molecola_32928,3,0,3,0.0012979938182979822,0
molecola_32928,4,0,4,0.0008423809777013958,0
molecola_32928,5,0,5,0.0021207155659794807,0
molecola_32928,6,0,6,0.0009801134001463652,0
molecola_32928,7,0,7,0.0007981627713888884,0
molecola_32928,8,0,8,0.0012674609897658229,0
molecola_32928,9,0,9,0.000301138439681381,0
molecola_32928,10,0,10,0.0008786144317127764,0
molecola_32928,11,0,11,0.001883234246633947,0
molecola_32928,12,0,12,0.0010856991866603494,0
molecola_32928,13,0,13,0.000980765325948596,0
molecola_32928,14,0,14,0.0016339132562279701,0
molecola_32928,15,0,15,0.0013427940430119634,0
molecola_32928,16,0,16,0.0008750060223974288,0
molecola_32928,17,0,17,0.002200875198468566,0
molecola_32928,18,0,18,0.000989736756309867,0
molecola_32928,19,0,19,0.0009412576910108328,0
molecola_32928,20,0,20,0.009060951881110668,0
molecola_32928,21,1,21,0.9978526830673218,1
molecola_32928,22,1,22,0.9992979764938354,1
molecola_32928,23,0,23,0.0015007456531748176,0
molecola_32928,24,0,24,0.0008905465947464108,0
molecola_32928,25,0,25,0.0007603596895933151,0
molecola_32928,26,0,26,0.000592132331803441,0
molecola_32928,27,0,27,0.000592132331803441,0
molecola_32928,28,0,28,0.000592132331803441,0
molecola_32928,29,0,29,0.0007981627713888884,0
molecola_32928,30,0,30,0.0009801134001463652,0
molecola_32977,1,0,1,0.00017659353034105152,0
molecola_32977,2,0,2,0.0002501354902051389,0
molecola_32977,3,0,3,0.0013062447542324662,0
molecola_32977,4,0,4,0.0010658618994057178,0
molecola_32977,5,0,5,0.08813189715147018,0
molecola_32977,6,1,6,0.990851104259491,1
molecola_32977,7,1,7,0.9908007979393005,1
molecola_32977,8,0,8,0.03814554587006569,0
molecola_32977,9,0,9,0.010423924773931503,0
molecola_32977,10,0,10,0.010423924773931503,0
molecola_32977,11,0,11,0.001297150389291346,0
molecola_32977,12,0,12,0.0008996992255561054,0
molecola_32977,13,0,13,0.0010345387272536755,0
molecola_32977,14,0,14,0.0002951664209831506,0
molecola_32977,15,0,15,0.0005664898199029267,0
molecola_32977,16,0,16,0.010866152122616768,0
molecola_32977,17,0,17,0.006810162682086229,0
molecola_32977,18,0,18,0.01184001937508583,0
molecola_32977,19,0,19,0.0016291429055854678,0
molecola_32977,20,0,20,0.012031404301524162,0
molecola_32977,21,0,21,0.0016340820584446192,0
molecola_32977,22,0,22,0.006955223623663187,0
molecola_32977,23,0,23,0.011898994445800781,0
molecola_32977,24,0,24,0.0016132548917084932,0
molecola_33672,1,0,1,0.24243631958961487,0
molecola_33672,2,1,2,0.8442481756210327,1
molecola_33672,3,1,3,0.8046560287475586,1
molecola_33672,4,0,4,0.9700217247009277,1
molecola_33672,5,0,5,0.9708502292633057,1
molecola_33672,6,0,6,0.9488356709480286,1
molecola_33672,7,0,7,0.9346030354499817,1
molecola_33672,8,0,8,0.020032482221722603,0
molecola_33672,9,0,9,0.9190104603767395,1
molecola_33672,10,0,10,0.9335945248603821,1
molecola_33672,11,0,11,0.007055047899484634,0
molecola_33672,12,0,12,0.00059520109789446,0
molecola_33672,13,0,13,0.0005648975493386388,0
molecola_33672,14,0,14,0.0012777871452271938,0
molecola_33672,15,0,15,0.00020857261552009732,0
molecola_33672,16,0,16,0.00020857261552009732,0
molecola_34063,1,0,1,0.10324527323246002,0
molecola_34063,2,0,2,0.49539658427238464,0
molecola_34063,3,0,3,0.10324527323246002,0
molecola_34063,4,1,4,0.9731689095497131,1
molecola_34063,5,1,5,0.9659892320632935,1
molecola_34063,6,0,6,0.07415669411420822,0
molecola_34063,7,0,7,0.011895861476659775,0
molecola_34063,8,0,8,0.0010920739732682705,0
molecola_34063,9,0,9,0.0016532784793525934,0
molecola_34063,10,0,10,0.0010920739732682705,0
molecola_34063,11,0,11,0.011895861476659775,0
molecola_34063,12,0,12,0.0012439306592568755,0
molecola_34063,13,0,13,0.0008127851760946214,0
molecola_34063,14,0,14,0.000816059298813343,0
molecola_34063,15,0,15,0.0008336047758348286,0
molecola_34063,16,0,16,0.0008762141806073487,0
molecola_34063,17,0,17,0.0014632332604378462,0
molecola_34063,18,0,18,0.0007810262613929808,0
molecola_34083,1,0,1,0.0001770945091266185,0
molecola_34083,2,0,2,0.00023825894459150732,0
molecola_34083,3,0,3,0.001698345527984202,0
molecola_34083,4,0,4,0.0007035438902676105,0
molecola_34083,5,0,5,0.0009574088617227972,0
molecola_34083,6,0,6,0.0005870157037861645,0
molecola_34083,7,0,7,0.0013548447750508785,0
molecola_34083,8,0,8,0.0016667790478095412,0
molecola_34083,9,1,9,0.9905162453651428,1
molecola_34083,10,1,10,0.9956728219985962,1
molecola_34083,11,0,11,0.0005660550086759031,0
molecola_34099,1,0,1,0.0001466101239202544,0
molecola_34099,2,0,2,0.00018538866424933076,0
molecola_34099,3,0,3,0.0001466101239202544,0
molecola_34099,4,0,4,0.000201077971723862,0
molecola_34099,5,0,5,0.025461316108703613,0
molecola_34099,6,1,6,0.9902926683425903,1
molecola_34099,7,1,7,0.981246292591095,1
molecola_34099,8,0,8,0.0024142449256032705,0
molecola_34099,9,0,9,0.05302518978714943,0
molecola_34099,10,0,10,0.0013747932389378548,0
molecola_34099,11,0,11,0.0008288464741781354,0
molecola_34099,12,0,12,0.0014066911535337567,0
molecola_34099,13,0,13,0.026984989643096924,0
molecola_34099,14,0,14,0.04397454857826233,0
molecola_34099,15,1,15,0.973991870880127,1
molecola_34099,16,1,16,0.9716327786445618,1
molecola_34099,17,1,17,0.9786737561225891,1
molecola_34099,18,1,18,0.9722485542297363,1
molecola_34124,1,1,1,0.9782222509384155,1
molecola_34124,2,1,2,0.9719316363334656,1
molecola_34124,3,0,3,0.011219464242458344,0
molecola_34124,4,0,4,0.001323021831922233,0
molecola_34124,5,0,5,0.0006837355904281139,0
molecola_34124,6,0,6,0.0009297192445956171,0
molecola_34124,7,0,7,0.00020553142530843616,0
molecola_34124,8,0,8,0.00015775859355926514,0
molecola_34124,9,0,9,0.00012846465688198805,0
molecola_34124,10,0,10,0.0001380957110086456,0
molecola_34124,11,0,11,0.00010604077397147194,0
molecola_34124,12,0,12,0.00010348064097343013,0
molecola_34124,13,0,13,0.00011212285608053207,0
molecola_34124,14,0,14,0.00010348064097343013,0
molecola_34124,15,0,15,0.00010604077397147194,0
molecola_34124,16,0,16,0.0006837355904281139,0
molecola_34124,17,0,17,0.001323021831922233,0
molecola_3446,1,0,1,0.00015223307127598673,0
molecola_3446,2,0,2,0.00013133363972883672,0
molecola_3446,3,0,3,0.0001259965792996809,0
molecola_3446,4,0,4,0.00012752244947478175,0
molecola_3446,5,0,5,0.00020160936401225626,0
molecola_3446,6,0,6,0.00015908837667666376,0
molecola_3446,7,0,7,0.0001566465216455981,0
molecola_3446,8,0,8,0.0001427475654054433,0
molecola_3446,9,0,9,0.0001371190883219242,0
molecola_3446,10,0,10,0.00013385110651142895,0
molecola_3446,11,0,11,0.00013309268979355693,0
molecola_3446,12,0,12,0.0011147211771458387,0
molecola_3446,13,0,13,0.002370249480009079,0
molecola_3446,14,0,14,0.0018911121878772974,0
molecola_3446,15,0,15,0.0017696492141112685,0
molecola_3446,16,0,16,0.01501091942191124,0
molecola_3446,17,0,17,0.003038504160940647,0
molecola_3446,18,0,18,0.015225718729197979,0
molecola_3446,19,1,19,0.9299270510673523,1
molecola_3446,20,1,20,0.9551771283149719,1
molecola_3446,21,0,21,0.007360353600233793,0
molecola_3446,22,0,22,0.0007527170237153769,0
molecola_3446,23,0,23,0.0003603498334996402,0
molecola_3446,24,0,24,0.009286539629101753,0
molecola_3446,25,0,25,0.0008946130983531475,0
molecola_3446,26,0,26,0.0006866218172945082,0
molecola_3446,27,0,27,0.0008934089564718306,0
molecola_3446,28,0,28,0.0029749248642474413,0
molecola_3446,29,0,29,0.001317954040132463,0
molecola_3446,30,0,30,0.0008934089564718306,0
molecola_3446,31,0,31,0.0006866218172945082,0
molecola_34521,1,0,1,0.0005840728990733624,0
molecola_34521,2,0,2,0.001628573634661734,0
molecola_34521,3,0,3,0.0014757236931473017,0
molecola_34521,4,0,4,0.014227420091629028,0
molecola_34521,5,0,5,0.01783723197877407,0
molecola_34521,6,1,6,0.8751051425933838,1
molecola_34521,7,1,7,0.9196230173110962,1
molecola_34521,8,0,8,0.017892450094223022,0
molecola_34521,9,0,9,0.013686715625226498,0
molecola_34521,10,0,10,0.0013376710703596473,0
molecola_34521,11,0,11,0.000836213759612292,0
molecola_34521,12,0,12,0.0011314243311062455,0
molecola_34521,13,0,13,0.013010579161345959,0
molecola_34521,14,0,14,0.0005179289146326482,0
molecola_34521,15,0,15,0.0005267704837024212,0
molecola_34521,16,0,16,0.0006101784529164433,0
molecola_34521,17,0,17,0.0006101784529164433,0
molecola_34521,18,0,18,0.011374431662261486,0
molecola_34521,19,0,19,0.0011049880413338542,0
molecola_34568,1,0,1,0.00011841567174997181,0
molecola_34568,2,0,2,0.00011894121416844428,0
molecola_34568,3,0,3,0.00013751570077147335,0
molecola_34568,4,0,4,0.0009405401069670916,0
molecola_34568,5,0,5,0.0006287312717176974,0
molecola_34568,6,0,6,0.0006873590173199773,0
molecola_34568,7,0,7,0.0011256341822445393,0
molecola_34568,8,0,8,0.0012086073402315378,0
molecola_34568,9,0,9,0.000642934872303158,0
molecola_34568,10,0,10,0.0022458417806774378,0
molecola_34568,11,0,11,0.0012799095129594207,0
molecola_34568,12,0,12,0.006982907187193632,0
molecola_34568,13,0,13,0.03081488609313965,0
molecola_34568,14,0,14,0.01336670108139515,0
molecola_34568,15,1,15,0.035658638924360275,0
molecola_34568,16,0,16,0.03182177618145943,0
molecola_34568,17,0,17,0.036623381078243256,0
molecola_34568,18,0,18,0.004237239249050617,0
molecola_34568,19,1,19,0.9669691324234009,1
molecola_34568,20,1,20,0.9749746918678284,1
molecola_34568,21,1,21,0.1821209043264389,0
molecola_34568,22,0,22,0.025632580742239952,0
molecola_34568,23,0,23,0.007883520796895027,0
molecola_34568,24,0,24,0.002631876617670059,0
molecola_34633,1,0,1,0.0006649049464613199,0
molecola_34633,2,0,2,0.0009971960680559278,0
molecola_34633,3,0,3,0.0006649049464613199,0
molecola_34633,4,0,4,0.002768367063254118,0
molecola_34633,5,0,5,0.002551684156060219,0
molecola_34633,6,0,6,0.003970781806856394,0
molecola_34633,7,0,7,0.006555839907377958,0
molecola_34633,8,0,8,0.016991401091217995,0
molecola_34633,9,0,9,0.009746633470058441,0
molecola_34633,10,0,10,0.005249854177236557,0
molecola_34633,11,0,11,0.01205133181065321,0
molecola_34633,12,0,12,0.010132262483239174,0
molecola_34633,13,0,13,0.011157889850437641,0
molecola_34633,14,0,14,0.0038678732234984636,0
molecola_34633,15,0,15,0.0010119500802829862,0
molecola_34633,16,0,16,0.005689563695341349,0
molecola_34633,17,0,17,0.0030248898547142744,0
molecola_34633,18,0,18,0.004249878693372011,0
molecola_34633,19,0,19,0.0004462198412511498,0
molecola_34633,20,0,20,0.00016678328393027186,0
molecola_34633,21,0,21,0.0001375492720399052,0
molecola_34633,22,0,22,0.00013193261111155152,0
molecola_34633,23,0,23,0.002344856271520257,0
molecola_34633,24,1,24,0.9908236265182495,1
molecola_34633,25,1,25,0.9957713484764099,1
molecola_34633,26,0,26,0.0067419493570923805,0
molecola_34633,27,0,27,0.01718595251441002,0
molecola_34633,28,0,28,0.010024746879935265,0
molecola_34633,29,0,29,0.0008217741269618273,0
molecola_34633,30,0,30,0.0001726712944218889,0
molecola_34633,31,0,31,0.00012503002653829753,0
molecola_34633,32,0,32,0.00012503002653829753,0
molecola_34633,33,0,33,0.0001726712944218889,0
molecola_34741,1,0,1,0.010231822729110718,0
molecola_34741,2,1,2,0.9803174734115601,1
molecola_34741,3,1,3,0.9903668165206909,1
molecola_34741,4,0,4,0.005406138487160206,0
molecola_34741,5,0,5,0.0011720345355570316,0
molecola_34741,6,0,6,0.004554870538413525,0
molecola_34741,7,0,7,0.0009506113710813224,0
molecola_34741,8,0,8,0.008351173251867294,0
molecola_34741,9,0,9,0.006371801253408194,0
molecola_34741,10,0,10,0.006371801253408194,0
molecola_35172,1,0,1,0.0001949608704308048,0
molecola_35172,2,0,2,0.0002863079134840518,0
molecola_35172,3,0,3,0.003161443630233407,0
molecola_35172,4,0,4,0.0025676004588603973,0
molecola_35172,5,0,5,0.00536053441464901,0
molecola_35172,6,0,6,0.005792571697384119,0
molecola_35172,7,0,7,0.0026642794255167246,0
molecola_35172,8,0,8,0.002347666770219803,0
molecola_35172,9,0,9,0.003434656420722604,0
molecola_35172,10,0,10,0.001927376608364284,0
molecola_35172,11,0,11,0.0017808633856475353,0
molecola_35172,12,0,12,0.0013868679525330663,0
molecola_35172,13,0,13,0.0008458327502012253,0
molecola_35172,14,0,14,0.0011365836253389716,0
molecola_35172,15,0,15,0.0003109453245997429,0
molecola_35172,16,0,16,0.0002927079040091485,0
molecola_35172,17,0,17,0.0001762802858138457,0
molecola_35172,18,0,18,0.00015406076272483915,0
molecola_35172,19,0,19,0.00011835007171612233,0
molecola_35172,20,0,20,0.00016293561202473938,0
molecola_35172,21,0,21,0.0007073463057167828,0
molecola_35172,22,0,22,0.0006011915393173695,0
molecola_35172,23,0,23,0.0007966490811668336,0
molecola_35172,24,0,24,0.0007955525070428848,0
molecola_35172,25,0,25,0.0005967403994873166,0
molecola_35172,26,0,26,0.0007058002520352602,0
molecola_35172,27,0,27,0.00016665675502736121,0
molecola_35172,28,1,28,0.9902313351631165,1
molecola_35172,29,1,29,0.9950643181800842,1
molecola_3522,1,1,1,0.9512795805931091,1
molecola_3522,2,1,2,0.9705276489257812,1
molecola_3522,3,1,3,0.9615302085876465,1
molecola_3522,4,1,4,0.9597026109695435,1
molecola_3522,5,0,5,0.00648934580385685,0
molecola_3522,6,0,6,0.0006690921145491302,0
molecola_3522,7,0,7,0.0011304300278425217,0
molecola_3522,8,0,8,0.0002846978313755244,0
molecola_3522,9,0,9,0.0006607679533772171,0
molecola_3522,10,0,10,0.0009085005149245262,0
molecola_3522,11,0,11,0.000622897467110306,0
molecola_3522,12,0,12,0.0008835874614305794,0
molecola_3522,13,0,13,0.00024457910330966115,0
molecola_3522,14,0,14,0.00020762320491485298,0
molecola_35422,1,0,1,0.00017709500389173627,0
molecola_35422,2,0,2,0.00023838324705138803,0
molecola_35422,3,0,3,0.001588881597854197,0
molecola_35422,4,0,4,0.0008766784449107945,0
molecola_35422,5,0,5,0.0020633216481655836,0
molecola_35422,6,0,6,0.00534482765942812,0
molecola_35422,7,0,7,0.00352463242597878,0
molecola_35422,8,0,8,0.0008181658922694623,0
molecola_35422,9,0,9,0.018946396186947823,0
molecola_35422,10,0,10,0.014695892110466957,0
molecola_35422,11,0,11,0.011752174235880375,0
molecola_35422,12,0,12,0.00886951107531786,0
molecola_35422,13,0,13,0.00886951107531786,0
molecola_35422,14,0,14,0.004238629713654518,0
molecola_35422,15,0,15,0.0008385972469113767,0
molecola_35422,16,0,16,0.0032813092693686485,0
molecola_35422,17,0,17,0.06462416797876358,0
molecola_35422,18,0,18,0.021890724077820778,0
molecola_35422,19,1,19,0.9888517260551453,1
molecola_35422,20,1,20,0.9898155927658081,1
molecola_35422,21,0,21,0.09226490557193756,0
molecola_35422,22,0,22,0.0010619992390275002,0
molecola_35422,23,0,23,0.0008214492117986083,0
molecola_35422,24,0,24,0.0007018074975349009,0
molecola_35422,25,0,25,0.0008214492117986083,0
molecola_35422,26,0,26,0.0010619992390275002,0
molecola_35464,1,0,1,0.00016074356972239912,0
molecola_35464,2,0,2,0.0002185181510867551,0
molecola_35464,3,0,3,0.00016074356972239912,0
molecola_35464,4,0,4,0.00015815939696040004,0
molecola_35464,5,0,5,0.00019717506074812263,0
molecola_35464,6,0,6,0.0002670682151801884,0
molecola_35464,7,0,7,0.0002838625223375857,0
molecola_35464,8,0,8,0.0002125851169694215,0
molecola_35464,9,0,9,0.00032552765333093703,0
molecola_35464,10,0,10,0.003041835268959403,0
molecola_35464,11,0,11,0.0011384679237380624,0
molecola_35464,12,0,12,0.0011422471143305302,0
molecola_35464,13,0,13,0.0024377331137657166,0
molecola_35464,14,0,14,0.0019253193167969584,0
molecola_35464,15,0,15,0.005390109494328499,0
molecola_35464,16,0,16,0.01593826524913311,0
molecola_35464,17,0,17,0.03416974097490311,0
molecola_35464,18,0,18,0.014500751160085201,0
molecola_35464,19,0,19,0.009062344208359718,0
molecola_35464,20,1,20,0.9665462970733643,1
molecola_35464,21,1,21,0.9720624089241028,1
molecola_35464,22,0,22,0.350386381149292,0
molecola_3550,1,1,1,0.9950906038284302,1
molecola_3550,2,1,2,0.9898632764816284,1
molecola_3550,3,0,3,0.001287182909436524,0
molecola_3550,4,0,4,0.0006758089875802398,0
molecola_3550,5,0,5,0.0006871380028314888,0
molecola_3550,6,0,6,0.0010936195030808449,0
molecola_3550,7,0,7,0.0012147085508331656,0
molecola_3550,8,0,8,0.000671026180498302,0
molecola_3550,9,0,9,0.0022338032722473145,0
molecola_3550,10,0,10,0.001115770312026143,0
molecola_3550,11,0,11,0.0011163837043568492,0
molecola_3550,12,0,12,0.002524422947317362,0
molecola_3550,13,0,13,0.0011163837043568492,0
molecola_3550,14,0,14,0.001115770312026143,0
molecola_3550,15,0,15,0.0010512807639315724,0
molecola_3550,16,0,16,0.0006726200808770955,0
molecola_3550,17,0,17,0.00012063560279784724,0
molecola_3550,18,0,18,0.00031331731588579714,0
molecola_3550,19,0,19,0.001820721197873354,0
molecola_3550,20,0,20,0.0024596727453172207,0
molecola_3550,21,0,21,0.003135448321700096,0
molecola_35528,1,0,1,0.0001766726782079786,0
molecola_35528,2,0,2,0.0002520573907531798,0
molecola_35528,3,0,3,0.0015238502528518438,0
molecola_35528,4,0,4,0.0011909049935638905,0
molecola_35528,5,0,5,0.05679711699485779,0
molecola_35528,6,0,6,0.13723920285701752,0
molecola_35528,7,0,7,0.22362756729125977,0
molecola_35528,8,1,8,0.9645360708236694,1
molecola_35528,9,1,9,0.9727793335914612,1
molecola_35528,10,0,10,0.7855101823806763,1
molecola_35528,11,0,11,0.70394366979599,1
molecola_35528,12,0,12,0.013097039423882961,0
molecola_35528,13,0,13,0.001195091987028718,0
molecola_35528,14,0,14,0.0009837271645665169,0
molecola_35528,15,0,15,0.0006679950165562332,0
molecola_35528,16,0,16,0.0008931689662858844,0
molecola_35528,17,0,17,0.0029732000548392534,0
molecola_35528,18,0,18,0.0013177772052586079,0
molecola_35528,19,0,19,0.0008931689662858844,0
molecola_35528,20,0,20,0.0006679950165562332,0
molecola_35528,21,0,21,0.0014717485755681992,0
molecola_35528,22,0,22,0.0011290061520412564,0
molecola_35528,23,0,23,0.001965875504538417,0
molecola_35528,24,0,24,0.001874297857284546,0
molecola_35548,1,0,1,0.00012934289406985044,0
molecola_35548,2,0,2,0.00032657990232110023,0
molecola_35548,3,0,3,0.005546262953430414,0
molecola_35548,4,1,4,0.96468186378479,1
molecola_35548,5,1,5,0.9732984304428101,1
molecola_35548,6,0,6,0.009197412990033627,0
molecola_35548,7,0,7,0.005579851102083921,0
molecola_35548,8,0,8,0.0011410607257857919,0
molecola_35548,9,0,9,0.003013807348906994,0
molecola_35548,10,0,10,0.0013178425142541528,0
molecola_35548,11,0,11,0.0011410607257857919,0
molecola_35548,12,0,12,0.005579851102083921,0
molecola_35832,1,0,1,0.0059745050966739655,0
molecola_35832,2,1,2,0.9267871379852295,1
molecola_35832,3,0,3,0.003856603754684329,0
molecola_35832,4,0,4,0.00013621377001982182,0
molecola_35832,5,0,5,0.00015448294288944453,0
molecola_35832,6,0,6,0.00015240909124258906,0
molecola_35832,7,0,7,0.0001266791659872979,0
molecola_35832,8,0,8,0.0001285020262002945,0
molecola_35832,9,0,9,0.00015902072482276708,0
molecola_35832,10,0,10,0.0001512895687483251,0
molecola_35832,11,0,11,0.0028275803197175264,0
molecola_35832,12,1,12,0.965596079826355,1
molecola_35832,13,1,13,0.9526963829994202,1
molecola_35832,14,0,14,0.025329934433102608,0
molecola_35832,15,0,15,0.00022838558652438223,0
molecola_35832,16,0,16,0.0001374733546981588,0
molecola_35832,17,1,17,0.6776642799377441,1
molecola_35832,18,0,18,0.04714251309633255,0
molecola_35832,19,0,19,0.17752321064472198,0
molecola_35832,20,0,20,0.003891882486641407,0
molecola_35832,21,0,21,0.002867150353267789,0
molecola_35832,22,1,22,0.9339912533760071,1
molecola_35832,23,1,23,0.9441118836402893,1
molecola_35832,24,1,24,0.9295184016227722,1
molecola_3593,1,1,1,0.9782258868217468,1
molecola_3593,2,1,2,0.9719317555427551,1
molecola_3593,3,0,3,0.01151237078011036,0
molecola_3593,4,0,4,0.0012194935698062181,0
molecola_3593,5,0,5,0.0009768533054739237,0
molecola_3593,6,0,6,0.0005710804834961891,0
molecola_3593,7,0,7,0.001183479791507125,0
molecola_3593,8,0,8,0.00028169332654215395,0
molecola_3593,9,0,9,0.002825760515406728,0
molecola_3593,10,0,10,0.0026594665832817554,0
molecola_3593,11,0,11,0.00291751092299819,0
molecola_3593,12,0,12,0.004858498461544514,0
molecola_3593,13,0,13,0.0023032771423459053,0
molecola_3593,14,0,14,0.0009068975341506302,0
molecola_3593,15,0,15,0.0008309206459671259,0
molecola_3593,16,0,16,0.0008455370552837849,0
molecola_3593,17,0,17,0.0038424194790422916,0
molecola_3593,18,0,18,0.0008750861743465066,0
molecola_3611,1,0,1,0.00017504517745692283,0
molecola_3611,2,0,2,0.001030905288644135,0
molecola_3611,3,0,3,0.00014387027476914227,0
molecola_3611,4,0,4,0.00012326074647717178,0
molecola_3611,5,0,5,0.00014387027476914227,0
molecola_3611,6,0,6,0.001030905288644135,0
molecola_3611,7,0,7,0.00017504517745692283,0
molecola_3611,8,0,8,0.0009300319943577051,0
molecola_3611,9,0,9,0.0024146123323589563,0
molecola_3611,10,0,10,0.001866659615188837,0
molecola_3611,11,0,11,0.0025809432845562696,0
molecola_3611,12,0,12,0.003273606300354004,0
molecola_3611,13,0,13,0.0012178440811112523,0
molecola_3611,14,0,14,0.0012144014472141862,0
molecola_3611,15,0,15,0.01409748662263155,0
molecola_3611,16,1,16,0.9719313383102417,1
molecola_3611,17,1,17,0.9782258868217468,1
molecola_3611,18,0,18,0.0037042282056063414,0
molecola_36160,1,0,1,0.0027514344546943903,0
molecola_36160,2,0,2,0.009058521129190922,0
molecola_36160,3,0,3,0.001515217823907733,0
molecola_36160,4,0,4,0.0009989871177822351,0
molecola_36160,5,0,5,0.002163795754313469,0
molecola_36160,6,0,6,0.0007236255332827568,0
molecola_36160,7,0,7,0.005772740114480257,0
molecola_36160,8,0,8,0.008168431930243969,0
molecola_36160,9,1,9,0.8858306407928467,1
molecola_36160,10,1,10,0.8913999199867249,1
molecola_36160,11,0,11,0.010909853503108025,0
molecola_36160,12,0,12,0.006063292268663645,0
molecola_36160,13,0,13,0.0011906594736501575,0
molecola_36160,14,0,14,0.001988356001675129,0
molecola_36160,15,0,15,0.0030693132430315018,0
molecola_36160,16,0,16,0.004360574763268232,0
molecola_36509,1,0,1,0.00014213933900464326,0
molecola_36509,2,0,2,0.00017026792920660228,0
molecola_36509,3,0,3,0.0006875254330225289,0
molecola_36509,4,0,4,0.003664056770503521,0
molecola_36509,5,0,5,0.0004340051091276109,0
molecola_36509,6,0,6,0.0001225327723659575,0
molecola_36509,7,0,7,0.00012139582395320758,0
molecola_36509,8,0,8,0.00012139582395320758,0
molecola_36509,9,0,9,0.0001225327723659575,0
molecola_36509,10,1,10,0.9677004218101501,1
molecola_36509,11,1,11,0.9766924381256104,1
molecola_36509,12,0,12,0.009737069718539715,0
molecola_36509,13,0,13,0.005981560796499252,0
molecola_36509,14,0,14,0.001032874803058803,0
molecola_36509,15,0,15,0.0008651632815599442,0
molecola_36509,16,0,16,0.0002031190088018775,0
molecola_36509,17,0,17,0.00015732491738162935,0
molecola_36509,18,0,18,0.00020459038205444813,0
molecola_36509,19,0,19,0.0014473666669800878,0
molecola_36509,20,0,20,0.005589903797954321,0
molecola_36514,1,0,1,0.00018252700101584196,0
molecola_36514,2,0,2,0.0007529125432483852,0
molecola_36514,3,0,3,0.0011253297561779618,0
molecola_36514,4,0,4,0.0007161620305851102,0
molecola_36514,5,0,5,0.0008779194904491305,0
molecola_36514,6,0,6,0.0014312295243144035,0
molecola_36514,7,1,7,0.9922562837600708,1
molecola_36514,8,1,8,0.9966084957122803,1
molecola_36514,9,0,9,0.0036565877962857485,0
molecola_36514,10,0,10,0.00303904851898551,0
molecola_36514,11,0,11,0.003998251631855965,0
molecola_36514,12,0,12,0.005918518174439669,0
molecola_36514,13,0,13,0.0007494521560147405,0
molecola_36514,14,0,14,0.000804407405667007,0
molecola_36514,15,0,15,0.0006999252364039421,0
molecola_36514,16,0,16,0.000804407405667007,0
molecola_36514,17,0,17,0.0007494521560147405,0
molecola_36514,18,0,18,0.005918518174439669,0
molecola_36514,19,0,19,0.0007494521560147405,0
molecola_36514,20,0,20,0.000804407405667007,0
molecola_36514,21,0,21,0.0006999252364039421,0
molecola_36514,22,0,22,0.000804407405667007,0
molecola_36514,23,0,23,0.0007494521560147405,0
molecola_36565,1,0,1,0.00013566830602940172,0
molecola_36565,2,0,2,0.00013933601439930499,0
molecola_36565,3,0,3,0.00012364875874482095,0
molecola_36565,4,0,4,0.00014215723786037415,0
molecola_36565,5,0,5,0.00013622351980302483,0
molecola_36565,6,0,6,0.0007492464501410723,0
molecola_36565,7,1,7,0.9791529774665833,1
molecola_36565,8,1,8,0.9785323143005371,1
molecola_36565,9,0,9,0.808960497379303,1
molecola_36565,10,0,10,0.7358366847038269,1
molecola_36565,11,0,11,0.011151383630931377,0
molecola_36565,12,0,12,0.0011363622033968568,0
molecola_36565,13,0,13,0.001818310935050249,0
molecola_36565,14,0,14,0.0007069005514495075,0
molecola_36565,15,0,15,0.0009809957118704915,0
molecola_36565,16,0,16,0.0006915985723026097,0
molecola_36565,17,0,17,0.001824906561523676,0
molecola_36565,18,0,18,0.0006668487912975252,0
molecola_36565,19,0,19,0.0006740964017808437,0
molecola_36565,20,0,20,0.000554649333935231,0
molecola_36565,21,0,21,0.000554649333935231,0
molecola_36565,22,0,22,0.000554649333935231,0
molecola_36565,23,0,23,0.000160857496666722,0
molecola_36565,24,0,24,0.00021075218683108687,0
molecola_36565,25,0,25,0.0013740190770477057,0
molecola_36565,26,0,26,0.45933035016059875,0
molecola_36565,27,0,27,0.04049671068787575,0
molecola_36565,28,0,28,0.008716244250535965,0
molecola_36565,29,0,29,0.006893162149935961,0
molecola_36565,30,0,30,0.006893162149935961,0
molecola_36760,1,0,1,0.0002807891578413546,0
molecola_36760,2,0,2,0.00030367757426574826,0
molecola_36760,3,0,3,0.0011680017923936248,0
molecola_36760,4,0,4,0.000788598379585892,0
molecola_36760,5,0,5,0.001356617547571659,0
molecola_36760,6,0,6,0.08317623287439346,0
molecola_36760,7,1,7,0.9770793318748474,1
molecola_36760,8,1,8,0.9760077595710754,1
molecola_36760,9,0,9,0.9067485332489014,1
molecola_36760,10,0,10,0.8838731050491333,1
molecola_36760,11,0,11,0.011601352132856846,0
molecola_36760,12,0,12,0.007445433177053928,0
molecola_36760,13,0,13,0.002438071882352233,0
molecola_36760,14,0,14,0.005720073357224464,0
molecola_36760,15,0,15,0.002438071882352233,0
molecola_36760,16,0,16,0.007445433177053928,0
molecola_36760,17,0,17,0.014264745637774467,0
molecola_36760,18,0,18,0.005970352329313755,0
molecola_36760,19,0,19,0.004540157504379749,0
molecola_36760,20,0,20,0.003230188274756074,0
molecola_36760,21,0,21,0.003564591519534588,0
molecola_36760,22,0,22,0.001356617547571659,0
molecola_36760,23,0,23,0.000788598379585892,0
molecola_36967,1,0,1,0.001478102058172226,0
molecola_36967,2,0,2,0.014552891254425049,0
molecola_36967,3,0,3,0.0067445808090269566,0
molecola_36967,4,0,4,0.0118021871894598,0
molecola_36967,5,0,5,0.0026996275410056114,0
molecola_36967,6,0,6,0.0001718628336675465,0
molecola_36967,7,0,7,0.0001258885022252798,0
molecola_36967,8,0,8,0.00014070131874177605,0
molecola_36967,9,0,9,0.0012442091247066855,0
molecola_36967,10,1,10,0.992134690284729,1
molecola_36967,11,1,11,0.9965097308158875,1
molecola_36967,12,0,12,0.008848057128489017,0
molecola_36967,13,0,13,0.01689567230641842,0
molecola_36967,14,0,14,0.013887939974665642,0
molecola_36967,15,0,15,0.017281176522374153,0
molecola_36967,16,0,16,0.0069939130917191505,0
molecola_36967,17,0,17,0.018210524693131447,0
molecola_36967,18,0,18,0.009455657564103603,0
molecola_36967,19,0,19,0.022023368626832962,0
molecola_36967,20,0,20,0.0018412329955026507,0
molecola_36967,21,0,21,0.0015051579102873802,0
molecola_36967,22,0,22,0.0009280780213885009,0
molecola_36967,23,0,23,0.001657717046327889,0
molecola_36967,24,0,24,0.0019683637656271458,0
molecola_36967,25,0,25,0.0003008838975802064,0
molecola_36967,26,0,26,0.0006939611048437655,0
molecola_36967,27,0,27,0.0009584265062585473,0
molecola_36967,28,0,28,0.0009355128859169781,0
molecola_36967,29,0,29,0.0019118404015898705,0
molecola_36967,30,0,30,0.0008305530063807964,0
molecola_36967,31,0,31,0.007053524721413851,0
molecola_3703,1,0,1,0.00017667352221906185,0
molecola_3703,2,0,2,0.00025191661552526057,0
molecola_3703,3,0,3,0.0014038259396329522,0
molecola_3703,4,0,4,0.0006823266157880425,0
molecola_3703,5,0,5,0.0014890776947140694,0
molecola_3703,6,0,6,0.0007593108457513154,0
molecola_3703,7,0,7,0.0010866237571462989,0
molecola_3703,8,0,8,0.0019537440966814756,0
molecola_3703,9,0,9,0.0018740533851087093,0
molecola_3703,10,0,10,0.0022123956587165594,0
molecola_3703,11,0,11,0.01656675897538662,0
molecola_3703,12,0,12,0.02328040823340416,0
molecola_3703,13,0,13,0.0011260921601206064,0
molecola_3703,14,0,14,0.0011205257615074515,0
molecola_3703,15,0,15,0.0023569087497889996,0
molecola_3703,16,0,16,0.0034436727873981,0
molecola_3703,17,1,17,0.8985504508018494,1
molecola_3703,18,1,18,0.9330964684486389,1
molecola_3703,19,0,19,0.02856062352657318,0
molecola_3703,20,0,20,0.01874283328652382,0
molecola_3703,21,0,21,0.012991635128855705,0
molecola_3703,22,0,22,0.010638192296028137,0
molecola_3703,23,0,23,0.052833862602710724,0
molecola_37375,1,0,1,0.00031784677412360907,0
molecola_37375,2,0,2,0.0006643574452027678,0
molecola_37375,3,0,3,0.0007551861344836652,0
molecola_37375,4,0,4,0.0007551861344836652,0
molecola_37375,5,0,5,0.0019080733181908727,0
molecola_37375,6,0,6,0.0058401403948664665,0
molecola_37375,7,0,7,0.004119591787457466,0
molecola_37375,8,0,8,0.0056402720510959625,0
molecola_37375,9,0,9,0.002561005996540189,0
molecola_37375,10,0,10,0.0003453542594797909,0
molecola_37375,11,0,11,0.0001874344452517107,0
molecola_37375,12,0,12,0.00016419250459875911,0
molecola_37375,13,0,13,0.0014879920054227114,0
molecola_37375,14,1,14,0.9915237426757812,1
molecola_37375,15,1,15,0.9961962699890137,1
molecola_37375,16,0,16,0.0024551444221287966,0
molecola_37375,17,0,17,0.0028445012867450714,0
molecola_37375,18,0,18,0.004190734587609768,0
molecola_37375,19,0,19,0.000989229534752667,0
molecola_37375,20,0,20,0.0008328647236339748,0
molecola_37375,21,0,21,0.0007022034842520952,0
molecola_37375,22,0,22,0.0008328647236339748,0
molecola_37375,23,0,23,0.000989229534752667,0
molecola_37375,24,0,24,0.012932068668305874,0
molecola_37375,25,0,25,0.007779409177601337,0
molecola_37375,26,0,26,0.007779409177601337,0
molecola_37547,1,0,1,0.00037318695103749633,0
molecola_37547,2,0,2,0.00043227343121543527,0
molecola_37547,3,0,3,0.00037318695103749633,0
molecola_37547,4,0,4,0.00037318695103749633,0
molecola_37547,5,0,5,0.0009855828247964382,0
molecola_37547,6,0,6,0.0008245119825005531,0
molecola_37547,7,0,7,0.0016982073429971933,0
molecola_37547,8,0,8,0.0013229645555838943,0
molecola_37547,9,0,9,0.002271678764373064,0
molecola_37547,10,0,10,0.0009083945187740028,0
molecola_37547,11,0,11,0.00019140374206472188,0
molecola_37547,12,0,12,0.0014536440139636397,0
molecola_37547,13,1,13,0.9915235042572021,1
molecola_37547,14,1,14,0.9961962699890137,1
molecola_37547,15,0,15,0.00476865703240037,0
molecola_37547,16,0,16,0.0008627684437669814,0
molecola_37547,17,0,17,0.0008112716022878885,0
molecola_37547,18,0,18,0.0008168054628185928,0
molecola_37547,19,0,19,0.0008019483066163957,0
molecola_37547,20,0,20,0.0015320342499762774,0
molecola_37547,21,0,21,0.0015320342499762774,0
molecola_37547,22,0,22,0.0008019487140700221,0
molecola_37547,23,0,23,0.0008168054628185928,0
molecola_37547,24,0,24,0.0008112716022878885,0
molecola_37547,25,0,25,0.0008627684437669814,0
molecola_37547,26,0,26,0.00476865703240037,0
molecola_37596,1,0,1,0.000711558444891125,0
molecola_37596,2,0,2,0.0010875801090151072,0
molecola_37596,3,0,3,0.001471832045353949,0
molecola_37596,4,1,4,0.9908139109611511,1
molecola_37596,5,1,5,0.9957796335220337,1
molecola_37596,6,0,6,0.002378286560997367,0
molecola_37596,7,0,7,0.0022479649633169174,0
molecola_37596,8,0,8,0.0026808809489011765,0
molecola_37596,9,0,9,0.0035567618906497955,0
molecola_37596,10,0,10,0.0007652281783521175,0
molecola_37596,11,0,11,0.0008598954882472754,0
molecola_37596,12,0,12,0.00016405103087890893,0
molecola_37596,13,0,13,0.00014575815293937922,0
molecola_37596,14,0,14,0.00011663094483083114,0
molecola_37596,15,0,15,0.0004688019398599863,0
molecola_37596,16,0,16,0.0017584305023774505,0
molecola_37596,17,0,17,0.0004688019398599863,0
molecola_37596,18,0,18,0.00011663094483083114,0
molecola_37596,19,0,19,0.0015106414211913943,0
molecola_37596,20,0,20,0.001434149919077754,0
molecola_37596,21,0,21,0.0008451664471067488,0
molecola_37596,22,0,22,0.0007652281783521175,0
molecola_37596,23,0,23,0.0035567618906497955,0
molecola_37826,1,0,1,0.0006262738606892526,0
molecola_37826,2,0,2,0.0006170154083520174,0
molecola_37826,3,0,3,0.001079121488146484,0
molecola_37826,4,0,4,0.0006851513753645122,0
molecola_37826,5,0,5,0.0007138171349652112,0
molecola_37826,6,0,6,0.0005010092863813043,0
molecola_37826,7,0,7,0.0063978563994169235,0
molecola_37826,8,1,8,0.9605209827423096,1
molecola_37826,9,1,9,0.9703633785247803,1
molecola_37826,10,1,10,0.945440948009491,1
molecola_37826,11,1,11,0.9549323320388794,1
molecola_37826,12,0,12,0.5758675336837769,1
molecola_37826,13,0,13,0.5758675336837769,1
molecola_37856,1,0,1,0.00039162044413387775,0
molecola_37856,2,0,2,0.002346581546589732,0
molecola_37856,3,0,3,0.0002934626245405525,0
molecola_37856,4,0,4,0.00023784110089764,0
molecola_37856,5,0,5,0.0022481733467429876,0
molecola_37856,6,0,6,0.00342227122746408,0
molecola_37856,7,0,7,0.00458973553031683,0
molecola_37856,8,0,8,0.008372080512344837,0
molecola_37856,9,0,9,0.0030327518470585346,0
molecola_37856,10,0,10,0.0033295978792011738,0
molecola_37856,11,0,11,0.008421191945672035,0
molecola_37856,12,0,12,0.00990221370011568,0
molecola_37856,13,0,13,0.003175760619342327,0
molecola_37856,14,0,14,0.003324219025671482,0
molecola_37856,15,0,15,0.005128397606313229,0
molecola_37856,16,0,16,0.0033979571890085936,0
molecola_37856,17,0,17,0.0016590631566941738,0
molecola_37856,18,0,18,0.0014550518244504929,0
molecola_37856,19,0,19,0.0009519925806671381,0
molecola_37856,20,0,20,0.0022662372794002295,0
molecola_37856,21,0,21,0.0009939909214153886,0
molecola_37856,22,0,22,0.0009685303084552288,0
molecola_37856,23,0,23,0.001963119488209486,0
molecola_37856,24,0,24,0.0007839514873921871,0
molecola_37856,25,0,25,0.0010483983205631375,0
molecola_37856,26,0,26,0.0006234269239939749,0
molecola_37856,27,0,27,0.0006234269239939749,0
molecola_37856,28,0,28,0.0008172729285433888,0
molecola_37856,29,0,29,0.0009685303084552288,0
molecola_37856,30,0,30,0.0009939909214153886,0
molecola_37856,31,1,31,0.9949563145637512,1
molecola_37856,32,1,32,0.9978340268135071,1
molecola_38073,1,0,1,0.005983397830277681,0
molecola_38073,2,1,2,0.9262484312057495,1
molecola_38073,3,0,3,0.0038919304497539997,0
molecola_38073,4,0,4,0.00014612860104534775,0
molecola_38073,5,0,5,0.00019898438767995685,0
molecola_38073,6,0,6,0.00016075154417194426,0
molecola_38073,7,0,7,0.0001349994563497603,0
molecola_38073,8,0,8,0.00017275924619752914,0
molecola_38073,9,0,9,0.0010643622372299433,0
molecola_38073,10,0,10,0.0006614042795263231,0
molecola_38073,11,0,11,0.003267721040174365,0
molecola_38073,12,0,12,0.001320587587542832,0
molecola_38073,13,0,13,0.0009032979141920805,0
molecola_38073,14,0,14,0.0008093917858786881,0
molecola_38073,15,0,15,0.0007068610866554081,0
molecola_38073,16,0,16,0.003819091944023967,0
molecola_38073,17,0,17,0.0026788050308823586,0
molecola_38073,18,0,18,0.0001374301064061001,0
molecola_38073,19,1,19,0.9323078989982605,1
molecola_38073,20,1,20,0.9432020783424377,1
molecola_38073,21,1,21,0.9288240075111389,1
molecola_38176,1,0,1,0.00012883513409178704,0
molecola_38176,2,0,2,0.0001621138071641326,0
molecola_38176,3,0,3,0.000368063134374097,0
molecola_38176,4,0,4,0.8299645185470581,1
molecola_38176,5,0,5,0.0017006624257192016,0
molecola_38176,6,0,6,0.0031755734235048294,0
molecola_38176,7,1,7,0.9766634106636047,1
molecola_38176,8,1,8,0.984248697757721,1
molecola_38176,9,1,9,0.9792272448539734,1
molecola_38176,10,1,10,0.9767550826072693,1
molecola_38176,11,0,11,0.00020482343097683042,0
molecola_38176,12,0,12,0.00013355302507989109,0
molecola_38176,13,0,13,0.00013653302448801696,0
molecola_38176,14,0,14,0.00018103999900631607,0
molecola_38176,15,0,15,0.0001547896390547976,0
molecola_38176,16,0,16,0.000156321533722803,0
molecola_38176,17,0,17,0.00012719685037154704,0
molecola_38176,18,0,18,0.00015457990230061114,0
molecola_38176,19,0,19,0.0003208814305253327,0
molecola_38176,20,0,20,0.0002130044886143878,0
molecola_38176,21,0,21,0.0004020427295472473,0
molecola_38176,22,0,22,0.00047228371840901673,0
molecola_38176,23,0,23,0.00047228371840901673,0
molecola_38176,24,0,24,0.00031431749812327325,0
molecola_38176,25,0,25,0.0019011987606063485,0
molecola_38176,26,0,26,0.0018662998918443918,0
molecola_38176,27,0,27,0.00015325812273658812,0
molecola_38207,1,0,1,0.00014663276670034975,0
molecola_38207,2,0,2,0.00015419126430060714,0
molecola_38207,3,0,3,0.00014663276670034975,0
molecola_38207,4,0,4,0.00017093666247092187,0
molecola_38207,5,0,5,0.0009347732993774116,0
molecola_38207,6,0,6,0.0015146090881899,0
molecola_38207,7,0,7,0.00445564603433013,0
molecola_38207,8,0,8,0.005748330149799585,0
molecola_38207,9,0,9,0.004729973617941141,0
molecola_38207,10,0,10,0.008650620467960835,0
molecola_38207,11,0,11,0.0014240043237805367,0
molecola_38207,12,0,12,0.0007365868077613413,0
molecola_38207,13,0,13,0.002977112540975213,0
molecola_38207,14,0,14,0.0016360343433916569,0
molecola_38207,15,0,15,0.03431158885359764,0
molecola_38207,16,0,16,0.00957711786031723,0
molecola_38207,17,0,17,0.004809759557247162,0
molecola_38207,18,0,18,0.004457206930965185,0
molecola_38207,19,0,19,0.005749022588133812,0
molecola_38207,20,0,20,0.01241404190659523,0
molecola_38207,21,1,21,0.9143447279930115,1
molecola_38207,22,0,22,0.40224701166152954,0
molecola_38207,23,1,23,0.9387663006782532,1
molecola_38542,1,0,1,0.0001893787266453728,0
molecola_38542,2,0,2,0.0010014341678470373,0
molecola_38542,3,0,3,0.00014348968397825956,0
molecola_38542,4,0,4,0.00012451935617718846,0
molecola_38542,5,0,5,0.0001614256907487288,0
molecola_38542,6,0,6,0.0001482096704421565,0
molecola_38542,7,0,7,0.0001337152352789417,0
molecola_38542,8,0,8,0.0005477254162542522,0
molecola_38542,9,1,9,0.9702511429786682,1
molecola_38542,10,1,10,0.9714038968086243,1
molecola_38542,11,0,11,0.8957619071006775,1
molecola_38542,12,0,12,0.9276767373085022,1
molecola_38542,13,0,13,0.9286365509033203,1
molecola_38542,14,0,14,0.8996997475624084,1
molecola_38542,15,0,15,0.0008158393320627511,0
molecola_38542,16,0,16,0.00015348657325375825,0
molecola_38542,17,0,17,0.00017131277127191424,0
molecola_38542,18,0,18,0.0004733997047878802,0
molecola_38542,19,0,19,0.001907449564896524,0
molecola_38542,20,0,20,0.002016431884840131,0
molecola_38542,21,0,21,0.002768340753391385,0
molecola_38542,22,0,22,0.000922047474887222,0
molecola_3870,1,0,1,0.00012843342847190797,0
molecola_3870,2,0,2,0.0001456000900361687,0
molecola_3870,3,0,3,0.00012309888552408665,0
molecola_3870,4,0,4,0.00012157608580309898,0
molecola_3870,5,0,5,0.00012199042976135388,0
molecola_3870,6,0,6,0.00014148891204968095,0
molecola_3870,7,0,7,0.00015622825594618917,0
molecola_3870,8,0,8,0.004164651967585087,0
molecola_3870,9,1,9,0.9321261644363403,1
molecola_3870,10,0,10,0.00418320344761014,0
molecola_3870,11,0,11,0.0082058971747756,0
molecola_3870,12,0,12,0.9769352674484253,1
molecola_3870,13,0,13,0.9845496416091919,1
molecola_3870,14,0,14,0.9800859689712524,1
molecola_3870,15,0,15,0.9773942232131958,1
molecola_3870,16,0,16,0.0028899312019348145,0
molecola_3870,17,0,17,0.0001738966238917783,0
molecola_3870,18,0,18,0.00015111338871065527,0
molecola_3870,19,0,19,0.00015273616008926183,0
molecola_3870,20,0,20,0.00012531397806014866,0
molecola_3870,21,0,21,0.00012472685193642974,0
molecola_3870,22,1,22,0.9377661347389221,1
molecola_3870,23,1,23,0.9253065586090088,1
molecola_3870,24,1,24,0.8814894556999207,1
molecola_3870,25,0,25,0.003063863841816783,0
molecola_3870,26,0,26,0.003112773410975933,0
molecola_3870,27,0,27,0.0010012428974732757,0
molecola_3870,28,0,28,0.0005680954200215638,0
molecola_3870,29,0,29,0.0007905037491582334,0
molecola_3870,30,0,30,0.000698304211255163,0
molecola_3870,31,0,31,0.0007905037491582334,0
molecola_3870,32,0,32,0.0005680954200215638,0
molecola_38927,1,0,1,0.00036361676757223904,0
molecola_38927,2,0,2,0.006022257264703512,0
molecola_38927,3,0,3,0.0007941149524413049,0
molecola_38927,4,0,4,0.0008035336504690349,0
molecola_38927,5,0,5,0.0010622997069731355,0
molecola_38927,6,0,6,0.004489673767238855,0
molecola_38927,7,0,7,0.0023347693495452404,0
molecola_38927,8,0,8,0.002131389221176505,0
molecola_38927,9,0,9,0.001983440713956952,0
molecola_38927,10,0,10,0.0010179814416915178,0
molecola_38927,11,0,11,0.0008604188915342093,0
molecola_38927,12,0,12,0.005996778607368469,0
molecola_38927,13,1,13,0.9496028423309326,1
molecola_38927,14,1,14,0.9657707214355469,1
molecola_38927,15,0,15,0.010831407271325588,0
molecola_38927,16,0,16,0.011269212700426579,0
molecola_38927,17,0,17,0.001375666237436235,0
molecola_38927,18,0,18,0.001650076825171709,0
molecola_38927,19,0,19,0.000585107016377151,0
molecola_38927,20,0,20,0.001120296772569418,0
molecola_38927,21,0,21,0.00330268288962543,0
molecola_38936,1,0,1,0.00327140255831182,0
molecola_38936,2,0,2,0.9753893613815308,1
molecola_38936,3,0,3,0.9712182283401489,1
molecola_38936,4,0,4,0.020419277250766754,0
molecola_38936,5,1,5,0.9329661130905151,1
molecola_38936,6,1,6,0.9477123022079468,1
molecola_38936,7,0,7,0.9689920544624329,1
molecola_38936,8,0,8,0.9721784591674805,1
molecola_38936,9,0,9,0.0034375011455267668,0
molecola_38936,10,0,10,0.003664133371785283,0
molecola_38936,11,0,11,0.00025643978733569384,0
molecola_38936,12,0,12,0.0401194803416729,0
molecola_38936,13,0,13,0.00047641119454056025,0
molecola_38936,14,0,14,0.000165477380505763,0
molecola_38936,15,0,15,0.00015828928735572845,0
molecola_38936,16,0,16,0.0017739926697686315,0
molecola_38936,17,0,17,0.006454187445342541,0
molecola_38936,18,0,18,0.008153625763952732,0
molecola_38936,19,0,19,0.006428565829992294,0
molecola_38936,20,0,20,0.006428565829992294,0
molecola_38936,21,0,21,0.003762685228139162,0
molecola_38936,22,0,22,0.0006952254334464669,0
molecola_38936,23,0,23,0.0008035965147428215,0
molecola_38936,24,0,24,0.0007003002101555467,0
molecola_38936,25,0,25,0.0008035965147428215,0
molecola_38936,26,0,26,0.0006952254334464669,0
molecola_39046,1,0,1,0.006441430654376745,0
molecola_39046,2,0,2,0.008844904601573944,0
molecola_39046,3,0,3,0.006441430654376745,0
molecola_39046,4,0,4,0.16989490389823914,0
molecola_39046,5,0,5,0.3868106007575989,0
molecola_39046,6,1,6,0.961856484413147,1
molecola_39046,7,1,7,0.9702690839767456,1
molecola_39046,8,0,8,0.009706954471766949,0
molecola_39046,9,0,9,0.006228599231690168,0
molecola_39046,10,0,10,0.0028527278918772936,0
molecola_39046,11,0,11,0.010148454457521439,0
molecola_39046,12,0,12,0.006761288736015558,0
molecola_39046,13,0,13,0.0091679897159338,0
molecola_39046,14,0,14,0.0018194987205788493,0
molecola_39046,15,0,15,0.000957967306021601,0
molecola_39046,16,0,16,0.0008377957274205983,0
molecola_39046,17,0,17,0.0009837778052315116,0
molecola_39046,18,0,18,0.003415827639400959,0
molecola_39046,19,0,19,0.0044986531138420105,0
molecola_39046,20,0,20,0.005958130583167076,0
molecola_39145,1,0,1,0.00011455020285211504,0
molecola_39145,2,0,2,0.00012923624308314174,0
molecola_39145,3,0,3,0.0001323619217146188,0
molecola_39145,4,0,4,0.0001680251443758607,0
molecola_39145,5,0,5,0.0008531615603715181,0
molecola_39145,6,0,6,0.0006562595954164863,0
molecola_39145,7,0,7,0.0013168749865144491,0
molecola_39145,8,0,8,0.12139449268579483,0
molecola_39145,9,1,9,0.9760279655456543,1
molecola_39145,10,1,10,0.9680117964744568,1
molecola_39145,11,0,11,0.0287815872579813,0
molecola_39145,12,0,12,0.02212085947394371,0
molecola_39145,13,0,13,0.0009647083934396505,0
molecola_39145,14,0,14,0.0012205871753394604,0
molecola_39145,15,0,15,0.0002503084542695433,0
molecola_39145,16,0,16,0.00017659807053860277,0
molecola_39145,17,0,17,0.00209346367046237,0
molecola_39145,18,0,18,0.0002511539787519723,0
molecola_39145,19,0,19,0.00017662873142398894,0
molecola_39145,20,0,20,0.014115709811449051,0
molecola_39145,21,0,21,0.022583717480301857,0
molecola_39145,22,0,22,0.939986526966095,1
molecola_39145,23,0,23,0.949179470539093,1
molecola_39145,24,0,24,0.0013168749865144491,0
molecola_39145,25,0,25,0.0006562595954164863,0
molecola_39176,1,0,1,0.00013121208758093417,0
molecola_39176,2,0,2,0.00013621676771435887,0
molecola_39176,3,0,3,0.00014062432455830276,0
molecola_39176,4,0,4,0.0001582597178639844,0
molecola_39176,5,0,5,0.0002526714524719864,0
molecola_39176,6,0,6,0.00021419407858047634,0
molecola_39176,7,0,7,0.0009247040143236518,0
molecola_39176,8,0,8,0.0006121688638813794,0
molecola_39176,9,0,9,0.0007972315652295947,0
molecola_39176,10,0,10,0.0006992268608883023,0
molecola_39176,11,0,11,0.0007972315652295947,0
molecola_39176,12,0,12,0.0006121688638813794,0
molecola_39176,13,0,13,0.00012058603897457942,0
molecola_39176,14,0,14,0.0001234235242009163,0
molecola_39176,15,0,15,0.00012366620649117976,0
molecola_39176,16,0,16,0.00039331827429123223,0
molecola_39176,17,0,17,0.005080020055174828,0
molecola_39176,18,1,18,0.9626496434211731,1
molecola_39176,19,1,19,0.9714007377624512,1
molecola_39176,20,0,20,0.009235878475010395,0
molecola_39176,21,0,21,0.005344690289348364,0
molecola_39176,22,0,22,0.0009993697749450803,0
molecola_39176,23,0,23,0.0007061272626742721,0
molecola_39176,24,0,24,0.0009993697749450803,0
molecola_39176,25,0,25,0.005344690289348364,0
molecola_39365,1,0,1,0.0009316900977864861,0
molecola_39365,2,0,2,0.0027714911848306656,0
molecola_39365,3,0,3,0.003882390446960926,0
molecola_39365,4,0,4,0.0028080481570214033,0
molecola_39365,5,0,5,0.002585169393569231,0
molecola_39365,6,0,6,0.0009623183868825436,0
molecola_39365,7,0,7,0.0016715528909116983,0
molecola_39365,8,0,8,0.0014543798752129078,0
molecola_39365,9,0,9,0.0021954034455120564,0
molecola_39365,10,0,10,0.0031773129012435675,0
molecola_39365,11,0,11,0.0011708411620929837,0
molecola_39365,12,0,12,0.000695772294420749,0
molecola_39365,13,0,13,0.002103405073285103,0
molecola_39365,14,0,14,0.002913266886025667,0
molecola_39365,15,0,15,0.0006750002503395081,0
molecola_39365,16,0,16,0.0005546458996832371,0
molecola_39365,17,0,17,0.0005546458996832371,0
molecola_39365,18,0,18,0.0005546458996832371,0
molecola_39365,19,0,19,0.0009627984836697578,0
molecola_39365,20,0,20,0.003965078853070736,0
molecola_39365,21,0,21,0.008816074579954147,0
molecola_39365,22,0,22,0.0037606554105877876,0
molecola_39365,23,0,23,0.004231559112668037,0
molecola_39365,24,0,24,0.003249093657359481,0
molecola_39365,25,0,25,0.002221739385277033,0
molecola_39365,26,0,26,0.000296982005238533,0
molecola_39365,27,0,27,0.0001615723012946546,0
molecola_39365,28,0,28,0.00015601998893544078,0
molecola_39365,29,0,29,0.00015985858044587076,0
molecola_39365,30,0,30,0.001453011529520154,0
molecola_39365,31,1,31,0.9904599189758301,1
molecola_39365,32,1,32,0.995577335357666,1
molecola_39365,33,0,33,0.00588183244690299,0
molecola_39365,34,0,34,0.0009404544834978878,0
molecola_39365,35,0,35,0.00030543742468580604,0
molecola_39365,36,0,36,0.00012461461301427335,0
molecola_39365,37,0,37,0.00010629326425259933,0
molecola_39365,38,0,38,0.00011237609578529373,0
molecola_39365,39,0,39,0.00010629326425259933,0
molecola_39365,40,0,40,0.00012461461301427335,0
molecola_403,1,0,1,0.0017079404788091779,0
molecola_403,2,0,2,0.0021164887584745884,0
molecola_403,3,0,3,0.0017378737684339285,0
molecola_403,4,0,4,0.0010060659842565656,0
molecola_403,5,0,5,0.0010080375941470265,0
molecola_403,6,0,6,0.0001421330962330103,0
molecola_403,7,0,7,0.00012223658268339932,0
molecola_403,8,0,8,0.00013103429228067398,0
molecola_403,9,0,9,0.0001403050118824467,0
molecola_403,10,0,10,0.00012274349865037948,0
molecola_403,11,0,11,0.00012618390610441566,0
molecola_403,12,0,12,0.003712543984875083,0
molecola_403,13,1,13,0.9772040843963623,1
molecola_403,14,1,14,0.9847315549850464,1
molecola_403,15,1,15,0.9802039265632629,1
molecola_403,16,1,16,0.9775435328483582,1
molecola_403,17,0,17,0.002628789283335209,0
molecola_403,18,0,18,0.0001510137226432562,0
molecola_403,19,0,19,0.00013105603284202516,0
molecola_403,20,0,20,0.00014189070498105139,0
molecola_403,21,0,21,0.00012084342597518116,0
molecola_403,22,0,22,0.00012523178884293884,0
molecola_403,23,0,23,0.00015453185187652707,0
molecola_403,24,0,24,0.00013165350537747145,0
molecola_403,25,0,25,0.0002455557696521282,0
molecola_403,26,0,26,0.022238997742533684,0
molecola_403,27,0,27,0.13202746212482452,0
molecola_403,28,0,28,0.023713601753115654,0
molecola_403,29,0,29,0.2692455053329468,0
molecola_403,30,0,30,0.12084487080574036,0
molecola_403,31,0,31,0.9026216268539429,1
molecola_403,32,0,32,0.8837818503379822,1
molecola_4030,1,0,1,0.00030026346212252975,0
molecola_4030,2,0,2,0.0005980841815471649,0
molecola_4030,3,0,3,0.0007152099278755486,0
molecola_4030,4,0,4,0.0007152099278755486,0
molecola_4030,5,0,5,0.0012089930241927505,0
molecola_4030,6,0,6,0.0009084871271625161,0
molecola_4030,7,0,7,0.0009102615877054632,0
molecola_4030,8,0,8,0.0024659400805830956,0
molecola_4030,9,0,9,0.0009102615877054632,0
molecola_4030,10,0,10,0.0009084871271625161,0
molecola_4030,11,0,11,0.006364170461893082,0
molecola_4030,12,0,12,0.0007676339591853321,0
molecola_4030,13,1,13,0.9652407169342041,1
molecola_4030,14,1,14,0.9740604758262634,1
molecola_4030,15,0,15,0.009953132830560207,0
molecola_4030,16,0,16,0.006066270638257265,0
molecola_4030,17,0,17,0.0010150035377591848,0
molecola_4030,18,0,18,0.0007061272626742721,0
molecola_4030,19,0,19,0.0010150035377591848,0
molecola_4030,20,0,20,0.006066270638257265,0
molecola_40519,1,0,1,0.00021998462034389377,0
molecola_40519,2,0,2,0.0007007174426689744,0
molecola_40519,3,0,3,0.004729206673800945,0
molecola_40519,4,0,4,0.9131994247436523,1
molecola_40519,5,0,5,0.004293154459446669,0
molecola_40519,6,0,6,0.0001343838666798547,0
molecola_40519,7,0,7,0.00014785172243136913,0
molecola_40519,8,0,8,0.00013571023009717464,0
molecola_40519,9,0,9,0.0001265288592549041,0
molecola_40519,10,0,10,0.0005108379991725087,0
molecola_40519,11,0,11,0.00014297942107077688,0
molecola_40519,12,1,12,0.9667092561721802,1
molecola_40519,13,1,13,0.9695131778717041,1
molecola_40519,14,0,14,0.8954986929893494,1
molecola_40519,15,0,15,0.9276806712150574,1
molecola_40519,16,0,16,0.9301518797874451,1
molecola_40519,17,0,17,0.9024987816810608,1
molecola_40519,18,0,18,0.0008045956492424011,0
molecola_40519,19,0,19,0.00015226443065330386,0
molecola_40519,20,0,20,0.00014553470828104764,0
molecola_40519,21,0,21,0.00013266898167785257,0
molecola_40519,22,0,22,0.00013311744260136038,0
molecola_40519,23,0,23,0.00013144526747055352,0
molecola_40519,24,0,24,0.002465041819959879,0
molecola_40519,25,0,25,0.00015278247883543372,0
molecola_40519,26,0,26,0.00023559722467325628,0
molecola_40519,27,0,27,0.9287847876548767,1
molecola_40519,28,0,28,0.9052406549453735,1
molecola_40519,29,0,29,0.9269158840179443,1
molecola_40519,30,0,30,0.00415532011538744,0
molecola_40787,1,1,1,0.9961962699890137,1
molecola_40787,2,1,2,0.9915235042572021,1
molecola_40787,3,0,3,0.0014448879519477487,0
molecola_40787,4,0,4,0.00017222437600139529,0
molecola_40787,5,0,5,0.00019488540419843048,0
molecola_40787,6,0,6,0.0008303634822368622,0
molecola_40787,7,0,7,0.0009752459009177983,0
molecola_40787,8,0,8,0.012774097733199596,0
molecola_40787,9,0,9,0.0017988048493862152,0
molecola_40787,10,0,10,0.9902993440628052,1
molecola_40787,11,0,11,0.9878355860710144,1
molecola_40787,12,0,12,0.2550806999206543,0
molecola_40787,13,0,13,0.1371656209230423,0
molecola_40787,14,0,14,0.056387901306152344,0
molecola_40787,15,0,15,0.0014244058402255177,0
molecola_40787,16,0,16,0.0008533785585314035,0
molecola_40787,17,0,17,0.0008627820643596351,0
molecola_40787,18,0,18,0.00020311863045208156,0
molecola_40787,19,0,19,0.00015732491738162935,0
molecola_40787,20,0,20,0.00020458237850107253,0
molecola_40787,21,0,21,0.00125542760360986,0
molecola_40787,22,0,22,0.0010991718154400587,0
molecola_40889,1,0,1,0.00017709500389173627,0
molecola_40889,2,0,2,0.00023838346533011645,0
molecola_40889,3,0,3,0.0015951147070154548,0
molecola_40889,4,0,4,0.0008190551889128983,0
molecola_40889,5,0,5,0.0010342322057113051,0
molecola_40889,6,0,6,0.002049477305263281,0
molecola_40889,7,0,7,0.015326419845223427,0
molecola_40889,8,0,8,0.020121758803725243,0
molecola_40889,9,0,9,0.014212594367563725,0
molecola_40889,10,0,10,0.0022375730331987143,0
molecola_40889,11,0,11,0.00026874279137700796,0
molecola_40889,12,0,12,0.00014829945575911552,0
molecola_40889,13,0,13,0.00013810611562803388,0
molecola_40889,14,0,14,0.00015476573025807738,0
molecola_40889,15,0,15,0.00014667359937448055,0
molecola_40889,16,0,16,0.00014667359937448055,0
molecola_40889,17,0,17,0.0014261235482990742,0
molecola_40889,18,0,18,0.0007773934048600495,0
molecola_40889,19,1,19,0.8751396536827087,1
molecola_40889,20,1,20,0.919738233089447,1
molecola_40889,21,0,21,0.02036142349243164,0
molecola_40889,22,0,22,0.01571568287909031,0
molecola_40889,23,0,23,0.005117872264236212,0
molecola_40889,24,0,24,0.001335828215815127,0
molecola_40889,25,0,25,0.0009649185230955482,0
molecola_40889,26,0,26,0.0016417328733950853,0
molecola_40889,27,0,27,0.01850797049701214,0
molecola_41047,1,0,1,0.0004205511650070548,0
molecola_41047,2,0,2,0.0019094852032139897,0
molecola_41047,3,0,3,0.0006250086007639766,0
molecola_41047,4,0,4,0.0018435243982821703,0
molecola_41047,5,0,5,0.00036813996848650277,0
molecola_41047,6,0,6,0.0006691160378977656,0
molecola_41047,7,0,7,0.017955973744392395,0
molecola_41047,8,0,8,0.0006929938681423664,0
molecola_41047,9,1,9,0.9955974221229553,1
molecola_41047,10,1,10,0.998534083366394,1
molecola_41135,1,0,1,0.0003096699365414679,0
molecola_41135,2,0,2,0.0021522226743400097,0
molecola_41135,3,0,3,0.0008739870390854776,0
molecola_41135,4,0,4,0.001950894482433796,0
molecola_41135,5,0,5,0.025571998208761215,0
molecola_41135,6,0,6,0.005897785536944866,0
molecola_41135,7,0,7,0.002825115341693163,0
molecola_41135,8,0,8,0.019483434036374092,0
molecola_41135,9,0,9,0.8991817831993103,1
molecola_41135,10,0,10,0.37734636664390564,0
molecola_41135,11,0,11,0.9290699362754822,1
molecola_41135,12,1,12,0.9026248455047607,1
molecola_41135,13,0,13,0.3725798726081848,0
molecola_41135,14,1,14,0.9301725029945374,1
molecola_41285,1,0,1,0.00016030260303523391,0
molecola_41285,2,0,2,0.00014801901124883443,0
molecola_41285,3,0,3,0.00018289756553713232,0
molecola_41285,4,0,4,0.0003510618698783219,0
molecola_41285,5,0,5,0.0011632139794528484,0
molecola_41285,6,0,6,0.0009205280221067369,0
molecola_41285,7,0,7,0.0008500576950609684,0
molecola_41285,8,0,8,0.015182588249444962,0
molecola_41285,9,0,9,0.0007659347611479461,0
molecola_41285,10,0,10,0.0013043655781075358,0
molecola_41285,11,0,11,0.0002736110473051667,0
molecola_41285,12,0,12,0.00015147433441597968,0
molecola_41285,13,0,13,0.00014196474512573332,0
molecola_41285,14,0,14,0.0001574221532791853,0
molecola_41285,15,1,15,0.9955975413322449,1
molecola_41285,16,1,16,0.998534083366394,1
molecola_41330,1,0,1,0.00012132974370615557,0
molecola_41330,2,0,2,0.00015540515596512705,0
molecola_41330,3,0,3,0.00025684305001050234,0
molecola_41330,4,0,4,0.0013895180309191346,0
molecola_41330,5,0,5,0.0011663801269605756,0
molecola_41330,6,0,6,0.0060137175023555756,0
molecola_41330,7,0,7,0.00259828707203269,0
molecola_41330,8,0,8,0.005766088608652353,0
molecola_41330,9,0,9,0.0013569328002631664,0
molecola_41330,10,0,10,0.0008081687265075743,0
molecola_41330,11,0,11,0.0014548238832503557,0
molecola_41330,12,0,12,0.0008081687265075743,0
molecola_41330,13,0,13,0.0013569328002631664,0
molecola_41330,14,0,14,0.0006655151955783367,0
molecola_41330,15,0,15,0.0005539627745747566,0
molecola_41330,16,0,16,0.0005539627745747566,0
molecola_41330,17,0,17,0.0005539627745747566,0
molecola_41330,18,0,18,0.0013752836966887116,0
molecola_41330,19,0,19,0.0009640230564400554,0
molecola_41330,20,0,20,0.00860641710460186,0
molecola_41330,21,1,21,0.9955058097839355,1
molecola_41330,22,1,22,0.998491644859314,1
molecola_41546,1,0,1,0.00028137711342424154,0
molecola_41546,2,0,2,0.0010968110291287303,0
molecola_41546,3,0,3,0.0006427669432014227,0
molecola_41546,4,0,4,0.000797695480287075,0
molecola_41546,5,0,5,0.0008116207318380475,0
molecola_41546,6,0,6,0.000808832875918597,0
molecola_41546,7,0,7,0.001094413106329739,0
molecola_41546,8,0,8,0.001637219451367855,0
molecola_41546,9,0,9,0.0008112836512736976,0
molecola_41546,10,0,10,0.0008117719553411007,0
molecola_41546,11,0,11,0.011387285776436329,0
molecola_41546,12,0,12,0.0008117719553411007,0
molecola_41546,13,0,13,0.0008112836512736976,0
molecola_41546,14,1,14,0.9955976605415344,1
molecola_41546,15,1,15,0.998534083366394,1
molecola_41596,1,1,1,0.9387165904045105,1
molecola_41596,2,1,2,0.9143171310424805,1
molecola_41596,3,0,3,0.4015180766582489,0
molecola_41596,4,0,4,0.05688152462244034,0
molecola_41596,5,0,5,0.012922941707074642,0
molecola_41596,6,0,6,0.005149296950548887,0
molecola_41596,7,0,7,0.00528043182566762,0
molecola_41596,8,0,8,0.015131978318095207,0
molecola_41596,9,0,9,0.0008795332396402955,0
molecola_41596,10,0,10,0.0006656521582044661,0
molecola_41596,11,0,11,0.0007309326319955289,0
molecola_41596,12,0,12,0.0006126827793195844,0
molecola_41596,13,0,13,0.001124516362324357,0
molecola_41596,14,0,14,0.0011808116687461734,0
molecola_41620,1,1,1,0.9387661814689636,1
molecola_41620,2,1,2,0.9143877625465393,1
molecola_41620,3,0,3,0.40224727988243103,0
molecola_41620,4,0,4,0.027156831696629524,0
molecola_41620,5,0,5,0.0017880218802019954,0
molecola_41620,6,0,6,0.0024498936254531145,0
molecola_41620,7,0,7,0.0036951168440282345,0
molecola_41620,8,0,8,0.008041669614613056,0
molecola_41620,9,0,9,0.004394895862787962,0
molecola_41620,10,0,10,0.004587013274431229,0
molecola_41620,11,0,11,0.00566874397918582,0
molecola_41620,12,0,12,0.001576846232637763,0
molecola_42016,1,0,1,0.0005899682873860002,0
molecola_42016,2,0,2,0.0009236750192940235,0
molecola_42016,3,0,3,0.0008404130931012332,0
molecola_42016,4,0,4,0.0012726658023893833,0
molecola_42016,5,0,5,0.012724223546683788,0
molecola_42016,6,0,6,0.01617228426039219,0
molecola_42016,7,0,7,0.9699151515960693,1
molecola_42016,8,0,8,0.9785764813423157,1
molecola_42016,9,0,9,0.07914764434099197,0
molecola_42016,10,0,10,0.0025989729911088943,0
molecola_42016,11,0,11,0.002294372534379363,0
molecola_42016,12,0,12,0.08948209136724472,0
molecola_42016,13,0,13,0.06401677429676056,0
molecola_42016,14,1,14,0.9840700626373291,1
molecola_42016,15,1,15,0.9844405651092529,1
molecola_42016,16,0,16,0.1937313973903656,0
molecola_42016,17,0,17,0.0022613981273025274,0
molecola_42016,18,0,18,0.001626670709811151,0
molecola_42016,19,0,19,0.0005852219182997942,0
molecola_42016,20,0,20,0.0009702903334982693,0
molecola_42016,21,0,21,0.0017698775045573711,0
molecola_42016,22,0,22,0.0028869251254945993,0
molecola_42131,1,0,1,0.00017660969751887023,0
molecola_42131,2,0,2,0.0002515035739634186,0
molecola_42131,3,0,3,0.0026214297395199537,0
molecola_42131,4,0,4,0.0007981087546795607,0
molecola_42131,5,0,5,0.0024287861306220293,0
molecola_42131,6,0,6,0.0005045919679105282,0
molecola_42131,7,0,7,0.0005124190356582403,0
molecola_42131,8,0,8,0.0005140686989761889,0
molecola_42131,9,0,9,0.0005140686989761889,0
molecola_42131,10,0,10,0.0002784463868010789,0
molecola_42131,11,0,11,0.0008909340249374509,0
molecola_42131,12,0,12,0.002097991295158863,0
molecola_42131,13,0,13,0.005625197663903236,0
molecola_42131,14,0,14,0.005891652312129736,0
molecola_42131,15,0,15,0.005715969018638134,0
molecola_42131,16,0,16,0.008297999389469624,0
molecola_42131,17,0,17,0.0010463877115398645,0
molecola_42131,18,0,18,0.0008240183815360069,0
molecola_42131,19,0,19,0.0009811237687245011,0
molecola_42131,20,0,20,0.005698753986507654,0
molecola_42131,21,0,21,0.01829778216779232,0
molecola_42131,22,0,22,0.011661290191113949,0
molecola_42131,23,0,23,0.018011122941970825,0
molecola_42131,24,0,24,0.005678643472492695,0
molecola_42131,25,0,25,0.0012008213670924306,0
molecola_42131,26,0,26,0.0008696411969140172,0
molecola_42131,27,0,27,0.012953396886587143,0
molecola_42131,28,1,28,0.995505690574646,1
molecola_42131,29,1,29,0.9984917640686035,1
molecola_42131,30,0,30,0.007775347214192152,0
molecola_42190,1,0,1,0.000556228042114526,0
molecola_42190,2,0,2,0.0032531036995351315,0
molecola_42190,3,0,3,0.02297190949320793,0
molecola_42190,4,0,4,0.13850003480911255,0
molecola_42190,5,0,5,0.10671304166316986,0
molecola_42190,6,0,6,0.05919460579752922,0
molecola_42190,7,0,7,0.009954786859452724,0
molecola_42190,8,0,8,0.0047594537027180195,0
molecola_42190,9,0,9,0.00811650138348341,0
molecola_42190,10,0,10,0.006461373995989561,0
molecola_42190,11,0,11,0.0047594537027180195,0
molecola_42190,12,0,12,0.009954786859452724,0
molecola_42190,13,0,13,0.0063259778544306755,0
molecola_42190,14,0,14,0.009209292009472847,0
molecola_42190,15,0,15,0.030134189873933792,0
molecola_42190,16,1,16,0.9103899598121643,1
molecola_42190,17,0,17,0.3822557330131531,0
molecola_42190,18,1,18,0.9357647895812988,1
molecola_42233,1,0,1,0.0002448557934258133,0
molecola_42233,2,0,2,0.0013741407310590148,0
molecola_42233,3,0,3,0.0007803924381732941,0
molecola_42233,4,0,4,0.018247194588184357,0
molecola_42233,5,0,5,0.907325029373169,1
molecola_42233,6,0,6,0.9612734913825989,1
molecola_42233,7,0,7,0.960142970085144,1
molecola_42233,8,0,8,0.8984477519989014,1
molecola_42233,9,0,9,0.06090734526515007,0
molecola_42233,10,0,10,0.0026062685064971447,0
molecola_42233,11,0,11,0.0015871637733653188,0
molecola_42233,12,0,12,0.0008664518827572465,0
molecola_42233,13,0,13,0.002080044010654092,0
molecola_42233,14,0,14,0.0006963703199289739,0
molecola_42233,15,0,15,0.0008244499331340194,0
molecola_42233,16,0,16,0.0008226532372646034,0
molecola_42233,17,0,17,0.001126889488659799,0
molecola_42233,18,0,18,0.04247889295220375,0
molecola_42233,19,0,19,0.055285628885030746,0
molecola_42233,20,0,20,0.0013181624235585332,0
molecola_42233,21,1,21,0.9023757576942444,1
molecola_42233,22,0,22,0.3725703954696655,0
molecola_42233,23,1,23,0.9301702976226807,1
molecola_42394,1,0,1,0.00014601717703044415,0
molecola_42394,2,0,2,0.00017946326988749206,0
molecola_42394,3,0,3,0.0009343191632069647,0
molecola_42394,4,1,4,0.9800571203231812,1
molecola_42394,5,1,5,0.9910280108451843,1
molecola_42394,6,1,6,0.9757904410362244,1
molecola_42394,7,1,7,0.9700304269790649,1
molecola_42394,8,1,8,0.9778318405151367,1
molecola_42394,9,1,9,0.9713031053543091,1
molecola_42394,10,1,10,0.9897791743278503,1
molecola_42394,11,1,11,0.9792958498001099,1
molecola_42634,1,0,1,0.004392202943563461,0
molecola_42634,2,0,2,0.9873256683349609,1
molecola_42634,3,0,3,0.9853611588478088,1
molecola_42634,4,0,4,0.04624893516302109,0
molecola_42634,5,0,5,0.007329457439482212,0
molecola_42634,6,0,6,0.0026208600029349327,0
molecola_42634,7,0,7,0.001363156596198678,0
molecola_42634,8,0,8,0.002767454832792282,0
molecola_42634,9,0,9,0.00016432013944722712,0
molecola_42634,10,0,10,0.0001629572216188535,0
molecola_42634,11,0,11,0.00014753034338355064,0
molecola_42634,12,0,12,0.00014753034338355064,0
molecola_42634,13,0,13,0.00015933264512568712,0
molecola_42634,14,0,14,0.005871965084224939,0
molecola_42634,15,0,15,0.0006786566227674484,0
molecola_42634,16,0,16,0.00040071364492177963,0
molecola_42634,17,0,17,0.0001802346232580021,0
molecola_42634,18,0,18,0.00015942884783726186,0
molecola_42634,19,0,19,0.00016985360707622021,0
molecola_42634,20,0,20,0.00015056855045259,0
molecola_42634,21,0,21,0.002898886101320386,0
molecola_42634,22,1,22,0.9424576163291931,1
molecola_42634,23,1,23,0.9544742703437805,1
molecola_42634,24,1,24,0.9425530433654785,1
molecola_42634,25,1,25,0.932890772819519,1
molecola_42634,26,0,26,0.007013860624283552,0
molecola_42634,27,0,27,0.007013860624283552,0
molecola_42634,28,0,28,0.004305840935558081,0
molecola_42634,29,0,29,0.00013690351624973118,0
molecola_42634,30,0,30,0.0001323498145211488,0
molecola_42634,31,0,31,0.00016296637477353215,0
molecola_42634,32,0,32,0.00014710583491250873,0
molecola_42634,33,0,33,0.00018294132314622402,0
molecola_42634,34,0,34,0.0001404039066983387,0
molecola_42634,35,0,35,0.00014148256741464138,0
molecola_42634,36,0,36,0.004446903709322214,0
molecola_42634,37,0,37,0.02369881421327591,0
molecola_42634,38,0,38,0.047907229512929916,0
molecola_42634,39,0,39,0.02744697593152523,0
molecola_42634,40,0,40,0.02744697593152523,0
molecola_42776,1,0,1,0.0008395342738367617,0
molecola_42776,2,0,2,0.0017071504844352603,0
molecola_42776,3,0,3,0.0022858809679746628,0
molecola_42776,4,0,4,0.0034073356073349714,0
molecola_42776,5,0,5,0.027247318997979164,0
molecola_42776,6,0,6,0.003687208518385887,0
molecola_42776,7,0,7,0.002166530815884471,0
molecola_42776,8,0,8,0.003687208518385887,0
molecola_42776,9,0,9,0.027247318997979164,0
molecola_42776,10,1,10,0.9026888608932495,1
molecola_42776,11,1,11,0.3725738823413849,0
molecola_42776,12,1,12,0.9301713705062866,1
molecola_42776,13,0,13,0.0016889192629605532,0
molecola_42776,14,0,14,0.0013825333444401622,0
molecola_42776,15,0,15,0.0008351137512363493,0
molecola_42776,16,0,16,0.0008216931018978357,0
molecola_42776,17,0,17,0.0001757722202455625,0
molecola_42776,18,0,18,0.0001551698660477996,0
molecola_42776,19,0,19,0.00014677265426144004,0
molecola_42776,20,0,20,0.00014677265426144004,0
molecola_42776,21,0,21,0.9026888608932495,1
molecola_42776,22,0,22,0.3725738823413849,0
molecola_42776,23,0,23,0.9301713705062866,1
molecola_42776,24,0,24,0.0014366514515131712,0
molecola_42776,25,0,25,0.001224075211212039,0
molecola_42776,26,0,26,0.0008406073320657015,0
molecola_42776,27,0,27,0.0021592078264802694,0
molecola_42776,28,0,28,0.0009837421821430326,0
molecola_42776,29,0,29,0.000814522267319262,0
molecola_42776,30,0,30,0.0013147497083991766,0
molecola_42776,31,0,31,0.000814522267319262,0
molecola_42776,32,0,32,0.0009837421821430326,0
molecola_42776,33,0,33,0.00032976895454339683,0
molecola_42776,34,0,34,0.00019600354426074773,0
molecola_42776,35,0,35,0.00019308942137286067,0
molecola_42776,36,0,36,0.00022722789435647428,0
molecola_42776,37,0,37,0.00019600354426074773,0
molecola_42776,38,0,38,0.00019308942137286067,0
molecola_42776,39,0,39,0.00022722789435647428,0
molecola_43152,1,0,1,0.00027570882230065763,0
molecola_43152,2,0,2,0.0009850735077634454,0
molecola_43152,3,0,3,0.0006342701963149011,0
molecola_43152,4,0,4,0.0007951273582875729,0
molecola_43152,5,0,5,0.0007951823063194752,0
molecola_43152,6,0,6,0.0006861629080958664,0
molecola_43152,7,0,7,0.0007970857550390065,0
molecola_43152,8,0,8,0.0003049704246222973,0
molecola_43152,9,0,9,0.00018083160102833062,0
molecola_43152,10,0,10,0.0013780409935861826,0
molecola_43152,11,1,11,0.9926117062568665,1
molecola_43152,12,1,12,0.9968131184577942,1
molecola_43152,13,0,13,0.0010204730788245797,0
molecola_43152,14,0,14,0.0006109692621976137,0
molecola_43152,15,0,15,0.0007947898702695966,0
molecola_43152,16,0,16,0.0006992165581323206,0
molecola_43152,17,0,17,0.0007947898702695966,0
molecola_43152,18,0,18,0.0006109692621976137,0
molecola_43270,1,1,1,0.9326610565185547,1
molecola_43270,2,1,2,0.906435489654541,1
molecola_43270,3,0,3,0.3766835331916809,0
molecola_43270,4,0,4,0.14530043303966522,0
molecola_43270,5,0,5,0.01682657189667225,0
molecola_43270,6,0,6,0.0055706012062728405,0
molecola_43270,7,0,7,0.001243631006218493,0
molecola_43270,8,0,8,0.0003162164648529142,0
molecola_43270,9,0,9,0.00028211475000716746,0
molecola_43270,10,0,10,0.001005427329801023,0
molecola_43270,11,0,11,0.0007171386969275773,0
molecola_43270,12,0,12,0.0008272021659649909,0
molecola_43270,13,0,13,0.0008261583861894906,0
molecola_43270,14,0,14,0.0007173406193032861,0
molecola_43270,15,0,15,0.0009859481360763311,0
molecola_43270,16,0,16,0.0003334329230710864,0
molecola_43270,17,0,17,0.0006907066563144326,0
molecola_43280,1,0,1,0.0021450326312333345,0
molecola_43280,2,0,2,0.0023106071166694164,0
molecola_43280,3,0,3,0.0022317233961075544,0
molecola_43280,4,0,4,0.0014993080403655767,0
molecola_43280,5,0,5,0.0024962101597338915,0
molecola_43280,6,0,6,0.0011183364549651742,0
molecola_43280,7,0,7,0.01321315672248602,0
molecola_43280,8,1,8,0.995505690574646,1
molecola_43280,9,1,9,0.998491644859314,1
molecola_43280,10,0,10,0.0014005402335897088,0
molecola_43280,11,0,11,0.0010380237363278866,0
molecola_43280,12,0,12,0.000868032278958708,0
molecola_43280,13,0,13,0.001775539480149746,0
molecola_43280,14,0,14,0.0007247525500133634,0
molecola_43280,15,0,15,0.0009810671908780932,0
molecola_43280,16,0,16,0.0007247525500133634,0
molecola_43280,17,0,17,0.0017755766166374087,0
molecola_43280,18,0,18,0.0008687091176398098,0
molecola_43280,19,0,19,0.001055148197337985,0
molecola_43280,20,0,20,0.0016817932482808828,0
molecola_43280,21,0,21,0.001460411585867405,0
molecola_43280,22,0,22,0.0011672264663502574,0
molecola_43288,1,1,1,0.998534083366394,1
molecola_43288,2,1,2,0.9955975413322449,1
molecola_43288,3,0,3,0.015505284070968628,0
molecola_43288,4,0,4,0.0008204025216400623,0
molecola_43288,5,0,5,0.0007374324486590922,0
molecola_43288,6,0,6,0.0008180696167983115,0
molecola_43288,7,0,7,0.0001702822046354413,0
molecola_43288,8,0,8,0.00014977868704590946,0
molecola_43288,9,0,9,0.00024835579097270966,0
molecola_43288,10,0,10,0.0013511845609173179,0
molecola_43288,11,0,11,0.0007392878760583699,0
molecola_43295,1,0,1,0.0019548109266906977,0
molecola_43295,2,0,2,0.0027995463460683823,0
molecola_43295,3,0,3,0.0009285962441936135,0
molecola_43295,4,0,4,0.0020774593576788902,0
molecola_43295,5,0,5,0.0007327480125240982,0
molecola_43295,6,0,6,0.000981049844995141,0
molecola_43295,7,0,7,0.0008411076851189137,0
molecola_43295,8,0,8,0.001504620537161827,0
molecola_43295,9,0,9,0.0013622286496683955,0
molecola_43295,10,0,10,0.0008109763730317354,0
molecola_43295,11,0,11,0.0008215083507820964,0
molecola_43295,12,0,12,0.0008254364365711808,0
molecola_43295,13,0,13,0.0008271162514574826,0
molecola_43295,14,0,14,0.0014938554959371686,0
molecola_43295,15,0,15,0.0015738762449473143,0
molecola_43295,16,0,16,0.010377912782132626,0
molecola_43295,17,1,17,0.9954347014427185,1
molecola_43295,18,1,18,0.9984586238861084,1
molecola_43295,19,0,19,0.0012556260917335749,0
molecola_43310,1,0,1,0.0002900159452110529,0
molecola_43310,2,0,2,0.0005460705724544823,0
molecola_43310,3,0,3,0.000631823088042438,0
molecola_43310,4,0,4,0.0011124748270958662,0
molecola_43310,5,0,5,0.0024909961502999067,0
molecola_43310,6,0,6,0.0007366345380432904,0
molecola_43310,7,0,7,0.0009891226654872298,0
molecola_43310,8,0,8,0.0008540765848010778,0
molecola_43310,9,0,9,0.011067191138863564,0
molecola_43310,10,1,10,0.9955058097839355,1
molecola_43310,11,1,11,0.998491644859314,1
molecola_43310,12,0,12,0.0010035225423052907,0
molecola_43334,1,1,1,0.9984586238861084,1
molecola_43334,2,1,2,0.9954349398612976,1
molecola_43334,3,0,3,0.006457800045609474,0
molecola_43334,4,0,4,0.0009593030554242432,0
molecola_43334,5,0,5,0.00020563120779115707,0
molecola_43334,6,0,6,0.00018744732369668782,0
molecola_43334,7,0,7,0.0009660140494816005,0
molecola_43334,8,0,8,0.0006385000888258219,0
molecola_43334,9,0,9,0.0009479165310040116,0
molecola_43334,10,0,10,0.0007223133579827845,0
molecola_43334,11,0,11,0.0017443066462874413,0
molecola_43334,12,0,12,0.0008696693694218993,0
molecola_43334,13,0,13,0.001031650579534471,0
molecola_43334,14,0,14,0.00141927192453295,0
molecola_43334,15,0,15,0.0013285746099427342,0
molecola_43334,16,0,16,0.0008478973177261651,0
molecola_43334,17,0,17,0.0008256523869931698,0
molecola_43334,18,0,18,0.000827520212624222,0
molecola_43334,19,0,19,0.0008539418340660632,0
molecola_43334,20,0,20,0.001389247365295887,0
molecola_43334,21,0,21,0.0013169515877962112,0
molecola_43334,22,0,22,0.0010608637239784002,0
molecola_43406,1,1,1,0.998491644859314,1
molecola_43406,2,1,2,0.995505690574646,1
molecola_43406,3,0,3,0.01353535708039999,0
molecola_43406,4,0,4,0.0009813363431021571,0
molecola_43406,5,0,5,0.007554033771157265,0
molecola_43406,6,0,6,0.0008955512312240899,0
molecola_43406,7,0,7,0.002656319411471486,0
molecola_43406,8,0,8,0.0032517695799469948,0
molecola_43406,9,0,9,0.0047813947312533855,0
molecola_43406,10,0,10,0.010982311330735683,0
molecola_43406,11,0,11,0.0106020737439394,0
molecola_43406,12,0,12,0.004686601925641298,0
molecola_43406,13,0,13,0.003262711688876152,0
molecola_43406,14,0,14,0.00268805050291121,0
molecola_43406,15,0,15,0.0010863044299185276,0
molecola_43406,16,0,16,0.005736509338021278,0
molecola_43414,1,1,1,0.937302827835083,1
molecola_43414,2,1,2,0.915131151676178,1
molecola_43414,3,0,3,0.38351964950561523,0
molecola_43414,4,0,4,0.036236487329006195,0
molecola_43414,5,0,5,0.010889536701142788,0
molecola_43414,6,0,6,0.11576706916093826,0
molecola_43414,7,1,7,0.9916784763336182,1
molecola_43414,8,1,8,0.991783857345581,1
molecola_43414,9,0,9,0.018957477062940598,0
molecola_43414,10,0,10,0.002330332063138485,0
molecola_43414,11,0,11,0.0014975771773606539,0
molecola_43414,12,1,12,0.0014826554106548429,0
molecola_43414,13,1,13,0.006121078506112099,0
molecola_43414,14,0,14,0.007809083443135023,0
molecola_43414,15,0,15,0.008089210838079453,0
molecola_43414,16,0,16,0.035903919488191605,0
molecola_43414,17,0,17,0.007363914977759123,0
molecola_43414,18,0,18,0.0073078409768640995,0
molecola_43414,19,0,19,0.915141224861145,1
molecola_43414,20,0,20,0.38351961970329285,0
molecola_43414,21,0,21,0.937302827835083,1
molecola_43414,22,0,22,0.0063275666907429695,0
molecola_43414,23,0,23,0.007074847351759672,0
molecola_43419,1,1,1,0.9985550045967102,1
molecola_43419,2,1,2,0.9955928921699524,1
molecola_43419,3,0,3,0.05273183435201645,0
molecola_43419,4,0,4,0.008891998790204525,0
molecola_43419,5,0,5,0.02355058677494526,0
molecola_43419,6,0,6,0.005964635871350765,0
molecola_43419,7,0,7,0.0010108212009072304,0
molecola_43419,8,0,8,0.0009226204711012542,0
molecola_43419,9,0,9,0.0039531160145998,0
molecola_43419,10,0,10,0.023701559752225876,0
molecola_43419,11,0,11,0.016153736039996147,0
molecola_43426,1,1,1,0.9314551949501038,1
molecola_43426,2,1,2,0.9034441113471985,1
molecola_43426,3,0,3,0.372796893119812,0
molecola_43426,4,0,4,0.16377174854278564,0
molecola_43426,5,0,5,0.025017453357577324,0
molecola_43426,6,0,6,0.00895732082426548,0
molecola_43426,7,0,7,0.0009972041007131338,0
molecola_43426,8,0,8,0.0009826055029407144,0
molecola_43426,9,0,9,0.0008784708916209638,0
molecola_43426,10,0,10,0.001473112846724689,0
molecola_43426,11,0,11,0.001358525361865759,0
molecola_43426,12,0,12,0.0008058720850385725,0
molecola_43426,13,0,13,0.0016644906718283892,0
molecola_43426,14,0,14,0.0007002782076597214,0
molecola_43426,15,0,15,0.0008213040418922901,0
molecola_43426,16,0,16,0.0008212582324631512,0
molecola_43426,17,0,17,0.0007014279835857451,0
molecola_43426,18,0,18,0.001805624458938837,0
molecola_43426,19,0,19,0.0007000339683145285,0
molecola_43426,20,0,20,0.0021435969974845648,0
molecola_43426,21,0,21,0.0010783004108816385,0
molecola_43426,22,0,22,0.009661571122705936,0
molecola_43426,23,0,23,0.0016848673112690449,0
molecola_4346,1,0,1,0.0005277348682284355,0
molecola_4346,2,0,2,0.003467830363661051,0
molecola_4346,3,0,3,0.029864614829421043,0
molecola_4346,4,1,4,0.9760510325431824,1
molecola_4346,5,1,5,0.9830838441848755,1
molecola_4346,6,0,6,0.011471138335764408,0
molecola_4346,7,0,7,0.02063046209514141,0
molecola_4346,8,0,8,0.00726925116032362,0
molecola_4346,9,0,9,0.0030392594635486603,0
molecola_4346,10,0,10,0.0038575013168156147,0
molecola_4346,11,0,11,0.0016580579103901982,0
molecola_4346,12,0,12,0.010023819282650948,0
molecola_4346,13,0,13,0.002806873293593526,0
molecola_4346,14,0,14,0.0024674641899764538,0
molecola_4346,15,0,15,0.0015153756830841303,0
molecola_4346,16,0,16,0.0017642236780375242,0
molecola_4346,17,0,17,0.0061904434114694595,0
molecola_4346,18,0,18,0.008283407427370548,0
molecola_4346,19,0,19,0.006423980928957462,0
molecola_4346,20,0,20,0.006423980928957462,0
molecola_4346,21,0,21,0.004759525880217552,0
molecola_4346,22,0,22,0.0024770740419626236,0
molecola_4346,23,0,23,0.000974230351857841,0
molecola_4346,24,0,24,0.0020277248695492744,0
molecola_4346,25,0,25,0.0030151242390275,0
molecola_4346,26,0,26,0.00256284954957664,0
molecola_43472,1,1,1,0.998534083366394,1
molecola_43472,2,1,2,0.9955975413322449,1
molecola_43472,3,0,3,0.0154599379748106,0
molecola_43472,4,0,4,0.0009434449020773172,0
molecola_43472,5,0,5,0.005684308707714081,0
molecola_43472,6,0,6,0.02495240978896618,0
molecola_43472,7,0,7,0.016340510919690132,0
molecola_43472,8,0,8,0.024758320301771164,0
molecola_43472,9,0,9,0.004977372009307146,0
molecola_43472,10,0,10,0.0009570636902935803,0
molecola_43472,11,0,11,0.0009570641559548676,0
molecola_43472,12,0,12,0.004981087986379862,0
molecola_43472,13,0,13,0.024751506745815277,0
molecola_43472,14,0,14,0.0162180345505476,0
molecola_43472,15,0,15,0.0244616586714983,0
molecola_43472,16,0,16,0.004866290371865034,0
molecola_43497,1,0,1,0.00022165317204780877,0
molecola_43497,2,0,2,0.001246629050001502,0
molecola_43497,3,0,3,0.0002206284407293424,0
molecola_43497,4,0,4,0.0012082492467015982,0
molecola_43497,5,0,5,0.0005784861277788877,0
molecola_43497,6,0,6,0.000969475251622498,0
molecola_43497,7,0,7,0.0007328646606765687,0
molecola_43497,8,0,8,0.014830722473561764,0
molecola_43497,9,0,9,0.0005711512640118599,0
molecola_43497,10,1,10,0.9955975413322449,1
molecola_43497,11,1,11,0.998534083366394,1
molecola_43497,12,0,12,0.9954308271408081,1
molecola_43497,13,0,13,0.9984729886054993,1
molecola_43599,1,0,1,0.019297868013381958,0
molecola_43599,2,0,2,0.03198852017521858,0
molecola_43599,3,0,3,0.019297868013381958,0
molecola_43599,4,1,4,0.9824714064598083,1
molecola_43599,5,1,5,0.9858132004737854,1
molecola_43599,6,0,6,0.9702611565589905,1
molecola_43599,7,0,7,0.9709792137145996,1
molecola_43599,8,0,8,0.9075497984886169,1
molecola_43599,9,0,9,0.8842676877975464,1
molecola_43599,10,0,10,0.01189044676721096,0
molecola_43599,11,0,11,0.006659675855189562,0
molecola_43599,12,0,12,0.0012975797289982438,0
molecola_43599,13,0,13,0.000807416217867285,0
molecola_43599,14,0,14,0.003931188955903053,0
molecola_43599,15,0,15,0.0013403032207861543,0
molecola_43599,16,0,16,0.007395480759441853,0
molecola_43599,17,0,17,0.17406247556209564,0
molecola_43728,1,0,1,0.00012195146700832993,0
molecola_43728,2,0,2,0.00016479652549605817,0
molecola_43728,3,0,3,0.00017135654343292117,0
molecola_43728,4,0,4,0.0009212738368660212,0
molecola_43728,5,0,5,0.0006238078931346536,0
molecola_43728,6,0,6,0.001002796576358378,0
molecola_43728,7,0,7,0.0017586086178198457,0
molecola_43728,8,0,8,0.020661097019910812,0
molecola_43728,9,0,9,0.001552134519442916,0
molecola_43728,10,0,10,0.0003396267129573971,0
molecola_43728,11,1,11,0.9026947617530823,1
molecola_43728,12,0,12,0.37256893515586853,0
molecola_43728,13,1,13,0.9301702380180359,1
molecola_43838,1,0,1,0.00014385573740582913,0
molecola_43838,2,0,2,0.00015766853175591677,0
molecola_43838,3,0,3,0.00015649991109967232,0
molecola_43838,4,0,4,0.00015496715786866844,0
molecola_43838,5,0,5,0.00015498946595471352,0
molecola_43838,6,0,6,0.00015501014422625303,0
molecola_43838,7,0,7,0.00015522803005296737,0
molecola_43838,8,0,8,0.00014539502444677055,0
molecola_43838,9,0,9,0.0001389739045407623,0
molecola_43838,10,0,10,0.00018467201152816415,0
molecola_43838,11,0,11,0.0002857317158486694,0
molecola_43838,12,0,12,0.0003601039352361113,0
molecola_43838,13,0,13,0.00018467201152816415,0
molecola_43838,14,0,14,0.0001389739045407623,0
molecola_43838,15,0,15,0.00014539502444677055,0
molecola_43838,16,0,16,0.00015522803005296737,0
molecola_43838,17,0,17,0.00015501014422625303,0
molecola_43838,18,0,18,0.00015498946595471352,0
molecola_43838,19,0,19,0.00015496715786866844,0
molecola_43838,20,0,20,0.00015649991109967232,0
molecola_43838,21,0,21,0.00015766853175591677,0
molecola_43838,22,0,22,0.00014385573740582913,0
molecola_43838,23,0,23,0.00037339457776397467,0
molecola_43838,24,0,24,0.0013111743610352278,0
molecola_43838,25,0,25,0.0009143408969976008,0
molecola_43838,26,0,26,0.0019155882764607668,0
molecola_43838,27,0,27,0.02696484513580799,0
molecola_43838,28,0,28,0.0019155882764607668,0
molecola_43838,29,0,29,0.0009143408969976008,0
molecola_43838,30,1,30,0.9144297242164612,1
molecola_43838,31,0,31,0.40224704146385193,0
molecola_43838,32,1,32,0.9387660622596741,1
molecola_43853,1,0,1,0.006441428326070309,0
molecola_43853,2,0,2,0.008883034810423851,0
molecola_43853,3,0,3,0.006441428326070309,0
molecola_43853,4,0,4,0.5594549775123596,1
molecola_43853,5,0,5,0.767920732498169,1
molecola_43853,6,0,6,0.8234014511108398,1
molecola_43853,7,0,7,0.7337717413902283,1
molecola_43853,8,1,8,0.9915328621864319,1
molecola_43853,9,1,9,0.9912582039833069,1
molecola_43853,10,0,10,0.016307877376675606,0
molecola_43853,11,0,11,0.010029247961938381,0
molecola_43853,12,0,12,0.010029247961938381,0
molecola_44111,1,1,1,0.9387661814689636,1
molecola_44111,2,1,2,0.9143852591514587,1
molecola_44111,3,0,3,0.40224725008010864,0
molecola_44111,4,0,4,0.03281323239207268,0
molecola_44111,5,0,5,0.001887706806883216,0
molecola_44111,6,0,6,0.001317012356594205,0
molecola_44111,7,0,7,0.007113045081496239,0
molecola_44111,8,0,8,0.018133921548724174,0
molecola_44111,9,0,9,0.008111953735351562,0
molecola_44111,10,0,10,0.011364521458745003,0
molecola_44111,11,0,11,0.018290305510163307,0
molecola_44111,12,0,12,0.006178629584610462,0
molecola_44111,13,0,13,0.0010132017778232694,0
molecola_44111,14,0,14,0.0017749074613675475,0
molecola_44111,15,0,15,0.0007247155881486833,0
molecola_44111,16,0,16,0.0009810671908780932,0
molecola_44111,17,0,17,0.0007247639005072415,0
molecola_44111,18,0,18,0.0017767719691619277,0
molecola_44111,19,0,19,0.0008712253184057772,0
molecola_44111,20,0,20,0.0010295793181285262,0
molecola_44111,21,0,21,0.0018069141078740358,0
molecola_44111,22,0,22,0.006570602301508188,0
molecola_44111,23,0,23,0.0013099550269544125,0
molecola_44254,1,0,1,0.00021494735847227275,0
molecola_44254,2,0,2,0.00029775031725876033,0
molecola_44254,3,0,3,0.001513644470833242,0
molecola_44254,4,0,4,0.008908452466130257,0
molecola_44254,5,1,5,0.9978528022766113,1
molecola_44254,6,1,6,0.9992979764938354,1
molecola_44254,7,0,7,0.0007830196991562843,0
molecola_44254,8,0,8,0.001044337172061205,0
molecola_44254,9,0,9,0.00173223449382931,0
molecola_44254,10,0,10,0.020678559318184853,0
molecola_44254,11,0,11,0.9026423096656799,1
molecola_44254,12,0,12,0.3725720942020416,0
molecola_44254,13,0,13,0.930171012878418,1
molecola_44327,1,0,1,0.11183343082666397,0
molecola_44327,2,1,2,0.9187222719192505,1
molecola_44327,3,1,3,0.9187222719192505,1
molecola_44327,4,0,4,0.11183340847492218,0
molecola_44327,5,1,5,0.3558349311351776,0
molecola_44327,6,1,6,0.639511227607727,1
molecola_44327,7,1,7,0.5634044408798218,1
molecola_44327,8,1,8,0.563404381275177,1
molecola_44327,9,1,9,0.5616162419319153,1
molecola_44327,10,1,10,0.6965228915214539,1
molecola_44327,11,1,11,0.9795917868614197,1
molecola_44327,12,1,12,0.9795917868614197,1
molecola_44327,13,1,13,0.5616163015365601,1
molecola_44327,14,1,14,0.6965228915214539,1
molecola_44327,15,1,15,0.3558349311351776,0
molecola_44327,16,1,16,0.6395111680030823,1
molecola_44376,1,0,1,0.0007885954109951854,0
molecola_44376,2,0,2,0.0015285166446119547,0
molecola_44376,3,0,3,0.0010585105046629906,0
molecola_44376,4,0,4,0.0010574623011052608,0
molecola_44376,5,0,5,0.026627536863088608,0
molecola_44376,6,0,6,0.0010104500688612461,0
molecola_44376,7,0,7,0.0017057906370609999,0
molecola_44376,8,0,8,0.0008007017895579338,0
molecola_44376,9,1,9,0.9803075194358826,1
molecola_44376,10,1,10,0.9908517003059387,1
molecola_44376,11,1,11,0.9756905436515808,1
molecola_44376,12,1,12,0.970035970211029,1
molecola_44376,13,1,13,0.9778292179107666,1
molecola_44376,14,1,14,0.9713043570518494,1
molecola_44376,15,1,15,0.9896472096443176,1
molecola_44376,16,1,16,0.9785946011543274,1
molecola_44380,1,0,1,0.0005839735385961831,0
molecola_44380,2,0,2,0.0016494689043611288,0
molecola_44380,3,0,3,0.0007585597923025489,0
molecola_44380,4,0,4,0.0009809115435928106,0
molecola_44380,5,0,5,0.0021944509353488684,0
molecola_44380,6,0,6,0.08678912371397018,0
molecola_44380,7,0,7,0.0022554455790668726,0
molecola_44380,8,1,8,0.9897986650466919,1
molecola_44380,9,1,9,0.991719126701355,1
molecola_44380,10,1,10,0.9445011019706726,1
molecola_44380,11,1,11,0.9292283654212952,1
molecola_44380,12,1,12,0.9918789863586426,1
molecola_44380,13,1,13,0.9919412136077881,1
molecola_44380,14,1,14,0.949181854724884,1
molecola_44380,15,1,15,0.9464297294616699,1
molecola_44468,1,0,1,0.00017858415958471596,0
molecola_44468,2,0,2,0.0002940883277915418,0
molecola_44468,3,0,3,0.001451326534152031,0
molecola_44468,4,0,4,0.0025304455775767565,0
molecola_44468,5,0,5,0.0031299267429858446,0
molecola_44468,6,0,6,0.002501483540982008,0
molecola_44468,7,0,7,0.0011695525608956814,0
molecola_44468,8,0,8,0.0018983217887580395,0
molecola_44468,9,0,9,0.01416695024818182,0
molecola_44468,10,0,10,0.9588857889175415,1
molecola_44468,11,0,11,0.9645253419876099,1
molecola_44468,12,0,12,0.010510056279599667,0
molecola_44468,13,1,13,0.9954347014427185,1
molecola_44468,14,1,14,0.9984585046768188,1
molecola_44497,1,0,1,0.024552693590521812,0
molecola_44497,2,1,2,0.9901177287101746,1
molecola_44497,3,1,3,0.9924778938293457,1
molecola_44497,4,1,4,0.9453979730606079,1
molecola_44497,5,1,5,0.9258176684379578,1
molecola_44497,6,1,6,0.9924778938293457,1
molecola_44497,7,1,7,0.9901177287101746,1
molecola_44497,8,0,8,0.024552693590521812,0
molecola_44497,9,1,9,0.9546865224838257,1
molecola_44497,10,1,10,0.9590771794319153,1
molecola_44505,1,0,1,0.00048237197916023433,0
molecola_44505,2,0,2,0.001356863067485392,0
molecola_44505,3,0,3,0.0008924250723794103,0
molecola_44505,4,0,4,0.0009254065225832164,0
molecola_44505,5,0,5,0.010079543106257915,0
molecola_44505,6,1,6,0.9955061674118042,1
molecola_44505,7,1,7,0.9984917640686035,1
molecola_44505,8,0,8,0.001325126620940864,0
molecola_44505,9,0,9,0.0006333973142318428,0
molecola_44505,10,0,10,0.00124119792599231,0
molecola_44505,11,0,11,0.0006030989461578429,0
molecola_44569,1,0,1,0.00017084083810914308,0
molecola_44569,2,0,2,0.000236950654652901,0
molecola_44569,3,0,3,0.00018188089597970247,0
molecola_44569,4,0,4,0.00027517860871739686,0
molecola_44569,5,0,5,0.0007731925579719245,0
molecola_44569,6,0,6,0.0013878807658329606,0
molecola_44569,7,0,7,0.0004009478725492954,0
molecola_44569,8,0,8,0.0004009478725492954,0
molecola_44569,9,0,9,0.001690551289357245,0
molecola_44569,10,1,10,0.9904610514640808,1
molecola_44569,11,1,11,0.9955767393112183,1
molecola_44591,1,0,1,0.0007973690517246723,0
molecola_44591,2,0,2,0.001476096105761826,0
molecola_44591,3,0,3,0.001351069426164031,0
molecola_44591,4,0,4,0.006265480536967516,0
molecola_44591,5,0,5,0.010870846919715405,0
molecola_44591,6,0,6,0.005711910780519247,0
molecola_44591,7,0,7,0.015049384906888008,0
molecola_44591,8,1,8,0.9955058097839355,1
molecola_44591,9,1,9,0.9984917640686035,1
molecola_44591,10,0,10,0.01615615375339985,0
molecola_44591,11,0,11,0.005933437030762434,0
molecola_4460,1,0,1,0.0015106709906831384,0
molecola_4460,2,0,2,0.008962715044617653,0
molecola_4460,3,0,3,0.002586551709100604,0
molecola_4460,4,0,4,0.00021755415946245193,0
molecola_4460,5,0,5,0.002346707507967949,0
molecola_4460,6,0,6,0.007470720447599888,0
molecola_4460,7,0,7,0.002665052656084299,0
molecola_4460,8,0,8,0.004396331496536732,0
molecola_4460,9,0,9,0.004041840322315693,0
molecola_4460,10,0,10,0.0193052738904953,0
molecola_4460,11,0,11,0.02177649363875389,0
molecola_4460,12,0,12,0.011836170218884945,0
molecola_4460,13,0,13,0.026602020487189293,0
molecola_4460,14,0,14,0.009563341736793518,0
molecola_4460,15,0,15,0.0014602404553443193,0
molecola_4460,16,0,16,0.0008260529139079154,0
molecola_4460,17,0,17,0.0008337886538356543,0
molecola_4460,18,0,18,0.0008818325004540384,0
molecola_4460,19,0,19,0.0025118121411651373,0
molecola_4460,20,0,20,0.0007918582414276898,0
molecola_4460,21,0,21,0.03618394583463669,0
molecola_4460,22,0,22,0.02208263799548149,0
molecola_4460,23,0,23,0.005144313909113407,0
molecola_4460,24,0,24,0.0009893841343000531,0
molecola_4460,25,0,25,0.0014324997318908572,0
molecola_4460,26,0,26,0.000577959232032299,0
molecola_4460,27,0,27,0.0009893841343000531,0
molecola_4460,28,0,28,0.005144313909113407,0
molecola_4460,29,0,29,0.010276790708303452,0
molecola_4460,30,1,30,0.9918177127838135,1
molecola_4460,31,1,31,0.9963542222976685,1
molecola_4460,32,0,32,0.015402661636471748,0
molecola_4460,33,0,33,0.01112662348896265,0
molecola_4460,34,0,34,0.01112662348896265,0
molecola_44613,1,0,1,0.0011298632016405463,0
molecola_44613,2,0,2,0.003864327212795615,0
molecola_44613,3,0,3,0.004377778619527817,0
molecola_44613,4,0,4,0.004257913213223219,0
molecola_44613,5,0,5,0.02900131605565548,0
molecola_44613,6,1,6,0.9955743551254272,1
molecola_44613,7,1,7,0.9985248446464539,1
molecola_44613,8,0,8,0.0015568665694445372,0
molecola_44613,9,0,9,0.0002888938470277935,0
molecola_44613,10,0,10,0.00022830459056422114,0
molecola_44613,11,0,11,0.0006411923677660525,0
molecola_44613,12,0,12,0.0004119969089515507,0
molecola_44613,13,0,13,0.0001681078429101035,0
molecola_44613,14,0,14,0.0001163213892141357,0
molecola_44613,15,0,15,0.00011359646305209026,0
molecola_44613,16,0,16,0.00015681001241318882,0
molecola_44678,1,1,1,0.9387659430503845,1
molecola_44678,2,1,2,0.9139811992645264,1
molecola_44678,3,0,3,0.4022469222545624,0
molecola_44678,4,0,4,0.03443821147084236,0
molecola_44678,5,0,5,0.0017559645930305123,0
molecola_44678,6,0,6,0.0051454515196383,0
molecola_44678,7,0,7,0.00498660933226347,0
molecola_44678,8,0,8,0.005271133501082659,0
molecola_44678,9,0,9,0.0051426938734948635,0
molecola_44678,10,0,10,0.0073410640470683575,0
molecola_44750,1,1,1,0.9292140603065491,1
molecola_44750,2,1,2,0.9006202816963196,1
molecola_44750,3,0,3,0.3773025572299957,0
molecola_44750,4,0,4,0.07410267740488052,0
molecola_44750,5,0,5,0.049757301807403564,0
molecola_44750,6,0,6,0.019517172127962112,0
molecola_44750,7,0,7,0.1369764804840088,0
molecola_44750,8,0,8,0.008970766328275204,0
molecola_44750,9,0,9,0.0014985385350883007,0
molecola_44750,10,0,10,0.0013711288338527083,0
molecola_44750,11,0,11,0.004588313400745392,0
molecola_44750,12,0,12,0.0007645841687917709,0
molecola_44750,13,0,13,0.02268049493432045,0
molecola_44750,14,0,14,0.1257723718881607,0
molecola_44750,15,0,15,0.15428464114665985,0
molecola_44750,16,0,16,0.38089072704315186,0
molecola_44750,17,0,17,0.007347446866333485,0
molecola_44750,18,0,18,0.0010567321442067623,0
molecola_44750,19,0,19,0.0009035044931806624,0
molecola_44750,20,0,20,0.0014317127643153071,0
molecola_44750,21,0,21,0.000577972736209631,0
molecola_44750,22,0,22,0.0009035044931806624,0
molecola_44750,23,0,23,0.0010567321442067623,0
molecola_44851,1,0,1,0.0005702466587536037,0
molecola_44851,2,0,2,0.0031899043824523687,0
molecola_44851,3,0,3,0.035603176802396774,0
molecola_44851,4,1,4,0.9977990984916687,1
molecola_44851,5,1,5,0.9992907047271729,1
molecola_44851,6,0,6,0.007731092628091574,0
molecola_44851,7,0,7,0.016121454536914825,0
molecola_44851,8,0,8,0.008451458998024464,0
molecola_44851,9,0,9,0.0012057803105562925,0
molecola_44851,10,0,10,0.0023876861669123173,0
molecola_44851,11,0,11,0.0031089126132428646,0
molecola_44851,12,0,12,0.003217444522306323,0
molecola_44851,13,0,13,0.005943480413407087,0
molecola_44851,14,0,14,0.0027284303214401007,0
molecola_44851,15,0,15,0.0016149914590641856,0
molecola_44851,16,0,16,0.009357738308608532,0
molecola_44967,1,0,1,0.0006857608677819371,0
molecola_44967,2,0,2,0.000766695593483746,0
molecola_44967,3,0,3,0.0016760820290073752,0
molecola_44967,4,0,4,0.0015342882834374905,0
molecola_44967,5,0,5,0.0021511660888791084,0
molecola_44967,6,0,6,0.0033976631239056587,0
molecola_44967,7,0,7,0.004740486852824688,0
molecola_44967,8,0,8,0.002062964253127575,0
molecola_44967,9,0,9,0.0018146433867514133,0
molecola_44967,10,0,10,0.0016829450614750385,0
molecola_44967,11,0,11,0.0008186594932340086,0
molecola_44967,12,0,12,0.0007069803541526198,0
molecola_44967,13,0,13,0.022240806370973587,0
molecola_44967,14,0,14,0.003145001595839858,0
molecola_44967,15,1,15,0.9955058097839355,1
molecola_44967,16,1,16,0.998491644859314,1
molecola_44969,1,0,1,0.9292136430740356,1
molecola_44969,2,0,2,0.900618851184845,1
molecola_44969,3,0,3,0.37730273604393005,0
molecola_44969,4,0,4,0.07397562265396118,0
molecola_44969,5,0,5,0.03844496235251427,0
molecola_44969,6,0,6,0.017525462433695793,0
molecola_44969,7,0,7,0.11428827792406082,0
molecola_44969,8,0,8,0.004449815955013037,0
molecola_44969,9,0,9,0.0009658719063736498,0
molecola_44969,10,0,10,0.0017740813782438636,0
molecola_44969,11,0,11,0.02539551630616188,0
molecola_44969,12,0,12,0.14478975534439087,0
molecola_44969,13,0,13,0.15657247602939606,0
molecola_44969,14,0,14,0.38281455636024475,0
molecola_44969,15,0,15,0.007612628396600485,0
molecola_44969,16,0,16,0.0010666694724932313,0
molecola_44969,17,0,17,0.0008292502025142312,0
molecola_44969,18,0,18,0.0008764667436480522,0
molecola_44969,19,0,19,0.0017467295983806252,0
molecola_44969,20,0,20,0.025111928582191467,0
molecola_44969,21,1,21,0.9027253985404968,1
molecola_44969,22,0,22,0.37256500124931335,0
molecola_44969,23,1,23,0.930169403553009,1
molecola_45078,1,1,1,0.8718410730361938,1
molecola_45078,2,1,2,0.8867122530937195,1
molecola_45078,3,1,3,0.9287307262420654,1
molecola_45078,4,1,4,0.854045569896698,1
molecola_45078,5,0,5,0.07163777202367783,0
molecola_45078,6,0,6,0.5061013102531433,1
molecola_45078,7,0,7,0.07010378688573837,0
molecola_45078,8,0,8,0.004906776826828718,0
molecola_45078,9,0,9,0.00169147620908916,0
molecola_45078,10,0,10,0.08942326158285141,0
molecola_45078,11,0,11,0.5459591150283813,1
molecola_45078,12,1,12,0.8267266750335693,1
molecola_45078,13,1,13,0.893092691898346,1
molecola_45078,14,1,14,0.8833999037742615,1
molecola_45078,15,1,15,0.867590606212616,1
molecola_45078,16,1,16,0.960446298122406,1
molecola_45078,17,0,17,0.8453466296195984,1
molecola_45078,18,0,18,0.0034455405548214912,0
molecola_45078,19,0,19,0.0010548783466219902,0
molecola_45078,20,0,20,0.0025207791477441788,0
molecola_45078,21,0,21,0.0019153511384502053,0
molecola_45078,22,0,22,0.06777765601873398,0
molecola_45078,23,1,23,0.8189861178398132,1
molecola_45078,24,1,24,0.8907955288887024,1
molecola_45286,1,0,1,0.00018977621220983565,0
molecola_45286,2,0,2,0.001296118600293994,0
molecola_45286,3,0,3,0.01068528089672327,0
molecola_45286,4,0,4,0.00504994485527277,0
molecola_45286,5,0,5,0.0014739626785740256,0
molecola_45286,6,0,6,0.05407620593905449,0
molecola_45286,7,1,7,0.9955060482025146,1
molecola_45286,8,1,8,0.9984917640686035,1
molecola_45286,9,0,9,0.013050065375864506,0
molecola_45286,10,0,10,0.008714943192899227,0
molecola_45286,11,0,11,0.0067805033177137375,0
molecola_45289,1,0,1,0.00018958142027258873,0
molecola_45289,2,0,2,0.00023606490867678076,0
molecola_45289,3,0,3,0.00018958142027258873,0
molecola_45289,4,0,4,0.003136551706120372,0
molecola_45289,5,0,5,0.0001666855241637677,0
molecola_45289,6,0,6,0.002912733471021056,0
molecola_45289,7,1,7,0.9318472146987915,1
molecola_45289,8,0,8,0.003746488131582737,0
molecola_45289,9,1,9,0.9568939805030823,1
molecola_45289,10,1,10,0.9480648040771484,1
molecola_45289,11,1,11,0.945587694644928,1
molecola_45303,1,0,1,0.003003286197781563,0
molecola_45303,2,0,2,0.0029121479019522667,0
molecola_45303,3,0,3,0.002436254173517227,0
molecola_45303,4,0,4,0.0010615906212478876,0
molecola_45303,5,0,5,0.001119480119086802,0
molecola_45303,6,0,6,0.0021233863662928343,0
molecola_45303,7,0,7,0.0007500472711399198,0
molecola_45303,8,0,8,0.0009576205047778785,0
molecola_45303,9,0,9,0.018616460263729095,0
molecola_45303,10,1,10,0.9955054521560669,1
molecola_45303,11,1,11,0.9984917640686035,1
molecola_45309,1,0,1,0.9387663006782532,1
molecola_45309,2,0,2,0.9143226742744446,1
molecola_45309,3,0,3,0.4022473990917206,0
molecola_45309,4,0,4,0.033794183284044266,0
molecola_45309,5,0,5,0.006863748654723167,0
molecola_45309,6,0,6,0.011350568383932114,0
molecola_45309,7,0,7,0.006863748654723167,0
molecola_45309,8,0,8,0.03379419073462486,0
molecola_45309,9,0,9,0.00242440914735198,0
molecola_45309,10,1,10,0.9143226742744446,1
molecola_45309,11,0,11,0.4022473692893982,0
molecola_45309,12,1,12,0.9387663006782532,1
molecola_45309,13,0,13,0.016094567254185677,0
molecola_45309,14,0,14,0.005955810192972422,0
molecola_45371,1,1,1,0.998534083366394,1
molecola_45371,2,1,2,0.9955975413322449,1
molecola_45371,3,0,3,0.01613888330757618,0
molecola_45371,4,0,4,0.0008380592917092144,0
molecola_45371,5,0,5,0.0009705569827929139,0
molecola_45371,6,0,6,0.004682249389588833,0
molecola_45371,7,0,7,0.0030847229063510895,0
molecola_45371,8,0,8,0.002769172890111804,0
molecola_45371,9,0,9,0.0028869635425508022,0
molecola_45371,10,0,10,0.00446186400949955,0
molecola_45371,11,0,11,0.0014751652488484979,0
molecola_45620,1,0,1,0.0005782510270364583,0
molecola_45620,2,0,2,0.0008951203199103475,0
molecola_45620,3,0,3,0.0021383720450103283,0
molecola_45620,4,0,4,0.0009211949072778225,0
molecola_45620,5,0,5,0.000885267392732203,0
molecola_45620,6,0,6,0.0008326191455125809,0
molecola_45620,7,0,7,0.000943122198805213,0
molecola_45620,8,0,8,0.0030678545590490103,0
molecola_45620,9,0,9,0.005354075226932764,0
molecola_45620,10,0,10,0.007024811580777168,0
molecola_45620,11,0,11,0.008664404042065144,0
molecola_45620,12,0,12,0.0017227532807737589,0
molecola_45620,13,0,13,0.0008490033214911819,0
molecola_45620,14,0,14,0.0007027284009382129,0
molecola_45620,15,0,15,0.0008490033214911819,0
molecola_45620,16,0,16,0.0017227532807737589,0
molecola_45620,17,0,17,0.0032547491136938334,0
molecola_45620,18,0,18,0.0008811895968392491,0
molecola_45620,19,0,19,0.01464271079748869,0
molecola_45620,20,0,20,0.0008865799754858017,0
molecola_45620,21,0,21,0.001150496187619865,0
molecola_45620,22,0,22,0.0021501253359019756,0
molecola_45620,23,1,23,0.9955975413322449,1
molecola_45620,24,1,24,0.998534083366394,1
molecola_45661,1,1,1,0.938766360282898,1
molecola_45661,2,1,2,0.9143697023391724,1
molecola_45661,3,0,3,0.40224844217300415,0
molecola_45661,4,0,4,0.03218582645058632,0
molecola_45661,5,0,5,0.00172565714456141,0
molecola_45661,6,0,6,0.0066810306161642075,0
molecola_45661,7,0,7,0.02269979938864708,0
molecola_45661,8,0,8,0.010005708783864975,0
molecola_45661,9,0,9,0.014764348976314068,0
molecola_45661,10,0,10,0.001064468757249415,0
molecola_45661,11,0,11,0.001098211039789021,0
molecola_45661,12,0,12,0.0006678231293335557,0
molecola_45661,13,0,13,0.0013093312736600637,0
molecola_45661,14,0,14,0.005681212991476059,0
molecola_45661,15,0,15,0.0026435807812958956,0
molecola_45661,16,0,16,0.005663624033331871,0
molecola_45661,17,0,17,0.0011083753779530525,0
molecola_45661,18,0,18,0.0008329929551109672,0
molecola_45661,19,0,19,0.0007022034842520952,0
molecola_45661,20,0,20,0.0008329929551109672,0
molecola_45661,21,0,21,0.0011083753779530525,0
molecola_45661,22,0,22,0.0013093312736600637,0
molecola_45661,23,0,23,0.0006678231293335557,0
molecola_45661,24,0,24,0.010686899535357952,0
molecola_45661,25,0,25,0.022847985848784447,0
molecola_45661,26,0,26,0.006222648546099663,0
molecola_45677,1,1,1,0.9985508322715759,1
molecola_45677,2,1,2,0.9955872297286987,1
molecola_45677,3,0,3,0.04962581396102905,0
molecola_45677,4,0,4,0.008162631653249264,0
molecola_45677,5,0,5,0.06058119982481003,0
molecola_45677,6,0,6,0.0005552758811973035,0
molecola_45677,7,0,7,0.00014503224520012736,0
molecola_45677,8,0,8,0.00011086079757660627,0
molecola_45677,9,0,9,0.00011882014950970188,0
molecola_45677,10,0,10,0.00011882014950970188,0
molecola_45677,11,0,11,0.00011086079757660627,0
molecola_45677,12,0,12,0.06013713777065277,0
molecola_45677,13,0,13,0.02615169622004032,0
molecola_45933,1,0,1,0.9387663006782532,1
molecola_45933,2,0,2,0.9143511652946472,1
molecola_45933,3,0,3,0.4022473692893982,0
molecola_45933,4,0,4,0.027098365128040314,0
molecola_45933,5,0,5,0.0014175457181409001,0
molecola_45933,6,0,6,0.0013017184101045132,0
molecola_45933,7,0,7,0.000189052356290631,0
molecola_45933,8,0,8,0.00018898099369835109,0
molecola_45933,9,0,9,0.001254591508768499,0
molecola_45933,10,0,10,0.0006464823381975293,0
molecola_45933,11,0,11,0.018228795379400253,0
molecola_45933,12,0,12,0.0007341438322328031,0
molecola_45933,13,0,13,0.002175915287807584,0
molecola_45933,14,0,14,0.0008649592055007815,0
molecola_45933,15,0,15,0.000865655136294663,0
molecola_45933,16,0,16,0.002247931668534875,0
molecola_45933,17,0,17,0.0016374766128137708,0
molecola_45933,18,0,18,0.0011126979952678084,0
molecola_45933,19,0,19,0.001111301826313138,0
molecola_45933,20,1,20,0.9955974221229553,1
molecola_45933,21,1,21,0.998534083366394,1
molecola_46014,1,0,1,0.00014665430353488773,0
molecola_46014,2,0,2,0.00015483908646274358,0
molecola_46014,3,0,3,0.00014665430353488773,0
molecola_46014,4,0,4,0.00015006573812570423,0
molecola_46014,5,0,5,0.00014846994599793106,0
molecola_46014,6,0,6,0.0002477905072737485,0
molecola_46014,7,0,7,0.0005338434129953384,0
molecola_46014,8,0,8,0.004109501838684082,0
molecola_46014,9,0,9,0.005296405404806137,0
molecola_46014,10,0,10,0.0013923394726589322,0
molecola_46014,11,0,11,0.0008375945617444813,0
molecola_46014,12,0,12,0.0009192439611069858,0
molecola_46014,13,0,13,0.0022380936425179243,0
molecola_46014,14,0,14,0.008466561324894428,0
molecola_46014,15,0,15,0.008092773146927357,0
molecola_46014,16,0,16,0.008262109942734241,0
molecola_46014,17,0,17,0.0022521880455315113,0
molecola_46014,18,0,18,0.0011608547065407038,0
molecola_46014,19,0,19,0.001751263509504497,0
molecola_46014,20,0,20,0.025856241583824158,0
molecola_46014,21,0,21,0.0068250601179897785,0
molecola_46014,22,1,22,0.9026556015014648,1
molecola_46014,23,0,23,0.37257131934165955,0
molecola_46014,24,1,24,0.9301708340644836,1
molecola_46468,1,0,1,0.0013058000477030873,0
molecola_46468,2,0,2,0.001477257814258337,0
molecola_46468,3,0,3,0.0012944074114784598,0
molecola_46468,4,0,4,0.0008275853469967842,0
molecola_46468,5,0,5,0.0019076794851571321,0
molecola_46468,6,0,6,0.0011628972133621573,0
molecola_46468,7,0,7,0.0008395599434152246,0
molecola_46468,8,0,8,0.0018139153253287077,0
molecola_46468,9,0,9,0.0008279102621600032,0
molecola_46468,10,0,10,0.0017372865695506334,0
molecola_46468,11,0,11,0.0008265119977295399,0
molecola_46468,12,0,12,0.0018135571153834462,0
molecola_46468,13,0,13,0.0008251494145952165,0
molecola_46468,14,0,14,0.0009534989949315786,0
molecola_46468,15,0,15,0.010656521655619144,0
molecola_46468,16,1,16,0.9955060482025146,1
molecola_46468,17,1,17,0.9984917640686035,1
molecola_46468,18,0,18,0.0015936261042952538,0
molecola_46468,19,0,19,0.0008039664244279265,0
molecola_46468,20,0,20,0.0008171654772013426,0
molecola_46501,1,0,1,0.0005673684063367546,0
molecola_46501,2,0,2,0.0027712383307516575,0
molecola_46501,3,0,3,0.036054641008377075,0
molecola_46501,4,0,4,0.1044546365737915,0
molecola_46501,5,0,5,0.135328471660614,0
molecola_46501,6,0,6,0.009046775288879871,0
molecola_46501,7,0,7,0.0051654125563800335,0
molecola_46501,8,0,8,0.023654405027627945,0
molecola_46501,9,1,9,0.9955688118934631,1
molecola_46501,10,1,10,0.9985443353652954,1
molecola_46557,1,0,1,0.00014667359937448055,0
molecola_46557,2,0,2,0.00015476573025807738,0
molecola_46557,3,0,3,0.00014667359937448055,0
molecola_46557,4,0,4,0.00013809742813464254,0
molecola_46557,5,0,5,0.00014860251394566149,0
molecola_46557,6,0,6,0.00025499839102849364,0
molecola_46557,7,0,7,0.001682562055066228,0
molecola_46557,8,0,8,0.0012769567547366023,0
molecola_46557,9,0,9,0.014961428008973598,0
molecola_46557,10,0,10,0.021662723273038864,0
molecola_46557,11,0,11,0.9400675296783447,1
molecola_46557,12,0,12,0.9491371512413025,1
molecola_46557,13,0,13,0.9661700129508972,1
molecola_46557,14,0,14,0.9736186861991882,1
molecola_46557,15,0,15,0.04831267148256302,0
molecola_46557,16,0,16,0.006318291183561087,0
molecola_46557,17,0,17,0.008310149423778057,0
molecola_46557,18,0,18,0.03466874361038208,0
molecola_46557,19,1,19,0.9955742359161377,1
molecola_46557,20,1,20,0.9985248446464539,1
molecola_46557,21,0,21,0.0030452210921794176,0
molecola_46557,22,0,22,0.0005553147639147937,0
molecola_46557,23,0,23,0.014802510850131512,0
molecola_46557,24,0,24,0.0003307588631287217,0
molecola_46557,25,0,25,0.01586087979376316,0
molecola_46557,26,0,26,0.0008688373491168022,0
molecola_46577,1,0,1,0.00041733606485649943,0
molecola_46577,2,0,2,0.00435692397877574,0
molecola_46577,3,0,3,0.015814976766705513,0
molecola_46577,4,0,4,0.0031027940567582846,0
molecola_46577,5,0,5,0.0026376633904874325,0
molecola_46577,6,0,6,0.002397072734311223,0
molecola_46577,7,0,7,0.00035607500467449427,0
molecola_46577,8,1,8,0.9005652070045471,1
molecola_46577,9,0,9,0.3726530969142914,0
molecola_46577,10,1,10,0.9298986196517944,1
molecola_46580,1,1,1,0.9985374212265015,1
molecola_46580,2,1,2,0.9955995082855225,1
molecola_46580,3,0,3,0.03237159550189972,0
molecola_46580,4,0,4,0.007502616383135319,0
molecola_46580,5,0,5,0.009238575585186481,0
molecola_46580,6,0,6,0.00391898350790143,0
molecola_46580,7,0,7,0.002891685115173459,0
molecola_46597,1,0,1,0.3157324194908142,0
molecola_46597,2,0,2,0.7521364092826843,1
molecola_46597,3,0,3,0.048792582005262375,0
molecola_46597,4,0,4,0.09309254586696625,0
molecola_46597,5,0,5,0.02942308411002159,0
molecola_46597,6,0,6,0.009820448234677315,0
molecola_46597,7,0,7,0.04882865026593208,0
molecola_46597,8,0,8,0.03279932960867882,0
molecola_46597,9,0,9,0.025475120171904564,0
molecola_46597,10,0,10,0.03935006633400917,0
molecola_46597,11,0,11,0.009585765190422535,0
molecola_46597,12,0,12,0.030355559661984444,0
molecola_46597,13,0,13,0.004935516510158777,0
molecola_46597,14,0,14,0.0054158493876457214,0
molecola_46597,15,1,15,0.9955825209617615,1
molecola_46597,16,1,16,0.9985295534133911,1
molecola_4660,1,0,1,0.00026951180188916624,0
molecola_4660,2,0,2,0.0006336207152344286,0
molecola_4660,3,0,3,0.00019672511552926153,0
molecola_4660,4,0,4,0.001343335141427815,0
molecola_4660,5,1,5,0.9926111102104187,1
molecola_4660,6,1,6,0.9968132376670837,1
molecola_4660,7,0,7,0.0012132989941164851,0
molecola_4660,8,0,8,0.0006378760444931686,0
molecola_4660,9,0,9,0.0008040717802941799,0
molecola_4660,10,0,10,0.0006999802426435053,0
molecola_4660,11,0,11,0.0008040717802941799,0
molecola_4660,12,0,12,0.0006378760444931686,0
molecola_4660,13,0,13,0.0034441803582012653,0
molecola_4660,14,0,14,0.0019306284375488758,0
molecola_4660,15,0,15,0.0009102450567297637,0
molecola_4660,16,0,16,0.002010679803788662,0
molecola_4660,17,0,17,0.0026492541655898094,0
molecola_4660,18,0,18,0.0024687168188393116,0
molecola_46620,1,0,1,0.9387661814689636,1
molecola_46620,2,0,2,0.9143685102462769,1
molecola_46620,3,0,3,0.40224671363830566,0
molecola_46620,4,0,4,0.031139686703681946,0
molecola_46620,5,0,5,0.0031864417251199484,0
molecola_46620,6,0,6,0.00881077628582716,0
molecola_46620,7,0,7,0.006392411421984434,0
molecola_46620,8,0,8,0.007787857670336962,0
molecola_46620,9,0,9,0.001823641243390739,0
molecola_46620,10,0,10,0.0017965048318728805,0
molecola_46620,11,0,11,0.0008286963566206396,0
molecola_46620,12,0,12,0.0010751186637207866,0
molecola_46620,13,0,13,0.002844860777258873,0
molecola_46620,14,0,14,0.0008387207053601742,0
molecola_46620,15,0,15,0.0006734378985129297,0
molecola_46620,16,0,16,0.000554658065084368,0
molecola_46620,17,0,17,0.000554658065084368,0
molecola_46620,18,0,18,0.000554658065084368,0
molecola_46620,19,0,19,0.003874522168189287,0
molecola_46620,20,0,20,0.02484322525560856,0
molecola_46620,21,0,21,0.0026304626371711493,0
molecola_46620,22,1,22,0.9027327299118042,1
molecola_46620,23,0,23,0.3725685775279999,0
molecola_46620,24,1,24,0.9301705360412598,1
molecola_46620,25,0,25,0.0009428976336494088,0
molecola_46620,26,0,26,0.0006395308300852776,0
molecola_46620,27,0,27,0.0006395308300852776,0
molecola_46620,28,0,28,0.0006395308300852776,0
molecola_46652,1,1,1,0.998534083366394,1
molecola_46652,2,1,2,0.9955976605415344,1
molecola_46652,3,0,3,0.011381082236766815,0
molecola_46652,4,0,4,0.000848703202791512,0
molecola_46652,5,0,5,0.0022221854887902737,0
molecola_46652,6,0,6,0.010538280941545963,0
molecola_46652,7,0,7,0.012586074881255627,0
molecola_46652,8,0,8,0.008470147848129272,0
molecola_46652,9,0,9,0.0026377812027931213,0
molecola_46652,10,0,10,0.004313536919653416,0
molecola_46652,11,0,11,0.003358106827363372,0
molecola_46652,12,0,12,0.012834443710744381,0
molecola_46652,13,0,13,0.010350235737860203,0
molecola_46652,14,0,14,0.006095175631344318,0
molecola_46652,15,0,15,0.004372153896838427,0
molecola_46652,16,0,16,0.012166468426585197,0
molecola_46652,17,0,17,0.0022221854887902737,0
molecola_46652,18,0,18,0.000848703202791512,0
molecola_46727,1,0,1,0.0007069807616062462,0
molecola_46727,2,0,2,0.000818673986941576,0
molecola_46727,3,0,3,0.0018153017153963447,0
molecola_46727,4,0,4,0.0016830852255225182,0
molecola_46727,5,0,5,0.0022489542607218027,0
molecola_46727,6,0,6,0.004505928140133619,0
molecola_46727,7,0,7,0.005792840849608183,0
molecola_46727,8,0,8,0.0024903800804167986,0
molecola_46727,9,0,9,0.003566121216863394,0
molecola_46727,10,0,10,0.001258351025171578,0
molecola_46727,11,0,11,0.0009305967250838876,0
molecola_46727,12,0,12,0.0016215861542150378,0
molecola_46727,13,0,13,0.0005852506146766245,0
molecola_46727,14,0,14,0.0009321767720393836,0
molecola_46727,15,0,15,0.0019829669035971165,0
molecola_46727,16,0,16,0.0008203658508136868,0
molecola_46727,17,0,17,0.0013445081422105432,0
molecola_46727,18,0,18,0.0019111618166789412,0
molecola_46727,19,0,19,0.02308860793709755,0
molecola_46727,20,1,20,0.9023621678352356,1
molecola_46727,21,1,21,0.37258100509643555,0
molecola_46727,22,1,22,0.9301746487617493,1
molecola_46786,1,0,1,0.0001563665719004348,0
molecola_46786,2,0,2,0.00014078774256631732,0
molecola_46786,3,0,3,0.0001498788478784263,0
molecola_46786,4,0,4,0.00014531047781929374,0
molecola_46786,5,0,5,0.00029432534938678145,0
molecola_46786,6,0,6,0.0001823269558371976,0
molecola_46786,7,0,7,0.00016271296772174537,0
molecola_46786,8,0,8,0.00016185863933060318,0
molecola_46786,9,0,9,0.0001609042810741812,0
molecola_46786,10,0,10,0.003556538838893175,0
molecola_46786,11,0,11,0.003027827711775899,0
molecola_46786,12,0,12,0.0036211004480719566,0
molecola_46786,13,0,13,0.011089559644460678,0
molecola_46786,14,0,14,0.00570982601493597,0
molecola_46786,15,0,15,0.00224189180880785,0
molecola_46786,16,0,16,0.0002384948602411896,0
molecola_46786,17,0,17,0.0008494755020365119,0
molecola_46786,18,0,18,0.000690594722982496,0
molecola_46786,19,0,19,0.0018370338948443532,0
molecola_46786,20,0,20,0.026704497635364532,0
molecola_46786,21,0,21,0.0018370338948443532,0
molecola_46786,22,0,22,0.000690594722982496,0
molecola_46786,23,1,23,0.9144297242164612,1
molecola_46786,24,0,24,0.40224704146385193,0
molecola_46786,25,1,25,0.9387660622596741,1
molecola_46786,26,0,26,0.0025568814016878605,0
molecola_46786,27,0,27,0.004432512912899256,0
molecola_46786,28,0,28,0.0036055261734873056,0
molecola_46786,29,0,29,0.009118758141994476,0
molecola_46806,1,1,1,0.9301695823669434,1
molecola_46806,2,1,2,0.9026975631713867,1
molecola_46806,3,0,3,0.37256601452827454,0
molecola_46806,4,0,4,0.02182696759700775,0
molecola_46806,5,0,5,0.0020626483019441366,0
molecola_46806,6,0,6,0.0009123003692366183,0
molecola_46806,7,0,7,0.0017491606995463371,0
molecola_46806,8,0,8,0.0008781758369877934,0
molecola_46806,9,0,9,0.001031803316436708,0
molecola_46806,10,0,10,0.001583305886015296,0
molecola_46806,11,0,11,0.0013662186684086919,0
molecola_46806,12,0,12,0.001803097897209227,0
molecola_46806,13,0,13,0.000788360193837434,0
molecola_46806,14,0,14,0.00019625316781457514,0
molecola_46806,15,0,15,0.0001787973305908963,0
molecola_46806,16,0,16,0.0012030366342514753,0
molecola_46806,17,0,17,0.0006328708259388804,0
molecola_46806,18,0,18,0.0019986405968666077,0
molecola_46806,19,0,19,0.0008791771833784878,0
molecola_46806,20,0,20,0.0010634915670379996,0
molecola_46806,21,0,21,0.0026290882378816605,0
molecola_46806,22,0,22,0.001304068136960268,0
molecola_46806,23,0,23,0.0012810046318918467,0
molecola_46822,1,0,1,0.93876713514328,1
molecola_46822,2,0,2,0.9142495393753052,1
molecola_46822,3,0,3,0.40225303173065186,0
molecola_46822,4,0,4,0.03238179162144661,0
molecola_46822,5,0,5,0.001836246345192194,0
molecola_46822,6,0,6,0.001275029149837792,0
molecola_46822,7,0,7,0.0034445321653038263,0
molecola_46822,8,0,8,0.01042456366121769,0
molecola_46822,9,0,9,0.006898867432028055,0
molecola_46822,10,0,10,0.009987539611756802,0
molecola_46822,11,0,11,0.0022275098599493504,0
molecola_46822,12,0,12,0.000945572683122009,0
molecola_46822,13,0,13,0.01463053934276104,0
molecola_46822,14,0,14,0.0008988333866000175,0
molecola_46822,15,0,15,0.0037646072451025248,0
molecola_46822,16,1,16,0.9955975413322449,1
molecola_46822,17,1,17,0.998534083366394,1
molecola_46822,18,0,18,0.004837621469050646,0
molecola_46828,1,0,1,0.0005608989158645272,0
molecola_46828,2,0,2,0.012460638768970966,0
molecola_46828,3,0,3,0.011853874661028385,0
molecola_46828,4,0,4,0.010201560333371162,0
molecola_46828,5,0,5,0.008128882385790348,0
molecola_46828,6,0,6,0.008128882385790348,0
molecola_46828,7,1,7,0.912310779094696,1
molecola_46828,8,0,8,0.40291351079940796,0
molecola_46828,9,1,9,0.9404546618461609,1
molecola_46837,1,1,1,0.9993038177490234,1
molecola_46837,2,1,2,0.9978680610656738,1
molecola_46837,3,0,3,0.012881658971309662,0
molecola_46837,4,0,4,0.0007770842057652771,0
molecola_46837,5,0,5,0.0006467457860708237,0
molecola_46837,6,0,6,0.0010231677442789078,0
molecola_46837,7,0,7,0.0009358279057778418,0
molecola_46837,8,0,8,0.0009664043318480253,0
molecola_46837,9,0,9,0.0019167782738804817,0
molecola_46837,10,0,10,0.001630457234568894,0
molecola_46837,11,0,11,0.0021874115336686373,0
molecola_46837,12,0,12,0.002941282233223319,0
molecola_46837,13,0,13,0.0009619591874070466,0
molecola_46837,14,0,14,0.000706126622390002,0
molecola_46837,15,0,15,0.0009619591874070466,0
molecola_46837,16,0,16,0.002941282233223319,0
molecola_46837,17,0,17,0.0006467457860708237,0
molecola_46837,18,0,18,0.0007770842057652771,0
molecola_46948,1,0,1,0.009808020666241646,0
molecola_46948,2,0,2,0.0164862722158432,0
molecola_46948,3,0,3,0.009808020666241646,0
molecola_46948,4,0,4,0.004903580993413925,0
molecola_46948,5,0,5,0.010359490290284157,0
molecola_46948,6,0,6,0.03439968824386597,0
molecola_46948,7,0,7,0.0019073460716754198,0
molecola_46948,8,0,8,0.0015591586707159877,0
molecola_46948,9,0,9,0.012342353351414204,0
molecola_46948,10,0,10,0.011958218179643154,0
molecola_46948,11,0,11,0.0049063414335250854,0
molecola_46948,12,0,12,0.010502729564905167,0
molecola_46948,13,0,13,0.03650105744600296,0
molecola_46948,14,0,14,0.002639185404404998,0
molecola_46948,15,0,15,0.029187139123678207,0
molecola_46948,16,0,16,0.9027456045150757,1
molecola_46948,17,0,17,0.372568815946579,0
molecola_46948,18,0,18,0.9301702976226807,1
molecola_46948,19,0,19,0.9143661260604858,1
molecola_46948,20,0,20,0.4022466540336609,0
molecola_46948,21,0,21,0.9387661814689636,1
molecola_46948,22,0,22,0.01660696230828762,0
molecola_46948,23,0,23,0.009853865951299667,0
molecola_46948,24,0,24,0.009853865951299667,0
molecola_46948,25,1,25,0.9143919348716736,1
molecola_46948,26,0,26,0.40224689245224,0
molecola_46948,27,1,27,0.9387661814689636,1
molecola_47135,1,0,1,0.001979710068553686,0
molecola_47135,2,0,2,0.002241226378828287,0
molecola_47135,3,0,3,0.0011779805645346642,0
molecola_47135,4,0,4,0.0008625205955468118,0
molecola_47135,5,0,5,0.01571534387767315,0
molecola_47135,6,0,6,0.0010474788723513484,0
molecola_47135,7,0,7,0.001995893893763423,0
molecola_47135,8,0,8,0.000819251115899533,0
molecola_47135,9,0,9,0.0014331232523545623,0
molecola_47135,10,0,10,0.00120193709153682,0
molecola_47135,11,0,11,0.0018374300561845303,0
molecola_47135,12,0,12,0.0013832452241331339,0
molecola_47135,13,1,13,0.9955975413322449,1
molecola_47135,14,1,14,0.998534083366394,1
molecola_47283,1,1,1,0.9387660622596741,1
molecola_47283,2,1,2,0.9144297242164612,1
molecola_47283,3,0,3,0.40224704146385193,0
molecola_47283,4,0,4,0.026871295645833015,0
molecola_47283,5,0,5,0.0018926013726741076,0
molecola_47283,6,0,6,0.0008659875602461398,0
molecola_47283,7,0,7,0.001497636898420751,0
molecola_47283,8,0,8,0.0008659875602461398,0
molecola_47283,9,0,9,0.0018926013726741076,0
molecola_47283,10,0,10,0.0014901316026225686,0
molecola_47283,11,0,11,0.0007816509460099041,0
molecola_47283,12,0,12,0.0006993184797465801,0
molecola_47283,13,0,13,0.0009297290816903114,0
molecola_47283,14,0,14,0.0006993184797465801,0
molecola_47283,15,0,15,0.0007816509460099041,0
molecola_47283,16,0,16,0.00019728753250092268,0
molecola_47283,17,0,17,0.0001482444495195523,0
molecola_47283,18,0,18,0.00012506244820542634,0
molecola_47283,19,0,19,0.00015577337762806565,0
molecola_47283,20,0,20,0.00012346166477072984,0
molecola_47283,21,0,21,0.0001459712366340682,0
molecola_47283,22,0,22,0.00012594889267347753,0
molecola_47283,23,0,23,0.00016071705613285303,0
molecola_47283,24,0,24,0.00012814387446269393,0
molecola_47283,25,0,25,0.0001221923012053594,0
molecola_47374,1,0,1,0.019710883498191833,0
molecola_47374,2,0,2,0.03431529551744461,0
molecola_47374,3,0,3,0.019710883498191833,0
molecola_47374,4,1,4,0.9896308779716492,1
molecola_47374,5,1,5,0.9905920624732971,1
molecola_47374,6,0,6,0.0007399857277050614,0
molecola_47374,7,0,7,0.00013291412324178964,0
molecola_47374,8,0,8,0.0013506808318197727,0
molecola_47374,9,0,9,0.018499422818422318,0
molecola_47374,10,0,10,0.9954954385757446,1
molecola_47374,11,0,11,0.9985016584396362,1
molecola_47728,1,0,1,0.00012771277397405356,0
molecola_47728,2,0,2,0.002483010059222579,0
molecola_47728,3,0,3,0.00272543472237885,0
molecola_47728,4,1,4,0.9662924408912659,1
molecola_47728,5,1,5,0.9747433066368103,1
molecola_47728,6,1,6,0.9666333794593811,1
molecola_47728,7,1,7,0.9638407826423645,1
molecola_47728,8,0,8,0.002726634033024311,0
molecola_48686,1,0,1,0.0014780211495235562,0
molecola_48686,2,0,2,0.003366292454302311,0
molecola_48686,3,0,3,0.0026442534290254116,0
molecola_48686,4,0,4,0.005086198449134827,0
molecola_48686,5,0,5,0.007165508810430765,0
molecola_48686,6,0,6,0.19134089350700378,0
molecola_48686,7,0,7,0.14490951597690582,0
molecola_48686,8,1,8,0.8945295214653015,1
molecola_48686,9,1,9,0.7650541067123413,1
molecola_48686,10,0,10,0.0032829048577696085,0
molecola_48686,11,0,11,0.0006601274944841862,0
molecola_48686,12,0,12,0.0006601274944841862,0
molecola_48686,13,0,13,0.0006601274944841862,0
molecola_48686,14,0,14,0.013790784403681755,0
molecola_48686,15,0,15,0.0027867069002240896,0
molecola_48686,16,0,16,0.001348045072518289,0
molecola_48686,17,0,17,0.00552724115550518,0
molecola_48686,18,0,18,0.0010342440800741315,0
molecola_48686,19,0,19,0.0022516052704304457,0
molecola_48686,20,0,20,0.006023148074746132,0
molecola_48686,21,0,21,0.0021041708532720804,0
molecola_48686,22,0,22,0.0017912673065438867,0
molecola_48686,23,0,23,0.0014302226481959224,0
molecola_48686,24,0,24,0.007071688771247864,0
molecola_48686,25,0,25,0.0021027305629104376,0
molecola_48686,26,0,26,0.0021027305629104376,0
molecola_48686,27,0,27,0.012086383067071438,0
molecola_48686,28,0,28,0.008478538133203983,0
molecola_48686,29,0,29,0.008478538133203983,0
molecola_49036,1,0,1,0.0903606042265892,0
molecola_49036,2,0,2,0.9739547371864319,1
molecola_49036,3,0,3,0.9887220859527588,1
molecola_49036,4,0,4,0.9401185512542725,1
molecola_49036,5,0,5,0.9486496448516846,1
molecola_49036,6,0,6,0.04262561723589897,0
molecola_49036,7,0,7,0.01019309926778078,0
molecola_49036,8,0,8,0.0013517526676878333,0
molecola_49036,9,0,9,0.001349192694760859,0
molecola_49036,10,0,10,0.010142057202756405,0
molecola_49036,11,0,11,0.042565178126096725,0
molecola_49036,12,0,12,0.9419995546340942,1
molecola_49036,13,0,13,0.951036810874939,1
molecola_49036,14,0,14,0.9903362989425659,1
molecola_49036,15,0,15,0.9919849634170532,1
molecola_49036,16,1,16,0.9486532807350159,1
molecola_49036,17,1,17,0.943108081817627,1
molecola_49036,18,0,18,0.9694023728370667,1
molecola_49036,19,0,19,0.9653441309928894,1
molecola_4914,1,0,1,0.0012059026630595326,0
molecola_4914,2,0,2,0.0016671456396579742,0
molecola_4914,3,0,3,0.0013947919942438602,0
molecola_4914,4,0,4,0.0007465335656888783,0
molecola_4914,5,0,5,0.0013143777614459395,0
molecola_4914,6,0,6,0.0009280850645154715,0
molecola_4914,7,0,7,0.004795901942998171,0
molecola_4914,8,0,8,0.007531338836997747,0
molecola_4914,9,0,9,0.004795901942998171,0
molecola_4914,10,0,10,0.0009280850645154715,0
molecola_4914,11,1,11,0.9185332655906677,1
molecola_4914,12,1,12,0.9073264598846436,1
molecola_4914,13,0,13,0.007453704718500376,0
molecola_4914,14,0,14,0.004602104425430298,0
molecola_4914,15,0,15,0.000986045808531344,0
molecola_4914,16,0,16,0.0007061269134283066,0
molecola_4914,17,0,17,0.000986045808531344,0
molecola_4914,18,0,18,0.004602104425430298,0
molecola_4914,19,0,19,0.0007882399950176477,0
molecola_4914,20,0,20,0.0012008562916889787,0
molecola_4914,21,0,21,0.0001428322575520724,0
molecola_4914,22,0,22,0.00011437448119977489,0
molecola_4914,23,0,23,0.00014615801046602428,0
molecola_4914,24,0,24,0.0001638654648559168,0
molecola_4914,25,0,25,0.0008575990796089172,0
molecola_4914,26,0,26,0.0005599609576165676,0
molecola_4914,27,0,27,0.0007891313289292157,0
molecola_4914,28,0,28,0.0006982020568102598,0
molecola_4914,29,0,29,0.0007891313289292157,0
molecola_4914,30,0,30,0.0005599609576165676,0
molecola_4914,31,0,31,0.00011437448119977489,0
molecola_4914,32,0,32,0.0001428322575520724,0
molecola_49427,1,0,1,0.0028244308196008205,0
molecola_49427,2,0,2,0.013963311910629272,0
molecola_49427,3,0,3,0.001688578282482922,0
molecola_49427,4,0,4,0.010415605269372463,0
molecola_49427,5,1,5,0.9177708029747009,1
molecola_49427,6,0,6,0.03192254155874252,0
molecola_49427,7,0,7,0.010560698807239532,0
molecola_49427,8,0,8,0.5075476169586182,1
molecola_49427,9,0,9,0.08306431025266647,0
molecola_49427,10,0,10,0.606351912021637,1
molecola_49427,11,1,11,0.9623346924781799,1
molecola_49427,12,1,12,0.9623353481292725,1
molecola_49427,13,1,13,0.9177669286727905,1
molecola_49427,14,0,14,0.008687607944011688,0
molecola_49427,15,0,15,0.0011324853403493762,0
molecola_49427,16,0,16,0.0016487764660269022,0
molecola_49427,17,0,17,0.029810907319188118,0
molecola_49427,18,0,18,0.010769916698336601,0
molecola_49427,19,0,19,0.9143794178962708,1
molecola_49427,20,0,20,0.4022478461265564,0
molecola_49427,21,0,21,0.9387663006782532,1
molecola_49614,1,0,1,0.001160935964435339,0
molecola_49614,2,0,2,0.0007995771593414247,0
molecola_49614,3,0,3,0.0012312610633671284,0
molecola_49614,4,0,4,0.0009115078719332814,0
molecola_49614,5,0,5,0.0011848487192764878,0
molecola_49614,6,0,6,0.0009567596716806293,0
molecola_49614,7,0,7,0.003734117839485407,0
molecola_49614,8,0,8,0.0016529496060684323,0
molecola_49614,9,0,9,0.0008633157704025507,0
molecola_49614,10,0,10,0.015603703446686268,0
molecola_49614,11,0,11,0.001660293317399919,0
molecola_49614,12,0,12,0.024623243138194084,0
molecola_49614,13,0,13,0.9026009440422058,1
molecola_49614,14,0,14,0.37256920337677,0
molecola_49614,15,0,15,0.9301702380180359,1
molecola_49614,16,1,16,0.9955975413322449,1
molecola_49614,17,1,17,0.998534083366394,1
molecola_49700,1,0,1,0.9290726184844971,1
molecola_49700,2,0,2,0.8991551995277405,1
molecola_49700,3,0,3,0.37734493613243103,0
molecola_49700,4,0,4,0.020363807678222656,0
molecola_49700,5,0,5,0.0032531393226236105,0
molecola_49700,6,0,6,0.0015027276240289211,0
molecola_49700,7,0,7,0.0023193638771772385,0
molecola_49700,8,0,8,0.0014764927327632904,0
molecola_49700,9,0,9,0.012584148906171322,0
molecola_49700,10,1,10,0.9954354166984558,1
molecola_49700,11,1,11,0.9984588623046875,1
molecola_49700,12,0,12,0.0023193638771772385,0
molecola_49700,13,0,13,0.0014764927327632904,0
molecola_49700,14,0,14,0.0032531393226236105,0
molecola_49700,15,0,15,0.0015027276240289211,0
molecola_49789,1,0,1,0.0024641461204737425,0
molecola_49789,2,0,2,0.003954124171286821,0
molecola_49789,3,0,3,0.001238658674992621,0
molecola_49789,4,0,4,0.0008350058924406767,0
molecola_49789,5,0,5,0.0019051569979637861,0
molecola_49789,6,0,6,0.0007946618716232479,0
molecola_49789,7,0,7,0.015565677545964718,0
molecola_49789,8,1,8,0.9955058097839355,1
molecola_49789,9,1,9,0.998491644859314,1
molecola_49789,10,0,10,0.0019242349080741405,0
molecola_49789,11,0,11,0.0008360974607057869,0
molecola_49789,12,0,12,0.0012556775473058224,0
molecola_49789,13,0,13,0.006504214368760586,0
molecola_49789,14,0,14,0.002286843489855528,0
molecola_49789,15,0,15,0.02544398233294487,0
molecola_49789,16,0,16,0.0016885839868336916,0
molecola_49789,17,0,17,0.9027596712112427,1
molecola_49789,18,0,18,0.37256497144699097,0
molecola_49789,19,0,19,0.930169403553009,1
molecola_49882,1,0,1,0.000248505239142105,0
molecola_49882,2,0,2,0.0014622450107708573,0
molecola_49882,3,0,3,0.0005608256906270981,0
molecola_49882,4,0,4,0.0013685275334864855,0
molecola_49882,5,0,5,0.00029179148259572685,0
molecola_49882,6,0,6,0.004289240576326847,0
molecola_49882,7,1,7,0.9954341053962708,1
molecola_49882,8,1,8,0.9984582662582397,1
molecola_49882,9,0,9,0.0013685275334864855,0
molecola_49882,10,0,10,0.00029179148259572685,0
molecola_49882,11,0,11,0.0005608256906270981,0
molecola_49919,1,0,1,0.0002641315513756126,0
molecola_49919,2,0,2,0.006372848991304636,0
molecola_49919,3,1,3,0.9908297061920166,1
molecola_49919,4,1,4,0.9908329844474792,1
molecola_49919,5,0,5,0.006369172129780054,0
molecola_49919,6,0,6,0.00026411216822452843,0
molecola_49919,7,1,7,0.9509475827217102,1
molecola_49919,8,1,8,0.9537861943244934,1
molecola_49919,9,1,9,0.9913022518157959,1
molecola_49919,10,1,10,0.9908916354179382,1
molecola_49919,11,0,11,0.01869647204875946,0
molecola_49919,12,1,12,0.9507397413253784,1
molecola_49919,13,1,13,0.9538244009017944,1
molecola_49919,14,0,14,0.023453788831830025,0
molecola_49919,15,0,15,0.0026092214975506067,0
molecola_49919,16,0,16,0.001395476283505559,0
molecola_49919,17,0,17,0.00040149729466065764,0
molecola_49919,18,0,18,0.00040149729466065764,0
molecola_5033,1,0,1,0.0002595103287603706,0
molecola_5033,2,0,2,0.00036580755840986967,0
molecola_5033,3,0,3,0.0003545608778949827,0
molecola_5033,4,0,4,0.00027183693600818515,0
molecola_5033,5,0,5,0.00022721313871443272,0
molecola_5033,6,0,6,0.0013761497102677822,0
molecola_5033,7,0,7,0.0002228880621260032,0
molecola_5033,8,1,8,0.9931656718254089,1
molecola_5033,9,1,9,0.9969979524612427,1
molecola_50527,1,0,1,0.000251626392127946,0
molecola_50527,2,1,2,0.00037023532786406577,0
molecola_50527,3,0,3,0.0003254495095461607,0
molecola_50527,4,1,4,0.00033256656024605036,0
molecola_50732,1,0,1,0.0001951014419319108,0
molecola_50732,2,0,2,0.0035471825394779444,0
molecola_50732,3,0,3,0.0001951014419319108,0
molecola_50732,4,0,4,0.0031763797160238028,0
molecola_50732,5,0,5,0.00013779581058770418,0
molecola_50732,6,0,6,0.003752792254090309,0
molecola_50732,7,1,7,0.9230667352676392,1
molecola_50732,8,0,8,0.006755405571311712,0
molecola_50732,9,1,9,0.9438327550888062,1
molecola_50732,10,1,10,0.9295137524604797,1
molecola_50732,11,1,11,0.9326165318489075,1
molecola_50823,1,0,1,0.002371914219111204,0
molecola_50823,2,0,2,0.006919541861861944,0
molecola_50823,3,0,3,0.0011148566845804453,0
molecola_50823,4,0,4,0.0010146459098905325,0
molecola_50823,5,0,5,0.0006992332055233419,0
molecola_50823,6,0,6,0.0021972707472741604,0
molecola_50823,7,0,7,0.001010304200462997,0
molecola_50823,8,0,8,0.0021036893595010042,0
molecola_50823,9,0,9,0.0006981324986554682,0
molecola_50823,10,0,10,0.0009891894878819585,0
molecola_50823,11,0,11,0.0007215451914817095,0
molecola_50823,12,0,12,0.018848486244678497,0
molecola_50823,13,1,13,0.9978680610656738,1
molecola_50823,14,1,14,0.9993038177490234,1
molecola_50823,15,0,15,0.0006847694749012589,0
molecola_50849,1,1,1,0.9387661814689636,1
molecola_50849,2,1,2,0.9143967628479004,1
molecola_50849,3,0,3,0.40224725008010864,0
molecola_50849,4,0,4,0.026659071445465088,0
molecola_50849,5,0,5,0.0018837129464372993,0
molecola_50849,6,0,6,0.0010473751462996006,0
molecola_50849,7,0,7,0.0011550445342436433,0
molecola_50849,8,0,8,0.0011906861327588558,0
molecola_50849,9,0,9,0.00018711999291554093,0
molecola_50849,10,0,10,0.00018702349916566163,0
molecola_50849,11,0,11,0.0010235831141471863,0
molecola_50849,12,0,12,0.0006668570567853749,0
molecola_50849,13,0,13,0.0012347231386229396,0
molecola_50849,14,0,14,0.001023564487695694,0
molecola_50849,15,0,15,0.0001870079868240282,0
molecola_50849,16,0,16,0.0001855301234172657,0
molecola_50849,17,0,17,0.0008417852804996073,0
molecola_50849,18,0,18,0.0006117690354585648,0
molecola_50849,19,0,19,0.0007995970081537962,0
molecola_50849,20,0,20,0.0008149764616973698,0
molecola_50849,21,0,21,0.0007938430062495172,0
molecola_50849,22,0,22,0.0011238555889576674,0
molecola_50849,23,0,23,0.0006668732385151088,0
molecola_50849,24,0,24,0.001236082287505269,0
molecola_50849,25,0,25,0.0013864552602171898,0
molecola_5087,1,1,1,0.008842171169817448,0
molecola_5087,2,1,2,0.01154986023902893,0
molecola_5087,3,0,3,0.008842171169817448,0
molecola_5087,4,0,4,0.014161084778606892,0
molecola_5087,5,0,5,0.022232340648770332,0
molecola_5087,6,0,6,0.0008473122143186629,0
molecola_5087,7,0,7,0.001101887202821672,0
molecola_5087,8,0,8,0.002437988296151161,0
molecola_5087,9,0,9,0.0019674852956086397,0
molecola_5087,10,0,10,0.002750322688370943,0
molecola_5087,11,0,11,0.0020626098848879337,0
molecola_5087,12,0,12,0.0008391791488975286,0
molecola_51020,1,0,1,0.00013153465988580137,0
molecola_51020,2,0,2,0.00018058829300571233,0
molecola_51020,3,0,3,0.00036416001967154443,0
molecola_51020,4,0,4,0.00018058829300571233,0
molecola_51020,5,0,5,0.00013153465988580137,0
molecola_51020,6,0,6,0.001825803192332387,0
molecola_51020,7,0,7,0.01410309411585331,0
molecola_51020,8,0,8,0.0009423317387700081,0
molecola_51020,9,0,9,0.0019834907725453377,0
molecola_51020,10,0,10,0.004194232169538736,0
molecola_51020,11,0,11,0.0028307833708822727,0
molecola_51020,12,0,12,0.01965421251952648,0
molecola_51020,13,0,13,0.8992835879325867,1
molecola_51020,14,0,14,0.37734299898147583,0
molecola_51020,15,0,15,0.9290698766708374,1
molecola_51020,16,0,16,0.0007829783135093749,0
molecola_51020,17,0,17,0.0005942264688201249,0
molecola_51020,18,0,18,0.0005942264688201249,0
molecola_51020,19,0,19,0.0005942264688201249,0
molecola_51020,20,1,20,0.9955054521560669,1
molecola_51020,21,1,21,0.9984917640686035,1
molecola_51026,1,0,1,0.0028420218732208014,0
molecola_51026,2,0,2,0.004791302606463432,0
molecola_51026,3,0,3,0.025273513048887253,0
molecola_51026,4,0,4,0.0018510037334635854,0
molecola_51026,5,0,5,0.007654395420104265,0
molecola_51026,6,0,6,0.01357392966747284,0
molecola_51026,7,0,7,0.04804692044854164,0
molecola_51026,8,0,8,0.029070185497403145,0
molecola_51026,9,0,9,0.05496237426996231,0
molecola_51026,10,0,10,0.013520282693207264,0
molecola_51026,11,0,11,0.0191926471889019,0
molecola_51026,12,0,12,0.0208907313644886,0
molecola_51026,13,0,13,0.8992942571640015,1
molecola_51026,14,0,14,0.37732505798339844,0
molecola_51026,15,0,15,0.9290663599967957,1
molecola_51026,16,1,16,0.9044029712677002,1
molecola_51026,17,0,17,0.3725283443927765,0
molecola_51026,18,1,18,0.9303107261657715,1
molecola_51026,19,0,19,0.9027016758918762,1
molecola_51026,20,0,20,0.3725716769695282,0
molecola_51026,21,0,21,0.930171549320221,1
molecola_51294,1,0,1,0.002890925155952573,0
molecola_51294,2,0,2,0.0037343925796449184,0
molecola_51294,3,0,3,0.0045438725501298904,0
molecola_51294,4,0,4,0.0012311952887102962,0
molecola_51294,5,0,5,0.00454387441277504,0
molecola_51294,6,0,6,0.0009564443025738001,0
molecola_51294,7,0,7,0.0019367462955415249,0
molecola_51294,8,0,8,0.0005995184765197337,0
molecola_51294,9,0,9,0.0018778927624225616,0
molecola_51294,10,0,10,0.024255380034446716,0
molecola_51294,11,0,11,0.0037343925796449184,0
molecola_51294,12,0,12,0.002890926320105791,0
molecola_51294,13,0,13,0.9026768803596497,1
molecola_51294,14,0,14,0.3725719153881073,0
molecola_51294,15,0,15,0.9301714301109314,1
molecola_51294,16,0,16,0.0009564443025738001,0
molecola_51294,17,0,17,0.0019367462955415249,0
molecola_51294,18,0,18,0.0005995184765197337,0
molecola_51294,19,0,19,0.0018778927624225616,0
molecola_51294,20,0,20,0.024255376309156418,0
molecola_51294,21,1,21,0.9026768803596497,1
molecola_51294,22,0,22,0.3725719153881073,0
molecola_51294,23,1,23,0.9301714301109314,1
molecola_5141,1,1,1,0.9629701375961304,1
molecola_5141,2,1,2,0.9461444020271301,1
molecola_5141,3,0,3,0.014840157702565193,0
molecola_5141,4,0,4,0.00488765724003315,0
molecola_5141,5,0,5,0.0007635527290403843,0
molecola_5141,6,0,6,0.0009482742752879858,0
molecola_5141,7,0,7,0.0007203600252978504,0
molecola_5141,8,0,8,0.0024128418881446123,0
molecola_5141,9,0,9,0.0007254580268636346,0
molecola_5141,10,0,10,0.0015259673818945885,0
molecola_5141,11,0,11,0.01283120084553957,0
molecola_5141,12,0,12,0.017109092324972153,0
molecola_5141,13,0,13,0.01238082256168127,0
molecola_5144,1,0,1,0.041621316224336624,0
molecola_5144,2,1,2,0.9876614809036255,1
molecola_5144,3,1,3,0.9898599982261658,1
molecola_5144,4,0,4,0.0014112378703430295,0
molecola_5144,5,0,5,0.00018726795678958297,0
molecola_5144,6,0,6,0.00019694320508278906,0
molecola_5144,7,0,7,0.00017093127826228738,0
molecola_5144,8,0,8,0.00020034443878103048,0
molecola_5144,9,0,9,0.0001556532661197707,0
molecola_5144,10,0,10,0.0001257901021745056,0
molecola_5144,11,0,11,0.00013125163968652487,0
molecola_5144,12,0,12,0.0001609563041711226,0
molecola_5144,13,0,13,0.00014686364738736302,0
molecola_5144,14,0,14,0.00015366551815532148,0
molecola_5144,15,0,15,0.00015049277862999588,0
molecola_5144,16,0,16,0.000153112065163441,0
molecola_5144,17,0,17,0.0001293119421461597,0
molecola_5144,18,0,18,0.00015487067867070436,0
molecola_5144,19,0,19,0.00015936333511490375,0
molecola_5144,20,0,20,0.00014766996901016682,0
molecola_5144,21,0,21,0.00013323592429514974,0
molecola_5144,22,0,22,0.00013018528989050537,0
molecola_5144,23,0,23,0.0001619270333321765,0
molecola_5144,24,0,24,0.0001555568160256371,0
molecola_5144,25,0,25,0.00017428107094019651,0
molecola_5144,26,0,26,0.00016259215772151947,0
molecola_5144,27,0,27,0.00016259215772151947,0
molecola_5144,28,0,28,0.00016683069407008588,0
molecola_5144,29,0,29,0.00014998449478298426,0
molecola_5144,30,0,30,0.00015175464795902371,0
molecola_5144,31,0,31,0.00013245383161120117,0
molecola_5144,32,0,32,0.00015526059723924845,0
molecola_5144,33,0,33,0.0001323490432696417,0
molecola_5144,34,0,34,0.02956993132829666,0
molecola_5144,35,0,35,0.01673388108611107,0
molecola_5144,36,0,36,0.01673388108611107,0
molecola_51528,1,1,1,0.9993038177490234,1
molecola_51528,2,1,2,0.9978680610656738,1
molecola_51528,3,0,3,0.01788533851504326,0
molecola_51528,4,0,4,0.0009544416097924113,0
molecola_51528,5,0,5,0.006510431878268719,0
molecola_51528,6,0,6,0.024604320526123047,0
molecola_51528,7,0,7,0.012796258553862572,0
molecola_51528,8,0,8,0.024845276027917862,0
molecola_51528,9,0,9,0.005881553515791893,0
molecola_51528,10,0,10,0.0009806532179936767,0
molecola_51528,11,0,11,0.0009806532179936767,0
molecola_51528,12,0,12,0.0058959354646503925,0
molecola_51528,13,0,13,0.02485526353120804,0
molecola_51528,14,0,14,0.012541028670966625,0
molecola_51528,15,0,15,0.024190394207835197,0
molecola_51528,16,0,16,0.005476180464029312,0
molecola_51543,1,1,1,0.9992979764938354,1
molecola_51543,2,1,2,0.9978526830673218,1
molecola_51543,3,0,3,0.012214897200465202,0
molecola_51543,4,0,4,0.0008355933241546154,0
molecola_51543,5,0,5,0.0009625059901736677,0
molecola_51543,6,0,6,0.0006417114054784179,0
molecola_51543,7,0,7,0.0012143135536462069,0
molecola_51543,8,0,8,0.000305580731946975,0
molecola_51543,9,0,9,0.0010596133070066571,0
molecola_51543,10,0,10,0.0006182189099490643,0
molecola_51543,11,0,11,0.0008004477713257074,0
molecola_51543,12,0,12,0.0008175509865395725,0
molecola_51543,13,0,13,0.0007942295633256435,0
molecola_51543,14,0,14,0.001260065007954836,0
molecola_51543,15,0,15,0.00105025724042207,0
molecola_51668,1,0,1,0.0001922978990478441,0
molecola_51668,2,0,2,0.0002575463440734893,0
molecola_51668,3,0,3,0.002348147099837661,0
molecola_51668,4,0,4,0.0006547929951921105,0
molecola_51668,5,0,5,0.002055868273600936,0
molecola_51668,6,0,6,0.0006547929951921105,0
molecola_51668,7,0,7,0.002348147099837661,0
molecola_51668,8,0,8,0.0002575463440734893,0
molecola_51668,9,0,9,0.0001922978990478441,0
molecola_51668,10,0,10,0.01679462194442749,0
molecola_51668,11,1,11,0.8990961313247681,1
molecola_51668,12,0,12,0.3773431181907654,0
molecola_51668,13,1,13,0.9290691614151001,1
molecola_51668,14,0,14,0.0015186946839094162,0
molecola_51668,15,0,15,0.0006748549058102071,0
molecola_51668,16,0,16,0.0008141385624185205,0
molecola_51668,17,0,17,0.000701931188814342,0
molecola_51668,18,0,18,0.0008141385624185205,0
molecola_51668,19,0,19,0.0006748549058102071,0
molecola_51674,1,0,1,0.0024739783257246017,0
molecola_51674,2,0,2,0.0036731422878801823,0
molecola_51674,3,0,3,0.0011940678814426064,0
molecola_51674,4,0,4,0.000684211147017777,0
molecola_51674,5,0,5,0.0012757859658449888,0
molecola_51674,6,0,6,0.00027297684573568404,0
molecola_51674,7,0,7,0.001275781774893403,0
molecola_51674,8,0,8,0.0006762017146684229,0
molecola_51674,9,0,9,0.0008756032329984009,0
molecola_51674,10,0,10,0.00835292600095272,0
molecola_51674,11,1,11,0.9978526830673218,1
molecola_51674,12,1,12,0.9992979764938354,1
molecola_51674,13,0,13,0.0014231448294594884,0
molecola_51674,14,0,14,0.0004938822239637375,0
molecola_51674,15,0,15,0.0005814850446768105,0
molecola_51674,16,0,16,0.0005871152970939875,0
molecola_51674,17,0,17,0.0017702769255265594,0
molecola_51674,18,0,18,0.0005033065681345761,0
molecola_51676,1,1,1,0.9993038177490234,1
molecola_51676,2,1,2,0.9978680610656738,1
molecola_51676,3,0,3,0.01672663912177086,0
molecola_51676,4,0,4,0.000911342038307339,0
molecola_51676,5,0,5,0.002506714779883623,0
molecola_51676,6,0,6,0.0071127829141914845,0
molecola_51676,7,0,7,0.007604815065860748,0
molecola_51676,8,0,8,0.007000628858804703,0
molecola_51676,9,0,9,0.0021165853831917048,0
molecola_51676,10,0,10,0.0009191756835207343,0
molecola_51676,11,0,11,0.0008245548233389854,0
molecola_51676,12,0,12,0.0009502848843112588,0
molecola_51676,13,0,13,0.0036447227466851473,0
molecola_51676,14,0,14,0.003936633467674255,0
molecola_51676,15,0,15,0.0008673084084875882,0
molecola_51869,1,0,1,0.00014368808479048312,0
molecola_51869,2,0,2,0.0001590243773534894,0
molecola_51869,3,0,3,0.00017249802476726472,0
molecola_51869,4,0,4,0.00022400870511773974,0
molecola_51869,5,0,5,0.0011771994177252054,0
molecola_51869,6,0,6,0.0007806349312886596,0
molecola_51869,7,0,7,0.0008001030655577779,0
molecola_51869,8,0,8,0.01818680576980114,0
molecola_51869,9,1,9,0.9978680610656738,1
molecola_51869,10,1,10,0.9993038177490234,1
molecola_51869,11,0,11,0.0009809848852455616,0
molecola_51869,12,0,12,0.003812342183664441,0
molecola_51869,13,0,13,0.002357479650527239,0
molecola_5364,1,0,1,0.0001316910347668454,0
molecola_5364,2,0,2,0.0001548864966025576,0
molecola_5364,3,0,3,0.0001462671789340675,0
molecola_5364,4,0,4,0.00024359025701414794,0
molecola_5364,5,0,5,0.0016865723300725222,0
molecola_5364,6,0,6,0.5163384675979614,1
molecola_5364,7,0,7,0.00369931454770267,0
molecola_5364,8,1,8,0.9452890753746033,1
molecola_5364,9,1,9,0.977783739566803,1
molecola_5364,10,1,10,0.9539700746536255,1
molecola_5364,11,1,11,0.9740085601806641,1
molecola_5364,12,0,12,0.9499046802520752,1
molecola_5364,13,0,13,0.9110393524169922,1
molecola_5364,14,0,14,0.003111929865553975,0
molecola_5364,15,0,15,0.00013498864427674562,0
molecola_5364,16,0,16,0.00018615598673932254,0
molecola_5364,17,0,17,0.0001574185589561239,0
molecola_5364,18,0,18,0.000123545978567563,0
molecola_5364,19,0,19,0.00012738269288092852,0
molecola_5364,20,0,20,0.00017533215577714145,0
molecola_5364,21,0,21,0.00015408324543386698,0
molecola_5364,22,0,22,0.00037533551221713424,0
molecola_5364,23,0,23,0.0003704660339280963,0
molecola_5364,24,0,24,0.0003704660339280963,0
molecola_5364,25,0,25,0.0005705663352273405,0
molecola_5364,26,0,26,0.0005195207195356488,0
molecola_5364,27,0,27,0.0005195207195356488,0
molecola_5364,28,0,28,0.0005195207195356488,0
molecola_5364,29,0,29,0.0009596591698937118,0
molecola_5364,30,0,30,0.0006746802246198058,0
molecola_5364,31,0,31,0.0008696999866515398,0
molecola_5364,32,0,32,0.001556925941258669,0
molecola_5364,33,0,33,0.0008696999866515398,0
molecola_5364,34,0,34,0.0006746802246198058,0
molecola_5364,35,0,35,0.0008943246211856604,0
molecola_5364,36,0,36,0.0011650538071990013,0
molecola_5364,37,0,37,0.0011650538071990013,0
molecola_5364,38,0,38,0.0004497402987908572,0
molecola_5402,1,0,1,0.00033334994805045426,0
molecola_5402,2,0,2,0.003107745200395584,0
molecola_5402,3,0,3,0.6257399320602417,1
molecola_5402,4,0,4,0.8145538568496704,1
molecola_5402,5,0,5,0.4551340341567993,0
molecola_5402,6,0,6,0.5903275609016418,1
molecola_5402,7,0,7,0.09825588762760162,0
molecola_5402,8,0,8,0.03424934670329094,0
molecola_5402,9,0,9,0.001585189951583743,0
molecola_5402,10,0,10,0.00172322744037956,0
molecola_5402,11,0,11,0.00041344555211253464,0
molecola_5402,12,0,12,0.0013826340436935425,0
molecola_5402,13,0,13,0.04362320899963379,0
molecola_5402,14,1,14,0.9798387289047241,1
molecola_5402,15,1,15,0.9906105399131775,1
molecola_5402,16,0,16,0.006803660187870264,0
molecola_54075,1,1,1,0.9174978137016296,1
molecola_54075,2,1,2,0.9623108506202698,1
molecola_54075,3,1,3,0.9136331081390381,1
molecola_54075,4,1,4,0.9623108506202698,1
molecola_54075,5,0,5,0.9136331081390381,1
molecola_54075,6,0,6,0.9174978137016296,1
molecola_5423,1,0,1,0.00012869269994553179,0
molecola_5423,2,0,2,0.0005397031200118363,0
molecola_5423,3,0,3,0.00019616805366240442,0
molecola_5423,4,0,4,0.022104743868112564,0
molecola_5423,5,1,5,0.9187754988670349,1
molecola_5423,6,1,6,0.9377594590187073,1
molecola_5423,7,0,7,0.003299171570688486,0
molecola_5423,8,0,8,0.003299171570688486,0
molecola_5423,9,1,9,0.9171112775802612,1
molecola_5423,10,1,10,0.9345719814300537,1
molecola_5423,11,0,11,0.007945053279399872,0
molecola_54592,1,1,1,0.9992979764938354,1
molecola_54592,2,1,2,0.9978526830673218,1
molecola_54592,3,0,3,0.009830486960709095,0
molecola_54592,4,0,4,0.0009245736873708665,0
molecola_54592,5,0,5,0.0008663986227475107,0
molecola_54592,6,0,6,0.0017411262961104512,0
molecola_54592,7,0,7,0.0008580412832088768,0
molecola_54592,8,0,8,0.0008580686408095062,0
molecola_54592,9,0,9,0.001742794644087553,0
molecola_54592,10,0,10,0.0008837904315441847,0
molecola_54592,11,0,11,0.0011298529570922256,0
molecola_54592,12,0,12,0.0021372062619775534,0
molecola_54592,13,0,13,0.0019032411510124803,0
molecola_54592,14,0,14,0.0016141628148034215,0
molecola_54592,15,0,15,0.0010488468687981367,0
molecola_54592,16,0,16,0.0010363290784880519,0
molecola_54592,17,0,17,0.0013755391119048,0
molecola_54592,18,0,18,0.0012748222798109055,0
molecola_54592,19,0,19,0.0012862221337854862,0
molecola_55517,1,0,1,0.22330662608146667,0
molecola_55517,2,1,2,0.8878028988838196,1
molecola_55517,3,1,3,0.8580803275108337,1
molecola_55517,4,0,4,0.9683675765991211,1
molecola_55517,5,0,5,0.9444648027420044,1
molecola_55517,6,0,6,0.00321180815808475,0
molecola_55517,7,0,7,0.12429491430521011,0
molecola_55517,8,0,8,0.011160052381455898,0
molecola_55517,9,0,9,0.004118220880627632,0
molecola_55517,10,0,10,0.0009580978658050299,0
molecola_55517,11,0,11,0.0008296101004816592,0
molecola_55517,12,0,12,0.0008297504391521215,0
molecola_55517,13,0,13,0.001161554828286171,0
molecola_55517,14,0,14,0.019238492473959923,0
molecola_55517,15,0,15,0.9579409956932068,1
molecola_55517,16,0,16,0.1850176304578781,0
molecola_5586,1,0,1,0.0013176014181226492,0
molecola_5586,2,0,2,0.0029866471886634827,0
molecola_5586,3,0,3,0.0009687906713224947,0
molecola_5586,4,0,4,0.0012511017266660929,0
molecola_5586,5,0,5,0.005310537293553352,0
molecola_5586,6,0,6,0.0012511017266660929,0
molecola_5586,7,0,7,0.0009687906713224947,0
molecola_5586,8,0,8,0.006637225858867168,0
molecola_5586,9,0,9,0.6700859069824219,1
molecola_5586,10,1,10,0.9806625247001648,1
molecola_5586,11,1,11,0.9800491333007812,1
molecola_5586,12,0,12,0.0475754477083683,0
molecola_5586,13,1,13,0.9539361000061035,1
molecola_5586,14,1,14,0.9593120217323303,1
molecola_5586,15,0,15,0.9800491333007812,1
molecola_5586,16,0,16,0.9806625247001648,1
molecola_5586,17,0,17,0.0475754477083683,0
molecola_56769,1,0,1,0.0004913592129014432,0
molecola_56769,2,0,2,0.0006713407929055393,0
molecola_56769,3,0,3,0.00032413535518571734,0
molecola_56769,4,0,4,0.00014476447540801018,0
molecola_56769,5,0,5,0.00034102052450180054,0
molecola_56769,6,0,6,0.0007492529111914337,0
molecola_56769,7,0,7,0.0010571560123935342,0
molecola_56769,8,0,8,0.020793404430150986,0
molecola_56769,9,0,9,0.012131747789680958,0
molecola_56769,10,0,10,0.005316235590726137,0
molecola_56769,11,0,11,0.01038244366645813,0
molecola_56769,12,0,12,0.0056508504785597324,0
molecola_56769,13,0,13,0.022859113290905952,0
molecola_56769,14,0,14,0.0015438491245731711,0
molecola_56769,15,0,15,0.0071761105209589005,0
molecola_56769,16,1,16,0.9081194400787354,1
molecola_56769,17,0,17,0.39263591170310974,0
molecola_56769,18,1,18,0.9392837882041931,1
molecola_5740,1,0,1,0.00011919384269276634,0
molecola_5740,2,0,2,0.0001305048499489203,0
molecola_5740,3,0,3,0.00010960323561448604,0
molecola_5740,4,0,4,0.00012521543249022216,0
molecola_5740,5,0,5,0.0002501891285646707,0
molecola_5740,6,0,6,0.00012521543249022216,0
molecola_5740,7,0,7,0.00010960323561448604,0
molecola_5740,8,0,8,0.0011888829758390784,0
molecola_5740,9,0,9,0.0008052813354879618,0
molecola_5740,10,0,10,0.0014391052536666393,0
molecola_5740,11,0,11,0.006075788289308548,0
molecola_5740,12,0,12,0.012826303020119667,0
molecola_5740,13,1,13,0.9885497689247131,1
molecola_5740,14,1,14,0.9914769530296326,1
molecola_5740,15,1,15,0.9496230483055115,1
molecola_5740,16,1,16,0.9377650022506714,1
molecola_5740,17,0,17,0.02899411879479885,0
molecola_5740,18,0,18,0.0044981916435062885,0
molecola_5740,19,0,19,0.0027609183453023434,0
molecola_5740,20,0,20,0.0022326281759887934,0
molecola_5740,21,0,21,0.012886959128081799,0
molecola_5740,22,0,22,0.042324189096689224,0
molecola_5740,23,1,23,0.9459928870201111,1
molecola_5740,24,1,24,0.9535585641860962,1
molecola_5740,25,0,25,0.0014391052536666393,0
molecola_5740,26,0,26,0.0008052813354879618,0
molecola_5890,1,0,1,0.0015062863240018487,0
molecola_5890,2,0,2,0.005815488751977682,0
molecola_5890,3,0,3,0.008928844705224037,0
molecola_5890,4,0,4,0.005825469270348549,0
molecola_5890,5,0,5,0.005825469270348549,0
molecola_5890,6,0,6,0.011384612880647182,0
molecola_5890,7,0,7,0.001408189651556313,0
molecola_5890,8,0,8,0.0017411179142072797,0
molecola_5890,9,0,9,0.011920002289116383,0
molecola_5890,10,1,10,0.9588559865951538,1
molecola_5890,11,1,11,0.9644725322723389,1
molecola_5890,12,0,12,0.0036121411249041557,0
molecola_5890,13,0,13,0.0019730492495000362,0
molecola_5890,14,0,14,0.0014301171759143472,0
molecola_5926,1,0,1,0.0007396635483019054,0
molecola_5926,2,0,2,0.0009769765892997384,0
molecola_5926,3,0,3,0.006087225396186113,0
molecola_5926,4,0,4,0.0023057395592331886,0
molecola_5926,5,1,5,0.9865358471870422,1
molecola_5926,6,1,6,0.9850828647613525,1
molecola_5926,7,0,7,0.001878068782389164,0
molecola_5926,8,0,8,0.0001540739758638665,0
molecola_5926,9,0,9,0.00013487272372003645,0
molecola_5926,10,0,10,0.00020092427439521998,0
molecola_5926,11,0,11,0.00015402550343424082,0
molecola_5926,12,0,12,0.0001275586982956156,0
molecola_5926,13,0,13,0.00015329729649238288,0
molecola_5926,14,0,14,0.00015369438915513456,0
molecola_5926,15,0,15,0.00021658369223587215,0
molecola_5926,16,0,16,0.04606816545128822,0
molecola_603,1,1,1,0.9956728219985962,1
molecola_603,2,1,2,0.9905162453651428,1
molecola_603,3,0,3,0.0052618901245296,0
molecola_603,4,0,4,0.02134374901652336,0
molecola_603,5,0,5,0.016028733924031258,0
molecola_603,6,0,6,0.017552444711327553,0
molecola_603,7,0,7,0.02225366234779358,0
molecola_603,8,0,8,0.01056738756597042,0
molecola_603,9,0,9,0.012505105696618557,0
molecola_603,10,0,10,0.0009795587975531816,0
molecola_603,11,0,11,0.0008155105751939118,0
molecola_603,12,0,12,0.0007019242038950324,0
molecola_603,13,0,13,0.0008155105751939118,0
molecola_603,14,0,14,0.0009795587975531816,0
molecola_6031,1,0,1,0.00038674252573400736,0
molecola_6031,2,0,2,0.0020059996750205755,0
molecola_6031,3,0,3,0.00025695524527691305,0
molecola_6031,4,0,4,0.00029053178150206804,0
molecola_6031,5,0,5,0.00113919866271317,0
molecola_6031,6,0,6,0.0007740378496237099,0
molecola_6031,7,0,7,0.0009464311879128218,0
molecola_6031,8,0,8,0.0006203853408806026,0
molecola_6031,9,0,9,0.0008526487508788705,0
molecola_6031,10,0,10,0.00017299974570050836,0
molecola_6031,11,0,11,0.00014939415268599987,0
molecola_6031,12,0,12,0.00015155987057369202,0
molecola_6031,13,0,13,0.00013302353909239173,0
molecola_6031,14,0,14,0.00022976026230026037,0
molecola_6031,15,0,15,0.0006584447692148387,0
molecola_6031,16,1,16,0.9949544072151184,1
molecola_6031,17,1,17,0.9978330731391907,1
molecola_6288,1,0,1,0.007563098333775997,0
molecola_6288,2,1,2,0.9303622841835022,1
molecola_6288,3,0,3,0.015698829665780067,0
molecola_6288,4,0,4,0.0023833513259887695,0
molecola_6288,5,0,5,0.0009374311775900424,0
molecola_6288,6,0,6,0.0013761059381067753,0
molecola_6288,7,0,7,0.005710435099899769,0
molecola_6288,8,0,8,0.00262632267549634,0
molecola_6288,9,0,9,0.00568287493661046,0
molecola_6288,10,0,10,0.0013195793144404888,0
molecola_6288,11,0,11,0.0008102460415102541,0
molecola_6288,12,0,12,0.0013902989448979497,0
molecola_6288,13,0,13,0.00040599581552669406,0
molecola_6288,14,0,14,0.0008102460415102541,0
molecola_6288,15,0,15,0.0013195793144404888,0
molecola_6288,16,0,16,0.0013761059381067753,0
molecola_6288,17,0,17,0.0009374311775900424,0
molecola_6288,18,1,18,0.9568325877189636,1
molecola_6288,19,1,19,0.9496138095855713,1
molecola_6288,20,1,20,0.9502355456352234,1
molecola_6288,21,0,21,0.013812046498060226,0
molecola_6288,22,0,22,0.0020054795313626528,0
molecola_6288,23,0,23,0.0020832056179642677,0
molecola_6288,24,0,24,0.006386674474924803,0
molecola_6288,25,0,25,0.0025706833694130182,0
molecola_6288,26,0,26,0.007595723494887352,0
molecola_6288,27,0,27,0.0009153242572210729,0
molecola_6288,28,0,28,0.0008153904927894473,0
molecola_6288,29,0,29,0.0007019121549092233,0
molecola_6288,30,0,30,0.0008153904927894473,0
molecola_6288,31,0,31,0.0009153242572210729,0
molecola_7210,1,0,1,0.0008526575984433293,0
molecola_7210,2,0,2,0.001578681287355721,0
molecola_7210,3,0,3,0.0014623724855482578,0
molecola_7210,4,0,4,0.0015675097238272429,0
molecola_7210,5,0,5,0.0006952615804038942,0
molecola_7210,6,0,6,0.0002432843466522172,0
molecola_7210,7,0,7,0.00040688112494535744,0
molecola_7210,8,0,8,0.0003839707642327994,0
molecola_7210,9,0,9,0.0003839707642327994,0
molecola_7210,10,0,10,0.0003839707642327994,0
molecola_7210,11,0,11,0.0005965167074464262,0
molecola_7210,12,0,12,0.00024019245756790042,0
molecola_7210,13,0,13,0.0003246146661695093,0
molecola_7210,14,0,14,0.00029456731863319874,0
molecola_7210,15,0,15,0.0023399554193019867,0
molecola_7210,16,1,16,0.990474283695221,1
molecola_7210,17,1,17,0.9955779314041138,1
molecola_7210,18,0,18,0.000642213155515492,0
molecola_7210,19,0,19,0.0007735905819572508,0
molecola_7210,20,0,20,0.0007735905819572508,0
molecola_7210,21,0,21,0.0013218234525993466,0
molecola_7210,22,0,22,0.0009372779750265181,0
molecola_7210,23,0,23,0.0009148394456133246,0
molecola_7210,24,0,24,0.0014313604915514588,0
molecola_7210,25,0,25,0.0005779372295364738,0
molecola_7210,26,0,26,0.0009148394456133246,0
molecola_7210,27,0,27,0.0009372779750265181,0
molecola_7526,1,0,1,0.00012782425619661808,0
molecola_7526,2,0,2,0.00014562200522050261,0
molecola_7526,3,0,3,0.00015877527766861022,0
molecola_7526,4,0,4,0.00014562200522050261,0
molecola_7526,5,0,5,0.00012782425619661808,0
molecola_7526,6,0,6,0.0001693766680546105,0
molecola_7526,7,0,7,0.0008379966020584106,0
molecola_7526,8,0,8,0.000881250889506191,0
molecola_7526,9,0,9,0.0018357926746830344,0
molecola_7526,10,0,10,0.0015183360083028674,0
molecola_7526,11,0,11,0.0020026296842843294,0
molecola_7526,12,0,12,0.00403253361582756,0
molecola_7526,13,0,13,0.0023057295475155115,0
molecola_7526,14,0,14,0.0008325509261339903,0
molecola_7526,15,0,15,0.00475403992459178,0
molecola_7526,16,0,16,0.0023472716566175222,0
molecola_7526,17,0,17,0.0013890191912651062,0
molecola_7526,18,0,18,0.006608245428651571,0
molecola_7526,19,0,19,0.009920060634613037,0
molecola_7526,20,1,20,0.9219419956207275,1
molecola_7526,21,0,21,0.005260402802377939,0
molecola_7526,22,1,22,0.9498786330223083,1
molecola_7526,23,1,23,0.9413627982139587,1
molecola_7526,24,1,24,0.9272685050964355,1
molecola_7560,1,1,1,0.9961957931518555,1
molecola_7560,2,1,2,0.9915205836296082,1
molecola_7560,3,0,3,0.001088603283278644,0
molecola_7560,4,0,4,0.0001719818392302841,0
molecola_7560,5,0,5,0.00025559135247021914,0
molecola_7560,6,0,6,0.0016796226846054196,0
molecola_7560,7,0,7,0.000704261299688369,0
molecola_7560,8,0,8,0.0009593204595148563,0
molecola_7560,9,0,9,0.0006896319682709873,0
molecola_7560,10,0,10,0.0027453575748950243,0
molecola_7560,11,0,11,0.000642529281321913,0
molecola_7560,12,0,12,0.002288107993081212,0
molecola_7560,13,0,13,0.0007661383133381605,0
molecola_7560,14,0,14,0.0011100384872406721,0
molecola_7560,15,0,15,0.0012633096193894744,0
molecola_7560,16,0,16,0.0007611597538925707,0
molecola_7560,17,0,17,0.0017986387247219682,0
molecola_7560,18,0,18,0.002352496376261115,0
molecola_7586,1,0,1,0.00017639747238717973,0
molecola_7586,2,0,2,0.0002470881736371666,0
molecola_7586,3,0,3,0.0010028549004346132,0
molecola_7586,4,0,4,0.0007470035925507545,0
molecola_7586,5,0,5,0.0008204581099562347,0
molecola_7586,6,0,6,0.0008208123035728931,0
molecola_7586,7,0,7,0.0007493671728298068,0
molecola_7586,8,0,8,0.000985697377473116,0
molecola_7586,9,0,9,0.0002640441816765815,0
molecola_7586,10,0,10,0.00013992117601446807,0
molecola_7586,11,0,11,0.00012135266297264025,0
molecola_7586,12,0,12,0.0001361545582767576,0
molecola_7586,13,0,13,0.00023827144468668848,0
molecola_7586,14,0,14,0.002028274117037654,0
molecola_7586,15,0,15,0.00039370410377159715,0
molecola_7586,16,1,16,0.9949583411216736,1
molecola_7586,17,1,17,0.9978348612785339,1
molecola_7816,1,0,1,0.00015140704635996372,0
molecola_7816,2,0,2,0.0022238290403038263,0
molecola_7816,3,0,3,0.0001348162768408656,0
molecola_7816,4,0,4,0.00014851638115942478,0
molecola_7816,5,0,5,0.00014084494614508003,0
molecola_7816,6,0,6,0.00012904599134344608,0
molecola_7816,7,0,7,0.0005368926795199513,0
molecola_7816,8,0,8,0.9645522832870483,1
molecola_7816,9,0,9,0.9611982703208923,1
molecola_7816,10,1,10,0.8564031720161438,1
molecola_7816,11,1,11,0.900202751159668,1
molecola_7816,12,0,12,0.00428709015250206,0
molecola_7816,13,0,13,0.00033974266261793673,0
molecola_7816,14,0,14,0.0004986570565961301,0
molecola_7816,15,0,15,0.0005701330956071615,0
molecola_7816,16,0,16,0.00014840370567981154,0
molecola_7816,17,0,17,0.00016587675781920552,0
molecola_7816,18,0,18,0.00016880591283552349,0
molecola_7816,19,0,19,0.00014001259114593267,0
molecola_7816,20,0,20,0.00013399909948930144,0
molecola_7816,21,0,21,0.0001356746506644413,0
molecola_7816,22,0,22,0.001586093450896442,0
molecola_7816,23,0,23,0.00016076580504886806,0
molecola_7816,24,0,24,0.8554144501686096,1
molecola_7816,25,0,25,0.0025630933232605457,0
molecola_7816,26,0,26,0.0017652401002123952,0
molecola_7816,27,0,27,0.0013381444150581956,0
molecola_7816,28,0,28,0.001669059507548809,0
molecola_7816,29,0,29,0.0004998574731871486,0
molecola_7816,30,0,30,0.0004998574731871486,0
molecola_7816,31,0,31,0.9196403622627258,1
molecola_7816,32,0,32,0.8989480137825012,1
molecola_7816,33,0,33,0.9226104617118835,1
molecola_7816,34,0,34,0.004237903282046318,0
molecola_8133,1,1,1,0.9950903654098511,1
molecola_8133,2,1,2,0.9898613691329956,1
molecola_8133,3,0,3,0.0013064187951385975,0
molecola_8133,4,0,4,0.0007404742063954473,0
molecola_8133,5,0,5,0.0006142579368315637,0
molecola_8133,6,0,6,0.0010990900918841362,0
molecola_8133,7,0,7,0.0011610642541199923,0
molecola_8133,8,0,8,0.0006601579952985048,0
molecola_8380,1,0,1,0.0002504908188711852,0
molecola_8380,2,0,2,0.002655960386618972,0
molecola_8380,3,0,3,0.0011164565803483129,0
molecola_8380,4,0,4,0.01226738654077053,0
molecola_8380,5,0,5,0.003249594010412693,0
molecola_8380,6,0,6,0.035839758813381195,0
molecola_8380,7,1,7,0.7717500329017639,1
molecola_8380,8,1,8,0.8626298904418945,1
molecola_8380,9,0,9,0.035255223512649536,0
molecola_8380,10,0,10,0.012180333025753498,0
molecola_8380,11,0,11,0.003166952868923545,0
molecola_8380,12,0,12,0.0015083963517099619,0
molecola_8380,13,0,13,0.001661083777435124,0
molecola_8380,14,0,14,0.010207907296717167,0
molecola_8380,15,0,15,0.03362481668591499,0
molecola_8380,16,0,16,0.8781794309616089,1
molecola_8380,17,0,17,0.919667661190033,1
molecola_8380,18,0,18,0.03385785222053528,0
molecola_8380,19,0,19,0.009635154157876968,0
molecola_8636,1,1,1,0.9387660622596741,1
molecola_8636,2,1,2,0.9144297242164612,1
molecola_8636,3,1,3,0.40224704146385193,0
molecola_8636,4,0,4,0.026875171810388565,0
molecola_8636,5,0,5,0.0018959796288982034,0
molecola_8636,6,0,6,0.0010533881140872836,0
molecola_8636,7,0,7,0.005074005573987961,0
molecola_8636,8,0,8,0.0010533881140872836,0
molecola_8636,9,0,9,0.0018959796288982034,0
molecola_8636,10,0,10,0.011129552498459816,0
molecola_8636,11,0,11,0.008447663858532906,0
molecola_8636,12,0,12,0.007742293644696474,0
molecola_8636,13,0,13,0.005514595657587051,0
molecola_8636,14,0,14,0.001210070215165615,0
molecola_8636,15,0,15,0.0010405242210254073,0
molecola_8636,16,0,16,0.001952535705640912,0
molecola_8636,17,0,17,0.0016717519611120224,0
molecola_8636,18,0,18,0.002171788364648819,0
molecola_8636,19,0,19,0.0007463116198778152,0
molecola_8636,20,0,20,0.0012235053582116961,0
molecola_8636,21,0,21,0.001368640922009945,0
molecola_8636,22,0,22,0.006823237054049969,0
molecola_8636,23,0,23,0.0029707541689276695,0
molecola_8724,1,0,1,0.00015638221520930529,0
molecola_8724,2,0,2,0.0006811259663663805,0
molecola_8724,3,0,3,0.00015638221520930529,0
molecola_8724,4,0,4,0.008414429612457752,0
molecola_8724,5,1,5,0.9311860203742981,1
molecola_8724,6,1,6,0.9551003575325012,1
molecola_8724,7,0,7,0.0232539065182209,0
molecola_8724,8,0,8,0.024009767919778824,0
molecola_8724,9,0,9,0.0009930080268532038,0
molecola_8724,10,0,10,0.01758572831749916,0
molecola_8724,11,0,11,0.008639953099191189,0
molecola_8724,12,0,12,0.022085970267653465,0
molecola_8724,13,0,13,0.0029599876143038273,0
molecola_8724,14,0,14,0.0006799744442105293,0
molecola_8724,15,0,15,0.0006799744442105293,0
molecola_8724,16,0,16,0.0006799744442105293,0
molecola_8724,17,0,17,0.0136649115011096,0
molecola_8724,18,0,18,0.0034206844866275787,0
molecola_8724,19,0,19,0.005510083865374327,0
molecola_8724,20,0,20,0.0025106752291321754,0
molecola_8724,21,0,21,0.002179860370233655,0
molecola_8724,22,0,22,0.002117129508405924,0
molecola_8724,23,0,23,0.0011215797858312726,0
molecola_8724,24,0,24,0.007307439111173153,0
molecola_8724,25,0,25,0.00035513530019670725,0
molecola_8724,26,0,26,0.00015396089293062687,0
molecola_8724,27,0,27,0.00011909681052202359,0
molecola_8724,28,0,28,0.00012713950127363205,0
molecola_8724,29,0,29,0.00014692374679725617,0
molecola_8724,30,0,30,0.0001510719012003392,0
molecola_8724,31,0,31,0.00012713950127363205,0
molecola_8724,32,0,32,0.00011909681052202359,0
molecola_8724,33,0,33,0.003137646010145545,0
molecola_8936,1,0,1,0.00018025196914095432,0
molecola_8936,2,0,2,0.00048319323104806244,0
molecola_8936,3,1,3,0.07047022879123688,0
molecola_8936,4,1,4,0.19330701231956482,0
molecola_8936,5,0,5,0.16896817088127136,0
molecola_8936,6,0,6,0.04459960758686066,0
molecola_8936,7,0,7,0.07895337790250778,0
molecola_8936,8,0,8,0.018023287877440453,0
molecola_8936,9,0,9,0.015780998393893242,0
molecola_8936,10,0,10,0.0029557221569120884,0
molecola_8936,11,0,11,0.000987159670330584,0
molecola_8936,12,0,12,0.0008258156012743711,0
molecola_8936,13,0,13,0.0010442257625982165,0
molecola_8936,14,0,14,0.005283548962324858,0
molecola_8936,15,0,15,0.0076613170094788074,0
molecola_8936,16,0,16,0.003771984251216054,0
molecola_8936,17,0,17,0.003920590039342642,0
molecola_8936,18,0,18,0.005271208006888628,0
molecola_8936,19,0,19,0.01454018335789442,0
molecola_8936,20,0,20,0.020032556727528572,0
molecola_8962,1,1,1,0.9497405290603638,1
molecola_8962,2,1,2,0.9699859023094177,1
molecola_8962,3,1,3,0.9596119523048401,1
molecola_8962,4,1,4,0.960608959197998,1
molecola_8962,5,0,5,0.9417455792427063,1
molecola_8962,6,0,6,0.9662995934486389,1
molecola_8962,7,0,7,0.6705318093299866,1
molecola_8962,8,0,8,0.7233380675315857,1
molecola_8962,9,0,9,0.18973718583583832,0
molecola_8962,10,0,10,0.021714363247156143,0
molecola_8962,11,0,11,0.0005245893844403327,0
molecola_8962,12,0,12,0.0012128361267969012,0
molecola_8962,13,0,13,0.004131801426410675,0
molecola_8962,14,0,14,0.0013714521192014217,0
molecola_8962,15,0,15,0.004142581485211849,0
molecola_8962,16,0,16,0.07274306565523148,0
molecola_8962,17,0,17,0.01674026809632778,0
molecola_8999,1,0,1,0.0006238141795620322,0
molecola_8999,2,0,2,0.0005328955594450235,0
molecola_8999,3,0,3,0.0008382186060771346,0
molecola_8999,4,0,4,0.0007293256931006908,0
molecola_8999,5,0,5,0.0009370279731228948,0
molecola_8999,6,0,6,0.004996776580810547,0
molecola_8999,7,0,7,0.006635110359638929,0
molecola_8999,8,0,8,0.02406446449458599,0
molecola_8999,9,0,9,0.008995064534246922,0
molecola_8999,10,0,10,0.008395266719162464,0
molecola_8999,11,0,11,0.005248927511274815,0
molecola_8999,12,0,12,0.00554583640769124,0
molecola_8999,13,0,13,0.024269411340355873,0
molecola_8999,14,0,14,0.011487588286399841,0
molecola_8999,15,1,15,0.9189730286598206,1
molecola_8999,16,1,16,0.9082096815109253,1
molecola_8999,17,0,17,0.007502964232116938,0
molecola_8999,18,0,18,0.004759433213621378,0
molecola_8999,19,0,19,0.0009527190122753382,0
molecola_8999,20,0,20,0.0013977241469547153,0
molecola_8999,21,0,21,0.00040601674118079245,0
molecola_8999,22,0,22,0.0009527190122753382,0
molecola_8999,23,0,23,0.004759433213621378,0
molecola_908,1,0,1,0.0004059937200509012,0
molecola_908,2,0,2,0.0013868679525330663,0
molecola_908,3,0,3,0.0007674891385249794,0
molecola_908,4,0,4,0.0006348798633553088,0
molecola_908,5,0,5,0.0008481377153657377,0
molecola_908,6,0,6,0.00023870142467785627,0
molecola_908,7,0,7,0.002201688941568136,0
molecola_908,8,0,8,0.004296380095183849,0
molecola_908,9,0,9,0.0024628795217722654,0
molecola_908,10,0,10,0.004468350205570459,0
molecola_908,11,0,11,0.0035369782708585262,0
molecola_908,12,0,12,0.007396296132355928,0
molecola_908,13,0,13,0.00805125292390585,0
molecola_908,14,0,14,0.002054775832220912,0
molecola_908,15,0,15,0.0006794918444938958,0
molecola_908,16,0,16,0.0020837103947997093,0
molecola_908,17,0,17,0.01005465630441904,0
molecola_908,18,1,18,0.9678356647491455,1
molecola_908,19,1,19,0.9755038022994995,1
molecola_908,20,0,20,0.009272945113480091,0
molecola_908,21,0,21,0.005554716568440199,0
molecola_908,22,0,22,0.0011566233588382602,0
molecola_908,23,0,23,0.001524199964478612,0
molecola_908,24,0,24,0.0007037242758087814,0
molecola_908,25,0,25,0.0011566233588382602,0
molecola_908,26,0,26,0.005554716568440199,0
molecola_908,27,0,27,0.0006348798633553088,0
molecola_908,28,0,28,0.0007674891385249794,0
molecola_9091,1,0,1,0.000353389565134421,0
molecola_9091,2,0,2,0.0013239022810012102,0
molecola_9091,3,0,3,0.000353389565134421,0
molecola_9091,4,0,4,0.0011154413223266602,0
molecola_9091,5,0,5,0.0016444431385025382,0
molecola_9091,6,1,6,0.9908142685890198,1
molecola_9091,7,1,7,0.9957821369171143,1
molecola_9091,8,0,8,0.0022443709895014763,0
molecola_9091,9,0,9,0.0018386284355074167,0
molecola_9091,10,0,10,0.002562705660238862,0
molecola_9091,11,0,11,0.0008148017222993076,0
molecola_9091,12,0,12,0.01267248298972845,0
molecola_9091,13,0,13,0.011496232822537422,0
molecola_9091,14,0,14,0.02961542084813118,0
molecola_9091,15,0,15,0.03259354829788208,0
molecola_9091,16,0,16,0.02679738588631153,0
molecola_9091,17,0,17,0.014767671003937721,0
molecola_9091,18,0,18,0.0026308854576200247,0
molecola_9091,19,0,19,0.0008311665733344853,0
molecola_9091,20,0,20,0.0013906022068113089,0
molecola_9091,21,0,21,0.0004059886559844017,0
molecola_9091,22,0,22,0.0008311665733344853,0
molecola_9091,23,0,23,0.0026308854576200247,0
molecola_9091,24,0,24,0.015334710478782654,0
molecola_9091,25,0,25,0.013875961303710938,0
molecola_9091,26,0,26,0.0011132991639897227,0
molecola_9091,27,0,27,0.000795303494669497,0
molecola_9091,28,0,28,0.0013909239787608385,0
molecola_9091,29,0,29,0.0004060122591909021,0
molecola_9091,30,0,30,0.000795303494669497,0
molecola_9091,31,0,31,0.0011132991639897227,0
molecola_9131,1,0,1,0.007773581892251968,0
molecola_9131,2,0,2,0.0129049988463521,0
molecola_9131,3,0,3,0.007773581892251968,0
molecola_9131,4,0,4,0.004020629450678825,0
molecola_9131,5,0,5,0.00568554038181901,0
molecola_9131,6,0,6,0.0012099746381863952,0
molecola_9131,7,0,7,0.0012135411379858851,0
molecola_9131,8,0,8,0.002445306396111846,0
molecola_9131,9,0,9,0.0008692046394571662,0
molecola_9131,10,0,10,0.0009063438046723604,0
molecola_9131,11,0,11,0.012790976092219353,0
molecola_9131,12,1,12,0.9700380563735962,1
molecola_9131,13,1,13,0.9781780242919922,1
molecola_9131,14,1,14,0.9710406064987183,1
molecola_9131,15,1,15,0.969528317451477,1
molecola_9131,16,0,16,0.005770342890173197,0
molecola_9131,17,0,17,0.0012434899108484387,0
molecola_9131,18,0,18,0.0009284897241741419,0
molecola_9131,19,0,19,0.000812420854344964,0
molecola_9131,20,0,20,0.0017995259258896112,0
molecola_9131,21,0,21,0.00081639300333336,0
molecola_9131,22,0,22,0.0015653842128813267,0
molecola_9131,23,0,23,0.0008000584202818573,0
molecola_9131,24,0,24,0.0015067962231114507,0
molecola_9131,25,0,25,0.0006742245750501752,0
molecola_9131,26,0,26,0.0008141145808622241,0
molecola_9131,27,0,27,0.000701931188814342,0
molecola_9131,28,0,28,0.0008141145808622241,0
molecola_9131,29,0,29,0.0006742245750501752,0
molecola_9131,30,0,30,0.005305544938892126,0
molecola_929,1,0,1,0.00012575591972563416,0
molecola_929,2,0,2,0.0001551975292386487,0
molecola_929,3,0,3,0.00013300769205670804,0
molecola_929,4,0,4,0.0006050736992619932,0
molecola_929,5,1,5,0.9880218505859375,1
molecola_929,6,1,6,0.9831200838088989,1
molecola_929,7,0,7,0.0238784346729517,0
molecola_929,8,0,8,0.007231301628053188,0
molecola_929,9,0,9,0.008392139337956905,0
molecola_929,10,0,10,0.001510102185420692,0
molecola_929,11,0,11,0.001342029427178204,0
molecola_929,12,0,12,0.00015144256758503616,0
molecola_929,13,0,13,0.00015345291467383504,0
molecola_929,14,0,14,0.0001454041776014492,0
molecola_929,15,0,15,0.0008744568331167102,0
molecola_929,16,0,16,0.009408224374055862,0
molecola_929,17,0,17,0.0014128064503893256,0
molecola_929,18,0,18,0.0001454807206755504,0
molecola_929,19,0,19,0.00016358726134058088,0
molecola_929,20,0,20,0.00015809547039680183,0
molecola_929,21,0,21,0.00015939144941512495,0
molecola_929,22,0,22,0.00016115533071570098,0
molecola_929,23,0,23,0.017444830387830734,0
molecola_929,24,0,24,0.01285240612924099,0
molecola_929,25,0,25,0.01285240612924099,0
molecola_9317,1,0,1,0.0014248901279643178,0
molecola_9317,2,0,2,0.0015928327338770032,0
molecola_9317,3,0,3,0.0015153916319832206,0
molecola_9317,4,0,4,0.0008304425864480436,0
molecola_9317,5,0,5,0.000582595937885344,0
molecola_9317,6,0,6,0.00012572378909680992,0
molecola_9317,7,0,7,0.0001371295511489734,0
molecola_9317,8,0,8,0.00012763375707436353,0
molecola_9317,9,0,9,0.00014655366248916835,0
molecola_9317,10,0,10,0.00031881066388450563,0
molecola_9317,11,0,11,0.004866966977715492,0
molecola_9317,12,0,12,0.0004338559811003506,0
molecola_9317,13,0,13,0.00013158096408005804,0
molecola_9317,14,0,14,0.00021629435650538653,0
molecola_9317,15,0,15,0.001209390931762755,0
molecola_9317,16,0,16,0.000680397788528353,0
molecola_9317,17,0,17,0.0016363388858735561,0
molecola_9317,18,0,18,0.0004114250768907368,0
molecola_9317,19,0,19,0.0008049384341575205,0
molecola_9317,20,0,20,0.0008896043291315436,0
molecola_9317,21,0,21,0.0014746560482308269,0
molecola_9317,22,0,22,0.0014819347998127341,0
molecola_9317,23,0,23,0.0037720557302236557,0
molecola_9317,24,1,24,0.10197542607784271,0
molecola_9317,25,1,25,0.8420624732971191,1
molecola_9317,26,1,26,0.8430492281913757,1
molecola_9317,27,1,27,0.2010391354560852,0
molecola_9317,28,0,28,0.002290846314281225,0
molecola_9317,29,0,29,0.0006064215558581054,0
molecola_9317,30,0,30,0.0007968461723066866,0
molecola_9317,31,0,31,0.0006988058448769152,0
molecola_9317,32,0,32,0.0007968461723066866,0
molecola_9317,33,0,33,0.0006064215558581054,0
molecola_9317,34,0,34,0.00012572378909680992,0
molecola_9317,35,0,35,0.000582595937885344,0
molecola_9674,1,0,1,0.0004001660563517362,0
molecola_9674,2,0,2,0.0013709545601159334,0
molecola_9674,3,0,3,0.0009807284222915769,0
molecola_9674,4,0,4,0.0005680713220499456,0
molecola_9674,5,0,5,0.005787323694676161,0
molecola_9674,6,0,6,0.00271000643260777,0
molecola_9674,7,0,7,0.0019026867812499404,0
molecola_9674,8,0,8,0.002361510181799531,0
molecola_9674,9,0,9,0.036683835089206696,0
molecola_9674,10,0,10,0.0048428671434521675,0
molecola_9674,11,0,11,0.29833659529685974,0
molecola_9674,12,0,12,0.2909628748893738,0
molecola_9674,13,0,13,0.5823794007301331,1
molecola_9674,14,1,14,0.6795953512191772,1
molecola_9674,15,1,15,0.6865149140357971,1
molecola_9674,16,0,16,0.024792129173874855,0
molecola_9674,17,0,17,0.14936916530132294,0
molecola_9674,18,0,18,0.013993109576404095,0
molecola_9674,19,0,19,0.0010768233332782984,0
molecola_9674,20,0,20,0.0009270413429476321,0
molecola_9674,21,0,21,0.0029802462086081505,0
molecola_9674,22,0,22,0.0013177525252103806,0
molecola_9674,23,0,23,0.0009270413429476321,0
molecola_9674,24,0,24,0.0010768233332782984,0
molecola_9674,25,0,25,0.17083275318145752,0
molecola_9674,26,0,26,0.0004001660563517362,0
molecola_9708,1,0,1,0.0007414200226776302,0
molecola_9708,2,0,2,0.00351832271553576,0
molecola_9708,3,0,3,0.0004927442059852183,0
molecola_9708,4,0,4,0.0001420587213942781,0
molecola_9708,5,0,5,0.00011078048555646092,0
molecola_9708,6,0,6,0.00011881221871590242,0
molecola_9708,7,0,7,0.0001221983548020944,0
molecola_9708,8,0,8,0.00011881221871590242,0
molecola_9708,9,0,9,0.00011078048555646092,0
molecola_9708,10,1,10,0.9472153186798096,1
molecola_9708,11,1,11,0.9590219259262085,1
molecola_9708,12,0,12,0.009318633005023003,0
molecola_9708,13,0,13,0.005705793853849173,0
molecola_9708,14,0,14,0.0008912842022255063,0
molecola_9708,15,0,15,0.0008874311461113393,0
molecola_9708,16,0,16,0.0008912842022255063,0
molecola_9708,17,0,17,0.005705793853849173,0
molecola_9708,18,0,18,0.0002280322223668918,0
molecola_9708,19,0,19,0.00019233989587519318,0
molecola_9708,20,0,20,0.00017111701890826225,0
molecola_9708,21,0,21,0.00016834972484502941,0
molecola_9974,1,1,1,0.9949223399162292,1
molecola_9974,2,1,2,0.9894943833351135,1
molecola_9974,3,0,3,0.0009338630479760468,0
molecola_9974,4,0,4,0.0001627567398827523,0
molecola_9974,5,0,5,0.00026982263079844415,0
molecola_9974,6,0,6,0.0001627567398827523,0
molecola_9974,7,0,7,0.0012038099812343717,0
molecola_9974,8,0,8,0.0007884451188147068,0
molecola_9974,9,0,9,0.0008921478874981403,0
molecola_9974,10,0,10,0.0015209363773465157,0
molecola_9974,11,0,11,0.0008921478874981403,0
molecola_9974,12,0,12,0.0007884451188147068,0
molecola_9974,13,0,13,0.0007078163325786591,0
molecola_9974,14,0,14,0.0010579766239970922,0
molecola_9974,15,0,15,0.0010579766239970922,0
molecola_9974,16,0,16,0.00026229608920402825,0
molecola_9974,17,0,17,0.00014260444731917232,0
molecola_9974,18,0,18,0.00014260444731917232,0
