molecola,indice_atomi,match,indice_atomo,probabilita,y_pred_prob
molecola_10219,1,0,1,0.010078400373458862,0
molecola_10219,2,0,2,0.012212008237838745,0
molecola_10219,3,0,3,0.016424741595983505,0
molecola_10219,4,0,4,0.003392663085833192,0
molecola_10219,5,0,5,0.0026396962348371744,0
molecola_10219,6,0,6,0.0038105316925793886,0
molecola_10219,7,0,7,0.024852750822901726,0
molecola_10219,8,0,8,0.037548888474702835,0
molecola_10219,9,0,9,0.05312815681099892,0
molecola_10219,10,0,10,0.014671201817691326,0
molecola_10219,11,0,11,0.0397002138197422,0
molecola_10219,12,0,12,0.899095356464386,1
molecola_10219,13,0,13,0.03111504390835762,0
molecola_10219,14,0,14,0.9182485342025757,1
molecola_10219,15,0,15,0.05073919519782066,0
molecola_10219,16,0,16,0.00851349625736475,0
molecola_10219,17,1,17,0.9719080924987793,1
molecola_10219,18,1,18,0.9740979075431824,1
molecola_10219,19,1,19,0.9698049426078796,1
molecola_10219,20,1,20,0.9760887026786804,1
molecola_10219,21,1,21,0.9668752551078796,1
molecola_10219,22,0,22,0.014967093244194984,0
molecola_10219,23,0,23,0.02018704079091549,0
molecola_10219,24,0,24,0.02018704079091549,0
molecola_10219,25,0,25,0.014967093244194984,0
molecola_10219,26,0,26,0.00564805930480361,0
molecola_10219,27,0,27,0.0032162214629352093,0
molecola_10219,28,0,28,0.0032162214629352093,0
molecola_10219,29,0,29,0.0032162214629352093,0
molecola_10219,30,0,30,0.5153981447219849,1
molecola_10219,31,0,31,0.07636076956987381,0
molecola_10219,32,0,32,0.2119036167860031,0
molecola_10219,33,0,33,0.011624811217188835,0
molecola_10219,34,0,34,0.0035396027378737926,0
molecola_10219,35,0,35,0.004150961991399527,0
molecola_10219,36,0,36,0.008277815766632557,0
molecola_10219,37,0,37,0.007426491938531399,0
molecola_10219,38,0,38,0.03887417912483215,0
molecola_10219,39,0,39,0.027073414996266365,0
molecola_10219,40,0,40,0.027073414996266365,0
molecola_10219,41,0,41,0.003538719844073057,0
molecola_10219,42,0,42,0.0033486089669167995,0
molecola_10219,43,0,43,0.003711926518008113,0
molecola_10219,44,0,44,0.0034118867479264736,0
molecola_10219,45,0,45,0.003944258205592632,0
molecola_10219,46,0,46,0.003935953136533499,0
molecola_10219,47,0,47,0.00342159322462976,0
molecola_10219,48,0,48,0.002706696279346943,0
molecola_10219,49,0,49,0.003083813702687621,0
molecola_10219,50,0,50,0.007546690758317709,0
molecola_10219,51,0,51,0.054227519780397415,0
molecola_10219,52,0,52,0.04574767127633095,0
molecola_10219,53,0,53,0.029837992042303085,0
molecola_10219,54,0,54,0.009008169174194336,0
molecola_10219,55,0,55,0.005920142866671085,0
molecola_10219,56,0,56,0.005920142866671085,0
molecola_10219,57,0,57,0.00441068084910512,0
molecola_11052,1,1,1,0.9553061127662659,1
molecola_11052,2,1,2,0.9656481742858887,1
molecola_11052,3,0,3,0.046870406717061996,0
molecola_11052,4,0,4,0.10181786864995956,0
molecola_11052,5,0,5,0.003385842079296708,0
molecola_11052,6,0,6,0.0026289543602615595,0
molecola_11052,7,0,7,0.003141626249998808,0
molecola_11052,8,0,8,0.0026289543602615595,0
molecola_11052,9,0,9,0.003385842079296708,0
molecola_11052,10,0,10,0.0034604163374751806,0
molecola_11052,11,0,11,0.002559686079621315,0
molecola_11052,12,0,12,0.0030131195671856403,0
molecola_11052,13,0,13,0.005345608107745647,0
molecola_11052,14,0,14,0.005219243932515383,0
molecola_11052,15,0,15,0.009789855219423771,0
molecola_11052,16,0,16,0.00467511685565114,0
molecola_11052,17,0,17,0.002765469951555133,0
molecola_11052,18,0,18,0.003269381821155548,0
molecola_11052,19,0,19,0.030452817678451538,0
molecola_11052,20,0,20,0.003269381821155548,0
molecola_11052,21,0,21,0.002765469951555133,0
molecola_11052,22,0,22,0.8670085072517395,1
molecola_11052,23,0,23,0.02777574025094509,0
molecola_11052,24,0,24,0.05275874212384224,0
molecola_11052,25,0,25,0.056587934494018555,0
molecola_11052,26,0,26,0.09475242346525192,0
molecola_11052,27,0,27,0.9422135353088379,1
molecola_11052,28,0,28,0.10084041953086853,0
molecola_11052,29,0,29,0.005212064832448959,0
molecola_11062,1,0,1,0.010078400373458862,0
molecola_11062,2,0,2,0.012211940251290798,0
molecola_11062,3,0,3,0.020188242197036743,0
molecola_11062,4,0,4,0.004521152935922146,0
molecola_11062,5,0,5,0.010558740235865116,0
molecola_11062,6,0,6,0.014803256839513779,0
molecola_11062,7,0,7,0.014165971428155899,0
molecola_11062,8,0,8,0.09109824895858765,0
molecola_11062,9,0,9,0.2672342360019684,0
molecola_11062,10,0,10,0.08739542216062546,0
molecola_11062,11,0,11,0.026847191154956818,0
molecola_11062,12,0,12,0.00966686476022005,0
molecola_11062,13,0,13,0.01106236968189478,0
molecola_11062,14,0,14,0.003733587684109807,0
molecola_11062,15,0,15,0.9593595266342163,1
molecola_11062,16,1,16,0.9844223260879517,1
molecola_11062,17,1,17,0.9788119196891785,1
molecola_11062,18,1,18,0.7984883785247803,1
molecola_11062,19,1,19,0.8299091458320618,1
molecola_11062,20,0,20,0.8299091458320618,1
molecola_11062,21,0,21,0.002883887616917491,0
molecola_11062,22,0,22,0.0026273070834577084,0
molecola_11062,23,0,23,0.0035498293582350016,0
molecola_11062,24,0,24,0.00453029153868556,0
molecola_11062,25,0,25,0.020160699263215065,0
molecola_11062,26,0,26,0.012290322221815586,0
molecola_11062,27,0,27,0.010084016248583794,0
molecola_11062,28,0,28,0.025594420731067657,0
molecola_11062,29,0,29,0.01229031104594469,0
molecola_11062,30,0,30,0.010084016248583794,0
molecola_11301,1,0,1,0.004537983797490597,0
molecola_11301,2,0,2,0.008709062822163105,0
molecola_11301,3,0,3,0.008897337131202221,0
molecola_11301,4,0,4,0.01582491770386696,0
molecola_11301,5,1,5,0.8164116144180298,1
molecola_11301,6,0,6,0.02140131965279579,0
molecola_11301,7,0,7,0.041228994727134705,0
molecola_11301,8,0,8,0.08646240830421448,0
molecola_11301,9,1,9,0.8929346799850464,1
molecola_11301,10,0,10,0.08269717544317245,0
molecola_11301,11,0,11,0.04644953832030296,0
molecola_11301,12,0,12,0.027520833536982536,0
molecola_11301,13,0,13,0.012895393185317516,0
molecola_11301,14,0,14,0.0032477863132953644,0
molecola_11301,15,0,15,0.0025052011478692293,0
molecola_11301,16,0,16,0.002569987904280424,0
molecola_11301,17,0,17,0.0029573263600468636,0
molecola_11301,18,0,18,0.002975748386234045,0
molecola_11301,19,0,19,0.003389444900676608,0
molecola_11382,1,1,1,0.931885838508606,1
molecola_11382,2,1,2,0.9727727770805359,1
molecola_11382,3,1,3,0.9739531874656677,1
molecola_11382,4,1,4,0.970262348651886,1
molecola_11382,5,1,5,0.9722317457199097,1
molecola_11382,6,0,6,0.012156953103840351,0
molecola_11382,7,0,7,0.007017687428742647,0
molecola_11382,8,0,8,0.005698197055608034,0
molecola_11382,9,0,9,0.005698197055608034,0
molecola_11382,10,0,10,0.31478387117385864,0
molecola_11382,11,0,11,0.0382043719291687,0
molecola_11382,12,0,12,0.34549054503440857,0
molecola_11382,13,0,13,0.07957541942596436,0
molecola_11382,14,0,14,0.01784038171172142,0
molecola_11382,15,0,15,0.022051604464650154,0
molecola_11382,16,0,16,0.045011892914772034,0
molecola_11382,17,0,17,0.03984825313091278,0
molecola_11382,18,0,18,0.02746480144560337,0
molecola_11382,19,0,19,0.004107960499823093,0
molecola_11382,20,0,20,0.003948528319597244,0
molecola_11382,21,0,21,0.005370051600039005,0
molecola_11382,22,0,22,0.009322612546384335,0
molecola_11382,23,0,23,0.0032012127339839935,0
molecola_11382,24,0,24,0.0026333353016525507,0
molecola_11382,25,0,25,0.0026182751171290874,0
molecola_11382,26,0,26,0.00307598989456892,0
molecola_11382,27,0,27,0.0026182751171290874,0
molecola_11382,28,0,28,0.0026333353016525507,0
molecola_11382,29,0,29,0.00307598989456892,0
molecola_11382,30,0,30,0.0026182751171290874,0
molecola_11382,31,0,31,0.0026510567404329777,0
molecola_11382,32,0,32,0.003087830264121294,0
molecola_11382,33,0,33,0.0026510567404329777,0
molecola_11382,34,0,34,0.0026182751171290874,0
molecola_11382,35,0,35,0.0034135186579078436,0
molecola_11382,36,0,36,0.00293957837857306,0
molecola_11382,37,0,37,0.004199277609586716,0
molecola_11382,38,0,38,0.018292244523763657,0
molecola_11382,39,0,39,0.00337682431563735,0
molecola_11382,40,0,40,0.04802437499165535,0
molecola_11382,41,0,41,0.032957714051008224,0
molecola_11382,42,0,42,0.045966070145368576,0
molecola_11382,43,0,43,0.0320853553712368,0
molecola_11382,44,0,44,0.9237275123596191,1
molecola_11382,45,0,45,0.9181301593780518,1
molecola_11382,46,0,46,0.050735291093587875,0
molecola_11382,47,0,47,0.014136861078441143,0
molecola_11382,48,0,48,0.972246527671814,1
molecola_11382,49,0,49,0.9739531874656677,1
molecola_11382,50,0,50,0.970262348651886,1
molecola_11382,51,0,51,0.9727727770805359,1
molecola_11382,52,0,52,0.931885838508606,1
molecola_11382,53,0,53,0.007175713777542114,0
molecola_11382,54,0,54,0.005698199849575758,0
molecola_11382,55,0,55,0.005698199849575758,0
molecola_12106,1,0,1,0.010077126324176788,0
molecola_12106,2,0,2,0.012172154150903225,0
molecola_12106,3,0,3,0.016571901738643646,0
molecola_12106,4,0,4,0.004516292363405228,0
molecola_12106,5,1,5,0.9678773880004883,1
molecola_12106,6,1,6,0.9818291664123535,1
molecola_12106,7,1,7,0.9469982385635376,1
molecola_12106,8,0,8,0.014955111779272556,0
molecola_12106,9,0,9,0.014955111779272556,0
molecola_12106,10,0,10,0.023323429748415947,0
molecola_12106,11,0,11,0.005068734288215637,0
molecola_12106,12,0,12,0.031333163380622864,0
molecola_12106,13,0,13,0.02721315808594227,0
molecola_12106,14,0,14,0.024979425594210625,0
molecola_12106,15,0,15,0.07879206538200378,0
molecola_12106,16,0,16,0.05148041248321533,0
molecola_12106,17,0,17,0.019219283014535904,0
molecola_12106,18,0,18,0.004733140114694834,0
molecola_12106,19,0,19,0.004663508851081133,0
molecola_12106,20,0,20,0.002852985868230462,0
molecola_12106,21,0,21,0.0031236307695508003,0
molecola_12106,22,0,22,0.003549809567630291,0
molecola_12533,1,0,1,0.005153624806553125,0
molecola_12533,2,0,2,0.007127486634999514,0
molecola_12533,3,0,3,0.004531095735728741,0
molecola_12533,4,0,4,0.0038737086579203606,0
molecola_12533,5,0,5,0.0035557295195758343,0
molecola_12533,6,0,6,0.004603871610015631,0
molecola_12533,7,0,7,0.0038072022143751383,0
molecola_12533,8,0,8,0.002734600333496928,0
molecola_12533,9,0,9,0.002673753537237644,0
molecola_12533,10,0,10,0.003226574743166566,0
molecola_12533,11,0,11,0.0030222954228520393,0
molecola_12533,12,0,12,0.003672264749184251,0
molecola_12533,13,0,13,0.003163698362186551,0
molecola_12533,14,0,14,0.0026268998626619577,0
molecola_12533,15,0,15,0.003266581567004323,0
molecola_12533,16,0,16,0.029066894203424454,0
molecola_12533,17,0,17,0.003394590225070715,0
molecola_12533,18,0,18,0.002998850541189313,0
molecola_12533,19,0,19,0.0029799018520861864,0
molecola_12533,20,0,20,0.8596335649490356,1
molecola_12533,21,0,21,0.021236412227153778,0
molecola_12533,22,0,22,0.03168000653386116,0
molecola_12533,23,0,23,0.8879305124282837,1
molecola_12533,24,1,24,0.978473961353302,1
molecola_12533,25,1,25,0.9804096817970276,1
molecola_12533,26,1,26,0.8378341197967529,1
molecola_12533,27,1,27,0.8598076701164246,1
molecola_12533,28,0,28,0.8598076701164246,1
molecola_12533,29,0,29,0.23307500779628754,0
molecola_12533,30,0,30,0.8396195769309998,1
molecola_12533,31,0,31,0.15805304050445557,0
molecola_12544,1,0,1,0.0043028537184000015,0
molecola_12544,2,0,2,0.16547895967960358,0
molecola_12544,3,0,3,0.012964637018740177,0
molecola_12544,4,0,4,0.00684246513992548,0
molecola_12544,5,0,5,0.00684246513992548,0
molecola_12544,6,0,6,0.9690163731575012,1
molecola_12544,7,0,7,0.1016053780913353,0
molecola_12544,8,0,8,0.002994723152369261,0
molecola_12544,9,0,9,0.002516016596928239,0
molecola_12544,10,0,10,0.0028094688896089792,0
molecola_12544,11,0,11,0.005516609642654657,0
molecola_12544,12,0,12,0.00503495242446661,0
molecola_12544,13,0,13,0.007557959761470556,0
molecola_12544,14,0,14,0.004300310742110014,0
molecola_12544,15,0,15,0.0046455576084554195,0
molecola_12544,16,0,16,0.0032968269661068916,0
molecola_12544,17,0,17,0.002678689081221819,0
molecola_12544,18,0,18,0.003141260240226984,0
molecola_12544,19,0,19,0.0029553852509707212,0
molecola_12544,20,1,20,0.977540910243988,1
molecola_12544,21,1,21,0.9736635684967041,1
molecola_12544,22,1,22,0.9774503707885742,1
molecola_12544,23,1,23,0.9676396250724792,1
molecola_12544,24,1,24,0.975001871585846,1
molecola_12544,25,0,25,0.009453920647501945,0
molecola_12544,26,0,26,0.009453920647501945,0
molecola_12544,27,0,27,0.003297528950497508,0
molecola_12544,28,0,28,0.0032575579825788736,0
molecola_12544,29,0,29,0.005637934897094965,0
molecola_12544,30,0,30,0.028027525171637535,0
molecola_12544,31,0,31,0.026493316516280174,0
molecola_12544,32,0,32,0.0034810893703252077,0
molecola_12723,1,0,1,0.013804943300783634,0
molecola_12723,2,1,2,0.9786986112594604,1
molecola_12723,3,1,3,0.967240035533905,1
molecola_12723,4,0,4,0.027666214853525162,0
molecola_12723,5,0,5,0.9574999213218689,1
molecola_12723,6,0,6,0.06180514767765999,0
molecola_12723,7,0,7,0.9523487687110901,1
molecola_12723,8,0,8,0.02844225987792015,0
molecola_12723,9,0,9,0.0462334044277668,0
molecola_12723,10,0,10,0.02615997940301895,0
molecola_12723,11,0,11,0.026833994314074516,0
molecola_12723,12,0,12,0.03057510033249855,0
molecola_12723,13,0,13,0.006047035101801157,0
molecola_12723,14,0,14,0.004136701580137014,0
molecola_12723,15,0,15,0.003306749276816845,0
molecola_12723,16,0,16,0.004168733488768339,0
molecola_12723,17,0,17,0.0021999592427164316,0
molecola_12723,18,0,18,0.0021999592427164316,0
molecola_12723,19,0,19,0.0021999592427164316,0
molecola_12723,20,0,20,0.015339996665716171,0
molecola_12723,21,0,21,0.0065190549939870834,0
molecola_12723,22,0,22,0.0028395659755915403,0
molecola_12723,23,0,23,0.002991089364513755,0
molecola_12723,24,0,24,0.0029775414150208235,0
molecola_12723,25,0,25,0.0029868122655898333,0
molecola_12723,26,0,26,0.0029775414150208235,0
molecola_12723,27,0,27,0.0026733162812888622,0
molecola_12723,28,0,28,0.003091681282967329,0
molecola_12723,29,0,29,0.0029798001050949097,0
molecola_13018,1,0,1,0.048098932951688766,0
molecola_13018,2,1,2,0.9860256314277649,1
molecola_13018,3,1,3,0.9887157082557678,1
molecola_13018,4,0,4,0.041983552277088165,0
molecola_13018,5,0,5,0.003293766872957349,0
molecola_13018,6,0,6,0.0025035322178155184,0
molecola_13018,7,0,7,0.002503841882571578,0
molecola_13018,8,0,8,0.0026293620467185974,0
molecola_13018,9,0,9,0.003797293873503804,0
molecola_13018,10,0,10,0.0040099429897964,0
molecola_13018,11,0,11,0.003747388953343034,0
molecola_13018,12,0,12,0.0033288495615124702,0
molecola_13018,13,0,13,0.0026522648986428976,0
molecola_13018,14,0,14,0.0025145940016955137,0
molecola_13018,15,0,15,0.0025145940016955137,0
molecola_13018,16,0,16,0.0026522648986428976,0
molecola_13018,17,0,17,0.0033340598456561565,0
molecola_13018,18,0,18,0.004630047827959061,0
molecola_13018,19,0,19,0.03043350577354431,0
molecola_13204,1,0,1,0.0030651590786874294,0
molecola_13204,2,0,2,0.007116773631423712,0
molecola_13204,3,0,3,0.0030651590786874294,0
molecola_13204,4,0,4,0.04033029451966286,0
molecola_13204,5,0,5,0.018867285922169685,0
molecola_13204,6,0,6,0.0031325730960816145,0
molecola_13204,7,0,7,0.003048734739422798,0
molecola_13204,8,1,8,0.9668958783149719,1
molecola_13204,9,1,9,0.9807310104370117,1
molecola_13204,10,1,10,0.9432475566864014,1
molecola_13204,11,0,11,0.01306302472949028,0
molecola_13204,12,0,12,0.01306302472949028,0
molecola_13204,13,1,13,0.9193580150604248,1
molecola_13204,14,0,14,0.003655246691778302,0
molecola_13204,15,0,15,0.007236702833324671,0
molecola_13204,16,0,16,0.010044182650744915,0
molecola_13204,17,0,17,0.007232838775962591,0
molecola_13204,18,0,18,0.020690063014626503,0
molecola_13204,19,0,19,0.028265150263905525,0
molecola_13461,1,0,1,0.006103581748902798,0
molecola_13461,2,1,2,0.9533622860908508,1
molecola_13461,3,0,3,0.006103581748902798,0
molecola_13461,4,1,4,0.9715083241462708,1
molecola_13461,5,1,5,0.9743426442146301,1
molecola_13461,6,1,6,0.9708554744720459,1
molecola_13461,7,1,7,0.9769319891929626,1
molecola_13461,8,0,8,0.07156862318515778,0
molecola_13461,9,0,9,0.012477349489927292,0
molecola_13461,10,0,10,0.006871729623526335,0
molecola_13461,11,0,11,0.007094150874763727,0
molecola_13461,12,0,12,0.012029069475829601,0
molecola_13461,13,0,13,0.011947580613195896,0
molecola_13461,14,0,14,0.00840461254119873,0
molecola_13461,15,0,15,0.007961633615195751,0
molecola_13461,16,0,16,0.0030113381799310446,0
molecola_13461,17,0,17,0.0025322239380329847,0
molecola_13461,18,0,18,0.002469097264111042,0
molecola_13461,19,0,19,0.0027653449214994907,0
molecola_13461,20,0,20,0.004043128341436386,0
molecola_13461,21,0,21,0.0038962119724601507,0
molecola_13461,22,0,22,0.0027013702783733606,0
molecola_13461,23,0,23,0.003154886420816183,0
molecola_13461,24,0,24,0.008897790685296059,0
molecola_13461,25,0,25,0.003335125045850873,0
molecola_13461,26,0,26,0.003485222114250064,0
molecola_13461,27,0,27,0.007119349204003811,0
molecola_13461,28,0,28,0.005731159821152687,0
molecola_14006,1,0,1,0.006597455125302076,0
molecola_14006,2,0,2,0.014131957665085793,0
molecola_14006,3,0,3,0.011077038012444973,0
molecola_14006,4,0,4,0.019011761993169785,0
molecola_14006,5,0,5,0.017526553943753242,0
molecola_14006,6,1,6,0.9729783535003662,1
molecola_14006,7,1,7,0.9752969145774841,1
molecola_14006,8,1,8,0.9661091566085815,1
molecola_14006,9,1,9,0.9728245735168457,1
molecola_14006,10,1,10,0.9358388781547546,1
molecola_14006,11,0,11,0.013376370072364807,0
molecola_14006,12,0,12,0.002894291654229164,0
molecola_14006,13,0,13,0.0025036954320967197,0
molecola_14006,14,0,14,0.0024929235223680735,0
molecola_14006,15,0,15,0.0025036954320967197,0
molecola_14006,16,0,16,0.002894291654229164,0
molecola_14006,17,0,17,0.013686001300811768,0
molecola_14006,18,0,18,0.01542698498815298,0
molecola_14006,19,0,19,0.012057756073772907,0
molecola_14006,20,0,20,0.01096712052822113,0
molecola_14006,21,0,21,0.0042623369954526424,0
molecola_14006,22,0,22,0.00317091285251081,0
molecola_14006,23,0,23,0.0027837296947836876,0
molecola_14006,24,0,24,0.0033610379323363304,0
molecola_14006,25,0,25,0.0025443979538977146,0
molecola_14006,26,0,26,0.002533240709453821,0
molecola_14006,27,0,27,0.0029567244928330183,0
molecola_14006,28,0,28,0.008597170002758503,0
molecola_14006,29,0,29,0.003494800766929984,0
molecola_14487,1,0,1,0.011662807315587997,0
molecola_14487,2,0,2,0.6487281918525696,1
molecola_14487,3,0,3,0.7832773923873901,1
molecola_14487,4,0,4,0.0865093320608139,0
molecola_14487,5,0,5,0.08413875848054886,0
molecola_14487,6,0,6,0.031092576682567596,0
molecola_14487,7,1,7,0.9408755302429199,1
molecola_14487,8,1,8,0.8825562596321106,1
molecola_14487,9,0,9,0.2886965870857239,0
molecola_14487,10,0,10,0.06562698632478714,0
molecola_14487,11,0,11,0.16006305813789368,0
molecola_14487,12,0,12,0.01823882944881916,0
molecola_14487,13,0,13,0.004562840331345797,0
molecola_14487,14,0,14,0.004675400909036398,0
molecola_14487,15,0,15,0.004480559378862381,0
molecola_14487,16,0,16,0.027671238407492638,0
molecola_14487,17,0,17,0.026876401156187057,0
molecola_14487,18,0,18,0.004480559378862381,0
molecola_14487,19,0,19,0.004562840331345797,0
molecola_14487,20,0,20,0.004675400909036398,0
molecola_14850,1,1,1,0.9251605868339539,1
molecola_14850,2,1,2,0.9178319573402405,1
molecola_14850,3,0,3,0.12177765369415283,0
molecola_14850,4,0,4,0.1652718186378479,0
molecola_14850,5,0,5,0.005684130825102329,0
molecola_14850,6,0,6,0.01213829219341278,0
molecola_14850,7,0,7,0.339540034532547,0
molecola_14850,8,0,8,0.7158347368240356,1
molecola_14850,9,0,9,0.06251824647188187,0
molecola_14850,10,0,10,0.5898502469062805,1
molecola_14850,11,0,11,0.11251893639564514,0
molecola_14850,12,0,12,0.01866826042532921,0
molecola_14850,13,0,13,0.0061949449591338634,0
molecola_14850,14,0,14,0.0028918860480189323,0
molecola_14850,15,0,15,0.002956368960440159,0
molecola_14850,16,0,16,0.002975748386234045,0
molecola_14850,17,0,17,0.0025814701803028584,0
molecola_14850,18,0,18,0.003358816960826516,0
molecola_14850,19,0,19,0.014921803027391434,0
molecola_14850,20,0,20,0.012135457247495651,0
molecola_15136,1,0,1,0.00292546721175313,0
molecola_15136,2,0,2,0.005677556153386831,0
molecola_15136,3,0,3,0.00292546721175313,0
molecola_15136,4,0,4,0.033562853932380676,0
molecola_15136,5,0,5,0.07105232775211334,0
molecola_15136,6,0,6,0.17819294333457947,0
molecola_15136,7,0,7,0.8697371482849121,1
molecola_15136,8,0,8,0.9558194279670715,1
molecola_15136,9,0,9,0.9317463040351868,1
molecola_15136,10,0,10,0.03310238942503929,0
molecola_15136,11,0,11,0.04479803889989853,0
molecola_15136,12,0,12,0.02642175182700157,0
molecola_15136,13,0,13,0.02642175182700157,0
molecola_15136,14,0,14,0.04479803889989853,0
molecola_15136,15,0,15,0.03310238942503929,0
molecola_15136,16,1,16,0.9196919798851013,1
molecola_15136,17,0,17,0.06800050288438797,0
molecola_15136,18,1,18,0.905216634273529,1
molecola_15136,19,0,19,0.11227316409349442,0
molecola_15136,20,0,20,0.6487758159637451,1
molecola_15136,21,0,21,0.3561151325702667,0
molecola_15136,22,0,22,0.3561151325702667,0
molecola_15164,1,0,1,0.0027497720438987017,0
molecola_15164,2,0,2,0.005005931481719017,0
molecola_15164,3,0,3,0.0027497720438987017,0
molecola_15164,4,0,4,0.04137400537729263,0
molecola_15164,5,0,5,0.051698893308639526,0
molecola_15164,6,0,6,0.03615361452102661,0
molecola_15164,7,0,7,0.3042249381542206,0
molecola_15164,8,0,8,0.03615361452102661,0
molecola_15164,9,0,9,0.051698893308639526,0
molecola_15164,10,0,10,0.014139226637780666,0
molecola_15164,11,0,11,0.00319333141669631,0
molecola_15164,12,0,12,0.002697928110137582,0
molecola_15164,13,0,13,0.003130367025732994,0
molecola_15164,14,0,14,0.003043397329747677,0
molecola_15164,15,0,15,0.004609336145222187,0
molecola_15164,16,0,16,0.004274786915630102,0
molecola_15164,17,0,17,0.0022061497438699007,0
molecola_15164,18,0,18,0.0022061497438699007,0
molecola_15164,19,0,19,0.0022061497438699007,0
molecola_15164,20,0,20,0.05833681300282478,0
molecola_15164,21,0,21,0.021419238299131393,0
molecola_15164,22,0,22,0.2625825107097626,0
molecola_15164,23,0,23,0.11889277398586273,0
molecola_15164,24,0,24,0.02006368152797222,0
molecola_15164,25,0,25,0.02906242199242115,0
molecola_15164,26,0,26,0.02660168893635273,0
molecola_15164,27,0,27,0.02906242199242115,0
molecola_15164,28,0,28,0.02006368152797222,0
molecola_15164,29,0,29,0.0056997803039848804,0
molecola_15164,30,0,30,0.009695007465779781,0
molecola_15164,31,0,31,0.007157761603593826,0
molecola_15164,32,0,32,0.0056997803039848804,0
molecola_15164,33,1,33,0.9692386984825134,1
molecola_15164,34,0,34,0.03253783658146858,0
molecola_15164,35,1,35,0.9527085423469543,1
molecola_15446,1,0,1,0.015483638271689415,0
molecola_15446,2,0,2,0.012014763429760933,0
molecola_15446,3,0,3,0.00325783365406096,0
molecola_15446,4,0,4,0.0026490301825106144,0
molecola_15446,5,0,5,0.0032365540973842144,0
molecola_15446,6,0,6,0.003908861428499222,0
molecola_15446,7,0,7,0.0036356947384774685,0
molecola_15446,8,0,8,0.024199919775128365,0
molecola_15446,9,1,9,0.5816168785095215,1
molecola_15446,10,1,10,0.1909903734922409,0
molecola_15446,11,0,11,0.02107877843081951,0
molecola_15446,12,0,12,0.09349163621664047,0
molecola_15446,13,0,13,0.05406767874956131,0
molecola_15446,14,0,14,0.05406767874956131,0
molecola_15446,15,0,15,0.019573383033275604,0
molecola_15446,16,0,16,0.0033508676569908857,0
molecola_15446,17,0,17,0.002524809679016471,0
molecola_15446,18,0,18,0.002469097264111042,0
molecola_15446,19,0,19,0.0027679523918777704,0
molecola_15446,20,0,20,0.004486220423132181,0
molecola_15457,1,0,1,0.003310485277324915,0
molecola_15457,2,0,2,0.004330410156399012,0
molecola_15457,3,0,3,0.007565818727016449,0
molecola_15457,4,0,4,0.0063510616309940815,0
molecola_15457,5,0,5,0.03794651851058006,0
molecola_15457,6,0,6,0.021718371659517288,0
molecola_15457,7,0,7,0.021718371659517288,0
molecola_15457,8,0,8,0.004356365650892258,0
molecola_15457,9,0,9,0.029450109228491783,0
molecola_15457,10,0,10,0.043132904917001724,0
molecola_15457,11,0,11,0.04019423946738243,0
molecola_15457,12,0,12,0.032705605030059814,0
molecola_15457,13,0,13,0.027033278718590736,0
molecola_15457,14,0,14,0.022292083129286766,0
molecola_15457,15,0,15,0.009896259754896164,0
molecola_15457,16,0,16,0.013458503410220146,0
molecola_15457,17,0,17,0.003535044612362981,0
molecola_15457,18,0,18,0.0033689572010189295,0
molecola_15457,19,0,19,0.005846134852617979,0
molecola_15457,20,0,20,0.004888232331722975,0
molecola_15457,21,0,21,0.00789413508027792,0
molecola_15457,22,0,22,0.006915896199643612,0
molecola_15457,23,1,23,0.9792218804359436,1
molecola_15457,24,1,24,0.9769732356071472,1
molecola_15457,25,1,25,0.9796791076660156,1
molecola_15457,26,1,26,0.973538339138031,1
molecola_15457,27,1,27,0.9838026762008667,1
molecola_15457,28,0,28,0.016667814925312996,0
molecola_15457,29,0,29,0.03647945076227188,0
molecola_15457,30,0,30,0.014867663383483887,0
molecola_15457,31,0,31,0.03647945076227188,0
molecola_15457,32,0,32,0.016667814925312996,0
molecola_15457,33,0,33,0.03545552119612694,0
molecola_15457,34,0,34,0.017131496220827103,0
molecola_15457,35,0,35,0.031976837664842606,0
molecola_15457,36,0,36,0.035242095589637756,0
molecola_15457,37,0,37,0.031976837664842606,0
molecola_15457,38,0,38,0.017131496220827103,0
molecola_15457,39,0,39,0.0030766099225729704,0
molecola_15457,40,0,40,0.0026543354615569115,0
molecola_15457,41,0,41,0.00327041232958436,0
molecola_15457,42,0,42,0.0037475423887372017,0
molecola_15457,43,0,43,0.004120499826967716,0
molecola_15457,44,0,44,0.004211196675896645,0
molecola_15457,45,0,45,0.0028387035708874464,0
molecola_15618,1,0,1,0.010078400373458862,0
molecola_15618,2,0,2,0.01221201941370964,0
molecola_15618,3,0,3,0.016422508284449577,0
molecola_15618,4,0,4,0.003375174943357706,0
molecola_15618,5,0,5,0.0025333347730338573,0
molecola_15618,6,0,6,0.0025455045979470015,0
molecola_15618,7,0,7,0.0034077013842761517,0
molecola_15618,8,0,8,0.003383281407877803,0
molecola_15618,9,0,9,0.009367657825350761,0
molecola_15618,10,0,10,0.0031338033732026815,0
molecola_15618,11,0,11,0.0036893547512590885,0
molecola_15618,12,0,12,0.03188792243599892,0
molecola_15618,13,0,13,0.028614480048418045,0
molecola_15618,14,0,14,0.030480392277240753,0
molecola_15618,15,0,15,0.008394075557589531,0
molecola_15618,16,0,16,0.0077375732362270355,0
molecola_15618,17,0,17,0.0074735176749527454,0
molecola_15618,18,0,18,0.005754279904067516,0
molecola_15618,19,0,19,0.005754279904067516,0
molecola_15618,20,0,20,0.04710841178894043,0
molecola_15618,21,0,21,0.018855607137084007,0
molecola_15618,22,0,22,0.08021344989538193,0
molecola_15618,23,0,23,0.01900855451822281,0
molecola_15618,24,0,24,0.011540332809090614,0
molecola_15618,25,0,25,0.033287033438682556,0
molecola_15618,26,0,26,0.06429433077573776,0
molecola_15618,27,0,27,0.14763276278972626,0
molecola_15618,28,0,28,0.9168015718460083,1
molecola_15618,29,0,29,0.8526015877723694,1
molecola_15618,30,0,30,0.06442130357027054,0
molecola_15618,31,0,31,0.056995414197444916,0
molecola_15618,32,0,32,0.031406331807374954,0
molecola_15618,33,0,33,0.893324077129364,1
molecola_15618,34,1,34,0.9784640073776245,1
molecola_15618,35,1,35,0.980406641960144,1
molecola_15618,36,1,36,0.8378341197967529,1
molecola_15618,37,1,37,0.8598076701164246,1
molecola_15618,38,0,38,0.8598076701164246,1
molecola_15930,1,0,1,0.007381126284599304,0
molecola_15930,2,0,2,0.01047089509665966,0
molecola_15930,3,0,3,0.8494791388511658,1
molecola_15930,4,0,4,0.049716949462890625,0
molecola_15930,5,0,5,0.10803085565567017,0
molecola_15930,6,1,6,0.9152101874351501,1
molecola_15930,7,1,7,0.9648816585540771,1
molecola_15930,8,0,8,0.10982661694288254,0
molecola_15930,9,0,9,0.0032390777487307787,0
molecola_15930,10,0,10,0.0025035322178155184,0
molecola_15930,11,0,11,0.0025007878430187702,0
molecola_15930,12,0,12,0.0027818840462714434,0
molecola_15930,13,0,13,0.0076650697737932205,0
molecola_15930,14,0,14,0.007363078650087118,0
molecola_15930,15,0,15,0.0027812104672193527,0
molecola_15930,16,0,16,0.002539675682783127,0
molecola_15930,17,0,17,0.0028071135748177767,0
molecola_15930,18,0,18,0.0029421579092741013,0
molecola_15930,19,0,19,0.002539675682783127,0
molecola_15930,20,0,20,0.0027812104672193527,0
molecola_15976,1,0,1,0.01752876304090023,0
molecola_15976,2,1,2,0.9779832363128662,1
molecola_15976,3,1,3,0.9481225609779358,1
molecola_15976,4,0,4,0.039668917655944824,0
molecola_15976,5,0,5,0.022647002711892128,0
molecola_15976,6,0,6,0.0033197461161762476,0
molecola_15976,7,0,7,0.003077669069170952,0
molecola_15976,8,0,8,0.010918284766376019,0
molecola_15976,9,0,9,0.006752097979187965,0
molecola_15976,10,0,10,0.006763338577002287,0
molecola_15976,11,0,11,0.010979266837239265,0
molecola_15976,12,0,12,0.003472188487648964,0
molecola_15976,13,0,13,0.004247219767421484,0
molecola_15976,14,0,14,0.006425319705158472,0
molecola_15976,15,0,15,0.004146042745560408,0
molecola_15976,16,0,16,0.0027574466075748205,0
molecola_15976,17,0,17,0.002582650166004896,0
molecola_15976,18,0,18,0.002954944036900997,0
molecola_15976,19,0,19,0.002975748386234045,0
molecola_15976,20,0,20,0.0026738604065030813,0
molecola_15976,21,0,21,0.0030988380312919617,0
molecola_15976,22,0,22,0.002980270190164447,0
molecola_15976,23,0,23,0.0027616603765636683,0
molecola_15976,24,0,24,0.0030329145956784487,0
molecola_15976,25,0,25,0.017713576555252075,0
molecola_15976,26,0,26,0.0673854723572731,0
molecola_15976,27,0,27,0.05187531188130379,0
molecola_15976,28,0,28,0.01806352473795414,0
molecola_15976,29,0,29,0.004288606811314821,0
molecola_16161,1,0,1,0.004393572919070721,0
molecola_16161,2,0,2,0.003951443359255791,0
molecola_16161,3,0,3,0.0035122158005833626,0
molecola_16161,4,0,4,0.002768148435279727,0
molecola_16161,5,0,5,0.00247611990198493,0
molecola_16161,6,0,6,0.0029045010451227427,0
molecola_16161,7,0,7,0.03308520093560219,0
molecola_16161,8,0,8,0.10672924667596817,0
molecola_16161,9,0,9,0.05244961380958557,0
molecola_16161,10,0,10,0.0390167161822319,0
molecola_16161,11,0,11,0.01830095238983631,0
molecola_16161,12,0,12,0.00331202894449234,0
molecola_16161,13,0,13,0.002776623936370015,0
molecola_16161,14,0,14,0.005054635461419821,0
molecola_16161,15,0,15,0.01133995596319437,0
molecola_16161,16,0,16,0.015737611800432205,0
molecola_16161,17,0,17,0.010116936638951302,0
molecola_16161,18,0,18,0.006087568588554859,0
molecola_16161,19,0,19,0.002892016666010022,0
molecola_16161,20,1,20,0.8645736575126648,1
molecola_16161,21,0,21,0.002752727596089244,0
molecola_16161,22,0,22,0.00405194703489542,0
molecola_16161,23,0,23,0.004037437029182911,0
molecola_16161,24,0,24,0.004048583097755909,0
molecola_16161,25,0,25,0.004789288621395826,0
molecola_16161,26,0,26,0.0027596899308264256,0
molecola_16161,27,0,27,0.0025036954320967197,0
molecola_16161,28,0,28,0.0024929235223680735,0
molecola_16161,29,0,29,0.0025036954320967197,0
molecola_16161,30,0,30,0.0027596899308264256,0
molecola_16161,31,1,31,0.9786465764045715,1
molecola_16161,32,1,32,0.9800251126289368,1
molecola_16161,33,0,33,0.8352752923965454,1
molecola_16161,34,0,34,0.8577452898025513,1
molecola_16161,35,1,35,0.8577452898025513,1
molecola_16161,36,0,36,0.003230375936254859,0
molecola_16161,37,0,37,0.002081651007756591,0
molecola_16161,38,0,38,0.002081651007756591,0
molecola_16161,39,0,39,0.002081651007756591,0
molecola_16161,40,0,40,0.004386957734823227,0
molecola_16307,1,1,1,0.9252517223358154,1
molecola_16307,2,1,2,0.9657031297683716,1
molecola_16307,3,1,3,0.9743497967720032,1
molecola_16307,4,1,4,0.963811993598938,1
molecola_16307,5,1,5,0.9759690165519714,1
molecola_16307,6,0,6,0.00926371943205595,0
molecola_16307,7,0,7,0.02824765257537365,0
molecola_16307,8,0,8,0.009670271538197994,0
molecola_16307,9,0,9,0.016054240986704826,0
molecola_16307,10,0,10,0.00495822774246335,0
molecola_16307,11,0,11,0.004097840748727322,0
molecola_16307,12,0,12,0.00495822774246335,0
molecola_16307,13,0,13,0.009670271538197994,0
molecola_16307,14,0,14,0.016054240986704826,0
molecola_16307,15,0,15,0.003598499344661832,0
molecola_16307,16,0,16,0.0049164509400725365,0
molecola_16307,17,0,17,0.00917179323732853,0
molecola_16307,18,0,18,0.007691380567848682,0
molecola_16307,19,0,19,0.009515063837170601,0
molecola_16307,20,0,20,0.003138702129945159,0
molecola_16307,21,0,21,0.0025029857642948627,0
molecola_16307,22,0,22,0.0024969938676804304,0
molecola_16307,23,0,23,0.0025713364593684673,0
molecola_16307,24,0,24,0.0033693492878228426,0
molecola_16307,25,0,25,0.002979570534080267,0
molecola_16307,26,0,26,0.004019842948764563,0
molecola_16307,27,0,27,0.003965655341744423,0
molecola_16307,28,0,28,0.002820428693667054,0
molecola_16307,29,0,29,0.0024752095341682434,0
molecola_16307,30,0,30,0.0027616301085799932,0
molecola_16307,31,0,31,0.004206933546811342,0
molecola_16406,1,0,1,0.0062986137345433235,0
molecola_16406,2,0,2,0.01166654471307993,0
molecola_16406,3,0,3,0.016217555850744247,0
molecola_16406,4,0,4,0.020205464214086533,0
molecola_16406,5,0,5,0.008277533575892448,0
molecola_16406,6,0,6,0.016506163403391838,0
molecola_16406,7,0,7,0.11390373110771179,0
molecola_16406,8,1,8,0.9580901265144348,1
molecola_16406,9,0,9,0.048213135451078415,0
molecola_16406,10,1,10,0.9408026933670044,1
molecola_16406,11,0,11,0.08467058092355728,0
molecola_16406,12,0,12,0.04322522133588791,0
molecola_16406,13,0,13,0.021405968815088272,0
molecola_16406,14,0,14,0.003286992199718952,0
molecola_16406,15,0,15,0.002952869515866041,0
molecola_16406,16,0,16,0.0074774520471692085,0
molecola_16406,17,0,17,0.002952869515866041,0
molecola_16406,18,0,18,0.003286992199718952,0
molecola_16406,19,0,19,0.05611216649413109,0
molecola_16406,20,0,20,0.008603712543845177,0
molecola_16406,21,0,21,0.008603712543845177,0
molecola_16519,1,0,1,0.023323437198996544,0
molecola_16519,2,1,2,0.9469983577728271,1
molecola_16519,3,0,3,0.014955105260014534,0
molecola_16519,4,0,4,0.014955105260014534,0
molecola_16519,5,1,5,0.9818304181098938,1
molecola_16519,6,1,6,0.9688840508460999,1
molecola_16519,7,0,7,0.004197852220386267,0
molecola_16519,8,0,8,0.004510687664151192,0
molecola_16519,9,0,9,0.0027544128242880106,0
molecola_16519,10,0,10,0.002878545317798853,0
molecola_16519,11,0,11,0.00295540620572865,0
molecola_16519,12,0,12,0.0031954783480614424,0
molecola_16519,13,0,13,0.0026464839465916157,0
molecola_16519,14,0,14,0.0024752095341682434,0
molecola_16519,15,0,15,0.0027694744057953358,0
molecola_16519,16,0,16,0.0034596878103911877,0
molecola_16519,17,0,17,0.00383351044729352,0
molecola_16569,1,1,1,0.9553062319755554,1
molecola_16569,2,1,2,0.9656482934951782,1
molecola_16569,3,0,3,0.04687041789293289,0
molecola_16569,4,0,4,0.0971643254160881,0
molecola_16569,5,0,5,0.0035279467701911926,0
molecola_16569,6,0,6,0.0029791484121233225,0
molecola_16569,7,0,7,0.0025705306325107813,0
molecola_16569,8,0,8,0.0025015610735863447,0
molecola_16569,9,0,9,0.0025705306325107813,0
molecola_16569,10,0,10,0.0035279467701911926,0
molecola_16569,11,0,11,0.0029791484121233225,0
molecola_16620,1,0,1,0.003971104044467211,0
molecola_16620,2,0,2,0.010247847996652126,0
molecola_16620,3,0,3,0.003971104044467211,0
molecola_16620,4,0,4,0.007581900805234909,0
molecola_16620,5,0,5,0.004972601309418678,0
molecola_16620,6,0,6,0.0035874953027814627,0
molecola_16620,7,0,7,0.004538063425570726,0
molecola_16620,8,0,8,0.0033997385762631893,0
molecola_16620,9,0,9,0.002684100763872266,0
molecola_16620,10,0,10,0.0026351744309067726,0
molecola_16620,11,0,11,0.0030835531651973724,0
molecola_16620,12,0,12,0.002704532351344824,0
molecola_16620,13,0,13,0.0030496015679091215,0
molecola_16620,14,0,14,0.0029811630956828594,0
molecola_16620,15,0,15,0.0030969881918281317,0
molecola_16620,16,0,16,0.0027035498060286045,0
molecola_16620,17,0,17,0.003264816477894783,0
molecola_16620,18,0,18,0.0029798594769090414,0
molecola_16620,19,0,19,0.014132985845208168,0
molecola_16620,20,0,20,0.9092636108398438,1
molecola_16620,21,1,21,0.9784626960754395,1
molecola_16620,22,1,22,0.9804064035415649,1
molecola_16620,23,1,23,0.8378341197967529,1
molecola_16620,24,1,24,0.8598076701164246,1
molecola_16620,25,0,25,0.8598076701164246,1
molecola_16620,26,0,26,0.015458864159882069,0
molecola_16620,27,0,27,0.003315531648695469,0
molecola_16620,28,0,28,0.01368202455341816,0
molecola_16620,29,0,29,0.006067725829780102,0
molecola_16620,30,0,30,0.006067725829780102,0
molecola_16620,31,0,31,0.004664212930947542,0
molecola_16620,32,0,32,0.003352261381223798,0
molecola_16620,33,0,33,0.003748676273971796,0
molecola_16620,34,0,34,0.004522389266639948,0
molecola_16620,35,0,35,0.0030389532912522554,0
molecola_16620,36,0,36,0.0030389532912522554,0
molecola_16620,37,0,37,0.004252991639077663,0
molecola_16620,38,0,38,0.0029748796951025724,0
molecola_16620,39,0,39,0.002954467898234725,0
molecola_16620,40,0,40,0.002536701038479805,0
molecola_16620,41,0,41,0.0025003738701343536,0
molecola_16620,42,0,42,0.0025366998743265867,0
molecola_16620,43,0,43,0.0029748796951025724,0
molecola_16620,44,0,44,0.002954467898234725,0
molecola_16736,1,0,1,0.0038266752380877733,0
molecola_16736,2,0,2,0.005338569171726704,0
molecola_16736,3,0,3,0.005058359354734421,0
molecola_16736,4,0,4,0.004903045948594809,0
molecola_16736,5,0,5,0.005540329962968826,0
molecola_16736,6,0,6,0.004492315463721752,0
molecola_16736,7,0,7,0.003904435783624649,0
molecola_16736,8,0,8,0.006649932824075222,0
molecola_16736,9,0,9,0.04308699816465378,0
molecola_16736,10,1,10,0.8970474004745483,1
molecola_16736,11,0,11,0.08194386959075928,0
molecola_16736,12,1,12,0.6575278043746948,1
molecola_16736,13,0,13,0.011804112233221531,0
molecola_16736,14,0,14,0.011804112233221531,0
molecola_16736,15,0,15,0.029225599020719528,0
molecola_16736,16,0,16,0.026454592123627663,0
molecola_16736,17,0,17,0.015560905449092388,0
molecola_16736,18,0,18,0.008651426061987877,0
molecola_16736,19,0,19,0.009448586031794548,0
molecola_16736,20,0,20,0.00314253568649292,0
molecola_16736,21,0,21,0.0026172702200710773,0
molecola_16736,22,0,22,0.003081778297200799,0
molecola_16736,23,0,23,0.0026172702200710773,0
molecola_16736,24,0,24,0.00314253568649292,0
molecola_16736,25,0,25,0.0032181984279304743,0
molecola_16736,26,0,26,0.002614973345771432,0
molecola_16736,27,0,27,0.002503841882571578,0
molecola_16736,28,0,28,0.002503841882571578,0
molecola_16736,29,0,29,0.0026782078202813864,0
molecola_16736,30,0,30,0.0033689187839627266,0
molecola_16736,31,0,31,0.0031485226936638355,0
molecola_16736,32,0,32,0.0038744781631976366,0
molecola_16736,33,0,33,0.003965297248214483,0
molecola_16736,34,0,34,0.003325805300846696,0
molecola_16736,35,0,35,0.002677901880815625,0
molecola_16736,36,0,36,0.004404352977871895,0
molecola_16781,1,1,1,0.9503965973854065,1
molecola_16781,2,1,2,0.9533739686012268,1
molecola_16781,3,0,3,0.05327611416578293,0
molecola_16781,4,1,4,0.04527610167860985,0
molecola_16781,5,0,5,0.014243895187973976,0
molecola_16781,6,0,6,0.008809776976704597,0
molecola_16781,7,0,7,0.006853137630969286,0
molecola_16781,8,0,8,0.006090468727052212,0
molecola_16781,9,0,9,0.00962254498153925,0
molecola_16781,10,0,10,0.015641886740922928,0
molecola_16781,11,0,11,0.020861348137259483,0
molecola_16781,12,0,12,0.02231120876967907,0
molecola_16781,13,0,13,0.020861348137259483,0
molecola_16781,14,0,14,0.015641886740922928,0
molecola_16781,15,0,15,0.004684527404606342,0
molecola_16781,16,0,16,0.004010898992419243,0
molecola_16781,17,0,17,0.0051208906807005405,0
molecola_16781,18,1,18,0.023226963356137276,0
molecola_16781,19,0,19,0.004604223649948835,0
molecola_16781,20,1,20,0.10093683004379272,0
molecola_16781,21,0,21,0.06695074588060379,0
molecola_16781,22,1,22,0.06695074588060379,0
molecola_16851,1,0,1,0.011876293458044529,0
molecola_16851,2,0,2,0.3516751229763031,0
molecola_16851,3,0,3,0.011876293458044529,0
molecola_16851,4,1,4,0.811559796333313,1
molecola_16851,5,1,5,0.33006736636161804,0
molecola_16851,6,0,6,0.09684932231903076,0
molecola_16851,7,0,7,0.0030167014338076115,0
molecola_16851,8,0,8,0.002543853595852852,0
molecola_16851,9,0,9,0.0028123639058321714,0
molecola_16851,10,0,10,0.002942275255918503,0
molecola_16851,11,0,11,0.002779386006295681,0
molecola_16851,12,0,12,0.004778919741511345,0
molecola_16851,13,0,13,0.004674904048442841,0
molecola_17320,1,0,1,0.004011099226772785,0
molecola_17320,2,0,2,0.003801303915679455,0
molecola_17320,3,0,3,0.003881903365254402,0
molecola_17320,4,0,4,0.006524727214127779,0
molecola_17320,5,0,5,0.047342218458652496,0
molecola_17320,6,0,6,0.02633696235716343,0
molecola_17320,7,1,7,0.8878092765808105,1
molecola_17320,8,1,8,0.9262959957122803,1
molecola_17320,9,0,9,0.05440644174814224,0
molecola_17320,10,0,10,0.10918675363063812,0
molecola_17320,11,0,11,0.003445899346843362,0
molecola_17320,12,0,12,0.0028816398698836565,0
molecola_17320,13,0,13,0.034618280827999115,0
molecola_17320,14,0,14,0.10747843235731125,0
molecola_17320,15,0,15,0.052463509142398834,0
molecola_17320,16,0,16,0.03901519626379013,0
molecola_17320,17,0,17,0.017725834622979164,0
molecola_17320,18,0,18,0.00330388848669827,0
molecola_17320,19,0,19,0.002499914960935712,0
molecola_17320,20,0,20,0.002503841882571578,0
molecola_17320,21,0,21,0.0026125023141503334,0
molecola_17320,22,0,22,0.0037058282177895308,0
molecola_17320,23,0,23,0.0030804206617176533,0
molecola_17320,24,0,24,0.002605791436508298,0
molecola_17320,25,0,25,0.002504554344341159,0
molecola_17320,26,0,26,0.0024929235223680735,0
molecola_17320,27,0,27,0.002504554344341159,0
molecola_17320,28,0,28,0.002605791436508298,0
molecola_17320,29,0,29,0.0028816398698836565,0
molecola_17320,30,0,30,0.003445899346843362,0
molecola_17320,31,0,31,0.04564099386334419,0
molecola_17320,32,0,32,0.0031917684245854616,0
molecola_17320,33,0,33,0.002506599295884371,0
molecola_17320,34,0,34,0.002503841882571578,0
molecola_17320,35,0,35,0.0026453060563653708,0
molecola_17320,36,0,36,0.003598697716370225,0
molecola_17320,37,0,37,0.003691007848829031,0
molecola_17320,38,0,38,0.0029797179158777,0
molecola_17339,1,0,1,0.0069163478910923,0
molecola_17339,2,0,2,0.05197153240442276,0
molecola_17339,3,0,3,0.016862943768501282,0
molecola_17339,4,0,4,0.01824226602911949,0
molecola_17339,5,0,5,0.0031847988720983267,0
molecola_17339,6,0,6,0.0029553587082773447,0
molecola_17339,7,0,7,0.002537164371460676,0
molecola_17339,8,0,8,0.0025003738701343536,0
molecola_17339,9,0,9,0.002537164371460676,0
molecola_17339,10,0,10,0.0031847988720983267,0
molecola_17339,11,0,11,0.0029553587082773447,0
molecola_17339,12,1,12,0.9522680044174194,1
molecola_17339,13,1,13,0.9132006168365479,1
molecola_17339,14,0,14,0.13923601806163788,0
molecola_17339,15,0,15,0.14395855367183685,0
molecola_17339,16,0,16,0.9184662699699402,1
molecola_18070,1,0,1,0.006103581748902798,0
molecola_18070,2,0,2,0.08223096281290054,0
molecola_18070,3,0,3,0.006103581748902798,0
molecola_18070,4,0,4,0.044652581214904785,0
molecola_18070,5,0,5,0.8877887725830078,1
molecola_18070,6,0,6,0.016568312421441078,0
molecola_18070,7,0,7,0.14004282653331757,0
molecola_18070,8,0,8,0.0669654980301857,0
molecola_18070,9,0,9,0.05234159529209137,0
molecola_18070,10,0,10,0.039757952094078064,0
molecola_18070,11,0,11,0.05234159529209137,0
molecola_18070,12,1,12,0.9590233564376831,1
molecola_18070,13,0,13,0.03664955496788025,0
molecola_18070,14,1,14,0.933811604976654,1
molecola_18388,1,0,1,0.011141995899379253,0
molecola_18388,2,0,2,0.13726626336574554,0
molecola_18388,3,1,3,0.9131446480751038,1
molecola_18388,4,1,4,0.9099849462509155,1
molecola_18388,5,0,5,0.050847142934799194,0
molecola_18388,6,0,6,0.023511823266744614,0
molecola_18388,7,0,7,0.012704644352197647,0
molecola_18388,8,0,8,0.01979910582304001,0
molecola_18388,9,0,9,0.003493349999189377,0
molecola_18388,10,0,10,0.004453158937394619,0
molecola_18388,11,0,11,0.0046709515154361725,0
molecola_18388,12,0,12,0.0057055228389799595,0
molecola_18388,13,0,13,0.005032678600400686,0
molecola_18388,14,0,14,0.005509767681360245,0
molecola_18388,15,0,15,0.002823055721819401,0
molecola_18388,16,0,16,0.003976594191044569,0
molecola_18388,17,0,17,0.027832671999931335,0
molecola_18388,18,0,18,0.02702357806265354,0
molecola_18388,19,0,19,0.004853959195315838,0
molecola_18388,20,0,20,0.003031254280358553,0
molecola_18388,21,0,21,0.00514173973351717,0
molecola_18388,22,0,22,0.005049755331128836,0
molecola_18388,23,0,23,0.005049755331128836,0
molecola_18388,24,0,24,0.004453158937394619,0
molecola_18388,25,0,25,0.0046709515154361725,0
molecola_18388,26,0,26,0.003493349999189377,0
molecola_18739,1,0,1,0.003975019324570894,0
molecola_18739,2,0,2,0.0033786543644964695,0
molecola_18739,3,0,3,0.003580430056899786,0
molecola_18739,4,0,4,0.005491653922945261,0
molecola_18739,5,0,5,0.002909572096541524,0
molecola_18739,6,0,6,0.0033787102438509464,0
molecola_18739,7,0,7,0.018185455352067947,0
molecola_18739,8,0,8,0.014128848910331726,0
molecola_18739,9,0,9,0.010768631473183632,0
molecola_18739,10,0,10,0.014132143929600716,0
molecola_18739,11,0,11,0.0182204432785511,0
molecola_18739,12,0,12,0.004145393148064613,0
molecola_18739,13,0,13,0.019999049603939056,0
molecola_18739,14,0,14,0.026455622166395187,0
molecola_18739,15,1,15,0.946965217590332,1
molecola_18739,16,0,16,0.026455622166395187,0
molecola_18739,17,0,17,0.019999049603939056,0
molecola_18739,18,1,18,0.9572228193283081,1
molecola_18739,19,0,19,0.0618307888507843,0
molecola_18739,20,0,20,0.03757065534591675,0
molecola_18739,21,0,21,0.012783735990524292,0
molecola_18739,22,0,22,0.019770294427871704,0
molecola_18739,23,0,23,0.0031250817701220512,0
molecola_18739,24,0,24,0.002543077105656266,0
molecola_18739,25,0,25,0.0028071135748177767,0
molecola_18739,26,0,26,0.0029421579092741013,0
molecola_18739,27,0,27,0.002543077105656266,0
molecola_18739,28,0,28,0.0031250817701220512,0
molecola_18787,1,0,1,0.01329054869711399,0
molecola_18787,2,1,2,0.8459489345550537,1
molecola_18787,3,1,3,0.9464979767799377,1
molecola_18787,4,0,4,0.09690727293491364,0
molecola_18787,5,0,5,0.054384827613830566,0
molecola_18787,6,0,6,0.007209958508610725,0
molecola_18787,7,0,7,0.002739494200795889,0
molecola_18787,8,0,8,0.0026324798818677664,0
molecola_18787,9,0,9,0.003142628353089094,0
molecola_18787,10,0,10,0.0026324798818677664,0
molecola_18787,11,0,11,0.002739494200795889,0
molecola_18787,12,0,12,0.0032590602058917284,0
molecola_18787,13,0,13,0.0026437365449965,0
molecola_18787,14,0,14,0.0025366649497300386,0
molecola_18787,15,0,15,0.002469097264111042,0
molecola_18787,16,0,16,0.002768636913970113,0
molecola_18787,17,0,17,0.0034526868257671595,0
molecola_18787,18,0,18,0.023945346474647522,0
molecola_18787,19,0,19,0.00778624415397644,0
molecola_18787,20,0,20,0.004502039402723312,0
molecola_18787,21,0,21,0.00440566660836339,0
molecola_18787,22,0,22,0.008110694587230682,0
molecola_18787,23,0,23,0.005987653508782387,0
molecola_18787,24,0,24,0.004968365654349327,0
molecola_18787,25,0,25,0.004191689658910036,0
molecola_18787,26,0,26,0.004191689658910036,0
molecola_18787,27,0,27,0.005379633512347937,0
molecola_19008,1,0,1,0.010078400373458862,0
molecola_19008,2,0,2,0.01221201941370964,0
molecola_19008,3,0,3,0.01830768585205078,0
molecola_19008,4,0,4,0.0033751779701560736,0
molecola_19008,5,0,5,0.002514977939426899,0
molecola_19008,6,0,6,0.0030152862891554832,0
molecola_19008,7,0,7,0.01760391891002655,0
molecola_19008,8,0,8,0.06737074255943298,0
molecola_19008,9,0,9,0.051877461373806,0
molecola_19008,10,0,10,0.024164874106645584,0
molecola_19008,11,0,11,0.033651359379291534,0
molecola_19008,12,0,12,0.027214601635932922,0
molecola_19008,13,0,13,0.010132865980267525,0
molecola_19008,14,0,14,0.004075673408806324,0
molecola_19008,15,0,15,0.006230541504919529,0
molecola_19008,16,0,16,0.006018661893904209,0
molecola_19008,17,0,17,0.004949913825839758,0
molecola_19008,18,0,18,0.031843893229961395,0
molecola_19008,19,0,19,0.05751859024167061,0
molecola_19008,20,0,20,0.05999640375375748,0
molecola_19008,21,0,21,0.013483134098351002,0
molecola_19008,22,0,22,0.011662235483527184,0
molecola_19008,23,0,23,0.010217181406915188,0
molecola_19008,24,0,24,0.04569882154464722,0
molecola_19008,25,0,25,0.05698135495185852,0
molecola_19008,26,0,26,0.032003697007894516,0
molecola_19008,27,0,27,0.012503593228757381,0
molecola_19008,28,0,28,0.02777876704931259,0
molecola_19008,29,0,29,0.016048727557063103,0
molecola_19008,30,0,30,0.03457450866699219,0
molecola_19008,31,0,31,0.027214709669351578,0
molecola_19008,32,0,32,0.024165306240320206,0
molecola_19008,33,0,33,0.06736496090888977,0
molecola_19008,34,0,34,0.05187961831688881,0
molecola_19008,35,0,35,0.021707553416490555,0
molecola_19008,36,1,36,0.8725311756134033,1
molecola_19008,37,1,37,0.9305204153060913,1
molecola_19008,38,0,38,0.9310926198959351,1
molecola_19008,39,0,39,0.44056493043899536,0
molecola_19008,40,0,40,0.04954909160733223,0
molecola_19008,41,0,41,0.00925428792834282,0
molecola_19008,42,0,42,0.005398674868047237,0
molecola_19008,43,0,43,0.005639378447085619,0
molecola_19008,44,0,44,0.013837154023349285,0
molecola_19008,45,0,45,0.02186746336519718,0
molecola_19008,46,0,46,0.9266804456710815,1
molecola_19008,47,0,47,0.9543644785881042,1
molecola_19008,48,0,48,0.07981834560632706,0
molecola_19008,49,0,49,0.12863527238368988,0
molecola_19008,50,0,50,0.1286352574825287,0
molecola_19008,51,0,51,0.9543644785881042,1
molecola_19008,52,0,52,0.07981834560632706,0
molecola_19008,53,0,53,0.02443693019449711,0
molecola_19008,54,0,54,0.018816227093338966,0
molecola_19541,1,0,1,0.007552368100732565,0
molecola_19541,2,0,2,0.034287258982658386,0
molecola_19541,3,0,3,0.05092773959040642,0
molecola_19541,4,0,4,0.024221055209636688,0
molecola_19541,5,1,5,0.9449900984764099,1
molecola_19541,6,0,6,0.024221055209636688,0
molecola_19541,7,0,7,0.05092773959040642,0
molecola_19541,8,1,8,0.9506586194038391,1
molecola_19541,9,0,9,0.2414504587650299,0
molecola_19541,10,0,10,0.39612770080566406,0
molecola_19541,11,0,11,0.026545114815235138,0
molecola_19541,12,0,12,0.018016187474131584,0
molecola_19541,13,0,13,0.018016187474131584,0
molecola_19541,14,0,14,0.029308777302503586,0
molecola_19541,15,0,15,0.03133660927414894,0
molecola_19541,16,0,16,0.1629215031862259,0
molecola_19541,17,1,17,0.666969358921051,1
molecola_19541,18,0,18,0.3768480718135834,0
molecola_19541,19,1,19,0.3768480718135834,0
molecola_20039,1,1,1,0.931885838508606,1
molecola_20039,2,1,2,0.9728336930274963,1
molecola_20039,3,1,3,0.9740480780601501,1
molecola_20039,4,1,4,0.9703277945518494,1
molecola_20039,5,1,5,0.9750365614891052,1
molecola_20039,6,0,6,0.01877167448401451,0
molecola_20039,7,0,7,0.002886397996917367,0
molecola_20039,8,0,8,0.0026291131507605314,0
molecola_20039,9,0,9,0.0034392625093460083,0
molecola_20039,10,0,10,0.02938014268875122,0
molecola_20039,11,0,11,0.07745131105184555,0
molecola_20039,12,0,12,0.2391856461763382,0
molecola_20039,13,0,13,0.08227600157260895,0
molecola_20039,14,0,14,0.03840566426515579,0
molecola_20039,15,0,15,0.012522818520665169,0
molecola_20039,16,0,16,0.024106908589601517,0
molecola_20039,17,0,17,0.02292463183403015,0
molecola_20039,18,0,18,0.032922133803367615,0
molecola_20039,19,0,19,0.05733071267604828,0
molecola_20039,20,0,20,0.9334193468093872,1
molecola_20039,21,0,21,0.03438039496541023,0
molecola_20039,22,0,22,0.03388667479157448,0
molecola_20039,23,0,23,0.02034110762178898,0
molecola_20039,24,0,24,0.10924726724624634,0
molecola_20039,25,0,25,0.9515780806541443,1
molecola_20039,26,0,26,0.07854297012090683,0
molecola_20039,27,0,27,0.007187419105321169,0
molecola_20039,28,0,28,0.0032034621108323336,0
molecola_20039,29,0,29,0.002979757497087121,0
molecola_20039,30,0,30,0.0025748179759830236,0
molecola_20039,31,0,31,0.0025403425097465515,0
molecola_20039,32,0,32,0.0028667794540524483,0
molecola_20039,33,0,33,0.002954246010631323,0
molecola_20039,34,0,34,0.0032453404273837805,0
molecola_20039,35,0,35,0.0029812792781740427,0
molecola_20039,36,0,36,0.03251691162586212,0
molecola_20039,37,0,37,0.0032720789313316345,0
molecola_20039,38,0,38,0.003122961148619652,0
molecola_20039,39,0,39,0.0025305936578661203,0
molecola_20039,40,0,40,0.0027797457296401262,0
molecola_20039,41,0,41,0.004212154541164637,0
molecola_20039,42,0,42,0.003520498052239418,0
molecola_20876,1,0,1,0.008164307102560997,0
molecola_20876,2,0,2,0.012036347761750221,0
molecola_20876,3,0,3,0.008056951686739922,0
molecola_20876,4,0,4,0.016870005056262016,0
molecola_20876,5,0,5,0.01981566660106182,0
molecola_20876,6,0,6,0.016091711819171906,0
molecola_20876,7,0,7,0.01866757683455944,0
molecola_20876,8,1,8,0.9386115670204163,1
molecola_20876,9,0,9,0.012865758500993252,0
molecola_20876,10,1,10,0.9630137085914612,1
molecola_20876,11,1,11,0.9301228523254395,1
molecola_20876,12,0,12,0.027856525033712387,0
molecola_20876,13,0,13,0.027856525033712387,0
molecola_20876,14,0,14,0.047080814838409424,0
molecola_20876,15,0,15,0.016534145921468735,0
molecola_20876,16,0,16,0.008706724271178246,0
molecola_20876,17,0,17,0.0034614522010087967,0
molecola_20876,18,0,18,0.0029488319996744394,0
molecola_20876,19,0,19,0.0026353111024945974,0
molecola_20876,20,0,20,0.004938004072755575,0
molecola_20876,21,0,21,0.0055582234635949135,0
molecola_20876,22,0,22,0.0034358662087470293,0
molecola_20876,23,0,23,0.0386337973177433,0
molecola_20876,24,0,24,0.9396005272865295,1
molecola_20876,25,0,25,0.7639245390892029,1
molecola_20876,26,0,26,0.017246559262275696,0
molecola_20876,27,0,27,0.017246559262275696,0
molecola_20876,28,0,28,0.028067972511053085,0
molecola_20876,29,0,29,0.0031040834728628397,0
molecola_20876,30,0,30,0.003312957938760519,0
molecola_20876,31,0,31,0.010623372159898281,0
molecola_21240,1,0,1,0.005895538255572319,0
molecola_21240,2,0,2,0.017242778092622757,0
molecola_21240,3,0,3,0.010130923241376877,0
molecola_21240,4,0,4,0.011789719574153423,0
molecola_21240,5,0,5,0.013093439862132072,0
molecola_21240,6,0,6,0.03691157326102257,0
molecola_21240,7,0,7,0.04911099001765251,0
molecola_21240,8,0,8,0.04922814667224884,0
molecola_21240,9,0,9,0.04005153849720955,0
molecola_21240,10,0,10,0.02264842763543129,0
molecola_21240,11,0,11,0.009096608497202396,0
molecola_21240,12,0,12,0.009790266864001751,0
molecola_21240,13,0,13,0.003106696531176567,0
molecola_21240,14,0,14,0.0025036954320967197,0
molecola_21240,15,0,15,0.0024929235223680735,0
molecola_21240,16,0,16,0.0025036954320967197,0
molecola_21240,17,0,17,0.003106696531176567,0
molecola_21240,18,0,18,0.08511310070753098,0
molecola_21240,19,0,19,0.03001604974269867,0
molecola_21240,20,0,20,0.1214880645275116,0
molecola_21240,21,0,21,0.02138642966747284,0
molecola_21240,22,0,22,0.0058405171148478985,0
molecola_21240,23,0,23,0.16461707651615143,0
molecola_21240,24,0,24,0.0662844106554985,0
molecola_21240,25,0,25,0.0662844106554985,0
molecola_21240,26,1,26,0.9690076112747192,1
molecola_21240,27,1,27,0.9711307287216187,1
molecola_21240,28,1,28,0.9656826257705688,1
molecola_21240,29,1,29,0.9677474498748779,1
molecola_21240,30,1,30,0.9225077033042908,1
molecola_21240,31,0,31,0.005842436570674181,0
molecola_21240,32,0,32,0.03168715909123421,0
molecola_21240,33,0,33,0.8924218416213989,1
molecola_21240,34,0,34,0.018725009635090828,0
molecola_21240,35,0,35,0.01266746036708355,0
molecola_21240,36,0,36,0.0056106457486748695,0
molecola_21240,37,0,37,0.0056106457486748695,0
molecola_2156,1,0,1,0.029234107583761215,0
molecola_2156,2,1,2,0.9893603324890137,1
molecola_2156,3,1,3,0.973205029964447,1
molecola_2156,4,0,4,0.012922266498208046,0
molecola_2156,5,0,5,0.003876547096297145,0
molecola_2156,6,0,6,0.0042340997606515884,0
molecola_2156,7,0,7,0.004238261375576258,0
molecola_2156,8,0,8,0.018828006461262703,0
molecola_2156,9,0,9,0.012542416341602802,0
molecola_2156,10,0,10,0.0072884224355220795,0
molecola_2156,11,0,11,0.01125806663185358,0
molecola_2156,12,0,12,0.0038239641580730677,0
molecola_2156,13,0,13,0.023605240508913994,0
molecola_2156,14,0,14,0.011485280469059944,0
molecola_2156,15,0,15,0.02302042581140995,0
molecola_2156,16,0,16,0.00229763425886631,0
molecola_2156,17,0,17,0.00229763425886631,0
molecola_2156,18,0,18,0.00229763425886631,0
molecola_2156,19,0,19,0.0030684727244079113,0
molecola_2156,20,0,20,0.003325430676341057,0
molecola_2156,21,0,21,0.025215115398168564,0
molecola_2156,22,0,22,0.028702452778816223,0
molecola_2156,23,0,23,0.03582281619310379,0
molecola_2156,24,0,24,0.01394595019519329,0
molecola_2156,25,0,25,0.01394595019519329,0
molecola_2156,26,0,26,0.02352144755423069,0
molecola_2156,27,0,27,0.02046032063663006,0
molecola_2156,28,0,28,0.010324371047317982,0
molecola_2156,29,0,29,0.0031769596971571445,0
molecola_2156,30,0,30,0.0025006807409226894,0
molecola_2156,31,0,31,0.0024929235223680735,0
molecola_2156,32,0,32,0.0025006807409226894,0
molecola_2156,33,0,33,0.0031769596971571445,0
molecola_23004,1,0,1,0.00454669026657939,0
molecola_23004,2,1,2,0.9199947714805603,1
molecola_23004,3,1,3,0.9724780321121216,1
molecola_23004,4,1,4,0.9779847264289856,1
molecola_23004,5,1,5,0.9700956344604492,1
molecola_23004,6,1,6,0.9817569851875305,1
molecola_23004,7,0,7,0.027357976883649826,0
molecola_23004,8,0,8,0.02728835865855217,0
molecola_23004,9,0,9,0.007145542651414871,0
molecola_23004,10,0,10,0.038452744483947754,0
molecola_23004,11,0,11,0.056613076478242874,0
molecola_23004,12,1,12,0.979536771774292,1
molecola_23004,13,0,13,0.025351503863930702,0
molecola_23004,14,0,14,0.04016613960266113,0
molecola_23004,15,0,15,0.0034306359011679888,0
molecola_23004,16,0,16,0.003354741493239999,0
molecola_23004,17,0,17,0.0029409383423626423,0
molecola_23004,18,0,18,0.003354741493239999,0
molecola_23004,19,0,19,0.0034306359011679888,0
molecola_23004,20,0,20,0.004305172711610794,0
molecola_23004,21,0,21,0.0022061497438699007,0
molecola_23004,22,0,22,0.0022061497438699007,0
molecola_23004,23,0,23,0.0022061497438699007,0
molecola_23004,24,0,24,0.004305172711610794,0
molecola_23004,25,0,25,0.0022061497438699007,0
molecola_23004,26,0,26,0.0022061497438699007,0
molecola_23004,27,0,27,0.0022061497438699007,0
molecola_23004,28,1,28,0.9742170572280884,1
molecola_23004,29,1,29,0.9618057608604431,1
molecola_23004,30,1,30,0.9637455344200134,1
molecola_23004,31,1,31,0.9252517223358154,1
molecola_23004,32,0,32,0.046891212463378906,0
molecola_23004,33,0,33,0.0035867998376488686,0
molecola_23004,34,0,34,0.003344909055158496,0
molecola_23004,35,0,35,0.0027047302573919296,0
molecola_23004,36,0,36,0.003194366814568639,0
molecola_23004,37,0,37,0.028718454763293266,0
molecola_23004,38,0,38,0.00430432241410017,0
molecola_23004,39,0,39,0.0022061497438699007,0
molecola_23004,40,0,40,0.0022061497438699007,0
molecola_23004,41,0,41,0.0022061497438699007,0
molecola_23703,1,0,1,0.16663312911987305,0
molecola_23703,2,0,2,0.06238432973623276,0
molecola_23703,3,0,3,0.9272661805152893,1
molecola_23703,4,0,4,0.01915266551077366,0
molecola_23703,5,0,5,0.021908659487962723,0
molecola_23703,6,0,6,0.04367256537079811,0
molecola_23703,7,0,7,0.01989227905869484,0
molecola_23703,8,0,8,0.0236214492470026,0
molecola_23703,9,0,9,0.04492617025971413,0
molecola_23703,10,0,10,0.015789911150932312,0
molecola_23703,11,1,11,0.9818164110183716,1
molecola_23703,12,1,12,0.9778727293014526,1
molecola_23703,13,1,13,0.9697859883308411,1
molecola_23703,14,1,14,0.9722810983657837,1
molecola_23703,15,1,15,0.9043521881103516,1
molecola_23703,16,0,16,0.003413911210373044,0
molecola_23703,17,0,17,0.003154886420816183,0
molecola_23703,18,0,18,0.002478524809703231,0
molecola_23703,19,0,19,0.0031572282314300537,0
molecola_23703,20,0,20,0.030826088041067123,0
molecola_23703,21,0,21,0.003916298504918814,0
molecola_23703,22,0,22,0.10759338736534119,0
molecola_23703,23,0,23,0.06973408907651901,0
molecola_23703,24,0,24,0.06973408907651901,0
molecola_23703,25,0,25,0.004812869243323803,0
molecola_23703,26,0,26,0.0027018634136766195,0
molecola_23703,27,0,27,0.0025034358259290457,0
molecola_23703,28,0,28,0.0024929235223680735,0
molecola_23703,29,0,29,0.0025034358259290457,0
molecola_23703,30,0,30,0.0027018634136766195,0
molecola_24349,1,0,1,0.015993604436516762,0
molecola_24349,2,0,2,0.9172975420951843,1
molecola_24349,3,0,3,0.010603750124573708,0
molecola_24349,4,0,4,0.010603750124573708,0
molecola_24349,5,0,5,0.9801490902900696,1
molecola_24349,6,1,6,0.9839963316917419,1
molecola_24349,7,1,7,0.9722550511360168,1
molecola_24349,8,0,8,0.03494173660874367,0
molecola_24349,9,0,9,0.02450193092226982,0
molecola_24349,10,0,10,0.07305338978767395,0
molecola_24349,11,0,11,0.02935517393052578,0
molecola_24349,12,0,12,0.0030496043618768454,0
molecola_24349,13,0,13,0.0028142021037638187,0
molecola_24349,14,0,14,0.002942275255918503,0
molecola_24349,15,0,15,0.0025423478800803423,0
molecola_24349,16,0,16,0.003383329603821039,0
molecola_24349,17,0,17,0.06292521208524704,0
molecola_2440,1,0,1,0.004512859508395195,0
molecola_2440,2,0,2,0.00645705359056592,0
molecola_2440,3,0,3,0.007977496832609177,0
molecola_2440,4,0,4,0.00645705359056592,0
molecola_2440,5,0,5,0.004512859508395195,0
molecola_2440,6,0,6,0.006632646545767784,0
molecola_2440,7,0,7,0.008352349512279034,0
molecola_2440,8,0,8,0.0030923427548259497,0
molecola_2440,9,0,9,0.0026187868788838387,0
molecola_2440,10,0,10,0.00309804268181324,0
molecola_2440,11,0,11,0.0030481175053864717,0
molecola_2440,12,0,12,0.013408774510025978,0
molecola_2440,13,0,13,0.9358388781547546,1
molecola_2440,14,0,14,0.9728383421897888,1
molecola_2440,15,0,15,0.9753883481025696,1
molecola_2440,16,0,16,0.9661253094673157,1
molecola_2440,17,0,17,0.9728423953056335,1
molecola_2440,18,0,18,0.018755290657281876,0
molecola_2440,19,0,19,0.0028816398698836565,0
molecola_2440,20,0,20,0.0033210308756679296,0
molecola_2440,21,0,21,0.02257787063717842,0
molecola_2440,22,0,22,0.0033210308756679296,0
molecola_2440,23,0,23,0.0028816398698836565,0
molecola_2440,24,1,24,0.9481225609779358,1
molecola_2440,25,0,25,0.039668917655944824,0
molecola_2440,26,1,26,0.9779832363128662,1
molecola_2440,27,0,27,0.01752876304090023,0
molecola_2440,28,0,28,0.0029089220333844423,0
molecola_2440,29,0,29,0.0026187868788838387,0
molecola_2440,30,0,30,0.00309804268181324,0
molecola_2440,31,0,31,0.0032479960937052965,0
molecola_24754,1,0,1,0.004250217694789171,0
molecola_24754,2,0,2,0.004995141178369522,0
molecola_24754,3,0,3,0.004881456959992647,0
molecola_24754,4,0,4,0.0038955663330852985,0
molecola_24754,5,0,5,0.10185516625642776,0
molecola_24754,6,0,6,0.00341791077516973,0
molecola_24754,7,0,7,0.0026860495563596487,0
molecola_24754,8,0,8,0.0033156119752675295,0
molecola_24754,9,0,9,0.004339857026934624,0
molecola_24754,10,0,10,0.004561414942145348,0
molecola_24754,11,0,11,0.0033964572940021753,0
molecola_24754,12,0,12,0.0051129842177033424,0
molecola_24754,13,0,13,0.005074840970337391,0
molecola_24754,14,0,14,0.005074840970337391,0
molecola_24754,15,0,15,0.004136304836720228,0
molecola_24754,16,0,16,0.0037260286044329405,0
molecola_24754,17,0,17,0.0025827446952462196,0
molecola_24754,18,0,18,0.0028332569636404514,0
molecola_24754,19,0,19,0.003983947914093733,0
molecola_24754,20,0,20,0.003974596504122019,0
molecola_24754,21,0,21,0.00729760155081749,0
molecola_24754,22,0,22,0.0048639727756381035,0
molecola_24754,23,0,23,0.006125396117568016,0
molecola_24754,24,0,24,0.004132998175919056,0
molecola_24754,25,0,25,0.0038719610311090946,0
molecola_24754,26,0,26,0.00387364998459816,0
molecola_24754,27,0,27,0.002698542783036828,0
molecola_24754,28,0,28,0.004890041891485453,0
molecola_24754,29,0,29,0.009102331474423409,0
molecola_24754,30,0,30,0.006764607038348913,0
molecola_24754,31,0,31,0.003596359631046653,0
molecola_24754,32,1,32,0.9656481742858887,1
molecola_24754,33,0,33,0.0468703955411911,0
molecola_24754,34,1,34,0.9553061127662659,1
molecola_24830,1,0,1,0.027209892868995667,0
molecola_24830,2,0,2,0.02699410542845726,0
molecola_24830,3,0,3,0.003668151330202818,0
molecola_24830,4,0,4,0.002955532632768154,0
molecola_24830,5,0,5,0.003527240827679634,0
molecola_24830,6,0,6,0.10927040129899979,0
molecola_24830,7,0,7,0.003527240827679634,0
molecola_24830,8,0,8,0.003668151330202818,0
molecola_24830,9,0,9,0.002955532632768154,0
molecola_24830,10,1,10,0.9264360666275024,1
molecola_24830,11,0,11,0.05440644174814224,0
molecola_24830,12,1,12,0.8828286528587341,1
molecola_24830,13,0,13,0.01765882596373558,0
molecola_24830,14,0,14,0.012020912021398544,0
molecola_24830,15,0,15,0.006923651788383722,0
molecola_24830,16,0,16,0.006923651788383722,0
molecola_24830,17,0,17,0.008474362082779408,0
molecola_24830,18,0,18,0.0029329152312129736,0
molecola_24830,19,0,19,0.0025036942679435015,0
molecola_24830,20,0,20,0.002506599295884371,0
molecola_24830,21,0,21,0.0031917684245854616,0
molecola_24830,22,0,22,0.041656244546175,0
molecola_254,1,0,1,0.0038266752380877733,0
molecola_254,2,0,2,0.00587399723008275,0
molecola_254,3,0,3,0.008140471763908863,0
molecola_254,4,0,4,0.008459922857582569,0
molecola_254,5,0,5,0.018274271860718727,0
molecola_254,6,0,6,0.029680047184228897,0
molecola_254,7,0,7,0.022249745205044746,0
molecola_254,8,0,8,0.0264857467263937,0
molecola_254,9,0,9,0.008388342335820198,0
molecola_254,10,0,10,0.007888848893344402,0
molecola_254,11,0,11,0.005903278943151236,0
molecola_254,12,0,12,0.03447480499744415,0
molecola_254,13,1,13,0.9444398283958435,1
molecola_254,14,1,14,0.9157686829566956,1
molecola_254,15,0,15,0.9157686829566956,1
molecola_254,16,0,16,0.0271101463586092,0
molecola_254,17,0,17,0.02451162226498127,0
molecola_254,18,0,18,0.004361378028988838,0
molecola_254,19,0,19,0.0028990732971578836,0
molecola_254,20,0,20,0.003266379702836275,0
molecola_254,21,0,21,0.0028629533480852842,0
molecola_254,22,0,22,0.004092251881957054,0
molecola_254,23,0,23,0.004632105119526386,0
molecola_25611,1,0,1,0.004404352977871895,0
molecola_25611,2,0,2,0.004123192746192217,0
molecola_25611,3,0,3,0.009265509434044361,0
molecola_25611,4,0,4,0.01065791491419077,0
molecola_25611,5,0,5,0.008718164637684822,0
molecola_25611,6,0,6,0.02685205638408661,0
molecola_25611,7,0,7,0.011595848016440868,0
molecola_25611,8,0,8,0.02900824509561062,0
molecola_25611,9,0,9,0.11116807907819748,0
molecola_25611,10,0,10,0.02900824509561062,0
molecola_25611,11,0,11,0.011595848016440868,0
molecola_25611,12,1,12,0.9545107483863831,1
molecola_25611,13,1,13,0.9215508103370667,1
molecola_25611,14,0,14,0.1468997448682785,0
molecola_25611,15,0,15,0.0031253802590072155,0
molecola_25611,16,0,16,0.0025771164800971746,0
molecola_25611,17,0,17,0.0029598046094179153,0
molecola_25611,18,0,18,0.002975748386234045,0
molecola_25611,19,0,19,0.0041404590010643005,0
molecola_25611,20,0,20,0.032043810933828354,0
molecola_25611,21,0,21,0.027034487575292587,0
molecola_25611,22,0,22,0.032006554305553436,0
molecola_25611,23,0,23,0.027033278718590736,0
molecola_25611,24,0,24,0.027441544458270073,0
molecola_25611,25,0,25,0.019615542143583298,0
molecola_25611,26,0,26,0.021926073357462883,0
molecola_25611,27,0,27,0.01997317373752594,0
molecola_25611,28,0,28,0.008122434839606285,0
molecola_25611,29,0,29,0.00825604796409607,0
molecola_25611,30,0,30,0.005251801572740078,0
molecola_25698,1,0,1,0.010770251043140888,0
molecola_25698,2,0,2,0.03841725364327431,0
molecola_25698,3,0,3,0.05588868260383606,0
molecola_25698,4,0,4,0.1682993769645691,0
molecola_25698,5,0,5,0.08278939127922058,0
molecola_25698,6,0,6,0.038178421556949615,0
molecola_25698,7,0,7,0.016340112313628197,0
molecola_25698,8,0,8,0.02049577236175537,0
molecola_25698,9,0,9,0.028082480654120445,0
molecola_25698,10,0,10,0.05323135480284691,0
molecola_25698,11,0,11,0.02409316971898079,0
molecola_25698,12,0,12,0.018529590219259262,0
molecola_25698,13,0,13,0.01410066056996584,0
molecola_25698,14,0,14,0.008767158724367619,0
molecola_25698,15,0,15,0.00868598185479641,0
molecola_25698,16,0,16,0.008604338392615318,0
molecola_25698,17,0,17,0.006011785473674536,0
molecola_25698,18,0,18,0.0028586918488144875,0
molecola_25698,19,0,19,0.0026669406797736883,0
molecola_25698,20,0,20,0.003225772874429822,0
molecola_25698,21,0,21,0.0030170197132974863,0
molecola_25698,22,0,22,0.0038905441761016846,0
molecola_25698,23,0,23,0.0031155135948210955,0
molecola_25698,24,0,24,0.0026055113412439823,0
molecola_25698,25,0,25,0.002509082667529583,0
molecola_25698,26,0,26,0.002569987904280424,0
molecola_25698,27,0,27,0.00296040833927691,0
molecola_25698,28,0,28,0.002975748386234045,0
molecola_25698,29,0,29,0.0027023402508348227,0
molecola_25698,30,0,30,0.013247046619653702,0
molecola_25698,31,1,31,0.9757156372070312,1
molecola_25698,32,1,32,0.9752992391586304,1
molecola_25698,33,1,33,0.966100811958313,1
molecola_25698,34,1,34,0.9721717834472656,1
molecola_25698,35,0,35,0.9189507365226746,1
molecola_25698,36,1,36,0.032336071133613586,0
molecola_25698,37,1,37,0.027733242139220238,0
molecola_25904,1,0,1,0.04797050356864929,0
molecola_25904,2,1,2,0.9861471056938171,1
molecola_25904,3,1,3,0.9886259436607361,1
molecola_25904,4,0,4,0.024663330987095833,0
molecola_25904,5,0,5,0.014577399007976055,0
molecola_25904,6,0,6,0.015804195776581764,0
molecola_25904,7,0,7,0.0078709926456213,0
molecola_25904,8,0,8,0.002920253202319145,0
molecola_25904,9,0,9,0.0025475211441516876,0
molecola_25904,10,0,10,0.00285921897739172,0
molecola_25904,11,0,11,0.0029539987444877625,0
molecola_25904,12,0,12,0.002865884453058243,0
molecola_25904,13,0,13,0.002954136347398162,0
molecola_25904,14,0,14,0.002989209955558181,0
molecola_25904,15,0,15,0.009847266599535942,0
molecola_25904,16,0,16,0.0029156003147363663,0
molecola_25904,17,0,17,0.002503718016669154,0
molecola_25904,18,0,18,0.0025035322178155184,0
molecola_25904,19,0,19,0.003378549823537469,0
molecola_25904,20,0,20,0.06642837822437286,0
molecola_26298,1,0,1,0.0038266752380877733,0
molecola_26298,2,0,2,0.00535931158810854,0
molecola_26298,3,0,3,0.005067366175353527,0
molecola_26298,4,0,4,0.0052315304055809975,0
molecola_26298,5,0,5,0.005459701642394066,0
molecola_26298,6,0,6,0.006477660965174437,0
molecola_26298,7,0,7,0.0036939671263098717,0
molecola_26298,8,1,8,0.9801238775253296,1
molecola_26298,9,1,9,0.9785892367362976,1
molecola_26298,10,1,10,0.9776110649108887,1
molecola_26298,11,1,11,0.9728862047195435,1
molecola_26298,12,1,12,0.9706159830093384,1
molecola_26298,13,0,13,0.008092341013252735,0
molecola_26298,14,0,14,0.009116634726524353,0
molecola_26298,15,0,15,0.006695241667330265,0
molecola_26298,16,0,16,0.005857119802385569,0
molecola_26298,17,0,17,0.011763060465455055,0
molecola_26298,18,0,18,0.005632977932691574,0
molecola_26298,19,0,19,0.010204517282545567,0
molecola_26298,20,0,20,0.008682615123689175,0
molecola_26298,21,0,21,0.008888010866940022,0
molecola_26298,22,0,22,0.005585632752627134,0
molecola_26298,23,0,23,0.0029796496964991093,0
molecola_26298,24,0,24,0.0029796496964991093,0
molecola_26298,25,0,25,0.006182498764246702,0
molecola_26298,26,0,26,0.010734069161117077,0
molecola_26298,27,0,27,0.0037949748802930117,0
molecola_26604,1,0,1,0.014344470575451851,0
molecola_26604,2,0,2,0.006143833976238966,0
molecola_26604,3,0,3,0.007633543107658625,0
molecola_26604,4,0,4,0.026640817523002625,0
molecola_26604,5,0,5,0.02596675418317318,0
molecola_26604,6,0,6,0.004910282324999571,0
molecola_26604,7,0,7,0.006089051719754934,0
molecola_26604,8,0,8,0.005143772345036268,0
molecola_26604,9,0,9,0.014478906989097595,0
molecola_26604,10,0,10,0.038582783192396164,0
molecola_26604,11,0,11,0.0425398163497448,0
molecola_26604,12,0,12,0.033595308661460876,0
molecola_26604,13,0,13,0.7828775644302368,1
molecola_26604,14,0,14,0.8436749577522278,1
molecola_26604,15,1,15,0.9424252510070801,1
molecola_26604,16,0,16,0.18829284608364105,0
molecola_26604,17,0,17,0.18175897002220154,0
molecola_26604,18,1,18,0.8348088264465332,1
molecola_26604,19,1,19,0.9036064743995667,1
molecola_26604,20,0,20,0.040306344628334045,0
molecola_26604,21,0,21,0.04924089461565018,0
molecola_26604,22,0,22,0.00411870377138257,0
molecola_26604,23,0,23,0.0034605544060468674,0
molecola_27162,1,0,1,0.010078400373458862,0
molecola_27162,2,0,2,0.012212008237838745,0
molecola_27162,3,0,3,0.020075924694538116,0
molecola_27162,4,0,4,0.003392532467842102,0
molecola_27162,5,0,5,0.003187258495017886,0
molecola_27162,6,0,6,0.018433958292007446,0
molecola_27162,7,0,7,0.004779311828315258,0
molecola_27162,8,0,8,0.0200911033898592,0
molecola_27162,9,0,9,0.012211940251290798,0
molecola_27162,10,0,10,0.010078400373458862,0
molecola_27162,11,0,11,0.011371975764632225,0
molecola_27162,12,0,12,0.006204557605087757,0
molecola_27162,13,0,13,0.006204557605087757,0
molecola_27162,14,0,14,0.2970806956291199,0
molecola_27162,15,0,15,0.031195957213640213,0
molecola_27162,16,0,16,0.0047074719332158566,0
molecola_27162,17,0,17,0.003995102364569902,0
molecola_27162,18,0,18,0.03240617364645004,0
molecola_27162,19,0,19,0.036834463477134705,0
molecola_27162,20,1,20,0.915879487991333,1
molecola_27162,21,0,21,0.032950930297374725,0
molecola_27162,22,0,22,0.04783492907881737,0
molecola_27162,23,0,23,0.026070205494761467,0
molecola_27162,24,0,24,0.09517960250377655,0
molecola_27162,25,1,25,0.9544948935508728,1
molecola_27162,26,0,26,0.08481574058532715,0
molecola_27162,27,0,27,0.004168571438640356,0
molecola_27162,28,0,28,0.003191753290593624,0
molecola_27162,29,0,29,0.0026208972558379173,0
molecola_27162,30,0,30,0.0025374251417815685,0
molecola_27162,31,0,31,0.0025857340078800917,0
molecola_27162,32,0,32,0.004753480665385723,0
molecola_27162,33,0,33,0.002683194587007165,0
molecola_27162,34,0,34,0.013800295069813728,0
molecola_27162,35,0,35,0.01279393956065178,0
molecola_27162,36,0,36,0.015404968522489071,0
molecola_27367,1,0,1,0.004047783091664314,0
molecola_27367,2,0,2,0.004473689943552017,0
molecola_27367,3,0,3,0.003986268304288387,0
molecola_27367,4,0,4,0.003209647024050355,0
molecola_27367,5,0,5,0.004742205608636141,0
molecola_27367,6,0,6,0.0047947121784091,0
molecola_27367,7,0,7,0.0024526361376047134,0
molecola_27367,8,0,8,0.003190784016624093,0
molecola_27367,9,0,9,0.0030566134955734015,0
molecola_27367,10,0,10,0.006027100142091513,0
molecola_27367,11,0,11,0.006229983642697334,0
molecola_27367,12,0,12,0.8927609920501709,1
molecola_27367,13,1,13,0.9784707427024841,1
molecola_27367,14,1,14,0.9804072976112366,1
molecola_27367,15,1,15,0.8378341197967529,1
molecola_27367,16,1,16,0.8598076701164246,1
molecola_27367,17,0,17,0.8598076701164246,1
molecola_27367,18,0,18,0.00410241074860096,0
molecola_27367,19,0,19,0.00450772512704134,0
molecola_27367,20,0,20,0.008473733440041542,0
molecola_27367,21,0,21,0.016064796596765518,0
molecola_27367,22,0,22,0.004901306238025427,0
molecola_27374,1,1,1,0.9503471851348877,1
molecola_27374,2,1,2,0.953730583190918,1
molecola_27374,3,0,3,0.05311838164925575,0
molecola_27374,4,0,4,0.02223784662783146,0
molecola_27374,5,0,5,0.005604466423392296,0
molecola_27374,6,0,6,0.005541084334254265,0
molecola_27374,7,0,7,0.007761402986943722,0
molecola_27374,8,0,8,0.027261294424533844,0
molecola_27374,9,0,9,0.040873851627111435,0
molecola_27374,10,0,10,0.031681887805461884,0
molecola_27374,11,0,11,0.11285652965307236,0
molecola_27374,12,0,12,0.6449556350708008,1
molecola_27374,13,0,13,0.7420369982719421,1
molecola_27374,14,0,14,0.06103353947401047,0
molecola_27374,15,0,15,0.7876343727111816,1
molecola_27374,16,0,16,0.12939582765102386,0
molecola_27385,1,0,1,0.00966686476022005,0
molecola_27385,2,0,2,0.08066537976264954,0
molecola_27385,3,0,3,0.02684718184173107,0
molecola_27385,4,0,4,0.3152660131454468,0
molecola_27385,5,0,5,0.14985772967338562,0
molecola_27385,6,0,6,0.07883436977863312,0
molecola_27385,7,0,7,0.07077111303806305,0
molecola_27385,8,0,8,0.06275799870491028,0
molecola_27385,9,0,9,0.0335848405957222,0
molecola_27385,10,1,10,0.8538984060287476,1
molecola_27385,11,1,11,0.9374051690101624,1
molecola_27385,12,1,12,0.9134013056755066,1
molecola_27385,13,0,13,0.03477964922785759,0
molecola_27385,14,0,14,0.03477964922785759,0
molecola_27385,15,0,15,0.059599779546260834,0
molecola_27385,16,0,16,0.04578711465001106,0
molecola_27385,17,0,17,0.043228987604379654,0
molecola_27385,18,0,18,0.03874338045716286,0
molecola_27385,19,0,19,0.03139793500304222,0
molecola_27490,1,0,1,0.004667632281780243,0
molecola_27490,2,0,2,0.004351185634732246,0
molecola_27490,3,0,3,0.0029027618002146482,0
molecola_27490,4,0,4,0.0034025588538497686,0
molecola_27490,5,0,5,0.0038977928925305605,0
molecola_27490,6,0,6,0.005143638234585524,0
molecola_27490,7,0,7,0.02204279787838459,0
molecola_27490,8,0,8,0.021181222051382065,0
molecola_27490,9,0,9,0.0074346051551401615,0
molecola_27490,10,0,10,0.02181847020983696,0
molecola_27490,11,0,11,0.020129885524511337,0
molecola_27490,12,0,12,0.006229995284229517,0
molecola_27490,13,0,13,0.004917367361485958,0
molecola_27490,14,0,14,0.010492031462490559,0
molecola_27490,15,0,15,0.011824196204543114,0
molecola_27490,16,0,16,0.026193447411060333,0
molecola_27490,17,0,17,0.01592240296304226,0
molecola_27490,18,0,18,0.04236798360943794,0
molecola_27490,19,0,19,0.022024985402822495,0
molecola_27490,20,0,20,0.03612598404288292,0
molecola_27490,21,0,21,0.018799293786287308,0
molecola_27490,22,0,22,0.8865065574645996,1
molecola_27490,23,1,23,0.9784693121910095,1
molecola_27490,24,1,24,0.980406641960144,1
molecola_27490,25,1,25,0.8378341197967529,1
molecola_27490,26,1,26,0.8598076701164246,1
molecola_27490,27,0,27,0.8598076701164246,1
molecola_27490,28,0,28,0.0038715219125151634,0
molecola_27490,29,0,29,0.002909446367993951,0
molecola_27490,30,0,30,0.004366047214716673,0
molecola_27490,31,0,31,0.004667632281780243,0
molecola_27983,1,0,1,0.8295620679855347,1
molecola_27983,2,0,2,0.9788766503334045,1
molecola_27983,3,0,3,0.7980151772499084,1
molecola_27983,4,0,4,0.8295620679855347,1
molecola_27983,5,1,5,0.9841488003730774,1
molecola_27983,6,0,6,0.9772953987121582,1
molecola_27983,7,0,7,0.0260541383177042,0
molecola_27983,8,0,8,0.0314478725194931,0
molecola_27983,9,0,9,0.003295038128271699,0
molecola_27983,10,0,10,0.0025006807409226894,0
molecola_27983,11,0,11,0.0024929235223680735,0
molecola_27983,12,0,12,0.0025006807409226894,0
molecola_27983,13,0,13,0.003295038128271699,0
molecola_28177,1,0,1,0.002974599599838257,0
molecola_28177,2,0,2,0.004952894989401102,0
molecola_28177,3,0,3,0.005308089777827263,0
molecola_28177,4,0,4,0.008976711891591549,0
molecola_28177,5,0,5,0.016235047951340675,0
molecola_28177,6,0,6,0.017048273235559464,0
molecola_28177,7,0,7,0.014258149079978466,0
molecola_28177,8,0,8,0.014735999517142773,0
molecola_28177,9,0,9,0.011593207716941833,0
molecola_28177,10,0,10,0.00396106019616127,0
molecola_28177,11,1,11,0.9777826070785522,1
molecola_28177,12,1,12,0.9728521108627319,1
molecola_28177,13,1,13,0.9772961735725403,1
molecola_28177,14,1,14,0.9666820764541626,1
molecola_28177,15,1,15,0.9798693060874939,1
molecola_28177,16,0,16,0.024508781731128693,0
molecola_28177,17,0,17,0.014871212653815746,0
molecola_28177,18,0,18,0.002796109765768051,0
molecola_28177,19,0,19,0.024508781731128693,0
molecola_28177,20,0,20,0.014871212653815746,0
molecola_28177,21,0,21,0.002796109765768051,0
molecola_28177,22,0,22,0.0030304240062832832,0
molecola_28177,23,0,23,0.002926104236394167,0
molecola_28177,24,0,24,0.008749882690608501,0
molecola_28177,25,0,25,0.007580053061246872,0
molecola_28177,26,0,26,0.009639231488108635,0
molecola_28177,27,0,27,0.013375526294112206,0
molecola_28177,28,0,28,0.0191329512745142,0
molecola_28177,29,0,29,0.016941726207733154,0
molecola_28736,1,0,1,0.010078400373458862,0
molecola_28736,2,0,2,0.012211951427161694,0
molecola_28736,3,0,3,0.0172352883964777,0
molecola_28736,4,0,4,0.005029358901083469,0
molecola_28736,5,0,5,0.026286490261554718,0
molecola_28736,6,0,6,0.0033188594970852137,0
molecola_28736,7,0,7,0.0028231979813426733,0
molecola_28736,8,0,8,0.006764356978237629,0
molecola_28736,9,0,9,0.004726150538772345,0
molecola_28736,10,0,10,0.0034592982847243547,0
molecola_28736,11,0,11,0.003116464475169778,0
molecola_28736,12,0,12,0.0027825823053717613,0
molecola_28736,13,0,13,0.0033572115935385227,0
molecola_28736,14,0,14,0.0025542753282934427,0
molecola_28736,15,0,15,0.0029163046274334192,0
molecola_28736,16,0,16,0.018771635368466377,0
molecola_28736,17,1,17,0.9747269153594971,1
molecola_28736,18,1,18,0.974142849445343,1
molecola_28736,19,1,19,0.9698235392570496,1
molecola_28736,20,1,20,0.9761058688163757,1
molecola_28736,21,1,21,0.9668752551078796,1
molecola_28736,22,0,22,0.014967093244194984,0
molecola_28736,23,0,23,0.02018704079091549,0
molecola_28736,24,0,24,0.02018704079091549,0
molecola_28736,25,0,25,0.014967093244194984,0
molecola_28736,26,0,26,0.0030811382457613945,0
molecola_28736,27,0,27,0.003155322978273034,0
molecola_28736,28,0,28,0.8427782654762268,1
molecola_28736,29,0,29,0.04254612699151039,0
molecola_28736,30,0,30,0.9245800971984863,1
molecola_28736,31,0,31,0.009093175642192364,0
molecola_28736,32,0,32,0.005601721815764904,0
molecola_28736,33,0,33,0.005601721815764904,0
molecola_28736,34,0,34,0.015768902376294136,0
molecola_28736,35,0,35,0.0031956257298588753,0
molecola_28736,36,0,36,0.0025031226687133312,0
molecola_28736,37,0,37,0.0025018693413585424,0
molecola_28736,38,0,38,0.0027064713649451733,0
molecola_28736,39,0,39,0.004837386775761843,0
molecola_28736,40,0,40,0.004640623461455107,0
molecola_29936,1,0,1,0.006004540715366602,0
molecola_29936,2,0,2,0.0087349284440279,0
molecola_29936,3,0,3,0.037204593420028687,0
molecola_29936,4,0,4,0.015711257234215736,0
molecola_29936,5,0,5,0.018239114433526993,0
molecola_29936,6,0,6,0.0030733952298760414,0
molecola_29936,7,0,7,0.0032389145344495773,0
molecola_29936,8,0,8,0.031116971746087074,0
molecola_29936,9,0,9,0.0032389145344495773,0
molecola_29936,10,0,10,0.0030733952298760414,0
molecola_29936,11,0,11,0.09689650684595108,0
molecola_29936,12,0,12,0.06464482098817825,0
molecola_29936,13,0,13,0.014340905472636223,0
molecola_29936,14,0,14,0.0101232985034585,0
molecola_29936,15,0,15,0.0101232985034585,0
molecola_29936,16,0,16,0.32742664217948914,0
molecola_29936,17,0,17,0.03935256227850914,0
molecola_29936,18,0,18,0.8608662486076355,1
molecola_29936,19,1,19,0.9479541182518005,1
molecola_29936,20,1,20,0.9170475602149963,1
molecola_29936,21,0,21,0.13667747378349304,0
molecola_29936,22,0,22,0.00309735513292253,0
molecola_29936,23,0,23,0.0033126904163509607,0
molecola_29936,24,0,24,0.013788203708827496,0
molecola_29936,25,0,25,0.032677315175533295,0
molecola_29936,26,0,26,0.02891380712389946,0
molecola_29936,27,0,27,0.04801124334335327,0
molecola_29936,28,0,28,0.023694958537817,0
molecola_29936,29,0,29,0.006467689760029316,0
molecola_29936,30,0,30,0.07859745621681213,0
molecola_29936,31,0,31,0.027732329443097115,0
molecola_29936,32,0,32,0.003484515007585287,0
molecola_29936,33,0,33,0.002979237586259842,0
molecola_29936,34,0,34,0.003224871587008238,0
molecola_29938,1,1,1,0.969974935054779,1
molecola_29938,2,1,2,0.956544816493988,1
molecola_29938,3,1,3,0.9492616653442383,1
molecola_29938,4,1,4,0.9326749444007874,1
molecola_29938,5,1,5,0.9404296278953552,1
molecola_29938,6,0,6,0.006786616984754801,0
molecola_29938,7,0,7,0.006759854033589363,0
molecola_29938,8,0,8,0.005501765292137861,0
molecola_29938,9,0,9,0.0038766907528042793,0
molecola_29938,10,0,10,0.006007552612572908,0
molecola_29938,11,0,11,0.004808705300092697,0
molecola_29938,12,0,12,0.009075014851987362,0
molecola_29938,13,0,13,0.002780528273433447,0
molecola_29938,14,0,14,0.002503229770809412,0
molecola_29938,15,0,15,0.002496400149539113,0
molecola_29938,16,0,16,0.0025376398116350174,0
molecola_29938,17,0,17,0.0029957997612655163,0
molecola_29938,18,0,18,0.002955386647954583,0
molecola_30668,1,0,1,0.008646396920084953,0
molecola_30668,2,0,2,0.028471102938055992,0
molecola_30668,3,1,3,0.8991044163703918,1
molecola_30668,4,1,4,0.9458611607551575,1
molecola_30668,5,0,5,0.0843181386590004,0
molecola_30668,6,0,6,0.03243936225771904,0
molecola_30668,7,0,7,0.039547137916088104,0
molecola_30668,8,0,8,0.004304357338696718,0
molecola_30668,9,0,9,0.0036532485391944647,0
molecola_30668,10,0,10,0.004587061237543821,0
molecola_30668,11,0,11,0.017451534047722816,0
molecola_30668,12,0,12,0.05253319442272186,0
molecola_30668,13,0,13,0.03905729204416275,0
molecola_30668,14,0,14,0.10753049701452255,0
molecola_30668,15,0,15,0.034645870327949524,0
molecola_30668,16,0,16,0.002872052602469921,0
molecola_30668,17,0,17,0.002511480124667287,0
molecola_30668,18,0,18,0.002688332926481962,0
molecola_30668,19,0,19,0.0033463367726653814,0
molecola_30668,20,0,20,0.003156515536829829,0
molecola_30668,21,0,21,0.00430432241410017,0
molecola_30668,22,0,22,0.0022061497438699007,0
molecola_30668,23,0,23,0.0022061497438699007,0
molecola_30668,24,0,24,0.0022061497438699007,0
molecola_30668,25,0,25,0.00340340961702168,0
molecola_30668,26,0,26,0.0026295946445316076,0
molecola_30668,27,0,27,0.002518782392144203,0
molecola_30668,28,0,28,0.004350687842816114,0
molecola_30668,29,0,29,0.004039454739540815,0
molecola_30668,30,0,30,0.003112746635451913,0
molecola_30668,31,0,31,0.002668649423867464,0
molecola_30668,32,0,32,0.0031384588219225407,0
molecola_30668,33,0,33,0.008882535621523857,0
molecola_30668,34,0,34,0.0031384588219225407,0
molecola_30668,35,0,35,0.002668649423867464,0
molecola_30668,36,0,36,0.007118422072380781,0
molecola_30668,37,0,37,0.005731159821152687,0
molecola_312,1,0,1,0.005258487071841955,0
molecola_312,2,0,2,0.008663867600262165,0
molecola_312,3,0,3,0.005258487071841955,0
molecola_312,4,0,4,0.008183048106729984,0
molecola_312,5,0,5,0.009454893879592419,0
molecola_312,6,0,6,0.005939064547419548,0
molecola_312,7,0,7,0.0031881462782621384,0
molecola_312,8,0,8,0.0027826763689517975,0
molecola_312,9,0,9,0.003360956674441695,0
molecola_312,10,0,10,0.0025443979538977146,0
molecola_312,11,0,11,0.0025333347730338573,0
molecola_312,12,0,12,0.002893853932619095,0
molecola_312,13,1,13,0.9585063457489014,1
molecola_312,14,1,14,0.9844223260879517,1
molecola_312,15,1,15,0.9788119196891785,1
molecola_312,16,0,16,0.7984883785247803,1
molecola_312,17,0,17,0.8299091458320618,1
molecola_312,18,1,18,0.8299091458320618,1
molecola_312,19,0,19,0.0035088779404759407,0
molecola_31503,1,0,1,0.0047417511232197285,0
molecola_31503,2,0,2,0.018193205818533897,0
molecola_31503,3,0,3,0.02804727479815483,0
molecola_31503,4,1,4,0.9203670024871826,1
molecola_31503,5,0,5,0.02804727479815483,0
molecola_31503,6,0,6,0.018193205818533897,0
molecola_31503,7,0,7,0.0047417511232197285,0
molecola_31503,8,1,8,0.9439355731010437,1
molecola_31503,9,0,9,0.2867524027824402,0
molecola_31503,10,0,10,0.7772127389907837,1
molecola_31503,11,0,11,0.006063499487936497,0
molecola_31503,12,0,12,0.004905298352241516,0
molecola_31503,13,0,13,0.0027400373946875334,0
molecola_31503,14,0,14,0.0026178602129220963,0
molecola_31503,15,0,15,0.003089455422013998,0
molecola_31503,16,0,16,0.003231168258935213,0
molecola_31503,17,0,17,0.03565791994333267,0
molecola_31503,18,0,18,0.43826502561569214,0
molecola_31503,19,0,19,0.9714171886444092,1
molecola_31503,20,0,20,0.9418509006500244,1
molecola_31503,21,0,21,0.02726462483406067,0
molecola_31503,22,0,22,0.0030761302914470434,0
molecola_31503,23,0,23,0.0026139451656490564,0
molecola_31503,24,0,24,0.0034431933891028166,0
molecola_31503,25,0,25,0.10378292948007584,0
molecola_31503,26,0,26,0.0034431933891028166,0
molecola_31503,27,0,27,0.0026139451656490564,0
molecola_31503,28,0,28,0.9282345771789551,1
molecola_31503,29,0,29,0.05332943797111511,0
molecola_31503,30,0,30,0.920963704586029,1
molecola_31503,31,0,31,0.03027730993926525,0
molecola_31503,32,0,32,0.04689455032348633,0
molecola_31503,33,0,33,0.04689455032348633,0
molecola_31503,34,0,34,0.03027730993926525,0
molecola_31803,1,0,1,0.9277120232582092,1
molecola_31803,2,0,2,0.9477276802062988,1
molecola_31803,3,0,3,0.9419918656349182,1
molecola_31803,4,0,4,0.9512960910797119,1
molecola_31803,5,0,5,0.9643831849098206,1
molecola_31803,6,0,6,0.017935795709490776,0
molecola_31803,7,0,7,0.008696828037500381,0
molecola_31803,8,0,8,0.014500568620860577,0
molecola_31803,9,0,9,0.14555984735488892,0
molecola_31803,10,0,10,0.0031036054715514183,0
molecola_31803,11,0,11,0.002511024009436369,0
molecola_31803,12,0,12,0.003377628279849887,0
molecola_31803,13,0,13,0.05575980246067047,0
molecola_31803,14,1,14,0.9497590065002441,1
molecola_31803,15,1,15,0.9174031615257263,1
molecola_31803,16,0,16,0.9174031615257263,1
molecola_31803,17,0,17,0.9277120232582092,1
molecola_32905,1,0,1,0.00454669026657939,0
molecola_32905,2,0,2,0.07819128781557083,0
molecola_32905,3,0,3,0.07284101098775864,0
molecola_32905,4,0,4,0.9527959227561951,1
molecola_32905,5,0,5,0.028869537636637688,0
molecola_32905,6,0,6,0.027438778430223465,0
molecola_32905,7,0,7,0.01097014732658863,0
molecola_32905,8,0,8,0.009639308787882328,0
molecola_32905,9,0,9,0.017242778092622757,0
molecola_32905,10,0,10,0.005895538255572319,0
molecola_32905,11,1,11,0.7295609712600708,1
molecola_32905,12,0,12,0.023760851472616196,0
molecola_32905,13,0,13,0.008424848318099976,0
molecola_32905,14,1,14,0.8902175426483154,1
molecola_32905,15,0,15,0.03844211623072624,0
molecola_32905,16,0,16,0.021673226729035378,0
molecola_32905,17,0,17,0.009256619028747082,0
molecola_32905,18,0,18,0.008523947559297085,0
molecola_32905,19,0,19,0.008092761039733887,0
molecola_32905,20,0,20,0.003034345107153058,0
molecola_32905,21,0,21,0.002525204559788108,0
molecola_32905,22,0,22,0.0031359968706965446,0
molecola_32905,23,0,23,0.026318389922380447,0
molecola_32905,24,0,24,0.00406321045011282,0
molecola_32905,25,0,25,0.42602765560150146,0
molecola_32905,26,0,26,0.021581683307886124,0
molecola_32905,27,0,27,0.015813447535037994,0
molecola_32905,28,0,28,0.002796109765768051,0
molecola_32905,29,0,29,0.021581683307886124,0
molecola_32905,30,0,30,0.015813447535037994,0
molecola_32905,31,0,31,0.002796109765768051,0
molecola_33939,1,0,1,0.005754279904067516,0
molecola_33939,2,0,2,0.0074735176749527454,0
molecola_33939,3,0,3,0.005754279904067516,0
molecola_33939,4,0,4,0.008021420799195766,0
molecola_33939,5,0,5,0.018567437306046486,0
molecola_33939,6,0,6,0.15093940496444702,0
molecola_33939,7,0,7,0.14291344583034515,0
molecola_33939,8,0,8,0.04975825920701027,0
molecola_33939,9,0,9,0.3609588146209717,0
molecola_33939,10,0,10,0.01637152023613453,0
molecola_33939,11,0,11,0.01972031220793724,0
molecola_33939,12,0,12,0.04422027990221977,0
molecola_33939,13,0,13,0.7875404953956604,1
molecola_33939,14,0,14,0.06703226268291473,0
molecola_33939,15,0,15,0.8015101552009583,1
molecola_33939,16,0,16,0.8932781219482422,1
molecola_33939,17,0,17,0.03219125047326088,0
molecola_33939,18,0,18,0.9147306680679321,1
molecola_33939,19,0,19,0.03219597414135933,0
molecola_33939,20,0,20,0.043199747800827026,0
molecola_33939,21,0,21,0.01457987166941166,0
molecola_33939,22,0,22,0.07434038072824478,0
molecola_33939,23,1,23,0.9402977824211121,1
molecola_33939,24,0,24,0.09371187537908554,0
molecola_33939,25,1,25,0.9333578944206238,1
molecola_34096,1,0,1,0.8299091458320618,1
molecola_34096,2,1,2,0.9788119196891785,1
molecola_34096,3,0,3,0.7984883785247803,1
molecola_34096,4,0,4,0.8299091458320618,1
molecola_34096,5,1,5,0.9844223260879517,1
molecola_34096,6,1,6,0.9585061073303223,1
molecola_34096,7,0,7,0.0030787282157689333,0
molecola_34096,8,0,8,0.0032815788872539997,0
molecola_34096,9,0,9,0.0036715760361403227,0
molecola_34096,10,0,10,0.0032784142531454563,0
molecola_34096,11,0,11,0.0035733056720346212,0
molecola_34096,12,0,12,0.018315568566322327,0
molecola_34096,13,0,13,0.014132143929600716,0
molecola_34096,14,0,14,0.010768631473183632,0
molecola_34096,15,0,15,0.014132143929600716,0
molecola_34096,16,0,16,0.018222792074084282,0
molecola_34096,17,0,17,0.0035921584349125624,0
molecola_34096,18,0,18,0.003506384789943695,0
molecola_34096,19,0,19,0.0031959128100425005,0
molecola_34096,20,0,20,0.0026277070865035057,0
molecola_34096,21,0,21,0.002503841882571578,0
molecola_34096,22,0,22,0.0024969938676804304,0
molecola_34096,23,0,23,0.002571414690464735,0
molecola_34096,24,0,24,0.0030004577711224556,0
molecola_34096,25,0,25,0.0029796736780554056,0
molecola_34109,1,1,1,0.9298765659332275,1
molecola_34109,2,1,2,0.9689022302627563,1
molecola_34109,3,1,3,0.9773024320602417,1
molecola_34109,4,1,4,0.9697096347808838,1
molecola_34109,5,1,5,0.9821977019309998,1
molecola_34109,6,0,6,0.017259931191802025,0
molecola_34109,7,0,7,0.04151538759469986,0
molecola_34109,8,0,8,0.04868241026997566,0
molecola_34109,9,0,9,0.008013460785150528,0
molecola_34109,10,0,10,0.00936875119805336,0
molecola_34109,11,0,11,0.0030710427090525627,0
molecola_34109,12,0,12,0.002515480387955904,0
molecola_34109,13,0,13,0.0028748316690325737,0
molecola_34109,14,0,14,0.018966246396303177,0
molecola_34109,15,0,15,0.1424691379070282,0
molecola_34109,16,0,16,0.095427505671978,0
molecola_34109,17,0,17,0.0517834797501564,0
molecola_34109,18,0,18,0.14103060960769653,0
molecola_34109,19,0,19,0.01909702830016613,0
molecola_34109,20,0,20,0.002885633846744895,0
molecola_34109,21,0,21,0.0026451717130839825,0
molecola_34109,22,0,22,0.0035583674907684326,0
molecola_34109,23,0,23,0.00430652592331171,0
molecola_34109,24,0,24,0.0035902748350054026,0
molecola_34109,25,0,25,0.003271641908213496,0
molecola_34109,26,0,26,0.0036546685732901096,0
molecola_34109,27,0,27,0.002984381979331374,0
molecola_34109,28,0,28,0.04151538759469986,0
molecola_34109,29,0,29,0.017259931191802025,0
molecola_35417,1,0,1,0.012847736477851868,0
molecola_35417,2,1,2,0.8935583829879761,1
molecola_35417,3,0,3,0.01633148454129696,0
molecola_35417,4,0,4,0.028869053348898888,0
molecola_35417,5,0,5,0.022529195994138718,0
molecola_35417,6,0,6,0.025722207501530647,0
molecola_35417,7,0,7,0.010483085177838802,0
molecola_35417,8,0,8,0.01605752483010292,0
molecola_35417,9,0,9,0.008038630709052086,0
molecola_35417,10,0,10,0.005056494381278753,0
molecola_35417,11,0,11,0.0065179807133972645,0
molecola_35417,12,0,12,0.0043207742273807526,0
molecola_35417,13,0,13,0.0033251603599637747,0
molecola_35417,14,0,14,0.0027284484822303057,0
molecola_35417,15,0,15,0.0029687548521906137,0
molecola_35417,16,0,16,0.002976022893562913,0
molecola_35417,17,0,17,0.0029915955383330584,0
molecola_35417,18,0,18,0.03326543793082237,0
molecola_35417,19,0,19,0.10689219832420349,0
molecola_35417,20,0,20,0.052444785833358765,0
molecola_35417,21,0,21,0.03901519626379013,0
molecola_35417,22,0,22,0.017706574872136116,0
molecola_35417,23,0,23,0.0033185393549501896,0
molecola_35417,24,0,24,0.0027546314522624016,0
molecola_35417,25,0,25,0.005086466204375029,0
molecola_35417,26,0,26,0.0028532028663903475,0
molecola_35417,27,0,27,0.0034881778992712498,0
molecola_35417,28,0,28,0.002979237586259842,0
molecola_35417,29,0,29,0.012838928028941154,0
molecola_35417,30,0,30,0.012184315361082554,0
molecola_35417,31,0,31,0.012184315361082554,0
molecola_35417,32,0,32,0.004434213507920504,0
molecola_35417,33,0,33,0.00465004425495863,0
molecola_35417,34,1,34,0.964295506477356,1
molecola_35417,35,0,35,0.10843174904584885,0
molecola_35417,36,0,36,0.43104779720306396,0
molecola_35417,37,0,37,0.009991651400923729,0
molecola_36229,1,0,1,0.01206006109714508,0
molecola_36229,2,0,2,0.046942856162786484,0
molecola_36229,3,0,3,0.01766657829284668,0
molecola_36229,4,0,4,0.01487000472843647,0
molecola_36229,5,0,5,0.013155083172023296,0
molecola_36229,6,0,6,0.0031872475519776344,0
molecola_36229,7,0,7,0.002959825797006488,0
molecola_36229,8,0,8,0.002975748386234045,0
molecola_36229,9,0,9,0.0025847034994512796,0
molecola_36229,10,0,10,0.003196140518411994,0
molecola_36229,11,0,11,0.054809149354696274,0
molecola_36229,12,1,12,0.9487861394882202,1
molecola_36229,13,1,13,0.9611729383468628,1
molecola_36229,14,0,14,0.06576840579509735,0
molecola_36229,15,0,15,0.04825713485479355,0
molecola_36229,16,0,16,0.01279675867408514,0
molecola_36229,17,0,17,0.01968265511095524,0
molecola_36229,18,0,18,0.003146969247609377,0
molecola_36229,19,0,19,0.002515528118237853,0
molecola_36229,20,0,20,0.002646204549819231,0
molecola_36229,21,0,21,0.0032340858597308397,0
molecola_36229,22,0,22,0.0029928216245025396,0
molecola_36229,23,0,23,0.003479056991636753,0
molecola_36229,24,0,24,0.0027647349052131176,0
molecola_36229,25,0,25,0.0025383615866303444,0
molecola_36229,26,0,26,0.003697540145367384,0
molecola_36299,1,0,1,0.0038266752380877733,0
molecola_36299,2,0,2,0.005366153549402952,0
molecola_36299,3,0,3,0.005455126520246267,0
molecola_36299,4,0,4,0.9188514947891235,1
molecola_36299,5,0,5,0.9721919894218445,1
molecola_36299,6,0,6,0.975426435470581,1
molecola_36299,7,0,7,0.9661251902580261,1
molecola_36299,8,0,8,0.9633174538612366,1
molecola_36299,9,0,9,0.016108065843582153,0
molecola_36299,10,0,10,0.029238000512123108,0
molecola_36299,11,0,11,0.30590176582336426,0
molecola_36299,12,0,12,0.14486470818519592,0
molecola_36299,13,0,13,0.04413953796029091,0
molecola_36299,14,0,14,0.015316485427320004,0
molecola_36299,15,0,15,0.04085828363895416,0
molecola_36299,16,0,16,0.0284676942974329,0
molecola_36299,17,0,17,0.9758425354957581,1
molecola_36299,18,0,18,0.9300717115402222,1
molecola_36299,19,0,19,0.3632763624191284,0
molecola_36299,20,0,20,0.08471044898033142,0
molecola_36299,21,0,21,0.003259577788412571,0
molecola_36299,22,0,22,0.003103509545326233,0
molecola_36299,23,0,23,0.14595834910869598,0
molecola_36299,24,0,24,0.003103509545326233,0
molecola_36299,25,0,25,0.003259577788412571,0
molecola_36299,26,1,26,0.9497581720352173,1
molecola_36299,27,1,27,0.917402982711792,1
molecola_36299,28,0,28,0.917402982711792,1
molecola_36299,29,0,29,0.07717946916818619,0
molecola_36299,30,0,30,0.030709432438015938,0
molecola_36299,31,0,31,0.030709432438015938,0
molecola_37264,1,0,1,0.00454669026657939,0
molecola_37264,2,1,2,0.9214710593223572,1
molecola_37264,3,1,3,0.9725702404975891,1
molecola_37264,4,1,4,0.975389838218689,1
molecola_37264,5,1,5,0.9661253094673157,1
molecola_37264,6,1,6,0.9728423953056335,1
molecola_37264,7,0,7,0.016887294128537178,0
molecola_37264,8,0,8,0.0029064102564007044,0
molecola_37264,9,0,9,0.0028579942882061005,0
molecola_37264,10,0,10,0.019030744209885597,0
molecola_37264,11,0,11,0.05524788424372673,0
molecola_37264,12,0,12,0.013893399387598038,0
molecola_37264,13,0,13,0.011893915943801403,0
molecola_37264,14,0,14,0.003191682044416666,0
molecola_37264,15,0,15,0.002580824540928006,0
molecola_37264,16,0,16,0.002951557282358408,0
molecola_37264,17,0,17,0.0029754850547760725,0
molecola_37264,18,0,18,0.002580824540928006,0
molecola_37264,19,0,19,0.003191682044416666,0
molecola_37264,20,0,20,0.005189436953514814,0
molecola_37264,21,0,21,0.008671975694596767,0
molecola_37264,22,0,22,0.016065603122115135,0
molecola_37707,1,0,1,0.004813607316464186,0
molecola_37707,2,0,2,0.00560841104015708,0
molecola_37707,3,0,3,0.004813607316464186,0
molecola_37707,4,0,4,0.00886597391217947,0
molecola_37707,5,0,5,0.004895003046840429,0
molecola_37707,6,0,6,0.0027702103834599257,0
molecola_37707,7,0,7,0.00247611990198493,0
molecola_37707,8,0,8,0.002782771596685052,0
molecola_37707,9,0,9,0.004644900560379028,0
molecola_37707,10,0,10,0.014426331035792828,0
molecola_37707,11,0,11,0.22774554789066315,0
molecola_37707,12,0,12,0.03307546302676201,0
molecola_37707,13,0,13,0.03115798905491829,0
molecola_37707,14,1,14,0.9256735444068909,1
molecola_37707,15,0,15,0.03115798905491829,0
molecola_37707,16,0,16,0.03307546302676201,0
molecola_37707,17,1,17,0.9281619787216187,1
molecola_37707,18,0,18,0.05334252119064331,0
molecola_37707,19,0,19,0.0518253929913044,0
molecola_37707,20,0,20,0.003381519578397274,0
molecola_37707,21,0,21,0.003098563989624381,0
molecola_37707,22,0,22,0.0032170775812119246,0
molecola_37707,23,0,23,0.08189744502305984,0
molecola_37707,24,0,24,0.8956887722015381,1
molecola_37707,25,0,25,0.010340774431824684,0
molecola_37707,26,0,26,0.004555624909698963,0
molecola_37707,27,0,27,0.004555624909698963,0
molecola_37707,28,0,28,0.00390787934884429,0
molecola_37707,29,0,29,0.003043163102120161,0
molecola_37707,30,0,30,0.002555427374318242,0
molecola_37707,31,0,31,0.0034032072871923447,0
molecola_37707,32,0,32,0.003642449853941798,0
molecola_37709,1,0,1,0.008168323896825314,0
molecola_37709,2,0,2,0.00934744905680418,0
molecola_37709,3,0,3,0.008291414007544518,0
molecola_37709,4,0,4,0.009004011750221252,0
molecola_37709,5,0,5,0.09284169971942902,0
molecola_37709,6,0,6,0.03711630403995514,0
molecola_37709,7,0,7,0.1964217722415924,0
molecola_37709,8,0,8,0.023851526901125908,0
molecola_37709,9,0,9,0.022933388128876686,0
molecola_37709,10,0,10,0.03596077486872673,0
molecola_37709,11,0,11,0.014908780343830585,0
molecola_37709,12,0,12,0.9572271108627319,1
molecola_37709,13,0,13,0.06185983866453171,0
molecola_37709,14,0,14,0.9528071880340576,1
molecola_37709,15,0,15,0.029488200321793556,0
molecola_37709,16,1,16,0.9610095024108887,1
molecola_37709,17,1,17,0.9849659204483032,1
molecola_37709,18,0,18,0.025227926671504974,0
molecola_37709,19,0,19,0.029488200321793556,0
molecola_37709,20,0,20,0.08621368557214737,0
molecola_37709,21,0,21,0.030688120052218437,0
molecola_37709,22,0,22,0.11792349070310593,0
molecola_37709,23,0,23,0.01706765405833721,0
molecola_37709,24,0,24,0.09349135309457779,0
molecola_37709,25,0,25,0.05406767874956131,0
molecola_37709,26,0,26,0.05406767874956131,0
molecola_37709,27,0,27,0.07354675233364105,0
molecola_37709,28,0,28,0.030060293152928352,0
molecola_37709,29,0,29,0.030060293152928352,0
molecola_38554,1,0,1,0.007552368100732565,0
molecola_38554,2,0,2,0.03801926225423813,0
molecola_38554,3,0,3,0.05243973806500435,0
molecola_38554,4,0,4,0.043082986027002335,0
molecola_38554,5,0,5,0.06529196351766586,0
molecola_38554,6,0,6,0.025006476789712906,0
molecola_38554,7,1,7,0.9548600912094116,1
molecola_38554,8,0,8,0.0705881342291832,0
molecola_38554,9,1,9,0.9463350176811218,1
molecola_38554,10,0,10,0.04944609850645065,0
molecola_38554,11,0,11,0.003231156151741743,0
molecola_38554,12,0,12,0.002506599295884371,0
molecola_38554,13,0,13,0.0025035322178155184,0
molecola_38554,14,0,14,0.0031515141017735004,0
molecola_38554,15,0,15,0.01859080046415329,0
molecola_38554,16,0,16,0.061807747930288315,0
molecola_38554,17,0,17,0.04468481242656708,0
molecola_38554,18,0,18,0.033199284225702286,0
molecola_38554,19,0,19,0.00970511231571436,0
molecola_38554,20,0,20,0.0029255717527121305,0
molecola_38554,21,0,21,0.0024759608786553144,0
molecola_38554,22,0,22,0.002782771596685052,0
molecola_38554,23,0,23,0.004604501184076071,0
molecola_38554,24,0,24,0.03526446223258972,0
molecola_38554,25,0,25,0.043082986027002335,0
molecola_38554,26,0,26,0.05243973806500435,0
molecola_38760,1,0,1,0.0038266752380877733,0
molecola_38760,2,0,2,0.00535931158810854,0
molecola_38760,3,0,3,0.0050698621198534966,0
molecola_38760,4,0,4,0.005215626209974289,0
molecola_38760,5,0,5,0.005551251582801342,0
molecola_38760,6,0,6,0.00656732264906168,0
molecola_38760,7,0,7,0.010123537853360176,0
molecola_38760,8,0,8,0.010077648796141148,0
molecola_38760,9,0,9,0.013892583549022675,0
molecola_38760,10,0,10,0.011933359317481518,0
molecola_38760,11,0,11,0.0037166874390095472,0
molecola_38760,12,0,12,0.007632044609636068,0
molecola_38760,13,0,13,0.0029204837046563625,0
molecola_38760,14,0,14,0.0030298219062387943,0
molecola_38760,15,0,15,0.009895802475512028,0
molecola_38760,16,0,16,0.0077283126302063465,0
molecola_38760,17,0,17,0.013783309608697891,0
molecola_38760,18,0,18,0.008148502558469772,0
molecola_38760,19,0,19,0.004253948573023081,0
molecola_38760,20,0,20,0.003889675484970212,0
molecola_38760,21,0,21,0.004037831909954548,0
molecola_38760,22,0,22,0.9084054827690125,1
molecola_38760,23,1,23,0.9784627556800842,1
molecola_38760,24,1,24,0.9804062843322754,1
molecola_38760,25,1,25,0.8378341197967529,1
molecola_38760,26,1,26,0.8598076701164246,1
molecola_38760,27,0,27,0.8598076701164246,1
molecola_38760,28,0,28,0.004605825990438461,0
molecola_40205,1,0,1,0.004663398489356041,0
molecola_40205,2,0,2,0.004294964950531721,0
molecola_40205,3,0,3,0.003494048723950982,0
molecola_40205,4,0,4,0.020034490153193474,0
molecola_40205,5,0,5,0.015071014873683453,0
molecola_40205,6,0,6,0.017964333295822144,0
molecola_40205,7,0,7,0.004005390219390392,0
molecola_40205,8,0,8,0.032767631113529205,0
molecola_40205,9,0,9,0.12633970379829407,0
molecola_40205,10,0,10,0.9757816791534424,1
molecola_40205,11,1,11,0.9539291858673096,1
molecola_40205,12,1,12,0.9009319543838501,1
molecola_40205,13,0,13,0.9009319543838501,1
molecola_40205,14,0,14,0.004021909087896347,0
molecola_40205,15,0,15,0.004021909087896347,0
molecola_40205,16,0,16,0.004079174250364304,0
molecola_40205,17,0,17,0.3225652575492859,0
molecola_40205,18,0,18,0.06892421841621399,0
molecola_40205,19,0,19,0.08003385365009308,0
molecola_40205,20,0,20,0.0031977847684174776,0
molecola_40205,21,0,21,0.0031977847684174776,0
molecola_40205,22,0,22,0.009582378901541233,0
molecola_40205,23,0,23,0.00318509410135448,0
molecola_40205,24,0,24,0.0025031226687133312,0
molecola_40205,25,0,25,0.0025031226687133312,0
molecola_40205,26,0,26,0.003139155451208353,0
molecola_40205,27,0,27,0.015458784066140652,0
molecola_40205,28,0,28,0.013682017102837563,0
molecola_40205,29,0,29,0.006067725829780102,0
molecola_40205,30,0,30,0.006067725829780102,0
molecola_40205,31,0,31,0.004664212930947542,0
molecola_40205,32,0,32,0.0033935033716261387,0
molecola_40363,1,0,1,0.043127335608005524,0
molecola_40363,2,1,2,0.9870156049728394,1
molecola_40363,3,1,3,0.9860868453979492,1
molecola_40363,4,0,4,0.024456918239593506,0
molecola_40363,5,0,5,0.01815699227154255,0
molecola_40363,6,0,6,0.13904903829097748,0
molecola_40363,7,0,7,0.7640163898468018,1
molecola_40363,8,0,8,0.012763752602040768,0
molecola_40363,9,0,9,0.0030434841755777597,0
molecola_40363,10,0,10,0.00247672526165843,0
molecola_40363,11,0,11,0.002754372078925371,0
molecola_40363,12,0,12,0.00347899436019361,0
molecola_40363,13,0,13,0.0034216532949358225,0
molecola_40912,1,1,1,0.931885838508606,1
molecola_40912,2,1,2,0.9728336930274963,1
molecola_40912,3,1,3,0.9740484952926636,1
molecola_40912,4,1,4,0.9703277945518494,1
molecola_40912,5,1,5,0.9751020669937134,1
molecola_40912,6,0,6,0.006758836098015308,0
molecola_40912,7,0,7,0.003916633315384388,0
molecola_40912,8,0,8,0.003256344236433506,0
molecola_40912,9,0,9,0.0032321836333721876,0
molecola_40912,10,0,10,0.02055516466498375,0
molecola_40912,11,0,11,0.0030632042326033115,0
molecola_40912,12,0,12,0.002558964304625988,0
molecola_40912,13,0,13,0.0034226940479129553,0
molecola_40912,14,0,14,0.003086172044277191,0
molecola_40912,15,0,15,0.02793276123702526,0
molecola_40912,16,0,16,0.018160242587327957,0
molecola_40912,17,0,17,0.02054278366267681,0
molecola_40912,18,0,18,0.00301556708291173,0
molecola_40912,19,0,19,0.0025062737986445427,0
molecola_40912,20,0,20,0.0024929235223680735,0
molecola_40912,21,0,21,0.0025062737986445427,0
molecola_40912,22,0,22,0.00301556708291173,0
molecola_4097,1,0,1,0.004614729434251785,0
molecola_4097,2,0,2,0.00412714621052146,0
molecola_4097,3,0,3,0.0027133217081427574,0
molecola_4097,4,0,4,0.002892071381211281,0
molecola_4097,5,0,5,0.006425496190786362,0
molecola_4097,6,0,6,0.005355230998247862,0
molecola_4097,7,0,7,0.005142600741237402,0
molecola_4097,8,0,8,0.006817649584263563,0
molecola_4097,9,0,9,0.08723197132349014,0
molecola_4097,10,0,10,0.05722975358366966,0
molecola_4097,11,0,11,0.02169804647564888,0
molecola_4097,12,0,12,0.003293478861451149,0
molecola_4097,13,0,13,0.0027893437072634697,0
molecola_4097,14,0,14,0.005532123148441315,0
molecola_4097,15,0,15,0.0049974643625319,0
molecola_4097,16,0,16,0.005050067324191332,0
molecola_4097,17,0,17,0.004113117698580027,0
molecola_4097,18,0,18,0.0029987122397869825,0
molecola_4097,19,0,19,0.004333110526204109,0
molecola_4097,20,0,20,0.9100324511528015,1
molecola_4097,21,1,21,0.978465735912323,1
molecola_4097,22,1,22,0.9804065227508545,1
molecola_4097,23,1,23,0.8378341197967529,1
molecola_4097,24,1,24,0.8598076701164246,1
molecola_4097,25,0,25,0.8598076701164246,1
molecola_4097,26,0,26,0.01341648492962122,0
molecola_4097,27,0,27,0.008697880432009697,0
molecola_4097,28,0,28,0.002892071381211281,0
molecola_4097,29,0,29,0.0027133217081427574,0
molecola_41053,1,0,1,0.008092336356639862,0
molecola_41053,2,1,2,0.9706159830093384,1
molecola_41053,3,1,3,0.9776105284690857,1
molecola_41053,4,1,4,0.9728862047195435,1
molecola_41053,5,1,5,0.978586733341217,1
molecola_41053,6,1,6,0.9803537726402283,1
molecola_41053,7,0,7,0.0033320230431854725,0
molecola_41053,8,0,8,0.004012508783489466,0
molecola_41053,9,0,9,0.004562612622976303,0
molecola_41053,10,0,10,0.007785573601722717,0
molecola_41053,11,0,11,0.004012508783489466,0
molecola_41053,12,0,12,0.004562612622976303,0
molecola_41053,13,0,13,0.0033320230431854725,0
molecola_41053,14,0,14,0.01709570735692978,0
molecola_41053,15,0,15,0.01240885816514492,0
molecola_41053,16,0,16,0.01041245087981224,0
molecola_41385,1,0,1,0.011582864448428154,0
molecola_41385,2,1,2,0.8840932846069336,1
molecola_41385,3,1,3,0.5281915068626404,1
molecola_41385,4,0,4,0.03642648085951805,0
molecola_41385,5,0,5,0.006613669451326132,0
molecola_41385,6,0,6,0.3563483655452728,0
molecola_41385,7,0,7,0.02171575091779232,0
molecola_41385,8,0,8,0.013013359159231186,0
molecola_41385,9,0,9,0.003191383322700858,0
molecola_41385,10,0,10,0.002509723650291562,0
molecola_41385,11,0,11,0.003002853598445654,0
molecola_41385,12,0,12,0.002887844806537032,0
molecola_41385,13,0,13,0.00349942734465003,0
molecola_41385,14,0,14,0.003657242748886347,0
molecola_41437,1,0,1,0.00891107227653265,0
molecola_41437,2,0,2,0.009800872765481472,0
molecola_41437,3,0,3,0.008181685581803322,0
molecola_41437,4,0,4,0.14762185513973236,0
molecola_41437,5,0,5,0.28606733679771423,0
molecola_41437,6,0,6,0.055111441761255264,0
molecola_41437,7,0,7,0.015190133824944496,0
molecola_41437,8,0,8,0.007061657961457968,0
molecola_41437,9,0,9,0.0027010233607143164,0
molecola_41437,10,0,10,0.0025081471540033817,0
molecola_41437,11,0,11,0.002450790023431182,0
molecola_41437,12,0,12,0.0030727703124284744,0
molecola_41437,13,0,13,0.014714034274220467,0
molecola_41437,14,0,14,0.014922547154128551,0
molecola_41437,15,0,15,0.013705195859074593,0
molecola_41437,16,0,16,0.017256058752536774,0
molecola_41437,17,0,17,0.6960477828979492,1
molecola_41437,18,0,18,0.7413731813430786,1
molecola_41437,19,0,19,0.09918525815010071,0
molecola_41437,20,0,20,0.026181839406490326,0
molecola_41437,21,0,21,0.5158473253250122,1
molecola_41437,22,0,22,0.24302104115486145,0
molecola_41437,23,0,23,0.24302104115486145,0
molecola_41437,24,1,24,0.9164445400238037,1
molecola_41437,25,1,25,0.9579408764839172,1
molecola_41437,26,1,26,0.9676703214645386,1
molecola_41437,27,1,27,0.9541606307029724,1
molecola_41437,28,1,28,0.9716066718101501,1
molecola_41880,1,0,1,0.048116534948349,0
molecola_41880,2,0,2,0.050238512456417084,0
molecola_41880,3,0,3,0.04937783256173134,0
molecola_41880,4,0,4,0.050050683319568634,0
molecola_41880,5,0,5,0.03647562861442566,0
molecola_41880,6,0,6,0.0355570949614048,0
molecola_41880,7,0,7,0.026525309309363365,0
molecola_41880,8,1,8,0.8879550099372864,1
molecola_41880,9,1,9,0.978473961353302,1
molecola_41880,10,1,10,0.9804096817970276,1
molecola_41880,11,0,11,0.8378341197967529,1
molecola_41880,12,0,12,0.8598076701164246,1
molecola_41880,13,1,13,0.8598076701164246,1
molecola_41880,14,0,14,0.013137934729456902,0
molecola_41880,15,0,15,0.004882772918790579,0
molecola_41880,16,0,16,0.002711764769628644,0
molecola_41880,17,0,17,0.0051284609362483025,0
molecola_41880,18,0,18,0.02856753021478653,0
molecola_41880,19,0,19,0.025924066081643105,0
molecola_41880,20,0,20,0.010073525831103325,0
molecola_41880,21,0,21,0.005051701329648495,0
molecola_41880,22,0,22,0.006602532230317593,0
molecola_41880,23,0,23,0.004400772973895073,0
molecola_41970,1,0,1,0.012523431330919266,0
molecola_41970,2,0,2,0.8875163197517395,1
molecola_41970,3,0,3,0.9257122278213501,1
molecola_41970,4,0,4,0.9302197098731995,1
molecola_41970,5,0,5,0.9307636618614197,1
molecola_41970,6,0,6,0.9005371332168579,1
molecola_41970,7,0,7,0.9005371332168579,1
molecola_41970,8,0,8,0.02780168689787388,0
molecola_41970,9,0,9,0.003302619792521,0
molecola_41970,10,0,10,0.0028816398698836565,0
molecola_41970,11,0,11,0.019881583750247955,0
molecola_41970,12,0,12,0.1620745062828064,0
molecola_41970,13,0,13,0.2880307137966156,0
molecola_41970,14,0,14,0.06741318106651306,0
molecola_41970,15,1,15,0.8798626661300659,1
molecola_41970,16,1,16,0.9388278722763062,1
molecola_41970,17,0,17,0.027494044974446297,0
molecola_41970,18,0,18,0.01653788425028324,0
molecola_41970,19,0,19,0.10781805962324142,0
molecola_41970,20,0,20,0.08067997545003891,0
molecola_41970,21,0,21,0.026913819834589958,0
molecola_41970,22,0,22,0.0034723584540188313,0
molecola_41970,23,0,23,0.002628234215080738,0
molecola_41970,24,0,24,0.002503826282918453,0
molecola_41970,25,0,25,0.0025145940016955137,0
molecola_41970,26,0,26,0.0026433118619024754,0
molecola_41970,27,0,27,0.0032680847216397524,0
molecola_41970,28,0,28,0.003673893166705966,0
molecola_41970,29,0,29,0.0032680847216397524,0
molecola_41970,30,0,30,0.0026433118619024754,0
molecola_41970,31,0,31,0.0025145940016955137,0
molecola_41970,32,0,32,0.002503826282918453,0
molecola_41970,33,0,33,0.002628234215080738,0
molecola_41970,34,0,34,0.0034723584540188313,0
molecola_41970,35,0,35,0.01653788425028324,0
molecola_41970,36,0,36,0.027494044974446297,0
molecola_41970,37,0,37,0.0028816398698836565,0
molecola_41970,38,0,38,0.003302619792521,0
molecola_42674,1,0,1,0.931885838508606,1
molecola_42674,2,0,2,0.9725273847579956,1
molecola_42674,3,0,3,0.9736115336418152,1
molecola_42674,4,0,4,0.9699773788452148,1
molecola_42674,5,0,5,0.9762383103370667,1
molecola_42674,6,1,6,0.9610245227813721,1
molecola_42674,7,1,7,0.9610926508903503,1
molecola_42674,8,0,8,0.04008880630135536,0
molecola_42674,9,0,9,0.004169149324297905,0
molecola_42674,10,0,10,0.0031351682264357805,0
molecola_42674,11,0,11,0.006155436392873526,0
molecola_42674,12,0,12,0.0037072424311190844,0
molecola_42674,13,0,13,0.002664517844095826,0
molecola_42674,14,0,14,0.0025162510573863983,0
molecola_42674,15,0,15,0.0025162510573863983,0
molecola_42674,16,0,16,0.002664132509380579,0
molecola_42674,17,0,17,0.0037365828175097704,0
molecola_42674,18,0,18,0.003737342543900013,0
molecola_42674,19,0,19,0.006337221711874008,0
molecola_43000,1,0,1,0.003027744358405471,0
molecola_43000,2,0,2,0.005353585351258516,0
molecola_43000,3,0,3,0.003027744358405471,0
molecola_43000,4,0,4,0.006286862771958113,0
molecola_43000,5,0,5,0.011394078843295574,0
molecola_43000,6,0,6,0.0031465357169508934,0
molecola_43000,7,0,7,0.002515322295948863,0
molecola_43000,8,0,8,0.003042990807443857,0
molecola_43000,9,1,9,0.9801238775253296,1
molecola_43000,10,1,10,0.978574275970459,1
molecola_43000,11,1,11,0.9775676727294922,1
molecola_43000,12,1,12,0.9728673696517944,1
molecola_43000,13,1,13,0.9775152802467346,1
molecola_43000,14,0,14,0.09051025658845901,0
molecola_43000,15,0,15,0.04929865524172783,0
molecola_43000,16,0,16,0.013404548168182373,0
molecola_43000,17,0,17,0.006275517400354147,0
molecola_43064,1,0,1,0.004146220162510872,0
molecola_43064,2,0,2,0.6977763175964355,1
molecola_43064,3,0,3,0.9207251667976379,1
molecola_43064,4,0,4,0.34524357318878174,0
molecola_43064,5,0,5,0.0830354169011116,0
molecola_43064,6,0,6,0.06682762503623962,0
molecola_43064,7,1,7,0.9689494371414185,1
molecola_43064,8,0,8,0.3636350929737091,0
molecola_43064,9,0,9,0.0029040868394076824,0
molecola_43064,10,0,10,0.002645341446623206,0
molecola_43064,11,0,11,0.0032354218419641256,0
molecola_43064,12,0,12,0.003908861428499222,0
molecola_43064,13,0,13,0.0027000666595995426,0
molecola_43064,14,0,14,0.003046992002055049,0
molecola_43064,15,0,15,0.0029553852509707212,0
molecola_43996,1,0,1,0.010078400373458862,0
molecola_43996,2,0,2,0.012211940251290798,0
molecola_43996,3,0,3,0.020204655826091766,0
molecola_43996,4,0,4,0.003596277441829443,0
molecola_43996,5,0,5,0.0035405412781983614,0
molecola_43996,6,0,6,0.008282968774437904,0
molecola_43996,7,0,7,0.016937898471951485,0
molecola_43996,8,0,8,0.010832628235220909,0
molecola_43996,9,0,9,0.00870663020759821,0
molecola_43996,10,0,10,0.01606491021811962,0
molecola_43996,11,0,11,0.003901343559846282,0
molecola_43996,12,0,12,0.0036983343306928873,0
molecola_43996,13,0,13,0.020096305757761,0
molecola_43996,14,0,14,0.012211940251290798,0
molecola_43996,15,0,15,0.010078400373458862,0
molecola_43996,16,0,16,0.23524422943592072,0
molecola_43996,17,0,17,0.033002156764268875,0
molecola_43996,18,0,18,0.023916682228446007,0
molecola_43996,19,1,19,0.9450686573982239,1
molecola_43996,20,0,20,0.023916682228446007,0
molecola_43996,21,0,21,0.033002156764268875,0
molecola_43996,22,1,22,0.9506399035453796,1
molecola_43996,23,0,23,0.2413448989391327,0
molecola_43996,24,0,24,0.3472098410129547,0
molecola_43996,25,0,25,0.018251901492476463,0
molecola_43996,26,0,26,0.02782548777759075,0
molecola_43996,27,0,27,0.03696541488170624,0
molecola_43996,28,0,28,0.048274680972099304,0
molecola_4424,1,0,1,0.00454669026657939,0
molecola_4424,2,1,2,0.9199947714805603,1
molecola_4424,3,1,3,0.9721140265464783,1
molecola_4424,4,1,4,0.9778943061828613,1
molecola_4424,5,1,5,0.9697471857070923,1
molecola_4424,6,1,6,0.9823178052902222,1
molecola_4424,7,0,7,0.01719708740711212,0
molecola_4424,8,0,8,0.01719708740711212,0
molecola_4424,9,0,9,0.9827123880386353,1
molecola_4424,10,0,10,0.01719708740711212,0
molecola_4424,11,0,11,0.01719708740711212,0
molecola_4424,12,0,12,0.975527286529541,1
molecola_4424,13,0,13,0.9711641669273376,1
molecola_4424,14,0,14,0.9743337035179138,1
molecola_4424,15,0,15,0.9673818349838257,1
molecola_4424,16,0,16,0.3077050745487213,0
molecola_4424,17,0,17,0.5466893315315247,1
molecola_4424,18,0,18,0.0527266226708889,0
molecola_4424,19,0,19,0.05867859348654747,0
molecola_4424,20,0,20,0.004470017738640308,0
molecola_4424,21,0,21,0.002720664255321026,0
molecola_4424,22,0,22,0.0027206358499825,0
molecola_4424,23,0,23,0.004199046641588211,0
molecola_4424,24,0,24,0.025602955371141434,0
molecola_4424,25,0,25,0.013179216533899307,0
molecola_4424,26,0,26,0.0031862889882177114,0
molecola_4424,27,0,27,0.002577242674306035,0
molecola_4424,28,0,28,0.00289202481508255,0
molecola_4424,29,0,29,0.002948600798845291,0
molecola_4424,30,0,30,0.0029024884570389986,0
molecola_4424,31,0,31,0.004601294174790382,0
molecola_45156,1,0,1,0.00457375543192029,0
molecola_45156,2,0,2,0.0039398339577019215,0
molecola_45156,3,0,3,0.002689674496650696,0
molecola_45156,4,0,4,0.0025132966693490744,0
molecola_45156,5,0,5,0.0026273992843925953,0
molecola_45156,6,0,6,0.0033678896725177765,0
molecola_45156,7,0,7,0.004790520295500755,0
molecola_45156,8,0,8,0.01598714478313923,0
molecola_45156,9,0,9,0.006003123242408037,0
molecola_45156,10,0,10,0.006628315895795822,0
molecola_45156,11,0,11,0.03570343926548958,0
molecola_45156,12,1,12,0.9803881645202637,1
molecola_45156,13,1,13,0.9815922379493713,1
molecola_45156,14,0,14,0.0076903183944523335,0
molecola_45156,15,0,15,0.004999876022338867,0
molecola_45156,16,0,16,0.004999876022338867,0
molecola_45156,17,0,17,0.015088493004441261,0
molecola_45156,18,0,18,0.003194719087332487,0
molecola_45156,19,0,19,0.003247062209993601,0
molecola_45156,20,0,20,0.009688298217952251,0
molecola_45156,21,0,21,0.015390497632324696,0
molecola_45156,22,0,22,0.003247062209993601,0
molecola_45156,23,0,23,0.003194719087332487,0
molecola_45156,24,0,24,0.03570343926548958,0
molecola_45156,25,0,25,0.006628315895795822,0
molecola_45156,26,0,26,0.0033678896725177765,0
molecola_45156,27,0,27,0.0026273992843925953,0
molecola_45156,28,0,28,0.0025132966693490744,0
molecola_45156,29,0,29,0.002689674496650696,0
molecola_45156,30,0,30,0.0039398339577019215,0
molecola_45156,31,0,31,0.00457375543192029,0
molecola_45156,32,0,32,0.003457727376371622,0
molecola_45156,33,0,33,0.0037274183705449104,0
molecola_45156,34,0,34,0.003457727376371622,0
molecola_46623,1,1,1,0.9189416766166687,1
molecola_46623,2,1,2,0.9525415897369385,1
molecola_46623,3,0,3,0.04066905006766319,0
molecola_46623,4,0,4,0.015797100961208344,0
molecola_46623,5,0,5,0.025771617889404297,0
molecola_46623,6,0,6,0.0644579827785492,0
molecola_46639,1,0,1,0.010078400373458862,0
molecola_46639,2,0,2,0.012211940251290798,0
molecola_46639,3,0,3,0.01699388585984707,0
molecola_46639,4,0,4,0.004477888811379671,0
molecola_46639,5,0,5,0.03833342343568802,0
molecola_46639,6,0,6,0.045928195118904114,0
molecola_46639,7,0,7,0.040188536047935486,0
molecola_46639,8,0,8,0.004337103571742773,0
molecola_46639,9,0,9,0.015168305486440659,0
molecola_46639,10,0,10,0.294548898935318,0
molecola_46639,11,0,11,0.034049395471811295,0
molecola_46639,12,0,12,0.0612579882144928,0
molecola_46639,13,0,13,0.04681016877293587,0
molecola_46639,14,1,14,0.9335479736328125,1
molecola_46639,15,1,15,0.9187613129615784,1
molecola_46639,16,0,16,0.0544002391397953,0
molecola_46639,17,0,17,0.02261587232351303,0
molecola_46639,18,0,18,0.012635819613933563,0
molecola_46639,19,0,19,0.00826528761535883,0
molecola_46639,20,0,20,0.023569965735077858,0
molecola_46639,21,0,21,0.01150233019143343,0
molecola_46639,22,0,22,0.9070855379104614,1
molecola_46639,23,0,23,0.9551915526390076,1
molecola_46639,24,0,24,0.9660542011260986,1
molecola_46639,25,0,25,0.9541606307029724,1
molecola_46639,26,0,26,0.9716066718101501,1
molecola_46639,27,0,27,0.008091877214610577,0
molecola_47942,1,0,1,0.010078400373458862,0
molecola_47942,2,0,2,0.012212008237838745,0
molecola_47942,3,0,3,0.019428186118602753,0
molecola_47942,4,0,4,0.0033760876394808292,0
molecola_47942,5,0,5,0.0025038369931280613,0
molecola_47942,6,0,6,0.0025038369931280613,0
molecola_47942,7,0,7,0.003147762268781662,0
molecola_47942,8,0,8,0.026434756815433502,0
molecola_47942,9,0,9,0.028265058994293213,0
molecola_47942,10,0,10,0.04573970288038254,0
molecola_47942,11,1,11,0.05793990567326546,0
molecola_47942,12,0,12,0.13216274976730347,0
molecola_47942,13,1,13,0.9125043749809265,1
molecola_47942,14,1,14,0.7759333848953247,1
molecola_47942,15,1,15,0.12386932224035263,0
molecola_47942,16,1,16,0.12374149262905121,0
molecola_48635,1,1,1,0.9504050016403198,1
molecola_48635,2,1,2,0.9530937671661377,1
molecola_48635,3,0,3,0.053330566734075546,0
molecola_48635,4,0,4,0.02522907592356205,0
molecola_48635,5,0,5,0.9170396327972412,1
molecola_48635,6,0,6,0.02917342260479927,0
molecola_48635,7,0,7,0.0454513356089592,0
molecola_48635,8,0,8,0.003342223586514592,0
molecola_48635,9,0,9,0.0025039133615791798,0
molecola_48635,10,0,10,0.002503872849047184,0
molecola_48635,11,0,11,0.0033595720306038857,0
molecola_48635,12,0,12,0.042176682502031326,0
molecola_48635,13,0,13,0.2133985161781311,0
molecola_48635,14,0,14,0.9189353585243225,1
molecola_48635,15,0,15,0.14173339307308197,0
molecola_48706,1,0,1,0.0043235220946371555,0
molecola_48706,2,0,2,0.00363217294216156,0
molecola_48706,3,0,3,0.005168427247554064,0
molecola_48706,4,0,4,0.011671505868434906,0
molecola_48706,5,0,5,0.006978451739996672,0
molecola_48706,6,0,6,0.030622059479355812,0
molecola_48706,7,0,7,0.020692864432930946,0
molecola_48706,8,0,8,0.02336053177714348,0
molecola_48706,9,0,9,0.0033764438703656197,0
molecola_48706,10,0,10,0.0025046684313565493,0
molecola_48706,11,0,11,0.0024929235223680735,0
molecola_48706,12,0,12,0.0025046684313565493,0
molecola_48706,13,0,13,0.0033764438703656197,0
molecola_48706,14,0,14,0.05779053643345833,0
molecola_48706,15,1,15,0.9620755314826965,1
molecola_48706,16,1,16,0.9637474417686462,1
molecola_48706,17,0,17,0.9189181327819824,1
molecola_48706,18,0,18,0.24445465207099915,0
molecola_48706,19,0,19,0.012211283668875694,0
molecola_48706,20,0,20,0.0029025699477642775,0
molecola_48706,21,0,21,0.003310062224045396,0
molecola_48706,22,0,22,0.034932661801576614,0
molecola_48706,23,0,23,0.003310062224045396,0
molecola_48706,24,0,24,0.0029025699477642775,0
molecola_48706,25,0,25,0.9363561868667603,1
molecola_48706,26,0,26,0.028033025562763214,0
molecola_48706,27,0,27,0.02022600546479225,0
molecola_48706,28,0,28,0.03038286603987217,0
molecola_48706,29,0,29,0.002754217479377985,0
molecola_48706,30,0,30,0.002754217479377985,0
molecola_48706,31,0,31,0.002754217479377985,0
molecola_48842,1,1,1,0.9553059935569763,1
molecola_48842,2,1,2,0.9656503200531006,1
molecola_48842,3,0,3,0.046868499368429184,0
molecola_48842,4,0,4,0.07946665585041046,0
molecola_48842,5,0,5,0.004840615671128035,0
molecola_48842,6,0,6,0.003273466369137168,0
molecola_48842,7,0,7,0.0026462196838110685,0
molecola_48842,8,0,8,0.003897195216268301,0
molecola_48842,9,0,9,0.003155049867928028,0
molecola_48842,10,0,10,0.0026210693176835775,0
molecola_48842,11,0,11,0.0025158787611871958,0
molecola_48842,12,0,12,0.0026053476613014936,0
molecola_48842,13,0,13,0.0030951250810176134,0
molecola_48842,14,0,14,0.0027554568368941545,0
molecola_48842,15,0,15,0.003570130793377757,0
molecola_48842,16,0,16,0.002614990808069706,0
molecola_48842,17,0,17,0.002503841882571578,0
molecola_48842,18,0,18,0.0025038369931280613,0
molecola_48842,19,0,19,0.003078786889091134,0
molecola_48842,20,0,20,0.023380959406495094,0
molecola_48842,21,0,21,0.011489223688840866,0
molecola_48842,22,0,22,0.023022431880235672,0
molecola_48842,23,0,23,0.00229763425886631,0
molecola_48842,24,0,24,0.00229763425886631,0
molecola_48842,25,0,25,0.00229763425886631,0
molecola_51100,1,0,1,0.009363618679344654,0
molecola_51100,2,0,2,0.031018847599625587,0
molecola_51100,3,0,3,0.031788263469934464,0
molecola_51100,4,1,4,0.9154790043830872,1
molecola_51100,5,0,5,0.031788263469934464,0
molecola_51100,6,0,6,0.031018847599625587,0
molecola_51100,7,0,7,0.009363618679344654,0
molecola_51100,8,0,8,0.040431033819913864,0
molecola_51100,9,1,9,0.9282888174057007,1
molecola_51100,10,0,10,0.0533294603228569,0
molecola_51100,11,0,11,0.10240554064512253,0
molecola_51100,12,0,12,0.00370068964548409,0
molecola_51100,13,0,13,0.0043732482008636,0
molecola_51100,14,0,14,0.02815704420208931,0
molecola_51100,15,0,15,0.007398033048957586,0
molecola_51100,16,0,16,0.004861637484282255,0
molecola_51100,17,0,17,0.00700022466480732,0
molecola_51100,18,0,18,0.0038031551521271467,0
molecola_51100,19,0,19,0.0026986764278262854,0
molecola_51100,20,0,20,0.002568571362644434,0
molecola_51100,21,0,21,0.0028136172331869602,0
molecola_51100,22,0,22,0.002942275255918503,0
molecola_51100,23,0,23,0.002707502106204629,0
molecola_51100,24,0,24,0.003965221811085939,0
molecola_51100,25,0,25,0.9363774657249451,1
molecola_51100,26,0,26,0.028033006936311722,0
molecola_51100,27,0,27,0.0202260110527277,0
molecola_51100,28,0,28,0.03038286603987217,0
molecola_51100,29,0,29,0.002754217479377985,0
molecola_51100,30,0,30,0.002754217479377985,0
molecola_51100,31,0,31,0.002754217479377985,0
molecola_53124,1,0,1,0.002847944153472781,0
molecola_53124,2,0,2,0.00524605019018054,0
molecola_53124,3,0,3,0.002847944153472781,0
molecola_53124,4,0,4,0.002847944153472781,0
molecola_53124,5,0,5,0.01028277724981308,0
molecola_53124,6,0,6,0.013224651105701923,0
molecola_53124,7,0,7,0.01307715941220522,0
molecola_53124,8,0,8,0.014557835645973682,0
molecola_53124,9,0,9,0.007849670015275478,0
molecola_53124,10,0,10,0.01853412576019764,0
molecola_53124,11,1,11,0.9804977178573608,1
molecola_53124,12,1,12,0.9842219352722168,1
molecola_53124,13,1,13,0.9784160852432251,1
molecola_53124,14,0,14,0.796590268611908,1
molecola_53124,15,0,15,0.8284801244735718,1
molecola_53124,16,1,16,0.8284801244735718,1
molecola_53124,17,0,17,0.06957407295703888,0
molecola_53124,18,0,18,0.052073366940021515,0
molecola_53124,19,0,19,0.020729295909404755,0
molecola_53124,20,0,20,0.0030203203205019236,0
molecola_53124,21,0,21,0.0025035322178155184,0
molecola_53124,22,0,22,0.0025035322178155184,0
molecola_53124,23,0,23,0.0030203203205019236,0
molecola_53124,24,0,24,0.0196965541690588,0
molecola_53124,25,0,25,0.06744317710399628,0
molecola_53124,26,0,26,0.05105011165142059,0
molecola_53124,27,0,27,0.01307715941220522,0
molecola_53124,28,0,28,0.013224651105701923,0
molecola_54094,1,1,1,0.9251605868339539,1
molecola_54094,2,1,2,0.91783207654953,1
molecola_54094,3,0,3,0.12177765369415283,0
molecola_54094,4,0,4,0.16354243457317352,0
molecola_54094,5,0,5,0.007839886471629143,0
molecola_54094,6,0,6,0.01050795428454876,0
molecola_54094,7,0,7,0.004203203599900007,0
molecola_54094,8,0,8,0.017486095428466797,0
molecola_54094,9,0,9,0.0032509337179362774,0
molecola_54094,10,0,10,0.0033780632074922323,0
molecola_54094,11,0,11,0.015824301168322563,0
molecola_54094,12,0,12,0.012130038812756538,0
molecola_54094,13,0,13,0.2949155569076538,0
molecola_54094,14,0,14,0.033495254814624786,0
molecola_54094,15,0,15,0.04080280661582947,0
molecola_54094,16,0,16,0.040633250027894974,0
molecola_54094,17,0,17,0.008442437276244164,0
molecola_54094,18,0,18,0.009216190315783024,0
molecola_54094,19,0,19,0.006646730005741119,0
molecola_54094,20,0,20,0.00826533418148756,0
molecola_54094,21,0,21,0.02795390784740448,0
molecola_54094,22,0,22,0.023382287472486496,0
molecola_54094,23,0,23,0.06597849726676941,0
molecola_54094,24,0,24,0.02762325294315815,0
molecola_54094,25,0,25,0.0029922809917479753,0
molecola_54094,26,0,26,0.0031136893667280674,0
molecola_54094,27,0,27,0.008897488936781883,0
molecola_54094,28,0,28,0.0038596345111727715,0
molecola_54094,29,0,29,0.010468102991580963,0
molecola_54094,30,0,30,0.007119349204003811,0
molecola_54094,31,0,31,0.005731159821152687,0
molecola_54094,32,0,32,0.04080280661582947,0
molecola_54094,33,0,33,0.033495254814624786,0
molecola_54385,1,0,1,0.016032066196203232,0
molecola_54385,2,0,2,0.9493295550346375,1
molecola_54385,3,0,3,0.9271204471588135,1
molecola_54385,4,0,4,0.9549267888069153,1
molecola_54385,5,0,5,0.8952351212501526,1
molecola_54385,6,0,6,0.09586721658706665,0
molecola_54385,7,1,7,0.9508875012397766,1
molecola_54385,8,1,8,0.9202380180358887,1
molecola_54385,9,0,9,0.0271387230604887,0
molecola_54385,10,0,10,0.0032222853042185307,0
molecola_54385,11,0,11,0.0025077511090785265,0
molecola_54385,12,0,12,0.0024929235223680735,0
molecola_54385,13,0,13,0.0025077511090785265,0
molecola_54385,14,0,14,0.0032222853042185307,0
molecola_56488,1,0,1,0.026865115389227867,0
molecola_56488,2,0,2,0.027606265619397163,0
molecola_56488,3,0,3,0.003965429496020079,0
molecola_56488,4,0,4,0.003977531101554632,0
molecola_56488,5,0,5,0.03192220255732536,0
molecola_56488,6,0,6,0.02702190913259983,0
molecola_56488,7,0,7,0.06011494621634483,0
molecola_56488,8,1,8,0.96104496717453,1
molecola_56488,9,1,9,0.9545300602912903,1
molecola_56488,10,0,10,0.9568714499473572,1
molecola_56488,11,0,11,0.18467234075069427,0
molecola_56488,12,0,12,0.03887162357568741,0
molecola_56488,13,0,13,0.02245725691318512,0
molecola_56488,14,0,14,0.003191861091181636,0
molecola_56488,15,0,15,0.002762425923720002,0
molecola_56488,16,0,16,0.0034271080512553453,0
molecola_56488,17,0,17,0.002762425923720002,0
molecola_56488,18,0,18,0.003191861091181636,0
molecola_56488,19,0,19,0.005998993758112192,0
molecola_5744,1,0,1,0.004908344242721796,0
molecola_5744,2,0,2,0.051789604127407074,0
molecola_5744,3,1,3,0.9721353054046631,1
molecola_5744,4,0,4,0.09580904245376587,0
molecola_5744,5,1,5,0.9356964826583862,1
molecola_5744,6,0,6,0.05642230436205864,0
molecola_5744,7,0,7,0.0031402362510561943,0
molecola_5744,8,0,8,0.0025146526750177145,0
molecola_5744,9,0,9,0.0024929235223680735,0
molecola_5744,10,0,10,0.0025146526750177145,0
molecola_5744,11,0,11,0.0031402362510561943,0
molecola_5744,12,0,12,0.015551515854895115,0
molecola_5744,13,0,13,0.010456300340592861,0
molecola_5744,14,0,14,0.010473483242094517,0
molecola_5744,15,0,15,0.021140560507774353,0
molecola_5744,16,0,16,0.09580475091934204,0
molecola_5744,17,0,17,0.7087841033935547,1
molecola_5744,18,0,18,0.09580475091934204,0
molecola_5744,19,0,19,0.021140560507774353,0
molecola_6247,1,0,1,0.014493346214294434,0
molecola_6247,2,1,2,0.7725597023963928,1
molecola_6247,3,1,3,0.9464030265808105,1
molecola_6247,4,0,4,0.07902732491493225,0
molecola_6247,5,0,5,0.16557623445987701,0
molecola_6247,6,0,6,0.0032008809503167868,0
molecola_6247,7,0,7,0.003004755824804306,0
molecola_6247,8,0,8,0.01012380514293909,0
molecola_6247,9,0,9,0.003004755824804306,0
molecola_6247,10,0,10,0.0032008809503167868,0
molecola_6247,11,0,11,0.030185895040631294,0
molecola_6247,12,0,12,0.033976465463638306,0
molecola_6247,13,0,13,0.024887656792998314,0
molecola_6247,14,0,14,0.06773597747087479,0
molecola_6247,15,0,15,0.016793739050626755,0
molecola_6247,16,0,16,0.015211662277579308,0
molecola_6247,17,0,17,0.011553410440683365,0
molecola_6247,18,0,18,0.011553410440683365,0
molecola_6247,19,0,19,0.039223380386829376,0
molecola_6247,20,0,20,0.0031521988566964865,0
molecola_6247,21,0,21,0.002572794444859028,0
molecola_6247,22,0,22,0.003102652495726943,0
molecola_6247,23,0,23,0.0029008162673562765,0
molecola_6247,24,0,24,0.0035256491973996162,0
molecola_6247,25,0,25,0.003636456560343504,0
molecola_6730,1,0,1,0.05102073401212692,0
molecola_6730,2,1,2,0.7700045108795166,1
molecola_6730,3,0,3,0.009327727369964123,0
molecola_6730,4,0,4,0.005398674868047237,0
molecola_6730,5,0,5,0.005149900447577238,0
molecola_6730,6,0,6,0.005149900447577238,0
molecola_6730,7,0,7,0.005398674868047237,0
molecola_6730,8,0,8,0.00908160861581564,0
molecola_6730,9,0,9,0.09344020485877991,0
molecola_6730,10,0,10,0.046474751085042953,0
molecola_6730,11,0,11,0.16278178989887238,0
molecola_6730,12,0,12,0.04633178934454918,0
molecola_6730,13,0,13,0.0028726793825626373,0
molecola_6730,14,0,14,0.0025055466685444117,0
molecola_6730,15,0,15,0.0024929235223680735,0
molecola_6730,16,0,16,0.0025055466685444117,0
molecola_6730,17,0,17,0.0028726793825626373,0
molecola_6730,18,1,18,0.9745186567306519,1
molecola_6730,19,0,19,0.1324671357870102,0
molecola_6730,20,0,20,0.01043778471648693,0
molecola_6730,21,0,21,0.007849595509469509,0
molecola_6730,22,0,22,0.002826541196554899,0
molecola_6730,23,0,23,0.0024992015678435564,0
molecola_6730,24,0,24,0.0024929235223680735,0
molecola_6730,25,0,25,0.0024992015678435564,0
molecola_6730,26,0,26,0.002826541196554899,0
molecola_6730,27,0,27,0.007849595509469509,0
molecola_6730,28,0,28,0.002826541196554899,0
molecola_6730,29,0,29,0.0024992015678435564,0
molecola_6730,30,0,30,0.0024929235223680735,0
molecola_6730,31,0,31,0.0024992015678435564,0
molecola_6730,32,0,32,0.002826541196554899,0
molecola_6730,33,0,33,0.007849595509469509,0
molecola_6730,34,0,34,0.002826541196554899,0
molecola_6730,35,0,35,0.0024992015678435564,0
molecola_6730,36,0,36,0.0024929235223680735,0
molecola_6730,37,0,37,0.0024992015678435564,0
molecola_6730,38,0,38,0.0028265397995710373,0
molecola_7170,1,0,1,0.010078400373458862,0
molecola_7170,2,0,2,0.012217549607157707,0
molecola_7170,3,0,3,0.016418086364865303,0
molecola_7170,4,0,4,0.00397728756070137,0
molecola_7170,5,0,5,0.003866633167490363,0
molecola_7170,6,0,6,0.0038222370203584433,0
molecola_7170,7,0,7,0.0034689775202423334,0
molecola_7170,8,0,8,0.0028108092956244946,0
molecola_7170,9,0,9,0.003266256768256426,0
molecola_7170,10,0,10,0.015904003754258156,0
molecola_7170,11,1,11,0.11152669787406921,0
molecola_7170,12,0,12,0.04885036498308182,0
molecola_7170,13,1,13,0.9217078685760498,1
molecola_7170,14,0,14,0.037701379507780075,0
molecola_7170,15,1,15,0.9386427402496338,1
molecola_7170,16,0,16,0.027412347495555878,0
molecola_7170,17,0,17,0.02754981629550457,0
molecola_7170,18,0,18,0.9257171154022217,1
molecola_7170,19,0,19,0.02754981629550457,0
molecola_7170,20,0,20,0.027412347495555878,0
molecola_7170,21,1,21,0.9282345771789551,1
molecola_7170,22,0,22,0.05332943797111511,0
molecola_7170,23,1,23,0.10378403961658478,0
molecola_7170,24,0,24,0.003426459850743413,0
molecola_7170,25,0,25,0.0025006807409226894,0
molecola_7170,26,0,26,0.0024929235223680735,0
molecola_7170,27,0,27,0.0025006807409226894,0
molecola_7170,28,0,28,0.003426459850743413,0
molecola_7170,29,0,29,0.00398706179112196,0
molecola_7170,30,0,30,0.006148293614387512,0
molecola_7170,31,0,31,0.004283865448087454,0
molecola_7170,32,0,32,0.0059060752391815186,0
molecola_7170,33,0,33,0.003863842459395528,0
molecola_7170,34,0,34,0.003962678834795952,0
molecola_7170,35,0,35,0.004987790249288082,0
molecola_8033,1,0,1,0.002955300733447075,0
molecola_8033,2,0,2,0.003065672004595399,0
molecola_8033,3,0,3,0.003030496183782816,0
molecola_8033,4,0,4,0.02751205861568451,0
molecola_8033,5,0,5,0.08207249641418457,0
molecola_8033,6,1,6,0.2667904496192932,0
molecola_8033,7,0,7,0.08787225186824799,0
molecola_8033,8,0,8,0.038674551993608475,0
molecola_8033,9,0,9,0.00902258139103651,0
molecola_8033,10,0,10,0.0033572593238204718,0
molecola_8033,11,0,11,0.008775180205702782,0
molecola_8033,12,0,12,0.011045386083424091,0
molecola_8033,13,0,13,0.008718008175492287,0
molecola_8033,14,0,14,0.04064992070198059,0
molecola_8033,15,0,15,0.04191042482852936,0
molecola_8033,16,0,16,0.046455018222332,0
molecola_8033,17,1,17,0.9381135106086731,1
molecola_8033,18,0,18,0.046455018222332,0
molecola_8033,19,0,19,0.04191042482852936,0
molecola_8033,20,1,20,0.9641099572181702,1
molecola_8033,21,1,21,0.9143292903900146,1
molecola_8033,22,0,22,0.06887593865394592,0
molecola_8033,23,0,23,0.013521802611649036,0
molecola_8033,24,0,24,0.01485059130936861,0
molecola_8033,25,0,25,0.002958243014290929,0
molecola_8033,26,0,26,0.0025045350193977356,0
molecola_8033,27,0,27,0.0025035322178155184,0
molecola_8033,28,0,28,0.0032390777487307787,0
molecola_8033,29,1,29,0.10593848675489426,0
molecola_8490,1,0,1,0.004031041637063026,0
molecola_8490,2,0,2,0.006938185077160597,0
molecola_8490,3,0,3,0.011086809448897839,0
molecola_8490,4,0,4,0.02470199018716812,0
molecola_8490,5,0,5,0.019886070862412453,0
molecola_8490,6,0,6,0.047343187034130096,0
molecola_8490,7,0,7,0.018192242830991745,0
molecola_8490,8,0,8,0.0066475956700742245,0
molecola_8490,9,0,9,0.016885291785001755,0
molecola_8490,10,0,10,0.2506900429725647,0
molecola_8490,11,0,11,0.05626530572772026,0
molecola_8490,12,0,12,0.2607822120189667,0
molecola_8490,13,0,13,0.02742035873234272,0
molecola_8490,14,0,14,0.00665361899882555,0
molecola_8490,15,0,15,0.005552954971790314,0
molecola_8490,16,0,16,0.003376822452992201,0
molecola_8490,17,0,17,0.03407050296664238,0
molecola_8490,18,0,18,0.03658084198832512,0
molecola_8490,19,0,19,0.020254990085959435,0
molecola_8490,20,0,20,0.029059313237667084,0
molecola_8490,21,0,21,0.006275528576225042,0
molecola_8490,22,0,22,0.9152261018753052,1
molecola_8490,23,1,23,0.9788030982017517,1
molecola_8490,24,1,24,0.9807471632957458,1
molecola_8490,25,1,25,0.8380070924758911,1
molecola_8490,26,1,26,0.8599773049354553,1
molecola_8490,27,0,27,0.8599773049354553,1
molecola_8490,28,0,28,0.03705879673361778,0
molecola_8490,29,0,29,0.04685114324092865,0
molecola_8490,30,0,30,0.059672288596630096,0
molecola_8490,31,0,31,0.049690622836351395,0
molecola_8722,1,0,1,0.010271307080984116,0
molecola_8722,2,1,2,0.9263038635253906,1
molecola_8722,3,0,3,0.028396399691700935,0
molecola_8722,4,1,4,0.9793301224708557,1
molecola_8722,5,0,5,0.017529509961605072,0
molecola_8764,1,0,1,0.0029215640388429165,0
molecola_8764,2,0,2,0.006033719517290592,0
molecola_8764,3,0,3,0.0029215640388429165,0
molecola_8764,4,0,4,0.004260874353349209,0
molecola_8764,5,0,5,0.004033483099192381,0
molecola_8764,6,0,6,0.002680488396435976,0
molecola_8764,7,0,7,0.002514155115932226,0
molecola_8764,8,0,8,0.0027275613974779844,0
molecola_8764,9,0,9,0.007536423392593861,0
molecola_8764,10,0,10,0.031057897955179214,0
molecola_8764,11,1,11,0.9537990093231201,1
molecola_8764,12,0,12,0.053091876208782196,0
molecola_8764,13,1,13,0.9503419995307922,1
molecola_8764,14,0,14,0.0029619033448398113,0
molecola_8764,15,0,15,0.01730918511748314,0
molecola_8764,16,0,16,0.012529595755040646,0
molecola_8764,17,0,17,0.01867218315601349,0
molecola_8764,18,0,18,0.021335503086447716,0
molecola_8764,19,0,19,0.00826434139162302,0
molecola_8764,20,0,20,0.002806707751005888,0
molecola_8764,21,0,21,0.003981402143836021,0
molecola_8764,22,0,22,0.030893374234437943,0
molecola_8764,23,0,23,0.027021978050470352,0
molecola_8764,24,0,24,0.07861196249723434,0
molecola_8764,25,0,25,0.8956857919692993,1
molecola_8764,26,0,26,0.010340774431824684,0
molecola_8764,27,0,27,0.004555624909698963,0
molecola_8764,28,0,28,0.004555624909698963,0
molecola_8764,29,0,29,0.00390787934884429,0
molecola_8764,30,0,30,0.0034596698824316263,0
molecola_8860,1,0,1,0.010084016248583794,0
molecola_8860,2,0,2,0.012298163026571274,0
molecola_8860,3,0,3,0.020970838144421577,0
molecola_8860,4,0,4,0.004937589168548584,0
molecola_8860,5,0,5,0.006470895372331142,0
molecola_8860,6,0,6,0.0041600801050662994,0
molecola_8860,7,0,7,0.0027682853396981955,0
molecola_8860,8,0,8,0.0029884199611842632,0
molecola_8860,9,0,9,0.011684421449899673,0
molecola_8860,10,0,10,0.004327062517404556,0
molecola_8860,11,0,11,0.0038344264030456543,0
molecola_8860,12,0,12,0.0044064573012292385,0
molecola_8860,13,0,13,0.013656950555741787,0
molecola_8860,14,0,14,0.006059035658836365,0
molecola_8860,15,0,15,0.006059035658836365,0
molecola_8860,16,0,16,0.00465932535007596,0
molecola_8860,17,0,17,0.006722122896462679,0
molecola_8860,18,0,18,0.005058364011347294,0
molecola_8860,19,0,19,0.00865806546062231,0
molecola_8860,20,0,20,0.031884994357824326,0
molecola_8860,21,0,21,0.03168882802128792,0
molecola_8860,22,0,22,0.053057052195072174,0
molecola_8860,23,0,23,0.04565326124429703,0
molecola_8860,24,0,24,0.01676192879676819,0
molecola_8860,25,1,25,0.9826300740242004,1
molecola_8860,26,0,26,0.01676192879676819,0
molecola_8860,27,0,27,0.04565326124429703,0
molecola_8860,28,1,28,0.9777921438217163,1
molecola_8860,29,1,29,0.9707446098327637,1
molecola_8860,30,1,30,0.9680882096290588,1
molecola_8860,31,1,31,0.9526440501213074,1
molecola_8860,32,0,32,0.006103581748902798,0
molecola_8860,33,0,33,0.006103581748902798,0
molecola_9180,1,0,1,0.007547437679022551,0
molecola_9180,2,0,2,0.01157364808022976,0
molecola_9180,3,0,3,0.00967477448284626,0
molecola_9180,4,0,4,0.009978612884879112,0
molecola_9180,5,0,5,0.0497426837682724,0
molecola_9180,6,0,6,0.033389654010534286,0
molecola_9180,7,0,7,0.06808049231767654,0
molecola_9180,8,0,8,0.013093163259327412,0
molecola_9180,9,0,9,0.011081092059612274,0
molecola_9180,10,0,10,0.14779332280158997,0
molecola_9180,11,0,11,0.0813886970281601,0
molecola_9180,12,0,12,0.0813886970281601,0
molecola_9180,13,0,13,0.0071450043469667435,0
molecola_9180,14,0,14,0.006675223354250193,0
molecola_9180,15,0,15,0.003411045763641596,0
molecola_9180,16,0,16,0.0027825823053717613,0
molecola_9180,17,0,17,0.0033566614147275686,0
molecola_9180,18,0,18,0.002544831484556198,0
molecola_9180,19,0,19,0.002521774498745799,0
molecola_9180,20,0,20,0.002503826282918453,0
molecola_9180,21,0,21,0.002641976810991764,0
molecola_9180,22,0,22,0.003343769581988454,0
molecola_9180,23,0,23,0.00832006148993969,0
molecola_9180,24,0,24,0.016140563413500786,0
molecola_9180,25,0,25,0.01721005141735077,0
molecola_9180,26,0,26,0.009799104183912277,0
molecola_9180,27,0,27,0.01801368221640587,0
molecola_9180,28,0,28,0.021248146891593933,0
molecola_9180,29,0,29,0.016826918348670006,0
molecola_9180,30,0,30,0.008723787032067776,0
molecola_9180,31,0,31,0.015538761392235756,0
molecola_9180,32,1,32,0.9807809591293335,1
molecola_9180,33,1,33,0.9844781160354614,1
molecola_9180,34,0,34,0.02034253440797329,0
molecola_9180,35,0,35,0.015036321245133877,0
molecola_9180,36,0,36,0.004740241449326277,0
molecola_9180,37,0,37,0.00487426808103919,0
molecola_9180,38,0,38,0.002982617588713765,0
molecola_9180,39,0,39,0.0083103496581316,0
molecola_9180,40,0,40,0.008212589658796787,0
molecola_9180,41,0,41,0.0058189500123262405,0
molecola_9180,42,0,42,0.005149846896529198,0
molecola_9180,43,0,43,0.0030938072595745325,0
molecola_9639,1,0,1,0.8935595154762268,1
molecola_9639,2,0,2,0.9747324585914612,1
molecola_9639,3,0,3,0.9770195484161377,1
molecola_9639,4,0,4,0.8160673975944519,1
molecola_9639,5,0,5,0.8419970870018005,1
molecola_9639,6,1,6,0.9747324585914612,1
molecola_9639,7,1,7,0.8935595154762268,1
molecola_60105,1,0,1,0.017894495278596878,0
molecola_60105,2,0,2,0.010962658561766148,0
molecola_60105,3,0,3,0.010962658561766148,0
molecola_60105,4,0,4,0.043957218527793884,0
molecola_60105,5,0,5,0.011166036128997803,0
molecola_60105,6,0,6,0.03251960128545761,0
molecola_60105,7,0,7,0.004762361291795969,0
molecola_60105,8,0,8,0.002196363639086485,0
molecola_60105,9,0,9,0.0025008353404700756,0
molecola_60105,10,0,10,0.0027288624551147223,0
molecola_60105,11,0,11,0.00430100504308939,0
molecola_60105,12,0,12,0.003859739052131772,0
molecola_60105,13,0,13,0.003957716748118401,0
molecola_60105,14,0,14,0.013575565069913864,0
molecola_60105,15,0,15,0.013645188882946968,0
molecola_60105,16,0,16,0.03682289645075798,0
molecola_60105,17,0,17,0.011715292930603027,0
molecola_60105,18,0,18,0.003164238529279828,0
molecola_60105,19,0,19,0.002311011776328087,0
molecola_60105,20,0,20,0.0034756765235215425,0
molecola_60105,21,0,21,0.002828293014317751,0
molecola_60105,22,1,22,0.9741326570510864,1
molecola_60105,23,0,23,0.004060110542923212,0
molecola_60105,24,0,24,0.003620744217187166,0
molecola_60105,25,0,25,0.14098945260047913,0
molecola_60105,26,0,26,0.00454669026657939,0
molecola_60118,1,0,1,0.02390688844025135,0
molecola_60118,2,0,2,0.025638386607170105,0
molecola_60118,3,0,3,0.008762559853494167,0
molecola_60118,4,0,4,0.015390497632324696,0
molecola_60118,5,0,5,0.00606810487806797,0
molecola_60118,6,0,6,0.006476817186921835,0
molecola_60118,7,0,7,0.006476817186921835,0
molecola_60118,8,0,8,0.03688643500208855,0
molecola_60118,9,0,9,0.004512859508395195,0
molecola_60118,10,0,10,0.004512859508395195,0
molecola_60118,11,1,11,0.934883713722229,1
molecola_60118,12,0,12,0.03365996479988098,0
molecola_60118,13,0,13,0.0033187728840857744,0
molecola_60118,14,0,14,0.0033187728840857744,0
molecola_60118,15,0,15,0.009688298217952251,0
molecola_60118,16,0,16,0.0032417112961411476,0
molecola_60118,17,0,17,0.0032417112961411476,0
molecola_60158,1,0,1,0.0038119235541671515,0
molecola_60158,2,0,2,0.008801436051726341,0
molecola_60158,3,0,3,0.006982877384871244,0
molecola_60158,4,0,4,0.0038119235541671515,0
molecola_60158,5,0,5,0.0021945543121546507,0
molecola_60158,6,0,6,0.002450505504384637,0
molecola_60158,7,0,7,0.002400845754891634,0
molecola_60158,8,0,8,0.0027097228448837996,0
molecola_60158,9,0,9,0.0027097228448837996,0
molecola_60158,10,1,10,0.9804849028587341,1
molecola_60158,11,0,11,0.016972241923213005,0
molecola_60158,12,0,12,0.009410855360329151,0
molecola_60158,13,0,13,0.007222246378660202,0
molecola_60158,14,0,14,0.0023456215858459473,0
molecola_60158,15,0,15,0.002525924239307642,0
molecola_60158,16,0,16,0.003981827758252621,0
molecola_60158,17,0,17,0.0025151357986032963,0
molecola_60158,18,0,18,0.002608776092529297,0
molecola_60158,19,0,19,0.00261024315841496,0
molecola_60158,20,0,20,0.003089147387072444,0
molecola_60158,21,0,21,0.0030986862257122993,0
molecola_60158,22,0,22,0.0035499678924679756,0
molecola_60158,23,0,23,0.016536185517907143,0
molecola_60158,24,0,24,0.0033688258845359087,0
molecola_60158,25,0,25,0.0026197845581918955,0
molecola_60158,26,0,26,0.012172235175967216,0
molecola_60158,27,0,27,0.010077126324176788,0
molecola_60172,1,0,1,0.004093324299901724,0
molecola_60172,2,0,2,0.023437639698386192,0
molecola_60172,3,0,3,0.00933193601667881,0
molecola_60172,4,0,4,0.010681496001780033,0
molecola_60172,5,0,5,0.018391098827123642,0
molecola_60172,6,0,6,0.012603942304849625,0
molecola_60172,7,0,7,0.003279829630628228,0
molecola_60172,8,0,8,0.020697658881545067,0
molecola_60172,9,0,9,0.0023707321379333735,0
molecola_60172,10,0,10,0.002297802595421672,0
molecola_60172,11,0,11,0.002170766703784466,0
molecola_60172,12,0,12,0.002296644262969494,0
molecola_60172,13,0,13,0.0028693785425275564,0
molecola_60172,14,0,14,0.002619488164782524,0
molecola_60172,15,0,15,0.0026430226862430573,0
molecola_60172,16,0,16,0.0026637373957782984,0
molecola_60172,17,0,17,0.00689030671492219,0
molecola_60172,18,0,18,0.0024916857946664095,0
molecola_60172,19,0,19,0.0025341708678752184,0
molecola_60172,20,0,20,0.0025921231135725975,0
molecola_60172,21,0,21,0.006792344152927399,0
molecola_60172,22,0,22,0.002442343393340707,0
molecola_60172,23,0,23,0.01014670543372631,0
molecola_60172,24,1,24,0.9511799216270447,1
molecola_60172,25,0,25,0.002614017343148589,0
molecola_60172,26,0,26,0.0025909151881933212,0
molecola_60172,27,0,27,0.0026840255595743656,0
molecola_60172,28,1,28,0.9430673718452454,1
molecola_60172,29,0,29,0.04131009802222252,0
molecola_60172,30,0,30,0.0025465241633355618,0
molecola_60172,31,0,31,0.008421211503446102,0
molecola_60178,1,0,1,0.004443259444087744,0
molecola_60178,2,0,2,0.0031675926875323057,0
molecola_60178,3,0,3,0.011572065763175488,0
molecola_60178,4,0,4,0.0034145943354815245,0
molecola_60178,5,0,5,0.029225829988718033,0
molecola_60178,6,0,6,0.014911371283233166,0
molecola_60178,7,0,7,0.020620116963982582,0
molecola_60178,8,0,8,0.017594462260603905,0
molecola_60178,9,0,9,0.029103795066475868,0
molecola_60178,10,0,10,0.0023173498921096325,0
molecola_60178,11,0,11,0.002393142320215702,0
molecola_60178,12,0,12,0.0026123332791030407,0
molecola_60178,13,0,13,0.0020130753982812166,0
molecola_60178,14,0,14,0.0041028643026947975,0
molecola_60178,15,0,15,0.003909921273589134,0
molecola_60178,16,0,16,0.0019091308349743485,0
molecola_60178,17,0,17,0.0021985131315886974,0
molecola_60178,18,0,18,0.0025901428889483213,0
molecola_60178,19,0,19,0.002402689540758729,0
molecola_60178,20,0,20,0.03313911333680153,0
molecola_60178,21,0,21,0.005353113170713186,0
molecola_60178,22,0,22,0.0028886895161122084,0
molecola_60178,23,0,23,0.004156067967414856,0
molecola_60178,24,1,24,0.9329648613929749,1
molecola_60178,25,0,25,0.0037384789902716875,0
molecola_60178,26,0,26,0.9162915349006653,1
molecola_60178,27,0,27,0.008440189994871616,0
molecola_60178,28,1,28,0.9765967726707458,1
molecola_60178,29,0,29,0.007385315839201212,0
molecola_60178,30,0,30,0.016613833606243134,0
molecola_60178,31,0,31,0.006640759762376547,0
molecola_60178,32,0,32,0.0047661433927714825,0
molecola_60178,33,0,33,0.0047661433927714825,0
molecola_60187,1,0,1,0.04962755739688873,0
molecola_60187,2,0,2,0.05763912945985794,0
molecola_60187,3,0,3,0.02849808894097805,0
molecola_60187,4,0,4,0.002082107588648796,0
molecola_60187,5,0,5,0.002249989192932844,0
molecola_60187,6,0,6,0.0019976708572357893,0
molecola_60187,7,0,7,0.0020156451500952244,0
molecola_60187,8,0,8,0.0023696315474808216,0
molecola_60187,9,0,9,0.0032233544625341892,0
molecola_60187,10,0,10,0.0025542182847857475,0
molecola_60187,11,0,11,0.006289407145231962,0
molecola_60187,12,0,12,0.002890094881877303,0
molecola_60187,13,0,13,0.002612067386507988,0
molecola_60187,14,0,14,0.003122590249404311,0
molecola_60187,15,0,15,0.007707855198532343,0
molecola_60187,16,0,16,0.002734147710725665,0
molecola_60187,17,0,17,0.004106460604816675,0
molecola_60187,18,0,18,0.0032154861837625504,0
molecola_60187,19,0,19,0.0025855395942926407,0
molecola_60187,20,0,20,0.010714339092373848,0
molecola_60187,21,0,21,0.011647415347397327,0
molecola_60187,22,0,22,0.09809090942144394,0
molecola_60187,23,1,23,0.9781529307365417,1
molecola_60187,24,0,24,0.008397533558309078,0
molecola_60187,25,0,25,0.00515367416664958,0
molecola_60187,26,0,26,0.005149900447577238,0
molecola_60187,27,0,27,0.005184459500014782,0
molecola_60187,28,0,28,0.005184459500014782,0
molecola_60187,29,0,29,0.005184459500014782,0
molecola_60187,30,0,30,0.005164900328963995,0
molecola_60187,31,0,31,0.0050698621198534966,0
molecola_60187,32,0,32,0.00535931158810854,0
molecola_60187,33,0,33,0.0038266752380877733,0
molecola_60188,1,0,1,0.0030034659430384636,0
molecola_60188,2,0,2,0.0030034659430384636,0
molecola_60188,3,0,3,0.013673700392246246,0
molecola_60188,4,0,4,0.003444794099777937,0
molecola_60188,5,0,5,0.031796298921108246,0
molecola_60188,6,0,6,0.0060661728493869305,0
molecola_60188,7,0,7,0.0060661728493869305,0
molecola_60188,8,0,8,0.03514204919338226,0
molecola_60188,9,0,9,0.025356194004416466,0
molecola_60188,10,0,10,0.019112424924969673,0
molecola_60188,11,0,11,0.006242815405130386,0
molecola_60188,12,0,12,0.002291320590302348,0
molecola_60188,13,0,13,0.002343781292438507,0
molecola_60188,14,0,14,0.002386655192822218,0
molecola_60188,15,0,15,0.02573542855679989,0
molecola_60188,16,0,16,0.0024952320381999016,0
molecola_60188,17,0,17,0.0024952320381999016,0
molecola_60188,18,0,18,0.015343100763857365,0
molecola_60188,19,0,19,0.003133478807285428,0
molecola_60188,20,0,20,0.003133478807285428,0
molecola_60188,21,0,21,0.17753075063228607,0
molecola_60188,22,0,22,0.0046632057055830956,0
molecola_60188,23,0,23,0.005369072780013084,0
molecola_60188,24,1,24,0.9690547585487366,1
molecola_60188,25,0,25,0.006785251200199127,0
molecola_60190,1,0,1,0.0026061944663524628,0
molecola_60190,2,0,2,0.0022703022696077824,0
molecola_60190,3,0,3,0.004673344548791647,0
molecola_60190,4,0,4,0.01350552961230278,0
molecola_60190,5,1,5,0.9827821850776672,1
molecola_60190,6,0,6,0.01740117371082306,0
molecola_60190,7,0,7,0.00242991978302598,0
molecola_60190,8,0,8,0.0022674440406262875,0
molecola_60190,9,0,9,0.002654585288837552,0
molecola_60190,10,0,10,0.0029886486008763313,0
molecola_60190,11,0,11,0.0023419109638780355,0
molecola_60190,12,0,12,0.0026269620284438133,0
molecola_60190,13,0,13,0.0026269620284438133,0
molecola_60190,14,0,14,0.004266943782567978,0
molecola_60190,15,0,15,0.003221770515665412,0
molecola_60190,16,0,16,0.004585705231875181,0
molecola_60190,17,0,17,0.004734703805297613,0
molecola_60190,18,0,18,0.036762382835149765,0
molecola_60190,19,0,19,0.03667441010475159,0
molecola_60190,20,0,20,0.003976639825850725,0
molecola_60190,21,0,21,0.0027943074237555265,0
molecola_60190,22,0,22,0.027024386450648308,0
molecola_60190,23,0,23,0.027035944163799286,0
molecola_60190,24,0,24,0.003975095227360725,0
molecola_60001,1,0,1,0.0027239734772592783,0
molecola_60001,2,0,2,0.00399703998118639,0
molecola_60001,3,0,3,0.0027239734772592783,0
molecola_60001,4,0,4,0.002504554344341159,0
molecola_60001,5,0,5,0.0024929235223680735,0
molecola_60001,6,0,6,0.002504554344341159,0
molecola_60001,7,0,7,0.003570414148271084,0
molecola_60001,8,0,8,0.003876711009070277,0
molecola_60001,9,0,9,0.004637111444026232,0
molecola_60001,10,0,10,0.023959582671523094,0
molecola_60001,11,0,11,0.004732856992632151,0
molecola_60001,12,0,12,0.3931334912776947,0
molecola_60001,13,0,13,0.23422840237617493,0
molecola_60001,14,1,14,0.961037278175354,1
molecola_60001,15,0,15,0.004922454711049795,0
molecola_60001,16,0,16,0.013189595192670822,0
molecola_60001,17,0,17,0.002741956152021885,0
molecola_60001,18,0,18,0.002741956152021885,0
molecola_60001,19,0,19,0.002741956152021885,0
molecola_60026,1,0,1,0.9186806678771973,1
molecola_60026,2,0,2,0.12007112801074982,0
molecola_60026,3,0,3,0.8563776612281799,1
molecola_60026,4,0,4,0.010979069396853447,0
molecola_60026,5,0,5,0.017497552558779716,0
molecola_60026,6,0,6,0.028234068304300308,0
molecola_60026,7,0,7,0.017036164179444313,0
molecola_60026,8,0,8,0.007413715589791536,0
molecola_60026,9,0,9,0.0032127639278769493,0
molecola_60026,10,0,10,0.003733537858352065,0
molecola_60026,11,0,11,0.002993223024532199,0
molecola_60026,12,0,12,0.0032463923562318087,0
molecola_60026,13,0,13,0.964992105960846,1
molecola_60026,14,0,14,0.014967093244194984,0
molecola_60026,15,0,15,0.014967093244194984,0
molecola_60026,16,0,16,0.020516185089945793,0
molecola_60026,17,0,17,0.020516185089945793,0
molecola_60026,18,0,18,0.02231120876967907,0
molecola_60026,19,0,19,0.9788036942481995,1
molecola_60026,20,0,20,0.004663792438805103,0
molecola_60026,21,0,21,0.00844096764922142,0
molecola_60026,22,0,22,0.011350315995514393,0
molecola_60026,23,0,23,0.0035699643194675446,0
molecola_60026,24,0,24,0.03099370375275612,0
molecola_60026,25,0,25,0.024851063266396523,0
molecola_60026,26,0,26,0.009448586031794548,0
molecola_60026,27,0,27,0.002666488988325,0
molecola_60026,28,1,28,0.9617044925689697,1
molecola_60026,29,0,29,0.0032254571560770273,0
molecola_60026,30,0,30,0.00314253568649292,0
molecola_60026,31,0,31,0.00314253568649292,0
molecola_60026,32,0,32,0.0019769875798374414,0
molecola_60026,33,0,33,0.002522142603993416,0
molecola_60026,34,0,34,0.003081778297200799,0
molecola_60026,35,0,35,0.0026172702200710773,0
molecola_60026,36,0,36,0.0026172702200710773,0
molecola_60026,37,0,37,0.003257641801610589,0
molecola_60026,38,0,38,0.032162003219127655,0
molecola_60026,39,0,39,0.00396773312240839,0
molecola_60026,40,0,40,0.002614973345771432,0
molecola_60026,41,0,41,0.002725972793996334,0
molecola_60026,42,0,42,0.005032573826611042,0
molecola_60026,43,0,43,0.002503841882571578,0
molecola_60026,44,0,44,0.0033423348795622587,0
molecola_60026,45,0,45,0.002503841882571578,0
molecola_60002,1,0,1,0.057290006428956985,0
molecola_60002,2,0,2,0.05821169540286064,0
molecola_60002,3,0,3,0.011044960469007492,0
molecola_60002,4,0,4,0.0038483343087136745,0
molecola_60002,5,0,5,0.002431412460282445,0
molecola_60002,6,0,6,0.0031391363590955734,0
molecola_60002,7,0,7,0.0227400790899992,0
molecola_60002,8,0,8,0.002469486091285944,0
molecola_60002,9,0,9,0.002458075061440468,0
molecola_60002,10,0,10,0.0031658948864787817,0
molecola_60002,11,0,11,0.002501201815903187,0
molecola_60002,12,0,12,0.08243454992771149,0
molecola_60002,13,1,13,0.970763623714447,1
molecola_60002,14,0,14,0.022585934028029442,0
molecola_60002,15,0,15,0.0031623137183487415,0
molecola_60002,16,0,16,0.0031623137183487415,0
molecola_60002,17,0,17,0.0025006807409226894,0
molecola_60002,18,0,18,0.0025006807409226894,0
molecola_60002,19,0,19,0.0024929235223680735,0
molecola_60002,20,0,20,0.38095203042030334,0
molecola_60002,21,0,21,0.0030300237704068422,0
molecola_60002,22,0,22,0.0027478181291371584,0
molecola_60002,23,0,23,0.003937487956136465,0
molecola_60002,24,0,24,0.0027478181291371584,0
molecola_60002,25,0,25,0.0030300237704068422,0
molecola_60002,26,0,26,0.002997810021042824,0
molecola_60002,27,0,27,0.0029156210366636515,0
molecola_60002,28,0,28,0.01377495750784874,0
molecola_60002,29,0,29,0.011516440659761429,0
molecola_60002,30,0,30,0.0029849696438759565,0
molecola_60002,31,0,31,0.011516440659761429,0
molecola_60042,1,0,1,0.00446549616754055,0
molecola_60042,2,0,2,0.04256598651409149,0
molecola_60042,3,0,3,0.01876937225461006,0
molecola_60042,4,0,4,0.012172315269708633,0
molecola_60042,5,0,5,0.020697658881545067,0
molecola_60042,6,0,6,0.2254483848810196,0
molecola_60042,7,0,7,0.009072798304259777,0
molecola_60042,8,0,8,0.002099921926856041,0
molecola_60042,9,0,9,0.007230654824525118,0
molecola_60042,10,0,10,0.031837403774261475,0
molecola_60042,11,0,11,0.016895141452550888,0
molecola_60042,12,0,12,0.0200206246227026,0
molecola_60042,13,0,13,0.0034549515694379807,0
molecola_60042,14,0,14,0.007844658568501472,0
molecola_60042,15,0,15,0.015368587337434292,0
molecola_60042,16,0,16,0.003214561613276601,0
molecola_60042,17,0,17,0.002974483883008361,0
molecola_60042,18,0,18,0.002673278097063303,0
molecola_60042,19,0,19,0.002673278097063303,0
molecola_60042,20,0,20,0.002506599295884371,0
molecola_60042,21,0,21,0.002504179021343589,0
molecola_60042,22,0,22,0.0033585408236831427,0
molecola_60042,23,0,23,0.0033585408236831427,0
molecola_60042,24,0,24,0.005258487071841955,0
molecola_60042,25,0,25,0.005258487071841955,0
molecola_60042,26,0,26,0.016499584540724754,0
molecola_60042,27,1,27,0.9433590173721313,1
molecola_60042,28,0,28,0.008421211503446102,0
molecola_60042,29,0,29,0.010077126324176788,0
molecola_60044,1,0,1,0.014771397225558758,0
molecola_60044,2,0,2,0.22417740523815155,0
molecola_60044,3,0,3,0.020620116963982582,0
molecola_60044,4,0,4,0.8599504232406616,1
molecola_60044,5,0,5,0.9132705330848694,1
molecola_60044,6,0,6,0.004957439843565226,0
molecola_60044,7,0,7,0.00273483176715672,0
molecola_60044,8,0,8,0.00251393998041749,0
molecola_60044,9,0,9,0.005350795574486256,0
molecola_60044,10,0,10,0.02679196186363697,0
molecola_60044,11,0,11,0.026885034516453743,0
molecola_60044,12,0,12,0.0025550213176757097,0
molecola_60044,13,0,13,0.002763013355433941,0
molecola_60044,14,0,14,0.0032311805989593267,0
molecola_60044,15,0,15,0.0032311545219272375,0
molecola_60044,16,0,16,0.0024970448575913906,0
molecola_60044,17,0,17,0.8949200510978699,1
molecola_60044,18,0,18,0.002506599295884371,0
molecola_60044,19,0,19,0.0025039133615791798,0
molecola_60044,20,0,20,0.002506599295884371,0
molecola_60044,21,1,21,0.9328647255897522,1
molecola_60044,22,0,22,0.008440189994871616,0
molecola_60057,1,0,1,0.004821688402444124,0
molecola_60057,2,0,2,0.004764429293572903,0
molecola_60057,3,0,3,0.004007955081760883,0
molecola_60057,4,0,4,0.6025019288063049,1
molecola_60057,5,0,5,0.16310524940490723,0
molecola_60057,6,0,6,0.004642460495233536,0
molecola_60057,7,0,7,0.004642680753022432,0
molecola_60057,8,1,8,0.9611456394195557,1
molecola_60057,9,0,9,0.011197707615792751,0
molecola_60057,10,0,10,0.010060804896056652,0
molecola_60057,11,0,11,0.005605332553386688,0
molecola_60057,12,0,12,0.0040601626969873905,0
molecola_60057,13,0,13,0.0033646421507000923,0
molecola_60057,14,0,14,0.005710621830075979,0
molecola_60057,15,0,15,0.003519531572237611,0
molecola_60057,16,0,16,0.0027753738686442375,0
molecola_60057,17,0,17,0.00429998803883791,0
molecola_60057,18,0,18,0.007962179370224476,0
molecola_60057,19,0,19,0.010901613160967827,0
molecola_60057,20,0,20,0.005073938053101301,0
molecola_60057,21,0,21,0.006232785992324352,0
molecola_60057,22,0,22,0.004713821224868298,0
molecola_60057,23,0,23,0.008112444542348385,0
molecola_60057,24,0,24,0.011352725327014923,0
molecola_60057,25,0,25,0.00501915393397212,0
molecola_60057,26,0,26,0.00670403428375721,0
molecola_60057,27,0,27,0.0046511306427419186,0
molecola_60057,28,0,28,0.007916836068034172,0
molecola_60057,29,0,29,0.012650183402001858,0
molecola_60057,30,0,30,0.006577272433787584,0
molecola_60057,31,0,31,0.006577272433787584,0
molecola_60057,32,0,32,0.027522191405296326,0
molecola_60057,33,0,33,0.010093006305396557,0
molecola_60057,34,0,34,0.03681127354502678,0
molecola_60057,35,0,35,0.006694283802062273,0
molecola_60065,1,0,1,0.002962489379569888,0
molecola_60065,2,0,2,0.0028476202860474586,0
molecola_60065,3,0,3,0.004048698581755161,0
molecola_60065,4,0,4,0.0031416499987244606,0
molecola_60065,5,0,5,0.0029882437083870173,0
molecola_60065,6,0,6,0.002672608243301511,0
molecola_60065,7,0,7,0.002976022893562913,0
molecola_60065,8,0,8,0.0029813586734235287,0
molecola_60065,9,0,9,0.0029776657465845346,0
molecola_60065,10,0,10,0.9339395761489868,1
molecola_60065,11,0,11,0.07190867513418198,0
molecola_60065,12,0,12,0.006795142777264118,0
molecola_60065,13,0,13,0.0029840471688658,0
molecola_60065,14,0,14,0.003261802950873971,0
molecola_60065,15,0,15,0.003484076354652643,0
molecola_60065,16,0,16,0.025519324466586113,0
molecola_60065,17,0,17,0.5951970219612122,1
molecola_60065,18,0,18,0.004620528779923916,0
molecola_60065,19,0,19,0.019397595897316933,0
molecola_60065,20,0,20,0.12015426903963089,0
molecola_60065,21,0,21,0.02797115594148636,0
molecola_60065,22,0,22,0.01363412942737341,0
molecola_60065,23,0,23,0.004821107257157564,0
molecola_60065,24,0,24,0.03107677772641182,0
molecola_60065,25,0,25,0.0032044798135757446,0
molecola_60065,26,0,26,0.013081048615276814,0
molecola_60065,27,0,27,0.0032044798135757446,0
molecola_60065,28,0,28,0.0030663073994219303,0
molecola_60065,29,0,29,0.01104842871427536,0
molecola_60065,30,0,30,0.021921511739492416,0
molecola_60065,31,0,31,0.004527576733380556,0
molecola_60065,32,1,32,0.9776844382286072,1
molecola_60065,33,0,33,0.044660188257694244,0
molecola_60065,34,0,34,0.0840638279914856,0
molecola_60065,35,0,35,0.00454669026657939,0
molecola_60065,36,0,36,0.014243272133171558,0
molecola_60065,37,0,37,0.002895073499530554,0
molecola_60065,38,0,38,0.004065582528710365,0
molecola_60065,39,0,39,0.004065582528710365,0
molecola_60065,40,0,40,0.0030663073994219303,0
molecola_60007,1,0,1,0.003156400052830577,0
molecola_60007,2,0,2,0.00599602609872818,0
molecola_60007,3,0,3,0.04918881505727768,0
molecola_60007,4,1,4,0.9763078689575195,1
molecola_60007,5,0,5,0.01941526308655739,0
molecola_60007,6,0,6,0.009070123545825481,0
molecola_60007,7,0,7,0.01929418183863163,0
molecola_60007,8,0,8,0.0019663881976157427,0
molecola_60007,9,0,9,0.003910467494279146,0
molecola_60007,10,0,10,0.004507979843765497,0
molecola_60007,11,0,11,0.015774888917803764,0
molecola_60007,12,0,12,0.9721101522445679,1
molecola_60007,13,0,13,0.01943160593509674,0
molecola_60007,14,0,14,0.019859928637742996,0
molecola_60007,15,0,15,0.009070123545825481,0
molecola_60007,16,0,16,0.002639759099110961,0
molecola_60007,17,0,17,0.0064820884726941586,0
molecola_60007,18,0,18,0.05238254740834236,0
molecola_60007,19,0,19,0.03076941892504692,0
molecola_60007,20,0,20,0.03076941892504692,0
molecola_60007,21,0,21,0.005641346797347069,0
molecola_60007,22,0,22,0.036743197590112686,0
molecola_60007,23,0,23,0.027035944163799286,0
molecola_60007,24,0,24,0.005090393591672182,0
molecola_60007,25,0,25,0.006586039438843727,0
molecola_60007,26,0,26,0.002925219712778926,0
molecola_60007,27,0,27,0.003973420709371567,0
molecola_60007,28,0,28,0.03667441010475159,0
molecola_60007,29,0,29,0.027024386450648308,0
molecola_60007,30,0,30,0.002925219712778926,0
molecola_60007,31,0,31,0.006586039438843727,0
molecola_60007,32,0,32,0.005090393591672182,0
molecola_60007,33,0,33,0.036743197590112686,0
molecola_60007,34,0,34,0.027035944163799286,0
molecola_60007,35,0,35,0.03667440265417099,0
molecola_60007,36,0,36,0.027024386450648308,0
molecola_60007,37,0,37,0.003973420709371567,0
molecola_60093,1,0,1,0.0029558304231613874,0
molecola_60093,2,0,2,0.0357697419822216,0
molecola_60093,3,0,3,0.008595463819801807,0
molecola_60093,4,0,4,0.02849808894097805,0
molecola_60093,5,0,5,0.04980305954813957,0
molecola_60093,6,0,6,0.012211929075419903,0
molecola_60093,7,0,7,0.04968609660863876,0
molecola_60093,8,0,8,0.021486520767211914,0
molecola_60093,9,0,9,0.024095380678772926,0
molecola_60093,10,0,10,0.015483667142689228,0
molecola_60093,11,0,11,0.0034608289133757353,0
molecola_60093,12,0,12,0.007304153870791197,0
molecola_60093,13,0,13,0.024000300094485283,0
molecola_60093,14,0,14,0.024000300094485283,0
molecola_60093,15,0,15,0.003076838096603751,0
molecola_60093,16,0,16,0.017872778698801994,0
molecola_60093,17,0,17,0.017872778698801994,0
molecola_60093,18,0,18,0.0022633355110883713,0
molecola_60093,19,0,19,0.002921251580119133,0
molecola_60093,20,0,20,0.0034137372858822346,0
molecola_60093,21,0,21,0.005164667498320341,0
molecola_60093,22,0,22,0.007413680199533701,0
molecola_60093,23,1,23,0.9781422019004822,1
molecola_60093,24,0,24,0.008220369927585125,0
molecola_60093,25,0,25,0.008397533558309078,0
molecola_60093,26,0,26,0.009022897109389305,0
molecola_60093,27,0,27,0.00515367416664958,0
molecola_60093,28,0,28,0.005734872538596392,0
molecola_60093,29,0,29,0.20683379471302032,0
molecola_60093,30,0,30,0.010150101967155933,0
molecola_60093,31,0,31,0.038473255932331085,0
molecola_60093,32,0,32,0.0197799913585186,0
molecola_60093,33,0,33,0.003399535082280636,0
molecola_60093,34,0,34,0.004904604982584715,0
molecola_60093,35,0,35,0.0032704337500035763,0
molecola_60093,36,0,36,0.009709255769848824,0
molecola_60093,37,0,37,0.010078400373458862,0
molecola_60009,1,0,1,0.0024017742834985256,0
molecola_60009,2,0,2,0.00231847888790071,0
molecola_60009,3,0,3,0.004517540335655212,0
molecola_60009,4,0,4,0.0026371213607490063,0
molecola_60009,5,0,5,0.005336190108209848,0
molecola_60009,6,0,6,0.005316525232046843,0
molecola_60009,7,0,7,0.005955988075584173,0
molecola_60009,8,0,8,0.00434985151514411,0
molecola_60009,9,0,9,0.0024294215254485607,0
molecola_60009,10,0,10,0.001975006889551878,0
molecola_60009,11,0,11,0.0028471520636230707,0
molecola_60009,12,0,12,0.002517678076401353,0
molecola_60009,13,0,13,0.011050831526517868,0
molecola_60009,14,0,14,0.011675103567540646,0
molecola_60009,15,0,15,0.9325274229049683,1
molecola_60009,16,0,16,0.008440189994871616,0
molecola_60009,17,0,17,0.020620111376047134,0
molecola_60009,18,0,18,0.008640378713607788,0
molecola_60009,19,0,19,0.002604765584692359,0
molecola_60009,20,0,20,0.003502990584820509,0
molecola_60009,21,0,21,0.7517030835151672,1
molecola_60009,22,0,22,0.0037258516531437635,0
molecola_60009,23,0,23,0.005176593083888292,0
molecola_60009,24,0,24,0.9591858983039856,1
molecola_60009,25,0,25,0.9756331443786621,1
molecola_60009,26,0,26,0.9442622065544128,1
molecola_60009,27,0,27,0.9486691355705261,1
molecola_60009,28,0,28,0.9291759729385376,1
molecola_60009,29,0,29,0.012686881236732006,0
molecola_60009,30,1,30,0.9421102404594421,1
molecola_60009,31,0,31,0.03141564503312111,0
molecola_60009,32,0,32,0.03616970404982567,0
molecola_60009,33,0,33,0.003295038128271699,0
molecola_60009,34,0,34,0.0025006807409226894,0
molecola_60009,35,0,35,0.0024929235223680735,0
molecola_60009,36,0,36,0.0025006807409226894,0
molecola_60009,37,0,37,0.003295038128271699,0
molecola_60009,38,0,38,0.004164550919085741,0
molecola_60009,39,0,39,0.004081143066287041,0
molecola_60009,40,0,40,0.0027746122796088457,0
molecola_60009,41,0,41,0.0027746122796088457,0
molecola_60009,42,0,42,0.00370776210911572,0
molecola_60009,43,1,43,0.9781764149665833,1
molecola_60009,44,0,44,0.0025102978106588125,0
molecola_60009,45,0,45,0.018799209967255592,0
molecola_60009,46,0,46,0.0038495264016091824,0
molecola_60009,47,0,47,0.002322449581697583,0
molecola_60009,48,0,48,0.004631692077964544,0
molecola_60009,49,0,49,0.0027930468786507845,0
molecola_60009,50,0,50,0.002633515512570739,0
molecola_60009,51,0,51,0.002633515512570739,0
molecola_60009,52,0,52,0.002633515512570739,0
molecola_60009,53,0,53,0.9622451663017273,1
molecola_60009,54,0,54,0.9723138809204102,1
molecola_60009,55,0,55,0.9608948230743408,1
molecola_60009,56,0,56,0.9714885354042053,1
molecola_60009,57,0,57,0.8738394379615784,1
molecola_60009,58,0,58,0.002754217479377985,0
molecola_60009,59,0,59,0.002754217479377985,0
molecola_60009,60,0,60,0.002754217479377985,0
