molecola,indice_atomi,match,indice_atomo,probabilita,y_pred_prob
molecola_10219,1,0,1,0.0123387910425663,0
molecola_10219,2,0,2,0.013107231818139553,0
molecola_10219,3,0,3,0.019354237243533134,0
molecola_10219,4,0,4,0.008714061230421066,0
molecola_10219,5,0,5,0.006651407107710838,0
molecola_10219,6,0,6,0.011580396443605423,0
molecola_10219,7,0,7,0.0378224216401577,0
molecola_10219,8,0,8,0.02829921431839466,0
molecola_10219,9,0,9,0.05624997243285179,0
molecola_10219,10,0,10,0.02460731379687786,0
molecola_10219,11,0,11,0.08624406158924103,0
molecola_10219,12,0,12,0.9609430432319641,1
molecola_10219,13,0,13,0.059023868292570114,0
molecola_10219,14,0,14,0.8425200581550598,1
molecola_10219,15,0,15,0.11260183900594711,0
molecola_10219,16,0,16,0.042344048619270325,0
molecola_10219,17,1,17,0.9720431566238403,1
molecola_10219,18,1,18,0.9671201705932617,1
molecola_10219,19,1,19,0.9069144129753113,1
molecola_10219,20,1,20,0.9563344120979309,1
molecola_10219,21,1,21,0.9514228701591492,1
molecola_10219,22,0,22,0.023939412087202072,0
molecola_10219,23,0,23,0.022322386503219604,0
molecola_10219,24,0,24,0.022322386503219604,0
molecola_10219,25,0,25,0.023939412087202072,0
molecola_10219,26,0,26,0.006590989418327808,0
molecola_10219,27,0,27,0.006076205987483263,0
molecola_10219,28,0,28,0.006076205987483263,0
molecola_10219,29,0,29,0.006076205987483263,0
molecola_10219,30,0,30,0.8246722221374512,1
molecola_10219,31,0,31,0.06249168515205383,0
molecola_10219,32,0,32,0.43157118558883667,0
molecola_10219,33,0,33,0.018126871436834335,0
molecola_10219,34,0,34,0.010385246016085148,0
molecola_10219,35,0,35,0.013492733240127563,0
molecola_10219,36,0,36,0.015072238631546497,0
molecola_10219,37,0,37,0.013163287192583084,0
molecola_10219,38,0,38,0.1744736284017563,0
molecola_10219,39,0,39,0.04596737027168274,0
molecola_10219,40,0,40,0.04596737027168274,0
molecola_10219,41,0,41,0.01071458775550127,0
molecola_10219,42,0,42,0.008283411152660847,0
molecola_10219,43,0,43,0.00829395093023777,0
molecola_10219,44,0,44,0.008827523328363895,0
molecola_10219,45,0,45,0.011079942807555199,0
molecola_10219,46,0,46,0.008274094201624393,0
molecola_10219,47,0,47,0.007971907034516335,0
molecola_10219,48,0,48,0.006483789533376694,0
molecola_10219,49,0,49,0.006457026116549969,0
molecola_10219,50,0,50,0.02985551208257675,0
molecola_10219,51,0,51,0.08875742554664612,0
molecola_10219,52,0,52,0.3205006420612335,0
molecola_10219,53,0,53,0.04691346362233162,0
molecola_10219,54,0,54,0.025009244680404663,0
molecola_10219,55,0,55,0.014135458506643772,0
molecola_10219,56,0,56,0.014135458506643772,0
molecola_10219,57,0,57,0.008284191600978374,0
molecola_11052,1,1,1,0.9683622121810913,1
molecola_11052,2,1,2,0.9632831811904907,1
molecola_11052,3,0,3,0.1205572560429573,0
molecola_11052,4,0,4,0.08320806175470352,0
molecola_11052,5,0,5,0.011436395347118378,0
molecola_11052,6,0,6,0.0067642382346093655,0
molecola_11052,7,0,7,0.007726645562797785,0
molecola_11052,8,0,8,0.0067642382346093655,0
molecola_11052,9,0,9,0.011436395347118378,0
molecola_11052,10,0,10,0.008126672357320786,0
molecola_11052,11,0,11,0.006001951172947884,0
molecola_11052,12,0,12,0.006137245800346136,0
molecola_11052,13,0,13,0.007466323673725128,0
molecola_11052,14,0,14,0.008915777318179607,0
molecola_11052,15,0,15,0.009852400049567223,0
molecola_11052,16,0,16,0.008214835077524185,0
molecola_11052,17,0,17,0.0069317747838795185,0
molecola_11052,18,0,18,0.010575905442237854,0
molecola_11052,19,0,19,0.041955359280109406,0
molecola_11052,20,0,20,0.010575905442237854,0
molecola_11052,21,0,21,0.0069317747838795185,0
molecola_11052,22,0,22,0.7941931486129761,1
molecola_11052,23,0,23,0.03647186607122421,0
molecola_11052,24,0,24,0.048390135169029236,0
molecola_11052,25,0,25,0.04350189492106438,0
molecola_11052,26,0,26,0.0574459433555603,0
molecola_11052,27,0,27,0.8528420329093933,1
molecola_11052,28,0,28,0.10622695088386536,0
molecola_11052,29,0,29,0.008164052851498127,0
molecola_11062,1,0,1,0.0123387910425663,0
molecola_11062,2,0,2,0.01316859107464552,0
molecola_11062,3,0,3,0.024052506312727928,0
molecola_11062,4,0,4,0.011417634785175323,0
molecola_11062,5,0,5,0.013916932046413422,0
molecola_11062,6,0,6,0.01636250875890255,0
molecola_11062,7,0,7,0.015305032022297382,0
molecola_11062,8,0,8,0.03647609055042267,0
molecola_11062,9,0,9,0.11660328507423401,0
molecola_11062,10,0,10,0.18225082755088806,0
molecola_11062,11,0,11,0.032675229012966156,0
molecola_11062,12,0,12,0.01721518114209175,0
molecola_11062,13,0,13,0.010647205635905266,0
molecola_11062,14,0,14,0.010757660493254662,0
molecola_11062,15,0,15,0.9396308660507202,1
molecola_11062,16,1,16,0.9717928171157837,1
molecola_11062,17,1,17,0.957309365272522,1
molecola_11062,18,1,18,0.8468793630599976,1
molecola_11062,19,1,19,0.8627710938453674,1
molecola_11062,20,0,20,0.8627710938453674,1
molecola_11062,21,0,21,0.008729471825063229,0
molecola_11062,22,0,22,0.006561600603163242,0
molecola_11062,23,0,23,0.009365732781589031,0
molecola_11062,24,0,24,0.012880602851510048,0
molecola_11062,25,0,25,0.024392619729042053,0
molecola_11062,26,0,26,0.013268460519611835,0
molecola_11062,27,0,27,0.012326587922871113,0
molecola_11062,28,0,28,0.02814808301627636,0
molecola_11062,29,0,29,0.013375326059758663,0
molecola_11062,30,0,30,0.012326587922871113,0
molecola_11301,1,0,1,0.007750218268483877,0
molecola_11301,2,0,2,0.009418148547410965,0
molecola_11301,3,0,3,0.013223381713032722,0
molecola_11301,4,0,4,0.042114172130823135,0
molecola_11301,5,1,5,0.9203376770019531,1
molecola_11301,6,0,6,0.0419306755065918,0
molecola_11301,7,0,7,0.02714175172150135,0
molecola_11301,8,0,8,0.03563438728451729,0
molecola_11301,9,1,9,0.8917010426521301,1
molecola_11301,10,0,10,0.10695936530828476,0
molecola_11301,11,0,11,0.16603794693946838,0
molecola_11301,12,0,12,0.043319832533597946,0
molecola_11301,13,0,13,0.027421247214078903,0
molecola_11301,14,0,14,0.009664277546107769,0
molecola_11301,15,0,15,0.006296360865235329,0
molecola_11301,16,0,16,0.006018316373229027,0
molecola_11301,17,0,17,0.00853065587580204,0
molecola_11301,18,0,18,0.00728753162547946,0
molecola_11301,19,0,19,0.010532981716096401,0
molecola_11382,1,1,1,0.862988293170929,1
molecola_11382,2,1,2,0.9517244696617126,1
molecola_11382,3,1,3,0.9667766690254211,1
molecola_11382,4,1,4,0.9069114327430725,1
molecola_11382,5,1,5,0.9727122187614441,1
molecola_11382,6,0,6,0.061863578855991364,0
molecola_11382,7,0,7,0.011209338903427124,0
molecola_11382,8,0,8,0.008928311988711357,0
molecola_11382,9,0,9,0.008928311988711357,0
molecola_11382,10,0,10,0.38274434208869934,0
molecola_11382,11,0,11,0.050269827246665955,0
molecola_11382,12,0,12,0.23053941130638123,0
molecola_11382,13,0,13,0.040348052978515625,0
molecola_11382,14,0,14,0.019179096445441246,0
molecola_11382,15,0,15,0.023977210745215416,0
molecola_11382,16,0,16,0.030529294162988663,0
molecola_11382,17,0,17,0.024355484172701836,0
molecola_11382,18,0,18,0.016569143161177635,0
molecola_11382,19,0,19,0.0077773043885827065,0
molecola_11382,20,0,20,0.008351954631507397,0
molecola_11382,21,0,21,0.009236468002200127,0
molecola_11382,22,0,22,0.011114442721009254,0
molecola_11382,23,0,23,0.007755089085549116,0
molecola_11382,24,0,24,0.006226707715541124,0
molecola_11382,25,0,25,0.00622478686273098,0
molecola_11382,26,0,26,0.007779579143971205,0
molecola_11382,27,0,27,0.00622478686273098,0
molecola_11382,28,0,28,0.006226707715541124,0
molecola_11382,29,0,29,0.007779579143971205,0
molecola_11382,30,0,30,0.00622478686273098,0
molecola_11382,31,0,31,0.0062176380306482315,0
molecola_11382,32,0,32,0.007714703679084778,0
molecola_11382,33,0,33,0.0062176380306482315,0
molecola_11382,34,0,34,0.00622478686273098,0
molecola_11382,35,0,35,0.008004947565495968,0
molecola_11382,36,0,36,0.006492906250059605,0
molecola_11382,37,0,37,0.009575624950230122,0
molecola_11382,38,0,38,0.01583254709839821,0
molecola_11382,39,0,39,0.010893656872212887,0
molecola_11382,40,0,40,0.0663798525929451,0
molecola_11382,41,0,41,0.023872749879956245,0
molecola_11382,42,0,42,0.0255709458142519,0
molecola_11382,43,0,43,0.054525695741176605,0
molecola_11382,44,0,44,0.9633924961090088,1
molecola_11382,45,0,45,0.8643271923065186,1
molecola_11382,46,0,46,0.11259361356496811,0
molecola_11382,47,0,47,0.07071719318628311,0
molecola_11382,48,0,48,0.9726703763008118,1
molecola_11382,49,0,49,0.9667766690254211,1
molecola_11382,50,0,50,0.9069114327430725,1
molecola_11382,51,0,51,0.9517244696617126,1
molecola_11382,52,0,52,0.862988293170929,1
molecola_11382,53,0,53,0.011442472226917744,0
molecola_11382,54,0,54,0.008928311988711357,0
molecola_11382,55,0,55,0.008928311988711357,0
molecola_12106,1,0,1,0.012345772236585617,0
molecola_12106,2,0,2,0.012945758178830147,0
molecola_12106,3,0,3,0.01993551477789879,0
molecola_12106,4,0,4,0.013320240192115307,0
molecola_12106,5,1,5,0.9482018351554871,1
molecola_12106,6,1,6,0.9547929167747498,1
molecola_12106,7,1,7,0.8794316053390503,1
molecola_12106,8,0,8,0.02906498871743679,0
molecola_12106,9,0,9,0.02906498871743679,0
molecola_12106,10,0,10,0.03455641493201256,0
molecola_12106,11,0,11,0.013042605482041836,0
molecola_12106,12,0,12,0.014662524685263634,0
molecola_12106,13,0,13,0.014074659906327724,0
molecola_12106,14,0,14,0.018498042598366737,0
molecola_12106,15,0,15,0.0593779981136322,0
molecola_12106,16,0,16,0.030276019126176834,0
molecola_12106,17,0,17,0.018918607383966446,0
molecola_12106,18,0,18,0.010246377438306808,0
molecola_12106,19,0,19,0.008318460546433926,0
molecola_12106,20,0,20,0.006965562701225281,0
molecola_12106,21,0,21,0.008603313937783241,0
molecola_12106,22,0,22,0.009319663047790527,0
molecola_12533,1,0,1,0.007210033945739269,0
molecola_12533,2,0,2,0.008970435708761215,0
molecola_12533,3,0,3,0.00851370207965374,0
molecola_12533,4,0,4,0.007990261539816856,0
molecola_12533,5,0,5,0.007940059527754784,0
molecola_12533,6,0,6,0.008524427190423012,0
molecola_12533,7,0,7,0.007901809178292751,0
molecola_12533,8,0,8,0.006207163445651531,0
molecola_12533,9,0,9,0.006237119901925325,0
molecola_12533,10,0,10,0.007813071832060814,0
molecola_12533,11,0,11,0.006488260813057423,0
molecola_12533,12,0,12,0.007692981977015734,0
molecola_12533,13,0,13,0.008128690533339977,0
molecola_12533,14,0,14,0.007205874193459749,0
molecola_12533,15,0,15,0.010478317737579346,0
molecola_12533,16,0,16,0.042087621986866,0
molecola_12533,17,0,17,0.011255879886448383,0
molecola_12533,18,0,18,0.009191504679620266,0
molecola_12533,19,0,19,0.007472891826182604,0
molecola_12533,20,0,20,0.8353461027145386,1
molecola_12533,21,0,21,0.03688265010714531,0
molecola_12533,22,0,22,0.05026017501950264,0
molecola_12533,23,0,23,0.8658405542373657,1
molecola_12533,24,1,24,0.9671348929405212,1
molecola_12533,25,1,25,0.9542478919029236,1
molecola_12533,26,1,26,0.8424747586250305,1
molecola_12533,27,1,27,0.8591148853302002,1
molecola_12533,28,0,28,0.8591148853302002,1
molecola_12533,29,0,29,0.16070741415023804,0
molecola_12533,30,0,30,0.9515116810798645,1
molecola_12533,31,0,31,0.15048040449619293,0
molecola_12544,1,0,1,0.017672205343842506,0
molecola_12544,2,0,2,0.8652353286743164,1
molecola_12544,3,0,3,0.05701949819922447,0
molecola_12544,4,0,4,0.015071256086230278,0
molecola_12544,5,0,5,0.015071256086230278,0
molecola_12544,6,0,6,0.9581113457679749,1
molecola_12544,7,0,7,0.05703413486480713,0
molecola_12544,8,0,8,0.0060561238788068295,0
molecola_12544,9,0,9,0.0060331993736326694,0
molecola_12544,10,0,10,0.006360685918480158,0
molecola_12544,11,0,11,0.009370450861752033,0
molecola_12544,12,0,12,0.009057815186679363,0
molecola_12544,13,0,13,0.010968538001179695,0
molecola_12544,14,0,14,0.008943050168454647,0
molecola_12544,15,0,15,0.00788054522126913,0
molecola_12544,16,0,16,0.008756101131439209,0
molecola_12544,17,0,17,0.006596720777451992,0
molecola_12544,18,0,18,0.01000545360147953,0
molecola_12544,19,0,19,0.006622352637350559,0
molecola_12544,20,1,20,0.9547820091247559,1
molecola_12544,21,1,21,0.9526269435882568,1
molecola_12544,22,1,22,0.9623823761940002,1
molecola_12544,23,1,23,0.8930167555809021,1
molecola_12544,24,1,24,0.9682976007461548,1
molecola_12544,25,0,25,0.0249264407902956,0
molecola_12544,26,0,26,0.0249264407902956,0
molecola_12544,27,0,27,0.010780123062431812,0
molecola_12544,28,0,28,0.009973385371267796,0
molecola_12544,29,0,29,0.00985352136194706,0
molecola_12544,30,0,30,0.014400983229279518,0
molecola_12544,31,0,31,0.014613526873290539,0
molecola_12544,32,0,32,0.006883428432047367,0
molecola_12723,1,0,1,0.15841154754161835,0
molecola_12723,2,1,2,0.9659672379493713,1
molecola_12723,3,1,3,0.9631536602973938,1
molecola_12723,4,0,4,0.06482430547475815,0
molecola_12723,5,0,5,0.9073575139045715,1
molecola_12723,6,0,6,0.09354673326015472,0
molecola_12723,7,0,7,0.9552623629570007,1
molecola_12723,8,0,8,0.05899539962410927,0
molecola_12723,9,0,9,0.020706018432974815,0
molecola_12723,10,0,10,0.01985330879688263,0
molecola_12723,11,0,11,0.02400653436779976,0
molecola_12723,12,0,12,0.05685834959149361,0
molecola_12723,13,0,13,0.01205854956060648,0
molecola_12723,14,0,14,0.009125658310949802,0
molecola_12723,15,0,15,0.01016476284712553,0
molecola_12723,16,0,16,0.006560805253684521,0
molecola_12723,17,0,17,0.0060842400416731834,0
molecola_12723,18,0,18,0.0060842400416731834,0
molecola_12723,19,0,19,0.0060842400416731834,0
molecola_12723,20,0,20,0.05187852308154106,0
molecola_12723,21,0,21,0.016089560464024544,0
molecola_12723,22,0,22,0.008435626514256,0
molecola_12723,23,0,23,0.008498130366206169,0
molecola_12723,24,0,24,0.007543113082647324,0
molecola_12723,25,0,25,0.008307155221700668,0
molecola_12723,26,0,26,0.007543113082647324,0
molecola_12723,27,0,27,0.006726355757564306,0
molecola_12723,28,0,28,0.009774724021553993,0
molecola_12723,29,0,29,0.007801156025379896,0
molecola_13018,1,0,1,0.07263612747192383,0
molecola_13018,2,1,2,0.951220691204071,1
molecola_13018,3,1,3,0.9631932377815247,1
molecola_13018,4,0,4,0.03501295670866966,0
molecola_13018,5,0,5,0.00958491861820221,0
molecola_13018,6,0,6,0.005833445116877556,0
molecola_13018,7,0,7,0.0057706222869455814,0
molecola_13018,8,0,8,0.006224441342055798,0
molecola_13018,9,0,9,0.011635422706604004,0
molecola_13018,10,0,10,0.01185496337711811,0
molecola_13018,11,0,11,0.00837457925081253,0
molecola_13018,12,0,12,0.007922066375613213,0
molecola_13018,13,0,13,0.006059933919459581,0
molecola_13018,14,0,14,0.005777175538241863,0
molecola_13018,15,0,15,0.005777175538241863,0
molecola_13018,16,0,16,0.006059933919459581,0
molecola_13018,17,0,17,0.008029119111597538,0
molecola_13018,18,0,18,0.013402032665908337,0
molecola_13018,19,0,19,0.03717045113444328,0
molecola_13204,1,0,1,0.010016199201345444,0
molecola_13204,2,0,2,0.018122106790542603,0
molecola_13204,3,0,3,0.010016199201345444,0
molecola_13204,4,0,4,0.03818247467279434,0
molecola_13204,5,0,5,0.03862961009144783,0
molecola_13204,6,0,6,0.008893410675227642,0
molecola_13204,7,0,7,0.009042564779520035,0
molecola_13204,8,1,8,0.9464046359062195,1
molecola_13204,9,1,9,0.9561097621917725,1
molecola_13204,10,1,10,0.8738921880722046,1
molecola_13204,11,0,11,0.03738584741950035,0
molecola_13204,12,0,12,0.03738584741950035,0
molecola_13204,13,1,13,0.8300108909606934,1
molecola_13204,14,0,14,0.01195382047444582,0
molecola_13204,15,0,15,0.018103700131177902,0
molecola_13204,16,0,16,0.03361586108803749,0
molecola_13204,17,0,17,0.0245203897356987,0
molecola_13204,18,0,18,0.03559887036681175,0
molecola_13204,19,0,19,0.028095470741391182,0
molecola_13461,1,0,1,0.011966312304139137,0
molecola_13461,2,1,2,0.920960545539856,1
molecola_13461,3,0,3,0.011966312304139137,0
molecola_13461,4,1,4,0.9555043578147888,1
molecola_13461,5,1,5,0.967180073261261,1
molecola_13461,6,1,6,0.9070653319358826,1
molecola_13461,7,1,7,0.9741740822792053,1
molecola_13461,8,0,8,0.06074545532464981,0
molecola_13461,9,0,9,0.01294984295964241,0
molecola_13461,10,0,10,0.013679797761142254,0
molecola_13461,11,0,11,0.014410230331122875,0
molecola_13461,12,0,12,0.012762190774083138,0
molecola_13461,13,0,13,0.013617344200611115,0
molecola_13461,14,0,14,0.009449983015656471,0
molecola_13461,15,0,15,0.009470859542489052,0
molecola_13461,16,0,16,0.006426857318729162,0
molecola_13461,17,0,17,0.005921742878854275,0
molecola_13461,18,0,18,0.005636812187731266,0
molecola_13461,19,0,19,0.006065092049539089,0
molecola_13461,20,0,20,0.008038840256631374,0
molecola_13461,21,0,21,0.009622199460864067,0
molecola_13461,22,0,22,0.006491910200566053,0
molecola_13461,23,0,23,0.006126063875854015,0
molecola_13461,24,0,24,0.0074996910989284515,0
molecola_13461,25,0,25,0.006687445100396872,0
molecola_13461,26,0,26,0.009646494872868061,0
molecola_13461,27,0,27,0.006447702180594206,0
molecola_13461,28,0,28,0.007395726162940264,0
molecola_14006,1,0,1,0.016069011762738228,0
molecola_14006,2,0,2,0.03628553822636604,0
molecola_14006,3,0,3,0.023527374491095543,0
molecola_14006,4,0,4,0.02424739859998226,0
molecola_14006,5,0,5,0.04400329291820526,0
molecola_14006,6,1,6,0.9737643599510193,1
molecola_14006,7,1,7,0.967203676700592,1
molecola_14006,8,1,8,0.907092273235321,1
molecola_14006,9,1,9,0.9521623253822327,1
molecola_14006,10,1,10,0.9182563424110413,1
molecola_14006,11,0,11,0.01550790574401617,0
molecola_14006,12,0,12,0.007585105486214161,0
molecola_14006,13,0,13,0.005898769944906235,0
molecola_14006,14,0,14,0.005690194666385651,0
molecola_14006,15,0,15,0.005898769944906235,0
molecola_14006,16,0,16,0.007585105486214161,0
molecola_14006,17,0,17,0.021537194028496742,0
molecola_14006,18,0,18,0.023326678201556206,0
molecola_14006,19,0,19,0.027898486703634262,0
molecola_14006,20,0,20,0.017998961731791496,0
molecola_14006,21,0,21,0.013007143512368202,0
molecola_14006,22,0,22,0.0073690409772098064,0
molecola_14006,23,0,23,0.008039972744882107,0
molecola_14006,24,0,24,0.008242519572377205,0
molecola_14006,25,0,25,0.006039164029061794,0
molecola_14006,26,0,26,0.005967522971332073,0
molecola_14006,27,0,27,0.0070513212122023106,0
molecola_14006,28,0,28,0.01362733356654644,0
molecola_14006,29,0,29,0.010665715672075748,0
molecola_14487,1,0,1,0.020963111892342567,0
molecola_14487,2,0,2,0.8475960493087769,1
molecola_14487,3,0,3,0.8400458693504333,1
molecola_14487,4,0,4,0.10931296646595001,0
molecola_14487,5,0,5,0.03608829528093338,0
molecola_14487,6,0,6,0.02901320904493332,0
molecola_14487,7,1,7,0.9652968049049377,1
molecola_14487,8,1,8,0.9732162356376648,1
molecola_14487,9,0,9,0.9617944955825806,1
molecola_14487,10,0,10,0.19770994782447815,0
molecola_14487,11,0,11,0.5709356069564819,1
molecola_14487,12,0,12,0.03730735182762146,0
molecola_14487,13,0,13,0.00819987989962101,0
molecola_14487,14,0,14,0.007418815512210131,0
molecola_14487,15,0,15,0.007647310849279165,0
molecola_14487,16,0,16,0.012009217403829098,0
molecola_14487,17,0,17,0.013210427947342396,0
molecola_14487,18,0,18,0.007647310849279165,0
molecola_14487,19,0,19,0.008199884556233883,0
molecola_14487,20,0,20,0.007418815512210131,0
molecola_14850,1,1,1,0.9692586660385132,1
molecola_14850,2,1,2,0.9638828635215759,1
molecola_14850,3,0,3,0.2599230408668518,0
molecola_14850,4,0,4,0.06324734538793564,0
molecola_14850,5,0,5,0.016762226819992065,0
molecola_14850,6,0,6,0.019462034106254578,0
molecola_14850,7,0,7,0.872878909111023,1
molecola_14850,8,0,8,0.9640538096427917,1
molecola_14850,9,0,9,0.09704195708036423,0
molecola_14850,10,0,10,0.8947331309318542,1
molecola_14850,11,0,11,0.20995542407035828,0
molecola_14850,12,0,12,0.04007157310843468,0
molecola_14850,13,0,13,0.013089429587125778,0
molecola_14850,14,0,14,0.007346717175096273,0
molecola_14850,15,0,15,0.008153078146278858,0
molecola_14850,16,0,16,0.00728753162547946,0
molecola_14850,17,0,17,0.00618876563385129,0
molecola_14850,18,0,18,0.008928705006837845,0
molecola_14850,19,0,19,0.024129264056682587,0
molecola_14850,20,0,20,0.026021819561719894,0
molecola_15136,1,0,1,0.012697301805019379,0
molecola_15136,2,0,2,0.019147194921970367,0
molecola_15136,3,0,3,0.012697301805019379,0
molecola_15136,4,0,4,0.02432756870985031,0
molecola_15136,5,0,5,0.04896959289908409,0
molecola_15136,6,0,6,0.12003397196531296,0
molecola_15136,7,0,7,0.9709082841873169,1
molecola_15136,8,0,8,0.9596114754676819,1
molecola_15136,9,0,9,0.9663317203521729,1
molecola_15136,10,0,10,0.051254354417324066,0
molecola_15136,11,0,11,0.026005741208791733,0
molecola_15136,12,0,12,0.02209368534386158,0
molecola_15136,13,0,13,0.02209368534386158,0
molecola_15136,14,0,14,0.026005741208791733,0
molecola_15136,15,0,15,0.051254354417324066,0
molecola_15136,16,1,16,0.7806488871574402,1
molecola_15136,17,0,17,0.09109582006931305,0
molecola_15136,18,1,18,0.9375683665275574,1
molecola_15136,19,0,19,0.07915090769529343,0
molecola_15136,20,0,20,0.7690246105194092,1
molecola_15136,21,0,21,0.06438232213258743,0
molecola_15136,22,0,22,0.06438232213258743,0
molecola_15164,1,0,1,0.010839711874723434,0
molecola_15164,2,0,2,0.018704181537032127,0
molecola_15164,3,0,3,0.010839711874723434,0
molecola_15164,4,0,4,0.09182638674974442,0
molecola_15164,5,0,5,0.03346436098217964,0
molecola_15164,6,0,6,0.037705741822719574,0
molecola_15164,7,0,7,0.45906415581703186,0
molecola_15164,8,0,8,0.037705741822719574,0
molecola_15164,9,0,9,0.03346436098217964,0
molecola_15164,10,0,10,0.04314915090799332,0
molecola_15164,11,0,11,0.011218374595046043,0
molecola_15164,12,0,12,0.007900500670075417,0
molecola_15164,13,0,13,0.009360249154269695,0
molecola_15164,14,0,14,0.0076262750662863255,0
molecola_15164,15,0,15,0.013949333690106869,0
molecola_15164,16,0,16,0.006564740557223558,0
molecola_15164,17,0,17,0.006083502434194088,0
molecola_15164,18,0,18,0.006083502434194088,0
molecola_15164,19,0,19,0.006083502434194088,0
molecola_15164,20,0,20,0.6598004698753357,1
molecola_15164,21,0,21,0.046117231249809265,0
molecola_15164,22,0,22,0.424361914396286,0
molecola_15164,23,0,23,0.06027647852897644,0
molecola_15164,24,0,24,0.022241245955228806,0
molecola_15164,25,0,25,0.021428097039461136,0
molecola_15164,26,0,26,0.02383694238960743,0
molecola_15164,27,0,27,0.021428097039461136,0
molecola_15164,28,0,28,0.022241245955228806,0
molecola_15164,29,0,29,0.01678423024713993,0
molecola_15164,30,0,30,0.01808895729482174,0
molecola_15164,31,0,31,0.016532424837350845,0
molecola_15164,32,0,32,0.01678423024713993,0
molecola_15164,33,1,33,0.9590184092521667,1
molecola_15164,34,0,34,0.07605157047510147,0
molecola_15164,35,1,35,0.9665114283561707,1
molecola_15446,1,0,1,0.01579563319683075,0
molecola_15446,2,0,2,0.017793644219636917,0
molecola_15446,3,0,3,0.006913450080901384,0
molecola_15446,4,0,4,0.006426540669053793,0
molecola_15446,5,0,5,0.00863161776214838,0
molecola_15446,6,0,6,0.007497874088585377,0
molecola_15446,7,0,7,0.012771734967827797,0
molecola_15446,8,0,8,0.1084238588809967,0
molecola_15446,9,1,9,0.9667330980300903,1
molecola_15446,10,1,10,0.9398723840713501,1
molecola_15446,11,0,11,0.058592457324266434,0
molecola_15446,12,0,12,0.2762625515460968,0
molecola_15446,13,0,13,0.049766164273023605,0
molecola_15446,14,0,14,0.049766164273023605,0
molecola_15446,15,0,15,0.10916773974895477,0
molecola_15446,16,0,16,0.01170849334448576,0
molecola_15446,17,0,17,0.00618032505735755,0
molecola_15446,18,0,18,0.005636812187731266,0
molecola_15446,19,0,19,0.006145045626908541,0
molecola_15446,20,0,20,0.014465400949120522,0
molecola_15457,1,0,1,0.006290140561759472,0
molecola_15457,2,0,2,0.008063516579568386,0
molecola_15457,3,0,3,0.010803884826600552,0
molecola_15457,4,0,4,0.009937207214534283,0
molecola_15457,5,0,5,0.14867781102657318,0
molecola_15457,6,0,6,0.03842697665095329,0
molecola_15457,7,0,7,0.03842697665095329,0
molecola_15457,8,0,8,0.01022275723516941,0
molecola_15457,9,0,9,0.0139079624786973,0
molecola_15457,10,0,10,0.016787299886345863,0
molecola_15457,11,0,11,0.016304075717926025,0
molecola_15457,12,0,12,0.013870233669877052,0
molecola_15457,13,0,13,0.013822684064507484,0
molecola_15457,14,0,14,0.012530256994068623,0
molecola_15457,15,0,15,0.009091801010072231,0
molecola_15457,16,0,16,0.009461998008191586,0
molecola_15457,17,0,17,0.007512678392231464,0
molecola_15457,18,0,18,0.009352999739348888,0
molecola_15457,19,0,19,0.014304189942777157,0
molecola_15457,20,0,20,0.012156928889453411,0
molecola_15457,21,0,21,0.014853940345346928,0
molecola_15457,22,0,22,0.013475918211042881,0
molecola_15457,23,1,23,0.9547752737998962,1
molecola_15457,24,1,24,0.9544628858566284,1
molecola_15457,25,1,25,0.9637187719345093,1
molecola_15457,26,1,26,0.8999698162078857,1
molecola_15457,27,1,27,0.9730957746505737,1
molecola_15457,28,0,28,0.0634319856762886,0
molecola_15457,29,0,29,0.029645994305610657,0
molecola_15457,30,0,30,0.04282795265316963,0
molecola_15457,31,0,31,0.029645994305610657,0
molecola_15457,32,0,32,0.0634319856762886,0
molecola_15457,33,0,33,0.08351095020771027,0
molecola_15457,34,0,34,0.03065674565732479,0
molecola_15457,35,0,35,0.025075318291783333,0
molecola_15457,36,0,36,0.022818755358457565,0
molecola_15457,37,0,37,0.025075318291783333,0
molecola_15457,38,0,38,0.03065674565732479,0
molecola_15457,39,0,39,0.009325246326625347,0
molecola_15457,40,0,40,0.00637191254645586,0
molecola_15457,41,0,41,0.008177337236702442,0
molecola_15457,42,0,42,0.008385780267417431,0
molecola_15457,43,0,43,0.009022057056427002,0
molecola_15457,44,0,44,0.009174905717372894,0
molecola_15457,45,0,45,0.007062842138111591,0
molecola_15618,1,0,1,0.0123387910425663,0
molecola_15618,2,0,2,0.013080427423119545,0
molecola_15618,3,0,3,0.019306303933262825,0
molecola_15618,4,0,4,0.008488412946462631,0
molecola_15618,5,0,5,0.006022862158715725,0
molecola_15618,6,0,6,0.0060400026850402355,0
molecola_15618,7,0,7,0.008451431058347225,0
molecola_15618,8,0,8,0.01271008886396885,0
molecola_15618,9,0,9,0.021988090127706528,0
molecola_15618,10,0,10,0.010025929659605026,0
molecola_15618,11,0,11,0.010982570238411427,0
molecola_15618,12,0,12,0.2836129069328308,0
molecola_15618,13,0,13,0.03848906606435776,0
molecola_15618,14,0,14,0.09187702089548111,0
molecola_15618,15,0,15,0.03345836326479912,0
molecola_15618,16,0,16,0.009598866105079651,0
molecola_15618,17,0,17,0.011664709076285362,0
molecola_15618,18,0,18,0.00867699459195137,0
molecola_15618,19,0,19,0.00867699459195137,0
molecola_15618,20,0,20,0.17794199287891388,0
molecola_15618,21,0,21,0.039567556232213974,0
molecola_15618,22,0,22,0.1417376846075058,0
molecola_15618,23,0,23,0.03845205903053284,0
molecola_15618,24,0,24,0.015166626311838627,0
molecola_15618,25,0,25,0.03024098463356495,0
molecola_15618,26,0,26,0.02512875758111477,0
molecola_15618,27,0,27,0.04496915638446808,0
molecola_15618,28,0,28,0.5457638502120972,1
molecola_15618,29,0,29,0.8273116946220398,1
molecola_15618,30,0,30,0.05721745640039444,0
molecola_15618,31,0,31,0.1417655199766159,0
molecola_15618,32,0,32,0.04861592873930931,0
molecola_15618,33,0,33,0.8637493848800659,1
molecola_15618,34,1,34,0.9667050242424011,1
molecola_15618,35,1,35,0.9542851448059082,1
molecola_15618,36,1,36,0.8424747586250305,1
molecola_15618,37,1,37,0.8591148853302002,1
molecola_15618,38,0,38,0.8591148853302002,1
molecola_15930,1,0,1,0.014729928225278854,0
molecola_15930,2,0,2,0.018676595762372017,0
molecola_15930,3,0,3,0.9061093330383301,1
molecola_15930,4,0,4,0.0397610105574131,0
molecola_15930,5,0,5,0.047700151801109314,0
molecola_15930,6,1,6,0.9269118905067444,1
molecola_15930,7,1,7,0.967118501663208,1
molecola_15930,8,0,8,0.05936385691165924,0
molecola_15930,9,0,9,0.009405722841620445,0
molecola_15930,10,0,10,0.005833441857248545,0
molecola_15930,11,0,11,0.005851996596902609,0
molecola_15930,12,0,12,0.007164165377616882,0
molecola_15930,13,0,13,0.016202036291360855,0
molecola_15930,14,0,14,0.012343726120889187,0
molecola_15930,15,0,15,0.007201945874840021,0
molecola_15930,16,0,16,0.006084649823606014,0
molecola_15930,17,0,17,0.007203876040875912,0
molecola_15930,18,0,18,0.006384874694049358,0
molecola_15930,19,0,19,0.006084649823606014,0
molecola_15930,20,0,20,0.007201945874840021,0
molecola_15976,1,0,1,0.13197952508926392,0
molecola_15976,2,1,2,0.9550954103469849,1
molecola_15976,3,1,3,0.9281253814697266,1
molecola_15976,4,0,4,0.038205135613679886,0
molecola_15976,5,0,5,0.023921502754092216,0
molecola_15976,6,0,6,0.009681780822575092,0
molecola_15976,7,0,7,0.008033054880797863,0
molecola_15976,8,0,8,0.012765050865709782,0
molecola_15976,9,0,9,0.013510841876268387,0
molecola_15976,10,0,10,0.013503814116120338,0
molecola_15976,11,0,11,0.013057068921625614,0
molecola_15976,12,0,12,0.00783877819776535,0
molecola_15976,13,0,13,0.008335856720805168,0
molecola_15976,14,0,14,0.009845240041613579,0
molecola_15976,15,0,15,0.00839664414525032,0
molecola_15976,16,0,16,0.006260239519178867,0
molecola_15976,17,0,17,0.0061652506701648235,0
molecola_15976,18,0,18,0.008025633171200752,0
molecola_15976,19,0,19,0.00728753162547946,0
molecola_15976,20,0,20,0.006555471103638411,0
molecola_15976,21,0,21,0.008344368077814579,0
molecola_15976,22,0,22,0.0075645437464118,0
molecola_15976,23,0,23,0.006210240535438061,0
molecola_15976,24,0,24,0.007040702737867832,0
molecola_15976,25,0,25,0.015587231144309044,0
molecola_15976,26,0,26,0.06101169437170029,0
molecola_15976,27,0,27,0.02976490743458271,0
molecola_15976,28,0,28,0.016534285619854927,0
molecola_15976,29,0,29,0.011625709943473339,0
molecola_16161,1,0,1,0.007418921682983637,0
molecola_16161,2,0,2,0.008124209009110928,0
molecola_16161,3,0,3,0.007516668643802404,0
molecola_16161,4,0,4,0.005958170164376497,0
molecola_16161,5,0,5,0.005742798093706369,0
molecola_16161,6,0,6,0.006164952646940947,0
molecola_16161,7,0,7,0.02568422444164753,0
molecola_16161,8,0,8,0.05781472846865654,0
molecola_16161,9,0,9,0.23517395555973053,0
molecola_16161,10,0,10,0.03856068477034569,0
molecola_16161,11,0,11,0.023855995386838913,0
molecola_16161,12,0,12,0.009804843924939632,0
molecola_16161,13,0,13,0.00763368047773838,0
molecola_16161,14,0,14,0.011534149758517742,0
molecola_16161,15,0,15,0.014744634740054607,0
molecola_16161,16,0,16,0.01718376949429512,0
molecola_16161,17,0,17,0.018539322540163994,0
molecola_16161,18,0,18,0.018022634088993073,0
molecola_16161,19,0,19,0.011279466561973095,0
molecola_16161,20,1,20,0.7819933891296387,1
molecola_16161,21,0,21,0.011077388189733028,0
molecola_16161,22,0,22,0.013519169762730598,0
molecola_16161,23,0,23,0.011164378374814987,0
molecola_16161,24,0,24,0.010297025553882122,0
molecola_16161,25,0,25,0.010415575467050076,0
molecola_16161,26,0,26,0.006931078154593706,0
molecola_16161,27,0,27,0.005898769944906235,0
molecola_16161,28,0,28,0.005690194666385651,0
molecola_16161,29,0,29,0.005898769944906235,0
molecola_16161,30,0,30,0.006931078154593706,0
molecola_16161,31,1,31,0.9660310745239258,1
molecola_16161,32,1,32,0.9542022943496704,1
molecola_16161,33,0,33,0.842470645904541,1
molecola_16161,34,0,34,0.859119176864624,1
molecola_16161,35,1,35,0.859119176864624,1
molecola_16161,36,0,36,0.00689303781837225,0
molecola_16161,37,0,37,0.0061871702782809734,0
molecola_16161,38,0,38,0.0061871702782809734,0
molecola_16161,39,0,39,0.0061871702782809734,0
molecola_16161,40,0,40,0.012063686735928059,0
molecola_16307,1,1,1,0.8603470921516418,1
molecola_16307,2,1,2,0.947735071182251,1
molecola_16307,3,1,3,0.9622964859008789,1
molecola_16307,4,1,4,0.8926395773887634,1
molecola_16307,5,1,5,0.9701412916183472,1
molecola_16307,6,0,6,0.025561988353729248,0
molecola_16307,7,0,7,0.0832805410027504,0
molecola_16307,8,0,8,0.016266468912363052,0
molecola_16307,9,0,9,0.016499320045113564,0
molecola_16307,10,0,10,0.009588888846337795,0
molecola_16307,11,0,11,0.00880061648786068,0
molecola_16307,12,0,12,0.009588888846337795,0
molecola_16307,13,0,13,0.016266468912363052,0
molecola_16307,14,0,14,0.016499320045113564,0
molecola_16307,15,0,15,0.008474250324070454,0
molecola_16307,16,0,16,0.009851200506091118,0
molecola_16307,17,0,17,0.012527047656476498,0
molecola_16307,18,0,18,0.00943788979202509,0
molecola_16307,19,0,19,0.009626657702028751,0
molecola_16307,20,0,20,0.006553390063345432,0
molecola_16307,21,0,21,0.005900414194911718,0
molecola_16307,22,0,22,0.005793983116745949,0
molecola_16307,23,0,23,0.00616719713434577,0
molecola_16307,24,0,24,0.00867003295570612,0
molecola_16307,25,0,25,0.007826138287782669,0
molecola_16307,26,0,26,0.009684703312814236,0
molecola_16307,27,0,27,0.008058317005634308,0
molecola_16307,28,0,28,0.0059628915041685104,0
molecola_16307,29,0,29,0.005714180413633585,0
molecola_16307,30,0,30,0.006199920084327459,0
molecola_16307,31,0,31,0.008580503053963184,0
molecola_16406,1,0,1,0.01205764152109623,0
molecola_16406,2,0,2,0.027405451983213425,0
molecola_16406,3,0,3,0.034521639347076416,0
molecola_16406,4,0,4,0.054569944739341736,0
molecola_16406,5,0,5,0.018238184973597527,0
molecola_16406,6,0,6,0.03678223490715027,0
molecola_16406,7,0,7,0.054598744958639145,0
molecola_16406,8,1,8,0.9622446298599243,1
molecola_16406,9,0,9,0.12617255747318268,0
molecola_16406,10,1,10,0.9696134924888611,1
molecola_16406,11,0,11,0.15978360176086426,0
molecola_16406,12,0,12,0.043341778218746185,0
molecola_16406,13,0,13,0.02716244012117386,0
molecola_16406,14,0,14,0.010992679744958878,0
molecola_16406,15,0,15,0.007976214401423931,0
molecola_16406,16,0,16,0.012484867125749588,0
molecola_16406,17,0,17,0.007976214401423931,0
molecola_16406,18,0,18,0.010992679744958878,0
molecola_16406,19,0,19,0.0124592836946249,0
molecola_16406,20,0,20,0.008822535164654255,0
molecola_16406,21,0,21,0.008822535164654255,0
molecola_16519,1,0,1,0.03455641493201256,0
molecola_16519,2,1,2,0.8794378042221069,1
molecola_16519,3,0,3,0.029064983129501343,0
molecola_16519,4,0,4,0.029064983129501343,0
molecola_16519,5,1,5,0.9547982215881348,1
molecola_16519,6,1,6,0.9494268894195557,1
molecola_16519,7,0,7,0.011472987942397594,0
molecola_16519,8,0,8,0.00803465861827135,0
molecola_16519,9,0,9,0.0065508047118783,0
molecola_16519,10,0,10,0.007606146857142448,0
molecola_16519,11,0,11,0.006443577352911234,0
molecola_16519,12,0,12,0.008049165830016136,0
molecola_16519,13,0,13,0.00617187237367034,0
molecola_16519,14,0,14,0.005714180413633585,0
molecola_16519,15,0,15,0.005945390556007624,0
molecola_16519,16,0,16,0.007756273727864027,0
molecola_16519,17,0,17,0.011496671475470066,0
molecola_16569,1,1,1,0.9683620929718018,1
molecola_16569,2,1,2,0.9632360339164734,1
molecola_16569,3,0,3,0.12055576592683792,0
molecola_16569,4,0,4,0.08163470774888992,0
molecola_16569,5,0,5,0.013039868324995041,0
molecola_16569,6,0,6,0.008387950249016285,0
molecola_16569,7,0,7,0.006311660632491112,0
molecola_16569,8,0,8,0.005907290615141392,0
molecola_16569,9,0,9,0.006311657838523388,0
molecola_16569,10,0,10,0.013039861805737019,0
molecola_16569,11,0,11,0.008387950249016285,0
molecola_16620,1,0,1,0.008847321383655071,0
molecola_16620,2,0,2,0.009804608300328255,0
molecola_16620,3,0,3,0.008847321383655071,0
molecola_16620,4,0,4,0.012101924978196621,0
molecola_16620,5,0,5,0.011628602631390095,0
molecola_16620,6,0,6,0.007535388693213463,0
molecola_16620,7,0,7,0.01017884910106659,0
molecola_16620,8,0,8,0.008489721454679966,0
molecola_16620,9,0,9,0.006275345105677843,0
molecola_16620,10,0,10,0.006234064698219299,0
molecola_16620,11,0,11,0.007910232059657574,0
molecola_16620,12,0,12,0.006639307364821434,0
molecola_16620,13,0,13,0.008341250941157341,0
molecola_16620,14,0,14,0.007511402014642954,0
molecola_16620,15,0,15,0.008780731819570065,0
molecola_16620,16,0,16,0.0067363884299993515,0
molecola_16620,17,0,17,0.010756634175777435,0
molecola_16620,18,0,18,0.007809567265212536,0
molecola_16620,19,0,19,0.019952351227402687,0
molecola_16620,20,0,20,0.8685035109519958,1
molecola_16620,21,1,21,0.9667348861694336,1
molecola_16620,22,1,22,0.9542653560638428,1
molecola_16620,23,1,23,0.8424747586250305,1
molecola_16620,24,1,24,0.8591148853302002,1
molecola_16620,25,0,25,0.8591148853302002,1
molecola_16620,26,0,26,0.01923108845949173,0
molecola_16620,27,0,27,0.008277651853859425,0
molecola_16620,28,0,28,0.012594504281878471,0
molecola_16620,29,0,29,0.01311507262289524,0
molecola_16620,30,0,30,0.01311507262289524,0
molecola_16620,31,0,31,0.010338402353227139,0
molecola_16620,32,0,32,0.009666445665061474,0
molecola_16620,33,0,33,0.010042322799563408,0
molecola_16620,34,0,34,0.006534251384437084,0
molecola_16620,35,0,35,0.005975810810923576,0
molecola_16620,36,0,36,0.005975810810923576,0
molecola_16620,37,0,37,0.00885757990181446,0
molecola_16620,38,0,38,0.007892671041190624,0
molecola_16620,39,0,39,0.006757155992090702,0
molecola_16620,40,0,40,0.006022346206009388,0
molecola_16620,41,0,41,0.005852645728737116,0
molecola_16620,42,0,42,0.006022346206009388,0
molecola_16620,43,0,43,0.007892671041190624,0
molecola_16620,44,0,44,0.006757155992090702,0
molecola_16736,1,0,1,0.007657054346054792,0
molecola_16736,2,0,2,0.00899931974709034,0
molecola_16736,3,0,3,0.010328337550163269,0
molecola_16736,4,0,4,0.010574973188340664,0
molecola_16736,5,0,5,0.012019847519695759,0
molecola_16736,6,0,6,0.01000707782804966,0
molecola_16736,7,0,7,0.009870903566479683,0
molecola_16736,8,0,8,0.018132351338863373,0
molecola_16736,9,0,9,0.044547077268362045,0
molecola_16736,10,1,10,0.9003143906593323,1
molecola_16736,11,0,11,0.11511403322219849,0
molecola_16736,12,1,12,0.6585111618041992,1
molecola_16736,13,0,13,0.0210096575319767,0
molecola_16736,14,0,14,0.0210096575319767,0
molecola_16736,15,0,15,0.015226397663354874,0
molecola_16736,16,0,16,0.013983027078211308,0
molecola_16736,17,0,17,0.015322921797633171,0
molecola_16736,18,0,18,0.00973243173211813,0
molecola_16736,19,0,19,0.009342513047158718,0
molecola_16736,20,0,20,0.006578350439667702,0
molecola_16736,21,0,21,0.006396137177944183,0
molecola_16736,22,0,22,0.007853034883737564,0
molecola_16736,23,0,23,0.006396137177944183,0
molecola_16736,24,0,24,0.006578350439667702,0
molecola_16736,25,0,25,0.008207340724766254,0
molecola_16736,26,0,26,0.006160817574709654,0
molecola_16736,27,0,27,0.0057706222869455814,0
molecola_16736,28,0,28,0.0057706222869455814,0
molecola_16736,29,0,29,0.0061614979058504105,0
molecola_16736,30,0,30,0.008146117441356182,0
molecola_16736,31,0,31,0.007992371916770935,0
molecola_16736,32,0,32,0.00789873767644167,0
molecola_16736,33,0,33,0.008158663287758827,0
molecola_16736,34,0,34,0.007809863425791264,0
molecola_16736,35,0,35,0.008025435730814934,0
molecola_16736,36,0,36,0.007541706785559654,0
molecola_16781,1,1,1,0.9651516675949097,1
molecola_16781,2,1,2,0.9596698880195618,1
molecola_16781,3,0,3,0.07197960466146469,0
molecola_16781,4,1,4,0.03155974671244621,0
molecola_16781,5,0,5,0.015477417968213558,0
molecola_16781,6,0,6,0.010923665948212147,0
molecola_16781,7,0,7,0.011756783351302147,0
molecola_16781,8,0,8,0.014277704991400242,0
molecola_16781,9,0,9,0.024983007460832596,0
molecola_16781,10,0,10,0.022362925112247467,0
molecola_16781,11,0,11,0.021982070058584213,0
molecola_16781,12,0,12,0.021332761272788048,0
molecola_16781,13,0,13,0.021982070058584213,0
molecola_16781,14,0,14,0.022362925112247467,0
molecola_16781,15,0,15,0.011545181274414062,0
molecola_16781,16,0,16,0.009412430226802826,0
molecola_16781,17,0,17,0.014913549646735191,0
molecola_16781,18,1,18,0.025353148579597473,0
molecola_16781,19,0,19,0.014071213081479073,0
molecola_16781,20,1,20,0.2563731074333191,0
molecola_16781,21,0,21,0.041310787200927734,0
molecola_16781,22,1,22,0.041310787200927734,0
molecola_16851,1,0,1,0.01917973719537258,0
molecola_16851,2,0,2,0.6392487287521362,1
molecola_16851,3,0,3,0.01917973719537258,0
molecola_16851,4,1,4,0.9588218927383423,1
molecola_16851,5,1,5,0.9469241499900818,1
molecola_16851,6,0,6,0.060109179466962814,0
molecola_16851,7,0,7,0.006753805559128523,0
molecola_16851,8,0,8,0.006026931572705507,0
molecola_16851,9,0,9,0.007311920169740915,0
molecola_16851,10,0,10,0.006376358214765787,0
molecola_16851,11,0,11,0.006386958993971348,0
molecola_16851,12,0,12,0.008618513122200966,0
molecola_16851,13,0,13,0.007431421894580126,0
molecola_17320,1,0,1,0.007129349745810032,0
molecola_17320,2,0,2,0.008139115758240223,0
molecola_17320,3,0,3,0.00932277087122202,0
molecola_17320,4,0,4,0.013808338902890682,0
molecola_17320,5,0,5,0.020955409854650497,0
molecola_17320,6,0,6,0.05304309353232384,0
molecola_17320,7,1,7,0.9582515954971313,1
molecola_17320,8,1,8,0.9413172602653503,1
molecola_17320,9,0,9,0.13886184990406036,0
molecola_17320,10,0,10,0.11066672950983047,0
molecola_17320,11,0,11,0.011872852221131325,0
molecola_17320,12,0,12,0.006622240412980318,0
molecola_17320,13,0,13,0.022888725623488426,0
molecola_17320,14,0,14,0.057263217866420746,0
molecola_17320,15,0,15,0.2373351752758026,0
molecola_17320,16,0,16,0.03856050968170166,0
molecola_17320,17,0,17,0.0237690769135952,0
molecola_17320,18,0,18,0.00937686674296856,0
molecola_17320,19,0,19,0.006140795070677996,0
molecola_17320,20,0,20,0.0057706222869455814,0
molecola_17320,21,0,21,0.006486548576503992,0
molecola_17320,22,0,22,0.011583383195102215,0
molecola_17320,23,0,23,0.00824760366231203,0
molecola_17320,24,0,24,0.0061028702184557915,0
molecola_17320,25,0,25,0.005776559002697468,0
molecola_17320,26,0,26,0.005690194666385651,0
molecola_17320,27,0,27,0.005776559002697468,0
molecola_17320,28,0,28,0.0061028702184557915,0
molecola_17320,29,0,29,0.006622240412980318,0
molecola_17320,30,0,30,0.011872852221131325,0
molecola_17320,31,0,31,0.09864082932472229,0
molecola_17320,32,0,32,0.010593314655125141,0
molecola_17320,33,0,33,0.006356458645313978,0
molecola_17320,34,0,34,0.0057706222869455814,0
molecola_17320,35,0,35,0.006754221860319376,0
molecola_17320,36,0,36,0.013338758610188961,0
molecola_17320,37,0,37,0.010042669251561165,0
molecola_17320,38,0,38,0.008634058758616447,0
molecola_17339,1,0,1,0.015434961766004562,0
molecola_17339,2,0,2,0.058155179023742676,0
molecola_17339,3,0,3,0.027084125205874443,0
molecola_17339,4,0,4,0.06574214994907379,0
molecola_17339,5,0,5,0.011200759559869766,0
molecola_17339,6,0,6,0.0066472808830440044,0
molecola_17339,7,0,7,0.005986887030303478,0
molecola_17339,8,0,8,0.005852645728737116,0
molecola_17339,9,0,9,0.005986887030303478,0
molecola_17339,10,0,10,0.011200759559869766,0
molecola_17339,11,0,11,0.0066472808830440044,0
molecola_17339,12,1,12,0.9687918424606323,1
molecola_17339,13,1,13,0.9044046998023987,1
molecola_17339,14,0,14,0.04355722293257713,0
molecola_17339,15,0,15,0.04420242831110954,0
molecola_17339,16,0,16,0.9068024158477783,1
molecola_18070,1,0,1,0.011966312304139137,0
molecola_18070,2,0,2,0.27420666813850403,0
molecola_18070,3,0,3,0.011966312304139137,0
molecola_18070,4,0,4,0.4750898778438568,0
molecola_18070,5,0,5,0.9676645994186401,1
molecola_18070,6,0,6,0.19826173782348633,0
molecola_18070,7,0,7,0.910102128982544,1
molecola_18070,8,0,8,0.24950513243675232,0
molecola_18070,9,0,9,0.03401844948530197,0
molecola_18070,10,0,10,0.03524089604616165,0
molecola_18070,11,0,11,0.03401844948530197,0
molecola_18070,12,1,12,0.9633874893188477,1
molecola_18070,13,0,13,0.11456606537103653,0
molecola_18070,14,1,14,0.9700028300285339,1
molecola_18388,1,0,1,0.013862005434930325,0
molecola_18388,2,0,2,0.08843677490949631,0
molecola_18388,3,1,3,0.9471773505210876,1
molecola_18388,4,1,4,0.8801048994064331,1
molecola_18388,5,0,5,0.04291314259171486,0
molecola_18388,6,0,6,0.07095252722501755,0
molecola_18388,7,0,7,0.03648369014263153,0
molecola_18388,8,0,8,0.10797663778066635,0
molecola_18388,9,0,9,0.012367081828415394,0
molecola_18388,10,0,10,0.008863995783030987,0
molecola_18388,11,0,11,0.0076827965676784515,0
molecola_18388,12,0,12,0.009545869193971157,0
molecola_18388,13,0,13,0.008983942680060863,0
molecola_18388,14,0,14,0.00959054660052061,0
molecola_18388,15,0,15,0.006522764917463064,0
molecola_18388,16,0,16,0.007493798155337572,0
molecola_18388,17,0,17,0.01281878910958767,0
molecola_18388,18,0,18,0.013754184357821941,0
molecola_18388,19,0,19,0.011438848450779915,0
molecola_18388,20,0,20,0.008154933340847492,0
molecola_18388,21,0,21,0.009642108343541622,0
molecola_18388,22,0,22,0.007922995835542679,0
molecola_18388,23,0,23,0.007922995835542679,0
molecola_18388,24,0,24,0.008863995783030987,0
molecola_18388,25,0,25,0.00768279330804944,0
molecola_18388,26,0,26,0.012367081828415394,0
molecola_18739,1,0,1,0.026263169944286346,0
molecola_18739,2,0,2,0.03985491022467613,0
molecola_18739,3,0,3,0.01456135232001543,0
molecola_18739,4,0,4,0.010753611102700233,0
molecola_18739,5,0,5,0.007042186334729195,0
molecola_18739,6,0,6,0.00954515766352415,0
molecola_18739,7,0,7,0.03299456462264061,0
molecola_18739,8,0,8,0.034176863729953766,0
molecola_18739,9,0,9,0.04726981744170189,0
molecola_18739,10,0,10,0.034175556153059006,0
molecola_18739,11,0,11,0.03375702351331711,0
molecola_18739,12,0,12,0.01154277566820383,0
molecola_18739,13,0,13,0.023406315594911575,0
molecola_18739,14,0,14,0.05610606446862221,0
molecola_18739,15,1,15,0.9624358415603638,1
molecola_18739,16,0,16,0.05610606446862221,0
molecola_18739,17,0,17,0.023406315594911575,0
molecola_18739,18,1,18,0.9172860980033875,1
molecola_18739,19,0,19,0.09339983761310577,0
molecola_18739,20,0,20,0.08536376804113388,0
molecola_18739,21,0,21,0.03641987219452858,0
molecola_18739,22,0,22,0.10614175349473953,0
molecola_18739,23,0,23,0.011194255203008652,0
molecola_18739,24,0,24,0.006168945226818323,0
molecola_18739,25,0,25,0.007203876040875912,0
molecola_18739,26,0,26,0.006384874694049358,0
molecola_18739,27,0,27,0.006168945226818323,0
molecola_18739,28,0,28,0.011194255203008652,0
molecola_18787,1,0,1,0.021498624235391617,0
molecola_18787,2,1,2,0.7931126952171326,1
molecola_18787,3,1,3,0.9057474136352539,1
molecola_18787,4,0,4,0.11405295878648758,0
molecola_18787,5,0,5,0.04397271201014519,0
molecola_18787,6,0,6,0.016114912927150726,0
molecola_18787,7,0,7,0.007618047762662172,0
molecola_18787,8,0,8,0.006402343977242708,0
molecola_18787,9,0,9,0.0077587696723639965,0
molecola_18787,10,0,10,0.006402343977242708,0
molecola_18787,11,0,11,0.007618047762662172,0
molecola_18787,12,0,12,0.007996470667421818,0
molecola_18787,13,0,13,0.006079656537622213,0
molecola_18787,14,0,14,0.005790117662400007,0
molecola_18787,15,0,15,0.005636812187731266,0
molecola_18787,16,0,16,0.00594921363517642,0
molecola_18787,17,0,17,0.007519073784351349,0
molecola_18787,18,0,18,0.06957469135522842,0
molecola_18787,19,0,19,0.0137174092233181,0
molecola_18787,20,0,20,0.011888431385159492,0
molecola_18787,21,0,21,0.00888463482260704,0
molecola_18787,22,0,22,0.025461142882704735,0
molecola_18787,23,0,23,0.012335078790783882,0
molecola_18787,24,0,24,0.016800321638584137,0
molecola_18787,25,0,25,0.014623761177062988,0
molecola_18787,26,0,26,0.014623761177062988,0
molecola_18787,27,0,27,0.06283420324325562,0
molecola_19008,1,0,1,0.0123387910425663,0
molecola_19008,2,0,2,0.013131852261722088,0
molecola_19008,3,0,3,0.021097663789987564,0
molecola_19008,4,0,4,0.008526108227670193,0
molecola_19008,5,0,5,0.006102465558797121,0
molecola_19008,6,0,6,0.006804301869124174,0
molecola_19008,7,0,7,0.015673363581299782,0
molecola_19008,8,0,8,0.061515629291534424,0
molecola_19008,9,0,9,0.029764099046587944,0
molecola_19008,10,0,10,0.017621252685785294,0
molecola_19008,11,0,11,0.015601937659084797,0
molecola_19008,12,0,12,0.014027796685695648,0
molecola_19008,13,0,13,0.016621913760900497,0
molecola_19008,14,0,14,0.013188676908612251,0
molecola_19008,15,0,15,0.016294069588184357,0
molecola_19008,16,0,16,0.013727903366088867,0
molecola_19008,17,0,17,0.01909547485411167,0
molecola_19008,18,0,18,0.09776243567466736,0
molecola_19008,19,0,19,0.048059169203042984,0
molecola_19008,20,0,20,0.1863844245672226,0
molecola_19008,21,0,21,0.0262414813041687,0
molecola_19008,22,0,22,0.031022924929857254,0
molecola_19008,23,0,23,0.02469000034034252,0
molecola_19008,24,0,24,0.0459292009472847,0
molecola_19008,25,0,25,0.029947804287075996,0
molecola_19008,26,0,26,0.05431899055838585,0
molecola_19008,27,0,27,0.02190718799829483,0
molecola_19008,28,0,28,0.04206904396414757,0
molecola_19008,29,0,29,0.024720102548599243,0
molecola_19008,30,0,30,0.0169901754707098,0
molecola_19008,31,0,31,0.014123503118753433,0
molecola_19008,32,0,32,0.01765569858253002,0
molecola_19008,33,0,33,0.06292764842510223,0
molecola_19008,34,0,34,0.029763294383883476,0
molecola_19008,35,0,35,0.019408708438277245,0
molecola_19008,36,1,36,0.9652772545814514,1
molecola_19008,37,1,37,0.9749694466590881,1
molecola_19008,38,0,38,0.9752722382545471,1
molecola_19008,39,0,39,0.7531247735023499,1
molecola_19008,40,0,40,0.04436345770955086,0
molecola_19008,41,0,41,0.02018868736922741,0
molecola_19008,42,0,42,0.013495005667209625,0
molecola_19008,43,0,43,0.011613912880420685,0
molecola_19008,44,0,44,0.013938548043370247,0
molecola_19008,45,0,45,0.030066175386309624,0
molecola_19008,46,0,46,0.9655391573905945,1
molecola_19008,47,0,47,0.8999179601669312,1
molecola_19008,48,0,48,0.10702825337648392,0
molecola_19008,49,0,49,0.03021378256380558,0
molecola_19008,50,0,50,0.03021378256380558,0
molecola_19008,51,0,51,0.8999179601669312,1
molecola_19008,52,0,52,0.10702825337648392,0
molecola_19008,53,0,53,0.034058116376399994,0
molecola_19008,54,0,54,0.020682604983448982,0
molecola_19541,1,0,1,0.016639716923236847,0
molecola_19541,2,0,2,0.047746893018484116,0
molecola_19541,3,0,3,0.034059133380651474,0
molecola_19541,4,0,4,0.054405808448791504,0
molecola_19541,5,1,5,0.9720840454101562,1
molecola_19541,6,0,6,0.054405808448791504,0
molecola_19541,7,0,7,0.034059133380651474,0
molecola_19541,8,1,8,0.9585245251655579,1
molecola_19541,9,0,9,0.2484714835882187,0
molecola_19541,10,0,10,0.18537627160549164,0
molecola_19541,11,0,11,0.05949719622731209,0
molecola_19541,12,0,12,0.025195617228746414,0
molecola_19541,13,0,13,0.025195613503456116,0
molecola_19541,14,0,14,0.05934412404894829,0
molecola_19541,15,0,15,0.036612801253795624,0
molecola_19541,16,0,16,0.054698701947927475,0
molecola_19541,17,1,17,0.788104236125946,1
molecola_19541,18,0,18,0.06439035385847092,0
molecola_19541,19,1,19,0.06439035385847092,0
molecola_20039,1,1,1,0.862988293170929,1
molecola_20039,2,1,2,0.9517041444778442,1
molecola_20039,3,1,3,0.9667887091636658,1
molecola_20039,4,1,4,0.9069492220878601,1
molecola_20039,5,1,5,0.9724760055541992,1
molecola_20039,6,0,6,0.036842890083789825,0
molecola_20039,7,0,7,0.006166540086269379,0
molecola_20039,8,0,8,0.006410196423530579,0
molecola_20039,9,0,9,0.009693148545920849,0
molecola_20039,10,0,10,0.021461347118020058,0
molecola_20039,11,0,11,0.0911572128534317,0
molecola_20039,12,0,12,0.4729529619216919,0
molecola_20039,13,0,13,0.0603996105492115,0
molecola_20039,14,0,14,0.03219108656048775,0
molecola_20039,15,0,15,0.018619704991579056,0
molecola_20039,16,0,16,0.022733552381396294,0
molecola_20039,17,0,17,0.02240816317498684,0
molecola_20039,18,0,18,0.023708844557404518,0
molecola_20039,19,0,19,0.05475883185863495,0
molecola_20039,20,0,20,0.9370676279067993,1
molecola_20039,21,0,21,0.04730144888162613,0
molecola_20039,22,0,22,0.028803102672100067,0
molecola_20039,23,0,23,0.03509163111448288,0
molecola_20039,24,0,24,0.050533100962638855,0
molecola_20039,25,0,25,0.8892065286636353,1
molecola_20039,26,0,26,0.101808100938797,0
molecola_20039,27,0,27,0.018672717735171318,0
molecola_20039,28,0,28,0.01030708011239767,0
molecola_20039,29,0,29,0.0076773022301495075,0
molecola_20039,30,0,30,0.006242924835532904,0
molecola_20039,31,0,31,0.006066604051738977,0
molecola_20039,32,0,32,0.007493032142519951,0
molecola_20039,33,0,33,0.006497214548289776,0
molecola_20039,34,0,34,0.01040678657591343,0
molecola_20039,35,0,35,0.00789194367825985,0
molecola_20039,36,0,36,0.01748851127922535,0
molecola_20039,37,0,37,0.008797193877398968,0
molecola_20039,38,0,38,0.008264587260782719,0
molecola_20039,39,0,39,0.0060361456125974655,0
molecola_20039,40,0,40,0.006170784123241901,0
molecola_20039,41,0,41,0.01015821099281311,0
molecola_20039,42,0,42,0.008307202719151974,0
molecola_20876,1,0,1,0.01572025567293167,0
molecola_20876,2,0,2,0.023614535108208656,0
molecola_20876,3,0,3,0.026574591174721718,0
molecola_20876,4,0,4,0.049612656235694885,0
molecola_20876,5,0,5,0.05028128623962402,0
molecola_20876,6,0,6,0.026724180206656456,0
molecola_20876,7,0,7,0.022685976698994637,0
molecola_20876,8,1,8,0.8974528908729553,1
molecola_20876,9,0,9,0.025633152574300766,0
molecola_20876,10,1,10,0.9444417357444763,1
molecola_20876,11,1,11,0.840401828289032,1
molecola_20876,12,0,12,0.03932919725775719,0
molecola_20876,13,0,13,0.03932919725775719,0
molecola_20876,14,0,14,0.047823354601860046,0
molecola_20876,15,0,15,0.03328993543982506,0
molecola_20876,16,0,16,0.02044893056154251,0
molecola_20876,17,0,17,0.015622084029018879,0
molecola_20876,18,0,18,0.009931166656315327,0
molecola_20876,19,0,19,0.007505685091018677,0
molecola_20876,20,0,20,0.021862776950001717,0
molecola_20876,21,0,21,0.018311645835638046,0
molecola_20876,22,0,22,0.013603351078927517,0
molecola_20876,23,0,23,0.24696066975593567,0
molecola_20876,24,0,24,0.9382330179214478,1
molecola_20876,25,0,25,0.8364794254302979,1
molecola_20876,26,0,26,0.04006378725171089,0
molecola_20876,27,0,27,0.04006378725171089,0
molecola_20876,28,0,28,0.04884598031640053,0
molecola_20876,29,0,29,0.007265026215463877,0
molecola_20876,30,0,30,0.00730077363550663,0
molecola_20876,31,0,31,0.025409065186977386,0
molecola_21240,1,0,1,0.01050194725394249,0
molecola_21240,2,0,2,0.013256586156785488,0
molecola_21240,3,0,3,0.015478878282010555,0
molecola_21240,4,0,4,0.010980027727782726,0
molecola_21240,5,0,5,0.028736436739563942,0
molecola_21240,6,0,6,0.02449079230427742,0
molecola_21240,7,0,7,0.05356230586767197,0
molecola_21240,8,0,8,0.05353131517767906,0
molecola_21240,9,0,9,0.032107751816511154,0
molecola_21240,10,0,10,0.02473548986017704,0
molecola_21240,11,0,11,0.01353906374424696,0
molecola_21240,12,0,12,0.011401789262890816,0
molecola_21240,13,0,13,0.007051474880427122,0
molecola_21240,14,0,14,0.005898769944906235,0
molecola_21240,15,0,15,0.005690194666385651,0
molecola_21240,16,0,16,0.005898769944906235,0
molecola_21240,17,0,17,0.007051474880427122,0
molecola_21240,18,0,18,0.4300171136856079,0
molecola_21240,19,0,19,0.05062507838010788,0
molecola_21240,20,0,20,0.23036305606365204,0
molecola_21240,21,0,21,0.04650698974728584,0
molecola_21240,22,0,22,0.008320183493196964,0
molecola_21240,23,0,23,0.3046484887599945,0
molecola_21240,24,0,24,0.054978884756565094,0
molecola_21240,25,0,25,0.054978884756565094,0
molecola_21240,26,1,26,0.9726749062538147,1
molecola_21240,27,1,27,0.9668875336647034,1
molecola_21240,28,1,28,0.9070241451263428,1
molecola_21240,29,1,29,0.9545894861221313,1
molecola_21240,30,1,30,0.9248598217964172,1
molecola_21240,31,0,31,0.011620823293924332,0
molecola_21240,32,0,32,0.12982463836669922,0
molecola_21240,33,0,33,0.963272213935852,1
molecola_21240,34,0,34,0.06808920949697495,0
molecola_21240,35,0,35,0.03265408053994179,0
molecola_21240,36,0,36,0.01529096718877554,0
molecola_21240,37,0,37,0.01529096718877554,0
molecola_2156,1,0,1,0.22961078584194183,0
molecola_2156,2,1,2,0.9658548831939697,1
molecola_2156,3,1,3,0.9534721374511719,1
molecola_2156,4,0,4,0.01830596663057804,0
molecola_2156,5,0,5,0.013942579738795757,0
molecola_2156,6,0,6,0.020435038954019547,0
molecola_2156,7,0,7,0.017265869304537773,0
molecola_2156,8,0,8,0.02632812224328518,0
molecola_2156,9,0,9,0.04224324971437454,0
molecola_2156,10,0,10,0.033109117299318314,0
molecola_2156,11,0,11,0.01869499869644642,0
molecola_2156,12,0,12,0.013307248242199421,0
molecola_2156,13,0,13,0.19093573093414307,0
molecola_2156,14,0,14,0.02689223736524582,0
molecola_2156,15,0,15,0.02928067557513714,0
molecola_2156,16,0,16,0.009246321395039558,0
molecola_2156,17,0,17,0.009246321395039558,0
molecola_2156,18,0,18,0.009246321395039558,0
molecola_2156,19,0,19,0.010504543781280518,0
molecola_2156,20,0,20,0.010714062489569187,0
molecola_2156,21,0,21,0.05070386081933975,0
molecola_2156,22,0,22,0.03545006737112999,0
molecola_2156,23,0,23,0.07409001886844635,0
molecola_2156,24,0,24,0.026017259806394577,0
molecola_2156,25,0,25,0.026017259806394577,0
molecola_2156,26,0,26,0.10843610018491745,0
molecola_2156,27,0,27,0.03831079229712486,0
molecola_2156,28,0,28,0.023707497864961624,0
molecola_2156,29,0,29,0.009298228658735752,0
molecola_2156,30,0,30,0.006142762955278158,0
molecola_2156,31,0,31,0.005690194666385651,0
molecola_2156,32,0,32,0.006142762955278158,0
molecola_2156,33,0,33,0.009298228658735752,0
molecola_23004,1,0,1,0.010287980549037457,0
molecola_23004,2,1,2,0.8951073884963989,1
molecola_23004,3,1,3,0.9515299201011658,1
molecola_23004,4,1,4,0.9631683826446533,1
molecola_23004,5,1,5,0.9003950357437134,1
molecola_23004,6,1,6,0.9743260145187378,1
molecola_23004,7,0,7,0.04529881104826927,0
molecola_23004,8,0,8,0.012692699208855629,0
molecola_23004,9,0,9,0.008783948607742786,0
molecola_23004,10,0,10,0.021029094234108925,0
molecola_23004,11,0,11,0.06480444967746735,0
molecola_23004,12,1,12,0.9717077016830444,1
molecola_23004,13,0,13,0.062274809926748276,0
molecola_23004,14,0,14,0.015984099358320236,0
molecola_23004,15,0,15,0.009493735618889332,0
molecola_23004,16,0,16,0.010355263017117977,0
molecola_23004,17,0,17,0.007966222241520882,0
molecola_23004,18,0,18,0.010355263017117977,0
molecola_23004,19,0,19,0.009493735618889332,0
molecola_23004,20,0,20,0.006555662956088781,0
molecola_23004,21,0,21,0.006083502434194088,0
molecola_23004,22,0,22,0.006083502434194088,0
molecola_23004,23,0,23,0.006083502434194088,0
molecola_23004,24,0,24,0.006555662956088781,0
molecola_23004,25,0,25,0.006083502434194088,0
molecola_23004,26,0,26,0.006083502434194088,0
molecola_23004,27,0,27,0.006083502434194088,0
molecola_23004,28,1,28,0.9623499512672424,1
molecola_23004,29,1,29,0.8925912380218506,1
molecola_23004,30,1,30,0.9477604627609253,1
molecola_23004,31,1,31,0.8603470325469971,1
molecola_23004,32,0,32,0.020541761070489883,0
molecola_23004,33,0,33,0.009965968318283558,0
molecola_23004,34,0,34,0.009913056157529354,0
molecola_23004,35,0,35,0.007785411551594734,0
molecola_23004,36,0,36,0.011336011812090874,0
molecola_23004,37,0,37,0.12380059063434601,0
molecola_23004,38,0,38,0.006557803601026535,0
molecola_23004,39,0,39,0.006083502434194088,0
molecola_23004,40,0,40,0.006083502434194088,0
molecola_23004,41,0,41,0.006083502434194088,0
molecola_23703,1,0,1,0.1510239541530609,0
molecola_23703,2,0,2,0.07769981771707535,0
molecola_23703,3,0,3,0.9616179466247559,1
molecola_23703,4,0,4,0.07246054708957672,0
molecola_23703,5,0,5,0.03835950046777725,0
molecola_23703,6,0,6,0.08918052166700363,0
molecola_23703,7,0,7,0.02242457866668701,0
molecola_23703,8,0,8,0.022470638155937195,0
molecola_23703,9,0,9,0.02498592995107174,0
molecola_23703,10,0,10,0.06267630308866501,0
molecola_23703,11,1,11,0.9738484621047974,1
molecola_23703,12,1,12,0.9632750153541565,1
molecola_23703,13,1,13,0.900367021560669,1
molecola_23703,14,1,14,0.9509026408195496,1
molecola_23703,15,1,15,0.9142873883247375,1
molecola_23703,16,0,16,0.01229127123951912,0
molecola_23703,17,0,17,0.00595514103770256,0
molecola_23703,18,0,18,0.00601993128657341,0
molecola_23703,19,0,19,0.008879803121089935,0
molecola_23703,20,0,20,0.022810697555541992,0
molecola_23703,21,0,21,0.009425665251910686,0
molecola_23703,22,0,22,0.25579532980918884,0
molecola_23703,23,0,23,0.041308917105197906,0
molecola_23703,24,0,24,0.041308917105197906,0
molecola_23703,25,0,25,0.01176587212830782,0
molecola_23703,26,0,26,0.0065155415795743465,0
molecola_23703,27,0,27,0.005826284177601337,0
molecola_23703,28,0,28,0.005690194666385651,0
molecola_23703,29,0,29,0.005826284177601337,0
molecola_23703,30,0,30,0.0065155415795743465,0
molecola_24349,1,0,1,0.035047899931669235,0
molecola_24349,2,0,2,0.8811861872673035,1
molecola_24349,3,0,3,0.029391763731837273,0
molecola_24349,4,0,4,0.029391763731837273,0
molecola_24349,5,0,5,0.965323269367218,1
molecola_24349,6,1,6,0.9747349619865417,1
molecola_24349,7,1,7,0.9668247103691101,1
molecola_24349,8,0,8,0.027500228956341743,0
molecola_24349,9,0,9,0.027962498366832733,0
molecola_24349,10,0,10,0.061658162623643875,0
molecola_24349,11,0,11,0.029968254268169403,0
molecola_24349,12,0,12,0.00856694858521223,0
molecola_24349,13,0,13,0.007403266150504351,0
molecola_24349,14,0,14,0.006376358214765787,0
molecola_24349,15,0,15,0.0060645341873168945,0
molecola_24349,16,0,16,0.00988057442009449,0
molecola_24349,17,0,17,0.04366609454154968,0
molecola_2440,1,0,1,0.009083771146833897,0
molecola_2440,2,0,2,0.011980521492660046,0
molecola_2440,3,0,3,0.021064428612589836,0
molecola_2440,4,0,4,0.011980521492660046,0
molecola_2440,5,0,5,0.009083771146833897,0
molecola_2440,6,0,6,0.014528429135680199,0
molecola_2440,7,0,7,0.012765694409608841,0
molecola_2440,8,0,8,0.007552743423730135,0
molecola_2440,9,0,9,0.006393813528120518,0
molecola_2440,10,0,10,0.008062982931733131,0
molecola_2440,11,0,11,0.008416697382926941,0
molecola_2440,12,0,12,0.015601543709635735,0
molecola_2440,13,0,13,0.9182561635971069,1
molecola_2440,14,0,14,0.9520964026451111,1
molecola_2440,15,0,15,0.9670912027359009,1
molecola_2440,16,0,16,0.9071088433265686,1
molecola_2440,17,0,17,0.9721404910087585,1
molecola_2440,18,0,18,0.036134228110313416,0
molecola_2440,19,0,19,0.006622240412980318,0
molecola_2440,20,0,20,0.009618714451789856,0
molecola_2440,21,0,21,0.023581979796290398,0
molecola_2440,22,0,22,0.009618714451789856,0
molecola_2440,23,0,23,0.006622240412980318,0
molecola_2440,24,1,24,0.9281638264656067,1
molecola_2440,25,0,25,0.038205135613679886,0
molecola_2440,26,1,26,0.9550954103469849,1
molecola_2440,27,0,27,0.13197952508926392,0
molecola_2440,28,0,28,0.007764678448438644,0
molecola_2440,29,0,29,0.006393813528120518,0
molecola_2440,30,0,30,0.008062982931733131,0
molecola_2440,31,0,31,0.008177751675248146,0
molecola_24754,1,0,1,0.0062714447267353535,0
molecola_24754,2,0,2,0.007147396448999643,0
molecola_24754,3,0,3,0.009657667018473148,0
molecola_24754,4,0,4,0.013072218745946884,0
molecola_24754,5,0,5,0.08456623554229736,0
molecola_24754,6,0,6,0.011461603455245495,0
molecola_24754,7,0,7,0.0069572459906339645,0
molecola_24754,8,0,8,0.008834995329380035,0
molecola_24754,9,0,9,0.009909112006425858,0
molecola_24754,10,0,10,0.009984711185097694,0
molecola_24754,11,0,11,0.009969356469810009,0
molecola_24754,12,0,12,0.009509362280368805,0
molecola_24754,13,0,13,0.00792914442718029,0
molecola_24754,14,0,14,0.00792914442718029,0
molecola_24754,15,0,15,0.009516703896224499,0
molecola_24754,16,0,16,0.008747691288590431,0
molecola_24754,17,0,17,0.006069821771234274,0
molecola_24754,18,0,18,0.006083279848098755,0
molecola_24754,19,0,19,0.007634843699634075,0
molecola_24754,20,0,20,0.008984311483800411,0
molecola_24754,21,0,21,0.009007756598293781,0
molecola_24754,22,0,22,0.006775912828743458,0
molecola_24754,23,0,23,0.007784388028085232,0
molecola_24754,24,0,24,0.008181565441191196,0
molecola_24754,25,0,25,0.006921468302607536,0
molecola_24754,26,0,26,0.007866957224905491,0
molecola_24754,27,0,27,0.006382630206644535,0
molecola_24754,28,0,28,0.008036996237933636,0
molecola_24754,29,0,29,0.00896085612475872,0
molecola_24754,30,0,30,0.007339945994317532,0
molecola_24754,31,0,31,0.0068433852866292,0
molecola_24754,32,1,32,0.9632821679115295,1
molecola_24754,33,0,33,0.1205572560429573,0
molecola_24754,34,1,34,0.9683622121810913,1
molecola_24830,1,0,1,0.013643738813698292,0
molecola_24830,2,0,2,0.011568089947104454,0
molecola_24830,3,0,3,0.008953659795224667,0
molecola_24830,4,0,4,0.006476384587585926,0
molecola_24830,5,0,5,0.012294271029531956,0
molecola_24830,6,0,6,0.11101914197206497,0
molecola_24830,7,0,7,0.012294271029531956,0
molecola_24830,8,0,8,0.008953659795224667,0
molecola_24830,9,0,9,0.006476384587585926,0
molecola_24830,10,1,10,0.9391043782234192,1
molecola_24830,11,0,11,0.13886187970638275,0
molecola_24830,12,1,12,0.9518703818321228,1
molecola_24830,13,0,13,0.04991547018289566,0
molecola_24830,14,0,14,0.021541282534599304,0
molecola_24830,15,0,15,0.017372237518429756,0
molecola_24830,16,0,16,0.017372237518429756,0
molecola_24830,17,0,17,0.025330210104584694,0
molecola_24830,18,0,18,0.00861617922782898,0
molecola_24830,19,0,19,0.0061538200825452805,0
molecola_24830,20,0,20,0.006356458645313978,0
molecola_24830,21,0,21,0.01059392374008894,0
molecola_24830,22,0,22,0.1025005355477333,0
molecola_254,1,0,1,0.007657054346054792,0
molecola_254,2,0,2,0.008997236378490925,0
molecola_254,3,0,3,0.010251257568597794,0
molecola_254,4,0,4,0.010627588257193565,0
molecola_254,5,0,5,0.016070805490016937,0
molecola_254,6,0,6,0.014926892705261707,0
molecola_254,7,0,7,0.013964873738586903,0
molecola_254,8,0,8,0.017364172264933586,0
molecola_254,9,0,9,0.010829557664692402,0
molecola_254,10,0,10,0.011022315360605717,0
molecola_254,11,0,11,0.012438244186341763,0
molecola_254,12,0,12,0.04442348703742027,0
molecola_254,13,1,13,0.9638702273368835,1
molecola_254,14,1,14,0.968124270439148,1
molecola_254,15,0,15,0.968124270439148,1
molecola_254,16,0,16,0.013476831838488579,0
molecola_254,17,0,17,0.013616134412586689,0
molecola_254,18,0,18,0.009782887995243073,0
molecola_254,19,0,19,0.008419197052717209,0
molecola_254,20,0,20,0.00756419263780117,0
molecola_254,21,0,21,0.006389855407178402,0
molecola_254,22,0,22,0.008319027721881866,0
molecola_254,23,0,23,0.010113612748682499,0
molecola_25611,1,0,1,0.007541706785559654,0
molecola_25611,2,0,2,0.009367507882416248,0
molecola_25611,3,0,3,0.012995903380215168,0
molecola_25611,4,0,4,0.013946212828159332,0
molecola_25611,5,0,5,0.019817940890789032,0
molecola_25611,6,0,6,0.06259605288505554,0
molecola_25611,7,0,7,0.02906484715640545,0
molecola_25611,8,0,8,0.029367690905928612,0
molecola_25611,9,0,9,0.15791545808315277,0
molecola_25611,10,0,10,0.029367690905928612,0
molecola_25611,11,0,11,0.02906484715640545,0
molecola_25611,12,1,12,0.9666492342948914,1
molecola_25611,13,1,13,0.9680808186531067,1
molecola_25611,14,0,14,0.2567667067050934,0
molecola_25611,15,0,15,0.010503324680030346,0
molecola_25611,16,0,16,0.006628572940826416,0
molecola_25611,17,0,17,0.008023997768759727,0
molecola_25611,18,0,18,0.00728753162547946,0
molecola_25611,19,0,19,0.007742202375084162,0
molecola_25611,20,0,20,0.016249820590019226,0
molecola_25611,21,0,21,0.013810625299811363,0
molecola_25611,22,0,22,0.014870081096887589,0
molecola_25611,23,0,23,0.013822684064507484,0
molecola_25611,24,0,24,0.017248788848519325,0
molecola_25611,25,0,25,0.01637198030948639,0
molecola_25611,26,0,26,0.019351139664649963,0
molecola_25611,27,0,27,0.019965002313256264,0
molecola_25611,28,0,28,0.01679060608148575,0
molecola_25611,29,0,29,0.014087038114666939,0
molecola_25611,30,0,30,0.009588038548827171,0
molecola_25698,1,0,1,0.021012721583247185,0
molecola_25698,2,0,2,0.05810464173555374,0
molecola_25698,3,0,3,0.056118857115507126,0
molecola_25698,4,0,4,0.6362208127975464,1
molecola_25698,5,0,5,0.05398966744542122,0
molecola_25698,6,0,6,0.037220120429992676,0
molecola_25698,7,0,7,0.024021554738283157,0
molecola_25698,8,0,8,0.028312625363469124,0
molecola_25698,9,0,9,0.018069107085466385,0
molecola_25698,10,0,10,0.04803001135587692,0
molecola_25698,11,0,11,0.0191813837736845,0
molecola_25698,12,0,12,0.023635977879166603,0
molecola_25698,13,0,13,0.028591042384505272,0
molecola_25698,14,0,14,0.02763701044023037,0
molecola_25698,15,0,15,0.025331098586320877,0
molecola_25698,16,0,16,0.023523354902863503,0
molecola_25698,17,0,17,0.016916785389184952,0
molecola_25698,18,0,18,0.007934180088341236,0
molecola_25698,19,0,19,0.006346181966364384,0
molecola_25698,20,0,20,0.007700492162257433,0
molecola_25698,21,0,21,0.006584607530385256,0
molecola_25698,22,0,22,0.01028718426823616,0
molecola_25698,23,0,23,0.007949651218950748,0
molecola_25698,24,0,24,0.006097706966102123,0
molecola_25698,25,0,25,0.005885221529752016,0
molecola_25698,26,0,26,0.006018316373229027,0
molecola_25698,27,0,27,0.007994178682565689,0
molecola_25698,28,0,28,0.00728753162547946,0
molecola_25698,29,0,29,0.00655786506831646,0
molecola_25698,30,0,30,0.02842416614294052,0
molecola_25698,31,1,31,0.9734915494918823,1
molecola_25698,32,1,32,0.9672414064407349,1
molecola_25698,33,1,33,0.9070761203765869,1
molecola_25698,34,1,34,0.952076256275177,1
molecola_25698,35,0,35,0.8380728363990784,1
molecola_25698,36,1,36,0.015632081776857376,0
molecola_25698,37,1,37,0.016031764447689056,0
molecola_25904,1,0,1,0.07263743132352829,0
molecola_25904,2,1,2,0.9514216780662537,1
molecola_25904,3,1,3,0.9627790451049805,1
molecola_25904,4,0,4,0.0259757861495018,0
molecola_25904,5,0,5,0.02356344275176525,0
molecola_25904,6,0,6,0.01912849210202694,0
molecola_25904,7,0,7,0.01145087368786335,0
molecola_25904,8,0,8,0.006794332060962915,0
molecola_25904,9,0,9,0.006157548166811466,0
molecola_25904,10,0,10,0.007196496240794659,0
molecola_25904,11,0,11,0.006461692973971367,0
molecola_25904,12,0,12,0.007414480671286583,0
molecola_25904,13,0,13,0.006450125016272068,0
molecola_25904,14,0,14,0.007004747167229652,0
molecola_25904,15,0,15,0.015779241919517517,0
molecola_25904,16,0,16,0.006818353198468685,0
molecola_25904,17,0,17,0.005873401183634996,0
molecola_25904,18,0,18,0.005833445116877556,0
molecola_25904,19,0,19,0.009674277156591415,0
molecola_25904,20,0,20,0.03763638809323311,0
molecola_26298,1,0,1,0.007657054346054792,0
molecola_26298,2,0,2,0.009126654826104641,0
molecola_26298,3,0,3,0.010330043733119965,0
molecola_26298,4,0,4,0.010874523781239986,0
molecola_26298,5,0,5,0.0107630155980587,0
molecola_26298,6,0,6,0.011855640448629856,0
molecola_26298,7,0,7,0.011861818842589855,0
molecola_26298,8,1,8,0.9548570513725281,1
molecola_26298,9,1,9,0.9567070007324219,1
molecola_26298,10,1,10,0.9671161770820618,1
molecola_26298,11,1,11,0.9070167541503906,1
molecola_26298,12,1,12,0.9717760682106018,1
molecola_26298,13,0,13,0.02724853716790676,0
molecola_26298,14,0,14,0.021220946684479713,0
molecola_26298,15,0,15,0.02429022081196308,0
molecola_26298,16,0,16,0.023725897073745728,0
molecola_26298,17,0,17,0.030263079330325127,0
molecola_26298,18,0,18,0.018482279032468796,0
molecola_26298,19,0,19,0.02247491292655468,0
molecola_26298,20,0,20,0.021783946081995964,0
molecola_26298,21,0,21,0.02684755064547062,0
molecola_26298,22,0,22,0.022507108747959137,0
molecola_26298,23,0,23,0.013499787077307701,0
molecola_26298,24,0,24,0.013499787077307701,0
molecola_26298,25,0,25,0.02549462392926216,0
molecola_26298,26,0,26,0.0460527241230011,0
molecola_26298,27,0,27,0.013237861916422844,0
molecola_26604,1,0,1,0.013715125620365143,0
molecola_26604,2,0,2,0.011363123543560505,0
molecola_26604,3,0,3,0.01068692933768034,0
molecola_26604,4,0,4,0.0126756327226758,0
molecola_26604,5,0,5,0.013261988759040833,0
molecola_26604,6,0,6,0.009511342272162437,0
molecola_26604,7,0,7,0.008180919103324413,0
molecola_26604,8,0,8,0.007650325540453196,0
molecola_26604,9,0,9,0.017882926389575005,0
molecola_26604,10,0,10,0.056523412466049194,0
molecola_26604,11,0,11,0.03599995747208595,0
molecola_26604,12,0,12,0.06276720017194748,0
molecola_26604,13,0,13,0.8463185429573059,1
molecola_26604,14,0,14,0.9261009693145752,1
molecola_26604,15,1,15,0.8957338333129883,1
molecola_26604,16,0,16,0.06849721819162369,0
molecola_26604,17,0,17,0.08158547431230545,0
molecola_26604,18,1,18,0.9275069832801819,1
molecola_26604,19,1,19,0.895846962928772,1
molecola_26604,20,0,20,0.047525301575660706,0
molecola_26604,21,0,21,0.03033772110939026,0
molecola_26604,22,0,22,0.009874016977846622,0
molecola_26604,23,0,23,0.009804219007492065,0
molecola_27162,1,0,1,0.0123387910425663,0
molecola_27162,2,0,2,0.013174192979931831,0
molecola_27162,3,0,3,0.023217683658003807,0
molecola_27162,4,0,4,0.009955317713320255,0
molecola_27162,5,0,5,0.00858419481664896,0
molecola_27162,6,0,6,0.02166677825152874,0
molecola_27162,7,0,7,0.011867879889905453,0
molecola_27162,8,0,8,0.02483687736093998,0
molecola_27162,9,0,9,0.013170029036700726,0
molecola_27162,10,0,10,0.0123387910425663,0
molecola_27162,11,0,11,0.023162946105003357,0
molecola_27162,12,0,12,0.012266970239579678,0
molecola_27162,13,0,13,0.012266970239579678,0
molecola_27162,14,0,14,0.38178551197052,0
molecola_27162,15,0,15,0.052608709782361984,0
molecola_27162,16,0,16,0.00851987861096859,0
molecola_27162,17,0,17,0.0104240532964468,0
molecola_27162,18,0,18,0.018461767584085464,0
molecola_27162,19,0,19,0.04770886152982712,0
molecola_27162,20,1,20,0.9306373596191406,1
molecola_27162,21,0,21,0.04635711386799812,0
molecola_27162,22,0,22,0.02587355487048626,0
molecola_27162,23,0,23,0.023441024124622345,0
molecola_27162,24,0,24,0.03487308695912361,0
molecola_27162,25,1,25,0.9061713814735413,1
molecola_27162,26,0,26,0.11022017896175385,0
molecola_27162,27,0,27,0.009227784350514412,0
molecola_27162,28,0,28,0.008052768185734749,0
molecola_27162,29,0,29,0.006097498349845409,0
molecola_27162,30,0,30,0.005864954553544521,0
molecola_27162,31,0,31,0.006112862378358841,0
molecola_27162,32,0,32,0.01028598565608263,0
molecola_27162,33,0,33,0.0066940938122570515,0
molecola_27162,34,0,34,0.027224330231547356,0
molecola_27162,35,0,35,0.016703607514500618,0
molecola_27162,36,0,36,0.02049737423658371,0
molecola_27367,1,0,1,0.007098229601979256,0
molecola_27367,2,0,2,0.008334457874298096,0
molecola_27367,3,0,3,0.007686258759349585,0
molecola_27367,4,0,4,0.0071573685854673386,0
molecola_27367,5,0,5,0.009643921628594398,0
molecola_27367,6,0,6,0.007625491824001074,0
molecola_27367,7,0,7,0.007873554714024067,0
molecola_27367,8,0,8,0.0061736623756587505,0
molecola_27367,9,0,9,0.006911430507898331,0
molecola_27367,10,0,10,0.011598963290452957,0
molecola_27367,11,0,11,0.012612348422408104,0
molecola_27367,12,0,12,0.8437550067901611,1
molecola_27367,13,1,13,0.9665669202804565,1
molecola_27367,14,1,14,0.9542679786682129,1
molecola_27367,15,1,15,0.8424747586250305,1
molecola_27367,16,1,16,0.8591148853302002,1
molecola_27367,17,0,17,0.8591148853302002,1
molecola_27367,18,0,18,0.008586110547184944,0
molecola_27367,19,0,19,0.007598135620355606,0
molecola_27367,20,0,20,0.013236217200756073,0
molecola_27367,21,0,21,0.015722868964076042,0
molecola_27367,22,0,22,0.009254485368728638,0
molecola_27374,1,1,1,0.9651884436607361,1
molecola_27374,2,1,2,0.9595794677734375,1
molecola_27374,3,0,3,0.07202938944101334,0
molecola_27374,4,0,4,0.0253446064889431,0
molecola_27374,5,0,5,0.014199547469615936,0
molecola_27374,6,0,6,0.011607663705945015,0
molecola_27374,7,0,7,0.0149167999625206,0
molecola_27374,8,0,8,0.029981747269630432,0
molecola_27374,9,0,9,0.028463460505008698,0
molecola_27374,10,0,10,0.029754841700196266,0
molecola_27374,11,0,11,0.06256416440010071,0
molecola_27374,12,0,12,0.8519014716148376,1
molecola_27374,13,0,13,0.9632110595703125,1
molecola_27374,14,0,14,0.09348928928375244,0
molecola_27374,15,0,15,0.877339243888855,1
molecola_27374,16,0,16,0.057680342346429825,0
molecola_27385,1,0,1,0.01721518114209175,0
molecola_27385,2,0,2,0.1948646456003189,0
molecola_27385,3,0,3,0.03267522156238556,0
molecola_27385,4,0,4,0.19669775664806366,0
molecola_27385,5,0,5,0.06585153937339783,0
molecola_27385,6,0,6,0.06350338459014893,0
molecola_27385,7,0,7,0.032093439251184464,0
molecola_27385,8,0,8,0.03623676300048828,0
molecola_27385,9,0,9,0.04508562013506889,0
molecola_27385,10,1,10,0.834865152835846,1
molecola_27385,11,1,11,0.9283754825592041,1
molecola_27385,12,1,12,0.8236548900604248,1
molecola_27385,13,0,13,0.040663860738277435,0
molecola_27385,14,0,14,0.040663860738277435,0
molecola_27385,15,0,15,0.04966915771365166,0
molecola_27385,16,0,16,0.048982370644807816,0
molecola_27385,17,0,17,0.03079935908317566,0
molecola_27385,18,0,18,0.04204637557268143,0
molecola_27385,19,0,19,0.030442137271165848,0
molecola_27490,1,0,1,0.007376256864517927,0
molecola_27490,2,0,2,0.008008568547666073,0
molecola_27490,3,0,3,0.006570548750460148,0
molecola_27490,4,0,4,0.008430346846580505,0
molecola_27490,5,0,5,0.008337962441146374,0
molecola_27490,6,0,6,0.009524221532046795,0
molecola_27490,7,0,7,0.011414393782615662,0
molecola_27490,8,0,8,0.012504258193075657,0
molecola_27490,9,0,9,0.011437786743044853,0
molecola_27490,10,0,10,0.011306325905025005,0
molecola_27490,11,0,11,0.012217429466545582,0
molecola_27490,12,0,12,0.009976955130696297,0
molecola_27490,13,0,13,0.009845467284321785,0
molecola_27490,14,0,14,0.01338899414986372,0
molecola_27490,15,0,15,0.01155059039592743,0
molecola_27490,16,0,16,0.01686391606926918,0
molecola_27490,17,0,17,0.014639396220445633,0
molecola_27490,18,0,18,0.019428076222538948,0
molecola_27490,19,0,19,0.015874067321419716,0
molecola_27490,20,0,20,0.018164310604333878,0
molecola_27490,21,0,21,0.014758037403225899,0
molecola_27490,22,0,22,0.8550012707710266,1
molecola_27490,23,1,23,0.9665578007698059,1
molecola_27490,24,1,24,0.9542728662490845,1
molecola_27490,25,1,25,0.8424747586250305,1
molecola_27490,26,1,26,0.8591148853302002,1
molecola_27490,27,0,27,0.8591148853302002,1
molecola_27490,28,0,28,0.009633188135921955,0
molecola_27490,29,0,29,0.0069438316859304905,0
molecola_27490,30,0,30,0.008028967306017876,0
molecola_27490,31,0,31,0.007376256864517927,0
molecola_27983,1,0,1,0.8628944754600525,1
molecola_27983,2,0,2,0.9574746489524841,1
molecola_27983,3,0,3,0.8471634984016418,1
molecola_27983,4,0,4,0.8628944754600525,1
molecola_27983,5,1,5,0.971123218536377,1
molecola_27983,6,0,6,0.9564431309700012,1
molecola_27983,7,0,7,0.11405868828296661,0
molecola_27983,8,0,8,0.06063082814216614,0
molecola_27983,9,0,9,0.010910316370427608,0
molecola_27983,10,0,10,0.006142762955278158,0
molecola_27983,11,0,11,0.005690194666385651,0
molecola_27983,12,0,12,0.006142762955278158,0
molecola_27983,13,0,13,0.010910316370427608,0
molecola_28177,1,0,1,0.00933989230543375,0
molecola_28177,2,0,2,0.014907987788319588,0
molecola_28177,3,0,3,0.016939623281359673,0
molecola_28177,4,0,4,0.019398238509893417,0
molecola_28177,5,0,5,0.02492559514939785,0
molecola_28177,6,0,6,0.027068279683589935,0
molecola_28177,7,0,7,0.02045438066124916,0
molecola_28177,8,0,8,0.016958793625235558,0
molecola_28177,9,0,9,0.014596850611269474,0
molecola_28177,10,0,10,0.011749155819416046,0
molecola_28177,11,1,11,0.9539300203323364,1
molecola_28177,12,1,12,0.9527052640914917,1
molecola_28177,13,1,13,0.9624456763267517,1
molecola_28177,14,1,14,0.892985463142395,1
molecola_28177,15,1,15,0.971696674823761,1
molecola_28177,16,0,16,0.03431310877203941,0
molecola_28177,17,0,17,0.009537028148770332,0
molecola_28177,18,0,18,0.006839510519057512,0
molecola_28177,19,0,19,0.03431310877203941,0
molecola_28177,20,0,20,0.009537028148770332,0
molecola_28177,21,0,21,0.006839510519057512,0
molecola_28177,22,0,22,0.009187702089548111,0
molecola_28177,23,0,23,0.007469146978110075,0
molecola_28177,24,0,24,0.014387082308530807,0
molecola_28177,25,0,25,0.021771151572465897,0
molecola_28177,26,0,26,0.022077912464737892,0
molecola_28177,27,0,27,0.025477541610598564,0
molecola_28177,28,0,28,0.08636701852083206,0
molecola_28177,29,0,29,0.03982065990567207,0
molecola_28736,1,0,1,0.0123387910425663,0
molecola_28736,2,0,2,0.01315938588231802,0
molecola_28736,3,0,3,0.021053340286016464,0
molecola_28736,4,0,4,0.013775041326880455,0
molecola_28736,5,0,5,0.023642584681510925,0
molecola_28736,6,0,6,0.009877458214759827,0
molecola_28736,7,0,7,0.007453507278114557,0
molecola_28736,8,0,8,0.011972046457231045,0
molecola_28736,9,0,9,0.009213617071509361,0
molecola_28736,10,0,10,0.00922626256942749,0
molecola_28736,11,0,11,0.006773220840841532,0
molecola_28736,12,0,12,0.008134917356073856,0
molecola_28736,13,0,13,0.008084161207079887,0
molecola_28736,14,0,14,0.006194792687892914,0
molecola_28736,15,0,15,0.006166060455143452,0
molecola_28736,16,0,16,0.036371976137161255,0
molecola_28736,17,1,17,0.9720078110694885,1
molecola_28736,18,1,18,0.9671535491943359,1
molecola_28736,19,1,19,0.9069113731384277,1
molecola_28736,20,1,20,0.9562863707542419,1
molecola_28736,21,1,21,0.9514228701591492,1
molecola_28736,22,0,22,0.023939412087202072,0
molecola_28736,23,0,23,0.022322386503219604,0
molecola_28736,24,0,24,0.022322386503219604,0
molecola_28736,25,0,25,0.023939412087202072,0
molecola_28736,26,0,26,0.006781460251659155,0
molecola_28736,27,0,27,0.008645967580378056,0
molecola_28736,28,0,28,0.8026883006095886,1
molecola_28736,29,0,29,0.036117587238550186,0
molecola_28736,30,0,30,0.962960958480835,1
molecola_28736,31,0,31,0.02802160196006298,0
molecola_28736,32,0,32,0.012189527042210102,0
molecola_28736,33,0,33,0.012189527042210102,0
molecola_28736,34,0,34,0.021169712767004967,0
molecola_28736,35,0,35,0.008093373849987984,0
molecola_28736,36,0,36,0.006318629719316959,0
molecola_28736,37,0,37,0.005781235639005899,0
molecola_28736,38,0,38,0.006566563155502081,0
molecola_28736,39,0,39,0.01087460108101368,0
molecola_28736,40,0,40,0.009123542346060276,0
molecola_29936,1,0,1,0.007634016219526529,0
molecola_29936,2,0,2,0.01273772120475769,0
molecola_29936,3,0,3,0.046347226947546005,0
molecola_29936,4,0,4,0.02732548676431179,0
molecola_29936,5,0,5,0.06364631652832031,0
molecola_29936,6,0,6,0.011603627353906631,0
molecola_29936,7,0,7,0.009780079126358032,0
molecola_29936,8,0,8,0.02429826185107231,0
molecola_29936,9,0,9,0.009780079126358032,0
molecola_29936,10,0,10,0.011603627353906631,0
molecola_29936,11,0,11,0.17383494973182678,0
molecola_29936,12,0,12,0.04028299078345299,0
molecola_29936,13,0,13,0.03871234133839607,0
molecola_29936,14,0,14,0.024756262078881264,0
molecola_29936,15,0,15,0.024756262078881264,0
molecola_29936,16,0,16,0.9133371710777283,1
molecola_29936,17,0,17,0.0501721128821373,0
molecola_29936,18,0,18,0.9734984636306763,1
molecola_29936,19,1,19,0.9642977118492126,1
molecola_29936,20,1,20,0.9681738615036011,1
molecola_29936,21,0,21,0.25166046619415283,0
molecola_29936,22,0,22,0.011188460513949394,0
molecola_29936,23,0,23,0.010575526393949986,0
molecola_29936,24,0,24,0.023634562268853188,0
molecola_29936,25,0,25,0.28117385506629944,0
molecola_29936,26,0,26,0.038490377366542816,0
molecola_29936,27,0,27,0.06305263191461563,0
molecola_29936,28,0,28,0.019085250794887543,0
molecola_29936,29,0,29,0.006212495267391205,0
molecola_29936,30,0,30,0.013126187026500702,0
molecola_29936,31,0,31,0.01753472536802292,0
molecola_29936,32,0,32,0.01227009017020464,0
molecola_29936,33,0,33,0.008355719037353992,0
molecola_29936,34,0,34,0.011617680080235004,0
molecola_29938,1,1,1,0.966813862323761,1
molecola_29938,2,1,2,0.9645691514015198,1
molecola_29938,3,1,3,0.9021753668785095,1
molecola_29938,4,1,4,0.9532275199890137,1
molecola_29938,5,1,5,0.9082055687904358,1
molecola_29938,6,0,6,0.010436189360916615,0
molecola_29938,7,0,7,0.013329749926924706,0
molecola_29938,8,0,8,0.008966121822595596,0
molecola_29938,9,0,9,0.006527917925268412,0
molecola_29938,10,0,10,0.007821963168680668,0
molecola_29938,11,0,11,0.010050475597381592,0
molecola_29938,12,0,12,0.009464885108172894,0
molecola_29938,13,0,13,0.006434290669858456,0
molecola_29938,14,0,14,0.0058191376738250256,0
molecola_29938,15,0,15,0.005769555456936359,0
molecola_29938,16,0,16,0.005954280029982328,0
molecola_29938,17,0,17,0.007736742030829191,0
molecola_29938,18,0,18,0.006531289778649807,0
molecola_30668,1,0,1,0.009714731946587563,0
molecola_30668,2,0,2,0.035080187022686005,0
molecola_30668,3,1,3,0.902406632900238,1
molecola_30668,4,1,4,0.9100147485733032,1
molecola_30668,5,0,5,0.11513560265302658,0
molecola_30668,6,0,6,0.027821140363812447,0
molecola_30668,7,0,7,0.1111602634191513,0
molecola_30668,8,0,8,0.012510259635746479,0
molecola_30668,9,0,9,0.010823062621057034,0
molecola_30668,10,0,10,0.013915360905230045,0
molecola_30668,11,0,11,0.028946351259946823,0
molecola_30668,12,0,12,0.2431923896074295,0
molecola_30668,13,0,13,0.03856127709150314,0
molecola_30668,14,0,14,0.05726272985339165,0
molecola_30668,15,0,15,0.02395668812096119,0
molecola_30668,16,0,16,0.006059000734239817,0
molecola_30668,17,0,17,0.006097015924751759,0
molecola_30668,18,0,18,0.00657955976203084,0
molecola_30668,19,0,19,0.009796320460736752,0
molecola_30668,20,0,20,0.007140064146369696,0
molecola_30668,21,0,21,0.006557803601026535,0
molecola_30668,22,0,22,0.006083502434194088,0
molecola_30668,23,0,23,0.006083502434194088,0
molecola_30668,24,0,24,0.006083502434194088,0
molecola_30668,25,0,25,0.008740086108446121,0
molecola_30668,26,0,26,0.00609124219045043,0
molecola_30668,27,0,27,0.00594616262242198,0
molecola_30668,28,0,28,0.00801900029182434,0
molecola_30668,29,0,29,0.00944692175835371,0
molecola_30668,30,0,30,0.00801012571901083,0
molecola_30668,31,0,31,0.006215422414243221,0
molecola_30668,32,0,32,0.006129635963588953,0
molecola_30668,33,0,33,0.007406588643789291,0
molecola_30668,34,0,34,0.006129635963588953,0
molecola_30668,35,0,35,0.006215422414243221,0
molecola_30668,36,0,36,0.006453628186136484,0
molecola_30668,37,0,37,0.007395726162940264,0
molecola_312,1,0,1,0.008138539269566536,0
molecola_312,2,0,2,0.013113623484969139,0
molecola_312,3,0,3,0.008138539269566536,0
molecola_312,4,0,4,0.011563337408006191,0
molecola_312,5,0,5,0.011303283274173737,0
molecola_312,6,0,6,0.011645489372313023,0
molecola_312,7,0,7,0.007481250446289778,0
molecola_312,8,0,8,0.00813264399766922,0
molecola_312,9,0,9,0.008370861411094666,0
molecola_312,10,0,10,0.006039164029061794,0
molecola_312,11,0,11,0.006022862158715725,0
molecola_312,12,0,12,0.008791832253336906,0
molecola_312,13,1,13,0.9413828253746033,1
molecola_312,14,1,14,0.9717804193496704,1
molecola_312,15,1,15,0.957310140132904,1
molecola_312,16,0,16,0.8468793630599976,1
molecola_312,17,0,17,0.8627710938453674,1
molecola_312,18,1,18,0.8627710938453674,1
molecola_312,19,0,19,0.012811682187020779,0
molecola_31503,1,0,1,0.008577282540500164,0
molecola_31503,2,0,2,0.01077186781913042,0
molecola_31503,3,0,3,0.03186726197600365,0
molecola_31503,4,1,4,0.9578280448913574,1
molecola_31503,5,0,5,0.03186726197600365,0
molecola_31503,6,0,6,0.01077186781913042,0
molecola_31503,7,0,7,0.008577282540500164,0
molecola_31503,8,1,8,0.9544076919555664,1
molecola_31503,9,0,9,0.2265317589044571,0
molecola_31503,10,0,10,0.27264806628227234,0
molecola_31503,11,0,11,0.024530775845050812,0
molecola_31503,12,0,12,0.015397434122860432,0
molecola_31503,13,0,13,0.007113968022167683,0
molecola_31503,14,0,14,0.006260310765355825,0
molecola_31503,15,0,15,0.00801774114370346,0
molecola_31503,16,0,16,0.008557509630918503,0
molecola_31503,17,0,17,0.025895118713378906,0
molecola_31503,18,0,18,0.3644491732120514,0
molecola_31503,19,0,19,0.9642511606216431,1
molecola_31503,20,0,20,0.9583889842033386,1
molecola_31503,21,0,21,0.03947824984788895,0
molecola_31503,22,0,22,0.007772067561745644,0
molecola_31503,23,0,23,0.006761282216757536,0
molecola_31503,24,0,24,0.011789225973188877,0
molecola_31503,25,0,25,0.11127973347902298,0
molecola_31503,26,0,26,0.011789225973188877,0
molecola_31503,27,0,27,0.006761282216757536,0
molecola_31503,28,0,28,0.9491165280342102,1
molecola_31503,29,0,29,0.14035825431346893,0
molecola_31503,30,0,30,0.9674873948097229,1
molecola_31503,31,0,31,0.05738648772239685,0
molecola_31503,32,0,32,0.025927674025297165,0
molecola_31503,33,0,33,0.025927674025297165,0
molecola_31503,34,0,34,0.05738648772239685,0
molecola_31803,1,0,1,0.9684687256813049,1
molecola_31803,2,0,2,0.9634796977043152,1
molecola_31803,3,0,3,0.9734923839569092,1
molecola_31803,4,0,4,0.973874032497406,1
molecola_31803,5,0,5,0.9682279825210571,1
molecola_31803,6,0,6,0.027605518698692322,0
molecola_31803,7,0,7,0.01899372600018978,0
molecola_31803,8,0,8,0.020716911181807518,0
molecola_31803,9,0,9,0.2888014018535614,0
molecola_31803,10,0,10,0.010139921680092812,0
molecola_31803,11,0,11,0.006360071245580912,0
molecola_31803,12,0,12,0.009660868905484676,0
molecola_31803,13,0,13,0.040967945009469986,0
molecola_31803,14,1,14,0.9638646841049194,1
molecola_31803,15,1,15,0.967731237411499,1
molecola_31803,16,0,16,0.967731237411499,1
molecola_31803,17,0,17,0.9684687256813049,1
molecola_32905,1,0,1,0.010287980549037457,0
molecola_32905,2,0,2,0.18666771054267883,0
molecola_32905,3,0,3,0.17081598937511444,0
molecola_32905,4,0,4,0.9642996788024902,1
molecola_32905,5,0,5,0.09583783894777298,0
molecola_32905,6,0,6,0.05269734561443329,0
molecola_32905,7,0,7,0.01493075117468834,0
molecola_32905,8,0,8,0.015439677983522415,0
molecola_32905,9,0,9,0.013256586156785488,0
molecola_32905,10,0,10,0.01050194725394249,0
molecola_32905,11,1,11,0.924782931804657,1
molecola_32905,12,0,12,0.036563050001859665,0
molecola_32905,13,0,13,0.009856048040091991,0
molecola_32905,14,1,14,0.9165351390838623,1
molecola_32905,15,0,15,0.1191180869936943,0
molecola_32905,16,0,16,0.033399797976017,0
molecola_32905,17,0,17,0.018381834030151367,0
molecola_32905,18,0,18,0.01227527018636465,0
molecola_32905,19,0,19,0.010899617336690426,0
molecola_32905,20,0,20,0.006627907510846853,0
molecola_32905,21,0,21,0.006582549307495356,0
molecola_32905,22,0,22,0.00960235670208931,0
molecola_32905,23,0,23,0.04623306542634964,0
molecola_32905,24,0,24,0.011466310359537601,0
molecola_32905,25,0,25,0.09355095773935318,0
molecola_32905,26,0,26,0.02168182097375393,0
molecola_32905,27,0,27,0.010231131687760353,0
molecola_32905,28,0,28,0.006839510519057512,0
molecola_32905,29,0,29,0.02168182097375393,0
molecola_32905,30,0,30,0.010231131687760353,0
molecola_32905,31,0,31,0.006839510519057512,0
molecola_33939,1,0,1,0.00867699459195137,0
molecola_33939,2,0,2,0.011664709076285362,0
molecola_33939,3,0,3,0.00867699459195137,0
molecola_33939,4,0,4,0.009937291033565998,0
molecola_33939,5,0,5,0.04103561118245125,0
molecola_33939,6,0,6,0.2276628613471985,0
molecola_33939,7,0,7,0.8133181929588318,1
molecola_33939,8,0,8,0.06563135236501694,0
molecola_33939,9,0,9,0.09396813064813614,0
molecola_33939,10,0,10,0.022647183388471603,0
molecola_33939,11,0,11,0.022844478487968445,0
molecola_33939,12,0,12,0.027934523299336433,0
molecola_33939,13,0,13,0.8390491604804993,1
molecola_33939,14,0,14,0.059305403381586075,0
molecola_33939,15,0,15,0.5116987228393555,1
molecola_33939,16,0,16,0.8312524557113647,1
molecola_33939,17,0,17,0.10520964115858078,0
molecola_33939,18,0,18,0.9620457291603088,1
molecola_33939,19,0,19,0.05424110218882561,0
molecola_33939,20,0,20,0.025518624112010002,0
molecola_33939,21,0,21,0.024181893095374107,0
molecola_33939,22,0,22,0.10620859265327454,0
molecola_33939,23,1,23,0.9632858037948608,1
molecola_33939,24,0,24,0.17624059319496155,0
molecola_33939,25,1,25,0.9694681167602539,1
molecola_34096,1,0,1,0.8627710938453674,1
molecola_34096,2,1,2,0.957310140132904,1
molecola_34096,3,0,3,0.8468793630599976,1
molecola_34096,4,0,4,0.8627710938453674,1
molecola_34096,5,1,5,0.9717804193496704,1
molecola_34096,6,1,6,0.9413848519325256,1
molecola_34096,7,0,7,0.00966191291809082,0
molecola_34096,8,0,8,0.008452917449176311,0
molecola_34096,9,0,9,0.00810435600578785,0
molecola_34096,10,0,10,0.0083694439381361,0
molecola_34096,11,0,11,0.0099670784547925,0
molecola_34096,12,0,12,0.033239446580410004,0
molecola_34096,13,0,13,0.034175556153059006,0
molecola_34096,14,0,14,0.04726981744170189,0
molecola_34096,15,0,15,0.034175556153059006,0
molecola_34096,16,0,16,0.03321036323904991,0
molecola_34096,17,0,17,0.010441736318171024,0
molecola_34096,18,0,18,0.01094021089375019,0
molecola_34096,19,0,19,0.008065927773714066,0
molecola_34096,20,0,20,0.006187187973409891,0
molecola_34096,21,0,21,0.0057706222869455814,0
molecola_34096,22,0,22,0.005793983116745949,0
molecola_34096,23,0,23,0.006076681427657604,0
molecola_34096,24,0,24,0.008259790018200874,0
molecola_34096,25,0,25,0.0074865492060780525,0
molecola_34109,1,1,1,0.8636674284934998,1
molecola_34109,2,1,2,0.9504425525665283,1
molecola_34109,3,1,3,0.9632962346076965,1
molecola_34109,4,1,4,0.8997940421104431,1
molecola_34109,5,1,5,0.9732239842414856,1
molecola_34109,6,0,6,0.056999485939741135,0
molecola_34109,7,0,7,0.034080225974321365,0
molecola_34109,8,0,8,0.06967654079198837,0
molecola_34109,9,0,9,0.0243406742811203,0
molecola_34109,10,0,10,0.01680178754031658,0
molecola_34109,11,0,11,0.008064188063144684,0
molecola_34109,12,0,12,0.006034383550286293,0
molecola_34109,13,0,13,0.006150782108306885,0
molecola_34109,14,0,14,0.03438073396682739,0
molecola_34109,15,0,15,0.5497262477874756,1
molecola_34109,16,0,16,0.9596807956695557,1
molecola_34109,17,0,17,0.18194830417633057,0
molecola_34109,18,0,18,0.5535444617271423,1
molecola_34109,19,0,19,0.02956373430788517,0
molecola_34109,20,0,20,0.006186314392834902,0
molecola_34109,21,0,21,0.006138380151242018,0
molecola_34109,22,0,22,0.007836119271814823,0
molecola_34109,23,0,23,0.0071440874598920345,0
molecola_34109,24,0,24,0.0075813946314156055,0
molecola_34109,25,0,25,0.006432066205888987,0
molecola_34109,26,0,26,0.01042118575423956,0
molecola_34109,27,0,27,0.008177543058991432,0
molecola_34109,28,0,28,0.034080225974321365,0
molecola_34109,29,0,29,0.056999485939741135,0
molecola_35417,1,0,1,0.024341676384210587,0
molecola_35417,2,1,2,0.9182151556015015,1
molecola_35417,3,0,3,0.03006965108215809,0
molecola_35417,4,0,4,0.036657869815826416,0
molecola_35417,5,0,5,0.030607951804995537,0
molecola_35417,6,0,6,0.11896223574876785,0
molecola_35417,7,0,7,0.018937407061457634,0
molecola_35417,8,0,8,0.015918703749775887,0
molecola_35417,9,0,9,0.008531365543603897,0
molecola_35417,10,0,10,0.006757811643183231,0
molecola_35417,11,0,11,0.007743594702333212,0
molecola_35417,12,0,12,0.013499843887984753,0
molecola_35417,13,0,13,0.008527789264917374,0
molecola_35417,14,0,14,0.006634380668401718,0
molecola_35417,15,0,15,0.008141919039189816,0
molecola_35417,16,0,16,0.00727241113781929,0
molecola_35417,17,0,17,0.006608959287405014,0
molecola_35417,18,0,18,0.026328496634960175,0
molecola_35417,19,0,19,0.05781279131770134,0
molecola_35417,20,0,20,0.23728445172309875,0
molecola_35417,21,0,21,0.03856050968170166,0
molecola_35417,22,0,22,0.023613929748535156,0
molecola_35417,23,0,23,0.009876837953925133,0
molecola_35417,24,0,24,0.008353621698915958,0
molecola_35417,25,0,25,0.014331183396279812,0
molecola_35417,26,0,26,0.008734205737709999,0
molecola_35417,27,0,27,0.011765329167246819,0
molecola_35417,28,0,28,0.008355722762644291,0
molecola_35417,29,0,29,0.026233665645122528,0
molecola_35417,30,0,30,0.023883922025561333,0
molecola_35417,31,0,31,0.023883922025561333,0
molecola_35417,32,0,32,0.008329587988555431,0
molecola_35417,33,0,33,0.007638962939381599,0
molecola_35417,34,1,34,0.9463121891021729,1
molecola_35417,35,0,35,0.18264837563037872,0
molecola_35417,36,0,36,0.10109159350395203,0
molecola_35417,37,0,37,0.021174944937229156,0
molecola_36229,1,0,1,0.01859804056584835,0
molecola_36229,2,0,2,0.057086627930402756,0
molecola_36229,3,0,3,0.019922032952308655,0
molecola_36229,4,0,4,0.017379458993673325,0
molecola_36229,5,0,5,0.017219239845871925,0
molecola_36229,6,0,6,0.008056921884417534,0
molecola_36229,7,0,7,0.00809379480779171,0
molecola_36229,8,0,8,0.00728753162547946,0
molecola_36229,9,0,9,0.006922186352312565,0
molecola_36229,10,0,10,0.010862359777092934,0
molecola_36229,11,0,11,0.09326107800006866,0
molecola_36229,12,1,12,0.9331974387168884,1
molecola_36229,13,1,13,0.8772879242897034,1
molecola_36229,14,0,14,0.09247060865163803,0
molecola_36229,15,0,15,0.0848391205072403,0
molecola_36229,16,0,16,0.036649689078330994,0
molecola_36229,17,0,17,0.11413440108299255,0
molecola_36229,18,0,18,0.011226359754800797,0
molecola_36229,19,0,19,0.006027545779943466,0
molecola_36229,20,0,20,0.006108356174081564,0
molecola_36229,21,0,21,0.007957995869219303,0
molecola_36229,22,0,22,0.006487830076366663,0
molecola_36229,23,0,23,0.007163836155086756,0
molecola_36229,24,0,24,0.006040032021701336,0
molecola_36229,25,0,25,0.0062139565125107765,0
molecola_36229,26,0,26,0.012901476584374905,0
molecola_36299,1,0,1,0.007657054346054792,0
molecola_36299,2,0,2,0.009389596059918404,0
molecola_36299,3,0,3,0.011716562323272228,0
molecola_36299,4,0,4,0.8370997905731201,1
molecola_36299,5,0,5,0.9520103931427002,1
molecola_36299,6,0,6,0.9672037959098816,1
molecola_36299,7,0,7,0.907101035118103,1
molecola_36299,8,0,8,0.9721847772598267,1
molecola_36299,9,0,9,0.04530059173703194,0
molecola_36299,10,0,10,0.018536953255534172,0
molecola_36299,11,0,11,0.19722440838813782,0
molecola_36299,12,0,12,0.46003592014312744,0
molecola_36299,13,0,13,0.04610080271959305,0
molecola_36299,14,0,14,0.02914683148264885,0
molecola_36299,15,0,15,0.19476811587810516,0
molecola_36299,16,0,16,0.03891947492957115,0
molecola_36299,17,0,17,0.9682214856147766,1
molecola_36299,18,0,18,0.973699152469635,1
molecola_36299,19,0,19,0.9275447726249695,1
molecola_36299,20,0,20,0.050693534314632416,0
molecola_36299,21,0,21,0.01050457451492548,0
molecola_36299,22,0,22,0.010468672029674053,0
molecola_36299,23,0,23,0.27402186393737793,0
molecola_36299,24,0,24,0.010468672029674053,0
molecola_36299,25,0,25,0.01050457451492548,0
molecola_36299,26,1,26,0.9638729095458984,1
molecola_36299,27,1,27,0.9677313566207886,1
molecola_36299,28,0,28,0.9677313566207886,1
molecola_36299,29,0,29,0.17168082296848297,0
molecola_36299,30,0,30,0.04347231984138489,0
molecola_36299,31,0,31,0.04347231984138489,0
molecola_37264,1,0,1,0.010287980549037457,0
molecola_37264,2,1,2,0.8951584100723267,1
molecola_37264,3,1,3,0.953680694103241,1
molecola_37264,4,1,4,0.9667373299598694,1
molecola_37264,5,1,5,0.9071088433265686,1
molecola_37264,6,1,6,0.972102165222168,1
molecola_37264,7,0,7,0.04168703407049179,0
molecola_37264,8,0,8,0.006313359830528498,0
molecola_37264,9,0,9,0.007855316624045372,0
molecola_37264,10,0,10,0.024196704849600792,0
molecola_37264,11,0,11,0.02843370847404003,0
molecola_37264,12,0,12,0.015228156000375748,0
molecola_37264,13,0,13,0.010694262571632862,0
molecola_37264,14,0,14,0.006794904824346304,0
molecola_37264,15,0,15,0.006297261919826269,0
molecola_37264,16,0,16,0.007874404080212116,0
molecola_37264,17,0,17,0.007302670739591122,0
molecola_37264,18,0,18,0.006297261919826269,0
molecola_37264,19,0,19,0.006794904824346304,0
molecola_37264,20,0,20,0.01236022263765335,0
molecola_37264,21,0,21,0.012020107358694077,0
molecola_37264,22,0,22,0.01520510669797659,0
molecola_37707,1,0,1,0.009543061256408691,0
molecola_37707,2,0,2,0.012827757745981216,0
molecola_37707,3,0,3,0.009543061256408691,0
molecola_37707,4,0,4,0.02250932715833187,0
molecola_37707,5,0,5,0.019963404163718224,0
molecola_37707,6,0,6,0.0073244147934019566,0
molecola_37707,7,0,7,0.005742798093706369,0
molecola_37707,8,0,8,0.006402104627341032,0
molecola_37707,9,0,9,0.013383961282670498,0
molecola_37707,10,0,10,0.045631762593984604,0
molecola_37707,11,0,11,0.4929077625274658,0
molecola_37707,12,0,12,0.0397057943046093,0
molecola_37707,13,0,13,0.05290782079100609,0
molecola_37707,14,1,14,0.9696043729782104,1
molecola_37707,15,0,15,0.05290782079100609,0
molecola_37707,16,0,16,0.0397057943046093,0
molecola_37707,17,1,17,0.9482983350753784,1
molecola_37707,18,0,18,0.14027093350887299,0
molecola_37707,19,0,19,0.09266157448291779,0
molecola_37707,20,0,20,0.011979788541793823,0
molecola_37707,21,0,21,0.008367085829377174,0
molecola_37707,22,0,22,0.006561656482517719,0
molecola_37707,23,0,23,0.03555060923099518,0
molecola_37707,24,0,24,0.17084813117980957,0
molecola_37707,25,0,25,0.016331378370523453,0
molecola_37707,26,0,26,0.010642243549227715,0
molecola_37707,27,0,27,0.010642243549227715,0
molecola_37707,28,0,28,0.008362079039216042,0
molecola_37707,29,0,29,0.0061518289148807526,0
molecola_37707,30,0,30,0.006197035778313875,0
molecola_37707,31,0,31,0.008222982287406921,0
molecola_37707,32,0,32,0.01587444730103016,0
molecola_37709,1,0,1,0.014572666957974434,0
molecola_37709,2,0,2,0.02001422643661499,0
molecola_37709,3,0,3,0.01421361044049263,0
molecola_37709,4,0,4,0.021054409444332123,0
molecola_37709,5,0,5,0.37353870272636414,0
molecola_37709,6,0,6,0.0458548329770565,0
molecola_37709,7,0,7,0.20384272933006287,0
molecola_37709,8,0,8,0.040064528584480286,0
molecola_37709,9,0,9,0.017101148143410683,0
molecola_37709,10,0,10,0.020722603425383568,0
molecola_37709,11,0,11,0.035355109721422195,0
molecola_37709,12,0,12,0.8922927379608154,1
molecola_37709,13,0,13,0.09367682784795761,0
molecola_37709,14,0,14,0.9570414423942566,1
molecola_37709,15,0,15,0.05708331614732742,0
molecola_37709,16,1,16,0.9494658708572388,1
molecola_37709,17,1,17,0.9467809796333313,1
molecola_37709,18,0,18,0.06602843850851059,0
molecola_37709,19,0,19,0.05708331614732742,0
molecola_37709,20,0,20,0.42205673456192017,0
molecola_37709,21,0,21,0.05101391300559044,0
molecola_37709,22,0,22,0.4742979407310486,0
molecola_37709,23,0,23,0.04677167162299156,0
molecola_37709,24,0,24,0.2663893401622772,0
molecola_37709,25,0,25,0.049766164273023605,0
molecola_37709,26,0,26,0.049766164273023605,0
molecola_37709,27,0,27,0.22140222787857056,0
molecola_37709,28,0,28,0.0434727743268013,0
molecola_37709,29,0,29,0.0434727743268013,0
molecola_38554,1,0,1,0.016639716923236847,0
molecola_38554,2,0,2,0.04655374214053154,0
molecola_38554,3,0,3,0.032180532813072205,0
molecola_38554,4,0,4,0.032590579241514206,0
molecola_38554,5,0,5,0.07066980004310608,0
molecola_38554,6,0,6,0.04111344367265701,0
molecola_38554,7,1,7,0.8255832195281982,1
molecola_38554,8,0,8,0.09269538521766663,0
molecola_38554,9,1,9,0.9097766280174255,1
molecola_38554,10,0,10,0.08429807424545288,0
molecola_38554,11,0,11,0.010505043901503086,0
molecola_38554,12,0,12,0.006356458645313978,0
molecola_38554,13,0,13,0.005833445116877556,0
molecola_38554,14,0,14,0.008579432033002377,0
molecola_38554,15,0,15,0.026262328028678894,0
molecola_38554,16,0,16,0.20145748555660248,0
molecola_38554,17,0,17,0.04375295713543892,0
molecola_38554,18,0,18,0.0419967956840992,0
molecola_38554,19,0,19,0.022619236260652542,0
molecola_38554,20,0,20,0.007580881472676992,0
molecola_38554,21,0,21,0.0057874443009495735,0
molecola_38554,22,0,22,0.006402104627341032,0
molecola_38554,23,0,23,0.013296220451593399,0
molecola_38554,24,0,24,0.08316786587238312,0
molecola_38554,25,0,25,0.032590579241514206,0
molecola_38554,26,0,26,0.032180532813072205,0
molecola_38760,1,0,1,0.007657054346054792,0
molecola_38760,2,0,2,0.009126654826104641,0
molecola_38760,3,0,3,0.010417316108942032,0
molecola_38760,4,0,4,0.010944299399852753,0
molecola_38760,5,0,5,0.01139957457780838,0
molecola_38760,6,0,6,0.013101255521178246,0
molecola_38760,7,0,7,0.01989249885082245,0
molecola_38760,8,0,8,0.01830061711370945,0
molecola_38760,9,0,9,0.016602542251348495,0
molecola_38760,10,0,10,0.014257037080824375,0
molecola_38760,11,0,11,0.0092154024168849,0
molecola_38760,12,0,12,0.012407216243445873,0
molecola_38760,13,0,13,0.007107867393642664,0
molecola_38760,14,0,14,0.0072057307697832584,0
molecola_38760,15,0,15,0.013006096705794334,0
molecola_38760,16,0,16,0.014951481483876705,0
molecola_38760,17,0,17,0.020617956295609474,0
molecola_38760,18,0,18,0.018565036356449127,0
molecola_38760,19,0,19,0.01528450008481741,0
molecola_38760,20,0,20,0.010959897190332413,0
molecola_38760,21,0,21,0.01253692526370287,0
molecola_38760,22,0,22,0.8399041891098022,1
molecola_38760,23,1,23,0.9667057991027832,1
molecola_38760,24,1,24,0.9542636275291443,1
molecola_38760,25,1,25,0.8424747586250305,1
molecola_38760,26,1,26,0.8591148853302002,1
molecola_38760,27,0,27,0.8591148853302002,1
molecola_38760,28,0,28,0.013355624862015247,0
molecola_40205,1,0,1,0.007151596248149872,0
molecola_40205,2,0,2,0.008335218764841557,0
molecola_40205,3,0,3,0.011991080828011036,0
molecola_40205,4,0,4,0.11383607983589172,0
molecola_40205,5,0,5,0.03309961035847664,0
molecola_40205,6,0,6,0.04741554334759712,0
molecola_40205,7,0,7,0.01958213374018669,0
molecola_40205,8,0,8,0.04801516607403755,0
molecola_40205,9,0,9,0.7811691164970398,1
molecola_40205,10,0,10,0.9777690172195435,1
molecola_40205,11,1,11,0.963473916053772,1
molecola_40205,12,1,12,0.9675073623657227,1
molecola_40205,13,0,13,0.9675073623657227,1
molecola_40205,14,0,14,0.019639519974589348,0
molecola_40205,15,0,15,0.019639519974589348,0
molecola_40205,16,0,16,0.015254638157784939,0
molecola_40205,17,0,17,0.9118241667747498,1
molecola_40205,18,0,18,0.7943741083145142,1
molecola_40205,19,0,19,0.7014278173446655,1
molecola_40205,20,0,20,0.01927284151315689,0
molecola_40205,21,0,21,0.01927284151315689,0
molecola_40205,22,0,22,0.04845868796110153,0
molecola_40205,23,0,23,0.008844099007546902,0
molecola_40205,24,0,24,0.006318629719316959,0
molecola_40205,25,0,25,0.006318629719316959,0
molecola_40205,26,0,26,0.007769810035824776,0
molecola_40205,27,0,27,0.01993045210838318,0
molecola_40205,28,0,28,0.012764036655426025,0
molecola_40205,29,0,29,0.01311507262289524,0
molecola_40205,30,0,30,0.01311507262289524,0
molecola_40205,31,0,31,0.010338402353227139,0
molecola_40205,32,0,32,0.009471217170357704,0
molecola_40363,1,0,1,0.07277274131774902,0
molecola_40363,2,1,2,0.9553165435791016,1
molecola_40363,3,1,3,0.9628257751464844,1
molecola_40363,4,0,4,0.027071544900536537,0
molecola_40363,5,0,5,0.022727515548467636,0
molecola_40363,6,0,6,0.04485686123371124,0
molecola_40363,7,0,7,0.7352463006973267,1
molecola_40363,8,0,8,0.012467705644667149,0
molecola_40363,9,0,9,0.007278678473085165,0
molecola_40363,10,0,10,0.005835267715156078,0
molecola_40363,11,0,11,0.005945971235632896,0
molecola_40363,12,0,12,0.007315922062844038,0
molecola_40363,13,0,13,0.007619865238666534,0
molecola_40912,1,1,1,0.862988293170929,1
molecola_40912,2,1,2,0.9517041444778442,1
molecola_40912,3,1,3,0.9667848944664001,1
molecola_40912,4,1,4,0.9069492220878601,1
molecola_40912,5,1,5,0.9722684621810913,1
molecola_40912,6,0,6,0.04117162525653839,0
molecola_40912,7,0,7,0.008105172775685787,0
molecola_40912,8,0,8,0.008601898327469826,0
molecola_40912,9,0,9,0.007565589156001806,0
molecola_40912,10,0,10,0.013247264549136162,0
molecola_40912,11,0,11,0.007116528227925301,0
molecola_40912,12,0,12,0.0066798096522688866,0
molecola_40912,13,0,13,0.007971959188580513,0
molecola_40912,14,0,14,0.008560439571738243,0
molecola_40912,15,0,15,0.01685316115617752,0
molecola_40912,16,0,16,0.015413143672049046,0
molecola_40912,17,0,17,0.013186530210077763,0
molecola_40912,18,0,18,0.006972899194806814,0
molecola_40912,19,0,19,0.0061523825861513615,0
molecola_40912,20,0,20,0.005690194666385651,0
molecola_40912,21,0,21,0.0061523825861513615,0
molecola_40912,22,0,22,0.006972899194806814,0
molecola_4097,1,0,1,0.007178152445703745,0
molecola_4097,2,0,2,0.007631874643266201,0
molecola_4097,3,0,3,0.006274066399782896,0
molecola_4097,4,0,4,0.007195422891527414,0
molecola_4097,5,0,5,0.011005093343555927,0
molecola_4097,6,0,6,0.01092804130166769,0
molecola_4097,7,0,7,0.012824848294258118,0
molecola_4097,8,0,8,0.02024908922612667,0
molecola_4097,9,0,9,0.13783176243305206,0
molecola_4097,10,0,10,0.04328623041510582,0
molecola_4097,11,0,11,0.026198120787739754,0
molecola_4097,12,0,12,0.010112558491528034,0
molecola_4097,13,0,13,0.0078086815774440765,0
molecola_4097,14,0,14,0.01147899217903614,0
molecola_4097,15,0,15,0.010010521858930588,0
molecola_4097,16,0,16,0.00945181306451559,0
molecola_4097,17,0,17,0.0077554634772241116,0
molecola_4097,18,0,18,0.006411474198102951,0
molecola_4097,19,0,19,0.009958941489458084,0
molecola_4097,20,0,20,0.8288708329200745,1
molecola_4097,21,1,21,0.9666203856468201,1
molecola_4097,22,1,22,0.9542661309242249,1
molecola_4097,23,1,23,0.8424747586250305,1
molecola_4097,24,1,24,0.8591148853302002,1
molecola_4097,25,0,25,0.8591148853302002,1
molecola_4097,26,0,26,0.014333446510136127,0
molecola_4097,27,0,27,0.00847268383949995,0
molecola_4097,28,0,28,0.007195422891527414,0
molecola_4097,29,0,29,0.006274066399782896,0
molecola_41053,1,0,1,0.02724853716790676,0
molecola_41053,2,1,2,0.9717760682106018,1
molecola_41053,3,1,3,0.9671167135238647,1
molecola_41053,4,1,4,0.9070167541503906,1
molecola_41053,5,1,5,0.9567716121673584,1
molecola_41053,6,1,6,0.9540133476257324,1
molecola_41053,7,0,7,0.010042157955467701,0
molecola_41053,8,0,8,0.008938748389482498,0
molecola_41053,9,0,9,0.0076892483048141,0
molecola_41053,10,0,10,0.011485313065350056,0
molecola_41053,11,0,11,0.008938748389482498,0
molecola_41053,12,0,12,0.0076892483048141,0
molecola_41053,13,0,13,0.010042157955467701,0
molecola_41053,14,0,14,0.014771439135074615,0
molecola_41053,15,0,15,0.014560284093022346,0
molecola_41053,16,0,16,0.011096402071416378,0
molecola_41385,1,0,1,0.02854919619858265,0
molecola_41385,2,1,2,0.9639139771461487,1
molecola_41385,3,1,3,0.8388612866401672,1
molecola_41385,4,0,4,0.02251357026398182,0
molecola_41385,5,0,5,0.0068132211454212666,0
molecola_41385,6,0,6,0.9022316336631775,1
molecola_41385,7,0,7,0.029193896800279617,0
molecola_41385,8,0,8,0.008699414320290089,0
molecola_41385,9,0,9,0.0067519317381083965,0
molecola_41385,10,0,10,0.006147130858153105,0
molecola_41385,11,0,11,0.007318866439163685,0
molecola_41385,12,0,12,0.006389143876731396,0
molecola_41385,13,0,13,0.007522533182054758,0
molecola_41385,14,0,14,0.006907929200679064,0
molecola_41437,1,0,1,0.01757659576833248,0
molecola_41437,2,0,2,0.01490942481905222,0
molecola_41437,3,0,3,0.02323153056204319,0
molecola_41437,4,0,4,0.30920466780662537,0
molecola_41437,5,0,5,0.4678787887096405,0
molecola_41437,6,0,6,0.04587101191282272,0
molecola_41437,7,0,7,0.0261832345277071,0
molecola_41437,8,0,8,0.01529083214700222,0
molecola_41437,9,0,9,0.007356042042374611,0
molecola_41437,10,0,10,0.0058770556934177876,0
molecola_41437,11,0,11,0.006069284398108721,0
molecola_41437,12,0,12,0.007568772882223129,0
molecola_41437,13,0,13,0.0387905091047287,0
molecola_41437,14,0,14,0.02762262336909771,0
molecola_41437,15,0,15,0.03134659677743912,0
molecola_41437,16,0,16,0.06523743271827698,0
molecola_41437,17,0,17,0.5455768704414368,1
molecola_41437,18,0,18,0.8985140323638916,1
molecola_41437,19,0,19,0.33995485305786133,0
molecola_41437,20,0,20,0.06363838911056519,0
molecola_41437,21,0,21,0.7663546204566956,1
molecola_41437,22,0,22,0.06382615119218826,0
molecola_41437,23,0,23,0.06382615119218826,0
molecola_41437,24,1,24,0.9107168912887573,1
molecola_41437,25,1,25,0.947128176689148,1
molecola_41437,26,1,26,0.9653525948524475,1
molecola_41437,27,1,27,0.9021168947219849,1
molecola_41437,28,1,28,0.9665645956993103,1
molecola_41880,1,0,1,0.030794307589530945,0
molecola_41880,2,0,2,0.04933639615774155,0
molecola_41880,3,0,3,0.05035923048853874,0
molecola_41880,4,0,4,0.03034709207713604,0
molecola_41880,5,0,5,0.05482606589794159,0
molecola_41880,6,0,6,0.03244737908244133,0
molecola_41880,7,0,7,0.04657931253314018,0
molecola_41880,8,1,8,0.865851640701294,1
molecola_41880,9,1,9,0.9671348929405212,1
molecola_41880,10,1,10,0.9542478919029236,1
molecola_41880,11,0,11,0.8424747586250305,1
molecola_41880,12,0,12,0.8591148853302002,1
molecola_41880,13,1,13,0.8591148853302002,1
molecola_41880,14,0,14,0.018531983718276024,0
molecola_41880,15,0,15,0.009357552044093609,0
molecola_41880,16,0,16,0.00655518751591444,0
molecola_41880,17,0,17,0.009264940395951271,0
molecola_41880,18,0,18,0.012394151650369167,0
molecola_41880,19,0,19,0.013252544216811657,0
molecola_41880,20,0,20,0.008793248794972897,0
molecola_41880,21,0,21,0.006598989944905043,0
molecola_41880,22,0,22,0.007830857299268246,0
molecola_41880,23,0,23,0.009882654994726181,0
molecola_41970,1,0,1,0.027729293331503868,0
molecola_41970,2,0,2,0.96706622838974,1
molecola_41970,3,0,3,0.9742854237556458,1
molecola_41970,4,0,4,0.9734945297241211,1
molecola_41970,5,0,5,0.9630883932113647,1
molecola_41970,6,0,6,0.9677594900131226,1
molecola_41970,7,0,7,0.9677594900131226,1
molecola_41970,8,0,8,0.09062042087316513,0
molecola_41970,9,0,9,0.011969334445893764,0
molecola_41970,10,0,10,0.006622240412980318,0
molecola_41970,11,0,11,0.02987637370824814,0
molecola_41970,12,0,12,0.5718485713005066,1
molecola_41970,13,0,13,0.961654007434845,1
molecola_41970,14,0,14,0.19652579724788666,0
molecola_41970,15,1,15,0.9729378819465637,1
molecola_41970,16,1,16,0.9656278491020203,1
molecola_41970,17,0,17,0.022632764652371407,0
molecola_41970,18,0,18,0.020008863881230354,0
molecola_41970,19,0,19,0.07841555029153824,0
molecola_41970,20,0,20,0.0526912622153759,0
molecola_41970,21,0,21,0.015498240478336811,0
molecola_41970,22,0,22,0.00891573540866375,0
molecola_41970,23,0,23,0.006190716288983822,0
molecola_41970,24,0,24,0.0057706222869455814,0
molecola_41970,25,0,25,0.005777175538241863,0
molecola_41970,26,0,26,0.006056273356080055,0
molecola_41970,27,0,27,0.008093948476016521,0
molecola_41970,28,0,28,0.0081246392801404,0
molecola_41970,29,0,29,0.008093948476016521,0
molecola_41970,30,0,30,0.006056273356080055,0
molecola_41970,31,0,31,0.005777175538241863,0
molecola_41970,32,0,32,0.0057706222869455814,0
molecola_41970,33,0,33,0.006190716288983822,0
molecola_41970,34,0,34,0.00891573540866375,0
molecola_41970,35,0,35,0.020008863881230354,0
molecola_41970,36,0,36,0.022632764652371407,0
molecola_41970,37,0,37,0.006622240412980318,0
molecola_41970,38,0,38,0.011969334445893764,0
molecola_42674,1,0,1,0.862988293170929,1
molecola_42674,2,0,2,0.9517002701759338,1
molecola_42674,3,0,3,0.9668448567390442,1
molecola_42674,4,0,4,0.9068251848220825,1
molecola_42674,5,0,5,0.9735645651817322,1
molecola_42674,6,1,6,0.9713543057441711,1
molecola_42674,7,1,7,0.9591619372367859,1
molecola_42674,8,0,8,0.03189892694354057,0
molecola_42674,9,0,9,0.008197232149541378,0
molecola_42674,10,0,10,0.008850060403347015,0
molecola_42674,11,0,11,0.009721229784190655,0
molecola_42674,12,0,12,0.00770973414182663,0
molecola_42674,13,0,13,0.006021769251674414,0
molecola_42674,14,0,14,0.005760984029620886,0
molecola_42674,15,0,15,0.005760984029620886,0
molecola_42674,16,0,16,0.0060231564566493034,0
molecola_42674,17,0,17,0.00790532398968935,0
molecola_42674,18,0,18,0.011682781390845776,0
molecola_42674,19,0,19,0.01048570591956377,0
molecola_43000,1,0,1,0.013431666418910027,0
molecola_43000,2,0,2,0.023302117362618446,0
molecola_43000,3,0,3,0.013431666418910027,0
molecola_43000,4,0,4,0.025636006146669388,0
molecola_43000,5,0,5,0.05363805219531059,0
molecola_43000,6,0,6,0.010220683179795742,0
molecola_43000,7,0,7,0.006084098480641842,0
molecola_43000,8,0,8,0.009099102579057217,0
molecola_43000,9,1,9,0.9548504948616028,1
molecola_43000,10,1,10,0.9567948579788208,1
molecola_43000,11,1,11,0.9671752452850342,1
molecola_43000,12,1,12,0.9069980978965759,1
molecola_43000,13,1,13,0.9736748337745667,1
molecola_43000,14,0,14,0.09365887194871902,0
molecola_43000,15,0,15,0.011106547899544239,0
molecola_43000,16,0,16,0.06299571692943573,0
molecola_43000,17,0,17,0.02571345493197441,0
molecola_43064,1,0,1,0.010781596414744854,0
molecola_43064,2,0,2,0.8298319578170776,1
molecola_43064,3,0,3,0.9230863451957703,1
molecola_43064,4,0,4,0.8760140538215637,1
molecola_43064,5,0,5,0.037133775651454926,0
molecola_43064,6,0,6,0.027462711557745934,0
molecola_43064,7,1,7,0.9490394592285156,1
molecola_43064,8,0,8,0.9358762502670288,1
molecola_43064,9,0,9,0.009080667980015278,0
molecola_43064,10,0,10,0.006369250360876322,0
molecola_43064,11,0,11,0.008079498074948788,0
molecola_43064,12,0,12,0.007497874088585377,0
molecola_43064,13,0,13,0.006459960248321295,0
molecola_43064,14,0,14,0.009837093763053417,0
molecola_43064,15,0,15,0.006622352637350559,0
molecola_43996,1,0,1,0.0123387910425663,0
molecola_43996,2,0,2,0.013170029036700726,0
molecola_43996,3,0,3,0.023467404767870903,0
molecola_43996,4,0,4,0.009470098651945591,0
molecola_43996,5,0,5,0.009326057508587837,0
molecola_43996,6,0,6,0.014093318022787571,0
molecola_43996,7,0,7,0.045018985867500305,0
molecola_43996,8,0,8,0.01590704917907715,0
molecola_43996,9,0,9,0.013371368870139122,0
molecola_43996,10,0,10,0.014915497042238712,0
molecola_43996,11,0,11,0.009341333992779255,0
molecola_43996,12,0,12,0.010126525536179543,0
molecola_43996,13,0,13,0.023412274196743965,0
molecola_43996,14,0,14,0.013170029036700726,0
molecola_43996,15,0,15,0.0123387910425663,0
molecola_43996,16,0,16,0.48414409160614014,0
molecola_43996,17,0,17,0.039704035967588425,0
molecola_43996,18,0,18,0.05432761460542679,0
molecola_43996,19,1,19,0.9721963405609131,1
molecola_43996,20,0,20,0.05432761460542679,0
molecola_43996,21,0,21,0.039704035967588425,0
molecola_43996,22,1,22,0.9597140550613403,1
molecola_43996,23,0,23,0.24881799519062042,0
molecola_43996,24,0,24,0.13147781789302826,0
molecola_43996,25,0,25,0.02536390721797943,0
molecola_43996,26,0,26,0.025867916643619537,0
molecola_43996,27,0,27,0.04842128977179527,0
molecola_43996,28,0,28,0.043646909296512604,0
molecola_4424,1,0,1,0.010287980549037457,0
molecola_4424,2,1,2,0.8951073884963989,1
molecola_4424,3,1,3,0.951554536819458,1
molecola_4424,4,1,4,0.9632352590560913,1
molecola_4424,5,1,5,0.9003701210021973,1
molecola_4424,6,1,6,0.9728662371635437,1
molecola_4424,7,0,7,0.055860649794340134,0
molecola_4424,8,0,8,0.055860649794340134,0
molecola_4424,9,0,9,0.9728014469146729,1
molecola_4424,10,0,10,0.055860649794340134,0
molecola_4424,11,0,11,0.055860649794340134,0
molecola_4424,12,0,12,0.963650107383728,1
molecola_4424,13,0,13,0.9003483653068542,1
molecola_4424,14,0,14,0.9542596340179443,1
molecola_4424,15,0,15,0.9400654435157776,1
molecola_4424,16,0,16,0.6992732882499695,1
molecola_4424,17,0,17,0.6987292766571045,1
molecola_4424,18,0,18,0.0799708440899849,0
molecola_4424,19,0,19,0.054524023085832596,0
molecola_4424,20,0,20,0.012684612534940243,0
molecola_4424,21,0,21,0.00595157640054822,0
molecola_4424,22,0,22,0.00594033719971776,0
molecola_4424,23,0,23,0.0103286262601614,0
molecola_4424,24,0,24,0.024122163653373718,0
molecola_4424,25,0,25,0.03660783916711807,0
molecola_4424,26,0,26,0.01012577023357153,0
molecola_4424,27,0,27,0.006799927446991205,0
molecola_4424,28,0,28,0.007142082788050175,0
molecola_4424,29,0,29,0.006400663871318102,0
molecola_4424,30,0,30,0.006756660062819719,0
molecola_4424,31,0,31,0.012711632065474987,0
molecola_45156,1,0,1,0.007371789775788784,0
molecola_45156,2,0,2,0.007985981181263924,0
molecola_45156,3,0,3,0.006061872933059931,0
molecola_45156,4,0,4,0.00586771359667182,0
molecola_45156,5,0,5,0.006185012869536877,0
molecola_45156,6,0,6,0.009099055081605911,0
molecola_45156,7,0,7,0.013343416154384613,0
molecola_45156,8,0,8,0.02209470607340336,0
molecola_45156,9,0,9,0.018903063610196114,0
molecola_45156,10,0,10,0.017099184915423393,0
molecola_45156,11,0,11,0.02243329957127571,0
molecola_45156,12,1,12,0.9721017479896545,1
molecola_45156,13,1,13,0.981597900390625,1
molecola_45156,14,0,14,0.03331027552485466,0
molecola_45156,15,0,15,0.011997929774224758,0
molecola_45156,16,0,16,0.011997929774224758,0
molecola_45156,17,0,17,0.02114739455282688,0
molecola_45156,18,0,18,0.008663888089358807,0
molecola_45156,19,0,19,0.007492897566407919,0
molecola_45156,20,0,20,0.011683761142194271,0
molecola_45156,21,0,21,0.014284344390034676,0
molecola_45156,22,0,22,0.007492897566407919,0
molecola_45156,23,0,23,0.008663888089358807,0
molecola_45156,24,0,24,0.02243329957127571,0
molecola_45156,25,0,25,0.017099184915423393,0
molecola_45156,26,0,26,0.009099055081605911,0
molecola_45156,27,0,27,0.006185012869536877,0
molecola_45156,28,0,28,0.00586771359667182,0
molecola_45156,29,0,29,0.006061872933059931,0
molecola_45156,30,0,30,0.007985981181263924,0
molecola_45156,31,0,31,0.007371789775788784,0
molecola_45156,32,0,32,0.008394294418394566,0
molecola_45156,33,0,33,0.008425903506577015,0
molecola_45156,34,0,34,0.008394294418394566,0
molecola_46623,1,1,1,0.9614405035972595,1
molecola_46623,2,1,2,0.9664964079856873,1
molecola_46623,3,0,3,0.030579766258597374,0
molecola_46623,4,0,4,0.023871246725320816,0
molecola_46623,5,0,5,0.04998866841197014,0
molecola_46623,6,0,6,0.08585718274116516,0
molecola_46639,1,0,1,0.0123387910425663,0
molecola_46639,2,0,2,0.013114209286868572,0
molecola_46639,3,0,3,0.022735508158802986,0
molecola_46639,4,0,4,0.01073449943214655,0
molecola_46639,5,0,5,0.013477573171257973,0
molecola_46639,6,0,6,0.016286762431263924,0
molecola_46639,7,0,7,0.01630139909684658,0
molecola_46639,8,0,8,0.013074100017547607,0
molecola_46639,9,0,9,0.07770975679159164,0
molecola_46639,10,0,10,0.9683421850204468,1
molecola_46639,11,0,11,0.04415092244744301,0
molecola_46639,12,0,12,0.059197381138801575,0
molecola_46639,13,0,13,0.055741943418979645,0
molecola_46639,14,1,14,0.9567388892173767,1
molecola_46639,15,1,15,0.9072198271751404,1
molecola_46639,16,0,16,0.09987588971853256,0
molecola_46639,17,0,17,0.028431080281734467,0
molecola_46639,18,0,18,0.028063945472240448,0
molecola_46639,19,0,19,0.013612637296319008,0
molecola_46639,20,0,20,0.06775971502065659,0
molecola_46639,21,0,21,0.021061386913061142,0
molecola_46639,22,0,22,0.9129619002342224,1
molecola_46639,23,0,23,0.9459288716316223,1
molecola_46639,24,0,24,0.9655782580375671,1
molecola_46639,25,0,25,0.9021168947219849,1
molecola_46639,26,0,26,0.9665645956993103,1
molecola_46639,27,0,27,0.02120545133948326,0
molecola_47942,1,0,1,0.0123387910425663,0
molecola_47942,2,0,2,0.013174192979931831,0
molecola_47942,3,0,3,0.027484318241477013,0
molecola_47942,4,0,4,0.008564535528421402,0
molecola_47942,5,0,5,0.005924558732658625,0
molecola_47942,6,0,6,0.005924558732658625,0
molecola_47942,7,0,7,0.0112350108101964,0
molecola_47942,8,0,8,0.13727328181266785,0
molecola_47942,9,0,9,0.03958483412861824,0
molecola_47942,10,0,10,0.12232284247875214,0
molecola_47942,11,1,11,0.0554315559566021,0
molecola_47942,12,0,12,0.04825671762228012,0
molecola_47942,13,1,13,0.7949880957603455,1
molecola_47942,14,1,14,0.9657156467437744,1
molecola_47942,15,1,15,0.08743274211883545,0
molecola_47942,16,1,16,0.10003381967544556,0
molecola_48635,1,1,1,0.9648551344871521,1
molecola_48635,2,1,2,0.9578262567520142,1
molecola_48635,3,0,3,0.07162915915250778,0
molecola_48635,4,0,4,0.05362730473279953,0
molecola_48635,5,0,5,0.9395199418067932,1
molecola_48635,6,0,6,0.049689725041389465,0
molecola_48635,7,0,7,0.028018835932016373,0
molecola_48635,8,0,8,0.008684035390615463,0
molecola_48635,9,0,9,0.005829737987369299,0
molecola_48635,10,0,10,0.00581896910443902,0
molecola_48635,11,0,11,0.00900611374527216,0
molecola_48635,12,0,12,0.03798672556877136,0
molecola_48635,13,0,13,0.08260267227888107,0
molecola_48635,14,0,14,0.92511385679245,1
molecola_48635,15,0,15,0.1249862015247345,0
molecola_48706,1,0,1,0.007376990746706724,0
molecola_48706,2,0,2,0.009983240626752377,0
molecola_48706,3,0,3,0.008821843191981316,0
molecola_48706,4,0,4,0.010968673042953014,0
molecola_48706,5,0,5,0.007598311640322208,0
molecola_48706,6,0,6,0.018570905551314354,0
molecola_48706,7,0,7,0.015319569036364555,0
molecola_48706,8,0,8,0.016484780237078667,0
molecola_48706,9,0,9,0.007720809429883957,0
molecola_48706,10,0,10,0.005920861382037401,0
molecola_48706,11,0,11,0.005690194666385651,0
molecola_48706,12,0,12,0.005920861382037401,0
molecola_48706,13,0,13,0.007720809429883957,0
molecola_48706,14,0,14,0.039735592901706696,0
molecola_48706,15,1,15,0.9570688605308533,1
molecola_48706,16,1,16,0.9753527641296387,1
molecola_48706,17,0,17,0.9254072904586792,1
molecola_48706,18,0,18,0.6405088901519775,1
molecola_48706,19,0,19,0.01654357649385929,0
molecola_48706,20,0,20,0.00857258029282093,0
molecola_48706,21,0,21,0.011484663933515549,0
molecola_48706,22,0,22,0.06343147903680801,0
molecola_48706,23,0,23,0.011484663933515549,0
molecola_48706,24,0,24,0.00857258029282093,0
molecola_48706,25,0,25,0.9701884984970093,1
molecola_48706,26,0,26,0.12272337079048157,0
molecola_48706,27,0,27,0.21849972009658813,0
molecola_48706,28,0,28,0.05346546694636345,0
molecola_48706,29,0,29,0.007943482138216496,0
molecola_48706,30,0,30,0.007943482138216496,0
molecola_48706,31,0,31,0.007943482138216496,0
molecola_48842,1,1,1,0.9683617353439331,1
molecola_48842,2,1,2,0.9631661772727966,1
molecola_48842,3,0,3,0.12062608450651169,0
molecola_48842,4,0,4,0.08908238261938095,0
molecola_48842,5,0,5,0.015134950168430805,0
molecola_48842,6,0,6,0.008253834210336208,0
molecola_48842,7,0,7,0.006853848695755005,0
molecola_48842,8,0,8,0.011477801948785782,0
molecola_48842,9,0,9,0.00784401223063469,0
molecola_48842,10,0,10,0.006098862737417221,0
molecola_48842,11,0,11,0.005861533340066671,0
molecola_48842,12,0,12,0.006094245705753565,0
molecola_48842,13,0,13,0.008096214383840561,0
molecola_48842,14,0,14,0.006662007421255112,0
molecola_48842,15,0,15,0.01197328232228756,0
molecola_48842,16,0,16,0.006262381561100483,0
molecola_48842,17,0,17,0.0057706222869455814,0
molecola_48842,18,0,18,0.005924558732658625,0
molecola_48842,19,0,19,0.010181784629821777,0
molecola_48842,20,0,20,0.19837602972984314,0
molecola_48842,21,0,21,0.027325766161084175,0
molecola_48842,22,0,22,0.029270419850945473,0
molecola_48842,23,0,23,0.009246321395039558,0
molecola_48842,24,0,24,0.009246321395039558,0
molecola_48842,25,0,25,0.009246321395039558,0
molecola_51100,1,0,1,0.01995917409658432,0
molecola_51100,2,0,2,0.0441104918718338,0
molecola_51100,3,0,3,0.06251475214958191,0
molecola_51100,4,1,4,0.9642062783241272,1
molecola_51100,5,0,5,0.06251475214958191,0
molecola_51100,6,0,6,0.0441104918718338,0
molecola_51100,7,0,7,0.01995917409658432,0
molecola_51100,8,0,8,0.052915096282958984,0
molecola_51100,9,1,9,0.9479929804801941,1
molecola_51100,10,0,10,0.1403568685054779,0
molecola_51100,11,0,11,0.11112555116415024,0
molecola_51100,12,0,12,0.013460807502269745,0
molecola_51100,13,0,13,0.014115750789642334,0
molecola_51100,14,0,14,0.06685401499271393,0
molecola_51100,15,0,15,0.013953249901533127,0
molecola_51100,16,0,16,0.0071945879608392715,0
molecola_51100,17,0,17,0.009733718819916248,0
molecola_51100,18,0,18,0.008953859098255634,0
molecola_51100,19,0,19,0.0062508429400622845,0
molecola_51100,20,0,20,0.006013771519064903,0
molecola_51100,21,0,21,0.0072942133992910385,0
molecola_51100,22,0,22,0.006376358214765787,0
molecola_51100,23,0,23,0.006847145967185497,0
molecola_51100,24,0,24,0.013832937926054,0
molecola_51100,25,0,25,0.9701125621795654,1
molecola_51100,26,0,26,0.12272251397371292,0
molecola_51100,27,0,27,0.21849878132343292,0
molecola_51100,28,0,28,0.05346546694636345,0
molecola_51100,29,0,29,0.007943482138216496,0
molecola_51100,30,0,30,0.007943482138216496,0
molecola_51100,31,0,31,0.007943482138216496,0
molecola_53124,1,0,1,0.006007996853441,0
molecola_53124,2,0,2,0.00735126668587327,0
molecola_53124,3,0,3,0.006007996853441,0
molecola_53124,4,0,4,0.006007996853441,0
molecola_53124,5,0,5,0.023210473358631134,0
molecola_53124,6,0,6,0.0216140765696764,0
molecola_53124,7,0,7,0.021663174033164978,0
molecola_53124,8,0,8,0.025610528886318207,0
molecola_53124,9,0,9,0.025742895901203156,0
molecola_53124,10,0,10,0.06694208085536957,0
molecola_53124,11,1,11,0.952035129070282,1
molecola_53124,12,1,12,0.9720895886421204,1
molecola_53124,13,1,13,0.9572869539260864,1
molecola_53124,14,0,14,0.8468782901763916,1
molecola_53124,15,0,15,0.8627718091011047,1
molecola_53124,16,1,16,0.8627718091011047,1
molecola_53124,17,0,17,0.16924352943897247,0
molecola_53124,18,0,18,0.038025036454200745,0
molecola_53124,19,0,19,0.022330734878778458,0
molecola_53124,20,0,20,0.007886226288974285,0
molecola_53124,21,0,21,0.005833445116877556,0
molecola_53124,22,0,22,0.005833445116877556,0
molecola_53124,23,0,23,0.007886226288974285,0
molecola_53124,24,0,24,0.022373713552951813,0
molecola_53124,25,0,25,0.12561309337615967,0
molecola_53124,26,0,26,0.03821560740470886,0
molecola_53124,27,0,27,0.021663174033164978,0
molecola_53124,28,0,28,0.0216140765696764,0
molecola_54094,1,1,1,0.9692586660385132,1
molecola_54094,2,1,2,0.9638539552688599,1
molecola_54094,3,0,3,0.2599230408668518,0
molecola_54094,4,0,4,0.06850241869688034,0
molecola_54094,5,0,5,0.019453272223472595,0
molecola_54094,6,0,6,0.016462545841932297,0
molecola_54094,7,0,7,0.013079091906547546,0
molecola_54094,8,0,8,0.04253070428967476,0
molecola_54094,9,0,9,0.010911849327385426,0
molecola_54094,10,0,10,0.010120547376573086,0
molecola_54094,11,0,11,0.024487055838108063,0
molecola_54094,12,0,12,0.02600763738155365,0
molecola_54094,13,0,13,0.4658127725124359,0
molecola_54094,14,0,14,0.03778038173913956,0
molecola_54094,15,0,15,0.03482142090797424,0
molecola_54094,16,0,16,0.06836328655481339,0
molecola_54094,17,0,17,0.019395826384425163,0
molecola_54094,18,0,18,0.013560612685978413,0
molecola_54094,19,0,19,0.011935731396079063,0
molecola_54094,20,0,20,0.013856831006705761,0
molecola_54094,21,0,21,0.02131090871989727,0
molecola_54094,22,0,22,0.026760419830679893,0
molecola_54094,23,0,23,0.05339941382408142,0
molecola_54094,24,0,24,0.025325490161776543,0
molecola_54094,25,0,25,0.008300389163196087,0
molecola_54094,26,0,26,0.006201715208590031,0
molecola_54094,27,0,27,0.007655732333660126,0
molecola_54094,28,0,28,0.007860517129302025,0
molecola_54094,29,0,29,0.01575585827231407,0
molecola_54094,30,0,30,0.006447702180594206,0
molecola_54094,31,0,31,0.007395726162940264,0
molecola_54094,32,0,32,0.03482142090797424,0
molecola_54094,33,0,33,0.03778038173913956,0
molecola_54385,1,0,1,0.028431272134184837,0
molecola_54385,2,0,2,0.9686893820762634,1
molecola_54385,3,0,3,0.9746545553207397,1
molecola_54385,4,0,4,0.973271906375885,1
molecola_54385,5,0,5,0.9159398674964905,1
molecola_54385,6,0,6,0.09481669217348099,0
molecola_54385,7,1,7,0.9659873247146606,1
molecola_54385,8,1,8,0.9601605534553528,1
molecola_54385,9,0,9,0.06247270479798317,0
molecola_54385,10,0,10,0.01045219600200653,0
molecola_54385,11,0,11,0.0063626207411289215,0
molecola_54385,12,0,12,0.005690194666385651,0
molecola_54385,13,0,13,0.0063626207411289215,0
molecola_54385,14,0,14,0.01045219600200653,0
molecola_56488,1,0,1,0.013222037814557552,0
molecola_56488,2,0,2,0.012020832858979702,0
molecola_56488,3,0,3,0.007100938819348812,0
molecola_56488,4,0,4,0.007250854279845953,0
molecola_56488,5,0,5,0.014568162150681019,0
molecola_56488,6,0,6,0.013669809326529503,0
molecola_56488,7,0,7,0.03685270622372627,0
molecola_56488,8,1,8,0.9594051837921143,1
molecola_56488,9,1,9,0.9719330072402954,1
molecola_56488,10,0,10,0.9762105941772461,1
molecola_56488,11,0,11,0.8151695132255554,1
molecola_56488,12,0,12,0.03797159343957901,0
molecola_56488,13,0,13,0.023642299696803093,0
molecola_56488,14,0,14,0.009255058132112026,0
molecola_56488,15,0,15,0.00650725606828928,0
molecola_56488,16,0,16,0.007003235165029764,0
molecola_56488,17,0,17,0.00650725606828928,0
molecola_56488,18,0,18,0.009255058132112026,0
molecola_56488,19,0,19,0.010334920138120651,0
molecola_5744,1,0,1,0.01382247544825077,0
molecola_5744,2,0,2,0.03549307957291603,0
molecola_5744,3,1,3,0.9238672256469727,1
molecola_5744,4,0,4,0.11432107537984848,0
molecola_5744,5,1,5,0.9212678670883179,1
molecola_5744,6,0,6,0.08707860857248306,0
molecola_5744,7,0,7,0.009341847151517868,0
molecola_5744,8,0,8,0.0062405760399997234,0
molecola_5744,9,0,9,0.005690194666385651,0
molecola_5744,10,0,10,0.0062405760399997234,0
molecola_5744,11,0,11,0.009341847151517868,0
molecola_5744,12,0,12,0.027339089661836624,0
molecola_5744,13,0,13,0.019097832962870598,0
molecola_5744,14,0,14,0.01736808754503727,0
molecola_5744,15,0,15,0.026870684698224068,0
molecola_5744,16,0,16,0.06912758201360703,0
molecola_5744,17,0,17,0.540917158126831,1
molecola_5744,18,0,18,0.06912758201360703,0
molecola_5744,19,0,19,0.026870684698224068,0
molecola_6247,1,0,1,0.022193213924765587,0
molecola_6247,2,1,2,0.8960391879081726,1
molecola_6247,3,1,3,0.934954822063446,1
molecola_6247,4,0,4,0.16749010980129242,0
molecola_6247,5,0,5,0.11878453940153122,0
molecola_6247,6,0,6,0.011403476819396019,0
molecola_6247,7,0,7,0.008224274031817913,0
molecola_6247,8,0,8,0.013685228303074837,0
molecola_6247,9,0,9,0.008224274031817913,0
molecola_6247,10,0,10,0.011403476819396019,0
molecola_6247,11,0,11,0.025540031492710114,0
molecola_6247,12,0,12,0.02265060320496559,0
molecola_6247,13,0,13,0.03522177413105965,0
molecola_6247,14,0,14,0.054143551737070084,0
molecola_6247,15,0,15,0.02665507234632969,0
molecola_6247,16,0,16,0.02651880867779255,0
molecola_6247,17,0,17,0.023428436368703842,0
molecola_6247,18,0,18,0.023428436368703842,0
molecola_6247,19,0,19,0.06505771726369858,0
molecola_6247,20,0,20,0.00934230163693428,0
molecola_6247,21,0,21,0.006755517795681953,0
molecola_6247,22,0,22,0.008059665560722351,0
molecola_6247,23,0,23,0.007296886295080185,0
molecola_6247,24,0,24,0.008412472903728485,0
molecola_6247,25,0,25,0.009589899331331253,0
molecola_6730,1,0,1,0.04281989857554436,0
molecola_6730,2,1,2,0.9509538412094116,1
molecola_6730,3,0,3,0.019844315946102142,0
molecola_6730,4,0,4,0.013495005667209625,0
molecola_6730,5,0,5,0.011135777458548546,0
molecola_6730,6,0,6,0.011135777458548546,0
molecola_6730,7,0,7,0.013495005667209625,0
molecola_6730,8,0,8,0.020533766597509384,0
molecola_6730,9,0,9,0.26503050327301025,0
molecola_6730,10,0,10,0.04597695916891098,0
molecola_6730,11,0,11,0.07095812261104584,0
molecola_6730,12,0,12,0.023984204977750778,0
molecola_6730,13,0,13,0.006062327418476343,0
molecola_6730,14,0,14,0.005807220935821533,0
molecola_6730,15,0,15,0.005690194666385651,0
molecola_6730,16,0,16,0.005807220935821533,0
molecola_6730,17,0,17,0.006062327418476343,0
molecola_6730,18,1,18,0.9784237742424011,1
molecola_6730,19,0,19,0.9109008312225342,1
molecola_6730,20,0,20,0.052963294088840485,0
molecola_6730,21,0,21,0.016987260431051254,0
molecola_6730,22,0,22,0.007701053284108639,0
molecola_6730,23,0,23,0.005956848617643118,0
molecola_6730,24,0,24,0.005690194666385651,0
molecola_6730,25,0,25,0.005956848617643118,0
molecola_6730,26,0,26,0.007701053284108639,0
molecola_6730,27,0,27,0.016987260431051254,0
molecola_6730,28,0,28,0.007701053284108639,0
molecola_6730,29,0,29,0.005956848617643118,0
molecola_6730,30,0,30,0.005690194666385651,0
molecola_6730,31,0,31,0.005956848617643118,0
molecola_6730,32,0,32,0.007701053284108639,0
molecola_6730,33,0,33,0.016987260431051254,0
molecola_6730,34,0,34,0.007701053284108639,0
molecola_6730,35,0,35,0.005956848617643118,0
molecola_6730,36,0,36,0.005690194666385651,0
molecola_6730,37,0,37,0.005956851411610842,0
molecola_6730,38,0,38,0.00770105654373765,0
molecola_7170,1,0,1,0.0123387910425663,0
molecola_7170,2,0,2,0.01309477724134922,0
molecola_7170,3,0,3,0.019897138699889183,0
molecola_7170,4,0,4,0.008892998099327087,0
molecola_7170,5,0,5,0.008017612621188164,0
molecola_7170,6,0,6,0.008504276163876057,0
molecola_7170,7,0,7,0.009036004543304443,0
molecola_7170,8,0,8,0.008770092390477657,0
molecola_7170,9,0,9,0.011680595576763153,0
molecola_7170,10,0,10,0.056473251432180405,0
molecola_7170,11,1,11,0.8303359150886536,1
molecola_7170,12,0,12,0.07221343368291855,0
molecola_7170,13,1,13,0.9532010555267334,1
molecola_7170,14,0,14,0.12660785019397736,0
molecola_7170,15,1,15,0.9694221019744873,1
molecola_7170,16,0,16,0.05132165923714638,0
molecola_7170,17,0,17,0.051705870777368546,0
molecola_7170,18,0,18,0.9696080684661865,1
molecola_7170,19,0,19,0.051705870777368546,0
molecola_7170,20,0,20,0.05132165923714638,0
molecola_7170,21,1,21,0.9491165280342102,1
molecola_7170,22,0,22,0.14035825431346893,0
molecola_7170,23,1,23,0.11159320920705795,0
molecola_7170,24,0,24,0.011557773686945438,0
molecola_7170,25,0,25,0.006142762955278158,0
molecola_7170,26,0,26,0.005690194666385651,0
molecola_7170,27,0,27,0.006142762955278158,0
molecola_7170,28,0,28,0.011557773686945438,0
molecola_7170,29,0,29,0.016871832311153412,0
molecola_7170,30,0,30,0.00907538365572691,0
molecola_7170,31,0,31,0.006758419796824455,0
molecola_7170,32,0,32,0.007590383291244507,0
molecola_7170,33,0,33,0.00793628953397274,0
molecola_7170,34,0,34,0.007069144863635302,0
molecola_7170,35,0,35,0.008529058657586575,0
molecola_8033,1,0,1,0.0066327061504125595,0
molecola_8033,2,0,2,0.008519193157553673,0
molecola_8033,3,0,3,0.008198046125471592,0
molecola_8033,4,0,4,0.022703316062688828,0
molecola_8033,5,0,5,0.0945991575717926,0
molecola_8033,6,1,6,0.5578599572181702,1
molecola_8033,7,0,7,0.061138179153203964,0
molecola_8033,8,0,8,0.027155045419931412,0
molecola_8033,9,0,9,0.016725707799196243,0
molecola_8033,10,0,10,0.009506946429610252,0
molecola_8033,11,0,11,0.011713570915162563,0
molecola_8033,12,0,12,0.013787620700895786,0
molecola_8033,13,0,13,0.019817722961306572,0
molecola_8033,14,0,14,0.06851109117269516,0
molecola_8033,15,0,15,0.03491310775279999,0
molecola_8033,16,0,16,0.04894421622157097,0
molecola_8033,17,1,17,0.9492654800415039,1
molecola_8033,18,0,18,0.04894421622157097,0
molecola_8033,19,0,19,0.03491310775279999,0
molecola_8033,20,1,20,0.9686084389686584,1
molecola_8033,21,1,21,0.9663754105567932,1
molecola_8033,22,0,22,0.0770321860909462,0
molecola_8033,23,0,23,0.020084712654352188,0
molecola_8033,24,0,24,0.02008441649377346,0
molecola_8033,25,0,25,0.007968185469508171,0
molecola_8033,26,0,26,0.005934092216193676,0
molecola_8033,27,0,27,0.005833445116877556,0
molecola_8033,28,0,28,0.009406154043972492,0
molecola_8033,29,1,29,0.05989399924874306,0
molecola_8490,1,0,1,0.00783510785549879,0
molecola_8490,2,0,2,0.009604756720364094,0
molecola_8490,3,0,3,0.013566091656684875,0
molecola_8490,4,0,4,0.02420634776353836,0
molecola_8490,5,0,5,0.024579517543315887,0
molecola_8490,6,0,6,0.04642036184668541,0
molecola_8490,7,0,7,0.03822338581085205,0
molecola_8490,8,0,8,0.01581707037985325,0
molecola_8490,9,0,9,0.022676654160022736,0
molecola_8490,10,0,10,0.8730792999267578,1
molecola_8490,11,0,11,0.06571027636528015,0
molecola_8490,12,0,12,0.3768440783023834,0
molecola_8490,13,0,13,0.03489332273602486,0
molecola_8490,14,0,14,0.00850559864193201,0
molecola_8490,15,0,15,0.007466599345207214,0
molecola_8490,16,0,16,0.006557908374816179,0
molecola_8490,17,0,17,0.05222473293542862,0
molecola_8490,18,0,18,0.0356408953666687,0
molecola_8490,19,0,19,0.06841061264276505,0
molecola_8490,20,0,20,0.015657562762498856,0
molecola_8490,21,0,21,0.009453375823795795,0
molecola_8490,22,0,22,0.891022801399231,1
molecola_8490,23,1,23,0.9664967656135559,1
molecola_8490,24,1,24,0.9542605876922607,1
molecola_8490,25,1,25,0.8424519300460815,1
molecola_8490,26,1,26,0.8591076731681824,1
molecola_8490,27,0,27,0.8591076731681824,1
molecola_8490,28,0,28,0.04576553776860237,0
molecola_8490,29,0,29,0.030719241127371788,0
molecola_8490,30,0,30,0.04997812584042549,0
molecola_8490,31,0,31,0.030440807342529297,0
molecola_8722,1,0,1,0.01696355640888214,0
molecola_8722,2,1,2,0.7653700709342957,1
molecola_8722,3,0,3,0.03218962252140045,0
molecola_8722,4,1,4,0.9486885666847229,1
molecola_8722,5,0,5,0.1316995620727539,0
molecola_8764,1,0,1,0.007661609910428524,0
molecola_8764,2,0,2,0.011216919869184494,0
molecola_8764,3,0,3,0.007661609910428524,0
molecola_8764,4,0,4,0.010996138677001,0
molecola_8764,5,0,5,0.011587899178266525,0
molecola_8764,6,0,6,0.007169425021857023,0
molecola_8764,7,0,7,0.006148925516754389,0
molecola_8764,8,0,8,0.0074302395805716515,0
molecola_8764,9,0,9,0.016559908166527748,0
molecola_8764,10,0,10,0.034920066595077515,0
molecola_8764,11,1,11,0.9596033692359924,1
molecola_8764,12,0,12,0.07192330807447433,0
molecola_8764,13,1,13,0.9651088118553162,1
molecola_8764,14,0,14,0.01014754455536604,0
molecola_8764,15,0,15,0.03354357182979584,0
molecola_8764,16,0,16,0.017535202205181122,0
molecola_8764,17,0,17,0.015200001187622547,0
molecola_8764,18,0,18,0.014268607832491398,0
molecola_8764,19,0,19,0.009922973811626434,0
molecola_8764,20,0,20,0.006528042256832123,0
molecola_8764,21,0,21,0.007273333612829447,0
molecola_8764,22,0,22,0.011758377775549889,0
molecola_8764,23,0,23,0.01356207299977541,0
molecola_8764,24,0,24,0.04526136443018913,0
molecola_8764,25,0,25,0.17034980654716492,0
molecola_8764,26,0,26,0.01626800373196602,0
molecola_8764,27,0,27,0.010642243549227715,0
molecola_8764,28,0,28,0.010642243549227715,0
molecola_8764,29,0,29,0.008362079039216042,0
molecola_8764,30,0,30,0.007037049625068903,0
molecola_8860,1,0,1,0.012326587922871113,0
molecola_8860,2,0,2,0.013346517458558083,0
molecola_8860,3,0,3,0.026048997417092323,0
molecola_8860,4,0,4,0.011157921515405178,0
molecola_8860,5,0,5,0.01018986664712429,0
molecola_8860,6,0,6,0.008373319171369076,0
molecola_8860,7,0,7,0.007041748613119125,0
molecola_8860,8,0,8,0.007560417987406254,0
molecola_8860,9,0,9,0.016074582934379578,0
molecola_8860,10,0,10,0.010181588120758533,0
molecola_8860,11,0,11,0.008667320013046265,0
molecola_8860,12,0,12,0.007353588007390499,0
molecola_8860,13,0,13,0.012410406954586506,0
molecola_8860,14,0,14,0.013115412555634975,0
molecola_8860,15,0,15,0.013115412555634975,0
molecola_8860,16,0,16,0.010338647291064262,0
molecola_8860,17,0,17,0.007634391542524099,0
molecola_8860,18,0,18,0.006866218987852335,0
molecola_8860,19,0,19,0.013458008877933025,0
molecola_8860,20,0,20,0.05934467539191246,0
molecola_8860,21,0,21,0.03572087734937668,0
molecola_8860,22,0,22,0.08222097903490067,0
molecola_8860,23,0,23,0.029780417680740356,0
molecola_8860,24,0,24,0.06344678997993469,0
molecola_8860,25,1,25,0.9731677770614624,1
molecola_8860,26,0,26,0.06344678997993469,0
molecola_8860,27,0,27,0.029780417680740356,0
molecola_8860,28,1,28,0.9636579751968384,1
molecola_8860,29,1,29,0.8999931216239929,1
molecola_8860,30,1,30,0.9531037211418152,1
molecola_8860,31,1,31,0.9208418726921082,1
molecola_8860,32,0,32,0.011966312304139137,0
molecola_8860,33,0,33,0.011966312304139137,0
molecola_9180,1,0,1,0.009234539233148098,0
molecola_9180,2,0,2,0.013863785192370415,0
molecola_9180,3,0,3,0.014062687754631042,0
molecola_9180,4,0,4,0.020965801551938057,0
molecola_9180,5,0,5,0.32061558961868286,0
molecola_9180,6,0,6,0.04590364173054695,0
molecola_9180,7,0,7,0.09032007306814194,0
molecola_9180,8,0,8,0.02094009891152382,0
molecola_9180,9,0,9,0.0211727824062109,0
molecola_9180,10,0,10,0.3642679750919342,0
molecola_9180,11,0,11,0.04987547546625137,0
molecola_9180,12,0,12,0.04987547546625137,0
molecola_9180,13,0,13,0.008063440211117268,0
molecola_9180,14,0,14,0.010087457485496998,0
molecola_9180,15,0,15,0.007075700908899307,0
molecola_9180,16,0,16,0.008134917356073856,0
molecola_9180,17,0,17,0.008098987862467766,0
molecola_9180,18,0,18,0.006042860448360443,0
molecola_9180,19,0,19,0.005769634619355202,0
molecola_9180,20,0,20,0.0057706222869455814,0
molecola_9180,21,0,21,0.006259832996875048,0
molecola_9180,22,0,22,0.008775142952799797,0
molecola_9180,23,0,23,0.019721977412700653,0
molecola_9180,24,0,24,0.023115862160921097,0
molecola_9180,25,0,25,0.023157386109232903,0
molecola_9180,26,0,26,0.02208705246448517,0
molecola_9180,27,0,27,0.02646210603415966,0
molecola_9180,28,0,28,0.02370433136820793,0
molecola_9180,29,0,29,0.02217678725719452,0
molecola_9180,30,0,30,0.02378496527671814,0
molecola_9180,31,0,31,0.02972882241010666,0
molecola_9180,32,1,32,0.9577920436859131,1
molecola_9180,33,1,33,0.918980062007904,1
molecola_9180,34,0,34,0.055322322994470596,0
molecola_9180,35,0,35,0.024705752730369568,0
molecola_9180,36,0,36,0.017663350328803062,0
molecola_9180,37,0,37,0.012446482665836811,0
molecola_9180,38,0,38,0.008532503619790077,0
molecola_9180,39,0,39,0.02148858644068241,0
molecola_9180,40,0,40,0.019182030111551285,0
molecola_9180,41,0,41,0.01691718026995659,0
molecola_9180,42,0,42,0.012904403731226921,0
molecola_9180,43,0,43,0.008707663044333458,0
molecola_9639,1,0,1,0.8003969788551331,1
molecola_9639,2,0,2,0.9655152559280396,1
molecola_9639,3,0,3,0.9548710584640503,1
molecola_9639,4,0,4,0.842868447303772,1
molecola_9639,5,0,5,0.8586872816085815,1
molecola_9639,6,1,6,0.9655152559280396,1
molecola_9639,7,1,7,0.8003969788551331,1
molecola_60105,1,0,1,0.09135071188211441,0
molecola_60105,2,0,2,0.03832913562655449,0
molecola_60105,3,0,3,0.03832913562655449,0
molecola_60105,4,0,4,0.10260917991399765,0
molecola_60105,5,0,5,0.06874352693557739,0
molecola_60105,6,0,6,0.7723450064659119,1
molecola_60105,7,0,7,0.011796294711530209,0
molecola_60105,8,0,8,0.006991922855377197,0
molecola_60105,9,0,9,0.010531261563301086,0
molecola_60105,10,0,10,0.007011025212705135,0
molecola_60105,11,0,11,0.01292918436229229,0
molecola_60105,12,0,12,0.014134202152490616,0
molecola_60105,13,0,13,0.01263391599059105,0
molecola_60105,14,0,14,0.019188925623893738,0
molecola_60105,15,0,15,0.018796822056174278,0
molecola_60105,16,0,16,0.758796751499176,1
molecola_60105,17,0,17,0.13000506162643433,0
molecola_60105,18,0,18,0.009942368604242802,0
molecola_60105,19,0,19,0.007160320412367582,0
molecola_60105,20,0,20,0.010128561407327652,0
molecola_60105,21,0,21,0.00850703101605177,0
molecola_60105,22,1,22,0.9648140668869019,1
molecola_60105,23,0,23,0.008130816742777824,0
molecola_60105,24,0,24,0.007302287500351667,0
molecola_60105,25,0,25,0.16081294417381287,0
molecola_60105,26,0,26,0.010287980549037457,0
molecola_60118,1,0,1,0.12824289500713348,0
molecola_60118,2,0,2,0.11910847574472427,0
molecola_60118,3,0,3,0.021166907623410225,0
molecola_60118,4,0,4,0.014284344390034676,0
molecola_60118,5,0,5,0.013924314640462399,0
molecola_60118,6,0,6,0.01209216844290495,0
molecola_60118,7,0,7,0.01209216844290495,0
molecola_60118,8,0,8,0.10564874857664108,0
molecola_60118,9,0,9,0.009083771146833897,0
molecola_60118,10,0,10,0.009083771146833897,0
molecola_60118,11,1,11,0.969897449016571,1
molecola_60118,12,0,12,0.06302261352539062,0
molecola_60118,13,0,13,0.011628060601651669,0
molecola_60118,14,0,14,0.011628060601651669,0
molecola_60118,15,0,15,0.011683761142194271,0
molecola_60118,16,0,16,0.0072116549126803875,0
molecola_60118,17,0,17,0.0072116549126803875,0
molecola_60158,1,0,1,0.012514914385974407,0
molecola_60158,2,0,2,0.028924472630023956,0
molecola_60158,3,0,3,0.01815173402428627,0
molecola_60158,4,0,4,0.012514914385974407,0
molecola_60158,5,0,5,0.007818188518285751,0
molecola_60158,6,0,6,0.01089667808264494,0
molecola_60158,7,0,7,0.007584222126752138,0
molecola_60158,8,0,8,0.0064521729946136475,0
molecola_60158,9,0,9,0.0064521729946136475,0
molecola_60158,10,1,10,0.9644565582275391,1
molecola_60158,11,0,11,0.06782907992601395,0
molecola_60158,12,0,12,0.06679891794919968,0
molecola_60158,13,0,13,0.018546808511018753,0
molecola_60158,14,0,14,0.0067562442272901535,0
molecola_60158,15,0,15,0.005902285687625408,0
molecola_60158,16,0,16,0.00715210847556591,0
molecola_60158,17,0,17,0.006077142432332039,0
molecola_60158,18,0,18,0.006243391893804073,0
molecola_60158,19,0,19,0.006498611997812986,0
molecola_60158,20,0,20,0.007910995744168758,0
molecola_60158,21,0,21,0.008111059665679932,0
molecola_60158,22,0,22,0.00934708584100008,0
molecola_60158,23,0,23,0.018987281247973442,0
molecola_60158,24,0,24,0.008550703525543213,0
molecola_60158,25,0,25,0.006418251898139715,0
molecola_60158,26,0,26,0.012949434109032154,0
molecola_60158,27,0,27,0.012345772236585617,0
molecola_60172,1,0,1,0.02424660138785839,0
molecola_60172,2,0,2,0.06533478200435638,0
molecola_60172,3,0,3,0.03179177641868591,0
molecola_60172,4,0,4,0.03699686750769615,0
molecola_60172,5,0,5,0.0682077407836914,0
molecola_60172,6,0,6,0.06307370960712433,0
molecola_60172,7,0,7,0.0075161634013056755,0
molecola_60172,8,0,8,0.06536256521940231,0
molecola_60172,9,0,9,0.008104406297206879,0
molecola_60172,10,0,10,0.007000622805207968,0
molecola_60172,11,0,11,0.008203056640923023,0
molecola_60172,12,0,12,0.009780356660485268,0
molecola_60172,13,0,13,0.011509347707033157,0
molecola_60172,14,0,14,0.011112131178379059,0
molecola_60172,15,0,15,0.011277105659246445,0
molecola_60172,16,0,16,0.009234041906893253,0
molecola_60172,17,0,17,0.04230184108018875,0
molecola_60172,18,0,18,0.007905540987849236,0
molecola_60172,19,0,19,0.006595149636268616,0
molecola_60172,20,0,20,0.006310099735856056,0
molecola_60172,21,0,21,0.02458326891064644,0
molecola_60172,22,0,22,0.010745345614850521,0
molecola_60172,23,0,23,0.07628269493579865,0
molecola_60172,24,1,24,0.9623398780822754,1
molecola_60172,25,0,25,0.009288276545703411,0
molecola_60172,26,0,26,0.0065922848880290985,0
molecola_60172,27,0,27,0.007600897457450628,0
molecola_60172,28,1,28,0.9617035984992981,1
molecola_60172,29,0,29,0.14880287647247314,0
molecola_60172,30,0,30,0.00710044102743268,0
molecola_60172,31,0,31,0.02443106658756733,0
molecola_60178,1,0,1,0.02481779269874096,0
molecola_60178,2,0,2,0.009865484200417995,0
molecola_60178,3,0,3,0.05430646613240242,0
molecola_60178,4,0,4,0.0075778653845191,0
molecola_60178,5,0,5,0.0676758736371994,0
molecola_60178,6,0,6,0.08420224487781525,0
molecola_60178,7,0,7,0.06540562212467194,0
molecola_60178,8,0,8,0.06722497940063477,0
molecola_60178,9,0,9,0.06580020487308502,0
molecola_60178,10,0,10,0.006991688162088394,0
molecola_60178,11,0,11,0.013858050107955933,0
molecola_60178,12,0,12,0.008415499702095985,0
molecola_60178,13,0,13,0.007791528943926096,0
molecola_60178,14,0,14,0.013391071930527687,0
molecola_60178,15,0,15,0.026722226291894913,0
molecola_60178,16,0,16,0.006042880471795797,0
molecola_60178,17,0,17,0.007773787714540958,0
molecola_60178,18,0,18,0.006059500388801098,0
molecola_60178,19,0,19,0.007666596677154303,0
molecola_60178,20,0,20,0.08064588904380798,0
molecola_60178,21,0,21,0.02201075479388237,0
molecola_60178,22,0,22,0.012918277643620968,0
molecola_60178,23,0,23,0.016823258250951767,0
molecola_60178,24,1,24,0.9614601135253906,1
molecola_60178,25,0,25,0.014802142977714539,0
molecola_60178,26,0,26,0.9624680876731873,1
molecola_60178,27,0,27,0.02443515509366989,0
molecola_60178,28,1,28,0.9651088118553162,1
molecola_60178,29,0,29,0.024691574275493622,0
molecola_60178,30,0,30,0.030487382784485817,0
molecola_60178,31,0,31,0.014884939417243004,0
molecola_60178,32,0,32,0.009283582679927349,0
molecola_60178,33,0,33,0.009283582679927349,0
molecola_60187,1,0,1,0.08185090869665146,0
molecola_60187,2,0,2,0.0445423349738121,0
molecola_60187,3,0,3,0.0657709613442421,0
molecola_60187,4,0,4,0.006719481199979782,0
molecola_60187,5,0,5,0.0071796211414039135,0
molecola_60187,6,0,6,0.006777703296393156,0
molecola_60187,7,0,7,0.007138705346733332,0
molecola_60187,8,0,8,0.010570419020950794,0
molecola_60187,9,0,9,0.011892520822584629,0
molecola_60187,10,0,10,0.010677848942577839,0
molecola_60187,11,0,11,0.01613902486860752,0
molecola_60187,12,0,12,0.010085463523864746,0
molecola_60187,13,0,13,0.013704138807952404,0
molecola_60187,14,0,14,0.008712323382496834,0
molecola_60187,15,0,15,0.03094109147787094,0
molecola_60187,16,0,16,0.006780278403311968,0
molecola_60187,17,0,17,0.020070917904376984,0
molecola_60187,18,0,18,0.016772588714957237,0
molecola_60187,19,0,19,0.007993679493665695,0
molecola_60187,20,0,20,0.02365393005311489,0
molecola_60187,21,0,21,0.03026990406215191,0
molecola_60187,22,0,22,0.13306696712970734,0
molecola_60187,23,1,23,0.9646703004837036,1
molecola_60187,24,0,24,0.024825822561979294,0
molecola_60187,25,0,25,0.013889787718653679,0
molecola_60187,26,0,26,0.011135777458548546,0
molecola_60187,27,0,27,0.01103087980300188,0
molecola_60187,28,0,28,0.01103087980300188,0
molecola_60187,29,0,29,0.01103087980300188,0
molecola_60187,30,0,30,0.010921003296971321,0
molecola_60187,31,0,31,0.010417316108942032,0
molecola_60187,32,0,32,0.009126654826104641,0
molecola_60187,33,0,33,0.007657054346054792,0
molecola_60188,1,0,1,0.009324295446276665,0
molecola_60188,2,0,2,0.009324295446276665,0
molecola_60188,3,0,3,0.012441899627447128,0
molecola_60188,4,0,4,0.007405740674585104,0
molecola_60188,5,0,5,0.09319522976875305,0
molecola_60188,6,0,6,0.013115116395056248,0
molecola_60188,7,0,7,0.013115116395056248,0
molecola_60188,8,0,8,0.04683437570929527,0
molecola_60188,9,0,9,0.06759101897478104,0
molecola_60188,10,0,10,0.04340540990233421,0
molecola_60188,11,0,11,0.021383844316005707,0
molecola_60188,12,0,12,0.007340873591601849,0
molecola_60188,13,0,13,0.005578216630965471,0
molecola_60188,14,0,14,0.007447336334735155,0
molecola_60188,15,0,15,0.07005175203084946,0
molecola_60188,16,0,16,0.006817029323428869,0
molecola_60188,17,0,17,0.006817029323428869,0
molecola_60188,18,0,18,0.016121990978717804,0
molecola_60188,19,0,19,0.007543719839304686,0
molecola_60188,20,0,20,0.007543719839304686,0
molecola_60188,21,0,21,0.33498233556747437,0
molecola_60188,22,0,22,0.0103384368121624,0
molecola_60188,23,0,23,0.016922399401664734,0
molecola_60188,24,1,24,0.9645399451255798,1
molecola_60188,25,0,25,0.025420285761356354,0
molecola_60190,1,0,1,0.007069084793329239,0
molecola_60190,2,0,2,0.007325867190957069,0
molecola_60190,3,0,3,0.014182963408529758,0
molecola_60190,4,0,4,0.05144823342561722,0
molecola_60190,5,1,5,0.9553096294403076,1
molecola_60190,6,0,6,0.05377211421728134,0
molecola_60190,7,0,7,0.006255987100303173,0
molecola_60190,8,0,8,0.006870890036225319,0
molecola_60190,9,0,9,0.010795168578624725,0
molecola_60190,10,0,10,0.011854516342282295,0
molecola_60190,11,0,11,0.0075529757887125015,0
molecola_60190,12,0,12,0.006794358137995005,0
molecola_60190,13,0,13,0.006794358137995005,0
molecola_60190,14,0,14,0.01000362541526556,0
molecola_60190,15,0,15,0.008022593334317207,0
molecola_60190,16,0,16,0.009304221719503403,0
molecola_60190,17,0,17,0.008742185309529305,0
molecola_60190,18,0,18,0.013844761997461319,0
molecola_60190,19,0,19,0.013315270654857159,0
molecola_60190,20,0,20,0.007429799996316433,0
molecola_60190,21,0,21,0.006819806527346373,0
molecola_60190,22,0,22,0.013540101237595081,0
molecola_60190,23,0,23,0.013526452705264091,0
molecola_60190,24,0,24,0.008963418193161488,0
molecola_60001,1,0,1,0.006116496864706278,0
molecola_60001,2,0,2,0.007725118193775415,0
molecola_60001,3,0,3,0.006116496864706278,0
molecola_60001,4,0,4,0.005776559002697468,0
molecola_60001,5,0,5,0.005690194666385651,0
molecola_60001,6,0,6,0.005776559002697468,0
molecola_60001,7,0,7,0.008243657648563385,0
molecola_60001,8,0,8,0.00839700922369957,0
molecola_60001,9,0,9,0.010915503837168217,0
molecola_60001,10,0,10,0.02007272094488144,0
molecola_60001,11,0,11,0.011011945083737373,0
molecola_60001,12,0,12,0.23151804506778717,0
molecola_60001,13,0,13,0.11086633056402206,0
molecola_60001,14,1,14,0.9641637206077576,1
molecola_60001,15,0,15,0.015499245375394821,0
molecola_60001,16,0,16,0.06083965674042702,0
molecola_60001,17,0,17,0.009859072975814342,0
molecola_60001,18,0,18,0.009859072975814342,0
molecola_60001,19,0,19,0.009859072975814342,0
molecola_60026,1,0,1,0.956800639629364,1
molecola_60026,2,0,2,0.9535454511642456,1
molecola_60026,3,0,3,0.9116014242172241,1
molecola_60026,4,0,4,0.12373438477516174,0
molecola_60026,5,0,5,0.029762662947177887,0
molecola_60026,6,0,6,0.11434493958950043,0
molecola_60026,7,0,7,0.01960347592830658,0
molecola_60026,8,0,8,0.01563229411840439,0
molecola_60026,9,0,9,0.007818943820893764,0
molecola_60026,10,0,10,0.007785010151565075,0
molecola_60026,11,0,11,0.007867143489420414,0
molecola_60026,12,0,12,0.007787142414599657,0
molecola_60026,13,0,13,0.951287567615509,1
molecola_60026,14,0,14,0.023939412087202072,0
molecola_60026,15,0,15,0.023939412087202072,0
molecola_60026,16,0,16,0.02230449579656124,0
molecola_60026,17,0,17,0.02230449579656124,0
molecola_60026,18,0,18,0.021332761272788048,0
molecola_60026,19,0,19,0.9681277275085449,1
molecola_60026,20,0,20,0.014818952418863773,0
molecola_60026,21,0,21,0.00967179611325264,0
molecola_60026,22,0,22,0.27542585134506226,0
molecola_60026,23,0,23,0.008893923833966255,0
molecola_60026,24,0,24,0.06445329636335373,0
molecola_60026,25,0,25,0.09135152399539948,0
molecola_60026,26,0,26,0.009342513047158718,0
molecola_60026,27,0,27,0.006064551416784525,0
molecola_60026,28,1,28,0.9691605567932129,1
molecola_60026,29,0,29,0.010950309224426746,0
molecola_60026,30,0,30,0.006578350439667702,0
molecola_60026,31,0,31,0.006578350439667702,0
molecola_60026,32,0,32,0.00604616105556488,0
molecola_60026,33,0,33,0.00627153692767024,0
molecola_60026,34,0,34,0.007853034883737564,0
molecola_60026,35,0,35,0.006396137177944183,0
molecola_60026,36,0,36,0.006396137177944183,0
molecola_60026,37,0,37,0.008222617208957672,0
molecola_60026,38,0,38,0.0447116456925869,0
molecola_60026,39,0,39,0.008128590881824493,0
molecola_60026,40,0,40,0.006160820368677378,0
molecola_60026,41,0,41,0.006172867026180029,0
molecola_60026,42,0,42,0.013741537928581238,0
molecola_60026,43,0,43,0.0057706222869455814,0
molecola_60026,44,0,44,0.007884162478148937,0
molecola_60026,45,0,45,0.0057706222869455814,0
molecola_60002,1,0,1,0.10181272774934769,0
molecola_60002,2,0,2,0.030360419303178787,0
molecola_60002,3,0,3,0.06541668623685837,0
molecola_60002,4,0,4,0.011073476634919643,0
molecola_60002,5,0,5,0.008737984113395214,0
molecola_60002,6,0,6,0.008250326849520206,0
molecola_60002,7,0,7,0.0170455165207386,0
molecola_60002,8,0,8,0.005975405219942331,0
molecola_60002,9,0,9,0.008044899441301823,0
molecola_60002,10,0,10,0.00765261659398675,0
molecola_60002,11,0,11,0.006289743818342686,0
molecola_60002,12,0,12,0.06596743315458298,0
molecola_60002,13,1,13,0.9649192094802856,1
molecola_60002,14,0,14,0.016896629706025124,0
molecola_60002,15,0,15,0.007670359220355749,0
molecola_60002,16,0,16,0.007670359220355749,0
molecola_60002,17,0,17,0.006142762955278158,0
molecola_60002,18,0,18,0.006142762955278158,0
molecola_60002,19,0,19,0.005690194666385651,0
molecola_60002,20,0,20,0.47201409935951233,0
molecola_60002,21,0,21,0.009372699074447155,0
molecola_60002,22,0,22,0.00690864585340023,0
molecola_60002,23,0,23,0.008775993250310421,0
molecola_60002,24,0,24,0.00690864585340023,0
molecola_60002,25,0,25,0.009372699074447155,0
molecola_60002,26,0,26,0.006872119847685099,0
molecola_60002,27,0,27,0.007635211572051048,0
molecola_60002,28,0,28,0.1484156847000122,0
molecola_60002,29,0,29,0.037934403866529465,0
molecola_60002,30,0,30,0.007488575764000416,0
molecola_60002,31,0,31,0.037934403866529465,0
molecola_60042,1,0,1,0.009642158634960651,0
molecola_60042,2,0,2,0.0629076287150383,0
molecola_60042,3,0,3,0.07056516408920288,0
molecola_60042,4,0,4,0.012953110039234161,0
molecola_60042,5,0,5,0.06536256521940231,0
molecola_60042,6,0,6,0.6512552499771118,1
molecola_60042,7,0,7,0.013736712746322155,0
molecola_60042,8,0,8,0.00631533982232213,0
molecola_60042,9,0,9,0.02156408317387104,0
molecola_60042,10,0,10,0.42882096767425537,0
molecola_60042,11,0,11,0.024966223165392876,0
molecola_60042,12,0,12,0.0626455694437027,0
molecola_60042,13,0,13,0.007893395610153675,0
molecola_60042,14,0,14,0.017571795731782913,0
molecola_60042,15,0,15,0.0145832234993577,0
molecola_60042,16,0,16,0.011126330122351646,0
molecola_60042,17,0,17,0.007845296524465084,0
molecola_60042,18,0,18,0.006508369464427233,0
molecola_60042,19,0,19,0.006508369464427233,0
molecola_60042,20,0,20,0.006356458645313978,0
molecola_60042,21,0,21,0.005937178619205952,0
molecola_60042,22,0,22,0.00864536315202713,0
molecola_60042,23,0,23,0.00864536315202713,0
molecola_60042,24,0,24,0.008138539269566536,0
molecola_60042,25,0,25,0.008138539269566536,0
molecola_60042,26,0,26,0.01878250204026699,0
molecola_60042,27,1,27,0.9616639614105225,1
molecola_60042,28,0,28,0.02443106658756733,0
molecola_60042,29,0,29,0.012345772236585617,0
molecola_60044,1,0,1,0.06093655526638031,0
molecola_60044,2,0,2,0.5676701068878174,1
molecola_60044,3,0,3,0.06540562212467194,0
molecola_60044,4,0,4,0.9730530977249146,1
molecola_60044,5,0,5,0.9691880941390991,1
molecola_60044,6,0,6,0.019781770184636116,0
molecola_60044,7,0,7,0.007375210057944059,0
molecola_60044,8,0,8,0.011334114708006382,0
molecola_60044,9,0,9,0.013782337307929993,0
molecola_60044,10,0,10,0.09164228290319443,0
molecola_60044,11,0,11,0.09394700825214386,0
molecola_60044,12,0,12,0.006633938290178776,0
molecola_60044,13,0,13,0.0071603236719965935,0
molecola_60044,14,0,14,0.01050611026585102,0
molecola_60044,15,0,15,0.010507408529520035,0
molecola_60044,16,0,16,0.005799540318548679,0
molecola_60044,17,0,17,0.9615675806999207,1
molecola_60044,18,0,18,0.006356458645313978,0
molecola_60044,19,0,19,0.005829737987369299,0
molecola_60044,20,0,20,0.006356458645313978,0
molecola_60044,21,1,21,0.9616227149963379,1
molecola_60044,22,0,22,0.02443515509366989,0
molecola_60057,1,0,1,0.011281099170446396,0
molecola_60057,2,0,2,0.011802398599684238,0
molecola_60057,3,0,3,0.01200318243354559,0
molecola_60057,4,0,4,0.5228368043899536,1
molecola_60057,5,0,5,0.1151629313826561,0
molecola_60057,6,0,6,0.007900258526206017,0
molecola_60057,7,0,7,0.007711043115705252,0
molecola_60057,8,1,8,0.9645693898200989,1
molecola_60057,9,0,9,0.01691902056336403,0
molecola_60057,10,0,10,0.032147593796253204,0
molecola_60057,11,0,11,0.01945984549820423,0
molecola_60057,12,0,12,0.01231197826564312,0
molecola_60057,13,0,13,0.01458656694740057,0
molecola_60057,14,0,14,0.013608066365122795,0
molecola_60057,15,0,15,0.01284694392234087,0
molecola_60057,16,0,16,0.010008594021201134,0
molecola_60057,17,0,17,0.015935244038701057,0
molecola_60057,18,0,18,0.03497566282749176,0
molecola_60057,19,0,19,0.05613375082612038,0
molecola_60057,20,0,20,0.01929291896522045,0
molecola_60057,21,0,21,0.018304986879229546,0
molecola_60057,22,0,22,0.01760980114340782,0
molecola_60057,23,0,23,0.02621142938733101,0
molecola_60057,24,0,24,0.04235308989882469,0
molecola_60057,25,0,25,0.018826227635145187,0
molecola_60057,26,0,26,0.01784401573240757,0
molecola_60057,27,0,27,0.017689058557152748,0
molecola_60057,28,0,28,0.029590805992484093,0
molecola_60057,29,0,29,0.047732606530189514,0
molecola_60057,30,0,30,0.01776578091084957,0
molecola_60057,31,0,31,0.01776578091084957,0
molecola_60057,32,0,32,0.06448858231306076,0
molecola_60057,33,0,33,0.03217420354485512,0
molecola_60057,34,0,34,0.02955092303454876,0
molecola_60057,35,0,35,0.01202679704874754,0
molecola_60065,1,0,1,0.008367442525923252,0
molecola_60065,2,0,2,0.0071756658144295216,0
molecola_60065,3,0,3,0.00929433386772871,0
molecola_60065,4,0,4,0.009055139496922493,0
molecola_60065,5,0,5,0.008531704545021057,0
molecola_60065,6,0,6,0.00654433760792017,0
molecola_60065,7,0,7,0.00727241113781929,0
molecola_60065,8,0,8,0.008151705376803875,0
molecola_60065,9,0,9,0.007540525868535042,0
molecola_60065,10,0,10,0.8882670998573303,1
molecola_60065,11,0,11,0.09471596032381058,0
molecola_60065,12,0,12,0.03220585361123085,0
molecola_60065,13,0,13,0.007264881860464811,0
molecola_60065,14,0,14,0.006787520367652178,0
molecola_60065,15,0,15,0.006715625058859587,0
molecola_60065,16,0,16,0.047921355813741684,0
molecola_60065,17,0,17,0.9343785047531128,1
molecola_60065,18,0,18,0.014046155847609043,0
molecola_60065,19,0,19,0.18690992891788483,0
molecola_60065,20,0,20,0.10265067964792252,0
molecola_60065,21,0,21,0.020137334242463112,0
molecola_60065,22,0,22,0.03623364865779877,0
molecola_60065,23,0,23,0.01674376055598259,0
molecola_60065,24,0,24,0.030194927006959915,0
molecola_60065,25,0,25,0.006811549887061119,0
molecola_60065,26,0,26,0.008896631188690662,0
molecola_60065,27,0,27,0.006811549887061119,0
molecola_60065,28,0,28,0.007119372021406889,0
molecola_60065,29,0,29,0.010663251392543316,0
molecola_60065,30,0,30,0.01395387388765812,0
molecola_60065,31,0,31,0.01058689970523119,0
molecola_60065,32,1,32,0.9562358856201172,1
molecola_60065,33,0,33,0.07694867998361588,0
molecola_60065,34,0,34,0.1484202891588211,0
molecola_60065,35,0,35,0.010287980549037457,0
molecola_60065,36,0,36,0.05482810363173485,0
molecola_60065,37,0,37,0.009659216739237309,0
molecola_60065,38,0,38,0.007564586587250233,0
molecola_60065,39,0,39,0.007564586587250233,0
molecola_60065,40,0,40,0.007119372021406889,0
molecola_60007,1,0,1,0.009600099176168442,0
molecola_60007,2,0,2,0.01865502819418907,0
molecola_60007,3,0,3,0.18473558127880096,0
molecola_60007,4,1,4,0.9690467119216919,1
molecola_60007,5,0,5,0.052307043224573135,0
molecola_60007,6,0,6,0.02764296904206276,0
molecola_60007,7,0,7,0.12352275103330612,0
molecola_60007,8,0,8,0.00600972818210721,0
molecola_60007,9,0,9,0.008072511292994022,0
molecola_60007,10,0,10,0.01807185262441635,0
molecola_60007,11,0,11,0.16389845311641693,0
molecola_60007,12,0,12,0.9691181182861328,1
molecola_60007,13,0,13,0.12392347306013107,0
molecola_60007,14,0,14,0.05233864486217499,0
molecola_60007,15,0,15,0.02764296904206276,0
molecola_60007,16,0,16,0.009390811435878277,0
molecola_60007,17,0,17,0.01548847183585167,0
molecola_60007,18,0,18,0.25394320487976074,0
molecola_60007,19,0,19,0.04484967142343521,0
molecola_60007,20,0,20,0.04484967142343521,0
molecola_60007,21,0,21,0.014204626902937889,0
molecola_60007,22,0,22,0.01371347438544035,0
molecola_60007,23,0,23,0.013526452705264091,0
molecola_60007,24,0,24,0.010351905599236488,0
molecola_60007,25,0,25,0.017189504578709602,0
molecola_60007,26,0,26,0.008116899989545345,0
molecola_60007,27,0,27,0.007307407911866903,0
molecola_60007,28,0,28,0.013315270654857159,0
molecola_60007,29,0,29,0.013540101237595081,0
molecola_60007,30,0,30,0.008116899989545345,0
molecola_60007,31,0,31,0.017189504578709602,0
molecola_60007,32,0,32,0.010351905599236488,0
molecola_60007,33,0,33,0.01371347438544035,0
molecola_60007,34,0,34,0.013526452705264091,0
molecola_60007,35,0,35,0.013315270654857159,0
molecola_60007,36,0,36,0.013540101237595081,0
molecola_60007,37,0,37,0.007307407911866903,0
molecola_60093,1,0,1,0.006728027947247028,0
molecola_60093,2,0,2,0.08485569059848785,0
molecola_60093,3,0,3,0.012565362267196178,0
molecola_60093,4,0,4,0.0657709613442421,0
molecola_60093,5,0,5,0.03851814940571785,0
molecola_60093,6,0,6,0.013131351210176945,0
molecola_60093,7,0,7,0.07496015727519989,0
molecola_60093,8,0,8,0.0540328174829483,0
molecola_60093,9,0,9,0.040808554738759995,0
molecola_60093,10,0,10,0.01473788172006607,0
molecola_60093,11,0,11,0.022661784663796425,0
molecola_60093,12,0,12,0.027536163106560707,0
molecola_60093,13,0,13,0.027616119012236595,0
molecola_60093,14,0,14,0.027616119012236595,0
molecola_60093,15,0,15,0.019762229174375534,0
molecola_60093,16,0,16,0.03075401484966278,0
molecola_60093,17,0,17,0.03075401484966278,0
molecola_60093,18,0,18,0.008093209937214851,0
molecola_60093,19,0,19,0.00797717273235321,0
molecola_60093,20,0,20,0.019655857235193253,0
molecola_60093,21,0,21,0.013697811402380466,0
molecola_60093,22,0,22,0.026133941486477852,0
molecola_60093,23,1,23,0.9645957350730896,1
molecola_60093,24,0,24,0.01908746175467968,0
molecola_60093,25,0,25,0.024825822561979294,0
molecola_60093,26,0,26,0.01348160021007061,0
molecola_60093,27,0,27,0.013889787718653679,0
molecola_60093,28,0,28,0.011574765667319298,0
molecola_60093,29,0,29,0.28840774297714233,0
molecola_60093,30,0,30,0.012502897530794144,0
molecola_60093,31,0,31,0.028075121343135834,0
molecola_60093,32,0,32,0.02429751493036747,0
molecola_60093,33,0,33,0.01043892651796341,0
molecola_60093,34,0,34,0.010292011313140392,0
molecola_60093,35,0,35,0.008556942455470562,0
molecola_60093,36,0,36,0.011973152868449688,0
molecola_60093,37,0,37,0.0123387910425663,0
molecola_60009,1,0,1,0.00847084540873766,0
molecola_60009,2,0,2,0.008406814187765121,0
molecola_60009,3,0,3,0.010905059054493904,0
molecola_60009,4,0,4,0.011570773087441921,0
molecola_60009,5,0,5,0.021945904940366745,0
molecola_60009,6,0,6,0.02759280987083912,0
molecola_60009,7,0,7,0.04989732801914215,0
molecola_60009,8,0,8,0.014984933659434319,0
molecola_60009,9,0,9,0.009045129641890526,0
molecola_60009,10,0,10,0.005928921513259411,0
molecola_60009,11,0,11,0.008338668383657932,0
molecola_60009,12,0,12,0.006224707700312138,0
molecola_60009,13,0,13,0.05724288523197174,0
molecola_60009,14,0,14,0.06434269994497299,0
molecola_60009,15,0,15,0.9617207050323486,1
molecola_60009,16,0,16,0.02443515509366989,0
molecola_60009,17,0,17,0.06540563702583313,0
molecola_60009,18,0,18,0.0347694456577301,0
molecola_60009,19,0,19,0.006892731413245201,0
molecola_60009,20,0,20,0.007616288494318724,0
molecola_60009,21,0,21,0.3261640667915344,0
molecola_60009,22,0,22,0.019117236137390137,0
molecola_60009,23,0,23,0.020946083590388298,0
molecola_60009,24,0,24,0.9551962614059448,1
molecola_60009,25,0,25,0.9679284691810608,1
molecola_60009,26,0,26,0.9117076992988586,1
molecola_60009,27,0,27,0.9530696272850037,1
molecola_60009,28,0,28,0.8646798729896545,1
molecola_60009,29,0,29,0.1151970699429512,0
molecola_60009,30,1,30,0.9695965647697449,1
molecola_60009,31,0,31,0.11340158432722092,0
molecola_60009,32,0,32,0.06254646182060242,0
molecola_60009,33,0,33,0.010910316370427608,0
molecola_60009,34,0,34,0.006142762955278158,0
molecola_60009,35,0,35,0.005690194666385651,0
molecola_60009,36,0,36,0.006142762955278158,0
molecola_60009,37,0,37,0.010910316370427608,0
molecola_60009,38,0,38,0.020222770050168037,0
molecola_60009,39,0,39,0.019837025552988052,0
molecola_60009,40,0,40,0.009442674927413464,0
molecola_60009,41,0,41,0.009442674927413464,0
molecola_60009,42,0,42,0.016475150361657143,0
molecola_60009,43,1,43,0.955679178237915,1
molecola_60009,44,0,44,0.008570116944611073,0
molecola_60009,45,0,45,0.05377120524644852,0
molecola_60009,46,0,46,0.008965917862951756,0
molecola_60009,47,0,47,0.008578133769333363,0
molecola_60009,48,0,48,0.009628785774111748,0
molecola_60009,49,0,49,0.00582470465451479,0
molecola_60009,50,0,50,0.005810884293168783,0
molecola_60009,51,0,51,0.005810884293168783,0
molecola_60009,52,0,52,0.005810884293168783,0
molecola_60009,53,0,53,0.9718235731124878,1
molecola_60009,54,0,54,0.9663597941398621,1
molecola_60009,55,0,55,0.9070942401885986,1
molecola_60009,56,0,56,0.9546441435813904,1
molecola_60009,57,0,57,0.8157628178596497,1
molecola_60009,58,0,58,0.007943482138216496,0
molecola_60009,59,0,59,0.007943482138216496,0
molecola_60009,60,0,60,0.007943482138216496,0
