molecola,indice_atomi,match,indice_atomo,probabilita,y_pred_prob
molecola_10219,1,0,1,0.01594051532447338,0
molecola_10219,2,0,2,0.015615975484251976,0
molecola_10219,3,0,3,0.017947718501091003,0
molecola_10219,4,0,4,0.008312162011861801,0
molecola_10219,5,0,5,0.007702619768679142,0
molecola_10219,6,0,6,0.008952259086072445,0
molecola_10219,7,0,7,0.019598238170146942,0
molecola_10219,8,0,8,0.018844006583094597,0
molecola_10219,9,0,9,0.029482532292604446,0
molecola_10219,10,0,10,0.015337217599153519,0
molecola_10219,11,0,11,0.04721000790596008,0
molecola_10219,12,0,12,0.9379100203514099,1
molecola_10219,13,0,13,0.03329693526029587,0
molecola_10219,14,0,14,0.8829162120819092,1
molecola_10219,15,0,15,0.06321600079536438,0
molecola_10219,16,0,16,0.0502123162150383,0
molecola_10219,17,1,17,0.9663891792297363,1
molecola_10219,18,1,18,0.9680798053741455,1
molecola_10219,19,1,19,0.8877993226051331,1
molecola_10219,20,1,20,0.9526231288909912,1
molecola_10219,21,1,21,0.9583984613418579,1
molecola_10219,22,0,22,0.015097318217158318,0
molecola_10219,23,0,23,0.01172036211937666,0
molecola_10219,24,0,24,0.01172036211937666,0
molecola_10219,25,0,25,0.015097318217158318,0
molecola_10219,26,0,26,0.011473452672362328,0
molecola_10219,27,0,27,0.010529379360377789,0
molecola_10219,28,0,28,0.010529379360377789,0
molecola_10219,29,0,29,0.010529379360377789,0
molecola_10219,30,0,30,0.6758557558059692,1
molecola_10219,31,0,31,0.04992345720529556,0
molecola_10219,32,0,32,0.5461893677711487,1
molecola_10219,33,0,33,0.018015053123235703,0
molecola_10219,34,0,34,0.012574104592204094,0
molecola_10219,35,0,35,0.01386505551636219,0
molecola_10219,36,0,36,0.01732657477259636,0
molecola_10219,37,0,37,0.01484609954059124,0
molecola_10219,38,0,38,0.1323317289352417,0
molecola_10219,39,0,39,0.03551172837615013,0
molecola_10219,40,0,40,0.03551172837615013,0
molecola_10219,41,0,41,0.008704115636646748,0
molecola_10219,42,0,42,0.00832142774015665,0
molecola_10219,43,0,43,0.009644422680139542,0
molecola_10219,44,0,44,0.008328721858561039,0
molecola_10219,45,0,45,0.010206693783402443,0
molecola_10219,46,0,46,0.009005633182823658,0
molecola_10219,47,0,47,0.008338396437466145,0
molecola_10219,48,0,48,0.007903095334768295,0
molecola_10219,49,0,49,0.008940903469920158,0
molecola_10219,50,0,50,0.021251285448670387,0
molecola_10219,51,0,51,0.07043102383613586,0
molecola_10219,52,0,52,0.09800991415977478,0
molecola_10219,53,0,53,0.03573650121688843,0
molecola_10219,54,0,54,0.02192346565425396,0
molecola_10219,55,0,55,0.011521250940859318,0
molecola_10219,56,0,56,0.011521250940859318,0
molecola_10219,57,0,57,0.010986010544002056,0
molecola_11052,1,1,1,0.9459206461906433,1
molecola_11052,2,1,2,0.9407864212989807,1
molecola_11052,3,0,3,0.09046542644500732,0
molecola_11052,4,0,4,0.05639532580971718,0
molecola_11052,5,0,5,0.009261981584131718,0
molecola_11052,6,0,6,0.007703078910708427,0
molecola_11052,7,0,7,0.008014821447432041,0
molecola_11052,8,0,8,0.007703078910708427,0
molecola_11052,9,0,9,0.009261981584131718,0
molecola_11052,10,0,10,0.008321978151798248,0
molecola_11052,11,0,11,0.0078124795109033585,0
molecola_11052,12,0,12,0.008016057312488556,0
molecola_11052,13,0,13,0.010235966183245182,0
molecola_11052,14,0,14,0.009579555131494999,0
molecola_11052,15,0,15,0.012210053391754627,0
molecola_11052,16,0,16,0.0097622936591506,0
molecola_11052,17,0,17,0.0077981301583349705,0
molecola_11052,18,0,18,0.00914341863244772,0
molecola_11052,19,0,19,0.03066905587911606,0
molecola_11052,20,0,20,0.00914341863244772,0
molecola_11052,21,0,21,0.0077981301583349705,0
molecola_11052,22,0,22,0.8669634461402893,1
molecola_11052,23,0,23,0.023765388876199722,0
molecola_11052,24,0,24,0.022238261997699738,0
molecola_11052,25,0,25,0.023780686780810356,0
molecola_11052,26,0,26,0.031788576394319534,0
molecola_11052,27,0,27,0.7513575553894043,1
molecola_11052,28,0,28,0.05263222008943558,0
molecola_11052,29,0,29,0.009987025521695614,0
molecola_11062,1,0,1,0.01594051532447338,0
molecola_11062,2,0,2,0.015622861683368683,0
molecola_11062,3,0,3,0.018151096999645233,0
molecola_11062,4,0,4,0.008643941022455692,0
molecola_11062,5,0,5,0.009179466404020786,0
molecola_11062,6,0,6,0.010069461539387703,0
molecola_11062,7,0,7,0.010911279357969761,0
molecola_11062,8,0,8,0.024078145623207092,0
molecola_11062,9,0,9,0.05355149134993553,0
molecola_11062,10,0,10,0.06530214846134186,0
molecola_11062,11,0,11,0.026529377326369286,0
molecola_11062,12,0,12,0.0152771957218647,0
molecola_11062,13,0,13,0.009875616058707237,0
molecola_11062,14,0,14,0.010593454353511333,0
molecola_11062,15,0,15,0.9617043733596802,1
molecola_11062,16,1,16,0.9724324941635132,1
molecola_11062,17,1,17,0.9600946307182312,1
molecola_11062,18,1,18,0.8419105410575867,1
molecola_11062,19,1,19,0.8307169675827026,1
molecola_11062,20,0,20,0.8307169675827026,1
molecola_11062,21,0,21,0.010335519909858704,0
molecola_11062,22,0,22,0.007703796960413456,0
molecola_11062,23,0,23,0.008047704584896564,0
molecola_11062,24,0,24,0.00868902076035738,0
molecola_11062,25,0,25,0.017116889357566833,0
molecola_11062,26,0,26,0.015481634065508842,0
molecola_11062,27,0,27,0.01590995118021965,0
molecola_11062,28,0,28,0.017296917736530304,0
molecola_11062,29,0,29,0.015484307892620564,0
molecola_11062,30,0,30,0.01590995118021965,0
molecola_11301,1,0,1,0.010728971101343632,0
molecola_11301,2,0,2,0.012405521236360073,0
molecola_11301,3,0,3,0.014567401260137558,0
molecola_11301,4,0,4,0.03156416490674019,0
molecola_11301,5,1,5,0.9331509470939636,1
molecola_11301,6,0,6,0.027165966108441353,0
molecola_11301,7,0,7,0.015625368803739548,0
molecola_11301,8,0,8,0.024002887308597565,0
molecola_11301,9,1,9,0.849074125289917,1
molecola_11301,10,0,10,0.05221603438258171,0
molecola_11301,11,0,11,0.07738011330366135,0
molecola_11301,12,0,12,0.03397946432232857,0
molecola_11301,13,0,13,0.024186015129089355,0
molecola_11301,14,0,14,0.00843041855841875,0
molecola_11301,15,0,15,0.007644191384315491,0
molecola_11301,16,0,16,0.007745188660919666,0
molecola_11301,17,0,17,0.00929431151598692,0
molecola_11301,18,0,18,0.009146607480943203,0
molecola_11301,19,0,19,0.008672147989273071,0
molecola_11382,1,1,1,0.8574461936950684,1
molecola_11382,2,1,2,0.9452641010284424,1
molecola_11382,3,1,3,0.9676313400268555,1
molecola_11382,4,1,4,0.8846696019172668,1
molecola_11382,5,1,5,0.9655202627182007,1
molecola_11382,6,0,6,0.05545899644494057,0
molecola_11382,7,0,7,0.01537950150668621,0
molecola_11382,8,0,8,0.011109914630651474,0
molecola_11382,9,0,9,0.011109914630651474,0
molecola_11382,10,0,10,0.2016262710094452,0
molecola_11382,11,0,11,0.040024470537900925,0
molecola_11382,12,0,12,0.14591853320598602,0
molecola_11382,13,0,13,0.027509162202477455,0
molecola_11382,14,0,14,0.012397952377796173,0
molecola_11382,15,0,15,0.01349252462387085,0
molecola_11382,16,0,16,0.02005058526992798,0
molecola_11382,17,0,17,0.016735605895519257,0
molecola_11382,18,0,18,0.020376043394207954,0
molecola_11382,19,0,19,0.008936653845012188,0
molecola_11382,20,0,20,0.00841555930674076,0
molecola_11382,21,0,21,0.00992997083812952,0
molecola_11382,22,0,22,0.010031231679022312,0
molecola_11382,23,0,23,0.008017445914447308,0
molecola_11382,24,0,24,0.007698758039623499,0
molecola_11382,25,0,25,0.00769837899133563,0
molecola_11382,26,0,26,0.008000284433364868,0
molecola_11382,27,0,27,0.00769837899133563,0
molecola_11382,28,0,28,0.007698758039623499,0
molecola_11382,29,0,29,0.008000284433364868,0
molecola_11382,30,0,30,0.00769837899133563,0
molecola_11382,31,0,31,0.007699004840105772,0
molecola_11382,32,0,32,0.008032393641769886,0
molecola_11382,33,0,33,0.007699004840105772,0
molecola_11382,34,0,34,0.00769837899133563,0
molecola_11382,35,0,35,0.008408905006945133,0
molecola_11382,36,0,36,0.00801583006978035,0
molecola_11382,37,0,37,0.01075693964958191,0
molecola_11382,38,0,38,0.014419438317418098,0
molecola_11382,39,0,39,0.010692845098674297,0
molecola_11382,40,0,40,0.034541480243206024,0
molecola_11382,41,0,41,0.01457270048558712,0
molecola_11382,42,0,42,0.015584399923682213,0
molecola_11382,43,0,43,0.03108867071568966,0
molecola_11382,44,0,44,0.9395028948783875,1
molecola_11382,45,0,45,0.8869515657424927,1
molecola_11382,46,0,46,0.06332828849554062,0
molecola_11382,47,0,47,0.05495499446988106,0
molecola_11382,48,0,48,0.9655027985572815,1
molecola_11382,49,0,49,0.9676313400268555,1
molecola_11382,50,0,50,0.8846696019172668,1
molecola_11382,51,0,51,0.9452641010284424,1
molecola_11382,52,0,52,0.8574461936950684,1
molecola_11382,53,0,53,0.015438707545399666,0
molecola_11382,54,0,54,0.011109914630651474,0
molecola_11382,55,0,55,0.011109914630651474,0
molecola_12106,1,0,1,0.01597321406006813,0
molecola_12106,2,0,2,0.015793675556778908,0
molecola_12106,3,0,3,0.019274743273854256,0
molecola_12106,4,0,4,0.010558336973190308,0
molecola_12106,5,1,5,0.9567722678184509,1
molecola_12106,6,1,6,0.9522448778152466,1
molecola_12106,7,1,7,0.8858836889266968,1
molecola_12106,8,0,8,0.05788728594779968,0
molecola_12106,9,0,9,0.05788728594779968,0
molecola_12106,10,0,10,0.05003896355628967,0
molecola_12106,11,0,11,0.010888663120567799,0
molecola_12106,12,0,12,0.010931829921901226,0
molecola_12106,13,0,13,0.010776507668197155,0
molecola_12106,14,0,14,0.014718383550643921,0
molecola_12106,15,0,15,0.03750952333211899,0
molecola_12106,16,0,16,0.021860530599951744,0
molecola_12106,17,0,17,0.013842061161994934,0
molecola_12106,18,0,18,0.009102378971874714,0
molecola_12106,19,0,19,0.008514449931681156,0
molecola_12106,20,0,20,0.007772441487759352,0
molecola_12106,21,0,21,0.008011970669031143,0
molecola_12106,22,0,22,0.008946681395173073,0
molecola_12533,1,0,1,0.009668544866144657,0
molecola_12533,2,0,2,0.01550913043320179,0
molecola_12533,3,0,3,0.012054710648953915,0
molecola_12533,4,0,4,0.011300438083708286,0
molecola_12533,5,0,5,0.00894297007471323,0
molecola_12533,6,0,6,0.0114098209887743,0
molecola_12533,7,0,7,0.008352342061698437,0
molecola_12533,8,0,8,0.007719848304986954,0
molecola_12533,9,0,9,0.007701759692281485,0
molecola_12533,10,0,10,0.00807491410523653,0
molecola_12533,11,0,11,0.007989891804754734,0
molecola_12533,12,0,12,0.009825128130614758,0
molecola_12533,13,0,13,0.008041471242904663,0
molecola_12533,14,0,14,0.007724613416939974,0
molecola_12533,15,0,15,0.00913961324840784,0
molecola_12533,16,0,16,0.03070826642215252,0
molecola_12533,17,0,17,0.009315436705946922,0
molecola_12533,18,0,18,0.009254743345081806,0
molecola_12533,19,0,19,0.009012913331389427,0
molecola_12533,20,0,20,0.9345008730888367,1
molecola_12533,21,0,21,0.02327428199350834,0
molecola_12533,22,0,22,0.06295207142829895,0
molecola_12533,23,0,23,0.868139922618866,1
molecola_12533,24,1,24,0.9685015082359314,1
molecola_12533,25,1,25,0.9575214385986328,1
molecola_12533,26,1,26,0.8493576645851135,1
molecola_12533,27,1,27,0.8415130972862244,1
molecola_12533,28,0,28,0.8415130972862244,1
molecola_12533,29,0,29,0.12674683332443237,0
molecola_12533,30,0,30,0.9257453083992004,1
molecola_12533,31,0,31,0.07073455303907394,0
molecola_12544,1,0,1,0.020407047122716904,0
molecola_12544,2,0,2,0.2892579734325409,0
molecola_12544,3,0,3,0.043380774557590485,0
molecola_12544,4,0,4,0.02813301607966423,0
molecola_12544,5,0,5,0.02813301607966423,0
molecola_12544,6,0,6,0.8334466218948364,1
molecola_12544,7,0,7,0.07452992349863052,0
molecola_12544,8,0,8,0.008463415317237377,0
molecola_12544,9,0,9,0.007645928766578436,0
molecola_12544,10,0,10,0.007960292510688305,0
molecola_12544,11,0,11,0.0095639917999506,0
molecola_12544,12,0,12,0.009196465834975243,0
molecola_12544,13,0,13,0.00965412799268961,0
molecola_12544,14,0,14,0.00887410156428814,0
molecola_12544,15,0,15,0.008452977985143661,0
molecola_12544,16,0,16,0.008046814240515232,0
molecola_12544,17,0,17,0.007838810794055462,0
molecola_12544,18,0,18,0.012418773025274277,0
molecola_12544,19,0,19,0.008590608835220337,0
molecola_12544,20,1,20,0.9559659361839294,1
molecola_12544,21,1,21,0.9435582160949707,1
molecola_12544,22,1,22,0.9668149948120117,1
molecola_12544,23,1,23,0.8551926612854004,1
molecola_12544,24,1,24,0.9703372120857239,1
molecola_12544,25,0,25,0.028012728318572044,0
molecola_12544,26,0,26,0.028012728318572044,0
molecola_12544,27,0,27,0.010355434380471706,0
molecola_12544,28,0,28,0.00903547927737236,0
molecola_12544,29,0,29,0.009652523323893547,0
molecola_12544,30,0,30,0.011965370737016201,0
molecola_12544,31,0,31,0.01113466452807188,0
molecola_12544,32,0,32,0.008915983140468597,0
molecola_12723,1,0,1,0.20885948836803436,0
molecola_12723,2,1,2,0.9611213207244873,1
molecola_12723,3,1,3,0.9593862891197205,1
molecola_12723,4,0,4,0.03896627575159073,0
molecola_12723,5,0,5,0.8948363661766052,1
molecola_12723,6,0,6,0.07421018928289413,0
molecola_12723,7,0,7,0.9510018825531006,1
molecola_12723,8,0,8,0.03253047540783882,0
molecola_12723,9,0,9,0.014503532089293003,0
molecola_12723,10,0,10,0.01716550625860691,0
molecola_12723,11,0,11,0.015148716978728771,0
molecola_12723,12,0,12,0.029553748667240143,0
molecola_12723,13,0,13,0.011560737155377865,0
molecola_12723,14,0,14,0.011173920705914497,0
molecola_12723,15,0,15,0.011325355619192123,0
molecola_12723,16,0,16,0.010717888362705708,0
molecola_12723,17,0,17,0.010774333029985428,0
molecola_12723,18,0,18,0.010774333029985428,0
molecola_12723,19,0,19,0.010774333029985428,0
molecola_12723,20,0,20,0.03777451440691948,0
molecola_12723,21,0,21,0.015519937500357628,0
molecola_12723,22,0,22,0.008217629045248032,0
molecola_12723,23,0,23,0.009207368828356266,0
molecola_12723,24,0,24,0.009011596441268921,0
molecola_12723,25,0,25,0.009189381264150143,0
molecola_12723,26,0,26,0.009011596441268921,0
molecola_12723,27,0,27,0.007862313650548458,0
molecola_12723,28,0,28,0.009589237160980701,0
molecola_12723,29,0,29,0.009010830894112587,0
molecola_13018,1,0,1,0.10193032771348953,0
molecola_13018,2,1,2,0.942703366279602,1
molecola_13018,3,1,3,0.9415104985237122,1
molecola_13018,4,0,4,0.023313846439123154,0
molecola_13018,5,0,5,0.008104594424366951,0
molecola_13018,6,0,6,0.007643287535756826,0
molecola_13018,7,0,7,0.007642896845936775,0
molecola_13018,8,0,8,0.0077047706581652164,0
molecola_13018,9,0,9,0.008726797997951508,0
molecola_13018,10,0,10,0.008859112858772278,0
molecola_13018,11,0,11,0.00964992493391037,0
molecola_13018,12,0,12,0.008318578824400902,0
molecola_13018,13,0,13,0.007724898401647806,0
molecola_13018,14,0,14,0.007643562741577625,0
molecola_13018,15,0,15,0.007643562741577625,0
molecola_13018,16,0,16,0.007724898401647806,0
molecola_13018,17,0,17,0.008325599133968353,0
molecola_13018,18,0,18,0.01066204346716404,0
molecola_13018,19,0,19,0.021942313760519028,0
molecola_13204,1,0,1,0.009865433908998966,0
molecola_13204,2,0,2,0.011817596852779388,0
molecola_13204,3,0,3,0.009865433908998966,0
molecola_13204,4,0,4,0.02223370410501957,0
molecola_13204,5,0,5,0.014922932721674442,0
molecola_13204,6,0,6,0.008082548156380653,0
molecola_13204,7,0,7,0.010389422997832298,0
molecola_13204,8,1,8,0.9621939659118652,1
molecola_13204,9,1,9,0.9592252373695374,1
molecola_13204,10,1,10,0.8945965766906738,1
molecola_13204,11,0,11,0.06740857660770416,0
molecola_13204,12,0,12,0.06740857660770416,0
molecola_13204,13,1,13,0.558952808380127,1
molecola_13204,14,0,14,0.01058968622237444,0
molecola_13204,15,0,15,0.010620947927236557,0
molecola_13204,16,0,16,0.020275214686989784,0
molecola_13204,17,0,17,0.012833567336201668,0
molecola_13204,18,0,18,0.023132147267460823,0
molecola_13204,19,0,19,0.01590551808476448,0
molecola_13461,1,0,1,0.013813489116728306,0
molecola_13461,2,1,2,0.9382616281509399,1
molecola_13461,3,0,3,0.013813489116728306,0
molecola_13461,4,1,4,0.947868824005127,1
molecola_13461,5,1,5,0.9678693413734436,1
molecola_13461,6,1,6,0.8859506845474243,1
molecola_13461,7,1,7,0.9667424559593201,1
molecola_13461,8,0,8,0.07338268309831619,0
molecola_13461,9,0,9,0.011524379253387451,0
molecola_13461,10,0,10,0.009154345840215683,0
molecola_13461,11,0,11,0.00982140377163887,0
molecola_13461,12,0,12,0.011467235162854195,0
molecola_13461,13,0,13,0.01668533682823181,0
molecola_13461,14,0,14,0.009996162727475166,0
molecola_13461,15,0,15,0.010026526637375355,0
molecola_13461,16,0,16,0.0079224593937397,0
molecola_13461,17,0,17,0.007650184445083141,0
molecola_13461,18,0,18,0.007717503700405359,0
molecola_13461,19,0,19,0.00802090484648943,0
molecola_13461,20,0,20,0.010378407314419746,0
molecola_13461,21,0,21,0.009262209758162498,0
molecola_13461,22,0,22,0.007745000999420881,0
molecola_13461,23,0,23,0.00775283295661211,0
molecola_13461,24,0,24,0.009497296996414661,0
molecola_13461,25,0,25,0.007801576051861048,0
molecola_13461,26,0,26,0.00808524340391159,0
molecola_13461,27,0,27,0.010370485484600067,0
molecola_13461,28,0,28,0.011854996904730797,0
molecola_14006,1,0,1,0.013023107312619686,0
molecola_14006,2,0,2,0.0270029678940773,0
molecola_14006,3,0,3,0.014086329378187656,0
molecola_14006,4,0,4,0.0175399761646986,0
molecola_14006,5,0,5,0.03256114572286606,0
molecola_14006,6,1,6,0.9712200164794922,1
molecola_14006,7,1,7,0.969266951084137,1
molecola_14006,8,1,8,0.8891108632087708,1
molecola_14006,9,1,9,0.9501559734344482,1
molecola_14006,10,1,10,0.9012467265129089,1
molecola_14006,11,0,11,0.01607404090464115,0
molecola_14006,12,0,12,0.008048096671700478,0
molecola_14006,13,0,13,0.007648685947060585,0
molecola_14006,14,0,14,0.007646217942237854,0
molecola_14006,15,0,15,0.007648685947060585,0
molecola_14006,16,0,16,0.008048096671700478,0
molecola_14006,17,0,17,0.012136566452682018,0
molecola_14006,18,0,18,0.011810843832790852,0
molecola_14006,19,0,19,0.015321798622608185,0
molecola_14006,20,0,20,0.01076213177293539,0
molecola_14006,21,0,21,0.009143220260739326,0
molecola_14006,22,0,22,0.008114428259432316,0
molecola_14006,23,0,23,0.009999305009841919,0
molecola_14006,24,0,24,0.008330277167260647,0
molecola_14006,25,0,25,0.00773852551355958,0
molecola_14006,26,0,26,0.007641605567187071,0
molecola_14006,27,0,27,0.00779354153200984,0
molecola_14006,28,0,28,0.009996931068599224,0
molecola_14006,29,0,29,0.008198302239179611,0
molecola_14487,1,0,1,0.020346416160464287,0
molecola_14487,2,0,2,0.9002591967582703,1
molecola_14487,3,0,3,0.7401978969573975,1
molecola_14487,4,0,4,0.05275796726346016,0
molecola_14487,5,0,5,0.023574765771627426,0
molecola_14487,6,0,6,0.021301403641700745,0
molecola_14487,7,1,7,0.960700273513794,1
molecola_14487,8,1,8,0.9640108942985535,1
molecola_14487,9,0,9,0.956616997718811,1
molecola_14487,10,0,10,0.2604622542858124,0
molecola_14487,11,0,11,0.35461559891700745,0
molecola_14487,12,0,12,0.02126437984406948,0
molecola_14487,13,0,13,0.009599844925105572,0
molecola_14487,14,0,14,0.008514092303812504,0
molecola_14487,15,0,15,0.008000697009265423,0
molecola_14487,16,0,16,0.011789598502218723,0
molecola_14487,17,0,17,0.011181003414094448,0
molecola_14487,18,0,18,0.008000697009265423,0
molecola_14487,19,0,19,0.009599844925105572,0
molecola_14487,20,0,20,0.008514092303812504,0
molecola_14850,1,1,1,0.9568070769309998,1
molecola_14850,2,1,2,0.9485122561454773,1
molecola_14850,3,0,3,0.2710576355457306,0
molecola_14850,4,0,4,0.08319221436977386,0
molecola_14850,5,0,5,0.013838649727404118,0
molecola_14850,6,0,6,0.015511066652834415,0
molecola_14850,7,0,7,0.7724446058273315,1
molecola_14850,8,0,8,0.918537974357605,1
molecola_14850,9,0,9,0.057750094681978226,0
molecola_14850,10,0,10,0.8177447319030762,1
molecola_14850,11,0,11,0.35957005620002747,0
molecola_14850,12,0,12,0.026273557916283607,0
molecola_14850,13,0,13,0.012320028617978096,0
molecola_14850,14,0,14,0.00812385231256485,0
molecola_14850,15,0,15,0.009279290214180946,0
molecola_14850,16,0,16,0.009146607480943203,0
molecola_14850,17,0,17,0.007740528788417578,0
molecola_14850,18,0,18,0.007838385179638863,0
molecola_14850,19,0,19,0.01360380370169878,0
molecola_14850,20,0,20,0.017396559938788414,0
molecola_15136,1,0,1,0.010011311620473862,0
molecola_15136,2,0,2,0.013769879937171936,0
molecola_15136,3,0,3,0.010011311620473862,0
molecola_15136,4,0,4,0.0189003124833107,0
molecola_15136,5,0,5,0.031822796911001205,0
molecola_15136,6,0,6,0.05045612156391144,0
molecola_15136,7,0,7,0.9632471203804016,1
molecola_15136,8,0,8,0.9373104572296143,1
molecola_15136,9,0,9,0.9758327007293701,1
molecola_15136,10,0,10,0.03292442485690117,0
molecola_15136,11,0,11,0.016085544601082802,0
molecola_15136,12,0,12,0.012315504252910614,0
molecola_15136,13,0,13,0.012315504252910614,0
molecola_15136,14,0,14,0.016085544601082802,0
molecola_15136,15,0,15,0.03292442485690117,0
molecola_15136,16,1,16,0.7410229444503784,1
molecola_15136,17,0,17,0.044110845774412155,0
molecola_15136,18,1,18,0.8558581471443176,1
molecola_15136,19,0,19,0.058484096080064774,0
molecola_15136,20,0,20,0.7301260232925415,1
molecola_15136,21,0,21,0.07447496801614761,0
molecola_15136,22,0,22,0.07447496801614761,0
molecola_15164,1,0,1,0.011105814948678017,0
molecola_15164,2,0,2,0.01592993550002575,0
molecola_15164,3,0,3,0.011105814948678017,0
molecola_15164,4,0,4,0.04542230814695358,0
molecola_15164,5,0,5,0.019274085760116577,0
molecola_15164,6,0,6,0.023482687771320343,0
molecola_15164,7,0,7,0.06722818315029144,0
molecola_15164,8,0,8,0.023482687771320343,0
molecola_15164,9,0,9,0.019274085760116577,0
molecola_15164,10,0,10,0.020586464554071426,0
molecola_15164,11,0,11,0.008548637852072716,0
molecola_15164,12,0,12,0.008029316551983356,0
molecola_15164,13,0,13,0.011134895496070385,0
molecola_15164,14,0,14,0.008175130002200603,0
molecola_15164,15,0,15,0.011470905505120754,0
molecola_15164,16,0,16,0.010722353123128414,0
molecola_15164,17,0,17,0.01077343337237835,0
molecola_15164,18,0,18,0.01077343337237835,0
molecola_15164,19,0,19,0.01077343337237835,0
molecola_15164,20,0,20,0.40693801641464233,0
molecola_15164,21,0,21,0.03544847294688225,0
molecola_15164,22,0,22,0.202834352850914,0
molecola_15164,23,0,23,0.044872891157865524,0
molecola_15164,24,0,24,0.014147192239761353,0
molecola_15164,25,0,25,0.012790205888450146,0
molecola_15164,26,0,26,0.013444752432405949,0
molecola_15164,27,0,27,0.012790205888450146,0
molecola_15164,28,0,28,0.014147192239761353,0
molecola_15164,29,0,29,0.01229024026542902,0
molecola_15164,30,0,30,0.01855129562318325,0
molecola_15164,31,0,31,0.012320348992943764,0
molecola_15164,32,0,32,0.01229024026542902,0
molecola_15164,33,1,33,0.9424540400505066,1
molecola_15164,34,0,34,0.0799553170800209,0
molecola_15164,35,1,35,0.9450644254684448,1
molecola_15446,1,0,1,0.01357575599104166,0
molecola_15446,2,0,2,0.013749508187174797,0
molecola_15446,3,0,3,0.008289042860269547,0
molecola_15446,4,0,4,0.007768368348479271,0
molecola_15446,5,0,5,0.009587833657860756,0
molecola_15446,6,0,6,0.009264502674341202,0
molecola_15446,7,0,7,0.009394648484885693,0
molecola_15446,8,0,8,0.053352322429418564,0
molecola_15446,9,1,9,0.9395631551742554,1
molecola_15446,10,1,10,0.8837406039237976,1
molecola_15446,11,0,11,0.03625399246811867,0
molecola_15446,12,0,12,0.22140231728553772,0
molecola_15446,13,0,13,0.0419953353703022,0
molecola_15446,14,0,14,0.0419953353703022,0
molecola_15446,15,0,15,0.05142795667052269,0
molecola_15446,16,0,16,0.00917715486139059,0
molecola_15446,17,0,17,0.007649713661521673,0
molecola_15446,18,0,18,0.007717503700405359,0
molecola_15446,19,0,19,0.008019600063562393,0
molecola_15446,20,0,20,0.012786461971700191,0
molecola_15457,1,0,1,0.010707003064453602,0
molecola_15457,2,0,2,0.01277349703013897,0
molecola_15457,3,0,3,0.018038349226117134,0
molecola_15457,4,0,4,0.015379688702523708,0
molecola_15457,5,0,5,0.15575829148292542,0
molecola_15457,6,0,6,0.038212548941373825,0
molecola_15457,7,0,7,0.038212548941373825,0
molecola_15457,8,0,8,0.013443032279610634,0
molecola_15457,9,0,9,0.011151435784995556,0
molecola_15457,10,0,10,0.017144426703453064,0
molecola_15457,11,0,11,0.014295722357928753,0
molecola_15457,12,0,12,0.011143014766275883,0
molecola_15457,13,0,13,0.011037363670766354,0
molecola_15457,14,0,14,0.013374350033700466,0
molecola_15457,15,0,15,0.008885739371180534,0
molecola_15457,16,0,16,0.008881389163434505,0
molecola_15457,17,0,17,0.007776082493364811,0
molecola_15457,18,0,18,0.00832363497465849,0
molecola_15457,19,0,19,0.015128284692764282,0
molecola_15457,20,0,20,0.013225709088146687,0
molecola_15457,21,0,21,0.01718590408563614,0
molecola_15457,22,0,22,0.01530841737985611,0
molecola_15457,23,1,23,0.9556779861450195,1
molecola_15457,24,1,24,0.9418395757675171,1
molecola_15457,25,1,25,0.9676487445831299,1
molecola_15457,26,1,26,0.8214947581291199,1
molecola_15457,27,1,27,0.9792832732200623,1
molecola_15457,28,0,28,0.03302145376801491,0
molecola_15457,29,0,29,0.015852240845561028,0
molecola_15457,30,0,30,0.018894826993346214,0
molecola_15457,31,0,31,0.015852240845561028,0
molecola_15457,32,0,32,0.03302145376801491,0
molecola_15457,33,0,33,0.035230498760938644,0
molecola_15457,34,0,34,0.016403740271925926,0
molecola_15457,35,0,35,0.013606064021587372,0
molecola_15457,36,0,36,0.012359454296529293,0
molecola_15457,37,0,37,0.013606064021587372,0
molecola_15457,38,0,38,0.016403740271925926,0
molecola_15457,39,0,39,0.010013949126005173,0
molecola_15457,40,0,40,0.007721313741058111,0
molecola_15457,41,0,41,0.008311520330607891,0
molecola_15457,42,0,42,0.009646381251513958,0
molecola_15457,43,0,43,0.008344588801264763,0
molecola_15457,44,0,44,0.008608536794781685,0
molecola_15457,45,0,45,0.008205551654100418,0
molecola_15618,1,0,1,0.01594051532447338,0
molecola_15618,2,0,2,0.015612347982823849,0
molecola_15618,3,0,3,0.017865756526589394,0
molecola_15618,4,0,4,0.008343195542693138,0
molecola_15618,5,0,5,0.007642737589776516,0
molecola_15618,6,0,6,0.007738291285932064,0
molecola_15618,7,0,7,0.008340470492839813,0
molecola_15618,8,0,8,0.010672857984900475,0
molecola_15618,9,0,9,0.016048019751906395,0
molecola_15618,10,0,10,0.008245622739195824,0
molecola_15618,11,0,11,0.008843859657645226,0
molecola_15618,12,0,12,0.06984812766313553,0
molecola_15618,13,0,13,0.024960054084658623,0
molecola_15618,14,0,14,0.06088748946785927,0
molecola_15618,15,0,15,0.03156339004635811,0
molecola_15618,16,0,16,0.013715067878365517,0
molecola_15618,17,0,17,0.013493286445736885,0
molecola_15618,18,0,18,0.010869856923818588,0
molecola_15618,19,0,19,0.010869856923818588,0
molecola_15618,20,0,20,0.16565699875354767,0
molecola_15618,21,0,21,0.033947017043828964,0
molecola_15618,22,0,22,0.16988031566143036,0
molecola_15618,23,0,23,0.03180709481239319,0
molecola_15618,24,0,24,0.01452089473605156,0
molecola_15618,25,0,25,0.02223934791982174,0
molecola_15618,26,0,26,0.015945162624120712,0
molecola_15618,27,0,27,0.027294637635350227,0
molecola_15618,28,0,28,0.46969732642173767,0
molecola_15618,29,0,29,0.6191686987876892,1
molecola_15618,30,0,30,0.0355796255171299,0
molecola_15618,31,0,31,0.10886670649051666,0
molecola_15618,32,0,32,0.03724488243460655,0
molecola_15618,33,0,33,0.8489952683448792,1
molecola_15618,34,1,34,0.9684974551200867,1
molecola_15618,35,1,35,0.9575122594833374,1
molecola_15618,36,1,36,0.8493576645851135,1
molecola_15618,37,1,37,0.8415130972862244,1
molecola_15618,38,0,38,0.8415130972862244,1
molecola_15930,1,0,1,0.014538777060806751,0
molecola_15930,2,0,2,0.01991524174809456,0
molecola_15930,3,0,3,0.9061927199363708,1
molecola_15930,4,0,4,0.027000155299901962,0
molecola_15930,5,0,5,0.028387106955051422,0
molecola_15930,6,1,6,0.8428928852081299,1
molecola_15930,7,1,7,0.9130469560623169,1
molecola_15930,8,0,8,0.03802884742617607,0
molecola_15930,9,0,9,0.008684679865837097,0
molecola_15930,10,0,10,0.007643287535756826,0
molecola_15930,11,0,11,0.00764451315626502,0
molecola_15930,12,0,12,0.007850286550819874,0
molecola_15930,13,0,13,0.012866702862083912,0
molecola_15930,14,0,14,0.01246496383100748,0
molecola_15930,15,0,15,0.007869846187531948,0
molecola_15930,16,0,16,0.0077575151808559895,0
molecola_15930,17,0,17,0.00904814712703228,0
molecola_15930,18,0,18,0.008658299222588539,0
molecola_15930,19,0,19,0.0077575151808559895,0
molecola_15930,20,0,20,0.007869846187531948,0
molecola_15976,1,0,1,0.07672125101089478,0
molecola_15976,2,1,2,0.8887560963630676,1
molecola_15976,3,1,3,0.7190165519714355,1
molecola_15976,4,0,4,0.025156989693641663,0
molecola_15976,5,0,5,0.017029888927936554,0
molecola_15976,6,0,6,0.008133444003760815,0
molecola_15976,7,0,7,0.007733792066574097,0
molecola_15976,8,0,8,0.008915781043469906,0
molecola_15976,9,0,9,0.008895419538021088,0
molecola_15976,10,0,10,0.00889512151479721,0
molecola_15976,11,0,11,0.008923870511353016,0
molecola_15976,12,0,12,0.007929662242531776,0
molecola_15976,13,0,13,0.00969916582107544,0
molecola_15976,14,0,14,0.011909947730600834,0
molecola_15976,15,0,15,0.009452263824641705,0
molecola_15976,16,0,16,0.007743129041045904,0
molecola_15976,17,0,17,0.007740916684269905,0
molecola_15976,18,0,18,0.009270623326301575,0
molecola_15976,19,0,19,0.009146607480943203,0
molecola_15976,20,0,20,0.007926687598228455,0
molecola_15976,21,0,21,0.009221360087394714,0
molecola_15976,22,0,22,0.009011405520141125,0
molecola_15976,23,0,23,0.007770724594593048,0
molecola_15976,24,0,24,0.007763073779642582,0
molecola_15976,25,0,25,0.011588138528168201,0
molecola_15976,26,0,26,0.02739596553146839,0
molecola_15976,27,0,27,0.017144009470939636,0
molecola_15976,28,0,28,0.011577210389077663,0
molecola_15976,29,0,29,0.008344979025423527,0
molecola_16161,1,0,1,0.008549955673515797,0
molecola_16161,2,0,2,0.009505746886134148,0
molecola_16161,3,0,3,0.009993623942136765,0
molecola_16161,4,0,4,0.008009997196495533,0
molecola_16161,5,0,5,0.007716189604252577,0
molecola_16161,6,0,6,0.008089179173111916,0
molecola_16161,7,0,7,0.01776164583861828,0
molecola_16161,8,0,8,0.03775851055979729,0
molecola_16161,9,0,9,0.04701676592230797,0
molecola_16161,10,0,10,0.024860328063368797,0
molecola_16161,11,0,11,0.0169119480997324,0
molecola_16161,12,0,12,0.008134836331009865,0
molecola_16161,13,0,13,0.00787548441439867,0
molecola_16161,14,0,14,0.01129051111638546,0
molecola_16161,15,0,15,0.009350884705781937,0
molecola_16161,16,0,16,0.010679001919925213,0
molecola_16161,17,0,17,0.011820236220955849,0
molecola_16161,18,0,18,0.012846393510699272,0
molecola_16161,19,0,19,0.013448059558868408,0
molecola_16161,20,1,20,0.7062059640884399,1
molecola_16161,21,0,21,0.013055379502475262,0
molecola_16161,22,0,22,0.011415406130254269,0
molecola_16161,23,0,23,0.010250662453472614,0
molecola_16161,24,0,24,0.011131283827126026,0
molecola_16161,25,0,25,0.011357516050338745,0
molecola_16161,26,0,26,0.008023599162697792,0
molecola_16161,27,0,27,0.007648685947060585,0
molecola_16161,28,0,28,0.007646217942237854,0
molecola_16161,29,0,29,0.007648685947060585,0
molecola_16161,30,0,30,0.008023599162697792,0
molecola_16161,31,1,31,0.9686124324798584,1
molecola_16161,32,1,32,0.9572099447250366,1
molecola_16161,33,0,33,0.8489988446235657,1
molecola_16161,34,0,34,0.8411492109298706,1
molecola_16161,35,1,35,0.8411492109298706,1
molecola_16161,36,0,36,0.012193719856441021,0
molecola_16161,37,0,37,0.01140704657882452,0
molecola_16161,38,0,38,0.01140704657882452,0
molecola_16161,39,0,39,0.01140704657882452,0
molecola_16161,40,0,40,0.008348381146788597,0
molecola_16307,1,1,1,0.848809003829956,1
molecola_16307,2,1,2,0.9391667246818542,1
molecola_16307,3,1,3,0.9669039249420166,1
molecola_16307,4,1,4,0.8543320894241333,1
molecola_16307,5,1,5,0.9711031913757324,1
molecola_16307,6,0,6,0.027864715084433556,0
molecola_16307,7,0,7,0.05820408836007118,0
molecola_16307,8,0,8,0.012712817639112473,0
molecola_16307,9,0,9,0.013207605108618736,0
molecola_16307,10,0,10,0.010615391656756401,0
molecola_16307,11,0,11,0.00862132478505373,0
molecola_16307,12,0,12,0.010615397244691849,0
molecola_16307,13,0,13,0.012712812051177025,0
molecola_16307,14,0,14,0.013207605108618736,0
molecola_16307,15,0,15,0.008715635165572166,0
molecola_16307,16,0,16,0.012063930742442608,0
molecola_16307,17,0,17,0.01741398684680462,0
molecola_16307,18,0,18,0.0101153664290905,0
molecola_16307,19,0,19,0.010068991221487522,0
molecola_16307,20,0,20,0.007883036509156227,0
molecola_16307,21,0,21,0.007646108977496624,0
molecola_16307,22,0,22,0.007643207907676697,0
molecola_16307,23,0,23,0.00773685984313488,0
molecola_16307,24,0,24,0.009293070062994957,0
molecola_16307,25,0,25,0.009011315181851387,0
molecola_16307,26,0,26,0.009480839595198631,0
molecola_16307,27,0,27,0.010104194283485413,0
molecola_16307,28,0,28,0.008010273799300194,0
molecola_16307,29,0,29,0.007715838961303234,0
molecola_16307,30,0,30,0.007707563228905201,0
molecola_16307,31,0,31,0.008097555488348007,0
molecola_16406,1,0,1,0.012333323247730732,0
molecola_16406,2,0,2,0.02245909534394741,0
molecola_16406,3,0,3,0.02766449749469757,0
molecola_16406,4,0,4,0.045931246131658554,0
molecola_16406,5,0,5,0.015975836664438248,0
molecola_16406,6,0,6,0.039847925305366516,0
molecola_16406,7,0,7,0.0705619677901268,0
molecola_16406,8,1,8,0.9489960670471191,1
molecola_16406,9,0,9,0.10104344040155411,0
molecola_16406,10,1,10,0.9534188508987427,1
molecola_16406,11,0,11,0.08386034518480301,0
molecola_16406,12,0,12,0.03439170494675636,0
molecola_16406,13,0,13,0.024421192705631256,0
molecola_16406,14,0,14,0.008432388305664062,0
molecola_16406,15,0,15,0.008518842980265617,0
molecola_16406,16,0,16,0.014929909259080887,0
molecola_16406,17,0,17,0.008518842980265617,0
molecola_16406,18,0,18,0.008432388305664062,0
molecola_16406,19,0,19,0.026739923283457756,0
molecola_16406,20,0,20,0.013822742737829685,0
molecola_16406,21,0,21,0.013822742737829685,0
molecola_16519,1,0,1,0.05003897473216057,0
molecola_16519,2,1,2,0.8857749104499817,1
molecola_16519,3,0,3,0.05788728594779968,0
molecola_16519,4,0,4,0.05788728594779968,0
molecola_16519,5,1,5,0.9512556791305542,1
molecola_16519,6,1,6,0.9519566893577576,1
molecola_16519,7,0,7,0.012575151398777962,0
molecola_16519,8,0,8,0.009262367151677608,0
molecola_16519,9,0,9,0.007977145723998547,0
molecola_16519,10,0,10,0.009037268348038197,0
molecola_16519,11,0,11,0.008591437712311745,0
molecola_16519,12,0,12,0.00806566420942545,0
molecola_16519,13,0,13,0.007707840763032436,0
molecola_16519,14,0,14,0.007715838961303234,0
molecola_16519,15,0,15,0.00800681859254837,0
molecola_16519,16,0,16,0.009920323267579079,0
molecola_16519,17,0,17,0.010813520289957523,0
molecola_16569,1,1,1,0.9458361864089966,1
molecola_16569,2,1,2,0.9407528042793274,1
molecola_16569,3,0,3,0.0902898833155632,0
molecola_16569,4,0,4,0.05042082443833351,0
molecola_16569,5,0,5,0.011311876587569714,0
molecola_16569,6,0,6,0.00900654774159193,0
molecola_16569,7,0,7,0.007734447717666626,0
molecola_16569,8,0,8,0.007640387862920761,0
molecola_16569,9,0,9,0.007734447717666626,0
molecola_16569,10,0,10,0.011311876587569714,0
molecola_16569,11,0,11,0.009006552398204803,0
molecola_16620,1,0,1,0.010419533587992191,0
molecola_16620,2,0,2,0.015174290165305138,0
molecola_16620,3,0,3,0.010419533587992191,0
molecola_16620,4,0,4,0.014362678863108158,0
molecola_16620,5,0,5,0.011386814527213573,0
molecola_16620,6,0,6,0.008533334359526634,0
molecola_16620,7,0,7,0.011776854284107685,0
molecola_16620,8,0,8,0.008405319415032864,0
molecola_16620,9,0,9,0.00772086763754487,0
molecola_16620,10,0,10,0.007698386441916227,0
molecola_16620,11,0,11,0.007996009662747383,0
molecola_16620,12,0,12,0.007776576094329357,0
molecola_16620,13,0,13,0.0091605419293046,0
molecola_16620,14,0,14,0.00901116244494915,0
molecola_16620,15,0,15,0.008032849989831448,0
molecola_16620,16,0,16,0.007775946985930204,0
molecola_16620,17,0,17,0.009602098725736141,0
molecola_16620,18,0,18,0.009010106325149536,0
molecola_16620,19,0,19,0.015811549499630928,0
molecola_16620,20,0,20,0.8586297035217285,1
molecola_16620,21,1,21,0.9685788750648499,1
molecola_16620,22,1,22,0.9575219750404358,1
molecola_16620,23,1,23,0.8493576645851135,1
molecola_16620,24,1,24,0.8415130972862244,1
molecola_16620,25,0,25,0.8415130972862244,1
molecola_16620,26,0,26,0.020348625257611275,0
molecola_16620,27,0,27,0.00984788965433836,0
molecola_16620,28,0,28,0.02127283811569214,0
molecola_16620,29,0,29,0.01982339844107628,0
molecola_16620,30,0,30,0.01982339844107628,0
molecola_16620,31,0,31,0.013493920676410198,0
molecola_16620,32,0,32,0.010604919865727425,0
molecola_16620,33,0,33,0.0106760049238801,0
molecola_16620,34,0,34,0.009436637163162231,0
molecola_16620,35,0,35,0.009546621702611446,0
molecola_16620,36,0,36,0.009546621702611446,0
molecola_16620,37,0,37,0.010635889135301113,0
molecola_16620,38,0,38,0.0092422254383564,0
molecola_16620,39,0,39,0.008591649122536182,0
molecola_16620,40,0,40,0.007750782649964094,0
molecola_16620,41,0,41,0.007641674485057592,0
molecola_16620,42,0,42,0.007750782649964094,0
molecola_16620,43,0,43,0.0092422254383564,0
molecola_16620,44,0,44,0.008591649122536182,0
molecola_16736,1,0,1,0.010734904557466507,0
molecola_16736,2,0,2,0.012220657430589199,0
molecola_16736,3,0,3,0.01259617693722248,0
molecola_16736,4,0,4,0.012519463896751404,0
molecola_16736,5,0,5,0.012068387120962143,0
molecola_16736,6,0,6,0.010434869676828384,0
molecola_16736,7,0,7,0.009194002486765385,0
molecola_16736,8,0,8,0.014656849205493927,0
molecola_16736,9,0,9,0.02965613454580307,0
molecola_16736,10,1,10,0.7548058032989502,1
molecola_16736,11,0,11,0.07105303555727005,0
molecola_16736,12,1,12,0.7642819881439209,1
molecola_16736,13,0,13,0.024889502674341202,0
molecola_16736,14,0,14,0.024889502674341202,0
molecola_16736,15,0,15,0.011256931349635124,0
molecola_16736,16,0,16,0.011003867723047733,0
molecola_16736,17,0,17,0.01742788776755333,0
molecola_16736,18,0,18,0.010036910884082317,0
molecola_16736,19,0,19,0.010111957788467407,0
molecola_16736,20,0,20,0.007953980937600136,0
molecola_16736,21,0,21,0.007703742478042841,0
molecola_16736,22,0,22,0.0079991789534688,0
molecola_16736,23,0,23,0.007703742478042841,0
molecola_16736,24,0,24,0.007953980937600136,0
molecola_16736,25,0,25,0.008014400489628315,0
molecola_16736,26,0,26,0.0077033741399645805,0
molecola_16736,27,0,27,0.007642896845936775,0
molecola_16736,28,0,28,0.007642896845936775,0
molecola_16736,29,0,29,0.007704923395067453,0
molecola_16736,30,0,30,0.008072545751929283,0
molecola_16736,31,0,31,0.008844654075801373,0
molecola_16736,32,0,32,0.011428494937717915,0
molecola_16736,33,0,33,0.012102670967578888,0
molecola_16736,34,0,34,0.011949596926569939,0
molecola_16736,35,0,35,0.011569136753678322,0
molecola_16736,36,0,36,0.008550331927835941,0
molecola_16781,1,1,1,0.9388696551322937,1
molecola_16781,2,1,2,0.9430320858955383,1
molecola_16781,3,0,3,0.0703132301568985,0
molecola_16781,4,1,4,0.02727482095360756,0
molecola_16781,5,0,5,0.0160490982234478,0
molecola_16781,6,0,6,0.013218860141932964,0
molecola_16781,7,0,7,0.013291285373270512,0
molecola_16781,8,0,8,0.01337780524045229,0
molecola_16781,9,0,9,0.014777714386582375,0
molecola_16781,10,0,10,0.011951331049203873,0
molecola_16781,11,0,11,0.011711693368852139,0
molecola_16781,12,0,12,0.011791992001235485,0
molecola_16781,13,0,13,0.011711693368852139,0
molecola_16781,14,0,14,0.011951331049203873,0
molecola_16781,15,0,15,0.011443140916526318,0
molecola_16781,16,0,16,0.010102572850883007,0
molecola_16781,17,0,17,0.01268923468887806,0
molecola_16781,18,1,18,0.01696326956152916,0
molecola_16781,19,0,19,0.010842720046639442,0
molecola_16781,20,1,20,0.06773298233747482,0
molecola_16781,21,0,21,0.027958644554018974,0
molecola_16781,22,1,22,0.027958644554018974,0
molecola_16851,1,0,1,0.021844903007149696,0
molecola_16851,2,0,2,0.9348944425582886,1
molecola_16851,3,0,3,0.021844903007149696,0
molecola_16851,4,1,4,0.8841509222984314,1
molecola_16851,5,1,5,0.9389504790306091,1
molecola_16851,6,0,6,0.04173547774553299,0
molecola_16851,7,0,7,0.00821315310895443,0
molecola_16851,8,0,8,0.007754722610116005,0
molecola_16851,9,0,9,0.009057896211743355,0
molecola_16851,10,0,10,0.008657697588205338,0
molecola_16851,11,0,11,0.007982389070093632,0
molecola_16851,12,0,12,0.009854530915617943,0
molecola_16851,13,0,13,0.00851407554000616,0
molecola_17320,1,0,1,0.008577502332627773,0
molecola_17320,2,0,2,0.008863509632647038,0
molecola_17320,3,0,3,0.009946368634700775,0
molecola_17320,4,0,4,0.00959291122853756,0
molecola_17320,5,0,5,0.014068083837628365,0
molecola_17320,6,0,6,0.031096486374735832,0
molecola_17320,7,1,7,0.9533102512359619,1
molecola_17320,8,1,8,0.9072950482368469,1
molecola_17320,9,0,9,0.08512013405561447,0
molecola_17320,10,0,10,0.06632862985134125,0
molecola_17320,11,0,11,0.00937828328460455,0
molecola_17320,12,0,12,0.008165325969457626,0
molecola_17320,13,0,13,0.019330471754074097,0
molecola_17320,14,0,14,0.04034949839115143,0
molecola_17320,15,0,15,0.04818914830684662,0
molecola_17320,16,0,16,0.024859333410859108,0
molecola_17320,17,0,17,0.01656501181423664,0
molecola_17320,18,0,18,0.008093979209661484,0
molecola_17320,19,0,19,0.007645783480256796,0
molecola_17320,20,0,20,0.007642896845936775,0
molecola_17320,21,0,21,0.007707705721259117,0
molecola_17320,22,0,22,0.008455991744995117,0
molecola_17320,23,0,23,0.008006651885807514,0
molecola_17320,24,0,24,0.007704475428909063,0
molecola_17320,25,0,25,0.007643570192158222,0
molecola_17320,26,0,26,0.007646217942237854,0
molecola_17320,27,0,27,0.007643570192158222,0
molecola_17320,28,0,28,0.007704475428909063,0
molecola_17320,29,0,29,0.008165325969457626,0
molecola_17320,30,0,30,0.00937828328460455,0
molecola_17320,31,0,31,0.05619348958134651,0
molecola_17320,32,0,32,0.009560338221490383,0
molecola_17320,33,0,33,0.007657879963517189,0
molecola_17320,34,0,34,0.007642896845936775,0
molecola_17320,35,0,35,0.007721532601863146,0
molecola_17320,36,0,36,0.010652290657162666,0
molecola_17320,37,0,37,0.008359421975910664,0
molecola_17320,38,0,38,0.009801728650927544,0
molecola_17339,1,0,1,0.014083906076848507,0
molecola_17339,2,0,2,0.06742134690284729,0
molecola_17339,3,0,3,0.02479400299489498,0
molecola_17339,4,0,4,0.040603216737508774,0
molecola_17339,5,0,5,0.012004782445728779,0
molecola_17339,6,0,6,0.008590049110352993,0
molecola_17339,7,0,7,0.00774969020858407,0
molecola_17339,8,0,8,0.007641674485057592,0
molecola_17339,9,0,9,0.00774969020858407,0
molecola_17339,10,0,10,0.012004782445728779,0
molecola_17339,11,0,11,0.008590049110352993,0
molecola_17339,12,1,12,0.895792543888092,1
molecola_17339,13,1,13,0.778508186340332,1
molecola_17339,14,0,14,0.028226224705576897,0
molecola_17339,15,0,15,0.028371671214699745,0
molecola_17339,16,0,16,0.7717441916465759,1
molecola_18070,1,0,1,0.013813489116728306,0
molecola_18070,2,0,2,0.5563631653785706,1
molecola_18070,3,0,3,0.013813489116728306,0
molecola_18070,4,0,4,0.2043074667453766,0
molecola_18070,5,0,5,0.9500072598457336,1
molecola_18070,6,0,6,0.08228804171085358,0
molecola_18070,7,0,7,0.34655386209487915,0
molecola_18070,8,0,8,0.08406806737184525,0
molecola_18070,9,0,9,0.022170227020978928,0
molecola_18070,10,0,10,0.018069129437208176,0
molecola_18070,11,0,11,0.022170227020978928,0
molecola_18070,12,1,12,0.9410712122917175,1
molecola_18070,13,0,13,0.08168473094701767,0
molecola_18070,14,1,14,0.9460962414741516,1
molecola_18388,1,0,1,0.021180802956223488,0
molecola_18388,2,0,2,0.09323932975530624,0
molecola_18388,3,1,3,0.8270468711853027,1
molecola_18388,4,1,4,0.8618878722190857,1
molecola_18388,5,0,5,0.03970658406615257,0
molecola_18388,6,0,6,0.041491203010082245,0
molecola_18388,7,0,7,0.031209060922265053,0
molecola_18388,8,0,8,0.08362475782632828,0
molecola_18388,9,0,9,0.010875452309846878,0
molecola_18388,10,0,10,0.00894929002970457,0
molecola_18388,11,0,11,0.008515198715031147,0
molecola_18388,12,0,12,0.009457417763769627,0
molecola_18388,13,0,13,0.009196821600198746,0
molecola_18388,14,0,14,0.00956114660948515,0
molecola_18388,15,0,15,0.007935932837426662,0
molecola_18388,16,0,16,0.0077792624942958355,0
molecola_18388,17,0,17,0.011167294345796108,0
molecola_18388,18,0,18,0.010907033458352089,0
molecola_18388,19,0,19,0.010041437111794949,0
molecola_18388,20,0,20,0.008243356831371784,0
molecola_18388,21,0,21,0.011483733542263508,0
molecola_18388,22,0,22,0.01011666003614664,0
molecola_18388,23,0,23,0.01011666003614664,0
molecola_18388,24,0,24,0.00894929002970457,0
molecola_18388,25,0,25,0.008515198715031147,0
molecola_18388,26,0,26,0.010875452309846878,0
molecola_18739,1,0,1,0.015581746585667133,0
molecola_18739,2,0,2,0.018477289006114006,0
molecola_18739,3,0,3,0.01117275096476078,0
molecola_18739,4,0,4,0.010747358202934265,0
molecola_18739,5,0,5,0.007977847941219807,0
molecola_18739,6,0,6,0.00785965844988823,0
molecola_18739,7,0,7,0.016001757234334946,0
molecola_18739,8,0,8,0.019299596548080444,0
molecola_18739,9,0,9,0.021580770611763,0
molecola_18739,10,0,10,0.01929917186498642,0
molecola_18739,11,0,11,0.015985697507858276,0
molecola_18739,12,0,12,0.00834799837321043,0
molecola_18739,13,0,13,0.014184222556650639,0
molecola_18739,14,0,14,0.0322810634970665,0
molecola_18739,15,1,15,0.9529134631156921,1
molecola_18739,16,0,16,0.0322810634970665,0
molecola_18739,17,0,17,0.014184222556650639,0
molecola_18739,18,1,18,0.9041399955749512,1
molecola_18739,19,0,19,0.07478785514831543,0
molecola_18739,20,0,20,0.04720867797732353,0
molecola_18739,21,0,21,0.031025877222418785,0
molecola_18739,22,0,22,0.0835719183087349,0
molecola_18739,23,0,23,0.010562512092292309,0
molecola_18739,24,0,24,0.00776027562096715,0
molecola_18739,25,0,25,0.00904814712703228,0
molecola_18739,26,0,26,0.008658299222588539,0
molecola_18739,27,0,27,0.00776027562096715,0
molecola_18739,28,0,28,0.010562512092292309,0
molecola_18787,1,0,1,0.024164916947484016,0
molecola_18787,2,1,2,0.7497144937515259,1
molecola_18787,3,1,3,0.7229443192481995,1
molecola_18787,4,0,4,0.07068321853876114,0
molecola_18787,5,0,5,0.029641885310411453,0
molecola_18787,6,0,6,0.015246945433318615,0
molecola_18787,7,0,7,0.008059474639594555,0
molecola_18787,8,0,8,0.007704241666942835,0
molecola_18787,9,0,9,0.008015465922653675,0
molecola_18787,10,0,10,0.007704241666942835,0
molecola_18787,11,0,11,0.008059474639594555,0
molecola_18787,12,0,12,0.00833126250654459,0
molecola_18787,13,0,13,0.007724697235971689,0
molecola_18787,14,0,14,0.007646456826478243,0
molecola_18787,15,0,15,0.007717503700405359,0
molecola_18787,16,0,16,0.008008522912859917,0
molecola_18787,17,0,17,0.009941457770764828,0
molecola_18787,18,0,18,0.04521598294377327,0
molecola_18787,19,0,19,0.0128055140376091,0
molecola_18787,20,0,20,0.012345997616648674,0
molecola_18787,21,0,21,0.008590503595769405,0
molecola_18787,22,0,22,0.02750670351088047,0
molecola_18787,23,0,23,0.011561653576791286,0
molecola_18787,24,0,24,0.02374362014234066,0
molecola_18787,25,0,25,0.02281460352241993,0
molecola_18787,26,0,26,0.02281460352241993,0
molecola_18787,27,0,27,0.0483621247112751,0
molecola_19008,1,0,1,0.01594051532447338,0
molecola_19008,2,0,2,0.015618278644979,0
molecola_19008,3,0,3,0.017922161146998405,0
molecola_19008,4,0,4,0.008352788165211678,0
molecola_19008,5,0,5,0.007642246317118406,0
molecola_19008,6,0,6,0.007765296846628189,0
molecola_19008,7,0,7,0.011546051129698753,0
molecola_19008,8,0,8,0.027401816099882126,0
molecola_19008,9,0,9,0.01714705489575863,0
molecola_19008,10,0,10,0.011372693814337254,0
molecola_19008,11,0,11,0.011047746054828167,0
molecola_19008,12,0,12,0.010795011185109615,0
molecola_19008,13,0,13,0.010187624953687191,0
molecola_19008,14,0,14,0.012029170989990234,0
molecola_19008,15,0,15,0.017155984416604042,0
molecola_19008,16,0,16,0.014997141435742378,0
molecola_19008,17,0,17,0.014665612019598484,0
molecola_19008,18,0,18,0.037799227982759476,0
molecola_19008,19,0,19,0.02981647104024887,0
molecola_19008,20,0,20,0.0643482431769371,0
molecola_19008,21,0,21,0.016227707266807556,0
molecola_19008,22,0,22,0.018334150314331055,0
molecola_19008,23,0,23,0.016387298703193665,0
molecola_19008,24,0,24,0.024937888607382774,0
molecola_19008,25,0,25,0.018769556656479836,0
molecola_19008,26,0,26,0.025522729381918907,0
molecola_19008,27,0,27,0.012192904017865658,0
molecola_19008,28,0,28,0.023913469165563583,0
molecola_19008,29,0,29,0.014804104343056679,0
molecola_19008,30,0,30,0.011019124649465084,0
molecola_19008,31,0,31,0.010786033235490322,0
molecola_19008,32,0,32,0.01137645822018385,0
molecola_19008,33,0,33,0.027418889105319977,0
molecola_19008,34,0,34,0.017150085419416428,0
molecola_19008,35,0,35,0.011459442786872387,0
molecola_19008,36,1,36,0.9436110854148865,1
molecola_19008,37,1,37,0.9658692479133606,1
molecola_19008,38,0,38,0.9658303260803223,1
molecola_19008,39,0,39,0.7650476098060608,1
molecola_19008,40,0,40,0.03864598274230957,0
molecola_19008,41,0,41,0.019707484170794487,0
molecola_19008,42,0,42,0.0140158636495471,0
molecola_19008,43,0,43,0.01388006005436182,0
molecola_19008,44,0,44,0.015267021022737026,0
molecola_19008,45,0,45,0.024656763300299644,0
molecola_19008,46,0,46,0.9609894752502441,1
molecola_19008,47,0,47,0.8781149983406067,1
molecola_19008,48,0,48,0.050754643976688385,0
molecola_19008,49,0,49,0.03361688181757927,0
molecola_19008,50,0,50,0.03361688181757927,0
molecola_19008,51,0,51,0.8781149983406067,1
molecola_19008,52,0,52,0.050754643976688385,0
molecola_19008,53,0,53,0.03381618484854698,0
molecola_19008,54,0,54,0.018069492653012276,0
molecola_19541,1,0,1,0.01317199319601059,0
molecola_19541,2,0,2,0.03195969760417938,0
molecola_19541,3,0,3,0.017388712614774704,0
molecola_19541,4,0,4,0.030589014291763306,0
molecola_19541,5,1,5,0.975782036781311,1
molecola_19541,6,0,6,0.030589014291763306,0
molecola_19541,7,0,7,0.017388712614774704,0
molecola_19541,8,1,8,0.951370358467102,1
molecola_19541,9,0,9,0.207565039396286,0
molecola_19541,10,0,10,0.1225321814417839,0
molecola_19541,11,0,11,0.02903040125966072,0
molecola_19541,12,0,12,0.013480990193784237,0
molecola_19541,13,0,13,0.013480990193784237,0
molecola_19541,14,0,14,0.02661816217005253,0
molecola_19541,15,0,15,0.0200120210647583,0
molecola_19541,16,0,16,0.0408269539475441,0
molecola_19541,17,1,17,0.7261525988578796,1
molecola_19541,18,0,18,0.07427471876144409,0
molecola_19541,19,1,19,0.07427471876144409,0
molecola_20039,1,1,1,0.8574461936950684,1
molecola_20039,2,1,2,0.9453097581863403,1
molecola_20039,3,1,3,0.9674882888793945,1
molecola_20039,4,1,4,0.8846215605735779,1
molecola_20039,5,1,5,0.9568827152252197,1
molecola_20039,6,0,6,0.036859240382909775,0
molecola_20039,7,0,7,0.008151227608323097,0
molecola_20039,8,0,8,0.007702612783759832,0
molecola_20039,9,0,9,0.008798204362392426,0
molecola_20039,10,0,10,0.02112903818488121,0
molecola_20039,11,0,11,0.09893487393856049,0
molecola_20039,12,0,12,0.19078361988067627,0
molecola_20039,13,0,13,0.04075127840042114,0
molecola_20039,14,0,14,0.02637341246008873,0
molecola_20039,15,0,15,0.011086998507380486,0
molecola_20039,16,0,16,0.011992176994681358,0
molecola_20039,17,0,17,0.012247319333255291,0
molecola_20039,18,0,18,0.01450311578810215,0
molecola_20039,19,0,19,0.030726900324225426,0
molecola_20039,20,0,20,0.9291037917137146,1
molecola_20039,21,0,21,0.02750205062329769,0
molecola_20039,22,0,22,0.016589747741818428,0
molecola_20039,23,0,23,0.024975720793008804,0
molecola_20039,24,0,24,0.04043281823396683,0
molecola_20039,25,0,25,0.8458062410354614,1
molecola_20039,26,0,26,0.05026029795408249,0
molecola_20039,27,0,27,0.012340731918811798,0
molecola_20039,28,0,28,0.009399144910275936,0
molecola_20039,29,0,29,0.00901004672050476,0
molecola_20039,30,0,30,0.007731634192168713,0
molecola_20039,31,0,31,0.007746522780507803,0
molecola_20039,32,0,32,0.009067586623132229,0
molecola_20039,33,0,33,0.008591405116021633,0
molecola_20039,34,0,34,0.009360456839203835,0
molecola_20039,35,0,35,0.008926578797399998,0
molecola_20039,36,0,36,0.014836512506008148,0
molecola_20039,37,0,37,0.008155832067131996,0
molecola_20039,38,0,38,0.008013608865439892,0
molecola_20039,39,0,39,0.007801794447004795,0
molecola_20039,40,0,40,0.008016224019229412,0
molecola_20039,41,0,41,0.010851104743778706,0
molecola_20039,42,0,42,0.008733062073588371,0
molecola_20876,1,0,1,0.010759619064629078,0
molecola_20876,2,0,2,0.013821247033774853,0
molecola_20876,3,0,3,0.013199199922382832,0
molecola_20876,4,0,4,0.02210625261068344,0
molecola_20876,5,0,5,0.021533645689487457,0
molecola_20876,6,0,6,0.013448674231767654,0
molecola_20876,7,0,7,0.01601811870932579,0
molecola_20876,8,1,8,0.9001855850219727,1
molecola_20876,9,0,9,0.016413068398833275,0
molecola_20876,10,1,10,0.9203643202781677,1
molecola_20876,11,1,11,0.8078659772872925,1
molecola_20876,12,0,12,0.07029920816421509,0
molecola_20876,13,0,13,0.07029920816421509,0
molecola_20876,14,0,14,0.05963603034615517,0
molecola_20876,15,0,15,0.015659354627132416,0
molecola_20876,16,0,16,0.011563980020582676,0
molecola_20876,17,0,17,0.011084071360528469,0
molecola_20876,18,0,18,0.011231028474867344,0
molecola_20876,19,0,19,0.009961575269699097,0
molecola_20876,20,0,20,0.013562098145484924,0
molecola_20876,21,0,21,0.011398655362427235,0
molecola_20876,22,0,22,0.012927200645208359,0
molecola_20876,23,0,23,0.15127204358577728,0
molecola_20876,24,0,24,0.8963751792907715,1
molecola_20876,25,0,25,0.787775456905365,1
molecola_20876,26,0,26,0.06944514065980911,0
molecola_20876,27,0,27,0.06944514065980911,0
molecola_20876,28,0,28,0.05899950489401817,0
molecola_20876,29,0,29,0.012182754464447498,0
molecola_20876,30,0,30,0.009425117634236813,0
molecola_20876,31,0,31,0.012154348194599152,0
molecola_21240,1,0,1,0.014461934566497803,0
molecola_21240,2,0,2,0.01773579977452755,0
molecola_21240,3,0,3,0.017640966922044754,0
molecola_21240,4,0,4,0.015810087323188782,0
molecola_21240,5,0,5,0.03322428837418556,0
molecola_21240,6,0,6,0.02604498527944088,0
molecola_21240,7,0,7,0.03881065919995308,0
molecola_21240,8,0,8,0.03881251811981201,0
molecola_21240,9,0,9,0.026085009798407555,0
molecola_21240,10,0,10,0.020988622680306435,0
molecola_21240,11,0,11,0.013592759147286415,0
molecola_21240,12,0,12,0.012730341404676437,0
molecola_21240,13,0,13,0.00807389710098505,0
molecola_21240,14,0,14,0.007648685947060585,0
molecola_21240,15,0,15,0.007646217942237854,0
molecola_21240,16,0,16,0.007648685947060585,0
molecola_21240,17,0,17,0.00807389710098505,0
molecola_21240,18,0,18,0.3425292372703552,0
molecola_21240,19,0,19,0.039546847343444824,0
molecola_21240,20,0,20,0.27486100792884827,0
molecola_21240,21,0,21,0.0354575514793396,0
molecola_21240,22,0,22,0.012665575370192528,0
molecola_21240,23,0,23,0.24921035766601562,0
molecola_21240,24,0,24,0.04415319859981537,0
molecola_21240,25,0,25,0.04415319859981537,0
molecola_21240,26,1,26,0.9675969481468201,1
molecola_21240,27,1,27,0.9676487445831299,1
molecola_21240,28,1,28,0.8867536783218384,1
molecola_21240,29,1,29,0.9460050463676453,1
molecola_21240,30,1,30,0.9076462388038635,1
molecola_21240,31,0,31,0.015746336430311203,0
molecola_21240,32,0,32,0.09757205098867416,0
molecola_21240,33,0,33,0.927606463432312,1
molecola_21240,34,0,34,0.05312953516840935,0
molecola_21240,35,0,35,0.02829195186495781,0
molecola_21240,36,0,36,0.011654982343316078,0
molecola_21240,37,0,37,0.011654982343316078,0
molecola_2156,1,0,1,0.21250900626182556,0
molecola_2156,2,1,2,0.9621484875679016,1
molecola_2156,3,1,3,0.8847731947898865,1
molecola_2156,4,0,4,0.023832043632864952,0
molecola_2156,5,0,5,0.013797939755022526,0
molecola_2156,6,0,6,0.016323000192642212,0
molecola_2156,7,0,7,0.012251905165612698,0
molecola_2156,8,0,8,0.013556689955294132,0
molecola_2156,9,0,9,0.020805098116397858,0
molecola_2156,10,0,10,0.020935824140906334,0
molecola_2156,11,0,11,0.011239186860620975,0
molecola_2156,12,0,12,0.010732646100223064,0
molecola_2156,13,0,13,0.11510563641786575,0
molecola_2156,14,0,14,0.035236656665802,0
molecola_2156,15,0,15,0.030752409249544144,0
molecola_2156,16,0,16,0.013739289715886116,0
molecola_2156,17,0,17,0.013739289715886116,0
molecola_2156,18,0,18,0.013739289715886116,0
molecola_2156,19,0,19,0.010536665096879005,0
molecola_2156,20,0,20,0.008891204372048378,0
molecola_2156,21,0,21,0.02589651197195053,0
molecola_2156,22,0,22,0.020990202203392982,0
molecola_2156,23,0,23,0.027404777705669403,0
molecola_2156,24,0,24,0.013466741889715195,0
molecola_2156,25,0,25,0.013466741889715195,0
molecola_2156,26,0,26,0.04286200553178787,0
molecola_2156,27,0,27,0.02430395968258381,0
molecola_2156,28,0,28,0.017299123108386993,0
molecola_2156,29,0,29,0.00816299021244049,0
molecola_2156,30,0,30,0.007647281512618065,0
molecola_2156,31,0,31,0.007646217942237854,0
molecola_2156,32,0,32,0.007647281512618065,0
molecola_2156,33,0,33,0.00816299021244049,0
molecola_23004,1,0,1,0.013389893807470798,0
molecola_23004,2,1,2,0.8823481202125549,1
molecola_23004,3,1,3,0.9428911209106445,1
molecola_23004,4,1,4,0.968206524848938,1
molecola_23004,5,1,5,0.8360176086425781,1
molecola_23004,6,1,6,0.9785495400428772,1
molecola_23004,7,0,7,0.03201206400990486,0
molecola_23004,8,0,8,0.013562116771936417,0
molecola_23004,9,0,9,0.010459675453603268,0
molecola_23004,10,0,10,0.015385380946099758,0
molecola_23004,11,0,11,0.04488631710410118,0
molecola_23004,12,1,12,0.9749410152435303,1
molecola_23004,13,0,13,0.0369836650788784,0
molecola_23004,14,0,14,0.017186611890792847,0
molecola_23004,15,0,15,0.008657177910208702,0
molecola_23004,16,0,16,0.011217824183404446,0
molecola_23004,17,0,17,0.00840737484395504,0
molecola_23004,18,0,18,0.011217824183404446,0
molecola_23004,19,0,19,0.008657177910208702,0
molecola_23004,20,0,20,0.010723678395152092,0
molecola_23004,21,0,21,0.01077343337237835,0
molecola_23004,22,0,22,0.01077343337237835,0
molecola_23004,23,0,23,0.01077343337237835,0
molecola_23004,24,0,24,0.010723678395152092,0
molecola_23004,25,0,25,0.01077343337237835,0
molecola_23004,26,0,26,0.01077343337237835,0
molecola_23004,27,0,27,0.01077343337237835,0
molecola_23004,28,1,28,0.966952383518219,1
molecola_23004,29,1,29,0.8535237312316895,1
molecola_23004,30,1,30,0.9389199018478394,1
molecola_23004,31,1,31,0.848809003829956,1
molecola_23004,32,0,32,0.014198665507137775,0
molecola_23004,33,0,33,0.008319074288010597,0
molecola_23004,34,0,34,0.011190312914550304,0
molecola_23004,35,0,35,0.008028834126889706,0
molecola_23004,36,0,36,0.009539618156850338,0
molecola_23004,37,0,37,0.06483297795057297,0
molecola_23004,38,0,38,0.010723800398409367,0
molecola_23004,39,0,39,0.01077343337237835,0
molecola_23004,40,0,40,0.01077343337237835,0
molecola_23004,41,0,41,0.01077343337237835,0
molecola_23703,1,0,1,0.20690779387950897,0
molecola_23703,2,0,2,0.10546551644802094,0
molecola_23703,3,0,3,0.9079892039299011,1
molecola_23703,4,0,4,0.06496080756187439,0
molecola_23703,5,0,5,0.032962728291749954,0
molecola_23703,6,0,6,0.05792638286948204,0
molecola_23703,7,0,7,0.013166558928787708,0
molecola_23703,8,0,8,0.012209064327180386,0
molecola_23703,9,0,9,0.01576501689851284,0
molecola_23703,10,0,10,0.033025555312633514,0
molecola_23703,11,1,11,0.9790522456169128,1
molecola_23703,12,1,12,0.9684382081031799,1
molecola_23703,13,1,13,0.8357674479484558,1
molecola_23703,14,1,14,0.9418409466743469,1
molecola_23703,15,1,15,0.8991147875785828,1
molecola_23703,16,0,16,0.024224143475294113,0
molecola_23703,17,0,17,0.00812761764973402,0
molecola_23703,18,0,18,0.00764553714543581,0
molecola_23703,19,0,19,0.0081474045291543,0
molecola_23703,20,0,20,0.018590940162539482,0
molecola_23703,21,0,21,0.008553723804652691,0
molecola_23703,22,0,22,0.06771226972341537,0
molecola_23703,23,0,23,0.027958624064922333,0
molecola_23703,24,0,24,0.027958624064922333,0
molecola_23703,25,0,25,0.012313022278249264,0
molecola_23703,26,0,26,0.007915192283689976,0
molecola_23703,27,0,27,0.007646297104656696,0
molecola_23703,28,0,28,0.007646217942237854,0
molecola_23703,29,0,29,0.007646297104656696,0
molecola_23703,30,0,30,0.007915192283689976,0
molecola_24349,1,0,1,0.05038127303123474,0
molecola_24349,2,0,2,0.8710551857948303,1
molecola_24349,3,0,3,0.05834804102778435,0
molecola_24349,4,0,4,0.05834804102778435,0
molecola_24349,5,0,5,0.9673014283180237,1
molecola_24349,6,1,6,0.9754951000213623,1
molecola_24349,7,1,7,0.9677789211273193,1
molecola_24349,8,0,8,0.021755049005150795,0
molecola_24349,9,0,9,0.015771327540278435,0
molecola_24349,10,0,10,0.031040245667099953,0
molecola_24349,11,0,11,0.015669487416744232,0
molecola_24349,12,0,12,0.008225868456065655,0
molecola_24349,13,0,13,0.009071961976587772,0
molecola_24349,14,0,14,0.008657697588205338,0
molecola_24349,15,0,15,0.007754953112453222,0
molecola_24349,16,0,16,0.008178436197340488,0
molecola_24349,17,0,17,0.026430554687976837,0
molecola_2440,1,0,1,0.011081770993769169,0
molecola_2440,2,0,2,0.015765223652124405,0
molecola_2440,3,0,3,0.02932964824140072,0
molecola_2440,4,0,4,0.015765223652124405,0
molecola_2440,5,0,5,0.011081770993769169,0
molecola_2440,6,0,6,0.015867505222558975,0
molecola_2440,7,0,7,0.01359332725405693,0
molecola_2440,8,0,8,0.00804905965924263,0
molecola_2440,9,0,9,0.007703530602157116,0
molecola_2440,10,0,10,0.00800746213644743,0
molecola_2440,11,0,11,0.008230747655034065,0
molecola_2440,12,0,12,0.016073813661932945,0
molecola_2440,13,0,13,0.9012466073036194,1
molecola_2440,14,0,14,0.9502637386322021,1
molecola_2440,15,0,15,0.9690054059028625,1
molecola_2440,16,0,16,0.8892958760261536,1
molecola_2440,17,0,17,0.9579716324806213,1
molecola_2440,18,0,18,0.03685794398188591,0
molecola_2440,19,0,19,0.008165325969457626,0
molecola_2440,20,0,20,0.008134409785270691,0
molecola_2440,21,0,21,0.017035022377967834,0
molecola_2440,22,0,22,0.008134409785270691,0
molecola_2440,23,0,23,0.008165325969457626,0
molecola_2440,24,1,24,0.7190173268318176,1
molecola_2440,25,0,25,0.025156989693641663,0
molecola_2440,26,1,26,0.8887560963630676,1
molecola_2440,27,0,27,0.07672125101089478,0
molecola_2440,28,0,28,0.00802296120673418,0
molecola_2440,29,0,29,0.007703530602157116,0
molecola_2440,30,0,30,0.00800746213644743,0
molecola_2440,31,0,31,0.008257543668150902,0
molecola_24754,1,0,1,0.00957131665199995,0
molecola_24754,2,0,2,0.009854350239038467,0
molecola_24754,3,0,3,0.010018185712397099,0
molecola_24754,4,0,4,0.009536239318549633,0
molecola_24754,5,0,5,0.056423369795084,0
molecola_24754,6,0,6,0.009261627681553364,0
molecola_24754,7,0,7,0.007730272598564625,0
molecola_24754,8,0,8,0.008644136600196362,0
molecola_24754,9,0,9,0.012637384235858917,0
molecola_24754,10,0,10,0.011103437282145023,0
molecola_24754,11,0,11,0.009911324828863144,0
molecola_24754,12,0,12,0.011478429660201073,0
molecola_24754,13,0,13,0.010117270983755589,0
molecola_24754,14,0,14,0.010117270983755589,0
molecola_24754,15,0,15,0.008244055323302746,0
molecola_24754,16,0,16,0.008399313315749168,0
molecola_24754,17,0,17,0.007813740521669388,0
molecola_24754,18,0,18,0.00801022071391344,0
molecola_24754,19,0,19,0.010040830820798874,0
molecola_24754,20,0,20,0.008759528398513794,0
molecola_24754,21,0,21,0.011870055459439754,0
molecola_24754,22,0,22,0.00833570770919323,0
molecola_24754,23,0,23,0.010127667337656021,0
molecola_24754,24,0,24,0.00842974055558443,0
molecola_24754,25,0,25,0.008206486701965332,0
molecola_24754,26,0,26,0.00822632759809494,0
molecola_24754,27,0,27,0.008234072476625443,0
molecola_24754,28,0,28,0.011585162952542305,0
molecola_24754,29,0,29,0.015294644981622696,0
molecola_24754,30,0,30,0.009618951007723808,0
molecola_24754,31,0,31,0.008699134923517704,0
molecola_24754,32,1,32,0.9407868981361389,1
molecola_24754,33,0,33,0.09046542644500732,0
molecola_24754,34,1,34,0.9459206461906433,1
molecola_24830,1,0,1,0.010790277272462845,0
molecola_24830,2,0,2,0.011029886081814766,0
molecola_24830,3,0,3,0.009222363121807575,0
molecola_24830,4,0,4,0.008591031655669212,0
molecola_24830,5,0,5,0.009603713639080524,0
molecola_24830,6,0,6,0.06636149436235428,0
molecola_24830,7,0,7,0.009603713639080524,0
molecola_24830,8,0,8,0.009222363121807575,0
molecola_24830,9,0,9,0.008591031655669212,0
molecola_24830,10,1,10,0.8983891606330872,1
molecola_24830,11,0,11,0.08512013405561447,0
molecola_24830,12,1,12,0.9512097239494324,1
molecola_24830,13,0,13,0.02603546343743801,0
molecola_24830,14,0,14,0.020616112276911736,0
molecola_24830,15,0,15,0.018375670537352562,0
molecola_24830,16,0,16,0.018375670537352562,0
molecola_24830,17,0,17,0.017798494547605515,0
molecola_24830,18,0,18,0.008708057925105095,0
molecola_24830,19,0,19,0.007655608933418989,0
molecola_24830,20,0,20,0.007657879963517189,0
molecola_24830,21,0,21,0.00953171867877245,0
molecola_24830,22,0,22,0.05314930900931358,0
molecola_254,1,0,1,0.010734904557466507,0
molecola_254,2,0,2,0.012276235036551952,0
molecola_254,3,0,3,0.0128328250721097,0
molecola_254,4,0,4,0.013841344974935055,0
molecola_254,5,0,5,0.024219518527388573,0
molecola_254,6,0,6,0.012620033696293831,0
molecola_254,7,0,7,0.011135399341583252,0
molecola_254,8,0,8,0.024272922426462173,0
molecola_254,9,0,9,0.013843544758856297,0
molecola_254,10,0,10,0.013375967741012573,0
molecola_254,11,0,11,0.014757628552615643,0
molecola_254,12,0,12,0.03849828615784645,0
molecola_254,13,1,13,0.9513581395149231,1
molecola_254,14,1,14,0.9573060870170593,1
molecola_254,15,0,15,0.9573060870170593,1
molecola_254,16,0,16,0.012537539005279541,0
molecola_254,17,0,17,0.011009707115590572,0
molecola_254,18,0,18,0.008459214121103287,0
molecola_254,19,0,19,0.009845717810094357,0
molecola_254,20,0,20,0.009038028307259083,0
molecola_254,21,0,21,0.00860687717795372,0
molecola_254,22,0,22,0.009982721880078316,0
molecola_254,23,0,23,0.010558546520769596,0
molecola_25611,1,0,1,0.008550331927835941,0
molecola_25611,2,0,2,0.00914212316274643,0
molecola_25611,3,0,3,0.01237509772181511,0
molecola_25611,4,0,4,0.013315853662788868,0
molecola_25611,5,0,5,0.01718183048069477,0
molecola_25611,6,0,6,0.03904668986797333,0
molecola_25611,7,0,7,0.017256170511245728,0
molecola_25611,8,0,8,0.0156304519623518,0
molecola_25611,9,0,9,0.08482405543327332,0
molecola_25611,10,0,10,0.0156304519623518,0
molecola_25611,11,0,11,0.017256170511245728,0
molecola_25611,12,1,12,0.9481551051139832,1
molecola_25611,13,1,13,0.9558690190315247,1
molecola_25611,14,0,14,0.1562029868364334,0
molecola_25611,15,0,15,0.009861275553703308,0
molecola_25611,16,0,16,0.007743865251541138,0
molecola_25611,17,0,17,0.00926860049366951,0
molecola_25611,18,0,18,0.009146607480943203,0
molecola_25611,19,0,19,0.007959370501339436,0
molecola_25611,20,0,20,0.013973076827824116,0
molecola_25611,21,0,21,0.010895234532654285,0
molecola_25611,22,0,22,0.011378630995750427,0
molecola_25611,23,0,23,0.011037363670766354,0
molecola_25611,24,0,24,0.01576225645840168,0
molecola_25611,25,0,25,0.010910454206168652,0
molecola_25611,26,0,26,0.0112708555534482,0
molecola_25611,27,0,27,0.011217650957405567,0
molecola_25611,28,0,28,0.010315094143152237,0
molecola_25611,29,0,29,0.009664665907621384,0
molecola_25611,30,0,30,0.009994576685130596,0
molecola_25698,1,0,1,0.012875027023255825,0
molecola_25698,2,0,2,0.04472890868782997,0
molecola_25698,3,0,3,0.04155873879790306,0
molecola_25698,4,0,4,0.2209480255842209,0
molecola_25698,5,0,5,0.03491160646080971,0
molecola_25698,6,0,6,0.024861905723810196,0
molecola_25698,7,0,7,0.011921496130526066,0
molecola_25698,8,0,8,0.014134926721453667,0
molecola_25698,9,0,9,0.013225559145212173,0
molecola_25698,10,0,10,0.03908996656537056,0
molecola_25698,11,0,11,0.013140030205249786,0
molecola_25698,12,0,12,0.012007837183773518,0
molecola_25698,13,0,13,0.014634554274380207,0
molecola_25698,14,0,14,0.021949630230665207,0
molecola_25698,15,0,15,0.026425622403621674,0
molecola_25698,16,0,16,0.02657793089747429,0
molecola_25698,17,0,17,0.018885720521211624,0
molecola_25698,18,0,18,0.008303039707243443,0
molecola_25698,19,0,19,0.007704981602728367,0
molecola_25698,20,0,20,0.00807437114417553,0
molecola_25698,21,0,21,0.008001964539289474,0
molecola_25698,22,0,22,0.011300619691610336,0
molecola_25698,23,0,23,0.008002085611224174,0
molecola_25698,24,0,24,0.007703680079430342,0
molecola_25698,25,0,25,0.007640470750629902,0
molecola_25698,26,0,26,0.007745188660919666,0
molecola_25698,27,0,27,0.00926724262535572,0
molecola_25698,28,0,28,0.009146607480943203,0
molecola_25698,29,0,29,0.00782126747071743,0
molecola_25698,30,0,30,0.013864574953913689,0
molecola_25698,31,1,31,0.9690799713134766,1
molecola_25698,32,1,32,0.9691138863563538,1
molecola_25698,33,1,33,0.8887497782707214,1
molecola_25698,34,1,34,0.945072591304779,1
molecola_25698,35,0,35,0.81523597240448,1
molecola_25698,36,1,36,0.020371465012431145,0
molecola_25698,37,1,37,0.017341528087854385,0
molecola_25904,1,0,1,0.1032654196023941,0
molecola_25904,2,1,2,0.9472630023956299,1
molecola_25904,3,1,3,0.9524333477020264,1
molecola_25904,4,0,4,0.01940350979566574,0
molecola_25904,5,0,5,0.012475916184484959,0
molecola_25904,6,0,6,0.011075862683355808,0
molecola_25904,7,0,7,0.009555811062455177,0
molecola_25904,8,0,8,0.007811171934008598,0
molecola_25904,9,0,9,0.007748802192509174,0
molecola_25904,10,0,10,0.009048638865351677,0
molecola_25904,11,0,11,0.00859094224870205,0
molecola_25904,12,0,12,0.009067810140550137,0
molecola_25904,13,0,13,0.00859032478183508,0
molecola_25904,14,0,14,0.008061225526034832,0
molecola_25904,15,0,15,0.010070815682411194,0
molecola_25904,16,0,16,0.007776481099426746,0
molecola_25904,17,0,17,0.007643851917237043,0
molecola_25904,18,0,18,0.007643287535756826,0
molecola_25904,19,0,19,0.008197968825697899,0
molecola_25904,20,0,20,0.025203010067343712,0
molecola_26298,1,0,1,0.010734904557466507,0
molecola_26298,2,0,2,0.012362178415060043,0
molecola_26298,3,0,3,0.013195710256695747,0
molecola_26298,4,0,4,0.013212515972554684,0
molecola_26298,5,0,5,0.012676951475441456,0
molecola_26298,6,0,6,0.012491682544350624,0
molecola_26298,7,0,7,0.010412893258035183,0
molecola_26298,8,1,8,0.9579858779907227,1
molecola_26298,9,1,9,0.9494410753250122,1
molecola_26298,10,1,10,0.9681617021560669,1
molecola_26298,11,1,11,0.8862877488136292,1
molecola_26298,12,1,12,0.9645551443099976,1
molecola_26298,13,0,13,0.025612087920308113,0
molecola_26298,14,0,14,0.011351151391863823,0
molecola_26298,15,0,15,0.013883388601243496,0
molecola_26298,16,0,16,0.014709734357893467,0
molecola_26298,17,0,17,0.019694441929459572,0
molecola_26298,18,0,18,0.011885439977049828,0
molecola_26298,19,0,19,0.012826665304601192,0
molecola_26298,20,0,20,0.011658097617328167,0
molecola_26298,21,0,21,0.013729588128626347,0
molecola_26298,22,0,22,0.0121728191152215,0
molecola_26298,23,0,23,0.009746250696480274,0
molecola_26298,24,0,24,0.009746250696480274,0
molecola_26298,25,0,25,0.016197049990296364,0
molecola_26298,26,0,26,0.017145270481705666,0
molecola_26298,27,0,27,0.008593589998781681,0
molecola_26604,1,0,1,0.012892576865851879,0
molecola_26604,2,0,2,0.010950153693556786,0
molecola_26604,3,0,3,0.010601503774523735,0
molecola_26604,4,0,4,0.010924290865659714,0
molecola_26604,5,0,5,0.01105786394327879,0
molecola_26604,6,0,6,0.008485805243253708,0
molecola_26604,7,0,7,0.010134811513125896,0
molecola_26604,8,0,8,0.009036746807396412,0
molecola_26604,9,0,9,0.02465072087943554,0
molecola_26604,10,0,10,0.0253338310867548,0
molecola_26604,11,0,11,0.022949201986193657,0
molecola_26604,12,0,12,0.036331843584775925,0
molecola_26604,13,0,13,0.46202513575553894,0
molecola_26604,14,0,14,0.8837694525718689,1
molecola_26604,15,1,15,0.906313955783844,1
molecola_26604,16,0,16,0.17363685369491577,0
molecola_26604,17,0,17,0.1443440020084381,0
molecola_26604,18,1,18,0.8869168162345886,1
molecola_26604,19,1,19,0.856600821018219,1
molecola_26604,20,0,20,0.027612021192908287,0
molecola_26604,21,0,21,0.018927421420812607,0
molecola_26604,22,0,22,0.009643844328820705,0
molecola_26604,23,0,23,0.01057890523225069,0
molecola_27162,1,0,1,0.01594051532447338,0
molecola_27162,2,0,2,0.01562604308128357,0
molecola_27162,3,0,3,0.018255051225423813,0
molecola_27162,4,0,4,0.008376823738217354,0
molecola_27162,5,0,5,0.010309278033673763,0
molecola_27162,6,0,6,0.023950349539518356,0
molecola_27162,7,0,7,0.010356254875659943,0
molecola_27162,8,0,8,0.018247980624437332,0
molecola_27162,9,0,9,0.01562570594251156,0
molecola_27162,10,0,10,0.01594051532447338,0
molecola_27162,11,0,11,0.020771583542227745,0
molecola_27162,12,0,12,0.02013077773153782,0
molecola_27162,13,0,13,0.02013077773153782,0
molecola_27162,14,0,14,0.07644888013601303,0
molecola_27162,15,0,15,0.03543106094002724,0
molecola_27162,16,0,16,0.011280594393610954,0
molecola_27162,17,0,17,0.008997397497296333,0
molecola_27162,18,0,18,0.017905384302139282,0
molecola_27162,19,0,19,0.027610287070274353,0
molecola_27162,20,1,20,0.9376140832901001,1
molecola_27162,21,0,21,0.02939111925661564,0
molecola_27162,22,0,22,0.015970028936862946,0
molecola_27162,23,0,23,0.012870386242866516,0
molecola_27162,24,0,24,0.024121491238474846,0
molecola_27162,25,1,25,0.8708654642105103,1
molecola_27162,26,0,26,0.0524713434278965,0
molecola_27162,27,0,27,0.009841698221862316,0
molecola_27162,28,0,28,0.008012873120605946,0
molecola_27162,29,0,29,0.007703852374106646,0
molecola_27162,30,0,30,0.007641110103577375,0
molecola_27162,31,0,31,0.007762739900499582,0
molecola_27162,32,0,32,0.01207598578184843,0
molecola_27162,33,0,33,0.007813186384737492,0
molecola_27162,34,0,34,0.03460942208766937,0
molecola_27162,35,0,35,0.016315558925271034,0
molecola_27162,36,0,36,0.01822449453175068,0
molecola_27367,1,0,1,0.00863542128354311,0
molecola_27367,2,0,2,0.009024790488183498,0
molecola_27367,3,0,3,0.009954016655683517,0
molecola_27367,4,0,4,0.008074585348367691,0
molecola_27367,5,0,5,0.00982350017875433,0
molecola_27367,6,0,6,0.009039514698088169,0
molecola_27367,7,0,7,0.010729826986789703,0
molecola_27367,8,0,8,0.007803802844136953,0
molecola_27367,9,0,9,0.00855991244316101,0
molecola_27367,10,0,10,0.012620129622519016,0
molecola_27367,11,0,11,0.01590104028582573,0
molecola_27367,12,0,12,0.822184681892395,1
molecola_27367,13,1,13,0.9685806632041931,1
molecola_27367,14,1,14,0.9575204849243164,1
molecola_27367,15,1,15,0.8493576645851135,1
molecola_27367,16,1,16,0.8415130972862244,1
molecola_27367,17,0,17,0.8415130972862244,1
molecola_27367,18,0,18,0.008955221623182297,0
molecola_27367,19,0,19,0.008387002162635326,0
molecola_27367,20,0,20,0.011683800257742405,0
molecola_27367,21,0,21,0.013201529160141945,0
molecola_27367,22,0,22,0.010672369040548801,0
molecola_27374,1,1,1,0.9386392831802368,1
molecola_27374,2,1,2,0.9432299733161926,1
molecola_27374,3,0,3,0.07022125273942947,0
molecola_27374,4,0,4,0.02469733916223049,0
molecola_27374,5,0,5,0.014318254776299,0
molecola_27374,6,0,6,0.013623295351862907,0
molecola_27374,7,0,7,0.014180063270032406,0
molecola_27374,8,0,8,0.01999002881348133,0
molecola_27374,9,0,9,0.01615798845887184,0
molecola_27374,10,0,10,0.01660061813890934,0
molecola_27374,11,0,11,0.05442541092634201,0
molecola_27374,12,0,12,0.7652083039283752,1
molecola_27374,13,0,13,0.9362033605575562,1
molecola_27374,14,0,14,0.05872081220149994,0
molecola_27374,15,0,15,0.8437579870223999,1
molecola_27374,16,0,16,0.03746030107140541,0
molecola_27385,1,0,1,0.0152771957218647,0
molecola_27385,2,0,2,0.10393913090229034,0
molecola_27385,3,0,3,0.026529377326369286,0
molecola_27385,4,0,4,0.07686824351549149,0
molecola_27385,5,0,5,0.03580692037940025,0
molecola_27385,6,0,6,0.038548920303583145,0
molecola_27385,7,0,7,0.02172284945845604,0
molecola_27385,8,0,8,0.02661794051527977,0
molecola_27385,9,0,9,0.029702680185437202,0
molecola_27385,10,1,10,0.756682276725769,1
molecola_27385,11,1,11,0.8722929954528809,1
molecola_27385,12,1,12,0.7855849266052246,1
molecola_27385,13,0,13,0.06943586468696594,0
molecola_27385,14,0,14,0.06943586468696594,0
molecola_27385,15,0,15,0.05901869758963585,0
molecola_27385,16,0,16,0.026427622884511948,0
molecola_27385,17,0,17,0.016716988757252693,0
molecola_27385,18,0,18,0.02586100995540619,0
molecola_27385,19,0,19,0.016615282744169235,0
molecola_27490,1,0,1,0.00851416401565075,0
molecola_27490,2,0,2,0.008789006620645523,0
molecola_27490,3,0,3,0.007815733551979065,0
molecola_27490,4,0,4,0.008339090272784233,0
molecola_27490,5,0,5,0.009650354273617268,0
molecola_27490,6,0,6,0.008472186513245106,0
molecola_27490,7,0,7,0.010917511768639088,0
molecola_27490,8,0,8,0.011030614376068115,0
molecola_27490,9,0,9,0.010331574827432632,0
molecola_27490,10,0,10,0.010730181820690632,0
molecola_27490,11,0,11,0.011157821863889694,0
molecola_27490,12,0,12,0.010184784419834614,0
molecola_27490,13,0,13,0.010157612152397633,0
molecola_27490,14,0,14,0.021488025784492493,0
molecola_27490,15,0,15,0.012853216379880905,0
molecola_27490,16,0,16,0.020795952528715134,0
molecola_27490,17,0,17,0.01631433516740799,0
molecola_27490,18,0,18,0.02223576232790947,0
molecola_27490,19,0,19,0.016742944717407227,0
molecola_27490,20,0,20,0.023497391492128372,0
molecola_27490,21,0,21,0.01634066365659237,0
molecola_27490,22,0,22,0.8117870688438416,1
molecola_27490,23,1,23,0.9685012698173523,1
molecola_27490,24,1,24,0.9575173258781433,1
molecola_27490,25,1,25,0.8493576645851135,1
molecola_27490,26,1,26,0.8415130972862244,1
molecola_27490,27,0,27,0.8415130972862244,1
molecola_27490,28,0,28,0.010139012709259987,0
molecola_27490,29,0,29,0.007831275463104248,0
molecola_27490,30,0,30,0.008788292296230793,0
molecola_27490,31,0,31,0.00851416401565075,0
molecola_27983,1,0,1,0.8310809135437012,1
molecola_27983,2,0,2,0.9601565003395081,1
molecola_27983,3,0,3,0.842241108417511,1
molecola_27983,4,0,4,0.8310809135437012,1
molecola_27983,5,1,5,0.9718818664550781,1
molecola_27983,6,0,6,0.965493381023407,1
molecola_27983,7,0,7,0.06702475994825363,0
molecola_27983,8,0,8,0.038935840129852295,0
molecola_27983,9,0,9,0.008765343576669693,0
molecola_27983,10,0,10,0.007647281512618065,0
molecola_27983,11,0,11,0.007646217942237854,0
molecola_27983,12,0,12,0.007647281512618065,0
molecola_27983,13,0,13,0.008765343576669693,0
molecola_28177,1,0,1,0.010155574418604374,0
molecola_28177,2,0,2,0.012164152227342129,0
molecola_28177,3,0,3,0.011571226641535759,0
molecola_28177,4,0,4,0.011340581811964512,0
molecola_28177,5,0,5,0.01267935149371624,0
molecola_28177,6,0,6,0.014033126644790173,0
molecola_28177,7,0,7,0.01109024602919817,0
molecola_28177,8,0,8,0.010167373344302177,0
molecola_28177,9,0,9,0.009176474995911121,0
molecola_28177,10,0,10,0.010669641196727753,0
molecola_28177,11,1,11,0.96168452501297,1
molecola_28177,12,1,12,0.9438738226890564,1
molecola_28177,13,1,13,0.9672234654426575,1
molecola_28177,14,1,14,0.8543151617050171,1
molecola_28177,15,1,15,0.9765214323997498,1
molecola_28177,16,0,16,0.029658116400241852,0
molecola_28177,17,0,17,0.014191372320055962,0
molecola_28177,18,0,18,0.01093477476388216,0
molecola_28177,19,0,19,0.029658116400241852,0
molecola_28177,20,0,20,0.014191372320055962,0
molecola_28177,21,0,21,0.01093477476388216,0
molecola_28177,22,0,22,0.010401410982012749,0
molecola_28177,23,0,23,0.007735768333077431,0
molecola_28177,24,0,24,0.009042018093168736,0
molecola_28177,25,0,25,0.013114246539771557,0
molecola_28177,26,0,26,0.012446945533156395,0
molecola_28177,27,0,27,0.01574716530740261,0
molecola_28177,28,0,28,0.04069845378398895,0
molecola_28177,29,0,29,0.022752463817596436,0
molecola_28736,1,0,1,0.01594051532447338,0
molecola_28736,2,0,2,0.015621460042893887,0
molecola_28736,3,0,3,0.017991231754422188,0
molecola_28736,4,0,4,0.008838310837745667,0
molecola_28736,5,0,5,0.017474686726927757,0
molecola_28736,6,0,6,0.008135841228067875,0
molecola_28736,7,0,7,0.007841908372938633,0
molecola_28736,8,0,8,0.010533647611737251,0
molecola_28736,9,0,9,0.009168651886284351,0
molecola_28736,10,0,10,0.009517697617411613,0
molecola_28736,11,0,11,0.008400206454098225,0
molecola_28736,12,0,12,0.01003945991396904,0
molecola_28736,13,0,13,0.008331529796123505,0
molecola_28736,14,0,14,0.0077358088456094265,0
molecola_28736,15,0,15,0.008153367787599564,0
molecola_28736,16,0,16,0.036858197301626205,0
molecola_28736,17,1,17,0.9575161933898926,1
molecola_28736,18,1,18,0.9681074023246765,1
molecola_28736,19,1,19,0.887796938419342,1
molecola_28736,20,1,20,0.9526627659797668,1
molecola_28736,21,1,21,0.9583984613418579,1
molecola_28736,22,0,22,0.015097318217158318,0
molecola_28736,23,0,23,0.01172036211937666,0
molecola_28736,24,0,24,0.01172036211937666,0
molecola_28736,25,0,25,0.015097318217158318,0
molecola_28736,26,0,26,0.008253112435340881,0
molecola_28736,27,0,27,0.008210663683712482,0
molecola_28736,28,0,28,0.7079504132270813,1
molecola_28736,29,0,29,0.025646580383181572,0
molecola_28736,30,0,30,0.6994887590408325,1
molecola_28736,31,0,31,0.024860575795173645,0
molecola_28736,32,0,32,0.020189322531223297,0
molecola_28736,33,0,33,0.020189322531223297,0
molecola_28736,34,0,34,0.023701822385191917,0
molecola_28736,35,0,35,0.010220683179795742,0
molecola_28736,36,0,36,0.007665707729756832,0
molecola_28736,37,0,37,0.007643431890755892,0
molecola_28736,38,0,38,0.007750639691948891,0
molecola_28736,39,0,39,0.01229910645633936,0
molecola_28736,40,0,40,0.008559119887650013,0
molecola_29936,1,0,1,0.010924136266112328,0
molecola_29936,2,0,2,0.015381957404315472,0
molecola_29936,3,0,3,0.04593462124466896,0
molecola_29936,4,0,4,0.02907232567667961,0
molecola_29936,5,0,5,0.07061512768268585,0
molecola_29936,6,0,6,0.010427141562104225,0
molecola_29936,7,0,7,0.008119592443108559,0
molecola_29936,8,0,8,0.017159603536128998,0
molecola_29936,9,0,9,0.008119592443108559,0
molecola_29936,10,0,10,0.010427141562104225,0
molecola_29936,11,0,11,0.04478399455547333,0
molecola_29936,12,0,12,0.02421332150697708,0
molecola_29936,13,0,13,0.020158113911747932,0
molecola_29936,14,0,14,0.011796538718044758,0
molecola_29936,15,0,15,0.011796538718044758,0
molecola_29936,16,0,16,0.8674490451812744,1
molecola_29936,17,0,17,0.04013023525476456,0
molecola_29936,18,0,18,0.9594882130622864,1
molecola_29936,19,1,19,0.9515072703361511,1
molecola_29936,20,1,20,0.9569725394248962,1
molecola_29936,21,0,21,0.2568577826023102,0
molecola_29936,22,0,22,0.010075380094349384,0
molecola_29936,23,0,23,0.00808209739625454,0
molecola_29936,24,0,24,0.016749877482652664,0
molecola_29936,25,0,25,0.06523124128580093,0
molecola_29936,26,0,26,0.02496000938117504,0
molecola_29936,27,0,27,0.057061005383729935,0
molecola_29936,28,0,28,0.022906893864274025,0
molecola_29936,29,0,29,0.012004975229501724,0
molecola_29936,30,0,30,0.020731227472424507,0
molecola_29936,31,0,31,0.017278796061873436,0
molecola_29936,32,0,32,0.009552683681249619,0
molecola_29936,33,0,33,0.009006488136947155,0
molecola_29936,34,0,34,0.010262391529977322,0
molecola_29938,1,1,1,0.9630427360534668,1
molecola_29938,2,1,2,0.9628092050552368,1
molecola_29938,3,1,3,0.8527932167053223,1
molecola_29938,4,1,4,0.9318318963050842,1
molecola_29938,5,1,5,0.9100058078765869,1
molecola_29938,6,0,6,0.013773181475698948,0
molecola_29938,7,0,7,0.022074788808822632,0
molecola_29938,8,0,8,0.013884303160011768,0
molecola_29938,9,0,9,0.008471653796732426,0
molecola_29938,10,0,10,0.011794492602348328,0
molecola_29938,11,0,11,0.013963980600237846,0
molecola_29938,12,0,12,0.014242407865822315,0
molecola_29938,13,0,13,0.007890226319432259,0
molecola_29938,14,0,14,0.007644799537956715,0
molecola_29938,15,0,15,0.007643851917237043,0
molecola_29938,16,0,16,0.007751083467155695,0
molecola_29938,17,0,17,0.009286842308938503,0
molecola_29938,18,0,18,0.008590751327574253,0
molecola_30668,1,0,1,0.012218429706990719,0
molecola_30668,2,0,2,0.02711888775229454,0
molecola_30668,3,1,3,0.7816051840782166,1
molecola_30668,4,1,4,0.7624734044075012,1
molecola_30668,5,0,5,0.06555599719285965,0
molecola_30668,6,0,6,0.022722331807017326,0
molecola_30668,7,0,7,0.07168863713741302,0
molecola_30668,8,0,8,0.012354944832623005,0
molecola_30668,9,0,9,0.009176197461783886,0
molecola_30668,10,0,10,0.010549086146056652,0
molecola_30668,11,0,11,0.01599566824734211,0
molecola_30668,12,0,12,0.04818059504032135,0
molecola_30668,13,0,13,0.024859344586730003,0
molecola_30668,14,0,14,0.04034977778792381,0
molecola_30668,15,0,15,0.019339893013238907,0
molecola_30668,16,0,16,0.008165751583874226,0
molecola_30668,17,0,17,0.007645291741937399,0
molecola_30668,18,0,18,0.008035889826714993,0
molecola_30668,19,0,19,0.011195304803550243,0
molecola_30668,20,0,20,0.008687418885529041,0
molecola_30668,21,0,21,0.010723800398409367,0
molecola_30668,22,0,22,0.01077343337237835,0
molecola_30668,23,0,23,0.01077343337237835,0
molecola_30668,24,0,24,0.01077343337237835,0
molecola_30668,25,0,25,0.008614586666226387,0
molecola_30668,26,0,26,0.00782581977546215,0
molecola_30668,27,0,27,0.008231915533542633,0
molecola_30668,28,0,28,0.011295239441096783,0
molecola_30668,29,0,29,0.012869622558355331,0
molecola_30668,30,0,30,0.008545251563191414,0
molecola_30668,31,0,31,0.007733185309916735,0
molecola_30668,32,0,32,0.007753192447125912,0
molecola_30668,33,0,33,0.009497889317572117,0
molecola_30668,34,0,34,0.007753192447125912,0
molecola_30668,35,0,35,0.007733185309916735,0
molecola_30668,36,0,36,0.010370701551437378,0
molecola_30668,37,0,37,0.011854996904730797,0
molecola_312,1,0,1,0.013317395001649857,0
molecola_312,2,0,2,0.02510802447795868,0
molecola_312,3,0,3,0.013317395001649857,0
molecola_312,4,0,4,0.014366655610501766,0
molecola_312,5,0,5,0.013064401224255562,0
molecola_312,6,0,6,0.01234978437423706,0
molecola_312,7,0,7,0.008475884795188904,0
molecola_312,8,0,8,0.010039218701422215,0
molecola_312,9,0,9,0.008334808982908726,0
molecola_312,10,0,10,0.00773852551355958,0
molecola_312,11,0,11,0.007642737589776516,0
molecola_312,12,0,12,0.010008759796619415,0
molecola_312,13,1,13,0.9582393169403076,1
molecola_312,14,1,14,0.9724472165107727,1
molecola_312,15,1,15,0.9600936770439148,1
molecola_312,16,0,16,0.8419105410575867,1
molecola_312,17,0,17,0.8307169675827026,1
molecola_312,18,1,18,0.8307169675827026,1
molecola_312,19,0,19,0.010876965709030628,0
molecola_31503,1,0,1,0.010978526435792446,0
molecola_31503,2,0,2,0.014513014815747738,0
molecola_31503,3,0,3,0.02845323085784912,0
molecola_31503,4,1,4,0.9669497013092041,1
molecola_31503,5,0,5,0.02845323085784912,0
molecola_31503,6,0,6,0.014513014815747738,0
molecola_31503,7,0,7,0.010978526435792446,0
molecola_31503,8,1,8,0.9490889310836792,1
molecola_31503,9,0,9,0.12286624312400818,0
molecola_31503,10,0,10,0.2042790949344635,0
molecola_31503,11,0,11,0.01844550482928753,0
molecola_31503,12,0,12,0.011479035019874573,0
molecola_31503,13,0,13,0.007771533913910389,0
molecola_31503,14,0,14,0.007698513567447662,0
molecola_31503,15,0,15,0.00800495594739914,0
molecola_31503,16,0,16,0.008515685796737671,0
molecola_31503,17,0,17,0.030429206788539886,0
molecola_31503,18,0,18,0.5648224353790283,1
molecola_31503,19,0,19,0.9452971816062927,1
molecola_31503,20,0,20,0.9125065803527832,1
molecola_31503,21,0,21,0.02608180046081543,0
molecola_31503,22,0,22,0.007999901659786701,0
molecola_31503,23,0,23,0.007702619768679142,0
molecola_31503,24,0,24,0.00937710516154766,0
molecola_31503,25,0,25,0.06672979891300201,0
molecola_31503,26,0,26,0.00937710516154766,0
molecola_31503,27,0,27,0.007702619768679142,0
molecola_31503,28,0,28,0.9300695657730103,1
molecola_31503,29,0,29,0.0856567919254303,0
molecola_31503,30,0,30,0.9630151391029358,1
molecola_31503,31,0,31,0.03207207843661308,0
molecola_31503,32,0,32,0.015788620337843895,0
molecola_31503,33,0,33,0.015788620337843895,0
molecola_31503,34,0,34,0.03207207843661308,0
molecola_31803,1,0,1,0.95867919921875,1
molecola_31803,2,0,2,0.9572228193283081,1
molecola_31803,3,0,3,0.9669128656387329,1
molecola_31803,4,0,4,0.9650842547416687,1
molecola_31803,5,0,5,0.9536617398262024,1
molecola_31803,6,0,6,0.020970936864614487,0
molecola_31803,7,0,7,0.011083773337304592,0
molecola_31803,8,0,8,0.011668480932712555,0
molecola_31803,9,0,9,0.21733462810516357,0
molecola_31803,10,0,10,0.00995229184627533,0
molecola_31803,11,0,11,0.0076430486515164375,0
molecola_31803,12,0,12,0.008222134783864021,0
molecola_31803,13,0,13,0.02597307600080967,0
molecola_31803,14,1,14,0.9500046968460083,1
molecola_31803,15,1,15,0.9568955898284912,1
molecola_31803,16,0,16,0.9568955898284912,1
molecola_31803,17,0,17,0.95867919921875,1
molecola_32905,1,0,1,0.013389893807470798,0
molecola_32905,2,0,2,0.23643279075622559,0
molecola_32905,3,0,3,0.1122974306344986,0
molecola_32905,4,0,4,0.9423971772193909,1
molecola_32905,5,0,5,0.0602274052798748,0
molecola_32905,6,0,6,0.0386611633002758,0
molecola_32905,7,0,7,0.016385747119784355,0
molecola_32905,8,0,8,0.01762302964925766,0
molecola_32905,9,0,9,0.01773579977452755,0
molecola_32905,10,0,10,0.014461934566497803,0
molecola_32905,11,1,11,0.8709987998008728,1
molecola_32905,12,0,12,0.028833648189902306,0
molecola_32905,13,0,13,0.012222977355122566,0
molecola_32905,14,1,14,0.7914250493049622,1
molecola_32905,15,0,15,0.06880934536457062,0
molecola_32905,16,0,16,0.03311760351061821,0
molecola_32905,17,0,17,0.017871012911200523,0
molecola_32905,18,0,18,0.01283576712012291,0
molecola_32905,19,0,19,0.011482076719403267,0
molecola_32905,20,0,20,0.008021770045161247,0
molecola_32905,21,0,21,0.007660946808755398,0
molecola_32905,22,0,22,0.009928920306265354,0
molecola_32905,23,0,23,0.06118933856487274,0
molecola_32905,24,0,24,0.010019717738032341,0
molecola_32905,25,0,25,0.10245895385742188,0
molecola_32905,26,0,26,0.024041756987571716,0
molecola_32905,27,0,27,0.014119593426585197,0
molecola_32905,28,0,28,0.01093477476388216,0
molecola_32905,29,0,29,0.024041756987571716,0
molecola_32905,30,0,30,0.014119593426585197,0
molecola_32905,31,0,31,0.01093477476388216,0
molecola_33939,1,0,1,0.010869856923818588,0
molecola_33939,2,0,2,0.013493286445736885,0
molecola_33939,3,0,3,0.010869856923818588,0
molecola_33939,4,0,4,0.013769004493951797,0
molecola_33939,5,0,5,0.048189759254455566,0
molecola_33939,6,0,6,0.45908012986183167,0
molecola_33939,7,0,7,0.697393000125885,1
molecola_33939,8,0,8,0.06474579125642776,0
molecola_33939,9,0,9,0.06025043874979019,0
molecola_33939,10,0,10,0.013854744844138622,0
molecola_33939,11,0,11,0.012468275614082813,0
molecola_33939,12,0,12,0.02124246582388878,0
molecola_33939,13,0,13,0.4592680037021637,0
molecola_33939,14,0,14,0.040328290313482285,0
molecola_33939,15,0,15,0.24530859291553497,0
molecola_33939,16,0,16,0.8602073788642883,1
molecola_33939,17,0,17,0.07026433944702148,0
molecola_33939,18,0,18,0.9384512305259705,1
molecola_33939,19,0,19,0.031117038801312447,0
molecola_33939,20,0,20,0.015579286962747574,0
molecola_33939,21,0,21,0.014930566772818565,0
molecola_33939,22,0,22,0.06028858572244644,0
molecola_33939,23,1,23,0.9478127360343933,1
molecola_33939,24,0,24,0.14824697375297546,0
molecola_33939,25,1,25,0.9548070430755615,1
molecola_34096,1,0,1,0.8307169675827026,1
molecola_34096,2,1,2,0.9600936770439148,1
molecola_34096,3,0,3,0.8419105410575867,1
molecola_34096,4,0,4,0.8307169675827026,1
molecola_34096,5,1,5,0.9724472165107727,1
molecola_34096,6,1,6,0.9582390785217285,1
molecola_34096,7,0,7,0.010224794037640095,0
molecola_34096,8,0,8,0.008313906379044056,0
molecola_34096,9,0,9,0.009676940739154816,0
molecola_34096,10,0,10,0.008311072364449501,0
molecola_34096,11,0,11,0.00793481059372425,0
molecola_34096,12,0,12,0.015994904562830925,0
molecola_34096,13,0,13,0.01929917186498642,0
molecola_34096,14,0,14,0.021580770611763,0
molecola_34096,15,0,15,0.01929917186498642,0
molecola_34096,16,0,16,0.01599571481347084,0
molecola_34096,17,0,17,0.007905294187366962,0
molecola_34096,18,0,18,0.010830017738044262,0
molecola_34096,19,0,19,0.008058887906372547,0
molecola_34096,20,0,20,0.007704372983425856,0
molecola_34096,21,0,21,0.007642896845936775,0
molecola_34096,22,0,22,0.007643207907676697,0
molecola_34096,23,0,23,0.007736940402537584,0
molecola_34096,24,0,24,0.009161719121038914,0
molecola_34096,25,0,25,0.009013521485030651,0
molecola_34109,1,1,1,0.847228467464447,1
molecola_34109,2,1,2,0.9371024966239929,1
molecola_34109,3,1,3,0.9679450988769531,1
molecola_34109,4,1,4,0.8204165101051331,1
molecola_34109,5,1,5,0.979421854019165,1
molecola_34109,6,0,6,0.030878476798534393,0
molecola_34109,7,0,7,0.018750417977571487,0
molecola_34109,8,0,8,0.040416039526462555,0
molecola_34109,9,0,9,0.016278499737381935,0
molecola_34109,10,0,10,0.012833192944526672,0
molecola_34109,11,0,11,0.007951260544359684,0
molecola_34109,12,0,12,0.007643323857337236,0
molecola_34109,13,0,13,0.008082196116447449,0
molecola_34109,14,0,14,0.022557370364665985,0
molecola_34109,15,0,15,0.3827829957008362,0
molecola_34109,16,0,16,0.9056930541992188,1
molecola_34109,17,0,17,0.24552519619464874,0
molecola_34109,18,0,18,0.4888468384742737,0
molecola_34109,19,0,19,0.02574070170521736,0
molecola_34109,20,0,20,0.008153749629855156,0
molecola_34109,21,0,21,0.007745979819446802,0
molecola_34109,22,0,22,0.00890063401311636,0
molecola_34109,23,0,23,0.008618839085102081,0
molecola_34109,24,0,24,0.009912939742207527,0
molecola_34109,25,0,25,0.008357979357242584,0
molecola_34109,26,0,26,0.010011878795921803,0
molecola_34109,27,0,27,0.008928675204515457,0
molecola_34109,28,0,28,0.018750417977571487,0
molecola_34109,29,0,29,0.030878476798534393,0
molecola_35417,1,0,1,0.027080493047833443,0
molecola_35417,2,1,2,0.9368128180503845,1
molecola_35417,3,0,3,0.026038018986582756,0
molecola_35417,4,0,4,0.029749726876616478,0
molecola_35417,5,0,5,0.0299223680049181,0
molecola_35417,6,0,6,0.06178998202085495,0
molecola_35417,7,0,7,0.013761968351900578,0
molecola_35417,8,0,8,0.0131958844140172,0
molecola_35417,9,0,9,0.010727640241384506,0
molecola_35417,10,0,10,0.008199802599847317,0
molecola_35417,11,0,11,0.01008180808275938,0
molecola_35417,12,0,12,0.010844642296433449,0
molecola_35417,13,0,13,0.008043237030506134,0
molecola_35417,14,0,14,0.007810126058757305,0
molecola_35417,15,0,15,0.009267278015613556,0
molecola_35417,16,0,16,0.009146062657237053,0
molecola_35417,17,0,17,0.008244522847235203,0
molecola_35417,18,0,18,0.01776309311389923,0
molecola_35417,19,0,19,0.03775575011968613,0
molecola_35417,20,0,20,0.046997711062431335,0
molecola_35417,21,0,21,0.024859333410859108,0
molecola_35417,22,0,22,0.016682036221027374,0
molecola_35417,23,0,23,0.008079134859144688,0
molecola_35417,24,0,24,0.007764553651213646,0
molecola_35417,25,0,25,0.009401552379131317,0
molecola_35417,26,0,26,0.007931170053780079,0
molecola_35417,27,0,27,0.009545683860778809,0
molecola_35417,28,0,28,0.009006488136947155,0
molecola_35417,29,0,29,0.011980843730270863,0
molecola_35417,30,0,30,0.011249922215938568,0
molecola_35417,31,0,31,0.011249922215938568,0
molecola_35417,32,0,32,0.009582601487636566,0
molecola_35417,33,0,33,0.00845212209969759,0
molecola_35417,34,1,34,0.9261572360992432,1
molecola_35417,35,0,35,0.10090721398591995,0
molecola_35417,36,0,36,0.08587975054979324,0
molecola_35417,37,0,37,0.019550301134586334,0
molecola_36229,1,0,1,0.012458503246307373,0
molecola_36229,2,0,2,0.04321301355957985,0
molecola_36229,3,0,3,0.012303167954087257,0
molecola_36229,4,0,4,0.010243824683129787,0
molecola_36229,5,0,5,0.011140336282551289,0
molecola_36229,6,0,6,0.007885203696787357,0
molecola_36229,7,0,7,0.009268214926123619,0
molecola_36229,8,0,8,0.009146607480943203,0
molecola_36229,9,0,9,0.007757643703371286,0
molecola_36229,10,0,10,0.009529945440590382,0
molecola_36229,11,0,11,0.053003404289484024,0
molecola_36229,12,1,12,0.9327060580253601,1
molecola_36229,13,1,13,0.8385846614837646,1
molecola_36229,14,0,14,0.07446637004613876,0
molecola_36229,15,0,15,0.04715925455093384,0
molecola_36229,16,0,16,0.03025510534644127,0
molecola_36229,17,0,17,0.06615132838487625,0
molecola_36229,18,0,18,0.010124322026968002,0
molecola_36229,19,0,19,0.007641971111297607,0
molecola_36229,20,0,20,0.007706739474087954,0
molecola_36229,21,0,21,0.008079605177044868,0
molecola_36229,22,0,22,0.00801859050989151,0
molecola_36229,23,0,23,0.010120968334376812,0
molecola_36229,24,0,24,0.008029384538531303,0
molecola_36229,25,0,25,0.007806268986314535,0
molecola_36229,26,0,26,0.011129719205200672,0
molecola_36299,1,0,1,0.010734904557466507,0
molecola_36299,2,0,2,0.012456726282835007,0
molecola_36299,3,0,3,0.01585601270198822,0
molecola_36299,4,0,4,0.8157640695571899,1
molecola_36299,5,0,5,0.9453933238983154,1
molecola_36299,6,0,6,0.9691453576087952,1
molecola_36299,7,0,7,0.8895151019096375,1
molecola_36299,8,0,8,0.9611239433288574,1
molecola_36299,9,0,9,0.07525099813938141,0
molecola_36299,10,0,10,0.02509203366935253,0
molecola_36299,11,0,11,0.3383612632751465,0
molecola_36299,12,0,12,0.4764154553413391,0
molecola_36299,13,0,13,0.0384606197476387,0
molecola_36299,14,0,14,0.02218163199722767,0
molecola_36299,15,0,15,0.6414804458618164,1
molecola_36299,16,0,16,0.026012958958745003,0
molecola_36299,17,0,17,0.9661501049995422,1
molecola_36299,18,0,18,0.9742950201034546,1
molecola_36299,19,0,19,0.7866923213005066,1
molecola_36299,20,0,20,0.04007910192012787,0
molecola_36299,21,0,21,0.008790801279246807,0
molecola_36299,22,0,22,0.010081935673952103,0
molecola_36299,23,0,23,0.24961869418621063,0
molecola_36299,24,0,24,0.010081935673952103,0
molecola_36299,25,0,25,0.008790801279246807,0
molecola_36299,26,1,26,0.9500183463096619,1
molecola_36299,27,1,27,0.956904411315918,1
molecola_36299,28,0,28,0.956904411315918,1
molecola_36299,29,0,29,0.1233028993010521,0
molecola_36299,30,0,30,0.03951207920908928,0
molecola_36299,31,0,31,0.03951207920908928,0
molecola_37264,1,0,1,0.013389893807470798,0
molecola_37264,2,1,2,0.8904532194137573,1
molecola_37264,3,1,3,0.9500234127044678,1
molecola_37264,4,1,4,0.9689911603927612,1
molecola_37264,5,1,5,0.8892958760261536,1
molecola_37264,6,1,6,0.953920841217041,1
molecola_37264,7,0,7,0.031757619231939316,0
molecola_37264,8,0,8,0.008069946430623531,0
molecola_37264,9,0,9,0.008185849525034428,0
molecola_37264,10,0,10,0.01622854545712471,0
molecola_37264,11,0,11,0.02354741282761097,0
molecola_37264,12,0,12,0.01376449316740036,0
molecola_37264,13,0,13,0.011193832382559776,0
molecola_37264,14,0,14,0.007962447591125965,0
molecola_37264,15,0,15,0.007746617775410414,0
molecola_37264,16,0,16,0.009266480803489685,0
molecola_37264,17,0,17,0.009147160686552525,0
molecola_37264,18,0,18,0.007746617775410414,0
molecola_37264,19,0,19,0.007962447591125965,0
molecola_37264,20,0,20,0.011488361284136772,0
molecola_37264,21,0,21,0.011861344799399376,0
molecola_37264,22,0,22,0.013178589753806591,0
molecola_37707,1,0,1,0.01095112506300211,0
molecola_37707,2,0,2,0.01625329628586769,0
molecola_37707,3,0,3,0.01095112506300211,0
molecola_37707,4,0,4,0.02121277153491974,0
molecola_37707,5,0,5,0.014302671886980534,0
molecola_37707,6,0,6,0.007924322038888931,0
molecola_37707,7,0,7,0.007716189604252577,0
molecola_37707,8,0,8,0.0080394446849823,0
molecola_37707,9,0,9,0.011131367646157742,0
molecola_37707,10,0,10,0.019928354769945145,0
molecola_37707,11,0,11,0.077243372797966,0
molecola_37707,12,0,12,0.025922778993844986,0
molecola_37707,13,0,13,0.03144046664237976,0
molecola_37707,14,1,14,0.9620862603187561,1
molecola_37707,15,0,15,0.03144046664237976,0
molecola_37707,16,0,16,0.025922778993844986,0
molecola_37707,17,1,17,0.9297151565551758,1
molecola_37707,18,0,18,0.08551209419965744,0
molecola_37707,19,0,19,0.05197479575872421,0
molecola_37707,20,0,20,0.009298202581703663,0
molecola_37707,21,0,21,0.008032971061766148,0
molecola_37707,22,0,22,0.008537418209016323,0
molecola_37707,23,0,23,0.036846283823251724,0
molecola_37707,24,0,24,0.07428418099880219,0
molecola_37707,25,0,25,0.02148899808526039,0
molecola_37707,26,0,26,0.02106667123734951,0
molecola_37707,27,0,27,0.02106667123734951,0
molecola_37707,28,0,28,0.014047952368855476,0
molecola_37707,29,0,29,0.00844874233007431,0
molecola_37707,30,0,30,0.007735626306384802,0
molecola_37707,31,0,31,0.008337401784956455,0
molecola_37707,32,0,32,0.012839779257774353,0
molecola_37709,1,0,1,0.01722882129251957,0
molecola_37709,2,0,2,0.024748843163251877,0
molecola_37709,3,0,3,0.013748008757829666,0
molecola_37709,4,0,4,0.019302962347865105,0
molecola_37709,5,0,5,0.3366941213607788,0
molecola_37709,6,0,6,0.03774541616439819,0
molecola_37709,7,0,7,0.23854036629199982,0
molecola_37709,8,0,8,0.03403779864311218,0
molecola_37709,9,0,9,0.019899876788258553,0
molecola_37709,10,0,10,0.02012781985104084,0
molecola_37709,11,0,11,0.031403686851263046,0
molecola_37709,12,0,12,0.8813670873641968,1
molecola_37709,13,0,13,0.07412677258253098,0
molecola_37709,14,0,14,0.9497278332710266,1
molecola_37709,15,0,15,0.03270985186100006,0
molecola_37709,16,1,16,0.9419780969619751,1
molecola_37709,17,1,17,0.9460944533348083,1
molecola_37709,18,0,18,0.09848085790872574,0
molecola_37709,19,0,19,0.03270985186100006,0
molecola_37709,20,0,20,0.5819984078407288,1
molecola_37709,21,0,21,0.040318235754966736,0
molecola_37709,22,0,22,0.46037065982818604,0
molecola_37709,23,0,23,0.03300434350967407,0
molecola_37709,24,0,24,0.22158221900463104,0
molecola_37709,25,0,25,0.0419953353703022,0
molecola_37709,26,0,26,0.0419953353703022,0
molecola_37709,27,0,27,0.12517572939395905,0
molecola_37709,28,0,28,0.039517417550086975,0
molecola_37709,29,0,29,0.039517417550086975,0
molecola_38554,1,0,1,0.01317199319601059,0
molecola_38554,2,0,2,0.030956590548157692,0
molecola_38554,3,0,3,0.016484742984175682,0
molecola_38554,4,0,4,0.018078453838825226,0
molecola_38554,5,0,5,0.043480727821588516,0
molecola_38554,6,0,6,0.028502346947789192,0
molecola_38554,7,1,7,0.7828737497329712,1
molecola_38554,8,0,8,0.07318279892206192,0
molecola_38554,9,1,9,0.9101542830467224,1
molecola_38554,10,0,10,0.045869387686252594,0
molecola_38554,11,0,11,0.009408376179635525,0
molecola_38554,12,0,12,0.007657879963517189,0
molecola_38554,13,0,13,0.007643287535756826,0
molecola_38554,14,0,14,0.007852823473513126,0
molecola_38554,15,0,15,0.016411351040005684,0
molecola_38554,16,0,16,0.0510096549987793,0
molecola_38554,17,0,17,0.026377080008387566,0
molecola_38554,18,0,18,0.03656364604830742,0
molecola_38554,19,0,19,0.0162749495357275,0
molecola_38554,20,0,20,0.008169228211045265,0
molecola_38554,21,0,21,0.007718730717897415,0
molecola_38554,22,0,22,0.0080394446849823,0
molecola_38554,23,0,23,0.012669500894844532,0
molecola_38554,24,0,24,0.039454590529203415,0
molecola_38554,25,0,25,0.018078453838825226,0
molecola_38554,26,0,26,0.016484742984175682,0
molecola_38760,1,0,1,0.010734904557466507,0
molecola_38760,2,0,2,0.012362178415060043,0
molecola_38760,3,0,3,0.013284296728670597,0
molecola_38760,4,0,4,0.013667970895767212,0
molecola_38760,5,0,5,0.013644888065755367,0
molecola_38760,6,0,6,0.01364587526768446,0
molecola_38760,7,0,7,0.014792258851230145,0
molecola_38760,8,0,8,0.011099626310169697,0
molecola_38760,9,0,9,0.01015053316950798,0
molecola_38760,10,0,10,0.009181192144751549,0
molecola_38760,11,0,11,0.007833754643797874,0
molecola_38760,12,0,12,0.009054776281118393,0
molecola_38760,13,0,13,0.007742711808532476,0
molecola_38760,14,0,14,0.007732446305453777,0
molecola_38760,15,0,15,0.00909770093858242,0
molecola_38760,16,0,16,0.01059283409267664,0
molecola_38760,17,0,17,0.012253145687282085,0
molecola_38760,18,0,18,0.011162946000695229,0
molecola_38760,19,0,19,0.011595208197832108,0
molecola_38760,20,0,20,0.01324704010039568,0
molecola_38760,21,0,21,0.015933090820908546,0
molecola_38760,22,0,22,0.8353869318962097,1
molecola_38760,23,1,23,0.9685055613517761,1
molecola_38760,24,1,24,0.9575179815292358,1
molecola_38760,25,1,25,0.8493576645851135,1
molecola_38760,26,1,26,0.8415130972862244,1
molecola_38760,27,0,27,0.8415130972862244,1
molecola_38760,28,0,28,0.011637100949883461,0
molecola_40205,1,0,1,0.008601580746471882,0
molecola_40205,2,0,2,0.008929223753511906,0
molecola_40205,3,0,3,0.010886476375162601,0
molecola_40205,4,0,4,0.0881030261516571,0
molecola_40205,5,0,5,0.031321506947278976,0
molecola_40205,6,0,6,0.038185786455869675,0
molecola_40205,7,0,7,0.014183089137077332,0
molecola_40205,8,0,8,0.05896767973899841,0
molecola_40205,9,0,9,0.4113560616970062,0
molecola_40205,10,0,10,0.9725593328475952,1
molecola_40205,11,1,11,0.9537906646728516,1
molecola_40205,12,1,12,0.9577007293701172,1
molecola_40205,13,0,13,0.9577007293701172,1
molecola_40205,14,0,14,0.011842954903841019,0
molecola_40205,15,0,15,0.011842954903841019,0
molecola_40205,16,0,16,0.011228307150304317,0
molecola_40205,17,0,17,0.9529973864555359,1
molecola_40205,18,0,18,0.4579392373561859,0
molecola_40205,19,0,19,0.44096630811691284,0
molecola_40205,20,0,20,0.02916525863111019,0
molecola_40205,21,0,21,0.02916525863111019,0
molecola_40205,22,0,22,0.03940710052847862,0
molecola_40205,23,0,23,0.010550972074270248,0
molecola_40205,24,0,24,0.007665707729756832,0
molecola_40205,25,0,25,0.007665707729756832,0
molecola_40205,26,0,26,0.009646855294704437,0
molecola_40205,27,0,27,0.02397727221250534,0
molecola_40205,28,0,28,0.021279098466038704,0
molecola_40205,29,0,29,0.01982339844107628,0
molecola_40205,30,0,30,0.01982339844107628,0
molecola_40205,31,0,31,0.013493920676410198,0
molecola_40205,32,0,32,0.010695327073335648,0
molecola_40363,1,0,1,0.10525532066822052,0
molecola_40363,2,1,2,0.954628050327301,1
molecola_40363,3,1,3,0.9346261620521545,1
molecola_40363,4,0,4,0.02085076831281185,0
molecola_40363,5,0,5,0.013348972424864769,0
molecola_40363,6,0,6,0.027648188173770905,0
molecola_40363,7,0,7,0.5347238183021545,1
molecola_40363,8,0,8,0.012901525013148785,0
molecola_40363,9,0,9,0.007894986309111118,0
molecola_40363,10,0,10,0.00771886995062232,0
molecola_40363,11,0,11,0.00802933145314455,0
molecola_40363,12,0,12,0.010128436610102654,0
molecola_40363,13,0,13,0.00813829991966486,0
molecola_40912,1,1,1,0.8574461936950684,1
molecola_40912,2,1,2,0.9453097581863403,1
molecola_40912,3,1,3,0.9675237536430359,1
molecola_40912,4,1,4,0.8846215605735779,1
molecola_40912,5,1,5,0.9577900767326355,1
molecola_40912,6,0,6,0.03231099247932434,0
molecola_40912,7,0,7,0.010988466441631317,0
molecola_40912,8,0,8,0.008370029740035534,0
molecola_40912,9,0,9,0.008594370447099209,0
molecola_40912,10,0,10,0.013294844888150692,0
molecola_40912,11,0,11,0.008452042005956173,0
molecola_40912,12,0,12,0.007754891645163298,0
molecola_40912,13,0,13,0.008339626714587212,0
molecola_40912,14,0,14,0.011154990643262863,0
molecola_40912,15,0,15,0.020228056237101555,0
molecola_40912,16,0,16,0.016302989795804024,0
molecola_40912,17,0,17,0.013303886167705059,0
molecola_40912,18,0,18,0.008461426943540573,0
molecola_40912,19,0,19,0.007659852039068937,0
molecola_40912,20,0,20,0.007646217942237854,0
molecola_40912,21,0,21,0.007659852039068937,0
molecola_40912,22,0,22,0.008461426943540573,0
molecola_4097,1,0,1,0.00860249251127243,0
molecola_4097,2,0,2,0.008839201182126999,0
molecola_4097,3,0,3,0.007740642409771681,0
molecola_4097,4,0,4,0.008030984550714493,0
molecola_4097,5,0,5,0.012488042004406452,0
molecola_4097,6,0,6,0.012663858942687511,0
molecola_4097,7,0,7,0.013451192528009415,0
molecola_4097,8,0,8,0.018233224749565125,0
molecola_4097,9,0,9,0.058817826211452484,0
molecola_4097,10,0,10,0.029746927320957184,0
molecola_4097,11,0,11,0.01985831931233406,0
molecola_4097,12,0,12,0.00829317420721054,0
molecola_4097,13,0,13,0.00794048048555851,0
molecola_4097,14,0,14,0.01220844779163599,0
molecola_4097,15,0,15,0.012819415889680386,0
molecola_4097,16,0,16,0.013579793274402618,0
molecola_4097,17,0,17,0.013051324523985386,0
molecola_4097,18,0,18,0.011458838358521461,0
molecola_4097,19,0,19,0.020567188039422035,0
molecola_4097,20,0,20,0.8382177352905273,1
molecola_4097,21,1,21,0.9684225916862488,1
molecola_4097,22,1,22,0.9575064778327942,1
molecola_4097,23,1,23,0.8493576645851135,1
molecola_4097,24,1,24,0.8415130972862244,1
molecola_4097,25,0,25,0.8415130972862244,1
molecola_4097,26,0,26,0.015708692371845245,0
molecola_4097,27,0,27,0.009356898255646229,0
molecola_4097,28,0,28,0.008030984550714493,0
molecola_4097,29,0,29,0.007740642409771681,0
molecola_41053,1,0,1,0.025612087920308113,0
molecola_41053,2,1,2,0.9645551443099976,1
molecola_41053,3,1,3,0.9681535363197327,1
molecola_41053,4,1,4,0.8862877488136292,1
molecola_41053,5,1,5,0.949907660484314,1
molecola_41053,6,1,6,0.9631853103637695,1
molecola_41053,7,0,7,0.010706159286201,0
molecola_41053,8,0,8,0.009185644797980785,0
molecola_41053,9,0,9,0.008520720526576042,0
molecola_41053,10,0,10,0.01304452121257782,0
molecola_41053,11,0,11,0.009185644797980785,0
molecola_41053,12,0,12,0.008520720526576042,0
molecola_41053,13,0,13,0.010706159286201,0
molecola_41053,14,0,14,0.02461419813334942,0
molecola_41053,15,0,15,0.017773479223251343,0
molecola_41053,16,0,16,0.01327025331556797,0
molecola_41385,1,0,1,0.025790758430957794,0
molecola_41385,2,1,2,0.9285887479782104,1
molecola_41385,3,1,3,0.8842183947563171,1
molecola_41385,4,0,4,0.026090921834111214,0
molecola_41385,5,0,5,0.01469750702381134,0
molecola_41385,6,0,6,0.7325326204299927,1
molecola_41385,7,0,7,0.019214771687984467,0
molecola_41385,8,0,8,0.01124358456581831,0
molecola_41385,9,0,9,0.007962115108966827,0
molecola_41385,10,0,10,0.007764833047986031,0
molecola_41385,11,0,11,0.009088682942092419,0
molecola_41385,12,0,12,0.008653933182358742,0
molecola_41385,13,0,13,0.009960164315998554,0
molecola_41385,14,0,14,0.008115783333778381,0
molecola_41437,1,0,1,0.017664946615695953,0
molecola_41437,2,0,2,0.018292920663952827,0
molecola_41437,3,0,3,0.02221340499818325,0
molecola_41437,4,0,4,0.24738261103630066,0
molecola_41437,5,0,5,0.39702561497688293,0
molecola_41437,6,0,6,0.03779987990856171,0
molecola_41437,7,0,7,0.020916832610964775,0
molecola_41437,8,0,8,0.014358366839587688,0
molecola_41437,9,0,9,0.008076281286776066,0
molecola_41437,10,0,10,0.0076753185130655766,0
molecola_41437,11,0,11,0.00787575263530016,0
molecola_41437,12,0,12,0.008775458671152592,0
molecola_41437,13,0,13,0.03953609988093376,0
molecola_41437,14,0,14,0.016102822497487068,0
molecola_41437,15,0,15,0.016510995104908943,0
molecola_41437,16,0,16,0.036762308329343796,0
molecola_41437,17,0,17,0.32924512028694153,0
molecola_41437,18,0,18,0.7726415395736694,1
molecola_41437,19,0,19,0.5676271915435791,1
molecola_41437,20,0,20,0.03691389784216881,0
molecola_41437,21,0,21,0.4408726394176483,0
molecola_41437,22,0,22,0.050505321472883224,0
molecola_41437,23,0,23,0.050505321472883224,0
molecola_41437,24,1,24,0.8878454566001892,1
molecola_41437,25,1,25,0.9348717331886292,1
molecola_41437,26,1,26,0.9655944108963013,1
molecola_41437,27,1,27,0.8618142008781433,1
molecola_41437,28,1,28,0.9631401896476746,1
molecola_41880,1,0,1,0.016686752438545227,0
molecola_41880,2,0,2,0.026875516399741173,0
molecola_41880,3,0,3,0.02601083181798458,0
molecola_41880,4,0,4,0.018934473395347595,0
molecola_41880,5,0,5,0.025272272527217865,0
molecola_41880,6,0,6,0.022513438016176224,0
molecola_41880,7,0,7,0.03504284471273422,0
molecola_41880,8,1,8,0.8680726885795593,1
molecola_41880,9,1,9,0.9685015082359314,1
molecola_41880,10,1,10,0.9575214385986328,1
molecola_41880,11,0,11,0.8493576645851135,1
molecola_41880,12,0,12,0.8415130972862244,1
molecola_41880,13,1,13,0.8415130972862244,1
molecola_41880,14,0,14,0.023317821323871613,0
molecola_41880,15,0,15,0.012547525577247143,0
molecola_41880,16,0,16,0.008241767063736916,0
molecola_41880,17,0,17,0.00830530934035778,0
molecola_41880,18,0,18,0.010930938646197319,0
molecola_41880,19,0,19,0.011057570576667786,0
molecola_41880,20,0,20,0.010352306067943573,0
molecola_41880,21,0,21,0.008192507550120354,0
molecola_41880,22,0,22,0.010217596776783466,0
molecola_41880,23,0,23,0.009627698920667171,0
molecola_41970,1,0,1,0.02305184304714203,0
molecola_41970,2,0,2,0.947759211063385,1
molecola_41970,3,0,3,0.9656071662902832,1
molecola_41970,4,0,4,0.9653419256210327,1
molecola_41970,5,0,5,0.9516476988792419,1
molecola_41970,6,0,6,0.9575842022895813,1
molecola_41970,7,0,7,0.9575842022895813,1
molecola_41970,8,0,8,0.05084608495235443,0
molecola_41970,9,0,9,0.009218459017574787,0
molecola_41970,10,0,10,0.008165325969457626,0
molecola_41970,11,0,11,0.02575667016208172,0
molecola_41970,12,0,12,0.5050449967384338,1
molecola_41970,13,0,13,0.9557667374610901,1
molecola_41970,14,0,14,0.25678014755249023,0
molecola_41970,15,1,15,0.9620353579521179,1
molecola_41970,16,1,16,0.9616297483444214,1
molecola_41970,17,0,17,0.02729330211877823,0
molecola_41970,18,0,18,0.024739934131503105,0
molecola_41970,19,0,19,0.05125739052891731,0
molecola_41970,20,0,20,0.04015947878360748,0
molecola_41970,21,0,21,0.01443845871835947,0
molecola_41970,22,0,22,0.008362940512597561,0
molecola_41970,23,0,23,0.007704099174588919,0
molecola_41970,24,0,24,0.007642896845936775,0
molecola_41970,25,0,25,0.007643562741577625,0
molecola_41970,26,0,26,0.007724562659859657,0
molecola_41970,27,0,27,0.008311107754707336,0
molecola_41970,28,0,28,0.00968092679977417,0
molecola_41970,29,0,29,0.008311107754707336,0
molecola_41970,30,0,30,0.007724562659859657,0
molecola_41970,31,0,31,0.007643562741577625,0
molecola_41970,32,0,32,0.007642896845936775,0
molecola_41970,33,0,33,0.007704099174588919,0
molecola_41970,34,0,34,0.008362940512597561,0
molecola_41970,35,0,35,0.024739934131503105,0
molecola_41970,36,0,36,0.02729330211877823,0
molecola_41970,37,0,37,0.008165325969457626,0
molecola_41970,38,0,38,0.009218459017574787,0
molecola_42674,1,0,1,0.8574461936950684,1
molecola_42674,2,0,2,0.944916307926178,1
molecola_42674,3,0,3,0.9668151140213013,1
molecola_42674,4,0,4,0.8847559094429016,1
molecola_42674,5,0,5,0.9705052971839905,1
molecola_42674,6,1,6,0.9696416258811951,1
molecola_42674,7,1,7,0.9197894930839539,1
molecola_42674,8,0,8,0.04335373640060425,0
molecola_42674,9,0,9,0.008669942617416382,0
molecola_42674,10,0,10,0.012598976492881775,0
molecola_42674,11,0,11,0.010696714743971825,0
molecola_42674,12,0,12,0.007948282174766064,0
molecola_42674,13,0,13,0.007698502857238054,0
molecola_42674,14,0,14,0.007642990443855524,0
molecola_42674,15,0,15,0.007642990443855524,0
molecola_42674,16,0,16,0.007698492147028446,0
molecola_42674,17,0,17,0.00794404186308384,0
molecola_42674,18,0,18,0.01341284904628992,0
molecola_42674,19,0,19,0.010580467991530895,0
molecola_43000,1,0,1,0.009936404414474964,0
molecola_43000,2,0,2,0.013506482355296612,0
molecola_43000,3,0,3,0.009936404414474964,0
molecola_43000,4,0,4,0.01654854230582714,0
molecola_43000,5,0,5,0.017242833971977234,0
molecola_43000,6,0,6,0.008037813007831573,0
molecola_43000,7,0,7,0.007641855161637068,0
molecola_43000,8,0,8,0.010058083571493626,0
molecola_43000,9,1,9,0.9579712152481079,1
molecola_43000,10,1,10,0.9491398334503174,1
molecola_43000,11,1,11,0.9680799245834351,1
molecola_43000,12,1,12,0.8854286670684814,1
molecola_43000,13,1,13,0.97055983543396,1
molecola_43000,14,0,14,0.11966372281312943,0
molecola_43000,15,0,15,0.01965840347111225,0
molecola_43000,16,0,16,0.01727656088769436,0
molecola_43000,17,0,17,0.01644928753376007,0
molecola_43064,1,0,1,0.013732900843024254,0
molecola_43064,2,0,2,0.6377547979354858,1
molecola_43064,3,0,3,0.8955184817314148,1
molecola_43064,4,0,4,0.8065831065177917,1
molecola_43064,5,0,5,0.20581629872322083,0
molecola_43064,6,0,6,0.08913124352693558,0
molecola_43064,7,1,7,0.9227630496025085,1
molecola_43064,8,0,8,0.9252890944480896,1
molecola_43064,9,0,9,0.00984097272157669,0
molecola_43064,10,0,10,0.007759971544146538,0
molecola_43064,11,0,11,0.009577728807926178,0
molecola_43064,12,0,12,0.009264502674341202,0
molecola_43064,13,0,13,0.008023705333471298,0
molecola_43064,14,0,14,0.01194009743630886,0
molecola_43064,15,0,15,0.008590608835220337,0
molecola_43996,1,0,1,0.01594051532447338,0
molecola_43996,2,0,2,0.01562570594251156,0
molecola_43996,3,0,3,0.01826389878988266,0
molecola_43996,4,0,4,0.008633233606815338,0
molecola_43996,5,0,5,0.00842929445207119,0
molecola_43996,6,0,6,0.011078385636210442,0
molecola_43996,7,0,7,0.019523661583662033,0
molecola_43996,8,0,8,0.011426238343119621,0
molecola_43996,9,0,9,0.01155028585344553,0
molecola_43996,10,0,10,0.013164588250219822,0
molecola_43996,11,0,11,0.008491769433021545,0
molecola_43996,12,0,12,0.008646287024021149,0
molecola_43996,13,0,13,0.018264103680849075,0
molecola_43996,14,0,14,0.01562570594251156,0
molecola_43996,15,0,15,0.01594051532447338,0
molecola_43996,16,0,16,0.07743363082408905,0
molecola_43996,17,0,17,0.02592482417821884,0
molecola_43996,18,0,18,0.0320492647588253,0
molecola_43996,19,1,19,0.9756155610084534,1
molecola_43996,20,0,20,0.0320492647588253,0
molecola_43996,21,0,21,0.02592482417821884,0
molecola_43996,22,1,22,0.951328694820404,1
molecola_43996,23,0,23,0.20769478380680084,0
molecola_43996,24,0,24,0.10227887332439423,0
molecola_43996,25,0,25,0.014525323174893856,0
molecola_43996,26,0,26,0.013934649527072906,0
molecola_43996,27,0,27,0.023117568343877792,0
molecola_43996,28,0,28,0.024513712152838707,0
molecola_4424,1,0,1,0.013389893807470798,0
molecola_4424,2,1,2,0.8823481202125549,1
molecola_4424,3,1,3,0.9428510665893555,1
molecola_4424,4,1,4,0.9686973094940186,1
molecola_4424,5,1,5,0.8357139229774475,1
molecola_4424,6,1,6,0.9794884920120239,1
molecola_4424,7,0,7,0.032475803047418594,0
molecola_4424,8,0,8,0.032475803047418594,0
molecola_4424,9,0,9,0.9792945981025696,1
molecola_4424,10,0,10,0.032475803047418594,0
molecola_4424,11,0,11,0.032475803047418594,0
molecola_4424,12,0,12,0.9673677682876587,1
molecola_4424,13,0,13,0.8329053521156311,1
molecola_4424,14,0,14,0.9448316097259521,1
molecola_4424,15,0,15,0.9371513724327087,1
molecola_4424,16,0,16,0.5878003239631653,1
molecola_4424,17,0,17,0.38137683272361755,0
molecola_4424,18,0,18,0.03862917423248291,0
molecola_4424,19,0,19,0.02497885189950466,0
molecola_4424,20,0,20,0.011138245463371277,0
molecola_4424,21,0,21,0.0080608781427145,0
molecola_4424,22,0,22,0.008059902116656303,0
molecola_4424,23,0,23,0.010292763821780682,0
molecola_4424,24,0,24,0.015083923935890198,0
molecola_4424,25,0,25,0.024125196039676666,0
molecola_4424,26,0,26,0.008793128654360771,0
molecola_4424,27,0,27,0.007775756064802408,0
molecola_4424,28,0,28,0.009097998030483723,0
molecola_4424,29,0,29,0.008660349994897842,0
molecola_4424,30,0,30,0.008076292462646961,0
molecola_4424,31,0,31,0.011970208957791328,0
molecola_45156,1,0,1,0.008514877408742905,0
molecola_45156,2,0,2,0.008788528852164745,0
molecola_45156,3,0,3,0.007732555735856295,0
molecola_45156,4,0,4,0.007640293333679438,0
molecola_45156,5,0,5,0.007703231647610664,0
molecola_45156,6,0,6,0.008145567029714584,0
molecola_45156,7,0,7,0.011386485770344734,0
molecola_45156,8,0,8,0.01798192225396633,0
molecola_45156,9,0,9,0.01665925793349743,0
molecola_45156,10,0,10,0.01760384440422058,0
molecola_45156,11,0,11,0.028404368087649345,0
molecola_45156,12,1,12,0.9735819697380066,1
molecola_45156,13,1,13,0.9800422787666321,1
molecola_45156,14,0,14,0.027698487043380737,0
molecola_45156,15,0,15,0.020130066201090813,0
molecola_45156,16,0,16,0.020130066201090813,0
molecola_45156,17,0,17,0.02395540103316307,0
molecola_45156,18,0,18,0.010316870175302029,0
molecola_45156,19,0,19,0.008555381558835506,0
molecola_45156,20,0,20,0.012829979881644249,0
molecola_45156,21,0,21,0.014336174353957176,0
molecola_45156,22,0,22,0.008555381558835506,0
molecola_45156,23,0,23,0.010316870175302029,0
molecola_45156,24,0,24,0.028404368087649345,0
molecola_45156,25,0,25,0.01760384440422058,0
molecola_45156,26,0,26,0.008145567029714584,0
molecola_45156,27,0,27,0.007703231647610664,0
molecola_45156,28,0,28,0.007640293333679438,0
molecola_45156,29,0,29,0.007732555735856295,0
molecola_45156,30,0,30,0.008788528852164745,0
molecola_45156,31,0,31,0.008514877408742905,0
molecola_45156,32,0,32,0.008314709179103374,0
molecola_45156,33,0,33,0.009613855741918087,0
molecola_45156,34,0,34,0.008314709179103374,0
molecola_46623,1,1,1,0.9379892945289612,1
molecola_46623,2,1,2,0.9534188508987427,1
molecola_46623,3,0,3,0.024228040128946304,0
molecola_46623,4,0,4,0.013976678252220154,0
molecola_46623,5,0,5,0.04362698271870613,0
molecola_46623,6,0,6,0.08399542421102524,0
molecola_46639,1,0,1,0.01594051532447338,0
molecola_46639,2,0,2,0.015614810399711132,0
molecola_46639,3,0,3,0.017894001677632332,0
molecola_46639,4,0,4,0.008780976757407188,0
molecola_46639,5,0,5,0.011461636982858181,0
molecola_46639,6,0,6,0.017132459208369255,0
molecola_46639,7,0,7,0.014290099032223225,0
molecola_46639,8,0,8,0.008920240215957165,0
molecola_46639,9,0,9,0.02714250609278679,0
molecola_46639,10,0,10,0.7199797034263611,1
molecola_46639,11,0,11,0.02607988752424717,0
molecola_46639,12,0,12,0.03836674988269806,0
molecola_46639,13,0,13,0.04749947041273117,0
molecola_46639,14,1,14,0.9225046634674072,1
molecola_46639,15,1,15,0.8802078366279602,1
molecola_46639,16,0,16,0.06886491179466248,0
molecola_46639,17,0,17,0.023045411333441734,0
molecola_46639,18,0,18,0.01985013671219349,0
molecola_46639,19,0,19,0.016079341992735863,0
molecola_46639,20,0,20,0.04047646373510361,0
molecola_46639,21,0,21,0.02064046449959278,0
molecola_46639,22,0,22,0.9020278453826904,1
molecola_46639,23,0,23,0.9364753365516663,1
molecola_46639,24,0,24,0.9655898213386536,1
molecola_46639,25,0,25,0.8618142008781433,1
molecola_46639,26,0,26,0.9631401896476746,1
molecola_46639,27,0,27,0.010636762715876102,0
molecola_47942,1,0,1,0.01594051532447338,0
molecola_47942,2,0,2,0.01562604308128357,0
molecola_47942,3,0,3,0.021307652816176414,0
molecola_47942,4,0,4,0.008366310968995094,0
molecola_47942,5,0,5,0.007644976954907179,0
molecola_47942,6,0,6,0.007644976954907179,0
molecola_47942,7,0,7,0.010126419365406036,0
molecola_47942,8,0,8,0.08399198949337006,0
molecola_47942,9,0,9,0.037130989134311676,0
molecola_47942,10,0,10,0.06954117119312286,0
molecola_47942,11,1,11,0.059366706758737564,0
molecola_47942,12,0,12,0.027935896068811417,0
molecola_47942,13,1,13,0.8261277675628662,1
molecola_47942,14,1,14,0.93553227186203,1
molecola_47942,15,1,15,0.056822411715984344,0
molecola_47942,16,1,16,0.08576305955648422,0
molecola_48635,1,1,1,0.9362538456916809,1
molecola_48635,2,1,2,0.9406633377075195,1
molecola_48635,3,0,3,0.06949125230312347,0
molecola_48635,4,0,4,0.03412555903196335,0
molecola_48635,5,0,5,0.9495497345924377,1
molecola_48635,6,0,6,0.026683246716856956,0
molecola_48635,7,0,7,0.015322426334023476,0
molecola_48635,8,0,8,0.007903200574219227,0
molecola_48635,9,0,9,0.007643446791917086,0
molecola_48635,10,0,10,0.007642900571227074,0
molecola_48635,11,0,11,0.008242051117122173,0
molecola_48635,12,0,12,0.028966087847948074,0
molecola_48635,13,0,13,0.07205281406641006,0
molecola_48635,14,0,14,0.8914839625358582,1
molecola_48635,15,0,15,0.06487864255905151,0
molecola_48706,1,0,1,0.008558738976716995,0
molecola_48706,2,0,2,0.0103670759126544,0
molecola_48706,3,0,3,0.011186392977833748,0
molecola_48706,4,0,4,0.015127141028642654,0
molecola_48706,5,0,5,0.009504503570497036,0
molecola_48706,6,0,6,0.013868016190826893,0
molecola_48706,7,0,7,0.012992405332624912,0
molecola_48706,8,0,8,0.015400283969938755,0
molecola_48706,9,0,9,0.008312798105180264,0
molecola_48706,10,0,10,0.007648461032658815,0
molecola_48706,11,0,11,0.007646217942237854,0
molecola_48706,12,0,12,0.007648461032658815,0
molecola_48706,13,0,13,0.008312798105180264,0
molecola_48706,14,0,14,0.04968331381678581,0
molecola_48706,15,1,15,0.9371408224105835,1
molecola_48706,16,1,16,0.9753643274307251,1
molecola_48706,17,0,17,0.8841550946235657,1
molecola_48706,18,0,18,0.5898011326789856,1
molecola_48706,19,0,19,0.016283372417092323,0
molecola_48706,20,0,20,0.008027493953704834,0
molecola_48706,21,0,21,0.008746284991502762,0
molecola_48706,22,0,22,0.03764975070953369,0
molecola_48706,23,0,23,0.008746284991502762,0
molecola_48706,24,0,24,0.008027493953704834,0
molecola_48706,25,0,25,0.9422947764396667,1
molecola_48706,26,0,26,0.06265311688184738,0
molecola_48706,27,0,27,0.09539657086133957,0
molecola_48706,28,0,28,0.05928397178649902,0
molecola_48706,29,0,29,0.011963431723415852,0
molecola_48706,30,0,30,0.011963431723415852,0
molecola_48706,31,0,31,0.011963431723415852,0
molecola_48842,1,1,1,0.9459123611450195,1
molecola_48842,2,1,2,0.9408584237098694,1
molecola_48842,3,0,3,0.09042230993509293,0
molecola_48842,4,0,4,0.04911559820175171,0
molecola_48842,5,0,5,0.012332841753959656,0
molecola_48842,6,0,6,0.008346333168447018,0
molecola_48842,7,0,7,0.007907440885901451,0
molecola_48842,8,0,8,0.010006256401538849,0
molecola_48842,9,0,9,0.008011970669031143,0
molecola_48842,10,0,10,0.007704066578298807,0
molecola_48842,11,0,11,0.007639996707439423,0
molecola_48842,12,0,12,0.007703582290560007,0
molecola_48842,13,0,13,0.007999717257916927,0
molecola_48842,14,0,14,0.007724532391875982,0
molecola_48842,15,0,15,0.011121776886284351,0
molecola_48842,16,0,16,0.007705827709287405,0
molecola_48842,17,0,17,0.007642896845936775,0
molecola_48842,18,0,18,0.007644976954907179,0
molecola_48842,19,0,19,0.010139793157577515,0
molecola_48842,20,0,20,0.083602175116539,0
molecola_48842,21,0,21,0.03332660719752312,0
molecola_48842,22,0,22,0.03044722229242325,0
molecola_48842,23,0,23,0.013739289715886116,0
molecola_48842,24,0,24,0.013739289715886116,0
molecola_48842,25,0,25,0.013739289715886116,0
molecola_51100,1,0,1,0.011528671719133854,0
molecola_51100,2,0,2,0.020128143951296806,0
molecola_51100,3,0,3,0.03473125025629997,0
molecola_51100,4,1,4,0.9622763991355896,1
molecola_51100,5,0,5,0.03473125025629997,0
molecola_51100,6,0,6,0.020128143951296806,0
molecola_51100,7,0,7,0.011528671719133854,0
molecola_51100,8,0,8,0.018996914848685265,0
molecola_51100,9,1,9,0.9293756484985352,1
molecola_51100,10,0,10,0.08552826195955276,0
molecola_51100,11,0,11,0.06182336062192917,0
molecola_51100,12,0,12,0.009427597746253014,0
molecola_51100,13,0,13,0.009533475153148174,0
molecola_51100,14,0,14,0.0332266166806221,0
molecola_51100,15,0,15,0.011800580658018589,0
molecola_51100,16,0,16,0.008336290717124939,0
molecola_51100,17,0,17,0.011715281754732132,0
molecola_51100,18,0,18,0.008472222834825516,0
molecola_51100,19,0,19,0.007733869832009077,0
molecola_51100,20,0,20,0.007754891645163298,0
molecola_51100,21,0,21,0.009051430970430374,0
molecola_51100,22,0,22,0.008657697588205338,0
molecola_51100,23,0,23,0.007896323688328266,0
molecola_51100,24,0,24,0.01018508616834879,0
molecola_51100,25,0,25,0.9423842430114746,1
molecola_51100,26,0,26,0.06264958530664444,0
molecola_51100,27,0,27,0.09539414197206497,0
molecola_51100,28,0,28,0.05928397178649902,0
molecola_51100,29,0,29,0.011963431723415852,0
molecola_51100,30,0,30,0.011963431723415852,0
molecola_51100,31,0,31,0.011963431723415852,0
molecola_53124,1,0,1,0.009959083050489426,0
molecola_53124,2,0,2,0.010284903459250927,0
molecola_53124,3,0,3,0.009959083050489426,0
molecola_53124,4,0,4,0.009959083050489426,0
molecola_53124,5,0,5,0.014556611888110638,0
molecola_53124,6,0,6,0.01169514749199152,0
molecola_53124,7,0,7,0.011806081049144268,0
molecola_53124,8,0,8,0.014874119311571121,0
molecola_53124,9,0,9,0.013910284265875816,0
molecola_53124,10,0,10,0.03540099039673805,0
molecola_53124,11,1,11,0.9695152044296265,1
molecola_53124,12,1,12,0.9725919961929321,1
molecola_53124,13,1,13,0.9601019024848938,1
molecola_53124,14,0,14,0.8419204950332642,1
molecola_53124,15,0,15,0.8307260870933533,1
molecola_53124,16,1,16,0.8307260870933533,1
molecola_53124,17,0,17,0.08965116739273071,0
molecola_53124,18,0,18,0.02135857753455639,0
molecola_53124,19,0,19,0.014381565153598785,0
molecola_53124,20,0,20,0.0077961706556379795,0
molecola_53124,21,0,21,0.007643287535756826,0
molecola_53124,22,0,22,0.007643287535756826,0
molecola_53124,23,0,23,0.0077961706556379795,0
molecola_53124,24,0,24,0.014393365010619164,0
molecola_53124,25,0,25,0.04046618565917015,0
molecola_53124,26,0,26,0.021372143179178238,0
molecola_53124,27,0,27,0.011806081049144268,0
molecola_53124,28,0,28,0.01169514749199152,0
molecola_54094,1,1,1,0.9568070769309998,1
molecola_54094,2,1,2,0.9484891891479492,1
molecola_54094,3,0,3,0.2710576355457306,0
molecola_54094,4,0,4,0.11139290779829025,0
molecola_54094,5,0,5,0.012702013365924358,0
molecola_54094,6,0,6,0.009347589686512947,0
molecola_54094,7,0,7,0.008941841311752796,0
molecola_54094,8,0,8,0.02160477079451084,0
molecola_54094,9,0,9,0.008765392936766148,0
molecola_54094,10,0,10,0.007871491834521294,0
molecola_54094,11,0,11,0.013827006332576275,0
molecola_54094,12,0,12,0.0178542397916317,0
molecola_54094,13,0,13,0.06698514521121979,0
molecola_54094,14,0,14,0.023465584963560104,0
molecola_54094,15,0,15,0.01901404745876789,0
molecola_54094,16,0,16,0.04174264892935753,0
molecola_54094,17,0,17,0.017638249322772026,0
molecola_54094,18,0,18,0.014141799882054329,0
molecola_54094,19,0,19,0.01377375889569521,0
molecola_54094,20,0,20,0.013915708288550377,0
molecola_54094,21,0,21,0.01472525205463171,0
molecola_54094,22,0,22,0.0145728113129735,0
molecola_54094,23,0,23,0.02807573787868023,0
molecola_54094,24,0,24,0.01517118513584137,0
molecola_54094,25,0,25,0.007917764596641064,0
molecola_54094,26,0,26,0.007755280006676912,0
molecola_54094,27,0,27,0.009507058188319206,0
molecola_54094,28,0,28,0.007994738407433033,0
molecola_54094,29,0,29,0.011583836749196053,0
molecola_54094,30,0,30,0.010370485484600067,0
molecola_54094,31,0,31,0.011854996904730797,0
molecola_54094,32,0,32,0.01901404745876789,0
molecola_54094,33,0,33,0.023465584963560104,0
molecola_54385,1,0,1,0.02153262309730053,0
molecola_54385,2,0,2,0.9668079614639282,1
molecola_54385,3,0,3,0.9736734628677368,1
molecola_54385,4,0,4,0.9802036285400391,1
molecola_54385,5,0,5,0.8837271928787231,1
molecola_54385,6,0,6,0.0427822545170784,0
molecola_54385,7,1,7,0.952549934387207,1
molecola_54385,8,1,8,0.9116743206977844,1
molecola_54385,9,0,9,0.06362233310937881,0
molecola_54385,10,0,10,0.009974044747650623,0
molecola_54385,11,0,11,0.0076672970317304134,0
molecola_54385,12,0,12,0.007646217942237854,0
molecola_54385,13,0,13,0.0076672970317304134,0
molecola_54385,14,0,14,0.009974044747650623,0
molecola_56488,1,0,1,0.01118137314915657,0
molecola_56488,2,0,2,0.011793793179094791,0
molecola_56488,3,0,3,0.0077938660979270935,0
molecola_56488,4,0,4,0.007772920187562704,0
molecola_56488,5,0,5,0.012448228895664215,0
molecola_56488,6,0,6,0.010905958712100983,0
molecola_56488,7,0,7,0.052132561802864075,0
molecola_56488,8,1,8,0.9201611876487732,1
molecola_56488,9,1,9,0.9695020914077759,1
molecola_56488,10,0,10,0.9693766236305237,1
molecola_56488,11,0,11,0.7125979661941528,1
molecola_56488,12,0,12,0.025223730131983757,0
molecola_56488,13,0,13,0.01707061380147934,0
molecola_56488,14,0,14,0.008113713935017586,0
molecola_56488,15,0,15,0.00803341157734394,0
molecola_56488,16,0,16,0.010200577788054943,0
molecola_56488,17,0,17,0.00803341157734394,0
molecola_56488,18,0,18,0.008113713935017586,0
molecola_56488,19,0,19,0.009181982837617397,0
molecola_5744,1,0,1,0.011738203465938568,0
molecola_5744,2,0,2,0.027248315513134003,0
molecola_5744,3,1,3,0.8159060478210449,1
molecola_5744,4,0,4,0.07084981352090836,0
molecola_5744,5,1,5,0.8745261430740356,1
molecola_5744,6,0,6,0.0785207599401474,0
molecola_5744,7,0,7,0.009944852441549301,0
molecola_5744,8,0,8,0.007658680900931358,0
molecola_5744,9,0,9,0.007646217942237854,0
molecola_5744,10,0,10,0.007658680900931358,0
molecola_5744,11,0,11,0.009944852441549301,0
molecola_5744,12,0,12,0.019026899710297585,0
molecola_5744,13,0,13,0.020236654207110405,0
molecola_5744,14,0,14,0.0166948065161705,0
molecola_5744,15,0,15,0.01430908590555191,0
molecola_5744,16,0,16,0.01769557222723961,0
molecola_5744,17,0,17,0.03138727322220802,0
molecola_5744,18,0,18,0.01769557222723961,0
molecola_5744,19,0,19,0.01430908590555191,0
molecola_6247,1,0,1,0.024114983156323433,0
molecola_6247,2,1,2,0.7989499568939209,1
molecola_6247,3,1,3,0.7985788583755493,1
molecola_6247,4,0,4,0.08320131152868271,0
molecola_6247,5,0,5,0.06080930680036545,0
molecola_6247,6,0,6,0.009239819832146168,0
molecola_6247,7,0,7,0.007855814881622791,0
molecola_6247,8,0,8,0.011039023287594318,0
molecola_6247,9,0,9,0.007855814881622791,0
molecola_6247,10,0,10,0.009239819832146168,0
molecola_6247,11,0,11,0.013895118609070778,0
molecola_6247,12,0,12,0.013866386376321316,0
molecola_6247,13,0,13,0.019886450842022896,0
molecola_6247,14,0,14,0.029306722804903984,0
molecola_6247,15,0,15,0.01725100539624691,0
molecola_6247,16,0,16,0.01588776521384716,0
molecola_6247,17,0,17,0.011863954365253448,0
molecola_6247,18,0,18,0.011863954365253448,0
molecola_6247,19,0,19,0.06017524376511574,0
molecola_6247,20,0,20,0.009786759503185749,0
molecola_6247,21,0,21,0.007775486446917057,0
molecola_6247,22,0,22,0.00922669842839241,0
molecola_6247,23,0,23,0.009179892018437386,0
molecola_6247,24,0,24,0.010023795999586582,0
molecola_6247,25,0,25,0.00981199461966753,0
molecola_6730,1,0,1,0.039679281413555145,0
molecola_6730,2,1,2,0.9252872467041016,1
molecola_6730,3,0,3,0.019942358136177063,0
molecola_6730,4,0,4,0.0140158636495471,0
molecola_6730,5,0,5,0.013714608736336231,0
molecola_6730,6,0,6,0.013714608736336231,0
molecola_6730,7,0,7,0.0140158636495471,0
molecola_6730,8,0,8,0.019516360014677048,0
molecola_6730,9,0,9,0.10815674811601639,0
molecola_6730,10,0,10,0.037545934319496155,0
molecola_6730,11,0,11,0.06804148107767105,0
molecola_6730,12,0,12,0.022399719804525375,0
molecola_6730,13,0,13,0.008166794665157795,0
molecola_6730,14,0,14,0.007644379511475563,0
molecola_6730,15,0,15,0.007646217942237854,0
molecola_6730,16,0,16,0.007644379511475563,0
molecola_6730,17,0,17,0.008166794665157795,0
molecola_6730,18,1,18,0.9684126377105713,1
molecola_6730,19,0,19,0.6298913955688477,1
molecola_6730,20,0,20,0.029116760939359665,0
molecola_6730,21,0,21,0.013887736946344376,0
molecola_6730,22,0,22,0.008063612505793571,0
molecola_6730,23,0,23,0.007648041471838951,0
molecola_6730,24,0,24,0.007646217942237854,0
molecola_6730,25,0,25,0.007648041471838951,0
molecola_6730,26,0,26,0.008063612505793571,0
molecola_6730,27,0,27,0.013887736946344376,0
molecola_6730,28,0,28,0.008063612505793571,0
molecola_6730,29,0,29,0.007648041471838951,0
molecola_6730,30,0,30,0.007646217942237854,0
molecola_6730,31,0,31,0.007648041471838951,0
molecola_6730,32,0,32,0.008063612505793571,0
molecola_6730,33,0,33,0.013887736946344376,0
molecola_6730,34,0,34,0.008063612505793571,0
molecola_6730,35,0,35,0.007648041471838951,0
molecola_6730,36,0,36,0.007646217942237854,0
molecola_6730,37,0,37,0.007648041471838951,0
molecola_6730,38,0,38,0.008063612505793571,0
molecola_7170,1,0,1,0.01594051532447338,0
molecola_7170,2,0,2,0.01561103668063879,0
molecola_7170,3,0,3,0.01785634644329548,0
molecola_7170,4,0,4,0.008405589498579502,0
molecola_7170,5,0,5,0.009910866618156433,0
molecola_7170,6,0,6,0.008755276910960674,0
molecola_7170,7,0,7,0.008352349512279034,0
molecola_7170,8,0,8,0.010040616616606712,0
molecola_7170,9,0,9,0.008967824280261993,0
molecola_7170,10,0,10,0.031022610142827034,0
molecola_7170,11,1,11,0.5551108121871948,1
molecola_7170,12,0,12,0.044074736535549164,0
molecola_7170,13,1,13,0.9450281858444214,1
molecola_7170,14,0,14,0.08325985074043274,0
molecola_7170,15,1,15,0.9678167700767517,1
molecola_7170,16,0,16,0.03130219876766205,0
molecola_7170,17,0,17,0.03144054114818573,0
molecola_7170,18,0,18,0.9621590971946716,1
molecola_7170,19,0,19,0.03144054114818573,0
molecola_7170,20,0,20,0.03130219876766205,0
molecola_7170,21,1,21,0.9300695657730103,1
molecola_7170,22,0,22,0.08565681427717209,0
molecola_7170,23,1,23,0.06673301756381989,0
molecola_7170,24,0,24,0.009404154494404793,0
molecola_7170,25,0,25,0.007647281512618065,0
molecola_7170,26,0,26,0.007646217942237854,0
molecola_7170,27,0,27,0.007647281512618065,0
molecola_7170,28,0,28,0.009404154494404793,0
molecola_7170,29,0,29,0.009406535886228085,0
molecola_7170,30,0,30,0.013078451156616211,0
molecola_7170,31,0,31,0.008411800488829613,0
molecola_7170,32,0,32,0.010236319154500961,0
molecola_7170,33,0,33,0.009195401333272457,0
molecola_7170,34,0,34,0.00864394474774599,0
molecola_7170,35,0,35,0.011065092869102955,0
molecola_8033,1,0,1,0.008593582548201084,0
molecola_8033,2,0,2,0.009472452104091644,0
molecola_8033,3,0,3,0.008447827771306038,0
molecola_8033,4,0,4,0.020968865603208542,0
molecola_8033,5,0,5,0.09672681242227554,0
molecola_8033,6,1,6,0.19785921275615692,0
molecola_8033,7,0,7,0.04008836671710014,0
molecola_8033,8,0,8,0.021073708310723305,0
molecola_8033,9,0,9,0.01087238546460867,0
molecola_8033,10,0,10,0.008177523501217365,0
molecola_8033,11,0,11,0.012528716586530209,0
molecola_8033,12,0,12,0.013314970768988132,0
molecola_8033,13,0,13,0.01718195714056492,0
molecola_8033,14,0,14,0.04168829321861267,0
molecola_8033,15,0,15,0.01897173561155796,0
molecola_8033,16,0,16,0.028001081198453903,0
molecola_8033,17,1,17,0.9447862505912781,1
molecola_8033,18,0,18,0.028001081198453903,0
molecola_8033,19,0,19,0.01897173561155796,0
molecola_8033,20,1,20,0.946205198764801,1
molecola_8033,21,1,21,0.8692047595977783,1
molecola_8033,22,0,22,0.10447962582111359,0
molecola_8033,23,0,23,0.020262815058231354,0
molecola_8033,24,0,24,0.015309430658817291,0
molecola_8033,25,0,25,0.007943384349346161,0
molecola_8033,26,0,26,0.007645110599696636,0
molecola_8033,27,0,27,0.007643287535756826,0
molecola_8033,28,0,28,0.008679562248289585,0
molecola_8033,29,1,29,0.03845880180597305,0
molecola_8490,1,0,1,0.010750411078333855,0
molecola_8490,2,0,2,0.01233926136046648,0
molecola_8490,3,0,3,0.013216172344982624,0
molecola_8490,4,0,4,0.014752810820937157,0
molecola_8490,5,0,5,0.013629436492919922,0
molecola_8490,6,0,6,0.03404071554541588,0
molecola_8490,7,0,7,0.029849311336874962,0
molecola_8490,8,0,8,0.012913074344396591,0
molecola_8490,9,0,9,0.01440003514289856,0
molecola_8490,10,0,10,0.8063709139823914,1
molecola_8490,11,0,11,0.0651806965470314,0
molecola_8490,12,0,12,0.6771519780158997,1
molecola_8490,13,0,13,0.03527579456567764,0
molecola_8490,14,0,14,0.01369659323245287,0
molecola_8490,15,0,15,0.011297737248241901,0
molecola_8490,16,0,16,0.011376812122762203,0
molecola_8490,17,0,17,0.028081126511096954,0
molecola_8490,18,0,18,0.021884145215153694,0
molecola_8490,19,0,19,0.03909788653254509,0
molecola_8490,20,0,20,0.016816185787320137,0
molecola_8490,21,0,21,0.012410067021846771,0
molecola_8490,22,0,22,0.901191234588623,1
molecola_8490,23,1,23,0.9688859581947327,1
molecola_8490,24,1,24,0.9572965502738953,1
molecola_8490,25,1,25,0.8490753173828125,1
molecola_8490,26,1,26,0.8412123322486877,1
molecola_8490,27,0,27,0.8412123322486877,1
molecola_8490,28,0,28,0.03183119744062424,0
molecola_8490,29,0,29,0.016701210290193558,0
molecola_8490,30,0,30,0.026827508583664894,0
molecola_8490,31,0,31,0.016645289957523346,0
molecola_8722,1,0,1,0.015308957546949387,0
molecola_8722,2,1,2,0.6823207139968872,1
molecola_8722,3,0,3,0.026620980352163315,0
molecola_8722,4,1,4,0.9018230438232422,1
molecola_8722,5,0,5,0.07929571717977524,0
molecola_8764,1,0,1,0.010858656838536263,0
molecola_8764,2,0,2,0.01434573158621788,0
molecola_8764,3,0,3,0.010858656838536263,0
molecola_8764,4,0,4,0.01267730351537466,0
molecola_8764,5,0,5,0.012458761222660542,0
molecola_8764,6,0,6,0.008062753826379776,0
molecola_8764,7,0,7,0.007650271058082581,0
molecola_8764,8,0,8,0.008083939552307129,0
molecola_8764,9,0,9,0.01527883019298315,0
molecola_8764,10,0,10,0.028925644233822823,0
molecola_8764,11,1,11,0.943244457244873,1
molecola_8764,12,0,12,0.07039681077003479,0
molecola_8764,13,1,13,0.939153254032135,1
molecola_8764,14,0,14,0.008551572449505329,0
molecola_8764,15,0,15,0.027774563059210777,0
molecola_8764,16,0,16,0.01662893034517765,0
molecola_8764,17,0,17,0.019624771550297737,0
molecola_8764,18,0,18,0.015613170340657234,0
molecola_8764,19,0,19,0.011932033114135265,0
molecola_8764,20,0,20,0.007900852710008621,0
molecola_8764,21,0,21,0.00778151536360383,0
molecola_8764,22,0,22,0.011880272068083286,0
molecola_8764,23,0,23,0.010920725762844086,0
molecola_8764,24,0,24,0.032083626836538315,0
molecola_8764,25,0,25,0.06548001617193222,0
molecola_8764,26,0,26,0.021148378029465675,0
molecola_8764,27,0,27,0.02106667123734951,0
molecola_8764,28,0,28,0.02106667123734951,0
molecola_8764,29,0,29,0.014047952368855476,0
molecola_8764,30,0,30,0.008636907674372196,0
molecola_8860,1,0,1,0.01590995118021965,0
molecola_8860,2,0,2,0.01548382081091404,0
molecola_8860,3,0,3,0.01763259805738926,0
molecola_8860,4,0,4,0.009835951030254364,0
molecola_8860,5,0,5,0.011856980621814728,0
molecola_8860,6,0,6,0.009433918632566929,0
molecola_8860,7,0,7,0.007769238669425249,0
molecola_8860,8,0,8,0.00969148799777031,0
molecola_8860,9,0,9,0.019839497283101082,0
molecola_8860,10,0,10,0.013507562689483166,0
molecola_8860,11,0,11,0.00913827121257782,0
molecola_8860,12,0,12,0.008548969402909279,0
molecola_8860,13,0,13,0.021276844665408134,0
molecola_8860,14,0,14,0.019823648035526276,0
molecola_8860,15,0,15,0.019823648035526276,0
molecola_8860,16,0,16,0.013494092039763927,0
molecola_8860,17,0,17,0.010262497700750828,0
molecola_8860,18,0,18,0.008196421898901463,0
molecola_8860,19,0,19,0.012089264579117298,0
molecola_8860,20,0,20,0.022877706214785576,0
molecola_8860,21,0,21,0.02077856846153736,0
molecola_8860,22,0,22,0.027395814657211304,0
molecola_8860,23,0,23,0.016176912933588028,0
molecola_8860,24,0,24,0.033020973205566406,0
molecola_8860,25,1,25,0.9793587327003479,1
molecola_8860,26,0,26,0.033020973205566406,0
molecola_8860,27,0,27,0.016176912933588028,0
molecola_8860,28,1,28,0.9679287672042847,1
molecola_8860,29,1,29,0.8250017762184143,1
molecola_8860,30,1,30,0.9401949048042297,1
molecola_8860,31,1,31,0.9344812035560608,1
molecola_8860,32,0,32,0.013813489116728306,0
molecola_8860,33,0,33,0.013813489116728306,0
molecola_9180,1,0,1,0.011513054370880127,0
molecola_9180,2,0,2,0.013623333536088467,0
molecola_9180,3,0,3,0.014019554480910301,0
molecola_9180,4,0,4,0.01930062100291252,0
molecola_9180,5,0,5,0.2284497171640396,0
molecola_9180,6,0,6,0.0377734936773777,0
molecola_9180,7,0,7,0.14675894379615784,0
molecola_9180,8,0,8,0.030117632821202278,0
molecola_9180,9,0,9,0.021151524037122726,0
molecola_9180,10,0,10,0.23313169181346893,0
molecola_9180,11,0,11,0.042140860110521317,0
molecola_9180,12,0,12,0.042140860110521317,0
molecola_9180,13,0,13,0.012583575211465359,0
molecola_9180,14,0,14,0.011261182837188244,0
molecola_9180,15,0,15,0.00845007598400116,0
molecola_9180,16,0,16,0.01003945991396904,0
molecola_9180,17,0,17,0.008332554250955582,0
molecola_9180,18,0,18,0.0077391876839101315,0
molecola_9180,19,0,19,0.007643782999366522,0
molecola_9180,20,0,20,0.007642896845936775,0
molecola_9180,21,0,21,0.007708314806222916,0
molecola_9180,22,0,22,0.008328993804752827,0
molecola_9180,23,0,23,0.013563782908022404,0
molecola_9180,24,0,24,0.012880961410701275,0
molecola_9180,25,0,25,0.012833737768232822,0
molecola_9180,26,0,26,0.01365850493311882,0
molecola_9180,27,0,27,0.013942094519734383,0
molecola_9180,28,0,28,0.012775463052093983,0
molecola_9180,29,0,29,0.0120440274477005,0
molecola_9180,30,0,30,0.015088975429534912,0
molecola_9180,31,0,31,0.02241305634379387,0
molecola_9180,32,1,32,0.9608983397483826,1
molecola_9180,33,1,33,0.9455865025520325,1
molecola_9180,34,0,34,0.09314823150634766,0
molecola_9180,35,0,35,0.02019796520471573,0
molecola_9180,36,0,36,0.012293738313019276,0
molecola_9180,37,0,37,0.010244921781122684,0
molecola_9180,38,0,38,0.010087267495691776,0
molecola_9180,39,0,39,0.01358585525304079,0
molecola_9180,40,0,40,0.012385096400976181,0
molecola_9180,41,0,41,0.01206362433731556,0
molecola_9180,42,0,42,0.010459487326443195,0
molecola_9180,43,0,43,0.010241731069982052,0
molecola_9639,1,0,1,0.79656982421875,1
molecola_9639,2,0,2,0.9678175449371338,1
molecola_9639,3,0,3,0.9582247734069824,1
molecola_9639,4,0,4,0.8534837365150452,1
molecola_9639,5,0,5,0.8460127115249634,1
molecola_9639,6,1,6,0.9678175449371338,1
molecola_9639,7,1,7,0.79656982421875,1
molecola_60105,1,0,1,0.06546145677566528,0
molecola_60105,2,0,2,0.033661626279354095,0
molecola_60105,3,0,3,0.033661626279354095,0
molecola_60105,4,0,4,0.14841443300247192,0
molecola_60105,5,0,5,0.06878814101219177,0
molecola_60105,6,0,6,0.9319562315940857,1
molecola_60105,7,0,7,0.026757141575217247,0
molecola_60105,8,0,8,0.010319977067410946,0
molecola_60105,9,0,9,0.014520054683089256,0
molecola_60105,10,0,10,0.012098368257284164,0
molecola_60105,11,0,11,0.017867907881736755,0
molecola_60105,12,0,12,0.011567921377718449,0
molecola_60105,13,0,13,0.013095449656248093,0
molecola_60105,14,0,14,0.011577319353818893,0
molecola_60105,15,0,15,0.011864827014505863,0
molecola_60105,16,0,16,0.8510884642601013,1
molecola_60105,17,0,17,0.10280118882656097,0
molecola_60105,18,0,18,0.015272900462150574,0
molecola_60105,19,0,19,0.011683056131005287,0
molecola_60105,20,0,20,0.015294162556529045,0
molecola_60105,21,0,21,0.013125068508088589,0
molecola_60105,22,1,22,0.9581352472305298,1
molecola_60105,23,0,23,0.012173972092568874,0
molecola_60105,24,0,24,0.010717690922319889,0
molecola_60105,25,0,25,0.3582412302494049,0
molecola_60105,26,0,26,0.013389893807470798,0
molecola_60118,1,0,1,0.10147169232368469,0
molecola_60118,2,0,2,0.06285253912210464,0
molecola_60118,3,0,3,0.03211848810315132,0
molecola_60118,4,0,4,0.014336174353957176,0
molecola_60118,5,0,5,0.017344892024993896,0
molecola_60118,6,0,6,0.0163064394146204,0
molecola_60118,7,0,7,0.0163064394146204,0
molecola_60118,8,0,8,0.12527509033679962,0
molecola_60118,9,0,9,0.011081770993769169,0
molecola_60118,10,0,10,0.011081770993769169,0
molecola_60118,11,1,11,0.9496611952781677,1
molecola_60118,12,0,12,0.03770638257265091,0
molecola_60118,13,0,13,0.008757044561207294,0
molecola_60118,14,0,14,0.008757044561207294,0
molecola_60118,15,0,15,0.012829979881644249,0
molecola_60118,16,0,16,0.008532967418432236,0
molecola_60118,17,0,17,0.008532967418432236,0
molecola_60158,1,0,1,0.014732344076037407,0
molecola_60158,2,0,2,0.028814647346735,0
molecola_60158,3,0,3,0.02191740833222866,0
molecola_60158,4,0,4,0.014732344076037407,0
molecola_60158,5,0,5,0.01131234597414732,0
molecola_60158,6,0,6,0.014372956939041615,0
molecola_60158,7,0,7,0.010437971912324429,0
molecola_60158,8,0,8,0.009652058593928814,0
molecola_60158,9,0,9,0.009652058593928814,0
molecola_60158,10,1,10,0.9552053809165955,1
molecola_60158,11,0,11,0.058643266558647156,0
molecola_60158,12,0,12,0.1153789833188057,0
molecola_60158,13,0,13,0.0518687479197979,0
molecola_60158,14,0,14,0.012894300743937492,0
molecola_60158,15,0,15,0.01214559655636549,0
molecola_60158,16,0,16,0.013145089149475098,0
molecola_60158,17,0,17,0.007881932891905308,0
molecola_60158,18,0,18,0.007701180875301361,0
molecola_60158,19,0,19,0.008065443485975266,0
molecola_60158,20,0,20,0.00800317618995905,0
molecola_60158,21,0,21,0.008010425604879856,0
molecola_60158,22,0,22,0.008948376402258873,0
molecola_60158,23,0,23,0.019267015159130096,0
molecola_60158,24,0,24,0.00860985554754734,0
molecola_60158,25,0,25,0.007703902665525675,0
molecola_60158,26,0,26,0.015794409438967705,0
molecola_60158,27,0,27,0.01597321406006813,0
molecola_60172,1,0,1,0.024602141231298447,0
molecola_60172,2,0,2,0.06814227998256683,0
molecola_60172,3,0,3,0.02066030725836754,0
molecola_60172,4,0,4,0.0236883033066988,0
molecola_60172,5,0,5,0.11646092683076859,0
molecola_60172,6,0,6,0.06062398850917816,0
molecola_60172,7,0,7,0.009208464995026588,0
molecola_60172,8,0,8,0.05213579535484314,0
molecola_60172,9,0,9,0.010339349508285522,0
molecola_60172,10,0,10,0.00959467887878418,0
molecola_60172,11,0,11,0.01138402335345745,0
molecola_60172,12,0,12,0.012314465828239918,0
molecola_60172,13,0,13,0.010677526704967022,0
molecola_60172,14,0,14,0.015818258747458458,0
molecola_60172,15,0,15,0.010837314650416374,0
molecola_60172,16,0,16,0.011040793731808662,0
molecola_60172,17,0,17,0.03372301533818245,0
molecola_60172,18,0,18,0.012573937885463238,0
molecola_60172,19,0,19,0.009846922010183334,0
molecola_60172,20,0,20,0.009828097186982632,0
molecola_60172,21,0,21,0.030795712023973465,0
molecola_60172,22,0,22,0.013637720607221127,0
molecola_60172,23,0,23,0.046361614018678665,0
molecola_60172,24,1,24,0.9469241499900818,1
molecola_60172,25,0,25,0.010178344324231148,0
molecola_60172,26,0,26,0.007818758487701416,0
molecola_60172,27,0,27,0.008216176182031631,0
molecola_60172,28,1,28,0.9280951023101807,1
molecola_60172,29,0,29,0.2965417802333832,0
molecola_60172,30,0,30,0.008287725038826466,0
molecola_60172,31,0,31,0.020948167890310287,0
molecola_60178,1,0,1,0.019876403734087944,0
molecola_60178,2,0,2,0.01639949344098568,0
molecola_60178,3,0,3,0.06424915045499802,0
molecola_60178,4,0,4,0.013081916607916355,0
molecola_60178,5,0,5,0.07438180595636368,0
molecola_60178,6,0,6,0.10377837717533112,0
molecola_60178,7,0,7,0.052152227610349655,0
molecola_60178,8,0,8,0.05250862240791321,0
molecola_60178,9,0,9,0.061551060527563095,0
molecola_60178,10,0,10,0.010935352183878422,0
molecola_60178,11,0,11,0.013460390269756317,0
molecola_60178,12,0,12,0.011839433573186398,0
molecola_60178,13,0,13,0.012163190171122551,0
molecola_60178,14,0,14,0.02808038331568241,0
molecola_60178,15,0,15,0.019599327817559242,0
molecola_60178,16,0,16,0.011554837226867676,0
molecola_60178,17,0,17,0.01214952114969492,0
molecola_60178,18,0,18,0.010071324184536934,0
molecola_60178,19,0,19,0.01274456363171339,0
molecola_60178,20,0,20,0.12231158465147018,0
molecola_60178,21,0,21,0.05094098299741745,0
molecola_60178,22,0,22,0.013900496065616608,0
molecola_60178,23,0,23,0.019254004582762718,0
molecola_60178,24,1,24,0.9164554476737976,1
molecola_60178,25,0,25,0.011526818387210369,0
molecola_60178,26,0,26,0.9358431696891785,1
molecola_60178,27,0,27,0.020961474627256393,0
molecola_60178,28,1,28,0.9499877095222473,1
molecola_60178,29,0,29,0.02102438360452652,0
molecola_60178,30,0,30,0.025432541966438293,0
molecola_60178,31,0,31,0.015246431343257427,0
molecola_60178,32,0,32,0.010932113975286484,0
molecola_60178,33,0,33,0.010932113975286484,0
molecola_60187,1,0,1,0.09966357052326202,0
molecola_60187,2,0,2,0.025812512263655663,0
molecola_60187,3,0,3,0.06152276322245598,0
molecola_60187,4,0,4,0.009579583071172237,0
molecola_60187,5,0,5,0.010301264002919197,0
molecola_60187,6,0,6,0.00961279682815075,0
molecola_60187,7,0,7,0.00957541260868311,0
molecola_60187,8,0,8,0.010379391722381115,0
molecola_60187,9,0,9,0.01108134351670742,0
molecola_60187,10,0,10,0.0109056755900383,0
molecola_60187,11,0,11,0.02667086385190487,0
molecola_60187,12,0,12,0.011344507336616516,0
molecola_60187,13,0,13,0.011118018068373203,0
molecola_60187,14,0,14,0.012408512644469738,0
molecola_60187,15,0,15,0.021777214482426643,0
molecola_60187,16,0,16,0.009971964173018932,0
molecola_60187,17,0,17,0.012910144403576851,0
molecola_60187,18,0,18,0.011728119105100632,0
molecola_60187,19,0,19,0.009945983067154884,0
molecola_60187,20,0,20,0.016119632869958878,0
molecola_60187,21,0,21,0.020690947771072388,0
molecola_60187,22,0,22,0.04980975762009621,0
molecola_60187,23,1,23,0.9490085244178772,1
molecola_60187,24,0,24,0.023290948942303658,0
molecola_60187,25,0,25,0.014132501557469368,0
molecola_60187,26,0,26,0.013714608736336231,0
molecola_60187,27,0,27,0.013732979074120522,0
molecola_60187,28,0,28,0.013732979074120522,0
molecola_60187,29,0,29,0.013732979074120522,0
molecola_60187,30,0,30,0.0136769600212574,0
molecola_60187,31,0,31,0.013284296728670597,0
molecola_60187,32,0,32,0.012362178415060043,0
molecola_60187,33,0,33,0.010734904557466507,0
molecola_60188,1,0,1,0.011366267688572407,0
molecola_60188,2,0,2,0.011366267688572407,0
molecola_60188,3,0,3,0.021262655034661293,0
molecola_60188,4,0,4,0.013964558020234108,0
molecola_60188,5,0,5,0.10458886623382568,0
molecola_60188,6,0,6,0.019822772592306137,0
molecola_60188,7,0,7,0.019822772592306137,0
molecola_60188,8,0,8,0.03584819659590721,0
molecola_60188,9,0,9,0.06199977174401283,0
molecola_60188,10,0,10,0.2726608216762543,0
molecola_60188,11,0,11,0.02195308730006218,0
molecola_60188,12,0,12,0.01588534191250801,0
molecola_60188,13,0,13,0.012455171905457973,0
molecola_60188,14,0,14,0.011697947978973389,0
molecola_60188,15,0,15,0.20087754726409912,0
molecola_60188,16,0,16,0.007898673415184021,0
molecola_60188,17,0,17,0.007898673415184021,0
molecola_60188,18,0,18,0.0204103272408247,0
molecola_60188,19,0,19,0.009789065457880497,0
molecola_60188,20,0,20,0.009789065457880497,0
molecola_60188,21,0,21,0.4061845541000366,0
molecola_60188,22,0,22,0.013493464328348637,0
molecola_60188,23,0,23,0.020611442625522614,0
molecola_60188,24,1,24,0.9520823359489441,1
molecola_60188,25,0,25,0.023532867431640625,0
molecola_60190,1,0,1,0.00986714381724596,0
molecola_60190,2,0,2,0.010233648121356964,0
molecola_60190,3,0,3,0.04014997556805611,0
molecola_60190,4,0,4,0.11970854550600052,0
molecola_60190,5,1,5,0.9566735029220581,1
molecola_60190,6,0,6,0.06052825599908829,0
molecola_60190,7,0,7,0.012034409679472446,0
molecola_60190,8,0,8,0.009481565095484257,0
molecola_60190,9,0,9,0.010908633470535278,0
molecola_60190,10,0,10,0.010985927656292915,0
molecola_60190,11,0,11,0.009521261788904667,0
molecola_60190,12,0,12,0.009637733921408653,0
molecola_60190,13,0,13,0.009637733921408653,0
molecola_60190,14,0,14,0.015804225578904152,0
molecola_60190,15,0,15,0.014000150375068188,0
molecola_60190,16,0,16,0.012665683403611183,0
molecola_60190,17,0,17,0.008345820009708405,0
molecola_60190,18,0,18,0.011298307217657566,0
molecola_60190,19,0,19,0.01130272913724184,0
molecola_60190,20,0,20,0.007785094436258078,0
molecola_60190,21,0,21,0.008033107966184616,0
molecola_60190,22,0,22,0.010922697372734547,0
molecola_60190,23,0,23,0.010922286659479141,0
molecola_60190,24,0,24,0.01584748737514019,0
molecola_60001,1,0,1,0.007705375552177429,0
molecola_60001,2,0,2,0.00804072618484497,0
molecola_60001,3,0,3,0.007705375552177429,0
molecola_60001,4,0,4,0.007643570192158222,0
molecola_60001,5,0,5,0.007646217942237854,0
molecola_60001,6,0,6,0.007643570192158222,0
molecola_60001,7,0,7,0.009013623930513859,0
molecola_60001,8,0,8,0.011428953148424625,0
molecola_60001,9,0,9,0.014745493419468403,0
molecola_60001,10,0,10,0.03831850364804268,0
molecola_60001,11,0,11,0.014140929095447063,0
molecola_60001,12,0,12,0.24746820330619812,0
molecola_60001,13,0,13,0.08783910423517227,0
molecola_60001,14,1,14,0.9466606378555298,1
molecola_60001,15,0,15,0.016554472967982292,0
molecola_60001,16,0,16,0.04764671251177788,0
molecola_60001,17,0,17,0.01071077212691307,0
molecola_60001,18,0,18,0.01071077212691307,0
molecola_60001,19,0,19,0.01071077212691307,0
molecola_60026,1,0,1,0.9552785158157349,1
molecola_60026,2,0,2,0.9500966668128967,1
molecola_60026,3,0,3,0.9037004113197327,1
molecola_60026,4,0,4,0.10589563101530075,0
molecola_60026,5,0,5,0.026990367099642754,0
molecola_60026,6,0,6,0.06274791806936264,0
molecola_60026,7,0,7,0.02251880243420601,0
molecola_60026,8,0,8,0.013311123475432396,0
molecola_60026,9,0,9,0.011103310622274876,0
molecola_60026,10,0,10,0.011369268409907818,0
molecola_60026,11,0,11,0.012273530475795269,0
molecola_60026,12,0,12,0.011762501671910286,0
molecola_60026,13,0,13,0.9588225483894348,1
molecola_60026,14,0,14,0.015097318217158318,0
molecola_60026,15,0,15,0.015097318217158318,0
molecola_60026,16,0,16,0.01174189429730177,0
molecola_60026,17,0,17,0.01174189429730177,0
molecola_60026,18,0,18,0.011791992001235485,0
molecola_60026,19,0,19,0.9694488644599915,1
molecola_60026,20,0,20,0.009899802505970001,0
molecola_60026,21,0,21,0.010024533607065678,0
molecola_60026,22,0,22,0.25737717747688293,0
molecola_60026,23,0,23,0.008363822475075722,0
molecola_60026,24,0,24,0.0359671488404274,0
molecola_60026,25,0,25,0.04132836312055588,0
molecola_60026,26,0,26,0.010111957788467407,0
molecola_60026,27,0,27,0.0077242073602974415,0
molecola_60026,28,1,28,0.9499868154525757,1
molecola_60026,29,0,29,0.008679082617163658,0
molecola_60026,30,0,30,0.007953980937600136,0
molecola_60026,31,0,31,0.007953980937600136,0
molecola_60026,32,0,32,0.013089152984321117,0
molecola_60026,33,0,33,0.007643327582627535,0
molecola_60026,34,0,34,0.0079991789534688,0
molecola_60026,35,0,35,0.007703742478042841,0
molecola_60026,36,0,36,0.007703742478042841,0
molecola_60026,37,0,37,0.008014101535081863,0
molecola_60026,38,0,38,0.03352118656039238,0
molecola_60026,39,0,39,0.008061205968260765,0
molecola_60026,40,0,40,0.0077033741399645805,0
molecola_60026,41,0,41,0.007704595569521189,0
molecola_60026,42,0,42,0.01280935388058424,0
molecola_60026,43,0,43,0.007642896845936775,0
molecola_60026,44,0,44,0.008967536501586437,0
molecola_60026,45,0,45,0.007642896845936775,0
molecola_60002,1,0,1,0.136654332280159,0
molecola_60002,2,0,2,0.019676581025123596,0
molecola_60002,3,0,3,0.06746644526720047,0
molecola_60002,4,0,4,0.01705540344119072,0
molecola_60002,5,0,5,0.012308296747505665,0
molecola_60002,6,0,6,0.008351434022188187,0
molecola_60002,7,0,7,0.014277960173785686,0
molecola_60002,8,0,8,0.007913867011666298,0
molecola_60002,9,0,9,0.010995724238455296,0
molecola_60002,10,0,10,0.008071629330515862,0
molecola_60002,11,0,11,0.007646652404218912,0
molecola_60002,12,0,12,0.0320589542388916,0
molecola_60002,13,1,13,0.9512839317321777,1
molecola_60002,14,0,14,0.014291644096374512,0
molecola_60002,15,0,15,0.0080728055909276,0
molecola_60002,16,0,16,0.0080728055909276,0
molecola_60002,17,0,17,0.007647281512618065,0
molecola_60002,18,0,18,0.007647281512618065,0
molecola_60002,19,0,19,0.007646217942237854,0
molecola_60002,20,0,20,0.8247018456459045,1
molecola_60002,21,0,21,0.010404784232378006,0
molecola_60002,22,0,22,0.007994004525244236,0
molecola_60002,23,0,23,0.01132655143737793,0
molecola_60002,24,0,24,0.007994004525244236,0
molecola_60002,25,0,25,0.010404784232378006,0
molecola_60002,26,0,26,0.01234198734164238,0
molecola_60002,27,0,27,0.014471921138465405,0
molecola_60002,28,0,28,0.20017482340335846,0
molecola_60002,29,0,29,0.039277441799640656,0
molecola_60002,30,0,30,0.01805281639099121,0
molecola_60002,31,0,31,0.039277441799640656,0
molecola_60042,1,0,1,0.012088865041732788,0
molecola_60042,2,0,2,0.0666881874203682,0
molecola_60042,3,0,3,0.03562057018280029,0
molecola_60042,4,0,4,0.015795143321156502,0
molecola_60042,5,0,5,0.05213579535484314,0
molecola_60042,6,0,6,0.7218917608261108,1
molecola_60042,7,0,7,0.025938905775547028,0
molecola_60042,8,0,8,0.010306344367563725,0
molecola_60042,9,0,9,0.023642471060156822,0
molecola_60042,10,0,10,0.4973749816417694,0
molecola_60042,11,0,11,0.0230405256152153,0
molecola_60042,12,0,12,0.03969867527484894,0
molecola_60042,13,0,13,0.011076337657868862,0
molecola_60042,14,0,14,0.013750283978879452,0
molecola_60042,15,0,15,0.01627257466316223,0
molecola_60042,16,0,16,0.00936104916036129,0
molecola_60042,17,0,17,0.007880090735852718,0
molecola_60042,18,0,18,0.007859309203922749,0
molecola_60042,19,0,19,0.007859309203922749,0
molecola_60042,20,0,20,0.007657879963517189,0
molecola_60042,21,0,21,0.007644509896636009,0
molecola_60042,22,0,22,0.00861641950905323,0
molecola_60042,23,0,23,0.00861641950905323,0
molecola_60042,24,0,24,0.013317395001649857,0
molecola_60042,25,0,25,0.013317395001649857,0
molecola_60042,26,0,26,0.019253158941864967,0
molecola_60042,27,1,27,0.9244738221168518,1
molecola_60042,28,0,28,0.020948167890310287,0
molecola_60042,29,0,29,0.01597321406006813,0
molecola_60044,1,0,1,0.0673837959766388,0
molecola_60044,2,0,2,0.52983158826828,1
molecola_60044,3,0,3,0.052152227610349655,0
molecola_60044,4,0,4,0.9741337895393372,1
molecola_60044,5,0,5,0.9590778350830078,1
molecola_60044,6,0,6,0.036222487688064575,0
molecola_60044,7,0,7,0.011399198323488235,0
molecola_60044,8,0,8,0.011819690465927124,0
molecola_60044,9,0,9,0.011140819638967514,0
molecola_60044,10,0,10,0.05320213735103607,0
molecola_60044,11,0,11,0.0530778206884861,0
molecola_60044,12,0,12,0.0077822888270020485,0
molecola_60044,13,0,13,0.0077442871406674385,0
molecola_60044,14,0,14,0.00940729584544897,0
molecola_60044,15,0,15,0.009403976611793041,0
molecola_60044,16,0,16,0.007644553668797016,0
molecola_60044,17,0,17,0.9539183378219604,1
molecola_60044,18,0,18,0.007657879963517189,0
molecola_60044,19,0,19,0.007643446791917086,0
molecola_60044,20,0,20,0.007657879963517189,0
molecola_60044,21,1,21,0.915734589099884,1
molecola_60044,22,0,22,0.020961474627256393,0
molecola_60057,1,0,1,0.012079450301826,0
molecola_60057,2,0,2,0.009495790116488934,0
molecola_60057,3,0,3,0.01031525433063507,0
molecola_60057,4,0,4,0.520337700843811,1
molecola_60057,5,0,5,0.09711361676454544,0
molecola_60057,6,0,6,0.008451122790575027,0
molecola_60057,7,0,7,0.008451159112155437,0
molecola_60057,8,1,8,0.9331837296485901,1
molecola_60057,9,0,9,0.009682412259280682,0
molecola_60057,10,0,10,0.01651952974498272,0
molecola_60057,11,0,11,0.016089236363768578,0
molecola_60057,12,0,12,0.012257060036063194,0
molecola_60057,13,0,13,0.010788317769765854,0
molecola_60057,14,0,14,0.009953640401363373,0
molecola_60057,15,0,15,0.013308625668287277,0
molecola_60057,16,0,16,0.010386628098785877,0
molecola_60057,17,0,17,0.016624096781015396,0
molecola_60057,18,0,18,0.030481938272714615,0
molecola_60057,19,0,19,0.041182272136211395,0
molecola_60057,20,0,20,0.017911655828356743,0
molecola_60057,21,0,21,0.01606258936226368,0
molecola_60057,22,0,22,0.016257498413324356,0
molecola_60057,23,0,23,0.026096832007169724,0
molecola_60057,24,0,24,0.034122735261917114,0
molecola_60057,25,0,25,0.017033424228429794,0
molecola_60057,26,0,26,0.015217069536447525,0
molecola_60057,27,0,27,0.016248105093836784,0
molecola_60057,28,0,28,0.026021404191851616,0
molecola_60057,29,0,29,0.03456198424100876,0
molecola_60057,30,0,30,0.015040530823171139,0
molecola_60057,31,0,31,0.015040530823171139,0
molecola_60057,32,0,32,0.06069222092628479,0
molecola_60057,33,0,33,0.023803163319826126,0
molecola_60057,34,0,34,0.02418169379234314,0
molecola_60057,35,0,35,0.013150942511856556,0
molecola_60065,1,0,1,0.009290475398302078,0
molecola_60065,2,0,2,0.008178695105016232,0
molecola_60065,3,0,3,0.011303608305752277,0
molecola_60065,4,0,4,0.009383398108184338,0
molecola_60065,5,0,5,0.009200111031532288,0
molecola_60065,6,0,6,0.007926590740680695,0
molecola_60065,7,0,7,0.009146062657237053,0
molecola_60065,8,0,8,0.008928869850933552,0
molecola_60065,9,0,9,0.009011711925268173,0
molecola_60065,10,0,10,0.8631297945976257,1
molecola_60065,11,0,11,0.07289783656597137,0
molecola_60065,12,0,12,0.02702099084854126,0
molecola_60065,13,0,13,0.011889259330928326,0
molecola_60065,14,0,14,0.01784951612353325,0
molecola_60065,15,0,15,0.012176420539617538,0
molecola_60065,16,0,16,0.029096582904458046,0
molecola_60065,17,0,17,0.9409608840942383,1
molecola_60065,18,0,18,0.015889843925833702,0
molecola_60065,19,0,19,0.11956357210874557,0
molecola_60065,20,0,20,0.0933275893330574,0
molecola_60065,21,0,21,0.01775490865111351,0
molecola_60065,22,0,22,0.03190892934799194,0
molecola_60065,23,0,23,0.015723636373877525,0
molecola_60065,24,0,24,0.016933707520365715,0
molecola_60065,25,0,25,0.00796293281018734,0
molecola_60065,26,0,26,0.011300352402031422,0
molecola_60065,27,0,27,0.00796293281018734,0
molecola_60065,28,0,28,0.008027790114283562,0
molecola_60065,29,0,29,0.017092710360884666,0
molecola_60065,30,0,30,0.03021109476685524,0
molecola_60065,31,0,31,0.014578002505004406,0
molecola_60065,32,1,32,0.9595836400985718,1
molecola_60065,33,0,33,0.14301776885986328,0
molecola_60065,34,0,34,0.3625934422016144,0
molecola_60065,35,0,35,0.013389893807470798,0
molecola_60065,36,0,36,0.06098205968737602,0
molecola_60065,37,0,37,0.015475323423743248,0
molecola_60065,38,0,38,0.011065040715038776,0
molecola_60065,39,0,39,0.011065040715038776,0
molecola_60065,40,0,40,0.008027790114283562,0
molecola_60007,1,0,1,0.012713344767689705,0
molecola_60007,2,0,2,0.02724350057542324,0
molecola_60007,3,0,3,0.14879825711250305,0
molecola_60007,4,1,4,0.9569959044456482,1
molecola_60007,5,0,5,0.0643720030784607,0
molecola_60007,6,0,6,0.02961885929107666,0
molecola_60007,7,0,7,0.08928656578063965,0
molecola_60007,8,0,8,0.011356493458151817,0
molecola_60007,9,0,9,0.013805041089653969,0
molecola_60007,10,0,10,0.03669537976384163,0
molecola_60007,11,0,11,0.1507592499256134,0
molecola_60007,12,0,12,0.9565652012825012,1
molecola_60007,13,0,13,0.08918596804141998,0
molecola_60007,14,0,14,0.06450165808200836,0
molecola_60007,15,0,15,0.029618853703141212,0
molecola_60007,16,0,16,0.012401513755321503,0
molecola_60007,17,0,17,0.01769156940281391,0
molecola_60007,18,0,18,0.15678875148296356,0
molecola_60007,19,0,19,0.0373927503824234,0
molecola_60007,20,0,20,0.0373927503824234,0
molecola_60007,21,0,21,0.01441158540546894,0
molecola_60007,22,0,22,0.011297092773020267,0
molecola_60007,23,0,23,0.010922286659479141,0
molecola_60007,24,0,24,0.008739768527448177,0
molecola_60007,25,0,25,0.02002716064453125,0
molecola_60007,26,0,26,0.008414573036134243,0
molecola_60007,27,0,27,0.007784177083522081,0
molecola_60007,28,0,28,0.01130272913724184,0
molecola_60007,29,0,29,0.010922697372734547,0
molecola_60007,30,0,30,0.008414573036134243,0
molecola_60007,31,0,31,0.02002716064453125,0
molecola_60007,32,0,32,0.008739763870835304,0
molecola_60007,33,0,33,0.011297092773020267,0
molecola_60007,34,0,34,0.010922286659479141,0
molecola_60007,35,0,35,0.01130272913724184,0
molecola_60007,36,0,36,0.010922697372734547,0
molecola_60007,37,0,37,0.007784177083522081,0
molecola_60093,1,0,1,0.008601752109825611,0
molecola_60093,2,0,2,0.10710901021957397,0
molecola_60093,3,0,3,0.019557522609829903,0
molecola_60093,4,0,4,0.06152276322245598,0
molecola_60093,5,0,5,0.024846049025654793,0
molecola_60093,6,0,6,0.01561135146766901,0
molecola_60093,7,0,7,0.03445606306195259,0
molecola_60093,8,0,8,0.03726877644658089,0
molecola_60093,9,0,9,0.06299439072608948,0
molecola_60093,10,0,10,0.013545075431466103,0
molecola_60093,11,0,11,0.014762441627681255,0
molecola_60093,12,0,12,0.03396710753440857,0
molecola_60093,13,0,13,0.013750698417425156,0
molecola_60093,14,0,14,0.013750698417425156,0
molecola_60093,15,0,15,0.015997162088751793,0
molecola_60093,16,0,16,0.016468415036797523,0
molecola_60093,17,0,17,0.016468415036797523,0
molecola_60093,18,0,18,0.013266107998788357,0
molecola_60093,19,0,19,0.012193696573376656,0
molecola_60093,20,0,20,0.016642043367028236,0
molecola_60093,21,0,21,0.012757128104567528,0
molecola_60093,22,0,22,0.016785521060228348,0
molecola_60093,23,1,23,0.9512730240821838,1
molecola_60093,24,0,24,0.01741011254489422,0
molecola_60093,25,0,25,0.023290948942303658,0
molecola_60093,26,0,26,0.014139752835035324,0
molecola_60093,27,0,27,0.014132501557469368,0
molecola_60093,28,0,28,0.013772846199572086,0
molecola_60093,29,0,29,0.08354578912258148,0
molecola_60093,30,0,30,0.018497224897146225,0
molecola_60093,31,0,31,0.01670309714972973,0
molecola_60093,32,0,32,0.01782197691500187,0
molecola_60093,33,0,33,0.008337544277310371,0
molecola_60093,34,0,34,0.008989077061414719,0
molecola_60093,35,0,35,0.009485005401074886,0
molecola_60093,36,0,36,0.012131953611969948,0
molecola_60093,37,0,37,0.01594051532447338,0
molecola_60009,1,0,1,0.01276429370045662,0
molecola_60009,2,0,2,0.012295289896428585,0
molecola_60009,3,0,3,0.014021070674061775,0
molecola_60009,4,0,4,0.01036522164940834,0
molecola_60009,5,0,5,0.059705864638090134,0
molecola_60009,6,0,6,0.03669225424528122,0
molecola_60009,7,0,7,0.03559117764234543,0
molecola_60009,8,0,8,0.027603859081864357,0
molecola_60009,9,0,9,0.012000893242657185,0
molecola_60009,10,0,10,0.010521339252591133,0
molecola_60009,11,0,11,0.011810220777988434,0
molecola_60009,12,0,12,0.011765755712985992,0
molecola_60009,13,0,13,0.12289007008075714,0
molecola_60009,14,0,14,0.06323321908712387,0
molecola_60009,15,0,15,0.9159454107284546,1
molecola_60009,16,0,16,0.020961474627256393,0
molecola_60009,17,0,17,0.052152227610349655,0
molecola_60009,18,0,18,0.020999817177653313,0
molecola_60009,19,0,19,0.009965178556740284,0
molecola_60009,20,0,20,0.013439320959150791,0
molecola_60009,21,0,21,0.32207316160202026,0
molecola_60009,22,0,22,0.018769653514027596,0
molecola_60009,23,0,23,0.019571831449866295,0
molecola_60009,24,0,24,0.9502512216567993,1
molecola_60009,25,0,25,0.9691912531852722,1
molecola_60009,26,0,26,0.9040912389755249,1
molecola_60009,27,0,27,0.9495885372161865,1
molecola_60009,28,0,28,0.8613595962524414,1
molecola_60009,29,0,29,0.07675515860319138,0
molecola_60009,30,1,30,0.9344314336776733,1
molecola_60009,31,0,31,0.06241576001048088,0
molecola_60009,32,0,32,0.03744562342762947,0
molecola_60009,33,0,33,0.008765343576669693,0
molecola_60009,34,0,34,0.007647281512618065,0
molecola_60009,35,0,35,0.007646217942237854,0
molecola_60009,36,0,36,0.007647281512618065,0
molecola_60009,37,0,37,0.008765343576669693,0
molecola_60009,38,0,38,0.01797252893447876,0
molecola_60009,39,0,39,0.018843481317162514,0
molecola_60009,40,0,40,0.009713212959468365,0
molecola_60009,41,0,41,0.009713212959468365,0
molecola_60009,42,0,42,0.011150836013257504,0
molecola_60009,43,1,43,0.9569870829582214,1
molecola_60009,44,0,44,0.015418644063174725,0
molecola_60009,45,0,45,0.06042505428195,0
molecola_60009,46,0,46,0.015782931819558144,0
molecola_60009,47,0,47,0.012454953975975513,0
molecola_60009,48,0,48,0.016306333243846893,0
molecola_60009,49,0,49,0.011475956998765469,0
molecola_60009,50,0,50,0.010358072817325592,0
molecola_60009,51,0,51,0.010358072817325592,0
molecola_60009,52,0,52,0.010358072817325592,0
molecola_60009,53,0,53,0.9724603295326233,1
molecola_60009,54,0,54,0.9692978262901306,1
molecola_60009,55,0,55,0.8880423903465271,1
molecola_60009,56,0,56,0.9514252543449402,1
molecola_60009,57,0,57,0.656709611415863,1
molecola_60009,58,0,58,0.011963431723415852,0
molecola_60009,59,0,59,0.011963431723415852,0
molecola_60009,60,0,60,0.011963431723415852,0
