molecola,indice_atomi,match,indice_atomo,probabilita,y_pred_prob
molecola_100,1,0,1,0.00589094590395689,0
molecola_100,2,0,2,0.006058771163225174,0
molecola_100,3,0,3,0.00589094590395689,0
molecola_100,4,0,4,0.005528711713850498,0
molecola_100,5,0,5,0.004961835220456123,0
molecola_100,6,0,6,0.005311038810759783,0
molecola_100,7,0,7,0.004965787287801504,0
molecola_100,8,0,8,0.008696746081113815,0
molecola_100,9,0,9,0.034952446818351746,0
molecola_100,10,0,10,0.988860547542572,1
molecola_100,11,0,11,0.034952614456415176,0
molecola_100,12,1,12,0.988860547542572,1
molecola_100,13,0,13,0.008873057551681995,0
molecola_100,14,0,14,0.005546149797737598,0
molecola_100,15,0,15,0.005938180722296238,0
molecola_100,16,0,16,0.005789661779999733,0
molecola_100,17,0,17,0.005613694898784161,0
molecola_100,18,0,18,0.0056769042275846004,0
molecola_100,19,0,19,0.005607701372355223,0
molecola_100,20,0,20,0.00503145158290863,0
molecola_100,21,0,21,0.00873370561748743,0
molecola_100,22,0,22,0.034952446818351746,0
molecola_100,23,1,23,0.988860547542572,1
molecola_100,24,0,24,0.03495302423834801,0
molecola_100,25,1,25,0.988860547542572,1
molecola_100,26,0,26,0.009947504848241806,0
molecola_10227,1,0,1,0.9694765210151672,1
molecola_10227,2,0,2,0.030112374573946,0
molecola_10227,3,0,3,0.01101262029260397,0
molecola_10227,4,0,4,0.005021836142987013,0
molecola_10227,5,0,5,0.006259898189455271,0
molecola_10227,6,0,6,0.005020375829190016,0
molecola_10227,7,0,7,0.008708321489393711,0
molecola_10227,8,0,8,0.034909214824438095,0
molecola_10227,9,1,9,0.988861620426178,1
molecola_10227,10,0,10,0.03240175172686577,0
molecola_10227,11,0,11,0.8220887184143066,1
molecola_10227,12,0,12,0.0075514065101742744,0
molecola_10227,13,0,13,0.005461713764816523,0
molecola_10227,14,0,14,0.005372733809053898,0
molecola_10227,15,0,15,0.005228523630648851,0
molecola_10227,16,0,16,0.005275520496070385,0
molecola_10227,17,0,17,0.0053000543266534805,0
molecola_10227,18,0,18,0.005563085898756981,0
molecola_10227,19,0,19,0.005463102366775274,0
molecola_10227,20,0,20,0.008761043660342693,0
molecola_10227,21,0,21,0.005463102366775274,0
molecola_10227,22,0,22,0.005560635589063168,0
molecola_10227,23,0,23,0.005263387691229582,0
molecola_10227,24,0,24,0.004964696709066629,0
molecola_10227,25,0,25,0.0052044205367565155,0
molecola_10227,26,0,26,0.0049230782315135,0
molecola_10227,27,0,27,0.004959185142070055,0
molecola_10227,28,0,28,0.004955339711159468,0
molecola_10227,29,0,29,0.004959185142070055,0
molecola_10227,30,0,30,0.0049230782315135,0
molecola_10625,1,0,1,0.005614027846604586,0
molecola_10625,2,0,2,0.005762084852904081,0
molecola_10625,3,0,3,0.005614027846604586,0
molecola_10625,4,0,4,0.0056495885364711285,0
molecola_10625,5,0,5,0.005972092505544424,0
molecola_10625,6,0,6,0.00600079633295536,0
molecola_10625,7,0,7,0.00534762954339385,0
molecola_10625,8,0,8,0.005363461561501026,0
molecola_10625,9,0,9,0.006233665626496077,0
molecola_10625,10,0,10,0.005363461561501026,0
molecola_10625,11,0,11,0.00534762954339385,0
molecola_10625,12,0,12,0.005838856101036072,0
molecola_10625,13,0,13,0.005902663804590702,0
molecola_10625,14,0,14,0.0057246801443398,0
molecola_10625,15,0,15,0.0061674281023442745,0
molecola_10625,16,0,16,0.004992406815290451,0
molecola_10625,17,0,17,0.008771012537181377,0
molecola_10625,18,0,18,0.03482775390148163,0
molecola_10625,19,1,19,0.9888995289802551,1
molecola_10625,20,0,20,0.011766570620238781,0
molecola_10625,21,0,21,0.006195385474711657,0
molecola_10625,22,0,22,0.005838183686137199,0
molecola_10625,23,0,23,0.005902657750993967,0
molecola_10625,24,0,24,0.005725532304495573,0
molecola_10625,25,0,25,0.005600973032414913,0
molecola_10625,26,0,26,0.004948103334754705,0
molecola_10625,27,0,27,0.004926503635942936,0
molecola_10625,28,0,28,0.005140410736203194,0
molecola_10625,29,0,29,0.004932390991598368,0
molecola_10625,30,0,30,0.00494823232293129,0
molecola_10625,31,0,31,0.004946800414472818,0
molecola_10673,1,0,1,0.006298930384218693,0
molecola_10673,2,0,2,0.005176551174372435,0
molecola_10673,3,0,3,0.0055849915370345116,0
molecola_10673,4,0,4,0.005129424389451742,0
molecola_10673,5,0,5,0.005327316466718912,0
molecola_10673,6,0,6,0.005650727543979883,0
molecola_10673,7,0,7,0.004959528800100088,0
molecola_10673,8,0,8,0.0051154932007193565,0
molecola_10673,9,0,9,0.004944951273500919,0
molecola_10673,10,0,10,0.00869548786431551,0
molecola_10673,11,0,11,0.03482510894536972,0
molecola_10673,12,1,12,0.9888995289802551,1
molecola_10673,13,0,13,0.007508256938308477,0
molecola_10673,14,0,14,0.005082520190626383,0
molecola_10673,15,0,15,0.004996401723474264,0
molecola_10673,16,0,16,0.005094544496387243,0
molecola_10673,17,0,17,0.004915513098239899,0
molecola_10673,18,0,18,0.004925045650452375,0
molecola_10673,19,0,19,0.005146456882357597,0
molecola_10673,20,0,20,0.0049321288242936134,0
molecola_10673,21,0,21,0.004941313527524471,0
molecola_10673,22,0,22,0.005219912156462669,0
molecola_10760,1,0,1,0.0059054335579276085,0
molecola_10760,2,0,2,0.006506584119051695,0
molecola_10760,3,0,3,0.006986819673329592,0
molecola_10760,4,0,4,0.00555060151964426,0
molecola_10760,5,0,5,0.0063403332605957985,0
molecola_10760,6,0,6,0.0052008843049407005,0
molecola_10760,7,0,7,0.004926782101392746,0
molecola_10760,8,0,8,0.005609301850199699,0
molecola_10760,9,0,9,0.005010597873479128,0
molecola_10760,10,0,10,0.005415281280875206,0
molecola_10760,11,0,11,0.005276256240904331,0
molecola_10760,12,0,12,0.004938540514558554,0
molecola_10760,13,0,13,0.004982685670256615,0
molecola_10760,14,0,14,0.004957780707627535,0
molecola_10760,15,0,15,0.008569014258682728,0
molecola_10760,16,0,16,0.03482365608215332,0
molecola_10760,17,1,17,0.9888995289802551,1
molecola_10760,18,0,18,0.0059036510065197945,0
molecola_10760,19,0,19,0.004929548595100641,0
molecola_10760,20,0,20,0.0049398718401789665,0
molecola_10760,21,0,21,0.005539336707442999,0
molecola_10760,22,0,22,0.006224102806299925,0
molecola_12071,1,1,1,0.988861620426178,1
molecola_12071,2,0,2,0.03490857034921646,0
molecola_12071,3,0,3,0.008696404285728931,0
molecola_12071,4,0,4,0.004989375825971365,0
molecola_12071,5,0,5,0.005192470736801624,0
molecola_12071,6,0,6,0.004957893397659063,0
molecola_12071,7,0,7,0.007988871075212955,0
molecola_12071,8,0,8,0.005183281376957893,0
molecola_12071,9,0,9,0.005276436451822519,0
molecola_12071,10,0,10,0.005276436451822519,0
molecola_12071,11,0,11,0.005276436451822519,0
molecola_12071,12,0,12,0.006138682831078768,0
molecola_12071,13,0,13,0.004946563392877579,0
molecola_12071,14,0,14,0.005084963049739599,0
molecola_12071,15,0,15,0.004901112988591194,0
molecola_12071,16,0,16,0.005084963049739599,0
molecola_12071,17,0,17,0.004946563392877579,0
molecola_12874,1,0,1,0.005588032770901918,0
molecola_12874,2,0,2,0.005297742318361998,0
molecola_12874,3,0,3,0.005617307964712381,0
molecola_12874,4,0,4,0.005368508398532867,0
molecola_12874,5,0,5,0.005103947129100561,0
molecola_12874,6,0,6,0.005103947129100561,0
molecola_12874,7,0,7,0.005015411879867315,0
molecola_12874,8,0,8,0.0049520209431648254,0
molecola_12874,9,0,9,0.004904132802039385,0
molecola_12874,10,0,10,0.004952737595885992,0
molecola_12874,11,0,11,0.0047691804356873035,0
molecola_12874,12,0,12,0.004782325122505426,0
molecola_12874,13,0,13,0.005135682411491871,0
molecola_12874,14,0,14,0.005226359236985445,0
molecola_12874,15,0,15,0.0055558099411427975,0
molecola_12874,16,0,16,0.00494261272251606,0
molecola_12874,17,0,17,0.004885588772594929,0
molecola_12874,18,0,18,0.004920738283544779,0
molecola_12874,19,0,19,0.004914137069135904,0
molecola_12874,20,0,20,0.004950735718011856,0
molecola_12874,21,0,21,0.004914137069135904,0
molecola_12874,22,0,22,0.004920738283544779,0
molecola_12874,23,0,23,0.0049498057924211025,0
molecola_12874,24,0,24,0.006041345652192831,0
molecola_12874,25,0,25,0.03482387214899063,0
molecola_12874,26,1,26,0.9888995289802551,1
molecola_12874,27,0,27,0.008712627924978733,0
molecola_12874,28,0,28,0.004945640917867422,0
molecola_12874,29,0,29,0.005063137039542198,0
molecola_12874,30,0,30,0.0048452578485012054,0
molecola_12874,31,0,31,0.0060519748367369175,0
molecola_12874,32,0,32,0.005890934728085995,0
molecola_12874,33,0,33,0.005890934728085995,0
molecola_13308,1,0,1,0.006052445620298386,0
molecola_13308,2,0,2,0.006293825339525938,0
molecola_13308,3,0,3,0.005090364720672369,0
molecola_13308,4,0,4,0.004940762650221586,0
molecola_13308,5,0,5,0.004897558595985174,0
molecola_13308,6,0,6,0.005272883456200361,0
molecola_13308,7,0,7,0.005561606492847204,0
molecola_13308,8,0,8,0.005048665683716536,0
molecola_13308,9,0,9,0.00764048146083951,0
molecola_13308,10,0,10,0.03499021381139755,0
molecola_13308,11,1,11,0.988817572593689,1
molecola_13308,12,0,12,0.004894542973488569,0
molecola_13308,13,0,13,0.004917099140584469,0
molecola_13308,14,0,14,0.004925157874822617,0
molecola_13308,15,0,15,0.005143957678228617,0
molecola_13308,16,0,16,0.004932182841002941,0
molecola_13308,17,0,17,0.004925157874822617,0
molecola_13308,18,0,18,0.004917099140584469,0
molecola_1345,1,0,1,0.9888181090354919,1
molecola_1345,2,0,2,0.03498266637325287,0
molecola_1345,3,0,3,0.0051013329066336155,0
molecola_1345,4,0,4,0.005087566561996937,0
molecola_1345,5,0,5,0.0050763702020049095,0
molecola_1345,6,0,6,0.005911592859774828,0
molecola_1345,7,0,7,0.03482575714588165,0
molecola_1345,8,1,8,0.9888994097709656,1
molecola_1345,9,0,9,0.021541664376854897,0
molecola_1345,10,0,10,0.0349065400660038,0
molecola_1345,11,0,11,0.9888617396354675,1
molecola_1345,12,0,12,0.005126741249114275,0
molecola_1345,13,0,13,0.008653054013848305,0
molecola_1345,14,0,14,0.009592607617378235,0
molecola_1345,15,0,15,0.00495495181530714,0
molecola_1345,16,0,16,0.004946171306073666,0
molecola_1345,17,0,17,0.00860939547419548,0
molecola_1345,18,0,18,0.03482639044523239,0
molecola_1345,19,1,19,0.9888995289802551,1
molecola_1345,20,0,20,0.00860939547419548,0
molecola_1345,21,0,21,0.004946171306073666,0
molecola_13667,1,0,1,0.005129446741193533,0
molecola_13667,2,0,2,0.005329052451997995,0
molecola_13667,3,0,3,0.006335432641208172,0
molecola_13667,4,0,4,0.00498504564166069,0
molecola_13667,5,0,5,0.005111226346343756,0
molecola_13667,6,0,6,0.005529477261006832,0
molecola_13667,7,0,7,0.005475492682307959,0
molecola_13667,8,0,8,0.006214050110429525,0
molecola_13667,9,0,9,0.02453441172838211,0
molecola_13667,10,0,10,0.6394256353378296,1
molecola_13667,11,0,11,0.005124569870531559,0
molecola_13667,12,0,12,0.004953371826559305,0
molecola_13667,13,0,13,0.004917122423648834,0
molecola_13667,14,0,14,0.004874029662460089,0
molecola_13667,15,0,15,0.004999553319066763,0
molecola_13667,16,0,16,0.004767261445522308,0
molecola_13667,17,0,17,0.004888652358204126,0
molecola_13667,18,0,18,0.005505351349711418,0
molecola_13667,19,0,19,0.005361172370612621,0
molecola_13667,20,0,20,0.032136283814907074,0
molecola_13667,21,1,21,0.9486677646636963,1
molecola_13667,22,0,22,0.007053405046463013,0
molecola_13667,23,0,23,0.005320652388036251,0
molecola_13667,24,0,24,0.005073620937764645,0
molecola_13667,25,0,25,0.005925423931330442,0
molecola_13667,26,0,26,0.005320041906088591,0
molecola_13667,27,0,27,0.00475599430501461,0
molecola_13667,28,0,28,0.005299767479300499,0
molecola_13667,29,0,29,0.005436706356704235,0
molecola_13667,30,0,30,0.006150117609649897,0
molecola_13713,1,0,1,0.005905705504119396,0
molecola_13713,2,0,2,0.006574487313628197,0
molecola_13713,3,0,3,0.006839944515377283,0
molecola_13713,4,0,4,0.005086420103907585,0
molecola_13713,5,0,5,0.004914202261716127,0
molecola_13713,6,0,6,0.00495254248380661,0
molecola_13713,7,0,7,0.004874804522842169,0
molecola_13713,8,0,8,0.004907708149403334,0
molecola_13713,9,0,9,0.008436175994575024,0
molecola_13713,10,0,10,0.00914696604013443,0
molecola_13713,11,0,11,0.00540719460695982,0
molecola_13713,12,0,12,0.004806998185813427,0
molecola_13713,13,0,13,0.004764662589877844,0
molecola_13713,14,0,14,0.004942493047565222,0
molecola_13713,15,0,15,0.007252546958625317,0
molecola_13713,16,0,16,0.03491978719830513,0
molecola_13713,17,1,17,0.9888613820075989,1
molecola_13713,18,0,18,0.008490476757287979,0
molecola_13713,19,0,19,0.006552515085786581,0
molecola_13713,20,0,20,0.0059054335579276085,0
molecola_13713,21,0,21,0.0067649465054273605,0
molecola_13713,22,0,22,0.006491248961538076,0
molecola_13713,23,0,23,0.0059054335579276085,0
molecola_13713,24,0,24,0.004981085658073425,0
molecola_13713,25,0,25,0.005168858449906111,0
molecola_13713,26,0,26,0.005720756947994232,0
molecola_13713,27,0,27,0.0057966760359704494,0
molecola_13713,28,0,28,0.0057414560578763485,0
molecola_13946,1,0,1,0.005905705504119396,0
molecola_13946,2,0,2,0.006634246092289686,0
molecola_13946,3,0,3,0.007944981567561626,0
molecola_13946,4,0,4,0.005108690820634365,0
molecola_13946,5,0,5,0.0048948307521641254,0
molecola_13946,6,0,6,0.004949411377310753,0
molecola_13946,7,0,7,0.008674615994095802,0
molecola_13946,8,0,8,0.03492223843932152,0
molecola_13946,9,1,9,0.9888613820075989,1
molecola_13946,10,0,10,0.0051374854519963264,0
molecola_13946,11,0,11,0.005576005671173334,0
molecola_13946,12,0,12,0.004887459799647331,0
molecola_13946,13,0,13,0.005152219440788031,0
molecola_13946,14,0,14,0.005106374155730009,0
molecola_13946,15,0,15,0.004913640674203634,0
molecola_13946,16,0,16,0.005732202902436256,0
molecola_13946,17,0,17,0.005142288748174906,0
molecola_13946,18,0,18,0.004931061528623104,0
molecola_13946,19,0,19,0.007666843477636576,0
molecola_13946,20,0,20,0.03492024540901184,0
molecola_13946,21,0,21,0.9888613820075989,1
molecola_13946,22,0,22,0.008570177480578423,0
molecola_13946,23,0,23,0.006554408930242062,0
molecola_13946,24,0,24,0.0059054335579276085,0
molecola_13946,25,0,25,0.006892809644341469,0
molecola_13946,26,0,26,0.00660080648958683,0
molecola_13946,27,0,27,0.005905705504119396,0
molecola_13946,28,0,28,0.005093391519039869,0
molecola_14203,1,0,1,0.006243217270821333,0
molecola_14203,2,0,2,0.006053322926163673,0
molecola_14203,3,0,3,0.026130106300115585,0
molecola_14203,4,0,4,0.8453483581542969,1
molecola_14203,5,0,5,0.03494183346629143,0
molecola_14203,6,1,6,0.988860547542572,1
molecola_14203,7,0,7,0.008722785860300064,0
molecola_14203,8,0,8,0.005236399360001087,0
molecola_14203,9,0,9,0.004923512693494558,0
molecola_14203,10,0,10,0.005199036560952663,0
molecola_14203,11,0,11,0.0051474482752382755,0
molecola_14203,12,0,12,0.004914156161248684,0
molecola_15072,1,0,1,0.005634714383631945,0
molecola_15072,2,0,2,0.005522787105292082,0
molecola_15072,3,0,3,0.005634714383631945,0
molecola_15072,4,0,4,0.0066918679513037205,0
molecola_15072,5,0,5,0.00492241233587265,0
molecola_15072,6,0,6,0.0049720159731805325,0
molecola_15072,7,0,7,0.004916026256978512,0
molecola_15072,8,0,8,0.004906839691102505,0
molecola_15072,9,0,9,0.0051488676108419895,0
molecola_15072,10,0,10,0.004915895871818066,0
molecola_15072,11,0,11,0.004752084147185087,0
molecola_15072,12,0,12,0.004912426229566336,0
molecola_15072,13,0,13,0.005441798362880945,0
molecola_15072,14,0,14,0.00546456640586257,0
molecola_15072,15,0,15,0.006951615214347839,0
molecola_15072,16,0,16,0.006951615214347839,0
molecola_15072,17,0,17,0.005348773207515478,0
molecola_15072,18,0,18,0.03502542898058891,0
molecola_15072,19,1,19,0.9888169765472412,1
molecola_15072,20,0,20,0.03503090888261795,0
molecola_15072,21,1,21,0.988816499710083,1
molecola_16124,1,0,1,0.815800666809082,1
molecola_16124,2,0,2,0.0256773941218853,0
molecola_16124,3,0,3,0.016007298603653908,0
molecola_16124,4,0,4,0.02583380788564682,0
molecola_16124,5,0,5,0.8315767049789429,1
molecola_16124,6,0,6,0.005127232521772385,0
molecola_16124,7,0,7,0.0049279555678367615,0
molecola_16124,8,0,8,0.0052189272828400135,0
molecola_16124,9,0,9,0.02581886015832424,0
molecola_16124,10,0,10,0.8315269947052002,1
molecola_16124,11,0,11,0.005570730194449425,0
molecola_16124,12,0,12,0.005007684230804443,0
molecola_16124,13,0,13,0.005541833117604256,0
molecola_16124,14,0,14,0.00496183056384325,0
molecola_16124,15,0,15,0.004946730099618435,0
molecola_16124,16,0,16,0.00860939547419548,0
molecola_16124,17,0,17,0.03482639044523239,0
molecola_16124,18,1,18,0.9888995289802551,1
molecola_16124,19,0,19,0.00860939547419548,0
molecola_16124,20,0,20,0.004946730099618435,0
molecola_1618,1,0,1,0.006024746689945459,0
molecola_1618,2,0,2,0.005003274418413639,0
molecola_1618,3,0,3,0.005238570738583803,0
molecola_1618,4,0,4,0.005860652308911085,0
molecola_1618,5,0,5,0.005905602127313614,0
molecola_1618,6,0,6,0.005905602127313614,0
molecola_1618,7,0,7,0.0050108120776712894,0
molecola_1618,8,0,8,0.004954401403665543,0
molecola_1618,9,0,9,0.004953914787620306,0
molecola_1618,10,0,10,0.005175797734409571,0
molecola_1618,11,0,11,0.004953914787620306,0
molecola_1618,12,0,12,0.004954401403665543,0
molecola_1618,13,0,13,0.005234325770288706,0
molecola_1618,14,0,14,0.004965396597981453,0
molecola_1618,15,0,15,0.005204766523092985,0
molecola_1618,16,0,16,0.007464447058737278,0
molecola_1618,17,0,17,0.034825075417757034,0
molecola_1618,18,1,18,0.9888995289802551,1
molecola_1618,19,0,19,0.008747679181396961,0
molecola_1618,20,0,20,0.004982312209904194,0
molecola_1618,21,0,21,0.005238960962742567,0
molecola_1618,22,0,22,0.005647424608469009,0
molecola_1618,23,0,23,0.005679537542164326,0
molecola_16248,1,0,1,0.014047608710825443,0
molecola_16248,2,0,2,0.03198994696140289,0
molecola_16248,3,1,3,0.8082250356674194,1
molecola_16248,4,0,4,0.006988401524722576,0
molecola_16248,5,0,5,0.005114457104355097,0
molecola_16248,6,0,6,0.005231168586760759,0
molecola_16248,7,0,7,0.005157772917300463,0
molecola_16248,8,0,8,0.005767105147242546,0
molecola_16248,9,0,9,0.005554521456360817,0
molecola_16248,10,0,10,0.005259569734334946,0
molecola_16248,11,0,11,0.00493702944368124,0
molecola_16248,12,0,12,0.004959514830261469,0
molecola_16248,13,0,13,0.004959333688020706,0
molecola_16248,14,0,14,0.004909604322165251,0
molecola_16248,15,0,15,0.004921202547848225,0
molecola_16378,1,0,1,0.005115961655974388,0
molecola_16378,2,0,2,0.0053270007483661175,0
molecola_16378,3,0,3,0.005056386813521385,0
molecola_16378,4,0,4,0.005447902251034975,0
molecola_16378,5,0,5,0.005731980316340923,0
molecola_16378,6,0,6,0.005046077538281679,0
molecola_16378,7,0,7,0.0053519606590271,0
molecola_16378,8,0,8,0.0053627644665539265,0
molecola_16378,9,0,9,0.005861819721758366,0
molecola_16378,10,0,10,0.005905615631490946,0
molecola_16378,11,0,11,0.005905615631490946,0
molecola_16378,12,0,12,0.005474500358104706,0
molecola_16378,13,0,13,0.004798454232513905,0
molecola_16378,14,0,14,0.005512085743248463,0
molecola_16378,15,0,15,0.005528210662305355,0
molecola_16378,16,0,16,0.005672043189406395,0
molecola_16378,17,0,17,0.008841519244015217,0
molecola_16378,18,0,18,0.005041530355811119,0
molecola_16378,19,0,19,0.005045845173299313,0
molecola_16378,20,0,20,0.005559462588280439,0
molecola_16378,21,0,21,0.005644258111715317,0
molecola_16378,22,0,22,0.005039689596742392,0
molecola_16378,23,0,23,0.0055888332426548,0
molecola_16378,24,0,24,0.0055302768014371395,0
molecola_16378,25,0,25,0.005017599556595087,0
molecola_16378,26,0,26,0.005920572206377983,0
molecola_16378,27,0,27,0.0053344410844147205,0
molecola_16378,28,0,28,0.006912166718393564,0
molecola_16378,29,0,29,0.03226747736334801,0
molecola_16378,30,1,30,0.9480748772621155,1
molecola_16378,31,0,31,0.005464011803269386,0
molecola_16378,32,0,32,0.005701680667698383,0
molecola_16378,33,0,33,0.005701680667698383,0
molecola_16378,34,0,34,0.005813284311443567,0
molecola_16378,35,0,35,0.004782917443662882,0
molecola_16378,36,0,36,0.005552323069423437,0
molecola_16378,37,0,37,0.005644252058118582,0
molecola_16484,1,0,1,0.014170074835419655,0
molecola_16484,2,0,2,0.03272088244557381,0
molecola_16484,3,0,3,0.5428202152252197,1
molecola_16484,4,0,4,0.007007925305515528,0
molecola_16484,5,0,5,0.005943917203694582,0
molecola_16484,6,0,6,0.006730371154844761,0
molecola_16484,7,0,7,0.00500397477298975,0
molecola_16484,8,0,8,0.007485663052648306,0
molecola_16484,9,0,9,0.026244617998600006,0
molecola_16484,10,0,10,0.8609546422958374,1
molecola_16484,11,0,11,0.017598073929548264,0
molecola_16484,12,0,12,0.034913014620542526,0
molecola_16484,13,1,13,0.9888613820075989,1
molecola_16484,14,0,14,0.005859716329723597,0
molecola_16484,15,0,15,0.00586751289665699,0
molecola_16484,16,0,16,0.005677776876837015,0
molecola_16484,17,0,17,0.00564785860478878,0
molecola_16484,18,0,18,0.004951830487698317,0
molecola_16484,19,0,19,0.004929316695779562,0
molecola_16484,20,0,20,0.005206460133194923,0
molecola_16484,21,0,21,0.004923510365188122,0
molecola_16484,22,0,22,0.005199036560952663,0
molecola_16484,23,0,23,0.0051962207071483135,0
molecola_16484,24,0,24,0.004929242189973593,0
molecola_16484,25,0,25,0.005157503765076399,0
molecola_16484,26,0,26,0.005276436451822519,0
molecola_16484,27,0,27,0.005276436451822519,0
molecola_16484,28,0,28,0.005276436451822519,0
molecola_16586,1,0,1,0.7987624406814575,1
molecola_16586,2,0,2,0.02708517573773861,0
molecola_16586,3,0,3,0.00686118146404624,0
molecola_16586,4,0,4,0.004816677886992693,0
molecola_16586,5,0,5,0.00501481955870986,0
molecola_16586,6,0,6,0.004883588757365942,0
molecola_16586,7,0,7,0.0050293561071157455,0
molecola_16586,8,0,8,0.004842881113290787,0
molecola_16586,9,0,9,0.005907359998673201,0
molecola_16586,10,0,10,0.004983097314834595,0
molecola_16586,11,0,11,0.008697263896465302,0
molecola_16586,12,0,12,0.034952446818351746,0
molecola_16586,13,1,13,0.988860547542572,1
molecola_16586,14,0,14,0.034952376037836075,0
molecola_16586,15,0,15,0.988860547542572,1
molecola_16586,16,0,16,0.008856341242790222,0
molecola_16763,1,0,1,0.014960852451622486,0
molecola_16763,2,0,2,0.033161457628011703,0
molecola_16763,3,1,3,0.8529043793678284,1
molecola_16763,4,0,4,0.005623736418783665,0
molecola_16763,5,0,5,0.00579859409481287,0
molecola_16763,6,0,6,0.005622653756290674,0
molecola_16763,7,0,7,0.00851204339414835,0
molecola_16763,8,0,8,0.005696776323020458,0
molecola_16763,9,0,9,0.004831642843782902,0
molecola_16763,10,0,10,0.005300549324601889,0
molecola_16763,11,0,11,0.004968785680830479,0
molecola_16763,12,0,12,0.004874443635344505,0
molecola_16763,13,0,13,0.004889765754342079,0
molecola_16763,14,0,14,0.0050088344141840935,0
molecola_16763,15,0,15,0.0051810056902468204,0
molecola_16763,16,0,16,0.005519891157746315,0
molecola_16763,17,0,17,0.005527191329747438,0
molecola_16763,18,0,18,0.004903848748654127,0
molecola_16763,19,0,19,0.0048934887163341045,0
molecola_16763,20,0,20,0.005020678509026766,0
molecola_16763,21,0,21,0.004986857995390892,0
molecola_16763,22,0,22,0.004890359938144684,0
molecola_16763,23,0,23,0.005133548751473427,0
molecola_16763,24,0,24,0.005374818574637175,0
molecola_16763,25,0,25,0.005501439329236746,0
molecola_16983,1,0,1,0.005691889673471451,0
molecola_16983,2,0,2,0.005078350193798542,0
molecola_16983,3,0,3,0.005691889673471451,0
molecola_16983,4,0,4,0.0056459843181073666,0
molecola_16983,5,0,5,0.004800972994416952,0
molecola_16983,6,0,6,0.005641175899654627,0
molecola_16983,7,0,7,0.005534469150006771,0
molecola_16983,8,0,8,0.007954842410981655,0
molecola_16983,9,0,9,0.0060628498904407024,0
molecola_16983,10,0,10,0.0051431721076369286,0
molecola_16983,11,0,11,0.00700515229254961,0
molecola_16983,12,0,12,0.029240470379590988,0
molecola_16983,13,1,13,0.9664840698242188,1
molecola_16983,14,0,14,0.004767333623021841,0
molecola_1727,1,0,1,0.005274249706417322,0
molecola_1727,2,0,2,0.005690675228834152,0
molecola_1727,3,0,3,0.005126242991536856,0
molecola_1727,4,0,4,0.004952488467097282,0
molecola_1727,5,0,5,0.00613895058631897,0
molecola_1727,6,0,6,0.004952488467097282,0
molecola_1727,7,0,7,0.005126242991536856,0
molecola_1727,8,0,8,0.005196272861212492,0
molecola_1727,9,0,9,0.004951814189553261,0
molecola_1727,10,0,10,0.004919115453958511,0
molecola_1727,11,0,11,0.004931183531880379,0
molecola_1727,12,0,12,0.004968952853232622,0
molecola_1727,13,0,13,0.00495149428024888,0
molecola_1727,14,0,14,0.004944819491356611,0
molecola_1727,15,0,15,0.004983872640877962,0
molecola_1727,16,0,16,0.0049169715493917465,0
molecola_1727,17,0,17,0.005045282654464245,0
molecola_1727,18,0,18,0.02597624994814396,0
molecola_1727,19,0,19,0.8456803560256958,1
molecola_1727,20,0,20,0.005478133913129568,0
molecola_1727,21,0,21,0.005065904930233955,0
molecola_1727,22,0,22,0.004845248535275459,0
molecola_1727,23,0,23,0.004945242311805487,0
molecola_1727,24,0,24,0.008660816587507725,0
molecola_1727,25,0,25,0.03490442410111427,0
molecola_1727,26,1,26,0.9888618588447571,1
molecola_1727,27,0,27,0.005375937558710575,0
molecola_1727,28,0,28,0.004993264097720385,0
molecola_1727,29,0,29,0.00792785082012415,0
molecola_1727,30,0,30,0.008840007707476616,0
molecola_17851,1,0,1,0.0055744037963449955,0
molecola_17851,2,0,2,0.005852007307112217,0
molecola_17851,3,0,3,0.005159556865692139,0
molecola_17851,4,0,4,0.004818413406610489,0
molecola_17851,5,0,5,0.005248409695923328,0
molecola_17851,6,0,6,0.005075604189187288,0
molecola_17851,7,0,7,0.004853956867009401,0
molecola_17851,8,0,8,0.004896319936960936,0
molecola_17851,9,0,9,0.006114806979894638,0
molecola_17851,10,0,10,0.005187783390283585,0
molecola_17851,11,0,11,0.00562036968767643,0
molecola_17851,12,0,12,0.005688166711479425,0
molecola_17851,13,0,13,0.005132328253239393,0
molecola_17851,14,0,14,0.004948643036186695,0
molecola_17851,15,0,15,0.004975399933755398,0
molecola_17851,16,0,16,0.005492651369422674,0
molecola_17851,17,0,17,0.030091019347310066,0
molecola_17851,18,1,18,0.9695150852203369,1
molecola_17851,19,0,19,0.005275174975395203,0
molecola_17851,20,0,20,0.004854714497923851,0
molecola_17851,21,0,21,0.0074854218401014805,0
molecola_17851,22,0,22,0.03386785089969635,0
molecola_17851,23,1,23,0.977536678314209,1
molecola_17851,24,0,24,0.006679151207208633,0
molecola_17851,25,0,25,0.005095068830996752,0
molecola_18032,1,0,1,0.005905705504119396,0
molecola_18032,2,0,2,0.0066339001059532166,0
molecola_18032,3,0,3,0.007884662598371506,0
molecola_18032,4,0,4,0.004977014847099781,0
molecola_18032,5,0,5,0.004963792394846678,0
molecola_18032,6,0,6,0.004918775055557489,0
molecola_18032,7,0,7,0.004950268659740686,0
molecola_18032,8,0,8,0.007794503588229418,0
molecola_18032,9,0,9,0.007597517222166061,0
molecola_18032,10,0,10,0.005122168455272913,0
molecola_18032,11,0,11,0.0051380847580730915,0
molecola_18032,12,0,12,0.03502578288316727,0
molecola_18032,13,1,13,0.9888170957565308,1
molecola_18032,14,0,14,0.03504267707467079,0
molecola_18032,15,1,15,0.9888166189193726,1
molecola_18482,1,0,1,0.0059061115607619286,0
molecola_18482,2,0,2,0.006691234651952982,0
molecola_18482,3,0,3,0.006875056307762861,0
molecola_18482,4,0,4,0.005169241223484278,0
molecola_18482,5,0,5,0.0049843029119074345,0
molecola_18482,6,0,6,0.006342926528304815,0
molecola_18482,7,0,7,0.0049843029119074345,0
molecola_18482,8,0,8,0.005169241223484278,0
molecola_18482,9,0,9,0.033618297427892685,0
molecola_18482,10,1,10,0.862116813659668,1
molecola_18482,11,0,11,0.0055107478983700275,0
molecola_18482,12,0,12,0.005443306174129248,0
molecola_18518,1,1,1,0.9888995289802551,1
molecola_18518,2,0,2,0.03482452407479286,0
molecola_18518,3,0,3,0.008558816276490688,0
molecola_18518,4,0,4,0.004979896824806929,0
molecola_18518,5,0,5,0.0051333485171198845,0
molecola_18518,6,0,6,0.005469826981425285,0
molecola_18518,7,0,7,0.004928241018205881,0
molecola_18518,8,0,8,0.00508631207048893,0
molecola_18518,9,0,9,0.005001299548894167,0
molecola_18518,10,0,10,0.004815183114260435,0
molecola_18518,11,0,11,0.005117942579090595,0
molecola_18518,12,0,12,0.004880364052951336,0
molecola_18518,13,0,13,0.004909340757876635,0
molecola_18518,14,0,14,0.004959333688020706,0
molecola_18518,15,0,15,0.004958874545991421,0
molecola_18518,16,0,16,0.004898762796074152,0
molecola_18518,17,0,17,0.00493544852361083,0
molecola_18518,18,0,18,0.004748242907226086,0
molecola_18518,19,0,19,0.004981324076652527,0
molecola_18518,20,0,20,0.0074347639456391335,0
molecola_18576,1,0,1,0.007063370663672686,0
molecola_18576,2,0,2,0.005548693239688873,0
molecola_18576,3,0,3,0.009237410500645638,0
molecola_18576,4,0,4,0.006985800806432962,0
molecola_18576,5,0,5,0.00519269984215498,0
molecola_18576,6,0,6,0.008892473764717579,0
molecola_18576,7,0,7,0.034826334565877914,0
molecola_18576,8,1,8,0.9888995289802551,1
molecola_18576,9,0,9,0.010645994916558266,0
molecola_18576,10,0,10,0.007070122752338648,0
molecola_18576,11,0,11,0.007565774954855442,0
molecola_18576,12,0,12,0.005142474081367254,0
molecola_18576,13,0,13,0.005549277178943157,0
molecola_18576,14,0,14,0.0051201158203184605,0
molecola_18576,15,0,15,0.006243702489882708,0
molecola_18576,16,0,16,0.005102918483316898,0
molecola_18576,17,0,17,0.004934498108923435,0
molecola_18576,18,0,18,0.005299822892993689,0
molecola_18576,19,0,19,0.0049360948614776134,0
molecola_18576,20,0,20,0.00511908857151866,0
molecola_18576,21,0,21,0.007033488713204861,0
molecola_18576,22,0,22,0.0065746367909014225,0
molecola_18576,23,0,23,0.005905705504119396,0
molecola_18576,24,0,24,0.009559543803334236,0
molecola_18576,25,0,25,0.005006708204746246,0
molecola_18576,26,0,26,0.02309761755168438,0
molecola_18576,27,0,27,0.165972501039505,0
molecola_18576,28,0,28,0.165972501039505,0
molecola_18576,29,0,29,0.017338700592517853,0
molecola_18635,1,0,1,0.005558405537158251,0
molecola_18635,2,0,2,0.006783767137676477,0
molecola_18635,3,0,3,0.005425291135907173,0
molecola_18635,4,0,4,0.005446884781122208,0
molecola_18635,5,0,5,0.005836935713887215,0
molecola_18635,6,0,6,0.005054909270256758,0
molecola_18635,7,0,7,0.004924150183796883,0
molecola_18635,8,0,8,0.0049282643012702465,0
molecola_18635,9,0,9,0.0049695116467773914,0
molecola_18635,10,0,10,0.004928531125187874,0
molecola_18635,11,0,11,0.004948688205331564,0
molecola_18635,12,0,12,0.008593541570007801,0
molecola_18635,13,0,13,0.034823864698410034,0
molecola_18635,14,1,14,0.9888995289802551,1
molecola_18635,15,0,15,0.005999835208058357,0
molecola_18635,16,0,16,0.004945657681673765,0
molecola_18635,17,0,17,0.004942518658936024,0
molecola_18635,18,0,18,0.00600433861836791,0
molecola_18635,19,0,19,0.005842965096235275,0
molecola_18635,20,0,20,0.005616237409412861,0
molecola_18635,21,0,21,0.005518524907529354,0
molecola_18635,22,0,22,0.005693860352039337,0
molecola_18635,23,0,23,0.005693860352039337,0
molecola_18979,1,0,1,0.005773752927780151,0
molecola_18979,2,0,2,0.004948601126670837,0
molecola_18979,3,0,3,0.005984690971672535,0
molecola_18979,4,0,4,0.0049341232515871525,0
molecola_18979,5,0,5,0.004952196963131428,0
molecola_18979,6,0,6,0.006138734985142946,0
molecola_18979,7,0,7,0.004952196963131428,0
molecola_18979,8,0,8,0.0049341232515871525,0
molecola_18979,9,0,9,0.005191899370402098,0
molecola_18979,10,0,10,0.0049536870792508125,0
molecola_18979,11,0,11,0.0049544814974069595,0
molecola_18979,12,0,12,0.005573578644543886,0
molecola_18979,13,0,13,0.005277312360703945,0
molecola_18979,14,0,14,0.005553839262574911,0
molecola_18979,15,0,15,0.005267314612865448,0
molecola_18979,16,0,16,0.0058241961523890495,0
molecola_18979,17,0,17,0.005207522306591272,0
molecola_18979,18,0,18,0.004973039962351322,0
molecola_18979,19,0,19,0.004942900966852903,0
molecola_18979,20,0,20,0.005687193013727665,0
molecola_18979,21,0,21,0.005602678284049034,0
molecola_18979,22,0,22,0.005811682902276516,0
molecola_18979,23,0,23,0.0058279638178646564,0
molecola_18979,24,0,24,0.005608179606497288,0
molecola_18979,25,0,25,0.005615470930933952,0
molecola_18979,26,0,26,0.006508674472570419,0
molecola_18979,27,0,27,0.004954796750098467,0
molecola_18979,28,0,28,0.03490779921412468,0
molecola_18979,29,1,29,0.988861620426178,1
molecola_18979,30,0,30,0.010576973669230938,0
molecola_18979,31,0,31,0.006830970756709576,0
molecola_18979,32,0,32,0.006578353699296713,0
molecola_18979,33,0,33,0.005905705504119396,0
molecola_18979,34,0,34,0.005179387982934713,0
molecola_18979,35,0,35,0.0049169594421982765,0
molecola_18979,36,0,36,0.0049544814974069595,0
molecola_18979,37,0,37,0.0049536870792508125,0
molecola_19622,1,0,1,0.005905705504119396,0
molecola_19622,2,0,2,0.0066339001059532166,0
molecola_19622,3,0,3,0.007955639623105526,0
molecola_19622,4,0,4,0.0051746731624007225,0
molecola_19622,5,0,5,0.005582794081419706,0
molecola_19622,6,0,6,0.005264571867883205,0
molecola_19622,7,0,7,0.005529920104891062,0
molecola_19622,8,0,8,0.004943576641380787,0
molecola_19622,9,0,9,0.004931373056024313,0
molecola_19622,10,0,10,0.005085245240479708,0
molecola_19622,11,0,11,0.004843184258788824,0
molecola_19622,12,0,12,0.00553507823497057,0
molecola_19622,13,0,13,0.005259894300252199,0
molecola_19622,14,0,14,0.005553262773901224,0
molecola_19622,15,0,15,0.0049501159228384495,0
molecola_19622,16,0,16,0.004937303718179464,0
molecola_19622,17,0,17,0.005677663721144199,0
molecola_19622,18,0,18,0.006476449314504862,0
molecola_19622,19,0,19,0.005808047018945217,0
molecola_19622,20,0,20,0.007774177938699722,0
molecola_19622,21,0,21,0.007774177938699722,0
molecola_19622,22,0,22,0.005669120233505964,0
molecola_19622,23,0,23,0.005564230959862471,0
molecola_19622,24,0,24,0.005255103576928377,0
molecola_19622,25,0,25,0.005190480966120958,0
molecola_19622,26,0,26,0.004950747359544039,0
molecola_19622,27,0,27,0.004992297850549221,0
molecola_19622,28,0,28,0.0051746731624007225,0
molecola_19622,29,0,29,0.007955639623105526,0
molecola_19622,30,0,30,0.0066339001059532166,0
molecola_19622,31,0,31,0.005905705504119396,0
molecola_19622,32,0,32,0.03501344099640846,0
molecola_19622,33,1,33,0.9888174533843994,1
molecola_19929,1,0,1,0.0064826165325939655,0
molecola_19929,2,0,2,0.005389700643718243,0
molecola_19929,3,0,3,0.006206757854670286,0
molecola_19929,4,0,4,0.006206757854670286,0
molecola_19929,5,0,5,0.005165211856365204,0
molecola_19929,6,0,6,0.0048982929438352585,0
molecola_19929,7,0,7,0.005121211521327496,0
molecola_19929,8,0,8,0.004851423669606447,0
molecola_19929,9,0,9,0.004916598089039326,0
molecola_19929,10,0,10,0.004912994801998138,0
molecola_19929,11,0,11,0.0049478402361273766,0
molecola_19929,12,0,12,0.004988386295735836,0
molecola_19929,13,0,13,0.005016503855586052,0
molecola_19929,14,0,14,0.004975792020559311,0
molecola_19929,15,0,15,0.006026717368513346,0
molecola_19929,16,0,16,0.03482392057776451,0
molecola_19929,17,1,17,0.9888995289802551,1
molecola_19929,18,0,18,0.008608780801296234,0
molecola_19929,19,0,19,0.004944017622619867,0
molecola_19929,20,0,20,0.00499989278614521,0
molecola_19929,21,0,21,0.007961961440742016,0
molecola_19929,22,0,22,0.011905369348824024,0
molecola_19929,23,0,23,0.008113065734505653,0
molecola_19929,24,0,24,0.00512701366096735,0
molecola_19929,25,0,25,0.0050077056512236595,0
molecola_19929,26,0,26,0.005567403044551611,0
molecola_19929,27,0,27,0.00573689816519618,0
molecola_19929,28,0,28,0.005777396727353334,0
molecola_19929,29,0,29,0.008513830602169037,0
molecola_19929,30,0,30,0.006910628639161587,0
molecola_19929,31,0,31,0.006910628639161587,0
molecola_19929,32,0,32,0.0050077056512236595,0
molecola_19929,33,0,33,0.005127014126628637,0
molecola_20354,1,0,1,0.005034054629504681,0
molecola_20354,2,0,2,0.005092806648463011,0
molecola_20354,3,0,3,0.004780146759003401,0
molecola_20354,4,0,4,0.0049952976405620575,0
molecola_20354,5,0,5,0.004949913825839758,0
molecola_20354,6,0,6,0.004895179532468319,0
molecola_20354,7,0,7,0.007087207864969969,0
molecola_20354,8,0,8,0.03212874382734299,0
molecola_20354,9,1,9,0.9462510943412781,1
molecola_20354,10,0,10,0.0052480860613286495,0
molecola_20354,11,0,11,0.004969900473952293,0
molecola_20354,12,0,12,0.004818673711270094,0
molecola_20354,13,0,13,0.005278699100017548,0
molecola_20354,14,0,14,0.00530586950480938,0
molecola_20354,15,0,15,0.005947684869170189,0
molecola_20354,16,0,16,0.0053878421895205975,0
molecola_20354,17,0,17,0.004842143505811691,0
molecola_20354,18,0,18,0.005656283814460039,0
molecola_20354,19,0,19,0.012803313322365284,0
molecola_20354,20,0,20,0.10877937078475952,0
molecola_20354,21,0,21,0.03218765929341316,0
molecola_20354,22,0,22,0.2680983543395996,0
molecola_20354,23,0,23,0.2680983543395996,0
molecola_20354,24,0,24,0.28114432096481323,0
molecola_20354,25,0,25,0.005329138599336147,0
molecola_20354,26,0,26,0.004997312556952238,0
molecola_20354,27,0,27,0.005081266164779663,0
molecola_20541,1,0,1,0.005904364865273237,0
molecola_20541,2,0,2,0.006381496321409941,0
molecola_20541,3,0,3,0.006601156201213598,0
molecola_20541,4,0,4,0.005131707526743412,0
molecola_20541,5,0,5,0.005665353033691645,0
molecola_20541,6,0,6,0.005593523383140564,0
molecola_20541,7,0,7,0.0057080695405602455,0
molecola_20541,8,0,8,0.005799152422696352,0
molecola_20541,9,0,9,0.005544119980186224,0
molecola_20541,10,0,10,0.005763724446296692,0
molecola_20541,11,0,11,0.005791105329990387,0
molecola_20541,12,0,12,0.005508931819349527,0
molecola_20541,13,0,13,0.006103506777435541,0
molecola_20541,14,0,14,0.005201207008212805,0
molecola_20541,15,0,15,0.004839660599827766,0
molecola_20541,16,0,16,0.00516740744933486,0
molecola_20541,17,0,17,0.004929578863084316,0
molecola_20541,18,0,18,0.004925285931676626,0
molecola_20541,19,0,19,0.005143957678228617,0
molecola_20541,20,0,20,0.004932182841002941,0
molecola_20541,21,0,21,0.004925285931676626,0
molecola_20541,22,0,22,0.004929578863084316,0
molecola_20541,23,0,23,0.004958203993737698,0
molecola_20541,24,0,24,0.004914626944810152,0
molecola_20541,25,0,25,0.004936572629958391,0
molecola_20541,26,0,26,0.006151385605335236,0
molecola_20541,27,0,27,0.03010636381804943,0
molecola_20541,28,1,28,0.9694764018058777,1
molecola_20541,29,0,29,0.0049049402587115765,0
molecola_20541,30,0,30,0.004996750503778458,0
molecola_20541,31,0,31,0.004940462298691273,0
molecola_20541,32,0,32,0.004968196153640747,0
molecola_20541,33,0,33,0.0050493390299379826,0
molecola_20898,1,1,1,0.9888613820075989,1
molecola_20898,2,0,2,0.034922320395708084,0
molecola_20898,3,0,3,0.00845374446362257,0
molecola_20898,4,0,4,0.004993906244635582,0
molecola_20898,5,0,5,0.0049639311619102955,0
molecola_20898,6,0,6,0.0050735799595713615,0
molecola_20898,7,0,7,0.0075797950848937035,0
molecola_20898,8,0,8,0.007377702742815018,0
molecola_20898,9,0,9,0.004892847966402769,0
molecola_20898,10,0,10,0.005467741750180721,0
molecola_20898,11,0,11,0.004821327049285173,0
molecola_20898,12,0,12,0.005007242318242788,0
molecola_20898,13,0,13,0.005052823107689619,0
molecola_20898,14,0,14,0.005049846600741148,0
molecola_20898,15,0,15,0.005604963283985853,0
molecola_21170,1,1,1,0.9888617396354675,1
molecola_21170,2,0,2,0.03490980714559555,0
molecola_21170,3,0,3,0.009950581006705761,0
molecola_21170,4,0,4,0.005605686455965042,0
molecola_21170,5,0,5,0.005184425041079521,0
molecola_21170,6,0,6,0.0052033644169569016,0
molecola_21170,7,0,7,0.005292161367833614,0
molecola_21170,8,0,8,0.005562550388276577,0
molecola_21170,9,0,9,0.0055563319474458694,0
molecola_21170,10,0,10,0.005764789879322052,0
molecola_21170,11,0,11,0.005374104715883732,0
molecola_21170,12,0,12,0.0049286806024611,0
molecola_21170,13,0,13,0.0050857276655733585,0
molecola_21170,14,0,14,0.0049472227692604065,0
molecola_21170,15,0,15,0.0050857276655733585,0
molecola_21170,16,0,16,0.0049286806024611,0
molecola_21170,17,0,17,0.004971346352249384,0
molecola_21170,18,0,18,0.005581984296441078,0
molecola_21170,19,0,19,0.005580252967774868,0
molecola_21170,20,0,20,0.00563683919608593,0
molecola_21170,21,0,21,0.005565676838159561,0
molecola_21170,22,0,22,0.005652131512761116,0
molecola_21181,1,0,1,0.8315767049789429,1
molecola_21181,2,0,2,0.025821728631854057,0
molecola_21181,3,0,3,0.006107580382376909,0
molecola_21181,4,0,4,0.005097675137221813,0
molecola_21181,5,0,5,0.0049255527555942535,0
molecola_21181,6,0,6,0.004920952953398228,0
molecola_21181,7,0,7,0.0049951644614338875,0
molecola_21181,8,0,8,0.0051660253666341305,0
molecola_21181,9,0,9,0.0049156369641423225,0
molecola_21181,10,0,10,0.0049280025996267796,0
molecola_21181,11,0,11,0.00494915759190917,0
molecola_21181,12,0,12,0.00515983859077096,0
molecola_21181,13,0,13,0.005369091406464577,0
molecola_21181,14,0,14,0.007082485128194094,0
molecola_21181,15,0,15,0.02391238510608673,0
molecola_21181,16,1,16,0.8846784830093384,1
molecola_21181,17,0,17,0.021878885105252266,0
molecola_21181,18,1,18,0.5153478384017944,1
molecola_21181,19,0,19,0.005684702191501856,0
molecola_21181,20,0,20,0.004989110864698887,0
molecola_21480,1,0,1,0.006166852079331875,0
molecola_21480,2,0,2,0.006255310960114002,0
molecola_21480,3,0,3,0.006166852079331875,0
molecola_21480,4,0,4,0.005453393328934908,0
molecola_21480,5,0,5,0.0052510472014546394,0
molecola_21480,6,0,6,0.004993785638362169,0
molecola_21480,7,0,7,0.005264531821012497,0
molecola_21480,8,0,8,0.0049292282201349735,0
molecola_21480,9,0,9,0.004932023584842682,0
molecola_21480,10,0,10,0.006547966040670872,0
molecola_21480,11,0,11,0.004885136615484953,0
molecola_21480,12,0,12,0.034907810389995575,0
molecola_21480,13,1,13,0.988861620426178,1
molecola_21480,14,0,14,0.008871540427207947,0
molecola_21638,1,0,1,0.0050015440210700035,0
molecola_21638,2,0,2,0.00542933726683259,0
molecola_21638,3,0,3,0.0048094033263623714,0
molecola_21638,4,0,4,0.00581537839025259,0
molecola_21638,5,0,5,0.0048575326800346375,0
molecola_21638,6,0,6,0.005218231584876776,0
molecola_21638,7,0,7,0.00492969062179327,0
molecola_21638,8,0,8,0.004930124152451754,0
molecola_21638,9,0,9,0.005320856813341379,0
molecola_21638,10,0,10,0.005221574101597071,0
molecola_21638,11,0,11,0.005500956904143095,0
molecola_21638,12,0,12,0.00573970889672637,0
molecola_21638,13,0,13,0.005371778272092342,0
molecola_21638,14,0,14,0.004943301901221275,0
molecola_21638,15,0,15,0.005009518936276436,0
molecola_21638,16,0,16,0.005531622096896172,0
molecola_21638,17,0,17,0.005009518936276436,0
molecola_21638,18,0,18,0.004943301901221275,0
molecola_21638,19,0,19,0.005171988625079393,0
molecola_21638,20,0,20,0.0055541712790727615,0
molecola_21638,21,0,21,0.0049909004010260105,0
molecola_21638,22,0,22,0.008720572106540203,0
molecola_21638,23,0,23,0.03490769490599632,0
molecola_21638,24,1,24,0.988861620426178,1
molecola_21638,25,0,25,0.006608239375054836,0
molecola_21638,26,0,26,0.004885335918515921,0
molecola_21638,27,0,27,0.004948521498590708,0
molecola_21638,28,0,28,0.004930124152451754,0
molecola_21638,29,0,29,0.00492969062179327,0
molecola_21638,30,0,30,0.004856626968830824,0
molecola_21638,31,0,31,0.005198560655117035,0
molecola_21638,32,0,32,0.004838190507143736,0
molecola_22036,1,0,1,0.00640818290412426,0
molecola_22036,2,0,2,0.005490417592227459,0
molecola_22036,3,0,3,0.005214156117290258,0
molecola_22036,4,0,4,0.007449557539075613,0
molecola_22036,5,0,5,0.026116786524653435,0
molecola_22036,6,1,6,0.8534694910049438,1
molecola_22036,7,0,7,0.006199009250849485,0
molecola_22036,8,0,8,0.006362153682857752,0
molecola_22036,9,0,9,0.005753625184297562,0
molecola_22186,1,0,1,0.005843793507665396,0
molecola_22186,2,0,2,0.0050416504964232445,0
molecola_22186,3,0,3,0.008696421049535275,0
molecola_22186,4,0,4,0.0051216729916632175,0
molecola_22186,5,0,5,0.005600324831902981,0
molecola_22186,6,0,6,0.005093454383313656,0
molecola_22186,7,0,7,0.005093454383313656,0
molecola_22186,8,0,8,0.030746299773454666,0
molecola_22186,9,0,9,0.7463524341583252,1
molecola_22186,10,0,10,0.005717351101338863,0
molecola_22186,11,0,11,0.005016801878809929,0
molecola_22186,12,0,12,0.008707950823009014,0
molecola_22186,13,0,13,0.03490440174937248,0
molecola_22186,14,1,14,0.9888618588447571,1
molecola_22186,15,0,15,0.005200190935283899,0
molecola_22186,16,0,16,0.004989039618521929,0
molecola_22186,17,0,17,0.007560363970696926,0
molecola_22186,18,0,18,0.008326166309416294,0
molecola_22186,19,0,19,0.004941463470458984,0
molecola_22186,20,0,20,0.004916809964925051,0
molecola_22186,21,0,21,0.0050053042359650135,0
molecola_22294,1,1,1,0.9888178110122681,1
molecola_22294,2,0,2,0.03498579561710358,0
molecola_22294,3,0,3,0.0065855588763952255,0
molecola_22294,4,0,4,0.004960693884640932,0
molecola_22294,5,0,5,0.005350691732019186,0
molecola_22294,6,0,6,0.006134384777396917,0
molecola_22294,7,0,7,0.005350691732019186,0
molecola_22294,8,0,8,0.0065855588763952255,0
molecola_22294,9,0,9,0.004960693884640932,0
molecola_22294,10,0,10,0.00568632734939456,0
molecola_22294,11,0,11,0.00584004120901227,0
molecola_22294,12,0,12,0.0054894695058465,0
molecola_22294,13,0,13,0.005112600978463888,0
molecola_22294,14,0,14,0.010943463072180748,0
molecola_22294,15,0,15,0.01714729517698288,0
molecola_22294,16,0,16,0.01714729517698288,0
molecola_22294,17,0,17,0.0051108477637171745,0
molecola_22294,18,0,18,0.004909326788038015,0
molecola_22294,19,0,19,0.004959722049534321,0
molecola_22294,20,0,20,0.0049600605852901936,0
molecola_22294,21,0,21,0.004941283259540796,0
molecola_22294,22,0,22,0.005152872297912836,0
molecola_2255,1,1,1,0.9694765210151672,1
molecola_2255,2,0,2,0.030105983838438988,0
molecola_2255,3,0,3,0.006047625560313463,0
molecola_2255,4,0,4,0.004928853828459978,0
molecola_2255,5,0,5,0.004965014755725861,0
molecola_2255,6,0,6,0.004937282297760248,0
molecola_2255,7,0,7,0.005263258703052998,0
molecola_2255,8,0,8,0.005773752927780151,0
molecola_2255,9,0,9,0.005554595496505499,0
molecola_2255,10,0,10,0.005245264153927565,0
molecola_2255,11,0,11,0.00498941820114851,0
molecola_2255,12,0,12,0.0047690486535429955,0
molecola_2255,13,0,13,0.005031838081777096,0
molecola_22646,1,1,1,0.9694764018058777,1
molecola_22646,2,0,2,0.030106233432888985,0
molecola_22646,3,0,3,0.006168012972921133,0
molecola_22646,4,0,4,0.004936301149427891,0
molecola_22646,5,0,5,0.004913883283734322,0
molecola_22646,6,0,6,0.004951858893036842,0
molecola_22646,7,0,7,0.004913883283734322,0
molecola_22646,8,0,8,0.004936301149427891,0
molecola_22646,9,0,9,0.004962454549968243,0
molecola_22646,10,0,10,0.004916021600365639,0
molecola_22646,11,0,11,0.00496065616607666,0
molecola_22646,12,0,12,0.004953673109412193,0
molecola_22646,13,0,13,0.004954848438501358,0
molecola_22646,14,0,14,0.0049102031625807285,0
molecola_22786,1,1,1,0.988861620426178,1
molecola_22786,2,0,2,0.03490769490599632,0
molecola_22786,3,0,3,0.008557314984500408,0
molecola_22786,4,0,4,0.004950815346091986,0
molecola_22786,5,0,5,0.004984690807759762,0
molecola_22786,6,0,6,0.004915907047688961,0
molecola_22786,7,0,7,0.006556281354278326,0
molecola_22786,8,0,8,0.004885335918515921,0
molecola_22786,9,0,9,0.005040066782385111,0
molecola_22786,10,0,10,0.004899820312857628,0
molecola_22786,11,0,11,0.004914906807243824,0
molecola_22786,12,0,12,0.005176858510822058,0
molecola_22786,13,0,13,0.004860181827098131,0
molecola_22786,14,0,14,0.0048978375270962715,0
molecola_22786,15,0,15,0.005858316086232662,0
molecola_22786,16,0,16,0.0049520558677613735,0
molecola_22786,17,0,17,0.004933268763124943,0
molecola_22786,18,0,18,0.005221730563789606,0
molecola_22786,19,0,19,0.0049291206523776054,0
molecola_22786,20,0,20,0.005179688334465027,0
molecola_22786,21,0,21,0.005164192523807287,0
molecola_22786,22,0,22,0.0056608072482049465,0
molecola_22786,23,0,23,0.0056218248791992664,0
molecola_22786,24,0,24,0.0048978375270962715,0
molecola_22786,25,0,25,0.004860181827098131,0
molecola_22786,26,0,26,0.00495560560375452,0
molecola_22786,27,0,27,0.004899002145975828,0
molecola_22786,28,0,28,0.005147111602127552,0
molecola_22786,29,0,29,0.0049321288242936134,0
molecola_22786,30,0,30,0.004925417248159647,0
molecola_22786,31,0,31,0.0049181305803358555,0
molecola_22786,32,0,32,0.00496356375515461,0
molecola_22802,1,0,1,0.006244489457458258,0
molecola_22802,2,0,2,0.0051254816353321075,0
molecola_22802,3,0,3,0.005458707921206951,0
molecola_22802,4,0,4,0.004898413550108671,0
molecola_22802,5,0,5,0.0049681770615279675,0
molecola_22802,6,0,6,0.004917141515761614,0
molecola_22802,7,0,7,0.005228410009294748,0
molecola_22802,8,0,8,0.004800351336598396,0
molecola_22802,9,0,9,0.005260919686406851,0
molecola_22802,10,0,10,0.004829648416489363,0
molecola_22802,11,0,11,0.005588854197412729,0
molecola_22802,12,0,12,0.005649060942232609,0
molecola_22802,13,0,13,0.03490902855992317,0
molecola_22802,14,1,14,0.9888617396354675,1
molecola_22802,15,0,15,0.008466244675219059,0
molecola_22802,16,0,16,0.005001083482056856,0
molecola_22802,17,0,17,0.004930930677801371,0
molecola_22802,18,0,18,0.005518501158803701,0
molecola_22802,19,0,19,0.005238779354840517,0
molecola_22952,1,0,1,0.005477593746036291,0
molecola_22952,2,0,2,0.005552738904953003,0
molecola_22952,3,0,3,0.005477593746036291,0
molecola_22952,4,0,4,0.0055132070556283,0
molecola_22952,5,0,5,0.005590974818915129,0
molecola_22952,6,0,6,0.004989397246390581,0
molecola_22952,7,0,7,0.008625430054962635,0
molecola_22952,8,0,8,0.035089340060949326,0
molecola_22952,9,1,9,0.9887943863868713,1
molecola_22952,10,0,10,0.008116098120808601,0
molecola_22952,11,0,11,0.005177899729460478,0
molecola_22952,12,0,12,0.005904930178076029,0
molecola_22952,13,0,13,0.004949965514242649,0
molecola_22952,14,0,14,0.004956456832587719,0
molecola_22952,15,0,15,0.005460167769342661,0
molecola_22952,16,0,16,0.004956456832587719,0
molecola_22952,17,0,17,0.004949965514242649,0
molecola_22952,18,0,18,0.005687600467354059,0
molecola_22952,19,0,19,0.005840215366333723,0
molecola_22952,20,0,20,0.006017424166202545,0
molecola_22952,21,0,21,0.004968005232512951,0
molecola_22952,22,0,22,0.004955346696078777,0
molecola_22952,23,0,23,0.004917684942483902,0
molecola_22952,24,0,24,0.005691695027053356,0
molecola_22952,25,0,25,0.00722533417865634,0
molecola_22952,26,0,26,0.017867865040898323,0
molecola_22952,27,0,27,0.05127546563744545,0
molecola_22952,28,0,28,0.05127546563744545,0
molecola_22952,29,0,29,0.006092533003538847,0
molecola_22952,30,0,30,0.0049542817287147045,0
molecola_22952,31,0,31,0.00491739809513092,0
molecola_22952,32,0,32,0.004926539026200771,0
molecola_22952,33,0,33,0.004964326974004507,0
molecola_23119,1,0,1,0.017898207530379295,0
molecola_23119,2,0,2,0.03205462545156479,0
molecola_23119,3,0,3,0.017898207530379295,0
molecola_23119,4,0,4,0.9349565505981445,1
molecola_23119,5,0,5,0.006996641866862774,0
molecola_23119,6,0,6,0.004923697095364332,0
molecola_23119,7,0,7,0.005039440467953682,0
molecola_23119,8,0,8,0.004977758973836899,0
molecola_23119,9,0,9,0.004924601409584284,0
molecola_23119,10,0,10,0.004918604623526335,0
molecola_23119,11,0,11,0.004951266571879387,0
molecola_23119,12,0,12,0.004898588173091412,0
molecola_23119,13,0,13,0.005071103572845459,0
molecola_23119,14,0,14,0.004845805000513792,0
molecola_23119,15,0,15,0.004952897317707539,0
molecola_23119,16,0,16,0.004893600475043058,0
molecola_23119,17,0,17,0.005083373282104731,0
molecola_23119,18,0,18,0.0048421225510537624,0
molecola_23119,19,0,19,0.005736982449889183,0
molecola_23119,20,0,20,0.030105801299214363,0
molecola_23119,21,1,21,0.9694765210151672,1
molecola_23119,22,0,22,0.006460278760641813,0
molecola_23119,23,0,23,0.004938081372529268,0
molecola_23119,24,0,24,0.018893184140324593,0
molecola_23119,25,0,25,0.08709543943405151,0
molecola_23119,26,0,26,0.08709543943405151,0
molecola_23119,27,0,27,0.006416838150471449,0
molecola_23119,28,0,28,0.0051073357462882996,0
molecola_23119,29,0,29,0.0049438015557825565,0
molecola_23119,30,0,30,0.005371042061597109,0
molecola_23119,31,0,31,0.006594568025320768,0
molecola_23119,32,0,32,0.006594568025320768,0
molecola_23119,33,0,33,0.0053064534440636635,0
molecola_23119,34,0,34,0.005085269454866648,0
molecola_23119,35,0,35,0.004919017665088177,0
molecola_23119,36,0,36,0.0049131629057228565,0
molecola_23119,37,0,37,0.00496467761695385,0
molecola_23119,38,0,38,0.0049131629057228565,0
molecola_23119,39,0,39,0.005085269454866648,0
molecola_23119,40,0,40,0.004919013008475304,0
molecola_23159,1,0,1,0.006382869090884924,0
molecola_23159,2,0,2,0.00668721366673708,0
molecola_23159,3,0,3,0.0065901027992367744,0
molecola_23159,4,0,4,0.0056133572943508625,0
molecola_23159,5,0,5,0.005761707667261362,0
molecola_23159,6,0,6,0.005903639830648899,0
molecola_23159,7,0,7,0.005371429026126862,0
molecola_23159,8,0,8,0.00846031866967678,0
molecola_23159,9,0,9,0.006994032301008701,0
molecola_23159,10,0,10,0.0070342011749744415,0
molecola_23159,11,0,11,0.005632350221276283,0
molecola_23159,12,0,12,0.005071972031146288,0
molecola_23159,13,0,13,0.008561361581087112,0
molecola_23159,14,0,14,0.03492012247443199,0
molecola_23159,15,1,15,0.9888609051704407,1
molecola_23159,16,0,16,0.005201167892664671,0
molecola_23159,17,0,17,0.004939271602779627,0
molecola_23159,18,0,18,0.005146456882357597,0
molecola_23159,19,0,19,0.0049321288242936134,0
molecola_23159,20,0,20,0.004926015622913837,0
molecola_23159,21,0,21,0.004949646070599556,0
molecola_23159,22,0,22,0.0051882159896194935,0
molecola_23447,1,0,1,0.005905705504119396,0
molecola_23447,2,0,2,0.00660275761038065,0
molecola_23447,3,0,3,0.006909816991537809,0
molecola_23447,4,0,4,0.005122207570821047,0
molecola_23447,5,0,5,0.004921282175928354,0
molecola_23447,6,0,6,0.004874276928603649,0
molecola_23447,7,0,7,0.0050659384578466415,0
molecola_23447,8,0,8,0.007006206549704075,0
molecola_23447,9,0,9,0.006842678412795067,0
molecola_23447,10,0,10,0.005507173947989941,0
molecola_23447,11,0,11,0.0049536447040736675,0
molecola_23447,12,0,12,0.007238347083330154,0
molecola_23447,13,0,13,0.032138291746377945,0
molecola_23447,14,1,14,0.9486685395240784,1
molecola_23447,15,0,15,0.006832576356828213,0
molecola_23447,16,0,16,0.005226743407547474,0
molecola_23447,17,0,17,0.004796760156750679,0
molecola_23447,18,0,18,0.00518021872267127,0
molecola_23447,19,0,19,0.005595597438514233,0
molecola_23447,20,0,20,0.005547801498323679,0
molecola_23447,21,0,21,0.004837359767407179,0
molecola_2363,1,0,1,0.005905705504119396,0
molecola_2363,2,0,2,0.006585434079170227,0
molecola_2363,3,0,3,0.006953755393624306,0
molecola_2363,4,0,4,0.006539138033986092,0
molecola_2363,5,0,5,0.006836391985416412,0
molecola_2363,6,0,6,0.013116690330207348,0
molecola_2363,7,0,7,0.03491620346903801,0
molecola_2363,8,1,8,0.988861620426178,1
molecola_2363,9,0,9,0.02246740274131298,0
molecola_2363,10,0,10,0.0340527668595314,0
molecola_2363,11,0,11,0.9838575124740601,1
molecola_2363,12,0,12,0.0073007214814424515,0
molecola_2363,13,0,13,0.006552691571414471,0
molecola_2363,14,0,14,0.006715287920087576,0
molecola_2418,1,0,1,0.007017348427325487,0
molecola_2418,2,0,2,0.008696252480149269,0
molecola_2418,3,0,3,0.007017348427325487,0
molecola_2418,4,0,4,0.0061665805988013744,0
molecola_2418,5,0,5,0.0051294369623064995,0
molecola_2418,6,0,6,0.005583069287240505,0
molecola_2418,7,0,7,0.005580252967774868,0
molecola_2418,8,0,8,0.00563683919608593,0
molecola_2418,9,0,9,0.005524368956685066,0
molecola_2418,10,0,10,0.00553971016779542,0
molecola_2418,11,0,11,0.004945666994899511,0
molecola_2418,12,0,12,0.004949171561747789,0
molecola_2418,13,0,13,0.004913153126835823,0
molecola_2418,14,0,14,0.005000046920031309,0
molecola_2418,15,0,15,0.008466304279863834,0
molecola_2418,16,0,16,0.03490506857633591,0
molecola_2418,17,1,17,0.9888618588447571,1
molecola_2418,18,0,18,0.005512486211955547,0
molecola_2418,19,0,19,0.005281063262373209,0
molecola_2418,20,0,20,0.006688471883535385,0
molecola_2418,21,0,21,0.005324615631252527,0
molecola_2418,22,0,22,0.0073008108884096146,0
molecola_2418,23,0,23,0.006552654318511486,0
molecola_2418,24,0,24,0.006715249270200729,0
molecola_24578,1,0,1,0.005322090815752745,0
molecola_24578,2,0,2,0.005512660834938288,0
molecola_24578,3,0,3,0.005322090815752745,0
molecola_24578,4,0,4,0.005243771243840456,0
molecola_24578,5,0,5,0.005443863105028868,0
molecola_24578,6,0,6,0.00521010672673583,0
molecola_24578,7,0,7,0.005713785067200661,0
molecola_24578,8,0,8,0.00532448198646307,0
molecola_24578,9,0,9,0.005206292029470205,0
molecola_24578,10,0,10,0.005415456369519234,0
molecola_24578,11,0,11,0.005206292029470205,0
molecola_24578,12,0,12,0.005713785067200661,0
molecola_24578,13,0,13,0.00532448198646307,0
molecola_24578,14,0,14,0.005203732289373875,0
molecola_24578,15,0,15,0.005358838476240635,0
molecola_24578,16,0,16,0.005601711105555296,0
molecola_24578,17,0,17,0.005529993679374456,0
molecola_24578,18,0,18,0.006727282889187336,0
molecola_24578,19,0,19,0.005281263962388039,0
molecola_24578,20,0,20,0.004762101452797651,0
molecola_24578,21,0,21,0.005098487716168165,0
molecola_24578,22,0,22,0.006191021762788296,0
molecola_24578,23,0,23,0.006296826060861349,0
molecola_24578,24,0,24,0.0349971167743206,0
molecola_24578,25,1,25,0.9888169765472412,1
molecola_24578,26,0,26,0.006868971046060324,0
molecola_24578,27,0,27,0.006383498199284077,0
molecola_24578,28,0,28,0.005505763925611973,0
molecola_24578,29,0,29,0.006190150510519743,0
molecola_24578,30,0,30,0.005563671700656414,0
molecola_24578,31,0,31,0.005966824479401112,0
molecola_2473,1,1,1,0.9888995289802551,1
molecola_2473,2,0,2,0.0348263680934906,0
molecola_2473,3,0,3,0.008517082780599594,0
molecola_2473,4,0,4,0.005000615958124399,0
molecola_2473,5,0,5,0.004923173692077398,0
molecola_2473,6,0,6,0.005244112573564053,0
molecola_2473,7,0,7,0.004785510245710611,0
molecola_2473,8,0,8,0.0052267140708863735,0
molecola_2473,9,0,9,0.004795415326952934,0
molecola_2473,10,0,10,0.005218739155679941,0
molecola_2473,11,0,11,0.005442531313747168,0
molecola_2473,12,0,12,0.005644768942147493,0
molecola_2473,13,0,13,0.004994496703147888,0
molecola_2473,14,0,14,0.004790736362338066,0
molecola_2473,15,0,15,0.005244231782853603,0
molecola_2473,16,0,16,0.004923173692077398,0
molecola_2473,17,0,17,0.005000615958124399,0
molecola_2473,18,0,18,0.008517082780599594,0
molecola_2473,19,0,19,0.0348263680934906,0
molecola_2473,20,1,20,0.9888995289802551,1
molecola_2473,21,0,21,0.008911645039916039,0
molecola_2473,22,0,22,0.008911645039916039,0
molecola_2474,1,0,1,0.0061257448978722095,0
molecola_2474,2,0,2,0.0054655252024531364,0
molecola_2474,3,0,3,0.005005531944334507,0
molecola_2474,4,0,4,0.004960502963513136,0
molecola_2474,5,0,5,0.005620649550110102,0
molecola_2474,6,0,6,0.005100839305669069,0
molecola_2474,7,0,7,0.004992397502064705,0
molecola_2474,8,0,8,0.004931375849992037,0
molecola_2474,9,0,9,0.004982879851013422,0
molecola_2474,10,0,10,0.005459408741444349,0
molecola_2474,11,0,11,0.00612533837556839,0
molecola_2474,12,0,12,0.0050466423854231834,0
molecola_2474,13,0,13,0.004958631936460733,0
molecola_2474,14,0,14,0.004945455584675074,0
molecola_2474,15,0,15,0.0060050757601857185,0
molecola_2474,16,0,16,0.034823864698410034,0
molecola_2474,17,1,17,0.9888995289802551,1
molecola_2474,18,0,18,0.008607466705143452,0
molecola_2474,19,0,19,0.004946528468281031,0
molecola_2474,20,0,20,0.004985497333109379,0
molecola_2474,21,0,21,0.005457754712551832,0
molecola_2474,22,0,22,0.0061159515753388405,0
molecola_24974,1,0,1,0.006416862364858389,0
molecola_24974,2,0,2,0.01889304257929325,0
molecola_24974,3,0,3,0.08709686249494553,0
molecola_24974,4,0,4,0.08709686249494553,0
molecola_24974,5,0,5,0.006531376391649246,0
molecola_24974,6,0,6,0.004933294374495745,0
molecola_24974,7,0,7,0.004949855152517557,0
molecola_24974,8,0,8,0.0052440050058066845,0
molecola_24974,9,0,9,0.004949855152517557,0
molecola_24974,10,0,10,0.004933294374495745,0
molecola_24974,11,0,11,0.005049252416938543,0
molecola_24974,12,0,12,0.005065505858510733,0
molecola_24974,13,0,13,0.00576079823076725,0
molecola_24974,14,0,14,0.00559648685157299,0
molecola_24974,15,0,15,0.005200072657316923,0
molecola_24974,16,0,16,0.005404954310506582,0
molecola_24974,17,0,17,0.00521406764164567,0
molecola_24974,18,0,18,0.004989207722246647,0
molecola_24974,19,0,19,0.00875316746532917,0
molecola_24974,20,0,20,0.03482639044523239,0
molecola_24974,21,1,21,0.9888995289802551,1
molecola_24974,22,0,22,0.00875316746532917,0
molecola_24974,23,0,23,0.004989207722246647,0
molecola_25395,1,0,1,0.00647708447650075,0
molecola_25395,2,0,2,0.00520519120618701,0
molecola_25395,3,0,3,0.007935838773846626,0
molecola_25395,4,0,4,0.00520519120618701,0
molecola_25395,5,0,5,0.00647708447650075,0
molecola_25395,6,0,6,0.0051309531554579735,0
molecola_25395,7,0,7,0.0054753627628088,0
molecola_25395,8,0,8,0.005498040933161974,0
molecola_25395,9,0,9,0.005837367381900549,0
molecola_25395,10,0,10,0.0059025902301073074,0
molecola_25395,11,0,11,0.006230792496353388,0
molecola_25395,12,0,12,0.005413314327597618,0
molecola_25395,13,0,13,0.008808177895843983,0
molecola_25395,14,0,14,0.03491136431694031,0
molecola_25395,15,1,15,0.9888613820075989,1
molecola_25395,16,0,16,0.006149024702608585,0
molecola_25395,17,0,17,0.0058866748586297035,0
molecola_25395,18,0,18,0.005603145807981491,0
molecola_25419,1,0,1,0.0059061115607619286,0
molecola_25419,2,0,2,0.006690391805022955,0
molecola_25419,3,0,3,0.006970337592065334,0
molecola_25419,4,0,4,0.010905906558036804,0
molecola_25419,5,0,5,0.034908000379800797,0
molecola_25419,6,1,6,0.9888617396354675,1
molecola_25419,7,0,7,0.007977851666510105,0
molecola_25419,8,0,8,0.03499474748969078,0
molecola_25419,9,1,9,0.9888174533843994,1
molecola_25419,10,0,10,0.006042370572686195,0
molecola_25419,11,0,11,0.005638570990413427,0
molecola_25419,12,0,12,0.005763073451817036,0
molecola_25419,13,0,13,0.00563606945797801,0
molecola_25419,14,0,14,0.005534904543310404,0
molecola_25419,15,0,15,0.006279708817601204,0
molecola_25419,16,0,16,0.004943107254803181,0
molecola_25419,17,0,17,0.004994164686650038,0
molecola_25419,18,0,18,0.004983082879334688,0
molecola_25585,1,0,1,0.007175536826252937,0
molecola_25585,2,0,2,0.005438807886093855,0
molecola_25585,3,0,3,0.005569782108068466,0
molecola_25585,4,0,4,0.005752430763095617,0
molecola_25585,5,0,5,0.005406292155385017,0
molecola_25585,6,0,6,0.006302796769887209,0
molecola_25585,7,0,7,0.005467873997986317,0
molecola_25585,8,0,8,0.005730007775127888,0
molecola_25585,9,0,9,0.03348017483949661,0
molecola_25585,10,1,10,0.907048225402832,1
molecola_25585,11,0,11,0.007615889422595501,0
molecola_25585,12,0,12,0.004832133185118437,0
molecola_25585,13,0,13,0.005384013522416353,0
molecola_25585,14,0,14,0.005181521642953157,0
molecola_25585,15,0,15,0.004967983812093735,0
molecola_25585,16,0,16,0.005322136450558901,0
molecola_25585,17,0,17,0.005811407696455717,0
molecola_25585,18,0,18,0.006280761677771807,0
molecola_25585,19,0,19,0.005214349366724491,0
molecola_25585,20,0,20,0.005599066149443388,0
molecola_25585,21,0,21,0.005505680106580257,0
molecola_25585,22,0,22,0.0051135593093931675,0
molecola_25585,23,0,23,0.005147260148078203,0
molecola_25585,24,0,24,0.004992281086742878,0
molecola_25585,25,0,25,0.005517666693776846,0
molecola_25585,26,0,26,0.006444788537919521,0
molecola_25585,27,0,27,0.02453465759754181,0
molecola_25585,28,0,28,0.6394241452217102,1
molecola_25585,29,0,29,0.0062149870209395885,0
molecola_25585,30,0,30,0.006224429700523615,0
molecola_25585,31,0,31,0.00554308108985424,0
molecola_25876,1,0,1,0.006979191675782204,0
molecola_25876,2,0,2,0.005480329506099224,0
molecola_25876,3,0,3,0.006979191675782204,0
molecola_25876,4,0,4,0.006979191675782204,0
molecola_25876,5,0,5,0.0055527095682919025,0
molecola_25876,6,0,6,0.00492582842707634,0
molecola_25876,7,0,7,0.008867117576301098,0
molecola_25876,8,0,8,0.03490764647722244,0
molecola_25876,9,0,9,0.988861620426178,1
molecola_25876,10,0,10,0.008074440062046051,0
molecola_25876,11,0,11,0.005706646014004946,0
molecola_25876,12,0,12,0.005723871290683746,0
molecola_25876,13,0,13,0.005838194862008095,0
molecola_25876,14,0,14,0.005902657750993967,0
molecola_25876,15,0,15,0.006217001471668482,0
molecola_25876,16,0,16,0.0049301679246127605,0
molecola_25876,17,0,17,0.004956362769007683,0
molecola_25876,18,0,18,0.004926807712763548,0
molecola_25876,19,0,19,0.00491631543263793,0
molecola_25876,20,0,20,0.004960508085787296,0
molecola_25876,21,0,21,0.00496024452149868,0
molecola_25876,22,0,22,0.0049131158739328384,0
molecola_25876,23,0,23,0.004964232444763184,0
molecola_25876,24,0,24,0.008630769327282906,0
molecola_25876,25,0,25,0.009592589922249317,0
molecola_25876,26,0,26,0.005949162878096104,0
molecola_25876,27,0,27,0.006223828531801701,0
molecola_25876,28,0,28,0.006223828531801701,0
molecola_25876,29,0,29,0.03019566833972931,0
molecola_25876,30,1,30,0.9696807265281677,1
molecola_26,1,0,1,0.019304683431982994,0
molecola_26,2,0,2,0.026701752096414566,0
molecola_26,3,1,3,0.9225658178329468,1
molecola_26,4,0,4,0.005144738592207432,0
molecola_26,5,0,5,0.0054610432125627995,0
molecola_26,6,0,6,0.005997924599796534,0
molecola_26,7,0,7,0.005840478930622339,0
molecola_26,8,0,8,0.006151922047138214,0
molecola_26,9,0,9,0.0052399421110749245,0
molecola_26,10,0,10,0.0049588559195399284,0
molecola_26,11,0,11,0.004946725443005562,0
molecola_26,12,0,12,0.00487976660951972,0
molecola_26,13,0,13,0.005248504690825939,0
molecola_26,14,0,14,0.005094928666949272,0
molecola_26,15,0,15,0.005414541810750961,0
molecola_26,16,0,16,0.005999459885060787,0
molecola_26,17,0,17,0.0058413315564394,0
molecola_26,18,0,18,0.006152569316327572,0
molecola_26,19,0,19,0.0052399421110749245,0
molecola_26,20,0,20,0.0049588559195399284,0
molecola_26,21,0,21,0.004946725443005562,0
molecola_26,22,0,22,0.00487976660951972,0
molecola_26,23,0,23,0.005248504690825939,0
molecola_26,24,0,24,0.005031038541346788,0
molecola_26,25,0,25,0.005850770510733128,0
molecola_26,26,0,26,0.005872382316738367,0
molecola_26,27,0,27,0.004798672627657652,0
molecola_26,28,0,28,0.004830510355532169,0
molecola_26,29,0,29,0.004908944945782423,0
molecola_26,30,0,30,0.006967406719923019,0
molecola_26,31,0,31,0.030100272968411446,0
molecola_26,32,0,32,0.9695162177085876,1
molecola_26,33,0,33,0.005307115614414215,0
molecola_26,34,0,34,0.006013093050569296,0
molecola_26,35,0,35,0.005225449800491333,0
molecola_26,36,0,36,0.0050117322243750095,0
molecola_26,37,0,37,0.005199339706450701,0
molecola_26,38,0,38,0.005150110460817814,0
molecola_26,39,0,39,0.005897120106965303,0
molecola_26,40,0,40,0.0055334195494651794,0
molecola_26,41,0,41,0.005202184431254864,0
molecola_26,42,0,42,0.005317430943250656,0
molecola_26145,1,0,1,0.017338693141937256,0
molecola_26145,2,0,2,0.023097628727555275,0
molecola_26145,3,0,3,0.1659724861383438,0
molecola_26145,4,0,4,0.1659724861383438,0
molecola_26145,5,0,5,0.009409046731889248,0
molecola_26145,6,0,6,0.0050416020676493645,0
molecola_26145,7,0,7,0.0049234917387366295,0
molecola_26145,8,0,8,0.004986318293958902,0
molecola_26145,9,0,9,0.00491159176453948,0
molecola_26145,10,0,10,0.005481938365846872,0
molecola_26145,11,0,11,0.030105875805020332,0
molecola_26145,12,0,12,0.9694765210151672,1
molecola_26145,13,0,13,0.005049942526966333,0
molecola_26145,14,0,14,0.004942127037793398,0
molecola_26145,15,0,15,0.0051759690977633,0
molecola_26145,16,0,16,0.004896880127489567,0
molecola_26145,17,0,17,0.004965664818882942,0
molecola_26145,18,0,18,0.004952925257384777,0
molecola_26145,19,0,19,0.004945908673107624,0
molecola_26145,20,0,20,0.00860939547419548,0
molecola_26145,21,0,21,0.03482639044523239,0
molecola_26145,22,1,22,0.9888995289802551,1
molecola_26145,23,0,23,0.00860939547419548,0
molecola_26145,24,0,24,0.004945908673107624,0
molecola_26145,25,0,25,0.005105291027575731,0
molecola_26145,26,0,26,0.005271275527775288,0
molecola_26145,27,0,27,0.005271275527775288,0
molecola_26145,28,0,28,0.005271275527775288,0
molecola_26300,1,0,1,0.0050530340522527695,0
molecola_26300,2,0,2,0.005289270542562008,0
molecola_26300,3,0,3,0.004856071900576353,0
molecola_26300,4,0,4,0.0047780671156942844,0
molecola_26300,5,0,5,0.004949063528329134,0
molecola_26300,6,0,6,0.004898818209767342,0
molecola_26300,7,0,7,0.004964567255228758,0
molecola_26300,8,0,8,0.004911013878881931,0
molecola_26300,9,0,9,0.004965933505445719,0
molecola_26300,10,0,10,0.0048651727847754955,0
molecola_26300,11,0,11,0.005104870069772005,0
molecola_26300,12,0,12,0.004764334764331579,0
molecola_26300,13,0,13,0.0049492185935378075,0
molecola_26300,14,0,14,0.004934610333293676,0
molecola_26300,15,0,15,0.008638406172394753,0
molecola_26300,16,0,16,0.034952204674482346,0
molecola_26300,17,1,17,0.988860547542572,1
molecola_26300,18,0,18,0.035025760531425476,0
molecola_26300,19,1,19,0.9888169765472412,1
molecola_26300,20,0,20,0.005413565784692764,0
molecola_2631,1,0,1,0.0063670482486486435,0
molecola_2631,2,0,2,0.005155762657523155,0
molecola_2631,3,0,3,0.00574633339419961,0
molecola_2631,4,0,4,0.004981125704944134,0
molecola_2631,5,0,5,0.005348953418433666,0
molecola_2631,6,0,6,0.006467517931014299,0
molecola_2631,7,0,7,0.029238291084766388,0
molecola_2631,8,1,8,0.9664844870567322,1
molecola_2631,9,0,9,0.0057502384297549725,0
molecola_2631,10,0,10,0.0051569631323218346,0
molecola_2631,11,0,11,0.006365905050188303,0
molecola_2631,12,0,12,0.007765230722725391,0
molecola_2631,13,0,13,0.011910761706531048,0
molecola_2631,14,0,14,0.008102811872959137,0
molecola_2631,15,0,15,0.0052091507241129875,0
molecola_2631,16,0,16,0.005270793102681637,0
molecola_2631,17,0,17,0.0049429479986429214,0
molecola_2631,18,0,18,0.005270793102681637,0
molecola_2631,19,0,19,0.0052091507241129875,0
molecola_2631,20,0,20,0.004930959083139896,0
molecola_2631,21,0,21,0.005199061706662178,0
molecola_2631,22,0,22,0.004930959083139896,0
molecola_2631,23,0,23,0.005199058912694454,0
molecola_26685,1,1,1,0.9888995289802551,1
molecola_26685,2,0,2,0.03482639044523239,0
molecola_26685,3,0,3,0.00875316746532917,0
molecola_26685,4,0,4,0.004988443572074175,0
molecola_26685,5,0,5,0.005217996425926685,0
molecola_26685,6,0,6,0.004988443572074175,0
molecola_26685,7,0,7,0.00875316746532917,0
molecola_26685,8,0,8,0.005261910613626242,0
molecola_26685,9,0,9,0.004910952877253294,0
molecola_26685,10,0,10,0.004830001387745142,0
molecola_26685,11,0,11,0.004832349251955748,0
molecola_26685,12,0,12,0.005665960256010294,0
molecola_26685,13,0,13,0.004831578582525253,0
molecola_26685,14,0,14,0.005843109451234341,0
molecola_26685,15,0,15,0.004886140581220388,0
molecola_26685,16,0,16,0.004901866428554058,0
molecola_26685,17,0,17,0.005208962596952915,0
molecola_26685,18,0,18,0.004914386663585901,0
molecola_26685,19,0,19,0.004843795672059059,0
molecola_26685,20,0,20,0.00521477498114109,0
molecola_26685,21,0,21,0.0049413698725402355,0
molecola_26685,22,0,22,0.0049594370648264885,0
molecola_26685,23,0,23,0.004955339711159468,0
molecola_26685,24,0,24,0.0049594370648264885,0
molecola_26685,25,0,25,0.0049413698725402355,0
molecola_26685,26,0,26,0.004785946104675531,0
molecola_26775,1,0,1,0.005443698260933161,0
molecola_26775,2,0,2,0.004831267055124044,0
molecola_26775,3,0,3,0.0052790469489991665,0
molecola_26775,4,0,4,0.004814883694052696,0
molecola_26775,5,0,5,0.005555211566388607,0
molecola_26775,6,0,6,0.0048759011551737785,0
molecola_26775,7,0,7,0.007683857809752226,0
molecola_26775,8,0,8,0.03378225117921829,0
molecola_26775,9,1,9,0.9774353504180908,1
molecola_26775,10,0,10,0.005748651921749115,0
molecola_26775,11,0,11,0.0050833639688789845,0
molecola_26775,12,0,12,0.005167093593627214,0
molecola_26775,13,0,13,0.004915209952741861,0
molecola_26775,14,0,14,0.004969653207808733,0
molecola_26775,15,0,15,0.005072354804724455,0
molecola_26775,16,0,16,0.006761276163160801,0
molecola_26775,17,0,17,0.006576817482709885,0
molecola_26775,18,0,18,0.005905705504119396,0
molecola_26775,19,0,19,0.006593493279069662,0
molecola_26775,20,0,20,0.0050775837153196335,0
molecola_26775,21,0,21,0.004826976917684078,0
molecola_26775,22,0,22,0.005010267719626427,0
molecola_26775,23,0,23,0.005179875064641237,0
molecola_26775,24,0,24,0.0060789394192397594,0
molecola_26775,25,0,25,0.005768160335719585,0
molecola_26775,26,0,26,0.0058899070136249065,0
molecola_26775,27,0,27,0.006018590647727251,0
molecola_26775,28,0,28,0.005829397588968277,0
molecola_26775,29,0,29,0.005750511307269335,0
molecola_26775,30,0,30,0.00596341397613287,0
molecola_27025,1,1,1,0.9664840698242188,1
molecola_27025,2,0,2,0.029236240312457085,0
molecola_27025,3,0,3,0.007550438400357962,0
molecola_27025,4,0,4,0.005178152583539486,0
molecola_27025,5,0,5,0.005430138204246759,0
molecola_27025,6,0,6,0.005519072059541941,0
molecola_27025,7,0,7,0.004937481600791216,0
molecola_27025,8,0,8,0.005040915682911873,0
molecola_27025,9,0,9,0.004847663454711437,0
molecola_27025,10,0,10,0.004945296328514814,0
molecola_27025,11,0,11,0.004896782338619232,0
molecola_27025,12,0,12,0.005112519022077322,0
molecola_27025,13,0,13,0.004919741302728653,0
molecola_27025,14,0,14,0.004952789284288883,0
molecola_27025,15,0,15,0.004934191238135099,0
molecola_27025,16,0,16,0.005154529586434364,0
molecola_27025,17,0,17,0.004837926477193832,0
molecola_27025,18,0,18,0.0051674372516572475,0
molecola_27025,19,0,19,0.00492936372756958,0
molecola_27025,20,0,20,0.004935174714773893,0
molecola_27025,21,0,21,0.005259554833173752,0
molecola_27025,22,0,22,0.004935174714773893,0
molecola_27025,23,0,23,0.00492936372756958,0
molecola_27025,24,0,24,0.004931024741381407,0
molecola_27025,25,0,25,0.005199061706662178,0
molecola_27025,26,0,26,0.008747352287173271,0
molecola_27025,27,0,27,0.009955567307770252,0
molecola_27025,28,0,28,0.004967246204614639,0
molecola_27025,29,0,29,0.004912808537483215,0
molecola_27025,30,0,30,0.00496024452149868,0
molecola_27025,31,0,31,0.00496024452149868,0
molecola_27025,32,0,32,0.004913855344057083,0
molecola_27025,33,0,33,0.004945502616465092,0
molecola_28194,1,0,1,0.005905705504119396,0
molecola_28194,2,0,2,0.006634246092289686,0
molecola_28194,3,0,3,0.007874169386923313,0
molecola_28194,4,0,4,0.004979497753083706,0
molecola_28194,5,0,5,0.0049860537983477116,0
molecola_28194,6,0,6,0.004915611352771521,0
molecola_28194,7,0,7,0.004966362379491329,0
molecola_28194,8,0,8,0.005054652690887451,0
molecola_28194,9,0,9,0.008079513907432556,0
molecola_28194,10,0,10,0.012642824091017246,0
molecola_28194,11,0,11,0.008137018419802189,0
molecola_28194,12,0,12,0.005119875073432922,0
molecola_28194,13,0,13,0.004958956968039274,0
molecola_28194,14,0,14,0.005632814951241016,0
molecola_28194,15,0,15,0.005701304413378239,0
molecola_28194,16,0,16,0.00583534175530076,0
molecola_28194,17,0,17,0.005887082312256098,0
molecola_28194,18,0,18,0.0056637953966856,0
molecola_28194,19,0,19,0.005371679086238146,0
molecola_28194,20,0,20,0.005371679086238146,0
molecola_28194,21,0,21,0.009723074734210968,0
molecola_28194,22,0,22,0.0077857947908341885,0
molecola_28194,23,0,23,0.0077857947908341885,0
molecola_28194,24,0,24,0.004958956968039274,0
molecola_28194,25,0,25,0.005119875073432922,0
molecola_28194,26,0,26,0.005000006407499313,0
molecola_28194,27,0,27,0.006017691921442747,0
molecola_28194,28,0,28,0.03491977974772453,0
molecola_28194,29,1,29,0.9888613820075989,1
molecola_28202,1,0,1,0.94193434715271,1
molecola_28202,2,0,2,0.026376405730843544,0
molecola_28202,3,0,3,0.032487738877534866,0
molecola_28202,4,0,4,0.8225478529930115,1
molecola_28202,5,0,5,0.029748957604169846,0
molecola_28202,6,0,6,0.9630203247070312,1
molecola_28202,7,0,7,0.006677481345832348,0
molecola_28202,8,0,8,0.004787474870681763,0
molecola_28202,9,0,9,0.006905600428581238,0
molecola_28202,10,0,10,0.034985482692718506,0
molecola_28202,11,0,11,0.9888176918029785,1
molecola_28202,12,0,12,0.005344548728317022,0
molecola_28202,13,0,13,0.005748161114752293,0
molecola_28202,14,0,14,0.005640576593577862,0
molecola_28202,15,0,15,0.005344774108380079,0
molecola_28202,16,0,16,0.034908562898635864,0
molecola_28202,17,1,17,0.9888613820075989,1
molecola_28202,18,0,18,0.008465936407446861,0
molecola_28202,19,0,19,0.005000464618206024,0
molecola_28202,20,0,20,0.004936549346894026,0
molecola_28202,21,0,21,0.005359392613172531,0
molecola_28202,22,0,22,0.005749088246375322,0
molecola_28202,23,0,23,0.005640584509819746,0
molecola_28202,24,0,24,0.005344553384929895,0
molecola_28202,25,0,25,0.034985482692718506,0
molecola_28202,26,0,26,0.9888176918029785,1
molecola_28202,27,0,27,0.007047039456665516,0
molecola_28202,28,0,28,0.006167369894683361,0
molecola_2835,1,0,1,0.9664843678474426,1
molecola_2835,2,0,2,0.029238160699605942,0
molecola_2835,3,0,3,0.0067692347802221775,0
molecola_2835,4,0,4,0.00701871095225215,0
molecola_2835,5,0,5,0.004941482562571764,0
molecola_2835,6,0,6,0.00495933135971427,0
molecola_2835,7,0,7,0.004993906244635582,0
molecola_2835,8,0,8,0.008454017341136932,0
molecola_2835,9,0,9,0.03490781784057617,0
molecola_2835,10,1,10,0.988861620426178,1
molecola_28399,1,1,1,0.9888994097709656,1
molecola_28399,2,0,2,0.03482400253415108,0
molecola_28399,3,0,3,0.009822451509535313,0
molecola_28399,4,0,4,0.005627102684229612,0
molecola_28399,5,0,5,0.005091048311442137,0
molecola_28399,6,0,6,0.0051348512060940266,0
molecola_28399,7,0,7,0.005041623953729868,0
molecola_28399,8,0,8,0.005091787315905094,0
molecola_28399,9,0,9,0.0050062877126038074,0
molecola_28399,10,0,10,0.004944983869791031,0
molecola_28399,11,0,11,0.004991037771105766,0
molecola_28399,12,0,12,0.005819551646709442,0
molecola_28399,13,0,13,0.004955713637173176,0
molecola_28399,14,0,14,0.004946584347635508,0
molecola_28399,15,0,15,0.008558269590139389,0
molecola_28399,16,0,16,0.03490769490599632,0
molecola_28399,17,1,17,0.988861620426178,1
molecola_28399,18,0,18,0.006557157263159752,0
molecola_28399,19,0,19,0.004885335918515921,0
molecola_28399,20,0,20,0.004910256247967482,0
molecola_2874,1,1,1,0.9664821624755859,1
molecola_2874,2,0,2,0.029239866882562637,0
molecola_2874,3,0,3,0.006488896440714598,0
molecola_2874,4,0,4,0.005918784998357296,0
molecola_2874,5,0,5,0.004933804739266634,0
molecola_2874,6,0,6,0.004933804739266634,0
molecola_2874,7,0,7,0.005860175006091595,0
molecola_2874,8,0,8,0.004955850075930357,0
molecola_2874,9,0,9,0.0052964529022574425,0
molecola_2874,10,0,10,0.004936594050377607,0
molecola_2874,11,0,11,0.0056484234519302845,0
molecola_2874,12,0,12,0.00517577538266778,0
molecola_2874,13,0,13,0.004942033439874649,0
molecola_2874,14,0,14,0.0049600605852901936,0
molecola_2874,15,0,15,0.004960366990417242,0
molecola_2874,16,0,16,0.004948587156832218,0
molecola_2874,17,0,17,0.005079764872789383,0
molecola_2874,18,0,18,0.0077721732668578625,0
molecola_2874,19,0,19,0.008424521423876286,0
molecola_2874,20,0,20,0.005079844035208225,0
molecola_2874,21,0,21,0.004959401674568653,0
molecola_2874,22,0,22,0.004921730607748032,0
molecola_2874,23,0,23,0.005227472633123398,0
molecola_2874,24,0,24,0.004937547259032726,0
molecola_2874,25,0,25,0.005177457816898823,0
molecola_2874,26,0,26,0.005178673658519983,0
molecola_2874,27,0,27,0.0052813137881457806,0
molecola_2874,28,0,28,0.0052813137881457806,0
molecola_2874,29,0,29,0.0052813137881457806,0
molecola_2874,30,0,30,0.004933804739266634,0
molecola_2874,31,0,31,0.004933804739266634,0
molecola_28984,1,1,1,0.9888995289802551,1
molecola_28984,2,0,2,0.03482481837272644,0
molecola_28984,3,0,3,0.008517082780599594,0
molecola_28984,4,0,4,0.005002085119485855,0
molecola_28984,5,0,5,0.004947851877659559,0
molecola_28984,6,0,6,0.00560160493478179,0
molecola_28984,7,0,7,0.0052719032391905785,0
molecola_28984,8,0,8,0.005518156103789806,0
molecola_28984,9,0,9,0.0049414425157010555,0
molecola_28984,10,0,10,0.004965820349752903,0
molecola_28984,11,0,11,0.004919587168842554,0
molecola_28984,12,0,12,0.00495888153091073,0
molecola_28984,13,0,13,0.005403880029916763,0
molecola_28984,14,0,14,0.035163260996341705,0
molecola_28984,15,0,15,0.9887344241142273,1
molecola_28984,16,0,16,0.0060035246424376965,0
molecola_28984,17,0,17,0.004979955963790417,0
molecola_28984,18,0,18,0.00803186185657978,0
molecola_29330,1,0,1,0.005905705504119396,0
molecola_29330,2,0,2,0.0066339001059532166,0
molecola_29330,3,0,3,0.007955639623105526,0
molecola_29330,4,0,4,0.005236237775534391,0
molecola_29330,5,0,5,0.005561526864767075,0
molecola_29330,6,0,6,0.005488621070981026,0
molecola_29330,7,0,7,0.005131254903972149,0
molecola_29330,8,0,8,0.0055711716413497925,0
molecola_29330,9,0,9,0.004930851515382528,0
molecola_29330,10,0,10,0.004923164378851652,0
molecola_29330,11,0,11,0.005002115853130817,0
molecola_29330,12,0,12,0.005604753270745277,0
molecola_29330,13,0,13,0.025677327066659927,0
molecola_29330,14,0,14,0.815800666809082,1
molecola_29330,15,0,15,0.01600581966340542,0
molecola_29330,16,0,16,0.02583121694624424,0
molecola_29330,17,0,17,0.8314840197563171,1
molecola_29330,18,0,18,0.005450672935694456,0
molecola_29330,19,0,19,0.0054414886981248856,0
molecola_29330,20,0,20,0.006154948845505714,0
molecola_29330,21,0,21,0.005236237775534391,0
molecola_29330,22,0,22,0.007955639623105526,0
molecola_29330,23,0,23,0.0066339001059532166,0
molecola_29330,24,0,24,0.005905705504119396,0
molecola_29330,25,0,25,0.03501344099640846,0
molecola_29330,26,1,26,0.9888174533843994,1
molecola_29390,1,1,1,0.9888995289802551,1
molecola_29390,2,0,2,0.034823864698410034,0
molecola_29390,3,0,3,0.008593541570007801,0
molecola_29390,4,0,4,0.004948831163346767,0
molecola_29390,5,0,5,0.0049256859347224236,0
molecola_29390,6,0,6,0.004956880118697882,0
molecola_29390,7,0,7,0.004846552386879921,0
molecola_29390,8,0,8,0.004918518476188183,0
molecola_29390,9,0,9,0.004956555087119341,0
molecola_29390,10,0,10,0.005980358924716711,0
molecola_29444,1,0,1,0.006519543007016182,0
molecola_29444,2,0,2,0.005373768508434296,0
molecola_29444,3,0,3,0.005355183035135269,0
molecola_29444,4,0,4,0.005290530156344175,0
molecola_29444,5,0,5,0.004938533529639244,0
molecola_29444,6,0,6,0.005604737438261509,0
molecola_29444,7,0,7,0.005547812208533287,0
molecola_29444,8,0,8,0.005557533353567123,0
molecola_29444,9,0,9,0.005652932915836573,0
molecola_29444,10,0,10,0.005554197821766138,0
molecola_29444,11,0,11,0.005240327678620815,0
molecola_29444,12,0,12,0.004933491349220276,0
molecola_29444,13,0,13,0.007355809211730957,0
molecola_29444,14,0,14,0.026256142184138298,0
molecola_29444,15,0,15,0.8536992073059082,1
molecola_29444,16,0,16,0.0349409244954586,0
molecola_29444,17,1,17,0.988860547542572,1
molecola_29444,18,0,18,0.00753178121522069,0
molecola_29663,1,0,1,0.005965526215732098,0
molecola_29663,2,0,2,0.00574430963024497,0
molecola_29663,3,0,3,0.0059251850470900536,0
molecola_29663,4,0,4,0.005791171453893185,0
molecola_29663,5,0,5,0.005013268440961838,0
molecola_29663,6,0,6,0.005203655455261469,0
molecola_29663,7,0,7,0.005200642626732588,0
molecola_29663,8,0,8,0.0070168436504900455,0
molecola_29663,9,0,9,0.03490859642624855,0
molecola_29663,10,1,10,0.9888617396354675,1
molecola_29663,11,0,11,0.008466288447380066,0
molecola_29663,12,0,12,0.004999539349228144,0
molecola_29663,13,0,13,0.004901883192360401,0
molecola_29663,14,0,14,0.0050731319934129715,0
molecola_29663,15,0,15,0.004989205859601498,0
molecola_29663,16,0,16,0.005259265191853046,0
molecola_29663,17,0,17,0.00487119285389781,0
molecola_29663,18,0,18,0.005626988131552935,0
molecola_29663,19,0,19,0.0048425039276480675,0
molecola_29663,20,0,20,0.006496524903923273,0
molecola_29663,21,0,21,0.02537568099796772,0
molecola_29663,22,0,22,0.01051212940365076,0
molecola_29663,23,0,23,0.5616552829742432,1
molecola_29663,24,0,24,0.0049979714676737785,0
molecola_29663,25,0,25,0.00481843389570713,0
molecola_29663,26,0,26,0.005337966606020927,0
molecola_30074,1,0,1,0.006982881110161543,0
molecola_30074,2,0,2,0.005484721157699823,0
molecola_30074,3,0,3,0.006982881110161543,0
molecola_30074,4,0,4,0.006982881110161543,0
molecola_30074,5,0,5,0.005571792367845774,0
molecola_30074,6,0,6,0.004963700659573078,0
molecola_30074,7,0,7,0.0061042760498821735,0
molecola_30074,8,0,8,0.005885171238332987,0
molecola_30074,9,0,9,0.03498966991901398,0
molecola_30074,10,1,10,0.988817572593689,1
molecola_30074,11,0,11,0.008504131808876991,0
molecola_30074,12,0,12,0.00571825634688139,0
molecola_30074,13,0,13,0.014479289762675762,0
molecola_30074,14,0,14,0.0049423896707594395,0
molecola_30935,1,0,1,0.9888995289802551,1
molecola_30935,2,0,2,0.03482639044523239,0
molecola_30935,3,0,3,0.008787627331912518,0
molecola_30935,4,0,4,0.005030284635722637,0
molecola_30935,5,0,5,0.005577925592660904,0
molecola_30935,6,0,6,0.0050569334998726845,0
molecola_30935,7,0,7,0.005055120214819908,0
molecola_30935,8,0,8,0.006119314581155777,0
molecola_30935,9,0,9,0.010001684539020061,0
molecola_30935,10,0,10,0.03482909873127937,0
molecola_30935,11,0,11,0.9888994097709656,1
molecola_30935,12,0,12,0.021538330242037773,0
molecola_30935,13,0,13,0.03495436906814575,0
molecola_30935,14,1,14,0.988860547542572,1
molecola_30935,15,0,15,0.03503230959177017,0
molecola_30935,16,0,16,0.988816499710083,1
molecola_30935,17,0,17,0.005030284635722637,0
molecola_30935,18,0,18,0.008787627331912518,0
molecola_30967,1,0,1,0.005178465042263269,0
molecola_30967,2,0,2,0.007217293605208397,0
molecola_30967,3,0,3,0.0052427370101213455,0
molecola_30967,4,0,4,0.005382617004215717,0
molecola_30967,5,0,5,0.004935614764690399,0
molecola_30967,6,0,6,0.005583148915320635,0
molecola_30967,7,0,7,0.00524621969088912,0
molecola_30967,8,0,8,0.005565972533077002,0
molecola_30967,9,0,9,0.006334039848297834,0
molecola_30967,10,0,10,0.006896256934851408,0
molecola_30967,11,0,11,0.009650819003582,0
molecola_30967,12,0,12,0.0062838164158165455,0
molecola_30967,13,0,13,0.006637766025960445,0
molecola_30967,14,0,14,0.006042837630957365,0
molecola_30967,15,0,15,0.006042837630957365,0
molecola_30967,16,0,16,0.005657045636326075,0
molecola_30967,17,0,17,0.005469788331538439,0
molecola_30967,18,0,18,0.006286833435297012,0
molecola_30967,19,0,19,0.030769022181630135,0
molecola_30967,20,1,20,0.927609384059906,1
molecola_30967,21,0,21,0.006010075565427542,0
molecola_30967,22,0,22,0.004991393070667982,0
molecola_30967,23,0,23,0.008750846609473228,0
molecola_30967,24,0,24,0.03482639044523239,0
molecola_30967,25,1,25,0.9888995289802551,1
molecola_30967,26,0,26,0.008750846609473228,0
molecola_30967,27,0,27,0.004991393070667982,0
molecola_3123,1,1,1,0.9888613820075989,1
molecola_3123,2,0,2,0.03492337092757225,0
molecola_3123,3,0,3,0.008329891599714756,0
molecola_3123,4,0,4,0.005171105265617371,0
molecola_3123,5,0,5,0.0049321288242936134,0
molecola_3123,6,0,6,0.0049306596629321575,0
molecola_3123,7,0,7,0.00508754001930356,0
molecola_3123,8,0,8,0.00794091634452343,0
molecola_3123,9,0,9,0.011925850063562393,0
molecola_3123,10,0,10,0.007942456752061844,0
molecola_3123,11,0,11,0.005087315570563078,0
molecola_3123,12,0,12,0.0049306596629321575,0
molecola_3123,13,0,13,0.005146307870745659,0
molecola_3123,14,0,14,0.0049321288242936134,0
molecola_3123,15,0,15,0.004912864416837692,0
molecola_3123,16,0,16,0.005198659375309944,0
molecola_3123,17,0,17,0.004921407904475927,0
molecola_3124,1,0,1,0.0054855975322425365,0
molecola_3124,2,0,2,0.005025187041610479,0
molecola_3124,3,0,3,0.005021450109779835,0
molecola_3124,4,0,4,0.0049751573242247105,0
molecola_3124,5,0,5,0.004934301134198904,0
molecola_3124,6,0,6,0.005020154174417257,0
molecola_3124,7,0,7,0.0048079658299684525,0
molecola_3124,8,0,8,0.005541349295526743,0
molecola_3124,9,0,9,0.004755800124257803,0
molecola_3124,10,0,10,0.004968978930264711,0
molecola_3124,11,0,11,0.004934858530759811,0
molecola_3124,12,0,12,0.00869144406169653,0
molecola_3124,13,0,13,0.03482529893517494,0
molecola_3124,14,1,14,0.9888995289802551,1
molecola_3124,15,0,15,0.0075851911678910255,0
molecola_3124,16,0,16,0.005002085119485855,0
molecola_3124,17,0,17,0.0052889371290802956,0
molecola_3124,18,0,18,0.007398204877972603,0
molecola_31250,1,0,1,0.005273743998259306,0
molecola_31250,2,0,2,0.005675341002643108,0
molecola_31250,3,0,3,0.005024088080972433,0
molecola_31250,4,0,4,0.005147250834852457,0
molecola_31250,5,0,5,0.004959448706358671,0
molecola_31250,6,0,6,0.005033514928072691,0
molecola_31250,7,0,7,0.008874357677996159,0
molecola_31250,8,0,8,0.032267436385154724,0
molecola_31250,9,0,9,0.9502021670341492,1
molecola_31250,10,0,10,0.00660375552251935,0
molecola_31250,11,0,11,0.005190685391426086,0
molecola_31250,12,0,12,0.005276916548609734,0
molecola_31250,13,0,13,0.005692124366760254,0
molecola_31250,14,0,14,0.034908726811409,0
molecola_31250,15,1,15,0.9888617396354675,1
molecola_31250,16,0,16,0.008639753796160221,0
molecola_31250,17,0,17,0.004934502299875021,0
molecola_31250,18,0,18,0.004974946845322847,0
molecola_31250,19,0,19,0.0048399632796645164,0
molecola_31250,20,0,20,0.004973609000444412,0
molecola_31393,1,0,1,0.0059061115607619286,0
molecola_31393,2,0,2,0.006690816022455692,0
molecola_31393,3,0,3,0.006876915227621794,0
molecola_31393,4,0,4,0.005142210517078638,0
molecola_31393,5,0,5,0.004908171948045492,0
molecola_31393,6,0,6,0.004969891160726547,0
molecola_31393,7,0,7,0.004749061074107885,0
molecola_31393,8,0,8,0.0052932738326489925,0
molecola_31393,9,0,9,0.004818047396838665,0
molecola_31393,10,0,10,0.005592053756117821,0
molecola_31393,11,0,11,0.00559360533952713,0
molecola_31393,12,0,12,0.005067587364464998,0
molecola_31393,13,0,13,0.0059208557941019535,0
molecola_31393,14,0,14,0.004970822483301163,0
molecola_31393,15,0,15,0.008726773783564568,0
molecola_31393,16,0,16,0.0348285473883152,0
molecola_31393,17,1,17,0.9888995289802551,1
molecola_31393,18,0,18,0.021541208028793335,0
molecola_31393,19,0,19,0.034908972680568695,0
molecola_31393,20,1,20,0.9888615012168884,1
molecola_31689,1,0,1,0.005690929014235735,0
molecola_31689,2,0,2,0.00847572460770607,0
molecola_31689,3,0,3,0.005690929014235735,0
molecola_31689,4,0,4,0.005950747523456812,0
molecola_31689,5,0,5,0.005326843820512295,0
molecola_31689,6,0,6,0.004917365498840809,0
molecola_31689,7,0,7,0.00495104119181633,0
molecola_31689,8,0,8,0.004917365498840809,0
molecola_31689,9,0,9,0.005326843820512295,0
molecola_31689,10,0,10,0.00496793445199728,0
molecola_31689,11,0,11,0.004905587062239647,0
molecola_31689,12,0,12,0.004964847583323717,0
molecola_31689,13,0,13,0.004947478882968426,0
molecola_31689,14,0,14,0.00860595703125,0
molecola_31689,15,0,15,0.03482360392808914,0
molecola_31689,16,1,16,0.9888995289802551,1
molecola_31689,17,0,17,0.005910382606089115,0
molecola_31689,18,0,18,0.0050751082599163055,0
molecola_31689,19,0,19,0.005123035982251167,0
molecola_31689,20,0,20,0.007920896634459496,0
molecola_31689,21,0,21,0.008171062916517258,0
molecola_31782,1,0,1,0.006846257485449314,0
molecola_31782,2,0,2,0.005782079882919788,0
molecola_31782,3,0,3,0.030131280422210693,0
molecola_31782,4,1,4,0.9694858193397522,1
molecola_31782,5,0,5,0.005507618188858032,0
molecola_31782,6,0,6,0.004884627182036638,0
molecola_31782,7,0,7,0.0049513839185237885,0
molecola_31782,8,0,8,0.005011808592826128,0
molecola_31782,9,0,9,0.004887077491730452,0
molecola_31782,10,0,10,0.004878094885498285,0
molecola_31782,11,0,11,0.005393029656261206,0
molecola_31782,12,0,12,0.0049702259711921215,0
molecola_31782,13,0,13,0.004859481006860733,0
molecola_31782,14,0,14,0.004811971914023161,0
molecola_31782,15,0,15,0.005675182212144136,0
molecola_31782,16,0,16,0.004810761660337448,0
molecola_31782,17,0,17,0.00567067414522171,0
molecola_31782,18,0,18,0.005526601802557707,0
molecola_31782,19,0,19,0.005199238657951355,0
molecola_31782,20,0,20,0.005181568209081888,0
molecola_31782,21,0,21,0.005000020377337933,0
molecola_31782,22,0,22,0.005843954626470804,0
molecola_32091,1,0,1,0.007323600351810455,0
molecola_32091,2,0,2,0.005977801978588104,0
molecola_32091,3,0,3,0.00620329100638628,0
molecola_32091,4,0,4,0.0061566466465592384,0
molecola_32091,5,0,5,0.006743785459548235,0
molecola_32091,6,0,6,0.00584820844233036,0
molecola_32091,7,0,7,0.005892171990126371,0
molecola_32091,8,0,8,0.0057130535133183,0
molecola_32091,9,0,9,0.00661467807367444,0
molecola_32091,10,0,10,0.005487262271344662,0
molecola_32091,11,0,11,0.0063003357499837875,0
molecola_32091,12,0,12,0.0052302503027021885,0
molecola_32091,13,0,13,0.008763172663748264,0
molecola_32091,14,0,14,0.034913770854473114,0
molecola_32091,15,1,15,0.9888612627983093,1
molecola_32091,16,0,16,0.006486640777438879,0
molecola_32091,17,0,17,0.006350453477352858,0
molecola_3215,1,0,1,0.005905705504119396,0
molecola_3215,2,0,2,0.006578574888408184,0
molecola_3215,3,0,3,0.006784094497561455,0
molecola_3215,4,0,4,0.005070819519460201,0
molecola_3215,5,0,5,0.0049639311619102955,0
molecola_3215,6,0,6,0.0049600605852901936,0
molecola_3215,7,0,7,0.004941332153975964,0
molecola_3215,8,0,8,0.005225298460572958,0
molecola_3215,9,0,9,0.006093344651162624,0
molecola_3215,10,0,10,0.004951475653797388,0
molecola_3215,11,0,11,0.00493459589779377,0
molecola_3215,12,0,12,0.00596202677115798,0
molecola_3215,13,0,13,0.006291672587394714,0
molecola_3215,14,0,14,0.03140069171786308,0
molecola_3215,15,1,15,0.9374303817749023,1
molecola_3215,16,0,16,0.005564146209508181,0
molecola_3215,17,0,17,0.00814126431941986,0
molecola_3215,18,0,18,0.006990264169871807,0
molecola_3215,19,0,19,0.0051109446212649345,0
molecola_3215,20,0,20,0.004914925433695316,0
molecola_3215,21,0,21,0.004951220005750656,0
molecola_3215,22,0,22,0.004914925433695316,0
molecola_3215,23,0,23,0.0051109446212649345,0
molecola_3215,24,0,24,0.004980071447789669,0
molecola_3215,25,0,25,0.005442335270345211,0
molecola_3215,26,0,26,0.006076839752495289,0
molecola_3215,27,0,27,0.004966989159584045,0
molecola_3215,28,0,28,0.007963365875184536,0
molecola_3215,29,0,29,0.008840031921863556,0
molecola_3215,30,0,30,0.005212267395108938,0
molecola_3215,31,0,31,0.0049027204513549805,0
molecola_3215,32,0,32,0.004924489185214043,0
molecola_3215,33,0,33,0.005199036560952663,0
molecola_3215,34,0,34,0.00493459589779377,0
molecola_3215,35,0,35,0.004951475653797388,0
molecola_32565,1,0,1,0.02106795459985733,0
molecola_32565,2,0,2,0.029755260795354843,0
molecola_32565,3,1,3,0.9686184525489807,1
molecola_33149,1,0,1,0.0058753397315740585,0
molecola_33149,2,0,2,0.009550604969263077,0
molecola_33149,3,0,3,0.006000975612550974,0
molecola_33149,4,0,4,0.005480314139276743,0
molecola_33149,5,0,5,0.008912807330489159,0
molecola_33149,6,0,6,0.03482639044523239,0
molecola_33149,7,1,7,0.9888995289802551,1
molecola_33149,8,0,8,0.008912807330489159,0
molecola_33149,9,0,9,0.005480314139276743,0
molecola_33149,10,0,10,0.005901894066482782,0
molecola_33149,11,0,11,0.005861236248165369,0
molecola_33149,12,0,12,0.005399489309638739,0
molecola_33149,13,0,13,0.005751896183937788,0
molecola_33149,14,0,14,0.004964011255651712,0
molecola_33149,15,0,15,0.004986961837857962,0
molecola_33149,16,0,16,0.004923398140817881,0
molecola_33149,17,0,17,0.004960804246366024,0
molecola_33149,18,0,18,0.00496024452149868,0
molecola_33149,19,0,19,0.004911745432764292,0
molecola_33149,20,0,20,0.004984733648598194,0
molecola_33263,1,1,1,0.9888995885848999,1
molecola_33263,2,0,2,0.03482582047581673,0
molecola_33263,3,0,3,0.008597085252404213,0
molecola_33263,4,0,4,0.004949777387082577,0
molecola_33263,5,0,5,0.004962341859936714,0
molecola_33263,6,0,6,0.0049399700947105885,0
molecola_33263,7,0,7,0.008401064202189445,0
molecola_33263,8,0,8,0.004957615863531828,0
molecola_33263,9,0,9,0.004899424966424704,0
molecola_33263,10,0,10,0.0050608073361217976,0
molecola_33263,11,0,11,0.00870851892977953,0
molecola_33263,12,0,12,0.009955529123544693,0
molecola_33263,13,0,13,0.00496616680175066,0
molecola_33263,14,0,14,0.004903537221252918,0
molecola_33263,15,0,15,0.004952032584697008,0
molecola_33263,16,0,16,0.004911382216960192,0
molecola_33263,17,0,17,0.004960234742611647,0
molecola_33263,18,0,18,0.004959194455295801,0
molecola_33263,19,0,19,0.004922174382954836,0
molecola_33263,20,0,20,0.005197862628847361,0
molecola_33263,21,0,21,0.004924599081277847,0
molecola_33263,22,0,22,0.005199036560952663,0
molecola_33263,23,0,23,0.004983589053153992,0
molecola_33263,24,0,24,0.004918863996863365,0
molecola_33263,25,0,25,0.004960387945175171,0
molecola_33263,26,0,26,0.004955339711159468,0
molecola_33263,27,0,27,0.004960387945175171,0
molecola_33263,28,0,28,0.004918863996863365,0
molecola_33313,1,0,1,0.005049750674515963,0
molecola_33313,2,0,2,0.005261014681309462,0
molecola_33313,3,0,3,0.0054152351804077625,0
molecola_33313,4,0,4,0.005104136187583208,0
molecola_33313,5,0,5,0.032297004014253616,0
molecola_33313,6,0,6,0.9507762789726257,1
molecola_33313,7,0,7,0.005375914741307497,0
molecola_33313,8,0,8,0.005275283008813858,0
molecola_33313,9,0,9,0.0050529600121080875,0
molecola_33313,10,0,10,0.03229282423853874,0
molecola_33313,11,1,11,0.9486342668533325,1
molecola_33313,12,0,12,0.005133592523634434,0
molecola_33313,13,0,13,0.0050131515599787235,0
molecola_33313,14,0,14,0.005412769969552755,0
molecola_33313,15,0,15,0.005287532228976488,0
molecola_33313,16,0,16,0.005318699404597282,0
molecola_33313,17,0,17,0.005080890376120806,0
molecola_33313,18,0,18,0.006636684760451317,0
molecola_33313,19,0,19,0.006042837630957365,0
molecola_33313,20,0,20,0.006042837630957365,0
molecola_33313,21,0,21,0.005004081409424543,0
molecola_33313,22,0,22,0.004942483734339476,0
molecola_33313,23,0,23,0.004959867801517248,0
molecola_33313,24,0,24,0.004955339711159468,0
molecola_33313,25,0,25,0.004959867801517248,0
molecola_33313,26,0,26,0.004942483734339476,0
molecola_33345,1,0,1,0.0056360745802521706,0
molecola_33345,2,0,2,0.005638586822897196,0
molecola_33345,3,0,3,0.005763079039752483,0
molecola_33345,4,0,4,0.005845841020345688,0
molecola_33345,5,0,5,0.005484434776008129,0
molecola_33345,6,0,6,0.006120944861322641,0
molecola_33345,7,0,7,0.004964685067534447,0
molecola_33345,8,0,8,0.007964733988046646,0
molecola_33345,9,0,9,0.008840031921863556,0
molecola_33345,10,0,10,0.00516803003847599,0
molecola_33345,11,0,11,0.005310849752277136,0
molecola_33345,12,0,12,0.004913769196718931,0
molecola_33345,13,0,13,0.004905561916530132,0
molecola_33345,14,0,14,0.00521476985886693,0
molecola_33345,15,0,15,0.005105458665639162,0
molecola_33345,16,0,16,0.005076095927506685,0
molecola_33345,17,0,17,0.004924704320728779,0
molecola_33345,18,0,18,0.005000588018447161,0
molecola_33345,19,0,19,0.008466356433928013,0
molecola_33345,20,0,20,0.03490438684821129,0
molecola_33345,21,1,21,0.9888619780540466,1
molecola_33345,22,0,22,0.005337410140782595,0
molecola_33345,23,0,23,0.0049376036040484905,0
molecola_3379,1,0,1,0.005538591183722019,0
molecola_3379,2,0,2,0.005233712028712034,0
molecola_3379,3,0,3,0.005092850420624018,0
molecola_3379,4,0,4,0.005582889541983604,0
molecola_3379,5,0,5,0.00503128208220005,0
molecola_3379,6,0,6,0.008787627331912518,0
molecola_3379,7,0,7,0.03482639044523239,0
molecola_3379,8,1,8,0.9888995289802551,1
molecola_3379,9,0,9,0.008787627331912518,0
molecola_3379,10,0,10,0.00503128208220005,0
molecola_3379,11,0,11,0.0054726735688745975,0
molecola_3379,12,0,12,0.005114566069096327,0
molecola_3379,13,0,13,0.005389884579926729,0
molecola_3379,14,0,14,0.005433706101030111,0
molecola_3379,15,0,15,0.0056638168171048164,0
molecola_3379,16,0,16,0.005276846699416637,0
molecola_3379,17,0,17,0.005374375265091658,0
molecola_3379,18,0,18,0.0066361818462610245,0
molecola_3379,19,0,19,0.006042837630957365,0
molecola_3379,20,0,20,0.006042837630957365,0
molecola_3379,21,0,21,0.005773741751909256,0
molecola_3379,22,0,22,0.005903732497245073,0
molecola_33896,1,1,1,0.9888995289802551,1
molecola_33896,2,0,2,0.03482639044523239,0
molecola_33896,3,0,3,0.00890698004513979,0
molecola_33896,4,0,4,0.005236235447227955,0
molecola_33896,5,0,5,0.006973526440560818,0
molecola_33896,6,0,6,0.008284308016300201,0
molecola_33896,7,0,7,0.0056148795410990715,0
molecola_33896,8,0,8,0.0053059752099215984,0
molecola_33896,9,0,9,0.004930687602609396,0
molecola_33896,10,0,10,0.004929728806018829,0
molecola_33896,11,0,11,0.0052047958597540855,0
molecola_33896,12,0,12,0.0049667819403111935,0
molecola_33896,13,0,13,0.005297041032463312,0
molecola_33896,14,0,14,0.005200146231800318,0
molecola_33896,15,0,15,0.0063185845501720905,0
molecola_33896,16,0,16,0.007292770314961672,0
molecola_33896,17,0,17,0.005188358947634697,0
molecola_33896,18,0,18,0.0050919875502586365,0
molecola_33896,19,0,19,0.006116798147559166,0
molecola_33896,20,0,20,0.0050919875502586365,0
molecola_33896,21,0,21,0.005188358947634697,0
molecola_33896,22,0,22,0.004929728806018829,0
molecola_33896,23,0,23,0.004930687602609396,0
molecola_33896,24,0,24,0.005236235447227955,0
molecola_33896,25,0,25,0.00890698004513979,0
molecola_35504,1,0,1,0.005445903167128563,0
molecola_35504,2,0,2,0.005024462006986141,0
molecola_35504,3,0,3,0.005142686422914267,0
molecola_35504,4,0,4,0.007098525296896696,0
molecola_35504,5,0,5,0.03213992342352867,0
molecola_35504,6,1,6,0.9486680030822754,1
molecola_35504,7,0,7,0.006540280766785145,0
molecola_35504,8,0,8,0.005380822811275721,0
molecola_35504,9,0,9,0.005174962803721428,0
molecola_35504,10,0,10,0.004808289930224419,0
molecola_35504,11,0,11,0.005151009652763605,0
molecola_35504,12,0,12,0.005048817023634911,0
molecola_35504,13,0,13,0.005307616200298071,0
molecola_35504,14,0,14,0.004829646088182926,0
molecola_35504,15,0,15,0.00512348348274827,0
molecola_35504,16,0,16,0.005088490899652243,0
molecola_35504,17,0,17,0.005488683469593525,0
molecola_35504,18,0,18,0.00514235720038414,0
molecola_35504,19,0,19,0.005113501101732254,0
molecola_35504,20,0,20,0.00480606546625495,0
molecola_35504,21,0,21,0.005282549187541008,0
molecola_35504,22,0,22,0.0050170207396149635,0
molecola_35504,23,0,23,0.005084285046905279,0
molecola_35504,24,0,24,0.0049199373461306095,0
molecola_35504,25,0,25,0.005680738482624292,0
molecola_35504,26,0,26,0.005526664201170206,0
molecola_35504,27,0,27,0.005245806649327278,0
molecola_36057,1,0,1,0.006208581849932671,0
molecola_36057,2,0,2,0.005455847829580307,0
molecola_36057,3,0,3,0.0049466476775705814,0
molecola_36057,4,0,4,0.004945507273077965,0
molecola_36057,5,0,5,0.005087542347609997,0
molecola_36057,6,0,6,0.004840985406190157,0
molecola_36057,7,0,7,0.00787894707173109,0
molecola_36057,8,0,8,0.010086429305374622,0
molecola_36057,9,0,9,0.00759629113599658,0
molecola_36057,10,0,10,0.0050362953916192055,0
molecola_36057,11,0,11,0.004976138938218355,0
molecola_36057,12,0,12,0.004951997194439173,0
molecola_36057,13,0,13,0.005097791086882353,0
molecola_36057,14,0,14,0.005705579649657011,0
molecola_36057,15,0,15,0.034911710768938065,0
molecola_36057,16,1,16,0.9888611435890198,1
molecola_36057,17,0,17,0.005972528364509344,0
molecola_36057,18,0,18,0.006289023440331221,0
molecola_36057,19,0,19,0.005039048381149769,0
molecola_36057,20,0,20,0.005075469613075256,0
molecola_36057,21,0,21,0.004917734302580357,0
molecola_36057,22,0,22,0.00492745079100132,0
molecola_36057,23,0,23,0.004948504734784365,0
molecola_36065,1,0,1,0.005029549356549978,0
molecola_36065,2,0,2,0.005148523021489382,0
molecola_36065,3,0,3,0.004978144075721502,0
molecola_36065,4,0,4,0.004964736755937338,0
molecola_36065,5,0,5,0.0049971845000982285,0
molecola_36065,6,0,6,0.005156143568456173,0
molecola_36065,7,0,7,0.0054379417560994625,0
molecola_36065,8,0,8,0.005644712597131729,0
molecola_36065,9,0,9,0.005074316170066595,0
molecola_36065,10,0,10,0.025117089971899986,0
molecola_36065,11,1,11,0.9184864163398743,1
molecola_36065,12,0,12,0.005081394221633673,0
molecola_36065,13,0,13,0.0048627401702106,0
molecola_36065,14,0,14,0.004900673404335976,0
molecola_36065,15,0,15,0.0050369687378406525,0
molecola_36065,16,0,16,0.005787334404885769,0
molecola_36065,17,0,17,0.005566173233091831,0
molecola_36065,18,0,18,0.005203408654779196,0
molecola_36065,19,0,19,0.005447215400636196,0
molecola_36065,20,0,20,0.006829742342233658,0
molecola_36065,21,0,21,0.02391248568892479,0
molecola_36065,22,0,22,0.8846784830093384,1
molecola_36065,23,0,23,0.021073613315820694,0
molecola_36065,24,0,24,0.4843301475048065,0
molecola_36065,25,0,25,0.021655024960637093,0
molecola_36065,26,0,26,0.5153571963310242,1
molecola_36065,27,0,27,0.0208395067602396,0
molecola_36065,28,0,28,0.4846528470516205,0
molecola_36065,29,0,29,0.0056513892486691475,0
molecola_36065,30,0,30,0.005843862891197205,0
molecola_36065,31,0,31,0.0050172824412584305,0
molecola_36352,1,0,1,0.0052894363179802895,0
molecola_36352,2,0,2,0.006770828273147345,0
molecola_36352,3,0,3,0.005183021072298288,0
molecola_36352,4,0,4,0.005480974446982145,0
molecola_36352,5,0,5,0.00537135498598218,0
molecola_36352,6,0,6,0.005725334398448467,0
molecola_36352,7,0,7,0.005796769168227911,0
molecola_36352,8,0,8,0.005741545464843512,0
molecola_36352,9,0,9,0.00511462427675724,0
molecola_36352,10,0,10,0.005194939207285643,0
molecola_36352,11,0,11,0.004854951985180378,0
molecola_36352,12,0,12,0.004971652757376432,0
molecola_36352,13,0,13,0.004886741284281015,0
molecola_36352,14,0,14,0.004963285755366087,0
molecola_36352,15,0,15,0.004952121991664171,0
molecola_36352,16,0,16,0.004946730099618435,0
molecola_36352,17,0,17,0.00860939547419548,0
molecola_36352,18,0,18,0.03482639044523239,0
molecola_36352,19,1,19,0.9888995289802551,1
molecola_36352,20,0,20,0.00860939547419548,0
molecola_36352,21,0,21,0.004946730099618435,0
molecola_36853,1,1,1,0.9888995289802551,1
molecola_36853,2,0,2,0.03482639044523239,0
molecola_36853,3,0,3,0.008750309236347675,0
molecola_36853,4,0,4,0.004967460408806801,0
molecola_36853,5,0,5,0.00539602804929018,0
molecola_36853,6,0,6,0.005442226771265268,0
molecola_36853,7,0,7,0.007839253172278404,0
molecola_36853,8,0,8,0.006116603966802359,0
molecola_36853,9,0,9,0.005718625150620937,0
molecola_36853,10,0,10,0.0058208731934428215,0
molecola_36853,11,0,11,0.005679753143340349,0
molecola_36853,12,0,12,0.005666757933795452,0
molecola_36853,13,0,13,0.005568760447204113,0
molecola_36853,14,0,14,0.004971346352249384,0
molecola_36853,15,0,15,0.004965443629771471,0
molecola_36853,16,0,16,0.004914489574730396,0
molecola_36853,17,0,17,0.005403016693890095,0
molecola_36853,18,0,18,0.004938008729368448,0
molecola_36853,19,0,19,0.010661032050848007,0
molecola_36853,20,0,20,0.01162655372172594,0
molecola_36853,21,0,21,0.01162655372172594,0
molecola_36853,22,0,22,0.0057606943883001804,0
molecola_36853,23,0,23,0.0056018708273768425,0
molecola_36853,24,0,24,0.004947511479258537,0
molecola_36853,25,0,25,0.0049604023806750774,0
molecola_36853,26,0,26,0.004955339711159468,0
molecola_36853,27,0,27,0.0049604023806750774,0
molecola_36853,28,0,28,0.004947511479258537,0
molecola_36853,29,0,29,0.004967460408806801,0
molecola_36853,30,0,30,0.008750309236347675,0
molecola_38190,1,0,1,0.006288275122642517,0
molecola_38190,2,0,2,0.005473122466355562,0
molecola_38190,3,0,3,0.005086097400635481,0
molecola_38190,4,0,4,0.0049680923111736774,0
molecola_38190,5,0,5,0.004946472123265266,0
molecola_38190,6,0,6,0.005583146587014198,0
molecola_38190,7,0,7,0.005286326166242361,0
molecola_38190,8,0,8,0.005681832320988178,0
molecola_38190,9,0,9,0.0049465494230389595,0
molecola_38190,10,0,10,0.00496049365028739,0
molecola_38190,11,0,11,0.004962085280567408,0
molecola_38190,12,0,12,0.0052254050970077515,0
molecola_38190,13,0,13,0.006199320778250694,0
molecola_38190,14,0,14,0.00869612954556942,0
molecola_38190,15,0,15,0.007017348427325487,0
molecola_38190,16,0,16,0.007017348427325487,0
molecola_38190,17,0,17,0.006975236814469099,0
molecola_38190,18,0,18,0.030109331011772156,0
molecola_38190,19,1,19,0.9694765210151672,1
molecola_39704,1,1,1,0.9888994097709656,1
molecola_39704,2,0,2,0.034822866320610046,0
molecola_39704,3,0,3,0.00784597173333168,0
molecola_39704,4,0,4,0.005185357294976711,0
molecola_39704,5,0,5,0.005091453902423382,0
molecola_39704,6,0,6,0.005035014357417822,0
molecola_39704,7,0,7,0.005115286912769079,0
molecola_39704,8,0,8,0.004951884504407644,0
molecola_39704,9,0,9,0.00489884614944458,0
molecola_39704,10,0,10,0.0049646636471152306,0
molecola_39704,11,0,11,0.005986938253045082,0
molecola_39704,12,0,12,0.0051504699513316154,0
molecola_39704,13,0,13,0.004814392887055874,0
molecola_39704,14,0,14,0.005026529543101788,0
molecola_39704,15,0,15,0.0048948959447443485,0
molecola_39704,16,0,16,0.005026529543101788,0
molecola_39704,17,0,17,0.004814392887055874,0
molecola_40169,1,0,1,0.006483252160251141,0
molecola_40169,2,0,2,0.006974180229008198,0
molecola_40169,3,0,3,0.006764571648091078,0
molecola_40169,4,0,4,0.0060380566865205765,0
molecola_40169,5,0,5,0.005215593613684177,0
molecola_40169,6,0,6,0.004916161764413118,0
molecola_40169,7,0,7,0.004953891504555941,0
molecola_40169,8,0,8,0.004965287633240223,0
molecola_40169,9,0,9,0.004847019445151091,0
molecola_40169,10,0,10,0.004917762242257595,0
molecola_40169,11,0,11,0.004958180710673332,0
molecola_40169,12,0,12,0.005600768141448498,0
molecola_40169,13,0,13,0.005124049726873636,0
molecola_40169,14,0,14,0.005047988146543503,0
molecola_40169,15,0,15,0.005364489275962114,0
molecola_40169,16,0,16,0.00478387763723731,0
molecola_40169,17,0,17,0.005603496450930834,0
molecola_40169,18,0,18,0.00478387763723731,0
molecola_40169,19,0,19,0.005364489275962114,0
molecola_40169,20,0,20,0.006576686631888151,0
molecola_40169,21,0,21,0.033567819744348526,0
molecola_40169,22,1,22,0.977080225944519,1
molecola_40169,23,0,23,0.006393631920218468,0
molecola_40169,24,0,24,0.006576686631888151,0
molecola_40977,1,0,1,0.007017352152615786,0
molecola_40977,2,0,2,0.008694982156157494,0
molecola_40977,3,0,3,0.007017352152615786,0
molecola_40977,4,0,4,0.006031887140125036,0
molecola_40977,5,0,5,0.004966918379068375,0
molecola_40977,6,0,6,0.004963144659996033,0
molecola_40977,7,0,7,0.004911055788397789,0
molecola_40977,8,0,8,0.004967198707163334,0
molecola_40977,9,0,9,0.005119183100759983,0
molecola_40977,10,0,10,0.004952690564095974,0
molecola_40977,11,0,11,0.004946290981024504,0
molecola_40977,12,0,12,0.00855821743607521,0
molecola_40977,13,0,13,0.0349079929292202,0
molecola_40977,14,1,14,0.988861620426178,1
molecola_40977,15,0,15,0.006555709522217512,0
molecola_40977,16,0,16,0.004960950464010239,0
molecola_40977,17,0,17,0.004910209681838751,0
molecola_41029,1,0,1,0.0059054335579276085,0
molecola_41029,2,0,2,0.006530055310577154,0
molecola_41029,3,0,3,0.007870448753237724,0
molecola_41029,4,0,4,0.03492103889584541,0
molecola_41029,5,1,5,0.9888613820075989,1
molecola_41029,6,0,6,0.008674518205225468,0
molecola_41029,7,0,7,0.004949514288455248,0
molecola_41029,8,0,8,0.004910431336611509,0
molecola_41029,9,0,9,0.004985968116670847,0
molecola_41029,10,0,10,0.005155586171895266,0
molecola_41029,11,0,11,0.005766605027019978,0
molecola_41029,12,0,12,0.005554521456360817,0
molecola_41029,13,0,13,0.005257501732558012,0
molecola_41029,14,0,14,0.005022233817726374,0
molecola_41029,15,0,15,0.005266867112368345,0
molecola_41029,16,0,16,0.0050526694394648075,0
molecola_41029,17,0,17,0.004855962935835123,0
molecola_41029,18,0,18,0.004778092261403799,0
molecola_41029,19,0,19,0.004953973926603794,0
molecola_41029,20,0,20,0.004904486704617739,0
molecola_41029,21,0,21,0.005582598503679037,0
molecola_41029,22,0,22,0.005580205470323563,0
molecola_41029,23,0,23,0.00563505943864584,0
molecola_41029,24,0,24,0.005580205470323563,0
molecola_41029,25,0,25,0.005582418292760849,0
molecola_41029,26,0,26,0.004913466051220894,0
molecola_41029,27,0,27,0.004882782232016325,0
molecola_43702,1,0,1,0.6394787430763245,1
molecola_43702,2,0,2,0.02470378763973713,0
molecola_43702,3,0,3,0.006098221521824598,0
molecola_43702,4,0,4,0.004904556088149548,0
molecola_43702,5,0,5,0.005104281473904848,0
molecola_43702,6,0,6,0.006340526044368744,0
molecola_43702,7,0,7,0.0048766229301691055,0
molecola_43702,8,0,8,0.004874383565038443,0
molecola_43702,9,0,9,0.0050466014072299,0
molecola_43702,10,0,10,0.005031189415603876,0
molecola_43702,11,0,11,0.005231136456131935,0
molecola_43702,12,0,12,0.004923533648252487,0
molecola_43702,13,0,13,0.0052381036803126335,0
molecola_43702,14,0,14,0.005271678324788809,0
molecola_43702,15,0,15,0.005279951263219118,0
molecola_43702,16,0,16,0.005279951263219118,0
molecola_43702,17,0,17,0.005279951263219118,0
molecola_43702,18,0,18,0.005291454028338194,0
molecola_43702,19,0,19,0.00548581825569272,0
molecola_43702,20,0,20,0.005128468386828899,0
molecola_43702,21,0,21,0.007609596010297537,0
molecola_43702,22,0,22,0.008955594152212143,0
molecola_43702,23,0,23,0.00512853916734457,0
molecola_43702,24,0,24,0.005495804361999035,0
molecola_43702,25,0,25,0.00534348888322711,0
molecola_43702,26,0,26,0.005564315244555473,0
molecola_43702,27,0,27,0.005535327363759279,0
molecola_43702,28,0,28,0.005535327363759279,0
molecola_43702,29,0,29,0.0056082382798194885,0
molecola_43702,30,0,30,0.005769818089902401,0
molecola_43702,31,0,31,0.005769818089902401,0
molecola_43702,32,0,32,0.005769818089902401,0
molecola_43702,33,0,33,0.004755443427711725,0
molecola_43702,34,0,34,0.005062757059931755,0
molecola_43702,35,0,35,0.007393888663500547,0
molecola_43702,36,0,36,0.034951191395521164,0
molecola_43702,37,0,37,0.988860547542572,1
molecola_43702,38,0,38,0.03495163470506668,0
molecola_43702,39,1,39,0.988860547542572,1
molecola_43702,40,0,40,0.007656644564121962,0
molecola_43702,41,0,41,0.004904586356133223,0
molecola_44036,1,0,1,0.005905705504119396,0
molecola_44036,2,0,2,0.006634246092289686,0
molecola_44036,3,0,3,0.007976953871548176,0
molecola_44036,4,0,4,0.005197734571993351,0
molecola_44036,5,0,5,0.0051707373932003975,0
molecola_44036,6,0,6,0.004815912339836359,0
molecola_44036,7,0,7,0.005143503658473492,0
molecola_44036,8,0,8,0.004917206708341837,0
molecola_44036,9,0,9,0.0049618943594396114,0
molecola_44036,10,0,10,0.00491531053557992,0
molecola_44036,11,0,11,0.004955703858286142,0
molecola_44036,12,0,12,0.0049756551161408424,0
molecola_44036,13,0,13,0.006911158561706543,0
molecola_44036,14,0,14,0.006602494977414608,0
molecola_44036,15,0,15,0.005905705504119396,0
molecola_44036,16,0,16,0.006911059841513634,0
molecola_44036,17,0,17,0.006602494977414608,0
molecola_44036,18,0,18,0.005905705504119396,0
molecola_44036,19,0,19,0.004976630210876465,0
molecola_44036,20,0,20,0.00495009683072567,0
molecola_44036,21,0,21,0.004965151194483042,0
molecola_44036,22,0,22,0.008697793819010258,0
molecola_44036,23,0,23,0.03492223843932152,0
molecola_44036,24,1,24,0.9888613820075989,1
molecola_44238,1,1,1,0.9473203420639038,1
molecola_44238,2,0,2,0.0322091169655323,0
molecola_44238,3,0,3,0.005840755533427,0
molecola_44238,4,0,4,0.0049455426633358,0
molecola_44238,5,0,5,0.00490565737709403,0
molecola_44238,6,0,6,0.0049145896919071674,0
molecola_44238,7,0,7,0.004956621211022139,0
molecola_44238,8,0,8,0.0049190036952495575,0
molecola_44238,9,0,9,0.0049190036952495575,0
molecola_44238,10,0,10,0.004956710617989302,0
molecola_44238,11,0,11,0.004912626463919878,0
molecola_44238,12,0,12,0.0049661737866699696,0
molecola_44238,13,0,13,0.004912575241178274,0
molecola_44238,14,0,14,0.004957601893693209,0
molecola_44238,15,0,15,0.0049120276235044,0
molecola_44238,16,0,16,0.005702388472855091,0
molecola_44238,17,0,17,0.004955586511641741,0
molecola_44238,18,0,18,0.004939574282616377,0
molecola_44238,19,0,19,0.004940141458064318,0
molecola_44251,1,0,1,0.8536164164543152,1
molecola_44251,2,0,2,0.026112684980034828,0
molecola_44251,3,0,3,0.007206208538264036,0
molecola_44251,4,0,4,0.005007366184145212,0
molecola_44251,5,0,5,0.00564482482150197,0
molecola_44251,6,0,6,0.0067748152650892735,0
molecola_44251,7,0,7,0.014917094260454178,0
molecola_44251,8,0,8,0.030120855197310448,0
molecola_44251,9,1,9,0.9694765210151672,1
molecola_44251,10,0,10,0.007300728000700474,0
molecola_44251,11,0,11,0.006552654318511486,0
molecola_44251,12,0,12,0.006715249270200729,0
molecola_44343,1,0,1,0.005905705504119396,0
molecola_44343,2,0,2,0.006602494977414608,0
molecola_44343,3,0,3,0.006913080345839262,0
molecola_44343,4,0,4,0.005686564836651087,0
molecola_44343,5,0,5,0.006800683680921793,0
molecola_44343,6,0,6,0.006590377073734999,0
molecola_44343,7,0,7,0.005905705504119396,0
molecola_44343,8,0,8,0.0056142862886190414,0
molecola_44343,9,0,9,0.005111252889037132,0
molecola_44343,10,0,10,0.0054215616546571255,0
molecola_44343,11,0,11,0.030101213604211807,0
molecola_44343,12,1,12,0.9695209860801697,1
molecola_44343,13,0,13,0.0054411739110946655,0
molecola_44343,14,0,14,0.006908321753144264,0
molecola_44343,15,0,15,0.006602494977414608,0
molecola_44343,16,0,16,0.005905705504119396,0
molecola_4525,1,0,1,0.007017348427325487,0
molecola_4525,2,0,2,0.008697103708982468,0
molecola_4525,3,0,3,0.007017348427325487,0
molecola_4525,4,0,4,0.006290331482887268,0
molecola_4525,5,0,5,0.005282450933009386,0
molecola_4525,6,0,6,0.0049216910265386105,0
molecola_4525,7,0,7,0.004985599312931299,0
molecola_4525,8,0,8,0.0049216910265386105,0
molecola_4525,9,0,9,0.005282450933009386,0
molecola_4525,10,0,10,0.005049458704888821,0
molecola_4525,11,0,11,0.0049648284912109375,0
molecola_4525,12,0,12,0.004999425727874041,0
molecola_4525,13,0,13,0.004941592458635569,0
molecola_4525,14,0,14,0.004977473057806492,0
molecola_4525,15,0,15,0.005319774150848389,0
molecola_4525,16,0,16,0.004914239980280399,0
molecola_4525,17,0,17,0.004960234742611647,0
molecola_4525,18,0,18,0.004993906244635582,0
molecola_4525,19,0,19,0.008454089052975178,0
molecola_4525,20,0,20,0.03490467742085457,0
molecola_4525,21,0,21,0.9888618588447571,1
molecola_4525,22,0,22,0.005419604945927858,0
molecola_4525,23,0,23,0.004912656731903553,0
molecola_4525,24,0,24,0.005000049248337746,0
molecola_4525,25,0,25,0.008464927785098553,0
molecola_4525,26,0,26,0.03495200350880623,0
molecola_4525,27,1,27,0.988860547542572,1
molecola_4525,28,0,28,0.035025499761104584,0
molecola_4525,29,0,29,0.9888169765472412,1
molecola_45613,1,1,1,0.7038365602493286,1
molecola_45613,2,0,2,0.026229413226246834,0
molecola_45613,3,0,3,0.00605460861697793,0
molecola_45613,4,0,4,0.005081871058791876,0
molecola_45613,5,0,5,0.005081871058791876,0
molecola_45613,6,0,6,0.00605460861697793,0
molecola_45613,7,0,7,0.026229407638311386,0
molecola_45613,8,0,8,0.7038365602493286,1
molecola_47685,1,0,1,0.00635988125577569,0
molecola_47685,2,0,2,0.00609790300950408,0
molecola_47685,3,0,3,0.00494838273152709,0
molecola_47685,4,0,4,0.00495129032060504,0
molecola_47685,5,0,5,0.00494838273152709,0
molecola_47685,6,0,6,0.00609790300950408,0
molecola_47685,7,0,7,0.00635988125577569,0
molecola_47685,8,0,8,0.025996413081884384,0
molecola_47685,9,0,9,0.8451104164123535,1
molecola_47685,10,0,10,0.00495129032060504,0
molecola_47685,11,0,11,0.004948270041495562,0
molecola_47685,12,0,12,0.005532372742891312,0
molecola_47685,13,0,13,0.006298282649368048,0
molecola_47685,14,0,14,0.01212348137050867,0
molecola_47685,15,0,15,0.0340522825717926,0
molecola_47685,16,1,16,0.9838575124740601,1
molecola_47685,17,0,17,0.005532372742891312,0
molecola_47685,18,0,18,0.006298282649368048,0
molecola_47685,19,0,19,0.004948270041495562,0
molecola_48179,1,0,1,0.006463835947215557,0
molecola_48179,2,0,2,0.006998143158853054,0
molecola_48179,3,0,3,0.006605629343539476,0
molecola_48179,4,0,4,0.005931789055466652,0
molecola_48179,5,0,5,0.0053434837609529495,0
molecola_48179,6,0,6,0.03140195086598396,0
molecola_48179,7,1,7,0.9374298453330994,1
molecola_48179,8,0,8,0.005564170423895121,0
molecola_48179,9,0,9,0.00814126431941986,0
molecola_48179,10,0,10,0.006990264169871807,0
molecola_48179,11,0,11,0.0051511614583432674,0
molecola_48179,12,0,12,0.00493123522028327,0
molecola_48179,13,0,13,0.005143957678228617,0
molecola_48179,14,0,14,0.004932182841002941,0
molecola_48179,15,0,15,0.00493123522028327,0
molecola_48179,16,0,16,0.0051511614583432674,0
molecola_48729,1,0,1,0.006403220351785421,0
molecola_48729,2,0,2,0.005475871730595827,0
molecola_48729,3,0,3,0.005487465765327215,0
molecola_48729,4,0,4,0.006957904901355505,0
molecola_48729,5,0,5,0.032129816710948944,0
molecola_48729,6,0,6,0.9462519884109497,1
molecola_48729,7,0,7,0.006957904901355505,0
molecola_48729,8,0,8,0.005487465765327215,0
molecola_48729,9,0,9,0.005804510321468115,0
molecola_48729,10,0,10,0.005872699897736311,0
molecola_48729,11,0,11,0.005688199307769537,0
molecola_48729,12,0,12,0.005579150281846523,0
molecola_48729,13,0,13,0.0049891723319888115,0
molecola_48729,14,0,14,0.008718609809875488,0
molecola_48729,15,0,15,0.03490803390741348,0
molecola_48729,16,1,16,0.988861620426178,1
molecola_48729,17,0,17,0.006293527316302061,0
molecola_48729,18,0,18,0.0049545965157449245,0
molecola_48729,19,0,19,0.005087774246931076,0
molecola_48729,20,0,20,0.0049147880636155605,0
molecola_48746,1,1,1,0.8537046909332275,1
molecola_48746,2,0,2,0.026114407926797867,0
molecola_48746,3,0,3,0.0067639597691595554,0
molecola_48746,4,0,4,0.005182032939046621,0
molecola_48746,5,0,5,0.00538838654756546,0
molecola_48746,6,0,6,0.0049183969385921955,0
molecola_48746,7,0,7,0.006607028190046549,0
molecola_48746,8,0,8,0.007450110744684935,0
molecola_48746,9,0,9,0.005277520045638084,0
molecola_48746,10,0,10,0.005537191405892372,0
molecola_48746,11,0,11,0.004946706350892782,0
molecola_48746,12,0,12,0.00494260573759675,0
molecola_48746,13,0,13,0.005204504355788231,0
molecola_48746,14,0,14,0.0049066441133618355,0
molecola_48746,15,0,15,0.005113554652780294,0
molecola_48746,16,0,16,0.004919741302728653,0
molecola_48746,17,0,17,0.005178057122975588,0
molecola_48746,18,0,18,0.0052813137881457806,0
molecola_48746,19,0,19,0.0052813137881457806,0
molecola_48746,20,0,20,0.0052813137881457806,0
molecola_48746,21,0,21,0.007300783414393663,0
molecola_48746,22,0,22,0.006552623584866524,0
molecola_48746,23,0,23,0.0067152115516364574,0
molecola_48746,24,0,24,0.005154157988727093,0
molecola_48746,25,0,25,0.005276436451822519,0
molecola_48746,26,0,26,0.005276436451822519,0
molecola_48746,27,0,27,0.005276436451822519,0
molecola_49329,1,0,1,0.006042837630957365,0
molecola_49329,2,0,2,0.006636322941631079,0
molecola_49329,3,0,3,0.006042837630957365,0
molecola_49329,4,0,4,0.0052655707113444805,0
molecola_49329,5,0,5,0.005419387016445398,0
molecola_49329,6,0,6,0.005430429242551327,0
molecola_49329,7,0,7,0.006290748715400696,0
molecola_49329,8,0,8,0.005354433320462704,0
molecola_49329,9,0,9,0.00495641864836216,0
molecola_49329,10,0,10,0.0055703395046293736,0
molecola_49329,11,0,11,0.005280367098748684,0
molecola_49329,12,0,12,0.005543543957173824,0
molecola_49329,13,0,13,0.005113379564136267,0
molecola_49329,14,0,14,0.004843136295676231,0
molecola_49329,15,0,15,0.007606341037899256,0
molecola_49329,16,0,16,0.0348241962492466,0
molecola_49329,17,1,17,0.9888994097709656,1
molecola_49329,18,0,18,0.007912679575383663,0
molecola_49329,19,0,19,0.005138457752764225,0
molecola_49329,20,0,20,0.004919762257486582,0
molecola_49329,21,0,21,0.008697115816175938,0
molecola_49329,22,0,22,0.007017348427325487,0
molecola_49329,23,0,23,0.007017348427325487,0
molecola_5076,1,0,1,0.005558405537158251,0
molecola_5076,2,0,2,0.006783767137676477,0
molecola_5076,3,0,3,0.005423871334642172,0
molecola_5076,4,0,4,0.005224847234785557,0
molecola_5076,5,0,5,0.00503859668970108,0
molecola_5076,6,0,6,0.004837938584387302,0
molecola_5076,7,0,7,0.005041569005697966,0
molecola_5076,8,0,8,0.004837938584387302,0
molecola_5076,9,0,9,0.005938332993537188,0
molecola_5076,10,0,10,0.03010612167418003,0
molecola_5076,11,1,11,0.9694765210151672,1
molecola_5076,12,0,12,0.005041569005697966,0
molecola_5076,13,0,13,0.004837938584387302,0
molecola_5076,14,0,14,0.00503859668970108,0
molecola_5076,15,0,15,0.004837938584387302,0
molecola_51090,1,0,1,0.00567511236295104,0
molecola_51090,2,0,2,0.005886144936084747,0
molecola_51090,3,0,3,0.005798008758574724,0
molecola_51090,4,0,4,0.00563846156001091,0
molecola_51090,5,0,5,0.005701899528503418,0
molecola_51090,6,0,6,0.005435267463326454,0
molecola_51090,7,0,7,0.004851094912737608,0
molecola_51090,8,0,8,0.005378939677029848,0
molecola_51090,9,0,9,0.00506387697532773,0
molecola_51090,10,0,10,0.0048666829243302345,0
molecola_51090,11,0,11,0.005082611460238695,0
molecola_51090,12,0,12,0.005071094259619713,0
molecola_51090,13,0,13,0.005071346182376146,0
molecola_51090,14,0,14,0.005469586234539747,0
molecola_51090,15,0,15,0.024810444563627243,0
molecola_51090,16,1,16,0.6452310681343079,1
molecola_51090,17,0,17,0.006341114174574614,0
molecola_51090,18,0,18,0.00481729069724679,0
molecola_51090,19,0,19,0.005344535689800978,0
molecola_51090,20,0,20,0.004984868224710226,0
molecola_51090,21,0,21,0.005449871998280287,0
molecola_51090,22,0,22,0.00536245945841074,0
molecola_51090,23,0,23,0.00483097555115819,0
molecola_51090,24,0,24,0.0051272157579660416,0
molecola_51090,25,0,25,0.00527048297226429,0
molecola_51090,26,0,26,0.005501288454979658,0
molecola_51090,27,0,27,0.0056693218648433685,0
molecola_51090,28,0,28,0.005792816169559956,0
molecola_51090,29,0,29,0.005605111829936504,0
molecola_5164,1,0,1,0.009580488316714764,0
molecola_5164,2,0,2,0.005731567274779081,0
molecola_5164,3,0,3,0.0049486057832837105,0
molecola_5164,4,0,4,0.005000571254640818,0
molecola_5164,5,0,5,0.007391051389276981,0
molecola_5164,6,0,6,0.034951191395521164,0
molecola_5164,7,1,7,0.988860547542572,1
molecola_5164,8,0,8,0.034951191395521164,0
molecola_5164,9,0,9,0.988860547542572,1
molecola_5164,10,0,10,0.007391051389276981,0
molecola_5164,11,0,11,0.005000571254640818,0
molecola_5164,12,0,12,0.0049486057832837105,0
molecola_519,1,0,1,0.0058425553143024445,0
molecola_519,2,0,2,0.005021514371037483,0
molecola_519,3,0,3,0.0054028090089559555,0
molecola_519,4,0,4,0.005509430542588234,0
molecola_519,5,0,5,0.005215302109718323,0
molecola_519,6,0,6,0.0050217024981975555,0
molecola_519,7,0,7,0.004961063619703054,0
molecola_519,8,0,8,0.00508847925812006,0
molecola_519,9,0,9,0.03156082704663277,0
molecola_519,10,0,10,0.4964083433151245,0
molecola_519,11,0,11,0.04131276160478592,0
molecola_519,12,0,12,0.4034179449081421,0
molecola_519,13,0,13,0.4034179449081421,0
molecola_519,14,0,14,0.43174538016319275,0
molecola_519,15,0,15,0.005172238685190678,0
molecola_519,16,0,16,0.0048455107025802135,0
molecola_519,17,0,17,0.0049285730347037315,0
molecola_519,18,0,18,0.005068385507911444,0
molecola_519,19,0,19,0.004969120025634766,0
molecola_519,20,0,20,0.008698636665940285,0
molecola_519,21,0,21,0.03490769490599632,0
molecola_519,22,1,22,0.988861620426178,1
molecola_519,23,0,23,0.006601081695407629,0
molecola_519,24,0,24,0.004885335918515921,0
molecola_519,25,0,25,0.004932180047035217,0
molecola_5281,1,0,1,0.005905705504119396,0
molecola_5281,2,0,2,0.006634246092289686,0
molecola_5281,3,0,3,0.00794727448374033,0
molecola_5281,4,0,4,0.005051169544458389,0
molecola_5281,5,0,5,0.005700655747205019,0
molecola_5281,6,0,6,0.005440542008727789,0
molecola_5281,7,0,7,0.0057015507481992245,0
molecola_5281,8,0,8,0.004936616867780685,0
molecola_5281,9,0,9,0.004926104098558426,0
molecola_5281,10,0,10,0.005146373994648457,0
molecola_5281,11,0,11,0.0049321288242936134,0
molecola_5281,12,0,12,0.0049143824726343155,0
molecola_5281,13,0,13,0.004908369388431311,0
molecola_5281,14,0,14,0.005071666091680527,0
molecola_5281,15,0,15,0.004814614076167345,0
molecola_5281,16,0,16,0.00513515854254365,0
molecola_5281,17,0,17,0.004814614076167345,0
molecola_5281,18,0,18,0.005071666091680527,0
molecola_5281,19,0,19,0.004925122484564781,0
molecola_5281,20,0,20,0.007667797617614269,0
molecola_5281,21,0,21,0.03492143377661705,0
molecola_5281,22,1,22,0.9888613820075989,1
molecola_54,1,0,1,0.005093495361506939,0
molecola_54,2,0,2,0.005592414177954197,0
molecola_54,3,0,3,0.005093495361506939,0
molecola_54,4,0,4,0.005249296315014362,0
molecola_54,5,0,5,0.007847769185900688,0
molecola_54,6,0,6,0.032401785254478455,0
molecola_54,7,0,7,0.8220887184143066,1
molecola_54,8,0,8,0.006451555527746677,0
molecola_54,9,0,9,0.008898918516933918,0
molecola_54,10,0,10,0.03482865169644356,0
molecola_54,11,1,11,0.9888994097709656,1
molecola_54,12,0,12,0.02164369262754917,0
molecola_54,13,0,13,0.03482865169644356,0
molecola_54,14,0,14,0.9888994097709656,1
molecola_54,15,0,15,0.008898918516933918,0
molecola_5411,1,0,1,0.005905705504119396,0
molecola_5411,2,0,2,0.006602494977414608,0
molecola_5411,3,0,3,0.006903893779963255,0
molecola_5411,4,0,4,0.005009813234210014,0
molecola_5411,5,0,5,0.00507538253441453,0
molecola_5411,6,0,6,0.005929279141128063,0
molecola_5411,7,0,7,0.03221941366791725,0
molecola_5411,8,0,8,0.9473938345909119,1
molecola_5411,9,0,9,0.0053872521966695786,0
molecola_5411,10,0,10,0.005925637204200029,0
molecola_5411,11,0,11,0.0051869782619178295,0
molecola_5411,12,0,12,0.005368256010115147,0
molecola_5411,13,0,13,0.005066529847681522,0
molecola_5411,14,0,14,0.004830741789191961,0
molecola_5411,15,0,15,0.004962186329066753,0
molecola_5411,16,0,16,0.005536781623959541,0
molecola_5411,17,0,17,0.005522229243069887,0
molecola_5411,18,0,18,0.005638629663735628,0
molecola_5411,19,0,19,0.005565645173192024,0
molecola_5411,20,0,20,0.005650271661579609,0
molecola_5411,21,0,21,0.03490784019231796,0
molecola_5411,22,1,22,0.9888617396354675,1
molecola_5411,23,0,23,0.00730902748182416,0
molecola_5411,24,0,24,0.00511992396786809,0
molecola_5411,25,0,25,0.004904600325971842,0
molecola_5411,26,0,26,0.005092367064207792,0
molecola_5411,27,0,27,0.006904782727360725,0
molecola_5411,28,0,28,0.006602494977414608,0
molecola_5411,29,0,29,0.005905705504119396,0
molecola_54551,1,0,1,0.8609546422958374,1
molecola_54551,2,0,2,0.026230376213788986,0
molecola_54551,3,0,3,0.00732140289619565,0
molecola_54551,4,0,4,0.004954345058649778,0
molecola_54551,5,0,5,0.00498393876478076,0
molecola_54551,6,0,6,0.004917054902762175,0
molecola_54551,7,0,7,0.004965928848832846,0
molecola_54551,8,0,8,0.004941428545862436,0
molecola_54551,9,0,9,0.005518331192433834,0
molecola_54551,10,0,10,0.005272438749670982,0
molecola_54551,11,0,11,0.005575862247496843,0
molecola_54551,12,0,12,0.0049590724520385265,0
molecola_54551,13,0,13,0.00511188805103302,0
molecola_54551,14,0,14,0.006842707749456167,0
molecola_54551,15,0,15,0.007982857525348663,0
molecola_54551,16,0,16,0.005617947783321142,0
molecola_54551,17,0,17,0.007406721822917461,0
molecola_54551,18,0,18,0.004932119511067867,0
molecola_54551,19,0,19,0.005121050868183374,0
molecola_54551,20,0,20,0.004851423669606447,0
molecola_54551,21,0,21,0.004949143622070551,0
molecola_54551,22,0,22,0.008680728264153004,0
molecola_54551,23,0,23,0.03490781784057617,0
molecola_54551,24,1,24,0.988861620426178,1
molecola_54551,25,0,25,0.005197083577513695,0
molecola_54551,26,0,26,0.004921407904475927,0
molecola_54551,27,0,27,0.004937519319355488,0
molecola_54551,28,0,28,0.0049608186818659306,0
molecola_54551,29,0,29,0.005691911093890667,0
molecola_54867,1,0,1,0.005905705504119396,0
molecola_54867,2,0,2,0.006634466350078583,0
molecola_54867,3,0,3,0.00793879758566618,0
molecola_54867,4,0,4,0.00514605175703764,0
molecola_54867,5,0,5,0.0049356636591255665,0
molecola_54867,6,0,6,0.005272961221635342,0
molecola_54867,7,0,7,0.005198834463953972,0
molecola_54867,8,0,8,0.005452627316117287,0
molecola_54867,9,0,9,0.007295084185898304,0
molecola_54867,10,0,10,0.005940742325037718,0
molecola_54867,11,0,11,0.005582460667937994,0
molecola_54867,12,0,12,0.005284979939460754,0
molecola_54867,13,0,13,0.005290720611810684,0
molecola_54867,14,0,14,0.00742295989766717,0
molecola_54867,15,0,15,0.0056390012614429,0
molecola_54867,16,0,16,0.005705612245947123,0
molecola_54867,17,0,17,0.006926242262125015,0
molecola_54867,18,0,18,0.02391248568892479,0
molecola_54867,19,0,19,0.8846784830093384,1
molecola_54867,20,0,20,0.021073613315820694,0
molecola_54867,21,0,21,0.4843301475048065,0
molecola_54867,22,0,22,0.021655024960637093,0
molecola_54867,23,0,23,0.5153571963310242,1
molecola_54867,24,0,24,0.020840084180235863,0
molecola_54867,25,0,25,0.4846549332141876,0
molecola_54867,26,0,26,0.005083744879812002,0
molecola_54867,27,0,27,0.005435087252408266,0
molecola_54867,28,0,28,0.005936635658144951,0
molecola_54867,29,0,29,0.005788788665086031,0
molecola_54867,30,0,30,0.005613058805465698,0
molecola_54867,31,0,31,0.0056769042275846004,0
molecola_54867,32,0,32,0.005569048225879669,0
molecola_54867,33,0,33,0.00503145158290863,0
molecola_54867,34,0,34,0.00873475894331932,0
molecola_54867,35,0,35,0.03492223843932152,0
molecola_54867,36,0,36,0.9888613820075989,1
molecola_54867,37,0,37,0.008004785515367985,0
molecola_54867,38,0,38,0.006634249351918697,0
molecola_54867,39,0,39,0.005905705504119396,0
molecola_54867,40,0,40,0.00546926399692893,0
molecola_54867,41,0,41,0.0056708273477852345,0
molecola_54867,42,0,42,0.006848640739917755,0
molecola_54867,43,0,43,0.005624210927635431,0
molecola_54867,44,0,44,0.0057393875904381275,0
molecola_54867,45,0,45,0.00560204591602087,0
molecola_54867,46,0,46,0.005047856364399195,0
molecola_54867,47,0,47,0.02107366919517517,0
molecola_54867,48,0,48,0.48432981967926025,0
molecola_54867,49,0,49,0.021655024960637093,0
molecola_54867,50,0,50,0.5153571963310242,1
molecola_54867,51,0,51,0.02084008790552616,0
molecola_54867,52,0,52,0.4846549332141876,0
molecola_54867,53,0,53,0.022870246320962906,0
molecola_54867,54,0,54,0.5538613796234131,1
molecola_54867,55,0,55,0.00887120421975851,0
molecola_54867,56,0,56,0.03492239862680435,0
molecola_54867,57,1,57,0.9888613820075989,1
molecola_57499,1,1,1,0.9888178110122681,1
molecola_57499,2,0,2,0.034985803067684174,0
molecola_57499,3,0,3,0.006556961219757795,0
molecola_57499,4,0,4,0.004960693884640932,0
molecola_57499,5,0,5,0.004922846797853708,0
molecola_57499,6,0,6,0.005089749116450548,0
molecola_57499,7,0,7,0.004918914753943682,0
molecola_57499,8,0,8,0.005067842546850443,0
molecola_57499,9,0,9,0.004914277233183384,0
molecola_57499,10,0,10,0.006267570424824953,0
molecola_57499,11,0,11,0.004953717812895775,0
molecola_57521,1,0,1,0.005751896183937788,0
molecola_57521,2,0,2,0.00538989994674921,0
molecola_57521,3,0,3,0.0051252166740596294,0
molecola_57521,4,0,4,0.005555356852710247,0
molecola_57521,5,0,5,0.005264786537736654,0
molecola_57521,6,0,6,0.005548427347093821,0
molecola_57521,7,0,7,0.0049517033621668816,0
molecola_57521,8,0,8,0.0053953733295202255,0
molecola_57521,9,0,9,0.006341772619634867,0
molecola_57521,10,0,10,0.005656425841152668,0
molecola_57521,11,0,11,0.005839177407324314,0
molecola_57521,12,0,12,0.0059026689268648624,0
molecola_57521,13,0,13,0.0057251304388046265,0
molecola_57521,14,0,14,0.006026474293321371,0
molecola_57521,15,0,15,0.0054838755168020725,0
molecola_57521,16,0,16,0.0063003357499837875,0
molecola_57521,17,0,17,0.005088508129119873,0
molecola_57521,18,0,18,0.004966708831489086,0
molecola_57521,19,0,19,0.00491371750831604,0
molecola_57521,20,0,20,0.0051124971359968185,0
molecola_57521,21,0,21,0.004919712897390127,0
molecola_57521,22,0,22,0.0049516730941832066,0
molecola_57521,23,0,23,0.0051660253666341305,0
molecola_57521,24,0,24,0.005166100803762674,0
molecola_57521,25,0,25,0.005937435198575258,0
molecola_57521,26,0,26,0.004948821850121021,0
molecola_57521,27,0,27,0.004934771917760372,0
molecola_57521,28,0,28,0.005921124946326017,0
molecola_57521,29,0,29,0.006488896440714598,0
molecola_57521,30,0,30,0.029239866882562637,0
molecola_57521,31,1,31,0.9664821624755859,1
molecola_57521,32,0,32,0.004934771917760372,0
molecola_57521,33,0,33,0.004948821850121021,0
molecola_5790,1,0,1,0.006014487240463495,0
molecola_5790,2,0,2,0.005408541299402714,0
molecola_5790,3,0,3,0.0055734277702867985,0
molecola_5790,4,0,4,0.004938613157719374,0
molecola_5790,5,0,5,0.004981487523764372,0
molecola_5790,6,0,6,0.005196102429181337,0
molecola_5790,7,0,7,0.00481847720220685,0
molecola_5790,8,0,8,0.005158012732863426,0
molecola_5790,9,0,9,0.004922926425933838,0
molecola_5790,10,0,10,0.004956099204719067,0
molecola_5790,11,0,11,0.004946725443005562,0
molecola_5790,12,0,12,0.004878206178545952,0
molecola_5790,13,0,13,0.004941393155604601,0
molecola_5790,14,0,14,0.006376941688358784,0
molecola_5790,15,0,15,0.006332629360258579,0
molecola_5790,16,0,16,0.03499700874090195,0
molecola_5790,17,1,17,0.9888169765472412,1
molecola_5790,18,0,18,0.005971450358629227,0
molecola_5790,19,0,19,0.006289264187216759,0
molecola_5790,20,0,20,0.00497832614928484,0
molecola_5790,21,0,21,0.005036863964051008,0
molecola_5840,1,1,1,0.9888995289802551,1
molecola_5840,2,0,2,0.03482639044523239,0
molecola_5840,3,0,3,0.008743387646973133,0
molecola_5840,4,0,4,0.0049550882540643215,0
molecola_5840,5,0,5,0.005194993689656258,0
molecola_5840,6,0,6,0.0049550882540643215,0
molecola_5840,7,0,7,0.008743387646973133,0
molecola_5840,8,0,8,0.005177214741706848,0
molecola_5840,9,0,9,0.005194993689656258,0
molecola_5840,10,0,10,0.0049550882540643215,0
molecola_5840,11,0,11,0.008743387646973133,0
molecola_5840,12,0,12,0.03482639044523239,0
molecola_5840,13,0,13,0.9888995289802551,1
molecola_5840,14,0,14,0.008743387646973133,0
molecola_5840,15,0,15,0.0049550882540643215,0
molecola_5840,16,0,16,0.005491216666996479,0
molecola_5840,17,0,17,0.005755447782576084,0
molecola_5840,18,0,18,0.005755447782576084,0
molecola_5840,19,0,19,0.005755447782576084,0
molecola_5840,20,0,20,0.005491216666996479,0
molecola_5840,21,0,21,0.005755447782576084,0
molecola_5840,22,0,22,0.005755447782576084,0
molecola_5840,23,0,23,0.005755447782576084,0
molecola_5967,1,0,1,0.7038410305976868,1
molecola_5967,2,0,2,0.02622492052614689,0
molecola_5967,3,0,3,0.005708180367946625,0
molecola_5967,4,0,4,0.006071657873690128,0
molecola_5967,5,0,5,0.005735679995268583,0
molecola_5967,6,0,6,0.007408685050904751,0
molecola_5967,7,0,7,0.00529007613658905,0
molecola_5967,8,0,8,0.006065758876502514,0
molecola_5967,9,0,9,0.005393899045884609,0
molecola_5967,10,0,10,0.005593051202595234,0
molecola_5967,11,0,11,0.02165096439421177,0
molecola_5967,12,0,12,0.5153703093528748,1
molecola_5967,13,0,13,0.021889518946409225,0
molecola_5967,14,0,14,0.5153446197509766,1
molecola_5967,15,0,15,0.022873902693390846,0
molecola_5967,16,0,16,0.5538542866706848,1
molecola_5967,17,0,17,0.005535073112696409,0
molecola_5967,18,0,18,0.03490613028407097,0
molecola_5967,19,1,19,0.9888615012168884,1
molecola_5967,20,0,20,0.008557469584047794,0
molecola_5967,21,0,21,0.004946260713040829,0
molecola_5967,22,0,22,0.004968719556927681,0
molecola_5967,23,0,23,0.008592103607952595,0
molecola_5967,24,0,24,0.009592575952410698,0
molecola_5967,25,0,25,0.004964067600667477,0
molecola_5967,26,0,26,0.005073924083262682,0
molecola_5967,27,0,27,0.005106849130243063,0
molecola_5967,28,0,28,0.00503165228292346,0
molecola_5967,29,0,29,0.00495086470618844,0
molecola_5967,30,0,30,0.004945786669850349,0
molecola_5967,31,0,31,0.00860939547419548,0
molecola_5967,32,0,32,0.03482639044523239,0
molecola_5967,33,1,33,0.9888995289802551,1
molecola_5967,34,0,34,0.00860939547419548,0
molecola_5967,35,0,35,0.004945786669850349,0
molecola_5967,36,0,36,0.02188548818230629,0
molecola_5967,37,0,37,0.5153517723083496,1
molecola_5967,38,0,38,0.02288273349404335,0
molecola_5967,39,0,39,0.5538544058799744,1
molecola_6058,1,0,1,0.005995838437229395,0
molecola_6058,2,0,2,0.006437361240386963,0
molecola_6058,3,0,3,0.03140006959438324,0
molecola_6058,4,0,4,0.9374299645423889,1
molecola_6058,5,0,5,0.006972949020564556,0
molecola_6058,6,0,6,0.005034618079662323,0
molecola_6058,7,0,7,0.005159564316272736,0
molecola_6058,8,0,8,0.0052501130849123,0
molecola_6058,9,0,9,0.006424007937312126,0
molecola_6058,10,0,10,0.006116308271884918,0
molecola_6058,11,0,11,0.006083392538130283,0
molecola_6058,12,0,12,0.006484342738986015,0
molecola_6058,13,0,13,0.0054150912910699844,0
molecola_6058,14,0,14,0.008861750364303589,0
molecola_6058,15,0,15,0.03482639044523239,0
molecola_6058,16,1,16,0.9888995289802551,1
molecola_6058,17,0,17,0.008861750364303589,0
molecola_6058,18,0,18,0.0054150912910699844,0
molecola_6058,19,0,19,0.005002716556191444,0
molecola_6058,20,0,20,0.004911004565656185,0
molecola_6058,21,0,21,0.00496024452149868,0
molecola_6058,22,0,22,0.004960361868143082,0
molecola_6058,23,0,23,0.004913311917334795,0
molecola_6058,24,0,24,0.004958088975399733,0
molecola_6083,1,0,1,0.005308835301548243,0
molecola_6083,2,0,2,0.005435798782855272,0
molecola_6083,3,0,3,0.005308835301548243,0
molecola_6083,4,0,4,0.004895430523902178,0
molecola_6083,5,0,5,0.0067357635125517845,0
molecola_6083,6,0,6,0.004829932935535908,0
molecola_6083,7,0,7,0.005521935876458883,0
molecola_6083,8,0,8,0.004851792007684708,0
molecola_6083,9,0,9,0.0047781625762581825,0
molecola_6083,10,0,10,0.0049834586679935455,0
molecola_6083,11,0,11,0.007392209023237228,0
molecola_6083,12,0,12,0.034951191395521164,0
molecola_6083,13,1,13,0.988860547542572,1
molecola_6083,14,0,14,0.03495185822248459,0
molecola_6083,15,1,15,0.988860547542572,1
molecola_6083,16,0,16,0.007920379750430584,0
molecola_6083,17,0,17,0.004905142355710268,0
molecola_6083,18,0,18,0.0051171607337892056,0
molecola_6083,19,0,19,0.0058898599818348885,0
molecola_6083,20,0,20,0.026209155097603798,0
molecola_6083,21,1,21,0.7038483619689941,1
molecola_6137,1,1,1,0.9888613820075989,1
molecola_6137,2,0,2,0.034923773258924484,0
molecola_6137,3,0,3,0.012062163092195988,0
molecola_6137,4,0,4,0.006313126068562269,0
molecola_6137,5,0,5,0.005371953826397657,0
molecola_6137,6,0,6,0.005164682399481535,0
molecola_6137,7,0,7,0.007709216326475143,0
molecola_6137,8,0,8,0.0068620843812823296,0
molecola_6137,9,0,9,0.005868976470082998,0
molecola_6137,10,0,10,0.005148503463715315,0
molecola_6137,11,0,11,0.005148503463715315,0
molecola_6137,12,0,12,0.005838853772729635,0
molecola_6137,13,0,13,0.005902663804590702,0
molecola_6137,14,0,14,0.005724899936467409,0
molecola_6137,15,0,15,0.005579940974712372,0
molecola_6137,16,0,16,0.005106296855956316,0
molecola_6137,17,0,17,0.004919886123389006,0
molecola_6137,18,0,18,0.004929637536406517,0
molecola_6137,19,0,19,0.004881190601736307,0
molecola_6137,20,0,20,0.004929637536406517,0
molecola_6137,21,0,21,0.005106296855956316,0
molecola_6137,22,0,22,0.004919886123389006,0
molecola_6651,1,0,1,0.005692982580512762,0
molecola_6651,2,0,2,0.005535786971449852,0
molecola_6651,3,0,3,0.004801658913493156,0
molecola_6651,4,0,4,0.005474918521940708,0
molecola_6651,5,0,5,0.005525495391339064,0
molecola_6651,6,0,6,0.004826138727366924,0
molecola_6651,7,0,7,0.006886532064527273,0
molecola_6651,8,0,8,0.02610824815928936,0
molecola_6651,9,1,9,0.7095809578895569,1
molecola_6651,10,0,10,0.00593612901866436,0
molecola_6651,11,0,11,0.005212464835494757,0
molecola_6651,12,0,12,0.005374392494559288,0
molecola_6651,13,0,13,0.004868722520768642,0
molecola_6651,14,0,14,0.004897124134004116,0
molecola_6651,15,0,15,0.005502423271536827,0
molecola_6651,16,0,16,0.005567456129938364,0
molecola_6651,17,0,17,0.004971968941390514,0
molecola_6651,18,0,18,0.005502164829522371,0
molecola_6651,19,0,19,0.005124905612319708,0
molecola_6651,20,0,20,0.004832305479794741,0
molecola_6651,21,0,21,0.005344310309737921,0
molecola_6651,22,0,22,0.005059119779616594,0
molecola_6651,23,0,23,0.005411222577095032,0
molecola_6664,1,0,1,0.005905602127313614,0
molecola_6664,2,0,2,0.005860986188054085,0
molecola_6664,3,0,3,0.005905602127313614,0
molecola_6664,4,0,4,0.005250720772892237,0
molecola_6664,5,0,5,0.005068419501185417,0
molecola_6664,6,0,6,0.005567836109548807,0
molecola_6664,7,0,7,0.005752411670982838,0
molecola_6664,8,0,8,0.005403195973485708,0
molecola_6664,9,0,9,0.005599990487098694,0
molecola_6664,10,0,10,0.005247886758297682,0
molecola_6664,11,0,11,0.005106424912810326,0
molecola_6664,12,0,12,0.005074999760836363,0
molecola_6664,13,0,13,0.00493115559220314,0
molecola_6664,14,0,14,0.004919260274618864,0
molecola_6664,15,0,15,0.0049521829932928085,0
molecola_6664,16,0,16,0.004904805216938257,0
molecola_6664,17,0,17,0.004965608473867178,0
molecola_6664,18,0,18,0.004908956587314606,0
molecola_6664,19,0,19,0.004950127564370632,0
molecola_6664,20,0,20,0.0049458337016403675,0
molecola_6664,21,0,21,0.00860939547419548,0
molecola_6664,22,0,22,0.03482639044523239,0
molecola_6664,23,1,23,0.9888995289802551,1
molecola_6664,24,0,24,0.00860939547419548,0
molecola_6664,25,0,25,0.0049458337016403675,0
molecola_6664,26,0,26,0.004940649960190058,0
molecola_6664,27,0,27,0.005302236881107092,0
molecola_6664,28,0,28,0.004929885268211365,0
molecola_6664,29,0,29,0.004915541037917137,0
molecola_6664,30,0,30,0.005118794739246368,0
molecola_6664,31,0,31,0.004851354751735926,0
molecola_6664,32,0,32,0.004915541037917137,0
molecola_6664,33,0,33,0.004929885268211365,0
molecola_6741,1,0,1,0.005636061076074839,0
molecola_6741,2,0,2,0.00563838379457593,0
molecola_6741,3,0,3,0.005763068329542875,0
molecola_6741,4,0,4,0.005721364635974169,0
molecola_6741,5,0,5,0.005776085425168276,0
molecola_6741,6,0,6,0.005427540745586157,0
molecola_6741,7,0,7,0.00591921154409647,0
molecola_6741,8,0,8,0.00679340586066246,0
molecola_6741,9,0,9,0.03010818362236023,0
molecola_6741,10,1,10,0.9694769978523254,1
molecola_6741,11,0,11,0.005304520949721336,0
molecola_6741,12,0,12,0.005473041906952858,0
molecola_6741,13,0,13,0.005920401308685541,0
molecola_7292,1,0,1,0.005379005800932646,0
molecola_7292,2,0,2,0.006335156038403511,0
molecola_7292,3,0,3,0.005379005800932646,0
molecola_7292,4,0,4,0.005242784507572651,0
molecola_7292,5,0,5,0.005117369350045919,0
molecola_7292,6,0,6,0.005160739179700613,0
molecola_7292,7,0,7,0.004849370568990707,0
molecola_7292,8,0,8,0.004956141579896212,0
molecola_7292,9,0,9,0.004925769753754139,0
molecola_7292,10,0,10,0.005908278748393059,0
molecola_7292,11,0,11,0.03490588814020157,0
molecola_7292,12,1,12,0.9888615012168884,1
molecola_7292,13,0,13,0.0065152267925441265,0
molecola_7292,14,0,14,0.004857705440372229,0
molecola_7292,15,0,15,0.005157988518476486,0
molecola_7292,16,0,16,0.004923113156110048,0
molecola_7292,17,0,17,0.004881211556494236,0
molecola_7292,18,0,18,0.004961988423019648,0
molecola_7292,19,0,19,0.004935582168400288,0
molecola_7292,20,0,20,0.004913011100143194,0
molecola_7292,21,0,21,0.004951015114784241,0
molecola_7610,1,0,1,0.005905705504119396,0
molecola_7610,2,0,2,0.006594542879611254,0
molecola_7610,3,0,3,0.006948156747967005,0
molecola_7610,4,0,4,0.008808777667582035,0
molecola_7610,5,0,5,0.02610599435865879,0
molecola_7610,6,0,6,0.8536065816879272,1
molecola_7610,7,0,7,0.006180137395858765,0
molecola_7610,8,0,8,0.004956211894750595,0
molecola_7610,9,0,9,0.005275820381939411,0
molecola_7610,10,0,10,0.006147987674921751,0
molecola_7610,11,0,11,0.0058366977609694,0
molecola_7610,12,0,12,0.005902585107833147,0
molecola_7610,13,0,13,0.0055121490731835365,0
molecola_7610,14,0,14,0.004898641724139452,0
molecola_7610,15,0,15,0.005521974992007017,0
molecola_7610,16,0,16,0.004827057011425495,0
molecola_7610,17,0,17,0.005825027823448181,0
molecola_7610,18,0,18,0.004875241778790951,0
molecola_7610,19,0,19,0.005587497726082802,0
molecola_7610,20,0,20,0.0050096092745661736,0
molecola_7610,21,0,21,0.004943215288221836,0
molecola_7610,22,0,22,0.005371775943785906,0
molecola_7610,23,0,23,0.004943215288221836,0
molecola_7610,24,0,24,0.0050096092745661736,0
molecola_7610,25,0,25,0.005508161149919033,0
molecola_7610,26,0,26,0.005739680957049131,0
molecola_7610,27,0,27,0.030086619779467583,0
molecola_7610,28,1,28,0.9695373773574829,1
molecola_7610,29,0,29,0.004902680870145559,0
molecola_7610,30,0,30,0.005087672732770443,0
molecola_7610,31,0,31,0.005605686455965042,0
molecola_8002,1,1,1,0.9694765210151672,1
molecola_8002,2,0,2,0.030112374573946,0
molecola_8002,3,0,3,0.011151735670864582,0
molecola_8002,4,0,4,0.005271718371659517,0
molecola_8002,5,0,5,0.008164654485881329,0
molecola_8002,6,0,6,0.01353213656693697,0
molecola_8002,7,0,7,0.008169502019882202,0
molecola_8002,8,0,8,0.005114658270031214,0
molecola_8002,9,0,9,0.00494200037792325,0
molecola_8002,10,0,10,0.005259554833173752,0
molecola_8002,11,0,11,0.00494200037792325,0
molecola_8002,12,0,12,0.005114658270031214,0
molecola_8002,13,0,13,0.004931024741381407,0
molecola_8002,14,0,14,0.005199061706662178,0
molecola_8002,15,0,15,0.005198207683861256,0
molecola_8002,16,0,16,0.008853252977132797,0
molecola_8002,17,0,17,0.034909214824438095,0
molecola_8002,18,1,18,0.988861620426178,1
molecola_8997,1,1,1,0.9888995289802551,1
molecola_8997,2,0,2,0.03482464328408241,0
molecola_8997,3,0,3,0.008734242059290409,0
molecola_8997,4,0,4,0.004972224123775959,0
molecola_8997,5,0,5,0.005581616424024105,0
molecola_8997,6,0,6,0.005665052216500044,0
molecola_8997,7,0,7,0.004815210588276386,0
molecola_8997,8,0,8,0.005170212592929602,0
molecola_8997,9,0,9,0.005291225854307413,0
molecola_8997,10,0,10,0.005548338405787945,0
molecola_8997,11,0,11,0.007258206140249968,0
molecola_8997,12,0,12,0.005196531303226948,0
molecola_8997,13,0,13,0.005001966375857592,0
molecola_8997,14,0,14,0.004912834148854017,0
molecola_8997,15,0,15,0.005030795466154814,0
molecola_8997,16,0,16,0.005109820049256086,0
molecola_9613,1,0,1,0.005905705504119396,0
molecola_9613,2,0,2,0.006585190538316965,0
molecola_9613,3,0,3,0.006759489420801401,0
molecola_9613,4,0,4,0.0051001887768507,0
molecola_9613,5,0,5,0.004907179623842239,0
molecola_9613,6,0,6,0.004949608352035284,0
molecola_9613,7,0,7,0.004774982109665871,0
molecola_9613,8,0,8,0.004919928032904863,0
molecola_9613,9,0,9,0.005674262065440416,0
molecola_9613,10,0,10,0.005526433698832989,0
molecola_9613,11,0,11,0.005250752903521061,0
molecola_9613,12,0,12,0.005488574039191008,0
molecola_9613,13,0,13,0.005441542714834213,0
molecola_9613,14,0,14,0.004972551949322224,0
molecola_9613,15,0,15,0.005007627420127392,0
molecola_9613,16,0,16,0.006123138591647148,0
molecola_9613,17,0,17,0.005558608565479517,0
molecola_9613,18,0,18,0.030082574114203453,0
molecola_9613,19,1,19,0.9695362448692322,1
molecola_9856,1,0,1,0.00672156922519207,0
molecola_9856,2,0,2,0.0071432022377848625,0
molecola_9856,3,0,3,0.03213588893413544,0
molecola_9856,4,1,4,0.9739621877670288,1
molecola_9856,5,0,5,0.006387352477759123,0
molecola_9856,6,0,6,0.004924398381263018,0
molecola_9856,7,0,7,0.004959425423294306,0
molecola_9856,8,0,8,0.004955339711159468,0
molecola_9856,9,0,9,0.004959425423294306,0
molecola_9856,10,0,10,0.004924398381263018,0
molecola_9856,11,0,11,0.006420088931918144,0
molecola_9856,12,0,12,0.0049248444847762585,0
molecola_9856,13,0,13,0.004965050145983696,0
molecola_9856,14,0,14,0.004915366414934397,0
molecola_9856,15,0,15,0.0052278051152825356,0
molecola_9856,16,0,16,0.004918644204735756,0
molecola_9856,17,0,17,0.005178673658519983,0
molecola_9856,18,0,18,0.005281314253807068,0
molecola_9856,19,0,19,0.005281314253807068,0
molecola_9856,20,0,20,0.005281314253807068,0
