molecola,indice_atomi,match,indice_atomo,probabilita,y_pred_prob
molecola_100,1,0,1,0.008563397452235222,0
molecola_100,2,0,2,0.009844007901847363,0
molecola_100,3,0,3,0.008563397452235222,0
molecola_100,4,0,4,0.007182765752077103,0
molecola_100,5,0,5,0.005110394675284624,0
molecola_100,6,0,6,0.005214801989495754,0
molecola_100,7,0,7,0.005000393372029066,0
molecola_100,8,0,8,0.005359100643545389,0
molecola_100,9,0,9,0.010465841740369797,0
molecola_100,10,0,10,0.9890355467796326,1
molecola_100,11,0,11,0.010409940034151077,0
molecola_100,12,1,12,0.9890449047088623,1
molecola_100,13,0,13,0.005359840113669634,0
molecola_100,14,0,14,0.006981419399380684,0
molecola_100,15,0,15,0.006603211164474487,0
molecola_100,16,0,16,0.00668179988861084,0
molecola_100,17,0,17,0.005467392038553953,0
molecola_100,18,0,18,0.005223962478339672,0
molecola_100,19,0,19,0.005349453072994947,0
molecola_100,20,0,20,0.005024350248277187,0
molecola_100,21,0,21,0.005358068738132715,0
molecola_100,22,0,22,0.010465841740369797,0
molecola_100,23,1,23,0.9890355467796326,1
molecola_100,24,0,24,0.01040576584637165,0
molecola_100,25,1,25,0.9890449047088623,1
molecola_100,26,0,26,0.005408328492194414,0
molecola_10227,1,0,1,0.9727984070777893,1
molecola_10227,2,0,2,0.008672255091369152,0
molecola_10227,3,0,3,0.005861105863004923,0
molecola_10227,4,0,4,0.005019777920097113,0
molecola_10227,5,0,5,0.005466269329190254,0
molecola_10227,6,0,6,0.005021535791456699,0
molecola_10227,7,0,7,0.0053594945929944515,0
molecola_10227,8,0,8,0.008736126124858856,0
molecola_10227,9,1,9,0.9896367192268372,1
molecola_10227,10,0,10,0.010282985866069794,0
molecola_10227,11,0,11,0.9133122563362122,1
molecola_10227,12,0,12,0.005909869913011789,0
molecola_10227,13,0,13,0.005764431785792112,0
molecola_10227,14,0,14,0.005474430974572897,0
molecola_10227,15,0,15,0.005153837613761425,0
molecola_10227,16,0,16,0.0050675226375460625,0
molecola_10227,17,0,17,0.005065991543233395,0
molecola_10227,18,0,18,0.005267814267426729,0
molecola_10227,19,0,19,0.006761870812624693,0
molecola_10227,20,0,20,0.009956342168152332,0
molecola_10227,21,0,21,0.006761870812624693,0
molecola_10227,22,0,22,0.005267851520329714,0
molecola_10227,23,0,23,0.005052724853157997,0
molecola_10227,24,0,24,0.004994574468582869,0
molecola_10227,25,0,25,0.0052213710732758045,0
molecola_10227,26,0,26,0.005006971303373575,0
molecola_10227,27,0,27,0.0050203544087708,0
molecola_10227,28,0,28,0.005023487377911806,0
molecola_10227,29,0,29,0.0050203544087708,0
molecola_10227,30,0,30,0.005006971303373575,0
molecola_10625,1,0,1,0.00558046530932188,0
molecola_10625,2,0,2,0.005909076891839504,0
molecola_10625,3,0,3,0.00558046530932188,0
molecola_10625,4,0,4,0.005654208827763796,0
molecola_10625,5,0,5,0.005944494623690844,0
molecola_10625,6,0,6,0.005415735766291618,0
molecola_10625,7,0,7,0.005059866234660149,0
molecola_10625,8,0,8,0.005059647839516401,0
molecola_10625,9,0,9,0.005395334679633379,0
molecola_10625,10,0,10,0.005059647839516401,0
molecola_10625,11,0,11,0.005059866234660149,0
molecola_10625,12,0,12,0.005904653109610081,0
molecola_10625,13,0,13,0.00612882012501359,0
molecola_10625,14,0,14,0.005918007809668779,0
molecola_10625,15,0,15,0.006392241921275854,0
molecola_10625,16,0,16,0.005105203948915005,0
molecola_10625,17,0,17,0.005356284789741039,0
molecola_10625,18,0,18,0.008600731380283833,0
molecola_10625,19,1,19,0.9898269176483154,1
molecola_10625,20,0,20,0.005456647370010614,0
molecola_10625,21,0,21,0.005468830931931734,0
molecola_10625,22,0,22,0.005899267271161079,0
molecola_10625,23,0,23,0.0061288136057555676,0
molecola_10625,24,0,24,0.005910337902605534,0
molecola_10625,25,0,25,0.006237093824893236,0
molecola_10625,26,0,26,0.005105833522975445,0
molecola_10625,27,0,27,0.00499018793925643,0
molecola_10625,28,0,28,0.005103017669171095,0
molecola_10625,29,0,29,0.005083057563751936,0
molecola_10625,30,0,30,0.005060850642621517,0
molecola_10625,31,0,31,0.005412844475358725,0
molecola_10673,1,0,1,0.005693344399333,0
molecola_10673,2,0,2,0.005642288364470005,0
molecola_10673,3,0,3,0.0058091129176318645,0
molecola_10673,4,0,4,0.007102983072400093,0
molecola_10673,5,0,5,0.007292469963431358,0
molecola_10673,6,0,6,0.0065367682836949825,0
molecola_10673,7,0,7,0.0049993922002613544,0
molecola_10673,8,0,8,0.0051568117924034595,0
molecola_10673,9,0,9,0.004989925306290388,0
molecola_10673,10,0,10,0.005357677582651377,0
molecola_10673,11,0,11,0.008603651076555252,0
molecola_10673,12,1,12,0.9898269176483154,1
molecola_10673,13,0,13,0.005711658857762814,0
molecola_10673,14,0,14,0.006088367663323879,0
molecola_10673,15,0,15,0.006207031197845936,0
molecola_10673,16,0,16,0.006095247808843851,0
molecola_10673,17,0,17,0.005132774356752634,0
molecola_10673,18,0,18,0.004989273846149445,0
molecola_10673,19,0,19,0.005093899089843035,0
molecola_10673,20,0,20,0.005083947442471981,0
molecola_10673,21,0,21,0.004978628363460302,0
molecola_10673,22,0,22,0.0051869736053049564,0
molecola_10760,1,0,1,0.006577714346349239,0
molecola_10760,2,0,2,0.00799816194921732,0
molecola_10760,3,0,3,0.007838644087314606,0
molecola_10760,4,0,4,0.005389033351093531,0
molecola_10760,5,0,5,0.005313442554324865,0
molecola_10760,6,0,6,0.005087482277303934,0
molecola_10760,7,0,7,0.005268056411296129,0
molecola_10760,8,0,8,0.005381605587899685,0
molecola_10760,9,0,9,0.00681902514770627,0
molecola_10760,10,0,10,0.008678927086293697,0
molecola_10760,11,0,11,0.007538581266999245,0
molecola_10760,12,0,12,0.005499827675521374,0
molecola_10760,13,0,13,0.0050538829527795315,0
molecola_10760,14,0,14,0.004972863011062145,0
molecola_10760,15,0,15,0.005355733912438154,0
molecola_10760,16,0,16,0.008590483106672764,0
molecola_10760,17,1,17,0.9898269176483154,1
molecola_10760,18,0,18,0.005272135604172945,0
molecola_10760,19,0,19,0.004989312030375004,0
molecola_10760,20,0,20,0.005127490498125553,0
molecola_10760,21,0,21,0.005384970922023058,0
molecola_10760,22,0,22,0.005308268591761589,0
molecola_12071,1,1,1,0.9896615743637085,1
molecola_12071,2,0,2,0.008825154043734074,0
molecola_12071,3,0,3,0.005356417037546635,0
molecola_12071,4,0,4,0.005053146742284298,0
molecola_12071,5,0,5,0.005275264848023653,0
molecola_12071,6,0,6,0.005075606517493725,0
molecola_12071,7,0,7,0.005632209125906229,0
molecola_12071,8,0,8,0.005158201325684786,0
molecola_12071,9,0,9,0.005491451360285282,0
molecola_12071,10,0,10,0.005491451360285282,0
molecola_12071,11,0,11,0.005491451360285282,0
molecola_12071,12,0,12,0.0057347556576132774,0
molecola_12071,13,0,13,0.004884341731667519,0
molecola_12071,14,0,14,0.0049511706456542015,0
molecola_12071,15,0,15,0.00515618035569787,0
molecola_12071,16,0,16,0.0049511706456542015,0
molecola_12071,17,0,17,0.004884341731667519,0
molecola_12874,1,0,1,0.005545239895582199,0
molecola_12874,2,0,2,0.005269285291433334,0
molecola_12874,3,0,3,0.004874494392424822,0
molecola_12874,4,0,4,0.0048527843318879604,0
molecola_12874,5,0,5,0.0047245873138308525,0
molecola_12874,6,0,6,0.0047245873138308525,0
molecola_12874,7,0,7,0.0052559408359229565,0
molecola_12874,8,0,8,0.00502484105527401,0
molecola_12874,9,0,9,0.004981024190783501,0
molecola_12874,10,0,10,0.00514328433200717,0
molecola_12874,11,0,11,0.004709950182586908,0
molecola_12874,12,0,12,0.004788713529706001,0
molecola_12874,13,0,13,0.005156821105629206,0
molecola_12874,14,0,14,0.006563186179846525,0
molecola_12874,15,0,15,0.005987230688333511,0
molecola_12874,16,0,16,0.005143291316926479,0
molecola_12874,17,0,17,0.0051203202456235886,0
molecola_12874,18,0,18,0.004987380933016539,0
molecola_12874,19,0,19,0.004972183611243963,0
molecola_12874,20,0,20,0.005025029648095369,0
molecola_12874,21,0,21,0.004972183611243963,0
molecola_12874,22,0,22,0.004987380933016539,0
molecola_12874,23,0,23,0.005010134540498257,0
molecola_12874,24,0,24,0.00528210774064064,0
molecola_12874,25,0,25,0.008591506630182266,0
molecola_12874,26,1,26,0.9898269176483154,1
molecola_12874,27,0,27,0.005359118338674307,0
molecola_12874,28,0,28,0.00498475506901741,0
molecola_12874,29,0,29,0.005024245474487543,0
molecola_12874,30,0,30,0.005095364060252905,0
molecola_12874,31,0,31,0.008873610757291317,0
molecola_12874,32,0,32,0.0086015360429883,0
molecola_12874,33,0,33,0.0086015360429883,0
molecola_13308,1,0,1,0.005277094431221485,0
molecola_13308,2,0,2,0.005443418864160776,0
molecola_13308,3,0,3,0.005277823191136122,0
molecola_13308,4,0,4,0.005046993959695101,0
molecola_13308,5,0,5,0.005090879276394844,0
molecola_13308,6,0,6,0.005467565264552832,0
molecola_13308,7,0,7,0.006798800081014633,0
molecola_13308,8,0,8,0.005507994443178177,0
molecola_13308,9,0,9,0.005474084988236427,0
molecola_13308,10,0,10,0.008719401434063911,0
molecola_13308,11,1,11,0.9892498254776001,1
molecola_13308,12,0,12,0.005091152153909206,0
molecola_13308,13,0,13,0.00498024420812726,0
molecola_13308,14,0,14,0.004991703666746616,0
molecola_13308,15,0,15,0.005097077693790197,0
molecola_13308,16,0,16,0.005083838943392038,0
molecola_13308,17,0,17,0.004991703666746616,0
molecola_13308,18,0,18,0.00498024420812726,0
molecola_1345,1,0,1,0.9886819124221802,1
molecola_1345,2,0,2,0.008795127272605896,0
molecola_1345,3,0,3,0.005458441097289324,0
molecola_1345,4,0,4,0.0055738454684615135,0
molecola_1345,5,0,5,0.00513449078425765,0
molecola_1345,6,0,6,0.005316629074513912,0
molecola_1345,7,0,7,0.008601580746471882,0
molecola_1345,8,1,8,0.9898292422294617,1
molecola_1345,9,0,9,0.006702040787786245,0
molecola_1345,10,0,10,0.008543211966753006,0
molecola_1345,11,0,11,0.9894134998321533,1
molecola_1345,12,0,12,0.005316381808370352,0
molecola_1345,13,0,13,0.005462711211293936,0
molecola_1345,14,0,14,0.007251379080116749,0
molecola_1345,15,0,15,0.005036622751504183,0
molecola_1345,16,0,16,0.004969547037035227,0
molecola_1345,17,0,17,0.005356411915272474,0
molecola_1345,18,0,18,0.008622796274721622,0
molecola_1345,19,1,19,0.9898244738578796,1
molecola_1345,20,0,20,0.005356411915272474,0
molecola_1345,21,0,21,0.004969547037035227,0
molecola_13667,1,0,1,0.005313361529260874,0
molecola_13667,2,0,2,0.004856516607105732,0
molecola_13667,3,0,3,0.005044559482485056,0
molecola_13667,4,0,4,0.005114784464240074,0
molecola_13667,5,0,5,0.004900162108242512,0
molecola_13667,6,0,6,0.00486268475651741,0
molecola_13667,7,0,7,0.0052444408647716045,0
molecola_13667,8,0,8,0.004924426320940256,0
molecola_13667,9,0,9,0.008678512647747993,0
molecola_13667,10,0,10,0.9336169362068176,1
molecola_13667,11,0,11,0.005284771788865328,0
molecola_13667,12,0,12,0.005025213118642569,0
molecola_13667,13,0,13,0.004981310106813908,0
molecola_13667,14,0,14,0.005002396181225777,0
molecola_13667,15,0,15,0.004769365768879652,0
molecola_13667,16,0,16,0.0046807448379695415,0
molecola_13667,17,0,17,0.0049541122280061245,0
molecola_13667,18,0,18,0.005124052055180073,0
molecola_13667,19,0,19,0.0048613399267196655,0
molecola_13667,20,0,20,0.008486049249768257,0
molecola_13667,21,1,21,0.959895133972168,1
molecola_13667,22,0,22,0.004954244010150433,0
molecola_13667,23,0,23,0.004810350481420755,0
molecola_13667,24,0,24,0.004974944517016411,0
molecola_13667,25,0,25,0.005479287356138229,0
molecola_13667,26,0,26,0.0048306663520634174,0
molecola_13667,27,0,27,0.00466528907418251,0
molecola_13667,28,0,28,0.0050723860040307045,0
molecola_13667,29,0,29,0.005227325949817896,0
molecola_13667,30,0,30,0.005317758768796921,0
molecola_13713,1,0,1,0.006577712018042803,0
molecola_13713,2,0,2,0.007995442487299442,0
molecola_13713,3,0,3,0.007698885630816221,0
molecola_13713,4,0,4,0.005225121974945068,0
molecola_13713,5,0,5,0.004967886954545975,0
molecola_13713,6,0,6,0.005003677681088448,0
molecola_13713,7,0,7,0.0050438991747796535,0
molecola_13713,8,0,8,0.004975747317075729,0
molecola_13713,9,0,9,0.005407425574958324,0
molecola_13713,10,0,10,0.007299615535885096,0
molecola_13713,11,0,11,0.005391201004385948,0
molecola_13713,12,0,12,0.004760006442666054,0
molecola_13713,13,0,13,0.004706359468400478,0
molecola_13713,14,0,14,0.005040179472416639,0
molecola_13713,15,0,15,0.005308432038873434,0
molecola_13713,16,0,16,0.00973927229642868,0
molecola_13713,17,1,17,0.989128053188324,1
molecola_13713,18,0,18,0.010622185654938221,0
molecola_13713,19,0,19,0.00797231774777174,0
molecola_13713,20,0,20,0.006577714346349239,0
molecola_13713,21,0,21,0.008223600685596466,0
molecola_13713,22,0,22,0.007967936806380749,0
molecola_13713,23,0,23,0.006577714346349239,0
molecola_13713,24,0,24,0.00516802491620183,0
molecola_13713,25,0,25,0.005622275173664093,0
molecola_13713,26,0,26,0.005719601642340422,0
molecola_13713,27,0,27,0.006144483108073473,0
molecola_13713,28,0,28,0.0051933652721345425,0
molecola_13946,1,0,1,0.006577712018042803,0
molecola_13946,2,0,2,0.00801223237067461,0
molecola_13946,3,0,3,0.008652633056044579,0
molecola_13946,4,0,4,0.00518440268933773,0
molecola_13946,5,0,5,0.005084470845758915,0
molecola_13946,6,0,6,0.004978221841156483,0
molecola_13946,7,0,7,0.005358912516385317,0
molecola_13946,8,0,8,0.009801303036510944,0
molecola_13946,9,1,9,0.9891200065612793,1
molecola_13946,10,0,10,0.0054462626576423645,0
molecola_13946,11,0,11,0.00671036634594202,0
molecola_13946,12,0,12,0.005462381988763809,0
molecola_13946,13,0,13,0.004865477792918682,0
molecola_13946,14,0,14,0.0050510517321527,0
molecola_13946,15,0,15,0.005480925086885691,0
molecola_13946,16,0,16,0.006788307800889015,0
molecola_13946,17,0,17,0.005285679828375578,0
molecola_13946,18,0,18,0.005131885409355164,0
molecola_13946,19,0,19,0.00532259838655591,0
molecola_13946,20,0,20,0.009745961055159569,0
molecola_13946,21,0,21,0.989128053188324,1
molecola_13946,22,0,22,0.010633129626512527,0
molecola_13946,23,0,23,0.007972325198352337,0
molecola_13946,24,0,24,0.006577714346349239,0
molecola_13946,25,0,25,0.008264889009296894,0
molecola_13946,26,0,26,0.008002937771379948,0
molecola_13946,27,0,27,0.006577712018042803,0
molecola_13946,28,0,28,0.005199591629207134,0
molecola_14203,1,0,1,0.005308379419147968,0
molecola_14203,2,0,2,0.0054254792630672455,0
molecola_14203,3,0,3,0.009384731762111187,0
molecola_14203,4,0,4,0.87971431016922,1
molecola_14203,5,0,5,0.010086758062243462,0
molecola_14203,6,1,6,0.9890832304954529,1
molecola_14203,7,0,7,0.0053399065509438515,0
molecola_14203,8,0,8,0.005138682201504707,0
molecola_14203,9,0,9,0.005072703585028648,0
molecola_14203,10,0,10,0.005678840447217226,0
molecola_14203,11,0,11,0.005099702160805464,0
molecola_14203,12,0,12,0.005074243992567062,0
molecola_15072,1,0,1,0.005213145166635513,0
molecola_15072,2,0,2,0.005066017620265484,0
molecola_15072,3,0,3,0.005213145166635513,0
molecola_15072,4,0,4,0.005435600411146879,0
molecola_15072,5,0,5,0.004974446725100279,0
molecola_15072,6,0,6,0.00502015883103013,0
molecola_15072,7,0,7,0.004972103517502546,0
molecola_15072,8,0,8,0.004983678925782442,0
molecola_15072,9,0,9,0.00509996572509408,0
molecola_15072,10,0,10,0.005037619266659021,0
molecola_15072,11,0,11,0.004709288943558931,0
molecola_15072,12,0,12,0.004748606123030186,0
molecola_15072,13,0,13,0.004798599984496832,0
molecola_15072,14,0,14,0.005057943984866142,0
molecola_15072,15,0,15,0.005356473382562399,0
molecola_15072,16,0,16,0.005356473382562399,0
molecola_15072,17,0,17,0.005257783457636833,0
molecola_15072,18,0,18,0.01041407696902752,0
molecola_15072,19,1,19,0.9879606366157532,1
molecola_15072,20,0,20,0.011110417544841766,0
molecola_15072,21,1,21,0.98850017786026,1
molecola_16124,1,0,1,0.8841921091079712,1
molecola_16124,2,0,2,0.007771591655910015,0
molecola_16124,3,0,3,0.00718953600153327,0
molecola_16124,4,0,4,0.007762670051306486,0
molecola_16124,5,0,5,0.8821836709976196,1
molecola_16124,6,0,6,0.0053037963807582855,0
molecola_16124,7,0,7,0.00518467091023922,0
molecola_16124,8,0,8,0.005295689683407545,0
molecola_16124,9,0,9,0.007741286884993315,0
molecola_16124,10,0,10,0.8821960091590881,1
molecola_16124,11,0,11,0.005582609213888645,0
molecola_16124,12,0,12,0.005082801915705204,0
molecola_16124,13,0,13,0.005580033641308546,0
molecola_16124,14,0,14,0.005027111619710922,0
molecola_16124,15,0,15,0.004969695582985878,0
molecola_16124,16,0,16,0.005356411915272474,0
molecola_16124,17,0,17,0.008622796274721622,0
molecola_16124,18,1,18,0.9898244738578796,1
molecola_16124,19,0,19,0.005356411915272474,0
molecola_16124,20,0,20,0.004969695582985878,0
molecola_1618,1,0,1,0.005485121160745621,0
molecola_1618,2,0,2,0.005128249526023865,0
molecola_1618,3,0,3,0.005061246920377016,0
molecola_1618,4,0,4,0.00842262152582407,0
molecola_1618,5,0,5,0.008509878069162369,0
molecola_1618,6,0,6,0.008509878069162369,0
molecola_1618,7,0,7,0.005274444352835417,0
molecola_1618,8,0,8,0.005023553967475891,0
molecola_1618,9,0,9,0.005057068075984716,0
molecola_1618,10,0,10,0.0052790772169828415,0
molecola_1618,11,0,11,0.005057068075984716,0
molecola_1618,12,0,12,0.005023553967475891,0
molecola_1618,13,0,13,0.005495457910001278,0
molecola_1618,14,0,14,0.004885477479547262,0
molecola_1618,15,0,15,0.00510962400585413,0
molecola_1618,16,0,16,0.005307971499860287,0
molecola_1618,17,0,17,0.008598552085459232,0
molecola_1618,18,1,18,0.9898269176483154,1
molecola_1618,19,0,19,0.005357885733246803,0
molecola_1618,20,0,20,0.00499576423317194,0
molecola_1618,21,0,21,0.005028709769248962,0
molecola_1618,22,0,22,0.005034689325839281,0
molecola_1618,23,0,23,0.0059993998147547245,0
molecola_16248,1,0,1,0.008787794038653374,0
molecola_16248,2,0,2,0.009412656538188457,0
molecola_16248,3,1,3,0.9187957644462585,1
molecola_16248,4,0,4,0.005349323619157076,0
molecola_16248,5,0,5,0.005026207305490971,0
molecola_16248,6,0,6,0.005315307527780533,0
molecola_16248,7,0,7,0.005860991310328245,0
molecola_16248,8,0,8,0.005391922313719988,0
molecola_16248,9,0,9,0.006269038189202547,0
molecola_16248,10,0,10,0.005038343369960785,0
molecola_16248,11,0,11,0.005001337733119726,0
molecola_16248,12,0,12,0.005019784905016422,0
molecola_16248,13,0,13,0.005020318552851677,0
molecola_16248,14,0,14,0.004982721526175737,0
molecola_16248,15,0,15,0.00507582351565361,0
molecola_16378,1,0,1,0.005344282370060682,0
molecola_16378,2,0,2,0.005041465628892183,0
molecola_16378,3,0,3,0.004983631428331137,0
molecola_16378,4,0,4,0.005476876627653837,0
molecola_16378,5,0,5,0.005975615233182907,0
molecola_16378,6,0,6,0.005073550622910261,0
molecola_16378,7,0,7,0.005115284118801355,0
molecola_16378,8,0,8,0.005434621125459671,0
molecola_16378,9,0,9,0.008539024740457535,0
molecola_16378,10,0,10,0.008510409854352474,0
molecola_16378,11,0,11,0.008510409854352474,0
molecola_16378,12,0,12,0.004941093269735575,0
molecola_16378,13,0,13,0.004668086301535368,0
molecola_16378,14,0,14,0.00518576567992568,0
molecola_16378,15,0,15,0.005884172394871712,0
molecola_16378,16,0,16,0.00516915787011385,0
molecola_16378,17,0,17,0.005713668651878834,0
molecola_16378,18,0,18,0.004995361436158419,0
molecola_16378,19,0,19,0.004968719556927681,0
molecola_16378,20,0,20,0.005016866140067577,0
molecola_16378,21,0,21,0.005861950106918812,0
molecola_16378,22,0,22,0.0048902602866292,0
molecola_16378,23,0,23,0.004930806811898947,0
molecola_16378,24,0,24,0.005413235165178776,0
molecola_16378,25,0,25,0.004985365085303783,0
molecola_16378,26,0,26,0.0054793707095086575,0
molecola_16378,27,0,27,0.004803393501788378,0
molecola_16378,28,0,28,0.004920089151710272,0
molecola_16378,29,0,29,0.008735411800444126,0
molecola_16378,30,1,30,0.9593299031257629,1
molecola_16378,31,0,31,0.005078463349491358,0
molecola_16378,32,0,32,0.005314006935805082,0
molecola_16378,33,0,33,0.005314006935805082,0
molecola_16378,34,0,34,0.004765580873936415,0
molecola_16378,35,0,35,0.004699246492236853,0
molecola_16378,36,0,36,0.004984199069440365,0
molecola_16378,37,0,37,0.005861927755177021,0
molecola_16484,1,0,1,0.010669092647731304,0
molecola_16484,2,0,2,0.011427686549723148,0
molecola_16484,3,0,3,0.6728712916374207,1
molecola_16484,4,0,4,0.007718902546912432,0
molecola_16484,5,0,5,0.008530527353286743,0
molecola_16484,6,0,6,0.00878969207406044,0
molecola_16484,7,0,7,0.005226545035839081,0
molecola_16484,8,0,8,0.0052975937724113464,0
molecola_16484,9,0,9,0.00783996470272541,0
molecola_16484,10,0,10,0.9155805110931396,1
molecola_16484,11,0,11,0.006455466151237488,0
molecola_16484,12,0,12,0.009845038875937462,0
molecola_16484,13,1,13,0.989150881767273,1
molecola_16484,14,0,14,0.006396516226232052,0
molecola_16484,15,0,15,0.006161661818623543,0
molecola_16484,16,0,16,0.005937612149864435,0
molecola_16484,17,0,17,0.00626890454441309,0
molecola_16484,18,0,18,0.00510991970077157,0
molecola_16484,19,0,19,0.004994911141693592,0
molecola_16484,20,0,20,0.005166003480553627,0
molecola_16484,21,0,21,0.005072896368801594,0
molecola_16484,22,0,22,0.005678840447217226,0
molecola_16484,23,0,23,0.005315585061907768,0
molecola_16484,24,0,24,0.0051400624215602875,0
molecola_16484,25,0,25,0.005160012282431126,0
molecola_16484,26,0,26,0.005491451360285282,0
molecola_16484,27,0,27,0.005491451360285282,0
molecola_16484,28,0,28,0.005491451360285282,0
molecola_16586,1,0,1,0.9448195695877075,1
molecola_16586,2,0,2,0.009727074764668941,0
molecola_16586,3,0,3,0.00524827791377902,0
molecola_16586,4,0,4,0.004736544098705053,0
molecola_16586,5,0,5,0.004741980228573084,0
molecola_16586,6,0,6,0.004786477889865637,0
molecola_16586,7,0,7,0.00490680942311883,0
molecola_16586,8,0,8,0.00510721979662776,0
molecola_16586,9,0,9,0.005364239681512117,0
molecola_16586,10,0,10,0.004997314885258675,0
molecola_16586,11,0,11,0.005359194241464138,0
molecola_16586,12,0,12,0.010465841740369797,0
molecola_16586,13,1,13,0.9890355467796326,1
molecola_16586,14,0,14,0.010409719310700893,0
molecola_16586,15,0,15,0.9890449047088623,1
molecola_16586,16,0,16,0.005349688697606325,0
molecola_16763,1,0,1,0.008661532774567604,0
molecola_16763,2,0,2,0.008941076695919037,0
molecola_16763,3,1,3,0.9070688486099243,1
molecola_16763,4,0,4,0.006110446993261576,0
molecola_16763,5,0,5,0.006115916650742292,0
molecola_16763,6,0,6,0.005179233383387327,0
molecola_16763,7,0,7,0.005675625987350941,0
molecola_16763,8,0,8,0.004833098966628313,0
molecola_16763,9,0,9,0.004721637815237045,0
molecola_16763,10,0,10,0.004853433929383755,0
molecola_16763,11,0,11,0.004603330045938492,0
molecola_16763,12,0,12,0.004739845637232065,0
molecola_16763,13,0,13,0.004693995229899883,0
molecola_16763,14,0,14,0.004972947761416435,0
molecola_16763,15,0,15,0.0049351113848388195,0
molecola_16763,16,0,16,0.005055635701864958,0
molecola_16763,17,0,17,0.005860922392457724,0
molecola_16763,18,0,18,0.004697901662439108,0
molecola_16763,19,0,19,0.004693045746535063,0
molecola_16763,20,0,20,0.004920063074678183,0
molecola_16763,21,0,21,0.005013929679989815,0
molecola_16763,22,0,22,0.004708421416580677,0
molecola_16763,23,0,23,0.004853355698287487,0
molecola_16763,24,0,24,0.00490693049505353,0
molecola_16763,25,0,25,0.005413021892309189,0
molecola_16983,1,0,1,0.00534196337684989,0
molecola_16983,2,0,2,0.005041738972067833,0
molecola_16983,3,0,3,0.00534196337684989,0
molecola_16983,4,0,4,0.004712740890681744,0
molecola_16983,5,0,5,0.00474538654088974,0
molecola_16983,6,0,6,0.004823018331080675,0
molecola_16983,7,0,7,0.005069292150437832,0
molecola_16983,8,0,8,0.005547591019421816,0
molecola_16983,9,0,9,0.005218815989792347,0
molecola_16983,10,0,10,0.005650196690112352,0
molecola_16983,11,0,11,0.006107331719249487,0
molecola_16983,12,0,12,0.009593608789145947,0
molecola_16983,13,1,13,0.9698805212974548,1
molecola_16983,14,0,14,0.004696122836321592,0
molecola_1727,1,0,1,0.005245391279459,0
molecola_1727,2,0,2,0.005278042983263731,0
molecola_1727,3,0,3,0.004908504895865917,0
molecola_1727,4,0,4,0.00488672498613596,0
molecola_1727,5,0,5,0.005737199913710356,0
molecola_1727,6,0,6,0.00488672498613596,0
molecola_1727,7,0,7,0.004908504895865917,0
molecola_1727,8,0,8,0.0052732136100530624,0
molecola_1727,9,0,9,0.005055108107626438,0
molecola_1727,10,0,10,0.0049645318649709225,0
molecola_1727,11,0,11,0.004993835464119911,0
molecola_1727,12,0,12,0.004861810710281134,0
molecola_1727,13,0,13,0.005021960008889437,0
molecola_1727,14,0,14,0.00518516032025218,0
molecola_1727,15,0,15,0.005049135535955429,0
molecola_1727,16,0,16,0.0050225770100951195,0
molecola_1727,17,0,17,0.005238828714936972,0
molecola_1727,18,0,18,0.0076795001514256,0
molecola_1727,19,0,19,0.8861227631568909,1
molecola_1727,20,0,20,0.005214624106884003,0
molecola_1727,21,0,21,0.0050216238014400005,0
molecola_1727,22,0,22,0.005095559637993574,0
molecola_1727,23,0,23,0.004984788130968809,0
molecola_1727,24,0,24,0.0053589907474815845,0
molecola_1727,25,0,25,0.008502418175339699,0
molecola_1727,26,1,26,0.9893923997879028,1
molecola_1727,27,0,27,0.0052308556623756886,0
molecola_1727,28,0,28,0.004887562245130539,0
molecola_1727,29,0,29,0.005123828537762165,0
molecola_1727,30,0,30,0.007131027057766914,0
molecola_17851,1,0,1,0.005408305209130049,0
molecola_17851,2,0,2,0.004994228482246399,0
molecola_17851,3,0,3,0.00484679639339447,0
molecola_17851,4,0,4,0.004736481700092554,0
molecola_17851,5,0,5,0.00485218595713377,0
molecola_17851,6,0,6,0.004797518253326416,0
molecola_17851,7,0,7,0.004709807224571705,0
molecola_17851,8,0,8,0.004699308890849352,0
molecola_17851,9,0,9,0.005136079154908657,0
molecola_17851,10,0,10,0.0049530924297869205,0
molecola_17851,11,0,11,0.005021271761506796,0
molecola_17851,12,0,12,0.005916369613260031,0
molecola_17851,13,0,13,0.00530911423265934,0
molecola_17851,14,0,14,0.005189860239624977,0
molecola_17851,15,0,15,0.004840066656470299,0
molecola_17851,16,0,16,0.005436902400106192,0
molecola_17851,17,0,17,0.008115864358842373,0
molecola_17851,18,1,18,0.9709710478782654,1
molecola_17851,19,0,19,0.004846957046538591,0
molecola_17851,20,0,20,0.004719441756606102,0
molecola_17851,21,0,21,0.005017608869820833,0
molecola_17851,22,0,22,0.008698110468685627,0
molecola_17851,23,1,23,0.9757459759712219,1
molecola_17851,24,0,24,0.005163073074072599,0
molecola_17851,25,0,25,0.0051106177270412445,0
molecola_18032,1,0,1,0.006577712018042803,0
molecola_18032,2,0,2,0.008012247271835804,0
molecola_18032,3,0,3,0.008644851855933666,0
molecola_18032,4,0,4,0.005171681754291058,0
molecola_18032,5,0,5,0.005032248795032501,0
molecola_18032,6,0,6,0.004970046691596508,0
molecola_18032,7,0,7,0.005011953413486481,0
molecola_18032,8,0,8,0.00530847767367959,0
molecola_18032,9,0,9,0.007667786907404661,0
molecola_18032,10,0,10,0.005627238191664219,0
molecola_18032,11,0,11,0.005459450650960207,0
molecola_18032,12,0,12,0.010821424424648285,0
molecola_18032,13,1,13,0.9875746369361877,1
molecola_18032,14,0,14,0.0197905283421278,0
molecola_18032,15,1,15,0.9863365888595581,1
molecola_18482,1,0,1,0.006577718071639538,0
molecola_18482,2,0,2,0.008000507019460201,0
molecola_18482,3,0,3,0.007648892235010862,0
molecola_18482,4,0,4,0.005227819550782442,0
molecola_18482,5,0,5,0.005021659657359123,0
molecola_18482,6,0,6,0.005471409764140844,0
molecola_18482,7,0,7,0.005021659657359123,0
molecola_18482,8,0,8,0.005227819550782442,0
molecola_18482,9,0,9,0.00959981419146061,0
molecola_18482,10,1,10,0.9274923205375671,1
molecola_18482,11,0,11,0.005686993710696697,0
molecola_18482,12,0,12,0.005692346021533012,0
molecola_18518,1,1,1,0.9897902607917786,1
molecola_18518,2,0,2,0.008637577295303345,0
molecola_18518,3,0,3,0.005465434864163399,0
molecola_18518,4,0,4,0.005336974747478962,0
molecola_18518,5,0,5,0.0052676936611533165,0
molecola_18518,6,0,6,0.00568482605740428,0
molecola_18518,7,0,7,0.0048849075101315975,0
molecola_18518,8,0,8,0.0049518258310854435,0
molecola_18518,9,0,9,0.005143777001649141,0
molecola_18518,10,0,10,0.004917104262858629,0
molecola_18518,11,0,11,0.004859377164393663,0
molecola_18518,12,0,12,0.00503199128434062,0
molecola_18518,13,0,13,0.004983482416719198,0
molecola_18518,14,0,14,0.005020318552851677,0
molecola_18518,15,0,15,0.005019977688789368,0
molecola_18518,16,0,16,0.004984939470887184,0
molecola_18518,17,0,17,0.0050320676527917385,0
molecola_18518,18,0,18,0.004620175808668137,0
molecola_18518,19,0,19,0.005075433291494846,0
molecola_18518,20,0,20,0.0053075458854436874,0
molecola_18576,1,0,1,0.006610828451812267,0
molecola_18576,2,0,2,0.006832679267972708,0
molecola_18576,3,0,3,0.010798071511089802,0
molecola_18576,4,0,4,0.00826750323176384,0
molecola_18576,5,0,5,0.005222696345299482,0
molecola_18576,6,0,6,0.005354141816496849,0
molecola_18576,7,0,7,0.008620057255029678,0
molecola_18576,8,1,8,0.9898269176483154,1
molecola_18576,9,0,9,0.006143039092421532,0
molecola_18576,10,0,10,0.008274387568235397,0
molecola_18576,11,0,11,0.010490501299500465,0
molecola_18576,12,0,12,0.007099389098584652,0
molecola_18576,13,0,13,0.00579999340698123,0
molecola_18576,14,0,14,0.005790498573333025,0
molecola_18576,15,0,15,0.005356302484869957,0
molecola_18576,16,0,16,0.005779079161584377,0
molecola_18576,17,0,17,0.005121850408613682,0
molecola_18576,18,0,18,0.005234427750110626,0
molecola_18576,19,0,19,0.005000502336770296,0
molecola_18576,20,0,20,0.0052278246730566025,0
molecola_18576,21,0,21,0.008592075668275356,0
molecola_18576,22,0,22,0.008008508011698723,0
molecola_18576,23,0,23,0.006577712018042803,0
molecola_18576,24,0,24,0.013250836171209812,0
molecola_18576,25,0,25,0.00531754968687892,0
molecola_18576,26,0,26,0.19191797077655792,0
molecola_18576,27,0,27,0.05574042350053787,0
molecola_18576,28,0,28,0.05574042350053787,0
molecola_18576,29,0,29,0.04636825621128082,0
molecola_18635,1,0,1,0.006722393911331892,0
molecola_18635,2,0,2,0.008198034018278122,0
molecola_18635,3,0,3,0.0067743342369794846,0
molecola_18635,4,0,4,0.005382591392844915,0
molecola_18635,5,0,5,0.005365896504372358,0
molecola_18635,6,0,6,0.005331919528543949,0
molecola_18635,7,0,7,0.005031969398260117,0
molecola_18635,8,0,8,0.004993925336748362,0
molecola_18635,9,0,9,0.004857221618294716,0
molecola_18635,10,0,10,0.004989134147763252,0
molecola_18635,11,0,11,0.0049637495540082455,0
molecola_18635,12,0,12,0.00535639189183712,0
molecola_18635,13,0,13,0.008591506630182266,0
molecola_18635,14,1,14,0.9898269176483154,1
molecola_18635,15,0,15,0.005280429497361183,0
molecola_18635,16,0,16,0.004989387933164835,0
molecola_18635,17,0,17,0.004993366077542305,0
molecola_18635,18,0,18,0.006763117387890816,0
molecola_18635,19,0,19,0.006696056574583054,0
molecola_18635,20,0,20,0.006611401680856943,0
molecola_18635,21,0,21,0.006397031247615814,0
molecola_18635,22,0,22,0.005728603340685368,0
molecola_18635,23,0,23,0.005728603340685368,0
molecola_18979,1,0,1,0.005392780993133783,0
molecola_18979,2,0,2,0.004910200368613005,0
molecola_18979,3,0,3,0.005376261658966541,0
molecola_18979,4,0,4,0.00490649975836277,0
molecola_18979,5,0,5,0.004886595066636801,0
molecola_18979,6,0,6,0.00573715940117836,0
molecola_18979,7,0,7,0.004886595066636801,0
molecola_18979,8,0,8,0.00490649975836277,0
molecola_18979,9,0,9,0.005278123542666435,0
molecola_18979,10,0,10,0.005054824985563755,0
molecola_18979,11,0,11,0.005107118282467127,0
molecola_18979,12,0,12,0.006168317049741745,0
molecola_18979,13,0,13,0.006292946171015501,0
molecola_18979,14,0,14,0.006120912730693817,0
molecola_18979,15,0,15,0.005382223520427942,0
molecola_18979,16,0,16,0.006221089046448469,0
molecola_18979,17,0,17,0.005506518296897411,0
molecola_18979,18,0,18,0.005096904002130032,0
molecola_18979,19,0,19,0.005423716735094786,0
molecola_18979,20,0,20,0.005949641577899456,0
molecola_18979,21,0,21,0.00551549531519413,0
molecola_18979,22,0,22,0.005666159559041262,0
molecola_18979,23,0,23,0.006201833486557007,0
molecola_18979,24,0,24,0.00594701711088419,0
molecola_18979,25,0,25,0.0062941741198301315,0
molecola_18979,26,0,26,0.005476886872202158,0
molecola_18979,27,0,27,0.005068229045718908,0
molecola_18979,28,0,28,0.008654673583805561,0
molecola_18979,29,1,29,0.9896314740180969,1
molecola_18979,30,0,30,0.0061522894538939,0
molecola_18979,31,0,31,0.007656354922801256,0
molecola_18979,32,0,32,0.007997986860573292,0
molecola_18979,33,0,33,0.006577712018042803,0
molecola_18979,34,0,34,0.005372664891183376,0
molecola_18979,35,0,35,0.005067714489996433,0
molecola_18979,36,0,36,0.005107118282467127,0
molecola_18979,37,0,37,0.005054824985563755,0
molecola_19622,1,0,1,0.006577712018042803,0
molecola_19622,2,0,2,0.008012247271835804,0
molecola_19622,3,0,3,0.008650314062833786,0
molecola_19622,4,0,4,0.005483043380081654,0
molecola_19622,5,0,5,0.006154458504170179,0
molecola_19622,6,0,6,0.006262681446969509,0
molecola_19622,7,0,7,0.0060910372994840145,0
molecola_19622,8,0,8,0.0054065692238509655,0
molecola_19622,9,0,9,0.005054987967014313,0
molecola_19622,10,0,10,0.005122608505189419,0
molecola_19622,11,0,11,0.005093732383102179,0
molecola_19622,12,0,12,0.006127733737230301,0
molecola_19622,13,0,13,0.006256710272282362,0
molecola_19622,14,0,14,0.006123396568000317,0
molecola_19622,15,0,15,0.005100979935377836,0
molecola_19622,16,0,16,0.005099494010210037,0
molecola_19622,17,0,17,0.00604290934279561,0
molecola_19622,18,0,18,0.006429357919842005,0
molecola_19622,19,0,19,0.005429790820926428,0
molecola_19622,20,0,20,0.005623216275125742,0
molecola_19622,21,0,21,0.005623216275125742,0
molecola_19622,22,0,22,0.005241055972874165,0
molecola_19622,23,0,23,0.005970935337245464,0
molecola_19622,24,0,24,0.005270338151603937,0
molecola_19622,25,0,25,0.005481535568833351,0
molecola_19622,26,0,26,0.005468997173011303,0
molecola_19622,27,0,27,0.005633194465190172,0
molecola_19622,28,0,28,0.005483043380081654,0
molecola_19622,29,0,29,0.008650314062833786,0
molecola_19622,30,0,30,0.008012247271835804,0
molecola_19622,31,0,31,0.006577712018042803,0
molecola_19622,32,0,32,0.01720484159886837,0
molecola_19622,33,1,33,0.9870544075965881,1
molecola_19929,1,0,1,0.005618121009320021,0
molecola_19929,2,0,2,0.005225635599344969,0
molecola_19929,3,0,3,0.005537330638617277,0
molecola_19929,4,0,4,0.005537330638617277,0
molecola_19929,5,0,5,0.005299692507833242,0
molecola_19929,6,0,6,0.004996527452021837,0
molecola_19929,7,0,7,0.005047918297350407,0
molecola_19929,8,0,8,0.005105446092784405,0
molecola_19929,9,0,9,0.0049875699914991856,0
molecola_19929,10,0,10,0.004970058798789978,0
molecola_19929,11,0,11,0.005044375546276569,0
molecola_19929,12,0,12,0.005267126485705376,0
molecola_19929,13,0,13,0.005414390005171299,0
molecola_19929,14,0,14,0.005092359613627195,0
molecola_19929,15,0,15,0.00531093031167984,0
molecola_19929,16,0,16,0.008591725490987301,0
molecola_19929,17,1,17,0.9898269176483154,1
molecola_19929,18,0,18,0.005356539040803909,0
molecola_19929,19,0,19,0.004966635722666979,0
molecola_19929,20,0,20,0.005201656371355057,0
molecola_19929,21,0,21,0.007433626800775528,0
molecola_19929,22,0,22,0.014659706503152847,0
molecola_19929,23,0,23,0.007538288831710815,0
molecola_19929,24,0,24,0.005226552486419678,0
molecola_19929,25,0,25,0.0050245169550180435,0
molecola_19929,26,0,26,0.005353049840778112,0
molecola_19929,27,0,27,0.005224051885306835,0
molecola_19929,28,0,28,0.0055908821523189545,0
molecola_19929,29,0,29,0.008596072904765606,0
molecola_19929,30,0,30,0.008662793785333633,0
molecola_19929,31,0,31,0.008662793785333633,0
molecola_19929,32,0,32,0.005024517420679331,0
molecola_19929,33,0,33,0.005226552486419678,0
molecola_20354,1,0,1,0.005238757003098726,0
molecola_20354,2,0,2,0.0048072198405861855,0
molecola_20354,3,0,3,0.004654699005186558,0
molecola_20354,4,0,4,0.0050118463113904,0
molecola_20354,5,0,5,0.004998235031962395,0
molecola_20354,6,0,6,0.0046897148713469505,0
molecola_20354,7,0,7,0.0049175359308719635,0
molecola_20354,8,0,8,0.008622396737337112,0
molecola_20354,9,1,9,0.9595905542373657,1
molecola_20354,10,0,10,0.0048033250495791435,0
molecola_20354,11,0,11,0.004751579370349646,0
molecola_20354,12,0,12,0.004716875962913036,0
molecola_20354,13,0,13,0.004804626572877169,0
molecola_20354,14,0,14,0.005113811697810888,0
molecola_20354,15,0,15,0.00547400489449501,0
molecola_20354,16,0,16,0.004847311414778233,0
molecola_20354,17,0,17,0.004713168367743492,0
molecola_20354,18,0,18,0.004941953811794519,0
molecola_20354,19,0,19,0.007433056831359863,0
molecola_20354,20,0,20,0.17401696741580963,0
molecola_20354,21,0,21,0.19709813594818115,0
molecola_20354,22,0,22,0.10203614085912704,0
molecola_20354,23,0,23,0.10203614085912704,0
molecola_20354,24,0,24,0.10818515717983246,0
molecola_20354,25,0,25,0.0050827874802052975,0
molecola_20354,26,0,26,0.005108121316879988,0
molecola_20354,27,0,27,0.004650388844311237,0
molecola_20541,1,0,1,0.006577599793672562,0
molecola_20541,2,0,2,0.007980731315910816,0
molecola_20541,3,0,3,0.00761135620996356,0
molecola_20541,4,0,4,0.005483217537403107,0
molecola_20541,5,0,5,0.006266038399189711,0
molecola_20541,6,0,6,0.005926179233938456,0
molecola_20541,7,0,7,0.005623787175863981,0
molecola_20541,8,0,8,0.006136114709079266,0
molecola_20541,9,0,9,0.0053321849554777145,0
molecola_20541,10,0,10,0.006030294578522444,0
molecola_20541,11,0,11,0.005388200283050537,0
molecola_20541,12,0,12,0.005280599929392338,0
molecola_20541,13,0,13,0.00532081164419651,0
molecola_20541,14,0,14,0.005435705650597811,0
molecola_20541,15,0,15,0.004799492657184601,0
molecola_20541,16,0,16,0.0051839896477758884,0
molecola_20541,17,0,17,0.005002540536224842,0
molecola_20541,18,0,18,0.004991788417100906,0
molecola_20541,19,0,19,0.005097077693790197,0
molecola_20541,20,0,20,0.005083838943392038,0
molecola_20541,21,0,21,0.004991788417100906,0
molecola_20541,22,0,22,0.005002540536224842,0
molecola_20541,23,0,23,0.005030866712331772,0
molecola_20541,24,0,24,0.004971400368958712,0
molecola_20541,25,0,25,0.005001347046345472,0
molecola_20541,26,0,26,0.005418458953499794,0
molecola_20541,27,0,27,0.00872710719704628,0
molecola_20541,28,1,28,0.9727876782417297,1
molecola_20541,29,0,29,0.004961696453392506,0
molecola_20541,30,0,30,0.005064388271421194,0
molecola_20541,31,0,31,0.0051291645504534245,0
molecola_20541,32,0,32,0.005068595055490732,0
molecola_20541,33,0,33,0.0055829607881605625,0
molecola_20898,1,1,1,0.9891200065612793,1
molecola_20898,2,0,2,0.00980064645409584,0
molecola_20898,3,0,3,0.005366481840610504,0
molecola_20898,4,0,4,0.005018165800720453,0
molecola_20898,5,0,5,0.0050182039849460125,0
molecola_20898,6,0,6,0.005234469659626484,0
molecola_20898,7,0,7,0.008654747158288956,0
molecola_20898,8,0,8,0.009974237531423569,0
molecola_20898,9,0,9,0.007159178610891104,0
molecola_20898,10,0,10,0.0058276536874473095,0
molecola_20898,11,0,11,0.004981629084795713,0
molecola_20898,12,0,12,0.005134995095431805,0
molecola_20898,13,0,13,0.005033693742007017,0
molecola_20898,14,0,14,0.005599360913038254,0
molecola_20898,15,0,15,0.006766923703253269,0
molecola_21170,1,1,1,0.9891424775123596,1
molecola_21170,2,0,2,0.009118142537772655,0
molecola_21170,3,0,3,0.005408351309597492,0
molecola_21170,4,0,4,0.005345342215150595,0
molecola_21170,5,0,5,0.005177199374884367,0
molecola_21170,6,0,6,0.005418156273663044,0
molecola_21170,7,0,7,0.005532128736376762,0
molecola_21170,8,0,8,0.005452299024909735,0
molecola_21170,9,0,9,0.00519901467487216,0
molecola_21170,10,0,10,0.0060052634216845036,0
molecola_21170,11,0,11,0.005435922648757696,0
molecola_21170,12,0,12,0.004861967172473669,0
molecola_21170,13,0,13,0.004784711170941591,0
molecola_21170,14,0,14,0.004746958613395691,0
molecola_21170,15,0,15,0.004784711170941591,0
molecola_21170,16,0,16,0.004861967172473669,0
molecola_21170,17,0,17,0.005148227792233229,0
molecola_21170,18,0,18,0.006102193146944046,0
molecola_21170,19,0,19,0.006552813109010458,0
molecola_21170,20,0,20,0.005442229099571705,0
molecola_21170,21,0,21,0.006530748214572668,0
molecola_21170,22,0,22,0.006759043782949448,0
molecola_21181,1,0,1,0.8821836709976196,1
molecola_21181,2,0,2,0.0077457488514482975,0
molecola_21181,3,0,3,0.005609366577118635,0
molecola_21181,4,0,4,0.005100809969007969,0
molecola_21181,5,0,5,0.005070489831268787,0
molecola_21181,6,0,6,0.005203817971050739,0
molecola_21181,7,0,7,0.005054705310612917,0
molecola_21181,8,0,8,0.0053064958192408085,0
molecola_21181,9,0,9,0.005238280165940523,0
molecola_21181,10,0,10,0.00505546061322093,0
molecola_21181,11,0,11,0.00539521686732769,0
molecola_21181,12,0,12,0.005459326319396496,0
molecola_21181,13,0,13,0.006870967801660299,0
molecola_21181,14,0,14,0.006419416982680559,0
molecola_21181,15,0,15,0.01039901189506054,0
molecola_21181,16,1,16,0.8686675429344177,1
molecola_21181,17,0,17,0.009503430686891079,0
molecola_21181,18,1,18,0.6882668137550354,1
molecola_21181,19,0,19,0.005131228361278772,0
molecola_21181,20,0,20,0.005071914289146662,0
molecola_21480,1,0,1,0.0062493146397173405,0
molecola_21480,2,0,2,0.006508314050734043,0
molecola_21480,3,0,3,0.0062493146397173405,0
molecola_21480,4,0,4,0.00600508414208889,0
molecola_21480,5,0,5,0.005615228321403265,0
molecola_21480,6,0,6,0.0050594075582921505,0
molecola_21480,7,0,7,0.0052165682427585125,0
molecola_21480,8,0,8,0.005003212485462427,0
molecola_21480,9,0,9,0.004986477084457874,0
molecola_21480,10,0,10,0.005276040639728308,0
molecola_21480,11,0,11,0.005091567523777485,0
molecola_21480,12,0,12,0.008626371622085571,0
molecola_21480,13,1,13,0.9896238446235657,1
molecola_21480,14,0,14,0.005359984934329987,0
molecola_21638,1,0,1,0.005495108664035797,0
molecola_21638,2,0,2,0.004821381997317076,0
molecola_21638,3,0,3,0.00487185874953866,0
molecola_21638,4,0,4,0.005362291354686022,0
molecola_21638,5,0,5,0.004958580248057842,0
molecola_21638,6,0,6,0.005237007979303598,0
molecola_21638,7,0,7,0.005002690479159355,0
molecola_21638,8,0,8,0.0050030723214149475,0
molecola_21638,9,0,9,0.00524513516575098,0
molecola_21638,10,0,10,0.005021171178668737,0
molecola_21638,11,0,11,0.00522515457123518,0
molecola_21638,12,0,12,0.005987105891108513,0
molecola_21638,13,0,13,0.005431039724498987,0
molecola_21638,14,0,14,0.004860329441726208,0
molecola_21638,15,0,15,0.0048006814904510975,0
molecola_21638,16,0,16,0.005195400211960077,0
molecola_21638,17,0,17,0.0048006814904510975,0
molecola_21638,18,0,18,0.004860329441726208,0
molecola_21638,19,0,19,0.005801335442811251,0
molecola_21638,20,0,20,0.006199032533913851,0
molecola_21638,21,0,21,0.005105243064463139,0
molecola_21638,22,0,22,0.00535625172778964,0
molecola_21638,23,0,23,0.008648514747619629,0
molecola_21638,24,1,24,0.9896188378334045,1
molecola_21638,25,0,25,0.005268173757940531,0
molecola_21638,26,0,26,0.005091601517051458,0
molecola_21638,27,0,27,0.005085566081106663,0
molecola_21638,28,0,28,0.0050030723214149475,0
molecola_21638,29,0,29,0.005002690479159355,0
molecola_21638,30,0,30,0.004910219460725784,0
molecola_21638,31,0,31,0.004958444274961948,0
molecola_21638,32,0,32,0.005137217231094837,0
molecola_22036,1,0,1,0.0053288680501282215,0
molecola_22036,2,0,2,0.005224269814789295,0
molecola_22036,3,0,3,0.0050128307193517685,0
molecola_22036,4,0,4,0.005302646663039923,0
molecola_22036,5,0,5,0.007935099303722382,0
molecola_22036,6,1,6,0.910420298576355,1
molecola_22036,7,0,7,0.005425011273473501,0
molecola_22036,8,0,8,0.005314596462994814,0
molecola_22036,9,0,9,0.0050261239521205425,0
molecola_22186,1,0,1,0.005380679853260517,0
molecola_22186,2,0,2,0.0051167551428079605,0
molecola_22186,3,0,3,0.0060613928362727165,0
molecola_22186,4,0,4,0.005591295659542084,0
molecola_22186,5,0,5,0.005288743879646063,0
molecola_22186,6,0,6,0.005351399537175894,0
molecola_22186,7,0,7,0.005351399537175894,0
molecola_22186,8,0,8,0.01036532036960125,0
molecola_22186,9,0,9,0.8699215054512024,1
molecola_22186,10,0,10,0.005448468495160341,0
molecola_22186,11,0,11,0.005020671058446169,0
molecola_22186,12,0,12,0.005359410773962736,0
molecola_22186,13,0,13,0.008502202108502388,0
molecola_22186,14,1,14,0.9893923997879028,1
molecola_22186,15,0,15,0.005236225202679634,0
molecola_22186,16,0,16,0.004889415577054024,0
molecola_22186,17,0,17,0.005158950109034777,0
molecola_22186,18,0,18,0.007179080042988062,0
molecola_22186,19,0,19,0.004999624565243721,0
molecola_22186,20,0,20,0.004969263914972544,0
molecola_22186,21,0,21,0.005034047178924084,0
molecola_22294,1,1,1,0.9893630146980286,1
molecola_22294,2,0,2,0.008727648295462132,0
molecola_22294,3,0,3,0.005323315504938364,0
molecola_22294,4,0,4,0.0050718882121145725,0
molecola_22294,5,0,5,0.005041825119405985,0
molecola_22294,6,0,6,0.005379227455705404,0
molecola_22294,7,0,7,0.005041825119405985,0
molecola_22294,8,0,8,0.005323315504938364,0
molecola_22294,9,0,9,0.0050718882121145725,0
molecola_22294,10,0,10,0.005240968894213438,0
molecola_22294,11,0,11,0.005999508313834667,0
molecola_22294,12,0,12,0.005623520351946354,0
molecola_22294,13,0,13,0.006594165228307247,0
molecola_22294,14,0,14,0.009129833430051804,0
molecola_22294,15,0,15,0.01065828651189804,0
molecola_22294,16,0,16,0.01065828651189804,0
molecola_22294,17,0,17,0.008445790968835354,0
molecola_22294,18,0,18,0.005251719616353512,0
molecola_22294,19,0,19,0.005018630065023899,0
molecola_22294,20,0,20,0.005019180476665497,0
molecola_22294,21,0,21,0.005060670431703329,0
molecola_22294,22,0,22,0.005478988401591778,0
molecola_2255,1,1,1,0.9727984070777893,1
molecola_2255,2,0,2,0.008691801689565182,0
molecola_2255,3,0,3,0.005411946214735508,0
molecola_2255,4,0,4,0.00500519247725606,0
molecola_2255,5,0,5,0.005016847047954798,0
molecola_2255,6,0,6,0.005001152399927378,0
molecola_2255,7,0,7,0.005039653275161982,0
molecola_2255,8,0,8,0.005392075516283512,0
molecola_2255,9,0,9,0.0062684109434485435,0
molecola_2255,10,0,10,0.005902308039367199,0
molecola_2255,11,0,11,0.005421911366283894,0
molecola_2255,12,0,12,0.004780711606144905,0
molecola_2255,13,0,13,0.0050741140730679035,0
molecola_22646,1,1,1,0.9727876782417297,1
molecola_22646,2,0,2,0.008726488798856735,0
molecola_22646,3,0,3,0.005424621980637312,0
molecola_22646,4,0,4,0.005001342389732599,0
molecola_22646,5,0,5,0.0049720872193574905,0
molecola_22646,6,0,6,0.00502898870036006,0
molecola_22646,7,0,7,0.0049720872193574905,0
molecola_22646,8,0,8,0.005001342389732599,0
molecola_22646,9,0,9,0.00506265414878726,0
molecola_22646,10,0,10,0.004978611599653959,0
molecola_22646,11,0,11,0.005018651485443115,0
molecola_22646,12,0,12,0.005032382905483246,0
molecola_22646,13,0,13,0.0050740852020680904,0
molecola_22646,14,0,14,0.005243182182312012,0
molecola_22786,1,1,1,0.9896188378334045,1
molecola_22786,2,0,2,0.008648514747619629,0
molecola_22786,3,0,3,0.005356211215257645,0
molecola_22786,4,0,4,0.004972502589225769,0
molecola_22786,5,0,5,0.005023813806474209,0
molecola_22786,6,0,6,0.004950735718011856,0
molecola_22786,7,0,7,0.005268183536827564,0
molecola_22786,8,0,8,0.005091601517051458,0
molecola_22786,9,0,9,0.005297905299812555,0
molecola_22786,10,0,10,0.0049665202386677265,0
molecola_22786,11,0,11,0.0049932003021240234,0
molecola_22786,12,0,12,0.004776752088218927,0
molecola_22786,13,0,13,0.004740542732179165,0
molecola_22786,14,0,14,0.004869475960731506,0
molecola_22786,15,0,15,0.005378972738981247,0
molecola_22786,16,0,16,0.00497460039332509,0
molecola_22786,17,0,17,0.004977910313755274,0
molecola_22786,18,0,18,0.005481512285768986,0
molecola_22786,19,0,19,0.0048884181305766106,0
molecola_22786,20,0,20,0.0049883038736879826,0
molecola_22786,21,0,21,0.005293522495776415,0
molecola_22786,22,0,22,0.005076261702924967,0
molecola_22786,23,0,23,0.005973924417048693,0
molecola_22786,24,0,24,0.004869475960731506,0
molecola_22786,25,0,25,0.004740542732179165,0
molecola_22786,26,0,26,0.005005767568945885,0
molecola_22786,27,0,27,0.004951325245201588,0
molecola_22786,28,0,28,0.005093273241072893,0
molecola_22786,29,0,29,0.005083947442471981,0
molecola_22786,30,0,30,0.004990372806787491,0
molecola_22786,31,0,31,0.004970617592334747,0
molecola_22786,32,0,32,0.005008501932024956,0
molecola_22802,1,0,1,0.005282040219753981,0
molecola_22802,2,0,2,0.004905007779598236,0
molecola_22802,3,0,3,0.005493347067385912,0
molecola_22802,4,0,4,0.005036273505538702,0
molecola_22802,5,0,5,0.005077581387013197,0
molecola_22802,6,0,6,0.005273571237921715,0
molecola_22802,7,0,7,0.005202280357480049,0
molecola_22802,8,0,8,0.004858475644141436,0
molecola_22802,9,0,9,0.005371360573917627,0
molecola_22802,10,0,10,0.005444252863526344,0
molecola_22802,11,0,11,0.006459840573370457,0
molecola_22802,12,0,12,0.006759851239621639,0
molecola_22802,13,0,13,0.009156020358204842,0
molecola_22802,14,1,14,0.9891344308853149,1
molecola_22802,15,0,15,0.005366553086787462,0
molecola_22802,16,0,16,0.005013356450945139,0
molecola_22802,17,0,17,0.005107580684125423,0
molecola_22802,18,0,18,0.006117896642535925,0
molecola_22802,19,0,19,0.006422310136258602,0
molecola_22952,1,0,1,0.005307007115334272,0
molecola_22952,2,0,2,0.005391986109316349,0
molecola_22952,3,0,3,0.005307007115334272,0
molecola_22952,4,0,4,0.005906212609261274,0
molecola_22952,5,0,5,0.006332368589937687,0
molecola_22952,6,0,6,0.005105141084641218,0
molecola_22952,7,0,7,0.005354811903089285,0
molecola_22952,8,0,8,0.00859670341014862,0
molecola_22952,9,1,9,0.9894831776618958,1
molecola_22952,10,0,10,0.005845622159540653,0
molecola_22952,11,0,11,0.005357504356652498,0
molecola_22952,12,0,12,0.005726919509470463,0
molecola_22952,13,0,13,0.004882005974650383,0
molecola_22952,14,0,14,0.004894176032394171,0
molecola_22952,15,0,15,0.0054297419264912605,0
molecola_22952,16,0,16,0.004894176032394171,0
molecola_22952,17,0,17,0.004882005974650383,0
molecola_22952,18,0,18,0.005228365305811167,0
molecola_22952,19,0,19,0.0059995451010763645,0
molecola_22952,20,0,20,0.005321844015270472,0
molecola_22952,21,0,21,0.00501704728230834,0
molecola_22952,22,0,22,0.005014562513679266,0
molecola_22952,23,0,23,0.005068378522992134,0
molecola_22952,24,0,24,0.0066420468501746655,0
molecola_22952,25,0,25,0.019392773509025574,0
molecola_22952,26,0,26,0.053195253014564514,0
molecola_22952,27,0,27,0.01804582215845585,0
molecola_22952,28,0,28,0.01804582215845585,0
molecola_22952,29,0,29,0.013035708107054234,0
molecola_22952,30,0,30,0.005108033772557974,0
molecola_22952,31,0,31,0.0049646636471152306,0
molecola_22952,32,0,32,0.004991992376744747,0
molecola_22952,33,0,33,0.004949340596795082,0
molecola_23119,1,0,1,0.009386691264808178,0
molecola_23119,2,0,2,0.009537158533930779,0
molecola_23119,3,0,3,0.009386691264808178,0
molecola_23119,4,0,4,0.9431646466255188,1
molecola_23119,5,0,5,0.005493493285030127,0
molecola_23119,6,0,6,0.004996952135115862,0
molecola_23119,7,0,7,0.005336749367415905,0
molecola_23119,8,0,8,0.005026300437748432,0
molecola_23119,9,0,9,0.0049722641706466675,0
molecola_23119,10,0,10,0.004970801528543234,0
molecola_23119,11,0,11,0.005024085287004709,0
molecola_23119,12,0,12,0.004948894493281841,0
molecola_23119,13,0,13,0.005022360011935234,0
molecola_23119,14,0,14,0.005095177795737982,0
molecola_23119,15,0,15,0.005020385142415762,0
molecola_23119,16,0,16,0.004949897062033415,0
molecola_23119,17,0,17,0.005041973199695349,0
molecola_23119,18,0,18,0.005099690053611994,0
molecola_23119,19,0,19,0.005839263089001179,0
molecola_23119,20,0,20,0.008646977134048939,0
molecola_23119,21,1,21,0.9728083610534668,1
molecola_23119,22,0,22,0.009694362059235573,0
molecola_23119,23,0,23,0.005247834604233503,0
molecola_23119,24,0,24,0.038577210158109665,0
molecola_23119,25,0,25,0.016736257821321487,0
molecola_23119,26,0,26,0.016736257821321487,0
molecola_23119,27,0,27,0.012363750487565994,0
molecola_23119,28,0,28,0.005262883845716715,0
molecola_23119,29,0,29,0.005276781972497702,0
molecola_23119,30,0,30,0.005198121536523104,0
molecola_23119,31,0,31,0.005589938256889582,0
molecola_23119,32,0,32,0.005589938256889582,0
molecola_23119,33,0,33,0.005313429981470108,0
molecola_23119,34,0,34,0.0051050009205937386,0
molecola_23119,35,0,35,0.005079244263470173,0
molecola_23119,36,0,36,0.004994304850697517,0
molecola_23119,37,0,37,0.0050172992050647736,0
molecola_23119,38,0,38,0.004994304850697517,0
molecola_23119,39,0,39,0.0051050009205937386,0
molecola_23119,40,0,40,0.005079244263470173,0
molecola_23159,1,0,1,0.006283039227128029,0
molecola_23159,2,0,2,0.0062533109448850155,0
molecola_23159,3,0,3,0.0068790847435593605,0
molecola_23159,4,0,4,0.0054640816524624825,0
molecola_23159,5,0,5,0.004998462274670601,0
molecola_23159,6,0,6,0.00600768905133009,0
molecola_23159,7,0,7,0.005045900121331215,0
molecola_23159,8,0,8,0.008408825844526291,0
molecola_23159,9,0,9,0.008810496889054775,0
molecola_23159,10,0,10,0.005965661723166704,0
molecola_23159,11,0,11,0.005643677432090044,0
molecola_23159,12,0,12,0.005229298025369644,0
molecola_23159,13,0,13,0.005423323251307011,0
molecola_23159,14,0,14,0.008973708376288414,0
molecola_23159,15,1,15,0.9894770383834839,1
molecola_23159,16,0,16,0.005055468063801527,0
molecola_23159,17,0,17,0.00498055387288332,0
molecola_23159,18,0,18,0.005093899089843035,0
molecola_23159,19,0,19,0.005083947442471981,0
molecola_23159,20,0,20,0.004990415181964636,0
molecola_23159,21,0,21,0.005056360270828009,0
molecola_23159,22,0,22,0.005310751497745514,0
molecola_23447,1,0,1,0.006577712018042803,0
molecola_23447,2,0,2,0.008002547547221184,0
molecola_23447,3,0,3,0.008292253129184246,0
molecola_23447,4,0,4,0.005227646324783564,0
molecola_23447,5,0,5,0.004979828372597694,0
molecola_23447,6,0,6,0.005005339626222849,0
molecola_23447,7,0,7,0.0051888045854866505,0
molecola_23447,8,0,8,0.00820313859730959,0
molecola_23447,9,0,9,0.010627358220517635,0
molecola_23447,10,0,10,0.006592781748622656,0
molecola_23447,11,0,11,0.0048266309313476086,0
molecola_23447,12,0,12,0.004936331417411566,0
molecola_23447,13,0,13,0.008489709347486496,0
molecola_23447,14,1,14,0.9599276185035706,1
molecola_23447,15,0,15,0.005500740371644497,0
molecola_23447,16,0,16,0.004821079783141613,0
molecola_23447,17,0,17,0.004904653877019882,0
molecola_23447,18,0,18,0.00527617335319519,0
molecola_23447,19,0,19,0.005134666338562965,0
molecola_23447,20,0,20,0.005960229318588972,0
molecola_23447,21,0,21,0.004656546283513308,0
molecola_2363,1,0,1,0.006577712018042803,0
molecola_2363,2,0,2,0.008002233691513538,0
molecola_2363,3,0,3,0.007954503409564495,0
molecola_2363,4,0,4,0.0059113153256475925,0
molecola_2363,5,0,5,0.0070089902728796005,0
molecola_2363,6,0,6,0.006199873052537441,0
molecola_2363,7,0,7,0.009232192300260067,0
molecola_2363,8,1,8,0.9893863201141357,1
molecola_2363,9,0,9,0.010609954595565796,0
molecola_2363,10,0,10,0.016306981444358826,0
molecola_2363,11,0,11,0.9810901284217834,1
molecola_2363,12,0,12,0.010242978110909462,0
molecola_2363,13,0,13,0.007699555717408657,0
molecola_2363,14,0,14,0.007433831226080656,0
molecola_2418,1,0,1,0.00883114617317915,0
molecola_2418,2,0,2,0.009045389480888844,0
molecola_2418,3,0,3,0.00883114617317915,0
molecola_2418,4,0,4,0.005473771132528782,0
molecola_2418,5,0,5,0.005190560128539801,0
molecola_2418,6,0,6,0.006102548912167549,0
molecola_2418,7,0,7,0.006552813109010458,0
molecola_2418,8,0,8,0.005442229099571705,0
molecola_2418,9,0,9,0.00653896713629365,0
molecola_2418,10,0,10,0.006080555729568005,0
molecola_2418,11,0,11,0.005065334960818291,0
molecola_2418,12,0,12,0.004994994029402733,0
molecola_2418,13,0,13,0.004972636699676514,0
molecola_2418,14,0,14,0.005014271941035986,0
molecola_2418,15,0,15,0.005366634577512741,0
molecola_2418,16,0,16,0.008541406132280827,0
molecola_2418,17,1,17,0.9893970489501953,1
molecola_2418,18,0,18,0.005268390756100416,0
molecola_2418,19,0,19,0.005187894217669964,0
molecola_2418,20,0,20,0.006944272201508284,0
molecola_2418,21,0,21,0.005266961641609669,0
molecola_2418,22,0,22,0.010224991478025913,0
molecola_2418,23,0,23,0.00769954826682806,0
molecola_2418,24,0,24,0.007433827500790358,0
molecola_24578,1,0,1,0.005201128777116537,0
molecola_24578,2,0,2,0.005069042090326548,0
molecola_24578,3,0,3,0.005201128777116537,0
molecola_24578,4,0,4,0.005029048305004835,0
molecola_24578,5,0,5,0.0050754910334944725,0
molecola_24578,6,0,6,0.0050552161410450935,0
molecola_24578,7,0,7,0.0051241349428892136,0
molecola_24578,8,0,8,0.005402909126132727,0
molecola_24578,9,0,9,0.0050553143955767155,0
molecola_24578,10,0,10,0.005062289070338011,0
molecola_24578,11,0,11,0.0050553143955767155,0
molecola_24578,12,0,12,0.0051241349428892136,0
molecola_24578,13,0,13,0.005402909126132727,0
molecola_24578,14,0,14,0.00505526177585125,0
molecola_24578,15,0,15,0.0050566792488098145,0
molecola_24578,16,0,16,0.005169089417904615,0
molecola_24578,17,0,17,0.005644980352371931,0
molecola_24578,18,0,18,0.0061658998019993305,0
molecola_24578,19,0,19,0.004861750174313784,0
molecola_24578,20,0,20,0.004708752501755953,0
molecola_24578,21,0,21,0.005167625844478607,0
molecola_24578,22,0,22,0.005450592841953039,0
molecola_24578,23,0,23,0.0053070648573338985,0
molecola_24578,24,0,24,0.009013542905449867,0
molecola_24578,25,1,25,0.9894086122512817,1
molecola_24578,26,0,26,0.005499681457877159,0
molecola_24578,27,0,27,0.005309371277689934,0
molecola_24578,28,0,28,0.005311142187565565,0
molecola_24578,29,0,29,0.005308817140758038,0
molecola_24578,30,0,30,0.00602101581171155,0
molecola_24578,31,0,31,0.006891060620546341,0
molecola_2473,1,1,1,0.9898269176483154,1
molecola_2473,2,0,2,0.00860361848026514,0
molecola_2473,3,0,3,0.0053667714819312096,0
molecola_2473,4,0,4,0.00501536438241601,0
molecola_2473,5,0,5,0.005007012281566858,0
molecola_2473,6,0,6,0.0051995376124978065,0
molecola_2473,7,0,7,0.004794343374669552,0
molecola_2473,8,0,8,0.004912885371595621,0
molecola_2473,9,0,9,0.005385599099099636,0
molecola_2473,10,0,10,0.005876830313354731,0
molecola_2473,11,0,11,0.005388299934566021,0
molecola_2473,12,0,12,0.006247608922421932,0
molecola_2473,13,0,13,0.004824180621653795,0
molecola_2473,14,0,14,0.004798438400030136,0
molecola_2473,15,0,15,0.005199599079787731,0
molecola_2473,16,0,16,0.005007012281566858,0
molecola_2473,17,0,17,0.00501536438241601,0
molecola_2473,18,0,18,0.0053667714819312096,0
molecola_2473,19,0,19,0.00860361848026514,0
molecola_2473,20,1,20,0.9898269176483154,1
molecola_2473,21,0,21,0.005360114853829145,0
molecola_2473,22,0,22,0.005360114853829145,0
molecola_2474,1,0,1,0.0053086611442267895,0
molecola_2474,2,0,2,0.005173129495233297,0
molecola_2474,3,0,3,0.005066532175987959,0
molecola_2474,4,0,4,0.005065628327429295,0
molecola_2474,5,0,5,0.005502274259924889,0
molecola_2474,6,0,6,0.00510804820805788,0
molecola_2474,7,0,7,0.005082177463918924,0
molecola_2474,8,0,8,0.005011035595089197,0
molecola_2474,9,0,9,0.0050326623022556305,0
molecola_2474,10,0,10,0.005174778867512941,0
molecola_2474,11,0,11,0.005308386869728565,0
molecola_2474,12,0,12,0.0050511956214904785,0
molecola_2474,13,0,13,0.005006881430745125,0
molecola_2474,14,0,14,0.0049937693402171135,0
molecola_2474,15,0,15,0.00528042484074831,0
molecola_2474,16,0,16,0.008591506630182266,0
molecola_2474,17,1,17,0.9898269176483154,1
molecola_2474,18,0,18,0.00535639189183712,0
molecola_2474,19,0,19,0.004969174508005381,0
molecola_2474,20,0,20,0.005040734075009823,0
molecola_2474,21,0,21,0.0054120565764606,0
molecola_2474,22,0,22,0.005350709427148104,0
molecola_24974,1,0,1,0.012363744899630547,0
molecola_24974,2,0,2,0.03874829038977623,0
molecola_24974,3,0,3,0.016736265271902084,0
molecola_24974,4,0,4,0.016736265271902084,0
molecola_24974,5,0,5,0.009517908096313477,0
molecola_24974,6,0,6,0.005311381537467241,0
molecola_24974,7,0,7,0.00499701127409935,0
molecola_24974,8,0,8,0.005021736025810242,0
molecola_24974,9,0,9,0.00499701127409935,0
molecola_24974,10,0,10,0.005311381537467241,0
molecola_24974,11,0,11,0.005089780315756798,0
molecola_24974,12,0,12,0.004924421664327383,0
molecola_24974,13,0,13,0.00530037097632885,0
molecola_24974,14,0,14,0.006265017203986645,0
molecola_24974,15,0,15,0.005901122000068426,0
molecola_24974,16,0,16,0.0053721144795417786,0
molecola_24974,17,0,17,0.005024610087275505,0
molecola_24974,18,0,18,0.0049967458471655846,0
molecola_24974,19,0,19,0.005357855465263128,0
molecola_24974,20,0,20,0.008622796274721622,0
molecola_24974,21,1,21,0.9898244738578796,1
molecola_24974,22,0,22,0.005357855465263128,0
molecola_24974,23,0,23,0.0049967458471655846,0
molecola_25395,1,0,1,0.005902968347072601,0
molecola_25395,2,0,2,0.005437368992716074,0
molecola_25395,3,0,3,0.006405775435268879,0
molecola_25395,4,0,4,0.005437368992716074,0
molecola_25395,5,0,5,0.005902968347072601,0
molecola_25395,6,0,6,0.005595372058451176,0
molecola_25395,7,0,7,0.005827626213431358,0
molecola_25395,8,0,8,0.005804543383419514,0
molecola_25395,9,0,9,0.0058737159706652164,0
molecola_25395,10,0,10,0.0061294762417674065,0
molecola_25395,11,0,11,0.005391927435994148,0
molecola_25395,12,0,12,0.0050569986924529076,0
molecola_25395,13,0,13,0.005357651971280575,0
molecola_25395,14,0,14,0.009000187739729881,0
molecola_25395,15,1,15,0.9896021485328674,1
molecola_25395,16,0,16,0.005930934567004442,0
molecola_25395,17,0,17,0.006153692025691271,0
molecola_25395,18,0,18,0.005142274312674999,0
molecola_25419,1,0,1,0.006577718071639538,0
molecola_25419,2,0,2,0.008000927977263927,0
molecola_25419,3,0,3,0.007633351255208254,0
molecola_25419,4,0,4,0.006154228933155537,0
molecola_25419,5,0,5,0.008526716381311417,0
molecola_25419,6,1,6,0.9894134998321533,1
molecola_25419,7,0,7,0.005692469887435436,0
molecola_25419,8,0,8,0.008891918696463108,0
molecola_25419,9,1,9,0.9888687133789062,1
molecola_25419,10,0,10,0.005684944801032543,0
molecola_25419,11,0,11,0.005491818301379681,0
molecola_25419,12,0,12,0.006003436632454395,0
molecola_25419,13,0,13,0.005157271400094032,0
molecola_25419,14,0,14,0.005258748773485422,0
molecola_25419,15,0,15,0.005320917349308729,0
molecola_25419,16,0,16,0.004976854659616947,0
molecola_25419,17,0,17,0.005016461480408907,0
molecola_25419,18,0,18,0.005172341596335173,0
molecola_25585,1,0,1,0.0056374697014689445,0
molecola_25585,2,0,2,0.00532511854544282,0
molecola_25585,3,0,3,0.0067579844035208225,0
molecola_25585,4,0,4,0.00665829423815012,0
molecola_25585,5,0,5,0.0069765616208314896,0
molecola_25585,6,0,6,0.006808705162256956,0
molecola_25585,7,0,7,0.0064657749608159065,0
molecola_25585,8,0,8,0.006044209934771061,0
molecola_25585,9,0,9,0.008388382382690907,0
molecola_25585,10,1,10,0.9279780387878418,1
molecola_25585,11,0,11,0.005072277970612049,0
molecola_25585,12,0,12,0.004761888645589352,0
molecola_25585,13,0,13,0.004713778849691153,0
molecola_25585,14,0,14,0.004678796976804733,0
molecola_25585,15,0,15,0.004748367238789797,0
molecola_25585,16,0,16,0.004681235644966364,0
molecola_25585,17,0,17,0.005303861573338509,0
molecola_25585,18,0,18,0.005131861194968224,0
molecola_25585,19,0,19,0.0049498784355819225,0
molecola_25585,20,0,20,0.0050863283686339855,0
molecola_25585,21,0,21,0.005895244888961315,0
molecola_25585,22,0,22,0.005014048423618078,0
molecola_25585,23,0,23,0.0052627092227339745,0
molecola_25585,24,0,24,0.004838610999286175,0
molecola_25585,25,0,25,0.005424413830041885,0
molecola_25585,26,0,26,0.004906273912638426,0
molecola_25585,27,0,27,0.008510236628353596,0
molecola_25585,28,0,28,0.9482576847076416,1
molecola_25585,29,0,29,0.005013277754187584,0
molecola_25585,30,0,30,0.004998768679797649,0
molecola_25585,31,0,31,0.0054269046522676945,0
molecola_25876,1,0,1,0.005717429798096418,0
molecola_25876,2,0,2,0.005361040122807026,0
molecola_25876,3,0,3,0.005717429798096418,0
molecola_25876,4,0,4,0.005717429798096418,0
molecola_25876,5,0,5,0.005449036601930857,0
molecola_25876,6,0,6,0.005028977058827877,0
molecola_25876,7,0,7,0.005649050232023001,0
molecola_25876,8,0,8,0.008798399940133095,0
molecola_25876,9,0,9,0.9896664619445801,1
molecola_25876,10,0,10,0.005626184865832329,0
molecola_25876,11,0,11,0.006324653048068285,0
molecola_25876,12,0,12,0.005919034592807293,0
molecola_25876,13,0,13,0.005900187883526087,0
molecola_25876,14,0,14,0.006128810811787844,0
molecola_25876,15,0,15,0.005392088089138269,0
molecola_25876,16,0,16,0.005000715609639883,0
molecola_25876,17,0,17,0.004886186681687832,0
molecola_25876,18,0,18,0.004992665257304907,0
molecola_25876,19,0,19,0.004968882072716951,0
molecola_25876,20,0,20,0.005019151605665684,0
molecola_25876,21,0,21,0.005019213538616896,0
molecola_25876,22,0,22,0.004972745198756456,0
molecola_25876,23,0,23,0.005023092031478882,0
molecola_25876,24,0,24,0.005247361492365599,0
molecola_25876,25,0,25,0.007257179357111454,0
molecola_25876,26,0,26,0.005395662039518356,0
molecola_25876,27,0,27,0.005607188679277897,0
molecola_25876,28,0,28,0.005607188679277897,0
molecola_25876,29,0,29,0.008734098635613918,0
molecola_25876,30,1,30,0.9722979068756104,1
molecola_26,1,0,1,0.009263727813959122,0
molecola_26,2,0,2,0.00955078937113285,0
molecola_26,3,1,3,0.9651136994361877,1
molecola_26,4,0,4,0.007790548261255026,0
molecola_26,5,0,5,0.006820336449891329,0
molecola_26,6,0,6,0.00672728568315506,0
molecola_26,7,0,7,0.006695587188005447,0
molecola_26,8,0,8,0.005437188781797886,0
molecola_26,9,0,9,0.005064868833869696,0
molecola_26,10,0,10,0.005028380546718836,0
molecola_26,11,0,11,0.005078149959445,0
molecola_26,12,0,12,0.005301125347614288,0
molecola_26,13,0,13,0.0051450482569634914,0
molecola_26,14,0,14,0.0069019123911857605,0
molecola_26,15,0,15,0.006716792471706867,0
molecola_26,16,0,16,0.006739966105669737,0
molecola_26,17,0,17,0.006695955526083708,0
molecola_26,18,0,18,0.005437193904072046,0
molecola_26,19,0,19,0.005064868833869696,0
molecola_26,20,0,20,0.005028380546718836,0
molecola_26,21,0,21,0.005078149959445,0
molecola_26,22,0,22,0.005301125347614288,0
molecola_26,23,0,23,0.0051450482569634914,0
molecola_26,24,0,24,0.005026157479733229,0
molecola_26,25,0,25,0.005462745204567909,0
molecola_26,26,0,26,0.004792405292391777,0
molecola_26,27,0,27,0.004746724851429462,0
molecola_26,28,0,28,0.004739382304251194,0
molecola_26,29,0,29,0.004962308797985315,0
molecola_26,30,0,30,0.005461594555526972,0
molecola_26,31,0,31,0.008187495172023773,0
molecola_26,32,0,32,0.9712722897529602,1
molecola_26,33,0,33,0.005190582014620304,0
molecola_26,34,0,34,0.005534705705940723,0
molecola_26,35,0,35,0.005330215208232403,0
molecola_26,36,0,36,0.005073498003184795,0
molecola_26,37,0,37,0.005189153831452131,0
molecola_26,38,0,38,0.004973908420652151,0
molecola_26,39,0,39,0.005367555655539036,0
molecola_26,40,0,40,0.006267632823437452,0
molecola_26,41,0,41,0.0059012616984546185,0
molecola_26,42,0,42,0.005389774683862925,0
molecola_26145,1,0,1,0.04636825621128082,0
molecola_26145,2,0,2,0.19513046741485596,0
molecola_26145,3,0,3,0.05574042350053787,0
molecola_26145,4,0,4,0.05574042350053787,0
molecola_26145,5,0,5,0.010452372953295708,0
molecola_26145,6,0,6,0.005309711210429668,0
molecola_26145,7,0,7,0.004972579888999462,0
molecola_26145,8,0,8,0.005027175415307283,0
molecola_26145,9,0,9,0.004965459927916527,0
molecola_26145,10,0,10,0.005814970936626196,0
molecola_26145,11,0,11,0.00867487397044897,0
molecola_26145,12,0,12,0.9727984070777893,1
molecola_26145,13,0,13,0.005354400724172592,0
molecola_26145,14,0,14,0.005263864528387785,0
molecola_26145,15,0,15,0.005276253912597895,0
molecola_26145,16,0,16,0.004968660417944193,0
molecola_26145,17,0,17,0.005010638386011124,0
molecola_26145,18,0,18,0.005025227554142475,0
molecola_26145,19,0,19,0.004969801753759384,0
molecola_26145,20,0,20,0.005356411915272474,0
molecola_26145,21,0,21,0.008622796274721622,0
molecola_26145,22,1,22,0.9898244738578796,1
molecola_26145,23,0,23,0.005356411915272474,0
molecola_26145,24,0,24,0.004969801753759384,0
molecola_26145,25,0,25,0.005152520257979631,0
molecola_26145,26,0,26,0.005490846466273069,0
molecola_26145,27,0,27,0.005490846466273069,0
molecola_26145,28,0,28,0.005490846466273069,0
molecola_26300,1,0,1,0.005227616056799889,0
molecola_26300,2,0,2,0.005261463578790426,0
molecola_26300,3,0,3,0.004863961134105921,0
molecola_26300,4,0,4,0.004751416854560375,0
molecola_26300,5,0,5,0.0050537604838609695,0
molecola_26300,6,0,6,0.004985322244465351,0
molecola_26300,7,0,7,0.005015861708670855,0
molecola_26300,8,0,8,0.004973278380930424,0
molecola_26300,9,0,9,0.005003032274544239,0
molecola_26300,10,0,10,0.0050269016064703465,0
molecola_26300,11,0,11,0.004919498693197966,0
molecola_26300,12,0,12,0.0046951621770858765,0
molecola_26300,13,0,13,0.00504289660602808,0
molecola_26300,14,0,14,0.004979162011295557,0
molecola_26300,15,0,15,0.005358167923986912,0
molecola_26300,16,0,16,0.010464073158800602,0
molecola_26300,17,1,17,0.9890351891517639,1
molecola_26300,18,0,18,0.010415541008114815,0
molecola_26300,19,1,19,0.9879611134529114,1
molecola_26300,20,0,20,0.005257199984043837,0
molecola_2631,1,0,1,0.005397315602749586,0
molecola_2631,2,0,2,0.005054606590420008,0
molecola_2631,3,0,3,0.005451911594718695,0
molecola_2631,4,0,4,0.00527750700712204,0
molecola_2631,5,0,5,0.005489967297762632,0
molecola_2631,6,0,6,0.0052266246639192104,0
molecola_2631,7,0,7,0.008455859497189522,0
molecola_2631,8,1,8,0.9722322225570679,1
molecola_2631,9,0,9,0.0054807947017252445,0
molecola_2631,10,0,10,0.005057394038885832,0
molecola_2631,11,0,11,0.005397960543632507,0
molecola_2631,12,0,12,0.00761455250903964,0
molecola_2631,13,0,13,0.015047498047351837,0
molecola_2631,14,0,14,0.007515253499150276,0
molecola_2631,15,0,15,0.005218241363763809,0
molecola_2631,16,0,16,0.005143105983734131,0
molecola_2631,17,0,17,0.004986001178622246,0
molecola_2631,18,0,18,0.005143105983734131,0
molecola_2631,19,0,19,0.005218241363763809,0
molecola_2631,20,0,20,0.0050749038346111774,0
molecola_2631,21,0,21,0.005678753834217787,0
molecola_2631,22,0,22,0.0050749038346111774,0
molecola_2631,23,0,23,0.00567875150591135,0
molecola_26685,1,1,1,0.9898244738578796,1
molecola_26685,2,0,2,0.008622796274721622,0
molecola_26685,3,0,3,0.005357855465263128,0
molecola_26685,4,0,4,0.004996740724891424,0
molecola_26685,5,0,5,0.005022677127271891,0
molecola_26685,6,0,6,0.004996740724891424,0
molecola_26685,7,0,7,0.005357855465263128,0
molecola_26685,8,0,8,0.005058540962636471,0
molecola_26685,9,0,9,0.004948497749865055,0
molecola_26685,10,0,10,0.004738527350127697,0
molecola_26685,11,0,11,0.004749834071844816,0
molecola_26685,12,0,12,0.004749538842588663,0
molecola_26685,13,0,13,0.004940434359014034,0
molecola_26685,14,0,14,0.005373840220272541,0
molecola_26685,15,0,15,0.004870711825788021,0
molecola_26685,16,0,16,0.004719477612525225,0
molecola_26685,17,0,17,0.005052628926932812,0
molecola_26685,18,0,18,0.004999349359422922,0
molecola_26685,19,0,19,0.004846467636525631,0
molecola_26685,20,0,20,0.0050226058810949326,0
molecola_26685,21,0,21,0.005003041587769985,0
molecola_26685,22,0,22,0.005019751843065023,0
molecola_26685,23,0,23,0.005023487377911806,0
molecola_26685,24,0,24,0.005019751843065023,0
molecola_26685,25,0,25,0.005003041587769985,0
molecola_26685,26,0,26,0.004691909998655319,0
molecola_26775,1,0,1,0.005308298394083977,0
molecola_26775,2,0,2,0.00487922690808773,0
molecola_26775,3,0,3,0.004910442978143692,0
molecola_26775,4,0,4,0.004842272028326988,0
molecola_26775,5,0,5,0.005339893978089094,0
molecola_26775,6,0,6,0.004861649125814438,0
molecola_26775,7,0,7,0.005110103636980057,0
molecola_26775,8,0,8,0.00850285217165947,0
molecola_26775,9,1,9,0.9754992723464966,1
molecola_26775,10,0,10,0.005474908277392387,0
molecola_26775,11,0,11,0.005207791458815336,0
molecola_26775,12,0,12,0.005359295755624771,0
molecola_26775,13,0,13,0.005040365736931562,0
molecola_26775,14,0,14,0.005014077294617891,0
molecola_26775,15,0,15,0.00523434579372406,0
molecola_26775,16,0,16,0.007627444341778755,0
molecola_26775,17,0,17,0.007996262051165104,0
molecola_26775,18,0,18,0.006577712018042803,0
molecola_26775,19,0,19,0.005762546323239803,0
molecola_26775,20,0,20,0.004878379870206118,0
molecola_26775,21,0,21,0.004729731474071741,0
molecola_26775,22,0,22,0.004760069772601128,0
molecola_26775,23,0,23,0.005341221112757921,0
molecola_26775,24,0,24,0.007041155826300383,0
molecola_26775,25,0,25,0.007441713474690914,0
molecola_26775,26,0,26,0.006784158758819103,0
molecola_26775,27,0,27,0.00637844018638134,0
molecola_26775,28,0,28,0.006686060689389706,0
molecola_26775,29,0,29,0.006746845785528421,0
molecola_26775,30,0,30,0.006941253785043955,0
molecola_27025,1,1,1,0.9723470211029053,1
molecola_27025,2,0,2,0.008716966025531292,0
molecola_27025,3,0,3,0.005571340676397085,0
molecola_27025,4,0,4,0.005586075130850077,0
molecola_27025,5,0,5,0.0062054782174527645,0
molecola_27025,6,0,6,0.006194616202265024,0
molecola_27025,7,0,7,0.005364051554352045,0
molecola_27025,8,0,8,0.005038075614720583,0
molecola_27025,9,0,9,0.0050873663276433945,0
molecola_27025,10,0,10,0.005009870510548353,0
molecola_27025,11,0,11,0.004948906134814024,0
molecola_27025,12,0,12,0.00515712471678853,0
molecola_27025,13,0,13,0.005074783228337765,0
molecola_27025,14,0,14,0.00504108564928174,0
molecola_27025,15,0,15,0.005242366809397936,0
molecola_27025,16,0,16,0.005458306521177292,0
molecola_27025,17,0,17,0.004798149224370718,0
molecola_27025,18,0,18,0.005183795467019081,0
molecola_27025,19,0,19,0.00500251492485404,0
molecola_27025,20,0,20,0.00499721011146903,0
molecola_27025,21,0,21,0.00515052629634738,0
molecola_27025,22,0,22,0.00499721011146903,0
molecola_27025,23,0,23,0.00500251492485404,0
molecola_27025,24,0,24,0.005074817221611738,0
molecola_27025,25,0,25,0.005678753834217787,0
molecola_27025,26,0,26,0.005223551299422979,0
molecola_27025,27,0,27,0.007410969119518995,0
molecola_27025,28,0,28,0.005029898136854172,0
molecola_27025,29,0,29,0.004972688853740692,0
molecola_27025,30,0,30,0.005019213538616896,0
molecola_27025,31,0,31,0.005019213538616896,0
molecola_27025,32,0,32,0.004972410388290882,0
molecola_27025,33,0,33,0.005000869743525982,0
molecola_28194,1,0,1,0.006577712018042803,0
molecola_28194,2,0,2,0.00801223237067461,0
molecola_28194,3,0,3,0.008643417619168758,0
molecola_28194,4,0,4,0.0051779416389763355,0
molecola_28194,5,0,5,0.00505474116653204,0
molecola_28194,6,0,6,0.005243336316198111,0
molecola_28194,7,0,7,0.0050677340477705,0
molecola_28194,8,0,8,0.005248681176453829,0
molecola_28194,9,0,9,0.0074595557525753975,0
molecola_28194,10,0,10,0.015036880038678646,0
molecola_28194,11,0,11,0.007538288831710815,0
molecola_28194,12,0,12,0.005224710796028376,0
molecola_28194,13,0,13,0.005105637479573488,0
molecola_28194,14,0,14,0.00627480074763298,0
molecola_28194,15,0,15,0.0059255389496684074,0
molecola_28194,16,0,16,0.005780493374913931,0
molecola_28194,17,0,17,0.0061439271084964275,0
molecola_28194,18,0,18,0.005028289742767811,0
molecola_28194,19,0,19,0.004797274712473154,0
molecola_28194,20,0,20,0.004797274712473154,0
molecola_28194,21,0,21,0.008633706718683243,0
molecola_28194,22,0,22,0.008932621218264103,0
molecola_28194,23,0,23,0.008932621218264103,0
molecola_28194,24,0,24,0.005105637479573488,0
molecola_28194,25,0,25,0.005224710796028376,0
molecola_28194,26,0,26,0.00518420385196805,0
molecola_28194,27,0,27,0.005277609918266535,0
molecola_28194,28,0,28,0.00972522422671318,0
molecola_28194,29,1,29,0.9891284108161926,1
molecola_28202,1,0,1,0.9148968458175659,1
molecola_28202,2,0,2,0.015147414058446884,0
molecola_28202,3,0,3,0.030484741553664207,0
molecola_28202,4,0,4,0.7891944050788879,1
molecola_28202,5,0,5,0.009751858189702034,0
molecola_28202,6,0,6,0.9726859331130981,1
molecola_28202,7,0,7,0.005011178553104401,0
molecola_28202,8,0,8,0.004709398373961449,0
molecola_28202,9,0,9,0.005311015993356705,0
molecola_28202,10,0,10,0.00865228846669197,0
molecola_28202,11,0,11,0.9891379475593567,1
molecola_28202,12,0,12,0.0052293152548372746,0
molecola_28202,13,0,13,0.005092139821499586,0
molecola_28202,14,0,14,0.005847370717674494,0
molecola_28202,15,0,15,0.005233307834714651,0
molecola_28202,16,0,16,0.008659416809678078,0
molecola_28202,17,1,17,0.9895193576812744,1
molecola_28202,18,0,18,0.005366685800254345,0
molecola_28202,19,0,19,0.0050148312002420425,0
molecola_28202,20,0,20,0.005001734010875225,0
molecola_28202,21,0,21,0.005021802615374327,0
molecola_28202,22,0,22,0.005095936823636293,0
molecola_28202,23,0,23,0.005847362335771322,0
molecola_28202,24,0,24,0.005229312926530838,0
molecola_28202,25,0,25,0.008653274737298489,0
molecola_28202,26,0,26,0.9891379475593567,1
molecola_28202,27,0,27,0.005317970644682646,0
molecola_28202,28,0,28,0.005013266112655401,0
molecola_2835,1,0,1,0.9724680781364441,1
molecola_2835,2,0,2,0.008616114035248756,0
molecola_2835,3,0,3,0.005285040475428104,0
molecola_2835,4,0,4,0.005513092037290335,0
molecola_2835,5,0,5,0.005005230661481619,0
molecola_2835,6,0,6,0.005020383279770613,0
molecola_2835,7,0,7,0.005018165800720453,0
molecola_2835,8,0,8,0.005366672296077013,0
molecola_2835,9,0,9,0.008743921294808388,0
molecola_2835,10,1,10,0.9896367192268372,1
molecola_28399,1,1,1,0.9898292422294617,1
molecola_28399,2,0,2,0.008567738346755505,0
molecola_28399,3,0,3,0.005401591770350933,0
molecola_28399,4,0,4,0.005341165699064732,0
molecola_28399,5,0,5,0.005112882703542709,0
molecola_28399,6,0,6,0.005477811675518751,0
molecola_28399,7,0,7,0.005177710205316544,0
molecola_28399,8,0,8,0.00557320099323988,0
molecola_28399,9,0,9,0.005151134449988604,0
molecola_28399,10,0,10,0.005207336973398924,0
molecola_28399,11,0,11,0.005065455567091703,0
molecola_28399,12,0,12,0.005291351117193699,0
molecola_28399,13,0,13,0.005034673027694225,0
molecola_28399,14,0,14,0.004969509318470955,0
molecola_28399,15,0,15,0.005356371868401766,0
molecola_28399,16,0,16,0.008648514747619629,0
molecola_28399,17,1,17,0.9896188378334045,1
molecola_28399,18,0,18,0.00526832602918148,0
molecola_28399,19,0,19,0.005091601517051458,0
molecola_28399,20,0,20,0.004947741515934467,0
molecola_2874,1,1,1,0.9689785242080688,1
molecola_2874,2,0,2,0.008780639618635178,0
molecola_2874,3,0,3,0.005235855467617512,0
molecola_2874,4,0,4,0.0053703030571341515,0
molecola_2874,5,0,5,0.004912756849080324,0
molecola_2874,6,0,6,0.004912756849080324,0
molecola_2874,7,0,7,0.005374431144446135,0
molecola_2874,8,0,8,0.004966729786247015,0
molecola_2874,9,0,9,0.005094839259982109,0
molecola_2874,10,0,10,0.004965290427207947,0
molecola_2874,11,0,11,0.005756492726504803,0
molecola_2874,12,0,12,0.005408505909144878,0
molecola_2874,13,0,13,0.005060440395027399,0
molecola_2874,14,0,14,0.005019180476665497,0
molecola_2874,15,0,15,0.005018082447350025,0
molecola_2874,16,0,16,0.0051753828302025795,0
molecola_2874,17,0,17,0.006365950219333172,0
molecola_2874,18,0,18,0.006845476105809212,0
molecola_2874,19,0,19,0.008536534383893013,0
molecola_2874,20,0,20,0.006366221699863672,0
molecola_2874,21,0,21,0.005169430281966925,0
molecola_2874,22,0,22,0.005013889167457819,0
molecola_2874,23,0,23,0.005321796052157879,0
molecola_2874,24,0,24,0.005076280795037746,0
molecola_2874,25,0,25,0.005403146613389254,0
molecola_2874,26,0,26,0.005161556880921125,0
molecola_2874,27,0,27,0.005491393618285656,0
molecola_2874,28,0,28,0.005491393618285656,0
molecola_2874,29,0,29,0.005491393618285656,0
molecola_2874,30,0,30,0.004912756849080324,0
molecola_2874,31,0,31,0.004912756849080324,0
molecola_28984,1,1,1,0.9898269176483154,1
molecola_28984,2,0,2,0.008601662702858448,0
molecola_28984,3,0,3,0.0053667714819312096,0
molecola_28984,4,0,4,0.005014324560761452,0
molecola_28984,5,0,5,0.005115333013236523,0
molecola_28984,6,0,6,0.006162420846521854,0
molecola_28984,7,0,7,0.00627461913973093,0
molecola_28984,8,0,8,0.00610727071762085,0
molecola_28984,9,0,9,0.0054222531616687775,0
molecola_28984,10,0,10,0.005097141023725271,0
molecola_28984,11,0,11,0.005239741411060095,0
molecola_28984,12,0,12,0.005031614098697901,0
molecola_28984,13,0,13,0.00528210774064064,0
molecola_28984,14,0,14,0.008466420695185661,0
molecola_28984,15,0,15,0.9884620904922485,1
molecola_28984,16,0,16,0.005642189644277096,0
molecola_28984,17,0,17,0.005143328104168177,0
molecola_28984,18,0,18,0.005627315957099199,0
molecola_29330,1,0,1,0.006577712018042803,0
molecola_29330,2,0,2,0.008012247271835804,0
molecola_29330,3,0,3,0.008650314062833786,0
molecola_29330,4,0,4,0.005488472990691662,0
molecola_29330,5,0,5,0.006212598644196987,0
molecola_29330,6,0,6,0.006284905597567558,0
molecola_29330,7,0,7,0.005698756314814091,0
molecola_29330,8,0,8,0.005299802869558334,0
molecola_29330,9,0,9,0.00500026298686862,0
molecola_29330,10,0,10,0.00497544975951314,0
molecola_29330,11,0,11,0.005055134650319815,0
molecola_29330,12,0,12,0.005577335599809885,0
molecola_29330,13,0,13,0.007772696204483509,0
molecola_29330,14,0,14,0.8841921091079712,1
molecola_29330,15,0,15,0.007197743281722069,0
molecola_29330,16,0,16,0.007733192760497332,0
molecola_29330,17,0,17,0.8851790428161621,1
molecola_29330,18,0,18,0.005265648011118174,0
molecola_29330,19,0,19,0.005198008380830288,0
molecola_29330,20,0,20,0.0053140148520469666,0
molecola_29330,21,0,21,0.005488472990691662,0
molecola_29330,22,0,22,0.008650314062833786,0
molecola_29330,23,0,23,0.008012247271835804,0
molecola_29330,24,0,24,0.006577712018042803,0
molecola_29330,25,0,25,0.01720484159886837,0
molecola_29330,26,1,26,0.9870544075965881,1
molecola_29390,1,1,1,0.9898269176483154,1
molecola_29390,2,0,2,0.00859107170253992,0
molecola_29390,3,0,3,0.00535639189183712,0
molecola_29390,4,0,4,0.004963674582540989,0
molecola_29390,5,0,5,0.004995081573724747,0
molecola_29390,6,0,6,0.004890283104032278,0
molecola_29390,7,0,7,0.004947366192936897,0
molecola_29390,8,0,8,0.004967528861016035,0
molecola_29390,9,0,9,0.005017808638513088,0
molecola_29390,10,0,10,0.005287341773509979,0
molecola_29444,1,0,1,0.005423842929303646,0
molecola_29444,2,0,2,0.005126680713146925,0
molecola_29444,3,0,3,0.005040461663156748,0
molecola_29444,4,0,4,0.004806872922927141,0
molecola_29444,5,0,5,0.004704115446656942,0
molecola_29444,6,0,6,0.005164694972336292,0
molecola_29444,7,0,7,0.005959644913673401,0
molecola_29444,8,0,8,0.005224631633609533,0
molecola_29444,9,0,9,0.005215148441493511,0
molecola_29444,10,0,10,0.005968801211565733,0
molecola_29444,11,0,11,0.00513480743393302,0
molecola_29444,12,0,12,0.004981445148587227,0
molecola_29444,13,0,13,0.005301902536302805,0
molecola_29444,14,0,14,0.00899407360702753,0
molecola_29444,15,0,15,0.8932763338088989,1
molecola_29444,16,0,16,0.010079370811581612,0
molecola_29444,17,1,17,0.989083468914032,1
molecola_29444,18,0,18,0.005318197421729565,0
molecola_29663,1,0,1,0.0069412109442055225,0
molecola_29663,2,0,2,0.006748647894710302,0
molecola_29663,3,0,3,0.006444437894970179,0
molecola_29663,4,0,4,0.006691281683743,0
molecola_29663,5,0,5,0.005018608644604683,0
molecola_29663,6,0,6,0.005158404354006052,0
molecola_29663,7,0,7,0.005269840359687805,0
molecola_29663,8,0,8,0.00573102617636323,0
molecola_29663,9,0,9,0.00885828398168087,0
molecola_29663,10,1,10,0.9893442988395691,1
molecola_29663,11,0,11,0.005366618745028973,0
molecola_29663,12,0,12,0.005015128757804632,0
molecola_29663,13,0,13,0.004985284525901079,0
molecola_29663,14,0,14,0.005159980617463589,0
molecola_29663,15,0,15,0.004956157878041267,0
molecola_29663,16,0,16,0.004843667149543762,0
molecola_29663,17,0,17,0.004866745322942734,0
molecola_29663,18,0,18,0.0053555783815681934,0
molecola_29663,19,0,19,0.004842189606279135,0
molecola_29663,20,0,20,0.004963862709701061,0
molecola_29663,21,0,21,0.009135927073657513,0
molecola_29663,22,0,22,0.008489464409649372,0
molecola_29663,23,0,23,0.8855941295623779,1
molecola_29663,24,0,24,0.004633571952581406,0
molecola_29663,25,0,25,0.004767166450619698,0
molecola_29663,26,0,26,0.004795103333890438,0
molecola_30074,1,0,1,0.005717364605516195,0
molecola_30074,2,0,2,0.005363491829484701,0
molecola_30074,3,0,3,0.005717364605516195,0
molecola_30074,4,0,4,0.005717364605516195,0
molecola_30074,5,0,5,0.005343922413885593,0
molecola_30074,6,0,6,0.005084068048745394,0
molecola_30074,7,0,7,0.0059338840655982494,0
molecola_30074,8,0,8,0.006153685972094536,0
molecola_30074,9,0,9,0.0092576639726758,0
molecola_30074,10,1,10,0.9893355965614319,1
molecola_30074,11,0,11,0.005723355803638697,0
molecola_30074,12,0,12,0.006603896152228117,0
molecola_30074,13,0,13,0.010379842482507229,0
molecola_30074,14,0,14,0.005012005567550659,0
molecola_30935,1,0,1,0.9898244738578796,1
molecola_30935,2,0,2,0.008622796274721622,0
molecola_30935,3,0,3,0.005358246620744467,0
molecola_30935,4,0,4,0.005024335812777281,0
molecola_30935,5,0,5,0.0053531816229224205,0
molecola_30935,6,0,6,0.005104821640998125,0
molecola_30935,7,0,7,0.005102415103465319,0
molecola_30935,8,0,8,0.005611822009086609,0
molecola_30935,9,0,9,0.005399845074862242,0
molecola_30935,10,0,10,0.008617344312369823,0
molecola_30935,11,0,11,0.9898292422294617,1
molecola_30935,12,0,12,0.006666739005595446,0
molecola_30935,13,0,13,0.010524358600378036,0
molecola_30935,14,1,14,0.9890446662902832,1
molecola_30935,15,0,15,0.01145339384675026,0
molecola_30935,16,0,16,0.9882848262786865,1
molecola_30935,17,0,17,0.005024335812777281,0
molecola_30935,18,0,18,0.005358246620744467,0
molecola_30967,1,0,1,0.0057942308485507965,0
molecola_30967,2,0,2,0.005923958029597998,0
molecola_30967,3,0,3,0.005783278029412031,0
molecola_30967,4,0,4,0.005450407043099403,0
molecola_30967,5,0,5,0.005067385267466307,0
molecola_30967,6,0,6,0.005236342549324036,0
molecola_30967,7,0,7,0.005010415334254503,0
molecola_30967,8,0,8,0.0053733582608401775,0
molecola_30967,9,0,9,0.005314924288541079,0
molecola_30967,10,0,10,0.007696946617215872,0
molecola_30967,11,0,11,0.010571959428489208,0
molecola_30967,12,0,12,0.007321877405047417,0
molecola_30967,13,0,13,0.009775281883776188,0
molecola_30967,14,0,14,0.008537466637790203,0
molecola_30967,15,0,15,0.008537466637790203,0
molecola_30967,16,0,16,0.0052523077465593815,0
molecola_30967,17,0,17,0.0052206083200871944,0
molecola_30967,18,0,18,0.005323805380612612,0
molecola_30967,19,0,19,0.010080679319798946,0
molecola_30967,20,1,20,0.9480841755867004,1
molecola_30967,21,0,21,0.00537101412191987,0
molecola_30967,22,0,22,0.004997295793145895,0
molecola_30967,23,0,23,0.005359375383704901,0
molecola_30967,24,0,24,0.008622796274721622,0
molecola_30967,25,1,25,0.9898244738578796,1
molecola_30967,26,0,26,0.005359375383704901,0
molecola_30967,27,0,27,0.004997295793145895,0
molecola_3123,1,1,1,0.9891284108161926,1
molecola_3123,2,0,2,0.009748709388077259,0
molecola_3123,3,0,3,0.00533335842192173,0
molecola_3123,4,0,4,0.005092997569590807,0
molecola_3123,5,0,5,0.005083947442471981,0
molecola_3123,6,0,6,0.004989288281649351,0
molecola_3123,7,0,7,0.005227465182542801,0
molecola_3123,8,0,8,0.00848175399005413,0
molecola_3123,9,0,9,0.014902975410223007,0
molecola_3123,10,0,10,0.007541724946349859,0
molecola_3123,11,0,11,0.005227353423833847,0
molecola_3123,12,0,12,0.004989288281649351,0
molecola_3123,13,0,13,0.005094549153000116,0
molecola_3123,14,0,14,0.005083947442471981,0
molecola_3123,15,0,15,0.0049709477461874485,0
molecola_3123,16,0,16,0.00523771345615387,0
molecola_3123,17,0,17,0.005071842111647129,0
molecola_3124,1,0,1,0.005396248307079077,0
molecola_3124,2,0,2,0.004921013955026865,0
molecola_3124,3,0,3,0.004846327006816864,0
molecola_3124,4,0,4,0.00476524792611599,0
molecola_3124,5,0,5,0.004748252220451832,0
molecola_3124,6,0,6,0.004750912077724934,0
molecola_3124,7,0,7,0.0047386265359818935,0
molecola_3124,8,0,8,0.004769922699779272,0
molecola_3124,9,0,9,0.004718927200883627,0
molecola_3124,10,0,10,0.0050809793174266815,0
molecola_3124,11,0,11,0.004979809280484915,0
molecola_3124,12,0,12,0.005358350928872824,0
molecola_3124,13,0,13,0.008603561669588089,0
molecola_3124,14,1,14,0.9898269176483154,1
molecola_3124,15,0,15,0.005358818452805281,0
molecola_3124,16,0,16,0.0051897987723350525,0
molecola_3124,17,0,17,0.005734437145292759,0
molecola_3124,18,0,18,0.010069731622934341,0
molecola_31250,1,0,1,0.005245264153927565,0
molecola_31250,2,0,2,0.005280772689729929,0
molecola_31250,3,0,3,0.0048917061649262905,0
molecola_31250,4,0,4,0.004880042281001806,0
molecola_31250,5,0,5,0.004864895716309547,0
molecola_31250,6,0,6,0.005230136215686798,0
molecola_31250,7,0,7,0.0054086800664663315,0
molecola_31250,8,0,8,0.008406758308410645,0
molecola_31250,9,0,9,0.9604801535606384,1
molecola_31250,10,0,10,0.005119246430695057,0
molecola_31250,11,0,11,0.005133769940584898,0
molecola_31250,12,0,12,0.006536911241710186,0
molecola_31250,13,0,13,0.006544787436723709,0
molecola_31250,14,0,14,0.009167141281068325,0
molecola_31250,15,1,15,0.9891344308853149,1
molecola_31250,16,0,16,0.005358144640922546,0
molecola_31250,17,0,17,0.0049792565405368805,0
molecola_31250,18,0,18,0.0051155127584934235,0
molecola_31250,19,0,19,0.004858415573835373,0
molecola_31250,20,0,20,0.005268595647066832,0
molecola_31393,1,0,1,0.006577718071639538,0
molecola_31393,2,0,2,0.008000719361007214,0
molecola_31393,3,0,3,0.007631929125636816,0
molecola_31393,4,0,4,0.005226748529821634,0
molecola_31393,5,0,5,0.0049787419848144054,0
molecola_31393,6,0,6,0.005141325294971466,0
molecola_31393,7,0,7,0.004662287421524525,0
molecola_31393,8,0,8,0.004853894468396902,0
molecola_31393,9,0,9,0.005357616115361452,0
molecola_31393,10,0,10,0.006499821785837412,0
molecola_31393,11,0,11,0.005970417056232691,0
molecola_31393,12,0,12,0.005453620571643114,0
molecola_31393,13,0,13,0.005240501835942268,0
molecola_31393,14,0,14,0.004977971315383911,0
molecola_31393,15,0,15,0.005359163973480463,0
molecola_31393,16,0,16,0.008638961240649223,0
molecola_31393,17,1,17,0.9898269176483154,1
molecola_31393,18,0,18,0.006721036974340677,0
molecola_31393,19,0,19,0.008625906892120838,0
molecola_31393,20,1,20,0.9896161556243896,1
molecola_31689,1,0,1,0.005516256671398878,0
molecola_31689,2,0,2,0.0064569804817438126,0
molecola_31689,3,0,3,0.005516256671398878,0
molecola_31689,4,0,4,0.006306955125182867,0
molecola_31689,5,0,5,0.0051744128577411175,0
molecola_31689,6,0,6,0.004970216657966375,0
molecola_31689,7,0,7,0.005024221260100603,0
molecola_31689,8,0,8,0.004970216657966375,0
molecola_31689,9,0,9,0.0051744128577411175,0
molecola_31689,10,0,10,0.00502820173278451,0
molecola_31689,11,0,11,0.004932117182761431,0
molecola_31689,12,0,12,0.005034204572439194,0
molecola_31689,13,0,13,0.004969561472535133,0
molecola_31689,14,0,14,0.005356411915272474,0
molecola_31689,15,0,15,0.008587096817791462,0
molecola_31689,16,1,16,0.9898269176483154,1
molecola_31689,17,0,17,0.005316417198628187,0
molecola_31689,18,0,18,0.005139715503901243,0
molecola_31689,19,0,19,0.005629819352179766,0
molecola_31689,20,0,20,0.005278315860778093,0
molecola_31689,21,0,21,0.0076103731989860535,0
molecola_31782,1,0,1,0.005550619680434465,0
molecola_31782,2,0,2,0.005198523867875338,0
molecola_31782,3,0,3,0.009017453528940678,0
molecola_31782,4,1,4,0.9704398512840271,1
molecola_31782,5,0,5,0.0048242905177176,0
molecola_31782,6,0,6,0.004695311654359102,0
molecola_31782,7,0,7,0.004999781027436256,0
molecola_31782,8,0,8,0.005076907575130463,0
molecola_31782,9,0,9,0.004696432966738939,0
molecola_31782,10,0,10,0.004739849828183651,0
molecola_31782,11,0,11,0.0046920329332351685,0
molecola_31782,12,0,12,0.004755319561809301,0
molecola_31782,13,0,13,0.0047153630293905735,0
molecola_31782,14,0,14,0.00473651522770524,0
molecola_31782,15,0,15,0.004719403572380543,0
molecola_31782,16,0,16,0.004722202196717262,0
molecola_31782,17,0,17,0.005382675211876631,0
molecola_31782,18,0,18,0.006257733330130577,0
molecola_31782,19,0,19,0.005899813026189804,0
molecola_31782,20,0,20,0.005479180719703436,0
molecola_31782,21,0,21,0.005034176167100668,0
molecola_31782,22,0,22,0.005452966317534447,0
molecola_32091,1,0,1,0.006064924877136946,0
molecola_32091,2,0,2,0.00595519132912159,0
molecola_32091,3,0,3,0.006009833887219429,0
molecola_32091,4,0,4,0.005827129352837801,0
molecola_32091,5,0,5,0.005877587478607893,0
molecola_32091,6,0,6,0.005965687334537506,0
molecola_32091,7,0,7,0.006145077757537365,0
molecola_32091,8,0,8,0.005924477241933346,0
molecola_32091,9,0,9,0.0063949706964194775,0
molecola_32091,10,0,10,0.005298415664583445,0
molecola_32091,11,0,11,0.005318416748195887,0
molecola_32091,12,0,12,0.005012007895857096,0
molecola_32091,13,0,13,0.005359407979995012,0
molecola_32091,14,0,14,0.00877747405320406,0
molecola_32091,15,1,15,0.9896476864814758,1
molecola_32091,16,0,16,0.005629533436149359,0
molecola_32091,17,0,17,0.005307243671268225,0
molecola_3215,1,0,1,0.006577712018042803,0
molecola_3215,2,0,2,0.007999962195754051,0
molecola_3215,3,0,3,0.007793131750077009,0
molecola_3215,4,0,4,0.0052343676798045635,0
molecola_3215,5,0,5,0.0050182039849460125,0
molecola_3215,6,0,6,0.005019180476665497,0
molecola_3215,7,0,7,0.005060130264610052,0
molecola_3215,8,0,8,0.005445156712085009,0
molecola_3215,9,0,9,0.0057325586676597595,0
molecola_3215,10,0,10,0.004886595066636801,0
molecola_3215,11,0,11,0.004906539339572191,0
molecola_3215,12,0,12,0.005369455087929964,0
molecola_3215,13,0,13,0.005239144898951054,0
molecola_3215,14,0,14,0.011236770078539848,0
molecola_3215,15,1,15,0.9528923034667969,1
molecola_3215,16,0,16,0.007957477122545242,0
molecola_3215,17,0,17,0.01024308055639267,0
molecola_3215,18,0,18,0.007631365675479174,0
molecola_3215,19,0,19,0.005224933847784996,0
molecola_3215,20,0,20,0.004969900473952293,0
molecola_3215,21,0,21,0.005025077611207962,0
molecola_3215,22,0,22,0.004969900473952293,0
molecola_3215,23,0,23,0.005224933847784996,0
molecola_3215,24,0,24,0.005028285086154938,0
molecola_3215,25,0,25,0.005147177260369062,0
molecola_3215,26,0,26,0.0052902065217494965,0
molecola_3215,27,0,27,0.004943348933011293,0
molecola_3215,28,0,28,0.005150564946234226,0
molecola_3215,29,0,29,0.007136370055377483,0
molecola_3215,30,0,30,0.0051450482569634914,0
molecola_3215,31,0,31,0.0049555180594325066,0
molecola_3215,32,0,32,0.005071758292615414,0
molecola_3215,33,0,33,0.005678840447217226,0
molecola_3215,34,0,34,0.004906539339572191,0
molecola_3215,35,0,35,0.004886595066636801,0
molecola_32565,1,0,1,0.008222946897149086,0
molecola_32565,2,0,2,0.008388536982238293,0
molecola_32565,3,1,3,0.970767617225647,1
molecola_33149,1,0,1,0.005467300768941641,0
molecola_33149,2,0,2,0.007119267713278532,0
molecola_33149,3,0,3,0.006276596803218126,0
molecola_33149,4,0,4,0.0051717995665967464,0
molecola_33149,5,0,5,0.005354801192879677,0
molecola_33149,6,0,6,0.008622796274721622,0
molecola_33149,7,1,7,0.9898244738578796,1
molecola_33149,8,0,8,0.005354801192879677,0
molecola_33149,9,0,9,0.0051717995665967464,0
molecola_33149,10,0,10,0.006171325221657753,0
molecola_33149,11,0,11,0.0054811169393360615,0
molecola_33149,12,0,12,0.005159290507435799,0
molecola_33149,13,0,13,0.005275475326925516,0
molecola_33149,14,0,14,0.005224448163062334,0
molecola_33149,15,0,15,0.005057300440967083,0
molecola_33149,16,0,16,0.004978708457201719,0
molecola_33149,17,0,17,0.005018872674554586,0
molecola_33149,18,0,18,0.005019213538616896,0
molecola_33149,19,0,19,0.00497181573882699,0
molecola_33149,20,0,20,0.0051486375741660595,0
molecola_33263,1,1,1,0.9897876977920532,1
molecola_33263,2,0,2,0.008663645945489407,0
molecola_33263,3,0,3,0.005355715751647949,0
molecola_33263,4,0,4,0.004972811322659254,0
molecola_33263,5,0,5,0.0050627379678189754,0
molecola_33263,6,0,6,0.005236923228949308,0
molecola_33263,7,0,7,0.005464742425829172,0
molecola_33263,8,0,8,0.005025623366236687,0
molecola_33263,9,0,9,0.0049595218151807785,0
molecola_33263,10,0,10,0.0053386809304356575,0
molecola_33263,11,0,11,0.005201728083193302,0
molecola_33263,12,0,12,0.007404808886349201,0
molecola_33263,13,0,13,0.005025649908930063,0
molecola_33263,14,0,14,0.004932851996272802,0
molecola_33263,15,0,15,0.005018668249249458,0
molecola_33263,16,0,16,0.004973188973963261,0
molecola_33263,17,0,17,0.005019213538616896,0
molecola_33263,18,0,18,0.005020299460738897,0
molecola_33263,19,0,19,0.004998929798603058,0
molecola_33263,20,0,20,0.005125630181282759,0
molecola_33263,21,0,21,0.0050711301155388355,0
molecola_33263,22,0,22,0.005678840447217226,0
molecola_33263,23,0,23,0.005026825238019228,0
molecola_33263,24,0,24,0.004978137090802193,0
molecola_33263,25,0,25,0.005019070580601692,0
molecola_33263,26,0,26,0.005023487377911806,0
molecola_33263,27,0,27,0.005019070580601692,0
molecola_33263,28,0,28,0.004978137090802193,0
molecola_33313,1,0,1,0.004950897768139839,0
molecola_33313,2,0,2,0.005201471503823996,0
molecola_33313,3,0,3,0.005230352282524109,0
molecola_33313,4,0,4,0.004948289133608341,0
molecola_33313,5,0,5,0.008015348576009274,0
molecola_33313,6,0,6,0.9525212645530701,1
molecola_33313,7,0,7,0.005337604787200689,0
molecola_33313,8,0,8,0.005209266673773527,0
molecola_33313,9,0,9,0.004950991831719875,0
molecola_33313,10,0,10,0.008169409818947315,0
molecola_33313,11,1,11,0.9520283937454224,1
molecola_33313,12,0,12,0.004836719483137131,0
molecola_33313,13,0,13,0.005073668900877237,0
molecola_33313,14,0,14,0.005086353048682213,0
molecola_33313,15,0,15,0.0050696986727416515,0
molecola_33313,16,0,16,0.005086458753794432,0
molecola_33313,17,0,17,0.005203460343182087,0
molecola_33313,18,0,18,0.00860252883285284,0
molecola_33313,19,0,19,0.00856446661055088,0
molecola_33313,20,0,20,0.00856446661055088,0
molecola_33313,21,0,21,0.0052645341493189335,0
molecola_33313,22,0,22,0.005029387306421995,0
molecola_33313,23,0,23,0.00502046849578619,0
molecola_33313,24,0,24,0.005023487377911806,0
molecola_33313,25,0,25,0.00502046849578619,0
molecola_33313,26,0,26,0.005029387306421995,0
molecola_33345,1,0,1,0.005157269071787596,0
molecola_33345,2,0,2,0.0054978299885988235,0
molecola_33345,3,0,3,0.006003433372825384,0
molecola_33345,4,0,4,0.00539772491902113,0
molecola_33345,5,0,5,0.005211547948420048,0
molecola_33345,6,0,6,0.00529159652069211,0
molecola_33345,7,0,7,0.004943794570863247,0
molecola_33345,8,0,8,0.0051568434573709965,0
molecola_33345,9,0,9,0.0071368468925356865,0
molecola_33345,10,0,10,0.005221373867243528,0
molecola_33345,11,0,11,0.005061837378889322,0
molecola_33345,12,0,12,0.004979507066309452,0
molecola_33345,13,0,13,0.004978999495506287,0
molecola_33345,14,0,14,0.0052462415769696236,0
molecola_33345,15,0,15,0.005596056580543518,0
molecola_33345,16,0,16,0.005145365837961435,0
molecola_33345,17,0,17,0.004991007037460804,0
molecola_33345,18,0,18,0.005013677757233381,0
molecola_33345,19,0,19,0.005366608966141939,0
molecola_33345,20,0,20,0.008558856323361397,0
molecola_33345,21,1,21,0.9893352389335632,1
molecola_33345,22,0,22,0.00536919804289937,0
molecola_33345,23,0,23,0.005219598300755024,0
molecola_3379,1,0,1,0.005153791047632694,0
molecola_3379,2,0,2,0.005320947617292404,0
molecola_3379,3,0,3,0.005040525924414396,0
molecola_3379,4,0,4,0.005356234032660723,0
molecola_3379,5,0,5,0.0050244457088410854,0
molecola_3379,6,0,6,0.005358246620744467,0
molecola_3379,7,0,7,0.008622796274721622,0
molecola_3379,8,1,8,0.9898244738578796,1
molecola_3379,9,0,9,0.005358246620744467,0
molecola_3379,10,0,10,0.0050244457088410854,0
molecola_3379,11,0,11,0.005399512592703104,0
molecola_3379,12,0,12,0.005598230287432671,0
molecola_3379,13,0,13,0.005345998797565699,0
molecola_3379,14,0,14,0.005462449509650469,0
molecola_3379,15,0,15,0.0061875926330685616,0
molecola_3379,16,0,16,0.0054410602897405624,0
molecola_3379,17,0,17,0.005075532011687756,0
molecola_3379,18,0,18,0.008634482510387897,0
molecola_3379,19,0,19,0.00854778103530407,0
molecola_3379,20,0,20,0.00854778103530407,0
molecola_3379,21,0,21,0.00506384763866663,0
molecola_3379,22,0,22,0.006006678566336632,0
molecola_33896,1,1,1,0.9898244738578796,1
molecola_33896,2,0,2,0.008622796274721622,0
molecola_33896,3,0,3,0.005354141816496849,0
molecola_33896,4,0,4,0.0052225603722035885,0
molecola_33896,5,0,5,0.00763138709589839,0
molecola_33896,6,0,6,0.010937921702861786,0
molecola_33896,7,0,7,0.006984842009842396,0
molecola_33896,8,0,8,0.005344069097191095,0
molecola_33896,9,0,9,0.005002652294933796,0
molecola_33896,10,0,10,0.005003274418413639,0
molecola_33896,11,0,11,0.005221435334533453,0
molecola_33896,12,0,12,0.004992139060050249,0
molecola_33896,13,0,13,0.0052232141606509686,0
molecola_33896,14,0,14,0.006524223834276199,0
molecola_33896,15,0,15,0.010668081231415272,0
molecola_33896,16,0,16,0.011800125241279602,0
molecola_33896,17,0,17,0.00696949940174818,0
molecola_33896,18,0,18,0.005806822329759598,0
molecola_33896,19,0,19,0.0067670452408492565,0
molecola_33896,20,0,20,0.005806822329759598,0
molecola_33896,21,0,21,0.00696949940174818,0
molecola_33896,22,0,22,0.005003274418413639,0
molecola_33896,23,0,23,0.005002652294933796,0
molecola_33896,24,0,24,0.0052225603722035885,0
molecola_33896,25,0,25,0.005354141816496849,0
molecola_35504,1,0,1,0.005395252723246813,0
molecola_35504,2,0,2,0.004853074438869953,0
molecola_35504,3,0,3,0.004847113508731127,0
molecola_35504,4,0,4,0.004982059355825186,0
molecola_35504,5,0,5,0.008480907417833805,0
molecola_35504,6,1,6,0.9598737955093384,1
molecola_35504,7,0,7,0.0049345772713422775,0
molecola_35504,8,0,8,0.004705687519162893,0
molecola_35504,9,0,9,0.004672696813941002,0
molecola_35504,10,0,10,0.00472805742174387,0
molecola_35504,11,0,11,0.004658250603824854,0
molecola_35504,12,0,12,0.004833222832530737,0
molecola_35504,13,0,13,0.004705539904534817,0
molecola_35504,14,0,14,0.0047636316157877445,0
molecola_35504,15,0,15,0.00485750287771225,0
molecola_35504,16,0,16,0.004922384396195412,0
molecola_35504,17,0,17,0.005428125150501728,0
molecola_35504,18,0,18,0.004699034616351128,0
molecola_35504,19,0,19,0.004826152231544256,0
molecola_35504,20,0,20,0.004720902536064386,0
molecola_35504,21,0,21,0.0047425501979887486,0
molecola_35504,22,0,22,0.005257235374301672,0
molecola_35504,23,0,23,0.004892497323453426,0
molecola_35504,24,0,24,0.004737409763038158,0
molecola_35504,25,0,25,0.005409585777670145,0
molecola_35504,26,0,26,0.00625890726223588,0
molecola_35504,27,0,27,0.00598231190815568,0
molecola_36057,1,0,1,0.005300921853631735,0
molecola_36057,2,0,2,0.0051641263999044895,0
molecola_36057,3,0,3,0.004969457164406776,0
molecola_36057,4,0,4,0.005004731938242912,0
molecola_36057,5,0,5,0.005163548048585653,0
molecola_36057,6,0,6,0.005084987264126539,0
molecola_36057,7,0,7,0.007525752764195204,0
molecola_36057,8,0,8,0.014478064142167568,0
molecola_36057,9,0,9,0.0074414946138858795,0
molecola_36057,10,0,10,0.005587089341133833,0
molecola_36057,11,0,11,0.005104211159050465,0
molecola_36057,12,0,12,0.005270855501294136,0
molecola_36057,13,0,13,0.005374933127313852,0
molecola_36057,14,0,14,0.005334246903657913,0
molecola_36057,15,0,15,0.008752331137657166,0
molecola_36057,16,1,16,0.9896408915519714,1
molecola_36057,17,0,17,0.005434249993413687,0
molecola_36057,18,0,18,0.005304437596350908,0
molecola_36057,19,0,19,0.005231593269854784,0
molecola_36057,20,0,20,0.0052248272113502026,0
molecola_36057,21,0,21,0.004963782615959644,0
molecola_36057,22,0,22,0.004990765824913979,0
molecola_36057,23,0,23,0.0049039744772017,0
molecola_36065,1,0,1,0.0049447002820670605,0
molecola_36065,2,0,2,0.005000409670174122,0
molecola_36065,3,0,3,0.004921286832541227,0
molecola_36065,4,0,4,0.004720579832792282,0
molecola_36065,5,0,5,0.005229446571320295,0
molecola_36065,6,0,6,0.005828731693327427,0
molecola_36065,7,0,7,0.005383015144616365,0
molecola_36065,8,0,8,0.006248144898563623,0
molecola_36065,9,0,9,0.005022162571549416,0
molecola_36065,10,0,10,0.008504758588969707,0
molecola_36065,11,1,11,0.9617606401443481,1
molecola_36065,12,0,12,0.00485133845359087,0
molecola_36065,13,0,13,0.004708444233983755,0
molecola_36065,14,0,14,0.0046956283040344715,0
molecola_36065,15,0,15,0.005079797934740782,0
molecola_36065,16,0,16,0.006393959280103445,0
molecola_36065,17,0,17,0.00696934387087822,0
molecola_36065,18,0,18,0.005777227226644754,0
molecola_36065,19,0,19,0.006890991702675819,0
molecola_36065,20,0,20,0.006426817737519741,0
molecola_36065,21,0,21,0.010392756201326847,0
molecola_36065,22,0,22,0.8686675429344177,1
molecola_36065,23,0,23,0.014075149782001972,0
molecola_36065,24,0,24,0.250569224357605,0
molecola_36065,25,0,25,0.018442513421177864,0
molecola_36065,26,0,26,0.2675447463989258,0
molecola_36065,27,0,27,0.014105190522968769,0
molecola_36065,28,0,28,0.2520993649959564,0
molecola_36065,29,0,29,0.00504150940105319,0
molecola_36065,30,0,30,0.005965435411781073,0
molecola_36065,31,0,31,0.004950596950948238,0
molecola_36352,1,0,1,0.005524334963411093,0
molecola_36352,2,0,2,0.006078020203858614,0
molecola_36352,3,0,3,0.005610763095319271,0
molecola_36352,4,0,4,0.005828264635056257,0
molecola_36352,5,0,5,0.0058110738173127174,0
molecola_36352,6,0,6,0.005746409296989441,0
molecola_36352,7,0,7,0.0061446260660886765,0
molecola_36352,8,0,8,0.005193433724343777,0
molecola_36352,9,0,9,0.005511424969881773,0
molecola_36352,10,0,10,0.005265275482088327,0
molecola_36352,11,0,11,0.004954526200890541,0
molecola_36352,12,0,12,0.004970152862370014,0
molecola_36352,13,0,13,0.0051863291300833225,0
molecola_36352,14,0,14,0.00506060803309083,0
molecola_36352,15,0,15,0.005027662497013807,0
molecola_36352,16,0,16,0.004969695582985878,0
molecola_36352,17,0,17,0.005356411915272474,0
molecola_36352,18,0,18,0.008622796274721622,0
molecola_36352,19,1,19,0.9898244738578796,1
molecola_36352,20,0,20,0.005356411915272474,0
molecola_36352,21,0,21,0.004969695582985878,0
molecola_36853,1,1,1,0.9898244738578796,1
molecola_36853,2,0,2,0.008622796274721622,0
molecola_36853,3,0,3,0.005359278526157141,0
molecola_36853,4,0,4,0.004999496508389711,0
molecola_36853,5,0,5,0.005348103120923042,0
molecola_36853,6,0,6,0.006891285534948111,0
molecola_36853,7,0,7,0.01300591416656971,0
molecola_36853,8,0,8,0.008268137462437153,0
molecola_36853,9,0,9,0.0061410716734826565,0
molecola_36853,10,0,10,0.006128665991127491,0
molecola_36853,11,0,11,0.005412593018263578,0
molecola_36853,12,0,12,0.005225192289799452,0
molecola_36853,13,0,13,0.005349465645849705,0
molecola_36853,14,0,14,0.005032163113355637,0
molecola_36853,15,0,15,0.005015124101191759,0
molecola_36853,16,0,16,0.0053201704286038876,0
molecola_36853,17,0,17,0.009469727985560894,0
molecola_36853,18,0,18,0.005368523299694061,0
molecola_36853,19,0,19,0.07261032611131668,0
molecola_36853,20,0,20,0.017361121252179146,0
molecola_36853,21,0,21,0.017361121252179146,0
molecola_36853,22,0,22,0.01894974149763584,0
molecola_36853,23,0,23,0.006654889322817326,0
molecola_36853,24,0,24,0.005115983076393604,0
molecola_36853,25,0,25,0.005019103642553091,0
molecola_36853,26,0,26,0.005023487377911806,0
molecola_36853,27,0,27,0.005019103642553091,0
molecola_36853,28,0,28,0.005115983076393604,0
molecola_36853,29,0,29,0.004999496508389711,0
molecola_36853,30,0,30,0.005359278526157141,0
molecola_38190,1,0,1,0.005323684308677912,0
molecola_38190,2,0,2,0.005223895888775587,0
molecola_38190,3,0,3,0.005019580014050007,0
molecola_38190,4,0,4,0.005016323644667864,0
molecola_38190,5,0,5,0.005115097388625145,0
molecola_38190,6,0,6,0.006188885774463415,0
molecola_38190,7,0,7,0.006305750459432602,0
molecola_38190,8,0,8,0.00625976175069809,0
molecola_38190,9,0,9,0.005114995874464512,0
molecola_38190,10,0,10,0.005019123200327158,0
molecola_38190,11,0,11,0.005019727628678083,0
molecola_38190,12,0,12,0.0050653135403990746,0
molecola_38190,13,0,13,0.005627516191452742,0
molecola_38190,14,0,14,0.009045710787177086,0
molecola_38190,15,0,15,0.00883114617317915,0
molecola_38190,16,0,16,0.00883114617317915,0
molecola_38190,17,0,17,0.005648506339639425,0
molecola_38190,18,0,18,0.00865174550563097,0
molecola_38190,19,1,19,0.9728083610534668,1
molecola_39704,1,1,1,0.9898292422294617,1
molecola_39704,2,0,2,0.008572936989367008,0
molecola_39704,3,0,3,0.005384179297834635,0
molecola_39704,4,0,4,0.005255856551229954,0
molecola_39704,5,0,5,0.005515351425856352,0
molecola_39704,6,0,6,0.005166537128388882,0
molecola_39704,7,0,7,0.005570891313254833,0
molecola_39704,8,0,8,0.005082276184111834,0
molecola_39704,9,0,9,0.004953111056238413,0
molecola_39704,10,0,10,0.005029382184147835,0
molecola_39704,11,0,11,0.0052865492179989815,0
molecola_39704,12,0,12,0.004782157018780708,0
molecola_39704,13,0,13,0.004736620932817459,0
molecola_39704,14,0,14,0.0049104453064501286,0
molecola_39704,15,0,15,0.005160433240234852,0
molecola_39704,16,0,16,0.0049104453064501286,0
molecola_39704,17,0,17,0.004736620932817459,0
molecola_40169,1,0,1,0.0068512167781591415,0
molecola_40169,2,0,2,0.007670747581869364,0
molecola_40169,3,0,3,0.007883965037763119,0
molecola_40169,4,0,4,0.005604753270745277,0
molecola_40169,5,0,5,0.005137663334608078,0
molecola_40169,6,0,6,0.005231575574725866,0
molecola_40169,7,0,7,0.005032578483223915,0
molecola_40169,8,0,8,0.004894800949841738,0
molecola_40169,9,0,9,0.004947206471115351,0
molecola_40169,10,0,10,0.004964611958712339,0
molecola_40169,11,0,11,0.005101364571601152,0
molecola_40169,12,0,12,0.006278557237237692,0
molecola_40169,13,0,13,0.0058556511066854,0
molecola_40169,14,0,14,0.005077181849628687,0
molecola_40169,15,0,15,0.004689439199864864,0
molecola_40169,16,0,16,0.004730092827230692,0
molecola_40169,17,0,17,0.004685803782194853,0
molecola_40169,18,0,18,0.004730092827230692,0
molecola_40169,19,0,19,0.004689439199864864,0
molecola_40169,20,0,20,0.004946572706103325,0
molecola_40169,21,0,21,0.008793029002845287,0
molecola_40169,22,1,22,0.9763913750648499,1
molecola_40169,23,0,23,0.004959752317517996,0
molecola_40169,24,0,24,0.004946572706103325,0
molecola_40977,1,0,1,0.008831550367176533,0
molecola_40977,2,0,2,0.008955830708146095,0
molecola_40977,3,0,3,0.008831550367176533,0
molecola_40977,4,0,4,0.005427162162959576,0
molecola_40977,5,0,5,0.005013563204556704,0
molecola_40977,6,0,6,0.005058200564235449,0
molecola_40977,7,0,7,0.005246742628514767,0
molecola_40977,8,0,8,0.005097740329802036,0
molecola_40977,9,0,9,0.005344490520656109,0
molecola_40977,10,0,10,0.00502625061199069,0
molecola_40977,11,0,11,0.004969688132405281,0
molecola_40977,12,0,12,0.005356371868401766,0
molecola_40977,13,0,13,0.008666529320180416,0
molecola_40977,14,1,14,0.989624559879303,1
molecola_40977,15,0,15,0.005322217009961605,0
molecola_40977,16,0,16,0.005071885418146849,0
molecola_40977,17,0,17,0.004950912203639746,0
molecola_41029,1,0,1,0.006577714346349239,0
molecola_41029,2,0,2,0.007985693402588367,0
molecola_41029,3,0,3,0.00879199430346489,0
molecola_41029,4,0,4,0.00979892909526825,0
molecola_41029,5,1,5,0.9891196489334106,1
molecola_41029,6,0,6,0.005358947906643152,0
molecola_41029,7,0,7,0.004977636504918337,0
molecola_41029,8,0,8,0.005071633029729128,0
molecola_41029,9,0,9,0.005304815247654915,0
molecola_41029,10,0,10,0.00584795605391264,0
molecola_41029,11,0,11,0.005386325065046549,0
molecola_41029,12,0,12,0.006269052624702454,0
molecola_41029,13,0,13,0.0051816911436617374,0
molecola_41029,14,0,14,0.004985603969544172,0
molecola_41029,15,0,15,0.005253563169389963,0
molecola_41029,16,0,16,0.005227646324783564,0
molecola_41029,17,0,17,0.0048639653250575066,0
molecola_41029,18,0,18,0.004751439671963453,0
molecola_41029,19,0,19,0.005049928091466427,0
molecola_41029,20,0,20,0.0050727324560284615,0
molecola_41029,21,0,21,0.00610311608761549,0
molecola_41029,22,0,22,0.006552813109010458,0
molecola_41029,23,0,23,0.005442229099571705,0
molecola_41029,24,0,24,0.006552813109010458,0
molecola_41029,25,0,25,0.006103633902966976,0
molecola_41029,26,0,26,0.0050664120353758335,0
molecola_41029,27,0,27,0.005030399188399315,0
molecola_43702,1,0,1,0.9482879042625427,1
molecola_43702,2,0,2,0.00849100574851036,0
molecola_43702,3,0,3,0.004905293695628643,0
molecola_43702,4,0,4,0.004705772269517183,0
molecola_43702,5,0,5,0.004794557578861713,0
molecola_43702,6,0,6,0.004818909335881472,0
molecola_43702,7,0,7,0.0047354563139379025,0
molecola_43702,8,0,8,0.004736562259495258,0
molecola_43702,9,0,9,0.004632590804249048,0
molecola_43702,10,0,10,0.004809243604540825,0
molecola_43702,11,0,11,0.004842023830860853,0
molecola_43702,12,0,12,0.004925129469484091,0
molecola_43702,13,0,13,0.005047429818660021,0
molecola_43702,14,0,14,0.005069982726126909,0
molecola_43702,15,0,15,0.005069946404546499,0
molecola_43702,16,0,16,0.005069946404546499,0
molecola_43702,17,0,17,0.005069946404546499,0
molecola_43702,18,0,18,0.005067575257271528,0
molecola_43702,19,0,19,0.005299599375575781,0
molecola_43702,20,0,20,0.006929723080247641,0
molecola_43702,21,0,21,0.009928892366588116,0
molecola_43702,22,0,22,0.01036802027374506,0
molecola_43702,23,0,23,0.006930120289325714,0
molecola_43702,24,0,24,0.005344158038496971,0
molecola_43702,25,0,25,0.005169106647372246,0
molecola_43702,26,0,26,0.005320294294506311,0
molecola_43702,27,0,27,0.005558953620493412,0
molecola_43702,28,0,28,0.005558953620493412,0
molecola_43702,29,0,29,0.005370565224438906,0
molecola_43702,30,0,30,0.0056377314031124115,0
molecola_43702,31,0,31,0.0056377314031124115,0
molecola_43702,32,0,32,0.0056377314031124115,0
molecola_43702,33,0,33,0.00467316247522831,0
molecola_43702,34,0,34,0.005058812443166971,0
molecola_43702,35,0,35,0.005310489796102047,0
molecola_43702,36,0,36,0.010395302437245846,0
molecola_43702,37,0,37,0.9890449047088623,1
molecola_43702,38,0,38,0.010403408668935299,0
molecola_43702,39,1,39,0.9890449047088623,1
molecola_43702,40,0,40,0.005325497593730688,0
molecola_43702,41,0,41,0.005052635911852121,0
molecola_44036,1,0,1,0.006577712018042803,0
molecola_44036,2,0,2,0.00801223237067461,0
molecola_44036,3,0,3,0.008654714561998844,0
molecola_44036,4,0,4,0.005231069400906563,0
molecola_44036,5,0,5,0.005175697151571512,0
molecola_44036,6,0,6,0.004770345985889435,0
molecola_44036,7,0,7,0.005148681346327066,0
molecola_44036,8,0,8,0.005271300673484802,0
molecola_44036,9,0,9,0.005070047453045845,0
molecola_44036,10,0,10,0.004984092898666859,0
molecola_44036,11,0,11,0.0050206733867526054,0
molecola_44036,12,0,12,0.005172417499125004,0
molecola_44036,13,0,13,0.008258664049208164,0
molecola_44036,14,0,14,0.008002937771379948,0
molecola_44036,15,0,15,0.006577712018042803,0
molecola_44036,16,0,16,0.0082588791847229,0
molecola_44036,17,0,17,0.008002937771379948,0
molecola_44036,18,0,18,0.006577712018042803,0
molecola_44036,19,0,19,0.005167257972061634,0
molecola_44036,20,0,20,0.00501762330532074,0
molecola_44036,21,0,21,0.004999807570129633,0
molecola_44036,22,0,22,0.0053590647876262665,0
molecola_44036,23,0,23,0.009801303036510944,0
molecola_44036,24,1,24,0.9891200065612793,1
molecola_44238,1,1,1,0.9582605361938477,1
molecola_44238,2,0,2,0.008530515246093273,0
molecola_44238,3,0,3,0.004849657882004976,0
molecola_44238,4,0,4,0.005044274963438511,0
molecola_44238,5,0,5,0.004980206489562988,0
molecola_44238,6,0,6,0.004971829708665609,0
molecola_44238,7,0,7,0.0050224242731928825,0
molecola_44238,8,0,8,0.0049708932638168335,0
molecola_44238,9,0,9,0.0049708932638168335,0
molecola_44238,10,0,10,0.005022336263209581,0
molecola_44238,11,0,11,0.004975508898496628,0
molecola_44238,12,0,12,0.005015002563595772,0
molecola_44238,13,0,13,0.004975529853254557,0
molecola_44238,14,0,14,0.005019784905016422,0
molecola_44238,15,0,15,0.004941763821989298,0
molecola_44238,16,0,16,0.005163959693163633,0
molecola_44238,17,0,17,0.004989434964954853,0
molecola_44238,18,0,18,0.0049735261127352715,0
molecola_44238,19,0,19,0.004977768287062645,0
molecola_44251,1,0,1,0.9101220965385437,1
molecola_44251,2,0,2,0.007896705530583858,0
molecola_44251,3,0,3,0.005309547297656536,0
molecola_44251,4,0,4,0.005012944806367159,0
molecola_44251,5,0,5,0.005262726917862892,0
molecola_44251,6,0,6,0.007055058144032955,0
molecola_44251,7,0,7,0.007099425885826349,0
molecola_44251,8,0,8,0.008685514330863953,0
molecola_44251,9,1,9,0.9728083610534668,1
molecola_44251,10,0,10,0.010233801789581776,0
molecola_44251,11,0,11,0.00769954826682806,0
molecola_44251,12,0,12,0.007433827500790358,0
molecola_44343,1,0,1,0.006577712018042803,0
molecola_44343,2,0,2,0.008002937771379948,0
molecola_44343,3,0,3,0.0082747433334589,0
molecola_44343,4,0,4,0.005870167165994644,0
molecola_44343,5,0,5,0.007745184935629368,0
molecola_44343,6,0,6,0.007998705841600895,0
molecola_44343,7,0,7,0.006577712018042803,0
molecola_44343,8,0,8,0.005510943941771984,0
molecola_44343,9,0,9,0.005147265270352364,0
molecola_44343,10,0,10,0.005623946897685528,0
molecola_44343,11,0,11,0.0084554273635149,0
molecola_44343,12,1,12,0.9731167554855347,1
molecola_44343,13,0,13,0.005271418020129204,0
molecola_44343,14,0,14,0.008266245014965534,0
molecola_44343,15,0,15,0.008002937771379948,0
molecola_44343,16,0,16,0.006577712018042803,0
molecola_4525,1,0,1,0.008831317536532879,0
molecola_4525,2,0,2,0.009085423313081264,0
molecola_4525,3,0,3,0.008831317536532879,0
molecola_4525,4,0,4,0.005508759059011936,0
molecola_4525,5,0,5,0.005059019196778536,0
molecola_4525,6,0,6,0.004974076058715582,0
molecola_4525,7,0,7,0.005030045751482248,0
molecola_4525,8,0,8,0.004974076058715582,0
molecola_4525,9,0,9,0.005059019196778536,0
molecola_4525,10,0,10,0.005358205642551184,0
molecola_4525,11,0,11,0.005223434418439865,0
molecola_4525,12,0,12,0.00508489552885294,0
molecola_4525,13,0,13,0.005192086566239595,0
molecola_4525,14,0,14,0.005045657977461815,0
molecola_4525,15,0,15,0.005282985046505928,0
molecola_4525,16,0,16,0.0049718390218913555,0
molecola_4525,17,0,17,0.005019213538616896,0
molecola_4525,18,0,18,0.005018165800720453,0
molecola_4525,19,0,19,0.00536657590419054,0
molecola_4525,20,0,20,0.008539553731679916,0
molecola_4525,21,0,21,0.9893971681594849,1
molecola_4525,22,0,22,0.005287376698106527,0
molecola_4525,23,0,23,0.004971791990101337,0
molecola_4525,24,0,24,0.005014271941035986,0
molecola_4525,25,0,25,0.0053665731102228165,0
molecola_4525,26,0,26,0.01046411320567131,0
molecola_4525,27,1,27,0.9890351891517639,1
molecola_4525,28,0,28,0.010463302955031395,0
molecola_4525,29,0,29,0.9879317879676819,1
molecola_45613,1,1,1,0.9318251013755798,1
molecola_45613,2,0,2,0.0108612896874547,0
molecola_45613,3,0,3,0.004913967102766037,0
molecola_45613,4,0,4,0.0047446731477975845,0
molecola_45613,5,0,5,0.0047446731477975845,0
molecola_45613,6,0,6,0.004913967102766037,0
molecola_45613,7,0,7,0.010861288756132126,0
molecola_45613,8,0,8,0.9318251013755798,1
molecola_47685,1,0,1,0.005314591806381941,0
molecola_47685,2,0,2,0.005422068294137716,0
molecola_47685,3,0,3,0.0049757566303014755,0
molecola_47685,4,0,4,0.005021681077778339,0
molecola_47685,5,0,5,0.0049757566303014755,0
molecola_47685,6,0,6,0.005422068294137716,0
molecola_47685,7,0,7,0.005314591806381941,0
molecola_47685,8,0,8,0.008102264255285263,0
molecola_47685,9,0,9,0.9035608172416687,1
molecola_47685,10,0,10,0.005021681077778339,0
molecola_47685,11,0,11,0.004976327996701002,0
molecola_47685,12,0,12,0.00529179722070694,0
molecola_47685,13,0,13,0.005318586248904467,0
molecola_47685,14,0,14,0.006917114369571209,0
molecola_47685,15,0,15,0.016792841255664825,0
molecola_47685,16,1,16,0.9810901284217834,1
molecola_47685,17,0,17,0.00529179722070694,0
molecola_47685,18,0,18,0.005318586248904467,0
molecola_47685,19,0,19,0.004976327996701002,0
molecola_48179,1,0,1,0.006335760001093149,0
molecola_48179,2,0,2,0.006799341179430485,0
molecola_48179,3,0,3,0.006965097971260548,0
molecola_48179,4,0,4,0.007165736053138971,0
molecola_48179,5,0,5,0.008076254278421402,0
molecola_48179,6,0,6,0.016826247796416283,0
molecola_48179,7,1,7,0.9474575519561768,1
molecola_48179,8,0,8,0.00795669760555029,0
molecola_48179,9,0,9,0.01024308055639267,0
molecola_48179,10,0,10,0.007631365675479174,0
molecola_48179,11,0,11,0.00522744283080101,0
molecola_48179,12,0,12,0.004989269655197859,0
molecola_48179,13,0,13,0.005097077693790197,0
molecola_48179,14,0,14,0.005083838943392038,0
molecola_48179,15,0,15,0.004989269655197859,0
molecola_48179,16,0,16,0.00522744283080101,0
molecola_48729,1,0,1,0.005452862940728664,0
molecola_48729,2,0,2,0.004896984435617924,0
molecola_48729,3,0,3,0.004854106344282627,0
molecola_48729,4,0,4,0.004947340115904808,0
molecola_48729,5,0,5,0.008608749136328697,0
molecola_48729,6,0,6,0.9596156477928162,1
molecola_48729,7,0,7,0.004947340115904808,0
molecola_48729,8,0,8,0.004854106344282627,0
molecola_48729,9,0,9,0.005774637218564749,0
molecola_48729,10,0,10,0.00613737665116787,0
molecola_48729,11,0,11,0.0059205894358456135,0
molecola_48729,12,0,12,0.006283464841544628,0
molecola_48729,13,0,13,0.005105199292302132,0
molecola_48729,14,0,14,0.005356254521757364,0
molecola_48729,15,0,15,0.008659269660711288,0
molecola_48729,16,1,16,0.989626407623291,1
molecola_48729,17,0,17,0.005321146920323372,0
molecola_48729,18,0,18,0.005069640930742025,0
molecola_48729,19,0,19,0.005158179439604282,0
molecola_48729,20,0,20,0.00506988912820816,0
molecola_48746,1,1,1,0.9029947519302368,1
molecola_48746,2,0,2,0.00817832350730896,0
molecola_48746,3,0,3,0.005332741420716047,0
molecola_48746,4,0,4,0.005308807361871004,0
molecola_48746,5,0,5,0.005292247049510479,0
molecola_48746,6,0,6,0.00506951380521059,0
molecola_48746,7,0,7,0.007307639345526695,0
molecola_48746,8,0,8,0.007306000217795372,0
molecola_48746,9,0,9,0.006233787164092064,0
molecola_48746,10,0,10,0.006138889119029045,0
molecola_48746,11,0,11,0.005411840975284576,0
molecola_48746,12,0,12,0.0050903987139463425,0
molecola_48746,13,0,13,0.005331072025001049,0
molecola_48746,14,0,14,0.004998322576284409,0
molecola_48746,15,0,15,0.00515890633687377,0
molecola_48746,16,0,16,0.005074783228337765,0
molecola_48746,17,0,17,0.005161334294825792,0
molecola_48746,18,0,18,0.005491393618285656,0
molecola_48746,19,0,19,0.005491393618285656,0
molecola_48746,20,0,20,0.005491393618285656,0
molecola_48746,21,0,21,0.010210683569312096,0
molecola_48746,22,0,22,0.007699540350586176,0
molecola_48746,23,0,23,0.0074338242411613464,0
molecola_48746,24,0,24,0.00516005652025342,0
molecola_48746,25,0,25,0.005491451360285282,0
molecola_48746,26,0,26,0.005491451360285282,0
molecola_48746,27,0,27,0.005491451360285282,0
molecola_49329,1,0,1,0.008556324057281017,0
molecola_49329,2,0,2,0.008642657659947872,0
molecola_49329,3,0,3,0.008556324057281017,0
molecola_49329,4,0,4,0.005177327431738377,0
molecola_49329,5,0,5,0.005339726805686951,0
molecola_49329,6,0,6,0.0050599356181919575,0
molecola_49329,7,0,7,0.005504813510924578,0
molecola_49329,8,0,8,0.005058829206973314,0
molecola_49329,9,0,9,0.005107936915010214,0
molecola_49329,10,0,10,0.006191566586494446,0
molecola_49329,11,0,11,0.006300712004303932,0
molecola_49329,12,0,12,0.0061790659092366695,0
molecola_49329,13,0,13,0.005110045429319143,0
molecola_49329,14,0,14,0.005094887223094702,0
molecola_49329,15,0,15,0.005321457516402006,0
molecola_49329,16,0,16,0.008582121692597866,0
molecola_49329,17,1,17,0.9898292422294617,1
molecola_49329,18,0,18,0.005327331367880106,0
molecola_49329,19,0,19,0.005158568266779184,0
molecola_49329,20,0,20,0.005074771121144295,0
molecola_49329,21,0,21,0.009085982106626034,0
molecola_49329,22,0,22,0.008831317536532879,0
molecola_49329,23,0,23,0.008831317536532879,0
molecola_5076,1,0,1,0.006722393911331892,0
molecola_5076,2,0,2,0.008198034018278122,0
molecola_5076,3,0,3,0.006784676108509302,0
molecola_5076,4,0,4,0.005343136843293905,0
molecola_5076,5,0,5,0.005035908427089453,0
molecola_5076,6,0,6,0.00509422505274415,0
molecola_5076,7,0,7,0.005036541260778904,0
molecola_5076,8,0,8,0.00509422505274415,0
molecola_5076,9,0,9,0.005420633591711521,0
molecola_5076,10,0,10,0.008668439462780952,0
molecola_5076,11,1,11,0.9728083610534668,1
molecola_5076,12,0,12,0.005036541260778904,0
molecola_5076,13,0,13,0.00509422505274415,0
molecola_5076,14,0,14,0.005035908427089453,0
molecola_5076,15,0,15,0.00509422505274415,0
molecola_51090,1,0,1,0.005346997641026974,0
molecola_51090,2,0,2,0.006612902041524649,0
molecola_51090,3,0,3,0.006702694576233625,0
molecola_51090,4,0,4,0.007068251259624958,0
molecola_51090,5,0,5,0.0065603298135101795,0
molecola_51090,6,0,6,0.004971660207957029,0
molecola_51090,7,0,7,0.004761371295899153,0
molecola_51090,8,0,8,0.004716002847999334,0
molecola_51090,9,0,9,0.004664857406169176,0
molecola_51090,10,0,10,0.004966640379279852,0
molecola_51090,11,0,11,0.004987300373613834,0
molecola_51090,12,0,12,0.0049061342142522335,0
molecola_51090,13,0,13,0.00502704456448555,0
molecola_51090,14,0,14,0.005187293514609337,0
molecola_51090,15,0,15,0.008401981554925442,0
molecola_51090,16,1,16,0.9497172236442566,1
molecola_51090,17,0,17,0.004852954763919115,0
molecola_51090,18,0,18,0.004734274465590715,0
molecola_51090,19,0,19,0.004704573191702366,0
molecola_51090,20,0,20,0.004821274429559708,0
molecola_51090,21,0,21,0.005400429014116526,0
molecola_51090,22,0,22,0.004710468929260969,0
molecola_51090,23,0,23,0.0047644274309277534,0
molecola_51090,24,0,24,0.004857005085796118,0
molecola_51090,25,0,25,0.004961750935763121,0
molecola_51090,26,0,26,0.005427015479654074,0
molecola_51090,27,0,27,0.0058419289998710155,0
molecola_51090,28,0,28,0.006204498931765556,0
molecola_51090,29,0,29,0.005217078607529402,0
molecola_5164,1,0,1,0.008155600167810917,0
molecola_5164,2,0,2,0.0058926804922521114,0
molecola_5164,3,0,3,0.004772659856826067,0
molecola_5164,4,0,4,0.005054033827036619,0
molecola_5164,5,0,5,0.005309774074703455,0
molecola_5164,6,0,6,0.010395302437245846,0
molecola_5164,7,1,7,0.9890449047088623,1
molecola_5164,8,0,8,0.010395302437245846,0
molecola_5164,9,0,9,0.9890449047088623,1
molecola_5164,10,0,10,0.005309774074703455,0
molecola_5164,11,0,11,0.005054033827036619,0
molecola_5164,12,0,12,0.004772659856826067,0
molecola_519,1,0,1,0.005393697414547205,0
molecola_519,2,0,2,0.005063326563686132,0
molecola_519,3,0,3,0.005126279313117266,0
molecola_519,4,0,4,0.004961035214364529,0
molecola_519,5,0,5,0.005376213230192661,0
molecola_519,6,0,6,0.005273491609841585,0
molecola_519,7,0,7,0.005022295750677586,0
molecola_519,8,0,8,0.005228013265877962,0
molecola_519,9,0,9,0.00850397814065218,0
molecola_519,10,0,10,0.3903079032897949,0
molecola_519,11,0,11,0.36567577719688416,0
molecola_519,12,0,12,0.3105265498161316,0
molecola_519,13,0,13,0.3105265498161316,0
molecola_519,14,0,14,0.3183867037296295,0
molecola_519,15,0,15,0.005187352653592825,0
molecola_519,16,0,16,0.005091558210551739,0
molecola_519,17,0,17,0.00500213960185647,0
molecola_519,18,0,18,0.005173109471797943,0
molecola_519,19,0,19,0.004997736774384975,0
molecola_519,20,0,20,0.005359339527785778,0
molecola_519,21,0,21,0.008648514747619629,0
molecola_519,22,1,22,0.9896188378334045,1
molecola_519,23,0,23,0.005271115340292454,0
molecola_519,24,0,24,0.005091601517051458,0
molecola_519,25,0,25,0.0049766916781663895,0
molecola_5281,1,0,1,0.006577712018042803,0
molecola_5281,2,0,2,0.00801223237067461,0
molecola_5281,3,0,3,0.008643360808491707,0
molecola_5281,4,0,4,0.005453638732433319,0
molecola_5281,5,0,5,0.005959986709058285,0
molecola_5281,6,0,6,0.006664715241640806,0
molecola_5281,7,0,7,0.0059663946740329266,0
molecola_5281,8,0,8,0.005101858172565699,0
molecola_5281,9,0,9,0.004989110864698887,0
molecola_5281,10,0,10,0.005094549153000116,0
molecola_5281,11,0,11,0.005083947442471981,0
molecola_5281,12,0,12,0.004969391506165266,0
molecola_5281,13,0,13,0.00513833574950695,0
molecola_5281,14,0,14,0.004679407924413681,0
molecola_5281,15,0,15,0.004879373125731945,0
molecola_5281,16,0,16,0.00513518787920475,0
molecola_5281,17,0,17,0.004879373125731945,0
molecola_5281,18,0,18,0.004679407924413681,0
molecola_5281,19,0,19,0.005135667975991964,0
molecola_5281,20,0,20,0.005321326665580273,0
molecola_5281,21,0,21,0.00974911917001009,0
molecola_5281,22,1,22,0.9891284108161926,1
molecola_54,1,0,1,0.005350846331566572,0
molecola_54,2,0,2,0.005288856569677591,0
molecola_54,3,0,3,0.005350846331566572,0
molecola_54,4,0,4,0.005574120674282312,0
molecola_54,5,0,5,0.005922927521169186,0
molecola_54,6,0,6,0.010283189825713634,0
molecola_54,7,0,7,0.9133122563362122,1
molecola_54,8,0,8,0.005457713734358549,0
molecola_54,9,0,9,0.005402406677603722,0
molecola_54,10,0,10,0.008620187640190125,0
molecola_54,11,1,11,0.9898292422294617,1
molecola_54,12,0,12,0.006745829712599516,0
molecola_54,13,0,13,0.008620187640190125,0
molecola_54,14,0,14,0.9898292422294617,1
molecola_54,15,0,15,0.005402406677603722,0
molecola_5411,1,0,1,0.006577712018042803,0
molecola_5411,2,0,2,0.008002937771379948,0
molecola_5411,3,0,3,0.00826353207230568,0
molecola_5411,4,0,4,0.005190328229218721,0
molecola_5411,5,0,5,0.005057243164628744,0
molecola_5411,6,0,6,0.004851312842220068,0
molecola_5411,7,0,7,0.008747587911784649,0
molecola_5411,8,0,8,0.9565265774726868,1
molecola_5411,9,0,9,0.005109584890305996,0
molecola_5411,10,0,10,0.0054458570666611195,0
molecola_5411,11,0,11,0.004803135525435209,0
molecola_5411,12,0,12,0.005276176147162914,0
molecola_5411,13,0,13,0.005235790740698576,0
molecola_5411,14,0,14,0.004852473735809326,0
molecola_5411,15,0,15,0.005194502882659435,0
molecola_5411,16,0,16,0.006103827152401209,0
molecola_5411,17,0,17,0.006543104071170092,0
molecola_5411,18,0,18,0.005442229099571705,0
molecola_5411,19,0,19,0.006530748214572668,0
molecola_5411,20,0,20,0.0067559778690338135,0
molecola_5411,21,0,21,0.009112676605582237,0
molecola_5411,22,1,22,0.9891424775123596,1
molecola_5411,23,0,23,0.0053140646778047085,0
molecola_5411,24,0,24,0.005114022642374039,0
molecola_5411,25,0,25,0.005088196601718664,0
molecola_5411,26,0,26,0.005199004430323839,0
molecola_5411,27,0,27,0.008265521377325058,0
molecola_5411,28,0,28,0.008002937771379948,0
molecola_5411,29,0,29,0.006577712018042803,0
molecola_54551,1,0,1,0.9155805110931396,1
molecola_54551,2,0,2,0.007810056209564209,0
molecola_54551,3,0,3,0.005299174692481756,0
molecola_54551,4,0,4,0.0049727121368050575,0
molecola_54551,5,0,5,0.00506002688780427,0
molecola_54551,6,0,6,0.005246794316917658,0
molecola_54551,7,0,7,0.005097145680338144,0
molecola_54551,8,0,8,0.005422412883490324,0
molecola_54551,9,0,9,0.006102063227444887,0
molecola_54551,10,0,10,0.006276596803218126,0
molecola_54551,11,0,11,0.006162926089018583,0
molecola_54551,12,0,12,0.005105160642415285,0
molecola_54551,13,0,13,0.005224824883043766,0
molecola_54551,14,0,14,0.007641352713108063,0
molecola_54551,15,0,15,0.010915766470134258,0
molecola_54551,16,0,16,0.006971759721636772,0
molecola_54551,17,0,17,0.005725184455513954,0
molecola_54551,18,0,18,0.004980104975402355,0
molecola_54551,19,0,19,0.005047788843512535,0
molecola_54551,20,0,20,0.005105446092784405,0
molecola_54551,21,0,21,0.0049863774329423904,0
molecola_54551,22,0,22,0.005359029397368431,0
molecola_54551,23,0,23,0.008734568953514099,0
molecola_54551,24,1,24,0.9896367192268372,1
molecola_54551,25,0,25,0.005235182121396065,0
molecola_54551,26,0,26,0.005071842111647129,0
molecola_54551,27,0,27,0.005089867394417524,0
molecola_54551,28,0,28,0.0050974502228200436,0
molecola_54551,29,0,29,0.0052292682230472565,0
molecola_54867,1,0,1,0.006577712018042803,0
molecola_54867,2,0,2,0.008011811412870884,0
molecola_54867,3,0,3,0.008684614673256874,0
molecola_54867,4,0,4,0.005227881483733654,0
molecola_54867,5,0,5,0.0050004953518509865,0
molecola_54867,6,0,6,0.005215662997215986,0
molecola_54867,7,0,7,0.005175348371267319,0
molecola_54867,8,0,8,0.006689317058771849,0
molecola_54867,9,0,9,0.008934550918638706,0
molecola_54867,10,0,10,0.0064790332689881325,0
molecola_54867,11,0,11,0.006886014249175787,0
molecola_54867,12,0,12,0.006113436073064804,0
molecola_54867,13,0,13,0.00704366946592927,0
molecola_54867,14,0,14,0.008557844907045364,0
molecola_54867,15,0,15,0.0062333703972399235,0
molecola_54867,16,0,16,0.007044450379908085,0
molecola_54867,17,0,17,0.006428379565477371,0
molecola_54867,18,0,18,0.010392756201326847,0
molecola_54867,19,0,19,0.8686675429344177,1
molecola_54867,20,0,20,0.014075149782001972,0
molecola_54867,21,0,21,0.250569224357605,0
molecola_54867,22,0,22,0.018448082730174065,0
molecola_54867,23,0,23,0.2675447463989258,0
molecola_54867,24,0,24,0.014842097647488117,0
molecola_54867,25,0,25,0.24228714406490326,0
molecola_54867,26,0,26,0.007028777617961168,0
molecola_54867,27,0,27,0.006745184306055307,0
molecola_54867,28,0,28,0.006552794016897678,0
molecola_54867,29,0,29,0.006680876016616821,0
molecola_54867,30,0,30,0.0054673682898283005,0
molecola_54867,31,0,31,0.005223962478339672,0
molecola_54867,32,0,32,0.005349016282707453,0
molecola_54867,33,0,33,0.005024350248277187,0
molecola_54867,34,0,34,0.00535803847014904,0
molecola_54867,35,0,35,0.00980131234973669,0
molecola_54867,36,0,36,0.9891200065612793,1
molecola_54867,37,0,37,0.008653871715068817,0
molecola_54867,38,0,38,0.00801223237067461,0
molecola_54867,39,0,39,0.006577712018042803,0
molecola_54867,40,0,40,0.005279783625155687,0
molecola_54867,41,0,41,0.008068358525633812,0
molecola_54867,42,0,42,0.008840984664857388,0
molecola_54867,43,0,43,0.0062194266356527805,0
molecola_54867,44,0,44,0.007117320317775011,0
molecola_54867,45,0,45,0.005647802259773016,0
molecola_54867,46,0,46,0.006142317317426205,0
molecola_54867,47,0,47,0.014336949214339256,0
molecola_54867,48,0,48,0.2503474950790405,0
molecola_54867,49,0,49,0.01844801753759384,0
molecola_54867,50,0,50,0.2675447463989258,0
molecola_54867,51,0,51,0.014840640127658844,0
molecola_54867,52,0,52,0.24228714406490326,0
molecola_54867,53,0,53,0.013836906291544437,0
molecola_54867,54,0,54,0.2376466691493988,0
molecola_54867,55,0,55,0.005359662231057882,0
molecola_54867,56,0,56,0.009754898026585579,0
molecola_54867,57,1,57,0.9891284108161926,1
molecola_57499,1,1,1,0.9893653392791748,1
molecola_57499,2,0,2,0.008718527853488922,0
molecola_57499,3,0,3,0.0053247855976223946,0
molecola_57499,4,0,4,0.0050718882121145725,0
molecola_57499,5,0,5,0.004969810601323843,0
molecola_57499,6,0,6,0.005082602147012949,0
molecola_57499,7,0,7,0.005078911781311035,0
molecola_57499,8,0,8,0.005076191853731871,0
molecola_57499,9,0,9,0.005074205808341503,0
molecola_57499,10,0,10,0.005323063116520643,0
molecola_57499,11,0,11,0.005069638602435589,0
molecola_57521,1,0,1,0.005275475326925516,0
molecola_57521,2,0,2,0.005159769672900438,0
molecola_57521,3,0,3,0.0054036956280469894,0
molecola_57521,4,0,4,0.0061166733503341675,0
molecola_57521,5,0,5,0.006258095148950815,0
molecola_57521,6,0,6,0.006127570755779743,0
molecola_57521,7,0,7,0.005409428849816322,0
molecola_57521,8,0,8,0.005143208894878626,0
molecola_57521,9,0,9,0.00545850582420826,0
molecola_57521,10,0,10,0.00586014986038208,0
molecola_57521,11,0,11,0.005915632005780935,0
molecola_57521,12,0,12,0.006128720939159393,0
molecola_57521,13,0,13,0.005916274152696133,0
molecola_57521,14,0,14,0.0063477312214672565,0
molecola_57521,15,0,15,0.005298275034874678,0
molecola_57521,16,0,16,0.005318417213857174,0
molecola_57521,17,0,17,0.005018861033022404,0
molecola_57521,18,0,18,0.005017432849854231,0
molecola_57521,19,0,19,0.004993328358978033,0
molecola_57521,20,0,20,0.005165988579392433,0
molecola_57521,21,0,21,0.005074641201645136,0
molecola_57521,22,0,22,0.005187094211578369,0
molecola_57521,23,0,23,0.005260271020233631,0
molecola_57521,24,0,24,0.005330667831003666,0
molecola_57521,25,0,25,0.005728595424443483,0
molecola_57521,26,0,26,0.004886597394943237,0
molecola_57521,27,0,27,0.004906543996185064,0
molecola_57521,28,0,28,0.0053722187876701355,0
molecola_57521,29,0,29,0.005235855467617512,0
molecola_57521,30,0,30,0.008780640549957752,0
molecola_57521,31,1,31,0.9689785242080688,1
molecola_57521,32,0,32,0.004906543996185064,0
molecola_57521,33,0,33,0.004886595066636801,0
molecola_5790,1,0,1,0.005758690182119608,0
molecola_5790,2,0,2,0.006001726724207401,0
molecola_5790,3,0,3,0.006202212534844875,0
molecola_5790,4,0,4,0.005349171347916126,0
molecola_5790,5,0,5,0.005071683321148157,0
molecola_5790,6,0,6,0.0051753828302025795,0
molecola_5790,7,0,7,0.0047729951329529285,0
molecola_5790,8,0,8,0.0051859053783118725,0
molecola_5790,9,0,9,0.005005962215363979,0
molecola_5790,10,0,10,0.005029050633311272,0
molecola_5790,11,0,11,0.005078149959445,0
molecola_5790,12,0,12,0.005302345380187035,0
molecola_5790,13,0,13,0.005078420042991638,0
molecola_5790,14,0,14,0.005482460837811232,0
molecola_5790,15,0,15,0.005308814812451601,0
molecola_5790,16,0,16,0.009007181972265244,0
molecola_5790,17,1,17,0.9894086122512817,1
molecola_5790,18,0,18,0.005455413367599249,0
molecola_5790,19,0,19,0.005304689519107342,0
molecola_5790,20,0,20,0.005108392331749201,0
molecola_5790,21,0,21,0.005632441490888596,0
molecola_5840,1,1,1,0.9898244738578796,1
molecola_5840,2,0,2,0.008622796274721622,0
molecola_5840,3,0,3,0.005359519738703966,0
molecola_5840,4,0,4,0.005013932008296251,0
molecola_5840,5,0,5,0.005336929112672806,0
molecola_5840,6,0,6,0.005013932008296251,0
molecola_5840,7,0,7,0.005359519738703966,0
molecola_5840,8,0,8,0.005308676045387983,0
molecola_5840,9,0,9,0.005336929112672806,0
molecola_5840,10,0,10,0.005013932008296251,0
molecola_5840,11,0,11,0.005359519738703966,0
molecola_5840,12,0,12,0.008622796274721622,0
molecola_5840,13,0,13,0.9898244738578796,1
molecola_5840,14,0,14,0.005359519738703966,0
molecola_5840,15,0,15,0.005013932008296251,0
molecola_5840,16,0,16,0.005368133541196585,0
molecola_5840,17,0,17,0.005637659691274166,0
molecola_5840,18,0,18,0.005637659691274166,0
molecola_5840,19,0,19,0.005637659691274166,0
molecola_5840,20,0,20,0.005368133541196585,0
molecola_5840,21,0,21,0.005637659691274166,0
molecola_5840,22,0,22,0.005637659691274166,0
molecola_5840,23,0,23,0.005637659691274166,0
molecola_5967,1,0,1,0.7586137056350708,1
molecola_5967,2,0,2,0.014929116703569889,0
molecola_5967,3,0,3,0.00595034658908844,0
molecola_5967,4,0,4,0.006843534763902426,0
molecola_5967,5,0,5,0.006220287177711725,0
molecola_5967,6,0,6,0.008573929779231548,0
molecola_5967,7,0,7,0.007046771701425314,0
molecola_5967,8,0,8,0.006451393943279982,0
molecola_5967,9,0,9,0.006869780831038952,0
molecola_5967,10,0,10,0.005684712901711464,0
molecola_5967,11,0,11,0.014371835626661777,0
molecola_5967,12,0,12,0.27536630630493164,0
molecola_5967,13,0,13,0.018822088837623596,0
molecola_5967,14,0,14,0.2713072896003723,0
molecola_5967,15,0,15,0.01445219200104475,0
molecola_5967,16,0,16,0.27606403827667236,0
molecola_5967,17,0,17,0.005476582795381546,0
molecola_5967,18,0,18,0.008634637109935284,0
molecola_5967,19,1,19,0.9896132349967957,1
molecola_5967,20,0,20,0.0053564985282719135,0
molecola_5967,21,0,21,0.00496711628511548,0
molecola_5967,22,0,22,0.005040351301431656,0
molecola_5967,23,0,23,0.005173615179955959,0
molecola_5967,24,0,24,0.007252385374158621,0
molecola_5967,25,0,25,0.0050536454655230045,0
molecola_5967,26,0,26,0.005210949573665857,0
molecola_5967,27,0,27,0.0056364405900239944,0
molecola_5967,28,0,28,0.00513641070574522,0
molecola_5967,29,0,29,0.0050243171863257885,0
molecola_5967,30,0,30,0.004969827365130186,0
molecola_5967,31,0,31,0.005356411915272474,0
molecola_5967,32,0,32,0.008622796274721622,0
molecola_5967,33,1,33,0.9898244738578796,1
molecola_5967,34,0,34,0.005356411915272474,0
molecola_5967,35,0,35,0.004969827365130186,0
molecola_5967,36,0,36,0.015216576866805553,0
molecola_5967,37,0,37,0.2650238275527954,0
molecola_5967,38,0,38,0.01950426772236824,0
molecola_5967,39,0,39,0.3062933385372162,0
molecola_6058,1,0,1,0.005387060809880495,0
molecola_6058,2,0,2,0.00534790800884366,0
molecola_6058,3,0,3,0.009613251313567162,0
molecola_6058,4,0,4,0.9641908407211304,1
molecola_6058,5,0,5,0.005307362414896488,0
molecola_6058,6,0,6,0.00493673887103796,0
molecola_6058,7,0,7,0.005448168609291315,0
molecola_6058,8,0,8,0.005090075079351664,0
molecola_6058,9,0,9,0.0053513008169829845,0
molecola_6058,10,0,10,0.005502999760210514,0
molecola_6058,11,0,11,0.005922169424593449,0
molecola_6058,12,0,12,0.0053734928369522095,0
molecola_6058,13,0,13,0.005056965164840221,0
molecola_6058,14,0,14,0.00535768736153841,0
molecola_6058,15,0,15,0.008622796274721622,0
molecola_6058,16,1,16,0.9898244738578796,1
molecola_6058,17,0,17,0.00535768736153841,0
molecola_6058,18,0,18,0.005056965164840221,0
molecola_6058,19,0,19,0.005067354068160057,0
molecola_6058,20,0,20,0.004972728900611401,0
molecola_6058,21,0,21,0.005019213538616896,0
molecola_6058,22,0,22,0.005019151605665684,0
molecola_6058,23,0,23,0.004974482115358114,0
molecola_6058,24,0,24,0.005032022017985582,0
molecola_6083,1,0,1,0.005201271269470453,0
molecola_6083,2,0,2,0.005052168853580952,0
molecola_6083,3,0,3,0.005201271269470453,0
molecola_6083,4,0,4,0.004877523519098759,0
molecola_6083,5,0,5,0.005154820624738932,0
molecola_6083,6,0,6,0.0048398603685200214,0
molecola_6083,7,0,7,0.005340177565813065,0
molecola_6083,8,0,8,0.004853767808526754,0
molecola_6083,9,0,9,0.004751051776111126,0
molecola_6083,10,0,10,0.00505085987970233,0
molecola_6083,11,0,11,0.005310237407684326,0
molecola_6083,12,0,12,0.010395302437245846,0
molecola_6083,13,1,13,0.9890449047088623,1
molecola_6083,14,0,14,0.010401926003396511,0
molecola_6083,15,1,15,0.9890449047088623,1
molecola_6083,16,0,16,0.005304714199155569,0
molecola_6083,17,0,17,0.005033364053815603,0
molecola_6083,18,0,18,0.004917195066809654,0
molecola_6083,19,0,19,0.004949542693793774,0
molecola_6083,20,0,20,0.008637944236397743,0
molecola_6083,21,1,21,0.9474185705184937,1
molecola_6137,1,1,1,0.9891284108161926,1
molecola_6137,2,0,2,0.009748741053044796,0
molecola_6137,3,0,3,0.005462188273668289,0
molecola_6137,4,0,4,0.005391140002757311,0
molecola_6137,5,0,5,0.005057192873209715,0
molecola_6137,6,0,6,0.005226366687566042,0
molecola_6137,7,0,7,0.008693384006619453,0
molecola_6137,8,0,8,0.00826334860175848,0
molecola_6137,9,0,9,0.006430152803659439,0
molecola_6137,10,0,10,0.0056101614609360695,0
molecola_6137,11,0,11,0.0056101614609360695,0
molecola_6137,12,0,12,0.005904742516577244,0
molecola_6137,13,0,13,0.00612882012501359,0
molecola_6137,14,0,14,0.0059157079085707664,0
molecola_6137,15,0,15,0.006300428416579962,0
molecola_6137,16,0,16,0.0051744841039180756,0
molecola_6137,17,0,17,0.0050737434066832066,0
molecola_6137,18,0,18,0.005062596406787634,0
molecola_6137,19,0,19,0.005298739764839411,0
molecola_6137,20,0,20,0.005062596406787634,0
molecola_6137,21,0,21,0.0051744841039180756,0
molecola_6137,22,0,22,0.0050737434066832066,0
molecola_6651,1,0,1,0.005311411805450916,0
molecola_6651,2,0,2,0.004930289927870035,0
molecola_6651,3,0,3,0.004669224843382835,0
molecola_6651,4,0,4,0.005057247821241617,0
molecola_6651,5,0,5,0.005847146734595299,0
molecola_6651,6,0,6,0.004653868731111288,0
molecola_6651,7,0,7,0.005082625895738602,0
molecola_6651,8,0,8,0.00849867332726717,0
molecola_6651,9,1,9,0.9480646848678589,1
molecola_6651,10,0,10,0.004916172940284014,0
molecola_6651,11,0,11,0.004680922720581293,0
molecola_6651,12,0,12,0.004709373693913221,0
molecola_6651,13,0,13,0.004749158397316933,0
molecola_6651,14,0,14,0.004708097781985998,0
molecola_6651,15,0,15,0.0051382798701524734,0
molecola_6651,16,0,16,0.005931302439421415,0
molecola_6651,17,0,17,0.004835287109017372,0
molecola_6651,18,0,18,0.005406671669334173,0
molecola_6651,19,0,19,0.004851683508604765,0
molecola_6651,20,0,20,0.00476446095854044,0
molecola_6651,21,0,21,0.004706915933638811,0
molecola_6651,22,0,22,0.00484094861894846,0
molecola_6651,23,0,23,0.005391707643866539,0
molecola_6664,1,0,1,0.008511511608958244,0
molecola_6664,2,0,2,0.008442589081823826,0
molecola_6664,3,0,3,0.008511511608958244,0
molecola_6664,4,0,4,0.005102327559143305,0
molecola_6664,5,0,5,0.005135794170200825,0
molecola_6664,6,0,6,0.006650235038250685,0
molecola_6664,7,0,7,0.006659764796495438,0
molecola_6664,8,0,8,0.007003755308687687,0
molecola_6664,9,0,9,0.007039555348455906,0
molecola_6664,10,0,10,0.005383647978305817,0
molecola_6664,11,0,11,0.00559789314866066,0
molecola_6664,12,0,12,0.005145136266946793,0
molecola_6664,13,0,13,0.00498589500784874,0
molecola_6664,14,0,14,0.004970155190676451,0
molecola_6664,15,0,15,0.005022744182497263,0
molecola_6664,16,0,16,0.004935694392770529,0
molecola_6664,17,0,17,0.005030890926718712,0
molecola_6664,18,0,18,0.00496591255068779,0
molecola_6664,19,0,19,0.005026791710406542,0
molecola_6664,20,0,20,0.004969806410372257,0
molecola_6664,21,0,21,0.005356411915272474,0
molecola_6664,22,0,22,0.008622796274721622,0
molecola_6664,23,1,23,0.9898244738578796,1
molecola_6664,24,0,24,0.005356411915272474,0
molecola_6664,25,0,25,0.004969806410372257,0
molecola_6664,26,0,26,0.005061311647295952,0
molecola_6664,27,0,27,0.005240392405539751,0
molecola_6664,28,0,28,0.005003164988011122,0
molecola_6664,29,0,29,0.004988892935216427,0
molecola_6664,30,0,30,0.005050225183367729,0
molecola_6664,31,0,31,0.005105327814817429,0
molecola_6664,32,0,32,0.004988892935216427,0
molecola_6664,33,0,33,0.005003164988011122,0
molecola_6741,1,0,1,0.005157239735126495,0
molecola_6741,2,0,2,0.005474210251122713,0
molecola_6741,3,0,3,0.006003350950777531,0
molecola_6741,4,0,4,0.0053224116563797,0
molecola_6741,5,0,5,0.005329140927642584,0
molecola_6741,6,0,6,0.00518085528165102,0
molecola_6741,7,0,7,0.005284846760332584,0
molecola_6741,8,0,8,0.005446536000818014,0
molecola_6741,9,0,9,0.008622197434306145,0
molecola_6741,10,1,10,0.9725492596626282,1
molecola_6741,11,0,11,0.005255968775600195,0
molecola_6741,12,0,12,0.0052183554507792,0
molecola_6741,13,0,13,0.005281982943415642,0
molecola_7292,1,0,1,0.005570173263549805,0
molecola_7292,2,0,2,0.0058882348239421844,0
molecola_7292,3,0,3,0.005570173263549805,0
molecola_7292,4,0,4,0.005504596512764692,0
molecola_7292,5,0,5,0.0050952015444636345,0
molecola_7292,6,0,6,0.00519053777679801,0
molecola_7292,7,0,7,0.004943520296365023,0
molecola_7292,8,0,8,0.004886845592409372,0
molecola_7292,9,0,9,0.004988715518265963,0
molecola_7292,10,0,10,0.0052724783308804035,0
molecola_7292,11,0,11,0.008694818243384361,0
molecola_7292,12,1,12,0.9896418452262878,1
molecola_7292,13,0,13,0.005438697524368763,0
molecola_7292,14,0,14,0.004795845132321119,0
molecola_7292,15,0,15,0.005449853837490082,0
molecola_7292,16,0,16,0.0050842296332120895,0
molecola_7292,17,0,17,0.0053086914122104645,0
molecola_7292,18,0,18,0.005111485719680786,0
molecola_7292,19,0,19,0.005300101824104786,0
molecola_7292,20,0,20,0.004959870129823685,0
molecola_7292,21,0,21,0.005017575807869434,0
molecola_7610,1,0,1,0.006577712018042803,0
molecola_7610,2,0,2,0.008003217168152332,0
molecola_7610,3,0,3,0.007818052545189857,0
molecola_7610,4,0,4,0.006039959844201803,0
molecola_7610,5,0,5,0.007846484892070293,0
molecola_7610,6,0,6,0.9098944664001465,1
molecola_7610,7,0,7,0.005285619292408228,0
molecola_7610,8,0,8,0.005071777384728193,0
molecola_7610,9,0,9,0.005040681920945644,0
molecola_7610,10,0,10,0.005549604073166847,0
molecola_7610,11,0,11,0.005865822546184063,0
molecola_7610,12,0,12,0.0061294701881706715,0
molecola_7610,13,0,13,0.005777465645223856,0
molecola_7610,14,0,14,0.005741273518651724,0
molecola_7610,15,0,15,0.005680353380739689,0
molecola_7610,16,0,16,0.004940314684063196,0
molecola_7610,17,0,17,0.005355208180844784,0
molecola_7610,18,0,18,0.004922171588987112,0
molecola_7610,19,0,19,0.004859506152570248,0
molecola_7610,20,0,20,0.004747495055198669,0
molecola_7610,21,0,21,0.004861976485699415,0
molecola_7610,22,0,22,0.005431889556348324,0
molecola_7610,23,0,23,0.004861976485699415,0
molecola_7610,24,0,24,0.004747495055198669,0
molecola_7610,25,0,25,0.005500187166035175,0
molecola_7610,26,0,26,0.0059881191700696945,0
molecola_7610,27,0,27,0.008059467189013958,0
molecola_7610,28,1,28,0.9665574431419373,1
molecola_7610,29,0,29,0.004982487298548222,0
molecola_7610,30,0,30,0.005604312289506197,0
molecola_7610,31,0,31,0.006787144113332033,0
molecola_8002,1,1,1,0.9727984070777893,1
molecola_8002,2,0,2,0.008672255091369152,0
molecola_8002,3,0,3,0.005853195209056139,0
molecola_8002,4,0,4,0.005224406253546476,0
molecola_8002,5,0,5,0.007526881527155638,0
molecola_8002,6,0,6,0.015363538637757301,0
molecola_8002,7,0,7,0.007538288831710815,0
molecola_8002,8,0,8,0.005227325949817896,0
molecola_8002,9,0,9,0.004994605202227831,0
molecola_8002,10,0,10,0.00515052629634738,0
molecola_8002,11,0,11,0.004994605202227831,0
molecola_8002,12,0,12,0.005227325949817896,0
molecola_8002,13,0,13,0.005074817221611738,0
molecola_8002,14,0,14,0.005678753834217787,0
molecola_8002,15,0,15,0.00522250821813941,0
molecola_8002,16,0,16,0.005354118533432484,0
molecola_8002,17,0,17,0.008736126124858856,0
molecola_8002,18,1,18,0.9896367192268372,1
molecola_8997,1,1,1,0.9898269176483154,1
molecola_8997,2,0,2,0.008598527871072292,0
molecola_8997,3,0,3,0.005353831686079502,0
molecola_8997,4,0,4,0.005097266286611557,0
molecola_8997,5,0,5,0.006112196017056704,0
molecola_8997,6,0,6,0.006445564795285463,0
molecola_8997,7,0,7,0.005381016060709953,0
molecola_8997,8,0,8,0.00517253065481782,0
molecola_8997,9,0,9,0.00653102109208703,0
molecola_8997,10,0,10,0.006125927437096834,0
molecola_8997,11,0,11,0.005583633668720722,0
molecola_8997,12,0,12,0.005274264607578516,0
molecola_8997,13,0,13,0.005294433794915676,0
molecola_8997,14,0,14,0.004979780875146389,0
molecola_8997,15,0,15,0.004983596038073301,0
molecola_8997,16,0,16,0.005283325910568237,0
molecola_9613,1,0,1,0.006577712018042803,0
molecola_9613,2,0,2,0.007998241111636162,0
molecola_9613,3,0,3,0.007688524667173624,0
molecola_9613,4,0,4,0.00522680813446641,0
molecola_9613,5,0,5,0.004978642333298922,0
molecola_9613,6,0,6,0.0051428694278001785,0
molecola_9613,7,0,7,0.004710041917860508,0
molecola_9613,8,0,8,0.004717274568974972,0
molecola_9613,9,0,9,0.005375328008085489,0
molecola_9613,10,0,10,0.006257149390876293,0
molecola_9613,11,0,11,0.005842153448611498,0
molecola_9613,12,0,12,0.006003587506711483,0
molecola_9613,13,0,13,0.00558829540386796,0
molecola_9613,14,0,14,0.005026357714086771,0
molecola_9613,15,0,15,0.005204502027481794,0
molecola_9613,16,0,16,0.005677273031324148,0
molecola_9613,17,0,17,0.005149658769369125,0
molecola_9613,18,0,18,0.00808565691113472,0
molecola_9613,19,1,19,0.969364583492279,1
molecola_9856,1,0,1,0.005551046226173639,0
molecola_9856,2,0,2,0.005716806277632713,0
molecola_9856,3,0,3,0.01012722309678793,0
molecola_9856,4,1,4,0.9700344800949097,1
molecola_9856,5,0,5,0.005571060348302126,0
molecola_9856,6,0,6,0.005014596041291952,0
molecola_9856,7,0,7,0.005020394921302795,0
molecola_9856,8,0,8,0.005023487377911806,0
molecola_9856,9,0,9,0.005020394921302795,0
molecola_9856,10,0,10,0.005014596041291952,0
molecola_9856,11,0,11,0.00556624960154295,0
molecola_9856,12,0,12,0.005014648195356131,0
molecola_9856,13,0,13,0.0050175609067082405,0
molecola_9856,14,0,14,0.005021252203732729,0
molecola_9856,15,0,15,0.005323451943695545,0
molecola_9856,16,0,16,0.005024941638112068,0
molecola_9856,17,0,17,0.005161556880921125,0
molecola_9856,18,0,18,0.005491393618285656,0
molecola_9856,19,0,19,0.005491393618285656,0
molecola_9856,20,0,20,0.005491393618285656,0
