molecola,indice_atomi,match,indice_atomo,probabilita,y_pred_prob
molecola_100,1,0,1,0.001980377361178398,0
molecola_100,2,0,2,0.002284642541781068,0
molecola_100,3,0,3,0.001980377361178398,0
molecola_100,4,0,4,0.00174438557587564,0
molecola_100,5,0,5,0.0016010290710255504,0
molecola_100,6,0,6,0.001915300963446498,0
molecola_100,7,0,7,0.0023206607438623905,0
molecola_100,8,0,8,0.0429823063313961,0
molecola_100,9,0,9,0.04209643974900246,0
molecola_100,10,0,10,0.9836306571960449,1
molecola_100,11,0,11,0.04184085503220558,0
molecola_100,12,1,12,0.9836316108703613,1
molecola_100,13,0,13,0.004026069305837154,0
molecola_100,14,0,14,0.0018156266305595636,0
molecola_100,15,0,15,0.002463357523083687,0
molecola_100,16,0,16,0.0018550069071352482,0
molecola_100,17,0,17,0.0017410782165825367,0
molecola_100,18,0,18,0.002925894223153591,0
molecola_100,19,0,19,0.003915989771485329,0
molecola_100,20,0,20,0.004096647724509239,0
molecola_100,21,0,21,0.04532570764422417,0
molecola_100,22,0,22,0.04209643974900246,0
molecola_100,23,1,23,0.9836306571960449,1
molecola_100,24,0,24,0.04179471358656883,0
molecola_100,25,1,25,0.9836316108703613,1
molecola_100,26,0,26,0.01725083589553833,0
molecola_10227,1,0,1,0.9698036909103394,1
molecola_10227,2,0,2,0.004797704983502626,0
molecola_10227,3,0,3,0.010029319673776627,0
molecola_10227,4,0,4,0.0022085905075073242,0
molecola_10227,5,0,5,0.004934544675052166,0
molecola_10227,6,0,6,0.002267494797706604,0
molecola_10227,7,0,7,0.017313174903392792,0
molecola_10227,8,0,8,0.008374523371458054,0
molecola_10227,9,1,9,0.991419792175293,1
molecola_10227,10,0,10,0.002182592870667577,0
molecola_10227,11,0,11,0.8823665976524353,1
molecola_10227,12,0,12,0.002041334519162774,0
molecola_10227,13,0,13,0.0016513930168002844,0
molecola_10227,14,0,14,0.00166725751478225,0
molecola_10227,15,0,15,0.0016420627944171429,0
molecola_10227,16,0,16,0.0016416078433394432,0
molecola_10227,17,0,17,0.0016420346219092607,0
molecola_10227,18,0,18,0.0016650852048769593,0
molecola_10227,19,0,19,0.0018413328798487782,0
molecola_10227,20,0,20,0.0020313910208642483,0
molecola_10227,21,0,21,0.0018413328798487782,0
molecola_10227,22,0,22,0.0016665348084643483,0
molecola_10227,23,0,23,0.0016491838032379746,0
molecola_10227,24,0,24,0.0016265172744169831,0
molecola_10227,25,0,25,0.0019351680530235171,0
molecola_10227,26,0,26,0.0023250344675034285,0
molecola_10227,27,0,27,0.004566683899611235,0
molecola_10227,28,0,28,0.005027574487030506,0
molecola_10227,29,0,29,0.004566683899611235,0
molecola_10227,30,0,30,0.0023250344675034285,0
molecola_10625,1,0,1,0.0015807314775884151,0
molecola_10625,2,0,2,0.001649763435125351,0
molecola_10625,3,0,3,0.0015807314775884151,0
molecola_10625,4,0,4,0.001623324817046523,0
molecola_10625,5,0,5,0.0016510990681126714,0
molecola_10625,6,0,6,0.001705232192762196,0
molecola_10625,7,0,7,0.0026221654843539,0
molecola_10625,8,0,8,0.0028391596861183643,0
molecola_10625,9,0,9,0.0017740846378728747,0
molecola_10625,10,0,10,0.0028391596861183643,0
molecola_10625,11,0,11,0.0026221654843539,0
molecola_10625,12,0,12,0.0021487039048224688,0
molecola_10625,13,0,13,0.001755216741003096,0
molecola_10625,14,0,14,0.001753443037159741,0
molecola_10625,15,0,15,0.0025017240550369024,0
molecola_10625,16,0,16,0.0025623622350394726,0
molecola_10625,17,0,17,0.02751886658370495,0
molecola_10625,18,0,18,0.010812208987772465,0
molecola_10625,19,1,19,0.9914782643318176,1
molecola_10625,20,0,20,0.0037408112548291683,0
molecola_10625,21,0,21,0.0017599327256903052,0
molecola_10625,22,0,22,0.0021500354632735252,0
molecola_10625,23,0,23,0.0017554288497194648,0
molecola_10625,24,0,24,0.0017557080136612058,0
molecola_10625,25,0,25,0.002622694242745638,0
molecola_10625,26,0,26,0.0026101660914719105,0
molecola_10625,27,0,27,0.002566140377894044,0
molecola_10625,28,0,28,0.002588515868410468,0
molecola_10625,29,0,29,0.0018448532791808248,0
molecola_10625,30,0,30,0.0025606942363083363,0
molecola_10625,31,0,31,0.00254390318877995,0
molecola_10673,1,0,1,0.0017827128758653998,0
molecola_10673,2,0,2,0.0015977701405063272,0
molecola_10673,3,0,3,0.001695900922641158,0
molecola_10673,4,0,4,0.0017413790337741375,0
molecola_10673,5,0,5,0.0019037601305171847,0
molecola_10673,6,0,6,0.0022711569909006357,0
molecola_10673,7,0,7,0.002458209404721856,0
molecola_10673,8,0,8,0.002867563394829631,0
molecola_10673,9,0,9,0.003502065548673272,0
molecola_10673,10,0,10,0.028647487983107567,0
molecola_10673,11,0,11,0.012083394452929497,0
molecola_10673,12,1,12,0.9914782643318176,1
molecola_10673,13,0,13,0.00511315418407321,0
molecola_10673,14,0,14,0.0032531453762203455,0
molecola_10673,15,0,15,0.0023653260432183743,0
molecola_10673,16,0,16,0.0022395974956452847,0
molecola_10673,17,0,17,0.0025854092091321945,0
molecola_10673,18,0,18,0.002563801594078541,0
molecola_10673,19,0,19,0.0025926297530531883,0
molecola_10673,20,0,20,0.0018435496604070067,0
molecola_10673,21,0,21,0.002406373852863908,0
molecola_10673,22,0,22,0.0019167755963280797,0
molecola_10760,1,0,1,0.002480744617059827,0
molecola_10760,2,0,2,0.002486572368070483,0
molecola_10760,3,0,3,0.0027204949874430895,0
molecola_10760,4,0,4,0.0021728230640292168,0
molecola_10760,5,0,5,0.0019360745791345835,0
molecola_10760,6,0,6,0.0024699687492102385,0
molecola_10760,7,0,7,0.0022048086393624544,0
molecola_10760,8,0,8,0.0017902129329741001,0
molecola_10760,9,0,9,0.0017805657116696239,0
molecola_10760,10,0,10,0.0017597191035747528,0
molecola_10760,11,0,11,0.0021048407070338726,0
molecola_10760,12,0,12,0.0022907156962901354,0
molecola_10760,13,0,13,0.00406724913045764,0
molecola_10760,14,0,14,0.004338691011071205,0
molecola_10760,15,0,15,0.028367215767502785,0
molecola_10760,16,0,16,0.012083228677511215,0
molecola_10760,17,1,17,0.9914782643318176,1
molecola_10760,18,0,18,0.007448034361004829,0
molecola_10760,19,0,19,0.003580175107344985,0
molecola_10760,20,0,20,0.0020664690528064966,0
molecola_10760,21,0,21,0.0018018073169514537,0
molecola_10760,22,0,22,0.0019001195905730128,0
molecola_12071,1,1,1,0.9914872646331787,1
molecola_12071,2,0,2,0.010595448315143585,0
molecola_12071,3,0,3,0.015756480395793915,0
molecola_12071,4,0,4,0.0024445748422294855,0
molecola_12071,5,0,5,0.001652511302381754,0
molecola_12071,6,0,6,0.0026050196029245853,0
molecola_12071,7,0,7,0.0036633554846048355,0
molecola_12071,8,0,8,0.0016991103766486049,0
molecola_12071,9,0,9,0.0016109133139252663,0
molecola_12071,10,0,10,0.0016109133139252663,0
molecola_12071,11,0,11,0.0016109133139252663,0
molecola_12071,12,0,12,0.00196984619833529,0
molecola_12071,13,0,13,0.0015782868722453713,0
molecola_12071,14,0,14,0.0017370088025927544,0
molecola_12071,15,0,15,0.0016586572164669633,0
molecola_12071,16,0,16,0.0017370088025927544,0
molecola_12071,17,0,17,0.0015782868722453713,0
molecola_12874,1,0,1,0.0016454816795885563,0
molecola_12874,2,0,2,0.0016800465527921915,0
molecola_12874,3,0,3,0.0015910874353721738,0
molecola_12874,4,0,4,0.001610542181879282,0
molecola_12874,5,0,5,0.0015765295829623938,0
molecola_12874,6,0,6,0.0015765295829623938,0
molecola_12874,7,0,7,0.0016783542232587934,0
molecola_12874,8,0,8,0.0022587368730455637,0
molecola_12874,9,0,9,0.0030239280313253403,0
molecola_12874,10,0,10,0.0029712077230215073,0
molecola_12874,11,0,11,0.0019340980798006058,0
molecola_12874,12,0,12,0.0016416695434600115,0
molecola_12874,13,0,13,0.001870863838121295,0
molecola_12874,14,0,14,0.001989801647141576,0
molecola_12874,15,0,15,0.0026458371430635452,0
molecola_12874,16,0,16,0.002216010121628642,0
molecola_12874,17,0,17,0.0017873520264402032,0
molecola_12874,18,0,18,0.002308201277628541,0
molecola_12874,19,0,19,0.004027063492685556,0
molecola_12874,20,0,20,0.00327097624540329,0
molecola_12874,21,0,21,0.004027063492685556,0
molecola_12874,22,0,22,0.002308201277628541,0
molecola_12874,23,0,23,0.0024112723767757416,0
molecola_12874,24,0,24,0.004886984825134277,0
molecola_12874,25,0,25,0.012083228677511215,0
molecola_12874,26,1,26,0.9914782643318176,1
molecola_12874,27,0,27,0.020420636981725693,0
molecola_12874,28,0,28,0.002447426551952958,0
molecola_12874,29,0,29,0.0020719219464808702,0
molecola_12874,30,0,30,0.0017643858445808291,0
molecola_12874,31,0,31,0.0022836688440293074,0
molecola_12874,32,0,32,0.001980800414457917,0
molecola_12874,33,0,33,0.001980800414457917,0
molecola_13308,1,0,1,0.002029225928708911,0
molecola_13308,2,0,2,0.002946787513792515,0
molecola_13308,3,0,3,0.0024717613123357296,0
molecola_13308,4,0,4,0.002259469823911786,0
molecola_13308,5,0,5,0.0016768856439739466,0
molecola_13308,6,0,6,0.0017072154441848397,0
molecola_13308,7,0,7,0.0016651611076667905,0
molecola_13308,8,0,8,0.001860221615061164,0
molecola_13308,9,0,9,0.0030059858690947294,0
molecola_13308,10,0,10,0.00664873281493783,0
molecola_13308,11,1,11,0.9911590218544006,1
molecola_13308,12,0,12,0.001657205750234425,0
molecola_13308,13,0,13,0.002259280765429139,0
molecola_13308,14,0,14,0.0025723211001604795,0
molecola_13308,15,0,15,0.002588625531643629,0
molecola_13308,16,0,16,0.0018447795882821083,0
molecola_13308,17,0,17,0.0025723211001604795,0
molecola_13308,18,0,18,0.002259280765429139,0
molecola_1345,1,0,1,0.9914434552192688,1
molecola_1345,2,0,2,0.009935316629707813,0
molecola_1345,3,0,3,0.00809863954782486,0
molecola_1345,4,0,4,0.004414889495819807,0
molecola_1345,5,0,5,0.004775999579578638,0
molecola_1345,6,0,6,0.007749407086521387,0
molecola_1345,7,0,7,0.0119685223326087,0
molecola_1345,8,1,8,0.9914748668670654,1
molecola_1345,9,0,9,0.028041595593094826,0
molecola_1345,10,0,10,0.011038528755307198,0
molecola_1345,11,0,11,0.9914886951446533,1
molecola_1345,12,0,12,0.006660048384219408,0
molecola_1345,13,0,13,0.004898418672382832,0
molecola_1345,14,0,14,0.004053850658237934,0
molecola_1345,15,0,15,0.004606683272868395,0
molecola_1345,16,0,16,0.004232202190905809,0
molecola_1345,17,0,17,0.028482995927333832,0
molecola_1345,18,0,18,0.012198401615023613,0
molecola_1345,19,1,19,0.9914819002151489,1
molecola_1345,20,0,20,0.028482995927333832,0
molecola_1345,21,0,21,0.004232202190905809,0
molecola_13667,1,0,1,0.0016265212325379252,0
molecola_13667,2,0,2,0.0015788843156769872,0
molecola_13667,3,0,3,0.001985633745789528,0
molecola_13667,4,0,4,0.0015716501511633396,0
molecola_13667,5,0,5,0.0015925939660519361,0
molecola_13667,6,0,6,0.0016108143609017134,0
molecola_13667,7,0,7,0.0016110129654407501,0
molecola_13667,8,0,8,0.0017983561847358942,0
molecola_13667,9,0,9,0.001761804218403995,0
molecola_13667,10,0,10,0.7836024165153503,1
molecola_13667,11,0,11,0.0016423738561570644,0
molecola_13667,12,0,12,0.002259333385154605,0
molecola_13667,13,0,13,0.0022502162028104067,0
molecola_13667,14,0,14,0.0016569368308410048,0
molecola_13667,15,0,15,0.0015801243716850877,0
molecola_13667,16,0,16,0.0015742030227556825,0
molecola_13667,17,0,17,0.001671093050390482,0
molecola_13667,18,0,18,0.0018492672825232148,0
molecola_13667,19,0,19,0.0017806828254833817,0
molecola_13667,20,0,20,0.0038329041562974453,0
molecola_13667,21,1,21,0.9756346344947815,1
molecola_13667,22,0,22,0.002529117278754711,0
molecola_13667,23,0,23,0.0017051605973392725,0
molecola_13667,24,0,24,0.0015835952945053577,0
molecola_13667,25,0,25,0.0018007520120590925,0
molecola_13667,26,0,26,0.0016125215915963054,0
molecola_13667,27,0,27,0.0015769822057336569,0
molecola_13667,28,0,28,0.001996808685362339,0
molecola_13667,29,0,29,0.001728045055642724,0
molecola_13667,30,0,30,0.0018673234153538942,0
molecola_13713,1,0,1,0.0024826957378536463,0
molecola_13713,2,0,2,0.0025502683129161596,0
molecola_13713,3,0,3,0.0030817051883786917,0
molecola_13713,4,0,4,0.0040761977434158325,0
molecola_13713,5,0,5,0.003196239471435547,0
molecola_13713,6,0,6,0.0021964304614812136,0
molecola_13713,7,0,7,0.0017023187829181552,0
molecola_13713,8,0,8,0.002256136853247881,0
molecola_13713,9,0,9,0.0035378877073526382,0
molecola_13713,10,0,10,0.003288772189989686,0
molecola_13713,11,0,11,0.0017193852690979838,0
molecola_13713,12,0,12,0.0015944085316732526,0
molecola_13713,13,0,13,0.001924034208059311,0
molecola_13713,14,0,14,0.003342025214806199,0
molecola_13713,15,0,15,0.005667532328516245,0
molecola_13713,16,0,16,0.012640818022191525,0
molecola_13713,17,1,17,0.9914297461509705,1
molecola_13713,18,0,18,0.00497393449768424,0
molecola_13713,19,0,19,0.0026551419869065285,0
molecola_13713,20,0,20,0.002480744617059827,0
molecola_13713,21,0,21,0.0034745829179883003,0
molecola_13713,22,0,22,0.0025230844039469957,0
molecola_13713,23,0,23,0.002480744617059827,0
molecola_13713,24,0,24,0.0035064714029431343,0
molecola_13713,25,0,25,0.001593387103639543,0
molecola_13713,26,0,26,0.0018362822011113167,0
molecola_13713,27,0,27,0.001693939557299018,0
molecola_13713,28,0,28,0.0015819782856851816,0
molecola_13946,1,0,1,0.0024826957378536463,0
molecola_13946,2,0,2,0.002679857425391674,0
molecola_13946,3,0,3,0.00453388225287199,0
molecola_13946,4,0,4,0.002345466520637274,0
molecola_13946,5,0,5,0.0016575537156313658,0
molecola_13946,6,0,6,0.0022531053982675076,0
molecola_13946,7,0,7,0.018504885956645012,0
molecola_13946,8,0,8,0.01288043987005949,0
molecola_13946,9,1,9,0.9914318323135376,1
molecola_13946,10,0,10,0.0016520079225301743,0
molecola_13946,11,0,11,0.001669402001425624,0
molecola_13946,12,0,12,0.0016655345680192113,0
molecola_13946,13,0,13,0.0016022719210013747,0
molecola_13946,14,0,14,0.0016064743977040052,0
molecola_13946,15,0,15,0.0016740175196900964,0
molecola_13946,16,0,16,0.0016810840461403131,0
molecola_13946,17,0,17,0.0016416109865531325,0
molecola_13946,18,0,18,0.0016687249299138784,0
molecola_13946,19,0,19,0.0034220744855701923,0
molecola_13946,20,0,20,0.012636919505894184,0
molecola_13946,21,0,21,0.9914297461509705,1
molecola_13946,22,0,22,0.005009247921407223,0
molecola_13946,23,0,23,0.0026555019430816174,0
molecola_13946,24,0,24,0.002480744617059827,0
molecola_13946,25,0,25,0.0035006911493837833,0
molecola_13946,26,0,26,0.0025453169364482164,0
molecola_13946,27,0,27,0.0024826957378536463,0
molecola_13946,28,0,28,0.002335361670702696,0
molecola_14203,1,0,1,0.0018612365238368511,0
molecola_14203,2,0,2,0.0023503832053393126,0
molecola_14203,3,0,3,0.0030833198688924313,0
molecola_14203,4,0,4,0.7507249116897583,1
molecola_14203,5,0,5,0.023850223049521446,0
molecola_14203,6,1,6,0.9883147478103638,1
molecola_14203,7,0,7,0.004081978462636471,0
molecola_14203,8,0,8,0.0020453024189919233,0
molecola_14203,9,0,9,0.0015780756948515773,0
molecola_14203,10,0,10,0.0016408587107434869,0
molecola_14203,11,0,11,0.0018653052393347025,0
molecola_14203,12,0,12,0.0017245181370526552,0
molecola_15072,1,0,1,0.001621908973902464,0
molecola_15072,2,0,2,0.0015951647656038404,0
molecola_15072,3,0,3,0.001621908973902464,0
molecola_15072,4,0,4,0.002331435214728117,0
molecola_15072,5,0,5,0.002312412951141596,0
molecola_15072,6,0,6,0.004649111069738865,0
molecola_15072,7,0,7,0.004236925393342972,0
molecola_15072,8,0,8,0.0030707870610058308,0
molecola_15072,9,0,9,0.002513218903914094,0
molecola_15072,10,0,10,0.0029443171806633472,0
molecola_15072,11,0,11,0.0019626289140433073,0
molecola_15072,12,0,12,0.0016981782391667366,0
molecola_15072,13,0,13,0.0016941273352131248,0
molecola_15072,14,0,14,0.0016624238342046738,0
molecola_15072,15,0,15,0.001767028123140335,0
molecola_15072,16,0,16,0.001767028123140335,0
molecola_15072,17,0,17,0.012149418704211712,0
molecola_15072,18,0,18,0.03863124921917915,0
molecola_15072,19,1,19,0.983647882938385,1
molecola_15072,20,0,20,0.011890016496181488,0
molecola_15072,21,1,21,0.9840766787528992,1
molecola_16124,1,0,1,0.9150682091712952,1
molecola_16124,2,0,2,0.004456756170839071,0
molecola_16124,3,0,3,0.020242994651198387,0
molecola_16124,4,0,4,0.004080416169017553,0
molecola_16124,5,0,5,0.9165052175521851,1
molecola_16124,6,0,6,0.006787935271859169,0
molecola_16124,7,0,7,0.003324065590277314,0
molecola_16124,8,0,8,0.006288817618042231,0
molecola_16124,9,0,9,0.003991961479187012,0
molecola_16124,10,0,10,0.9163963794708252,1
molecola_16124,11,0,11,0.006417187862098217,0
molecola_16124,12,0,12,0.003780539147555828,0
molecola_16124,13,0,13,0.006555166095495224,0
molecola_16124,14,0,14,0.0035436111502349377,0
molecola_16124,15,0,15,0.004236012231558561,0
molecola_16124,16,0,16,0.028482995927333832,0
molecola_16124,17,0,17,0.012198400683701038,0
molecola_16124,18,1,18,0.9914819002151489,1
molecola_16124,19,0,19,0.028482995927333832,0
molecola_16124,20,0,20,0.004236012231558561,0
molecola_1618,1,0,1,0.0017209124052897096,0
molecola_1618,2,0,2,0.0015774867497384548,0
molecola_1618,3,0,3,0.0016226943116635084,0
molecola_1618,4,0,4,0.001869754632934928,0
molecola_1618,5,0,5,0.0017665605992078781,0
molecola_1618,6,0,6,0.0017665605992078781,0
molecola_1618,7,0,7,0.0016609311569482088,0
molecola_1618,8,0,8,0.0022493235301226377,0
molecola_1618,9,0,9,0.0023788590915501118,0
molecola_1618,10,0,10,0.00162431038916111,0
molecola_1618,11,0,11,0.0023788590915501118,0
molecola_1618,12,0,12,0.0022493235301226377,0
molecola_1618,13,0,13,0.00169701362028718,0
molecola_1618,14,0,14,0.0015700797084718943,0
molecola_1618,15,0,15,0.002099827863276005,0
molecola_1618,16,0,16,0.003840366844087839,0
molecola_1618,17,0,17,0.012083303183317184,0
molecola_1618,18,1,18,0.9914782643318176,1
molecola_1618,19,0,19,0.01797374151647091,0
molecola_1618,20,0,20,0.0023826835677027702,0
molecola_1618,21,0,21,0.0017499810783192515,0
molecola_1618,22,0,22,0.0016610728343948722,0
molecola_1618,23,0,23,0.0017212532693520188,0
molecola_16248,1,0,1,0.006011560559272766,0
molecola_16248,2,0,2,0.002202914096415043,0
molecola_16248,3,1,3,0.8814050555229187,1
molecola_16248,4,0,4,0.00208872533403337,0
molecola_16248,5,0,5,0.0015865345485508442,0
molecola_16248,6,0,6,0.0016471375711262226,0
molecola_16248,7,0,7,0.00172987615223974,0
molecola_16248,8,0,8,0.0023092576302587986,0
molecola_16248,9,0,9,0.0019698713440448046,0
molecola_16248,10,0,10,0.0017817713087424636,0
molecola_16248,11,0,11,0.002371883951127529,0
molecola_16248,12,0,12,0.004370145034044981,0
molecola_16248,13,0,13,0.004376791417598724,0
molecola_16248,14,0,14,0.002251434838399291,0
molecola_16248,15,0,15,0.0016444000648334622,0
molecola_16378,1,0,1,0.0016360795125365257,0
molecola_16378,2,0,2,0.001601138967089355,0
molecola_16378,3,0,3,0.001565692713484168,0
molecola_16378,4,0,4,0.0017632808303460479,0
molecola_16378,5,0,5,0.0016798689030110836,0
molecola_16378,6,0,6,0.0015661042416468263,0
molecola_16378,7,0,7,0.0016130005242303014,0
molecola_16378,8,0,8,0.0016201016260311007,0
molecola_16378,9,0,9,0.001869023428298533,0
molecola_16378,10,0,10,0.00176640332210809,0
molecola_16378,11,0,11,0.00176640332210809,0
molecola_16378,12,0,12,0.0016255775699391961,0
molecola_16378,13,0,13,0.0015608393587172031,0
molecola_16378,14,0,14,0.0017728994134813547,0
molecola_16378,15,0,15,0.0017111387569457293,0
molecola_16378,16,0,16,0.0016142097301781178,0
molecola_16378,17,0,17,0.0019432117696851492,0
molecola_16378,18,0,18,0.0016113965539261699,0
molecola_16378,19,0,19,0.001607883838005364,0
molecola_16378,20,0,20,0.001666934578679502,0
molecola_16378,21,0,21,0.001724153757095337,0
molecola_16378,22,0,22,0.0015840870328247547,0
molecola_16378,23,0,23,0.0016648401506245136,0
molecola_16378,24,0,24,0.0016513554146513343,0
molecola_16378,25,0,25,0.0015876597026363015,0
molecola_16378,26,0,26,0.0017801184440031648,0
molecola_16378,27,0,27,0.0017004463588818908,0
molecola_16378,28,0,28,0.0024988283403217793,0
molecola_16378,29,0,29,0.003811371512711048,0
molecola_16378,30,1,30,0.9743506908416748,1
molecola_16378,31,0,31,0.0020418891217559576,0
molecola_16378,32,0,32,0.0017485488206148148,0
molecola_16378,33,0,33,0.0017485488206148148,0
molecola_16378,34,0,34,0.0017207781784236431,0
molecola_16378,35,0,35,0.0015644730301573873,0
molecola_16378,36,0,36,0.0016682110726833344,0
molecola_16378,37,0,37,0.0017253047553822398,0
molecola_16484,1,0,1,0.0024910802021622658,0
molecola_16484,2,0,2,0.0032652325462549925,0
molecola_16484,3,0,3,0.033957336097955704,0
molecola_16484,4,0,4,0.0020104071591049433,0
molecola_16484,5,0,5,0.002452211221680045,0
molecola_16484,6,0,6,0.003162719774991274,0
molecola_16484,7,0,7,0.003270628396421671,0
molecola_16484,8,0,8,0.018083233386278152,0
molecola_16484,9,0,9,0.004602148197591305,0
molecola_16484,10,0,10,0.91636723279953,1
molecola_16484,11,0,11,0.019601672887802124,0
molecola_16484,12,0,12,0.009086650796234608,0
molecola_16484,13,1,13,0.9914450645446777,1
molecola_16484,14,0,14,0.002083760919049382,0
molecola_16484,15,0,15,0.001704513095319271,0
molecola_16484,16,0,16,0.0017100208206102252,0
molecola_16484,17,0,17,0.0025656800717115402,0
molecola_16484,18,0,18,0.0026188367046415806,0
molecola_16484,19,0,19,0.0025091255083680153,0
molecola_16484,20,0,20,0.0021465138997882605,0
molecola_16484,21,0,21,0.0015779825625941157,0
molecola_16484,22,0,22,0.0016408587107434869,0
molecola_16484,23,0,23,0.002260018140077591,0
molecola_16484,24,0,24,0.002542889444157481,0
molecola_16484,25,0,25,0.0016818806761875749,0
molecola_16484,26,0,26,0.0016109133139252663,0
molecola_16484,27,0,27,0.0016109133139252663,0
molecola_16484,28,0,28,0.0016109133139252663,0
molecola_16586,1,0,1,0.8491338491439819,1
molecola_16586,2,0,2,0.001845622668042779,0
molecola_16586,3,0,3,0.0023462341632694006,0
molecola_16586,4,0,4,0.0015683479141443968,0
molecola_16586,5,0,5,0.0016826645005494356,0
molecola_16586,6,0,6,0.0016751574585214257,0
molecola_16586,7,0,7,0.0017118685645982623,0
molecola_16586,8,0,8,0.00156985386274755,0
molecola_16586,9,0,9,0.0051518576219677925,0
molecola_16586,10,0,10,0.0022543224040418863,0
molecola_16586,11,0,11,0.04188977926969528,0
molecola_16586,12,0,12,0.04209643974900246,0
molecola_16586,13,1,13,0.9836306571960449,1
molecola_16586,14,0,14,0.0418696291744709,0
molecola_16586,15,0,15,0.9836316108703613,1
molecola_16586,16,0,16,0.003518081735819578,0
molecola_16763,1,0,1,0.00620616041123867,0
molecola_16763,2,0,2,0.0020687514916062355,0
molecola_16763,3,1,3,0.8925051093101501,1
molecola_16763,4,0,4,0.0017025426495820284,0
molecola_16763,5,0,5,0.0016788248904049397,0
molecola_16763,6,0,6,0.0016067513497546315,0
molecola_16763,7,0,7,0.00202639470808208,0
molecola_16763,8,0,8,0.0018073252867907286,0
molecola_16763,9,0,9,0.0015716232592239976,0
molecola_16763,10,0,10,0.0016261340351775289,0
molecola_16763,11,0,11,0.0015614941949024796,0
molecola_16763,12,0,12,0.001591410138644278,0
molecola_16763,13,0,13,0.0015782380942255259,0
molecola_16763,14,0,14,0.0016129598952829838,0
molecola_16763,15,0,15,0.0016210003523156047,0
molecola_16763,16,0,16,0.0017888261936604977,0
molecola_16763,17,0,17,0.0017075511859729886,0
molecola_16763,18,0,18,0.0015879968414083123,0
molecola_16763,19,0,19,0.0015804530121386051,0
molecola_16763,20,0,20,0.0015967877116054296,0
molecola_16763,21,0,21,0.0015916737029328942,0
molecola_16763,22,0,22,0.0015719630755484104,0
molecola_16763,23,0,23,0.0016335330437868834,0
molecola_16763,24,0,24,0.0016588023863732815,0
molecola_16763,25,0,25,0.001652130507864058,0
molecola_16983,1,0,1,0.001707428484223783,0
molecola_16983,2,0,2,0.0016258058603852987,0
molecola_16983,3,0,3,0.001707428484223783,0
molecola_16983,4,0,4,0.0016898311441764235,0
molecola_16983,5,0,5,0.001580192823894322,0
molecola_16983,6,0,6,0.0017264072084799409,0
molecola_16983,7,0,7,0.0016109516145661473,0
molecola_16983,8,0,8,0.0018692315788939595,0
molecola_16983,9,0,9,0.001835644245147705,0
molecola_16983,10,0,10,0.0016361870802938938,0
molecola_16983,11,0,11,0.0019767305348068476,0
molecola_16983,12,0,12,0.0042062606662511826,0
molecola_16983,13,1,13,0.9664700031280518,1
molecola_16983,14,0,14,0.0015540162567049265,0
molecola_1727,1,0,1,0.0015877352561801672,0
molecola_1727,2,0,2,0.001595501322299242,0
molecola_1727,3,0,3,0.0015644573140889406,0
molecola_1727,4,0,4,0.001578622031956911,0
molecola_1727,5,0,5,0.0019748106133192778,0
molecola_1727,6,0,6,0.001578622031956911,0
molecola_1727,7,0,7,0.0015644573140889406,0
molecola_1727,8,0,8,0.001652511302381754,0
molecola_1727,9,0,9,0.0024290806613862514,0
molecola_1727,10,0,10,0.0038133400958031416,0
molecola_1727,11,0,11,0.0038917511701583862,0
molecola_1727,12,0,12,0.003304329700767994,0
molecola_1727,13,0,13,0.0032900040969252586,0
molecola_1727,14,0,14,0.0036684232763946056,0
molecola_1727,15,0,15,0.004055588040500879,0
molecola_1727,16,0,16,0.0023790844716131687,0
molecola_1727,17,0,17,0.00385865056887269,0
molecola_1727,18,0,18,0.0035337498411536217,0
molecola_1727,19,0,19,0.916720449924469,1
molecola_1727,20,0,20,0.004073134623467922,0
molecola_1727,21,0,21,0.002128871623426676,0
molecola_1727,22,0,22,0.0017639691941440105,0
molecola_1727,23,0,23,0.0024464104790240526,0
molecola_1727,24,0,24,0.01946396380662918,0
molecola_1727,25,0,25,0.010746846906840801,0
molecola_1727,26,1,26,0.99149489402771,1
molecola_1727,27,0,27,0.0045265620574355125,0
molecola_1727,28,0,28,0.0027109356597065926,0
molecola_1727,29,0,29,0.002919055288657546,0
molecola_1727,30,0,30,0.002847531111910939,0
molecola_17851,1,0,1,0.0016687822062522173,0
molecola_17851,2,0,2,0.0017418498173356056,0
molecola_17851,3,0,3,0.001641797018237412,0
molecola_17851,4,0,4,0.001576671376824379,0
molecola_17851,5,0,5,0.001609404687769711,0
molecola_17851,6,0,6,0.0016048309626057744,0
molecola_17851,7,0,7,0.001579397008754313,0
molecola_17851,8,0,8,0.0015733938198536634,0
molecola_17851,9,0,9,0.0017595280660316348,0
molecola_17851,10,0,10,0.0016177416546270251,0
molecola_17851,11,0,11,0.0016658533131703734,0
molecola_17851,12,0,12,0.0017479819944128394,0
molecola_17851,13,0,13,0.0016414367128163576,0
molecola_17851,14,0,14,0.0016344190808013082,0
molecola_17851,15,0,15,0.001578057650476694,0
molecola_17851,16,0,16,0.0016692675417289138,0
molecola_17851,17,0,17,0.002238926477730274,0
molecola_17851,18,1,18,0.9692783951759338,1
molecola_17851,19,0,19,0.0016096775652840734,0
molecola_17851,20,0,20,0.0015753612387925386,0
molecola_17851,21,0,21,0.0022057907190173864,0
molecola_17851,22,0,22,0.0038662459701299667,0
molecola_17851,23,1,23,0.9843407273292542,1
molecola_17851,24,0,24,0.0016325683100149035,0
molecola_17851,25,0,25,0.0016511792782694101,0
molecola_18032,1,0,1,0.0024826957378536463,0
molecola_18032,2,0,2,0.0026798180770128965,0
molecola_18032,3,0,3,0.005235453136265278,0
molecola_18032,4,0,4,0.005343873985111713,0
molecola_18032,5,0,5,0.004910778719931841,0
molecola_18032,6,0,6,0.00428235437721014,0
molecola_18032,7,0,7,0.0037609587889164686,0
molecola_18032,8,0,8,0.0034880454186350107,0
molecola_18032,9,0,9,0.0035943607799708843,0
molecola_18032,10,0,10,0.004179768264293671,0
molecola_18032,11,0,11,0.029272645711898804,0
molecola_18032,12,0,12,0.040152113884687424,0
molecola_18032,13,1,13,0.9836400151252747,1
molecola_18032,14,0,14,0.04487687349319458,0
molecola_18032,15,1,15,0.9835456609725952,1
molecola_18482,1,0,1,0.002484128577634692,0
molecola_18482,2,0,2,0.002566607901826501,0
molecola_18482,3,0,3,0.0030235571321099997,0
molecola_18482,4,0,4,0.004140881821513176,0
molecola_18482,5,0,5,0.002275190781801939,0
molecola_18482,6,0,6,0.004924774169921875,0
molecola_18482,7,0,7,0.002275190781801939,0
molecola_18482,8,0,8,0.004140881821513176,0
molecola_18482,9,0,9,0.002283287700265646,0
molecola_18482,10,1,10,0.8977362513542175,1
molecola_18482,11,0,11,0.00188294833060354,0
molecola_18482,12,0,12,0.001995241502299905,0
molecola_18518,1,1,1,0.9914788603782654,1
molecola_18518,2,0,2,0.0120598915964365,0
molecola_18518,3,0,3,0.013531544245779514,0
molecola_18518,4,0,4,0.0022688480094075203,0
molecola_18518,5,0,5,0.001615435117855668,0
molecola_18518,6,0,6,0.0016437802696600556,0
molecola_18518,7,0,7,0.0015597236342728138,0
molecola_18518,8,0,8,0.0017200976144522429,0
molecola_18518,9,0,9,0.001653913059271872,0
molecola_18518,10,0,10,0.0015885487664490938,0
molecola_18518,11,0,11,0.0015706673730164766,0
molecola_18518,12,0,12,0.0016525537939742208,0
molecola_18518,13,0,13,0.0022336384281516075,0
molecola_18518,14,0,14,0.004376791417598724,0
molecola_18518,15,0,15,0.004999643657356501,0
molecola_18518,16,0,16,0.00271611544303596,0
molecola_18518,17,0,17,0.0019717980176210403,0
molecola_18518,18,0,18,0.002130010398104787,0
molecola_18518,19,0,19,0.002079993486404419,0
molecola_18518,20,0,20,0.0038613255601376295,0
molecola_18576,1,0,1,0.0019228807650506496,0
molecola_18576,2,0,2,0.0018309757579118013,0
molecola_18576,3,0,3,0.003055653301998973,0
molecola_18576,4,0,4,0.0028310834895819426,0
molecola_18576,5,0,5,0.004302606452256441,0
molecola_18576,6,0,6,0.027160486206412315,0
molecola_18576,7,0,7,0.012083019129931927,0
molecola_18576,8,1,8,0.9914782643318176,1
molecola_18576,9,0,9,0.007553665898740292,0
molecola_18576,10,0,10,0.0030764867551624775,0
molecola_18576,11,0,11,0.0028710232581943274,0
molecola_18576,12,0,12,0.0017754929140210152,0
molecola_18576,13,0,13,0.0016899831825867295,0
molecola_18576,14,0,14,0.0015918025746941566,0
molecola_18576,15,0,15,0.0016386454226449132,0
molecola_18576,16,0,16,0.0016198123339563608,0
molecola_18576,17,0,17,0.0015732041792944074,0
molecola_18576,18,0,18,0.0019227801822125912,0
molecola_18576,19,0,19,0.0023024892434477806,0
molecola_18576,20,0,20,0.004072664771229029,0
molecola_18576,21,0,21,0.003113874699920416,0
molecola_18576,22,0,22,0.0025504454970359802,0
molecola_18576,23,0,23,0.0024826957378536463,0
molecola_18576,24,0,24,0.002996675902977586,0
molecola_18576,25,0,25,0.0022912234999239445,0
molecola_18576,26,0,26,0.004330167546868324,0
molecola_18576,27,0,27,0.003954165615141392,0
molecola_18576,28,0,28,0.003954165615141392,0
molecola_18576,29,0,29,0.003134131198748946,0
molecola_18635,1,0,1,0.0018544914200901985,0
molecola_18635,2,0,2,0.001728170900605619,0
molecola_18635,3,0,3,0.0018160759937018156,0
molecola_18635,4,0,4,0.0019144709222018719,0
molecola_18635,5,0,5,0.001762401545420289,0
molecola_18635,6,0,6,0.0025762561708688736,0
molecola_18635,7,0,7,0.0037100575864315033,0
molecola_18635,8,0,8,0.0030875937081873417,0
molecola_18635,9,0,9,0.0032713962718844414,0
molecola_18635,10,0,10,0.0037500387988984585,0
molecola_18635,11,0,11,0.00396718131378293,0
molecola_18635,12,0,12,0.028697779402136803,0
molecola_18635,13,0,13,0.012083224020898342,0
molecola_18635,14,1,14,0.9914782643318176,1
molecola_18635,15,0,15,0.007854610681533813,0
molecola_18635,16,0,16,0.003303290344774723,0
molecola_18635,17,0,17,0.0021318448707461357,0
molecola_18635,18,0,18,0.0023371907882392406,0
molecola_18635,19,0,19,0.0018372890772297978,0
molecola_18635,20,0,20,0.0018201301572844386,0
molecola_18635,21,0,21,0.0016587014542892575,0
molecola_18635,22,0,22,0.0016530290013179183,0
molecola_18635,23,0,23,0.0016530290013179183,0
molecola_18979,1,0,1,0.001696513732895255,0
molecola_18979,2,0,2,0.0015612593851983547,0
molecola_18979,3,0,3,0.0016704965382814407,0
molecola_18979,4,0,4,0.0015654624439775944,0
molecola_18979,5,0,5,0.001578634837642312,0
molecola_18979,6,0,6,0.001975039951503277,0
molecola_18979,7,0,7,0.001578634837642312,0
molecola_18979,8,0,8,0.0015654624439775944,0
molecola_18979,9,0,9,0.0016526591498404741,0
molecola_18979,10,0,10,0.00243012560531497,0
molecola_18979,11,0,11,0.0030524719040840864,0
molecola_18979,12,0,12,0.003993520047515631,0
molecola_18979,13,0,13,0.002737423637881875,0
molecola_18979,14,0,14,0.003923156764358282,0
molecola_18979,15,0,15,0.002767841797322035,0
molecola_18979,16,0,16,0.0016257973620668054,0
molecola_18979,17,0,17,0.0028680190443992615,0
molecola_18979,18,0,18,0.003997806925326586,0
molecola_18979,19,0,19,0.0029497197829186916,0
molecola_18979,20,0,20,0.001698457752354443,0
molecola_18979,21,0,21,0.0015749690355733037,0
molecola_18979,22,0,22,0.001677882974036038,0
molecola_18979,23,0,23,0.0017170225037261844,0
molecola_18979,24,0,24,0.0016970322467386723,0
molecola_18979,25,0,25,0.0023532856721431017,0
molecola_18979,26,0,26,0.0028410342056304216,0
molecola_18979,27,0,27,0.0019212983315810561,0
molecola_18979,28,0,28,0.008631592616438866,0
molecola_18979,29,1,29,0.991438627243042,1
molecola_18979,30,0,30,0.0068699633702635765,0
molecola_18979,31,0,31,0.0029421886429190636,0
molecola_18979,32,0,32,0.00254161492921412,0
molecola_18979,33,0,33,0.0024826957378536463,0
molecola_18979,34,0,34,0.002239069202914834,0
molecola_18979,35,0,35,0.0017903210828080773,0
molecola_18979,36,0,36,0.0030524719040840864,0
molecola_18979,37,0,37,0.00243012560531497,0
molecola_19622,1,0,1,0.0024826957378536463,0
molecola_19622,2,0,2,0.0026798180770128965,0
molecola_19622,3,0,3,0.004537361208349466,0
molecola_19622,4,0,4,0.004518940579146147,0
molecola_19622,5,0,5,0.004006219562143087,0
molecola_19622,6,0,6,0.0027243192307651043,0
molecola_19622,7,0,7,0.004021758213639259,0
molecola_19622,8,0,8,0.0029310095123946667,0
molecola_19622,9,0,9,0.0023760239128023386,0
molecola_19622,10,0,10,0.0018480477156117558,0
molecola_19622,11,0,11,0.0017382915830239654,0
molecola_19622,12,0,12,0.0021808904130011797,0
molecola_19622,13,0,13,0.002413756912574172,0
molecola_19622,14,0,14,0.0039978413842618465,0
molecola_19622,15,0,15,0.0030237827450037003,0
molecola_19622,16,0,16,0.003715654369443655,0
molecola_19622,17,0,17,0.0031709205359220505,0
molecola_19622,18,0,18,0.0029244201723486185,0
molecola_19622,19,0,19,0.0016707327449694276,0
molecola_19622,20,0,20,0.0018292180029675364,0
molecola_19622,21,0,21,0.0018292180029675364,0
molecola_19622,22,0,22,0.001970364712178707,0
molecola_19622,23,0,23,0.0017377901822328568,0
molecola_19622,24,0,24,0.0018309757579118013,0
molecola_19622,25,0,25,0.003225201042369008,0
molecola_19622,26,0,26,0.0026866525877267122,0
molecola_19622,27,0,27,0.0024812910705804825,0
molecola_19622,28,0,28,0.004518940579146147,0
molecola_19622,29,0,29,0.004537361208349466,0
molecola_19622,30,0,30,0.0026798180770128965,0
molecola_19622,31,0,31,0.0024826957378536463,0
molecola_19622,32,0,32,0.013505014590919018,0
molecola_19622,33,1,33,0.991302490234375,1
molecola_19929,1,0,1,0.0016939507331699133,0
molecola_19929,2,0,2,0.0016646754229441285,0
molecola_19929,3,0,3,0.0016220887191593647,0
molecola_19929,4,0,4,0.0016220887191593647,0
molecola_19929,5,0,5,0.002348460955545306,0
molecola_19929,6,0,6,0.00235446123406291,0
molecola_19929,7,0,7,0.0020729771349579096,0
molecola_19929,8,0,8,0.0017649527871981263,0
molecola_19929,9,0,9,0.002425135811790824,0
molecola_19929,10,0,10,0.003814100753515959,0
molecola_19929,11,0,11,0.002984423190355301,0
molecola_19929,12,0,12,0.00444223266094923,0
molecola_19929,13,0,13,0.0038907346315681934,0
molecola_19929,14,0,14,0.004178258124738932,0
molecola_19929,15,0,15,0.00790941622108221,0
molecola_19929,16,0,16,0.01208321750164032,0
molecola_19929,17,1,17,0.9914782643318176,1
molecola_19929,18,0,18,0.028476016595959663,0
molecola_19929,19,0,19,0.0038681321311742067,0
molecola_19929,20,0,20,0.004591354634612799,0
molecola_19929,21,0,21,0.004124352242797613,0
molecola_19929,22,0,22,0.0049342499114573,0
molecola_19929,23,0,23,0.0043762181885540485,0
molecola_19929,24,0,24,0.0048960368148982525,0
molecola_19929,25,0,25,0.003998078405857086,0
molecola_19929,26,0,26,0.003803245723247528,0
molecola_19929,27,0,27,0.002707282081246376,0
molecola_19929,28,0,28,0.002010575495660305,0
molecola_19929,29,0,29,0.0026989600155502558,0
molecola_19929,30,0,30,0.002421512734144926,0
molecola_19929,31,0,31,0.002421512734144926,0
molecola_19929,32,0,32,0.003998078405857086,0
molecola_19929,33,0,33,0.004896036349236965,0
molecola_20354,1,0,1,0.0016083071241155267,0
molecola_20354,2,0,2,0.0016016039298847318,0
molecola_20354,3,0,3,0.0015544825000688434,0
molecola_20354,4,0,4,0.0016288760816678405,0
molecola_20354,5,0,5,0.0015964136691763997,0
molecola_20354,6,0,6,0.001571573899127543,0
molecola_20354,7,0,7,0.002027512528002262,0
molecola_20354,8,0,8,0.0037270288448780775,0
molecola_20354,9,1,9,0.9741373062133789,1
molecola_20354,10,0,10,0.0017542702844366431,0
molecola_20354,11,0,11,0.00156451016664505,0
molecola_20354,12,0,12,0.0015744975535199046,0
molecola_20354,13,0,13,0.0016938266344368458,0
molecola_20354,14,0,14,0.001610016217455268,0
molecola_20354,15,0,15,0.0017907003639265895,0
molecola_20354,16,0,16,0.0016238248208537698,0
molecola_20354,17,0,17,0.0015710127772763371,0
molecola_20354,18,0,18,0.0017235513078048825,0
molecola_20354,19,0,19,0.0023665856570005417,0
molecola_20354,20,0,20,0.0031596573535352945,0
molecola_20354,21,0,21,0.020414158701896667,0
molecola_20354,22,0,22,0.008049124851822853,0
molecola_20354,23,0,23,0.008049124851822853,0
molecola_20354,24,0,24,0.009535802528262138,0
molecola_20354,25,0,25,0.0015987883089110255,0
molecola_20354,26,0,26,0.0016596075147390366,0
molecola_20354,27,0,27,0.001594984089024365,0
molecola_20541,1,0,1,0.002483900636434555,0
molecola_20541,2,0,2,0.0025622171815484762,0
molecola_20541,3,0,3,0.003020352218300104,0
molecola_20541,4,0,4,0.0029638404957950115,0
molecola_20541,5,0,5,0.0024670157581567764,0
molecola_20541,6,0,6,0.0017030815361067653,0
molecola_20541,7,0,7,0.0017752673011273146,0
molecola_20541,8,0,8,0.0017077804077416658,0
molecola_20541,9,0,9,0.0017522915732115507,0
molecola_20541,10,0,10,0.0017065159045159817,0
molecola_20541,11,0,11,0.0016975743928924203,0
molecola_20541,12,0,12,0.0018080875743180513,0
molecola_20541,13,0,13,0.0018433874938637018,0
molecola_20541,14,0,14,0.0017110572662204504,0
molecola_20541,15,0,15,0.0017600473947823048,0
molecola_20541,16,0,16,0.0025215859059244394,0
molecola_20541,17,0,17,0.002485271543264389,0
molecola_20541,18,0,18,0.002569959731772542,0
molecola_20541,19,0,19,0.002588625531643629,0
molecola_20541,20,0,20,0.0018447795882821083,0
molecola_20541,21,0,21,0.002569959731772542,0
molecola_20541,22,0,22,0.002485271543264389,0
molecola_20541,23,0,23,0.0021257204934954643,0
molecola_20541,24,0,24,0.00313747301697731,0
molecola_20541,25,0,25,0.0024535786360502243,0
molecola_20541,26,0,26,0.005219805985689163,0
molecola_20541,27,0,27,0.004574087914079428,0
molecola_20541,28,1,28,0.9698054790496826,1
molecola_20541,29,0,29,0.0023874808102846146,0
molecola_20541,30,0,30,0.002527190838009119,0
molecola_20541,31,0,31,0.0026192390359938145,0
molecola_20541,32,0,32,0.004819490015506744,0
molecola_20541,33,0,33,0.004046741407364607,0
molecola_20898,1,1,1,0.9914318323135376,1
molecola_20898,2,0,2,0.012893760576844215,0
molecola_20898,3,0,3,0.02814836986362934,0
molecola_20898,4,0,4,0.00510994391515851,0
molecola_20898,5,0,5,0.004934799857437611,0
molecola_20898,6,0,6,0.00582596380263567,0
molecola_20898,7,0,7,0.004276689141988754,0
molecola_20898,8,0,8,0.003932357765734196,0
molecola_20898,9,0,9,0.0015993333654478192,0
molecola_20898,10,0,10,0.0017756104934960604,0
molecola_20898,11,0,11,0.0015897079138085246,0
molecola_20898,12,0,12,0.0016722630243748426,0
molecola_20898,13,0,13,0.0017182808369398117,0
molecola_20898,14,0,14,0.001837815740145743,0
molecola_20898,15,0,15,0.0016634078929200768,0
molecola_21170,1,1,1,0.9914707541465759,1
molecola_21170,2,0,2,0.011418333277106285,0
molecola_21170,3,0,3,0.007122224196791649,0
molecola_21170,4,0,4,0.004577578045427799,0
molecola_21170,5,0,5,0.0027492674998939037,0
molecola_21170,6,0,6,0.0022058465983718634,0
molecola_21170,7,0,7,0.002307088114321232,0
molecola_21170,8,0,8,0.0016224124701693654,0
molecola_21170,9,0,9,0.0016908507095649838,0
molecola_21170,10,0,10,0.0016895473236218095,0
molecola_21170,11,0,11,0.0016066787065938115,0
molecola_21170,12,0,12,0.0015751003520563245,0
molecola_21170,13,0,13,0.0016810473753139377,0
molecola_21170,14,0,14,0.0016601819079369307,0
molecola_21170,15,0,15,0.0016810473753139377,0
molecola_21170,16,0,16,0.0015751003520563245,0
molecola_21170,17,0,17,0.003648745361715555,0
molecola_21170,18,0,18,0.004705189261585474,0
molecola_21170,19,0,19,0.003633537795394659,0
molecola_21170,20,0,20,0.0033229945693165064,0
molecola_21170,21,0,21,0.004440625663846731,0
molecola_21170,22,0,22,0.005891233216971159,0
molecola_21181,1,0,1,0.9165052175521851,1
molecola_21181,2,0,2,0.004080191720277071,0
molecola_21181,3,0,3,0.003744573565199971,0
molecola_21181,4,0,4,0.0026130813639611006,0
molecola_21181,5,0,5,0.0018394958460703492,0
molecola_21181,6,0,6,0.0023466250859200954,0
molecola_21181,7,0,7,0.002098820870742202,0
molecola_21181,8,0,8,0.003650203812867403,0
molecola_21181,9,0,9,0.0035400367341935635,0
molecola_21181,10,0,10,0.002089474117383361,0
molecola_21181,11,0,11,0.0016553914174437523,0
molecola_21181,12,0,12,0.0016498483018949628,0
molecola_21181,13,0,13,0.0016558896750211716,0
molecola_21181,14,0,14,0.001952699269168079,0
molecola_21181,15,0,15,0.0017797083128243685,0
molecola_21181,16,1,16,0.8676021099090576,1
molecola_21181,17,0,17,0.0016775754047557712,0
molecola_21181,18,1,18,0.5594313144683838,1
molecola_21181,19,0,19,0.0017864557448774576,0
molecola_21181,20,0,20,0.0015702276723459363,0
molecola_21480,1,0,1,0.001845016609877348,0
molecola_21480,2,0,2,0.0017639674479141831,0
molecola_21480,3,0,3,0.001845016609877348,0
molecola_21480,4,0,4,0.0017976348754018545,0
molecola_21480,5,0,5,0.0016396468272432685,0
molecola_21480,6,0,6,0.0016264182049781084,0
molecola_21480,7,0,7,0.0019485682714730501,0
molecola_21480,8,0,8,0.00232563610188663,0
molecola_21480,9,0,9,0.002525774296373129,0
molecola_21480,10,0,10,0.002976352348923683,0
molecola_21480,11,0,11,0.0018457648111507297,0
molecola_21480,12,0,12,0.008261793293058872,0
molecola_21480,13,1,13,0.9914105534553528,1
molecola_21480,14,0,14,0.00363590894266963,0
molecola_21638,1,0,1,0.0016162691172212362,0
molecola_21638,2,0,2,0.001661605783738196,0
molecola_21638,3,0,3,0.0015581472543999553,0
molecola_21638,4,0,4,0.0016793308313935995,0
molecola_21638,5,0,5,0.0015614547301083803,0
molecola_21638,6,0,6,0.0018622962525114417,0
molecola_21638,7,0,7,0.0023112779017537832,0
molecola_21638,8,0,8,0.002273916034027934,0
molecola_21638,9,0,9,0.002004768466576934,0
molecola_21638,10,0,10,0.001610229373909533,0
molecola_21638,11,0,11,0.001694624894298613,0
molecola_21638,12,0,12,0.0016882256604731083,0
molecola_21638,13,0,13,0.0016073434380814433,0
molecola_21638,14,0,14,0.001574919675476849,0
molecola_21638,15,0,15,0.0015926986234262586,0
molecola_21638,16,0,16,0.0017239436274394393,0
molecola_21638,17,0,17,0.0015926986234262586,0
molecola_21638,18,0,18,0.001574919675476849,0
molecola_21638,19,0,19,0.0016621019458398223,0
molecola_21638,20,0,20,0.0024068134371191263,0
molecola_21638,21,0,21,0.0027197834569960833,0
molecola_21638,22,0,22,0.02762030065059662,0
molecola_21638,23,0,23,0.008373739197850227,0
molecola_21638,24,1,24,0.9914182424545288,1
molecola_21638,25,0,25,0.0029735914431512356,0
molecola_21638,26,0,26,0.0018457648111507297,0
molecola_21638,27,0,27,0.0024010364431887865,0
molecola_21638,28,0,28,0.002273916034027934,0
molecola_21638,29,0,29,0.0023112779017537832,0
molecola_21638,30,0,30,0.0015557841397821903,0
molecola_21638,31,0,31,0.0016965920804068446,0
molecola_21638,32,0,32,0.0015808939933776855,0
molecola_22036,1,0,1,0.001993810059502721,0
molecola_22036,2,0,2,0.002228598576039076,0
molecola_22036,3,0,3,0.002596046542748809,0
molecola_22036,4,0,4,0.016944395378232002,0
molecola_22036,5,0,5,0.002099077682942152,0
molecola_22036,6,1,6,0.894463062286377,1
molecola_22036,7,0,7,0.0026151735801249743,0
molecola_22036,8,0,8,0.001861150492914021,0
molecola_22036,9,0,9,0.0022541636135429144,0
molecola_22186,1,0,1,0.0017437695059925318,0
molecola_22186,2,0,2,0.0015802800189703703,0
molecola_22186,3,0,3,0.002228874247521162,0
molecola_22186,4,0,4,0.001585234422236681,0
molecola_22186,5,0,5,0.001616147463209927,0
molecola_22186,6,0,6,0.0016067941905930638,0
molecola_22186,7,0,7,0.0016067941905930638,0
molecola_22186,8,0,8,0.0019343448802828789,0
molecola_22186,9,0,9,0.8515453934669495,1
molecola_22186,10,0,10,0.0022486825473606586,0
molecola_22186,11,0,11,0.0022457584273070097,0
molecola_22186,12,0,12,0.016867371276021004,0
molecola_22186,13,0,13,0.010746846906840801,0
molecola_22186,14,1,14,0.99149489402771,1
molecola_22186,15,0,15,0.004240489564836025,0
molecola_22186,16,0,16,0.0028230114839971066,0
molecola_22186,17,0,17,0.00299845146946609,0
molecola_22186,18,0,18,0.0029350686818361282,0
molecola_22186,19,0,19,0.0030849326867610216,0
molecola_22186,20,0,20,0.00322671583853662,0
molecola_22186,21,0,21,0.002180670388042927,0
molecola_22294,1,1,1,0.9913329482078552,1
molecola_22294,2,0,2,0.006743753794580698,0
molecola_22294,3,0,3,0.0038376462180167437,0
molecola_22294,4,0,4,0.0019330269424244761,0
molecola_22294,5,0,5,0.002524809679016471,0
molecola_22294,6,0,6,0.0016965088434517384,0
molecola_22294,7,0,7,0.002524809679016471,0
molecola_22294,8,0,8,0.0038376462180167437,0
molecola_22294,9,0,9,0.0019330269424244761,0
molecola_22294,10,0,10,0.0016965250251814723,0
molecola_22294,11,0,11,0.0016891338163986802,0
molecola_22294,12,0,12,0.0016421856125816703,0
molecola_22294,13,0,13,0.0015849039191380143,0
molecola_22294,14,0,14,0.002869614865630865,0
molecola_22294,15,0,15,0.0023557620588690042,0
molecola_22294,16,0,16,0.0023557620588690042,0
molecola_22294,17,0,17,0.0023410902358591557,0
molecola_22294,18,0,18,0.0030557564459741116,0
molecola_22294,19,0,19,0.00504168588668108,0
molecola_22294,20,0,20,0.004325850401073694,0
molecola_22294,21,0,21,0.0023343851789832115,0
molecola_22294,22,0,22,0.0016342004528269172,0
molecola_2255,1,1,1,0.9698036909103394,1
molecola_2255,2,0,2,0.004557112697511911,0
molecola_2255,3,0,3,0.0023964140564203262,0
molecola_2255,4,0,4,0.002448868239298463,0
molecola_2255,5,0,5,0.004264413844794035,0
molecola_2255,6,0,6,0.0024960737209767103,0
molecola_2255,7,0,7,0.0019369315123185515,0
molecola_2255,8,0,8,0.002335830358788371,0
molecola_2255,9,0,9,0.001967362593859434,0
molecola_2255,10,0,10,0.0018897436093539,0
molecola_2255,11,0,11,0.0020775836892426014,0
molecola_2255,12,0,12,0.001930632977746427,0
molecola_2255,13,0,13,0.0021476582624018192,0
molecola_22646,1,1,1,0.9698054790496826,1
molecola_22646,2,0,2,0.004574105143547058,0
molecola_22646,3,0,3,0.005152458790689707,0
molecola_22646,4,0,4,0.0024537749122828245,0
molecola_22646,5,0,5,0.004074154421687126,0
molecola_22646,6,0,6,0.004251367878168821,0
molecola_22646,7,0,7,0.004074154421687126,0
molecola_22646,8,0,8,0.0024537749122828245,0
molecola_22646,9,0,9,0.004263770300894976,0
molecola_22646,10,0,10,0.004098640754818916,0
molecola_22646,11,0,11,0.005060420837253332,0
molecola_22646,12,0,12,0.005017956253141165,0
molecola_22646,13,0,13,0.005031268112361431,0
molecola_22646,14,0,14,0.004048302303999662,0
molecola_22786,1,1,1,0.9914182424545288,1
molecola_22786,2,0,2,0.008373739197850227,0
molecola_22786,3,0,3,0.028733043000102043,0
molecola_22786,4,0,4,0.0036501067224889994,0
molecola_22786,5,0,5,0.0036102300509810448,0
molecola_22786,6,0,6,0.0024400348775088787,0
molecola_22786,7,0,7,0.0029745360370725393,0
molecola_22786,8,0,8,0.0018457648111507297,0
molecola_22786,9,0,9,0.0034827736672014,0
molecola_22786,10,0,10,0.002149580279365182,0
molecola_22786,11,0,11,0.0017458376241847873,0
molecola_22786,12,0,12,0.0016861181939020753,0
molecola_22786,13,0,13,0.0016039717011153698,0
molecola_22786,14,0,14,0.0015560041647404432,0
molecola_22786,15,0,15,0.0016701992135494947,0
molecola_22786,16,0,16,0.0015695998445153236,0
molecola_22786,17,0,17,0.0015651583671569824,0
molecola_22786,18,0,18,0.0016363388858735561,0
molecola_22786,19,0,19,0.0015630286652594805,0
molecola_22786,20,0,20,0.0017308489186689258,0
molecola_22786,21,0,21,0.001623179647140205,0
molecola_22786,22,0,22,0.0016559604555368423,0
molecola_22786,23,0,23,0.001720707630738616,0
molecola_22786,24,0,24,0.0015560041647404432,0
molecola_22786,25,0,25,0.0016039717011153698,0
molecola_22786,26,0,26,0.0022754711098968983,0
molecola_22786,27,0,27,0.0024929672945290804,0
molecola_22786,28,0,28,0.002584037370979786,0
molecola_22786,29,0,29,0.0018435496604070067,0
molecola_22786,30,0,30,0.0025629824958741665,0
molecola_22786,31,0,31,0.0036846199072897434,0
molecola_22786,32,0,32,0.003152978140860796,0
molecola_22802,1,0,1,0.0018106279894709587,0
molecola_22802,2,0,2,0.001646879012696445,0
molecola_22802,3,0,3,0.001715603400953114,0
molecola_22802,4,0,4,0.002134341513738036,0
molecola_22802,5,0,5,0.004160025157034397,0
molecola_22802,6,0,6,0.002230240497738123,0
molecola_22802,7,0,7,0.0017530800541862845,0
molecola_22802,8,0,8,0.001574265188537538,0
molecola_22802,9,0,9,0.0016580572118982673,0
molecola_22802,10,0,10,0.0015834838850423694,0
molecola_22802,11,0,11,0.0034653511829674244,0
molecola_22802,12,0,12,0.004827625118196011,0
molecola_22802,13,0,13,0.01158039178699255,0
molecola_22802,14,1,14,0.9914767146110535,1
molecola_22802,15,0,15,0.027915580198168755,0
molecola_22802,16,0,16,0.005103121977299452,0
molecola_22802,17,0,17,0.0033407914452254772,0
molecola_22802,18,0,18,0.002541877329349518,0
molecola_22802,19,0,19,0.0017250517848879099,0
molecola_22952,1,0,1,0.0016232862835749984,0
molecola_22952,2,0,2,0.001598524977453053,0
molecola_22952,3,0,3,0.0016232862835749984,0
molecola_22952,4,0,4,0.001681742025539279,0
molecola_22952,5,0,5,0.002147245453670621,0
molecola_22952,6,0,6,0.0025855358690023422,0
molecola_22952,7,0,7,0.027554959058761597,0
molecola_22952,8,0,8,0.012027646414935589,0
molecola_22952,9,1,9,0.9914715886116028,1
molecola_22952,10,0,10,0.004287336487323046,0
molecola_22952,11,0,11,0.001661029178649187,0
molecola_22952,12,0,12,0.0019351772498339415,0
molecola_22952,13,0,13,0.001594706904143095,0
molecola_22952,14,0,14,0.0015753419138491154,0
molecola_22952,15,0,15,0.0016074459999799728,0
molecola_22952,16,0,16,0.0015753419138491154,0
molecola_22952,17,0,17,0.001594706904143095,0
molecola_22952,18,0,18,0.001694855629466474,0
molecola_22952,19,0,19,0.0016890035476535559,0
molecola_22952,20,0,20,0.0016605216078460217,0
molecola_22952,21,0,21,0.002435440430417657,0
molecola_22952,22,0,22,0.004055129364132881,0
molecola_22952,23,0,23,0.002965916646644473,0
molecola_22952,24,0,24,0.003621164010837674,0
molecola_22952,25,0,25,0.0022935387678444386,0
molecola_22952,26,0,26,0.004932051990181208,0
molecola_22952,27,0,27,0.0026739684399217367,0
molecola_22952,28,0,28,0.0026739684399217367,0
molecola_22952,29,0,29,0.0024416439700871706,0
molecola_22952,30,0,30,0.003043164499104023,0
molecola_22952,31,0,31,0.0038239334244281054,0
molecola_22952,32,0,32,0.0030998913571238518,0
molecola_22952,33,0,33,0.0020493008196353912,0
molecola_23119,1,0,1,0.006653956137597561,0
molecola_23119,2,0,2,0.003772786818444729,0
molecola_23119,3,0,3,0.006653956137597561,0
molecola_23119,4,0,4,0.9652499556541443,1
molecola_23119,5,0,5,0.02437303587794304,0
molecola_23119,6,0,6,0.003640709212049842,0
molecola_23119,7,0,7,0.002758868271484971,0
molecola_23119,8,0,8,0.002208755584433675,0
molecola_23119,9,0,9,0.002990186447277665,0
molecola_23119,10,0,10,0.0040888115763664246,0
molecola_23119,11,0,11,0.004205948673188686,0
molecola_23119,12,0,12,0.0023748623207211494,0
molecola_23119,13,0,13,0.0019749740604311228,0
molecola_23119,14,0,14,0.0017569762421771884,0
molecola_23119,15,0,15,0.004207127261906862,0
molecola_23119,16,0,16,0.002243372844532132,0
molecola_23119,17,0,17,0.001760302111506462,0
molecola_23119,18,0,18,0.0017067213775590062,0
molecola_23119,19,0,19,0.002191936131566763,0
molecola_23119,20,0,20,0.004267808981239796,0
molecola_23119,21,1,21,0.9698031544685364,1
molecola_23119,22,0,22,0.0025700379628688097,0
molecola_23119,23,0,23,0.0030948854982852936,0
molecola_23119,24,0,24,0.004573599435389042,0
molecola_23119,25,0,25,0.002631900366395712,0
molecola_23119,26,0,26,0.002631900366395712,0
molecola_23119,27,0,27,0.0024135708808898926,0
molecola_23119,28,0,28,0.0023423945531249046,0
molecola_23119,29,0,29,0.002799057634547353,0
molecola_23119,30,0,30,0.0016870469553396106,0
molecola_23119,31,0,31,0.0017176658147946,0
molecola_23119,32,0,32,0.0017176658147946,0
molecola_23119,33,0,33,0.0022644514683634043,0
molecola_23119,34,0,34,0.002193925902247429,0
molecola_23119,35,0,35,0.0018014713423326612,0
molecola_23119,36,0,36,0.0024976625572890043,0
molecola_23119,37,0,37,0.0046388572081923485,0
molecola_23119,38,0,38,0.0024976625572890043,0
molecola_23119,39,0,39,0.0021939268335700035,0
molecola_23119,40,0,40,0.0018014704110100865,0
molecola_23159,1,0,1,0.0016705722082406282,0
molecola_23159,2,0,2,0.001704764668829739,0
molecola_23159,3,0,3,0.0017435180488973856,0
molecola_23159,4,0,4,0.0016512200236320496,0
molecola_23159,5,0,5,0.0016483181389048696,0
molecola_23159,6,0,6,0.0017188378842547536,0
molecola_23159,7,0,7,0.0019130519358441234,0
molecola_23159,8,0,8,0.0026110787875950336,0
molecola_23159,9,0,9,0.0023328675888478756,0
molecola_23159,10,0,10,0.0023944813292473555,0
molecola_23159,11,0,11,0.0027336289640516043,0
molecola_23159,12,0,12,0.003630839055404067,0
molecola_23159,13,0,13,0.025450503453612328,0
molecola_23159,14,0,14,0.006131567992269993,0
molecola_23159,15,1,15,0.9898180365562439,1
molecola_23159,16,0,16,0.0017517211381345987,0
molecola_23159,17,0,17,0.00228438270278275,0
molecola_23159,18,0,18,0.0025926297530531883,0
molecola_23159,19,0,19,0.0018435496604070067,0
molecola_23159,20,0,20,0.0025714782532304525,0
molecola_23159,21,0,21,0.0023261718451976776,0
molecola_23159,22,0,22,0.0016378485597670078,0
molecola_23447,1,0,1,0.0024826957378536463,0
molecola_23447,2,0,2,0.002545464551076293,0
molecola_23447,3,0,3,0.003231010166928172,0
molecola_23447,4,0,4,0.004148683976382017,0
molecola_23447,5,0,5,0.0022919648326933384,0
molecola_23447,6,0,6,0.0016988159622997046,0
molecola_23447,7,0,7,0.0024357489310204983,0
molecola_23447,8,0,8,0.0028496859595179558,0
molecola_23447,9,0,9,0.0018624858930706978,0
molecola_23447,10,0,10,0.0019881781190633774,0
molecola_23447,11,0,11,0.0016017465386539698,0
molecola_23447,12,0,12,0.0023113922215998173,0
molecola_23447,13,0,13,0.003790224203839898,0
molecola_23447,14,1,14,0.9756295084953308,1
molecola_23447,15,0,15,0.0019487388199195266,0
molecola_23447,16,0,16,0.0016893268330022693,0
molecola_23447,17,0,17,0.0015978767769411206,0
molecola_23447,18,0,18,0.001635896391235292,0
molecola_23447,19,0,19,0.0019182255491614342,0
molecola_23447,20,0,20,0.0017263686750084162,0
molecola_23447,21,0,21,0.00156932114623487,0
molecola_2363,1,0,1,0.0024826957378536463,0
molecola_2363,2,0,2,0.0025453483685851097,0
molecola_2363,3,0,3,0.0032258557621389627,0
molecola_2363,4,0,4,0.003622434101998806,0
molecola_2363,5,0,5,0.0016806351486593485,0
molecola_2363,6,0,6,0.005246100481599569,0
molecola_2363,7,0,7,0.008542484603822231,0
molecola_2363,8,1,8,0.9914541244506836,1
molecola_2363,9,0,9,0.006259189452975988,0
molecola_2363,10,0,10,0.008612978272140026,0
molecola_2363,11,0,11,0.9901357293128967,1
molecola_2363,12,0,12,0.002018071711063385,0
molecola_2363,13,0,13,0.0016197676304727793,0
molecola_2363,14,0,14,0.0015884179156273603,0
molecola_2418,1,0,1,0.0023432003799825907,0
molecola_2418,2,0,2,0.0026501703541725874,0
molecola_2418,3,0,3,0.0023432003799825907,0
molecola_2418,4,0,4,0.0021379345562309027,0
molecola_2418,5,0,5,0.002555054146796465,0
molecola_2418,6,0,6,0.0038326745852828026,0
molecola_2418,7,0,7,0.003633537795394659,0
molecola_2418,8,0,8,0.0033229945693165064,0
molecola_2418,9,0,9,0.0035537686198949814,0
molecola_2418,10,0,10,0.0038228435441851616,0
molecola_2418,11,0,11,0.003081686096265912,0
molecola_2418,12,0,12,0.00436021201312542,0
molecola_2418,13,0,13,0.004000490996986628,0
molecola_2418,14,0,14,0.005124574992805719,0
molecola_2418,15,0,15,0.027797911316156387,0
molecola_2418,16,0,16,0.011419975198805332,0
molecola_2418,17,1,17,0.9914953708648682,1
molecola_2418,18,0,18,0.007175685837864876,0
molecola_2418,19,0,19,0.0035698236897587776,0
molecola_2418,20,0,20,0.0016811458626762033,0
molecola_2418,21,0,21,0.0029073816258460283,0
molecola_2418,22,0,22,0.0020180274732410908,0
molecola_2418,23,0,23,0.0016197931254282594,0
molecola_2418,24,0,24,0.0015884384047240019,0
molecola_24578,1,0,1,0.0016041625058278441,0
molecola_24578,2,0,2,0.0015915266703814268,0
molecola_24578,3,0,3,0.0016041625058278441,0
molecola_24578,4,0,4,0.0015877707628533244,0
molecola_24578,5,0,5,0.001648220932111144,0
molecola_24578,6,0,6,0.0015940199373289943,0
molecola_24578,7,0,7,0.0016246259910985827,0
molecola_24578,8,0,8,0.0016213585622608662,0
molecola_24578,9,0,9,0.001594038214534521,0
molecola_24578,10,0,10,0.0016542271478101611,0
molecola_24578,11,0,11,0.001594038214534521,0
molecola_24578,12,0,12,0.0016246259910985827,0
molecola_24578,13,0,13,0.0016213585622608662,0
molecola_24578,14,0,14,0.001594009343534708,0
molecola_24578,15,0,15,0.0016489451518282294,0
molecola_24578,16,0,16,0.0016505379462614655,0
molecola_24578,17,0,17,0.0017512734048068523,0
molecola_24578,18,0,18,0.001782302395440638,0
molecola_24578,19,0,19,0.0017013694159686565,0
molecola_24578,20,0,20,0.0018668310949578881,0
molecola_24578,21,0,21,0.002211921149864793,0
molecola_24578,22,0,22,0.0026737384032458067,0
molecola_24578,23,0,23,0.002031619194895029,0
molecola_24578,24,0,24,0.00603021215647459,0
molecola_24578,25,1,25,0.9909362196922302,1
molecola_24578,26,0,26,0.0025073636788874865,0
molecola_24578,27,0,27,0.00201395689509809,0
molecola_24578,28,0,28,0.0018448794726282358,0
molecola_24578,29,0,29,0.0018673642771318555,0
molecola_24578,30,0,30,0.002410495886579156,0
molecola_24578,31,0,31,0.002622196450829506,0
molecola_2473,1,1,1,0.9914782643318176,1
molecola_2473,2,0,2,0.012082278728485107,0
molecola_2473,3,0,3,0.027985641732811928,0
molecola_2473,4,0,4,0.004842869937419891,0
molecola_2473,5,0,5,0.0023133999202400446,0
molecola_2473,6,0,6,0.0019081924110651016,0
molecola_2473,7,0,7,0.0015709169674664736,0
molecola_2473,8,0,8,0.0016181290848180652,0
molecola_2473,9,0,9,0.0015834724763408303,0
molecola_2473,10,0,10,0.001696192310191691,0
molecola_2473,11,0,11,0.0016522147925570607,0
molecola_2473,12,0,12,0.0017081210389733315,0
molecola_2473,13,0,13,0.0015714443288743496,0
molecola_2473,14,0,14,0.0015729735605418682,0
molecola_2473,15,0,15,0.0019069323316216469,0
molecola_2473,16,0,16,0.0023133999202400446,0
molecola_2473,17,0,17,0.004842869937419891,0
molecola_2473,18,0,18,0.027985641732811928,0
molecola_2473,19,0,19,0.012082278728485107,0
molecola_2473,20,1,20,0.9914782643318176,1
molecola_2473,21,0,21,0.0035825299564749002,0
molecola_2473,22,0,22,0.0035825299564749002,0
molecola_2474,1,0,1,0.0019693193025887012,0
molecola_2474,2,0,2,0.002100710291415453,0
molecola_2474,3,0,3,0.0024948297068476677,0
molecola_2474,4,0,4,0.001788661116734147,0
molecola_2474,5,0,5,0.0016151298768818378,0
molecola_2474,6,0,6,0.0016167577123269439,0
molecola_2474,7,0,7,0.0017657786374911666,0
molecola_2474,8,0,8,0.0027284666430205107,0
molecola_2474,9,0,9,0.0025005987845361233,0
molecola_2474,10,0,10,0.002034792909398675,0
molecola_2474,11,0,11,0.0019632061012089252,0
molecola_2474,12,0,12,0.0022726247552782297,0
molecola_2474,13,0,13,0.0023635083343833685,0
molecola_2474,14,0,14,0.003050844417884946,0
molecola_2474,15,0,15,0.007740392815321684,0
molecola_2474,16,0,16,0.012083224020898342,0
molecola_2474,17,1,17,0.9914782643318176,1
molecola_2474,18,0,18,0.028721559792757034,0
molecola_2474,19,0,19,0.0030683865770697594,0
molecola_2474,20,0,20,0.002328915521502495,0
molecola_2474,21,0,21,0.0019295563688501716,0
molecola_2474,22,0,22,0.001828076085075736,0
molecola_24974,1,0,1,0.002413573209196329,0
molecola_24974,2,0,2,0.00456536840647459,0
molecola_24974,3,0,3,0.002631902927532792,0
molecola_24974,4,0,4,0.002631902927532792,0
molecola_24974,5,0,5,0.0027329139411449432,0
molecola_24974,6,0,6,0.0033155898563563824,0
molecola_24974,7,0,7,0.0024899833370000124,0
molecola_24974,8,0,8,0.001847371575422585,0
molecola_24974,9,0,9,0.0024899833370000124,0
molecola_24974,10,0,10,0.0033155898563563824,0
molecola_24974,11,0,11,0.001858909847214818,0
molecola_24974,12,0,12,0.001745418063364923,0
molecola_24974,13,0,13,0.0020636969711631536,0
molecola_24974,14,0,14,0.0017637282144278288,0
molecola_24974,15,0,15,0.0017642092425376177,0
molecola_24974,16,0,16,0.0019521983340382576,0
molecola_24974,17,0,17,0.001755838398821652,0
molecola_24974,18,0,18,0.002420976059511304,0
molecola_24974,19,0,19,0.017937812954187393,0
molecola_24974,20,0,20,0.012198401615023613,0
molecola_24974,21,1,21,0.9914819002151489,1
molecola_24974,22,0,22,0.017937812954187393,0
molecola_24974,23,0,23,0.002420976059511304,0
molecola_25395,1,0,1,0.0017266389913856983,0
molecola_25395,2,0,2,0.0015608379617333412,0
molecola_25395,3,0,3,0.0017153656808659434,0
molecola_25395,4,0,4,0.0015608379617333412,0
molecola_25395,5,0,5,0.0017266389913856983,0
molecola_25395,6,0,6,0.0015619946643710136,0
molecola_25395,7,0,7,0.0016648132586851716,0
molecola_25395,8,0,8,0.0016666505252942443,0
molecola_25395,9,0,9,0.002147782826796174,0
molecola_25395,10,0,10,0.00175522081553936,0
molecola_25395,11,0,11,0.001773822121322155,0
molecola_25395,12,0,12,0.00285092880949378,0
molecola_25395,13,0,13,0.014385364018380642,0
molecola_25395,14,0,14,0.008298670873045921,0
molecola_25395,15,1,15,0.9913718700408936,1
molecola_25395,16,0,16,0.00307389535009861,0
molecola_25395,17,0,17,0.0020576936658471823,0
molecola_25395,18,0,18,0.0025740943383425474,0
molecola_25419,1,0,1,0.002484128577634692,0
molecola_25419,2,0,2,0.0025667031295597553,0
molecola_25419,3,0,3,0.0030300163198262453,0
molecola_25419,4,0,4,0.0071003632619977,0
molecola_25419,5,0,5,0.01103815995156765,0
molecola_25419,6,1,6,0.9914886951446533,1
molecola_25419,7,0,7,0.0159760694950819,0
molecola_25419,8,0,8,0.006694008130580187,0
molecola_25419,9,1,9,0.9900105595588684,1
molecola_25419,10,0,10,0.0021442438010126352,0
molecola_25419,11,0,11,0.0018252487061545253,0
molecola_25419,12,0,12,0.0016921003116294742,0
molecola_25419,13,0,13,0.0015800874680280685,0
molecola_25419,14,0,14,0.0019011290278285742,0
molecola_25419,15,0,15,0.0018495287513360381,0
molecola_25419,16,0,16,0.002240994945168495,0
molecola_25419,17,0,17,0.0046463580802083015,0
molecola_25419,18,0,18,0.00397204514592886,0
molecola_25585,1,0,1,0.0022623504046350718,0
molecola_25585,2,0,2,0.0015944464830681682,0
molecola_25585,3,0,3,0.0020193452946841717,0
molecola_25585,4,0,4,0.0017121360870078206,0
molecola_25585,5,0,5,0.0018431004136800766,0
molecola_25585,6,0,6,0.0018809741595759988,0
molecola_25585,7,0,7,0.0017633563838899136,0
molecola_25585,8,0,8,0.0016809232765808702,0
molecola_25585,9,0,9,0.0024307798594236374,0
molecola_25585,10,1,10,0.9676058888435364,1
molecola_25585,11,0,11,0.002102216240018606,0
molecola_25585,12,0,12,0.0015810122713446617,0
molecola_25585,13,0,13,0.001612490857951343,0
molecola_25585,14,0,14,0.0015958893345668912,0
molecola_25585,15,0,15,0.001598659553565085,0
molecola_25585,16,0,16,0.0015694652684032917,0
molecola_25585,17,0,17,0.0016420034226030111,0
molecola_25585,18,0,18,0.001679608365520835,0
molecola_25585,19,0,19,0.0016238504322245717,0
molecola_25585,20,0,20,0.002128350082784891,0
molecola_25585,21,0,21,0.0017795109888538718,0
molecola_25585,22,0,22,0.0016884554643183947,0
molecola_25585,23,0,23,0.0017596494872123003,0
molecola_25585,24,0,24,0.0015768951270729303,0
molecola_25585,25,0,25,0.0016595671186223626,0
molecola_25585,26,0,26,0.0019457113230600953,0
molecola_25585,27,0,27,0.0017632732633501291,0
molecola_25585,28,0,28,0.7837623953819275,1
molecola_25585,29,0,29,0.001990444492548704,0
molecola_25585,30,0,30,0.0018671216676011682,0
molecola_25585,31,0,31,0.0016650034813210368,0
molecola_25876,1,0,1,0.0017414229223504663,0
molecola_25876,2,0,2,0.0016465958906337619,0
molecola_25876,3,0,3,0.0017414229223504663,0
molecola_25876,4,0,4,0.0017414229223504663,0
molecola_25876,5,0,5,0.0023309439420700073,0
molecola_25876,6,0,6,0.0029782152269035578,0
molecola_25876,7,0,7,0.0038966434076428413,0
molecola_25876,8,0,8,0.010441124439239502,0
molecola_25876,9,0,9,0.9914813041687012,1
molecola_25876,10,0,10,0.0037950866390019655,0
molecola_25876,11,0,11,0.002417529234662652,0
molecola_25876,12,0,12,0.0017547238385304809,0
molecola_25876,13,0,13,0.0021499996073544025,0
molecola_25876,14,0,14,0.0017554288497194648,0
molecola_25876,15,0,15,0.0017655584961175919,0
molecola_25876,16,0,16,0.002495956141501665,0
molecola_25876,17,0,17,0.0035265537444502115,0
molecola_25876,18,0,18,0.003732518060132861,0
molecola_25876,19,0,19,0.003818008815869689,0
molecola_25876,20,0,20,0.00506674125790596,0
molecola_25876,21,0,21,0.005059213377535343,0
molecola_25876,22,0,22,0.0038608082104474306,0
molecola_25876,23,0,23,0.0029212015215307474,0
molecola_25876,24,0,24,0.0026367262471467257,0
molecola_25876,25,0,25,0.002697435673326254,0
molecola_25876,26,0,26,0.0018346152501180768,0
molecola_25876,27,0,27,0.0016973133897408843,0
molecola_25876,28,0,28,0.0016973133897408843,0
molecola_25876,29,0,29,0.004175872076302767,0
molecola_25876,30,1,30,0.9705439209938049,1
molecola_26,1,0,1,0.005928986240178347,0
molecola_26,2,0,2,0.001960125518962741,0
molecola_26,3,1,3,0.8909738659858704,1
molecola_26,4,0,4,0.0017335080774500966,0
molecola_26,5,0,5,0.0017693123081699014,0
molecola_26,6,0,6,0.0023942457046359777,0
molecola_26,7,0,7,0.0018370425095781684,0
molecola_26,8,0,8,0.0018450086936354637,0
molecola_26,9,0,9,0.002846034010872245,0
molecola_26,10,0,10,0.004243412055075169,0
molecola_26,11,0,11,0.005005950573831797,0
molecola_26,12,0,12,0.004236852750182152,0
molecola_26,13,0,13,0.002842006739228964,0
molecola_26,14,0,14,0.0016104209935292602,0
molecola_26,15,0,15,0.0017492406768724322,0
molecola_26,16,0,16,0.0024288310669362545,0
molecola_26,17,0,17,0.0018370416946709156,0
molecola_26,18,0,18,0.0018450086936354637,0
molecola_26,19,0,19,0.002846034010872245,0
molecola_26,20,0,20,0.004243412055075169,0
molecola_26,21,0,21,0.005005950573831797,0
molecola_26,22,0,22,0.004236852750182152,0
molecola_26,23,0,23,0.002842006739228964,0
molecola_26,24,0,24,0.001602782285772264,0
molecola_26,25,0,25,0.0017919649835675955,0
molecola_26,26,0,26,0.0017294620629400015,0
molecola_26,27,0,27,0.0015957116847857833,0
molecola_26,28,0,28,0.0016807112842798233,0
molecola_26,29,0,29,0.0017018814105540514,0
molecola_26,30,0,30,0.0023302233312278986,0
molecola_26,31,0,31,0.003124841256067157,0
molecola_26,32,0,32,0.9697754383087158,1
molecola_26,33,0,33,0.0018795665819197893,0
molecola_26,34,0,34,0.0017647284548729658,0
molecola_26,35,0,35,0.0019137822091579437,0
molecola_26,36,0,36,0.0016167600406333804,0
molecola_26,37,0,37,0.0018466893816366792,0
molecola_26,38,0,38,0.0016413781559094787,0
molecola_26,39,0,39,0.002391950460150838,0
molecola_26,40,0,40,0.0019189296290278435,0
molecola_26,41,0,41,0.0018522877944633365,0
molecola_26,42,0,42,0.0018720609368756413,0
molecola_26145,1,0,1,0.003134131198748946,0
molecola_26145,2,0,2,0.0043318369425833225,0
molecola_26145,3,0,3,0.003954165615141392,0
molecola_26145,4,0,4,0.003954165615141392,0
molecola_26145,5,0,5,0.002977906260639429,0
molecola_26145,6,0,6,0.0031906929798424244,0
molecola_26145,7,0,7,0.0035468151327222586,0
molecola_26145,8,0,8,0.003608806524425745,0
molecola_26145,9,0,9,0.0023958394303917885,0
molecola_26145,10,0,10,0.0026348524261265993,0
molecola_26145,11,0,11,0.004566527437418699,0
molecola_26145,12,0,12,0.9698036909103394,1
molecola_26145,13,0,13,0.0035129401367157698,0
molecola_26145,14,0,14,0.0028551353607326746,0
molecola_26145,15,0,15,0.0023763675708323717,0
molecola_26145,16,0,16,0.0030303332023322582,0
molecola_26145,17,0,17,0.003760633757337928,0
molecola_26145,18,0,18,0.003862084588035941,0
molecola_26145,19,0,19,0.004212254658341408,0
molecola_26145,20,0,20,0.028482995927333832,0
molecola_26145,21,0,21,0.012198401615023613,0
molecola_26145,22,1,22,0.9914819002151489,1
molecola_26145,23,0,23,0.028482995927333832,0
molecola_26145,24,0,24,0.004212254658341408,0
molecola_26145,25,0,25,0.0016841486794874072,0
molecola_26145,26,0,26,0.001610871171578765,0
molecola_26145,27,0,27,0.001610871171578765,0
molecola_26145,28,0,28,0.001610871171578765,0
molecola_26300,1,0,1,0.0015961332246661186,0
molecola_26300,2,0,2,0.0015783882699906826,0
molecola_26300,3,0,3,0.0015639947960153222,0
molecola_26300,4,0,4,0.0018140742322430015,0
molecola_26300,5,0,5,0.0019868360832333565,0
molecola_26300,6,0,6,0.0027161308098584414,0
molecola_26300,7,0,7,0.0050411648117005825,0
molecola_26300,8,0,8,0.003195715369656682,0
molecola_26300,9,0,9,0.0021621088963001966,0
molecola_26300,10,0,10,0.0016511634457856417,0
molecola_26300,11,0,11,0.0015776152722537518,0
molecola_26300,12,0,12,0.0015716621419414878,0
molecola_26300,13,0,13,0.002721483586356044,0
molecola_26300,14,0,14,0.0027578675653785467,0
molecola_26300,15,0,15,0.04521597549319267,0
molecola_26300,16,0,16,0.04214432090520859,0
molecola_26300,17,1,17,0.9836350679397583,1
molecola_26300,18,0,18,0.03863126412034035,0
molecola_26300,19,1,19,0.9836434721946716,1
molecola_26300,20,0,20,0.0048327320255339146,0
molecola_2631,1,0,1,0.0018132757395505905,0
molecola_2631,2,0,2,0.0016146954149007797,0
molecola_2631,3,0,3,0.00217065610922873,0
molecola_2631,4,0,4,0.0020527634769678116,0
molecola_2631,5,0,5,0.0017256891587749124,0
molecola_2631,6,0,6,0.0018868111073970795,0
molecola_2631,7,0,7,0.00432466110214591,0
molecola_2631,8,1,8,0.966490626335144,1
molecola_2631,9,0,9,0.001841432647779584,0
molecola_2631,10,0,10,0.0016144741093739867,0
molecola_2631,11,0,11,0.001815971452742815,0
molecola_2631,12,0,12,0.0026152220088988543,0
molecola_2631,13,0,13,0.004119965713471174,0
molecola_2631,14,0,14,0.004380009137094021,0
molecola_2631,15,0,15,0.0029655161779373884,0
molecola_2631,16,0,16,0.0021653498988598585,0
molecola_2631,17,0,17,0.0024350236635655165,0
molecola_2631,18,0,18,0.0021653498988598585,0
molecola_2631,19,0,19,0.0029655161779373884,0
molecola_2631,20,0,20,0.0015783560229465365,0
molecola_2631,21,0,21,0.0016408383380621672,0
molecola_2631,22,0,22,0.0015783560229465365,0
molecola_2631,23,0,23,0.00164083915296942,0
molecola_26685,1,1,1,0.9914819002151489,1
molecola_26685,2,0,2,0.012198401615023613,0
molecola_26685,3,0,3,0.01793782040476799,0
molecola_26685,4,0,4,0.0025221402756869793,0
molecola_26685,5,0,5,0.001876127440482378,0
molecola_26685,6,0,6,0.0025221402756869793,0
molecola_26685,7,0,7,0.01793782040476799,0
molecola_26685,8,0,8,0.0019988033454865217,0
molecola_26685,9,0,9,0.0017332878196612,0
molecola_26685,10,0,10,0.0016849369276314974,0
molecola_26685,11,0,11,0.0015758353983983397,0
molecola_26685,12,0,12,0.0016850148094817996,0
molecola_26685,13,0,13,0.0015634543960914016,0
molecola_26685,14,0,14,0.0016760005382820964,0
molecola_26685,15,0,15,0.0015593018615618348,0
molecola_26685,16,0,16,0.0016075362218543887,0
molecola_26685,17,0,17,0.0019814379047602415,0
molecola_26685,18,0,18,0.0017192199593409896,0
molecola_26685,19,0,19,0.0015562449116259813,0
molecola_26685,20,0,20,0.0018744781846180558,0
molecola_26685,21,0,21,0.0025036989245563745,0
molecola_26685,22,0,22,0.004366700537502766,0
molecola_26685,23,0,23,0.005027574487030506,0
molecola_26685,24,0,24,0.004366700537502766,0
molecola_26685,25,0,25,0.0025036989245563745,0
molecola_26685,26,0,26,0.001578199677169323,0
molecola_26775,1,0,1,0.0017253065016120672,0
molecola_26775,2,0,2,0.0015703830868005753,0
molecola_26775,3,0,3,0.0016223513521254063,0
molecola_26775,4,0,4,0.0015650562709197402,0
molecola_26775,5,0,5,0.001594677334651351,0
molecola_26775,6,0,6,0.001562048913910985,0
molecola_26775,7,0,7,0.0021468857303261757,0
molecola_26775,8,0,8,0.003098237095400691,0
molecola_26775,9,1,9,0.9844126105308533,1
molecola_26775,10,0,10,0.0018959877779707313,0
molecola_26775,11,0,11,0.0019311108626425266,0
molecola_26775,12,0,12,0.0033476047683507204,0
molecola_26775,13,0,13,0.003005298553034663,0
molecola_26775,14,0,14,0.004895943682640791,0
molecola_26775,15,0,15,0.004074169788509607,0
molecola_26775,16,0,16,0.003067208454012871,0
molecola_26775,17,0,17,0.002550239209085703,0
molecola_26775,18,0,18,0.0024826957378536463,0
molecola_26775,19,0,19,0.004884673282504082,0
molecola_26775,20,0,20,0.001570377266034484,0
molecola_26775,21,0,21,0.001573060406371951,0
molecola_26775,22,0,22,0.001571666682139039,0
molecola_26775,23,0,23,0.0016427281079813838,0
molecola_26775,24,0,24,0.0023810339625924826,0
molecola_26775,25,0,25,0.00199700053781271,0
molecola_26775,26,0,26,0.0024634147994220257,0
molecola_26775,27,0,27,0.0020859045907855034,0
molecola_26775,28,0,28,0.0017518863314762712,0
molecola_26775,29,0,29,0.0017770444974303246,0
molecola_26775,30,0,30,0.0026080019306391478,0
molecola_27025,1,1,1,0.9664671421051025,1
molecola_27025,2,0,2,0.004204610828310251,0
molecola_27025,3,0,3,0.0020118553657084703,0
molecola_27025,4,0,4,0.0016844492638483644,0
molecola_27025,5,0,5,0.0018273280002176762,0
molecola_27025,6,0,6,0.0022798185236752033,0
molecola_27025,7,0,7,0.0022768464405089617,0
molecola_27025,8,0,8,0.0020760244224220514,0
molecola_27025,9,0,9,0.001762809231877327,0
molecola_27025,10,0,10,0.0023879180662333965,0
molecola_27025,11,0,11,0.0024255821481347084,0
molecola_27025,12,0,12,0.002091964241117239,0
molecola_27025,13,0,13,0.0017840134678408504,0
molecola_27025,14,0,14,0.003288578474894166,0
molecola_27025,15,0,15,0.0021273568272590637,0
molecola_27025,16,0,16,0.00197231606580317,0
molecola_27025,17,0,17,0.0018107236828655005,0
molecola_27025,18,0,18,0.0025224306154996157,0
molecola_27025,19,0,19,0.0024837753735482693,0
molecola_27025,20,0,20,0.002557359402999282,0
molecola_27025,21,0,21,0.0021652921568602324,0
molecola_27025,22,0,22,0.002557359402999282,0
molecola_27025,23,0,23,0.0024837753735482693,0
molecola_27025,24,0,24,0.0015783568378537893,0
molecola_27025,25,0,25,0.0016408383380621672,0
molecola_27025,26,0,26,0.002483135322108865,0
molecola_27025,27,0,27,0.0028355519752949476,0
molecola_27025,28,0,28,0.0030196027364581823,0
molecola_27025,29,0,29,0.0038015011232346296,0
molecola_27025,30,0,30,0.005059213377535343,0
molecola_27025,31,0,31,0.00505921570584178,0
molecola_27025,32,0,32,0.004017374943941832,0
molecola_27025,33,0,33,0.0038692494854331017,0
molecola_28194,1,0,1,0.0024826957378536463,0
molecola_28194,2,0,2,0.002679857425391674,0
molecola_28194,3,0,3,0.004531672224402428,0
molecola_28194,4,0,4,0.005351673346012831,0
molecola_28194,5,0,5,0.003970225341618061,0
molecola_28194,6,0,6,0.004214068874716759,0
molecola_28194,7,0,7,0.004953367169946432,0
molecola_28194,8,0,8,0.004741546232253313,0
molecola_28194,9,0,9,0.004257418215274811,0
molecola_28194,10,0,10,0.005066215060651302,0
molecola_28194,11,0,11,0.004384471569210291,0
molecola_28194,12,0,12,0.004893606994301081,0
molecola_28194,13,0,13,0.002618904924020171,0
molecola_28194,14,0,14,0.0026077553629875183,0
molecola_28194,15,0,15,0.001723986235447228,0
molecola_28194,16,0,16,0.0020660923328250647,0
molecola_28194,17,0,17,0.0017151624197140336,0
molecola_28194,18,0,18,0.0017131412168964744,0
molecola_28194,19,0,19,0.0017610881477594376,0
molecola_28194,20,0,20,0.0017610881477594376,0
molecola_28194,21,0,21,0.002694730181246996,0
molecola_28194,22,0,22,0.0024175902362912893,0
molecola_28194,23,0,23,0.0024175902362912893,0
molecola_28194,24,0,24,0.002618904924020171,0
molecola_28194,25,0,25,0.004893606994301081,0
molecola_28194,26,0,26,0.00486050033941865,0
molecola_28194,27,0,27,0.006323556415736675,0
molecola_28194,28,0,28,0.01277544442564249,0
molecola_28194,29,1,29,0.991426944732666,1
molecola_28202,1,0,1,0.8019113540649414,1
molecola_28202,2,0,2,0.0026455551851540804,0
molecola_28202,3,0,3,0.0032045026309788227,0
molecola_28202,4,0,4,0.8285293579101562,1
molecola_28202,5,0,5,0.003971707541495562,0
molecola_28202,6,0,6,0.7515390515327454,1
molecola_28202,7,0,7,0.0029130049515515566,0
molecola_28202,8,0,8,0.002161639044061303,0
molecola_28202,9,0,9,0.004759640898555517,0
molecola_28202,10,0,10,0.006818989757448435,0
molecola_28202,11,0,11,0.9912307262420654,1
molecola_28202,12,0,12,0.00288463500328362,0
molecola_28202,13,0,13,0.0022969532292336226,0
molecola_28202,14,0,14,0.002151335123926401,0
molecola_28202,15,0,15,0.0026749197859317064,0
molecola_28202,16,0,16,0.007862317375838757,0
molecola_28202,17,1,17,0.9913166761398315,1
molecola_28202,18,0,18,0.028157461434602737,0
molecola_28202,19,0,19,0.004740963689982891,0
molecola_28202,20,0,20,0.0023687288630753756,0
molecola_28202,21,0,21,0.0018794439965859056,0
molecola_28202,22,0,22,0.002268393523991108,0
molecola_28202,23,0,23,0.0021512173116207123,0
molecola_28202,24,0,24,0.00288441707380116,0
molecola_28202,25,0,25,0.006818989757448435,0
molecola_28202,26,0,26,0.9912307262420654,1
molecola_28202,27,0,27,0.004747346509248018,0
molecola_28202,28,0,28,0.0026578279212117195,0
molecola_2835,1,0,1,0.966478168964386,1
molecola_2835,2,0,2,0.004191295709460974,0
molecola_2835,3,0,3,0.0019680350087583065,0
molecola_2835,4,0,4,0.003376641310751438,0
molecola_2835,5,0,5,0.0025248671881854534,0
molecola_2835,6,0,6,0.004556042607873678,0
molecola_2835,7,0,7,0.00510994391515851,0
molecola_2835,8,0,8,0.027979936450719833,0
molecola_2835,9,0,9,0.008379352279007435,0
molecola_2835,10,1,10,0.991419792175293,1
molecola_28399,1,1,1,0.9914748668670654,1
molecola_28399,2,0,2,0.011968528851866722,0
molecola_28399,3,0,3,0.006482456345111132,0
molecola_28399,4,0,4,0.004102720413357019,0
molecola_28399,5,0,5,0.002439794596284628,0
molecola_28399,6,0,6,0.003347946796566248,0
molecola_28399,7,0,7,0.003997378051280975,0
molecola_28399,8,0,8,0.003957021050155163,0
molecola_28399,9,0,9,0.004407599568367004,0
molecola_28399,10,0,10,0.0038185641169548035,0
molecola_28399,11,0,11,0.004372591618448496,0
molecola_28399,12,0,12,0.008489372208714485,0
molecola_28399,13,0,13,0.004159643780440092,0
molecola_28399,14,0,14,0.004244451876729727,0
molecola_28399,15,0,15,0.028560534119606018,0
molecola_28399,16,0,16,0.008373739197850227,0
molecola_28399,17,1,17,0.9914182424545288,1
molecola_28399,18,0,18,0.002974666189402342,0
molecola_28399,19,0,19,0.0018457648111507297,0
molecola_28399,20,0,20,0.002438891911879182,0
molecola_2874,1,1,1,0.9664643406867981,1
molecola_2874,2,0,2,0.00382654438726604,0
molecola_2874,3,0,3,0.0016472708666697145,0
molecola_2874,4,0,4,0.001673996914178133,0
molecola_2874,5,0,5,0.0015561293112114072,0
molecola_2874,6,0,6,0.0015561293112114072,0
molecola_2874,7,0,7,0.0016751224175095558,0
molecola_2874,8,0,8,0.0015618755714967847,0
molecola_2874,9,0,9,0.0016569257713854313,0
molecola_2874,10,0,10,0.0015670916764065623,0
molecola_2874,11,0,11,0.0017268576193600893,0
molecola_2874,12,0,12,0.001660695648752153,0
molecola_2874,13,0,13,0.002294144593179226,0
molecola_2874,14,0,14,0.004325850401073694,0
molecola_2874,15,0,15,0.004228536505252123,0
molecola_2874,16,0,16,0.0025448217056691647,0
molecola_2874,17,0,17,0.0016675528604537249,0
molecola_2874,18,0,18,0.0020940187387168407,0
molecola_2874,19,0,19,0.002116509946063161,0
molecola_2874,20,0,20,0.0016675528604537249,0
molecola_2874,21,0,21,0.002544728573411703,0
molecola_2874,22,0,22,0.0031053039710968733,0
molecola_2874,23,0,23,0.0023924969136714935,0
molecola_2874,24,0,24,0.00222687516361475,0
molecola_2874,25,0,25,0.001660695648752153,0
molecola_2874,26,0,26,0.001684291404671967,0
molecola_2874,27,0,27,0.001610882580280304,0
molecola_2874,28,0,28,0.001610882580280304,0
molecola_2874,29,0,29,0.001610882580280304,0
molecola_2874,30,0,30,0.0015561293112114072,0
molecola_2874,31,0,31,0.0015561293112114072,0
molecola_28984,1,1,1,0.9914782643318176,1
molecola_28984,2,0,2,0.012083388864994049,0
molecola_28984,3,0,3,0.027985641732811928,0
molecola_28984,4,0,4,0.005065969657152891,0
molecola_28984,5,0,5,0.0030467745382338762,0
molecola_28984,6,0,6,0.004278021864593029,0
molecola_28984,7,0,7,0.00270854658447206,0
molecola_28984,8,0,8,0.003641899209469557,0
molecola_28984,9,0,9,0.00289906095713377,0
molecola_28984,10,0,10,0.004894322250038385,0
molecola_28984,11,0,11,0.003751294920220971,0
molecola_28984,12,0,12,0.004036721773445606,0
molecola_28984,13,0,13,0.00601994851604104,0
molecola_28984,14,0,14,0.011296017095446587,0
molecola_28984,15,0,15,0.9914740324020386,1
molecola_28984,16,0,16,0.00660752272233367,0
molecola_28984,17,0,17,0.003041032934561372,0
molecola_28984,18,0,18,0.0054609524086117744,0
molecola_29330,1,0,1,0.0024826957378536463,0
molecola_29330,2,0,2,0.0026798180770128965,0
molecola_29330,3,0,3,0.004537361208349466,0
molecola_29330,4,0,4,0.0038707274943590164,0
molecola_29330,5,0,5,0.0026991446502506733,0
molecola_29330,6,0,6,0.0018999803578481078,0
molecola_29330,7,0,7,0.0017999850679188967,0
molecola_29330,8,0,8,0.0017720448086038232,0
molecola_29330,9,0,9,0.0022916486486792564,0
molecola_29330,10,0,10,0.004196652676910162,0
molecola_29330,11,0,11,0.003578727599233389,0
molecola_29330,12,0,12,0.006434714887291193,0
molecola_29330,13,0,13,0.004456756170839071,0
molecola_29330,14,0,14,0.9150682091712952,1
molecola_29330,15,0,15,0.020255332812666893,0
molecola_29330,16,0,16,0.0039010117761790752,0
molecola_29330,17,0,17,0.9162898659706116,1
molecola_29330,18,0,18,0.003286887425929308,0
molecola_29330,19,0,19,0.0017512060003355145,0
molecola_29330,20,0,20,0.0018844931619241834,0
molecola_29330,21,0,21,0.0038707274943590164,0
molecola_29330,22,0,22,0.004537361208349466,0
molecola_29330,23,0,23,0.0026798180770128965,0
molecola_29330,24,0,24,0.0024826957378536463,0
molecola_29330,25,0,25,0.013505014590919018,0
molecola_29330,26,1,26,0.991302490234375,1
molecola_29390,1,1,1,0.9914782643318176,1
molecola_29390,2,0,2,0.012083211913704872,0
molecola_29390,3,0,3,0.028697779402136803,0
molecola_29390,4,0,4,0.0040202150121331215,0
molecola_29390,5,0,5,0.004012265242636204,0
molecola_29390,6,0,6,0.003633159911260009,0
molecola_29390,7,0,7,0.003709136275574565,0
molecola_29390,8,0,8,0.004219316877424717,0
molecola_29390,9,0,9,0.004314147401601076,0
molecola_29390,10,0,10,0.008590792305767536,0
molecola_29444,1,0,1,0.0018924970645457506,0
molecola_29444,2,0,2,0.001587020349688828,0
molecola_29444,3,0,3,0.0017120024422183633,0
molecola_29444,4,0,4,0.0016760366270318627,0
molecola_29444,5,0,5,0.0015948747750371695,0
molecola_29444,6,0,6,0.0019128951244056225,0
molecola_29444,7,0,7,0.001724403235130012,0
molecola_29444,8,0,8,0.0016298603732138872,0
molecola_29444,9,0,9,0.0019493306754156947,0
molecola_29444,10,0,10,0.00173260981682688,0
molecola_29444,11,0,11,0.0025252588093280792,0
molecola_29444,12,0,12,0.003198841353878379,0
molecola_29444,13,0,13,0.016447782516479492,0
molecola_29444,14,0,14,0.011977428570389748,0
molecola_29444,15,0,15,0.7342138886451721,1
molecola_29444,16,0,16,0.02408202737569809,0
molecola_29444,17,1,17,0.9883226752281189,1
molecola_29444,18,0,18,0.0061279539950191975,0
molecola_29663,1,0,1,0.0026670165825635195,0
molecola_29663,2,0,2,0.0017981353448703885,0
molecola_29663,3,0,3,0.0022678549867123365,0
molecola_29663,4,0,4,0.0017737866146489978,0
molecola_29663,5,0,5,0.00163059844635427,0
molecola_29663,6,0,6,0.001759581733494997,0
molecola_29663,7,0,7,0.0018086909549310803,0
molecola_29663,8,0,8,0.0043441615998744965,0
molecola_29663,9,0,9,0.010102939791977406,0
molecola_29663,10,1,10,0.9914767146110535,1
molecola_29663,11,0,11,0.027835538610816002,0
molecola_29663,12,0,12,0.00512699456885457,0
molecola_29663,13,0,13,0.003147708484902978,0
molecola_29663,14,0,14,0.002829367760568857,0
molecola_29663,15,0,15,0.0015973732806742191,0
molecola_29663,16,0,16,0.0016802616883069277,0
molecola_29663,17,0,17,0.0015590547118335962,0
molecola_29663,18,0,18,0.0015997347654774785,0
molecola_29663,19,0,19,0.001564523670822382,0
molecola_29663,20,0,20,0.0019550686702132225,0
molecola_29663,21,0,21,0.001700218883343041,0
molecola_29663,22,0,22,0.004473187029361725,0
molecola_29663,23,0,23,0.7766615748405457,1
molecola_29663,24,0,24,0.0015725498087704182,0
molecola_29663,25,0,25,0.0015761213144287467,0
molecola_29663,26,0,26,0.0015814511571079493,0
molecola_30074,1,0,1,0.0017413507448509336,0
molecola_30074,2,0,2,0.0016476057935506105,0
molecola_30074,3,0,3,0.0017413507448509336,0
molecola_30074,4,0,4,0.0017413507448509336,0
molecola_30074,5,0,5,0.0026656852569431067,0
molecola_30074,6,0,6,0.0024931926745921373,0
molecola_30074,7,0,7,0.003077108645811677,0
molecola_30074,8,0,8,0.002057668287307024,0
molecola_30074,9,0,9,0.006384481675922871,0
molecola_30074,10,1,10,0.9912031888961792,1
molecola_30074,11,0,11,0.006145691964775324,0
molecola_30074,12,0,12,0.001593837863765657,0
molecola_30074,13,0,13,0.002788988407701254,0
molecola_30074,14,0,14,0.002400259952992201,0
molecola_30935,1,0,1,0.9914819002151489,1
molecola_30935,2,0,2,0.012198401615023613,0
molecola_30935,3,0,3,0.028636204078793526,0
molecola_30935,4,0,4,0.004100832622498274,0
molecola_30935,5,0,5,0.005072328262031078,0
molecola_30935,6,0,6,0.0038543527480214834,0
molecola_30935,7,0,7,0.004128692671656609,0
molecola_30935,8,0,8,0.042501483112573624,0
molecola_30935,9,0,9,0.007244267035275698,0
molecola_30935,10,0,10,0.011968561448156834,0
molecola_30935,11,0,11,0.9914748668670654,1
molecola_30935,12,0,12,0.039042722433805466,0
molecola_30935,13,0,13,0.04185070842504501,0
molecola_30935,14,1,14,0.9836359620094299,1
molecola_30935,15,0,15,0.03876340389251709,0
molecola_30935,16,0,16,0.9836447238922119,1
molecola_30935,17,0,17,0.004100832622498274,0
molecola_30935,18,0,18,0.028636204078793526,0
molecola_30967,1,0,1,0.0016419815365225077,0
molecola_30967,2,0,2,0.002017905469983816,0
molecola_30967,3,0,3,0.0016088064294308424,0
molecola_30967,4,0,4,0.0016947039403021336,0
molecola_30967,5,0,5,0.0016159890219569206,0
molecola_30967,6,0,6,0.001773306168615818,0
molecola_30967,7,0,7,0.00224062311463058,0
molecola_30967,8,0,8,0.002188833663240075,0
molecola_30967,9,0,9,0.001935764797963202,0
molecola_30967,10,0,10,0.0025991250295192003,0
molecola_30967,11,0,11,0.002977812895551324,0
molecola_30967,12,0,12,0.002213254803791642,0
molecola_30967,13,0,13,0.0025781793519854546,0
molecola_30967,14,0,14,0.0022585391998291016,0
molecola_30967,15,0,15,0.0022585391998291016,0
molecola_30967,16,0,16,0.0024783327244222164,0
molecola_30967,17,0,17,0.0017306363442912698,0
molecola_30967,18,0,18,0.0018841710407286882,0
molecola_30967,19,0,19,0.0023539483081549406,0
molecola_30967,20,1,20,0.9362515807151794,1
molecola_30967,21,0,21,0.005402581300586462,0
molecola_30967,22,0,22,0.002298932056874037,0
molecola_30967,23,0,23,0.01841420866549015,0
molecola_30967,24,0,24,0.012198400683701038,0
molecola_30967,25,1,25,0.9914819002151489,1
molecola_30967,26,0,26,0.01841420866549015,0
molecola_30967,27,0,27,0.002298932056874037,0
molecola_3123,1,1,1,0.991426944732666,1
molecola_3123,2,0,2,0.012800993397831917,0
molecola_3123,3,0,3,0.004575598984956741,0
molecola_3123,4,0,4,0.0026225994806736708,0
molecola_3123,5,0,5,0.0018435496604070067,0
molecola_3123,6,0,6,0.0025646029971539974,0
molecola_3123,7,0,7,0.0058335913345217705,0
molecola_3123,8,0,8,0.006265691015869379,0
molecola_3123,9,0,9,0.005377952475100756,0
molecola_3123,10,0,10,0.0030377472285181284,0
molecola_3123,11,0,11,0.004058905877172947,0
molecola_3123,12,0,12,0.0025646029971539974,0
molecola_3123,13,0,13,0.002584590343758464,0
molecola_3123,14,0,14,0.0018435496604070067,0
molecola_3123,15,0,15,0.0024043794255703688,0
molecola_3123,16,0,16,0.002692697336897254,0
molecola_3123,17,0,17,0.0017971667693927884,0
molecola_3124,1,0,1,0.0016535918693989515,0
molecola_3124,2,0,2,0.001621140050701797,0
molecola_3124,3,0,3,0.0016313563100993633,0
molecola_3124,4,0,4,0.001700031221844256,0
molecola_3124,5,0,5,0.0016812265384942293,0
molecola_3124,6,0,6,0.0016707677859812975,0
molecola_3124,7,0,7,0.001577395130880177,0
molecola_3124,8,0,8,0.0016239293618127704,0
molecola_3124,9,0,9,0.0015821409178897738,0
molecola_3124,10,0,10,0.0021957282442599535,0
molecola_3124,11,0,11,0.002796259941533208,0
molecola_3124,12,0,12,0.028316684067249298,0
molecola_3124,13,0,13,0.012083451263606548,0
molecola_3124,14,1,14,0.9914782643318176,1
molecola_3124,15,0,15,0.003932094667106867,0
molecola_3124,16,0,16,0.0020864109974354506,0
molecola_3124,17,0,17,0.001579262432642281,0
molecola_3124,18,0,18,0.0016831636894494295,0
molecola_31250,1,0,1,0.001587773789651692,0
molecola_31250,2,0,2,0.0015953622059896588,0
molecola_31250,3,0,3,0.0015620295889675617,0
molecola_31250,4,0,4,0.0016308880876749754,0
molecola_31250,5,0,5,0.0016375272534787655,0
molecola_31250,6,0,6,0.0017458491493016481,0
molecola_31250,7,0,7,0.002307390794157982,0
molecola_31250,8,0,8,0.0039047845639288425,0
molecola_31250,9,0,9,0.9759248495101929,1
molecola_31250,10,0,10,0.001937424880452454,0
molecola_31250,11,0,11,0.001756991259753704,0
molecola_31250,12,0,12,0.001838822034187615,0
molecola_31250,13,0,13,0.003589634783565998,0
molecola_31250,14,0,14,0.011567064560949802,0
molecola_31250,15,1,15,0.9914767146110535,1
molecola_31250,16,0,16,0.02829975262284279,0
molecola_31250,17,0,17,0.0027783303521573544,0
molecola_31250,18,0,18,0.0022008439991623163,0
molecola_31250,19,0,19,0.001564468489959836,0
molecola_31250,20,0,20,0.002258249092847109,0
molecola_31393,1,0,1,0.002484128577634692,0
molecola_31393,2,0,2,0.0025666565634310246,0
molecola_31393,3,0,3,0.0030235787853598595,0
molecola_31393,4,0,4,0.004146018996834755,0
molecola_31393,5,0,5,0.0027902114670723677,0
molecola_31393,6,0,6,0.002761209849268198,0
molecola_31393,7,0,7,0.0016026244265958667,0
molecola_31393,8,0,8,0.0017660022713243961,0
molecola_31393,9,0,9,0.0016192340990528464,0
molecola_31393,10,0,10,0.0030391281470656395,0
molecola_31393,11,0,11,0.003176970174536109,0
molecola_31393,12,0,12,0.003872711444273591,0
molecola_31393,13,0,13,0.0024901253636926413,0
molecola_31393,14,0,14,0.002422021934762597,0
molecola_31393,15,0,15,0.018297242000699043,0
molecola_31393,16,0,16,0.012083257548511028,0
molecola_31393,17,1,17,0.9914782643318176,1
molecola_31393,18,0,18,0.027933545410633087,0
molecola_31393,19,0,19,0.007668435573577881,0
molecola_31393,20,1,20,0.991367518901825,1
molecola_31689,1,0,1,0.0015696925111114979,0
molecola_31689,2,0,2,0.001944348681718111,0
molecola_31689,3,0,3,0.0015696925111114979,0
molecola_31689,4,0,4,0.0016188486479222775,0
molecola_31689,5,0,5,0.0030417439993470907,0
molecola_31689,6,0,6,0.003995751496404409,0
molecola_31689,7,0,7,0.003927837125957012,0
molecola_31689,8,0,8,0.003995751496404409,0
molecola_31689,9,0,9,0.0030417439993470907,0
molecola_31689,10,0,10,0.003610804444178939,0
molecola_31689,11,0,11,0.003781501902267337,0
molecola_31689,12,0,12,0.004589842166751623,0
molecola_31689,13,0,13,0.004364242311567068,0
molecola_31689,14,0,14,0.028374893590807915,0
molecola_31689,15,0,15,0.012083211913704872,0
molecola_31689,16,1,16,0.9914782643318176,1
molecola_31689,17,0,17,0.007889068685472012,0
molecola_31689,18,0,18,0.0048512485809624195,0
molecola_31689,19,0,19,0.0036795351188629866,0
molecola_31689,20,0,20,0.0034421170130372047,0
molecola_31689,21,0,21,0.0034498954191803932,0
molecola_31782,1,0,1,0.0017686068313196301,0
molecola_31782,2,0,2,0.0017467486904934049,0
molecola_31782,3,0,3,0.004314681980758905,0
molecola_31782,4,1,4,0.9703494310379028,1
molecola_31782,5,0,5,0.0016835499554872513,0
molecola_31782,6,0,6,0.0015714047476649284,0
molecola_31782,7,0,7,0.0015920595033094287,0
molecola_31782,8,0,8,0.0016479892656207085,0
molecola_31782,9,0,9,0.001575162634253502,0
molecola_31782,10,0,10,0.0015867588808760047,0
molecola_31782,11,0,11,0.0016070962883532047,0
molecola_31782,12,0,12,0.0015646711690351367,0
molecola_31782,13,0,13,0.001575553324073553,0
molecola_31782,14,0,14,0.0015853936783969402,0
molecola_31782,15,0,15,0.0017257293220609426,0
molecola_31782,16,0,16,0.0015992495464161038,0
molecola_31782,17,0,17,0.0022968221455812454,0
molecola_31782,18,0,18,0.0018548788502812386,0
molecola_31782,19,0,19,0.0018244062084704638,0
molecola_31782,20,0,20,0.002131337532773614,0
molecola_31782,21,0,21,0.0016178409568965435,0
molecola_31782,22,0,22,0.0017689409432932734,0
molecola_32091,1,0,1,0.002292582066729665,0
molecola_32091,2,0,2,0.0016368032665923238,0
molecola_32091,3,0,3,0.0020169923081994057,0
molecola_32091,4,0,4,0.0016572334570810199,0
molecola_32091,5,0,5,0.001647362601943314,0
molecola_32091,6,0,6,0.0020830342546105385,0
molecola_32091,7,0,7,0.0017194875981658697,0
molecola_32091,8,0,8,0.0017272686818614602,0
molecola_32091,9,0,9,0.0023169992491602898,0
molecola_32091,10,0,10,0.0018246250692754984,0
molecola_32091,11,0,11,0.0019266832387074828,0
molecola_32091,12,0,12,0.0024732595775276423,0
molecola_32091,13,0,13,0.019857916980981827,0
molecola_32091,14,0,14,0.007634370122104883,0
molecola_32091,15,1,15,0.9912406802177429,1
molecola_32091,16,0,16,0.002578473649919033,0
molecola_32091,17,0,17,0.0020312790293246508,0
molecola_3215,1,0,1,0.0024826957378536463,0
molecola_3215,2,0,2,0.0025020642206072807,0
molecola_3215,3,0,3,0.002754473127424717,0
molecola_3215,4,0,4,0.003613322041928768,0
molecola_3215,5,0,5,0.004934799857437611,0
molecola_3215,6,0,6,0.004325850401073694,0
molecola_3215,7,0,7,0.0024256203323602676,0
molecola_3215,8,0,8,0.0017487412551417947,0
molecola_3215,9,0,9,0.001966674579307437,0
molecola_3215,10,0,10,0.0015786370495334268,0
molecola_3215,11,0,11,0.0015655504539608955,0
molecola_3215,12,0,12,0.0016756311524659395,0
molecola_3215,13,0,13,0.0017898362129926682,0
molecola_3215,14,0,14,0.003447097958996892,0
molecola_3215,15,1,15,0.9697856307029724,1
molecola_3215,16,0,16,0.0020288540981709957,0
molecola_3215,17,0,17,0.0029734657146036625,0
molecola_3215,18,0,18,0.002874304074794054,0
molecola_3215,19,0,19,0.004220701288431883,0
molecola_3215,20,0,20,0.004072111565619707,0
molecola_3215,21,0,21,0.003186655230820179,0
molecola_3215,22,0,22,0.004072111565619707,0
molecola_3215,23,0,23,0.004220701288431883,0
molecola_3215,24,0,24,0.002457820111885667,0
molecola_3215,25,0,25,0.0020706404466181993,0
molecola_3215,26,0,26,0.0019463050412014127,0
molecola_3215,27,0,27,0.002092126291245222,0
molecola_3215,28,0,28,0.0026137251406908035,0
molecola_3215,29,0,29,0.002849072217941284,0
molecola_3215,30,0,30,0.0021682067308574915,0
molecola_3215,31,0,31,0.0024500684812664986,0
molecola_3215,32,0,32,0.001578012597747147,0
molecola_3215,33,0,33,0.0016408587107434869,0
molecola_3215,34,0,34,0.0015655504539608955,0
molecola_3215,35,0,35,0.0015786370495334268,0
molecola_32565,1,0,1,0.007836319506168365,0
molecola_32565,2,0,2,0.004405769053846598,0
molecola_32565,3,1,3,0.9692145586013794,1
molecola_33149,1,0,1,0.0015730282757431269,0
molecola_33149,2,0,2,0.002331522759050131,0
molecola_33149,3,0,3,0.0016236425144597888,0
molecola_33149,4,0,4,0.003163339337334037,0
molecola_33149,5,0,5,0.01285517681390047,0
molecola_33149,6,0,6,0.012198401615023613,0
molecola_33149,7,1,7,0.9914819002151489,1
molecola_33149,8,0,8,0.01285517681390047,0
molecola_33149,9,0,9,0.003163339337334037,0
molecola_33149,10,0,10,0.00162379234097898,0
molecola_33149,11,0,11,0.0026765232905745506,0
molecola_33149,12,0,12,0.00221965997479856,0
molecola_33149,13,0,13,0.001982044195756316,0
molecola_33149,14,0,14,0.0024060234427452087,0
molecola_33149,15,0,15,0.0032972642220556736,0
molecola_33149,16,0,16,0.004290234297513962,0
molecola_33149,17,0,17,0.005053588189184666,0
molecola_33149,18,0,18,0.00505921570584178,0
molecola_33149,19,0,19,0.003206412773579359,0
molecola_33149,20,0,20,0.003100753528997302,0
molecola_33263,1,1,1,0.9914823770523071,1
molecola_33263,2,0,2,0.012174786999821663,0
molecola_33263,3,0,3,0.028468137606978416,0
molecola_33263,4,0,4,0.004247698001563549,0
molecola_33263,5,0,5,0.00424398435279727,0
molecola_33263,6,0,6,0.0042009493336081505,0
molecola_33263,7,0,7,0.027446892112493515,0
molecola_33263,8,0,8,0.004233068786561489,0
molecola_33263,9,0,9,0.003469846211373806,0
molecola_33263,10,0,10,0.0030175449792295694,0
molecola_33263,11,0,11,0.002995547838509083,0
molecola_33263,12,0,12,0.0029697460122406483,0
molecola_33263,13,0,13,0.0030624778009951115,0
molecola_33263,14,0,14,0.003651044797152281,0
molecola_33263,15,0,15,0.002432883018627763,0
molecola_33263,16,0,16,0.0035501602105796337,0
molecola_33263,17,0,17,0.005062099080532789,0
molecola_33263,18,0,18,0.004906115587800741,0
molecola_33263,19,0,19,0.002507065422832966,0
molecola_33263,20,0,20,0.002135536167770624,0
molecola_33263,21,0,21,0.0015779667301103473,0
molecola_33263,22,0,22,0.0016408587107434869,0
molecola_33263,23,0,23,0.0034831908997148275,0
molecola_33263,24,0,24,0.003557212883606553,0
molecola_33263,25,0,25,0.005045835394412279,0
molecola_33263,26,0,26,0.005027574487030506,0
molecola_33263,27,0,27,0.005045835394412279,0
molecola_33263,28,0,28,0.003557212883606553,0
molecola_33313,1,0,1,0.00157022918574512,0
molecola_33313,2,0,2,0.0016929099801927805,0
molecola_33313,3,0,3,0.0017041292740032077,0
molecola_33313,4,0,4,0.0015700384974479675,0
molecola_33313,5,0,5,0.002453283406794071,0
molecola_33313,6,0,6,0.9755964875221252,1
molecola_33313,7,0,7,0.0018661576323211193,0
molecola_33313,8,0,8,0.0017184361349791288,0
molecola_33313,9,0,9,0.0015701387310400605,0
molecola_33313,10,0,10,0.00239742873236537,0
molecola_33313,11,1,11,0.9739640355110168,1
molecola_33313,12,0,12,0.0016022812342271209,0
molecola_33313,13,0,13,0.0015903558814898133,0
molecola_33313,14,0,14,0.0016472889110445976,0
molecola_33313,15,0,15,0.0016367105999961495,0
molecola_33313,16,0,16,0.0016500038327649236,0
molecola_33313,17,0,17,0.001820507925003767,0
molecola_33313,18,0,18,0.0025768724735826254,0
molecola_33313,19,0,19,0.0022591345477849245,0
molecola_33313,20,0,20,0.0022591345477849245,0
molecola_33313,21,0,21,0.0016668845200911164,0
molecola_33313,22,0,22,0.002256468404084444,0
molecola_33313,23,0,23,0.004351485054939985,0
molecola_33313,24,0,24,0.005027574487030506,0
molecola_33313,25,0,25,0.004351485054939985,0
molecola_33313,26,0,26,0.002256468404084444,0
molecola_33345,1,0,1,0.0015800317050889134,0
molecola_33345,2,0,2,0.001820321660488844,0
molecola_33345,3,0,3,0.0016920182388275862,0
molecola_33345,4,0,4,0.0016932606231421232,0
molecola_33345,5,0,5,0.0018441596766933799,0
molecola_33345,6,0,6,0.0018343855626881123,0
molecola_33345,7,0,7,0.0019095586612820625,0
molecola_33345,8,0,8,0.002367791486904025,0
molecola_33345,9,0,9,0.0027046389877796173,0
molecola_33345,10,0,10,0.0018933311803266406,0
molecola_33345,11,0,11,0.002422978403046727,0
molecola_33345,12,0,12,0.0016330276848748326,0
molecola_33345,13,0,13,0.0016262370627373457,0
molecola_33345,14,0,14,0.00201290100812912,0
molecola_33345,15,0,15,0.0022389073856174946,0
molecola_33345,16,0,16,0.0047617824748158455,0
molecola_33345,17,0,17,0.004235147498548031,0
molecola_33345,18,0,18,0.005122204776853323,0
molecola_33345,19,0,19,0.027793604880571365,0
molecola_33345,20,0,20,0.011396759189665318,0
molecola_33345,21,1,21,0.9914959669113159,1
molecola_33345,22,0,22,0.00773645332083106,0
molecola_33345,23,0,23,0.002212752588093281,0
molecola_3379,1,0,1,0.001573424437083304,0
molecola_3379,2,0,2,0.001813587499782443,0
molecola_3379,3,0,3,0.0020096045918762684,0
molecola_3379,4,0,4,0.003810654394328594,0
molecola_3379,5,0,5,0.00409986125305295,0
molecola_3379,6,0,6,0.028636204078793526,0
molecola_3379,7,0,7,0.012198401615023613,0
molecola_3379,8,1,8,0.9914819002151489,1
molecola_3379,9,0,9,0.028636204078793526,0
molecola_3379,10,0,10,0.00409986125305295,0
molecola_3379,11,0,11,0.0016099089989438653,0
molecola_3379,12,0,12,0.0016956530744209886,0
molecola_3379,13,0,13,0.001615897286683321,0
molecola_3379,14,0,14,0.0016133469762280583,0
molecola_3379,15,0,15,0.0016499998746439815,0
molecola_3379,16,0,16,0.001615591230802238,0
molecola_3379,17,0,17,0.0016290427884086967,0
molecola_3379,18,0,18,0.002576512284576893,0
molecola_3379,19,0,19,0.002258799271658063,0
molecola_3379,20,0,20,0.002258799271658063,0
molecola_3379,21,0,21,0.0016461553750559688,0
molecola_3379,22,0,22,0.0017221064772456884,0
molecola_33896,1,1,1,0.9914819002151489,1
molecola_33896,2,0,2,0.012198401615023613,0
molecola_33896,3,0,3,0.027084074914455414,0
molecola_33896,4,0,4,0.0042469375766813755,0
molecola_33896,5,0,5,0.00290883076377213,0
molecola_33896,6,0,6,0.0032684993930161,0
molecola_33896,7,0,7,0.0022072428837418556,0
molecola_33896,8,0,8,0.0024599956814199686,0
molecola_33896,9,0,9,0.0024293349124491215,0
molecola_33896,10,0,10,0.0023257446009665728,0
molecola_33896,11,0,11,0.0019351772498339415,0
molecola_33896,12,0,12,0.0016251991037279367,0
molecola_33896,13,0,13,0.001663380186073482,0
molecola_33896,14,0,14,0.0015778541564941406,0
molecola_33896,15,0,15,0.0017238828586414456,0
molecola_33896,16,0,16,0.0016217638039961457,0
molecola_33896,17,0,17,0.0015728598227724433,0
molecola_33896,18,0,18,0.001926644705235958,0
molecola_33896,19,0,19,0.0019495682790875435,0
molecola_33896,20,0,20,0.001926644705235958,0
molecola_33896,21,0,21,0.0015728598227724433,0
molecola_33896,22,0,22,0.0023257446009665728,0
molecola_33896,23,0,23,0.0024293349124491215,0
molecola_33896,24,0,24,0.0042469375766813755,0
molecola_33896,25,0,25,0.027084074914455414,0
molecola_35504,1,0,1,0.00165342737454921,0
molecola_35504,2,0,2,0.0016158412909135222,0
molecola_35504,3,0,3,0.0016380487941205502,0
molecola_35504,4,0,4,0.002377804834395647,0
molecola_35504,5,0,5,0.00383106735534966,0
molecola_35504,6,1,6,0.9756370186805725,1
molecola_35504,7,0,7,0.0018966356292366982,0
molecola_35504,8,0,8,0.0016116643091663718,0
molecola_35504,9,0,9,0.0016079007182270288,0
molecola_35504,10,0,10,0.0015785356517881155,0
molecola_35504,11,0,11,0.00160029751714319,0
molecola_35504,12,0,12,0.0016122129745781422,0
molecola_35504,13,0,13,0.0016002358170226216,0
molecola_35504,14,0,14,0.0015856066020205617,0
molecola_35504,15,0,15,0.001632046070881188,0
molecola_35504,16,0,16,0.0016194322379305959,0
molecola_35504,17,0,17,0.0016547170234844089,0
molecola_35504,18,0,18,0.0015949575463309884,0
molecola_35504,19,0,19,0.0016165082342922688,0
molecola_35504,20,0,20,0.0015760146779939532,0
molecola_35504,21,0,21,0.0016003784257918596,0
molecola_35504,22,0,22,0.0016503792721778154,0
molecola_35504,23,0,23,0.00163495063316077,0
molecola_35504,24,0,24,0.00163925567176193,0
molecola_35504,25,0,25,0.002294737147167325,0
molecola_35504,26,0,26,0.0018512760289013386,0
molecola_35504,27,0,27,0.001782585633918643,0
molecola_36057,1,0,1,0.0019562356173992157,0
molecola_36057,2,0,2,0.002128107938915491,0
molecola_36057,3,0,3,0.0024425163865089417,0
molecola_36057,4,0,4,0.0023775752633810043,0
molecola_36057,5,0,5,0.0021958944853395224,0
molecola_36057,6,0,6,0.0017495828215032816,0
molecola_36057,7,0,7,0.002920683706179261,0
molecola_36057,8,0,8,0.004060756880789995,0
molecola_36057,9,0,9,0.0037565967068076134,0
molecola_36057,10,0,10,0.004580346867442131,0
molecola_36057,11,0,11,0.004827625118196011,0
molecola_36057,12,0,12,0.00373075227253139,0
molecola_36057,13,0,13,0.003067720215767622,0
molecola_36057,14,0,14,0.008120878599584103,0
molecola_36057,15,0,15,0.007414582185447216,0
molecola_36057,16,1,16,0.991222620010376,1
molecola_36057,17,0,17,0.002802737522870302,0
molecola_36057,18,0,18,0.0020317372400313616,0
molecola_36057,19,0,19,0.0025031024124473333,0
molecola_36057,20,0,20,0.0037648645229637623,0
molecola_36057,21,0,21,0.00380491535179317,0
molecola_36057,22,0,22,0.003072085091844201,0
molecola_36057,23,0,23,0.002115074312314391,0
molecola_36065,1,0,1,0.001575448433868587,0
molecola_36065,2,0,2,0.0016179881058633327,0
molecola_36065,3,0,3,0.0015872212825343013,0
molecola_36065,4,0,4,0.0015592188574373722,0
molecola_36065,5,0,5,0.0015989291714504361,0
molecola_36065,6,0,6,0.0016515188617631793,0
molecola_36065,7,0,7,0.0016537869814783335,0
molecola_36065,8,0,8,0.0017091816989704967,0
molecola_36065,9,0,9,0.0017116976669058204,0
molecola_36065,10,0,10,0.0018708871211856604,0
molecola_36065,11,1,11,0.8891870975494385,1
molecola_36065,12,0,12,0.0016015596920624375,0
molecola_36065,13,0,13,0.001579567790031433,0
molecola_36065,14,0,14,0.0015758608933538198,0
molecola_36065,15,0,15,0.001632426748983562,0
molecola_36065,16,0,16,0.001973225735127926,0
molecola_36065,17,0,17,0.0017441066447645426,0
molecola_36065,18,0,18,0.0019041600171476603,0
molecola_36065,19,0,19,0.00165491399820894,0
molecola_36065,20,0,20,0.001958983950316906,0
molecola_36065,21,0,21,0.0017805692041292787,0
molecola_36065,22,0,22,0.8676021099090576,1
molecola_36065,23,0,23,0.0020015027839690447,0
molecola_36065,24,0,24,0.09197279065847397,0
molecola_36065,25,0,25,0.0019799936562776566,0
molecola_36065,26,0,26,0.17979121208190918,0
molecola_36065,27,0,27,0.001966722309589386,0
molecola_36065,28,0,28,0.10715914517641068,0
molecola_36065,29,0,29,0.0016584290424361825,0
molecola_36065,30,0,30,0.0017517361557111144,0
molecola_36065,31,0,31,0.0015707308193668723,0
molecola_36352,1,0,1,0.0015803026035428047,0
molecola_36352,2,0,2,0.0016084342496469617,0
molecola_36352,3,0,3,0.0015626098029315472,0
molecola_36352,4,0,4,0.001663327100686729,0
molecola_36352,5,0,5,0.0016311955405399203,0
molecola_36352,6,0,6,0.0018363152630627155,0
molecola_36352,7,0,7,0.0016939111519604921,0
molecola_36352,8,0,8,0.001581957913003862,0
molecola_36352,9,0,9,0.0015616778982803226,0
molecola_36352,10,0,10,0.0019058198668062687,0
molecola_36352,11,0,11,0.002089500892907381,0
molecola_36352,12,0,12,0.004169646184891462,0
molecola_36352,13,0,13,0.0029558066744357347,0
molecola_36352,14,0,14,0.002188201528042555,0
molecola_36352,15,0,15,0.0032798824831843376,0
molecola_36352,16,0,16,0.004236012231558561,0
molecola_36352,17,0,17,0.028482995927333832,0
molecola_36352,18,0,18,0.012198401615023613,0
molecola_36352,19,1,19,0.9914819002151489,1
molecola_36352,20,0,20,0.028482995927333832,0
molecola_36352,21,0,21,0.004236012231558561,0
molecola_36853,1,1,1,0.9914819002151489,1
molecola_36853,2,0,2,0.012198401615023613,0
molecola_36853,3,0,3,0.021022576838731766,0
molecola_36853,4,0,4,0.002327823545783758,0
molecola_36853,5,0,5,0.002083549741655588,0
molecola_36853,6,0,6,0.0018405669834464788,0
molecola_36853,7,0,7,0.0020408323034644127,0
molecola_36853,8,0,8,0.0020336853340268135,0
molecola_36853,9,0,9,0.0020917062647640705,0
molecola_36853,10,0,10,0.0017200468573719263,0
molecola_36853,11,0,11,0.0016522548394277692,0
molecola_36853,12,0,12,0.002918107435107231,0
molecola_36853,13,0,13,0.00380489369854331,0
molecola_36853,14,0,14,0.003996392711997032,0
molecola_36853,15,0,15,0.005074246320873499,0
molecola_36853,16,0,16,0.003527274588122964,0
molecola_36853,17,0,17,0.0031671212054789066,0
molecola_36853,18,0,18,0.0034758069086819887,0
molecola_36853,19,0,19,0.009540645405650139,0
molecola_36853,20,0,20,0.00305335596203804,0
molecola_36853,21,0,21,0.00305335596203804,0
molecola_36853,22,0,22,0.00260653393343091,0
molecola_36853,23,0,23,0.003887210274115205,0
molecola_36853,24,0,24,0.003048950806260109,0
molecola_36853,25,0,25,0.00494030537083745,0
molecola_36853,26,0,26,0.005027574487030506,0
molecola_36853,27,0,27,0.00494030537083745,0
molecola_36853,28,0,28,0.003048950806260109,0
molecola_36853,29,0,29,0.002327823545783758,0
molecola_36853,30,0,30,0.021022576838731766,0
molecola_38190,1,0,1,0.0018838357646018267,0
molecola_38190,2,0,2,0.001730003859847784,0
molecola_38190,3,0,3,0.002390344627201557,0
molecola_38190,4,0,4,0.00434093689545989,0
molecola_38190,5,0,5,0.0026465693954378366,0
molecola_38190,6,0,6,0.0020703477784991264,0
molecola_38190,7,0,7,0.002320280997082591,0
molecola_38190,8,0,8,0.002365861786529422,0
molecola_38190,9,0,9,0.0025582013186067343,0
molecola_38190,10,0,10,0.004930051509290934,0
molecola_38190,11,0,11,0.004253150895237923,0
molecola_38190,12,0,12,0.002635665936395526,0
molecola_38190,13,0,13,0.0020200777798891068,0
molecola_38190,14,0,14,0.0026501640677452087,0
molecola_38190,15,0,15,0.0023432003799825907,0
molecola_38190,16,0,16,0.0023432003799825907,0
molecola_38190,17,0,17,0.001944789313711226,0
molecola_38190,18,0,18,0.0030869715847074986,0
molecola_38190,19,1,19,0.9698031544685364,1
molecola_39704,1,1,1,0.9914748668670654,1
molecola_39704,2,0,2,0.011968454346060753,0
molecola_39704,3,0,3,0.004576976411044598,0
molecola_39704,4,0,4,0.0024011835921555758,0
molecola_39704,5,0,5,0.0018800594843924046,0
molecola_39704,6,0,6,0.0026320971082895994,0
molecola_39704,7,0,7,0.0022588239517062902,0
molecola_39704,8,0,8,0.0017427447019144893,0
molecola_39704,9,0,9,0.0022487477399408817,0
molecola_39704,10,0,10,0.0036271356511861086,0
molecola_39704,11,0,11,0.008501401171088219,0
molecola_39704,12,0,12,0.0016845727805048227,0
molecola_39704,13,0,13,0.0016014177817851305,0
molecola_39704,14,0,14,0.0017121604178100824,0
molecola_39704,15,0,15,0.0016790847294032574,0
molecola_39704,16,0,16,0.0017121604178100824,0
molecola_39704,17,0,17,0.0016014177817851305,0
molecola_40169,1,0,1,0.0018677401822060347,0
molecola_40169,2,0,2,0.0018057568231597543,0
molecola_40169,3,0,3,0.002053625416010618,0
molecola_40169,4,0,4,0.001862828154116869,0
molecola_40169,5,0,5,0.002519155154004693,0
molecola_40169,6,0,6,0.0037391504738479853,0
molecola_40169,7,0,7,0.0035598811227828264,0
molecola_40169,8,0,8,0.003584024729207158,0
molecola_40169,9,0,9,0.0037120271008461714,0
molecola_40169,10,0,10,0.0036288609262555838,0
molecola_40169,11,0,11,0.0024877458345144987,0
molecola_40169,12,0,12,0.0022383311297744513,0
molecola_40169,13,0,13,0.0016209061723202467,0
molecola_40169,14,0,14,0.0016139362705871463,0
molecola_40169,15,0,15,0.001601161784492433,0
molecola_40169,16,0,16,0.0015792105114087462,0
molecola_40169,17,0,17,0.001721815438941121,0
molecola_40169,18,0,18,0.0015792105114087462,0
molecola_40169,19,0,19,0.001601161784492433,0
molecola_40169,20,0,20,0.0017370798159390688,0
molecola_40169,21,0,21,0.003718580352142453,0
molecola_40169,22,1,22,0.9840090274810791,1
molecola_40169,23,0,23,0.0018033389933407307,0
molecola_40169,24,0,24,0.0017370798159390688,0
molecola_40977,1,0,1,0.0023427745327353477,0
molecola_40977,2,0,2,0.0026498818770051003,0
molecola_40977,3,0,3,0.0023427745327353477,0
molecola_40977,4,0,4,0.0021921468432992697,0
molecola_40977,5,0,5,0.0025401285383850336,0
molecola_40977,6,0,6,0.004162617493420839,0
molecola_40977,7,0,7,0.004042327404022217,0
molecola_40977,8,0,8,0.0040460554882884026,0
molecola_40977,9,0,9,0.002547713927924633,0
molecola_40977,10,0,10,0.004232168197631836,0
molecola_40977,11,0,11,0.004247776698321104,0
molecola_40977,12,0,12,0.028481539338827133,0
molecola_40977,13,0,13,0.00878390297293663,0
molecola_40977,14,1,14,0.991449773311615,1
molecola_40977,15,0,15,0.00382324680685997,0
molecola_40977,16,0,16,0.0019330481300130486,0
molecola_40977,17,0,17,0.0025801074225455523,0
molecola_41029,1,0,1,0.002480744617059827,0
molecola_41029,2,0,2,0.0026948507875204086,0
molecola_41029,3,0,3,0.004231131635606289,0
molecola_41029,4,0,4,0.012702963314950466,0
molecola_41029,5,1,5,0.991434633731842,1
molecola_41029,6,0,6,0.01844027079641819,0
molecola_41029,7,0,7,0.0022516020108014345,0
molecola_41029,8,0,8,0.0016462376806885004,0
molecola_41029,9,0,9,0.0015853340737521648,0
molecola_41029,10,0,10,0.0017348438268527389,0
molecola_41029,11,0,11,0.0023078310769051313,0
molecola_41029,12,0,12,0.001969972625374794,0
molecola_41029,13,0,13,0.0018331672763451934,0
molecola_41029,14,0,14,0.0015789804747328162,0
molecola_41029,15,0,15,0.001580459880642593,0
molecola_41029,16,0,16,0.0015960626769810915,0
molecola_41029,17,0,17,0.0015639681369066238,0
molecola_41029,18,0,18,0.001814077841117978,0
molecola_41029,19,0,19,0.00198655528947711,0
molecola_41029,20,0,20,0.0028244629502296448,0
molecola_41029,21,0,21,0.0038853678852319717,0
molecola_41029,22,0,22,0.0036359019577503204,0
molecola_41029,23,0,23,0.0033250737469643354,0
molecola_41029,24,0,24,0.0036359019577503204,0
molecola_41029,25,0,25,0.0038854102604091167,0
molecola_41029,26,0,26,0.002196286339312792,0
molecola_41029,27,0,27,0.001651613274589181,0
molecola_43702,1,0,1,0.7761998772621155,1
molecola_43702,2,0,2,0.0017698556184768677,0
molecola_43702,3,0,3,0.002228443743661046,0
molecola_43702,4,0,4,0.001573903951793909,0
molecola_43702,5,0,5,0.0016000386094674468,0
molecola_43702,6,0,6,0.001923336531035602,0
molecola_43702,7,0,7,0.0015750807942822576,0
molecola_43702,8,0,8,0.001585561316460371,0
molecola_43702,9,0,9,0.0015775378560647368,0
molecola_43702,10,0,10,0.0016032189596444368,0
molecola_43702,11,0,11,0.001610301318578422,0
molecola_43702,12,0,12,0.001582691678777337,0
molecola_43702,13,0,13,0.0016440354520455003,0
molecola_43702,14,0,14,0.0016409639501944184,0
molecola_43702,15,0,15,0.0016408859519287944,0
molecola_43702,16,0,16,0.0016408859519287944,0
molecola_43702,17,0,17,0.0016408859519287944,0
molecola_43702,18,0,18,0.0016261155251413584,0
molecola_43702,19,0,19,0.001883611548691988,0
molecola_43702,20,0,20,0.0015870255883783102,0
molecola_43702,21,0,21,0.0017868434078991413,0
molecola_43702,22,0,22,0.0017754752188920975,0
molecola_43702,23,0,23,0.0015870255883783102,0
molecola_43702,24,0,24,0.0018920827424153686,0
molecola_43702,25,0,25,0.0016164921689778566,0
molecola_43702,26,0,26,0.001655388274230063,0
molecola_43702,27,0,27,0.0016077605541795492,0
molecola_43702,28,0,28,0.0016077605541795492,0
molecola_43702,29,0,29,0.001640111906453967,0
molecola_43702,30,0,30,0.0016109409043565392,0
molecola_43702,31,0,31,0.0016109409043565392,0
molecola_43702,32,0,32,0.0016109409043565392,0
molecola_43702,33,0,33,0.0015776475192978978,0
molecola_43702,34,0,34,0.0019888451788574457,0
molecola_43702,35,0,35,0.004774089436978102,0
molecola_43702,36,0,36,0.04178999364376068,0
molecola_43702,37,0,37,0.9836316108703613,1
molecola_43702,38,0,38,0.04185423627495766,0
molecola_43702,39,1,39,0.9836316108703613,1
molecola_43702,40,0,40,0.003616523463279009,0
molecola_43702,41,0,41,0.0016752610681578517,0
molecola_44036,1,0,1,0.0024826957378536463,0
molecola_44036,2,0,2,0.002679857425391674,0
molecola_44036,3,0,3,0.004532046616077423,0
molecola_44036,4,0,4,0.0036587545182555914,0
molecola_44036,5,0,5,0.002588364528492093,0
molecola_44036,6,0,6,0.0019742147997021675,0
molecola_44036,7,0,7,0.002361867344006896,0
molecola_44036,8,0,8,0.002369481837376952,0
molecola_44036,9,0,9,0.004272707272320986,0
molecola_44036,10,0,10,0.004290132317692041,0
molecola_44036,11,0,11,0.003466528607532382,0
molecola_44036,12,0,12,0.003980785608291626,0
molecola_44036,13,0,13,0.0032822901848703623,0
molecola_44036,14,0,14,0.0025454864371567965,0
molecola_44036,15,0,15,0.0024826957378536463,0
molecola_44036,16,0,16,0.0032822901848703623,0
molecola_44036,17,0,17,0.0025454864371567965,0
molecola_44036,18,0,18,0.0024826957378536463,0
molecola_44036,19,0,19,0.0037096631713211536,0
molecola_44036,20,0,20,0.0024923719465732574,0
molecola_44036,21,0,21,0.0025145269464701414,0
molecola_44036,22,0,22,0.021420976147055626,0
molecola_44036,23,0,23,0.01288043987005949,0
molecola_44036,24,1,24,0.9914318323135376,1
molecola_44238,1,1,1,0.9740238785743713,1
molecola_44238,2,0,2,0.0036791835445910692,0
molecola_44238,3,0,3,0.0019511999562382698,0
molecola_44238,4,0,4,0.002344047650694847,0
molecola_44238,5,0,5,0.002748211147263646,0
molecola_44238,6,0,6,0.004238361958414316,0
molecola_44238,7,0,7,0.0040650744922459126,0
molecola_44238,8,0,8,0.00424458272755146,0
molecola_44238,9,0,9,0.00424458272755146,0
molecola_44238,10,0,10,0.004087370820343494,0
molecola_44238,11,0,11,0.004246411379426718,0
molecola_44238,12,0,12,0.005090891383588314,0
molecola_44238,13,0,13,0.004242863971740007,0
molecola_44238,14,0,14,0.004065995570272207,0
molecola_44238,15,0,15,0.0022466517984867096,0
molecola_44238,16,0,16,0.00238965661264956,0
molecola_44238,17,0,17,0.002208337187767029,0
molecola_44238,18,0,18,0.0031366900075227022,0
molecola_44238,19,0,19,0.003924165386706591,0
molecola_44251,1,0,1,0.9122451543807983,1
molecola_44251,2,0,2,0.002070146845653653,0
molecola_44251,3,0,3,0.01943155564367771,0
molecola_44251,4,0,4,0.004416478332132101,0
molecola_44251,5,0,5,0.004913136828690767,0
molecola_44251,6,0,6,0.0016768688801676035,0
molecola_44251,7,0,7,0.004083678591996431,0
molecola_44251,8,0,8,0.002497005509212613,0
molecola_44251,9,1,9,0.9698031544685364,1
molecola_44251,10,0,10,0.0020181224681437016,0
molecola_44251,11,0,11,0.0016197931254282594,0
molecola_44251,12,0,12,0.0015884384047240019,0
molecola_44343,1,0,1,0.0024826957378536463,0
molecola_44343,2,0,2,0.0025454864371567965,0
molecola_44343,3,0,3,0.003282291814684868,0
molecola_44343,4,0,4,0.003934397827833891,0
molecola_44343,5,0,5,0.003062189556658268,0
molecola_44343,6,0,6,0.0025507123209536076,0
molecola_44343,7,0,7,0.0024826957378536463,0
molecola_44343,8,0,8,0.004106423817574978,0
molecola_44343,9,0,9,0.002558770589530468,0
molecola_44343,10,0,10,0.002940078731626272,0
molecola_44343,11,0,11,0.004747828468680382,0
molecola_44343,12,1,12,0.9706727266311646,1
molecola_44343,13,0,13,0.0037811785005033016,0
molecola_44343,14,0,14,0.0032822778448462486,0
molecola_44343,15,0,15,0.0025454864371567965,0
molecola_44343,16,0,16,0.0024826957378536463,0
molecola_4525,1,0,1,0.002342268591746688,0
molecola_4525,2,0,2,0.0026496790815144777,0
molecola_4525,3,0,3,0.002342268591746688,0
molecola_4525,4,0,4,0.0021986919455230236,0
molecola_4525,5,0,5,0.0026694326661527157,0
molecola_4525,6,0,6,0.003557394025847316,0
molecola_4525,7,0,7,0.0036112661473453045,0
molecola_4525,8,0,8,0.003557394025847316,0
molecola_4525,9,0,9,0.0026694326661527157,0
molecola_4525,10,0,10,0.00350894290022552,0
molecola_4525,11,0,11,0.0034592768643051386,0
molecola_4525,12,0,12,0.004529369063675404,0
molecola_4525,13,0,13,0.0035732819233089685,0
molecola_4525,14,0,14,0.004199957940727472,0
molecola_4525,15,0,15,0.006832345854490995,0
molecola_4525,16,0,16,0.004416545387357473,0
molecola_4525,17,0,17,0.005062099080532789,0
molecola_4525,18,0,18,0.00510994391515851,0
molecola_4525,19,0,19,0.027758896350860596,0
molecola_4525,20,0,20,0.011295308358967304,0
molecola_4525,21,0,21,0.9914939403533936,1
molecola_4525,22,0,22,0.028392521664500237,0
molecola_4525,23,0,23,0.004416530951857567,0
molecola_4525,24,0,24,0.005127738695591688,0
molecola_4525,25,0,25,0.04509839788079262,0
molecola_4525,26,0,26,0.042145900428295135,0
molecola_4525,27,1,27,0.9836350679397583,1
molecola_4525,28,0,28,0.039005570113658905,0
molecola_4525,29,0,29,0.9836418628692627,1
molecola_45613,1,1,1,0.36615487933158875,0
molecola_45613,2,0,2,0.004639971535652876,0
molecola_45613,3,0,3,0.002303089713677764,0
molecola_45613,4,0,4,0.001654887106269598,0
molecola_45613,5,0,5,0.001654887106269598,0
molecola_45613,6,0,6,0.002303089713677764,0
molecola_45613,7,0,7,0.004639969207346439,0
molecola_45613,8,0,8,0.3661549389362335,0
molecola_47685,1,0,1,0.001861038850620389,0
molecola_47685,2,0,2,0.0026546004228293896,0
molecola_47685,3,0,3,0.0022538076154887676,0
molecola_47685,4,0,4,0.004145973827689886,0
molecola_47685,5,0,5,0.0022538076154887676,0
molecola_47685,6,0,6,0.0026546004228293896,0
molecola_47685,7,0,7,0.001861038850620389,0
molecola_47685,8,0,8,0.00203762692399323,0
molecola_47685,9,0,9,0.8874531388282776,1
molecola_47685,10,0,10,0.004145973827689886,0
molecola_47685,11,0,11,0.002404375933110714,0
molecola_47685,12,0,12,0.0018452757503837347,0
molecola_47685,13,0,13,0.0019264650763943791,0
molecola_47685,14,0,14,0.0026270432863384485,0
molecola_47685,15,0,15,0.007081187330186367,0
molecola_47685,16,1,16,0.9901357293128967,1
molecola_47685,17,0,17,0.0018452765652909875,0
molecola_47685,18,0,18,0.0019264650763943791,0
molecola_47685,19,0,19,0.002404375933110714,0
molecola_48179,1,0,1,0.0018644052324816585,0
molecola_48179,2,0,2,0.0018347393488511443,0
molecola_48179,3,0,3,0.0020440376829355955,0
molecola_48179,4,0,4,0.002046145498752594,0
molecola_48179,5,0,5,0.0016984367975965142,0
molecola_48179,6,0,6,0.003365591634064913,0
molecola_48179,7,1,7,0.9697737693786621,1
molecola_48179,8,0,8,0.0020289188250899315,0
molecola_48179,9,0,9,0.0029734657146036625,0
molecola_48179,10,0,10,0.002874304074794054,0
molecola_48179,11,0,11,0.004218886140733957,0
molecola_48179,12,0,12,0.0025669424794614315,0
molecola_48179,13,0,13,0.002588625531643629,0
molecola_48179,14,0,14,0.0018447795882821083,0
molecola_48179,15,0,15,0.0025669424794614315,0
molecola_48179,16,0,16,0.004218886140733957,0
molecola_48729,1,0,1,0.001719332067295909,0
molecola_48729,2,0,2,0.001615365268662572,0
molecola_48729,3,0,3,0.0016860096948221326,0
molecola_48729,4,0,4,0.0021411615889519453,0
molecola_48729,5,0,5,0.0038282587192952633,0
molecola_48729,6,0,6,0.9741442203521729,1
molecola_48729,7,0,7,0.0021411615889519453,0
molecola_48729,8,0,8,0.0016860096948221326,0
molecola_48729,9,0,9,0.0019889865070581436,0
molecola_48729,10,0,10,0.0017051639733836055,0
molecola_48729,11,0,11,0.0017124000005424023,0
molecola_48729,12,0,12,0.0023514411877840757,0
molecola_48729,13,0,13,0.0025992102455347776,0
molecola_48729,14,0,14,0.02739490382373333,0
molecola_48729,15,0,15,0.008749733678996563,0
molecola_48729,16,1,16,0.991445779800415,1
molecola_48729,17,0,17,0.0030205014627426863,0
molecola_48729,18,0,18,0.001920886803418398,0
molecola_48729,19,0,19,0.001961965812370181,0
molecola_48729,20,0,20,0.0017619292484596372,0
molecola_48746,1,1,1,0.9163603186607361,1
molecola_48746,2,0,2,0.0024575642310082912,0
molecola_48746,3,0,3,0.0036437581293284893,0
molecola_48746,4,0,4,0.0021411769557744265,0
molecola_48746,5,0,5,0.0023244526237249374,0
molecola_48746,6,0,6,0.0016989560099318624,0
molecola_48746,7,0,7,0.001681197085417807,0
molecola_48746,8,0,8,0.005779673811048269,0
molecola_48746,9,0,9,0.0023293467238545418,0
molecola_48746,10,0,10,0.0022702408023178577,0
molecola_48746,11,0,11,0.0026343136560171843,0
molecola_48746,12,0,12,0.0030900840647518635,0
molecola_48746,13,0,13,0.002390545792877674,0
molecola_48746,14,0,14,0.0024340241216123104,0
molecola_48746,15,0,15,0.0020959735848009586,0
molecola_48746,16,0,16,0.0017840134678408504,0
molecola_48746,17,0,17,0.001684291404671967,0
molecola_48746,18,0,18,0.001610882580280304,0
molecola_48746,19,0,19,0.001610882580280304,0
molecola_48746,20,0,20,0.001610882580280304,0
molecola_48746,21,0,21,0.002018000464886427,0
molecola_48746,22,0,22,0.0016198178054764867,0
molecola_48746,23,0,23,0.0015884594758972526,0
molecola_48746,24,0,24,0.0016822153702378273,0
molecola_48746,25,0,25,0.0016109133139252663,0
molecola_48746,26,0,26,0.0016109133139252663,0
molecola_48746,27,0,27,0.0016109133139252663,0
molecola_49329,1,0,1,0.0022588507272303104,0
molecola_49329,2,0,2,0.0025769572239369154,0
molecola_49329,3,0,3,0.0022588507272303104,0
molecola_49329,4,0,4,0.0017897103680297732,0
molecola_49329,5,0,5,0.0018864359008148313,0
molecola_49329,6,0,6,0.0023293830454349518,0
molecola_49329,7,0,7,0.002198657486587763,0
molecola_49329,8,0,8,0.002669579815119505,0
molecola_49329,9,0,9,0.002649895614013076,0
molecola_49329,10,0,10,0.0020522517152130604,0
molecola_49329,11,0,11,0.0023709102533757687,0
molecola_49329,12,0,12,0.002171383472159505,0
molecola_49329,13,0,13,0.0018509095534682274,0
molecola_49329,14,0,14,0.0017368979752063751,0
molecola_49329,15,0,15,0.0039780717343091965,0
molecola_49329,16,0,16,0.01196756400167942,0
molecola_49329,17,1,17,0.9914748668670654,1
molecola_49329,18,0,18,0.00411324854940176,0
molecola_49329,19,0,19,0.0020509259775280952,0
molecola_49329,20,0,20,0.0017822616500779986,0
molecola_49329,21,0,21,0.0026496790815144777,0
molecola_49329,22,0,22,0.002342268591746688,0
molecola_49329,23,0,23,0.002342268591746688,0
molecola_5076,1,0,1,0.0018544914200901985,0
molecola_5076,2,0,2,0.001728170900605619,0
molecola_5076,3,0,3,0.0018365110736340284,0
molecola_5076,4,0,4,0.0017489433521404862,0
molecola_5076,5,0,5,0.00174003338906914,0
molecola_5076,6,0,6,0.0017071733018383384,0
molecola_5076,7,0,7,0.0017400449141860008,0
molecola_5076,8,0,8,0.0017071733018383384,0
molecola_5076,9,0,9,0.001995270838961005,0
molecola_5076,10,0,10,0.0035875618923455477,0
molecola_5076,11,1,11,0.9698031544685364,1
molecola_5076,12,0,12,0.0017400449141860008,0
molecola_5076,13,0,13,0.0017071733018383384,0
molecola_5076,14,0,14,0.00174003338906914,0
molecola_5076,15,0,15,0.0017071733018383384,0
molecola_51090,1,0,1,0.0016150184674188495,0
molecola_51090,2,0,2,0.002264944836497307,0
molecola_51090,3,0,3,0.0017532978672534227,0
molecola_51090,4,0,4,0.001772204297594726,0
molecola_51090,5,0,5,0.0018936150008812547,0
molecola_51090,6,0,6,0.0016722605796530843,0
molecola_51090,7,0,7,0.0015810016775503755,0
molecola_51090,8,0,8,0.0016114417230710387,0
molecola_51090,9,0,9,0.0016052878927439451,0
molecola_51090,10,0,10,0.001587632461450994,0
molecola_51090,11,0,11,0.0016046598320826888,0
molecola_51090,12,0,12,0.0015510625671595335,0
molecola_51090,13,0,13,0.0016003722557798028,0
molecola_51090,14,0,14,0.0017576160607859492,0
molecola_51090,15,0,15,0.001769396592862904,0
molecola_51090,16,1,16,0.7775294184684753,1
molecola_51090,17,0,17,0.0019497463945299387,0
molecola_51090,18,0,18,0.0015725753037258983,0
molecola_51090,19,0,19,0.0015983476769179106,0
molecola_51090,20,0,20,0.0015843819128349423,0
molecola_51090,21,0,21,0.001658085617236793,0
molecola_51090,22,0,22,0.0016115184407681227,0
molecola_51090,23,0,23,0.0015807646559551358,0
molecola_51090,24,0,24,0.001630360260605812,0
molecola_51090,25,0,25,0.001641279668547213,0
molecola_51090,26,0,26,0.0016512232832610607,0
molecola_51090,27,0,27,0.001716864644549787,0
molecola_51090,28,0,28,0.0017018149374052882,0
molecola_51090,29,0,29,0.0015801943372935057,0
molecola_5164,1,0,1,0.001845568185672164,0
molecola_5164,2,0,2,0.0015852261567488313,0
molecola_5164,3,0,3,0.001679540378972888,0
molecola_5164,4,0,4,0.002298214705660939,0
molecola_5164,5,0,5,0.006239056121557951,0
molecola_5164,6,0,6,0.04178999364376068,0
molecola_5164,7,1,7,0.9836316108703613,1
molecola_5164,8,0,8,0.04178999364376068,0
molecola_5164,9,0,9,0.9836316108703613,1
molecola_5164,10,0,10,0.006239056121557951,0
molecola_5164,11,0,11,0.002298214705660939,0
molecola_5164,12,0,12,0.001679540378972888,0
molecola_519,1,0,1,0.001739076105877757,0
molecola_519,2,0,2,0.0015829214826226234,0
molecola_519,3,0,3,0.0015873572556301951,0
molecola_519,4,0,4,0.0015867770416662097,0
molecola_519,5,0,5,0.001641840790398419,0
molecola_519,6,0,6,0.0016916219610720873,0
molecola_519,7,0,7,0.0022555796895176172,0
molecola_519,8,0,8,0.003774979617446661,0
molecola_519,9,0,9,0.17108578979969025,0
molecola_519,10,0,10,0.5777156949043274,1
molecola_519,11,0,11,0.45913511514663696,0
molecola_519,12,0,12,0.3217232823371887,0
molecola_519,13,0,13,0.3217232823371887,0
molecola_519,14,0,14,0.31917980313301086,0
molecola_519,15,0,15,0.0022067157551646233,0
molecola_519,16,0,16,0.0017479571979492903,0
molecola_519,17,0,17,0.0021846324671059847,0
molecola_519,18,0,18,0.0016983156092464924,0
molecola_519,19,0,19,0.0022648563608527184,0
molecola_519,20,0,20,0.0179444570094347,0
molecola_519,21,0,21,0.008373739197850227,0
molecola_519,22,1,22,0.9914182424545288,1
molecola_519,23,0,23,0.0029762531630694866,0
molecola_519,24,0,24,0.0018457648111507297,0
molecola_519,25,0,25,0.002216822002083063,0
molecola_5281,1,0,1,0.0024826957378536463,0
molecola_5281,2,0,2,0.002679857425391674,0
molecola_5281,3,0,3,0.004531580023467541,0
molecola_5281,4,0,4,0.0037690664175897837,0
molecola_5281,5,0,5,0.0022756431717425585,0
molecola_5281,6,0,6,0.003159537212923169,0
molecola_5281,7,0,7,0.002275588223710656,0
molecola_5281,8,0,8,0.0031895877327769995,0
molecola_5281,9,0,9,0.0025634553749114275,0
molecola_5281,10,0,10,0.002591236960142851,0
molecola_5281,11,0,11,0.0018435496604070067,0
molecola_5281,12,0,12,0.0021799432579427958,0
molecola_5281,13,0,13,0.0016915415180847049,0
molecola_5281,14,0,14,0.0015814496437087655,0
molecola_5281,15,0,15,0.0015915555413812399,0
molecola_5281,16,0,16,0.0016602862160652876,0
molecola_5281,17,0,17,0.0015915555413812399,0
molecola_5281,18,0,18,0.0015814496437087655,0
molecola_5281,19,0,19,0.0016921277856454253,0
molecola_5281,20,0,20,0.003433010308071971,0
molecola_5281,21,0,21,0.012772138230502605,0
molecola_5281,22,1,22,0.991426944732666,1
molecola_54,1,0,1,0.001606480567716062,0
molecola_54,2,0,2,0.0016168046277016401,0
molecola_54,3,0,3,0.001606480567716062,0
molecola_54,4,0,4,0.0015933932736515999,0
molecola_54,5,0,5,0.002087289933115244,0
molecola_54,6,0,6,0.002182579366490245,0
molecola_54,7,0,7,0.8823665976524353,1
molecola_54,8,0,8,0.004850104451179504,0
molecola_54,9,0,9,0.0035152242053300142,0
molecola_54,10,0,10,0.011952349916100502,0
molecola_54,11,1,11,0.9914748668670654,1
molecola_54,12,0,12,0.027963100001215935,0
molecola_54,13,0,13,0.011952349916100502,0
molecola_54,14,0,14,0.9914748668670654,1
molecola_54,15,0,15,0.0035152242053300142,0
molecola_5411,1,0,1,0.0024826957378536463,0
molecola_5411,2,0,2,0.0025454864371567965,0
molecola_5411,3,0,3,0.0032822557259351015,0
molecola_5411,4,0,4,0.003156152321025729,0
molecola_5411,5,0,5,0.0019873741548508406,0
molecola_5411,6,0,6,0.0019261258421465755,0
molecola_5411,7,0,7,0.0038736206479370594,0
molecola_5411,8,0,8,0.9743055701255798,1
molecola_5411,9,0,9,0.001997818239033222,0
molecola_5411,10,0,10,0.0018072513630613685,0
molecola_5411,11,0,11,0.0015737931244075298,0
molecola_5411,12,0,12,0.001584092271514237,0
molecola_5411,13,0,13,0.001589046441949904,0
molecola_5411,14,0,14,0.001562786172144115,0
molecola_5411,15,0,15,0.002393096685409546,0
molecola_5411,16,0,16,0.003589181462302804,0
molecola_5411,17,0,17,0.003516123164445162,0
molecola_5411,18,0,18,0.003320894902572036,0
molecola_5411,19,0,19,0.0044406321831047535,0
molecola_5411,20,0,20,0.005752013064920902,0
molecola_5411,21,0,21,0.011418366804718971,0
molecola_5411,22,1,22,0.9914707541465759,1
molecola_5411,23,0,23,0.004739874508231878,0
molecola_5411,24,0,24,0.002410649787634611,0
molecola_5411,25,0,25,0.001661186688579619,0
molecola_5411,26,0,26,0.002325792098417878,0
molecola_5411,27,0,27,0.0032826473470777273,0
molecola_5411,28,0,28,0.0025454864371567965,0
molecola_5411,29,0,29,0.0024826957378536463,0
molecola_54551,1,0,1,0.91636723279953,1
molecola_54551,2,0,2,0.004577143583446741,0
molecola_54551,3,0,3,0.019097721204161644,0
molecola_54551,4,0,4,0.004302882123738527,0
molecola_54551,5,0,5,0.0038659905549138784,0
molecola_54551,6,0,6,0.004215421620756388,0
molecola_54551,7,0,7,0.004893950652331114,0
molecola_54551,8,0,8,0.002898123813793063,0
molecola_54551,9,0,9,0.003641456598415971,0
molecola_54551,10,0,10,0.0027080392464995384,0
molecola_54551,11,0,11,0.003985812421888113,0
molecola_54551,12,0,12,0.0030462981667369604,0
molecola_54551,13,0,13,0.004095603246241808,0
molecola_54551,14,0,14,0.0028192822355777025,0
molecola_54551,15,0,15,0.003179840510711074,0
molecola_54551,16,0,16,0.002234293380752206,0
molecola_54551,17,0,17,0.0044647883623838425,0
molecola_54551,18,0,18,0.0023910608142614365,0
molecola_54551,19,0,19,0.0020730746909976006,0
molecola_54551,20,0,20,0.0017649527871981263,0
molecola_54551,21,0,21,0.0024443783331662416,0
molecola_54551,22,0,22,0.020335040986537933,0
molecola_54551,23,0,23,0.00837991014122963,0
molecola_54551,24,1,24,0.991419792175293,1
molecola_54551,25,0,25,0.002747380407527089,0
molecola_54551,26,0,26,0.0017971667693927884,0
molecola_54551,27,0,27,0.002526555210351944,0
molecola_54551,28,0,28,0.0030550009105354548,0
molecola_54551,29,0,29,0.005073916632682085,0
molecola_54867,1,0,1,0.0024826957378536463,0
molecola_54867,2,0,2,0.002679862780496478,0
molecola_54867,3,0,3,0.004531835671514273,0
molecola_54867,4,0,4,0.005788259208202362,0
molecola_54867,5,0,5,0.0023249047808349133,0
molecola_54867,6,0,6,0.0019532579462975264,0
molecola_54867,7,0,7,0.001629841048270464,0
molecola_54867,8,0,8,0.0018356668297201395,0
molecola_54867,9,0,9,0.0016868173843249679,0
molecola_54867,10,0,10,0.0020972476340830326,0
molecola_54867,11,0,11,0.0016519781202077866,0
molecola_54867,12,0,12,0.0016812017420306802,0
molecola_54867,13,0,13,0.0017109032487496734,0
molecola_54867,14,0,14,0.0016940556233748794,0
molecola_54867,15,0,15,0.0019692867062985897,0
molecola_54867,16,0,16,0.0016594137996435165,0
molecola_54867,17,0,17,0.001956760883331299,0
molecola_54867,18,0,18,0.0017805692041292787,0
molecola_54867,19,0,19,0.8676021099090576,1
molecola_54867,20,0,20,0.0020015027839690447,0
molecola_54867,21,0,21,0.09197279065847397,0
molecola_54867,22,0,22,0.001980006927624345,0
molecola_54867,23,0,23,0.17979121208190918,0
molecola_54867,24,0,24,0.0019511618884280324,0
molecola_54867,25,0,25,0.10728906840085983,0
molecola_54867,26,0,26,0.0015925553161650896,0
molecola_54867,27,0,27,0.0017988879699259996,0
molecola_54867,28,0,28,0.0025306898169219494,0
molecola_54867,29,0,29,0.0018550246022641659,0
molecola_54867,30,0,30,0.001741092186421156,0
molecola_54867,31,0,31,0.002925894223153591,0
molecola_54867,32,0,32,0.0038091850001364946,0
molecola_54867,33,0,33,0.004096647724509239,0
molecola_54867,34,0,34,0.02880825847387314,0
molecola_54867,35,0,35,0.012880433350801468,0
molecola_54867,36,0,36,0.9914318323135376,1
molecola_54867,37,0,37,0.0045314677990973,0
molecola_54867,38,0,38,0.002679857425391674,0
molecola_54867,39,0,39,0.0024826957378536463,0
molecola_54867,40,0,40,0.005146176554262638,0
molecola_54867,41,0,41,0.001988745993003249,0
molecola_54867,42,0,42,0.0016873055137693882,0
molecola_54867,43,0,43,0.001971858087927103,0
molecola_54867,44,0,44,0.0016597805079072714,0
molecola_54867,45,0,45,0.0019079671474173665,0
molecola_54867,46,0,46,0.001606475212611258,0
molecola_54867,47,0,47,0.0020019705407321453,0
molecola_54867,48,0,48,0.09197559952735901,0
molecola_54867,49,0,49,0.001980006927624345,0
molecola_54867,50,0,50,0.17979121208190918,0
molecola_54867,51,0,51,0.001951170270331204,0
molecola_54867,52,0,52,0.10728906840085983,0
molecola_54867,53,0,53,0.0017010989831760526,0
molecola_54867,54,0,54,0.6900609135627747,1
molecola_54867,55,0,55,0.003639973932877183,0
molecola_54867,56,0,56,0.01277356967329979,0
molecola_54867,57,1,57,0.991426944732666,1
molecola_57499,1,1,1,0.9913285374641418,1
molecola_57499,2,0,2,0.006725152023136616,0
molecola_57499,3,0,3,0.0038405712693929672,0
molecola_57499,4,0,4,0.0019330269424244761,0
molecola_57499,5,0,5,0.0024190132971853018,0
molecola_57499,6,0,6,0.001939392532221973,0
molecola_57499,7,0,7,0.0017587643815204501,0
molecola_57499,8,0,8,0.0019713626243174076,0
molecola_57499,9,0,9,0.001754616154357791,0
molecola_57499,10,0,10,0.00296917837113142,0
molecola_57499,11,0,11,0.0019208649173378944,0
molecola_57521,1,0,1,0.001982044195756316,0
molecola_57521,2,0,2,0.0022167302668094635,0
molecola_57521,3,0,3,0.0024268473498523235,0
molecola_57521,4,0,4,0.003917779307812452,0
molecola_57521,5,0,5,0.0027281721122562885,0
molecola_57521,6,0,6,0.0033524318132549524,0
molecola_57521,7,0,7,0.002959206700325012,0
molecola_57521,8,0,8,0.0029223018791526556,0
molecola_57521,9,0,9,0.0017891780007630587,0
molecola_57521,10,0,10,0.0029070889577269554,0
molecola_57521,11,0,11,0.0021474314853549004,0
molecola_57521,12,0,12,0.0017549602780491114,0
molecola_57521,13,0,13,0.001752870506606996,0
molecola_57521,14,0,14,0.002283047651872039,0
molecola_57521,15,0,15,0.0018248014384880662,0
molecola_57521,16,0,16,0.0019266832387074828,0
molecola_57521,17,0,17,0.0024606569204479456,0
molecola_57521,18,0,18,0.004328013397753239,0
molecola_57521,19,0,19,0.0024635365698486567,0
molecola_57521,20,0,20,0.0020043966360390186,0
molecola_57521,21,0,21,0.0017823396483436227,0
molecola_57521,22,0,22,0.0024311174638569355,0
molecola_57521,23,0,23,0.0016524468082934618,0
molecola_57521,24,0,24,0.0022659676615148783,0
molecola_57521,25,0,25,0.001974452519789338,0
molecola_57521,26,0,26,0.0015786370495334268,0
molecola_57521,27,0,27,0.0015655169263482094,0
molecola_57521,28,0,28,0.0016685787122696638,0
molecola_57521,29,0,29,0.0016472708666697145,0
molecola_57521,30,0,30,0.00382654438726604,0
molecola_57521,31,1,31,0.9664643406867981,1
molecola_57521,32,0,32,0.0015655169263482094,0
molecola_57521,33,0,33,0.0015786378644406796,0
molecola_5790,1,0,1,0.0020037596113979816,0
molecola_5790,2,0,2,0.001814568298868835,0
molecola_5790,3,0,3,0.0028339670971035957,0
molecola_5790,4,0,4,0.0025547626428306103,0
molecola_5790,5,0,5,0.002237778389826417,0
molecola_5790,6,0,6,0.0018848007312044501,0
molecola_5790,7,0,7,0.001864854246377945,0
molecola_5790,8,0,8,0.0025994551833719015,0
molecola_5790,9,0,9,0.0024869991466403008,0
molecola_5790,10,0,10,0.004555516876280308,0
molecola_5790,11,0,11,0.005005950573831797,0
molecola_5790,12,0,12,0.004545583389699459,0
molecola_5790,13,0,13,0.0024818386882543564,0
molecola_5790,14,0,14,0.0024579183664172888,0
molecola_5790,15,0,15,0.002028161194175482,0
molecola_5790,16,0,16,0.006071263458579779,0
molecola_5790,17,1,17,0.9909362196922302,1
molecola_5790,18,0,18,0.0029353885911405087,0
molecola_5790,19,0,19,0.0020317332819104195,0
molecola_5790,20,0,20,0.0025547966361045837,0
molecola_5790,21,0,21,0.00277602463029325,0
molecola_5840,1,1,1,0.9914819002151489,1
molecola_5840,2,0,2,0.012198401615023613,0
molecola_5840,3,0,3,0.028727766126394272,0
molecola_5840,4,0,4,0.0037856195122003555,0
molecola_5840,5,0,5,0.0033722794614732265,0
molecola_5840,6,0,6,0.0037856195122003555,0
molecola_5840,7,0,7,0.028727766126394272,0
molecola_5840,8,0,8,0.0018871076172217727,0
molecola_5840,9,0,9,0.0033722794614732265,0
molecola_5840,10,0,10,0.0037856195122003555,0
molecola_5840,11,0,11,0.028727766126394272,0
molecola_5840,12,0,12,0.012198401615023613,0
molecola_5840,13,0,13,0.9914819002151489,1
molecola_5840,14,0,14,0.028727766126394272,0
molecola_5840,15,0,15,0.0037856195122003555,0
molecola_5840,16,0,16,0.0016532305162400007,0
molecola_5840,17,0,17,0.001610634964890778,0
molecola_5840,18,0,18,0.001610634964890778,0
molecola_5840,19,0,19,0.001610634964890778,0
molecola_5840,20,0,20,0.0016532305162400007,0
molecola_5840,21,0,21,0.001610634964890778,0
molecola_5840,22,0,22,0.001610634964890778,0
molecola_5840,23,0,23,0.001610634964890778,0
molecola_5967,1,0,1,0.3821239471435547,0
molecola_5967,2,0,2,0.0029463376849889755,0
molecola_5967,3,0,3,0.0023165419697761536,0
molecola_5967,4,0,4,0.0016667544841766357,0
molecola_5967,5,0,5,0.0020865530241280794,0
molecola_5967,6,0,6,0.0016972268931567669,0
molecola_5967,7,0,7,0.0017062064725905657,0
molecola_5967,8,0,8,0.00223778048530221,0
molecola_5967,9,0,9,0.0016494665760546923,0
molecola_5967,10,0,10,0.0020187266636639833,0
molecola_5967,11,0,11,0.0019896121229976416,0
molecola_5967,12,0,12,0.1767839789390564,0
molecola_5967,13,0,13,0.002365920227020979,0
molecola_5967,14,0,14,0.13188289105892181,0
molecola_5967,15,0,15,0.0020480849780142307,0
molecola_5967,16,0,16,0.22654639184474945,0
molecola_5967,17,0,17,0.0022748271003365517,0
molecola_5967,18,0,18,0.007982559502124786,0
molecola_5967,19,1,19,0.991399884223938,1
molecola_5967,20,0,20,0.02856154553592205,0
molecola_5967,21,0,21,0.004025294911116362,0
molecola_5967,22,0,22,0.003249394940212369,0
molecola_5967,23,0,23,0.003194544231519103,0
molecola_5967,24,0,24,0.003227722132578492,0
molecola_5967,25,0,25,0.003375622443854809,0
molecola_5967,26,0,26,0.004002073779702187,0
molecola_5967,27,0,27,0.003371564671397209,0
molecola_5967,28,0,28,0.0024346786085516214,0
molecola_5967,29,0,29,0.003873280016705394,0
molecola_5967,30,0,30,0.004233731888234615,0
molecola_5967,31,0,31,0.028482995927333832,0
molecola_5967,32,0,32,0.012198401615023613,0
molecola_5967,33,1,33,0.9914819002151489,1
molecola_5967,34,0,34,0.028482995927333832,0
molecola_5967,35,0,35,0.004233731888234615,0
molecola_5967,36,0,36,0.0021996358409523964,0
molecola_5967,37,0,37,0.13397741317749023,0
molecola_5967,38,0,38,0.0027139645535498857,0
molecola_5967,39,0,39,0.196160227060318,0
molecola_6058,1,0,1,0.001765450113452971,0
molecola_6058,2,0,2,0.0018732072785496712,0
molecola_6058,3,0,3,0.003518305718898773,0
molecola_6058,4,0,4,0.9697539210319519,1
molecola_6058,5,0,5,0.002505814889445901,0
molecola_6058,6,0,6,0.0016590409213677049,0
molecola_6058,7,0,7,0.001947941491380334,0
molecola_6058,8,0,8,0.0022977315820753574,0
molecola_6058,9,0,9,0.002019902691245079,0
molecola_6058,10,0,10,0.0023186092730611563,0
molecola_6058,11,0,11,0.0020522791892290115,0
molecola_6058,12,0,12,0.002118969801813364,0
molecola_6058,13,0,13,0.0029654288664460182,0
molecola_6058,14,0,14,0.014396429061889648,0
molecola_6058,15,0,15,0.012198401615023613,0
molecola_6058,16,1,16,0.9914819002151489,1
molecola_6058,17,0,17,0.014396429061889648,0
molecola_6058,18,0,18,0.0029654288664460182,0
molecola_6058,19,0,19,0.0026384375523775816,0
molecola_6058,20,0,20,0.003219219157472253,0
molecola_6058,21,0,21,0.005059213377535343,0
molecola_6058,22,0,22,0.005058282054960728,0
molecola_6058,23,0,23,0.0031350445933640003,0
molecola_6058,24,0,24,0.002217021305114031,0
molecola_6083,1,0,1,0.0016044307267293334,0
molecola_6083,2,0,2,0.001590870670042932,0
molecola_6083,3,0,3,0.0016044307267293334,0
molecola_6083,4,0,4,0.001571859698742628,0
molecola_6083,5,0,5,0.0022098675835877657,0
molecola_6083,6,0,6,0.0015648424159735441,0
molecola_6083,7,0,7,0.001592351240105927,0
molecola_6083,8,0,8,0.0015620705671608448,0
molecola_6083,9,0,9,0.0018143289489671588,0
molecola_6083,10,0,10,0.001987424213439226,0
molecola_6083,11,0,11,0.004720792640000582,0
molecola_6083,12,0,12,0.04178999364376068,0
molecola_6083,13,1,13,0.9836316108703613,1
molecola_6083,14,0,14,0.04186631366610527,0
molecola_6083,15,1,15,0.9836316108703613,1
molecola_6083,16,0,16,0.003639809787273407,0
molecola_6083,17,0,17,0.0016462408239021897,0
molecola_6083,18,0,18,0.001577187911607325,0
molecola_6083,19,0,19,0.0018128366209566593,0
molecola_6083,20,0,20,0.001864312100224197,0
molecola_6083,21,1,21,0.8209628462791443,1
molecola_6137,1,1,1,0.991426944732666,1
molecola_6137,2,0,2,0.011502411216497421,0
molecola_6137,3,0,3,0.003761496627703309,0
molecola_6137,4,0,4,0.0017738398164510727,0
molecola_6137,5,0,5,0.002835719147697091,0
molecola_6137,6,0,6,0.005740266293287277,0
molecola_6137,7,0,7,0.0037873012479394674,0
molecola_6137,8,0,8,0.0019029667600989342,0
molecola_6137,9,0,9,0.0016710151685401797,0
molecola_6137,10,0,10,0.0015877283876761794,0
molecola_6137,11,0,11,0.0015877283876761794,0
molecola_6137,12,0,12,0.002148740692064166,0
molecola_6137,13,0,13,0.001755216741003096,0
molecola_6137,14,0,14,0.001753349555656314,0
molecola_6137,15,0,15,0.0023368727415800095,0
molecola_6137,16,0,16,0.002007841132581234,0
molecola_6137,17,0,17,0.0017823464004322886,0
molecola_6137,18,0,18,0.0024578014854341745,0
molecola_6137,19,0,19,0.004624959081411362,0
molecola_6137,20,0,20,0.0024578014854341745,0
molecola_6137,21,0,21,0.002007841132581234,0
molecola_6137,22,0,22,0.0017823464004322886,0
molecola_6651,1,0,1,0.001634400337934494,0
molecola_6651,2,0,2,0.0016087505500763655,0
molecola_6651,3,0,3,0.0015746834687888622,0
molecola_6651,4,0,4,0.0017529423348605633,0
molecola_6651,5,0,5,0.0017044107662513852,0
molecola_6651,6,0,6,0.0015567237278446555,0
molecola_6651,7,0,7,0.002118757925927639,0
molecola_6651,8,0,8,0.001858025323599577,0
molecola_6651,9,1,9,0.8274489641189575,1
molecola_6651,10,0,10,0.0018488704226911068,0
molecola_6651,11,0,11,0.00160639185924083,0
molecola_6651,12,0,12,0.0016110752476379275,0
molecola_6651,13,0,13,0.001584265031851828,0
molecola_6651,14,0,14,0.0015845592133700848,0
molecola_6651,15,0,15,0.0017218474531546235,0
molecola_6651,16,0,16,0.001714874990284443,0
molecola_6651,17,0,17,0.0015898288693279028,0
molecola_6651,18,0,18,0.001661884249188006,0
molecola_6651,19,0,19,0.0016358629800379276,0
molecola_6651,20,0,20,0.001580744981765747,0
molecola_6651,21,0,21,0.0016113879391923547,0
molecola_6651,22,0,22,0.001617360394448042,0
molecola_6651,23,0,23,0.0016489358386024833,0
molecola_6664,1,0,1,0.0017665572231635451,0
molecola_6664,2,0,2,0.001869580359198153,0
molecola_6664,3,0,3,0.0017665572231635451,0
molecola_6664,4,0,4,0.0016220840625464916,0
molecola_6664,5,0,5,0.0015732477186247706,0
molecola_6664,6,0,6,0.002059508813545108,0
molecola_6664,7,0,7,0.0017130147898569703,0
molecola_6664,8,0,8,0.0017495187930762768,0
molecola_6664,9,0,9,0.002217591041699052,0
molecola_6664,10,0,10,0.0024189248215407133,0
molecola_6664,11,0,11,0.00240966584533453,0
molecola_6664,12,0,12,0.004200241062790155,0
molecola_6664,13,0,13,0.004259747453033924,0
molecola_6664,14,0,14,0.004092860035598278,0
molecola_6664,15,0,15,0.004251485224813223,0
molecola_6664,16,0,16,0.003945925738662481,0
molecola_6664,17,0,17,0.004562190268188715,0
molecola_6664,18,0,18,0.0023889439180493355,0
molecola_6664,19,0,19,0.004249174613505602,0
molecola_6664,20,0,20,0.00424730870872736,0
molecola_6664,21,0,21,0.028482995927333832,0
molecola_6664,22,0,22,0.012198401615023613,0
molecola_6664,23,1,23,0.9914819002151489,1
molecola_6664,24,0,24,0.028482995927333832,0
molecola_6664,25,0,25,0.00424730870872736,0
molecola_6664,26,0,26,0.0015764664858579636,0
molecola_6664,27,0,27,0.00189536705147475,0
molecola_6664,28,0,28,0.0023029930889606476,0
molecola_6664,29,0,29,0.0024315512273460627,0
molecola_6664,30,0,30,0.0020772446878254414,0
molecola_6664,31,0,31,0.0017659434815868735,0
molecola_6664,32,0,32,0.0024315512273460627,0
molecola_6664,33,0,33,0.0023029930889606476,0
molecola_6741,1,0,1,0.0015800633700564504,0
molecola_6741,2,0,2,0.001820754143409431,0
molecola_6741,3,0,3,0.001692064106464386,0
molecola_6741,4,0,4,0.0016920375637710094,0
molecola_6741,5,0,5,0.002315589925274253,0
molecola_6741,6,0,6,0.0017286250367760658,0
molecola_6741,7,0,7,0.001882313983514905,0
molecola_6741,8,0,8,0.0019488307880237699,0
molecola_6741,9,0,9,0.003087869845330715,0
molecola_6741,10,1,10,0.969810426235199,1
molecola_6741,11,0,11,0.0021377953235059977,0
molecola_6741,12,0,12,0.0018491888185963035,0
molecola_6741,13,0,13,0.0018476027762517333,0
molecola_7292,1,0,1,0.0015860957792028785,0
molecola_7292,2,0,2,0.001594015397131443,0
molecola_7292,3,0,3,0.0015860957792028785,0
molecola_7292,4,0,4,0.0015664554666727781,0
molecola_7292,5,0,5,0.0016265707090497017,0
molecola_7292,6,0,6,0.0019475131994113326,0
molecola_7292,7,0,7,0.002113115740939975,0
molecola_7292,8,0,8,0.003565707942470908,0
molecola_7292,9,0,9,0.0032338309101760387,0
molecola_7292,10,0,10,0.007165627554059029,0
molecola_7292,11,0,11,0.00827130489051342,0
molecola_7292,12,1,12,0.9914121627807617,1
molecola_7292,13,0,13,0.0043454342521727085,0
molecola_7292,14,0,14,0.0018805661238729954,0
molecola_7292,15,0,15,0.0024585218634456396,0
molecola_7292,16,0,16,0.0022669401951134205,0
molecola_7292,17,0,17,0.004340232349932194,0
molecola_7292,18,0,18,0.004136342089623213,0
molecola_7292,19,0,19,0.002183980541303754,0
molecola_7292,20,0,20,0.002430595923215151,0
molecola_7292,21,0,21,0.0022619501687586308,0
molecola_7610,1,0,1,0.0024826957378536463,0
molecola_7610,2,0,2,0.002462266944348812,0
molecola_7610,3,0,3,0.002906099194660783,0
molecola_7610,4,0,4,0.00411079591140151,0
molecola_7610,5,0,5,0.0023030501324683428,0
molecola_7610,6,0,6,0.9161485433578491,1
molecola_7610,7,0,7,0.0032373061403632164,0
molecola_7610,8,0,8,0.0017332878196612,0
molecola_7610,9,0,9,0.0023179263807833195,0
molecola_7610,10,0,10,0.0018292921595275402,0
molecola_7610,11,0,11,0.0021497011184692383,0
molecola_7610,12,0,12,0.0017554331570863724,0
molecola_7610,13,0,13,0.0016663966234773397,0
molecola_7610,14,0,14,0.0015924673061817884,0
molecola_7610,15,0,15,0.0017771280836313963,0
molecola_7610,16,0,16,0.001559449010528624,0
molecola_7610,17,0,17,0.0016790886875241995,0
molecola_7610,18,0,18,0.001561392447911203,0
molecola_7610,19,0,19,0.0016584678087383509,0
molecola_7610,20,0,20,0.0015865641180425882,0
molecola_7610,21,0,21,0.0015749174635857344,0
molecola_7610,22,0,22,0.0016073312144726515,0
molecola_7610,23,0,23,0.0015749174635857344,0
molecola_7610,24,0,24,0.0015865641180425882,0
molecola_7610,25,0,25,0.0016945991665124893,0
molecola_7610,26,0,26,0.0016882127383723855,0
molecola_7610,27,0,27,0.0022215608041733503,0
molecola_7610,28,1,28,0.9685708284378052,1
molecola_7610,29,0,29,0.001555794500745833,0
molecola_7610,30,0,30,0.0018323305994272232,0
molecola_7610,31,0,31,0.00166297797113657,0
molecola_8002,1,1,1,0.9698036909103394,1
molecola_8002,2,0,2,0.004797704983502626,0
molecola_8002,3,0,3,0.01291548740118742,0
molecola_8002,4,0,4,0.0027559588197618723,0
molecola_8002,5,0,5,0.004393191542476416,0
molecola_8002,6,0,6,0.005133823491632938,0
molecola_8002,7,0,7,0.004391913302242756,0
molecola_8002,8,0,8,0.004893676843494177,0
molecola_8002,9,0,9,0.002556661143898964,0
molecola_8002,10,0,10,0.0021652921568602324,0
molecola_8002,11,0,11,0.002556661143898964,0
molecola_8002,12,0,12,0.004893676843494177,0
molecola_8002,13,0,13,0.0015783568378537893,0
molecola_8002,14,0,14,0.0016408383380621672,0
molecola_8002,15,0,15,0.0048921494744718075,0
molecola_8002,16,0,16,0.027024950832128525,0
molecola_8002,17,0,17,0.008374523371458054,0
molecola_8002,18,1,18,0.991419792175293,1
molecola_8997,1,1,1,0.9914782643318176,1
molecola_8997,2,0,2,0.01208331435918808,0
molecola_8997,3,0,3,0.02816961333155632,0
molecola_8997,4,0,4,0.00379047985188663,0
molecola_8997,5,0,5,0.0034490986727178097,0
molecola_8997,6,0,6,0.00284196762368083,0
molecola_8997,7,0,7,0.0015978332376107574,0
molecola_8997,8,0,8,0.0016694861697033048,0
molecola_8997,9,0,9,0.0017541861161589622,0
molecola_8997,10,0,10,0.002459977986291051,0
molecola_8997,11,0,11,0.0051090954802930355,0
molecola_8997,12,0,12,0.0016503101214766502,0
molecola_8997,13,0,13,0.0016301567666232586,0
molecola_8997,14,0,14,0.0017347520915791392,0
molecola_8997,15,0,15,0.0017308950191363692,0
molecola_8997,16,0,16,0.001602320116944611,0
molecola_9613,1,0,1,0.0024826957378536463,0
molecola_9613,2,0,2,0.002528541022911668,0
molecola_9613,3,0,3,0.0028505627997219563,0
molecola_9613,4,0,4,0.003954038023948669,0
molecola_9613,5,0,5,0.003012370551005006,0
molecola_9613,6,0,6,0.0029075585771352053,0
molecola_9613,7,0,7,0.0019075312884524465,0
molecola_9613,8,0,8,0.0016487553948536515,0
molecola_9613,9,0,9,0.0023107104934751987,0
molecola_9613,10,0,10,0.0018568681553006172,0
molecola_9613,11,0,11,0.0021885577589273453,0
molecola_9613,12,0,12,0.002647474640980363,0
molecola_9613,13,0,13,0.002306008245795965,0
molecola_9613,14,0,14,0.0019138476345688105,0
molecola_9613,15,0,15,0.0016379436710849404,0
molecola_9613,16,0,16,0.0018322590040042996,0
molecola_9613,17,0,17,0.0015686422120779753,0
molecola_9613,18,0,18,0.002139011165127158,0
molecola_9613,19,1,19,0.9691558480262756,1
molecola_9856,1,0,1,0.0019514719024300575,0
molecola_9856,2,0,2,0.0017514810897409916,0
molecola_9856,3,0,3,0.00564281502738595,0
molecola_9856,4,1,4,0.9831444025039673,1
molecola_9856,5,0,5,0.028367826715111732,0
molecola_9856,6,0,6,0.0044989073649048805,0
molecola_9856,7,0,7,0.005064311437308788,0
molecola_9856,8,0,8,0.005027574487030506,0
molecola_9856,9,0,9,0.005064311437308788,0
molecola_9856,10,0,10,0.0044989073649048805,0
molecola_9856,11,0,11,0.028459973633289337,0
molecola_9856,12,0,12,0.00449896277859807,0
molecola_9856,13,0,13,0.005103344563394785,0
molecola_9856,14,0,14,0.0030998061411082745,0
molecola_9856,15,0,15,0.0023900307714939117,0
molecola_9856,16,0,16,0.0030975285917520523,0
molecola_9856,17,0,17,0.001684291404671967,0
molecola_9856,18,0,18,0.001610882580280304,0
molecola_9856,19,0,19,0.001610882580280304,0
molecola_9856,20,0,20,0.001610882580280304,0
