molecola,indice_atomi,match,indice_atomo,probabilita,y_pred_prob
molecola_100,1,0,1,0.00679634977132082,0
molecola_100,2,0,2,0.006626403424888849,0
molecola_100,3,0,3,0.00679634977132082,0
molecola_100,4,0,4,0.005604195408523083,0
molecola_100,5,0,5,0.005048483610153198,0
molecola_100,6,0,6,0.005010186694562435,0
molecola_100,7,0,7,0.004945998080074787,0
molecola_100,8,0,8,0.008361086249351501,0
molecola_100,9,0,9,0.013630544766783714,0
molecola_100,10,0,10,0.9899899959564209,1
molecola_100,11,0,11,0.013589958660304546,0
molecola_100,12,1,12,0.9899901151657104,1
molecola_100,13,0,13,0.00795548502355814,0
molecola_100,14,0,14,0.0054648020304739475,0
molecola_100,15,0,15,0.0059238625690341,0
molecola_100,16,0,16,0.005450220312923193,0
molecola_100,17,0,17,0.005113207269459963,0
molecola_100,18,0,18,0.005052878521382809,0
molecola_100,19,0,19,0.004965615458786488,0
molecola_100,20,0,20,0.0049476101994514465,0
molecola_100,21,0,21,0.008368917740881443,0
molecola_100,22,0,22,0.013630544766783714,0
molecola_100,23,1,23,0.9899899959564209,1
molecola_100,24,0,24,0.013598514720797539,0
molecola_100,25,1,25,0.9899901151657104,1
molecola_100,26,0,26,0.007981758564710617,0
molecola_10227,1,0,1,0.9754452705383301,1
molecola_10227,2,0,2,0.013872379437088966,0
molecola_10227,3,0,3,0.009408379904925823,0
molecola_10227,4,0,4,0.004964715335518122,0
molecola_10227,5,0,5,0.007449885364621878,0
molecola_10227,6,0,6,0.00497017614543438,0
molecola_10227,7,0,7,0.008385229855775833,0
molecola_10227,8,0,8,0.012504763901233673,0
molecola_10227,9,1,9,0.9901646971702576,1
molecola_10227,10,0,10,0.012283858843147755,0
molecola_10227,11,0,11,0.8956401944160461,1
molecola_10227,12,0,12,0.007337285205721855,0
molecola_10227,13,0,13,0.0051552606746554375,0
molecola_10227,14,0,14,0.005093191284686327,0
molecola_10227,15,0,15,0.00499578844755888,0
molecola_10227,16,0,16,0.004965712316334248,0
molecola_10227,17,0,17,0.004967227578163147,0
molecola_10227,18,0,18,0.005142193753272295,0
molecola_10227,19,0,19,0.005474835634231567,0
molecola_10227,20,0,20,0.006387322209775448,0
molecola_10227,21,0,21,0.005474835634231567,0
molecola_10227,22,0,22,0.005140435416251421,0
molecola_10227,23,0,23,0.004938395228236914,0
molecola_10227,24,0,24,0.004926424473524094,0
molecola_10227,25,0,25,0.004982059355825186,0
molecola_10227,26,0,26,0.00492105120792985,0
molecola_10227,27,0,27,0.004940619692206383,0
molecola_10227,28,0,28,0.004937031771987677,0
molecola_10227,29,0,29,0.004940619692206383,0
molecola_10227,30,0,30,0.00492105120792985,0
molecola_10625,1,0,1,0.005421343259513378,0
molecola_10625,2,0,2,0.005548838060349226,0
molecola_10625,3,0,3,0.005421343259513378,0
molecola_10625,4,0,4,0.005534482188522816,0
molecola_10625,5,0,5,0.005396516527980566,0
molecola_10625,6,0,6,0.005027851089835167,0
molecola_10625,7,0,7,0.004935460165143013,0
molecola_10625,8,0,8,0.004934556316584349,0
molecola_10625,9,0,9,0.004987233784049749,0
molecola_10625,10,0,10,0.004934556316584349,0
molecola_10625,11,0,11,0.004935460165143013,0
molecola_10625,12,0,12,0.005691965110599995,0
molecola_10625,13,0,13,0.0053469343110919,0
molecola_10625,14,0,14,0.005106061697006226,0
molecola_10625,15,0,15,0.00510802399367094,0
molecola_10625,16,0,16,0.0050408728420734406,0
molecola_10625,17,0,17,0.008410933427512646,0
molecola_10625,18,0,18,0.012478488497436047,0
molecola_10625,19,1,19,0.9901628494262695,1
molecola_10625,20,0,20,0.008053869940340519,0
molecola_10625,21,0,21,0.005015328526496887,0
molecola_10625,22,0,22,0.00569433206692338,0
molecola_10625,23,0,23,0.005346938967704773,0
molecola_10625,24,0,24,0.005105979274958372,0
molecola_10625,25,0,25,0.005129339173436165,0
molecola_10625,26,0,26,0.005010995082557201,0
molecola_10625,27,0,27,0.004930364899337292,0
molecola_10625,28,0,28,0.004974246025085449,0
molecola_10625,29,0,29,0.004962077829986811,0
molecola_10625,30,0,30,0.004956499207764864,0
molecola_10625,31,0,31,0.0050297449342906475,0
molecola_10673,1,0,1,0.005479386076331139,0
molecola_10673,2,0,2,0.0051503595896065235,0
molecola_10673,3,0,3,0.005160149186849594,0
molecola_10673,4,0,4,0.0052703251130878925,0
molecola_10673,5,0,5,0.0052902973257005215,0
molecola_10673,6,0,6,0.005432065110653639,0
molecola_10673,7,0,7,0.004968521650880575,0
molecola_10673,8,0,8,0.005084552802145481,0
molecola_10673,9,0,9,0.004948412999510765,0
molecola_10673,10,0,10,0.008385063149034977,0
molecola_10673,11,0,11,0.012414966709911823,0
molecola_10673,12,1,12,0.9901628494262695,1
molecola_10673,13,0,13,0.007863541133701801,0
molecola_10673,14,0,14,0.005122365429997444,0
molecola_10673,15,0,15,0.0053130644373595715,0
molecola_10673,16,0,16,0.005101204849779606,0
molecola_10673,17,0,17,0.005061260890215635,0
molecola_10673,18,0,18,0.004930802155286074,0
molecola_10673,19,0,19,0.004975716583430767,0
molecola_10673,20,0,20,0.004962040577083826,0
molecola_10673,21,0,21,0.004926576279103756,0
molecola_10673,22,0,22,0.00500458013266325,0
molecola_10760,1,0,1,0.005444831680506468,0
molecola_10760,2,0,2,0.005555090960115194,0
molecola_10760,3,0,3,0.005667448975145817,0
molecola_10760,4,0,4,0.005022467579692602,0
molecola_10760,5,0,5,0.005028723739087582,0
molecola_10760,6,0,6,0.004968879744410515,0
molecola_10760,7,0,7,0.004947401583194733,0
molecola_10760,8,0,8,0.005282644182443619,0
molecola_10760,9,0,9,0.005202564876526594,0
molecola_10760,10,0,10,0.005930495914071798,0
molecola_10760,11,0,11,0.005335594993084669,0
molecola_10760,12,0,12,0.005182253662496805,0
molecola_10760,13,0,13,0.004991073627024889,0
molecola_10760,14,0,14,0.004929917864501476,0
molecola_10760,15,0,15,0.008359837345778942,0
molecola_10760,16,0,16,0.012458938173949718,0
molecola_10760,17,1,17,0.9901628494262695,1
molecola_10760,18,0,18,0.007830189540982246,0
molecola_10760,19,0,19,0.004998097196221352,0
molecola_10760,20,0,20,0.005186334252357483,0
molecola_10760,21,0,21,0.0050184158608317375,0
molecola_10760,22,0,22,0.005044672172516584,0
molecola_12071,1,1,1,0.990164577960968,1
molecola_12071,2,0,2,0.012542398646473885,0
molecola_12071,3,0,3,0.008418170735239983,0
molecola_12071,4,0,4,0.005035489797592163,0
molecola_12071,5,0,5,0.005106918979436159,0
molecola_12071,6,0,6,0.005010614637285471,0
molecola_12071,7,0,7,0.008088654838502407,0
molecola_12071,8,0,8,0.005349702201783657,0
molecola_12071,9,0,9,0.005115881096571684,0
molecola_12071,10,0,10,0.005115881096571684,0
molecola_12071,11,0,11,0.005115881096571684,0
molecola_12071,12,0,12,0.00538985151797533,0
molecola_12071,13,0,13,0.004976384807378054,0
molecola_12071,14,0,14,0.005002141930162907,0
molecola_12071,15,0,15,0.0049931504763662815,0
molecola_12071,16,0,16,0.005002141930162907,0
molecola_12071,17,0,17,0.004976384807378054,0
molecola_12874,1,0,1,0.005296782124787569,0
molecola_12874,2,0,2,0.005263135768473148,0
molecola_12874,3,0,3,0.00504681933671236,0
molecola_12874,4,0,4,0.004923779051750898,0
molecola_12874,5,0,5,0.004889443051069975,0
molecola_12874,6,0,6,0.004889443051069975,0
molecola_12874,7,0,7,0.0049706315621733665,0
molecola_12874,8,0,8,0.004927429836243391,0
molecola_12874,9,0,9,0.004922767635434866,0
molecola_12874,10,0,10,0.005011874716728926,0
molecola_12874,11,0,11,0.004883795045316219,0
molecola_12874,12,0,12,0.004888835363090038,0
molecola_12874,13,0,13,0.005006325431168079,0
molecola_12874,14,0,14,0.005240407306700945,0
molecola_12874,15,0,15,0.00519140437245369,0
molecola_12874,16,0,16,0.0049613057635724545,0
molecola_12874,17,0,17,0.004993136506527662,0
molecola_12874,18,0,18,0.004922653082758188,0
molecola_12874,19,0,19,0.004908169619739056,0
molecola_12874,20,0,20,0.0049699945375323296,0
molecola_12874,21,0,21,0.004908169619739056,0
molecola_12874,22,0,22,0.004922653082758188,0
molecola_12874,23,0,23,0.004986242391169071,0
molecola_12874,24,0,24,0.007912443950772285,0
molecola_12874,25,0,25,0.012467018328607082,0
molecola_12874,26,1,26,0.9901628494262695,1
molecola_12874,27,0,27,0.008391630835831165,0
molecola_12874,28,0,28,0.00496099004521966,0
molecola_12874,29,0,29,0.004973337519913912,0
molecola_12874,30,0,30,0.004981236532330513,0
molecola_12874,31,0,31,0.006994893308728933,0
molecola_12874,32,0,32,0.006813437212258577,0
molecola_12874,33,0,33,0.006813437212258577,0
molecola_13308,1,0,1,0.0050838845781981945,0
molecola_13308,2,0,2,0.007314387708902359,0
molecola_13308,3,0,3,0.004977983422577381,0
molecola_13308,4,0,4,0.004957258701324463,0
molecola_13308,5,0,5,0.005119440611451864,0
molecola_13308,6,0,6,0.005147499497979879,0
molecola_13308,7,0,7,0.005478099919855595,0
molecola_13308,8,0,8,0.005108709912747145,0
molecola_13308,9,0,9,0.006735211703926325,0
molecola_13308,10,0,10,0.012273889034986496,0
molecola_13308,11,1,11,0.9901665449142456,1
molecola_13308,12,0,12,0.0051155658438801765,0
molecola_13308,13,0,13,0.0049256691709160805,0
molecola_13308,14,0,14,0.0049291858449578285,0
molecola_13308,15,0,15,0.004974396899342537,0
molecola_13308,16,0,16,0.004962042905390263,0
molecola_13308,17,0,17,0.0049291858449578285,0
molecola_13308,18,0,18,0.0049256691709160805,0
molecola_1345,1,0,1,0.9901650547981262,1
molecola_1345,2,0,2,0.012130490504205227,0
molecola_1345,3,0,3,0.007871070876717567,0
molecola_1345,4,0,4,0.0050188638269901276,0
molecola_1345,5,0,5,0.0050774975679814816,0
molecola_1345,6,0,6,0.007753192447125912,0
molecola_1345,7,0,7,0.012446054257452488,0
molecola_1345,8,1,8,0.9901628494262695,1
molecola_1345,9,0,9,0.013485443778336048,0
molecola_1345,10,0,10,0.01247108168900013,0
molecola_1345,11,0,11,0.9901648163795471,1
molecola_1345,12,0,12,0.008001681417226791,0
molecola_1345,13,0,13,0.006783288437873125,0
molecola_1345,14,0,14,0.006130370777100325,0
molecola_1345,15,0,15,0.004983856342732906,0
molecola_1345,16,0,16,0.004930241033434868,0
molecola_1345,17,0,17,0.0083652064204216,0
molecola_1345,18,0,18,0.012498447671532631,0
molecola_1345,19,1,19,0.9901628494262695,1
molecola_1345,20,0,20,0.0083652064204216,0
molecola_1345,21,0,21,0.004930241033434868,0
molecola_13667,1,0,1,0.004971523303538561,0
molecola_13667,2,0,2,0.004965650849044323,0
molecola_13667,3,0,3,0.007042889017611742,0
molecola_13667,4,0,4,0.005010586231946945,0
molecola_13667,5,0,5,0.00495967036113143,0
molecola_13667,6,0,6,0.004960974212735891,0
molecola_13667,7,0,7,0.005015095695853233,0
molecola_13667,8,0,8,0.0061484738253057,0
molecola_13667,9,0,9,0.008831684477627277,0
molecola_13667,10,0,10,0.7508960366249084,1
molecola_13667,11,0,11,0.004976327996701002,0
molecola_13667,12,0,12,0.004932908341288567,0
molecola_13667,13,0,13,0.004929983522742987,0
molecola_13667,14,0,14,0.0049608186818659306,0
molecola_13667,15,0,15,0.004931338131427765,0
molecola_13667,16,0,16,0.00487646134570241,0
molecola_13667,17,0,17,0.004933170508593321,0
molecola_13667,18,0,18,0.005186914466321468,0
molecola_13667,19,0,19,0.00602436438202858,0
molecola_13667,20,0,20,0.01173699926584959,0
molecola_13667,21,1,21,0.9559124708175659,1
molecola_13667,22,0,22,0.00637090764939785,0
molecola_13667,23,0,23,0.0049721552059054375,0
molecola_13667,24,0,24,0.0049600303173065186,0
molecola_13667,25,0,25,0.005164689850062132,0
molecola_13667,26,0,26,0.004928369540721178,0
molecola_13667,27,0,27,0.004899783059954643,0
molecola_13667,28,0,28,0.004976054187864065,0
molecola_13667,29,0,29,0.004958275239914656,0
molecola_13667,30,0,30,0.005041427910327911,0
molecola_13713,1,0,1,0.00544481398537755,0
molecola_13713,2,0,2,0.005553262773901224,0
molecola_13713,3,0,3,0.00566517049446702,0
molecola_13713,4,0,4,0.005107471719384193,0
molecola_13713,5,0,5,0.00491434708237648,0
molecola_13713,6,0,6,0.004973823670297861,0
molecola_13713,7,0,7,0.005008720327168703,0
molecola_13713,8,0,8,0.0049464344047009945,0
molecola_13713,9,0,9,0.006776615511626005,0
molecola_13713,10,0,10,0.006050119176506996,0
molecola_13713,11,0,11,0.005045145750045776,0
molecola_13713,12,0,12,0.0049085840582847595,0
molecola_13713,13,0,13,0.004886817652732134,0
molecola_13713,14,0,14,0.004981236532330513,0
molecola_13713,15,0,15,0.007961226627230644,0
molecola_13713,16,0,16,0.01236946415156126,0
molecola_13713,17,1,17,0.9901532530784607,1
molecola_13713,18,0,18,0.006099230144172907,0
molecola_13713,19,0,19,0.005573412403464317,0
molecola_13713,20,0,20,0.005444831680506468,0
molecola_13713,21,0,21,0.005599807016551495,0
molecola_13713,22,0,22,0.005555338226258755,0
molecola_13713,23,0,23,0.005444831680506468,0
molecola_13713,24,0,24,0.005090705584734678,0
molecola_13713,25,0,25,0.005129110533744097,0
molecola_13713,26,0,26,0.005781622137874365,0
molecola_13713,27,0,27,0.00536331394687295,0
molecola_13713,28,0,28,0.0051366956904530525,0
molecola_13946,1,0,1,0.00544481398537755,0
molecola_13946,2,0,2,0.005572653375566006,0
molecola_13946,3,0,3,0.006087975576519966,0
molecola_13946,4,0,4,0.005064527504146099,0
molecola_13946,5,0,5,0.005119547247886658,0
molecola_13946,6,0,6,0.004949451424181461,0
molecola_13946,7,0,7,0.008380956947803497,0
molecola_13946,8,0,8,0.012402946129441261,0
molecola_13946,9,1,9,0.9901530146598816,1
molecola_13946,10,0,10,0.005100696813315153,0
molecola_13946,11,0,11,0.005485657136887312,0
molecola_13946,12,0,12,0.0050059291534125805,0
molecola_13946,13,0,13,0.004994738381356001,0
molecola_13946,14,0,14,0.00500528747215867,0
molecola_13946,15,0,15,0.005032098852097988,0
molecola_13946,16,0,16,0.005525519140064716,0
molecola_13946,17,0,17,0.0050275311805307865,0
molecola_13946,18,0,18,0.005150266923010349,0
molecola_13946,19,0,19,0.007954650558531284,0
molecola_13946,20,0,20,0.012368694879114628,0
molecola_13946,21,0,21,0.9901532530784607,1
molecola_13946,22,0,22,0.0060970364138484,0
molecola_13946,23,0,23,0.005573388654738665,0
molecola_13946,24,0,24,0.005444831680506468,0
molecola_13946,25,0,25,0.005613966844975948,0
molecola_13946,26,0,26,0.005553599912673235,0
molecola_13946,27,0,27,0.00544481398537755,0
molecola_13946,28,0,28,0.005058983340859413,0
molecola_14203,1,0,1,0.005090775433927774,0
molecola_14203,2,0,2,0.006468581035733223,0
molecola_14203,3,0,3,0.00789670180529356,0
molecola_14203,4,0,4,0.6096347570419312,1
molecola_14203,5,0,5,0.013005987741053104,0
molecola_14203,6,1,6,0.9900463223457336,1
molecola_14203,7,0,7,0.008019231259822845,0
molecola_14203,8,0,8,0.004994493909180164,0
molecola_14203,9,0,9,0.004922928754240274,0
molecola_14203,10,0,10,0.005010904744267464,0
molecola_14203,11,0,11,0.004983839578926563,0
molecola_14203,12,0,12,0.004983662161976099,0
molecola_15072,1,0,1,0.005010177381336689,0
molecola_15072,2,0,2,0.005020947195589542,0
molecola_15072,3,0,3,0.005010177381336689,0
molecola_15072,4,0,4,0.007501256186515093,0
molecola_15072,5,0,5,0.004931946285068989,0
molecola_15072,6,0,6,0.004994593560695648,0
molecola_15072,7,0,7,0.0049084811471402645,0
molecola_15072,8,0,8,0.004929377697408199,0
molecola_15072,9,0,9,0.005001814570277929,0
molecola_15072,10,0,10,0.00497580599039793,0
molecola_15072,11,0,11,0.004886963404715061,0
molecola_15072,12,0,12,0.004900631494820118,0
molecola_15072,13,0,13,0.004924573469907045,0
molecola_15072,14,0,14,0.004996487405151129,0
molecola_15072,15,0,15,0.005080800969153643,0
molecola_15072,16,0,16,0.005080800969153643,0
molecola_15072,17,0,17,0.00811994168907404,0
molecola_15072,18,0,18,0.01360300462692976,0
molecola_15072,19,1,19,0.9899932742118835,1
molecola_15072,20,0,20,0.013568957336246967,0
molecola_15072,21,1,21,0.9899930357933044,1
molecola_16124,1,0,1,0.910659670829773,1
molecola_16124,2,0,2,0.009368334896862507,0
molecola_16124,3,0,3,0.01236443780362606,0
molecola_16124,4,0,4,0.009274359792470932,0
molecola_16124,5,0,5,0.9076725244522095,1
molecola_16124,6,0,6,0.00790844764560461,0
molecola_16124,7,0,7,0.0049733445048332214,0
molecola_16124,8,0,8,0.008130516856908798,0
molecola_16124,9,0,9,0.009251158684492111,0
molecola_16124,10,0,10,0.9076952338218689,1
molecola_16124,11,0,11,0.007734638173133135,0
molecola_16124,12,0,12,0.005090468563139439,0
molecola_16124,13,0,13,0.00773856183513999,0
molecola_16124,14,0,14,0.004984603263437748,0
molecola_16124,15,0,15,0.004930296912789345,0
molecola_16124,16,0,16,0.0083652064204216,0
molecola_16124,17,0,17,0.012498447671532631,0
molecola_16124,18,1,18,0.9901628494262695,1
molecola_16124,19,0,19,0.0083652064204216,0
molecola_16124,20,0,20,0.004930296912789345,0
molecola_1618,1,0,1,0.005231721792370081,0
molecola_1618,2,0,2,0.004960434976965189,0
molecola_1618,3,0,3,0.00525885121896863,0
molecola_1618,4,0,4,0.006750885862857103,0
molecola_1618,5,0,5,0.006807447876781225,0
molecola_1618,6,0,6,0.006807447876781225,0
molecola_1618,7,0,7,0.004981428384780884,0
molecola_1618,8,0,8,0.004929101560264826,0
molecola_1618,9,0,9,0.005007539875805378,0
molecola_1618,10,0,10,0.005090871825814247,0
molecola_1618,11,0,11,0.005007539875805378,0
molecola_1618,12,0,12,0.004929101560264826,0
molecola_1618,13,0,13,0.005155480932444334,0
molecola_1618,14,0,14,0.004952406510710716,0
molecola_1618,15,0,15,0.005030924454331398,0
molecola_1618,16,0,16,0.007983393967151642,0
molecola_1618,17,0,17,0.012468445114791393,0
molecola_1618,18,1,18,0.9901628494262695,1
molecola_1618,19,0,19,0.008395480923354626,0
molecola_1618,20,0,20,0.0049542817287147045,0
molecola_1618,21,0,21,0.0049721174873411655,0
molecola_1618,22,0,22,0.005707273725420237,0
molecola_1618,23,0,23,0.005340841133147478,0
molecola_16248,1,0,1,0.010635352693498135,0
molecola_16248,2,0,2,0.012261142022907734,0
molecola_16248,3,1,3,0.8958269953727722,1
molecola_16248,4,0,4,0.006502803415060043,0
molecola_16248,5,0,5,0.0049568586982786655,0
molecola_16248,6,0,6,0.005052777472883463,0
molecola_16248,7,0,7,0.005129028111696243,0
molecola_16248,8,0,8,0.005736835766583681,0
molecola_16248,9,0,9,0.005283508915454149,0
molecola_16248,10,0,10,0.004964188206940889,0
molecola_16248,11,0,11,0.004928479436784983,0
molecola_16248,12,0,12,0.004941250197589397,0
molecola_16248,13,0,13,0.004940975923091173,0
molecola_16248,14,0,14,0.004927911330014467,0
molecola_16248,15,0,15,0.004986651707440615,0
molecola_16378,1,0,1,0.0051002511754632,0
molecola_16378,2,0,2,0.005007344298064709,0
molecola_16378,3,0,3,0.004991333931684494,0
molecola_16378,4,0,4,0.005649073980748653,0
molecola_16378,5,0,5,0.005309837404638529,0
molecola_16378,6,0,6,0.0050086588598787785,0
molecola_16378,7,0,7,0.005353049840778112,0
molecola_16378,8,0,8,0.005137472879141569,0
molecola_16378,9,0,9,0.006775566376745701,0
molecola_16378,10,0,10,0.006804472766816616,0
molecola_16378,11,0,11,0.006804472766816616,0
molecola_16378,12,0,12,0.005002080462872982,0
molecola_16378,13,0,13,0.004909445531666279,0
molecola_16378,14,0,14,0.0057749380357563496,0
molecola_16378,15,0,15,0.0053428225219249725,0
molecola_16378,16,0,16,0.00499906949698925,0
molecola_16378,17,0,17,0.0052673243917524815,0
molecola_16378,18,0,18,0.005043841432780027,0
molecola_16378,19,0,19,0.005034209694713354,0
molecola_16378,20,0,20,0.005696416832506657,0
molecola_16378,21,0,21,0.005363789387047291,0
molecola_16378,22,0,22,0.00492582144215703,0
molecola_16378,23,0,23,0.004986129235476255,0
molecola_16378,24,0,24,0.005058791022747755,0
molecola_16378,25,0,25,0.004964475519955158,0
molecola_16378,26,0,26,0.005144523922353983,0
molecola_16378,27,0,27,0.00496863666921854,0
molecola_16378,28,0,28,0.006145147606730461,0
molecola_16378,29,0,29,0.012384461238980293,0
molecola_16378,30,1,30,0.9478784799575806,1
molecola_16378,31,0,31,0.005936069879680872,0
molecola_16378,32,0,32,0.005228350404649973,0
molecola_16378,33,0,33,0.005228350404649973,0
molecola_16378,34,0,34,0.005031893029808998,0
molecola_16378,35,0,35,0.004903150722384453,0
molecola_16378,36,0,36,0.005694426596164703,0
molecola_16378,37,0,37,0.005363789387047291,0
molecola_16484,1,0,1,0.009523983113467693,0
molecola_16484,2,0,2,0.015650149434804916,0
molecola_16484,3,0,3,0.6093528866767883,1
molecola_16484,4,0,4,0.00764655414968729,0
molecola_16484,5,0,5,0.0068401130847632885,0
molecola_16484,6,0,6,0.007563265506178141,0
molecola_16484,7,0,7,0.0053398991003632545,0
molecola_16484,8,0,8,0.008051606826484203,0
molecola_16484,9,0,9,0.00924888625741005,0
molecola_16484,10,0,10,0.9103626608848572,1
molecola_16484,11,0,11,0.011955436319112778,0
molecola_16484,12,0,12,0.012756863608956337,0
molecola_16484,13,1,13,0.9901466965675354,1
molecola_16484,14,0,14,0.008629023097455502,0
molecola_16484,15,0,15,0.005427476018667221,0
molecola_16484,16,0,16,0.005139742512255907,0
molecola_16484,17,0,17,0.005121520254760981,0
molecola_16484,18,0,18,0.005009233485907316,0
molecola_16484,19,0,19,0.004923381842672825,0
molecola_16484,20,0,20,0.004972334951162338,0
molecola_16484,21,0,21,0.0049227699637413025,0
molecola_16484,22,0,22,0.005010904744267464,0
molecola_16484,23,0,23,0.005024729296565056,0
molecola_16484,24,0,24,0.004985788371413946,0
molecola_16484,25,0,25,0.005321331322193146,0
molecola_16484,26,0,26,0.005115881096571684,0
molecola_16484,27,0,27,0.005115881096571684,0
molecola_16484,28,0,28,0.005115881096571684,0
molecola_16586,1,0,1,0.9394846558570862,1
molecola_16586,2,0,2,0.012148045934736729,0
molecola_16586,3,0,3,0.00726401899009943,0
molecola_16586,4,0,4,0.00493115559220314,0
molecola_16586,5,0,5,0.00490474933758378,0
molecola_16586,6,0,6,0.004912647418677807,0
molecola_16586,7,0,7,0.004987338092178106,0
molecola_16586,8,0,8,0.005016489885747433,0
molecola_16586,9,0,9,0.007647805847227573,0
molecola_16586,10,0,10,0.004970980808138847,0
molecola_16586,11,0,11,0.008364811539649963,0
molecola_16586,12,0,12,0.013630544766783714,0
molecola_16586,13,1,13,0.9899899959564209,1
molecola_16586,14,0,14,0.013592887669801712,0
molecola_16586,15,0,15,0.9899901151657104,1
molecola_16586,16,0,16,0.008130240254104137,0
molecola_16763,1,0,1,0.010580163449048996,0
molecola_16763,2,0,2,0.012402957305312157,0
molecola_16763,3,1,3,0.8923132419586182,1
molecola_16763,4,0,4,0.009594601579010487,0
molecola_16763,5,0,5,0.00545467296615243,0
molecola_16763,6,0,6,0.005030881147831678,0
molecola_16763,7,0,7,0.005247164983302355,0
molecola_16763,8,0,8,0.004989704582840204,0
molecola_16763,9,0,9,0.004902527201920748,0
molecola_16763,10,0,10,0.004939831793308258,0
molecola_16763,11,0,11,0.0048990738578140736,0
molecola_16763,12,0,12,0.004897302947938442,0
molecola_16763,13,0,13,0.004875033628195524,0
molecola_16763,14,0,14,0.004994415678083897,0
molecola_16763,15,0,15,0.0049644047394394875,0
molecola_16763,16,0,16,0.005662179552018642,0
molecola_16763,17,0,17,0.005292600952088833,0
molecola_16763,18,0,18,0.00489579513669014,0
molecola_16763,19,0,19,0.00487954868003726,0
molecola_16763,20,0,20,0.0049689882434904575,0
molecola_16763,21,0,21,0.0050373440608382225,0
molecola_16763,22,0,22,0.0048818765208125114,0
molecola_16763,23,0,23,0.004931326489895582,0
molecola_16763,24,0,24,0.004970216657966375,0
molecola_16763,25,0,25,0.0050582075491547585,0
molecola_16983,1,0,1,0.005199127830564976,0
molecola_16983,2,0,2,0.005001911893486977,0
molecola_16983,3,0,3,0.005199127830564976,0
molecola_16983,4,0,4,0.0049840169958770275,0
molecola_16983,5,0,5,0.004898225422948599,0
molecola_16983,6,0,6,0.004968535155057907,0
molecola_16983,7,0,7,0.004991740919649601,0
molecola_16983,8,0,8,0.005186149384826422,0
molecola_16983,9,0,9,0.005261133890599012,0
molecola_16983,10,0,10,0.005099372938275337,0
molecola_16983,11,0,11,0.007209078408777714,0
molecola_16983,12,0,12,0.013904189690947533,0
molecola_16983,13,1,13,0.9754437208175659,1
molecola_16983,14,0,14,0.00488622859120369,0
molecola_1727,1,0,1,0.00518115283921361,0
molecola_1727,2,0,2,0.005194621626287699,0
molecola_1727,3,0,3,0.005039053037762642,0
molecola_1727,4,0,4,0.004983759019523859,0
molecola_1727,5,0,5,0.0053905826061964035,0
molecola_1727,6,0,6,0.004983759019523859,0
molecola_1727,7,0,7,0.005039053037762642,0
molecola_1727,8,0,8,0.0051061660051345825,0
molecola_1727,9,0,9,0.0050064134411513805,0
molecola_1727,10,0,10,0.004908365197479725,0
molecola_1727,11,0,11,0.004976467229425907,0
molecola_1727,12,0,12,0.0049279555678367615,0
molecola_1727,13,0,13,0.00502782454714179,0
molecola_1727,14,0,14,0.004918865859508514,0
molecola_1727,15,0,15,0.004990846384316683,0
molecola_1727,16,0,16,0.0049495212733745575,0
molecola_1727,17,0,17,0.0074054221622645855,0
molecola_1727,18,0,18,0.009176695719361305,0
molecola_1727,19,0,19,0.9090570211410522,1
molecola_1727,20,0,20,0.007799369748681784,0
molecola_1727,21,0,21,0.004991554189473391,0
molecola_1727,22,0,22,0.004981255624443293,0
molecola_1727,23,0,23,0.004961004480719566,0
molecola_1727,24,0,24,0.008392853662371635,0
molecola_1727,25,0,25,0.012503976002335548,0
molecola_1727,26,1,26,0.9901644587516785,1
molecola_1727,27,0,27,0.008483714424073696,0
molecola_1727,28,0,28,0.004987475462257862,0
molecola_1727,29,0,29,0.006805610377341509,0
molecola_1727,30,0,30,0.006014689803123474,0
molecola_17851,1,0,1,0.005090596619993448,0
molecola_17851,2,0,2,0.005944192875176668,0
molecola_17851,3,0,3,0.004942063707858324,0
molecola_17851,4,0,4,0.004907135386019945,0
molecola_17851,5,0,5,0.004950362257659435,0
molecola_17851,6,0,6,0.004940565675497055,0
molecola_17851,7,0,7,0.004902238957583904,0
molecola_17851,8,0,8,0.004881482571363449,0
molecola_17851,9,0,9,0.005149890668690205,0
molecola_17851,10,0,10,0.004979336634278297,0
molecola_17851,11,0,11,0.0057553634978830814,0
molecola_17851,12,0,12,0.005394439212977886,0
molecola_17851,13,0,13,0.0071271625347435474,0
molecola_17851,14,0,14,0.005008661188185215,0
molecola_17851,15,0,15,0.004945399705320597,0
molecola_17851,16,0,16,0.005076497793197632,0
molecola_17851,17,0,17,0.013537605293095112,0
molecola_17851,18,1,18,0.9754081964492798,1
molecola_17851,19,0,19,0.004957827739417553,0
molecola_17851,20,0,20,0.004925494082272053,0
molecola_17851,21,0,21,0.006613716017454863,0
molecola_17851,22,0,22,0.013165151700377464,0
molecola_17851,23,1,23,0.9805755615234375,1
molecola_17851,24,0,24,0.006619307678192854,0
molecola_17851,25,0,25,0.005014677066355944,0
molecola_18032,1,0,1,0.00544481398537755,0
molecola_18032,2,0,2,0.005572651047259569,0
molecola_18032,3,0,3,0.006081916391849518,0
molecola_18032,4,0,4,0.005045437719672918,0
molecola_18032,5,0,5,0.0049874139949679375,0
molecola_18032,6,0,6,0.004908029455691576,0
molecola_18032,7,0,7,0.004956315271556377,0
molecola_18032,8,0,8,0.006911819335073233,0
molecola_18032,9,0,9,0.006069109309464693,0
molecola_18032,10,0,10,0.005072607658803463,0
molecola_18032,11,0,11,0.007870854809880257,0
molecola_18032,12,0,12,0.013524029403924942,0
molecola_18032,13,1,13,0.9899897575378418,1
molecola_18032,14,0,14,0.01350605022162199,0
molecola_18032,15,1,15,0.9899662733078003,1
molecola_18482,1,0,1,0.005444798152893782,0
molecola_18482,2,0,2,0.005551609210669994,0
molecola_18482,3,0,3,0.005685445852577686,0
molecola_18482,4,0,4,0.005105015356093645,0
molecola_18482,5,0,5,0.004944132640957832,0
molecola_18482,6,0,6,0.007445626892149448,0
molecola_18482,7,0,7,0.004944132640957832,0
molecola_18482,8,0,8,0.005105015356093645,0
molecola_18482,9,0,9,0.012321962043642998,0
molecola_18482,10,1,10,0.8960994482040405,1
molecola_18482,11,0,11,0.007245542947202921,0
molecola_18482,12,0,12,0.0052347625605762005,0
molecola_18518,1,1,1,0.9901628494262695,1
molecola_18518,2,0,2,0.012493017129600048,0
molecola_18518,3,0,3,0.008722133934497833,0
molecola_18518,4,0,4,0.005065637640655041,0
molecola_18518,5,0,5,0.005110225174576044,0
molecola_18518,6,0,6,0.005264459177851677,0
molecola_18518,7,0,7,0.004979996010661125,0
molecola_18518,8,0,8,0.005002424120903015,0
molecola_18518,9,0,9,0.004992053844034672,0
molecola_18518,10,0,10,0.004954657517373562,0
molecola_18518,11,0,11,0.0049686674028635025,0
molecola_18518,12,0,12,0.005007016472518444,0
molecola_18518,13,0,13,0.00492853345349431,0
molecola_18518,14,0,14,0.004940975923091173,0
molecola_18518,15,0,15,0.004940731916576624,0
molecola_18518,16,0,16,0.004921279847621918,0
molecola_18518,17,0,17,0.004964075051248074,0
molecola_18518,18,0,18,0.004884277004748583,0
molecola_18518,19,0,19,0.005053017288446426,0
molecola_18518,20,0,20,0.007982823997735977,0
molecola_18576,1,0,1,0.00514205452054739,0
molecola_18576,2,0,2,0.005414703860878944,0
molecola_18576,3,0,3,0.005928876809775829,0
molecola_18576,4,0,4,0.0056602973490953445,0
molecola_18576,5,0,5,0.005142627749592066,0
molecola_18576,6,0,6,0.008417047560214996,0
molecola_18576,7,0,7,0.01242587435990572,0
molecola_18576,8,1,8,0.9901628494262695,1
molecola_18576,9,0,9,0.008053008466959,0
molecola_18576,10,0,10,0.0056966980919241905,0
molecola_18576,11,0,11,0.005879242438822985,0
molecola_18576,12,0,12,0.005376297514885664,0
molecola_18576,13,0,13,0.005121848080307245,0
molecola_18576,14,0,14,0.005152794066816568,0
molecola_18576,15,0,15,0.005076242610812187,0
molecola_18576,16,0,16,0.005086241755634546,0
molecola_18576,17,0,17,0.004998111631721258,0
molecola_18576,18,0,18,0.004995676688849926,0
molecola_18576,19,0,19,0.004924274515360594,0
molecola_18576,20,0,20,0.00510792713612318,0
molecola_18576,21,0,21,0.005657877307385206,0
molecola_18576,22,0,22,0.005553334020078182,0
molecola_18576,23,0,23,0.00544481398537755,0
molecola_18576,24,0,24,0.007396712899208069,0
molecola_18576,25,0,25,0.004983600694686174,0
molecola_18576,26,0,26,0.11365634948015213,0
molecola_18576,27,0,27,0.1729811728000641,0
molecola_18576,28,0,28,0.1729811728000641,0
molecola_18576,29,0,29,0.08602774143218994,0
molecola_18635,1,0,1,0.005670257844030857,0
molecola_18635,2,0,2,0.005952758714556694,0
molecola_18635,3,0,3,0.005489071365445852,0
molecola_18635,4,0,4,0.005218107718974352,0
molecola_18635,5,0,5,0.005038830917328596,0
molecola_18635,6,0,6,0.004954793956130743,0
molecola_18635,7,0,7,0.004931553266942501,0
molecola_18635,8,0,8,0.004987622145563364,0
molecola_18635,9,0,9,0.0049275606870651245,0
molecola_18635,10,0,10,0.004983690567314625,0
molecola_18635,11,0,11,0.004929817281663418,0
molecola_18635,12,0,12,0.008362158201634884,0
molecola_18635,13,0,13,0.012466982938349247,0
molecola_18635,14,1,14,0.9901628494262695,1
molecola_18635,15,0,15,0.00790573563426733,0
molecola_18635,16,0,16,0.004974170587956905,0
molecola_18635,17,0,17,0.004958340432494879,0
molecola_18635,18,0,18,0.005894116126000881,0
molecola_18635,19,0,19,0.005438640713691711,0
molecola_18635,20,0,20,0.005363809876143932,0
molecola_18635,21,0,21,0.0053651100024580956,0
molecola_18635,22,0,22,0.005080432165414095,0
molecola_18635,23,0,23,0.005080432165414095,0
molecola_18979,1,0,1,0.0051810177974402905,0
molecola_18979,2,0,2,0.00506265414878726,0
molecola_18979,3,0,3,0.005290949251502752,0
molecola_18979,4,0,4,0.00502300588414073,0
molecola_18979,5,0,5,0.004983231890946627,0
molecola_18979,6,0,6,0.0053905826061964035,0
molecola_18979,7,0,7,0.004983231890946627,0
molecola_18979,8,0,8,0.00502300588414073,0
molecola_18979,9,0,9,0.005105538759380579,0
molecola_18979,10,0,10,0.005008686799556017,0
molecola_18979,11,0,11,0.005009121727198362,0
molecola_18979,12,0,12,0.00509599456563592,0
molecola_18979,13,0,13,0.005310902837663889,0
molecola_18979,14,0,14,0.005107108037918806,0
molecola_18979,15,0,15,0.0052555943839251995,0
molecola_18979,16,0,16,0.005419888533651829,0
molecola_18979,17,0,17,0.005350389517843723,0
molecola_18979,18,0,18,0.00502999359741807,0
molecola_18979,19,0,19,0.005017101764678955,0
molecola_18979,20,0,20,0.005413322243839502,0
molecola_18979,21,0,21,0.005306440871208906,0
molecola_18979,22,0,22,0.005720227956771851,0
molecola_18979,23,0,23,0.0053965323604643345,0
molecola_18979,24,0,24,0.005140023306012154,0
molecola_18979,25,0,25,0.005124003626406193,0
molecola_18979,26,0,26,0.007107689045369625,0
molecola_18979,27,0,27,0.005030859727412462,0
molecola_18979,28,0,28,0.012347288429737091,0
molecola_18979,29,1,29,0.9901646971702576,1
molecola_18979,30,0,30,0.008072278462350368,0
molecola_18979,31,0,31,0.0057101561687886715,0
molecola_18979,32,0,32,0.005553309805691242,0
molecola_18979,33,0,33,0.00544481398537755,0
molecola_18979,34,0,34,0.00505757937207818,0
molecola_18979,35,0,35,0.004986722953617573,0
molecola_18979,36,0,36,0.005009121727198362,0
molecola_18979,37,0,37,0.005008686799556017,0
molecola_19622,1,0,1,0.00544481398537755,0
molecola_19622,2,0,2,0.005572651047259569,0
molecola_19622,3,0,3,0.00608847476541996,0
molecola_19622,4,0,4,0.0051040006801486015,0
molecola_19622,5,0,5,0.005099724046885967,0
molecola_19622,6,0,6,0.005312993656843901,0
molecola_19622,7,0,7,0.005114471539855003,0
molecola_19622,8,0,8,0.005030480213463306,0
molecola_19622,9,0,9,0.004965648055076599,0
molecola_19622,10,0,10,0.004992752801626921,0
molecola_19622,11,0,11,0.004981972277164459,0
molecola_19622,12,0,12,0.005096328444778919,0
molecola_19622,13,0,13,0.005316364113241434,0
molecola_19622,14,0,14,0.005105286370962858,0
molecola_19622,15,0,15,0.005009626038372517,0
molecola_19622,16,0,16,0.004973601549863815,0
molecola_19622,17,0,17,0.00519904401153326,0
molecola_19622,18,0,18,0.00535213015973568,0
molecola_19622,19,0,19,0.005088206380605698,0
molecola_19622,20,0,20,0.0050913430750370026,0
molecola_19622,21,0,21,0.0050913430750370026,0
molecola_19622,22,0,22,0.005709541495889425,0
molecola_19622,23,0,23,0.005273140966892242,0
molecola_19622,24,0,24,0.00501104723662138,0
molecola_19622,25,0,25,0.005068604368716478,0
molecola_19622,26,0,26,0.0050040860660374165,0
molecola_19622,27,0,27,0.00505325710400939,0
molecola_19622,28,0,28,0.0051040006801486015,0
molecola_19622,29,0,29,0.00608847476541996,0
molecola_19622,30,0,30,0.005572651047259569,0
molecola_19622,31,0,31,0.00544481398537755,0
molecola_19622,32,0,32,0.01231648400425911,0
molecola_19622,33,1,33,0.9901400208473206,1
molecola_19929,1,0,1,0.005177357234060764,0
molecola_19929,2,0,2,0.00527345621958375,0
molecola_19929,3,0,3,0.005115779582411051,0
molecola_19929,4,0,4,0.005115779582411051,0
molecola_19929,5,0,5,0.0050098588690161705,0
molecola_19929,6,0,6,0.004932856652885675,0
molecola_19929,7,0,7,0.004980922676622868,0
molecola_19929,8,0,8,0.004970480687916279,0
molecola_19929,9,0,9,0.004931209608912468,0
molecola_19929,10,0,10,0.0049127922393381596,0
molecola_19929,11,0,11,0.004980022087693214,0
molecola_19929,12,0,12,0.00512412004172802,0
molecola_19929,13,0,13,0.005021609831601381,0
molecola_19929,14,0,14,0.005022700875997543,0
molecola_19929,15,0,15,0.007825823500752449,0
molecola_19929,16,0,16,0.012456491589546204,0
molecola_19929,17,1,17,0.9901628494262695,1
molecola_19929,18,0,18,0.008369903080165386,0
molecola_19929,19,0,19,0.004936814308166504,0
molecola_19929,20,0,20,0.0051107145845890045,0
molecola_19929,21,0,21,0.0058545880019664764,0
molecola_19929,22,0,22,0.006105305626988411,0
molecola_19929,23,0,23,0.00591918034479022,0
molecola_19929,24,0,24,0.005105240270495415,0
molecola_19929,25,0,25,0.004926309920847416,0
molecola_19929,26,0,26,0.0049475752748548985,0
molecola_19929,27,0,27,0.005056717898696661,0
molecola_19929,28,0,28,0.005473332479596138,0
molecola_19929,29,0,29,0.007028624881058931,0
molecola_19929,30,0,30,0.006818465888500214,0
molecola_19929,31,0,31,0.006818465888500214,0
molecola_19929,32,0,32,0.004926309920847416,0
molecola_19929,33,0,33,0.005105240736156702,0
molecola_20354,1,0,1,0.005020366050302982,0
molecola_20354,2,0,2,0.00494932197034359,0
molecola_20354,3,0,3,0.00489814905449748,0
molecola_20354,4,0,4,0.0050207567401230335,0
molecola_20354,5,0,5,0.005017546936869621,0
molecola_20354,6,0,6,0.004892140161246061,0
molecola_20354,7,0,7,0.006129197310656309,0
molecola_20354,8,0,8,0.012332161888480186,0
molecola_20354,9,1,9,0.9478759169578552,1
molecola_20354,10,0,10,0.005845112260431051,0
molecola_20354,11,0,11,0.004919968079775572,0
molecola_20354,12,0,12,0.004901213105767965,0
molecola_20354,13,0,13,0.004960171412676573,0
molecola_20354,14,0,14,0.005143196787685156,0
molecola_20354,15,0,15,0.005152737721800804,0
molecola_20354,16,0,16,0.004957959521561861,0
molecola_20354,17,0,17,0.004901504144072533,0
molecola_20354,18,0,18,0.005190409719944,0
molecola_20354,19,0,19,0.007655677851289511,0
molecola_20354,20,0,20,0.12619666755199432,0
molecola_20354,21,0,21,0.29987630248069763,0
molecola_20354,22,0,22,0.3044297397136688,0
molecola_20354,23,0,23,0.3044297397136688,0
molecola_20354,24,0,24,0.30938720703125,0
molecola_20354,25,0,25,0.00521771190688014,0
molecola_20354,26,0,26,0.004975487943738699,0
molecola_20354,27,0,27,0.0049238046631217,0
molecola_20541,1,0,1,0.0054449294693768024,0
molecola_20541,2,0,2,0.005555849522352219,0
molecola_20541,3,0,3,0.005697897169739008,0
molecola_20541,4,0,4,0.005100991576910019,0
molecola_20541,5,0,5,0.005122234113514423,0
molecola_20541,6,0,6,0.005113529972732067,0
molecola_20541,7,0,7,0.005652273073792458,0
molecola_20541,8,0,8,0.005354562774300575,0
molecola_20541,9,0,9,0.005476341582834721,0
molecola_20541,10,0,10,0.005284488666802645,0
molecola_20541,11,0,11,0.004968820605427027,0
molecola_20541,12,0,12,0.004987068008631468,0
molecola_20541,13,0,13,0.005053065251559019,0
molecola_20541,14,0,14,0.00499676214531064,0
molecola_20541,15,0,15,0.004958171397447586,0
molecola_20541,16,0,16,0.004961423575878143,0
molecola_20541,17,0,17,0.004921347368508577,0
molecola_20541,18,0,18,0.004929117858409882,0
molecola_20541,19,0,19,0.004974396899342537,0
molecola_20541,20,0,20,0.004962042905390263,0
molecola_20541,21,0,21,0.004929117858409882,0
molecola_20541,22,0,22,0.004921347368508577,0
molecola_20541,23,0,23,0.0050064558163285255,0
molecola_20541,24,0,24,0.004913834389299154,0
molecola_20541,25,0,25,0.004942228086292744,0
molecola_20541,26,0,26,0.00796995684504509,0
molecola_20541,27,0,27,0.013836028054356575,0
molecola_20541,28,1,28,0.9754416346549988,1
molecola_20541,29,0,29,0.004932093899697065,0
molecola_20541,30,0,30,0.004976769909262657,0
molecola_20541,31,0,31,0.005000004079192877,0
molecola_20541,32,0,32,0.004990455694496632,0
molecola_20541,33,0,33,0.005129938013851643,0
molecola_20898,1,1,1,0.9901530146598816,1
molecola_20898,2,0,2,0.012372900731861591,0
molecola_20898,3,0,3,0.008363910019397736,0
molecola_20898,4,0,4,0.004964051302522421,0
molecola_20898,5,0,5,0.004942584317177534,0
molecola_20898,6,0,6,0.005107287783175707,0
molecola_20898,7,0,7,0.005936008412390947,0
molecola_20898,8,0,8,0.005916304886341095,0
molecola_20898,9,0,9,0.005161540117114782,0
molecola_20898,10,0,10,0.00517800310626626,0
molecola_20898,11,0,11,0.005034520290791988,0
molecola_20898,12,0,12,0.004991286434233189,0
molecola_20898,13,0,13,0.005019813310354948,0
molecola_20898,14,0,14,0.00509008951485157,0
molecola_20898,15,0,15,0.005483607761561871,0
molecola_21170,1,1,1,0.9901551008224487,1
molecola_21170,2,0,2,0.012250849977135658,0
molecola_21170,3,0,3,0.00799749605357647,0
molecola_21170,4,0,4,0.0049672299064695835,0
molecola_21170,5,0,5,0.005011667963117361,0
molecola_21170,6,0,6,0.004984033759683371,0
molecola_21170,7,0,7,0.005052111577242613,0
molecola_21170,8,0,8,0.005072515923529863,0
molecola_21170,9,0,9,0.0056387209333479404,0
molecola_21170,10,0,10,0.005363128148019314,0
molecola_21170,11,0,11,0.005164424888789654,0
molecola_21170,12,0,12,0.00497809424996376,0
molecola_21170,13,0,13,0.004937092773616314,0
molecola_21170,14,0,14,0.004900641273707151,0
molecola_21170,15,0,15,0.004937092773616314,0
molecola_21170,16,0,16,0.00497809424996376,0
molecola_21170,17,0,17,0.004960512742400169,0
molecola_21170,18,0,18,0.005171019583940506,0
molecola_21170,19,0,19,0.005297568626701832,0
molecola_21170,20,0,20,0.005045315716415644,0
molecola_21170,21,0,21,0.005320920143276453,0
molecola_21170,22,0,22,0.006060933228582144,0
molecola_21181,1,0,1,0.9076725244522095,1
molecola_21181,2,0,2,0.009247155860066414,0
molecola_21181,3,0,3,0.007856160402297974,0
molecola_21181,4,0,4,0.005039194133132696,0
molecola_21181,5,0,5,0.004963528830558062,0
molecola_21181,6,0,6,0.004937038756906986,0
molecola_21181,7,0,7,0.005047837272286415,0
molecola_21181,8,0,8,0.007985909469425678,0
molecola_21181,9,0,9,0.004954667296260595,0
molecola_21181,10,0,10,0.004997831769287586,0
molecola_21181,11,0,11,0.005197507794946432,0
molecola_21181,12,0,12,0.005146391224116087,0
molecola_21181,13,0,13,0.0055354586802423,0
molecola_21181,14,0,14,0.00788342859596014,0
molecola_21181,15,0,15,0.007497033569961786,0
molecola_21181,16,1,16,0.7370110154151917,1
molecola_21181,17,0,17,0.006964399479329586,0
molecola_21181,18,1,18,0.4878300130367279,0
molecola_21181,19,0,19,0.005329434294253588,0
molecola_21181,20,0,20,0.005091876722872257,0
molecola_21480,1,0,1,0.0061993058770895,0
molecola_21480,2,0,2,0.006190815940499306,0
molecola_21480,3,0,3,0.0061993058770895,0
molecola_21480,4,0,4,0.005674493499100208,0
molecola_21480,5,0,5,0.005071769934147596,0
molecola_21480,6,0,6,0.004942096304148436,0
molecola_21480,7,0,7,0.005002372432500124,0
molecola_21480,8,0,8,0.004922589752823114,0
molecola_21480,9,0,9,0.004953907802700996,0
molecola_21480,10,0,10,0.006900977808982134,0
molecola_21480,11,0,11,0.005030690226703882,0
molecola_21480,12,0,12,0.0123580452054739,0
molecola_21480,13,1,13,0.9901646971702576,1
molecola_21480,14,0,14,0.007968053221702576,0
molecola_21638,1,0,1,0.005011933855712414,0
molecola_21638,2,0,2,0.005015388131141663,0
molecola_21638,3,0,3,0.00499521940946579,0
molecola_21638,4,0,4,0.005256461910903454,0
molecola_21638,5,0,5,0.005037043243646622,0
molecola_21638,6,0,6,0.005103615578263998,0
molecola_21638,7,0,7,0.004923115484416485,0
molecola_21638,8,0,8,0.004922788590192795,0
molecola_21638,9,0,9,0.005007720086723566,0
molecola_21638,10,0,10,0.004943128675222397,0
molecola_21638,11,0,11,0.005619618110358715,0
molecola_21638,12,0,12,0.005355700850486755,0
molecola_21638,13,0,13,0.005157775245606899,0
molecola_21638,14,0,14,0.004978477023541927,0
molecola_21638,15,0,15,0.004915156401693821,0
molecola_21638,16,0,16,0.005008423235267401,0
molecola_21638,17,0,17,0.004915156401693821,0
molecola_21638,18,0,18,0.004978477023541927,0
molecola_21638,19,0,19,0.005179164465516806,0
molecola_21638,20,0,20,0.005114447325468063,0
molecola_21638,21,0,21,0.005036923568695784,0
molecola_21638,22,0,22,0.008411446586251259,0
molecola_21638,23,0,23,0.012387826107442379,0
molecola_21638,24,1,24,0.9901646971702576,1
molecola_21638,25,0,25,0.006914186757057905,0
molecola_21638,26,0,26,0.005030775908380747,0
molecola_21638,27,0,27,0.005004354286938906,0
molecola_21638,28,0,28,0.004922788590192795,0
molecola_21638,29,0,29,0.004923115484416485,0
molecola_21638,30,0,30,0.005014548543840647,0
molecola_21638,31,0,31,0.005040911026299,0
molecola_21638,32,0,32,0.004997869487851858,0
molecola_22036,1,0,1,0.005011955741792917,0
molecola_22036,2,0,2,0.004959274549037218,0
molecola_22036,3,0,3,0.004955913405865431,0
molecola_22036,4,0,4,0.008015712723135948,0
molecola_22036,5,0,5,0.009200763888657093,0
molecola_22036,6,1,6,0.9108001589775085,1
molecola_22036,7,0,7,0.00669438811019063,0
molecola_22036,8,0,8,0.005076820496469736,0
molecola_22036,9,0,9,0.004950512666255236,0
molecola_22186,1,0,1,0.005212803836911917,0
molecola_22186,2,0,2,0.005065325181931257,0
molecola_22186,3,0,3,0.007837331853806973,0
molecola_22186,4,0,4,0.0051830969750881195,0
molecola_22186,5,0,5,0.005132545251399279,0
molecola_22186,6,0,6,0.005058250855654478,0
molecola_22186,7,0,7,0.005058250855654478,0
molecola_22186,8,0,8,0.011956073343753815,0
molecola_22186,9,0,9,0.8651862740516663,1
molecola_22186,10,0,10,0.007224834989756346,0
molecola_22186,11,0,11,0.004974552430212498,0
molecola_22186,12,0,12,0.00839147251099348,0
molecola_22186,13,0,13,0.01250116154551506,0
molecola_22186,14,1,14,0.9901644587516785,1
molecola_22186,15,0,15,0.008313730359077454,0
molecola_22186,16,0,16,0.004983643069863319,0
molecola_22186,17,0,17,0.00673958333209157,0
molecola_22186,18,0,18,0.005958046298474073,0
molecola_22186,19,0,19,0.004945112857967615,0
molecola_22186,20,0,20,0.004912565927952528,0
molecola_22186,21,0,21,0.004998393822461367,0
molecola_22294,1,1,1,0.9901665449142456,1
molecola_22294,2,0,2,0.012399062514305115,0
molecola_22294,3,0,3,0.007366850972175598,0
molecola_22294,4,0,4,0.005023187026381493,0
molecola_22294,5,0,5,0.004951245617121458,0
molecola_22294,6,0,6,0.004983662161976099,0
molecola_22294,7,0,7,0.004951245617121458,0
molecola_22294,8,0,8,0.007366850972175598,0
molecola_22294,9,0,9,0.005023187026381493,0
molecola_22294,10,0,10,0.00557766342535615,0
molecola_22294,11,0,11,0.005325840786099434,0
molecola_22294,12,0,12,0.005165338981896639,0
molecola_22294,13,0,13,0.005231714341789484,0
molecola_22294,14,0,14,0.01288063358515501,0
molecola_22294,15,0,15,0.00854218564927578,0
molecola_22294,16,0,16,0.00854218564927578,0
molecola_22294,17,0,17,0.005338782444596291,0
molecola_22294,18,0,18,0.005000044591724873,0
molecola_22294,19,0,19,0.004941810853779316,0
molecola_22294,20,0,20,0.004942204803228378,0
molecola_22294,21,0,21,0.005009162705391645,0
molecola_22294,22,0,22,0.0050880564376711845,0
molecola_2255,1,1,1,0.9754452705383301,1
molecola_2255,2,0,2,0.013763923197984695,0
molecola_2255,3,0,3,0.00762158865109086,0
molecola_2255,4,0,4,0.0049451435916125774,0
molecola_2255,5,0,5,0.004946282133460045,0
molecola_2255,6,0,6,0.0049285427667200565,0
molecola_2255,7,0,7,0.004963959567248821,0
molecola_2255,8,0,8,0.005728472955524921,0
molecola_2255,9,0,9,0.005283443257212639,0
molecola_2255,10,0,10,0.005099262110888958,0
molecola_2255,11,0,11,0.005006468389183283,0
molecola_2255,12,0,12,0.004897993057966232,0
molecola_2255,13,0,13,0.004978259559720755,0
molecola_22646,1,1,1,0.9754416346549988,1
molecola_22646,2,0,2,0.013834779150784016,0
molecola_22646,3,0,3,0.007962322793900967,0
molecola_22646,4,0,4,0.004942141007632017,0
molecola_22646,5,0,5,0.004907861817628145,0
molecola_22646,6,0,6,0.004963000770658255,0
molecola_22646,7,0,7,0.004907861817628145,0
molecola_22646,8,0,8,0.004942141007632017,0
molecola_22646,9,0,9,0.004989267326891422,0
molecola_22646,10,0,10,0.004907167982310057,0
molecola_22646,11,0,11,0.004939770791679621,0
molecola_22646,12,0,12,0.004935525823384523,0
molecola_22646,13,0,13,0.004980423953384161,0
molecola_22646,14,0,14,0.004925325512886047,0
molecola_22786,1,1,1,0.9901646971702576,1
molecola_22786,2,0,2,0.012387826107442379,0
molecola_22786,3,0,3,0.008363300934433937,0
molecola_22786,4,0,4,0.004931841045618057,0
molecola_22786,5,0,5,0.005006608087569475,0
molecola_22786,6,0,6,0.004930519498884678,0
molecola_22786,7,0,7,0.006904730573296547,0
molecola_22786,8,0,8,0.005030775908380747,0
molecola_22786,9,0,9,0.00499722920358181,0
molecola_22786,10,0,10,0.0049433233216404915,0
molecola_22786,11,0,11,0.00494410889223218,0
molecola_22786,12,0,12,0.004937612917274237,0
molecola_22786,13,0,13,0.004904244095087051,0
molecola_22786,14,0,14,0.005014748312532902,0
molecola_22786,15,0,15,0.005272823851555586,0
molecola_22786,16,0,16,0.005069066304713488,0
molecola_22786,17,0,17,0.005024898797273636,0
molecola_22786,18,0,18,0.005132435820996761,0
molecola_22786,19,0,19,0.004972999915480614,0
molecola_22786,20,0,20,0.004983891267329454,0
molecola_22786,21,0,21,0.005029976833611727,0
molecola_22786,22,0,22,0.005700523499399424,0
molecola_22786,23,0,23,0.0053002480417490005,0
molecola_22786,24,0,24,0.005014748312532902,0
molecola_22786,25,0,25,0.004904244095087051,0
molecola_22786,26,0,26,0.004969269037246704,0
molecola_22786,27,0,27,0.004915172699838877,0
molecola_22786,28,0,28,0.0049752844497561455,0
molecola_22786,29,0,29,0.004962040577083826,0
molecola_22786,30,0,30,0.004928722977638245,0
molecola_22786,31,0,31,0.004913531243801117,0
molecola_22786,32,0,32,0.004989473149180412,0
molecola_22802,1,0,1,0.005024333484470844,0
molecola_22802,2,0,2,0.004957277327775955,0
molecola_22802,3,0,3,0.005033512134104967,0
molecola_22802,4,0,4,0.004963316489011049,0
molecola_22802,5,0,5,0.004986046347767115,0
molecola_22802,6,0,6,0.004946997854858637,0
molecola_22802,7,0,7,0.005031721666455269,0
molecola_22802,8,0,8,0.004936237819492817,0
molecola_22802,9,0,9,0.005038464907556772,0
molecola_22802,10,0,10,0.004948056302964687,0
molecola_22802,11,0,11,0.005324726924300194,0
molecola_22802,12,0,12,0.006062048487365246,0
molecola_22802,13,0,13,0.012273477390408516,0
molecola_22802,14,1,14,0.9901551008224487,1
molecola_22802,15,0,15,0.008367509581148624,0
molecola_22802,16,0,16,0.004969624802470207,0
molecola_22802,17,0,17,0.004970928654074669,0
molecola_22802,18,0,18,0.005176639650017023,0
molecola_22802,19,0,19,0.0052586765959858894,0
molecola_22952,1,0,1,0.005029807332903147,0
molecola_22952,2,0,2,0.005071972031146288,0
molecola_22952,3,0,3,0.005029807332903147,0
molecola_22952,4,0,4,0.005205524154007435,0
molecola_22952,5,0,5,0.0051335846073925495,0
molecola_22952,6,0,6,0.0050406791269779205,0
molecola_22952,7,0,7,0.00841139443218708,0
molecola_22952,8,0,8,0.012623433023691177,0
molecola_22952,9,1,9,0.9901622533798218,1
molecola_22952,10,0,10,0.008882644586265087,0
molecola_22952,11,0,11,0.005142647307366133,0
molecola_22952,12,0,12,0.005397909786552191,0
molecola_22952,13,0,13,0.004987622145563364,0
molecola_22952,14,0,14,0.004981648176908493,0
molecola_22952,15,0,15,0.005137332249432802,0
molecola_22952,16,0,16,0.004981648176908493,0
molecola_22952,17,0,17,0.004987622145563364,0
molecola_22952,18,0,18,0.005581679753959179,0
molecola_22952,19,0,19,0.005325916688889265,0
molecola_22952,20,0,20,0.0049793110229074955,0
molecola_22952,21,0,21,0.004911328200250864,0
molecola_22952,22,0,22,0.004966899752616882,0
molecola_22952,23,0,23,0.004956435412168503,0
molecola_22952,24,0,24,0.005292640998959541,0
molecola_22952,25,0,25,0.006544691510498524,0
molecola_22952,26,0,26,0.04419230297207832,0
molecola_22952,27,0,27,0.012972279451787472,0
molecola_22952,28,0,28,0.012972279451787472,0
molecola_22952,29,0,29,0.00895383395254612,0
molecola_22952,30,0,30,0.005008295178413391,0
molecola_22952,31,0,31,0.0049084024503827095,0
molecola_22952,32,0,32,0.00497946934774518,0
molecola_22952,33,0,33,0.0049366033636033535,0
molecola_23119,1,0,1,0.01239074394106865,0
molecola_23119,2,0,2,0.016590088605880737,0
molecola_23119,3,0,3,0.01239074394106865,0
molecola_23119,4,0,4,0.9339272975921631,1
molecola_23119,5,0,5,0.008258715271949768,0
molecola_23119,6,0,6,0.004969211760908365,0
molecola_23119,7,0,7,0.005025857128202915,0
molecola_23119,8,0,8,0.005000654142349958,0
molecola_23119,9,0,9,0.004913167096674442,0
molecola_23119,10,0,10,0.004907659254968166,0
molecola_23119,11,0,11,0.004966289270669222,0
molecola_23119,12,0,12,0.004914622753858566,0
molecola_23119,13,0,13,0.00497357826679945,0
molecola_23119,14,0,14,0.004981274716556072,0
molecola_23119,15,0,15,0.004968580324202776,0
molecola_23119,16,0,16,0.004914638586342335,0
molecola_23119,17,0,17,0.0049936408177018166,0
molecola_23119,18,0,18,0.004981312435120344,0
molecola_23119,19,0,19,0.0072677405551075935,0
molecola_23119,20,0,20,0.013672973960638046,0
molecola_23119,21,1,21,0.9754451513290405,1
molecola_23119,22,0,22,0.005655189976096153,0
molecola_23119,23,0,23,0.004961376078426838,0
molecola_23119,24,0,24,0.03368223085999489,0
molecola_23119,25,0,25,0.014224357903003693,0
molecola_23119,26,0,26,0.014224357903003693,0
molecola_23119,27,0,27,0.00880019273608923,0
molecola_23119,28,0,28,0.00503787724301219,0
molecola_23119,29,0,29,0.004982293117791414,0
molecola_23119,30,0,30,0.005116378888487816,0
molecola_23119,31,0,31,0.005093785468488932,0
molecola_23119,32,0,32,0.005093785468488932,0
molecola_23119,33,0,33,0.0049867182970047,0
molecola_23119,34,0,34,0.004974652081727982,0
molecola_23119,35,0,35,0.004972381982952356,0
molecola_23119,36,0,36,0.004933186806738377,0
molecola_23119,37,0,37,0.004946295637637377,0
molecola_23119,38,0,38,0.004933186806738377,0
molecola_23119,39,0,39,0.004974649753421545,0
molecola_23119,40,0,40,0.004972381982952356,0
molecola_23159,1,0,1,0.006365277338773012,0
molecola_23159,2,0,2,0.00669147539883852,0
molecola_23159,3,0,3,0.006762995850294828,0
molecola_23159,4,0,4,0.005703384056687355,0
molecola_23159,5,0,5,0.0058106002397835255,0
molecola_23159,6,0,6,0.005445273593068123,0
molecola_23159,7,0,7,0.005433321930468082,0
molecola_23159,8,0,8,0.006804153323173523,0
molecola_23159,9,0,9,0.006780593190342188,0
molecola_23159,10,0,10,0.005801181308925152,0
molecola_23159,11,0,11,0.005107757169753313,0
molecola_23159,12,0,12,0.005000018514692783,0
molecola_23159,13,0,13,0.008342154324054718,0
molecola_23159,14,0,14,0.012193817645311356,0
molecola_23159,15,1,15,0.9901644587516785,1
molecola_23159,16,0,16,0.004969223868101835,0
molecola_23159,17,0,17,0.004927233327180147,0
molecola_23159,18,0,18,0.004975716583430767,0
molecola_23159,19,0,19,0.004962040577083826,0
molecola_23159,20,0,20,0.0049305260181427,0
molecola_23159,21,0,21,0.005014072172343731,0
molecola_23159,22,0,22,0.005081090144813061,0
molecola_23447,1,0,1,0.00544481398537755,0
molecola_23447,2,0,2,0.005553589668124914,0
molecola_23447,3,0,3,0.005604562349617481,0
molecola_23447,4,0,4,0.005107997450977564,0
molecola_23447,5,0,5,0.004926485475152731,0
molecola_23447,6,0,6,0.0049590980634093285,0
molecola_23447,7,0,7,0.005058462265878916,0
molecola_23447,8,0,8,0.005695131607353687,0
molecola_23447,9,0,9,0.005834783427417278,0
molecola_23447,10,0,10,0.005401817616075277,0
molecola_23447,11,0,11,0.0049759079702198505,0
molecola_23447,12,0,12,0.006346149370074272,0
molecola_23447,13,0,13,0.01170173566788435,0
molecola_23447,14,1,14,0.9559128284454346,1
molecola_23447,15,0,15,0.00612178910523653,0
molecola_23447,16,0,16,0.00493424478918314,0
molecola_23447,17,0,17,0.004899448249489069,0
molecola_23447,18,0,18,0.005015004891902208,0
molecola_23447,19,0,19,0.005678877700120211,0
molecola_23447,20,0,20,0.005253177136182785,0
molecola_23447,21,0,21,0.004886752460151911,0
molecola_2363,1,0,1,0.00544481398537755,0
molecola_2363,2,0,2,0.005553347058594227,0
molecola_2363,3,0,3,0.005717432592064142,0
molecola_2363,4,0,4,0.005834177602082491,0
molecola_2363,5,0,5,0.006854597944766283,0
molecola_2363,6,0,6,0.010355228558182716,0
molecola_2363,7,0,7,0.012668044306337833,0
molecola_2363,8,1,8,0.9901632070541382,1
molecola_2363,9,0,9,0.01058274321258068,0
molecola_2363,10,0,10,0.01733381114900112,0
molecola_2363,11,0,11,0.9869354367256165,1
molecola_2363,12,0,12,0.009847860783338547,0
molecola_2363,13,0,13,0.006808637175709009,0
molecola_2363,14,0,14,0.006796398665755987,0
molecola_2418,1,0,1,0.006801740266382694,0
molecola_2418,2,0,2,0.006982031278312206,0
molecola_2418,3,0,3,0.006801740266382694,0
molecola_2418,4,0,4,0.0053848996758461,0
molecola_2418,5,0,5,0.004970695357769728,0
molecola_2418,6,0,6,0.005162423942238092,0
molecola_2418,7,0,7,0.005297568626701832,0
molecola_2418,8,0,8,0.005045315716415644,0
molecola_2418,9,0,9,0.005300773307681084,0
molecola_2418,10,0,10,0.005151122342795134,0
molecola_2418,11,0,11,0.005008228588849306,0
molecola_2418,12,0,12,0.0049791787751019,0
molecola_2418,13,0,13,0.004911649972200394,0
molecola_2418,14,0,14,0.004968530964106321,0
molecola_2418,15,0,15,0.008368625305593014,0
molecola_2418,16,0,16,0.012525655329227448,0
molecola_2418,17,1,17,0.9901646971702576,1
molecola_2418,18,0,18,0.008630394004285336,0
molecola_2418,19,0,19,0.00616338150575757,0
molecola_2418,20,0,20,0.006822096649557352,0
molecola_2418,21,0,21,0.0060956464149057865,0
molecola_2418,22,0,22,0.00985684897750616,0
molecola_2418,23,0,23,0.0068086888641119,0
molecola_2418,24,0,24,0.0067964340560138226,0
molecola_24578,1,0,1,0.0051072025671601295,0
molecola_24578,2,0,2,0.005049353465437889,0
molecola_24578,3,0,3,0.0051072025671601295,0
molecola_24578,4,0,4,0.005012569483369589,0
molecola_24578,5,0,5,0.004986571613699198,0
molecola_24578,6,0,6,0.005007812287658453,0
molecola_24578,7,0,7,0.005012795329093933,0
molecola_24578,8,0,8,0.005098645109683275,0
molecola_24578,9,0,9,0.005007670260965824,0
molecola_24578,10,0,10,0.00497996062040329,0
molecola_24578,11,0,11,0.005007670260965824,0
molecola_24578,12,0,12,0.005012795329093933,0
molecola_24578,13,0,13,0.005098645109683275,0
molecola_24578,14,0,14,0.005007487256079912,0
molecola_24578,15,0,15,0.0049737365916371346,0
molecola_24578,16,0,16,0.004992172122001648,0
molecola_24578,17,0,17,0.0050958613865077496,0
molecola_24578,18,0,18,0.005084147676825523,0
molecola_24578,19,0,19,0.004931502044200897,0
molecola_24578,20,0,20,0.00489350501447916,0
molecola_24578,21,0,21,0.005021719262003899,0
molecola_24578,22,0,22,0.006871908903121948,0
molecola_24578,23,0,23,0.0050986832939088345,0
molecola_24578,24,0,24,0.012327365577220917,0
molecola_24578,25,1,25,0.9901663064956665,1
molecola_24578,26,0,26,0.00691915862262249,0
molecola_24578,27,0,27,0.005099963396787643,0
molecola_24578,28,0,28,0.004992025438696146,0
molecola_24578,29,0,29,0.005043033044785261,0
molecola_24578,30,0,30,0.005196154583245516,0
molecola_24578,31,0,31,0.005372805055230856,0
molecola_2473,1,1,1,0.9901628494262695,1
molecola_2473,2,0,2,0.012466625310480595,0
molecola_2473,3,0,3,0.008367386646568775,0
molecola_2473,4,0,4,0.00496899988502264,0
molecola_2473,5,0,5,0.004921256564557552,0
molecola_2473,6,0,6,0.005007230676710606,0
molecola_2473,7,0,7,0.004929552786052227,0
molecola_2473,8,0,8,0.0049438183195889,0
molecola_2473,9,0,9,0.004964816849678755,0
molecola_2473,10,0,10,0.005112411919981241,0
molecola_2473,11,0,11,0.005649186670780182,0
molecola_2473,12,0,12,0.005302576348185539,0
molecola_2473,13,0,13,0.004923741798847914,0
molecola_2473,14,0,14,0.004946087021380663,0
molecola_2473,15,0,15,0.005007674917578697,0
molecola_2473,16,0,16,0.004921256564557552,0
molecola_2473,17,0,17,0.00496899988502264,0
molecola_2473,18,0,18,0.008367386646568775,0
molecola_2473,19,0,19,0.012466625310480595,0
molecola_2473,20,1,20,0.9901628494262695,1
molecola_2473,21,0,21,0.0079688411206007,0
molecola_2473,22,0,22,0.0079688411206007,0
molecola_2474,1,0,1,0.005041169468313456,0
molecola_2474,2,0,2,0.00495216203853488,0
molecola_2474,3,0,3,0.004981449339538813,0
molecola_2474,4,0,4,0.004955868702381849,0
molecola_2474,5,0,5,0.005107204895466566,0
molecola_2474,6,0,6,0.005000440403819084,0
molecola_2474,7,0,7,0.004960684571415186,0
molecola_2474,8,0,8,0.0049169245176017284,0
molecola_2474,9,0,9,0.004975874442607164,0
molecola_2474,10,0,10,0.004953028634190559,0
molecola_2474,11,0,11,0.005041216965764761,0
molecola_2474,12,0,12,0.005021228455007076,0
molecola_2474,13,0,13,0.004967453423887491,0
molecola_2474,14,0,14,0.0049800388514995575,0
molecola_2474,15,0,15,0.007907737046480179,0
molecola_2474,16,0,16,0.012466982938349247,0
molecola_2474,17,1,17,0.9901628494262695,1
molecola_2474,18,0,18,0.008366378024220467,0
molecola_2474,19,0,19,0.004937034100294113,0
molecola_2474,20,0,20,0.005019794683903456,0
molecola_2474,21,0,21,0.0050119152292609215,0
molecola_2474,22,0,22,0.0051345545798540115,0
molecola_24974,1,0,1,0.0088001424446702,0
molecola_24974,2,0,2,0.033312637358903885,0
molecola_24974,3,0,3,0.01422415766865015,0
molecola_24974,4,0,4,0.01422415766865015,0
molecola_24974,5,0,5,0.005633240099996328,0
molecola_24974,6,0,6,0.0049904389306902885,0
molecola_24974,7,0,7,0.004926026798784733,0
molecola_24974,8,0,8,0.004928729962557554,0
molecola_24974,9,0,9,0.004926026798784733,0
molecola_24974,10,0,10,0.0049904389306902885,0
molecola_24974,11,0,11,0.004994299728423357,0
molecola_24974,12,0,12,0.004984425846487284,0
molecola_24974,13,0,13,0.00572786433622241,0
molecola_24974,14,0,14,0.00530671002343297,0
molecola_24974,15,0,15,0.005114163272082806,0
molecola_24974,16,0,16,0.004986169282346964,0
molecola_24974,17,0,17,0.004931464325636625,0
molecola_24974,18,0,18,0.004948429297655821,0
molecola_24974,19,0,19,0.008389306254684925,0
molecola_24974,20,0,20,0.012498447671532631,0
molecola_24974,21,1,21,0.9901628494262695,1
molecola_24974,22,0,22,0.008389306254684925,0
molecola_24974,23,0,23,0.004948429297655821,0
molecola_25395,1,0,1,0.005552859976887703,0
molecola_25395,2,0,2,0.005246538203209639,0
molecola_25395,3,0,3,0.005940674804151058,0
molecola_25395,4,0,4,0.005246538203209639,0
molecola_25395,5,0,5,0.005552859976887703,0
molecola_25395,6,0,6,0.005227070767432451,0
molecola_25395,7,0,7,0.005270205903798342,0
molecola_25395,8,0,8,0.005181268323212862,0
molecola_25395,9,0,9,0.005712579935789108,0
molecola_25395,10,0,10,0.005347010679543018,0
molecola_25395,11,0,11,0.004988483153283596,0
molecola_25395,12,0,12,0.004957035183906555,0
molecola_25395,13,0,13,0.008399645797908306,0
molecola_25395,14,0,14,0.012355257757008076,0
molecola_25395,15,1,15,0.990164577960968,1
molecola_25395,16,0,16,0.0064546093344688416,0
molecola_25395,17,0,17,0.005184090696275234,0
molecola_25395,18,0,18,0.0049597639590501785,0
molecola_25419,1,0,1,0.005444798152893782,0
molecola_25419,2,0,2,0.00555162550881505,0
molecola_25419,3,0,3,0.005720808170735836,0
molecola_25419,4,0,4,0.008050182834267616,0
molecola_25419,5,0,5,0.012461326085031033,0
molecola_25419,6,1,6,0.9901648163795471,1
molecola_25419,7,0,7,0.010275641456246376,0
molecola_25419,8,0,8,0.012321114540100098,0
molecola_25419,9,1,9,0.990166425704956,1
molecola_25419,10,0,10,0.006109106354415417,0
molecola_25419,11,0,11,0.005630596075206995,0
molecola_25419,12,0,12,0.005303625017404556,0
molecola_25419,13,0,13,0.005093389190733433,0
molecola_25419,14,0,14,0.004968801513314247,0
molecola_25419,15,0,15,0.005025098565965891,0
molecola_25419,16,0,16,0.004914603661745787,0
molecola_25419,17,0,17,0.005000518634915352,0
molecola_25419,18,0,18,0.005039737094193697,0
molecola_25585,1,0,1,0.005540492944419384,0
molecola_25585,2,0,2,0.005222168751060963,0
molecola_25585,3,0,3,0.005959969945251942,0
molecola_25585,4,0,4,0.005449589807540178,0
molecola_25585,5,0,5,0.005355878733098507,0
molecola_25585,6,0,6,0.005244365893304348,0
molecola_25585,7,0,7,0.00736163929104805,0
molecola_25585,8,0,8,0.005378651432693005,0
molecola_25585,9,0,9,0.012618405744433403,0
molecola_25585,10,1,10,0.9455128312110901,1
molecola_25585,11,0,11,0.006445591803640127,0
molecola_25585,12,0,12,0.004904751665890217,0
molecola_25585,13,0,13,0.0049142795614898205,0
molecola_25585,14,0,14,0.004914736840873957,0
molecola_25585,15,0,15,0.004900775849819183,0
molecola_25585,16,0,16,0.004921116400510073,0
molecola_25585,17,0,17,0.005045694299042225,0
molecola_25585,18,0,18,0.005137434229254723,0
molecola_25585,19,0,19,0.0049707917496562,0
molecola_25585,20,0,20,0.005676283035427332,0
molecola_25585,21,0,21,0.005305826663970947,0
molecola_25585,22,0,22,0.004958190023899078,0
molecola_25585,23,0,23,0.0050325761549174786,0
molecola_25585,24,0,24,0.004939449951052666,0
molecola_25585,25,0,25,0.005060661118477583,0
molecola_25585,26,0,26,0.006272386759519577,0
molecola_25585,27,0,27,0.011520279571413994,0
molecola_25585,28,0,28,0.9496566653251648,1
molecola_25585,29,0,29,0.0063474844209849834,0
molecola_25585,30,0,30,0.006061565596610308,0
molecola_25585,31,0,31,0.005076016299426556,0
molecola_25876,1,0,1,0.005180944222956896,0
molecola_25876,2,0,2,0.00516958674415946,0
molecola_25876,3,0,3,0.005180944222956896,0
molecola_25876,4,0,4,0.005180944222956896,0
molecola_25876,5,0,5,0.0050810035318136215,0
molecola_25876,6,0,6,0.004962791223078966,0
molecola_25876,7,0,7,0.008172581903636456,0
molecola_25876,8,0,8,0.012513982132077217,0
molecola_25876,9,0,9,0.990164577960968,1
molecola_25876,10,0,10,0.008242569863796234,0
molecola_25876,11,0,11,0.005130337085574865,0
molecola_25876,12,0,12,0.0051059480756521225,0
molecola_25876,13,0,13,0.005694189108908176,0
molecola_25876,14,0,14,0.005346937105059624,0
molecola_25876,15,0,15,0.004992816597223282,0
molecola_25876,16,0,16,0.004937891848385334,0
molecola_25876,17,0,17,0.004934837110340595,0
molecola_25876,18,0,18,0.004979809280484915,0
molecola_25876,19,0,19,0.00490680942311883,0
molecola_25876,20,0,20,0.004940103739500046,0
molecola_25876,21,0,21,0.004940368700772524,0
molecola_25876,22,0,22,0.004911869298666716,0
molecola_25876,23,0,23,0.004983385559171438,0
molecola_25876,24,0,24,0.006823692470788956,0
molecola_25876,25,0,25,0.006131934002041817,0
molecola_25876,26,0,26,0.006829777732491493,0
molecola_25876,27,0,27,0.005178334191441536,0
molecola_25876,28,0,28,0.005178334191441536,0
molecola_25876,29,0,29,0.013765321113169193,0
molecola_25876,30,1,30,0.9754550457000732,1
molecola_26,1,0,1,0.013007034547626972,0
molecola_26,2,0,2,0.011318358592689037,0
molecola_26,3,1,3,0.9657772779464722,1
molecola_26,4,0,4,0.005529430229216814,0
molecola_26,5,0,5,0.005513596814125776,0
molecola_26,6,0,6,0.005864178761839867,0
molecola_26,7,0,7,0.005437874235212803,0
molecola_26,8,0,8,0.005020025186240673,0
molecola_26,9,0,9,0.004931773524731398,0
molecola_26,10,0,10,0.004938763100653887,0
molecola_26,11,0,11,0.004977296106517315,0
molecola_26,12,0,12,0.004955734591931105,0
molecola_26,13,0,13,0.004960048943758011,0
molecola_26,14,0,14,0.0052205538377165794,0
molecola_26,15,0,15,0.005420356057584286,0
molecola_26,16,0,16,0.0058723632246255875,0
molecola_26,17,0,17,0.0054381429217755795,0
molecola_26,18,0,18,0.00502006383612752,0
molecola_26,19,0,19,0.004931773524731398,0
molecola_26,20,0,20,0.004938763100653887,0
molecola_26,21,0,21,0.004977296106517315,0
molecola_26,22,0,22,0.004955734591931105,0
molecola_26,23,0,23,0.004960048943758011,0
molecola_26,24,0,24,0.005020970944315195,0
molecola_26,25,0,25,0.005188093055039644,0
molecola_26,26,0,26,0.0050214859656989574,0
molecola_26,27,0,27,0.004901852458715439,0
molecola_26,28,0,28,0.004890108946710825,0
molecola_26,29,0,29,0.004957675002515316,0
molecola_26,30,0,30,0.008545449003577232,0
molecola_26,31,0,31,0.013880327343940735,0
molecola_26,32,0,32,0.9753869771957397,1
molecola_26,33,0,33,0.005285769701004028,0
molecola_26,34,0,34,0.0051948875188827515,0
molecola_26,35,0,35,0.005134919658303261,0
molecola_26,36,0,36,0.004970032721757889,0
molecola_26,37,0,37,0.005071981810033321,0
molecola_26,38,0,38,0.004983997903764248,0
molecola_26,39,0,39,0.005752398166805506,0
molecola_26,40,0,40,0.005296905525028706,0
molecola_26,41,0,41,0.005109015386551619,0
molecola_26,42,0,42,0.0049926601350307465,0
molecola_26145,1,0,1,0.08602774143218994,0
molecola_26145,2,0,2,0.11382506787776947,0
molecola_26145,3,0,3,0.1729811578989029,0
molecola_26145,4,0,4,0.1729811578989029,0
molecola_26145,5,0,5,0.007457445375621319,0
molecola_26145,6,0,6,0.005010897293686867,0
molecola_26145,7,0,7,0.004910328425467014,0
molecola_26145,8,0,8,0.005008361767977476,0
molecola_26145,9,0,9,0.004928973037749529,0
molecola_26145,10,0,10,0.0075914752669632435,0
molecola_26145,11,0,11,0.013727418147027493,0
molecola_26145,12,0,12,0.9754452705383301,1
molecola_26145,13,0,13,0.005024526733905077,0
molecola_26145,14,0,14,0.004972740542143583,0
molecola_26145,15,0,15,0.0050966087728738785,0
molecola_26145,16,0,16,0.004919916391372681,0
molecola_26145,17,0,17,0.00499091949313879,0
molecola_26145,18,0,18,0.0049701835960149765,0
molecola_26145,19,0,19,0.004930409137159586,0
molecola_26145,20,0,20,0.0083652064204216,0
molecola_26145,21,0,21,0.012498447671532631,0
molecola_26145,22,1,22,0.9901628494262695,1
molecola_26145,23,0,23,0.0083652064204216,0
molecola_26145,24,0,24,0.004930409137159586,0
molecola_26145,25,0,25,0.005310595501214266,0
molecola_26145,26,0,26,0.00511545455083251,0
molecola_26145,27,0,27,0.00511545455083251,0
molecola_26145,28,0,28,0.00511545455083251,0
molecola_26300,1,0,1,0.005218494217842817,0
molecola_26300,2,0,2,0.005217157304286957,0
molecola_26300,3,0,3,0.005038496106863022,0
molecola_26300,4,0,4,0.004954483825713396,0
molecola_26300,5,0,5,0.004977813456207514,0
molecola_26300,6,0,6,0.004921718966215849,0
molecola_26300,7,0,7,0.004945242311805487,0
molecola_26300,8,0,8,0.004912050440907478,0
molecola_26300,9,0,9,0.004993991926312447,0
molecola_26300,10,0,10,0.005090027116239071,0
molecola_26300,11,0,11,0.005080745555460453,0
molecola_26300,12,0,12,0.0049665202386677265,0
molecola_26300,13,0,13,0.004983194172382355,0
molecola_26300,14,0,14,0.004945817403495312,0
molecola_26300,15,0,15,0.00836237147450447,0
molecola_26300,16,0,16,0.013631320558488369,0
molecola_26300,17,1,17,0.9899901151657104,1
molecola_26300,18,0,18,0.013606332242488861,0
molecola_26300,19,1,19,0.989993155002594,1
molecola_26300,20,0,20,0.00813926663249731,0
molecola_2631,1,0,1,0.005006888415664434,0
molecola_2631,2,0,2,0.00492648733779788,0
molecola_2631,3,0,3,0.005170975346118212,0
molecola_2631,4,0,4,0.004984733648598194,0
molecola_2631,5,0,5,0.005072255618870258,0
molecola_2631,6,0,6,0.007063029333949089,0
molecola_2631,7,0,7,0.013604355044662952,0
molecola_2631,8,1,8,0.9754508137702942,1
molecola_2631,9,0,9,0.005092867184430361,0
molecola_2631,10,0,10,0.0049289073795080185,0
molecola_2631,11,0,11,0.005007168743759394,0
molecola_2631,12,0,12,0.005865277256816626,0
molecola_2631,13,0,13,0.006105389911681414,0
molecola_2631,14,0,14,0.005919758230447769,0
molecola_2631,15,0,15,0.005059174727648497,0
molecola_2631,16,0,16,0.004987182095646858,0
molecola_2631,17,0,17,0.004912943579256535,0
molecola_2631,18,0,18,0.004987182095646858,0
molecola_2631,19,0,19,0.005059174727648497,0
molecola_2631,20,0,20,0.004920343402773142,0
molecola_2631,21,0,21,0.005010867025703192,0
molecola_2631,22,0,22,0.004920343402773142,0
molecola_2631,23,0,23,0.005010867025703192,0
molecola_26685,1,1,1,0.9901628494262695,1
molecola_26685,2,0,2,0.012498447671532631,0
molecola_26685,3,0,3,0.008389306254684925,0
molecola_26685,4,0,4,0.0049476949498057365,0
molecola_26685,5,0,5,0.004927878733724356,0
molecola_26685,6,0,6,0.0049476949498057365,0
molecola_26685,7,0,7,0.008389306254684925,0
molecola_26685,8,0,8,0.005063855089247227,0
molecola_26685,9,0,9,0.004921657964587212,0
molecola_26685,10,0,10,0.004889565985649824,0
molecola_26685,11,0,11,0.004885477479547262,0
molecola_26685,12,0,12,0.004991885740309954,0
molecola_26685,13,0,13,0.004999847617000341,0
molecola_26685,14,0,14,0.0052710953168570995,0
molecola_26685,15,0,15,0.005015847273170948,0
molecola_26685,16,0,16,0.004891369491815567,0
molecola_26685,17,0,17,0.00505807576701045,0
molecola_26685,18,0,18,0.004956891760230064,0
molecola_26685,19,0,19,0.005012528505176306,0
molecola_26685,20,0,20,0.004927785135805607,0
molecola_26685,21,0,21,0.004923510365188122,0
molecola_26685,22,0,22,0.004940966609865427,0
molecola_26685,23,0,23,0.004937031771987677,0
molecola_26685,24,0,24,0.004940966609865427,0
molecola_26685,25,0,25,0.004923510365188122,0
molecola_26685,26,0,26,0.004873460624366999,0
molecola_26775,1,0,1,0.00516622606664896,0
molecola_26775,2,0,2,0.004956717602908611,0
molecola_26775,3,0,3,0.005000279285013676,0
molecola_26775,4,0,4,0.004994088783860207,0
molecola_26775,5,0,5,0.005292987450957298,0
molecola_26775,6,0,6,0.005042288918048143,0
molecola_26775,7,0,7,0.00668332539498806,0
molecola_26775,8,0,8,0.012914660386741161,0
molecola_26775,9,1,9,0.9806033968925476,1
molecola_26775,10,0,10,0.0059014130383729935,0
molecola_26775,11,0,11,0.005004492122679949,0
molecola_26775,12,0,12,0.005044621881097555,0
molecola_26775,13,0,13,0.004946056287735701,0
molecola_26775,14,0,14,0.004947781562805176,0
molecola_26775,15,0,15,0.005103869829326868,0
molecola_26775,16,0,16,0.005700166802853346,0
molecola_26775,17,0,17,0.005553262773901224,0
molecola_26775,18,0,18,0.00544481398537755,0
molecola_26775,19,0,19,0.007418050896376371,0
molecola_26775,20,0,20,0.0050517781637609005,0
molecola_26775,21,0,21,0.004988379310816526,0
molecola_26775,22,0,22,0.004928463138639927,0
molecola_26775,23,0,23,0.005088744685053825,0
molecola_26775,24,0,24,0.005435780622065067,0
molecola_26775,25,0,25,0.00542363990098238,0
molecola_26775,26,0,26,0.005474749952554703,0
molecola_26775,27,0,27,0.005919382441788912,0
molecola_26775,28,0,28,0.005457592196762562,0
molecola_26775,29,0,29,0.005506429821252823,0
molecola_26775,30,0,30,0.005700934678316116,0
molecola_27025,1,1,1,0.9754481315612793,1
molecola_27025,2,0,2,0.013736001215875149,0
molecola_27025,3,0,3,0.006831119768321514,0
molecola_27025,4,0,4,0.005033450201153755,0
molecola_27025,5,0,5,0.005256718955934048,0
molecola_27025,6,0,6,0.005105582065880299,0
molecola_27025,7,0,7,0.0050039030611515045,0
molecola_27025,8,0,8,0.004991663154214621,0
molecola_27025,9,0,9,0.004980726633220911,0
molecola_27025,10,0,10,0.004974097479134798,0
molecola_27025,11,0,11,0.0049179233610630035,0
molecola_27025,12,0,12,0.004995600786060095,0
molecola_27025,13,0,13,0.004973089322447777,0
molecola_27025,14,0,14,0.004984348081052303,0
molecola_27025,15,0,15,0.00497421296313405,0
molecola_27025,16,0,16,0.005067524965852499,0
molecola_27025,17,0,17,0.004957256373018026,0
molecola_27025,18,0,18,0.004961150698363781,0
molecola_27025,19,0,19,0.004921121057122946,0
molecola_27025,20,0,20,0.004917773883789778,0
molecola_27025,21,0,21,0.004978025797754526,0
molecola_27025,22,0,22,0.004917773883789778,0
molecola_27025,23,0,23,0.004921121057122946,0
molecola_27025,24,0,24,0.004920220002532005,0
molecola_27025,25,0,25,0.0050108665600419044,0
molecola_27025,26,0,26,0.006978507153689861,0
molecola_27025,27,0,27,0.006262586452066898,0
molecola_27025,28,0,28,0.0050054374150931835,0
molecola_27025,29,0,29,0.004912167321890593,0
molecola_27025,30,0,30,0.004940368700772524,0
molecola_27025,31,0,31,0.004940368700772524,0
molecola_27025,32,0,32,0.004911424126476049,0
molecola_27025,33,0,33,0.004957893397659063,0
molecola_28194,1,0,1,0.00544481398537755,0
molecola_28194,2,0,2,0.005572653375566006,0
molecola_28194,3,0,3,0.0060858032666146755,0
molecola_28194,4,0,4,0.005036285612732172,0
molecola_28194,5,0,5,0.005000737030059099,0
molecola_28194,6,0,6,0.004925547633320093,0
molecola_28194,7,0,7,0.004988372325897217,0
molecola_28194,8,0,8,0.005098057445138693,0
molecola_28194,9,0,9,0.005888612009584904,0
molecola_28194,10,0,10,0.006097680889070034,0
molecola_28194,11,0,11,0.005919160787016153,0
molecola_28194,12,0,12,0.005106754135340452,0
molecola_28194,13,0,13,0.005011337343603373,0
molecola_28194,14,0,14,0.0051192971877753735,0
molecola_28194,15,0,15,0.005117053631693125,0
molecola_28194,16,0,16,0.0057490523904562,0
molecola_28194,17,0,17,0.005364761222153902,0
molecola_28194,18,0,18,0.005248028784990311,0
molecola_28194,19,0,19,0.004954921547323465,0
molecola_28194,20,0,20,0.004954921547323465,0
molecola_28194,21,0,21,0.007028006017208099,0
molecola_28194,22,0,22,0.006821524817496538,0
molecola_28194,23,0,23,0.006821524817496538,0
molecola_28194,24,0,24,0.005011337343603373,0
molecola_28194,25,0,25,0.005106754135340452,0
molecola_28194,26,0,26,0.005125129129737616,0
molecola_28194,27,0,27,0.007930041290819645,0
molecola_28194,28,0,28,0.012371677905321121,0
molecola_28194,29,1,29,0.9901530146598816,1
molecola_28202,1,0,1,0.7354392409324646,1
molecola_28202,2,0,2,0.01168549619615078,0
molecola_28202,3,0,3,0.014397403225302696,0
molecola_28202,4,0,4,0.7702569365501404,1
molecola_28202,5,0,5,0.011093499138951302,0
molecola_28202,6,0,6,0.8453301191329956,1
molecola_28202,7,0,7,0.006455416791141033,0
molecola_28202,8,0,8,0.004940000828355551,0
molecola_28202,9,0,9,0.00809480994939804,0
molecola_28202,10,0,10,0.012363314628601074,0
molecola_28202,11,0,11,0.990166425704956,1
molecola_28202,12,0,12,0.006708446424454451,0
molecola_28202,13,0,13,0.0056121996603906155,0
molecola_28202,14,0,14,0.005210281815379858,0
molecola_28202,15,0,15,0.0066313715651631355,0
molecola_28202,16,0,16,0.012353535741567612,0
molecola_28202,17,1,17,0.990164577960968,1
molecola_28202,18,0,18,0.008368601091206074,0
molecola_28202,19,0,19,0.0049698203802108765,0
molecola_28202,20,0,20,0.0049286712892353535,0
molecola_28202,21,0,21,0.004951684735715389,0
molecola_28202,22,0,22,0.005579874850809574,0
molecola_28202,23,0,23,0.005210274364799261,0
molecola_28202,24,0,24,0.006708443630486727,0
molecola_28202,25,0,25,0.012362731620669365,0
molecola_28202,26,0,26,0.990166425704956,1
molecola_28202,27,0,27,0.008229615166783333,0
molecola_28202,28,0,28,0.006790828891098499,0
molecola_2835,1,0,1,0.9754506349563599,1
molecola_2835,2,0,2,0.013584820553660393,0
molecola_2835,3,0,3,0.007289881817996502,0
molecola_2835,4,0,4,0.008307606913149357,0
molecola_2835,5,0,5,0.004948591813445091,0
molecola_2835,6,0,6,0.004940900951623917,0
molecola_2835,7,0,7,0.004964051302522421,0
molecola_2835,8,0,8,0.008365246467292309,0
molecola_2835,9,0,9,0.012529742904007435,0
molecola_2835,10,1,10,0.9901646971702576,1
molecola_28399,1,1,1,0.9901628494262695,1
molecola_28399,2,0,2,0.01243168581277132,0
molecola_28399,3,0,3,0.008035304956138134,0
molecola_28399,4,0,4,0.0049639055505394936,0
molecola_28399,5,0,5,0.004978099372237921,0
molecola_28399,6,0,6,0.005005052778869867,0
molecola_28399,7,0,7,0.005016228184103966,0
molecola_28399,8,0,8,0.00499233091250062,0
molecola_28399,9,0,9,0.005048009566962719,0
molecola_28399,10,0,10,0.0049204532988369465,0
molecola_28399,11,0,11,0.005012569483369589,0
molecola_28399,12,0,12,0.007791466079652309,0
molecola_28399,13,0,13,0.004964336287230253,0
molecola_28399,14,0,14,0.004929805640131235,0
molecola_28399,15,0,15,0.00836642924696207,0
molecola_28399,16,0,16,0.012387826107442379,0
molecola_28399,17,1,17,0.9901646971702576,1
molecola_28399,18,0,18,0.006905489135533571,0
molecola_28399,19,0,19,0.005030775908380747,0
molecola_28399,20,0,20,0.004929863847792149,0
molecola_2874,1,1,1,0.9753387570381165,1
molecola_2874,2,0,2,0.013852661475539207,0
molecola_2874,3,0,3,0.006520880851894617,0
molecola_2874,4,0,4,0.0052923946641385555,0
molecola_2874,5,0,5,0.005031688138842583,0
molecola_2874,6,0,6,0.005031688138842583,0
molecola_2874,7,0,7,0.005273931659758091,0
molecola_2874,8,0,8,0.005063734948635101,0
molecola_2874,9,0,9,0.005035105161368847,0
molecola_2874,10,0,10,0.0050256759859621525,0
molecola_2874,11,0,11,0.005392863415181637,0
molecola_2874,12,0,12,0.005092282313853502,0
molecola_2874,13,0,13,0.0050084516406059265,0
molecola_2874,14,0,14,0.004942204803228378,0
molecola_2874,15,0,15,0.004941923078149557,0
molecola_2874,16,0,16,0.004981194157153368,0
molecola_2874,17,0,17,0.005094868130981922,0
molecola_2874,18,0,18,0.007307788822799921,0
molecola_2874,19,0,19,0.006108174100518227,0
molecola_2874,20,0,20,0.005094906780868769,0
molecola_2874,21,0,21,0.004984679166227579,0
molecola_2874,22,0,22,0.004933394957333803,0
molecola_2874,23,0,23,0.0050625866279006,0
molecola_2874,24,0,24,0.004980055615305901,0
molecola_2874,25,0,25,0.005093514919281006,0
molecola_2874,26,0,26,0.005316790193319321,0
molecola_2874,27,0,27,0.00511573301628232,0
molecola_2874,28,0,28,0.00511573301628232,0
molecola_2874,29,0,29,0.00511573301628232,0
molecola_2874,30,0,30,0.005031688138842583,0
molecola_2874,31,0,31,0.005031688138842583,0
molecola_28984,1,1,1,0.9901628494262695,1
molecola_28984,2,0,2,0.012463866733014584,0
molecola_28984,3,0,3,0.008367386646568775,0
molecola_28984,4,0,4,0.004970869980752468,0
molecola_28984,5,0,5,0.005003240890800953,0
molecola_28984,6,0,6,0.00511840870603919,0
molecola_28984,7,0,7,0.005314142908900976,0
molecola_28984,8,0,8,0.005083057563751936,0
molecola_28984,9,0,9,0.0050188228487968445,0
molecola_28984,10,0,10,0.005023695062845945,0
molecola_28984,11,0,11,0.004926592577248812,0
molecola_28984,12,0,12,0.005022446159273386,0
molecola_28984,13,0,13,0.008062789216637611,0
molecola_28984,14,0,14,0.01266559399664402,0
molecola_28984,15,0,15,0.9901610612869263,1
molecola_28984,16,0,16,0.00845741480588913,0
molecola_28984,17,0,17,0.00505082169547677,0
molecola_28984,18,0,18,0.008139523677527905,0
molecola_29330,1,0,1,0.00544481398537755,0
molecola_29330,2,0,2,0.005572651047259569,0
molecola_29330,3,0,3,0.00608847476541996,0
molecola_29330,4,0,4,0.0051049040630459785,0
molecola_29330,5,0,5,0.005108939949423075,0
molecola_29330,6,0,6,0.005229711998254061,0
molecola_29330,7,0,7,0.004983191844075918,0
molecola_29330,8,0,8,0.005007563158869743,0
molecola_29330,9,0,9,0.004926793742924929,0
molecola_29330,10,0,10,0.004908004309982061,0
molecola_29330,11,0,11,0.0050420016050338745,0
molecola_29330,12,0,12,0.007865178398787975,0
molecola_29330,13,0,13,0.00937648955732584,0
molecola_29330,14,0,14,0.910659670829773,1
molecola_29330,15,0,15,0.012382916174829006,0
molecola_29330,16,0,16,0.009293491020798683,0
molecola_29330,17,0,17,0.9098869562149048,1
molecola_29330,18,0,18,0.007647408172488213,0
molecola_29330,19,0,19,0.004970881622284651,0
molecola_29330,20,0,20,0.005041270051151514,0
molecola_29330,21,0,21,0.0051049040630459785,0
molecola_29330,22,0,22,0.00608847476541996,0
molecola_29330,23,0,23,0.005572651047259569,0
molecola_29330,24,0,24,0.00544481398537755,0
molecola_29330,25,0,25,0.01231648400425911,0
molecola_29330,26,1,26,0.9901400208473206,1
molecola_29390,1,1,1,0.9901628494262695,1
molecola_29390,2,0,2,0.012461653910577297,0
molecola_29390,3,0,3,0.008362158201634884,0
molecola_29390,4,0,4,0.0049295201897621155,0
molecola_29390,5,0,5,0.00497546186670661,0
molecola_29390,6,0,6,0.004933306481689215,0
molecola_29390,7,0,7,0.00494103180244565,0
molecola_29390,8,0,8,0.004906879272311926,0
molecola_29390,9,0,9,0.004981097299605608,0
molecola_29390,10,0,10,0.007853432558476925,0
molecola_29444,1,0,1,0.0051849461160600185,0
molecola_29444,2,0,2,0.004982061684131622,0
molecola_29444,3,0,3,0.004939993377774954,0
molecola_29444,4,0,4,0.00491760578006506,0
molecola_29444,5,0,5,0.004897932521998882,0
molecola_29444,6,0,6,0.005680033005774021,0
molecola_29444,7,0,7,0.005253166891634464,0
molecola_29444,8,0,8,0.005063912831246853,0
molecola_29444,9,0,9,0.005711577367037535,0
molecola_29444,10,0,10,0.005266247317194939,0
molecola_29444,11,0,11,0.00504538556560874,0
molecola_29444,12,0,12,0.004944739863276482,0
molecola_29444,13,0,13,0.007904183119535446,0
molecola_29444,14,0,14,0.007958229631185532,0
molecola_29444,15,0,15,0.6086499691009521,1
molecola_29444,16,0,16,0.012988314963877201,0
molecola_29444,17,1,17,0.9900462031364441,1
molecola_29444,18,0,18,0.007903159596025944,0
molecola_29663,1,0,1,0.0057008531875908375,0
molecola_29663,2,0,2,0.005501642823219299,0
molecola_29663,3,0,3,0.0059350598603487015,0
molecola_29663,4,0,4,0.005449910182505846,0
molecola_29663,5,0,5,0.0050140866078436375,0
molecola_29663,6,0,6,0.005095279309898615,0
molecola_29663,7,0,7,0.0050224363803863525,0
molecola_29663,8,0,8,0.00791448075324297,0
molecola_29663,9,0,9,0.012547762133181095,0
molecola_29663,10,1,10,0.9901629686355591,1
molecola_29663,11,0,11,0.008368411101400852,0
molecola_29663,12,0,12,0.004969164729118347,0
molecola_29663,13,0,13,0.004925594665110111,0
molecola_29663,14,0,14,0.005029058083891869,0
molecola_29663,15,0,15,0.005045686848461628,0
molecola_29663,16,0,16,0.004974779207259417,0
molecola_29663,17,0,17,0.0050148144364356995,0
molecola_29663,18,0,18,0.005316863302141428,0
molecola_29663,19,0,19,0.00498355133458972,0
molecola_29663,20,0,20,0.0062236422672867775,0
molecola_29663,21,0,21,0.011832424439489841,0
molecola_29663,22,0,22,0.010298818349838257,0
molecola_29663,23,0,23,0.8704338669776917,1
molecola_29663,24,0,24,0.004907284397631884,0
molecola_29663,25,0,25,0.004974802955985069,0
molecola_29663,26,0,26,0.005046697333455086,0
molecola_30074,1,0,1,0.005180739797651768,0
molecola_30074,2,0,2,0.005164954345673323,0
molecola_30074,3,0,3,0.005180739797651768,0
molecola_30074,4,0,4,0.005180739797651768,0
molecola_30074,5,0,5,0.00507378438487649,0
molecola_30074,6,0,6,0.004958627745509148,0
molecola_30074,7,0,7,0.006452750414609909,0
molecola_30074,8,0,8,0.005184090696275234,0
molecola_30074,9,0,9,0.012346881441771984,0
molecola_30074,10,1,10,0.990166425704956,1
molecola_30074,11,0,11,0.008250696584582329,0
molecola_30074,12,0,12,0.005831932183355093,0
molecola_30074,13,0,13,0.010200919583439827,0
molecola_30074,14,0,14,0.004949554335325956,0
molecola_30935,1,0,1,0.9901628494262695,1
molecola_30935,2,0,2,0.012498447671532631,0
molecola_30935,3,0,3,0.008386784233152866,0
molecola_30935,4,0,4,0.004947582259774208,0
molecola_30935,5,0,5,0.004946633707731962,0
molecola_30935,6,0,6,0.0049739982932806015,0
molecola_30935,7,0,7,0.0050046700052917,0
molecola_30935,8,0,8,0.007919877767562866,0
molecola_30935,9,0,9,0.008413984440267086,0
molecola_30935,10,0,10,0.01247192732989788,0
molecola_30935,11,0,11,0.9901628494262695,1
molecola_30935,12,0,12,0.013288266025483608,0
molecola_30935,13,0,13,0.013634192757308483,0
molecola_30935,14,1,14,0.989990234375,1
molecola_30935,15,0,15,0.01363835483789444,0
molecola_30935,16,0,16,0.9899927973747253,1
molecola_30935,17,0,17,0.004947582259774208,0
molecola_30935,18,0,18,0.008386784233152866,0
molecola_30967,1,0,1,0.00518730329349637,0
molecola_30967,2,0,2,0.007568959146738052,0
molecola_30967,3,0,3,0.005220192484557629,0
molecola_30967,4,0,4,0.0050767529755830765,0
molecola_30967,5,0,5,0.004970235750079155,0
molecola_30967,6,0,6,0.004979374818503857,0
molecola_30967,7,0,7,0.004931401461362839,0
molecola_30967,8,0,8,0.005023608915507793,0
molecola_30967,9,0,9,0.005028704646974802,0
molecola_30967,10,0,10,0.005748976022005081,0
molecola_30967,11,0,11,0.0059407055377960205,0
molecola_30967,12,0,12,0.005461667198687792,0
molecola_30967,13,0,13,0.007048754021525383,0
molecola_30967,14,0,14,0.0068155862390995026,0
molecola_30967,15,0,15,0.0068155862390995026,0
molecola_30967,16,0,16,0.0050780633464455605,0
molecola_30967,17,0,17,0.004958747886121273,0
molecola_30967,18,0,18,0.005025093909353018,0
molecola_30967,19,0,19,0.012644495815038681,0
molecola_30967,20,1,20,0.9479488730430603,1
molecola_30967,21,0,21,0.007536263205111027,0
molecola_30967,22,0,22,0.004970968700945377,0
molecola_30967,23,0,23,0.008382557891309261,0
molecola_30967,24,0,24,0.012498447671532631,0
molecola_30967,25,1,25,0.9901628494262695,1
molecola_30967,26,0,26,0.008382557891309261,0
molecola_30967,27,0,27,0.004970968700945377,0
molecola_3123,1,1,1,0.9901530146598816,1
molecola_3123,2,0,2,0.01232873648405075,0
molecola_3123,3,0,3,0.007965042255818844,0
molecola_3123,4,0,4,0.0049937996082007885,0
molecola_3123,5,0,5,0.004962040577083826,0
molecola_3123,6,0,6,0.004930923692882061,0
molecola_3123,7,0,7,0.0051105571910738945,0
molecola_3123,8,0,8,0.005864331964403391,0
molecola_3123,9,0,9,0.006123840343207121,0
molecola_3123,10,0,10,0.005898918025195599,0
molecola_3123,11,0,11,0.005108339246362448,0
molecola_3123,12,0,12,0.004930923692882061,0
molecola_3123,13,0,13,0.004975648131221533,0
molecola_3123,14,0,14,0.004962040577083826,0
molecola_3123,15,0,15,0.004930296912789345,0
molecola_3123,16,0,16,0.00504662049934268,0
molecola_3123,17,0,17,0.004974982235580683,0
molecola_3124,1,0,1,0.005012288689613342,0
molecola_3124,2,0,2,0.0058091734535992146,0
molecola_3124,3,0,3,0.0049052429385483265,0
molecola_3124,4,0,4,0.004907864611595869,0
molecola_3124,5,0,5,0.004899810999631882,0
molecola_3124,6,0,6,0.004901347681879997,0
molecola_3124,7,0,7,0.004886961542069912,0
molecola_3124,8,0,8,0.0056258514523506165,0
molecola_3124,9,0,9,0.004884480964392424,0
molecola_3124,10,0,10,0.004973797593265772,0
molecola_3124,11,0,11,0.004946129396557808,0
molecola_3124,12,0,12,0.00838002935051918,0
molecola_3124,13,0,13,0.012470388785004616,0
molecola_3124,14,1,14,0.9901628494262695,1
molecola_3124,15,0,15,0.007988951168954372,0
molecola_3124,16,0,16,0.00500846141949296,0
molecola_3124,17,0,17,0.005301047116518021,0
molecola_3124,18,0,18,0.010591414757072926,0
molecola_31250,1,0,1,0.00518100056797266,0
molecola_31250,2,0,2,0.005190592259168625,0
molecola_31250,3,0,3,0.005031838081777096,0
molecola_31250,4,0,4,0.004916840232908726,0
molecola_31250,5,0,5,0.004948441404849291,0
molecola_31250,6,0,6,0.004970021080225706,0
molecola_31250,7,0,7,0.0072302925400435925,0
molecola_31250,8,0,8,0.011670658364892006,0
molecola_31250,9,0,9,0.955935537815094,1
molecola_31250,10,0,10,0.00575664546340704,0
molecola_31250,11,0,11,0.005000893957912922,0
molecola_31250,12,0,12,0.005315983202308416,0
molecola_31250,13,0,13,0.006391211878508329,0
molecola_31250,14,0,14,0.012346718460321426,0
molecola_31250,15,1,15,0.9901551008224487,1
molecola_31250,16,0,16,0.00838014017790556,0
molecola_31250,17,0,17,0.004947849549353123,0
molecola_31250,18,0,18,0.005074046552181244,0
molecola_31250,19,0,19,0.005014150869101286,0
molecola_31250,20,0,20,0.00499222194775939,0
molecola_31393,1,0,1,0.005444798152893782,0
molecola_31393,2,0,2,0.005551617592573166,0
molecola_31393,3,0,3,0.0056855324655771255,0
molecola_31393,4,0,4,0.005104809068143368,0
molecola_31393,5,0,5,0.004924463573843241,0
molecola_31393,6,0,6,0.005014886148273945,0
molecola_31393,7,0,7,0.004869642201811075,0
molecola_31393,8,0,8,0.004934963770210743,0
molecola_31393,9,0,9,0.004941641818732023,0
molecola_31393,10,0,10,0.005297644063830376,0
molecola_31393,11,0,11,0.005181996151804924,0
molecola_31393,12,0,12,0.005047377198934555,0
molecola_31393,13,0,13,0.006005252245813608,0
molecola_31393,14,0,14,0.004964126739650965,0
molecola_31393,15,0,15,0.008387100882828236,0
molecola_31393,16,0,16,0.012494193390011787,0
molecola_31393,17,1,17,0.9901628494262695,1
molecola_31393,18,0,18,0.013485291041433811,0
molecola_31393,19,0,19,0.012204401195049286,0
molecola_31393,20,1,20,0.9901646971702576,1
molecola_31689,1,0,1,0.005386853590607643,0
molecola_31689,2,0,2,0.006046495866030455,0
molecola_31689,3,0,3,0.005386853590607643,0
molecola_31689,4,0,4,0.005492638796567917,0
molecola_31689,5,0,5,0.005353542044758797,0
molecola_31689,6,0,6,0.004912440199404955,0
molecola_31689,7,0,7,0.004970108158886433,0
molecola_31689,8,0,8,0.004912440199404955,0
molecola_31689,9,0,9,0.005353542044758797,0
molecola_31689,10,0,10,0.004996160045266151,0
molecola_31689,11,0,11,0.00490367878228426,0
molecola_31689,12,0,12,0.004964790772646666,0
molecola_31689,13,0,13,0.004929992835968733,0
molecola_31689,14,0,14,0.0083651477470994,0
molecola_31689,15,0,15,0.012450193054974079,0
molecola_31689,16,1,16,0.9901628494262695,1
molecola_31689,17,0,17,0.0077520920895040035,0
molecola_31689,18,0,18,0.0050473459996283054,0
molecola_31689,19,0,19,0.005039198789745569,0
molecola_31689,20,0,20,0.006933852564543486,0
molecola_31689,21,0,21,0.006123692262917757,0
molecola_31782,1,0,1,0.005211085546761751,0
molecola_31782,2,0,2,0.006005232222378254,0
molecola_31782,3,0,3,0.013809813186526299,0
molecola_31782,4,1,4,0.9754431247711182,1
molecola_31782,5,0,5,0.004978144075721502,0
molecola_31782,6,0,6,0.004883245564997196,0
molecola_31782,7,0,7,0.005019542295485735,0
molecola_31782,8,0,8,0.005040454678237438,0
molecola_31782,9,0,9,0.004880875814706087,0
molecola_31782,10,0,10,0.004896828904747963,0
molecola_31782,11,0,11,0.004929663147777319,0
molecola_31782,12,0,12,0.004913719836622477,0
molecola_31782,13,0,13,0.004897484555840492,0
molecola_31782,14,0,14,0.0048905061557888985,0
molecola_31782,15,0,15,0.004964105319231749,0
molecola_31782,16,0,16,0.004883899353444576,0
molecola_31782,17,0,17,0.005750317592173815,0
molecola_31782,18,0,18,0.005296599119901657,0
molecola_31782,19,0,19,0.005108465440571308,0
molecola_31782,20,0,20,0.005026164464652538,0
molecola_31782,21,0,21,0.004952401388436556,0
molecola_31782,22,0,22,0.005109640769660473,0
molecola_32091,1,0,1,0.005748077295720577,0
molecola_32091,2,0,2,0.005373760592192411,0
molecola_32091,3,0,3,0.0057641612365841866,0
molecola_32091,4,0,4,0.005341069307178259,0
molecola_32091,5,0,5,0.005376473069190979,0
molecola_32091,6,0,6,0.0057919868268072605,0
molecola_32091,7,0,7,0.005363715346902609,0
molecola_32091,8,0,8,0.005115970969200134,0
molecola_32091,9,0,9,0.005122744478285313,0
molecola_32091,10,0,10,0.004976450931280851,0
molecola_32091,11,0,11,0.0050260284915566444,0
molecola_32091,12,0,12,0.004963667131960392,0
molecola_32091,13,0,13,0.008399340324103832,0
molecola_32091,14,0,14,0.012404031120240688,0
molecola_32091,15,1,15,0.990164577960968,1
molecola_32091,16,0,16,0.006897306069731712,0
molecola_32091,17,0,17,0.0050980886444449425,0
molecola_3215,1,0,1,0.00544481398537755,0
molecola_3215,2,0,2,0.005553357768803835,0
molecola_3215,3,0,3,0.0056536938063800335,0
molecola_3215,4,0,4,0.005103712435811758,0
molecola_3215,5,0,5,0.004942584317177534,0
molecola_3215,6,0,6,0.004942204803228378,0
molecola_3215,7,0,7,0.005008879583328962,0
molecola_3215,8,0,8,0.005111160688102245,0
molecola_3215,9,0,9,0.005400116555392742,0
molecola_3215,10,0,10,0.004983317106962204,0
molecola_3215,11,0,11,0.005022841971367598,0
molecola_3215,12,0,12,0.005297784693539143,0
molecola_3215,13,0,13,0.0070375059731304646,0
molecola_3215,14,0,14,0.012976724654436111,0
molecola_3215,15,1,15,0.9535316824913025,1
molecola_3215,16,0,16,0.006857416592538357,0
molecola_3215,17,0,17,0.005943742115050554,0
molecola_3215,18,0,18,0.005760227795690298,0
molecola_3215,19,0,19,0.005103872157633305,0
molecola_3215,20,0,20,0.00490992795675993,0
molecola_3215,21,0,21,0.004970008973032236,0
molecola_3215,22,0,22,0.00490992795675993,0
molecola_3215,23,0,23,0.005103872157633305,0
molecola_3215,24,0,24,0.0049690729938447475,0
molecola_3215,25,0,25,0.004954998381435871,0
molecola_3215,26,0,26,0.005018589552491903,0
molecola_3215,27,0,27,0.004976403433829546,0
molecola_3215,28,0,28,0.0067627523094415665,0
molecola_3215,29,0,29,0.00601472333073616,0
molecola_3215,30,0,30,0.004986950196325779,0
molecola_3215,31,0,31,0.004910971969366074,0
molecola_3215,32,0,32,0.004922728054225445,0
molecola_3215,33,0,33,0.005010904744267464,0
molecola_3215,34,0,34,0.005022841971367598,0
molecola_3215,35,0,35,0.004983317106962204,0
molecola_32565,1,0,1,0.013771051540970802,0
molecola_32565,2,0,2,0.01390836201608181,0
molecola_32565,3,1,3,0.9754265546798706,1
molecola_33149,1,0,1,0.005441581830382347,0
molecola_33149,2,0,2,0.006395888980478048,0
molecola_33149,3,0,3,0.0055793775245547295,0
molecola_33149,4,0,4,0.005403928924351931,0
molecola_33149,5,0,5,0.00849184487015009,0
molecola_33149,6,0,6,0.012498447671532631,0
molecola_33149,7,1,7,0.9901628494262695,1
molecola_33149,8,0,8,0.00849184487015009,0
molecola_33149,9,0,9,0.005403928924351931,0
molecola_33149,10,0,10,0.0055549112148582935,0
molecola_33149,11,0,11,0.005219662562012672,0
molecola_33149,12,0,12,0.0049990578554570675,0
molecola_33149,13,0,13,0.005011793691664934,0
molecola_33149,14,0,14,0.004934036638587713,0
molecola_33149,15,0,15,0.0050003742799162865,0
molecola_33149,16,0,16,0.004907314665615559,0
molecola_33149,17,0,17,0.004940038081258535,0
molecola_33149,18,0,18,0.004940368700772524,0
molecola_33149,19,0,19,0.00491422601044178,0
molecola_33149,20,0,20,0.0052307965233922005,0
molecola_33263,1,1,1,0.9901628494262695,1
molecola_33263,2,0,2,0.0125233493745327,0
molecola_33263,3,0,3,0.00835992768406868,0
molecola_33263,4,0,4,0.004930067807435989,0
molecola_33263,5,0,5,0.004989288281649351,0
molecola_33263,6,0,6,0.004950780421495438,0
molecola_33263,7,0,7,0.00864081084728241,0
molecola_33263,8,0,8,0.0049669137224555016,0
molecola_33263,9,0,9,0.004934924189001322,0
molecola_33263,10,0,10,0.005041712429374456,0
molecola_33263,11,0,11,0.006980440579354763,0
molecola_33263,12,0,12,0.006262678653001785,0
molecola_33263,13,0,13,0.005007318686693907,0
molecola_33263,14,0,14,0.0049040187150239944,0
molecola_33263,15,0,15,0.004963695537298918,0
molecola_33263,16,0,16,0.00491171982139349,0
molecola_33263,17,0,17,0.004940368700772524,0
molecola_33263,18,0,18,0.004940828308463097,0
molecola_33263,19,0,19,0.0049201566725969315,0
molecola_33263,20,0,20,0.004948972258716822,0
molecola_33263,21,0,21,0.004922071471810341,0
molecola_33263,22,0,22,0.005010904744267464,0
molecola_33263,23,0,23,0.005005510523915291,0
molecola_33263,24,0,24,0.0049090008251369,0
molecola_33263,25,0,25,0.0049400473944842815,0
molecola_33263,26,0,26,0.004937031771987677,0
molecola_33263,27,0,27,0.0049400473944842815,0
molecola_33263,28,0,28,0.0049090008251369,0
molecola_33313,1,0,1,0.004999828524887562,0
molecola_33313,2,0,2,0.007215961813926697,0
molecola_33313,3,0,3,0.00776696065440774,0
molecola_33313,4,0,4,0.0049955276772379875,0
molecola_33313,5,0,5,0.011927626095712185,0
molecola_33313,6,0,6,0.9555364847183228,1
molecola_33313,7,0,7,0.007627999875694513,0
molecola_33313,8,0,8,0.007198103703558445,0
molecola_33313,9,0,9,0.004999809432774782,0
molecola_33313,10,0,10,0.01252654567360878,0
molecola_33313,11,1,11,0.947420597076416,1
molecola_33313,12,0,12,0.004919759929180145,0
molecola_33313,13,0,13,0.004920322448015213,0
molecola_33313,14,0,14,0.00497328070923686,0
molecola_33313,15,0,15,0.004967198707163334,0
molecola_33313,16,0,16,0.005005983170121908,0
molecola_33313,17,0,17,0.005299692507833242,0
molecola_33313,18,0,18,0.007035350427031517,0
molecola_33313,19,0,19,0.006815451197326183,0
molecola_33313,20,0,20,0.006815451197326183,0
molecola_33313,21,0,21,0.004963961895555258,0
molecola_33313,22,0,22,0.004925996530801058,0
molecola_33313,23,0,23,0.004940783604979515,0
molecola_33313,24,0,24,0.004937031771987677,0
molecola_33313,25,0,25,0.004940783604979515,0
molecola_33313,26,0,26,0.004925996530801058,0
molecola_33345,1,0,1,0.005093384068459272,0
molecola_33345,2,0,2,0.005597962066531181,0
molecola_33345,3,0,3,0.00530362268909812,0
molecola_33345,4,0,4,0.004973809700459242,0
molecola_33345,5,0,5,0.004958933684974909,0
molecola_33345,6,0,6,0.005018734838813543,0
molecola_33345,7,0,7,0.004976441152393818,0
molecola_33345,8,0,8,0.006762130651623011,0
molecola_33345,9,0,9,0.006014703772962093,0
molecola_33345,10,0,10,0.004989525303244591,0
molecola_33345,11,0,11,0.004930160939693451,0
molecola_33345,12,0,12,0.004911067429929972,0
molecola_33345,13,0,13,0.004907950293272734,0
molecola_33345,14,0,14,0.0050588627345860004,0
molecola_33345,15,0,15,0.005002367775887251,0
molecola_33345,16,0,16,0.005048771388828754,0
molecola_33345,17,0,17,0.004907829221338034,0
molecola_33345,18,0,18,0.004968014545738697,0
molecola_33345,19,0,19,0.008368514478206635,0
molecola_33345,20,0,20,0.012524399906396866,0
molecola_33345,21,1,21,0.9901637434959412,1
molecola_33345,22,0,22,0.008523202501237392,0
molecola_33345,23,0,23,0.004956325050443411,0
molecola_3379,1,0,1,0.0050544822588562965,0
molecola_3379,2,0,2,0.005219749640673399,0
molecola_3379,3,0,3,0.004976292606443167,0
molecola_3379,4,0,4,0.004957943223416805,0
molecola_3379,5,0,5,0.0049482486210763454,0
molecola_3379,6,0,6,0.008386784233152866,0
molecola_3379,7,0,7,0.012498447671532631,0
molecola_3379,8,1,8,0.9901628494262695,1
molecola_3379,9,0,9,0.008386784233152866,0
molecola_3379,10,0,10,0.0049482486210763454,0
molecola_3379,11,0,11,0.0050608073361217976,0
molecola_3379,12,0,12,0.005207176320254803,0
molecola_3379,13,0,13,0.0051070163026452065,0
molecola_3379,14,0,14,0.005420721136033535,0
molecola_3379,15,0,15,0.005356310401111841,0
molecola_3379,16,0,16,0.005213852506130934,0
molecola_3379,17,0,17,0.005365379620343447,0
molecola_3379,18,0,18,0.007055144757032394,0
molecola_3379,19,0,19,0.006815670523792505,0
molecola_3379,20,0,20,0.006815670523792505,0
molecola_3379,21,0,21,0.005743103101849556,0
molecola_3379,22,0,22,0.005444604437798262,0
molecola_33896,1,1,1,0.9901628494262695,1
molecola_33896,2,0,2,0.012498447671532631,0
molecola_33896,3,0,3,0.008416295982897282,0
molecola_33896,4,0,4,0.005139530636370182,0
molecola_33896,5,0,5,0.005759752355515957,0
molecola_33896,6,0,6,0.005825626663863659,0
molecola_33896,7,0,7,0.005342475604265928,0
molecola_33896,8,0,8,0.005072219762951136,0
molecola_33896,9,0,9,0.0049225687980651855,0
molecola_33896,10,0,10,0.004922094754874706,0
molecola_33896,11,0,11,0.004982099402695894,0
molecola_33896,12,0,12,0.004932096228003502,0
molecola_33896,13,0,13,0.00538961635902524,0
molecola_33896,14,0,14,0.006251446902751923,0
molecola_33896,15,0,15,0.016617830842733383,0
molecola_33896,16,0,16,0.011435015127062798,0
molecola_33896,17,0,17,0.006019087042659521,0
molecola_33896,18,0,18,0.005213869735598564,0
molecola_33896,19,0,19,0.00545490114018321,0
molecola_33896,20,0,20,0.005213869735598564,0
molecola_33896,21,0,21,0.006019087042659521,0
molecola_33896,22,0,22,0.004922094754874706,0
molecola_33896,23,0,23,0.0049225687980651855,0
molecola_33896,24,0,24,0.005139530636370182,0
molecola_33896,25,0,25,0.008416295982897282,0
molecola_35504,1,0,1,0.00503182178363204,0
molecola_35504,2,0,2,0.004941714461892843,0
molecola_35504,3,0,3,0.00492757698521018,0
molecola_35504,4,0,4,0.006356543395668268,0
molecola_35504,5,0,5,0.011702458374202251,0
molecola_35504,6,1,6,0.955915629863739,1
molecola_35504,7,0,7,0.006136233452707529,0
molecola_35504,8,0,8,0.004915646277368069,0
molecola_35504,9,0,9,0.004902285523712635,0
molecola_35504,10,0,10,0.004882108420133591,0
molecola_35504,11,0,11,0.004901036154478788,0
molecola_35504,12,0,12,0.004925176035612822,0
molecola_35504,13,0,13,0.004919748287647963,0
molecola_35504,14,0,14,0.004898588173091412,0
molecola_35504,15,0,15,0.004923914559185505,0
molecola_35504,16,0,16,0.00496218167245388,0
molecola_35504,17,0,17,0.0050485748797655106,0
molecola_35504,18,0,18,0.004921018145978451,0
molecola_35504,19,0,19,0.004936003591865301,0
molecola_35504,20,0,20,0.00489488011226058,0
molecola_35504,21,0,21,0.004919556900858879,0
molecola_35504,22,0,22,0.005006964784115553,0
molecola_35504,23,0,23,0.004908877424895763,0
molecola_35504,24,0,24,0.004909893032163382,0
molecola_35504,25,0,25,0.00575537933036685,0
molecola_35504,26,0,26,0.005296671763062477,0
molecola_35504,27,0,27,0.005145099945366383,0
molecola_36057,1,0,1,0.005006261169910431,0
molecola_36057,2,0,2,0.004958695732057095,0
molecola_36057,3,0,3,0.004915970377624035,0
molecola_36057,4,0,4,0.0049707917496562,0
molecola_36057,5,0,5,0.005018784664571285,0
molecola_36057,6,0,6,0.004996449686586857,0
molecola_36057,7,0,7,0.0059043229557573795,0
molecola_36057,8,0,8,0.00611150125041604,0
molecola_36057,9,0,9,0.005898481700569391,0
molecola_36057,10,0,10,0.0051255011931061745,0
molecola_36057,11,0,11,0.00502898171544075,0
molecola_36057,12,0,12,0.0049772439524531364,0
molecola_36057,13,0,13,0.005079797934740782,0
molecola_36057,14,0,14,0.007525766268372536,0
molecola_36057,15,0,15,0.012326947413384914,0
molecola_36057,16,1,16,0.990164577960968,1
molecola_36057,17,0,17,0.006829169113188982,0
molecola_36057,18,0,18,0.005097675137221813,0
molecola_36057,19,0,19,0.005103013012558222,0
molecola_36057,20,0,20,0.0051071858033537865,0
molecola_36057,21,0,21,0.004909086972475052,0
molecola_36057,22,0,22,0.004984243772923946,0
molecola_36057,23,0,23,0.004937999416142702,0
molecola_36065,1,0,1,0.004953950177878141,0
molecola_36065,2,0,2,0.005030977074056864,0
molecola_36065,3,0,3,0.005064979661256075,0
molecola_36065,4,0,4,0.004941533785313368,0
molecola_36065,5,0,5,0.005021993536502123,0
molecola_36065,6,0,6,0.0051599727012217045,0
molecola_36065,7,0,7,0.005667435470968485,0
molecola_36065,8,0,8,0.005302631761878729,0
molecola_36065,9,0,9,0.005349108017981052,0
molecola_36065,10,0,10,0.013176282867789268,0
molecola_36065,11,1,11,0.9749489426612854,1
molecola_36065,12,0,12,0.004953331779688597,0
molecola_36065,13,0,13,0.004902411252260208,0
molecola_36065,14,0,14,0.0048884134739637375,0
molecola_36065,15,0,15,0.005067484453320503,0
molecola_36065,16,0,16,0.005415705032646656,0
molecola_36065,17,0,17,0.005697594489902258,0
molecola_36065,18,0,18,0.007600839715451002,0
molecola_36065,19,0,19,0.005595311056822538,0
molecola_36065,20,0,20,0.00781561154872179,0
molecola_36065,21,0,21,0.007497845683246851,0
molecola_36065,22,0,22,0.7370110154151917,1
molecola_36065,23,0,23,0.007697966415435076,0
molecola_36065,24,0,24,0.42631804943084717,0
molecola_36065,25,0,25,0.009723860770463943,0
molecola_36065,26,0,26,0.4311211407184601,0
molecola_36065,27,0,27,0.0075189280323684216,0
molecola_36065,28,0,28,0.41297587752342224,0
molecola_36065,29,0,29,0.005746703594923019,0
molecola_36065,30,0,30,0.00553918769583106,0
molecola_36065,31,0,31,0.004968325607478619,0
molecola_36352,1,0,1,0.005375111475586891,0
molecola_36352,2,0,2,0.0055799963884055614,0
molecola_36352,3,0,3,0.005247907247394323,0
molecola_36352,4,0,4,0.005271640606224537,0
molecola_36352,5,0,5,0.00518879434093833,0
molecola_36352,6,0,6,0.005775338038802147,0
molecola_36352,7,0,7,0.005363311152905226,0
molecola_36352,8,0,8,0.0051366956904530525,0
molecola_36352,9,0,9,0.005196686834096909,0
molecola_36352,10,0,10,0.005140905734151602,0
molecola_36352,11,0,11,0.004931176546961069,0
molecola_36352,12,0,12,0.005017761141061783,0
molecola_36352,13,0,13,0.004940511658787727,0
molecola_36352,14,0,14,0.004986329935491085,0
molecola_36352,15,0,15,0.004967778921127319,0
molecola_36352,16,0,16,0.004930296912789345,0
molecola_36352,17,0,17,0.0083652064204216,0
molecola_36352,18,0,18,0.012498447671532631,0
molecola_36352,19,1,19,0.9901628494262695,1
molecola_36352,20,0,20,0.0083652064204216,0
molecola_36352,21,0,21,0.004930296912789345,0
molecola_36853,1,1,1,0.9901628494262695,1
molecola_36853,2,0,2,0.012498447671532631,0
molecola_36853,3,0,3,0.008378714323043823,0
molecola_36853,4,0,4,0.00494854710996151,0
molecola_36853,5,0,5,0.005296935327351093,0
molecola_36853,6,0,6,0.005707846954464912,0
molecola_36853,7,0,7,0.007159100379794836,0
molecola_36853,8,0,8,0.0065470170229673386,0
molecola_36853,9,0,9,0.005824781954288483,0
molecola_36853,10,0,10,0.005354294087737799,0
molecola_36853,11,0,11,0.00507211172953248,0
molecola_36853,12,0,12,0.005052628926932812,0
molecola_36853,13,0,13,0.0049495636485517025,0
molecola_36853,14,0,14,0.004923237022012472,0
molecola_36853,15,0,15,0.004946699365973473,0
molecola_36853,16,0,16,0.004986263811588287,0
molecola_36853,17,0,17,0.005520218517631292,0
molecola_36853,18,0,18,0.0049695516936481,0
molecola_36853,19,0,19,0.0297244805842638,0
molecola_36853,20,0,20,0.011463738046586514,0
molecola_36853,21,0,21,0.011463738046586514,0
molecola_36853,22,0,22,0.006313817109912634,0
molecola_36853,23,0,23,0.00529089942574501,0
molecola_36853,24,0,24,0.00500482926145196,0
molecola_36853,25,0,25,0.004941923078149557,0
molecola_36853,26,0,26,0.004937031771987677,0
molecola_36853,27,0,27,0.004941923078149557,0
molecola_36853,28,0,28,0.00500482926145196,0
molecola_36853,29,0,29,0.00494854710996151,0
molecola_36853,30,0,30,0.008378714323043823,0
molecola_38190,1,0,1,0.005025091581046581,0
molecola_38190,2,0,2,0.004972216673195362,0
molecola_38190,3,0,3,0.004937141668051481,0
molecola_38190,4,0,4,0.004947544541209936,0
molecola_38190,5,0,5,0.0050054253078997135,0
molecola_38190,6,0,6,0.005104114301502705,0
molecola_38190,7,0,7,0.005316099151968956,0
molecola_38190,8,0,8,0.00508911395445466,0
molecola_38190,9,0,9,0.005005351733416319,0
molecola_38190,10,0,10,0.004942035768181086,0
molecola_38190,11,0,11,0.00494157150387764,0
molecola_38190,12,0,12,0.004940987564623356,0
molecola_38190,13,0,13,0.005383186042308807,0
molecola_38190,14,0,14,0.006982110440731049,0
molecola_38190,15,0,15,0.006801740266382694,0
molecola_38190,16,0,16,0.006801740266382694,0
molecola_38190,17,0,17,0.007363109849393368,0
molecola_38190,18,0,18,0.013704248704016209,0
molecola_38190,19,1,19,0.9754451513290405,1
molecola_39704,1,1,1,0.9901628494262695,1
molecola_39704,2,0,2,0.01243608258664608,0
molecola_39704,3,0,3,0.008011209778487682,0
molecola_39704,4,0,4,0.005003345664590597,0
molecola_39704,5,0,5,0.005038395524024963,0
molecola_39704,6,0,6,0.005021978635340929,0
molecola_39704,7,0,7,0.005004513543099165,0
molecola_39704,8,0,8,0.004999385215342045,0
molecola_39704,9,0,9,0.004911407362669706,0
molecola_39704,10,0,10,0.00498826103284955,0
molecola_39704,11,0,11,0.007853811606764793,0
molecola_39704,12,0,12,0.0049291811883449554,0
molecola_39704,13,0,13,0.004880400840193033,0
molecola_39704,14,0,14,0.004979544784873724,0
molecola_39704,15,0,15,0.004992002155631781,0
molecola_39704,16,0,16,0.004979544784873724,0
molecola_39704,17,0,17,0.004880400840193033,0
molecola_40169,1,0,1,0.00639767711982131,0
molecola_40169,2,0,2,0.006725349463522434,0
molecola_40169,3,0,3,0.00680840527638793,0
molecola_40169,4,0,4,0.00538175692781806,0
molecola_40169,5,0,5,0.00497236754745245,0
molecola_40169,6,0,6,0.004925830755382776,0
molecola_40169,7,0,7,0.005001935642212629,0
molecola_40169,8,0,8,0.004933568648993969,0
molecola_40169,9,0,9,0.0049409945495426655,0
molecola_40169,10,0,10,0.004911326337605715,0
molecola_40169,11,0,11,0.005005769897252321,0
molecola_40169,12,0,12,0.00509317172691226,0
molecola_40169,13,0,13,0.0052236528135836124,0
molecola_40169,14,0,14,0.004960938356816769,0
molecola_40169,15,0,15,0.004946981091052294,0
molecola_40169,16,0,16,0.004880600143224001,0
molecola_40169,17,0,17,0.00494273891672492,0
molecola_40169,18,0,18,0.004880600143224001,0
molecola_40169,19,0,19,0.004946981091052294,0
molecola_40169,20,0,20,0.0054287659004330635,0
molecola_40169,21,0,21,0.012571843340992928,0
molecola_40169,22,1,22,0.9806186556816101,1
molecola_40169,23,0,23,0.0053850580006837845,0
molecola_40169,24,0,24,0.0054287659004330635,0
molecola_40977,1,0,1,0.006801862735301256,0
molecola_40977,2,0,2,0.006984061095863581,0
molecola_40977,3,0,3,0.006801862735301256,0
molecola_40977,4,0,4,0.005439192056655884,0
molecola_40977,5,0,5,0.00491560623049736,0
molecola_40977,6,0,6,0.00499114440754056,0
molecola_40977,7,0,7,0.004927151370793581,0
molecola_40977,8,0,8,0.005023094359785318,0
molecola_40977,9,0,9,0.00495166378095746,0
molecola_40977,10,0,10,0.004964512772858143,0
molecola_40977,11,0,11,0.004930109716951847,0
molecola_40977,12,0,12,0.008366432972252369,0
molecola_40977,13,0,13,0.012447577901184559,0
molecola_40977,14,1,14,0.9901646971702576,1
molecola_40977,15,0,15,0.00735959829762578,0
molecola_40977,16,0,16,0.005023170728236437,0
molecola_40977,17,0,17,0.004931972362101078,0
molecola_41029,1,0,1,0.005444831680506468,0
molecola_41029,2,0,2,0.005574184004217386,0
molecola_41029,3,0,3,0.006066020578145981,0
molecola_41029,4,0,4,0.012404628098011017,0
molecola_41029,5,1,5,0.9901531338691711,1
molecola_41029,6,0,6,0.008386977948248386,0
molecola_41029,7,0,7,0.004953435622155666,0
molecola_41029,8,0,8,0.00499004079028964,0
molecola_41029,9,0,9,0.005082276184111834,0
molecola_41029,10,0,10,0.005132194608449936,0
molecola_41029,11,0,11,0.005739915184676647,0
molecola_41029,12,0,12,0.005283518694341183,0
molecola_41029,13,0,13,0.004990244749933481,0
molecola_41029,14,0,14,0.005027152132242918,0
molecola_41029,15,0,15,0.005223719868808985,0
molecola_41029,16,0,16,0.005218781530857086,0
molecola_41029,17,0,17,0.00503859156742692,0
molecola_41029,18,0,18,0.004954244010150433,0
molecola_41029,19,0,19,0.0049758111126720905,0
molecola_41029,20,0,20,0.00495888153091073,0
molecola_41029,21,0,21,0.005160793196409941,0
molecola_41029,22,0,22,0.005297578871250153,0
molecola_41029,23,0,23,0.0050452775321900845,0
molecola_41029,24,0,24,0.005297578871250153,0
molecola_41029,25,0,25,0.005160856992006302,0
molecola_41029,26,0,26,0.004963669925928116,0
molecola_41029,27,0,27,0.005111369304358959,0
molecola_43702,1,0,1,0.9384428262710571,1
molecola_43702,2,0,2,0.011958838440477848,0
molecola_43702,3,0,3,0.006109144072979689,0
molecola_43702,4,0,4,0.004908341448754072,0
molecola_43702,5,0,5,0.004937964491546154,0
molecola_43702,6,0,6,0.00611092196777463,0
molecola_43702,7,0,7,0.00490296445786953,0
molecola_43702,8,0,8,0.00487164594233036,0
molecola_43702,9,0,9,0.004912514705210924,0
molecola_43702,10,0,10,0.004911528434604406,0
molecola_43702,11,0,11,0.004938824102282524,0
molecola_43702,12,0,12,0.0049407086335122585,0
molecola_43702,13,0,13,0.004965865518897772,0
molecola_43702,14,0,14,0.004966242238879204,0
molecola_43702,15,0,15,0.004966213833540678,0
molecola_43702,16,0,16,0.004966213833540678,0
molecola_43702,17,0,17,0.004966213833540678,0
molecola_43702,18,0,18,0.00496820779517293,0
molecola_43702,19,0,19,0.005082801915705204,0
molecola_43702,20,0,20,0.00525133591145277,0
molecola_43702,21,0,21,0.010379028506577015,0
molecola_43702,22,0,22,0.007502918131649494,0
molecola_43702,23,0,23,0.005252197850495577,0
molecola_43702,24,0,24,0.0051224869675934315,0
molecola_43702,25,0,25,0.005066640209406614,0
molecola_43702,26,0,26,0.0053734807297587395,0
molecola_43702,27,0,27,0.005214317236095667,0
molecola_43702,28,0,28,0.005214317236095667,0
molecola_43702,29,0,29,0.005453333258628845,0
molecola_43702,30,0,30,0.005391539074480534,0
molecola_43702,31,0,31,0.005391539074480534,0
molecola_43702,32,0,32,0.005391539074480534,0
molecola_43702,33,0,33,0.004893925506621599,0
molecola_43702,34,0,34,0.004994361195713282,0
molecola_43702,35,0,35,0.007953811436891556,0
molecola_43702,36,0,36,0.013590546324849129,0
molecola_43702,37,0,37,0.9899901151657104,1
molecola_43702,38,0,38,0.013595188036561012,0
molecola_43702,39,1,39,0.9899901151657104,1
molecola_43702,40,0,40,0.007978844456374645,0
molecola_43702,41,0,41,0.00497154938057065,0
molecola_44036,1,0,1,0.00544481398537755,0
molecola_44036,2,0,2,0.005572653375566006,0
molecola_44036,3,0,3,0.006087897811084986,0
molecola_44036,4,0,4,0.005062286742031574,0
molecola_44036,5,0,5,0.004965054802596569,0
molecola_44036,6,0,6,0.004921856801956892,0
molecola_44036,7,0,7,0.004971431102603674,0
molecola_44036,8,0,8,0.0049417586997151375,0
molecola_44036,9,0,9,0.004986542742699385,0
molecola_44036,10,0,10,0.004908532835543156,0
molecola_44036,11,0,11,0.0049730450846254826,0
molecola_44036,12,0,12,0.005040944553911686,0
molecola_44036,13,0,13,0.005604976788163185,0
molecola_44036,14,0,14,0.005553597118705511,0
molecola_44036,15,0,15,0.00544481398537755,0
molecola_44036,16,0,16,0.005605186801403761,0
molecola_44036,17,0,17,0.005553597118705511,0
molecola_44036,18,0,18,0.00544481398537755,0
molecola_44036,19,0,19,0.005050093401223421,0
molecola_44036,20,0,20,0.004966567270457745,0
molecola_44036,21,0,21,0.004944683983922005,0
molecola_44036,22,0,22,0.008378579281270504,0
molecola_44036,23,0,23,0.012402946129441261,0
molecola_44036,24,1,24,0.9901530146598816,1
molecola_44238,1,1,1,0.9478352069854736,1
molecola_44238,2,0,2,0.012288140133023262,0
molecola_44238,3,0,3,0.0061522978357970715,0
molecola_44238,4,0,4,0.004972915165126324,0
molecola_44238,5,0,5,0.004921910353004932,0
molecola_44238,6,0,6,0.004908309318125248,0
molecola_44238,7,0,7,0.004974904470145702,0
molecola_44238,8,0,8,0.00490783853456378,0
molecola_44238,9,0,9,0.00490783853456378,0
molecola_44238,10,0,10,0.004974823910742998,0
molecola_44238,11,0,11,0.004907917696982622,0
molecola_44238,12,0,12,0.004944587592035532,0
molecola_44238,13,0,13,0.0049079363234341145,0
molecola_44238,14,0,14,0.004976821597665548,0
molecola_44238,15,0,15,0.0049261488020420074,0
molecola_44238,16,0,16,0.007062477525323629,0
molecola_44238,17,0,17,0.004978569224476814,0
molecola_44238,18,0,18,0.004953931551426649,0
molecola_44238,19,0,19,0.004950268659740686,0
molecola_44251,1,0,1,0.9106490015983582,1
molecola_44251,2,0,2,0.00924169272184372,0
molecola_44251,3,0,3,0.00799077283591032,0
molecola_44251,4,0,4,0.004987827967852354,0
molecola_44251,5,0,5,0.006571595091372728,0
molecola_44251,6,0,6,0.00688244728371501,0
molecola_44251,7,0,7,0.010731820948421955,0
molecola_44251,8,0,8,0.013787958770990372,0
molecola_44251,9,1,9,0.9754451513290405,1
molecola_44251,10,0,10,0.009857113473117352,0
molecola_44251,11,0,11,0.0068086888641119,0
molecola_44251,12,0,12,0.0067964340560138226,0
molecola_44343,1,0,1,0.00544481398537755,0
molecola_44343,2,0,2,0.005553597118705511,0
molecola_44343,3,0,3,0.00560608459636569,0
molecola_44343,4,0,4,0.005140342283993959,0
molecola_44343,5,0,5,0.005675295367836952,0
molecola_44343,6,0,6,0.005553286522626877,0
molecola_44343,7,0,7,0.00544481398537755,0
molecola_44343,8,0,8,0.0050942422822117805,0
molecola_44343,9,0,9,0.005033602938055992,0
molecola_44343,10,0,10,0.007764363195747137,0
molecola_44343,11,0,11,0.01376715861260891,0
molecola_44343,12,1,12,0.975459098815918,1
molecola_44343,13,0,13,0.005076011177152395,0
molecola_44343,14,0,14,0.005605521146208048,0
molecola_44343,15,0,15,0.005553597118705511,0
molecola_44343,16,0,16,0.00544481398537755,0
molecola_4525,1,0,1,0.006801782175898552,0
molecola_4525,2,0,2,0.0069798920303583145,0
molecola_4525,3,0,3,0.006801782175898552,0
molecola_4525,4,0,4,0.00538953160867095,0
molecola_4525,5,0,5,0.004936982411891222,0
molecola_4525,6,0,6,0.004909841809421778,0
molecola_4525,7,0,7,0.005006677005439997,0
molecola_4525,8,0,8,0.004909841809421778,0
molecola_4525,9,0,9,0.004936982411891222,0
molecola_4525,10,0,10,0.005023878067731857,0
molecola_4525,11,0,11,0.0049603828229010105,0
molecola_4525,12,0,12,0.005052770487964153,0
molecola_4525,13,0,13,0.004923325963318348,0
molecola_4525,14,0,14,0.005032824352383614,0
molecola_4525,15,0,15,0.008340285159647465,0
molecola_4525,16,0,16,0.00493423780426383,0
molecola_4525,17,0,17,0.004940368700772524,0
molecola_4525,18,0,18,0.004964051302522421,0
molecola_4525,19,0,19,0.008365253917872906,0
molecola_4525,20,0,20,0.012506972998380661,0
molecola_4525,21,0,21,0.9901646971702576,1
molecola_4525,22,0,22,0.00826745294034481,0
molecola_4525,23,0,23,0.004933961667120457,0
molecola_4525,24,0,24,0.004968533292412758,0
molecola_4525,25,0,25,0.008350000716745853,0
molecola_4525,26,0,26,0.013628877699375153,0
molecola_4525,27,1,27,0.9899901151657104,1
molecola_4525,28,0,28,0.01361178606748581,0
molecola_4525,29,0,29,0.9899930357933044,1
molecola_45613,1,1,1,0.6005237102508545,1
molecola_45613,2,0,2,0.009726091288030148,0
molecola_45613,3,0,3,0.006009133066982031,0
molecola_45613,4,0,4,0.00491727702319622,0
molecola_45613,5,0,5,0.00491727702319622,0
molecola_45613,6,0,6,0.006009133066982031,0
molecola_45613,7,0,7,0.009726087562739849,0
molecola_45613,8,0,8,0.6005237698554993,1
molecola_47685,1,0,1,0.005076839588582516,0
molecola_47685,2,0,2,0.00669125048443675,0
molecola_47685,3,0,3,0.004929821938276291,0
molecola_47685,4,0,4,0.004968089982867241,0
molecola_47685,5,0,5,0.004929821938276291,0
molecola_47685,6,0,6,0.00669125048443675,0
molecola_47685,7,0,7,0.005076839588582516,0
molecola_47685,8,0,8,0.009158092550933361,0
molecola_47685,9,0,9,0.9112554788589478,1
molecola_47685,10,0,10,0.004968089982867241,0
molecola_47685,11,0,11,0.004914631601423025,0
molecola_47685,12,0,12,0.00499644735828042,0
molecola_47685,13,0,13,0.005026026163250208,0
molecola_47685,14,0,14,0.008311339654028416,0
molecola_47685,15,0,15,0.017425404861569405,0
molecola_47685,16,1,16,0.9869354367256165,1
molecola_47685,17,0,17,0.00499644735828042,0
molecola_47685,18,0,18,0.005026026163250208,0
molecola_47685,19,0,19,0.004914631601423025,0
molecola_48179,1,0,1,0.006166331935673952,0
molecola_48179,2,0,2,0.006628086324781179,0
molecola_48179,3,0,3,0.006477345246821642,0
molecola_48179,4,0,4,0.006212560459971428,0
molecola_48179,5,0,5,0.007207419723272324,0
molecola_48179,6,0,6,0.012967084534466267,0
molecola_48179,7,1,7,0.953619658946991,1
molecola_48179,8,0,8,0.006857594940811396,0
molecola_48179,9,0,9,0.005943742115050554,0
molecola_48179,10,0,10,0.005760227795690298,0
molecola_48179,11,0,11,0.005104865413159132,0
molecola_48179,12,0,12,0.004930900409817696,0
molecola_48179,13,0,13,0.004974396899342537,0
molecola_48179,14,0,14,0.004962042905390263,0
molecola_48179,15,0,15,0.004930900409817696,0
molecola_48179,16,0,16,0.005104865413159132,0
molecola_48729,1,0,1,0.005072056315839291,0
molecola_48729,2,0,2,0.0049851685762405396,0
molecola_48729,3,0,3,0.004950080532580614,0
molecola_48729,4,0,4,0.006139508914202452,0
molecola_48729,5,0,5,0.01226869784295559,0
molecola_48729,6,0,6,0.947879433631897,1
molecola_48729,7,0,7,0.006139508914202452,0
molecola_48729,8,0,8,0.004950080532580614,0
molecola_48729,9,0,9,0.005703102797269821,0
molecola_48729,10,0,10,0.0053589786402881145,0
molecola_48729,11,0,11,0.005114042200148106,0
molecola_48729,12,0,12,0.005109742283821106,0
molecola_48729,13,0,13,0.005040776915848255,0
molecola_48729,14,0,14,0.008412233553826809,0
molecola_48729,15,0,15,0.01242587435990572,0
molecola_48729,16,1,16,0.9901646971702576,1
molecola_48729,17,0,17,0.007108214311301708,0
molecola_48729,18,0,18,0.005032005719840527,0
molecola_48729,19,0,19,0.005010087043046951,0
molecola_48729,20,0,20,0.004984423518180847,0
molecola_48746,1,1,1,0.9059798717498779,1
molecola_48746,2,0,2,0.00919683463871479,0
molecola_48746,3,0,3,0.007639545481652021,0
molecola_48746,4,0,4,0.005062558222562075,0
molecola_48746,5,0,5,0.005410165525972843,0
molecola_48746,6,0,6,0.004996698349714279,0
molecola_48746,7,0,7,0.0068428185768425465,0
molecola_48746,8,0,8,0.007506771478801966,0
molecola_48746,9,0,9,0.005362425930798054,0
molecola_48746,10,0,10,0.005094324238598347,0
molecola_48746,11,0,11,0.005030274856835604,0
molecola_48746,12,0,12,0.004959319718182087,0
molecola_48746,13,0,13,0.005057780537754297,0
molecola_48746,14,0,14,0.00493184570223093,0
molecola_48746,15,0,15,0.004995600786060095,0
molecola_48746,16,0,16,0.004973089322447777,0
molecola_48746,17,0,17,0.005316737573593855,0
molecola_48746,18,0,18,0.00511573301628232,0
molecola_48746,19,0,19,0.00511573301628232,0
molecola_48746,20,0,20,0.00511573301628232,0
molecola_48746,21,0,21,0.009864069521427155,0
molecola_48746,22,0,22,0.0068087405525147915,0
molecola_48746,23,0,23,0.006796459201723337,0
molecola_48746,24,0,24,0.005321709904819727,0
molecola_48746,25,0,25,0.005115881096571684,0
molecola_48746,26,0,26,0.005115881096571684,0
molecola_48746,27,0,27,0.005115881096571684,0
molecola_49329,1,0,1,0.00681548984721303,0
molecola_49329,2,0,2,0.006997556425631046,0
molecola_49329,3,0,3,0.00681548984721303,0
molecola_49329,4,0,4,0.005234303418546915,0
molecola_49329,5,0,5,0.005051900167018175,0
molecola_49329,6,0,6,0.004931246861815453,0
molecola_49329,7,0,7,0.0053908610716462135,0
molecola_49329,8,0,8,0.004938852041959763,0
molecola_49329,9,0,9,0.005010543391108513,0
molecola_49329,10,0,10,0.005083879921585321,0
molecola_49329,11,0,11,0.005319650750607252,0
molecola_49329,12,0,12,0.00508066127076745,0
molecola_49329,13,0,13,0.005013741552829742,0
molecola_49329,14,0,14,0.004981903359293938,0
molecola_49329,15,0,15,0.008021879941225052,0
molecola_49329,16,0,16,0.012449630536139011,0
molecola_49329,17,1,17,0.9901628494262695,1
molecola_49329,18,0,18,0.008020009845495224,0
molecola_49329,19,0,19,0.00501467427238822,0
molecola_49329,20,0,20,0.004973037634044886,0
molecola_49329,21,0,21,0.006979898549616337,0
molecola_49329,22,0,22,0.006801782175898552,0
molecola_49329,23,0,23,0.006801782175898552,0
molecola_5076,1,0,1,0.005670257844030857,0
molecola_5076,2,0,2,0.005952758714556694,0
molecola_5076,3,0,3,0.0054894667118787766,0
molecola_5076,4,0,4,0.005234720651060343,0
molecola_5076,5,0,5,0.00498114712536335,0
molecola_5076,6,0,6,0.0049943686462938786,0
molecola_5076,7,0,7,0.0049950676038861275,0
molecola_5076,8,0,8,0.0049943686462938786,0
molecola_5076,9,0,9,0.0073778354562819,0
molecola_5076,10,0,10,0.013723739422857761,0
molecola_5076,11,1,11,0.9754451513290405,1
molecola_5076,12,0,12,0.0049950676038861275,0
molecola_5076,13,0,13,0.0049943686462938786,0
molecola_5076,14,0,14,0.00498114712536335,0
molecola_5076,15,0,15,0.0049943686462938786,0
molecola_51090,1,0,1,0.005184778943657875,0
molecola_51090,2,0,2,0.005964593030512333,0
molecola_51090,3,0,3,0.005463563371449709,0
molecola_51090,4,0,4,0.0054084667935967445,0
molecola_51090,5,0,5,0.005233000032603741,0
molecola_51090,6,0,6,0.004972683731466532,0
molecola_51090,7,0,7,0.004891666118055582,0
molecola_51090,8,0,8,0.0049075596034526825,0
molecola_51090,9,0,9,0.004900124855339527,0
molecola_51090,10,0,10,0.004947887267917395,0
molecola_51090,11,0,11,0.00504247797653079,0
molecola_51090,12,0,12,0.004945342894643545,0
molecola_51090,13,0,13,0.005063561722636223,0
molecola_51090,14,0,14,0.006550106685608625,0
molecola_51090,15,0,15,0.011999325826764107,0
molecola_51090,16,1,16,0.9400449991226196,1
molecola_51090,17,0,17,0.005933613982051611,0
molecola_51090,18,0,18,0.0048956116661429405,0
molecola_51090,19,0,19,0.004923203960061073,0
molecola_51090,20,0,20,0.004932086914777756,0
molecola_51090,21,0,21,0.005067161750048399,0
molecola_51090,22,0,22,0.004909660201519728,0
molecola_51090,23,0,23,0.004892084281891584,0
molecola_51090,24,0,24,0.004923739470541477,0
molecola_51090,25,0,25,0.004976769909262657,0
molecola_51090,26,0,26,0.005048440769314766,0
molecola_51090,27,0,27,0.005678013898432255,0
molecola_51090,28,0,28,0.005452831741422415,0
molecola_51090,29,0,29,0.005138370208442211,0
molecola_5164,1,0,1,0.008818799629807472,0
molecola_5164,2,0,2,0.005752179771661758,0
molecola_5164,3,0,3,0.005467728711664677,0
molecola_5164,4,0,4,0.004995048511773348,0
molecola_5164,5,0,5,0.007950293831527233,0
molecola_5164,6,0,6,0.013590546324849129,0
molecola_5164,7,1,7,0.9899901151657104,1
molecola_5164,8,0,8,0.013590546324849129,0
molecola_5164,9,0,9,0.9899901151657104,1
molecola_5164,10,0,10,0.007950293831527233,0
molecola_5164,11,0,11,0.004995048511773348,0
molecola_5164,12,0,12,0.005467728711664677,0
molecola_519,1,0,1,0.005209807772189379,0
molecola_519,2,0,2,0.004971188027411699,0
molecola_519,3,0,3,0.0049629113636910915,0
molecola_519,4,0,4,0.0049402350559830666,0
molecola_519,5,0,5,0.004985298961400986,0
molecola_519,6,0,6,0.004993167240172625,0
molecola_519,7,0,7,0.004929604474455118,0
molecola_519,8,0,8,0.00511025357991457,0
molecola_519,9,0,9,0.006438523530960083,0
molecola_519,10,0,10,0.2087397426366806,0
molecola_519,11,0,11,0.29491516947746277,0
molecola_519,12,0,12,0.39011695981025696,0
molecola_519,13,0,13,0.39011695981025696,0
molecola_519,14,0,14,0.3915467858314514,0
molecola_519,15,0,15,0.0050308359786868095,0
molecola_519,16,0,16,0.004983690567314625,0
molecola_519,17,0,17,0.0049307881854474545,0
molecola_519,18,0,18,0.00499623641371727,0
molecola_519,19,0,19,0.004949897062033415,0
molecola_519,20,0,20,0.00838379468768835,0
molecola_519,21,0,21,0.012387826107442379,0
molecola_519,22,1,22,0.9901646971702576,1
molecola_519,23,0,23,0.006908698007464409,0
molecola_519,24,0,24,0.005030775908380747,0
molecola_519,25,0,25,0.004945460241287947,0
molecola_5281,1,0,1,0.00544481398537755,0
molecola_5281,2,0,2,0.005572653375566006,0
molecola_5281,3,0,3,0.006086512468755245,0
molecola_5281,4,0,4,0.005053585395216942,0
molecola_5281,5,0,5,0.005197268910706043,0
molecola_5281,6,0,6,0.005328135099261999,0
molecola_5281,7,0,7,0.005195409990847111,0
molecola_5281,8,0,8,0.004972053691744804,0
molecola_5281,9,0,9,0.004929534159600735,0
molecola_5281,10,0,10,0.004975555930286646,0
molecola_5281,11,0,11,0.004962040577083826,0
molecola_5281,12,0,12,0.004925232380628586,0
molecola_5281,13,0,13,0.004956910852342844,0
molecola_5281,14,0,14,0.004879305604845285,0
molecola_5281,15,0,15,0.004904765635728836,0
molecola_5281,16,0,16,0.004986878950148821,0
molecola_5281,17,0,17,0.004904765635728836,0
molecola_5281,18,0,18,0.004879305604845285,0
molecola_5281,19,0,19,0.0049750483594834805,0
molecola_5281,20,0,20,0.007993456907570362,0
molecola_5281,21,0,21,0.012375814840197563,0
molecola_5281,22,1,22,0.9901530146598816,1
molecola_54,1,0,1,0.005057929549366236,0
molecola_54,2,0,2,0.005120615940541029,0
molecola_54,3,0,3,0.005057929549366236,0
molecola_54,4,0,4,0.0051366956904530525,0
molecola_54,5,0,5,0.007374941371381283,0
molecola_54,6,0,6,0.012283986434340477,0
molecola_54,7,0,7,0.8956401944160461,1
molecola_54,8,0,8,0.007717091124504805,0
molecola_54,9,0,9,0.008126165717840195,0
molecola_54,10,0,10,0.012466601096093655,0
molecola_54,11,1,11,0.9901628494262695,1
molecola_54,12,0,12,0.013481847010552883,0
molecola_54,13,0,13,0.012466601096093655,0
molecola_54,14,0,14,0.9901628494262695,1
molecola_54,15,0,15,0.008126165717840195,0
molecola_5411,1,0,1,0.00544481398537755,0
molecola_5411,2,0,2,0.005553597118705511,0
molecola_5411,3,0,3,0.005605311132967472,0
molecola_5411,4,0,4,0.00505891814827919,0
molecola_5411,5,0,5,0.004987163003534079,0
molecola_5411,6,0,6,0.00615661172196269,0
molecola_5411,7,0,7,0.012173272669315338,0
molecola_5411,8,0,8,0.9478462338447571,1
molecola_5411,9,0,9,0.005480566062033176,0
molecola_5411,10,0,10,0.005089707672595978,0
molecola_5411,11,0,11,0.005062140058726072,0
molecola_5411,12,0,12,0.0052474564872682095,0
molecola_5411,13,0,13,0.005194500554352999,0
molecola_5411,14,0,14,0.005018356256186962,0
molecola_5411,15,0,15,0.005040758289396763,0
molecola_5411,16,0,16,0.005163792986422777,0
molecola_5411,17,0,17,0.005300791002810001,0
molecola_5411,18,0,18,0.005045351572334766,0
molecola_5411,19,0,19,0.00532104866579175,0
molecola_5411,20,0,20,0.00606781430542469,0
molecola_5411,21,0,21,0.012246967293322086,0
molecola_5411,22,1,22,0.9901551008224487,1
molecola_5411,23,0,23,0.00797375850379467,0
molecola_5411,24,0,24,0.0050374348647892475,0
molecola_5411,25,0,25,0.005132927559316158,0
molecola_5411,26,0,26,0.005066820420324802,0
molecola_5411,27,0,27,0.005605386104434729,0
molecola_5411,28,0,28,0.005553597118705511,0
molecola_5411,29,0,29,0.00544481398537755,0
molecola_54551,1,0,1,0.9103626608848572,1
molecola_54551,2,0,2,0.009225164540112019,0
molecola_54551,3,0,3,0.007990613579750061,0
molecola_54551,4,0,4,0.00492922542616725,0
molecola_54551,5,0,5,0.004996458999812603,0
molecola_54551,6,0,6,0.004927275236696005,0
molecola_54551,7,0,7,0.005023854319006205,0
molecola_54551,8,0,8,0.005018841940909624,0
molecola_54551,9,0,9,0.005085298325866461,0
molecola_54551,10,0,10,0.005314183421432972,0
molecola_54551,11,0,11,0.005097007844597101,0
molecola_54551,12,0,12,0.00500963069498539,0
molecola_54551,13,0,13,0.005109810270369053,0
molecola_54551,14,0,14,0.005743620451539755,0
molecola_54551,15,0,15,0.005831722170114517,0
molecola_54551,16,0,16,0.0053926510736346245,0
molecola_54551,17,0,17,0.007906132377684116,0
molecola_54551,18,0,18,0.004947192035615444,0
molecola_54551,19,0,19,0.004980783443897963,0
molecola_54551,20,0,20,0.004970480687916279,0
molecola_54551,21,0,21,0.004955012816935778,0
molecola_54551,22,0,22,0.008386462926864624,0
molecola_54551,23,0,23,0.012487641535699368,0
molecola_54551,24,1,24,0.9901646971702576,1
molecola_54551,25,0,25,0.005047458689659834,0
molecola_54551,26,0,26,0.004974982235580683,0
molecola_54551,27,0,27,0.0049836598336696625,0
molecola_54551,28,0,28,0.005030201282352209,0
molecola_54551,29,0,29,0.007526226341724396,0
molecola_54867,1,0,1,0.00544481398537755,0
molecola_54867,2,0,2,0.005572645924985409,0
molecola_54867,3,0,3,0.006083623040467501,0
molecola_54867,4,0,4,0.005113314371556044,0
molecola_54867,5,0,5,0.004924000706523657,0
molecola_54867,6,0,6,0.005004195496439934,0
molecola_54867,7,0,7,0.005142325535416603,0
molecola_54867,8,0,8,0.005482588429003954,0
molecola_54867,9,0,9,0.006242093164473772,0
molecola_54867,10,0,10,0.007097738794982433,0
molecola_54867,11,0,11,0.005588051397353411,0
molecola_54867,12,0,12,0.005254191346466541,0
molecola_54867,13,0,13,0.005291119683533907,0
molecola_54867,14,0,14,0.006336207035928965,0
molecola_54867,15,0,15,0.0076364511623978615,0
molecola_54867,16,0,16,0.005693473853170872,0
molecola_54867,17,0,17,0.007819276303052902,0
molecola_54867,18,0,18,0.007497845683246851,0
molecola_54867,19,0,19,0.7370110154151917,1
molecola_54867,20,0,20,0.007697966415435076,0
molecola_54867,21,0,21,0.42631804943084717,0
molecola_54867,22,0,22,0.009731181897222996,0
molecola_54867,23,0,23,0.4311211407184601,0
molecola_54867,24,0,24,0.007724566385149956,0
molecola_54867,25,0,25,0.4107556939125061,0
molecola_54867,26,0,26,0.0052568186074495316,0
molecola_54867,27,0,27,0.0055065578781068325,0
molecola_54867,28,0,28,0.005905532278120518,0
molecola_54867,29,0,29,0.005449765827506781,0
molecola_54867,30,0,30,0.005113078746944666,0
molecola_54867,31,0,31,0.005052878521382809,0
molecola_54867,32,0,32,0.004950340837240219,0
molecola_54867,33,0,33,0.0049476101994514465,0
molecola_54867,34,0,34,0.008386645466089249,0
molecola_54867,35,0,35,0.012402946129441261,0
molecola_54867,36,0,36,0.9901530146598816,1
molecola_54867,37,0,37,0.006088307127356529,0
molecola_54867,38,0,38,0.005572653375566006,0
molecola_54867,39,0,39,0.00544481398537755,0
molecola_54867,40,0,40,0.005071243271231651,0
molecola_54867,41,0,41,0.00606278982013464,0
molecola_54867,42,0,42,0.0064364708960056305,0
molecola_54867,43,0,43,0.007625347934663296,0
molecola_54867,44,0,44,0.005688870791345835,0
molecola_54867,45,0,45,0.0071384115144610405,0
molecola_54867,46,0,46,0.005158225540071726,0
molecola_54867,47,0,47,0.007682451047003269,0
molecola_54867,48,0,48,0.42628487944602966,0
molecola_54867,49,0,49,0.009731209836900234,0
molecola_54867,50,0,50,0.4311211407184601,0
molecola_54867,51,0,51,0.0077231586910784245,0
molecola_54867,52,0,52,0.4107556939125061,0
molecola_54867,53,0,53,0.0073882522992789745,0
molecola_54867,54,0,54,0.5130786895751953,1
molecola_54867,55,0,55,0.007966858334839344,0
molecola_54867,56,0,56,0.012372737750411034,0
molecola_54867,57,1,57,0.9901530146598816,1
molecola_57499,1,1,1,0.9901665449142456,1
molecola_57499,2,0,2,0.01237762812525034,0
molecola_57499,3,0,3,0.007365375757217407,0
molecola_57499,4,0,4,0.005023187026381493,0
molecola_57499,5,0,5,0.0049527776427567005,0
molecola_57499,6,0,6,0.004974699113518,0
molecola_57499,7,0,7,0.004972315859049559,0
molecola_57499,8,0,8,0.004988069646060467,0
molecola_57499,9,0,9,0.004983766470104456,0
molecola_57499,10,0,10,0.00710673350840807,0
molecola_57499,11,0,11,0.005032015033066273,0
molecola_57521,1,0,1,0.005011793691664934,0
molecola_57521,2,0,2,0.004998310469090939,0
molecola_57521,3,0,3,0.004993807058781385,0
molecola_57521,4,0,4,0.005106805358082056,0
molecola_57521,5,0,5,0.005324798170477152,0
molecola_57521,6,0,6,0.0051248325034976006,0
molecola_57521,7,0,7,0.005038917064666748,0
molecola_57521,8,0,8,0.0049776434898376465,0
molecola_57521,9,0,9,0.005020680837333202,0
molecola_57521,10,0,10,0.005151786841452122,0
molecola_57521,11,0,11,0.005698648281395435,0
molecola_57521,12,0,12,0.005346954800188541,0
molecola_57521,13,0,13,0.0051062265411019325,0
molecola_57521,14,0,14,0.0050990707240998745,0
molecola_57521,15,0,15,0.00497629027813673,0
molecola_57521,16,0,16,0.0050260284915566444,0
molecola_57521,17,0,17,0.004937439225614071,0
molecola_57521,18,0,18,0.004946582019329071,0
molecola_57521,19,0,19,0.004933448974043131,0
molecola_57521,20,0,20,0.00499444454908371,0
molecola_57521,21,0,21,0.004973037634044886,0
molecola_57521,22,0,22,0.005025923717767,0
molecola_57521,23,0,23,0.005116233602166176,0
molecola_57521,24,0,24,0.00499454652890563,0
molecola_57521,25,0,25,0.005390061065554619,0
molecola_57521,26,0,26,0.004983165767043829,0
molecola_57521,27,0,27,0.005022798664867878,0
molecola_57521,28,0,28,0.0052913459949195385,0
molecola_57521,29,0,29,0.00652088038623333,0
molecola_57521,30,0,30,0.013852661475539207,0
molecola_57521,31,1,31,0.9753387570381165,1
molecola_57521,32,0,32,0.0050228009931743145,0
molecola_57521,33,0,33,0.0049831680953502655,0
molecola_5790,1,0,1,0.005118148867040873,0
molecola_5790,2,0,2,0.00516502046957612,0
molecola_5790,3,0,3,0.00515318987891078,0
molecola_5790,4,0,4,0.004986725281924009,0
molecola_5790,5,0,5,0.004998848773539066,0
molecola_5790,6,0,6,0.004964067600667477,0
molecola_5790,7,0,7,0.0049245054833590984,0
molecola_5790,8,0,8,0.004962556064128876,0
molecola_5790,9,0,9,0.0049201915971934795,0
molecola_5790,10,0,10,0.004938102792948484,0
molecola_5790,11,0,11,0.004977296106517315,0
molecola_5790,12,0,12,0.0049551185220479965,0
molecola_5790,13,0,13,0.004946600645780563,0
molecola_5790,14,0,14,0.006889334414154291,0
molecola_5790,15,0,15,0.005099218338727951,0
molecola_5790,16,0,16,0.012316195294260979,0
molecola_5790,17,1,17,0.9901663064956665,1
molecola_5790,18,0,18,0.00681430846452713,0
molecola_5790,19,0,19,0.005097266286611557,0
molecola_5790,20,0,20,0.005014174617826939,0
molecola_5790,21,0,21,0.005113683175295591,0
molecola_5840,1,1,1,0.9901628494262695,1
molecola_5840,2,0,2,0.012498447671532631,0
molecola_5840,3,0,3,0.00838505569845438,0
molecola_5840,4,0,4,0.004955057520419359,0
molecola_5840,5,0,5,0.005002410151064396,0
molecola_5840,6,0,6,0.004955057520419359,0
molecola_5840,7,0,7,0.00838505569845438,0
molecola_5840,8,0,8,0.005167851224541664,0
molecola_5840,9,0,9,0.005002410151064396,0
molecola_5840,10,0,10,0.004955057520419359,0
molecola_5840,11,0,11,0.00838505569845438,0
molecola_5840,12,0,12,0.012498447671532631,0
molecola_5840,13,0,13,0.9901628494262695,1
molecola_5840,14,0,14,0.00838505569845438,0
molecola_5840,15,0,15,0.004955057520419359,0
molecola_5840,16,0,16,0.005415838677436113,0
molecola_5840,17,0,17,0.005391308106482029,0
molecola_5840,18,0,18,0.005391308106482029,0
molecola_5840,19,0,19,0.005391308106482029,0
molecola_5840,20,0,20,0.005415838677436113,0
molecola_5840,21,0,21,0.005391308106482029,0
molecola_5840,22,0,22,0.005391308106482029,0
molecola_5840,23,0,23,0.005391308106482029,0
molecola_5967,1,0,1,0.5968254804611206,1
molecola_5967,2,0,2,0.009814254939556122,0
molecola_5967,3,0,3,0.0067742313258349895,0
molecola_5967,4,0,4,0.005802669562399387,0
molecola_5967,5,0,5,0.006877436302602291,0
molecola_5967,6,0,6,0.0063327644020318985,0
molecola_5967,7,0,7,0.005328700877726078,0
molecola_5967,8,0,8,0.007440850138664246,0
molecola_5967,9,0,9,0.0055709658190608025,0
molecola_5967,10,0,10,0.007719128858298063,0
molecola_5967,11,0,11,0.007229114416986704,0
molecola_5967,12,0,12,0.44209372997283936,0
molecola_5967,13,0,13,0.010243616066873074,0
molecola_5967,14,0,14,0.4512764513492584,0
molecola_5967,15,0,15,0.007950985804200172,0
molecola_5967,16,0,16,0.5074306130409241,1
molecola_5967,17,0,17,0.005252900533378124,0
molecola_5967,18,0,18,0.012067142874002457,0
molecola_5967,19,1,19,0.9901646971702576,1
molecola_5967,20,0,20,0.008371134288609028,0
molecola_5967,21,0,21,0.004935172386467457,0
molecola_5967,22,0,22,0.00498648127540946,0
molecola_5967,23,0,23,0.006817694287747145,0
molecola_5967,24,0,24,0.006131846457719803,0
molecola_5967,25,0,25,0.004985296633094549,0
molecola_5967,26,0,26,0.004971683956682682,0
molecola_5967,27,0,27,0.005012987647205591,0
molecola_5967,28,0,28,0.005022322293370962,0
molecola_5967,29,0,29,0.00497018825262785,0
molecola_5967,30,0,30,0.004930570721626282,0
molecola_5967,31,0,31,0.0083652064204216,0
molecola_5967,32,0,32,0.012498447671532631,0
molecola_5967,33,1,33,0.9901628494262695,1
molecola_5967,34,0,34,0.0083652064204216,0
molecola_5967,35,0,35,0.004930570721626282,0
molecola_5967,36,0,36,0.007591055240482092,0
molecola_5967,37,0,37,0.4578978419303894,0
molecola_5967,38,0,38,0.010035873390734196,0
molecola_5967,39,0,39,0.5174559354782104,1
molecola_6058,1,0,1,0.005270950496196747,0
molecola_6058,2,0,2,0.006458491552621126,0
molecola_6058,3,0,3,0.012814805842936039,0
molecola_6058,4,0,4,0.9540418982505798,1
molecola_6058,5,0,5,0.006485758814960718,0
molecola_6058,6,0,6,0.004978661425411701,0
molecola_6058,7,0,7,0.005004741717129946,0
molecola_6058,8,0,8,0.004960609134286642,0
molecola_6058,9,0,9,0.004959152080118656,0
molecola_6058,10,0,10,0.005552141461521387,0
molecola_6058,11,0,11,0.005280344281345606,0
molecola_6058,12,0,12,0.004961628466844559,0
molecola_6058,13,0,13,0.004956952761858702,0
molecola_6058,14,0,14,0.00839836336672306,0
molecola_6058,15,0,15,0.012498447671532631,0
molecola_6058,16,1,16,0.9901628494262695,1
molecola_6058,17,0,17,0.00839836336672306,0
molecola_6058,18,0,18,0.004956952761858702,0
molecola_6058,19,0,19,0.004971881862729788,0
molecola_6058,20,0,20,0.00491184601560235,0
molecola_6058,21,0,21,0.004940368700772524,0
molecola_6058,22,0,22,0.004940262995660305,0
molecola_6058,23,0,23,0.004913076758384705,0
molecola_6058,24,0,24,0.0050024958327412605,0
molecola_6083,1,0,1,0.0051072826609015465,0
molecola_6083,2,0,2,0.005049499683082104,0
molecola_6083,3,0,3,0.0051072826609015465,0
molecola_6083,4,0,4,0.004977277480065823,0
molecola_6083,5,0,5,0.006367292255163193,0
molecola_6083,6,0,6,0.0050089797005057335,0
molecola_6083,7,0,7,0.00524860667064786,0
molecola_6083,8,0,8,0.005011085420846939,0
molecola_6083,9,0,9,0.004953482653945684,0
molecola_6083,10,0,10,0.004993520211428404,0
molecola_6083,11,0,11,0.007952858693897724,0
molecola_6083,12,0,12,0.013590546324849129,0
molecola_6083,13,1,13,0.9899901151657104,1
molecola_6083,14,0,14,0.01359472144395113,0
molecola_6083,15,1,15,0.9899901151657104,1
molecola_6083,16,0,16,0.007992696948349476,0
molecola_6083,17,0,17,0.0051260897889733315,0
molecola_6083,18,0,18,0.005064325872808695,0
molecola_6083,19,0,19,0.005790844559669495,0
molecola_6083,20,0,20,0.012217855080962181,0
molecola_6083,21,1,21,0.9460576176643372,1
molecola_6137,1,1,1,0.9901530146598816,1
molecola_6137,2,0,2,0.012362672947347164,0
molecola_6137,3,0,3,0.008009579963982105,0
molecola_6137,4,0,4,0.005007456056773663,0
molecola_6137,5,0,5,0.0049357181414961815,0
molecola_6137,6,0,6,0.005113384686410427,0
molecola_6137,7,0,7,0.005991585552692413,0
molecola_6137,8,0,8,0.005714091472327709,0
molecola_6137,9,0,9,0.005364369601011276,0
molecola_6137,10,0,10,0.005034118890762329,0
molecola_6137,11,0,11,0.005034118890762329,0
molecola_6137,12,0,12,0.005691962316632271,0
molecola_6137,13,0,13,0.0053469343110919,0
molecola_6137,14,0,14,0.005106124561280012,0
molecola_6137,15,0,15,0.005097111687064171,0
molecola_6137,16,0,16,0.004994020331650972,0
molecola_6137,17,0,17,0.004973056726157665,0
molecola_6137,18,0,18,0.004960611462593079,0
molecola_6137,19,0,19,0.0049599832855165005,0
molecola_6137,20,0,20,0.004960611462593079,0
molecola_6137,21,0,21,0.004994020331650972,0
molecola_6137,22,0,22,0.004973056726157665,0
molecola_6651,1,0,1,0.005054419860243797,0
molecola_6651,2,0,2,0.0049782972782850266,0
molecola_6651,3,0,3,0.004914438351988792,0
molecola_6651,4,0,4,0.0056644827127456665,0
molecola_6651,5,0,5,0.005288638640195131,0
molecola_6651,6,0,6,0.004909818526357412,0
molecola_6651,7,0,7,0.006573506630957127,0
molecola_6651,8,0,8,0.011688134633004665,0
molecola_6651,9,1,9,0.9542994499206543,1
molecola_6651,10,0,10,0.006127455271780491,0
molecola_6651,11,0,11,0.004912302363663912,0
molecola_6651,12,0,12,0.004907677881419659,0
molecola_6651,13,0,13,0.004891213960945606,0
molecola_6651,14,0,14,0.004905261564999819,0
molecola_6651,15,0,15,0.005713221617043018,0
molecola_6651,16,0,16,0.005349082872271538,0
molecola_6651,17,0,17,0.004936677869409323,0
molecola_6651,18,0,18,0.0050529721193015575,0
molecola_6651,19,0,19,0.004925566725432873,0
molecola_6651,20,0,20,0.0048922328278422356,0
molecola_6651,21,0,21,0.004909823182970285,0
molecola_6651,22,0,22,0.004960599821060896,0
molecola_6651,23,0,23,0.005067680962383747,0
molecola_6664,1,0,1,0.006806025747209787,0
molecola_6664,2,0,2,0.0067602540366351604,0
molecola_6664,3,0,3,0.006806025747209787,0
molecola_6664,4,0,4,0.005288626067340374,0
molecola_6664,5,0,5,0.005010198801755905,0
molecola_6664,6,0,6,0.005926244426518679,0
molecola_6664,7,0,7,0.005449497140944004,0
molecola_6664,8,0,8,0.005347646772861481,0
molecola_6664,9,0,9,0.005226956680417061,0
molecola_6664,10,0,10,0.005072270520031452,0
molecola_6664,11,0,11,0.005000490695238113,0
molecola_6664,12,0,12,0.005027116276323795,0
molecola_6664,13,0,13,0.004907731432467699,0
molecola_6664,14,0,14,0.004907442722469568,0
molecola_6664,15,0,15,0.004965940490365028,0
molecola_6664,16,0,16,0.00490142498165369,0
molecola_6664,17,0,17,0.004966079257428646,0
molecola_6664,18,0,18,0.004910503514111042,0
molecola_6664,19,0,19,0.004964639898389578,0
molecola_6664,20,0,20,0.004930348601192236,0
molecola_6664,21,0,21,0.0083652064204216,0
molecola_6664,22,0,22,0.012498447671532631,0
molecola_6664,23,1,23,0.9901628494262695,1
molecola_6664,24,0,24,0.0083652064204216,0
molecola_6664,25,0,25,0.004930348601192236,0
molecola_6664,26,0,26,0.004962315782904625,0
molecola_6664,27,0,27,0.0049921488389372826,0
molecola_6664,28,0,28,0.004922587890177965,0
molecola_6664,29,0,29,0.00493151368573308,0
molecola_6664,30,0,30,0.004979715216904879,0
molecola_6664,31,0,31,0.004970483016222715,0
molecola_6664,32,0,32,0.00493151368573308,0
molecola_6664,33,0,33,0.004922587890177965,0
molecola_6741,1,0,1,0.005093386862426996,0
molecola_6741,2,0,2,0.00559847429394722,0
molecola_6741,3,0,3,0.005303625017404556,0
molecola_6741,4,0,4,0.004986950196325779,0
molecola_6741,5,0,5,0.00495546218007803,0
molecola_6741,6,0,6,0.004990805871784687,0
molecola_6741,7,0,7,0.005023561418056488,0
molecola_6741,8,0,8,0.007922680117189884,0
molecola_6741,9,0,9,0.013835995458066463,0
molecola_6741,10,1,10,0.9754388332366943,1
molecola_6741,11,0,11,0.004970051813870668,0
molecola_6741,12,0,12,0.0049739982932806015,0
molecola_6741,13,0,13,0.005023618694394827,0
molecola_7292,1,0,1,0.005526053719222546,0
molecola_7292,2,0,2,0.00559537997469306,0
molecola_7292,3,0,3,0.005526053719222546,0
molecola_7292,4,0,4,0.005303526762872934,0
molecola_7292,5,0,5,0.005147985648363829,0
molecola_7292,6,0,6,0.00495890062302351,0
molecola_7292,7,0,7,0.004931204486638308,0
molecola_7292,8,0,8,0.0049345470033586025,0
molecola_7292,9,0,9,0.004997827112674713,0
molecola_7292,10,0,10,0.00783469993621111,0
molecola_7292,11,0,11,0.012476861476898193,0
molecola_7292,12,1,12,0.9901646971702576,1
molecola_7292,13,0,13,0.008040927350521088,0
molecola_7292,14,0,14,0.004985431209206581,0
molecola_7292,15,0,15,0.005042827222496271,0
molecola_7292,16,0,16,0.00498578604310751,0
molecola_7292,17,0,17,0.0049582370556890965,0
molecola_7292,18,0,18,0.005022028926759958,0
molecola_7292,19,0,19,0.004988379310816526,0
molecola_7292,20,0,20,0.004935211967676878,0
molecola_7292,21,0,21,0.004963054787367582,0
molecola_7610,1,0,1,0.00544481398537755,0
molecola_7610,2,0,2,0.005553309805691242,0
molecola_7610,3,0,3,0.005704530514776707,0
molecola_7610,4,0,4,0.007392107509076595,0
molecola_7610,5,0,5,0.009153736755251884,0
molecola_7610,6,0,6,0.9102515578269958,1
molecola_7610,7,0,7,0.006883826106786728,0
molecola_7610,8,0,8,0.005015399772673845,0
molecola_7610,9,0,9,0.004952495452016592,0
molecola_7610,10,0,10,0.00500275194644928,0
molecola_7610,11,0,11,0.00571632944047451,0
molecola_7610,12,0,12,0.005347015336155891,0
molecola_7610,13,0,13,0.005177081562578678,0
molecola_7610,14,0,14,0.005110050085932016,0
molecola_7610,15,0,15,0.005196045618504286,0
molecola_7610,16,0,16,0.005075741559267044,0
molecola_7610,17,0,17,0.005282463971525431,0
molecola_7610,18,0,18,0.005040746182203293,0
molecola_7610,19,0,19,0.005022034049034119,0
molecola_7610,20,0,20,0.004901280160993338,0
molecola_7610,21,0,21,0.004978647455573082,0
molecola_7610,22,0,22,0.005160308443009853,0
molecola_7610,23,0,23,0.004978647455573082,0
molecola_7610,24,0,24,0.004901280160993338,0
molecola_7610,25,0,25,0.006064151879400015,0
molecola_7610,26,0,26,0.005365168675780296,0
molecola_7610,27,0,27,0.013096879236400127,0
molecola_7610,28,1,28,0.9749628901481628,1
molecola_7610,29,0,29,0.00502849230542779,0
molecola_7610,30,0,30,0.0051078228279948235,0
molecola_7610,31,0,31,0.005484273657202721,0
molecola_8002,1,1,1,0.9754452705383301,1
molecola_8002,2,0,2,0.013872379437088966,0
molecola_8002,3,0,3,0.009473888203501701,0
molecola_8002,4,0,4,0.005095636937767267,0
molecola_8002,5,0,5,0.0059194667264819145,0
molecola_8002,6,0,6,0.006090243812650442,0
molecola_8002,7,0,7,0.005919141229242086,0
molecola_8002,8,0,8,0.005104724317789078,0
molecola_8002,9,0,9,0.004919603932648897,0
molecola_8002,10,0,10,0.004978025797754526,0
molecola_8002,11,0,11,0.004919603932648897,0
molecola_8002,12,0,12,0.005104724317789078,0
molecola_8002,13,0,13,0.004920220002532005,0
molecola_8002,14,0,14,0.0050108665600419044,0
molecola_8002,15,0,15,0.0051398673094809055,0
molecola_8002,16,0,16,0.008417612873017788,0
molecola_8002,17,0,17,0.012504763901233673,0
molecola_8002,18,1,18,0.9901646971702576,1
molecola_8997,1,1,1,0.9901628494262695,1
molecola_8997,2,0,2,0.012413100339472294,0
molecola_8997,3,0,3,0.00838527362793684,0
molecola_8997,4,0,4,0.00499896053224802,0
molecola_8997,5,0,5,0.005159774795174599,0
molecola_8997,6,0,6,0.0052962698973715305,0
molecola_8997,7,0,7,0.004946896340698004,0
molecola_8997,8,0,8,0.004985497333109379,0
molecola_8997,9,0,9,0.0052871364168822765,0
molecola_8997,10,0,10,0.005191650241613388,0
molecola_8997,11,0,11,0.007602102588862181,0
molecola_8997,12,0,12,0.005170241929590702,0
molecola_8997,13,0,13,0.005004643928259611,0
molecola_8997,14,0,14,0.004946985747665167,0
molecola_8997,15,0,15,0.004947401583194733,0
molecola_8997,16,0,16,0.005005151964724064,0
molecola_9613,1,0,1,0.00544481398537755,0
molecola_9613,2,0,2,0.0055532814003527164,0
molecola_9613,3,0,3,0.00567310256883502,0
molecola_9613,4,0,4,0.005108075216412544,0
molecola_9613,5,0,5,0.004924496170133352,0
molecola_9613,6,0,6,0.0050138491205871105,0
molecola_9613,7,0,7,0.0048881531693041325,0
molecola_9613,8,0,8,0.004906099289655685,0
molecola_9613,9,0,9,0.0057435412891209126,0
molecola_9613,10,0,10,0.005296553485095501,0
molecola_9613,11,0,11,0.0051209223456680775,0
molecola_9613,12,0,12,0.005146344657987356,0
molecola_9613,13,0,13,0.005082657560706139,0
molecola_9613,14,0,14,0.004925298038870096,0
molecola_9613,15,0,15,0.005022638943046331,0
molecola_9613,16,0,16,0.008586106821894646,0
molecola_9613,17,0,17,0.005115893669426441,0
molecola_9613,18,0,18,0.013945930637419224,0
molecola_9613,19,1,19,0.975362241268158,1
molecola_9856,1,0,1,0.005476334132254124,0
molecola_9856,2,0,2,0.00685633160173893,0
molecola_9856,3,0,3,0.014808299019932747,0
molecola_9856,4,1,4,0.9749804735183716,1
molecola_9856,5,0,5,0.008062563836574554,0
molecola_9856,6,0,6,0.004946727771311998,0
molecola_9856,7,0,7,0.004940713290125132,0
molecola_9856,8,0,8,0.004937031771987677,0
molecola_9856,9,0,9,0.004940713290125132,0
molecola_9856,10,0,10,0.004946727771311998,0
molecola_9856,11,0,11,0.008071809075772762,0
molecola_9856,12,0,12,0.004946854431182146,0
molecola_9856,13,0,13,0.004945883061736822,0
molecola_9856,14,0,14,0.004930837079882622,0
molecola_9856,15,0,15,0.0050613307394087315,0
molecola_9856,16,0,16,0.004948565736413002,0
molecola_9856,17,0,17,0.005316790193319321,0
molecola_9856,18,0,18,0.005115733481943607,0
molecola_9856,19,0,19,0.005115733481943607,0
molecola_9856,20,0,20,0.005115733481943607,0
