molecola,indice_atomi,match,indice_atomo,probabilita,y_pred_prob
molecola_10070,1,1,1,0.9076268076896667,1
molecola_10070,2,1,2,0.9857742786407471,1
molecola_10070,3,1,3,0.9076268076896667,1
molecola_10070,4,1,4,0.9392864108085632,1
molecola_10070,5,0,5,0.11638925224542618,0
molecola_10070,6,0,6,0.023734990507364273,0
molecola_10070,7,0,7,0.004128914326429367,0
molecola_10070,8,0,8,0.002768614562228322,0
molecola_10070,9,0,9,0.004128914326429367,0
molecola_10070,10,0,10,0.023734990507364273,0
molecola_10070,11,0,11,0.0049233282916247845,0
molecola_10070,12,0,12,0.011762346141040325,0
molecola_10070,13,0,13,0.011671483516693115,0
molecola_10070,14,0,14,0.031193789094686508,0
molecola_10070,15,0,15,0.011671483516693115,0
molecola_10070,16,0,16,0.011762346141040325,0
molecola_10070,17,0,17,0.09018725901842117,0
molecola_10070,18,0,18,0.08587091416120529,0
molecola_10070,19,0,19,0.012244937010109425,0
molecola_10070,20,0,20,0.004148516338318586,0
molecola_10070,21,0,21,0.06993067264556885,0
molecola_10070,22,0,22,0.0041527654975652695,0
molecola_10070,23,0,23,0.015492452308535576,0
molecola_10070,24,0,24,0.11049950867891312,0
molecola_10070,25,0,25,0.017999863252043724,0
molecola_10070,26,0,26,0.10610421746969223,0
molecola_10070,27,0,27,0.012664437294006348,0
molecola_10070,28,0,28,0.014119678176939487,0
molecola_10070,29,0,29,0.0012357067316770554,0
molecola_10070,30,0,30,0.0012357067316770554,0
molecola_10070,31,0,31,0.0012357067316770554,0
molecola_10070,32,0,32,0.012760034762322903,0
molecola_10070,33,0,33,0.09803329408168793,0
molecola_10072,1,0,1,0.0027248880360275507,0
molecola_10072,2,0,2,0.001738339546136558,0
molecola_10072,3,0,3,0.0027248880360275507,0
molecola_10072,4,0,4,0.01275252178311348,0
molecola_10072,5,0,5,0.0010948338313028216,0
molecola_10072,6,0,6,0.0009776521474123001,0
molecola_10072,7,0,7,0.0013880896149203181,0
molecola_10072,8,0,8,0.0007041616481728852,0
molecola_10072,9,0,9,0.0006425376050174236,0
molecola_10072,10,0,10,0.0007730508223176003,0
molecola_10072,11,0,11,0.0045661116018891335,0
molecola_10072,12,0,12,0.019835403189063072,0
molecola_10072,13,0,13,0.005234586540609598,0
molecola_10072,14,1,14,0.9881834387779236,1
molecola_10072,15,0,15,0.003029855201020837,0
molecola_10072,16,0,16,0.0014310735277831554,0
molecola_1011,1,0,1,0.1196368932723999,0
molecola_1011,2,0,2,0.11519863456487656,0
molecola_1011,3,0,3,0.08033822476863861,0
molecola_1011,4,0,4,0.0944720059633255,0
molecola_1011,5,0,5,0.016005150973796844,0
molecola_1011,6,0,6,0.015098147094249725,0
molecola_1011,7,0,7,0.0022763048764318228,0
molecola_1011,8,0,8,0.0007839126628823578,0
molecola_1011,9,0,9,0.0022763048764318228,0
molecola_1011,10,0,10,0.015098147094249725,0
molecola_1011,11,0,11,0.0011228924850001931,0
molecola_1011,12,0,12,0.000891729723662138,0
molecola_1011,13,0,13,0.0023700431920588017,0
molecola_1011,14,0,14,0.0015516099520027637,0
molecola_1011,15,0,15,0.0015516099520027637,0
molecola_1011,16,0,16,0.07806327193975449,0
molecola_1011,17,0,17,0.042827460914850235,0
molecola_1011,18,0,18,0.03987688943743706,0
molecola_1011,19,0,19,0.04360182210803032,0
molecola_1011,20,0,20,0.047946151345968246,0
molecola_1011,21,0,21,0.02621331810951233,0
molecola_1011,22,0,22,0.005087721161544323,0
molecola_1011,23,0,23,0.0016024085925891995,0
molecola_1011,24,0,24,0.0007569037261418998,0
molecola_1011,25,0,25,0.0009033124661073089,0
molecola_1011,26,0,26,0.0009129898971877992,0
molecola_1011,27,0,27,0.011264055967330933,0
molecola_1011,28,0,28,0.0021639708429574966,0
molecola_1011,29,0,29,0.002823782153427601,0
molecola_1011,30,1,30,0.9772641658782959,1
molecola_1011,31,1,31,0.9710190296173096,1
molecola_1011,32,0,32,0.0011406026314944029,0
molecola_1011,33,0,33,0.0011259184684604406,0
molecola_1011,34,0,34,0.0025769006460905075,0
molecola_10213,1,1,1,0.9456923604011536,1
molecola_10213,2,0,2,0.09486594051122665,0
molecola_10213,3,0,3,0.05866193398833275,0
molecola_10213,4,0,4,0.031130071729421616,0
molecola_10213,5,0,5,0.001450688112527132,0
molecola_10213,6,0,6,0.003014655550941825,0
molecola_10213,7,0,7,0.0009095750283449888,0
molecola_10213,8,0,8,0.0007254985393956304,0
molecola_10213,9,0,9,0.0010090662399306893,0
molecola_10213,10,0,10,0.0012246513506397605,0
molecola_10213,11,0,11,0.021319380030035973,0
molecola_10213,12,0,12,0.0010277720866724849,0
molecola_10213,13,0,13,0.0006527539808303118,0
molecola_10213,14,0,14,0.0008049483876675367,0
molecola_10213,15,0,15,0.01950666680932045,0
molecola_10213,16,0,16,0.054268017411231995,0
molecola_10213,17,0,17,0.05346278101205826,0
molecola_10213,18,0,18,0.014317629858851433,0
molecola_10213,19,0,19,0.000609778449870646,0
molecola_10351,1,0,1,0.016512999311089516,0
molecola_10351,2,0,2,0.030390886589884758,0
molecola_10351,3,0,3,0.013735096901655197,0
molecola_10351,4,0,4,0.02885708585381508,0
molecola_10351,5,0,5,0.004575101658701897,0
molecola_10351,6,0,6,0.005238441284745932,0
molecola_10351,7,0,7,0.045332279056310654,0
molecola_10351,8,0,8,0.012704046443104744,0
molecola_10351,9,0,9,0.054640281945466995,0
molecola_10351,10,1,10,0.9896668195724487,1
molecola_10351,11,0,11,0.02462773770093918,0
molecola_10351,12,0,12,0.008231374435126781,0
molecola_10351,13,0,13,0.0023363137152045965,0
molecola_10351,14,0,14,0.0011248120572417974,0
molecola_10351,15,0,15,0.0005526966997422278,0
molecola_10382,1,0,1,0.01536508183926344,0
molecola_10382,2,1,2,0.697393536567688,1
molecola_10382,3,0,3,0.0035637107212096453,0
molecola_10382,4,0,4,0.004086703062057495,0
molecola_10382,5,0,5,0.003303530625998974,0
molecola_10382,6,0,6,0.009786241687834263,0
molecola_10382,7,0,7,0.0293910913169384,0
molecola_10382,8,0,8,0.009786241687834263,0
molecola_10382,9,0,9,0.003303530625998974,0
molecola_10382,10,0,10,0.06370775401592255,0
molecola_10382,11,0,11,0.09593823552131653,0
molecola_10382,12,0,12,0.06035258248448372,0
molecola_10382,13,0,13,0.04561313986778259,0
molecola_10382,14,0,14,0.049031563103199005,0
molecola_10382,15,0,15,0.07366801798343658,0
molecola_10382,16,0,16,0.05663689225912094,0
molecola_10382,17,0,17,0.14848259091377258,0
molecola_10382,18,0,18,0.13063405454158783,0
molecola_10382,19,0,19,0.11830857396125793,0
molecola_10382,20,0,20,0.05387501418590546,0
molecola_10382,21,0,21,0.8036258220672607,1
molecola_10382,22,0,22,0.026599323377013206,0
molecola_10382,23,0,23,0.004040488973259926,0
molecola_10382,24,0,24,0.00106915389187634,0
molecola_10382,25,0,25,0.0005344090168364346,0
molecola_10382,26,0,26,0.00106915389187634,0
molecola_10382,27,0,27,0.004040488973259926,0
molecola_10382,28,0,28,0.000815494975540787,0
molecola_10382,29,0,29,0.0005163325695320964,0
molecola_10382,30,0,30,0.0005163325695320964,0
molecola_10382,31,0,31,0.0012783317361027002,0
molecola_10382,32,0,32,0.0018132757395505905,0
molecola_10382,33,0,33,0.0018132757395505905,0
molecola_10565,1,1,1,0.8947178721427917,1
molecola_10565,2,1,2,0.9675740003585815,1
molecola_10565,3,0,3,0.8947178721427917,1
molecola_10565,4,0,4,0.8588647246360779,1
molecola_10565,5,0,5,0.13006965816020966,0
molecola_10565,6,0,6,0.05164694786071777,0
molecola_10565,7,0,7,0.038162097334861755,0
molecola_10565,8,0,8,0.03677760064601898,0
molecola_10565,9,0,9,0.06193537265062332,0
molecola_10565,10,0,10,0.02902028150856495,0
molecola_10565,11,0,11,0.009605641476809978,0
molecola_10565,12,0,12,0.01981808803975582,0
molecola_10565,13,0,13,0.024063920602202415,0
molecola_10565,14,0,14,0.0147556746378541,0
molecola_10565,15,0,15,0.008524761535227299,0
molecola_10565,16,0,16,0.002830725396052003,0
molecola_10565,17,0,17,0.00307394634000957,0
molecola_10565,18,0,18,0.00307394634000957,0
molecola_10565,19,0,19,0.01399404276162386,0
molecola_10565,20,0,20,0.04599945619702339,0
molecola_10565,21,0,21,0.05617779865860939,0
molecola_10565,22,0,22,0.05628526955842972,0
molecola_10565,23,0,23,0.042435936629772186,0
molecola_10565,24,0,24,0.013006752356886864,0
molecola_10669,1,0,1,0.0005281062331050634,0
molecola_10669,2,0,2,0.0009574991418048739,0
molecola_10669,3,0,3,0.0005606084014289081,0
molecola_10669,4,0,4,0.0005606084014289081,0
molecola_10669,5,0,5,0.0006843722076155245,0
molecola_10669,6,0,6,0.0016323577146977186,0
molecola_10669,7,0,7,0.0013554346514865756,0
molecola_10669,8,0,8,0.0016788759967312217,0
molecola_10669,9,0,9,0.008309563621878624,0
molecola_10669,10,0,10,0.041555166244506836,0
molecola_10669,11,0,11,0.13724979758262634,0
molecola_10669,12,0,12,0.10630183666944504,0
molecola_10669,13,0,13,0.06312471628189087,0
molecola_10669,14,0,14,0.0705975815653801,0
molecola_10669,15,0,15,0.0761411190032959,0
molecola_10669,16,0,16,0.03761269152164459,0
molecola_10669,17,0,17,0.0010752989910542965,0
molecola_10669,18,0,18,0.0013744805473834276,0
molecola_10669,19,0,19,0.0014645374612882733,0
molecola_10669,20,0,20,0.0014800175558775663,0
molecola_10669,21,0,21,0.0014645374612882733,0
molecola_10669,22,0,22,0.0013744805473834276,0
molecola_10669,23,0,23,0.04636789485812187,0
molecola_10669,24,0,24,0.024656793102622032,0
molecola_10669,25,0,25,0.041955769062042236,0
molecola_10669,26,0,26,0.12582886219024658,0
molecola_10669,27,0,27,0.024862049147486687,0
molecola_10669,28,0,28,0.004409043584018946,0
molecola_10669,29,1,29,0.985620379447937,1
molecola_10669,30,0,30,0.0027925781905651093,0
molecola_10669,31,0,31,0.0016103496309369802,0
molecola_10669,32,0,32,0.01748807728290558,0
molecola_10669,33,0,33,0.0070783356204628944,0
molecola_10669,34,0,34,0.011056763119995594,0
molecola_10669,35,0,35,0.0013554346514865756,0
molecola_10669,36,0,36,0.0016323577146977186,0
molecola_10835,1,0,1,0.004690449684858322,0
molecola_10835,2,0,2,0.0025302134454250336,0
molecola_10835,3,0,3,0.03228707239031792,0
molecola_10835,4,0,4,0.0025302134454250336,0
molecola_10835,5,0,5,0.004690449684858322,0
molecola_10835,6,0,6,0.03138187155127525,0
molecola_10835,7,0,7,0.05113961547613144,0
molecola_10835,8,0,8,0.06943711638450623,0
molecola_10835,9,0,9,0.0016417962033301592,0
molecola_10835,10,0,10,0.0010548783466219902,0
molecola_10835,11,0,11,0.0007829261012375355,0
molecola_10835,12,0,12,0.0012205318780615926,0
molecola_10835,13,0,13,0.0007322698947973549,0
molecola_10835,14,0,14,0.0012205318780615926,0
molecola_10835,15,0,15,0.0010548783466219902,0
molecola_10835,16,0,16,0.0007829261012375355,0
molecola_10835,17,0,17,0.0008361181826330721,0
molecola_10835,18,0,18,0.0008570080390200019,0
molecola_10835,19,0,19,0.0007079819915816188,0
molecola_10835,20,0,20,0.001029602368362248,0
molecola_10835,21,0,21,0.06329812854528427,0
molecola_10835,22,0,22,0.6738921999931335,1
molecola_10835,23,1,23,0.9759396314620972,1
molecola_10835,24,0,24,0.9257742166519165,1
molecola_10835,25,1,25,0.9651408791542053,1
molecola_10835,26,0,26,0.0017372227739542723,0
molecola_10835,27,0,27,0.01957637071609497,0
molecola_10835,28,0,28,0.03095337375998497,0
molecola_10835,29,0,29,0.06286047399044037,0
molecola_10835,30,0,30,0.05752182379364967,0
molecola_10835,31,0,31,0.034653548151254654,0
molecola_10835,32,0,32,0.0013492871075868607,0
molecola_11115,1,1,1,0.911738932132721,1
molecola_11115,2,1,2,0.9872691631317139,1
molecola_11115,3,0,3,0.911738932132721,1
molecola_11115,4,1,4,0.8737722039222717,1
molecola_11115,5,0,5,0.04469149559736252,0
molecola_11115,6,0,6,0.02529340237379074,0
molecola_11115,7,0,7,0.13637657463550568,0
molecola_11115,8,0,8,0.10582242906093597,0
molecola_11115,9,0,9,0.05675877258181572,0
molecola_11115,10,0,10,0.03301999717950821,0
molecola_11115,11,0,11,0.024436164647340775,0
molecola_11115,12,0,12,0.0330200120806694,0
molecola_11115,13,0,13,0.05675877258181572,0
molecola_11115,14,0,14,0.10582240670919418,0
molecola_11115,15,0,15,0.1363765448331833,0
molecola_11115,16,0,16,0.02529340237379074,0
molecola_11115,17,0,17,0.044691506773233414,0
molecola_11149,1,1,1,0.9746959805488586,1
molecola_11149,2,1,2,0.9846312403678894,1
molecola_11149,3,0,3,0.0007929840940050781,0
molecola_11149,4,0,4,0.0006706140702590346,0
molecola_11149,5,0,5,0.0007688543410040438,0
molecola_11149,6,0,6,0.002695077797397971,0
molecola_11149,7,0,7,0.009084002114832401,0
molecola_11149,8,0,8,0.012762540020048618,0
molecola_11149,9,0,9,0.0011833958560600877,0
molecola_11149,10,0,10,0.07479609549045563,0
molecola_11149,11,0,11,0.016162067651748657,0
molecola_11149,12,0,12,0.0943816751241684,0
molecola_11149,13,0,13,0.39785635471343994,0
molecola_11149,14,0,14,0.29130569100379944,0
molecola_11149,15,0,15,0.03038293495774269,0
molecola_11149,16,0,16,0.01035058218985796,0
molecola_11149,17,1,17,0.9910479187965393,1
molecola_11149,18,1,18,0.9628399014472961,1
molecola_11149,19,1,19,0.9628399014472961,1
molecola_11267,1,1,1,0.8957034945487976,1
molecola_11267,2,1,2,0.9904587268829346,1
molecola_11267,3,1,3,0.9763027429580688,1
molecola_11267,4,1,4,0.8712449073791504,1
molecola_11267,5,1,5,0.7611953616142273,1
molecola_11267,6,1,6,0.19313983619213104,0
molecola_11267,7,0,7,0.03127864748239517,0
molecola_11267,8,0,8,0.040951088070869446,0
molecola_11267,9,0,9,0.031040767207741737,0
molecola_11267,10,0,10,0.040951088070869446,0
molecola_11267,11,0,11,0.03127864748239517,0
molecola_11267,12,0,12,0.07765804976224899,0
molecola_11267,13,0,13,0.07539661228656769,0
molecola_11267,14,0,14,0.08871867507696152,0
molecola_11267,15,0,15,0.060152072459459305,0
molecola_11267,16,0,16,0.14985744655132294,0
molecola_11267,17,0,17,0.11465932428836823,0
molecola_11267,18,0,18,0.07348416745662689,0
molecola_11267,19,0,19,0.6431955099105835,1
molecola_11267,20,0,20,0.1191914826631546,0
molecola_11267,21,0,21,0.6890445947647095,1
molecola_11267,22,0,22,0.4316013753414154,0
molecola_11267,23,0,23,0.029645321890711784,0
molecola_11267,24,0,24,0.04925461485981941,0
molecola_11267,25,0,25,0.037425827234983444,0
molecola_11267,26,0,26,0.01217768806964159,0
molecola_11267,27,0,27,0.002274648519232869,0
molecola_11267,28,0,28,0.004878099542111158,0
molecola_11267,29,0,29,0.04442259669303894,0
molecola_11267,30,0,30,0.028884872794151306,0
molecola_11410,1,0,1,0.8051189184188843,1
molecola_11410,2,0,2,0.05313422530889511,0
molecola_11410,3,0,3,0.1048029363155365,0
molecola_11410,4,0,4,0.10309991240501404,0
molecola_11410,5,0,5,0.20393256843090057,0
molecola_11410,6,1,6,0.9781144857406616,1
molecola_11410,7,0,7,0.033632755279541016,0
molecola_11410,8,0,8,0.03494573384523392,0
molecola_11410,9,0,9,0.024856222793459892,0
molecola_11410,10,0,10,0.03221221640706062,0
molecola_11410,11,0,11,0.007856744341552258,0
molecola_11410,12,0,12,0.002179393544793129,0
molecola_11410,13,0,13,0.0008877575164660811,0
molecola_11410,14,0,14,0.0013421867042779922,0
molecola_11410,15,0,15,0.0008693872950971127,0
molecola_11410,16,0,16,0.036039385944604874,0
molecola_11410,17,0,17,0.04963039979338646,0
molecola_11410,18,0,18,0.036039385944604874,0
molecola_11410,19,0,19,0.0013421867042779922,0
molecola_11410,20,0,20,0.0008693872950971127,0
molecola_11484,1,1,1,0.9421990513801575,1
molecola_11484,2,0,2,0.008592180907726288,0
molecola_11484,3,0,3,0.051461588591337204,0
molecola_11484,4,0,4,0.08181233704090118,0
molecola_11484,5,0,5,0.0015308355214074254,0
molecola_11484,6,0,6,0.0011300515616312623,0
molecola_11484,7,0,7,0.0016503202496096492,0
molecola_11484,8,0,8,0.0011870276648551226,0
molecola_11484,9,0,9,0.10060696303844452,0
molecola_11484,10,0,10,0.17982831597328186,0
molecola_11484,11,0,11,0.27631548047065735,0
molecola_11484,12,0,12,0.06287679821252823,0
molecola_11484,13,0,13,0.27631548047065735,0
molecola_11484,14,0,14,0.17982831597328186,0
molecola_11500,1,1,1,0.9673911929130554,1
molecola_11500,2,1,2,0.9786544442176819,1
molecola_11500,3,0,3,0.0403144434094429,0
molecola_11500,4,0,4,0.08216646313667297,0
molecola_11500,5,0,5,0.10860955715179443,0
molecola_11500,6,0,6,0.16550461947917938,0
molecola_11500,7,0,7,0.002100613433867693,0
molecola_11500,8,0,8,0.005533361807465553,0
molecola_11500,9,0,9,0.0012010628124698997,0
molecola_11500,10,0,10,0.0007937427726574242,0
molecola_11500,11,0,11,0.015833795070648193,0
molecola_11500,12,0,12,0.04941727966070175,0
molecola_11500,13,0,13,0.056790128350257874,0
molecola_11500,14,0,14,0.03465554863214493,0
molecola_11500,15,0,15,0.004428958520293236,0
molecola_11500,16,0,16,0.0014767696848139167,0
molecola_11500,17,0,17,0.0007847549859434366,0
molecola_11500,18,0,18,0.0013862347695976496,0
molecola_11500,19,0,19,0.0012883376330137253,0
molecola_11500,20,0,20,0.0011777803301811218,0
molecola_11500,21,0,21,0.002711127744987607,0
molecola_11500,22,0,22,0.0070632630959153175,0
molecola_11500,23,0,23,0.008048618212342262,0
molecola_11500,24,0,24,0.010695019736886024,0
molecola_1176,1,1,1,0.989325761795044,1
molecola_1176,2,0,2,0.009498445317149162,0
molecola_1176,3,0,3,0.008692849427461624,0
molecola_1176,4,0,4,0.0015750591410323977,0
molecola_1176,5,0,5,0.0007370614330284297,0
molecola_1176,6,0,6,0.0005901625845581293,0
molecola_1176,7,0,7,0.0006932099349796772,0
molecola_1176,8,0,8,0.0006397408433258533,0
molecola_1176,9,0,9,0.0006930629606358707,0
molecola_1176,10,0,10,0.001381552079692483,0
molecola_1176,11,0,11,0.0010393708944320679,0
molecola_11894,1,0,1,0.005333136301487684,0
molecola_11894,2,0,2,0.011141408234834671,0
molecola_11894,3,1,3,0.4075223207473755,0
molecola_11894,4,0,4,0.022561728954315186,0
molecola_11894,5,0,5,0.0071356105618178844,0
molecola_11894,6,0,6,0.0071356105618178844,0
molecola_11894,7,0,7,0.1281282901763916,0
molecola_11894,8,0,8,0.02168963849544525,0
molecola_11894,9,1,9,0.9371131658554077,1
molecola_11894,10,1,10,0.8935325741767883,1
molecola_11894,11,0,11,0.007043930236250162,0
molecola_11894,12,0,12,0.01261142734438181,0
molecola_11894,13,0,13,0.011421031318604946,0
molecola_11894,14,0,14,0.004031164105981588,0
molecola_11894,15,0,15,0.0012585159856826067,0
molecola_11894,16,0,16,0.001192173338495195,0
molecola_11894,17,0,17,0.0015037868870422244,0
molecola_11943,1,1,1,0.9667326807975769,1
molecola_11943,2,1,2,0.9793830513954163,1
molecola_11943,3,0,3,0.7884311676025391,1
molecola_11943,4,0,4,0.6786497831344604,1
molecola_11943,5,0,5,0.2201252281665802,0
molecola_11943,6,0,6,0.20240360498428345,0
molecola_11943,7,0,7,0.2038789987564087,0
molecola_11943,8,0,8,0.22010113298892975,0
molecola_11943,9,0,9,0.0449104867875576,0
molecola_11943,10,0,10,0.09406349062919617,0
molecola_11943,11,0,11,0.4069209694862366,0
molecola_11943,12,0,12,0.2947600483894348,0
molecola_11943,13,0,13,0.37758833169937134,0
molecola_11943,14,0,14,0.014842892065644264,0
molecola_11943,15,0,15,0.75992351770401,1
molecola_11943,16,0,16,0.01012964267283678,0
molecola_11943,17,0,17,0.0010685165179893374,0
molecola_11943,18,0,18,0.0010923919035121799,0
molecola_11943,19,0,19,0.0009950128151103854,0
molecola_11943,20,0,20,0.0010923919035121799,0
molecola_11943,21,0,21,0.0010685165179893374,0
molecola_11943,22,0,22,0.000906150380615145,0
molecola_11943,23,0,23,0.0012372360797598958,0
molecola_11943,24,0,24,0.0014692735858261585,0
molecola_11943,25,0,25,0.0006495434208773077,0
molecola_11943,26,0,26,0.0021679054480046034,0
molecola_11943,27,0,27,0.031644079834222794,0
molecola_11943,28,0,28,0.060667846351861954,0
molecola_11943,29,0,29,0.031644079834222794,0
molecola_11943,30,0,30,0.0021679054480046034,0
molecola_11943,31,0,31,0.0006495434208773077,0
molecola_11943,32,0,32,0.0021679054480046034,0
molecola_11943,33,0,33,0.031644079834222794,0
molecola_11943,34,0,34,0.060667846351861954,0
molecola_11943,35,0,35,0.031644079834222794,0
molecola_11943,36,0,36,0.0021679054480046034,0
molecola_11978,1,0,1,0.06149645149707794,0
molecola_11978,2,0,2,0.08649373799562454,0
molecola_11978,3,0,3,0.00437231594696641,0
molecola_11978,4,0,4,0.007095205597579479,0
molecola_11978,5,0,5,0.002364220330491662,0
molecola_11978,6,0,6,0.0017954704817384481,0
molecola_11978,7,0,7,0.0015281528467312455,0
molecola_11978,8,0,8,0.0008624483598396182,0
molecola_11978,9,0,9,0.0005422855028882623,0
molecola_11978,10,0,10,0.0005965391173958778,0
molecola_11978,11,0,11,0.010023578070104122,0
molecola_11978,12,0,12,0.00635442603379488,0
molecola_11978,13,0,13,0.013060620985925198,0
molecola_11978,14,0,14,0.0009739213273860514,0
molecola_11978,15,0,15,0.0018519202712923288,0
molecola_11978,16,0,16,0.0016362143214792013,0
molecola_11978,17,0,17,0.001177656464278698,0
molecola_11978,18,0,18,0.0011238829465582967,0
molecola_11978,19,0,19,0.0006868384080007672,0
molecola_11978,20,0,20,0.0011238829465582967,0
molecola_11978,21,0,21,0.001177656464278698,0
molecola_11978,22,0,22,0.0026789235416799784,0
molecola_11978,23,0,23,0.002858623629435897,0
molecola_11978,24,0,24,0.1739404797554016,0
molecola_11978,25,0,25,0.08826249837875366,0
molecola_11978,26,0,26,0.11804775893688202,0
molecola_11978,27,0,27,0.008265110664069653,0
molecola_11978,28,1,28,0.9901352524757385,1
molecola_11978,29,0,29,0.0014146696776151657,0
molecola_11987,1,0,1,0.7605994939804077,1
molecola_11987,2,1,2,0.9716514348983765,1
molecola_11987,3,1,3,0.9583394527435303,1
molecola_11987,4,0,4,0.49600785970687866,0
molecola_11987,5,0,5,0.014614571817219257,0
molecola_11987,6,0,6,0.0009094233391806483,0
molecola_11987,7,0,7,0.0009331355686299503,0
molecola_11987,8,0,8,0.0007568798610009253,0
molecola_11987,9,0,9,0.0022402263712137938,0
molecola_11987,10,0,10,0.024595631286501884,0
molecola_11987,11,0,11,0.03475102409720421,0
molecola_11987,12,0,12,0.0019023320637643337,0
molecola_12028,1,0,1,0.23600657284259796,0
molecola_12028,2,0,2,0.07069212943315506,0
molecola_12028,3,0,3,0.10791510343551636,0
molecola_12028,4,0,4,0.06256182491779327,0
molecola_12028,5,0,5,0.07410890609025955,0
molecola_12028,6,0,6,0.04243044927716255,0
molecola_12028,7,0,7,0.09444770961999893,0
molecola_12028,8,0,8,0.3004611134529114,0
molecola_12028,9,0,9,0.2305385023355484,0
molecola_12028,10,0,10,0.3145845830440521,0
molecola_12028,11,0,11,0.31100526452064514,0
molecola_12028,12,0,12,0.1943313181400299,0
molecola_12028,13,1,13,0.9922640323638916,1
molecola_12028,14,0,14,0.020601067692041397,0
molecola_12028,15,0,15,0.03624271601438522,0
molecola_12028,16,0,16,0.024603502824902534,0
molecola_12028,17,0,17,0.016317052766680717,0
molecola_12028,18,0,18,0.0011465128045529127,0
molecola_12028,19,0,19,0.0028832147363573313,0
molecola_12028,20,0,20,0.001514929230324924,0
molecola_12165,1,0,1,0.0014303793432191014,0
molecola_12165,2,0,2,0.0007669974584132433,0
molecola_12165,3,0,3,0.002314997371286154,0
molecola_12165,4,0,4,0.005295230075716972,0
molecola_12165,5,0,5,0.06079777702689171,0
molecola_12165,6,0,6,0.006484717596322298,0
molecola_12165,7,0,7,0.0009135563741438091,0
molecola_12165,8,1,8,0.9821886420249939,1
molecola_12165,9,1,9,0.9742214679718018,1
molecola_12165,10,0,10,0.0037163696251809597,0
molecola_12165,11,0,11,0.03441989794373512,0
molecola_12165,12,0,12,0.051706619560718536,0
molecola_12165,13,0,13,0.0586794838309288,0
molecola_12165,14,0,14,0.051706619560718536,0
molecola_12165,15,0,15,0.03441989794373512,0
molecola_12275,1,0,1,0.9088793992996216,1
molecola_12275,2,0,2,0.9877387285232544,1
molecola_12275,3,0,3,0.9088793992996216,1
molecola_12275,4,0,4,0.9468340873718262,1
molecola_12275,5,0,5,0.015513344667851925,0
molecola_12275,6,0,6,0.02383008599281311,0
molecola_12275,7,1,7,0.9830447435379028,1
molecola_12275,8,0,8,0.053858015686273575,0
molecola_12275,9,1,9,0.9791188836097717,1
molecola_12275,10,0,10,0.4312240183353424,0
molecola_12275,11,0,11,0.030554063618183136,0
molecola_12275,12,0,12,0.02144409529864788,0
molecola_12275,13,0,13,0.020495949313044548,0
molecola_12275,14,0,14,0.1984224021434784,0
molecola_12275,15,0,15,0.12256444990634918,0
molecola_12275,16,0,16,0.09823231399059296,0
molecola_12275,17,0,17,0.15684837102890015,0
molecola_12275,18,0,18,0.3303593397140503,0
molecola_12275,19,0,19,0.05842916667461395,0
molecola_12275,20,0,20,0.02839173749089241,0
molecola_12275,21,0,21,0.0036567579954862595,0
molecola_12275,22,0,22,0.5174435377120972,1
molecola_12275,23,0,23,0.05216667801141739,0
molecola_12275,24,0,24,0.9814742207527161,1
molecola_12275,25,0,25,0.4409159719944,0
molecola_12275,26,0,26,0.9809351563453674,1
molecola_12275,27,0,27,0.0036970924120396376,0
molecola_12275,28,0,28,0.6628639101982117,1
molecola_12275,29,0,29,0.5359824895858765,1
molecola_12275,30,0,30,0.5359824895858765,1
molecola_1230,1,0,1,0.0009176932508125901,0
molecola_1230,2,0,2,0.006533424835652113,0
molecola_1230,3,0,3,0.0009176932508125901,0
molecola_1230,4,0,4,0.0020240191370248795,0
molecola_1230,5,0,5,0.00192454073112458,0
molecola_1230,6,0,6,0.0017530217301100492,0
molecola_1230,7,0,7,0.0051224748603999615,0
molecola_1230,8,0,8,0.001058334019035101,0
molecola_1230,9,0,9,0.0014253128319978714,0
molecola_1230,10,0,10,0.0020403205417096615,0
molecola_1230,11,0,11,0.009946978650987148,0
molecola_1230,12,0,12,0.045235347002744675,0
molecola_1230,13,0,13,0.771014928817749,1
molecola_1230,14,0,14,0.04122642055153847,0
molecola_1230,15,1,15,0.9889640808105469,1
molecola_1230,16,0,16,0.771014928817749,1
molecola_1230,17,0,17,0.045235347002744675,0
molecola_1230,18,0,18,0.0006901111919432878,0
molecola_1230,19,0,19,0.0014085867442190647,0
molecola_1230,20,0,20,0.031041502952575684,0
molecola_1230,21,0,21,0.05701823905110359,0
molecola_1230,22,0,22,0.019085099920630455,0
molecola_1230,23,0,23,0.0011443773983046412,0
molecola_1230,24,0,24,0.0009888384956866503,0
molecola_12340,1,0,1,0.006070092786103487,0
molecola_12340,2,0,2,0.008532430976629257,0
molecola_12340,3,0,3,0.28038662672042847,0
molecola_12340,4,0,4,0.07002012431621552,0
molecola_12340,5,0,5,0.011252112686634064,0
molecola_12340,6,0,6,0.04875816032290459,0
molecola_12340,7,0,7,0.11761616915464401,0
molecola_12340,8,0,8,0.0012715389020740986,0
molecola_12340,9,0,9,0.0010420901235193014,0
molecola_12340,10,0,10,0.000959319993853569,0
molecola_12340,11,0,11,0.001612507039681077,0
molecola_12340,12,0,12,0.005612244829535484,0
molecola_12340,13,0,13,0.5221105217933655,1
molecola_12340,14,1,14,0.9315084218978882,1
molecola_12340,15,1,15,0.9486621618270874,1
molecola_12340,16,1,16,0.8497969508171082,1
molecola_12340,17,0,17,0.2365109771490097,0
molecola_12340,18,1,18,0.9857499599456787,1
molecola_12340,19,0,19,0.9092873930931091,1
molecola_12340,20,1,20,0.9092873930931091,1
molecola_12340,21,0,21,0.004726621322333813,0
molecola_12340,22,0,22,0.03703567758202553,0
molecola_12340,23,0,23,0.03462143614888191,0
molecola_12340,24,0,24,0.09316106140613556,0
molecola_12340,25,0,25,0.002126240637153387,0
molecola_12340,26,0,26,0.0029606407042592764,0
molecola_12369,1,0,1,0.001885069883428514,0
molecola_12369,2,0,2,0.0014356243191286922,0
molecola_12369,3,0,3,0.0008264923235401511,0
molecola_12369,4,0,4,0.0005195392877794802,0
molecola_12369,5,0,5,0.0005195392877794802,0
molecola_12369,6,0,6,0.0005399812362156808,0
molecola_12369,7,0,7,0.0009742744732648134,0
molecola_12369,8,0,8,0.014364076778292656,0
molecola_12369,9,0,9,0.07242880761623383,0
molecola_12369,10,0,10,0.0495857335627079,0
molecola_12369,11,0,11,0.05731822922825813,0
molecola_12369,12,0,12,0.06703352928161621,0
molecola_12369,13,0,13,0.03631633147597313,0
molecola_12369,14,0,14,0.004538634326308966,0
molecola_12369,15,0,15,0.03592319414019585,0
molecola_12369,16,0,16,0.009060789830982685,0
molecola_12369,17,0,17,0.006075472105294466,0
molecola_12369,18,0,18,0.010786699131131172,0
molecola_12369,19,1,19,0.9518074989318848,1
molecola_12369,20,1,20,0.9228352904319763,1
molecola_12369,21,1,21,0.9618274569511414,1
molecola_12369,22,1,22,0.9550891518592834,1
molecola_12369,23,0,23,0.760985791683197,1
molecola_12369,24,0,24,0.17836016416549683,0
molecola_12369,25,0,25,0.013996753841638565,0
molecola_12369,26,0,26,0.006022568326443434,0
molecola_12445,1,0,1,0.013593314215540886,0
molecola_12445,2,0,2,0.004373924806714058,0
molecola_12445,3,0,3,0.03475019335746765,0
molecola_12445,4,0,4,0.0057827928103506565,0
molecola_12445,5,0,5,0.009620876982808113,0
molecola_12445,6,0,6,0.0038243853487074375,0
molecola_12445,7,0,7,0.0038761270698159933,0
molecola_12445,8,0,8,0.026770053431391716,0
molecola_12445,9,0,9,0.01250813901424408,0
molecola_12445,10,0,10,0.19386741518974304,0
molecola_12445,11,0,11,0.0035712572280317545,0
molecola_12445,12,0,12,0.20295709371566772,0
molecola_12445,13,0,13,0.05425865575671196,0
molecola_12445,14,0,14,0.22344590723514557,0
molecola_12445,15,0,15,0.23766010999679565,0
molecola_12445,16,0,16,0.043683361262083054,0
molecola_12445,17,0,17,0.009103566408157349,0
molecola_12445,18,1,18,0.9634742736816406,1
molecola_12445,19,0,19,0.003379523055627942,0
molecola_12445,20,0,20,0.003379523055627942,0
molecola_12445,21,1,21,0.9419371485710144,1
molecola_12497,1,1,1,0.7867068648338318,1
molecola_12497,2,0,2,0.05955136939883232,0
molecola_12497,3,0,3,0.05583301559090614,0
molecola_12497,4,0,4,0.0949292927980423,0
molecola_12497,5,0,5,0.1689177006483078,0
molecola_12497,6,0,6,0.10544513911008835,0
molecola_12497,7,0,7,0.03053666278719902,0
molecola_12497,8,0,8,0.04313414543867111,0
molecola_12497,9,0,9,0.00571780651807785,0
molecola_12497,10,0,10,0.0007377894944511354,0
molecola_12497,11,0,11,0.0007377894944511354,0
molecola_12497,12,0,12,0.0007377894944511354,0
molecola_12497,13,0,13,0.10460438579320908,0
molecola_12497,14,0,14,0.11535217612981796,0
molecola_12497,15,0,15,0.06464449316263199,0
molecola_12664,1,0,1,0.013439232483506203,0
molecola_12664,2,0,2,0.003688971046358347,0
molecola_12664,3,0,3,0.008007234893739223,0
molecola_12664,4,0,4,0.005585690960288048,0
molecola_12664,5,0,5,0.003759583458304405,0
molecola_12664,6,0,6,0.001739600207656622,0
molecola_12664,7,0,7,0.004970563109964132,0
molecola_12664,8,0,8,0.7067994475364685,1
molecola_12664,9,0,9,0.008000852540135384,0
molecola_12664,10,0,10,0.014143154956400394,0
molecola_12664,11,0,11,0.01950358971953392,0
molecola_12664,12,0,12,0.04943182319402695,0
molecola_12664,13,0,13,0.009376308880746365,0
molecola_12664,14,0,14,0.003495852230116725,0
molecola_12664,15,0,15,0.0010812856489792466,0
molecola_12664,16,0,16,0.0009689516737125814,0
molecola_12664,17,0,17,0.2344760298728943,0
molecola_12664,18,0,18,0.012439392507076263,0
molecola_12664,19,0,19,0.025060400366783142,0
molecola_12664,20,0,20,0.086184062063694,0
molecola_12664,21,0,21,0.40570276975631714,0
molecola_12664,22,0,22,0.2993432879447937,0
molecola_12664,23,0,23,0.40570276975631714,0
molecola_12664,24,0,24,0.086184062063694,0
molecola_12664,25,0,25,0.001580161857418716,0
molecola_12664,26,0,26,0.0013208261225372553,0
molecola_12664,27,0,27,0.0018131437245756388,0
molecola_12664,28,0,28,0.0030015192460268736,0
molecola_12664,29,0,29,0.0025107874535024166,0
molecola_12664,30,1,30,0.9707947373390198,1
molecola_12664,31,1,31,0.9708892107009888,1
molecola_12664,32,0,32,0.001328815589658916,0
molecola_12664,33,0,33,0.001680239336565137,0
molecola_12664,34,0,34,0.0010711969807744026,0
molecola_12763,1,0,1,0.7234326004981995,1
molecola_12763,2,0,2,0.842199444770813,1
molecola_12763,3,0,3,0.245791494846344,0
molecola_12763,4,0,4,0.006473666988313198,0
molecola_12763,5,0,5,0.0010458844481036067,0
molecola_12763,6,0,6,0.0010987300192937255,0
molecola_12763,7,0,7,0.0007753230747766793,0
molecola_12763,8,0,8,0.001573706977069378,0
molecola_12763,9,0,9,0.0024371871259063482,0
molecola_12763,10,0,10,0.014837468042969704,0
molecola_12763,11,0,11,0.07299096137285233,0
molecola_12763,12,0,12,0.038067687302827835,0
molecola_12763,13,0,13,0.015461431816220284,0
molecola_12763,14,1,14,0.9890105128288269,1
molecola_12763,15,0,15,0.006792473141103983,0
molecola_12763,16,0,16,0.0031723480205982924,0
molecola_12763,17,0,17,0.0046606059186160564,0
molecola_12763,18,0,18,0.0010987300192937255,0
molecola_12763,19,0,19,0.0007753230747766793,0
molecola_12763,20,0,20,0.0010458844481036067,0
molecola_12763,21,1,21,0.9752566814422607,1
molecola_12763,22,0,22,0.8977840542793274,1
molecola_12763,23,1,23,0.8977840542793274,1
molecola_12824,1,0,1,0.004675640258938074,0
molecola_12824,2,0,2,0.034827206283807755,0
molecola_12824,3,0,3,0.004675640258938074,0
molecola_12824,4,0,4,0.01615118235349655,0
molecola_12824,5,0,5,0.05470699444413185,0
molecola_12824,6,0,6,0.005082216113805771,0
molecola_12824,7,0,7,0.06227656081318855,0
molecola_12824,8,0,8,0.033350903540849686,0
molecola_12824,9,0,9,0.04037049040198326,0
molecola_12824,10,0,10,0.03394489362835884,0
molecola_12824,11,0,11,0.010318564251065254,0
molecola_12824,12,0,12,0.01339726708829403,0
molecola_12824,13,0,13,0.0025166221894323826,0
molecola_12824,14,0,14,0.010318564251065254,0
molecola_12824,15,0,15,0.03394489362835884,0
molecola_12824,16,0,16,0.027525518089532852,0
molecola_12824,17,0,17,0.019922057166695595,0
molecola_12824,18,0,18,0.4938105046749115,0
molecola_12824,19,0,19,0.8423950672149658,1
molecola_12824,20,0,20,0.8573064208030701,1
molecola_12824,21,0,21,0.42789426445961,0
molecola_12824,22,0,22,0.85841304063797,1
molecola_12824,23,0,23,0.8662216067314148,1
molecola_12824,24,0,24,0.7629761099815369,1
molecola_12824,25,1,25,0.9601567387580872,1
molecola_12824,26,0,26,0.8862372636795044,1
molecola_12824,27,1,27,0.8862372636795044,1
molecola_12824,28,0,28,0.0045068031176924706,0
molecola_12824,29,0,29,0.0007362281903624535,0
molecola_12824,30,0,30,0.0010054101003333926,0
molecola_12824,31,0,31,0.0005396506167016923,0
molecola_12824,32,0,32,0.0005396506167016923,0
molecola_12824,33,0,33,0.0005328957922756672,0
molecola_12857,1,1,1,0.9765757322311401,1
molecola_12857,2,0,2,0.1608625054359436,0
molecola_12857,3,0,3,0.03801804035902023,0
molecola_12857,4,0,4,0.04770539328455925,0
molecola_12857,5,0,5,0.018872879445552826,0
molecola_12857,6,0,6,0.02462627924978733,0
molecola_12857,7,0,7,0.0676330104470253,0
molecola_12857,8,0,8,0.0438670814037323,0
molecola_12857,9,0,9,0.1608625054359436,0
molecola_12857,10,0,10,0.9765757322311401,1
molecola_12857,11,0,11,0.03801804035902023,0
molecola_12857,12,0,12,0.04770539328455925,0
molecola_12857,13,0,13,0.018872879445552826,0
molecola_12857,14,0,14,0.02462627924978733,0
molecola_12857,15,0,15,0.0676330104470253,0
molecola_12857,16,0,16,0.0438670814037323,0
molecola_12857,17,0,17,0.040234893560409546,0
molecola_12857,18,0,18,0.040234893560409546,0
molecola_12931,1,0,1,0.10839661955833435,0
molecola_12931,2,0,2,0.44160568714141846,0
molecola_12931,3,0,3,0.10839661955833435,0
molecola_12931,4,0,4,0.39457967877388,0
molecola_12931,5,0,5,0.22836129367351532,0
molecola_12931,6,0,6,0.01779315248131752,0
molecola_12931,7,0,7,0.005224968772381544,0
molecola_12931,8,0,8,0.002160575706511736,0
molecola_12931,9,0,9,0.20413118600845337,0
molecola_12931,10,1,10,0.8744158744812012,1
molecola_12931,11,1,11,0.9190294146537781,1
molecola_1302,1,0,1,0.003080091206356883,0
molecola_1302,2,0,2,0.0010489157866686583,0
molecola_1302,3,0,3,0.0015224318485707045,0
molecola_1302,4,0,4,0.0008949596667662263,0
molecola_1302,5,0,5,0.0005329994601197541,0
molecola_1302,6,0,6,0.0014342498034238815,0
molecola_1302,7,0,7,0.00479770265519619,0
molecola_1302,8,1,8,0.9922510981559753,1
molecola_1302,9,0,9,0.9682707786560059,1
molecola_1302,10,1,10,0.9682707786560059,1
molecola_1302,11,0,11,0.001050900318659842,0
molecola_1302,12,0,12,0.0005942020798102021,0
molecola_1302,13,0,13,0.0005942020798102021,0
molecola_1302,14,0,14,0.007998430170118809,0
molecola_1302,15,0,15,0.00142956362105906,0
molecola_1302,16,0,16,0.004560583736747503,0
molecola_1302,17,0,17,0.000946136424317956,0
molecola_1302,18,0,18,0.002367743058130145,0
molecola_1302,19,0,19,0.018763884902000427,0
molecola_1302,20,0,20,0.01638650894165039,0
molecola_1302,21,0,21,0.025494849309325218,0
molecola_1302,22,0,22,0.019869232550263405,0
molecola_1302,23,0,23,0.026783626526594162,0
molecola_1302,24,0,24,0.022603003308176994,0
molecola_1302,25,0,25,0.009906291961669922,0
molecola_1302,26,0,26,0.0018173099961131811,0
molecola_1302,27,0,27,0.0109641058370471,0
molecola_1302,28,0,28,0.005747457966208458,0
molecola_1302,29,0,29,0.010275965556502342,0
molecola_1302,30,0,30,0.018763884902000427,0
molecola_1302,31,0,31,0.002367743058130145,0
molecola_13387,1,0,1,0.014728198759257793,0
molecola_13387,2,0,2,0.005487553775310516,0
molecola_13387,3,0,3,0.012817315757274628,0
molecola_13387,4,0,4,0.009331658482551575,0
molecola_13387,5,0,5,0.029178306460380554,0
molecola_13387,6,0,6,0.6681010723114014,1
molecola_13387,7,0,7,0.6659876704216003,1
molecola_13387,8,0,8,0.7838454246520996,1
molecola_13387,9,0,9,0.6870596408843994,1
molecola_13387,10,1,10,0.820762574672699,1
molecola_13387,11,1,11,0.9573302268981934,1
molecola_13387,12,0,12,0.8878651857376099,1
molecola_13387,13,1,13,0.8878651857376099,1
molecola_13387,14,0,14,0.025193767622113228,0
molecola_13387,15,0,15,0.08387497812509537,0
molecola_13387,16,0,16,0.4123697578907013,0
molecola_13387,17,0,17,0.2955189049243927,0
molecola_13387,18,0,18,0.3575569689273834,0
molecola_13387,19,0,19,0.025360552594065666,0
molecola_13387,20,0,20,0.013083154335618019,0
molecola_13497,1,0,1,0.0010544704273343086,0
molecola_13497,2,0,2,0.0009731533355079591,0
molecola_13497,3,0,3,0.0010544704273343086,0
molecola_13497,4,0,4,0.001530383713543415,0
molecola_13497,5,0,5,0.012363361194729805,0
molecola_13497,6,0,6,0.01019055861979723,0
molecola_13497,7,0,7,0.0025893286801874638,0
molecola_13497,8,0,8,0.01618700847029686,0
molecola_13497,9,0,9,0.0009693233878351748,0
molecola_13497,10,0,10,0.0009692281601019204,0
molecola_13497,11,0,11,0.0009765303693711758,0
molecola_13497,12,0,12,0.0020485930144786835,0
molecola_13497,13,0,13,0.0007688855403102934,0
molecola_13497,14,0,14,0.0019908917602151632,0
molecola_13497,15,0,15,0.031663693487644196,0
molecola_13497,16,0,16,0.059697918593883514,0
molecola_13497,17,0,17,0.031663693487644196,0
molecola_13497,18,0,18,0.0019908917602151632,0
molecola_13497,19,0,19,0.0014130937634035945,0
molecola_13497,20,0,20,0.006875805091112852,0
molecola_13497,21,0,21,0.3258368670940399,0
molecola_13497,22,0,22,0.8422545790672302,1
molecola_13497,23,0,23,0.7182192206382751,1
molecola_13497,24,0,24,0.9760564565658569,1
molecola_13497,25,0,25,0.8983103632926941,1
molecola_13497,26,0,26,0.8983103632926941,1
molecola_13497,27,0,27,0.001355168642476201,0
molecola_13497,28,0,28,0.0005575005197897553,0
molecola_13497,29,0,29,0.0009804415749385953,0
molecola_13497,30,0,30,0.8954586982727051,1
molecola_13497,31,1,31,0.9847506284713745,1
molecola_13497,32,0,32,0.9071637988090515,1
molecola_13497,33,1,33,0.9071637988090515,1
molecola_13611,1,1,1,0.26074445247650146,0
molecola_13611,2,0,2,0.022468434646725655,0
molecola_13611,3,0,3,0.005509376060217619,0
molecola_13611,4,0,4,0.001226135529577732,0
molecola_13611,5,0,5,0.0028277914971113205,0
molecola_13611,6,0,6,0.001647315570153296,0
molecola_13611,7,0,7,0.0009621167555451393,0
molecola_13611,8,0,8,0.0037115158047527075,0
molecola_13611,9,0,9,0.040804192423820496,0
molecola_13611,10,0,10,0.026800667867064476,0
molecola_13611,11,0,11,0.06329993903636932,0
molecola_13611,12,0,12,0.13196390867233276,0
molecola_13611,13,0,13,0.09690029919147491,0
molecola_13611,14,0,14,0.024256210774183273,0
molecola_13611,15,0,15,0.14097796380519867,0
molecola_13611,16,0,16,0.06966586410999298,0
molecola_13611,17,0,17,0.0703752413392067,0
molecola_13611,18,0,18,0.06318631023168564,0
molecola_13611,19,0,19,0.20042048394680023,0
molecola_13611,20,0,20,0.12170049548149109,0
molecola_13611,21,1,21,0.9889182448387146,1
molecola_13611,22,0,22,0.19820305705070496,0
molecola_13611,23,0,23,0.007539509329944849,0
molecola_13611,24,0,24,0.3638921082019806,0
molecola_13611,25,1,25,0.9302541017532349,1
molecola_13611,26,1,26,0.9460877180099487,1
molecola_1365,1,0,1,0.25818222761154175,0
molecola_1365,2,0,2,0.0790678858757019,0
molecola_1365,3,0,3,0.10733687877655029,0
molecola_1365,4,0,4,0.10533640533685684,0
molecola_1365,5,1,5,0.9923120141029358,1
molecola_1365,6,0,6,0.3293153643608093,0
molecola_1365,7,0,7,0.25793227553367615,0
molecola_1365,8,0,8,0.016260502859950066,0
molecola_1365,9,0,9,0.25286999344825745,0
molecola_1365,10,0,10,0.09149169921875,0
molecola_1365,11,0,11,0.07348215579986572,0
molecola_1365,12,1,12,0.9816529154777527,1
molecola_1365,13,0,13,0.024886731058359146,0
molecola_1365,14,0,14,0.002949137706309557,0
molecola_1365,15,0,15,0.0014257155125960708,0
molecola_1365,16,0,16,0.0017428493592888117,0
molecola_1365,17,0,17,0.003919694572687149,0
molecola_1365,18,0,18,0.003919694572687149,0
molecola_1365,19,0,19,0.10978991538286209,0
molecola_1365,20,1,20,0.9557256102561951,1
molecola_1365,21,0,21,0.07123512029647827,0
molecola_1365,22,0,22,0.07686589658260345,0
molecola_1365,23,0,23,0.08463756740093231,0
molecola_1365,24,0,24,0.12595142424106598,0
molecola_1365,25,0,25,0.005350381601601839,0
molecola_1365,26,0,26,0.0023097521625459194,0
molecola_1365,27,0,27,0.001753820339217782,0
molecola_1365,28,0,28,0.001672057551331818,0
molecola_1365,29,0,29,0.003919694572687149,0
molecola_1365,30,0,30,0.003919694572687149,0
molecola_1366,1,0,1,0.005556537304073572,0
molecola_1366,2,0,2,0.004020679276436567,0
molecola_1366,3,0,3,0.005556537304073572,0
molecola_1366,4,0,4,0.050494998693466187,0
molecola_1366,5,0,5,0.03755350038409233,0
molecola_1366,6,0,6,0.03819757699966431,0
molecola_1366,7,0,7,0.07671613246202469,0
molecola_1366,8,0,8,0.13696934282779694,0
molecola_1366,9,0,9,0.01323599461466074,0
molecola_1366,10,0,10,0.007080396171659231,0
molecola_1366,11,0,11,0.003973732236772776,0
molecola_1366,12,0,12,0.0013881794875487685,0
molecola_1366,13,0,13,0.0022252441849559546,0
molecola_1366,14,0,14,0.0022252441849559546,0
molecola_1366,15,0,15,0.0013881794875487685,0
molecola_1366,16,0,16,0.003973732236772776,0
molecola_1366,17,0,17,0.002058381214737892,0
molecola_1366,18,0,18,0.0016677775420248508,0
molecola_1366,19,0,19,0.005614365916699171,0
molecola_1366,20,0,20,0.0025971257127821445,0
molecola_1366,21,0,21,0.015533450059592724,0
molecola_1366,22,0,22,0.0009898494463413954,0
molecola_1366,23,0,23,0.0009831177303567529,0
molecola_1366,24,0,24,0.0017150945495814085,0
molecola_1366,25,0,25,0.0013826090143993497,0
molecola_1366,26,0,26,0.0013130089500918984,0
molecola_1366,27,0,27,0.0011099581606686115,0
molecola_1366,28,0,28,0.0009672291926108301,0
molecola_1366,29,0,29,0.0009672291926108301,0
molecola_1366,30,0,30,0.0013130089500918984,0
molecola_1366,31,0,31,0.0013826090143993497,0
molecola_1366,32,0,32,0.0031137189362198114,0
molecola_1366,33,0,33,0.010998544283211231,0
molecola_1366,34,0,34,0.769814670085907,1
molecola_1366,35,0,35,0.04113896191120148,0
molecola_1366,36,1,36,0.9889763593673706,1
molecola_1366,37,0,37,0.769814670085907,1
molecola_1366,38,0,38,0.010998544283211231,0
molecola_13660,1,0,1,0.005038541741669178,0
molecola_13660,2,0,2,0.004928914364427328,0
molecola_13660,3,0,3,0.002703241305425763,0
molecola_13660,4,0,4,0.001843983307480812,0
molecola_13660,5,0,5,0.004076637327671051,0
molecola_13660,6,0,6,0.7692878246307373,1
molecola_13660,7,0,7,0.04115351289510727,0
molecola_13660,8,1,8,0.9889684915542603,1
molecola_13660,9,0,9,0.7692878246307373,1
molecola_13660,10,0,10,0.004076637327671051,0
molecola_13660,11,0,11,0.5731911659240723,1
molecola_13660,12,0,12,0.002876006066799164,0
molecola_13660,13,0,13,0.0011630152584984899,0
molecola_13660,14,0,14,0.0009175394079647958,0
molecola_13660,15,0,15,0.0009549322421662509,0
molecola_13660,16,0,16,0.003960893023759127,0
molecola_13660,17,0,17,0.5563216805458069,1
molecola_13660,18,0,18,0.02392381802201271,0
molecola_13660,19,1,19,0.9909802079200745,1
molecola_13660,20,0,20,0.08304044604301453,0
molecola_13660,21,0,21,0.016101982444524765,0
molecola_13660,22,0,22,0.0016175551572814584,0
molecola_13660,23,0,23,0.0011312152491882443,0
molecola_13660,24,0,24,0.0016539357602596283,0
molecola_13674,1,0,1,0.0019972810987383127,0
molecola_13674,2,0,2,0.008688363246619701,0
molecola_13674,3,0,3,0.0442681685090065,0
molecola_13674,4,0,4,0.735796332359314,1
molecola_13674,5,0,5,0.044729623943567276,0
molecola_13674,6,0,6,0.00923953577876091,0
molecola_13674,7,0,7,0.012771867215633392,0
molecola_13674,8,0,8,0.13577888906002045,0
molecola_13674,9,0,9,0.08934001624584198,0
molecola_13674,10,1,10,0.9885618686676025,1
molecola_13674,11,0,11,0.0919380933046341,0
molecola_13674,12,0,12,0.1445494294166565,0
molecola_13674,13,0,13,0.41928261518478394,0
molecola_13674,14,0,14,0.2972586154937744,0
molecola_13674,15,0,15,0.28410327434539795,0
molecola_13674,16,0,16,0.007125253323465586,0
molecola_14022,1,0,1,0.013514935038983822,0
molecola_14022,2,0,2,0.0037438496947288513,0
molecola_14022,3,0,3,0.008564090356230736,0
molecola_14022,4,0,4,0.006256663240492344,0
molecola_14022,5,0,5,0.008587685413658619,0
molecola_14022,6,0,6,0.001547984080389142,0
molecola_14022,7,0,7,0.0018220621859654784,0
molecola_14022,8,0,8,0.0022490848787128925,0
molecola_14022,9,0,9,0.0010777736315503716,0
molecola_14022,10,0,10,0.12646237015724182,0
molecola_14022,11,1,11,0.955331027507782,1
molecola_14022,12,1,12,0.9729108810424805,1
molecola_14022,13,0,13,0.3248113691806793,0
molecola_14022,14,0,14,0.0013820468448102474,0
molecola_14022,15,0,15,0.0018414679216220975,0
molecola_14022,16,0,16,0.019002895802259445,0
molecola_14022,17,0,17,0.049495551735162735,0
molecola_14022,18,0,18,0.09784712642431259,0
molecola_14022,19,0,19,0.16075453162193298,0
molecola_14022,20,0,20,0.23900017142295837,0
molecola_14022,21,0,21,0.0865587666630745,0
molecola_14022,22,0,22,0.16226111352443695,0
molecola_14022,23,0,23,0.23935717344284058,0
molecola_14022,24,0,24,0.09784712642431259,0
molecola_14022,25,0,25,0.16075453162193298,0
molecola_14022,26,0,26,0.23900017142295837,0
molecola_14022,27,0,27,0.049495551735162735,0
molecola_1416,1,1,1,0.988573431968689,1
molecola_1416,2,0,2,0.04078640788793564,0
molecola_1416,3,0,3,0.777034342288971,1
molecola_1416,4,0,4,0.054293978959321976,0
molecola_1416,5,0,5,0.021076517179608345,0
molecola_1416,6,0,6,0.059124868363142014,0
molecola_1416,7,0,7,0.007206106558442116,0
molecola_1416,8,0,8,0.0025585785042494535,0
molecola_1416,9,0,9,0.001298902789130807,0
molecola_1416,10,0,10,0.0014085288858041167,0
molecola_1416,11,0,11,0.000854389916639775,0
molecola_1416,12,0,12,0.0014125757152214646,0
molecola_1416,13,0,13,0.0010813443223014474,0
molecola_1416,14,0,14,0.004482644144445658,0
molecola_1416,15,0,15,0.006220617331564426,0
molecola_1416,16,0,16,0.0018660785863175988,0
molecola_1416,17,0,17,0.004917031619697809,0
molecola_1416,18,0,18,0.0021713348105549812,0
molecola_1416,19,0,19,0.0017020254163071513,0
molecola_1416,20,0,20,0.0021713348105549812,0
molecola_1416,21,0,21,0.004917031619697809,0
molecola_1416,22,0,22,0.0014085288858041167,0
molecola_1416,23,0,23,0.001298902789130807,0
molecola_1416,24,0,24,0.054293978959321976,0
molecola_1416,25,0,25,0.777034342288971,1
molecola_14380,1,0,1,0.7254043817520142,1
molecola_14380,2,0,2,0.859143078327179,1
molecola_14380,3,0,3,0.388700008392334,0
molecola_14380,4,0,4,0.3053800165653229,0
molecola_14380,5,0,5,0.02138379029929638,0
molecola_14380,6,0,6,0.001480686478316784,0
molecola_14380,7,0,7,0.0034445945639163256,0
molecola_14380,8,0,8,0.0016089656855911016,0
molecola_14380,9,0,9,0.002635143231600523,0
molecola_14380,10,0,10,0.004855829756706953,0
molecola_14380,11,0,11,0.10509686172008514,0
molecola_14380,12,0,12,0.026539064943790436,0
molecola_14380,13,0,13,0.022196639329195023,0
molecola_14380,14,0,14,0.20419850945472717,0
molecola_14380,15,1,15,0.9824891090393066,1
molecola_14380,16,0,16,0.012339295819401741,0
molecola_14380,17,0,17,0.1894301325082779,0
molecola_14380,18,0,18,0.005600864067673683,0
molecola_14380,19,0,19,0.003248207736760378,0
molecola_14380,20,1,20,0.972203254699707,1
molecola_14380,21,0,21,0.8964337110519409,1
molecola_14380,22,1,22,0.8964337110519409,1
molecola_14583,1,0,1,0.9295782446861267,1
molecola_14583,2,0,2,0.9399270415306091,1
molecola_14583,3,0,3,0.034924983978271484,0
molecola_14583,4,0,4,0.02853655070066452,0
molecola_14583,5,0,5,0.020384283736348152,0
molecola_14583,6,0,6,0.005634997505694628,0
molecola_14583,7,0,7,0.02122248150408268,0
molecola_14583,8,0,8,0.04975318908691406,0
molecola_14583,9,1,9,0.9867729544639587,1
molecola_14583,10,0,10,0.9338662624359131,1
molecola_14583,11,0,11,0.9147404432296753,1
molecola_14583,12,0,12,0.3155589997768402,0
molecola_14583,13,0,13,0.6456632614135742,1
molecola_14583,14,0,14,0.003072593593969941,0
molecola_14583,15,0,15,0.0018675444880500436,0
molecola_14583,16,0,16,0.0009594772127456963,0
molecola_14583,17,0,17,0.001110787969082594,0
molecola_14583,18,0,18,0.0011583009036257863,0
molecola_14583,19,0,19,0.003126702969893813,0
molecola_14583,20,0,20,0.006799164228141308,0
molecola_14583,21,0,21,0.0031529900152236223,0
molecola_14583,22,0,22,0.0011686488287523389,0
molecola_14583,23,0,23,0.001013998407870531,0
molecola_14583,24,0,24,0.0012546386569738388,0
molecola_14583,25,0,25,0.0008524232544004917,0
molecola_14583,26,0,26,0.002256896812468767,0
molecola_14583,27,0,27,0.036850880831480026,0
molecola_14583,28,0,28,0.059010181576013565,0
molecola_14583,29,0,29,0.036850880831480026,0
molecola_14583,30,0,30,0.002256896812468767,0
molecola_14726,1,0,1,0.23918722569942474,0
molecola_14726,2,0,2,0.16215653717517853,0
molecola_14726,3,0,3,0.09824857860803604,0
molecola_14726,4,0,4,0.11755477637052536,0
molecola_14726,5,0,5,0.01719307340681553,0
molecola_14726,6,0,6,0.044737558811903,0
molecola_14726,7,0,7,0.07343045622110367,0
molecola_14726,8,0,8,0.09441614151000977,0
molecola_14726,9,0,9,0.1617371290922165,0
molecola_14726,10,0,10,0.23899874091148376,0
molecola_14726,11,1,11,0.9401176571846008,1
molecola_14726,12,1,12,0.9164510369300842,1
molecola_14726,13,0,13,0.16019082069396973,0
molecola_14726,14,0,14,0.0382595919072628,0
molecola_14726,15,0,15,0.0011570024071261287,0
molecola_14726,16,0,16,0.0012927232310175896,0
molecola_14726,17,0,17,0.0010350020602345467,0
molecola_14726,18,0,18,0.0009698845678940415,0
molecola_14726,19,0,19,0.0006863483577035367,0
molecola_14726,20,0,20,0.0011058715172111988,0
molecola_14726,21,0,21,0.000918713805731386,0
molecola_14726,22,0,22,0.0014918637461960316,0
molecola_14726,23,0,23,0.002457081340253353,0
molecola_14726,24,0,24,0.002457081340253353,0
molecola_14726,25,0,25,0.0007634487119503319,0
molecola_14726,26,0,26,0.005182543769478798,0
molecola_14726,27,0,27,0.13960757851600647,0
molecola_14726,28,0,28,0.09713523089885712,0
molecola_14726,29,0,29,0.16216014325618744,0
molecola_14726,30,0,30,0.23918722569942474,0
molecola_14726,31,0,31,0.0961662158370018,0
molecola_14726,32,0,32,0.16055083274841309,0
molecola_14726,33,0,33,0.23899874091148376,0
molecola_14726,34,0,34,0.009176487103104591,0
molecola_14802,1,1,1,0.9669450521469116,1
molecola_14802,2,1,2,0.9732498526573181,1
molecola_14802,3,1,3,0.7554698586463928,1
molecola_14802,4,0,4,0.16667886078357697,0
molecola_14802,5,0,5,0.010011141188442707,0
molecola_14802,6,0,6,0.21044109761714935,0
molecola_14802,7,0,7,0.009426400065422058,0
molecola_14802,8,0,8,0.01510633248835802,0
molecola_14802,9,0,9,0.029338127002120018,0
molecola_14802,10,0,10,0.03132197633385658,0
molecola_14802,11,0,11,0.01980884186923504,0
molecola_14802,12,0,12,0.0483371876180172,0
molecola_14802,13,0,13,0.04941481724381447,0
molecola_14802,14,0,14,0.04833829775452614,0
molecola_14802,15,0,15,0.019859105348587036,0
molecola_14802,16,0,16,0.030218590050935745,0
molecola_14802,17,0,17,0.02611442096531391,0
molecola_14802,18,0,18,0.009141276590526104,0
molecola_14802,19,0,19,0.006558151450008154,0
molecola_14802,20,0,20,0.00879522692412138,0
molecola_14802,21,1,21,0.8251944184303284,1
molecola_14802,22,1,22,0.8334197998046875,1
molecola_14802,23,0,23,0.7262166142463684,1
molecola_14802,24,0,24,0.6226865649223328,1
molecola_14802,25,0,25,0.6012254357337952,1
molecola_14802,26,0,26,0.5837389826774597,1
molecola_14802,27,0,27,0.5700053572654724,1
molecola_14802,28,0,28,0.5716008543968201,1
molecola_14802,29,0,29,0.6001808643341064,1
molecola_14802,30,0,30,0.6311350464820862,1
molecola_14802,31,0,31,0.5962905287742615,1
molecola_14802,32,0,32,0.5099363923072815,1
molecola_14802,33,0,33,0.5431409478187561,1
molecola_14802,34,0,34,0.5431409478187561,1
molecola_14972,1,0,1,0.007379428017884493,0
molecola_14972,2,0,2,0.004087388515472412,0
molecola_14972,3,0,3,0.007379428017884493,0
molecola_14972,4,1,4,0.9055038094520569,1
molecola_14972,5,0,5,0.0015674155438318849,0
molecola_14972,6,0,6,0.0008789158309809864,0
molecola_14972,7,0,7,0.002391217974945903,0
molecola_14972,8,0,8,0.03761700540781021,0
molecola_14972,9,0,9,0.059074848890304565,0
molecola_14972,10,0,10,0.03761700540781021,0
molecola_14972,11,0,11,0.002391217974945903,0
molecola_14979,1,1,1,0.9672912359237671,1
molecola_14979,2,1,2,0.9753814339637756,1
molecola_14979,3,0,3,0.002564671216532588,0
molecola_14979,4,0,4,0.0010555167682468891,0
molecola_14979,5,0,5,0.0016645969590172172,0
molecola_14979,6,0,6,0.004653967916965485,0
molecola_14979,7,0,7,0.0015806960873305798,0
molecola_14979,8,0,8,0.000727890816051513,0
molecola_14979,9,0,9,0.0013098202180117369,0
molecola_14979,10,0,10,0.0009311256580986083,0
molecola_14979,11,0,11,0.0011475069914013147,0
molecola_14979,12,0,12,0.0011475069914013147,0
molecola_14979,13,0,13,0.0009751683101058006,0
molecola_14979,14,0,14,0.0009112013503909111,0
molecola_14979,15,0,15,0.13783715665340424,0
molecola_14979,16,0,16,0.22068649530410767,0
molecola_14979,17,0,17,0.2427203357219696,0
molecola_14979,18,0,18,0.07863476127386093,0
molecola_14979,19,0,19,0.01021781750023365,0
molecola_14979,20,0,20,0.0020939221139997244,0
molecola_14979,21,0,21,0.0023650480434298515,0
molecola_14979,22,0,22,0.004037951119244099,0
molecola_14979,23,0,23,0.012735676020383835,0
molecola_14979,24,0,24,0.0013958550989627838,0
molecola_14979,25,0,25,0.0012612765422090888,0
molecola_14979,26,0,26,0.0012612765422090888,0
molecola_14979,27,0,27,0.0012612765422090888,0
molecola_15000,1,0,1,0.012840976938605309,0
molecola_15000,2,0,2,0.002821967238560319,0
molecola_15000,3,0,3,0.0025135762989521027,0
molecola_15000,4,0,4,0.0041900440119206905,0
molecola_15000,5,0,5,0.0022825836203992367,0
molecola_15000,6,0,6,0.018499255180358887,0
molecola_15000,7,0,7,0.01261557824909687,0
molecola_15000,8,0,8,0.050042565912008286,0
molecola_15000,9,0,9,0.031460873782634735,0
molecola_15000,10,0,10,0.017434492707252502,0
molecola_15000,11,0,11,0.0020074560306966305,0
molecola_15000,12,0,12,0.001955996500328183,0
molecola_15000,13,0,13,0.002285163151100278,0
molecola_15000,14,0,14,0.01176360435783863,0
molecola_15000,15,1,15,0.5323578715324402,1
molecola_15000,16,1,16,0.8980586528778076,1
molecola_15000,17,1,17,0.9501157402992249,1
molecola_15000,18,1,18,0.8017954230308533,1
molecola_15000,19,0,19,0.8017954230308533,1
molecola_15000,20,1,20,0.9836560487747192,1
molecola_15000,21,0,21,0.9060829281806946,1
molecola_15000,22,1,22,0.9060829281806946,1
molecola_15000,23,0,23,0.008987908251583576,0
molecola_15000,24,0,24,0.001263900543563068,0
molecola_15000,25,0,25,0.001263900543563068,0
molecola_15000,26,0,26,0.001263900543563068,0
molecola_15241,1,0,1,0.04851508513092995,0
molecola_15241,2,0,2,0.00817791000008583,0
molecola_15241,3,0,3,0.04851508513092995,0
molecola_15241,4,0,4,0.0013972596498206258,0
molecola_15241,5,0,5,0.015337605029344559,0
molecola_15241,6,0,6,0.0009685562108643353,0
molecola_15241,7,0,7,0.000994376023299992,0
molecola_15241,8,0,8,0.005429553799331188,0
molecola_15241,9,0,9,0.0010417778976261616,0
molecola_15241,10,0,10,0.0069850170984864235,0
molecola_15241,11,0,11,0.010153455659747124,0
molecola_15241,12,0,12,0.10598878562450409,0
molecola_15241,13,0,13,0.057946763932704926,0
molecola_15241,14,0,14,0.0365457609295845,0
molecola_15241,15,0,15,0.06160750612616539,0
molecola_15241,16,0,16,0.053062696009874344,0
molecola_15241,17,0,17,0.005051553249359131,0
molecola_15241,18,0,18,0.005051553249359131,0
molecola_15241,19,0,19,0.001061414135619998,0
molecola_15241,20,0,20,0.0005617121350951493,0
molecola_15241,21,0,21,0.007925791665911674,0
molecola_15241,22,0,22,0.005910166539251804,0
molecola_15241,23,1,23,0.4589535892009735,0
molecola_15241,24,1,24,0.9647219777107239,1
molecola_15241,25,1,25,0.9437123537063599,1
molecola_15241,26,1,26,0.19932211935520172,0
molecola_15241,27,0,27,0.014240172691643238,0
molecola_15241,28,0,28,0.0062093050219118595,0
molecola_15241,29,0,29,0.0032935880590230227,0
molecola_15241,30,0,30,0.04222899302840233,0
molecola_15241,31,0,31,0.0588807538151741,0
molecola_15241,32,0,32,0.04222899302840233,0
molecola_15241,33,0,33,0.0032935880590230227,0
molecola_15241,34,0,34,0.009309040382504463,0
molecola_15241,35,0,35,0.008401076309382915,0
molecola_15241,36,0,36,0.0024542510509490967,0
molecola_15241,37,0,37,0.004701428115367889,0
molecola_15241,38,0,38,0.05497264117002487,0
molecola_15241,39,0,39,0.036915335804224014,0
molecola_15241,40,0,40,0.11639425158500671,0
molecola_15241,41,0,41,0.07846175134181976,0
molecola_15241,42,0,42,0.16951856017112732,0
molecola_15241,43,0,43,0.08438656479120255,0
molecola_15241,44,0,44,0.0016406436916440725,0
molecola_15241,45,0,45,0.0008087904425337911,0
molecola_15241,46,0,46,0.002167525002732873,0
molecola_15241,47,0,47,0.032742295414209366,0
molecola_15241,48,0,48,0.059697918593883514,0
molecola_15241,49,0,49,0.032742295414209366,0
molecola_15241,50,0,50,0.002167525002732873,0
molecola_15351,1,0,1,0.2391889989376068,0
molecola_15351,2,0,2,0.16221188008785248,0
molecola_15351,3,0,3,0.09700841456651688,0
molecola_15351,4,0,4,0.15388190746307373,0
molecola_15351,5,0,5,0.24303370714187622,0
molecola_15351,6,0,6,0.19606053829193115,0
molecola_15351,7,0,7,0.0790233314037323,0
molecola_15351,8,0,8,0.010346631519496441,0
molecola_15351,9,0,9,0.7002384662628174,1
molecola_15351,10,0,10,0.5303484797477722,1
molecola_15351,11,1,11,0.714626133441925,1
molecola_15351,12,0,12,0.5303484797477722,1
molecola_15351,13,0,13,0.7002384662628174,1
molecola_15351,14,0,14,0.20128223299980164,0
molecola_15351,15,0,15,0.2695821523666382,0
molecola_15351,16,0,16,0.2671041786670685,0
molecola_15351,17,0,17,0.10029346495866776,0
molecola_15351,18,0,18,0.16170385479927063,0
molecola_15351,19,0,19,0.23935800790786743,0
molecola_1542,1,0,1,0.23600657284259796,0
molecola_1542,2,0,2,0.07309854030609131,0
molecola_1542,3,0,3,0.10495952516794205,0
molecola_1542,4,0,4,0.07813133299350739,0
molecola_1542,5,0,5,0.2288074940443039,0
molecola_1542,6,0,6,0.09601358324289322,0
molecola_1542,7,0,7,0.9197196960449219,1
molecola_1542,8,0,8,0.9333067536354065,1
molecola_1542,9,0,9,0.0012674948666244745,0
molecola_1542,10,0,10,0.0007657004171051085,0
molecola_1542,11,0,11,0.005090299528092146,0
molecola_1542,12,0,12,0.3646411895751953,0
molecola_1542,13,0,13,0.11795339733362198,0
molecola_1542,14,0,14,0.06571194529533386,0
molecola_1542,15,0,15,0.42016711831092834,0
molecola_1542,16,0,16,0.5163166522979736,1
molecola_1542,17,0,17,0.5263494849205017,1
molecola_1542,18,0,18,0.24733266234397888,0
molecola_1542,19,0,19,0.2371385395526886,0
molecola_1542,20,0,20,0.10044082254171371,0
molecola_1542,21,0,21,0.16255752742290497,0
molecola_1542,22,0,22,0.2386060208082199,0
molecola_1542,23,0,23,0.06669731438159943,0
molecola_1542,24,0,24,0.0012974264100193977,0
molecola_1542,25,0,25,0.009979433380067348,0
molecola_1542,26,0,26,0.3041461110115051,0
molecola_1542,27,0,27,0.18079392611980438,0
molecola_1542,28,1,28,0.9923875331878662,1
molecola_15435,1,0,1,0.007512579206377268,0
molecola_15435,2,0,2,0.03946712613105774,0
molecola_15435,3,0,3,0.011378549970686436,0
molecola_15435,4,0,4,0.4006649851799011,0
molecola_15435,5,0,5,0.001136670121923089,0
molecola_15435,6,0,6,0.0009389101178385317,0
molecola_15435,7,0,7,0.0018517704447731376,0
molecola_15435,8,0,8,0.003309278516098857,0
molecola_15435,9,0,9,0.010309940204024315,0
molecola_15435,10,0,10,0.0016694820951670408,0
molecola_15435,11,0,11,0.001275793300010264,0
molecola_15435,12,0,12,0.0011986512690782547,0
molecola_15435,13,0,13,0.02456616796553135,0
molecola_15435,14,0,14,0.038379523903131485,0
molecola_15435,15,0,15,0.19320909678936005,0
molecola_15435,16,0,16,0.1090243011713028,0
molecola_15435,17,1,17,0.9874367713928223,1
molecola_15435,18,0,18,0.06965606659650803,0
molecola_15534,1,0,1,0.0064300489611923695,0
molecola_15534,2,0,2,0.0032746149227023125,0
molecola_15534,3,0,3,0.00343893701210618,0
molecola_15534,4,0,4,0.0014424846740439534,0
molecola_15534,5,0,5,0.0011483643902465701,0
molecola_15534,6,0,6,0.0006744774291291833,0
molecola_15534,7,0,7,0.0011483643902465701,0
molecola_15534,8,0,8,0.0014424846740439534,0
molecola_15534,9,0,9,0.0010414131684228778,0
molecola_15534,10,0,10,0.0012372189667075872,0
molecola_15534,11,0,11,0.004536525346338749,0
molecola_15534,12,0,12,0.0028166519477963448,0
molecola_15534,13,0,13,0.13861346244812012,0
molecola_15534,14,0,14,0.03967740386724472,0
molecola_15534,15,0,15,0.06964854896068573,0
molecola_15534,16,0,16,0.013550505973398685,0
molecola_15534,17,0,17,0.14557969570159912,0
molecola_15534,18,0,18,0.14029504358768463,0
molecola_15534,19,0,19,0.09834793955087662,0
molecola_15534,20,0,20,0.007179161999374628,0
molecola_15534,21,0,21,0.001076278742402792,0
molecola_15534,22,0,22,0.0012440840946510434,0
molecola_15534,23,0,23,0.0010847800876945257,0
molecola_15534,24,0,24,0.024367764592170715,0
molecola_15534,25,0,25,0.000847429211717099,0
molecola_15534,26,0,26,0.0026501400861889124,0
molecola_15534,27,0,27,0.001224842737428844,0
molecola_15534,28,0,28,0.017435360699892044,0
molecola_15534,29,1,29,0.9889765381813049,1
molecola_15534,30,0,30,0.08100733906030655,0
molecola_15534,31,0,31,0.009296190924942493,0
molecola_15534,32,0,32,0.009441176429390907,0
molecola_15534,33,0,33,0.013226106762886047,0
molecola_15534,34,0,34,0.0012744325213134289,0
molecola_15534,35,0,35,0.0009282694081775844,0
molecola_15534,36,0,36,0.004536525346338749,0
molecola_15534,37,0,37,0.0012372189667075872,0
molecola_15568,1,1,1,0.9677762389183044,1
molecola_15568,2,1,2,0.992485761642456,1
molecola_15568,3,1,3,0.9677762389183044,1
molecola_15568,4,0,4,0.020935604348778725,0
molecola_15568,5,0,5,0.0024457355029881,0
molecola_15568,6,0,6,0.001253346330486238,0
molecola_15568,7,0,7,0.035146601498126984,0
molecola_15568,8,0,8,0.012221584096550941,0
molecola_15568,9,0,9,0.0017549352487549186,0
molecola_15568,10,0,10,0.0007631377666257322,0
molecola_15568,11,0,11,0.0007659518742002547,0
molecola_15568,12,0,12,0.0009320616954937577,0
molecola_15568,13,0,13,0.0009190115379169583,0
molecola_15736,1,0,1,0.013763055205345154,0
molecola_15736,2,0,2,0.004319110885262489,0
molecola_15736,3,0,3,0.010149652138352394,0
molecola_15736,4,0,4,0.0053303721360862255,0
molecola_15736,5,0,5,0.005633111577481031,0
molecola_15736,6,0,6,0.04047328978776932,0
molecola_15736,7,1,7,0.9749364852905273,1
molecola_15736,8,1,8,0.9156634211540222,1
molecola_15736,9,1,9,0.9619990587234497,1
molecola_15736,10,0,10,0.00801957305520773,0
molecola_15736,11,0,11,0.00453966436907649,0
molecola_15736,12,0,12,0.0033231780398637056,0
molecola_15736,13,0,13,0.001277552917599678,0
molecola_15736,14,0,14,0.001277552917599678,0
molecola_15736,15,0,15,0.001503923675045371,0
molecola_15736,16,0,16,0.003970521502196789,0
molecola_15824,1,0,1,0.004218607675284147,0
molecola_15824,2,0,2,0.0058961897157132626,0
molecola_15824,3,1,3,0.9702724814414978,1
molecola_15824,4,1,4,0.9657852649688721,1
molecola_15824,5,0,5,0.9702724814414978,1
molecola_15824,6,0,6,0.9657852649688721,1
molecola_15824,7,0,7,0.6909967660903931,1
molecola_15824,8,0,8,0.004290847573429346,0
molecola_15824,9,0,9,0.0026728040538728237,0
molecola_15824,10,0,10,0.0018155237194150686,0
molecola_15824,11,0,11,0.03636189177632332,0
molecola_15824,12,0,12,0.05597436800599098,0
molecola_15824,13,0,13,0.05705355480313301,0
molecola_15824,14,0,14,0.040940430015325546,0
molecola_15824,15,0,15,0.008936497382819653,0
molecola_15824,16,0,16,0.0670379027724266,0
molecola_15824,17,0,17,0.20852911472320557,0
molecola_15824,18,0,18,0.33631253242492676,0
molecola_15824,19,0,19,0.9636552929878235,1
molecola_15824,20,0,20,0.9651010632514954,1
molecola_15824,21,0,21,0.008936497382819653,0
molecola_15824,22,0,22,0.040940430015325546,0
molecola_15824,23,0,23,0.05705355480313301,0
molecola_15824,24,0,24,0.05597435683012009,0
molecola_15824,25,0,25,0.03636188432574272,0
molecola_15824,26,0,26,0.0018155237194150686,0
molecola_1598,1,1,1,0.9898814558982849,1
molecola_1598,2,0,2,0.10536755621433258,0
molecola_1598,3,0,3,0.5891751646995544,1
molecola_1598,4,0,4,0.1561562716960907,0
molecola_1598,5,0,5,0.17083926498889923,0
molecola_1598,6,0,6,0.005835007410496473,0
molecola_1598,7,0,7,0.0034015143755823374,0
molecola_1598,8,0,8,0.0012917207786813378,0
molecola_1598,9,0,9,0.0008531489293090999,0
molecola_1598,10,0,10,0.0044240220449864864,0
molecola_1598,11,0,11,0.019597996026277542,0
molecola_1598,12,0,12,0.14696653187274933,0
molecola_1598,13,0,13,0.23467470705509186,0
molecola_1598,14,0,14,0.031129861250519753,0
molecola_1598,15,0,15,0.1401943564414978,0
molecola_1598,16,0,16,0.443366140127182,0
molecola_16035,1,0,1,0.23899874091148376,0
molecola_16035,2,0,2,0.16017580032348633,0
molecola_16035,3,0,3,0.09664976596832275,0
molecola_16035,4,0,4,0.12885037064552307,0
molecola_16035,5,0,5,0.06381847709417343,0
molecola_16035,6,0,6,0.006848157849162817,0
molecola_16035,7,0,7,0.013771932572126389,0
molecola_16035,8,0,8,0.05165906995534897,0
molecola_16035,9,0,9,0.39234670996665955,0
molecola_16035,10,0,10,0.8557726740837097,1
molecola_16035,11,1,11,0.9780747890472412,1
molecola_16035,12,0,12,0.9014714956283569,1
molecola_16035,13,1,13,0.9014714956283569,1
molecola_16035,14,0,14,0.12417572736740112,0
molecola_16035,15,0,15,0.09681826084852219,0
molecola_16035,16,0,16,0.1608591079711914,0
molecola_16035,17,0,17,0.23899874091148376,0
molecola_16112,1,0,1,0.23880048096179962,0
molecola_16112,2,0,2,0.16513609886169434,0
molecola_16112,3,0,3,0.12012787163257599,0
molecola_16112,4,0,4,0.18599265813827515,0
molecola_16112,5,0,5,0.3122415244579315,0
molecola_16112,6,0,6,0.0014268903760239482,0
molecola_16112,7,0,7,0.3842425048351288,0
molecola_16112,8,0,8,0.44503316283226013,0
molecola_16112,9,0,9,0.33785906434059143,0
molecola_16112,10,0,10,0.2584446966648102,0
molecola_16112,11,0,11,0.1588338315486908,0
molecola_16112,12,0,12,0.34524300694465637,0
molecola_16112,13,0,13,0.0006009191274642944,0
molecola_16112,14,0,14,0.022124335169792175,0
molecola_16112,15,0,15,0.6094253063201904,1
molecola_16112,16,1,16,0.890708327293396,1
molecola_16112,17,0,17,0.6094253063201904,1
molecola_16112,18,0,18,0.022124335169792175,0
molecola_16112,19,1,19,0.9844675660133362,1
molecola_16112,20,0,20,0.8955941796302795,1
molecola_16112,21,1,21,0.8955941796302795,1
molecola_16112,22,0,22,0.0010789786465466022,0
molecola_16112,23,0,23,0.0009688608115538955,0
molecola_16160,1,1,1,0.9873515367507935,1
molecola_16160,2,0,2,0.06705919653177261,0
molecola_16160,3,0,3,0.018174897879362106,0
molecola_16160,4,0,4,0.046299826353788376,0
molecola_16160,5,0,5,0.00287291849963367,0
molecola_16160,6,0,6,0.004172760061919689,0
molecola_16160,7,0,7,0.016727754846215248,0
molecola_16160,8,0,8,0.04224482178688049,0
molecola_16160,9,0,9,0.01158665306866169,0
molecola_16160,10,0,10,0.0013614777708426118,0
molecola_16160,11,0,11,0.0013105327961966395,0
molecola_16160,12,0,12,0.05636700987815857,0
molecola_16160,13,0,13,0.0015311728930100799,0
molecola_16160,14,0,14,0.003627612954005599,0
molecola_16160,15,0,15,0.001559033989906311,0
molecola_16160,16,0,16,0.000748857855796814,0
molecola_16160,17,0,17,0.0007478853804059327,0
molecola_16160,18,0,18,0.0007230719784274697,0
molecola_16160,19,0,19,0.0007321966113522649,0
molecola_16160,20,0,20,0.0015468723140656948,0
molecola_16221,1,0,1,0.0018078293651342392,0
molecola_16221,2,0,2,0.0008136468823067844,0
molecola_16221,3,0,3,0.0028805332258343697,0
molecola_16221,4,0,4,0.05364013463258743,0
molecola_16221,5,0,5,0.04978485032916069,0
molecola_16221,6,0,6,0.0019998280331492424,0
molecola_16221,7,0,7,0.0005279831821098924,0
molecola_16221,8,0,8,0.0008641317253932357,0
molecola_16221,9,0,9,0.0005405716365203261,0
molecola_16221,10,0,10,0.0008874048944562674,0
molecola_16221,11,0,11,0.0024921658914536238,0
molecola_16221,12,0,12,0.016558805480599403,0
molecola_16221,13,1,13,0.9618712663650513,1
molecola_16221,14,1,14,0.9501891136169434,1
molecola_16221,15,0,15,0.0014729573158547282,0
molecola_16221,16,0,16,0.0017961619887501001,0
molecola_16221,17,0,17,0.002877042628824711,0
molecola_16221,18,0,18,0.0011640830198302865,0
molecola_16221,19,0,19,0.0011621398152783513,0
molecola_16221,20,0,20,0.001391835743561387,0
molecola_16221,21,0,21,0.0007607793668285012,0
molecola_16267,1,0,1,0.010053042322397232,0
molecola_16267,2,0,2,0.00255785440094769,0
molecola_16267,3,0,3,0.005752130411565304,0
molecola_16267,4,0,4,0.002200353890657425,0
molecola_16267,5,0,5,0.025029947981238365,0
molecola_16267,6,0,6,0.0021511660888791084,0
molecola_16267,7,0,7,0.0025352281518280506,0
molecola_16267,8,0,8,0.001117123058065772,0
molecola_16267,9,0,9,0.026207702234387398,0
molecola_16267,10,0,10,0.0018623849609866738,0
molecola_16267,11,0,11,0.0009195159655064344,0
molecola_16267,12,0,12,0.04110056534409523,0
molecola_16267,13,0,13,0.3138604462146759,0
molecola_16267,14,0,14,0.0025500559713691473,0
molecola_16267,15,0,15,0.002289591124281287,0
molecola_16267,16,0,16,0.0035952317994087934,0
molecola_16267,17,0,17,0.0053104013204574585,0
molecola_16267,18,0,18,0.0053104013204574585,0
molecola_16267,19,0,19,0.0053104013204574585,0
molecola_16267,20,0,20,0.0008933307253755629,0
molecola_16267,21,0,21,0.0018207845278084278,0
molecola_16267,22,0,22,0.0010034263832494617,0
molecola_16267,23,0,23,0.012321259826421738,0
molecola_16267,24,0,24,0.0021084232721477747,0
molecola_16267,25,0,25,0.034073397517204285,0
molecola_16267,26,0,26,0.012312558479607105,0
molecola_16267,27,0,27,0.0021602364722639322,0
molecola_16267,28,0,28,0.0009101934847421944,0
molecola_16267,29,0,29,0.0007868988905102015,0
molecola_16267,30,0,30,0.0014146851608529687,0
molecola_16267,31,0,31,0.0010708714835345745,0
molecola_16267,32,0,32,0.0008144520688802004,0
molecola_16267,33,0,33,0.0020993035286664963,0
molecola_16267,34,0,34,0.002816550200805068,0
molecola_16267,35,0,35,0.0012879278510808945,0
molecola_16267,36,0,36,0.0011789791751652956,0
molecola_16267,37,0,37,0.0023764159996062517,0
molecola_16267,38,0,38,0.0015550568932667375,0
molecola_16267,39,0,39,0.0015462258597835898,0
molecola_16267,40,1,40,0.9898774027824402,1
molecola_16267,41,1,41,0.9617565274238586,1
molecola_16267,42,1,42,0.9617565274238586,1
molecola_16419,1,0,1,0.019698893651366234,0
molecola_16419,2,0,2,0.032444413751363754,0
molecola_16419,3,0,3,0.15299980342388153,0
molecola_16419,4,0,4,0.045884985476732254,0
molecola_16419,5,0,5,0.0555606484413147,0
molecola_16419,6,0,6,0.08485470712184906,0
molecola_16419,7,0,7,0.15959687530994415,0
molecola_16419,8,0,8,0.10637640208005905,0
molecola_16419,9,0,9,0.061745453625917435,0
molecola_16419,10,0,10,0.017317330464720726,0
molecola_16419,11,0,11,0.009205889888107777,0
molecola_16419,12,0,12,0.0025502147618681192,0
molecola_16419,13,0,13,0.0015638741897419095,0
molecola_16419,14,0,14,0.0013196346117183566,0
molecola_16419,15,0,15,0.001276973751373589,0
molecola_16419,16,0,16,0.0011933458736166358,0
molecola_16419,17,0,17,0.0252764243632555,0
molecola_16419,18,1,18,0.9106054902076721,1
molecola_16419,19,0,19,0.7423869967460632,1
molecola_16419,20,0,20,0.7423869967460632,1
molecola_16419,21,1,21,0.9867686629295349,1
molecola_16419,22,0,22,0.9102749824523926,1
molecola_16419,23,1,23,0.9102749824523926,1
molecola_16419,24,0,24,0.0006416044197976589,0
molecola_16419,25,0,25,0.0054168119095265865,0
molecola_16419,26,0,26,0.0018665086245164275,0
molecola_16419,27,0,27,0.004110987298190594,0
molecola_16419,28,0,28,0.004110987298190594,0
molecola_16419,29,0,29,0.004110987298190594,0
molecola_16419,30,0,30,0.0008374042226932943,0
molecola_16419,31,0,31,0.004597017541527748,0
molecola_16419,32,0,32,0.014215627685189247,0
molecola_16419,33,0,33,0.06720997393131256,0
molecola_16419,34,0,34,0.2360049933195114,0
molecola_16419,35,0,35,0.055912818759679794,0
molecola_16419,36,0,36,0.08409570902585983,0
molecola_16419,37,0,37,0.007628545165061951,0
molecola_16419,38,0,38,0.009446728974580765,0
molecola_16419,39,0,39,0.0032913051545619965,0
molecola_16419,40,0,40,0.013365531340241432,0
molecola_16419,41,0,41,0.06316478550434113,0
molecola_16419,42,0,42,0.0200758408755064,0
molecola_16419,43,0,43,0.006501604802906513,0
molecola_16419,44,0,44,0.0014312519924715161,0
molecola_16419,45,0,45,0.0025502147618681192,0
molecola_16419,46,0,46,0.009205889888107777,0
molecola_16534,1,0,1,0.014714296907186508,0
molecola_16534,2,0,2,0.014592482708394527,0
molecola_16534,3,0,3,0.03605135902762413,0
molecola_16534,4,0,4,0.11201239377260208,0
molecola_16534,5,0,5,0.23067091405391693,0
molecola_16534,6,1,6,0.9436072707176208,1
molecola_16534,7,0,7,0.055393438786268234,0
molecola_16534,8,0,8,0.06368224322795868,0
molecola_16534,9,1,9,0.9654590487480164,1
molecola_16534,10,0,10,0.00737838726490736,0
molecola_16534,11,0,11,0.005333477631211281,0
molecola_16534,12,0,12,0.0029790024273097515,0
molecola_16534,13,0,13,0.005126889795064926,0
molecola_16534,14,0,14,0.008585318922996521,0
molecola_16534,15,0,15,0.005050033796578646,0
molecola_16534,16,0,16,0.002987627172842622,0
molecola_16534,17,0,17,0.28071385622024536,0
molecola_16534,18,0,18,0.027486613020300865,0
molecola_16669,1,1,1,0.9913000464439392,1
molecola_16669,2,0,2,0.010968559421598911,0
molecola_16669,3,0,3,0.1858707219362259,0
molecola_16669,4,0,4,0.04076866805553436,0
molecola_16669,5,0,5,0.006305171176791191,0
molecola_16669,6,0,6,0.0010651666671037674,0
molecola_16669,7,0,7,0.000750960607547313,0
molecola_16669,8,0,8,0.0020662869792431593,0
molecola_16669,9,0,9,0.011160804890096188,0
molecola_16669,10,0,10,0.0009443176677450538,0
molecola_16669,11,0,11,0.0009361262782476842,0
molecola_16669,12,0,12,0.0014293642016127706,0
molecola_16669,13,0,13,0.002424099948257208,0
molecola_16669,14,0,14,0.09820403903722763,0
molecola_16669,15,0,15,0.0958106517791748,0
molecola_16669,16,0,16,0.16153855621814728,0
molecola_16669,17,0,17,0.1729276031255722,0
molecola_16669,18,0,18,0.010392168536782265,0
molecola_16669,19,0,19,0.010392168536782265,0
molecola_16669,20,0,20,0.18058636784553528,0
molecola_16669,21,0,21,0.119328573346138,0
molecola_16669,22,0,22,0.08204535394906998,0
molecola_16669,23,0,23,0.0009404052398167551,0
molecola_16669,24,0,24,0.0016808408545330167,0
molecola_16669,25,0,25,0.0016808408545330167,0
molecola_16669,26,0,26,0.007300666067749262,0
molecola_16686,1,0,1,0.23918896913528442,0
molecola_16686,2,0,2,0.16209127008914948,0
molecola_16686,3,0,3,0.09671097993850708,0
molecola_16686,4,0,4,0.14420117437839508,0
molecola_16686,5,0,5,0.010146011598408222,0
molecola_16686,6,0,6,0.0016415570862591267,0
molecola_16686,7,0,7,0.0008306142990477383,0
molecola_16686,8,0,8,0.0009030208457261324,0
molecola_16686,9,0,9,0.0010741373989731073,0
molecola_16686,10,0,10,0.00558793731033802,0
molecola_16686,11,0,11,0.035622019320726395,0
molecola_16686,12,1,12,0.935255765914917,1
molecola_16686,13,1,13,0.9105194211006165,1
molecola_16686,14,0,14,0.004189395345747471,0
molecola_16686,15,0,15,0.02064875140786171,0
molecola_16686,16,0,16,0.1390710026025772,0
molecola_16686,17,0,17,0.29651719331741333,0
molecola_16686,18,0,18,0.4649818241596222,0
molecola_16686,19,0,19,0.29649287462234497,0
molecola_16686,20,0,20,0.1606578230857849,0
molecola_16686,21,0,21,0.00862655509263277,0
molecola_16686,22,0,22,0.0011895382776856422,0
molecola_16686,23,0,23,0.010574030689895153,0
molecola_16686,24,0,24,0.07325904816389084,0
molecola_16686,25,0,25,0.16083218157291412,0
molecola_16686,26,0,26,0.23894336819648743,0
molecola_16866,1,0,1,0.07748455554246902,0
molecola_16866,2,0,2,0.06998518854379654,0
molecola_16866,3,1,3,0.8824768662452698,1
molecola_16866,4,0,4,0.49014052748680115,0
molecola_16866,5,0,5,0.007509895134717226,0
molecola_16866,6,0,6,0.00796346366405487,0
molecola_16866,7,1,7,0.9803802371025085,1
molecola_16866,8,1,8,0.9671466946601868,1
molecola_16866,9,0,9,0.01166475284844637,0
molecola_16866,10,0,10,0.014768809080123901,0
molecola_16866,11,0,11,0.01015356183052063,0
molecola_16866,12,0,12,0.008377041667699814,0
molecola_16866,13,0,13,0.9153239130973816,1
molecola_16866,14,0,14,0.5034487247467041,1
molecola_16866,15,0,15,0.519119918346405,1
molecola_16866,16,0,16,0.43684130907058716,0
molecola_16866,17,0,17,0.003469402901828289,0
molecola_16866,18,0,18,0.00824667140841484,0
molecola_16866,19,0,19,0.01051267609000206,0
molecola_16866,20,0,20,0.04003532603383064,0
molecola_16866,21,0,21,0.05359301343560219,0
molecola_16866,22,0,22,0.057718295603990555,0
molecola_16866,23,0,23,0.05359301343560219,0
molecola_16866,24,0,24,0.04003532603383064,0
molecola_16866,25,0,25,0.0017775781452655792,0
molecola_16866,26,0,26,0.007585492450743914,0
molecola_16866,27,0,27,0.042409028857946396,0
molecola_16866,28,0,28,0.01140032708644867,0
molecola_16866,29,0,29,0.0011417396599426866,0
molecola_16866,30,0,30,0.000597574224229902,0
molecola_16866,31,0,31,0.0010225820587947965,0
molecola_16866,32,0,32,0.0008792215376161039,0
molecola_16866,33,0,33,0.0006521648028865457,0
molecola_16866,34,0,34,0.0006041963351890445,0
molecola_16882,1,0,1,0.13160206377506256,0
molecola_16882,2,0,2,0.012539333663880825,0
molecola_16882,3,0,3,0.13160206377506256,0
molecola_16882,4,0,4,0.00587751530110836,0
molecola_16882,5,0,5,0.0015012494986876845,0
molecola_16882,6,0,6,0.01763402856886387,0
molecola_16882,7,0,7,0.001069120829924941,0
molecola_16882,8,0,8,0.001132169971242547,0
molecola_16882,9,0,9,0.004155886359512806,0
molecola_16882,10,0,10,0.030129464343190193,0
molecola_16882,11,0,11,0.0803498774766922,0
molecola_16882,12,0,12,0.03050556220114231,0
molecola_16882,13,0,13,0.023368963971734047,0
molecola_16882,14,0,14,0.002106377622112632,0
molecola_16882,15,0,15,0.018828218802809715,0
molecola_16882,16,0,16,0.05055203661322594,0
molecola_16882,17,0,17,0.049876581877470016,0
molecola_16882,18,0,18,0.0024455180391669273,0
molecola_16882,19,0,19,0.0009103925549425185,0
molecola_16882,20,0,20,0.0009643849916756153,0
molecola_16882,21,0,21,0.001450223964639008,0
molecola_16882,22,0,22,0.0009035402326844633,0
molecola_16882,23,0,23,0.141708642244339,0
molecola_16882,24,0,24,0.0037516371812671423,0
molecola_16882,25,0,25,0.004874504171311855,0
molecola_16882,26,0,26,0.6359737515449524,1
molecola_16882,27,0,27,0.004353884607553482,0
molecola_16882,28,0,28,0.007872013375163078,0
molecola_16882,29,1,29,0.7756718397140503,1
molecola_16882,30,0,30,0.04186731204390526,0
molecola_16882,31,1,31,0.9888308644294739,1
molecola_16882,32,1,32,0.7756718397140503,1
molecola_16882,33,0,33,0.007872013375163078,0
molecola_17057,1,0,1,0.0015147150261327624,0
molecola_17057,2,0,2,0.003051190869882703,0
molecola_17057,3,0,3,0.0018207011744379997,0
molecola_17057,4,0,4,0.003921936731785536,0
molecola_17057,5,0,5,0.006810537073761225,0
molecola_17057,6,0,6,0.0012948773801326752,0
molecola_17057,7,0,7,0.005002583377063274,0
molecola_17057,8,0,8,0.18266205489635468,0
molecola_17057,9,0,9,0.06663868576288223,0
molecola_17057,10,0,10,0.05479254573583603,0
molecola_17057,11,0,11,0.018161820247769356,0
molecola_17057,12,0,12,0.011488957330584526,0
molecola_17057,13,0,13,0.0006994280847720802,0
molecola_17057,14,0,14,0.001255987910553813,0
molecola_17057,15,0,15,0.0018858513794839382,0
molecola_17057,16,0,16,0.027215605601668358,0
molecola_17057,17,0,17,0.019194746389985085,0
molecola_17057,18,0,18,0.05547105520963669,0
molecola_17057,19,0,19,0.0010083647212013602,0
molecola_17057,20,0,20,0.0008781833457760513,0
molecola_17057,21,0,21,0.0007658094982616603,0
molecola_17057,22,0,22,0.000911892275325954,0
molecola_17057,23,0,23,0.0007658094982616603,0
molecola_17057,24,0,24,0.0008781833457760513,0
molecola_17057,25,0,25,0.0009683292009867728,0
molecola_17057,26,0,26,0.0005585355684161186,0
molecola_17057,27,0,27,0.0014759007608518004,0
molecola_17057,28,0,28,0.003294073510915041,0
molecola_17057,29,0,29,0.0263588335365057,0
molecola_17057,30,1,30,0.1563376635313034,0
molecola_17057,31,0,31,0.11155536025762558,0
molecola_17057,32,1,32,0.9887099862098694,1
molecola_17057,33,1,33,0.377877801656723,0
molecola_17057,34,0,34,0.15079368650913239,0
molecola_17057,35,0,35,0.04916951060295105,0
molecola_17057,36,0,36,0.05598100647330284,0
molecola_17057,37,0,37,0.05584394186735153,0
molecola_17057,38,0,38,0.03507745638489723,0
molecola_17057,39,0,39,0.00568559393286705,0
molecola_17061,1,0,1,0.010564216412603855,0
molecola_17061,2,0,2,0.6644653677940369,1
molecola_17061,3,0,3,0.002783515490591526,0
molecola_17061,4,0,4,0.004565405193716288,0
molecola_17061,5,0,5,0.0018734595505520701,0
molecola_17061,6,0,6,0.0011953766224905849,0
molecola_17061,7,0,7,0.003939495421946049,0
molecola_17061,8,0,8,0.1676914095878601,0
molecola_17061,9,0,9,0.18901774287223816,0
molecola_17061,10,0,10,0.0719376653432846,0
molecola_17061,11,0,11,0.6083517074584961,1
molecola_17061,12,0,12,0.10978308320045471,0
molecola_17061,13,1,13,0.9897908568382263,1
molecola_17061,14,0,14,0.4509672224521637,0
molecola_17215,1,0,1,0.23605623841285706,0
molecola_17215,2,0,2,0.07137618958950043,0
molecola_17215,3,0,3,0.12108690291643143,0
molecola_17215,4,0,4,0.18807540833950043,0
molecola_17215,5,1,5,0.9923669695854187,1
molecola_17215,6,0,6,0.32014310359954834,0
molecola_17215,7,0,7,0.23104847967624664,0
molecola_17215,8,0,8,0.010020124725997448,0
molecola_17215,9,0,9,0.007611503824591637,0
molecola_17215,10,0,10,0.0019382188329473138,0
molecola_17215,11,0,11,0.017721660435199738,0
molecola_17215,12,0,12,0.001117706997320056,0
molecola_17215,13,0,13,0.0008460225653834641,0
molecola_17215,14,0,14,0.001246811356395483,0
molecola_17215,15,0,15,0.0022618791554123163,0
molecola_17215,16,0,16,0.0058710603043437,0
molecola_17215,17,0,17,0.003455173224210739,0
molecola_17215,18,0,18,0.04526433348655701,0
molecola_17215,19,0,19,0.0006997391465120018,0
molecola_17215,20,0,20,0.0013485188828781247,0
molecola_17215,21,0,21,0.00415152357891202,0
molecola_17215,22,0,22,0.006686598993837833,0
molecola_17215,23,0,23,0.128190279006958,0
molecola_17215,24,0,24,0.2827148139476776,0
molecola_17215,25,0,25,0.31701764464378357,0
molecola_17215,26,0,26,0.26395249366760254,0
molecola_17215,27,0,27,0.004389743320643902,0
molecola_17215,28,0,28,0.0007873853319324553,0
molecola_17217,1,0,1,0.0017676868010312319,0
molecola_17217,2,0,2,0.0008000939269550145,0
molecola_17217,3,0,3,0.004217261448502541,0
molecola_17217,4,0,4,0.034489866346120834,0
molecola_17217,5,0,5,0.03468180075287819,0
molecola_17217,6,0,6,0.0011891609756276011,0
molecola_17217,7,0,7,0.000762399984523654,0
molecola_17217,8,0,8,0.0005629341467283666,0
molecola_17217,9,0,9,0.0008802450611256063,0
molecola_17217,10,0,10,0.0005498474929481745,0
molecola_17217,11,0,11,0.0011428141733631492,0
molecola_17217,12,0,12,0.0012239691568538547,0
molecola_17217,13,0,13,0.0016508798580616713,0
molecola_17217,14,0,14,0.0015203311340883374,0
molecola_17217,15,0,15,0.0008762242505326867,0
molecola_17217,16,0,16,0.0011945661390200257,0
molecola_17217,17,0,17,0.0007640888798050582,0
molecola_17217,18,0,18,0.0016741434810683131,0
molecola_17217,19,0,19,0.005491750314831734,0
molecola_17217,20,0,20,0.0038610189221799374,0
molecola_17217,21,0,21,0.23819097876548767,0
molecola_17217,22,0,22,0.005288854241371155,0
molecola_17217,23,0,23,0.0083212461322546,0
molecola_17217,24,0,24,0.002949395915493369,0
molecola_17217,25,0,25,0.002949395915493369,0
molecola_17217,26,0,26,0.0083212461322546,0
molecola_17217,27,0,27,0.005491750314831734,0
molecola_17217,28,0,28,0.0016741434810683131,0
molecola_17217,29,0,29,0.0010032810969278216,0
molecola_17217,30,0,30,0.0011121098650619388,0
molecola_17217,31,0,31,0.03807229548692703,0
molecola_17217,32,0,32,0.0014577916590496898,0
molecola_17217,33,0,33,0.003393324324861169,0
molecola_17217,34,0,34,0.0012439122656360269,0
molecola_17217,35,0,35,0.0007341483724303544,0
molecola_17217,36,1,36,0.9840146899223328,1
molecola_17217,37,1,37,0.9755624532699585,1
molecola_17217,38,0,38,0.0006612403667531908,0
molecola_17217,39,0,39,0.0015552161494269967,0
molecola_17217,40,0,40,0.001109032309614122,0
molecola_17217,41,0,41,0.0008670469396747649,0
molecola_17217,42,0,42,0.0008670469396747649,0
molecola_17217,43,0,43,0.0008670469396747649,0
molecola_17330,1,1,1,0.9689104557037354,1
molecola_17330,2,1,2,0.9733008146286011,1
molecola_17330,3,1,3,0.828891396522522,1
molecola_17330,4,0,4,0.537180483341217,1
molecola_17330,5,0,5,0.6912999749183655,1
molecola_17330,6,1,6,0.8351094722747803,1
molecola_17330,7,0,7,0.7389227747917175,1
molecola_17330,8,1,8,0.7898131608963013,1
molecola_17330,9,0,9,0.7283012866973877,1
molecola_17330,10,0,10,0.32501354813575745,0
molecola_17330,11,0,11,0.003154085949063301,0
molecola_17330,12,0,12,0.0024809902533888817,0
molecola_17330,13,0,13,0.0014089649775996804,0
molecola_17330,14,0,14,0.001089140074327588,0
molecola_17330,15,0,15,0.0024809902533888817,0
molecola_17330,16,0,16,0.003154085949063301,0
molecola_17330,17,0,17,0.507989227771759,1
molecola_17330,18,0,18,0.2732628285884857,0
molecola_17330,19,0,19,0.39783725142478943,0
molecola_17330,20,0,20,0.3094083368778229,0
molecola_17330,21,0,21,0.38222193717956543,0
molecola_17330,22,0,22,0.10056167840957642,0
molecola_17375,1,0,1,0.014726697467267513,0
molecola_17375,2,0,2,0.007265745662152767,0
molecola_17375,3,0,3,0.014671669341623783,0
molecola_17375,4,0,4,0.008167698048055172,0
molecola_17375,5,0,5,0.012206822633743286,0
molecola_17375,6,0,6,0.006257181521505117,0
molecola_17375,7,0,7,0.013786686584353447,0
molecola_17375,8,0,8,0.01609412021934986,0
molecola_17375,9,0,9,0.006514683831483126,0
molecola_17375,10,0,10,0.0028030425310134888,0
molecola_17375,11,0,11,0.005866664927452803,0
molecola_17375,12,0,12,0.0313248448073864,0
molecola_17375,13,0,13,0.10221336781978607,0
molecola_17375,14,0,14,0.04748261347413063,0
molecola_17375,15,0,15,0.03200173377990723,0
molecola_17375,16,0,16,0.01946878619492054,0
molecola_17375,17,0,17,0.005605816841125488,0
molecola_17375,18,0,18,0.010404837317764759,0
molecola_17375,19,0,19,0.009258411824703217,0
molecola_17375,20,0,20,0.03759142383933067,0
molecola_17375,21,0,21,0.1733657568693161,0
molecola_17375,22,0,22,0.3359397053718567,0
molecola_17375,23,1,23,0.9636551141738892,1
molecola_17375,24,1,24,0.9651010632514954,1
molecola_17375,25,0,25,0.010404837317764759,0
molecola_17375,26,0,26,0.009258411824703217,0
molecola_17375,27,0,27,0.005605816841125488,0
molecola_17613,1,0,1,0.0356692336499691,0
molecola_17613,2,0,2,0.1828864961862564,0
molecola_17613,3,0,3,0.030293256044387817,0
molecola_17613,4,0,4,0.21505267918109894,0
molecola_17613,5,0,5,0.9670685529708862,1
molecola_17613,6,0,6,0.10881362855434418,0
molecola_17613,7,0,7,0.10929402709007263,0
molecola_17613,8,0,8,0.1588854342699051,0
molecola_17613,9,0,9,0.08521890640258789,0
molecola_17613,10,0,10,0.15248022973537445,0
molecola_17613,11,0,11,0.9414697289466858,1
molecola_17613,12,0,12,0.06076963245868683,0
molecola_17613,13,0,13,0.12131459265947342,0
molecola_17613,14,1,14,0.9254782795906067,1
molecola_17613,15,0,15,0.041401851922273636,0
molecola_17613,16,0,16,0.04140183702111244,0
molecola_17613,17,0,17,0.12131459265947342,0
molecola_17613,18,0,18,0.9254782795906067,1
molecola_17613,19,0,19,0.06076963245868683,0
molecola_17613,20,0,20,0.15248024463653564,0
molecola_17613,21,0,21,0.9414697289466858,1
molecola_17613,22,0,22,0.08521890640258789,0
molecola_17613,23,0,23,0.10929402709007263,0
molecola_17613,24,0,24,0.1588854342699051,0
molecola_17613,25,0,25,0.10881362855434418,0
molecola_17613,26,0,26,0.21505267918109894,0
molecola_17613,27,0,27,0.9670685529708862,1
molecola_17613,28,0,28,0.030293256044387817,0
molecola_17613,29,0,29,0.1828864961862564,0
molecola_17613,30,0,30,0.0356692336499691,0
molecola_17613,31,0,31,0.017685331404209137,0
molecola_17613,32,0,32,0.017685331404209137,0
molecola_17613,33,0,33,0.08751891553401947,0
molecola_17613,34,0,34,0.010514039546251297,0
molecola_17613,35,0,35,0.1264839470386505,0
molecola_17613,36,0,36,0.010514039546251297,0
molecola_17613,37,0,37,0.08751896023750305,0
molecola_17613,38,0,38,0.1264839619398117,0
molecola_17632,1,0,1,0.0007707771146669984,0
molecola_17632,2,0,2,0.0012257752241566777,0
molecola_17632,3,0,3,0.0009135307045653462,0
molecola_17632,4,0,4,0.003796254750341177,0
molecola_17632,5,0,5,0.04567337408661842,0
molecola_17632,6,1,6,0.9344069957733154,1
molecola_17632,7,1,7,0.9171228408813477,1
molecola_17632,8,0,8,0.008005553856492043,0
molecola_17632,9,0,9,0.03963684290647507,0
molecola_17632,10,0,10,0.21605084836483002,0
molecola_17632,11,0,11,0.41617682576179504,0
molecola_17632,12,0,12,0.06117801368236542,0
molecola_17632,13,0,13,0.026525840163230896,0
molecola_17632,14,0,14,0.003902292111888528,0
molecola_17632,15,0,15,0.0005825864500366151,0
molecola_17650,1,0,1,0.005325913894921541,0
molecola_17650,2,0,2,0.002079129684716463,0
molecola_17650,3,0,3,0.0007637194357812405,0
molecola_17650,4,0,4,0.0015687743434682488,0
molecola_17650,5,0,5,0.0007937344489619136,0
molecola_17650,6,0,6,0.004869325552135706,0
molecola_17650,7,1,7,0.7696204781532288,1
molecola_17650,8,0,8,0.04118325933814049,0
molecola_17650,9,1,9,0.9889744520187378,1
molecola_17650,10,1,10,0.7696204781532288,1
molecola_17650,11,0,11,0.004869325552135706,0
molecola_17650,12,0,12,0.0007914783782325685,0
molecola_17650,13,0,13,0.002289622789248824,0
molecola_17650,14,0,14,0.018489178270101547,0
molecola_17650,15,0,15,0.0858234092593193,0
molecola_17650,16,1,16,0.30345162749290466,0
molecola_17650,17,1,17,0.21603980660438538,0
molecola_17650,18,0,18,0.044667378067970276,0
molecola_17650,19,0,19,0.08514873683452606,0
molecola_17650,20,0,20,0.025590848177671432,0
molecola_17650,21,0,21,0.01728525012731552,0
molecola_17650,22,0,22,0.018489178270101547,0
molecola_17650,23,0,23,0.002289622789248824,0
molecola_17650,24,0,24,0.0007613080670125782,0
molecola_17650,25,0,25,0.001924046198837459,0
molecola_17650,26,0,26,0.026445146650075912,0
molecola_17650,27,0,27,0.059608135372400284,0
molecola_17650,28,0,28,0.026445146650075912,0
molecola_17650,29,0,29,0.001924046198837459,0
molecola_17753,1,0,1,0.002520813839510083,0
molecola_17753,2,0,2,0.0028647438157349825,0
molecola_17753,3,0,3,0.00478435680270195,0
molecola_17753,4,0,4,0.0016403383342549205,0
molecola_17753,5,0,5,0.014609971083700657,0
molecola_17753,6,1,6,0.9896913170814514,1
molecola_17753,7,0,7,0.9500856995582581,1
molecola_17753,8,1,8,0.9500856995582581,1
molecola_17753,9,0,9,0.0027841466944664717,0
molecola_17753,10,0,10,0.02963256649672985,0
molecola_17753,11,0,11,0.0784258022904396,0
molecola_17753,12,0,12,0.28974711894989014,0
molecola_17753,13,0,13,0.10426601767539978,0
molecola_17753,14,0,14,0.3375171422958374,0
molecola_17753,15,0,15,0.038006097078323364,0
molecola_17753,16,0,16,0.04576250538229942,0
molecola_17753,17,1,17,0.9918944239616394,1
molecola_17753,18,0,18,0.9484217166900635,1
molecola_17753,19,1,19,0.9484217166900635,1
molecola_17845,1,0,1,0.0009183213114738464,0
molecola_17845,2,0,2,0.0049829198978841305,0
molecola_17845,3,0,3,0.001129797426983714,0
molecola_17845,4,0,4,0.0030230984557420015,0
molecola_17845,5,0,5,0.0036572739481925964,0
molecola_17845,6,0,6,0.0018301063682883978,0
molecola_17845,7,0,7,0.005977419670671225,0
molecola_17845,8,0,8,0.07086478918790817,0
molecola_17845,9,0,9,0.046818315982818604,0
molecola_17845,10,0,10,0.012101389467716217,0
molecola_17845,11,0,11,0.008465828374028206,0
molecola_17845,12,0,12,0.018612580373883247,0
molecola_17845,13,0,13,0.003427612828090787,0
molecola_17845,14,0,14,0.0012817730894312263,0
molecola_17845,15,0,15,0.0012817730894312263,0
molecola_17845,16,0,16,0.0015073323156684637,0
molecola_17845,17,0,17,0.0170961394906044,0
molecola_17845,18,0,18,0.03621052950620651,0
molecola_17845,19,0,19,0.04810146614909172,0
molecola_17845,20,0,20,0.0015444578602910042,0
molecola_17845,21,0,21,0.8545955419540405,1
molecola_17845,22,1,22,0.9093586206436157,1
molecola_17845,23,1,23,0.9433724880218506,1
molecola_17845,24,0,24,0.9616280198097229,1
molecola_17845,25,0,25,0.9370816946029663,1
molecola_1795,1,0,1,0.0037307897582650185,0
molecola_1795,2,0,2,0.0016550148138776422,0
molecola_1795,3,0,3,0.001166120171546936,0
molecola_1795,4,0,4,0.0006374554359354079,0
molecola_1795,5,0,5,0.001101123751141131,0
molecola_1795,6,0,6,0.0010812433902174234,0
molecola_1795,7,0,7,0.0011296258307993412,0
molecola_1795,8,0,8,0.0011331717250868678,0
molecola_1795,9,0,9,0.0006239640060812235,0
molecola_1795,10,0,10,0.0023190791253000498,0
molecola_1795,11,0,11,0.003053036518394947,0
molecola_1795,12,0,12,0.0016182977706193924,0
molecola_1795,13,0,13,0.001531596528366208,0
molecola_1795,14,1,14,0.9796125292778015,1
molecola_1795,15,1,15,0.9749630093574524,1
molecola_1795,16,0,16,0.0016182977706193924,0
molecola_1795,17,0,17,0.003053036518394947,0
molecola_1795,18,0,18,0.0025727811735123396,0
molecola_1795,19,0,19,0.001842665602453053,0
molecola_1795,20,0,20,0.0009709539008326828,0
molecola_1795,21,0,21,0.0005521343555301428,0
molecola_1795,22,0,22,0.0009709539008326828,0
molecola_1795,23,0,23,0.001842665602453053,0
molecola_1795,24,0,24,0.0007674210937693715,0
molecola_1795,25,0,25,0.0005215604905970395,0
molecola_1795,26,0,26,0.0005215604905970395,0
molecola_1795,27,0,27,0.0005896590882912278,0
molecola_1797,1,0,1,0.0070307618007063866,0
molecola_1797,2,0,2,0.001844588085077703,0
molecola_1797,3,0,3,0.0011379832867532969,0
molecola_1797,4,0,4,0.000941357749979943,0
molecola_1797,5,0,5,0.0014296126319095492,0
molecola_1797,6,0,6,0.005243045277893543,0
molecola_1797,7,0,7,0.021228812634944916,0
molecola_1797,8,0,8,0.20962485671043396,0
molecola_1797,9,1,9,0.9650030136108398,1
molecola_1797,10,0,10,0.05641881003975868,0
molecola_1797,11,0,11,0.004513527732342482,0
molecola_1797,12,0,12,0.001967131393030286,0
molecola_1797,13,0,13,0.0013636474031955004,0
molecola_1797,14,0,14,0.003158697858452797,0
molecola_1797,15,0,15,0.0023924855049699545,0
molecola_1797,16,0,16,0.002072591334581375,0
molecola_1797,17,0,17,0.0014911593170836568,0
molecola_1797,18,0,18,0.0015537291765213013,0
molecola_1797,19,0,19,0.002911566523835063,0
molecola_1797,20,0,20,0.0032834401354193687,0
molecola_1797,21,0,21,0.20962488651275635,0
molecola_1797,22,0,22,0.9650030136108398,1
molecola_1797,23,0,23,0.021228812634944916,0
molecola_17989,1,0,1,0.018578097224235535,0
molecola_17989,2,0,2,0.012558270245790482,0
molecola_17989,3,0,3,0.019785201177001,0
molecola_17989,4,0,4,0.004515752196311951,0
molecola_17989,5,0,5,0.001609901199117303,0
molecola_17989,6,0,6,0.04056171327829361,0
molecola_17989,7,0,7,0.0011938108364120126,0
molecola_17989,8,0,8,0.001237555523402989,0
molecola_17989,9,0,9,0.0014687406364828348,0
molecola_17989,10,0,10,0.0009051053784787655,0
molecola_17989,11,0,11,0.0007232377538457513,0
molecola_17989,12,0,12,0.0012222443474456668,0
molecola_17989,13,0,13,0.002617066027596593,0
molecola_17989,14,0,14,0.0011522191343829036,0
molecola_17989,15,0,15,0.001283637946471572,0
molecola_17989,16,0,16,0.0015702180098742247,0
molecola_17989,17,0,17,0.002109735971316695,0
molecola_17989,18,0,18,0.002135679591447115,0
molecola_17989,19,0,19,0.0013652509078383446,0
molecola_17989,20,0,20,0.0010891312267631292,0
molecola_17989,21,0,21,0.002135679591447115,0
molecola_17989,22,0,22,0.002109735971316695,0
molecola_17989,23,0,23,0.00164950976613909,0
molecola_17989,24,0,24,0.0029722305480390787,0
molecola_17989,25,0,25,0.0015654467279091477,0
molecola_17989,26,0,26,0.0014252233086153865,0
molecola_17989,27,1,27,0.9793270230293274,1
molecola_17989,28,1,28,0.9749336838722229,1
molecola_17989,29,0,29,0.001256453455425799,0
molecola_17989,30,0,30,0.0013670464977622032,0
molecola_17989,31,0,31,0.06526193767786026,0
molecola_17989,32,0,32,0.06521695107221603,0
molecola_17989,33,0,33,0.066448874771595,0
molecola_18092,1,0,1,0.012613208964467049,0
molecola_18092,2,0,2,0.0020346154924482107,0
molecola_18092,3,0,3,0.0027021474670618773,0
molecola_18092,4,0,4,0.00297942035831511,0
molecola_18092,5,0,5,0.0019662235863506794,0
molecola_18092,6,0,6,0.027327433228492737,0
molecola_18092,7,0,7,0.0010252890642732382,0
molecola_18092,8,0,8,0.0010775492992252111,0
molecola_18092,9,0,9,0.0019535506144165993,0
molecola_18092,10,0,10,0.0007296499679796398,0
molecola_18092,11,0,11,0.0016214882489293814,0
molecola_18092,12,0,12,0.004343132488429546,0
molecola_18092,13,0,13,0.0007280260906554759,0
molecola_18092,14,0,14,0.0018845326267182827,0
molecola_18092,15,0,15,0.0012839949922636151,0
molecola_18092,16,0,16,0.0013738784473389387,0
molecola_18092,17,0,17,0.0009007509215734899,0
molecola_18092,18,0,18,0.0009614665759727359,0
molecola_18092,19,0,19,0.000743820914067328,0
molecola_18092,20,0,20,0.000743820914067328,0
molecola_18092,21,0,21,0.001369575853459537,0
molecola_18092,22,0,22,0.003303153906017542,0
molecola_18092,23,0,23,0.003303153906017542,0
molecola_18092,24,0,24,0.003303153906017542,0
molecola_18092,25,0,25,0.0018028883496299386,0
molecola_18092,26,0,26,0.0019415238639339805,0
molecola_18092,27,0,27,0.0019415238639339805,0
molecola_18092,28,0,28,0.0013249731855466962,0
molecola_18092,29,0,29,0.0006650513387285173,0
molecola_18092,30,0,30,0.0007655023946426809,0
molecola_18092,31,0,31,0.001972710248082876,0
molecola_18092,32,0,32,0.0017346009844914079,0
molecola_18092,33,0,33,0.0009491167147643864,0
molecola_18092,34,0,34,0.000780649424996227,0
molecola_18092,35,0,35,0.0013976263580843806,0
molecola_18092,36,0,36,0.0011912243207916617,0
molecola_18092,37,0,37,0.0016681761480867863,0
molecola_18092,38,0,38,0.002230097306892276,0
molecola_18092,39,0,39,0.043346572667360306,0
molecola_18092,40,0,40,0.029930874705314636,0
molecola_18092,41,0,41,0.0035029707942157984,0
molecola_18092,42,0,42,0.0012261547381058335,0
molecola_18092,43,0,43,0.0011961066629737616,0
molecola_18092,44,0,44,0.002277459716424346,0
molecola_18092,45,0,45,0.0028992032166570425,0
molecola_18092,46,0,46,0.00181048852391541,0
molecola_18092,47,0,47,0.013584570959210396,0
molecola_18092,48,1,48,0.9924356341362,1
molecola_18092,49,1,49,0.9679868817329407,1
molecola_18092,50,1,50,0.9679868817329407,1
molecola_18166,1,0,1,0.004167930223047733,0
molecola_18166,2,0,2,0.010984580032527447,0
molecola_18166,3,0,3,0.0053599062375724316,0
molecola_18166,4,0,4,0.009848968125879765,0
molecola_18166,5,0,5,0.02381603606045246,0
molecola_18166,6,1,6,0.014071875251829624,0
molecola_18166,7,1,7,0.022922877222299576,0
molecola_18166,8,1,8,0.9719297289848328,1
molecola_18166,9,0,9,0.8815780282020569,1
molecola_18166,10,1,10,0.8815780282020569,1
molecola_18166,11,0,11,0.0012039514258503914,0
molecola_18166,12,0,12,0.009047945961356163,0
molecola_18166,13,0,13,0.04424983263015747,0
molecola_18166,14,0,14,0.059577882289886475,0
molecola_18166,15,0,15,0.04424983263015747,0
molecola_18166,16,0,16,0.009047945961356163,0
molecola_18166,17,0,17,0.0016644502757117152,0
molecola_18166,18,0,18,0.0029674863908439875,0
molecola_18166,19,0,19,0.0009240289800800383,0
molecola_18166,20,0,20,0.0006065492634661496,0
molecola_18166,21,0,21,0.0009240289800800383,0
molecola_18166,22,0,22,0.0029674863908439875,0
molecola_18166,23,0,23,0.0013552577001973987,0
molecola_18166,24,0,24,0.0010281564900651574,0
molecola_18166,25,0,25,0.0007498193881474435,0
molecola_18166,26,0,26,0.006162452977150679,0
molecola_18166,27,0,27,0.009134023450314999,0
molecola_18166,28,0,28,0.014033272862434387,0
molecola_18166,29,0,29,0.002521237125620246,0
molecola_18166,30,0,30,0.009134023450314999,0
molecola_18166,31,0,31,0.006162452977150679,0
molecola_18199,1,0,1,0.059197138994932175,0
molecola_18199,2,0,2,0.641090452671051,1
molecola_18199,3,0,3,0.05146803706884384,0
molecola_18199,4,0,4,0.053876664489507675,0
molecola_18199,5,0,5,0.022861452773213387,0
molecola_18199,6,0,6,0.03545984625816345,0
molecola_18199,7,0,7,0.014576707035303116,0
molecola_18199,8,0,8,0.07568327337503433,0
molecola_18199,9,0,9,0.21303033828735352,0
molecola_18199,10,0,10,0.22360914945602417,0
molecola_18199,11,0,11,0.41933760046958923,0
molecola_18199,12,0,12,0.06378167867660522,0
molecola_18199,13,0,13,0.10503862053155899,0
molecola_18199,14,1,14,0.1482875794172287,0
molecola_18199,15,1,15,0.3385273814201355,0
molecola_18199,16,1,16,0.29831749200820923,0
molecola_18199,17,1,17,0.9761430025100708,1
molecola_18199,18,0,18,0.27652081847190857,0
molecola_18199,19,0,19,0.414492130279541,0
molecola_18199,20,0,20,0.042032234370708466,0
molecola_18199,21,0,21,0.05147204175591469,0
molecola_18303,1,0,1,0.0015400610864162445,0
molecola_18303,2,0,2,0.0011866140412166715,0
molecola_18303,3,0,3,0.0015400610864162445,0
molecola_18303,4,0,4,0.0013242496643215418,0
molecola_18303,5,0,5,0.001324250246398151,0
molecola_18303,6,0,6,0.0011865767883136868,0
molecola_18303,7,0,7,0.0015400617849081755,0
molecola_18303,8,0,8,0.0015400617849081755,0
molecola_18303,9,0,9,0.00130848225671798,0
molecola_18303,10,0,10,0.002210386097431183,0
molecola_18303,11,0,11,0.008237238973379135,0
molecola_18303,12,0,12,0.015973243862390518,0
molecola_18303,13,0,13,0.01746644638478756,0
molecola_18303,14,0,14,0.029589122161269188,0
molecola_18303,15,0,15,0.030373526737093925,0
molecola_18303,16,0,16,0.012819988653063774,0
molecola_18303,17,0,17,0.0019751291256397963,0
molecola_18303,18,0,18,0.0013087970437482,0
molecola_18303,19,0,19,0.011487170122563839,0
molecola_18303,20,0,20,0.004583772271871567,0
molecola_18303,21,0,21,0.001690030563622713,0
molecola_18303,22,0,22,0.010702528990805149,0
molecola_18303,23,0,23,0.001690030563622713,0
molecola_18303,24,0,24,0.004583772271871567,0
molecola_18303,25,1,25,0.9912480115890503,1
molecola_18303,26,1,26,0.9674240946769714,1
molecola_18303,27,1,27,0.9674240946769714,1
molecola_18311,1,1,1,0.9733378291130066,1
molecola_18311,2,1,2,0.9801866412162781,1
molecola_18311,3,0,3,0.7521902322769165,1
molecola_18311,4,0,4,0.1302155703306198,0
molecola_18311,5,0,5,0.0008985050953924656,0
molecola_18311,6,0,6,0.1302155703306198,0
molecola_18311,7,0,7,0.7521902322769165,1
molecola_18311,8,0,8,0.0009530304232612252,0
molecola_18311,9,0,9,0.0005474420031532645,0
molecola_18311,10,0,10,0.000748910300899297,0
molecola_18311,11,0,11,0.0008179129217751324,0
molecola_18311,12,0,12,0.0010373771656304598,0
molecola_18311,13,0,13,0.0010102186352014542,0
molecola_18311,14,0,14,0.001228458248078823,0
molecola_18311,15,0,15,0.0025802094023674726,0
molecola_18311,16,0,16,0.0038826558738946915,0
molecola_18311,17,0,17,0.048065800219774246,0
molecola_18311,18,0,18,0.05688227713108063,0
molecola_18311,19,0,19,0.054008498787879944,0
molecola_18311,20,0,20,0.022283561527729034,0
molecola_18311,21,0,21,0.0012340513058006763,0
molecola_18311,22,0,22,0.0010763740865513682,0
molecola_18311,23,0,23,0.0005768481059931219,0
molecola_18311,24,0,24,0.0007506536785513163,0
molecola_18643,1,0,1,0.004790354520082474,0
molecola_18643,2,0,2,0.005203758832067251,0
molecola_18643,3,0,3,0.004790354520082474,0
molecola_18643,4,0,4,0.26175105571746826,0
molecola_18643,5,0,5,0.7596585154533386,1
molecola_18643,6,0,6,0.980164647102356,1
molecola_18643,7,0,7,0.9734057188034058,1
molecola_18643,8,0,8,0.5959391593933105,1
molecola_18643,9,0,9,0.6498450636863708,1
molecola_18643,10,0,10,0.28189435601234436,0
molecola_18643,11,0,11,0.30803096294403076,0
molecola_18643,12,1,12,0.9918816685676575,1
molecola_18643,13,0,13,0.3555529713630676,0
molecola_18643,14,0,14,0.005469456315040588,0
molecola_18643,15,0,15,0.001350231235846877,0
molecola_18643,16,0,16,0.002099878853186965,0
molecola_18643,17,0,17,0.0027454406954348087,0
molecola_18643,18,0,18,0.006649750284850597,0
molecola_18643,19,0,19,0.002723299665376544,0
molecola_1867,1,0,1,0.004013019613921642,0
molecola_1867,2,0,2,0.0021451041102409363,0
molecola_1867,3,0,3,0.012386717833578587,0
molecola_1867,4,0,4,0.0009988833917304873,0
molecola_1867,5,0,5,0.0008331929566338658,0
molecola_1867,6,0,6,0.002259740838780999,0
molecola_1867,7,0,7,0.0028553525917232037,0
molecola_1867,8,0,8,0.0028553525917232037,0
molecola_1867,9,0,9,0.07568929344415665,0
molecola_1867,10,0,10,0.034346334636211395,0
molecola_1867,11,0,11,0.03902345895767212,0
molecola_1867,12,0,12,0.0074616847559809685,0
molecola_1867,13,0,13,0.007204506080597639,0
molecola_1867,14,0,14,0.013048621825873852,0
molecola_1867,15,0,15,0.051806945353746414,0
molecola_1867,16,0,16,0.0013597497018054128,0
molecola_1867,17,0,17,0.0008939463295973837,0
molecola_1867,18,0,18,0.0008939463295973837,0
molecola_1867,19,0,19,0.0008939463295973837,0
molecola_1867,20,0,20,0.003767745103687048,0
molecola_1867,21,0,21,0.011944339610636234,0
molecola_1867,22,0,22,0.0010863810312002897,0
molecola_1867,23,0,23,0.001620847498998046,0
molecola_1867,24,0,24,0.002025618450716138,0
molecola_1867,25,0,25,0.001360256806947291,0
molecola_1867,26,0,26,0.0010891312267631292,0
molecola_1867,27,0,27,0.002025618450716138,0
molecola_1867,28,0,28,0.001620847498998046,0
molecola_1867,29,0,29,0.0010759547585621476,0
molecola_1867,30,0,30,0.004094036296010017,0
molecola_1867,31,0,31,0.026214297860860825,0
molecola_1867,32,0,32,0.10594119876623154,0
molecola_1867,33,1,33,0.9834017753601074,1
molecola_1867,34,0,34,0.009744360111653805,0
molecola_1867,35,0,35,0.002682817168533802,0
molecola_1867,36,0,36,0.00184539332985878,0
molecola_1867,37,0,37,0.0009021771256811917,0
molecola_1870,1,0,1,0.0013398481532931328,0
molecola_1870,2,0,2,0.000993677182123065,0
molecola_1870,3,0,3,0.0009267384302802384,0
molecola_1870,4,0,4,0.023555461317300797,0
molecola_1870,5,0,5,0.0009620008640922606,0
molecola_1870,6,0,6,0.004395049996674061,0
molecola_1870,7,0,7,0.011236377991735935,0
molecola_1870,8,0,8,0.018468102440238,0
molecola_1870,9,0,9,0.0013484829105436802,0
molecola_1870,10,0,10,0.0010060626082122326,0
molecola_1870,11,0,11,0.0008706788648851216,0
molecola_1870,12,0,12,0.0009610343258827925,0
molecola_1870,13,0,13,0.0012341246474534273,0
molecola_1870,14,0,14,0.0015954936388880014,0
molecola_1870,15,0,15,0.0019085775129497051,0
molecola_1870,16,0,16,0.0013346201740205288,0
molecola_1870,17,0,17,0.0010891587007790804,0
molecola_1870,18,0,18,0.0019085775129497051,0
molecola_1870,19,0,19,0.0015954936388880014,0
molecola_1870,20,0,20,0.001033884473145008,0
molecola_1870,21,0,21,0.0029073581099510193,0
molecola_1870,22,0,22,0.0027045488823205233,0
molecola_1870,23,1,23,0.9505431652069092,1
molecola_1870,24,1,24,0.9892069101333618,1
molecola_1870,25,0,25,0.9089372158050537,1
molecola_1870,26,1,26,0.9089372158050537,1
molecola_18734,1,0,1,0.10554640740156174,0
molecola_18734,2,0,2,0.020283814519643784,0
molecola_18734,3,0,3,0.0035009142011404037,0
molecola_18734,4,0,4,0.001931629260070622,0
molecola_18734,5,0,5,0.0013242029817774892,0
molecola_18734,6,0,6,0.0012017894769087434,0
molecola_18734,7,0,7,0.0009671739535406232,0
molecola_18734,8,0,8,0.0011334497248753905,0
molecola_18734,9,0,9,0.0011246149661019444,0
molecola_18734,10,0,10,0.02634323388338089,0
molecola_18734,11,0,11,0.0010328029748052359,0
molecola_18734,12,0,12,0.004588026087731123,0
molecola_18734,13,0,13,0.3749086558818817,0
molecola_18734,14,0,14,0.11142555624246597,0
molecola_18734,15,1,15,0.9884759187698364,1
molecola_18734,16,0,16,0.07272926717996597,0
molecola_18734,17,0,17,0.0025018774904310703,0
molecola_18734,18,0,18,0.0012527889339253306,0
molecola_18734,19,0,19,0.0010581858223304152,0
molecola_18734,20,0,20,0.0010034149745479226,0
molecola_18734,21,0,21,0.0017422254895791411,0
molecola_18734,22,0,22,0.0012180204503238201,0
molecola_18734,23,0,23,0.0006831403006799519,0
molecola_18734,24,0,24,0.0008832132443785667,0
molecola_18734,25,0,25,0.0013552409363910556,0
molecola_18734,26,0,26,0.00537418108433485,0
molecola_18734,27,0,27,0.006815050728619099,0
molecola_18734,28,0,28,0.0021665010135620832,0
molecola_18734,29,0,29,0.0016280371928587556,0
molecola_18734,30,0,30,0.0008638205472379923,0
molecola_18878,1,1,1,0.9827415347099304,1
molecola_18878,2,0,2,0.3523414731025696,0
molecola_18878,3,0,3,0.32436713576316833,0
molecola_18878,4,0,4,0.5027745366096497,1
molecola_18878,5,0,5,0.6837626695632935,1
molecola_18878,6,0,6,0.4539465010166168,0
molecola_18878,7,0,7,0.3230595886707306,0
molecola_18878,8,0,8,0.550102949142456,1
molecola_18878,9,0,9,0.6191703677177429,1
molecola_18878,10,0,10,0.3833339214324951,0
molecola_18878,11,0,11,0.5082166790962219,1
molecola_18878,12,0,12,0.5274762511253357,1
molecola_18878,13,0,13,0.26113948225975037,0
molecola_18878,14,0,14,0.2214539349079132,0
molecola_18878,15,0,15,0.14238108694553375,0
molecola_18878,16,0,16,0.20057182013988495,0
molecola_18878,17,0,17,0.3862827718257904,0
molecola_18878,18,0,18,0.6253865957260132,1
molecola_18878,19,0,19,0.47123220562934875,0
molecola_18878,20,0,20,0.6532580852508545,1
molecola_18878,21,0,21,0.2730911374092102,0
molecola_18878,22,0,22,0.3356117904186249,0
molecola_18878,23,1,23,0.9829010367393494,1
molecola_19048,1,0,1,0.24757452309131622,0
molecola_19048,2,0,2,0.9278011322021484,1
molecola_19048,3,0,3,0.9207925796508789,1
molecola_19048,4,0,4,0.0038938350044190884,0
molecola_19048,5,1,5,0.897092342376709,1
molecola_19048,6,1,6,0.9040905833244324,1
molecola_19048,7,0,7,0.006875928957015276,0
molecola_19048,8,0,8,0.0007069086423143744,0
molecola_19048,9,0,9,0.0007792962715029716,0
molecola_19048,10,0,10,0.004634044598788023,0
molecola_19048,11,0,11,0.0023603353183716536,0
molecola_19048,12,0,12,0.0017540875123813748,0
molecola_19048,13,0,13,0.534690797328949,1
molecola_19048,14,0,14,0.9834080338478088,1
molecola_19048,15,0,15,0.680499255657196,1
molecola_19048,16,0,16,0.9686911702156067,1
molecola_19048,17,0,17,0.6606723666191101,1
molecola_19048,18,0,18,0.02888721600174904,0
molecola_19048,19,0,19,0.0008568525081500411,0
molecola_19048,20,0,20,0.0012106535723432899,0
molecola_19048,21,0,21,0.0007933632005006075,0
molecola_19048,22,0,22,0.0052238283678889275,0
molecola_19048,23,0,23,0.0024779404047876596,0
molecola_19048,24,0,24,0.0010170256718993187,0
molecola_19048,25,0,25,0.0012228679843246937,0
molecola_19115,1,0,1,0.0017239657463505864,0
molecola_19115,2,0,2,0.004076364450156689,0
molecola_19115,3,0,3,0.0012834343360736966,0
molecola_19115,4,0,4,0.0011567698093131185,0
molecola_19115,5,0,5,0.0007045133970677853,0
molecola_19115,6,0,6,0.0011567698093131185,0
molecola_19115,7,0,7,0.0012834343360736966,0
molecola_19115,8,0,8,0.0013332340167835355,0
molecola_19115,9,0,9,0.0012903491733595729,0
molecola_19115,10,0,10,0.0024857374373823404,0
molecola_19115,11,0,11,0.014505795203149319,0
molecola_19115,12,0,12,0.005017575807869434,0
molecola_19115,13,0,13,0.036207415163517,0
molecola_19115,14,0,14,0.05979191139340401,0
molecola_19115,15,0,15,0.011197343468666077,0
molecola_19115,16,0,16,0.00196313438937068,0
molecola_19115,17,0,17,0.015597867779433727,0
molecola_19115,18,0,18,0.009647205471992493,0
molecola_19115,19,0,19,0.9041593670845032,1
molecola_19115,20,0,20,0.001657383982092142,0
molecola_19115,21,0,21,0.007816754281520844,0
molecola_19115,22,0,22,0.001998802414163947,0
molecola_19115,23,0,23,0.01957889273762703,0
molecola_19115,24,0,24,0.0390172004699707,0
molecola_19115,25,0,25,0.0038711263332515955,0
molecola_19115,26,1,26,0.9851204752922058,1
molecola_19115,27,0,27,0.001763980253599584,0
molecola_19115,28,0,28,0.0008689069654792547,0
molecola_19115,29,0,29,0.0033061220310628414,0
molecola_19115,30,0,30,0.0013772366801276803,0
molecola_19340,1,0,1,0.002662515267729759,0
molecola_19340,2,0,2,0.0010954326717182994,0
molecola_19340,3,0,3,0.0011327043175697327,0
molecola_19340,4,0,4,0.0008758305921219289,0
molecola_19340,5,0,5,0.0011057199444621801,0
molecola_19340,6,0,6,0.0014755678130313754,0
molecola_19340,7,0,7,0.0049179065972566605,0
molecola_19340,8,1,8,0.9921824336051941,1
molecola_19340,9,1,9,0.9690425395965576,1
molecola_19340,10,1,10,0.9690425395965576,1
molecola_19340,11,0,11,0.016768531873822212,0
molecola_19340,12,0,12,0.0019594025798141956,0
molecola_19340,13,0,13,0.9779539108276367,1
molecola_19340,14,0,14,0.9690936207771301,1
molecola_19340,15,0,15,0.0017029696609824896,0
molecola_19340,16,0,16,0.0012920721201226115,0
molecola_19340,17,0,17,0.0020861837547272444,0
molecola_19390,1,0,1,0.7675550580024719,1
molecola_19390,2,0,2,0.08401842415332794,0
molecola_19390,3,0,3,0.07209311425685883,0
molecola_19390,4,0,4,0.08617659658193588,0
molecola_19390,5,0,5,0.03242774307727814,0
molecola_19390,6,0,6,0.09022890776395798,0
molecola_19390,7,0,7,0.06400050222873688,0
molecola_19390,8,0,8,0.04813732951879501,0
molecola_19390,9,0,9,0.0055918204598128796,0
molecola_19390,10,0,10,0.006536724977195263,0
molecola_19390,11,0,11,0.0014126173919066787,0
molecola_19390,12,1,12,0.9827324151992798,1
molecola_19390,13,1,13,0.9689813256263733,1
molecola_19390,14,0,14,0.002974430099129677,0
molecola_19390,15,0,15,0.005610850173979998,0
molecola_19390,16,0,16,0.03021170198917389,0
molecola_19390,17,0,17,0.0027054338715970516,0
molecola_19390,18,0,18,0.006791404914110899,0
molecola_19638,1,0,1,0.0025965997483581305,0
molecola_19638,2,0,2,0.0025528143160045147,0
molecola_19638,3,0,3,0.0011439044028520584,0
molecola_19638,4,0,4,0.0018760219682008028,0
molecola_19638,5,0,5,0.0013745407341048121,0
molecola_19638,6,0,6,0.00394872110337019,0
molecola_19638,7,0,7,0.003349347272887826,0
molecola_19638,8,0,8,0.00394872110337019,0
molecola_19638,9,0,9,0.0013745407341048121,0
molecola_19638,10,0,10,0.0012599629117175937,0
molecola_19638,11,0,11,0.0008964489097706974,0
molecola_19638,12,0,12,0.0008464697166346014,0
molecola_19638,13,0,13,0.0021866236347705126,0
molecola_19638,14,0,14,0.0028484829235821962,0
molecola_19638,15,0,15,0.02548365667462349,0
molecola_19638,16,0,16,0.0028484829235821962,0
molecola_19638,17,0,17,0.0021866236347705126,0
molecola_19638,18,1,18,0.9620819687843323,1
molecola_19638,19,1,19,0.939790666103363,1
molecola_19638,20,1,20,0.9418336153030396,1
molecola_19638,21,1,21,0.9653212428092957,1
molecola_19784,1,1,1,0.9748284220695496,1
molecola_19784,2,1,2,0.9863466620445251,1
molecola_19784,3,0,3,0.8387370705604553,1
molecola_19784,4,0,4,0.06383948773145676,0
molecola_19784,5,0,5,0.003942915238440037,0
molecola_19784,6,0,6,0.8435872793197632,1
molecola_19784,7,0,7,0.04362521320581436,0
molecola_19784,8,0,8,0.0493599958717823,0
molecola_19784,9,0,9,0.008935927413403988,0
molecola_19784,10,0,10,0.002707144245505333,0
molecola_19784,11,0,11,0.0012485695770010352,0
molecola_19784,12,0,12,0.008816862478852272,0
molecola_19784,13,0,13,0.011676103807985783,0
molecola_19784,14,0,14,0.03578608110547066,0
molecola_19784,15,0,15,0.007676310371607542,0
molecola_19784,16,0,16,0.0016255737282335758,0
molecola_19784,17,0,17,0.014824090525507927,0
molecola_19784,18,0,18,0.001042963587678969,0
molecola_19784,19,0,19,0.0009776330552995205,0
molecola_19784,20,0,20,0.029077749699354172,0
molecola_19784,21,0,21,0.001372971455566585,0
molecola_19784,22,0,22,0.003959617577493191,0
molecola_19784,23,0,23,0.012450960464775562,0
molecola_19784,24,0,24,0.015703707933425903,0
molecola_19784,25,0,25,0.007992394268512726,0
molecola_19784,26,0,26,0.0018812223570421338,0
molecola_19784,27,0,27,0.0006818836554884911,0
molecola_19784,28,0,28,0.0006818836554884911,0
molecola_19784,29,0,29,0.0006964157801121473,0
molecola_19784,30,0,30,0.012450960464775562,0
molecola_19784,31,0,31,0.003959617577493191,0
molecola_19833,1,1,1,0.9896055459976196,1
molecola_19833,2,0,2,0.11394200474023819,0
molecola_19833,3,0,3,0.5050212144851685,1
molecola_19833,4,0,4,0.012510771863162518,0
molecola_19833,5,0,5,0.017963947728276253,0
molecola_19833,6,0,6,0.001790583715774119,0
molecola_19833,7,0,7,0.0457078292965889,0
molecola_19833,8,0,8,0.015740640461444855,0
molecola_19833,9,0,9,0.25801926851272583,0
molecola_19936,1,0,1,0.9426913857460022,1
molecola_19936,2,0,2,0.8856620788574219,1
molecola_19936,3,0,3,0.001644855015911162,0
molecola_19936,4,0,4,0.002111160894855857,0
molecola_19936,5,0,5,0.008100336417555809,0
molecola_19936,6,0,6,0.0009348841267637908,0
molecola_19936,7,0,7,0.0008584485040046275,0
molecola_19936,8,0,8,0.94180828332901,1
molecola_19936,9,0,9,0.9322495460510254,1
molecola_19936,10,0,10,0.004024090711027384,0
molecola_19936,11,0,11,0.0006051288219168782,0
molecola_19936,12,0,12,0.7438687682151794,1
molecola_19936,13,1,13,0.9876618385314941,1
molecola_19936,14,1,14,0.9771968126296997,1
molecola_19936,15,0,15,0.6898546814918518,1
molecola_19936,16,0,16,0.0030637430027127266,0
molecola_19936,17,0,17,0.0008596472907811403,0
molecola_19936,18,0,18,0.0011987641919404268,0
molecola_19936,19,0,19,0.0007527052075602114,0
molecola_19936,20,0,20,0.01803257316350937,0
molecola_19936,21,0,21,0.9295004606246948,1
molecola_19936,22,0,22,0.9446245431900024,1
molecola_19936,23,0,23,0.0009210899588651955,0
molecola_19936,24,0,24,0.0010077625047415495,0
molecola_19936,25,1,25,0.9877196550369263,1
molecola_19936,26,0,26,0.9076911807060242,1
molecola_19936,27,1,27,0.9076911807060242,1
molecola_19983,1,1,1,0.9894083738327026,1
molecola_19983,2,0,2,0.09313955157995224,0
molecola_19983,3,0,3,0.2129065841436386,0
molecola_19983,4,0,4,0.23142462968826294,0
molecola_19983,5,0,5,0.020850464701652527,0
molecola_19983,6,0,6,0.00521734356880188,0
molecola_19983,7,0,7,0.0007137643406167626,0
molecola_19983,8,0,8,0.052983399480581284,0
molecola_19983,9,0,9,0.0011199750006198883,0
molecola_19983,10,0,10,0.0008663701009936631,0
molecola_19983,11,0,11,0.0008663701009936631,0
molecola_19983,12,0,12,0.0008663701009936631,0
molecola_2000,1,0,1,0.0016226834850385785,0
molecola_2000,2,0,2,0.00336017576046288,0
molecola_2000,3,0,3,0.0016226834850385785,0
molecola_2000,4,0,4,0.0036505889147520065,0
molecola_2000,5,0,5,0.32209885120391846,0
molecola_2000,6,0,6,0.3412768840789795,0
molecola_2000,7,0,7,0.369764119386673,0
molecola_2000,8,1,8,0.9645824432373047,1
molecola_2000,9,0,9,0.3374920189380646,0
molecola_2000,10,1,10,0.9639432430267334,1
molecola_2000,11,0,11,0.3999549150466919,0
molecola_2000,12,0,12,0.04891926422715187,0
molecola_2000,13,0,13,0.05649539455771446,0
molecola_2000,14,0,14,0.058128759264945984,0
molecola_2000,15,0,15,0.04089539125561714,0
molecola_2000,16,0,16,0.07315438985824585,0
molecola_2000,17,0,17,0.1979985386133194,0
molecola_2000,18,0,18,0.004036118276417255,0
molecola_20103,1,1,1,0.9890981912612915,1
molecola_20103,2,0,2,0.04749850183725357,0
molecola_20103,3,0,3,0.7499513626098633,1
molecola_20103,4,0,4,0.07402579486370087,0
molecola_20103,5,0,5,0.04454609006643295,0
molecola_20103,6,0,6,0.07402579486370087,0
molecola_20103,7,0,7,0.7499513626098633,1
molecola_20103,8,0,8,0.001602850970812142,0
molecola_20103,9,0,9,0.0013211941113695502,0
molecola_20103,10,0,10,0.0017723652999848127,0
molecola_20103,11,0,11,0.002994108246639371,0
molecola_20103,12,0,12,0.0031074790749698877,0
molecola_20103,13,0,13,0.0007538225036114454,0
molecola_20103,14,0,14,0.0015512531390413642,0
molecola_20103,15,0,15,0.0006454369868151844,0
molecola_20103,16,0,16,0.0010531789157539606,0
molecola_20103,17,0,17,0.0006151493289507926,0
molecola_20103,18,0,18,0.001286658807657659,0
molecola_20103,19,0,19,0.001286658807657659,0
molecola_20103,20,0,20,0.001053179381415248,0
molecola_20103,21,0,21,0.0006151493289507926,0
molecola_20103,22,0,22,0.010127064771950245,0
molecola_20103,23,0,23,0.003196162171661854,0
molecola_20103,24,0,24,0.0015827068127691746,0
molecola_20103,25,0,25,0.0011551143834367394,0
molecola_20245,1,0,1,0.01376307476311922,0
molecola_20245,2,0,2,0.004471906926482916,0
molecola_20245,3,0,3,0.010144336149096489,0
molecola_20245,4,0,4,0.007488731294870377,0
molecola_20245,5,0,5,0.004895439837127924,0
molecola_20245,6,0,6,0.0012825625017285347,0
molecola_20245,7,0,7,0.0013593859039247036,0
molecola_20245,8,0,8,0.00337053625844419,0
molecola_20245,9,0,9,0.0007227891474030912,0
molecola_20245,10,0,10,0.0012385896407067776,0
molecola_20245,11,0,11,0.0011322427308186889,0
molecola_20245,12,0,12,0.0010465856175869703,0
molecola_20245,13,0,13,0.10162311047315598,0
molecola_20245,14,0,14,0.8604194521903992,1
molecola_20245,15,1,15,0.9777267575263977,1
molecola_20245,16,1,16,0.9649139642715454,1
molecola_20245,17,0,17,0.057325296103954315,0
molecola_20245,18,0,18,0.008048972114920616,0
molecola_20245,19,0,19,0.030926140025258064,0
molecola_20245,20,0,20,0.06019509956240654,0
molecola_20245,21,0,21,0.030926140025258064,0
molecola_20245,22,0,22,0.008048972114920616,0
molecola_20245,23,0,23,0.0008663255139254034,0
molecola_20245,24,0,24,0.00205042352899909,0
molecola_20245,25,0,25,0.0006378763355314732,0
molecola_20245,26,0,26,0.0038947744760662317,0
molecola_20245,27,0,27,0.000889886636286974,0
molecola_20245,28,0,28,0.0008101402781903744,0
molecola_20245,29,0,29,0.0020363919902592897,0
molecola_20245,30,0,30,0.0019729009363800287,0
molecola_20245,31,0,31,0.0013438379392027855,0
molecola_20245,32,0,32,0.0010891379788517952,0
molecola_20245,33,0,33,0.0019729009363800287,0
molecola_20245,34,0,34,0.0020363919902592897,0
molecola_20556,1,0,1,0.0009620773489587009,0
molecola_20556,2,0,2,0.0009342279518023133,0
molecola_20556,3,0,3,0.0010217766975983977,0
molecola_20556,4,0,4,0.0006233776221051812,0
molecola_20556,5,0,5,0.0006574045983143151,0
molecola_20556,6,0,6,0.0013355000410228968,0
molecola_20556,7,0,7,0.0008882872643880546,0
molecola_20556,8,0,8,0.0033645490184426308,0
molecola_20556,9,0,9,0.002958794357255101,0
molecola_20556,10,0,10,0.001960146939381957,0
molecola_20556,11,0,11,0.001994505524635315,0
molecola_20556,12,0,12,0.0023721421603113413,0
molecola_20556,13,0,13,0.0023721421603113413,0
molecola_20556,14,0,14,0.001994505524635315,0
molecola_20556,15,0,15,0.0009281102102249861,0
molecola_20556,16,0,16,0.0005566700710915029,0
molecola_20556,17,0,17,0.0006921794265508652,0
molecola_20556,18,0,18,0.00111135165207088,0
molecola_20556,19,0,19,0.0017354169394820929,0
molecola_20556,20,0,20,0.002233324106782675,0
molecola_20556,21,0,21,0.0017354169394820929,0
molecola_20556,22,0,22,0.00111135165207088,0
molecola_20556,23,0,23,0.0022919964976608753,0
molecola_20556,24,0,24,0.0006680032820440829,0
molecola_20556,25,0,25,0.008037546649575233,0
molecola_20556,26,1,26,0.9803957343101501,1
molecola_20556,27,0,27,0.0010459088953211904,0
molecola_20556,28,0,28,0.0006283497205004096,0
molecola_20556,29,0,29,0.0008383283857256174,0
molecola_20556,30,0,30,0.0010041054338216782,0
molecola_20556,31,0,31,0.0010041054338216782,0
molecola_20573,1,0,1,0.0028886001091450453,0
molecola_20573,2,0,2,0.0016283574514091015,0
molecola_20573,3,0,3,0.0015396103262901306,0
molecola_20573,4,0,4,0.0009146145894192159,0
molecola_20573,5,0,5,0.0005531162023544312,0
molecola_20573,6,0,6,0.0009146145894192159,0
molecola_20573,7,0,7,0.0015396103262901306,0
molecola_20573,8,0,8,0.0015773200429975986,0
molecola_20573,9,0,9,0.0008365979883819818,0
molecola_20573,10,0,10,0.0008365979883819818,0
molecola_20573,11,0,11,0.020449653267860413,0
molecola_20573,12,0,12,0.0012975068530067801,0
molecola_20573,13,0,13,0.0012267387937754393,0
molecola_20573,14,0,14,0.009997960180044174,0
molecola_20573,15,0,15,0.0022212108597159386,0
molecola_20573,16,0,16,0.002524284878745675,0
molecola_20573,17,0,17,0.0010493407025933266,0
molecola_20573,18,1,18,0.7591452598571777,1
molecola_20573,19,1,19,0.9871936440467834,1
molecola_20573,20,1,20,0.9773032069206238,1
molecola_20573,21,1,21,0.7896063923835754,1
molecola_20573,22,0,22,0.0039846161380410194,0
molecola_20573,23,0,23,0.0021730205044150352,0
molecola_20768,1,1,1,0.906321108341217,1
molecola_20768,2,1,2,0.9827988743782043,1
molecola_20768,3,1,3,0.906321108341217,1
molecola_20768,4,1,4,0.9357835650444031,1
molecola_20768,5,0,5,0.09775146096944809,0
molecola_20768,6,0,6,0.04888950660824776,0
molecola_20768,7,0,7,0.024620989337563515,0
molecola_20768,8,0,8,0.0807873010635376,0
molecola_20768,9,0,9,0.10786473006010056,0
molecola_20768,10,0,10,0.059043318033218384,0
molecola_20768,11,0,11,0.03127727285027504,0
molecola_20768,12,0,12,0.003009423380717635,0
molecola_20768,13,0,13,0.0005861013778485358,0
molecola_20768,14,0,14,0.002317965030670166,0
molecola_20768,15,0,15,0.057344406843185425,0
molecola_20768,16,0,16,0.0983460396528244,0
molecola_20768,17,0,17,0.058687202632427216,0
molecola_20768,18,0,18,0.0012173030991107225,0
molecola_20768,19,0,19,0.0008669188828207552,0
molecola_20768,20,0,20,0.0008669188828207552,0
molecola_20768,21,0,21,0.0008669188828207552,0
molecola_20768,22,0,22,0.01782013103365898,0
molecola_20768,23,0,23,0.04270743951201439,0
molecola_20768,24,0,24,0.054084621369838715,0
molecola_20768,25,0,25,0.04658723622560501,0
molecola_20768,26,0,26,0.05598956346511841,0
molecola_20768,27,0,27,0.05573588237166405,0
molecola_20768,28,0,28,0.03738953918218613,0
molecola_20768,29,0,29,0.02407710812985897,0
molecola_20931,1,1,1,0.9887085556983948,1
molecola_20931,2,0,2,0.02429601177573204,0
molecola_20931,3,0,3,0.02436717599630356,0
molecola_20931,4,0,4,0.0024749399162828922,0
molecola_20931,5,0,5,0.0009182645007967949,0
molecola_20931,6,0,6,0.007560281548649073,0
molecola_20931,7,0,7,0.014317057095468044,0
molecola_20931,8,0,8,0.00720528420060873,0
molecola_20931,9,0,9,0.0007042801007628441,0
molecola_20931,10,0,10,0.0010739874560385942,0
molecola_20931,11,0,11,0.0012169732945039868,0
molecola_20931,12,0,12,0.0014986000023782253,0
molecola_20931,13,0,13,0.0022433192934840918,0
molecola_20931,14,0,14,0.01582225225865841,0
molecola_20931,15,0,15,0.037797026336193085,0
molecola_20931,16,0,16,0.0640924721956253,0
molecola_20931,17,0,17,0.0756319984793663,0
molecola_20931,18,0,18,0.012067346833646297,0
molecola_20931,19,0,19,0.0014491017209365964,0
molecola_20931,20,0,20,0.0015859372215345502,0
molecola_20931,21,0,21,0.0018913669046014547,0
molecola_20931,22,0,22,0.0022170236334204674,0
molecola_20931,23,0,23,0.0007354897679761052,0
molecola_20931,24,0,24,0.0022170236334204674,0
molecola_20931,25,0,25,0.0018913669046014547,0
molecola_20931,26,0,26,0.0008828245336189866,0
molecola_20931,27,0,27,0.0009289701702073216,0
molecola_20931,28,0,28,0.0017800327623263001,0
molecola_20931,29,0,29,0.0011519744293764234,0
molecola_20931,30,0,30,0.0006554454448632896,0
molecola_20995,1,0,1,0.0035050318110734224,0
molecola_20995,2,0,2,0.0010052942670881748,0
molecola_20995,3,0,3,0.0013344091130420566,0
molecola_20995,4,0,4,0.001145318616181612,0
molecola_20995,5,0,5,0.0038495445623993874,0
molecola_20995,6,0,6,0.049771588295698166,0
molecola_20995,7,0,7,0.0561155341565609,0
molecola_20995,8,0,8,0.0279705747961998,0
molecola_20995,9,0,9,0.0015526415081694722,0
molecola_20995,10,0,10,0.0008297026506625116,0
molecola_20995,11,0,11,0.005961210001260042,0
molecola_20995,12,0,12,0.006789147388190031,0
molecola_20995,13,0,13,0.716064453125,1
molecola_20995,14,0,14,0.006654085125774145,0
molecola_20995,15,0,15,0.004900124855339527,0
molecola_20995,16,0,16,0.0016494751907885075,0
molecola_20995,17,0,17,0.001684551127254963,0
molecola_20995,18,0,18,0.010699005797505379,0
molecola_20995,19,0,19,0.001684551127254963,0
molecola_20995,20,0,20,0.0016494751907885075,0
molecola_20995,21,1,21,0.9912480115890503,1
molecola_20995,22,1,22,0.9674240946769714,1
molecola_20995,23,1,23,0.9674240946769714,1
molecola_21033,1,0,1,0.0028695559594780207,0
molecola_21033,2,0,2,0.0017795201856642962,0
molecola_21033,3,0,3,0.0016798985889181495,0
molecola_21033,4,0,4,0.0017228582873940468,0
molecola_21033,5,0,5,0.000797827378846705,0
molecola_21033,6,0,6,0.0017228582873940468,0
molecola_21033,7,0,7,0.0016798985889181495,0
molecola_21033,8,0,8,0.0009707933641038835,0
molecola_21033,9,0,9,0.0008531907806172967,0
molecola_21033,10,0,10,0.016239143908023834,0
molecola_21033,11,0,11,0.02292196825146675,0
molecola_21033,12,0,12,0.09674401581287384,0
molecola_21033,13,0,13,0.542670726776123,1
molecola_21033,14,0,14,0.0795707181096077,0
molecola_21033,15,1,15,0.9669265747070312,1
molecola_21033,16,0,16,0.2519910931587219,0
molecola_21033,17,1,17,0.9806572794914246,1
molecola_21033,18,0,18,0.011322509497404099,0
molecola_21192,1,1,1,0.9892181158065796,1
molecola_21192,2,0,2,0.08589375019073486,0
molecola_21192,3,0,3,0.49701887369155884,0
molecola_21192,4,0,4,0.009564023464918137,0
molecola_21192,5,0,5,0.0015986209036782384,0
molecola_21192,6,0,6,0.0011706672376021743,0
molecola_21192,7,0,7,0.0011864760890603065,0
molecola_21192,8,0,8,0.0009291254682466388,0
molecola_21192,9,0,9,0.0013905188534408808,0
molecola_21192,10,0,10,0.002346556866541505,0
molecola_21192,11,0,11,0.0016276149544864893,0
molecola_21192,12,0,12,0.0019360496662557125,0
molecola_21192,13,0,13,0.00212221872061491,0
molecola_21192,14,0,14,0.0019360496662557125,0
molecola_21192,15,0,15,0.0016276149544864893,0
molecola_21192,16,0,16,0.0018606288358569145,0
molecola_21192,17,0,17,0.000816881365608424,0
molecola_21192,18,0,18,0.0027689621783792973,0
molecola_21192,19,0,19,0.03473581001162529,0
molecola_21192,20,0,20,0.059765927493572235,0
molecola_21192,21,0,21,0.03473581001162529,0
molecola_21192,22,0,22,0.0027689621783792973,0
molecola_21192,23,0,23,0.000816881365608424,0
molecola_21192,24,0,24,0.0027689621783792973,0
molecola_21192,25,0,25,0.03473581001162529,0
molecola_21192,26,0,26,0.059765927493572235,0
molecola_21192,27,0,27,0.03473581001162529,0
molecola_21192,28,0,28,0.0027689621783792973,0
molecola_21192,29,0,29,0.0012364248977974057,0
molecola_21192,30,0,30,0.0026390335988253355,0
molecola_21192,31,0,31,0.001311516622081399,0
molecola_21192,32,0,32,0.0023260898888111115,0
molecola_21192,33,0,33,0.11394263058900833,0
molecola_21357,1,0,1,0.970160722732544,1
molecola_21357,2,0,2,0.983704149723053,1
molecola_21357,3,0,3,0.001179449143819511,0
molecola_21357,4,0,4,0.0012044401373714209,0
molecola_21357,5,0,5,0.0018107832875102758,0
molecola_21357,6,0,6,0.0007239166297949851,0
molecola_21357,7,0,7,0.001363420276902616,0
molecola_21357,8,0,8,0.0010473381262272596,0
molecola_21357,9,0,9,0.0011452912585809827,0
molecola_21357,10,0,10,0.0006584359798580408,0
molecola_21357,11,0,11,0.0011039985110983253,0
molecola_21357,12,0,12,0.0016503288643434644,0
molecola_21357,13,0,13,0.006463265977799892,0
molecola_21357,14,0,14,0.009302719496190548,0
molecola_21357,15,0,15,0.002528803190216422,0
molecola_21357,16,0,16,0.006463265977799892,0
molecola_21357,17,0,17,0.0016503288643434644,0
molecola_21357,18,0,18,0.0007774512050673366,0
molecola_21357,19,0,19,0.021465318277478218,0
molecola_21357,20,1,20,0.7698352932929993,1
molecola_21357,21,0,21,0.040990155190229416,0
molecola_21357,22,1,22,0.9889578819274902,1
molecola_21357,23,1,23,0.7698352932929993,1
molecola_21357,24,0,24,0.021465318277478218,0
molecola_21357,25,0,25,0.000897156831342727,0
molecola_21357,26,0,26,0.0015389036852866411,0
molecola_21357,27,0,27,0.006394261959940195,0
molecola_21357,28,0,28,0.010689107701182365,0
molecola_21357,29,0,29,0.0025337201077491045,0
molecola_21357,30,0,30,0.006394261959940195,0
molecola_21357,31,0,31,0.0015389036852866411,0
molecola_21613,1,0,1,0.004711531102657318,0
molecola_21613,2,0,2,0.018559493124485016,0
molecola_21613,3,0,3,0.07628718763589859,0
molecola_21613,4,0,4,0.07560403645038605,0
molecola_21613,5,1,5,0.7716571688652039,1
molecola_21613,6,0,6,0.006275653839111328,0
molecola_21613,7,0,7,0.010223080404102802,0
molecola_21613,8,0,8,0.002633356722071767,0
molecola_21613,9,0,9,0.0021962339524179697,0
molecola_21613,10,0,10,0.0017119183903560042,0
molecola_21613,11,0,11,0.000584422901738435,0
molecola_21613,12,0,12,0.0017119183903560042,0
molecola_21613,13,0,13,0.0021962339524179697,0
molecola_21613,14,0,14,0.001166455214843154,0
molecola_21613,15,0,15,0.0008649320807307959,0
molecola_21613,16,0,16,0.0008649320807307959,0
molecola_21613,17,0,17,0.0008649320807307959,0
molecola_21654,1,0,1,0.0027359621599316597,0
molecola_21654,2,0,2,0.015115125104784966,0
molecola_21654,3,0,3,0.007333868648856878,0
molecola_21654,4,0,4,0.0337463803589344,0
molecola_21654,5,1,5,0.9758706092834473,1
molecola_21654,6,1,6,0.9672451615333557,1
molecola_21654,7,0,7,0.05665544420480728,0
molecola_21654,8,0,8,0.01950761489570141,0
molecola_21654,9,0,9,0.6683551669120789,1
molecola_21654,10,0,10,0.005131778307259083,0
molecola_21654,11,0,11,0.025041969493031502,0
molecola_21654,12,0,12,0.03251084312796593,0
molecola_21654,13,0,13,0.23012427985668182,0
molecola_21654,14,0,14,0.03166135400533676,0
molecola_21654,15,0,15,0.09956035017967224,0
molecola_21654,16,0,16,0.0700492337346077,0
molecola_21654,17,0,17,0.07245391607284546,0
molecola_21654,18,0,18,0.0013255487428978086,0
molecola_21654,19,0,19,0.0021326178684830666,0
molecola_21654,20,0,20,0.0017059652600437403,0
molecola_21654,21,0,21,0.0014557262184098363,0
molecola_21654,22,0,22,0.003895259229466319,0
molecola_21654,23,0,23,0.0033166096545755863,0
molecola_21654,24,0,24,0.003895259229466319,0
molecola_21654,25,0,25,0.0014557262184098363,0
molecola_21654,26,0,26,0.002759768394753337,0
molecola_21692,1,0,1,0.9552316069602966,1
molecola_21692,2,0,2,0.9633731245994568,1
molecola_21692,3,0,3,0.5901209115982056,1
molecola_21692,4,0,4,0.0013265034649521112,0
molecola_21692,5,0,5,0.001123328460380435,0
molecola_21692,6,0,6,0.048996128141880035,0
molecola_21692,7,0,7,0.0012232145527377725,0
molecola_21692,8,0,8,0.0012232145527377725,0
molecola_21692,9,0,9,0.0009516403661109507,0
molecola_21692,10,0,10,0.001245209714397788,0
molecola_21692,11,0,11,0.001109512522816658,0
molecola_21692,12,0,12,0.00248331599868834,0
molecola_21692,13,0,13,0.007022763602435589,0
molecola_21692,14,0,14,0.0022816502023488283,0
molecola_21692,15,0,15,0.020724065601825714,0
molecola_21692,16,0,16,0.014415318146348,0
molecola_21692,17,0,17,0.002019489649683237,0
molecola_21692,18,0,18,0.002136708004400134,0
molecola_21692,19,0,19,0.0015458437846973538,0
molecola_21692,20,0,20,0.0037923112977296114,0
molecola_21692,21,0,21,0.0008698695455677807,0
molecola_21692,22,0,22,0.0011790207354351878,0
molecola_21692,23,0,23,0.0014601389411836863,0
molecola_21692,24,0,24,0.0006077117868699133,0
molecola_21692,25,0,25,0.0007133216713555157,0
molecola_21692,26,1,26,0.989844560623169,1
molecola_21692,27,0,27,0.9525496959686279,1
molecola_21692,28,1,28,0.9525496959686279,1
molecola_21734,1,0,1,0.008857416920363903,0
molecola_21734,2,0,2,0.0058817933313548565,0
molecola_21734,3,0,3,0.0018968298099935055,0
molecola_21734,4,0,4,0.005401468835771084,0
molecola_21734,5,0,5,0.0019520787755027413,0
molecola_21734,6,0,6,0.0007817124132998288,0
molecola_21734,7,0,7,0.0009587251115590334,0
molecola_21734,8,0,8,0.0010905759409070015,0
molecola_21734,9,0,9,0.00206988793797791,0
molecola_21734,10,0,10,0.0006051158416084945,0
molecola_21734,11,0,11,0.0008836115011945367,0
molecola_21734,12,0,12,0.0069008637219667435,0
molecola_21734,13,0,13,0.7684325575828552,1
molecola_21734,14,0,14,0.040985431522130966,0
molecola_21734,15,1,15,0.9889653921127319,1
molecola_21734,16,0,16,0.7684325575828552,1
molecola_21734,17,0,17,0.0069008637219667435,0
molecola_2182,1,1,1,0.9901796579360962,1
molecola_2182,2,0,2,0.0667538270354271,0
molecola_2182,3,0,3,0.0884358137845993,0
molecola_2182,4,0,4,0.0038952778559178114,0
molecola_2182,5,0,5,0.002015699865296483,0
molecola_2182,6,0,6,0.002824365859851241,0
molecola_2182,7,0,7,0.011011618189513683,0
molecola_2182,8,0,8,0.0008033958147279918,0
molecola_2182,9,0,9,0.005165889859199524,0
molecola_2182,10,0,10,0.002906604902818799,0
molecola_2182,11,0,11,0.003062217030674219,0
molecola_2182,12,0,12,0.0027779920492321253,0
molecola_2182,13,0,13,0.0018031732179224491,0
molecola_2182,14,0,14,0.0021815483924001455,0
molecola_2182,15,0,15,0.0021815483924001455,0
molecola_2182,16,0,16,0.000964016595389694,0
molecola_2182,17,0,17,0.04203547164797783,0
molecola_2182,18,0,18,0.028581874445080757,0
molecola_2182,19,0,19,0.0014935382641851902,0
molecola_2182,20,0,20,0.001770104980096221,0
molecola_2182,21,0,21,0.001770104980096221,0
molecola_2182,22,0,22,0.001770104980096221,0
molecola_21842,1,0,1,0.0020730430260300636,0
molecola_21842,2,0,2,0.002268705517053604,0
molecola_21842,3,0,3,0.0020730430260300636,0
molecola_21842,4,0,4,0.0033298430498689413,0
molecola_21842,5,0,5,0.029936227947473526,0
molecola_21842,6,0,6,0.11614274978637695,0
molecola_21842,7,0,7,0.20200195908546448,0
molecola_21842,8,0,8,0.0483878068625927,0
molecola_21842,9,0,9,0.03053155541419983,0
molecola_21842,10,0,10,0.09295489639043808,0
molecola_21842,11,0,11,0.40472760796546936,0
molecola_21842,12,0,12,0.29153481125831604,0
molecola_21842,13,0,13,0.11274229735136032,0
molecola_21842,14,0,14,0.011418694630265236,0
molecola_21842,15,0,15,0.013284278102219105,0
molecola_21842,16,0,16,0.03212052956223488,0
molecola_21842,17,0,17,0.020227286964654922,0
molecola_21842,18,0,18,0.08936959505081177,0
molecola_21842,19,0,19,0.09557361900806427,0
molecola_21842,20,0,20,0.1171560063958168,0
molecola_21842,21,0,21,0.23705324530601501,0
molecola_21842,22,1,22,0.9760135412216187,1
molecola_21842,23,0,23,0.09855236113071442,0
molecola_21842,24,0,24,0.16959823668003082,0
molecola_21842,25,0,25,0.20024073123931885,0
molecola_21874,1,1,1,0.9902729392051697,1
molecola_21874,2,0,2,0.06739756464958191,0
molecola_21874,3,0,3,0.17093700170516968,0
molecola_21874,4,0,4,0.21681296825408936,0
molecola_21874,5,0,5,0.30490192770957947,0
molecola_21874,6,0,6,0.21304374933242798,0
molecola_21874,7,0,7,0.006712724454700947,0
molecola_21874,8,0,8,0.0008584350580349565,0
molecola_21874,9,0,9,0.0007652150234207511,0
molecola_21874,10,0,10,0.0008584350580349565,0
molecola_21874,11,0,11,0.0007652150234207511,0
molecola_21874,12,0,12,0.006712724454700947,0
molecola_21874,13,0,13,0.216777503490448,0
molecola_21874,14,0,14,0.3393039107322693,0
molecola_21874,15,0,15,0.2188904732465744,0
molecola_21874,16,0,16,0.07940326631069183,0
molecola_21874,17,0,17,0.06965010613203049,0
molecola_21874,18,0,18,0.019542263820767403,0
molecola_22139,1,0,1,0.0006204507080838084,0
molecola_22139,2,0,2,0.0009870139183476567,0
molecola_22139,3,0,3,0.0024904084857553244,0
molecola_22139,4,0,4,0.005460947286337614,0
molecola_22139,5,0,5,0.20123380422592163,0
molecola_22139,6,0,6,0.008612005040049553,0
molecola_22139,7,0,7,0.027398044243454933,0
molecola_22139,8,0,8,0.14634694159030914,0
molecola_22139,9,0,9,0.008313852362334728,0
molecola_22139,10,1,10,0.9887796640396118,1
molecola_22139,11,0,11,0.004156652372330427,0
molecola_22139,12,0,12,0.0008379877544939518,0
molecola_22139,13,0,13,0.0005288583342917264,0
molecola_22139,14,0,14,0.0005288583342917264,0
molecola_22139,15,0,15,0.0010040603810921311,0
molecola_22139,16,0,16,0.0012038596905767918,0
molecola_22139,17,0,17,0.05813746899366379,0
molecola_22139,18,0,18,0.022227469831705093,0
molecola_22139,19,0,19,0.19331984221935272,0
molecola_22139,20,0,20,0.45216184854507446,0
molecola_22139,21,0,21,0.3585812449455261,0
molecola_22139,22,0,22,0.36830735206604004,0
molecola_22139,23,0,23,0.11432421952486038,0
molecola_22142,1,1,1,0.966401219367981,1
molecola_22142,2,1,2,0.9908919930458069,1
molecola_22142,3,1,3,0.966401219367981,1
molecola_22142,4,0,4,0.01500048115849495,0
molecola_22142,5,0,5,0.0035059049259871244,0
molecola_22142,6,0,6,0.07168371975421906,0
molecola_22142,7,0,7,0.07660549134016037,0
molecola_22142,8,0,8,0.06653223931789398,0
molecola_22142,9,0,9,0.04323538765311241,0
molecola_22142,10,0,10,0.05802184343338013,0
molecola_22142,11,0,11,0.06940378248691559,0
molecola_22142,12,0,12,0.002172924345359206,0
molecola_22142,13,0,13,0.018238035961985588,0
molecola_22142,14,0,14,0.0019136337796226144,0
molecola_22142,15,0,15,0.0009725174750201404,0
molecola_22142,16,0,16,0.0012146130902692676,0
molecola_22142,17,0,17,0.0016628893790766597,0
molecola_22142,18,0,18,0.0009725174750201404,0
molecola_22142,19,0,19,0.0012146130902692676,0
molecola_22142,20,0,20,0.0019136328483000398,0
molecola_22278,1,0,1,0.013429884798824787,0
molecola_22278,2,0,2,0.0038623728323727846,0
molecola_22278,3,0,3,0.01744992285966873,0
molecola_22278,4,0,4,0.4213913083076477,0
molecola_22278,5,0,5,0.1585237681865692,0
molecola_22278,6,1,6,0.7853596806526184,1
molecola_22278,7,0,7,0.04876958578824997,0
molecola_22278,8,0,8,0.23072120547294617,0
molecola_22278,9,0,9,0.18095175921916962,0
molecola_22278,10,0,10,0.9023115038871765,1
molecola_22278,11,0,11,0.8655787706375122,1
molecola_22278,12,1,12,0.9856758117675781,1
molecola_22278,13,0,13,0.9023043513298035,1
molecola_22278,14,0,14,0.1452617049217224,0
molecola_22278,15,0,15,0.1557077020406723,0
molecola_22278,16,0,16,0.08322930335998535,0
molecola_22278,17,0,17,0.424777626991272,0
molecola_22685,1,0,1,0.0031093053985387087,0
molecola_22685,2,0,2,0.012318619526922703,0
molecola_22685,3,0,3,0.02415340021252632,0
molecola_22685,4,0,4,0.03051852434873581,0
molecola_22685,5,0,5,0.014611199498176575,0
molecola_22685,6,0,6,0.05929579958319664,0
molecola_22685,7,0,7,0.11487278342247009,0
molecola_22685,8,0,8,0.157997265458107,0
molecola_22685,9,0,9,0.03154316544532776,0
molecola_22685,10,0,10,0.0040035853162407875,0
molecola_22685,11,0,11,0.0032447297126054764,0
molecola_22685,12,0,12,0.0028134421445429325,0
molecola_22685,13,0,13,0.022166935727000237,0
molecola_22685,14,0,14,0.04768495634198189,0
molecola_22685,15,0,15,0.05883467197418213,0
molecola_22685,16,0,16,0.04768495634198189,0
molecola_22685,17,0,17,0.022166935727000237,0
molecola_22685,18,0,18,0.02913324534893036,0
molecola_22685,19,1,19,0.00506206788122654,0
molecola_22685,20,1,20,0.04439331591129303,0
molecola_22685,21,1,21,0.6499573588371277,1
molecola_22685,22,1,22,0.9859613180160522,1
molecola_22685,23,1,23,0.9763429760932922,1
molecola_22685,24,1,24,0.8198863863945007,1
molecola_22701,1,1,1,0.9432845711708069,1
molecola_22701,2,1,2,0.9921295046806335,1
molecola_22701,3,1,3,0.9432845711708069,1
molecola_22701,4,0,4,0.6349471211433411,1
molecola_22701,5,0,5,0.11820726841688156,0
molecola_22701,6,0,6,0.14454832673072815,0
molecola_22701,7,0,7,0.09613168984651566,0
molecola_22701,8,0,8,0.12217158824205399,0
molecola_22701,9,0,9,0.12447112798690796,0
molecola_22701,10,0,10,0.029726523905992508,0
molecola_22701,11,0,11,0.027627138420939445,0
molecola_22701,12,0,12,0.014587855897843838,0
molecola_22701,13,0,13,0.009973743930459023,0
molecola_22701,14,0,14,0.007456012535840273,0
molecola_22701,15,0,15,0.01132185384631157,0
molecola_22701,16,0,16,0.008584478870034218,0
molecola_22701,17,0,17,0.008584478870034218,0
molecola_22701,18,0,18,0.0034635320771485567,0
molecola_22701,19,0,19,0.0011701359180733562,0
molecola_22701,20,0,20,0.003423520363867283,0
molecola_22709,1,0,1,0.05249743163585663,0
molecola_22709,2,0,2,0.019769245758652687,0
molecola_22709,3,0,3,0.4507831931114197,0
molecola_22709,4,0,4,0.8159265518188477,1
molecola_22709,5,0,5,0.2978192865848541,0
molecola_22709,6,0,6,0.01524522714316845,0
molecola_22709,7,0,7,0.0021176158916205168,0
molecola_22709,8,0,8,0.0010529787978157401,0
molecola_22709,9,0,9,0.002741618547588587,0
molecola_22709,10,0,10,0.09352517873048782,0
molecola_22709,11,0,11,0.03313841670751572,0
molecola_22709,12,0,12,0.013613462448120117,0
molecola_22709,13,0,13,0.0013916554162278771,0
molecola_22709,14,0,14,0.0006111981347203255,0
molecola_22709,15,0,15,0.0026352936401963234,0
molecola_22709,16,0,16,0.0006055646808817983,0
molecola_22709,17,0,17,0.0012252137530595064,0
molecola_22709,18,0,18,0.0006602608482353389,0
molecola_22709,19,0,19,0.003076001303270459,0
molecola_22709,20,0,20,0.001476013334468007,0
molecola_22709,21,0,21,0.004808182828128338,0
molecola_22709,22,0,22,0.053804703056812286,0
molecola_22709,23,0,23,0.05516707897186279,0
molecola_22709,24,0,24,0.014973493292927742,0
molecola_22709,25,0,25,0.0007284910534508526,0
molecola_22709,26,1,26,0.987155556678772,1
molecola_22709,27,0,27,0.9079433083534241,1
molecola_22709,28,1,28,0.9079433083534241,1
molecola_22847,1,1,1,0.8014618754386902,1
molecola_22847,2,1,2,0.9503470659255981,1
molecola_22847,3,0,3,0.8014618754386902,1
molecola_22847,4,1,4,0.9009444117546082,1
molecola_22847,5,1,5,0.6120836138725281,1
molecola_22847,6,0,6,0.030271016061306,0
molecola_22847,7,0,7,0.03302694857120514,0
molecola_22847,8,0,8,0.02895800955593586,0
molecola_22847,9,0,9,0.03302694857120514,0
molecola_22847,10,0,10,0.030271016061306,0
molecola_22847,11,0,11,0.004286799114197493,0
molecola_22847,12,0,12,0.003062642179429531,0
molecola_22847,13,0,13,0.00661802850663662,0
molecola_22847,14,0,14,0.014070749282836914,0
molecola_22847,15,0,15,0.017640942707657814,0
molecola_22847,16,0,16,0.049395132809877396,0
molecola_22847,17,0,17,0.055705271661281586,0
molecola_22847,18,0,18,0.057136960327625275,0
molecola_22847,19,0,19,0.03680453449487686,0
molecola_22847,20,0,20,0.012800035998225212,0
molecola_22847,21,1,21,0.9836621880531311,1
molecola_22847,22,0,22,0.906082808971405,1
molecola_22847,23,1,23,0.906082808971405,1
molecola_22925,1,0,1,0.0009155187290161848,0
molecola_22925,2,0,2,0.006639995612204075,0
molecola_22925,3,0,3,0.0009155187290161848,0
molecola_22925,4,0,4,0.0016903976211324334,0
molecola_22925,5,0,5,0.0016986163100227714,0
molecola_22925,6,0,6,0.23169171810150146,0
molecola_22925,7,0,7,0.0014075273647904396,0
molecola_22925,8,0,8,0.001153790857642889,0
molecola_22925,9,0,9,0.005241761915385723,0
molecola_22925,10,0,10,0.08473235368728638,0
molecola_22925,11,0,11,0.23503541946411133,0
molecola_22925,12,0,12,0.2176111489534378,0
molecola_22925,13,0,13,0.023533441126346588,0
molecola_22925,14,0,14,0.0009981822222471237,0
molecola_22925,15,0,15,0.0023818938061594963,0
molecola_22925,16,0,16,0.0013278143014758825,0
molecola_22925,17,0,17,0.0017462506657466292,0
molecola_22925,18,0,18,0.003290208987891674,0
molecola_22925,19,0,19,0.002182888798415661,0
molecola_22925,20,0,20,0.01112779974937439,0
molecola_22925,21,0,21,0.4556243419647217,0
molecola_22925,22,0,22,0.11025221645832062,0
molecola_22925,23,1,23,0.9898746013641357,1
molecola_22925,24,0,24,0.5707948207855225,1
molecola_22925,25,0,25,0.009121335111558437,0
molecola_22925,26,0,26,0.0016222733538597822,0
molecola_22925,27,0,27,0.0008276910521090031,0
molecola_22925,28,0,28,0.001556932576932013,0
molecola_23166,1,1,1,0.9889684915542603,1
molecola_23166,2,0,2,0.04115351662039757,0
molecola_23166,3,0,3,0.7692863941192627,1
molecola_23166,4,0,4,0.00395593885332346,0
molecola_23166,5,0,5,0.0010048988042399287,0
molecola_23166,6,0,6,0.0016779748257249594,0
molecola_23166,7,0,7,0.0012970571406185627,0
molecola_23166,8,0,8,0.002563056768849492,0
molecola_23166,9,0,9,0.0014009217265993357,0
molecola_23166,10,0,10,0.0011336100287735462,0
molecola_23166,11,0,11,0.0013961483491584659,0
molecola_23166,12,0,12,0.0011336100287735462,0
molecola_23166,13,0,13,0.0014009217265993357,0
molecola_23166,14,0,14,0.006328613497316837,0
molecola_23166,15,0,15,0.02973303012549877,0
molecola_23166,16,0,16,0.032705001533031464,0
molecola_23166,17,0,17,0.023357562720775604,0
molecola_23166,18,0,18,0.009486411698162556,0
molecola_23166,19,0,19,0.00395593885332346,0
molecola_23166,20,0,20,0.7692863941192627,1
molecola_23270,1,0,1,0.0024593439884483814,0
molecola_23270,2,0,2,0.0011189737124368548,0
molecola_23270,3,0,3,0.0026967788580805063,0
molecola_23270,4,0,4,0.0014796454925090075,0
molecola_23270,5,0,5,0.004939829930663109,0
molecola_23270,6,0,6,0.05766157805919647,0
molecola_23270,7,0,7,0.07875950634479523,0
molecola_23270,8,0,8,0.0006401189602911472,0
molecola_23270,9,0,9,0.008807403966784477,0
molecola_23270,10,0,10,0.004141879267990589,0
molecola_23270,11,0,11,0.010370329022407532,0
molecola_23270,12,0,12,0.0006611745338886976,0
molecola_23270,13,1,13,0.9843628406524658,1
molecola_23270,14,1,14,0.9756039977073669,1
molecola_23270,15,0,15,0.0008261107723228633,0
molecola_23270,16,0,16,0.0019615988712757826,0
molecola_23298,1,1,1,0.8937331438064575,1
molecola_23298,2,1,2,0.9825223684310913,1
molecola_23298,3,0,3,0.8937331438064575,1
molecola_23298,4,0,4,0.006047651171684265,0
molecola_23298,5,0,5,0.0052993325516581535,0
molecola_23298,6,0,6,0.0012601441703736782,0
molecola_23298,7,0,7,0.0016940644709393382,0
molecola_23298,8,0,8,0.0010574008338153362,0
molecola_23298,9,0,9,0.0019355153199285269,0
molecola_23298,10,0,10,0.0010574008338153362,0
molecola_23298,11,0,11,0.0016940644709393382,0
molecola_23298,12,0,12,0.0051346588879823685,0
molecola_23298,13,0,13,0.0051346588879823685,0
molecola_23337,1,0,1,0.23880048096179962,0
molecola_23337,2,0,2,0.16355982422828674,0
molecola_23337,3,0,3,0.40270400047302246,0
molecola_23337,4,0,4,0.1699141412973404,0
molecola_23337,5,0,5,0.11619142442941666,0
molecola_23337,6,0,6,0.0161698330193758,0
molecola_23337,7,0,7,0.0060924263671040535,0
molecola_23337,8,0,8,0.004920934326946735,0
molecola_23337,9,0,9,0.6500990986824036,1
molecola_23337,10,0,10,0.6604741811752319,1
molecola_23337,11,0,11,0.7317008376121521,1
molecola_23337,12,1,12,0.9220090508460999,1
molecola_23337,13,1,13,0.9808847904205322,1
molecola_23337,14,1,14,0.9687772393226624,1
molecola_23337,15,1,15,0.9622044563293457,1
molecola_23337,16,1,16,0.9491125345230103,1
molecola_23337,17,1,17,0.9053311944007874,1
molecola_23337,18,0,18,0.007925027050077915,0
molecola_23337,19,0,19,0.0029049995355308056,0
molecola_23337,20,0,20,0.00242839683778584,0
molecola_23337,21,0,21,0.0025858411099761724,0
molecola_23337,22,0,22,0.002734242705628276,0
molecola_23337,23,0,23,0.001853689318522811,0
molecola_23337,24,0,24,0.0018767722649499774,0
molecola_23398,1,0,1,0.006546995602548122,0
molecola_23398,2,0,2,0.0016342868329957128,0
molecola_23398,3,0,3,0.0013792527606710792,0
molecola_23398,4,0,4,0.001630385871976614,0
molecola_23398,5,0,5,0.001630385871976614,0
molecola_23398,6,0,6,0.001464472501538694,0
molecola_23398,7,0,7,0.018775708973407745,0
molecola_23398,8,0,8,0.0175456702709198,0
molecola_23398,9,0,9,0.020787930116057396,0
molecola_23398,10,0,10,0.06527210772037506,0
molecola_23398,11,0,11,0.018964586779475212,0
molecola_23398,12,0,12,0.08916870504617691,0
molecola_23398,13,0,13,0.0012010512873530388,0
molecola_23398,14,0,14,0.0028641719836741686,0
molecola_23398,15,0,15,0.0013101296499371529,0
molecola_23398,16,0,16,0.07191132754087448,0
molecola_23398,17,0,17,0.11207091063261032,0
molecola_23398,18,1,18,0.9884153604507446,1
molecola_23398,19,0,19,0.07191131263971329,0
molecola_23398,20,0,20,0.002864170353859663,0
molecola_23398,21,0,21,0.0013101296499371529,0
molecola_23398,22,0,22,0.02798597328364849,0
molecola_23398,23,0,23,0.10853663086891174,0
molecola_23508,1,0,1,0.0129048777744174,0
molecola_23508,2,0,2,0.0027094162069261074,0
molecola_23508,3,0,3,0.00819673202931881,0
molecola_23508,4,0,4,0.0052554127760231495,0
molecola_23508,5,0,5,0.026476334780454636,0
molecola_23508,6,0,6,0.008019386790692806,0
molecola_23508,7,0,7,0.6300889253616333,1
molecola_23508,8,1,8,0.7964571118354797,1
molecola_23508,9,0,9,0.044096872210502625,0
molecola_23508,10,0,10,0.06158395856618881,0
molecola_23508,11,0,11,0.1281173676252365,0
molecola_23508,12,0,12,0.058858081698417664,0
molecola_23508,13,0,13,0.0014033714542165399,0
molecola_23508,14,0,14,0.001197568723000586,0
molecola_23508,15,0,15,0.0018954409752041101,0
molecola_23508,16,0,16,0.002014311496168375,0
molecola_23508,17,0,17,0.004097850527614355,0
molecola_23508,18,1,18,0.9763181805610657,1
molecola_23508,19,1,19,0.9675459861755371,1
molecola_23604,1,0,1,0.0025791372172534466,0
molecola_23604,2,0,2,0.0014341868227347732,0
molecola_23604,3,0,3,0.0019257987150922418,0
molecola_23604,4,0,4,0.0017853089375421405,0
molecola_23604,5,0,5,0.0014963425928726792,0
molecola_23604,6,0,6,0.001213857321999967,0
molecola_23604,7,0,7,0.29522404074668884,0
molecola_23604,8,0,8,0.02196590229868889,0
molecola_23604,9,0,9,0.11745808273553848,0
molecola_23604,10,0,10,0.022849716246128082,0
molecola_23604,11,1,11,0.969163715839386,1
molecola_23604,12,1,12,0.9695326685905457,1
molecola_23604,13,0,13,0.3788711130619049,0
molecola_23604,14,0,14,0.054534025490283966,0
molecola_23604,15,0,15,0.0012049352517351508,0
molecola_23604,16,0,16,0.0012049352517351508,0
molecola_23687,1,0,1,0.0040237619541585445,0
molecola_23687,2,0,2,0.004018823616206646,0
molecola_23687,3,0,3,0.016026770696043968,0
molecola_23687,4,1,4,0.8615440726280212,1
molecola_23687,5,0,5,0.04721920192241669,0
molecola_23687,6,0,6,0.04649434611201286,0
molecola_23687,7,0,7,0.09380090236663818,0
molecola_23687,8,0,8,0.11809245496988297,0
molecola_23687,9,0,9,0.17791245877742767,0
molecola_23687,10,0,10,0.016048744320869446,0
molecola_23687,11,0,11,0.011700330302119255,0
molecola_23687,12,0,12,0.02233191207051277,0
molecola_23687,13,0,13,0.048300210386514664,0
molecola_23687,14,1,14,0.05499947443604469,0
molecola_23687,15,1,15,0.057516999542713165,0
molecola_23687,16,1,16,0.05499947443604469,0
molecola_23687,17,0,17,0.048300210386514664,0
molecola_23781,1,0,1,0.007032453082501888,0
molecola_23781,2,0,2,0.0018753247568383813,0
molecola_23781,3,0,3,0.001124164555221796,0
molecola_23781,4,0,4,0.0011878336081281304,0
molecola_23781,5,0,5,0.0012343010166659951,0
molecola_23781,6,0,6,0.007284331135451794,0
molecola_23781,7,0,7,0.011207716539502144,0
molecola_23781,8,0,8,0.004069784190505743,0
molecola_23781,9,0,9,0.002744582248851657,0
molecola_23781,10,0,10,0.003991823177784681,0
molecola_23781,11,0,11,0.025124482810497284,0
molecola_23781,12,0,12,0.04482155293226242,0
molecola_23781,13,0,13,0.03265400603413582,0
molecola_23781,14,0,14,0.017547067254781723,0
molecola_23781,15,0,15,0.011296368204057217,0
molecola_23781,16,0,16,0.003966853488236666,0
molecola_23781,17,0,17,0.013553437776863575,0
molecola_23781,18,0,18,0.056721996515989304,0
molecola_23781,19,0,19,0.09365823119878769,0
molecola_23781,20,0,20,0.06589384377002716,0
molecola_23781,21,0,21,0.014398526400327682,0
molecola_23781,22,0,22,0.058892883360385895,0
molecola_23781,23,0,23,0.0009573486750014126,0
molecola_23781,24,0,24,0.0009374544606544077,0
molecola_23781,25,0,25,0.0008386783883906901,0
molecola_23781,26,0,26,0.0013776295818388462,0
molecola_23781,27,0,27,0.0008438246441073716,0
molecola_23781,28,0,28,0.0009230495197698474,0
molecola_23781,29,0,29,0.0018138188170269132,0
molecola_23781,30,0,30,0.06497039645910263,0
molecola_23781,31,1,31,0.804078996181488,1
molecola_23781,32,1,32,0.7953475117683411,1
molecola_23781,33,1,33,0.9881637692451477,1
molecola_23781,34,0,34,0.9121847748756409,1
molecola_23781,35,1,35,0.9121847748756409,1
molecola_23781,36,0,36,0.0008438246441073716,0
molecola_23781,37,0,37,0.0009230495197698474,0
molecola_23781,38,0,38,0.0013776288833469152,0
molecola_23781,39,0,39,0.06309391558170319,0
molecola_23822,1,0,1,0.004014157690107822,0
molecola_23822,2,0,2,0.0017038941150531173,0
molecola_23822,3,0,3,0.003798435674980283,0
molecola_23822,4,0,4,0.001778135891072452,0
molecola_23822,5,0,5,0.008304673247039318,0
molecola_23822,6,0,6,0.002583860419690609,0
molecola_23822,7,0,7,0.007813489064574242,0
molecola_23822,8,0,8,0.8555320501327515,1
molecola_23822,9,0,9,0.04030447453260422,0
molecola_23822,10,0,10,0.050304312258958817,0
molecola_23822,11,0,11,0.040304481983184814,0
molecola_23822,12,0,12,0.00781349278986454,0
molecola_23822,13,0,13,0.8555319309234619,1
molecola_23822,14,0,14,0.0787961483001709,0
molecola_23822,15,0,15,0.03722229599952698,0
molecola_23822,16,0,16,0.029555074870586395,0
molecola_23822,17,0,17,0.00269206240773201,0
molecola_23822,18,0,18,0.0010344155598431826,0
molecola_23822,19,0,19,0.0032981685362756252,0
molecola_23822,20,0,20,0.5181967616081238,1
molecola_23822,21,0,21,0.11658009886741638,0
molecola_23822,22,1,22,0.9896654486656189,1
molecola_23822,23,0,23,0.3178976774215698,0
molecola_23822,24,0,24,0.006269771605730057,0
molecola_23822,25,0,25,0.007986253127455711,0
molecola_23822,26,0,26,0.05593116953969002,0
molecola_23822,27,0,27,0.07904265075922012,0
molecola_23822,28,0,28,0.06857418268918991,0
molecola_23822,29,0,29,0.08022575825452805,0
molecola_23822,30,0,30,0.004046601243317127,0
molecola_23822,31,0,31,0.015064205974340439,0
molecola_23822,32,0,32,0.026540229097008705,0
molecola_23870,1,0,1,0.07534907758235931,0
molecola_23870,2,0,2,0.06571973860263824,0
molecola_23870,3,0,3,0.06492296606302261,0
molecola_23870,4,0,4,0.004886004142463207,0
molecola_23870,5,0,5,0.0008256027940660715,0
molecola_23870,6,0,6,0.0005746180540882051,0
molecola_23870,7,0,7,0.002306140959262848,0
molecola_23870,8,0,8,0.005147856194525957,0
molecola_23870,9,0,9,0.893927276134491,1
molecola_23870,10,0,10,0.01336960680782795,0
molecola_23870,11,0,11,0.885028600692749,1
molecola_23870,12,0,12,0.02149275131523609,0
molecola_23870,13,0,13,0.005928314756602049,0
molecola_23870,14,0,14,0.005928314756602049,0
molecola_23870,15,0,15,0.9745049476623535,1
molecola_23870,16,0,16,0.9715206027030945,1
molecola_23870,17,0,17,0.0009466174524277449,0
molecola_23870,18,0,18,0.0026483675464987755,0
molecola_23870,19,0,19,0.005134060047566891,0
molecola_23870,20,0,20,0.06790857017040253,0
molecola_23870,21,0,21,0.6837415099143982,1
molecola_23870,22,0,22,0.3007776141166687,0
molecola_23870,23,1,23,0.990000307559967,1
molecola_23870,24,0,24,0.9185180068016052,1
molecola_23870,25,0,25,0.956361711025238,1
molecola_23870,26,0,26,0.9532121419906616,1
molecola_23870,27,0,27,0.0013016515877097845,0
molecola_23870,28,0,28,0.0010817580623552203,0
molecola_23870,29,0,29,0.001584502519108355,0
molecola_23870,30,0,30,0.002064048545435071,0
molecola_23870,31,0,31,0.0014288027305155993,0
molecola_23870,32,0,32,0.000976902199909091,0
molecola_23870,33,0,33,0.0014465309213846922,0
molecola_23870,34,0,34,0.0014465309213846922,0
molecola_23870,35,0,35,0.024340633302927017,0
molecola_24353,1,0,1,0.49225616455078125,0
molecola_24353,2,0,2,0.23628225922584534,0
molecola_24353,3,0,3,0.0036832408513873816,0
molecola_24353,4,0,4,0.003754050936549902,0
molecola_24353,5,0,5,0.0009739756351336837,0
molecola_24353,6,0,6,0.0037594425957649946,0
molecola_24353,7,0,7,0.7684774398803711,1
molecola_24353,8,0,8,0.041011590510606766,0
molecola_24353,9,1,9,0.9889469742774963,1
molecola_24353,10,0,10,0.7684774398803711,1
molecola_24353,11,0,11,0.0037594425957649946,0
molecola_24353,12,0,12,0.0007356071728281677,0
molecola_24353,13,0,13,0.001349118771031499,0
molecola_24353,14,0,14,0.001211374532431364,0
molecola_24353,15,0,15,0.0011781792854890227,0
molecola_24353,16,0,16,0.002073128940537572,0
molecola_24353,17,0,17,0.002847277792170644,0
molecola_24353,18,0,18,0.0013084947131574154,0
molecola_24353,19,0,19,0.0032777662854641676,0
molecola_24353,20,0,20,0.0065114255994558334,0
molecola_24353,21,0,21,0.0013920796336606145,0
molecola_24490,1,0,1,0.001945842755958438,0
molecola_24490,2,0,2,0.0011328414548188448,0
molecola_24490,3,0,3,0.00162056356202811,0
molecola_24490,4,0,4,0.0011379062198102474,0
molecola_24490,5,0,5,0.0010955579346045852,0
molecola_24490,6,0,6,0.0008835647022351623,0
molecola_24490,7,0,7,0.0008325549424625933,0
molecola_24490,8,0,8,0.0009532551048323512,0
molecola_24490,9,0,9,0.0009475824772380292,0
molecola_24490,10,0,10,0.0005387337878346443,0
molecola_24490,11,0,11,0.0005566700710915029,0
molecola_24490,12,0,12,0.0014236951246857643,0
molecola_24490,13,0,13,0.0016393796540796757,0
molecola_24490,14,0,14,0.0028976525645703077,0
molecola_24490,15,0,15,0.0027344287373125553,0
molecola_24490,16,0,16,0.004497982561588287,0
molecola_24490,17,0,17,0.001987594412639737,0
molecola_24490,18,0,18,0.021006477996706963,0
molecola_24490,19,0,19,0.06389368325471878,0
molecola_24490,20,0,20,0.3006405830383301,0
molecola_24490,21,0,21,0.3006405830383301,0
molecola_24490,22,0,22,0.06389368325471878,0
molecola_24490,23,0,23,0.014039579778909683,0
molecola_24490,24,0,24,0.04255545139312744,0
molecola_24490,25,0,25,0.08041572570800781,0
molecola_24490,26,0,26,0.10618829727172852,0
molecola_24490,27,0,27,0.062252286821603775,0
molecola_24490,28,1,28,0.9904847145080566,1
molecola_24490,29,0,29,0.038802310824394226,0
molecola_24490,30,0,30,0.016793550923466682,0
molecola_24490,31,0,31,0.021974125877022743,0
molecola_24490,32,0,32,0.04948340356349945,0
molecola_24490,33,0,33,0.065965935587883,0
molecola_2453,1,0,1,0.00397114735096693,0
molecola_2453,2,0,2,0.0014071614714339375,0
molecola_2453,3,0,3,0.0011243203189224005,0
molecola_2453,4,0,4,0.000902270432561636,0
molecola_2453,5,0,5,0.009329000487923622,0
molecola_2453,6,0,6,0.0911683514714241,0
molecola_2453,7,0,7,0.056238025426864624,0
molecola_2453,8,0,8,0.010382795706391335,0
molecola_2453,9,0,9,0.0060948519967496395,0
molecola_2453,10,0,10,0.00653048837557435,0
molecola_2453,11,0,11,0.0036394812632352114,0
molecola_2453,12,0,12,0.001108688535168767,0
molecola_2453,13,0,13,0.075123131275177,0
molecola_2453,14,0,14,0.004863908048719168,0
molecola_2453,15,0,15,0.00695339310914278,0
molecola_2453,16,0,16,0.001541451900266111,0
molecola_2453,17,0,17,0.010914422571659088,0
molecola_2453,18,0,18,0.0019912717398256063,0
molecola_2453,19,0,19,0.035918593406677246,0
molecola_2453,20,1,20,0.7812989354133606,1
molecola_2453,21,1,21,0.6265788078308105,1
molecola_2453,22,0,22,0.9600604772567749,1
molecola_2453,23,0,23,0.9460235238075256,1
molecola_2453,24,0,24,0.4409298896789551,0
molecola_2453,25,0,25,0.1762290596961975,0
molecola_24573,1,1,1,0.8735548257827759,1
molecola_24573,2,0,2,0.06718110293149948,0
molecola_24573,3,1,3,0.2597711682319641,0
molecola_24573,4,1,4,0.4408057630062103,0
molecola_24573,5,1,5,0.34988144040107727,0
molecola_24573,6,0,6,0.37134572863578796,0
molecola_24573,7,0,7,0.14270339906215668,0
molecola_24617,1,0,1,0.23899874091148376,0
molecola_24617,2,0,2,0.1618761271238327,0
molecola_24617,3,0,3,0.06563496589660645,0
molecola_24617,4,0,4,0.07341287285089493,0
molecola_24617,5,0,5,0.050834979861974716,0
molecola_24617,6,0,6,0.020409859716892242,0
molecola_24617,7,0,7,0.10137452185153961,0
molecola_24617,8,0,8,0.08505100011825562,0
molecola_24617,9,0,9,0.20290246605873108,0
molecola_24617,10,0,10,0.011410671286284924,0
molecola_24617,11,0,11,0.0064286235719919205,0
molecola_24617,12,0,12,0.0013685933081433177,0
molecola_24617,13,0,13,0.0022060363553464413,0
molecola_24617,14,0,14,0.001874270150437951,0
molecola_24617,15,0,15,0.004484849516302347,0
molecola_24617,16,0,16,0.025563420727849007,0
molecola_24617,17,0,17,0.004484849516302347,0
molecola_24617,18,0,18,0.001874270150437951,0
molecola_24617,19,0,19,0.034056711941957474,0
molecola_24617,20,0,20,0.0365503691136837,0
molecola_24617,21,0,21,0.02854376845061779,0
molecola_24617,22,0,22,0.06775631010532379,0
molecola_24617,23,0,23,0.01807059720158577,0
molecola_24617,24,0,24,0.0513695664703846,0
molecola_24617,25,0,25,0.011403100565075874,0
molecola_24617,26,0,26,0.05443321540951729,0
molecola_24617,27,0,27,0.0271252803504467,0
molecola_24617,28,0,28,0.02480911649763584,0
molecola_24617,29,1,29,0.9606934189796448,1
molecola_24617,30,1,30,0.5353657603263855,1
molecola_24617,31,1,31,0.9366145133972168,1
molecola_24657,1,0,1,0.0016912587452679873,0
molecola_24657,2,0,2,0.001344691845588386,0
molecola_24657,3,0,3,0.005407112650573254,0
molecola_24657,4,0,4,0.001344691845588386,0
molecola_24657,5,0,5,0.0016912587452679873,0
molecola_24657,6,0,6,0.0009651267901062965,0
molecola_24657,7,0,7,0.0006258400972001255,0
molecola_24657,8,0,8,0.0007660025730729103,0
molecola_24657,9,0,9,0.0029616584070026875,0
molecola_24657,10,0,10,0.03282570093870163,0
molecola_24657,11,0,11,0.1444849967956543,0
molecola_24657,12,0,12,0.12178348004817963,0
molecola_24657,13,1,13,0.9822407364845276,1
molecola_24657,14,0,14,0.011617154814302921,0
molecola_24657,15,1,15,0.9857777953147888,1
molecola_24657,16,0,16,0.0013367623323574662,0
molecola_24657,17,0,17,0.001716666971333325,0
molecola_24657,18,0,18,0.0008683163905516267,0
molecola_24657,19,0,19,0.0006592821446247399,0
molecola_24657,20,0,20,0.0006072674295864999,0
molecola_24657,21,0,21,0.001002832897938788,0
molecola_24657,22,0,22,0.0008936976664699614,0
molecola_24727,1,1,1,0.9800713658332825,1
molecola_24727,2,0,2,0.010431325063109398,0
molecola_24727,3,0,3,0.00143624993506819,0
molecola_24727,4,0,4,0.0008002075483091176,0
molecola_24727,5,0,5,0.000922308478038758,0
molecola_24727,6,0,6,0.0010539893992245197,0
molecola_24727,7,0,7,0.001296411151997745,0
molecola_24727,8,0,8,0.0017952123889699578,0
molecola_24727,9,0,9,0.00164328352548182,0
molecola_24727,10,0,10,0.0009712688624858856,0
molecola_24727,11,0,11,0.002792110899463296,0
molecola_24727,12,0,12,0.03949650749564171,0
molecola_24727,13,0,13,0.05897004157304764,0
molecola_24727,14,0,14,0.03949650749564171,0
molecola_24727,15,0,15,0.002792110899463296,0
molecola_24727,16,0,16,0.001296411151997745,0
molecola_24727,17,0,17,0.0010539893992245197,0
molecola_24727,18,0,18,0.0006745311548002064,0
molecola_24727,19,0,19,0.0006380207487381995,0
molecola_24727,20,0,20,0.0006380207487381995,0
molecola_24727,21,0,21,0.0005626321653835475,0
molecola_24727,22,0,22,0.0011703098425641656,0
molecola_24727,23,0,23,0.01652812957763672,0
molecola_24727,24,0,24,0.020699970424175262,0
molecola_24727,25,0,25,0.025998005643486977,0
molecola_24727,26,0,26,0.020304271951317787,0
molecola_24727,27,0,27,0.026451287791132927,0
molecola_24727,28,0,28,0.004266773350536823,0
molecola_24727,29,0,29,0.0016762575833126903,0
molecola_24727,30,0,30,0.0010890596313402057,0
molecola_24727,31,0,31,0.004266773350536823,0
molecola_24727,32,0,32,0.026451287791132927,0
molecola_24727,33,0,33,0.01652812957763672,0
molecola_24727,34,0,34,0.0011703098425641656,0
molecola_24848,1,0,1,0.011763244867324829,0
molecola_24848,2,0,2,0.0023835974279791117,0
molecola_24848,3,0,3,0.0020561765413731337,0
molecola_24848,4,0,4,0.0018070482183247805,0
molecola_24848,5,0,5,0.02003169059753418,0
molecola_24848,6,0,6,0.09419415891170502,0
molecola_24848,7,0,7,0.02331422083079815,0
molecola_24848,8,0,8,0.008110733702778816,0
molecola_24848,9,0,9,0.02121385745704174,0
molecola_24848,10,0,10,0.08980931341648102,0
molecola_24848,11,0,11,0.025577018037438393,0
molecola_24848,12,0,12,0.09308110922574997,0
molecola_24848,13,0,13,0.31094735860824585,0
molecola_24848,14,1,14,0.9754300713539124,1
molecola_24848,15,0,15,0.19975368678569794,0
molecola_24848,16,0,16,0.10914696753025055,0
molecola_24848,17,0,17,0.0037626067642122507,0
molecola_24848,18,0,18,0.0027093207463622093,0
molecola_24848,19,0,19,0.004195273853838444,0
molecola_24848,20,0,20,0.12903499603271484,0
molecola_24848,21,0,21,0.03933054953813553,0
molecola_24848,22,0,22,0.010914540849626064,0
molecola_24848,23,0,23,0.013477553613483906,0
molecola_24848,24,0,24,0.0025166221894323826,0
molecola_24848,25,0,25,0.010914540849626064,0
molecola_24848,26,0,26,0.03933054953813553,0
molecola_24848,27,0,27,0.07534100115299225,0
molecola_24848,28,0,28,0.08179546892642975,0
molecola_24848,29,0,29,0.0753946527838707,0
molecola_24848,30,0,30,0.013467876240611076,0
molecola_24848,31,0,31,0.002525248099118471,0
molecola_24848,32,0,32,0.003814233001321554,0
molecola_24848,33,0,33,0.0516790971159935,0
molecola_24848,34,0,34,0.12056215852499008,0
molecola_24848,35,0,35,0.14671052992343903,0
molecola_24848,36,0,36,0.007995222695171833,0
molecola_24848,37,0,37,0.013931047171354294,0
molecola_24848,38,1,38,0.9924559593200684,1
molecola_24848,39,0,39,0.967915952205658,1
molecola_24848,40,1,40,0.967915952205658,1
molecola_24863,1,0,1,0.8907520174980164,1
molecola_24863,2,1,2,0.9856831431388855,1
molecola_24863,3,1,3,0.9757120013237,1
molecola_24863,4,0,4,0.021225018426775932,0
molecola_24863,5,0,5,0.0019758315756917,0
molecola_24863,6,0,6,0.0017812083242461085,0
molecola_24863,7,0,7,0.0019990536384284496,0
molecola_24863,8,0,8,0.0013343291357159615,0
molecola_24863,9,0,9,0.002828161232173443,0
molecola_24863,10,0,10,0.0019927022513002157,0
molecola_24863,11,0,11,0.0015773148043081164,0
molecola_24863,12,0,12,0.0037707514129579067,0
molecola_24863,13,0,13,0.0032265472691506147,0
molecola_24863,14,0,14,0.018213048577308655,0
molecola_24863,15,0,15,0.7504968643188477,1
molecola_24863,16,0,16,0.050243161618709564,0
molecola_24863,17,0,17,0.037133894860744476,0
molecola_24863,18,0,18,0.8632213473320007,1
molecola_24863,19,0,19,0.694871723651886,1
molecola_24863,20,0,20,0.007495986297726631,0
molecola_24863,21,0,21,0.0020151494536548853,0
molecola_24863,22,0,22,0.0018552461406216025,0
molecola_24863,23,0,23,0.001797523582354188,0
molecola_24863,24,0,24,0.000794970546849072,0
molecola_24863,25,0,25,0.0011565902968868613,0
molecola_25054,1,0,1,0.23600657284259796,0
molecola_25054,2,0,2,0.2251317799091339,0
molecola_25054,3,0,3,0.8078246712684631,1
molecola_25054,4,0,4,0.15388862788677216,0
molecola_25054,5,0,5,0.03194127604365349,0
molecola_25054,6,0,6,0.15337401628494263,0
molecola_25054,7,0,7,0.03468949720263481,0
molecola_25054,8,0,8,0.09611497074365616,0
molecola_25054,9,0,9,0.08402615785598755,0
molecola_25054,10,0,10,0.06768586486577988,0
molecola_25054,11,0,11,0.003226580796763301,0
molecola_25054,12,0,12,0.030820220708847046,0
molecola_25054,13,0,13,0.23252850770950317,0
molecola_25054,14,0,14,0.09040408581495285,0
molecola_25054,15,0,15,0.13244763016700745,0
molecola_25054,16,0,16,0.29844680428504944,0
molecola_25054,17,0,17,0.06249725818634033,0
molecola_25054,18,0,18,0.0050494009628891945,0
molecola_25054,19,0,19,0.0010427744127810001,0
molecola_25054,20,0,20,0.0008691044058650732,0
molecola_25054,21,0,21,0.0008691044058650732,0
molecola_25054,22,0,22,0.001057300018146634,0
molecola_25054,23,0,23,0.0006241168593987823,0
molecola_25054,24,0,24,0.006209146231412888,0
molecola_25054,25,0,25,0.01802898943424225,0
molecola_25054,26,0,26,0.06850707530975342,0
molecola_25054,27,0,27,0.07024145871400833,0
molecola_25054,28,0,28,0.15388862788677216,0
molecola_25054,29,0,29,0.8078246712684631,1
molecola_25054,30,0,30,0.2251317799091339,0
molecola_25054,31,0,31,0.23600657284259796,0
molecola_25054,32,0,32,0.7856647968292236,1
molecola_25054,33,1,33,0.9881798028945923,1
molecola_25058,1,0,1,0.009985333308577538,0
molecola_25058,2,0,2,0.011608058586716652,0
molecola_25058,3,0,3,0.017601173371076584,0
molecola_25058,4,0,4,0.05063166096806526,0
molecola_25058,5,0,5,0.018172578886151314,0
molecola_25058,6,0,6,0.020629411563277245,0
molecola_25058,7,0,7,0.9360364675521851,1
molecola_25058,8,0,8,0.011209714226424694,0
molecola_25058,9,0,9,0.007670885883271694,0
molecola_25058,10,0,10,0.028987379744648933,0
molecola_25058,11,1,11,0.9878624677658081,1
molecola_25058,12,0,12,0.007443917915225029,0
molecola_25058,13,0,13,0.0023378480691462755,0
molecola_25058,14,0,14,0.0009426398319192231,0
molecola_25058,15,0,15,0.028795093297958374,0
molecola_25058,16,0,16,0.002286164788529277,0
molecola_25058,17,0,17,0.002768468577414751,0
molecola_25058,18,0,18,0.04785370081663132,0
molecola_25058,19,0,19,0.4607608914375305,0
molecola_25058,20,0,20,0.05910392105579376,0
molecola_25058,21,0,21,0.12656253576278687,0
molecola_25058,22,0,22,0.0021638204343616962,0
molecola_25170,1,1,1,0.8999665379524231,1
molecola_25170,2,1,2,0.9752175807952881,1
molecola_25170,3,1,3,0.8999665379524231,1
molecola_25170,4,1,4,0.8563331365585327,1
molecola_25170,5,0,5,0.775992214679718,1
molecola_25170,6,0,6,0.21455079317092896,0
molecola_25170,7,0,7,0.04750047251582146,0
molecola_25170,8,0,8,0.004586621653288603,0
molecola_25170,9,0,9,0.002131073037162423,0
molecola_25170,10,0,10,0.0010213367640972137,0
molecola_25170,11,0,11,0.000542202265933156,0
molecola_25170,12,0,12,0.000535417057108134,0
molecola_25170,13,0,13,0.000590980751439929,0
molecola_25170,14,0,14,0.0007490661810152233,0
molecola_25170,15,0,15,0.004279559478163719,0
molecola_25170,16,0,16,0.008431168273091316,0
molecola_25170,17,0,17,0.004279559478163719,0
molecola_25170,18,0,18,0.000590980751439929,0
molecola_25170,19,0,19,0.0007490661810152233,0
molecola_25170,20,0,20,0.06193684786558151,0
molecola_25170,21,0,21,0.16769593954086304,0
molecola_25170,22,0,22,0.0792626440525055,0
molecola_25170,23,0,23,0.16921469569206238,0
molecola_25170,24,0,24,0.15469466149806976,0
molecola_25170,25,0,25,0.0036920092534273863,0
molecola_25170,26,0,26,0.0009401615825481713,0
molecola_25170,27,0,27,0.0027684159576892853,0
molecola_25170,28,0,28,0.03761209547519684,0
molecola_25170,29,0,29,0.059010181576013565,0
molecola_25170,30,0,30,0.03761209547519684,0
molecola_25170,31,0,31,0.0027684159576892853,0
molecola_25215,1,0,1,0.00509567791596055,0
molecola_25215,2,0,2,0.005237641744315624,0
molecola_25215,3,0,3,0.003072845982387662,0
molecola_25215,4,0,4,0.001367323799058795,0
molecola_25215,5,0,5,0.0016570985317230225,0
molecola_25215,6,0,6,0.0007342827739194036,0
molecola_25215,7,0,7,0.0013882204657420516,0
molecola_25215,8,0,8,0.0010835562134161592,0
molecola_25215,9,0,9,0.003726343857124448,0
molecola_25215,10,0,10,0.0014302696799859405,0
molecola_25215,11,0,11,0.002233508974313736,0
molecola_25215,12,0,12,0.008822905831038952,0
molecola_25215,13,0,13,0.0019498550100252032,0
molecola_25215,14,0,14,0.0012367194285616279,0
molecola_25215,15,0,15,0.0011577255791053176,0
molecola_25215,16,0,16,0.0016882858471944928,0
molecola_25215,17,1,17,0.9785937070846558,1
molecola_25215,18,1,18,0.9675314426422119,1
molecola_25215,19,0,19,0.002116967225447297,0
molecola_25215,20,0,20,0.6554257273674011,1
molecola_25215,21,0,21,0.026721905916929245,0
molecola_25215,22,0,22,0.1593915820121765,0
molecola_25215,23,0,23,0.259911447763443,0
molecola_25215,24,0,24,0.07216852158308029,0
molecola_25215,25,0,25,0.12322276830673218,0
molecola_25215,26,0,26,0.1826271116733551,0
molecola_25215,27,0,27,0.1826271116733551,0
molecola_25215,28,0,28,0.12324248254299164,0
molecola_25215,29,0,29,0.0657271146774292,0
molecola_25215,30,0,30,0.1818591058254242,0
molecola_25215,31,0,31,0.005179634317755699,0
molecola_25215,32,0,32,0.002556630875915289,0
molecola_25215,33,0,33,0.0011107964674010873,0
molecola_25215,34,0,34,0.0011107964674010873,0
molecola_25215,35,0,35,0.0011107964674010873,0
molecola_25321,1,0,1,0.11283960193395615,0
molecola_25321,2,0,2,0.004057730082422495,0
molecola_25321,3,0,3,0.0020093771163374186,0
molecola_25321,4,0,4,0.0013708031037822366,0
molecola_25321,5,0,5,0.0014504269929602742,0
molecola_25321,6,0,6,0.09398603439331055,0
molecola_25321,7,1,7,0.7824817895889282,1
molecola_25321,8,1,8,0.9800318479537964,1
molecola_25321,9,1,9,0.9725406765937805,1
molecola_25321,10,1,10,0.9859464764595032,1
molecola_25321,11,1,11,0.9715765118598938,1
molecola_25321,12,1,12,0.9095481634140015,1
molecola_25321,13,0,13,0.0209334883838892,0
molecola_25321,14,0,14,0.0016894571017473936,0
molecola_25321,15,0,15,0.0031457997392863035,0
molecola_25321,16,0,16,0.007952607236802578,0
molecola_25321,17,0,17,0.013572231866419315,0
molecola_25382,1,0,1,0.013889429159462452,0
molecola_25382,2,0,2,0.004398652818053961,0
molecola_25382,3,0,3,0.010188284330070019,0
molecola_25382,4,0,4,0.005820053163915873,0
molecola_25382,5,0,5,0.0032410549465566874,0
molecola_25382,6,0,6,0.0017545543378219008,0
molecola_25382,7,0,7,0.004363660234957933,0
molecola_25382,8,0,8,0.010477560572326183,0
molecola_25382,9,0,9,0.004330887459218502,0
molecola_25382,10,0,10,0.003026154125109315,0
molecola_25382,11,0,11,0.008860134519636631,0
molecola_25382,12,0,12,0.2912164032459259,0
molecola_25382,13,0,13,0.4068738520145416,0
molecola_25382,14,0,14,0.3155256509780884,0
molecola_25382,15,1,15,0.9713603854179382,1
molecola_25382,16,0,16,0.19650661945343018,0
molecola_25382,17,0,17,0.36002814769744873,0
molecola_25382,18,0,18,0.27612900733947754,0
molecola_25382,19,1,19,0.9519141316413879,1
molecola_25382,20,0,20,0.1650141477584839,0
molecola_25382,21,0,21,0.0017697156872600317,0
molecola_25382,22,0,22,0.002432431560009718,0
molecola_25382,23,0,23,0.0032410549465566874,0
molecola_25382,24,0,24,0.005820053163915873,0
molecola_25383,1,0,1,0.0023922340478748083,0
molecola_25383,2,0,2,0.003298369003459811,0
molecola_25383,3,0,3,0.0014941698173061013,0
molecola_25383,4,0,4,0.0022910316474735737,0
molecola_25383,5,0,5,0.0022910316474735737,0
molecola_25383,6,0,6,0.0014941698173061013,0
molecola_25383,7,0,7,0.001858983188867569,0
molecola_25383,8,0,8,0.08733611553907394,0
molecola_25383,9,0,9,0.001858983188867569,0
molecola_25383,10,0,10,0.3191627562046051,0
molecola_25383,11,0,11,0.886819064617157,1
molecola_25383,12,0,12,0.4824536144733429,0
molecola_25383,13,0,13,0.0013405514182522893,0
molecola_25383,14,0,14,0.0010625477880239487,0
molecola_25383,15,0,15,0.0010733763920143247,0
molecola_25383,16,0,16,0.0012257139896973968,0
molecola_25383,17,0,17,0.003921933006495237,0
molecola_25383,18,1,18,0.9846951365470886,1
molecola_25383,19,0,19,0.11293018609285355,0
molecola_25383,20,0,20,0.07633794099092484,0
molecola_25383,21,0,21,0.12683184444904327,0
molecola_25383,22,0,22,0.0015704198740422726,0
molecola_25416,1,1,1,0.9097766280174255,1
molecola_25416,2,1,2,0.9521202445030212,1
molecola_25416,3,0,3,0.9097766280174255,1
molecola_25416,4,1,4,0.989449679851532,1
molecola_25416,5,0,5,0.9108184576034546,1
molecola_25416,6,1,6,0.9108184576034546,1
molecola_25416,7,0,7,0.002803813200443983,0
molecola_25416,8,0,8,0.0015369985485449433,0
molecola_25416,9,0,9,0.004602414555847645,0
molecola_25416,10,0,10,0.005763655994087458,0
molecola_25416,11,0,11,0.0024438193067908287,0
molecola_25416,12,0,12,0.001688293064944446,0
molecola_25416,13,0,13,0.0013997782953083515,0
molecola_25416,14,0,14,0.007571484427899122,0
molecola_25416,15,0,15,0.0058903563767671585,0
molecola_25416,16,0,16,0.0037468369118869305,0
molecola_25416,17,0,17,0.0020167140755802393,0
molecola_25416,18,0,18,0.004858922678977251,0
molecola_25416,19,0,19,0.0037468369118869305,0
molecola_25416,20,0,20,0.0020167140755802393,0
molecola_25416,21,0,21,0.0058903563767671585,0
molecola_25638,1,0,1,0.08317586779594421,0
molecola_25638,2,0,2,0.16661937534809113,0
molecola_25638,3,0,3,0.18153610825538635,0
molecola_25638,4,0,4,0.12099505960941315,0
molecola_25638,5,0,5,0.09220364689826965,0
molecola_25638,6,0,6,0.009160079061985016,0
molecola_25638,7,0,7,0.0009065251215361059,0
molecola_25638,8,0,8,0.0007812532712705433,0
molecola_25638,9,0,9,0.0015038842102512717,0
molecola_25638,10,0,10,0.0009065255871973932,0
molecola_25638,11,0,11,0.009160079061985016,0
molecola_25638,12,0,12,0.0019451541593298316,0
molecola_25638,13,0,13,0.0035877199843525887,0
molecola_25638,14,0,14,0.04068105295300484,0
molecola_25638,15,0,15,0.0563754178583622,0
molecola_25638,16,0,16,0.054443299770355225,0
molecola_25638,17,0,17,0.04324186593294144,0
molecola_25638,18,0,18,0.01525849848985672,0
molecola_25638,19,0,19,0.02295735478401184,0
molecola_25638,20,0,20,0.1934320032596588,0
molecola_25638,21,0,21,0.035828713327646255,0
molecola_25638,22,0,22,0.08619704097509384,0
molecola_25638,23,0,23,0.10953112691640854,0
molecola_25638,24,0,24,0.04752175137400627,0
molecola_25638,25,0,25,0.017244119197130203,0
molecola_25638,26,0,26,0.017244119197130203,0
molecola_25638,27,1,27,0.9676730632781982,1
molecola_25638,28,1,28,0.9640116691589355,1
molecola_25638,29,0,29,0.12099507451057434,0
molecola_25638,30,0,30,0.09220362454652786,0
molecola_25638,31,0,31,0.18153610825538635,0
molecola_25638,32,0,32,0.16661939024925232,0
molecola_25638,33,0,33,0.08317586779594421,0
molecola_25638,34,0,34,0.0007812532712705433,0
molecola_25751,1,0,1,0.007077299524098635,0
molecola_25751,2,0,2,0.0018413118086755276,0
molecola_25751,3,0,3,0.0011136311804875731,0
molecola_25751,4,0,4,0.0010045513045042753,0
molecola_25751,5,0,5,0.0010910617420449853,0
molecola_25751,6,0,6,0.0010883626528084278,0
molecola_25751,7,0,7,0.002017753664404154,0
molecola_25751,8,0,8,0.00492243142798543,0
molecola_25751,9,0,9,0.0010962584055960178,0
molecola_25751,10,0,10,0.00180810468737036,0
molecola_25751,11,0,11,0.0016151313902810216,0
molecola_25751,12,0,12,0.0016149076400324702,0
molecola_25751,13,0,13,0.003040993819013238,0
molecola_25751,14,0,14,0.1845233291387558,0
molecola_25751,15,0,15,0.09689930081367493,0
molecola_25751,16,1,16,0.992182195186615,1
molecola_25751,17,0,17,0.07565803825855255,0
molecola_25751,18,0,18,0.07424380630254745,0
molecola_25751,19,0,19,0.23600657284259796,0
molecola_25751,20,0,20,0.008146490901708603,0
molecola_25850,1,0,1,0.0013773934915661812,0
molecola_25850,2,0,2,0.0008666012436151505,0
molecola_25850,3,0,3,0.0008899748208932579,0
molecola_25850,4,0,4,0.0012374741490930319,0
molecola_25850,5,0,5,0.0008322781068272889,0
molecola_25850,6,0,6,0.0021662639919668436,0
molecola_25850,7,0,7,0.02539324015378952,0
molecola_25850,8,0,8,0.039293207228183746,0
molecola_25850,9,0,9,0.002226165495812893,0
molecola_25850,10,0,10,0.0009855518583208323,0
molecola_25850,11,1,11,0.9879480004310608,1
molecola_25850,12,1,12,0.9736451506614685,1
molecola_25850,13,0,13,0.004140856210142374,0
molecola_25850,14,0,14,0.001659402041696012,0
molecola_25850,15,0,15,0.0017101697158068419,0
molecola_25850,16,0,16,0.0013396120630204678,0
molecola_25850,17,0,17,0.0006160496850498021,0
molecola_25850,18,0,18,0.6680104732513428,1
molecola_25850,19,1,19,0.9647260904312134,1
molecola_25850,20,1,20,0.9653603434562683,1
molecola_25850,21,0,21,0.7321604490280151,1
molecola_25850,22,0,22,0.5777935981750488,1
molecola_25850,23,1,23,0.9906163811683655,1
molecola_25850,24,0,24,0.9157257080078125,1
molecola_25850,25,1,25,0.9157257080078125,1
molecola_25910,1,0,1,0.8223819136619568,1
molecola_25910,2,0,2,0.726813793182373,1
molecola_25910,3,0,3,0.7407179474830627,1
molecola_25910,4,0,4,0.44281554222106934,0
molecola_25910,5,0,5,0.4431317448616028,0
molecola_25910,6,0,6,0.2894422709941864,0
molecola_25910,7,0,7,0.015500168316066265,0
molecola_25910,8,0,8,0.004171065986156464,0
molecola_25910,9,0,9,0.0029058202635496855,0
molecola_25910,10,0,10,0.006407696753740311,0
molecola_25910,11,0,11,0.09311632066965103,0
molecola_25910,12,0,12,0.010808727703988552,0
molecola_25910,13,0,13,0.027327965945005417,0
molecola_25910,14,0,14,0.026536663994193077,0
molecola_25910,15,0,15,0.008074810728430748,0
molecola_25910,16,0,16,0.04424671828746796,0
molecola_25910,17,0,17,0.9891229271888733,1
molecola_25910,18,0,18,0.03214035555720329,0
molecola_25910,19,0,19,0.004171065986156464,0
molecola_25910,20,0,20,0.015500168316066265,0
molecola_25910,21,1,21,0.9804717898368835,1
molecola_25910,22,0,22,0.9060456156730652,1
molecola_25910,23,1,23,0.9060456156730652,1
molecola_25972,1,0,1,0.0031661144457757473,0
molecola_25972,2,0,2,0.0011444875271990895,0
molecola_25972,3,0,3,0.0006518733571283519,0
molecola_25972,4,0,4,0.0026379390619695187,0
molecola_25972,5,0,5,0.0015313545009121299,0
molecola_25972,6,0,6,0.0010692969663068652,0
molecola_25972,7,0,7,0.002584206871688366,0
molecola_25972,8,0,8,0.006250090431421995,0
molecola_25972,9,0,9,0.004484065808355808,0
molecola_25972,10,0,10,0.0020615444518625736,0
molecola_25972,11,0,11,0.000865039590280503,0
molecola_25972,12,0,12,0.001113590318709612,0
molecola_25972,13,0,13,0.0024693922605365515,0
molecola_25972,14,0,14,0.03357464075088501,0
molecola_25972,15,0,15,0.011775289662182331,0
molecola_25972,16,0,16,0.01076208520680666,0
molecola_25972,17,0,17,0.013517478480935097,0
molecola_25972,18,0,18,0.0016231926856562495,0
molecola_25972,19,1,19,0.9910757541656494,1
molecola_25972,20,0,20,0.9674432873725891,1
molecola_25972,21,1,21,0.9674432873725891,1
molecola_25972,22,0,22,0.0022862637415528297,0
molecola_25972,23,0,23,0.0207845326513052,0
molecola_25972,24,0,24,0.001190715003758669,0
molecola_25972,25,0,25,0.0008353779558092356,0
molecola_25972,26,0,26,0.0014796764589846134,0
molecola_25972,27,0,27,0.0021184475626796484,0
molecola_25972,28,0,28,0.0017252423567697406,0
molecola_25972,29,0,29,0.0008778361952863634,0
molecola_25972,30,0,30,0.001839188626036048,0
molecola_25972,31,0,31,0.0009277684730477631,0
molecola_25972,32,0,32,0.0019994056783616543,0
molecola_25972,33,0,33,0.0014344819355756044,0
molecola_26093,1,0,1,0.0035758891608566046,0
molecola_26093,2,0,2,0.0015319999074563384,0
molecola_26093,3,0,3,0.0013631072361022234,0
molecola_26093,4,0,4,0.0012198619078844786,0
molecola_26093,5,0,5,0.0011222251923754811,0
molecola_26093,6,0,6,0.0009613548754714429,0
molecola_26093,7,0,7,0.0009498195722699165,0
molecola_26093,8,0,8,0.0011482276022434235,0
molecola_26093,9,0,9,0.0042203147895634174,0
molecola_26093,10,0,10,0.007371154613792896,0
molecola_26093,11,0,11,0.003956502769142389,0
molecola_26093,12,0,12,0.0037921059411019087,0
molecola_26093,13,0,13,0.01712552271783352,0
molecola_26093,14,0,14,0.01597651280462742,0
molecola_26093,15,0,15,0.012341638095676899,0
molecola_26093,16,0,16,0.0019572293385863304,0
molecola_26093,17,0,17,0.023993778973817825,0
molecola_26093,18,0,18,0.013248903676867485,0
molecola_26093,19,0,19,0.016493380069732666,0
molecola_26093,20,0,20,0.36396080255508423,0
molecola_26093,21,0,21,0.48540017008781433,0
molecola_26093,22,0,22,0.10747188329696655,0
molecola_26093,23,1,23,0.9898721575737,1
molecola_26093,24,0,24,0.6184490919113159,1
molecola_26093,25,0,25,0.2460002303123474,0
molecola_26093,26,0,26,0.02875770628452301,0
molecola_26093,27,0,27,0.003483606269583106,0
molecola_26093,28,0,28,0.0020558114629238844,0
molecola_26093,29,0,29,0.0035758891608566046,0
molecola_262,1,0,1,0.4405737519264221,0
molecola_262,2,0,2,0.03643397241830826,0
molecola_262,3,0,3,0.0036386772990226746,0
molecola_262,4,0,4,0.0011668591760098934,0
molecola_262,5,0,5,0.0020556855015456676,0
molecola_262,6,0,6,0.006177136208862066,0
molecola_262,7,1,7,0.8923395872116089,1
molecola_262,8,1,8,0.693945586681366,1
molecola_262,9,1,9,0.7456522583961487,1
molecola_262,10,1,10,0.9856401681900024,1
molecola_262,11,0,11,0.9072514176368713,1
molecola_262,12,1,12,0.9072514176368713,1
molecola_262,13,0,13,0.0029514043126255274,0
molecola_262,14,0,14,0.0007211245247162879,0
molecola_262,15,0,15,0.004562809597700834,0
molecola_2665,1,0,1,0.23919153213500977,0
molecola_2665,2,0,2,0.16204124689102173,0
molecola_2665,3,1,3,0.08117416501045227,0
molecola_2665,4,0,4,0.11884123086929321,0
molecola_2665,5,1,5,0.18086232244968414,0
molecola_2665,6,1,6,0.2375642955303192,0
molecola_2665,7,1,7,0.09539499133825302,0
molecola_2665,8,1,8,0.024942416697740555,0
molecola_2665,9,0,9,0.03335069492459297,0
molecola_2665,10,1,10,0.020633511245250702,0
molecola_2665,11,1,11,0.01594938151538372,0
molecola_2665,12,0,12,0.6600417494773865,1
molecola_2665,13,1,13,0.7947235703468323,1
molecola_2665,14,1,14,0.698985755443573,1
molecola_2665,15,1,15,0.6179924607276917,1
molecola_2665,16,1,16,0.5718191266059875,1
molecola_2665,17,1,17,0.9218741655349731,1
molecola_2665,18,1,18,0.7572202086448669,1
molecola_2665,19,1,19,0.5748152136802673,1
molecola_2665,20,1,20,0.5885312557220459,1
molecola_2665,21,1,21,0.5480347275733948,1
molecola_2665,22,1,22,0.5755447745323181,1
molecola_2665,23,1,23,0.5966050624847412,1
molecola_2665,24,1,24,0.5718778967857361,1
molecola_2665,25,1,25,0.03250621631741524,0
molecola_2665,26,1,26,0.04898512735962868,0
molecola_2665,27,1,27,0.0291676577180624,0
molecola_2665,28,1,28,0.018013108521699905,0
molecola_2665,29,1,29,0.1618497520685196,0
molecola_2665,30,0,30,0.9876195192337036,1
molecola_2665,31,1,31,0.11098843812942505,0
molecola_2665,32,1,32,0.07634325325489044,0
molecola_2665,33,1,33,0.23605623841285706,0
molecola_26711,1,1,1,0.8730013370513916,1
molecola_26711,2,1,2,0.9412157535552979,1
molecola_26711,3,0,3,0.8730013370513916,1
molecola_26711,4,0,4,0.018267523497343063,0
molecola_26711,5,0,5,0.0008595690596848726,0
molecola_26711,6,0,6,0.02354726567864418,0
molecola_26711,7,0,7,0.08337302505970001,0
molecola_26711,8,0,8,0.06564286351203918,0
molecola_26711,9,0,9,0.10179083794355392,0
molecola_26711,10,0,10,0.027577053755521774,0
molecola_26711,11,0,11,0.013128077611327171,0
molecola_26711,12,0,12,0.007963855750858784,0
molecola_26711,13,0,13,0.0028986737597733736,0
molecola_26711,14,0,14,0.0007281790603883564,0
molecola_26711,15,0,15,0.0008498835377395153,0
molecola_26711,16,0,16,0.0009133944404311478,0
molecola_26711,17,0,17,0.0020560473203659058,0
molecola_26711,18,0,18,0.043298669159412384,0
molecola_26711,19,0,19,0.05613703280687332,0
molecola_26711,20,0,20,0.05616607889533043,0
molecola_26711,21,0,21,0.04631755128502846,0
molecola_26711,22,0,22,0.014135465025901794,0
molecola_26711,23,1,23,0.9882578253746033,1
molecola_26711,24,0,24,0.9085199236869812,1
molecola_26711,25,1,25,0.9085200428962708,1
molecola_27246,1,0,1,0.004690447356551886,0
molecola_27246,2,0,2,0.0025438936427235603,0
molecola_27246,3,0,3,0.02309492602944374,0
molecola_27246,4,0,4,0.0025438936427235603,0
molecola_27246,5,0,5,0.004690447356551886,0
molecola_27246,6,0,6,0.0011226508067920804,0
molecola_27246,7,0,7,0.0015095428097993135,0
molecola_27246,8,0,8,0.0006468604551628232,0
molecola_27246,9,0,9,0.0012007344048470259,0
molecola_27246,10,0,10,0.001800237805582583,0
molecola_27246,11,0,11,0.0009508840157650411,0
molecola_27246,12,0,12,0.0010017328895628452,0
molecola_27246,13,0,13,0.000926660664845258,0
molecola_27246,14,0,14,0.0014238571748137474,0
molecola_27246,15,0,15,0.0005858500371687114,0
molecola_27246,16,0,16,0.0007260583806782961,0
molecola_27246,17,0,17,0.0005961128626950085,0
molecola_27246,18,0,18,0.002382471691817045,0
molecola_27246,19,0,19,0.0015838999534025788,0
molecola_27246,20,0,20,0.004020066000521183,0
molecola_27246,21,1,21,0.5264846682548523,1
molecola_27246,22,0,22,0.11383210122585297,0
molecola_27246,23,1,23,0.9888741970062256,1
molecola_27246,24,1,24,0.3693603575229645,0
molecola_27246,25,0,25,0.004499891772866249,0
molecola_27246,26,0,26,0.0008902394329197705,0
molecola_27246,27,0,27,0.0018929464276880026,0
molecola_27246,28,0,28,0.000804862123914063,0
molecola_27246,29,0,29,0.0009901290759444237,0
molecola_27246,30,0,30,0.0006429440109059215,0
molecola_2736,1,0,1,0.44607412815093994,0
molecola_2736,2,0,2,0.6707200407981873,1
molecola_2736,3,1,3,0.902672529220581,1
molecola_2736,4,0,4,0.8122827410697937,1
molecola_2736,5,1,5,0.9243924021720886,1
molecola_2736,6,0,6,0.6686279773712158,1
molecola_2736,7,0,7,0.04698280617594719,0
molecola_2736,8,0,8,0.028574451804161072,0
molecola_2736,9,0,9,0.046186305582523346,0
molecola_2736,10,0,10,0.025894295424222946,0
molecola_2736,11,0,11,0.02857445925474167,0
molecola_2736,12,0,12,0.046186305582523346,0
molecola_2736,13,0,13,0.04698280617594719,0
molecola_2736,14,1,14,0.9816097021102905,1
molecola_2736,15,0,15,0.8978770971298218,1
molecola_2736,16,1,16,0.8978770971298218,1
molecola_2736,17,0,17,0.01047271303832531,0
molecola_2736,18,0,18,0.011348331347107887,0
molecola_2736,19,0,19,0.03671654686331749,0
molecola_2736,20,0,20,0.05962509661912918,0
molecola_2736,21,0,21,0.03671654686331749,0
molecola_2736,22,0,22,0.011348331347107887,0
molecola_2736,23,0,23,0.01047271303832531,0
molecola_2736,24,0,24,0.011348331347107887,0
molecola_2736,25,0,25,0.03671654686331749,0
molecola_2736,26,0,26,0.05962509661912918,0
molecola_2736,27,0,27,0.03671654686331749,0
molecola_2736,28,0,28,0.011348331347107887,0
molecola_2767,1,0,1,0.0044114659540355206,0
molecola_2767,2,0,2,0.0018130963435396552,0
molecola_2767,3,0,3,0.0044114659540355206,0
molecola_2767,4,0,4,0.0044114659540355206,0
molecola_2767,5,0,5,0.1427241861820221,0
molecola_2767,6,0,6,0.001084397896192968,0
molecola_2767,7,0,7,0.0009606635430827737,0
molecola_2767,8,0,8,0.0008959468104876578,0
molecola_2767,9,0,9,0.0018068900099024177,0
molecola_2767,10,0,10,0.0030836614314466715,0
molecola_2767,11,0,11,0.009848488494753838,0
molecola_2767,12,0,12,0.009834451600909233,0
molecola_2767,13,0,13,0.01059679314494133,0
molecola_2767,14,0,14,0.0057812961749732494,0
molecola_2767,15,0,15,0.0036788638681173325,0
molecola_2767,16,0,16,0.0015852170763537288,0
molecola_2767,17,0,17,0.0027071635704487562,0
molecola_2767,18,1,18,0.9343732595443726,1
molecola_2767,19,1,19,0.9883086681365967,1
molecola_2767,20,0,20,0.9102048277854919,1
molecola_2767,21,1,21,0.9102048277854919,1
molecola_2767,22,0,22,0.0013664112193509936,0
molecola_2767,23,0,23,0.0033222383353859186,0
molecola_2767,24,0,24,0.0010925313690677285,0
molecola_2767,25,0,25,0.001192104653455317,0
molecola_2767,26,0,26,0.017301855608820915,0
molecola_2767,27,0,27,0.0014681126922369003,0
molecola_2767,28,0,28,0.0008363600354641676,0
molecola_2767,29,0,29,0.0008363600354641676,0
molecola_2767,30,0,30,0.0005378210335038602,0
molecola_2767,31,0,31,0.000922849983908236,0
molecola_2767,32,0,32,0.002530567115172744,0
molecola_2767,33,0,33,0.003312705783173442,0
molecola_2767,34,0,34,0.0014739477774128318,0
molecola_2767,35,0,35,0.0006240279763005674,0
molecola_2767,36,0,36,0.0007336545968428254,0
molecola_2767,37,0,37,0.002918981947004795,0
molecola_2767,38,0,38,0.0030926396138966084,0
molecola_2767,39,0,39,0.0030926396138966084,0
molecola_2767,40,0,40,0.0014483042759820819,0
molecola_27702,1,0,1,0.9526810050010681,1
molecola_27702,2,0,2,0.9255915284156799,1
molecola_27702,3,1,3,0.988318681716919,1
molecola_27702,4,0,4,0.9087777137756348,1
molecola_27702,5,1,5,0.9087777137756348,1
molecola_27702,6,0,6,0.01047481782734394,0
molecola_27702,7,0,7,0.0013802377507090569,0
molecola_27702,8,0,8,0.001731967437081039,0
molecola_27702,9,0,9,0.0015093093970790505,0
molecola_27702,10,0,10,0.0036831817124038935,0
molecola_27702,11,0,11,0.004286538809537888,0
molecola_27702,12,0,12,0.0031456381548196077,0
molecola_27702,13,0,13,0.004511709325015545,0
molecola_27702,14,0,14,0.01125144399702549,0
molecola_27702,15,0,15,0.0010443098144605756,0
molecola_27702,16,0,16,0.0013491598656401038,0
molecola_27702,17,0,17,0.001731967437081039,0
molecola_27702,18,0,18,0.0013802377507090569,0
molecola_2778,1,1,1,0.9640284180641174,1
molecola_2778,2,1,2,0.9623271822929382,1
molecola_2778,3,0,3,0.6117876172065735,1
molecola_2778,4,0,4,0.1056479662656784,0
molecola_2778,5,0,5,0.0046166423708200455,0
molecola_2778,6,0,6,0.0008390680304728448,0
molecola_2778,7,0,7,0.0007778321160003543,0
molecola_2778,8,0,8,0.0008554277010262012,0
molecola_2778,9,0,9,0.0008554277010262012,0
molecola_2778,10,1,10,0.9823346138000488,1
molecola_2778,11,1,11,0.956963837146759,1
molecola_2778,12,0,12,0.03670571744441986,0
molecola_2778,13,0,13,0.001349897007457912,0
molecola_2778,14,0,14,0.0007783815381117165,0
molecola_2778,15,0,15,0.000595013378188014,0
molecola_2778,16,0,16,0.0007783815381117165,0
molecola_2778,17,0,17,0.001349897007457912,0
molecola_2778,18,0,18,0.0008811698644421995,0
molecola_2778,19,0,19,0.0006513631669804454,0
molecola_2778,20,0,20,0.0006044423207640648,0
molecola_2780,1,0,1,0.01034680288285017,0
molecola_2780,2,0,2,0.011873970739543438,0
molecola_2780,3,0,3,0.012903492897748947,0
molecola_2780,4,0,4,0.003379755886271596,0
molecola_2780,5,0,5,0.0014656123239547014,0
molecola_2780,6,0,6,0.0008236924768425524,0
molecola_2780,7,0,7,0.0012909016804769635,0
molecola_2780,8,0,8,0.0028231856413185596,0
molecola_2780,9,0,9,0.001028637052513659,0
molecola_2780,10,0,10,0.4155980944633484,0
molecola_2780,11,0,11,0.22399544715881348,0
molecola_2780,12,0,12,0.5985764265060425,1
molecola_2780,13,0,13,0.5134468078613281,1
molecola_2780,14,0,14,0.6603537201881409,1
molecola_2780,15,0,15,0.6603537201881409,1
molecola_2780,16,0,16,0.11435803025960922,0
molecola_2780,17,0,17,0.031360454857349396,0
molecola_2780,18,0,18,0.05479121208190918,0
molecola_2780,19,0,19,0.046202681958675385,0
molecola_2780,20,0,20,0.007710219360888004,0
molecola_2780,21,0,21,0.0010402153711766005,0
molecola_2780,22,0,22,0.0006679341895505786,0
molecola_2780,23,0,23,0.00120452675037086,0
molecola_2780,24,0,24,0.0017407226841896772,0
molecola_2780,25,0,25,0.002194888424128294,0
molecola_2780,26,0,26,0.0017407226841896772,0
molecola_2780,27,0,27,0.00120452675037086,0
molecola_2780,28,0,28,0.0014377990737557411,0
molecola_2780,29,0,29,0.0017783161019906402,0
molecola_2780,30,0,30,0.012440024875104427,0
molecola_2780,31,1,31,0.9922385811805725,1
molecola_2780,32,1,32,0.9682204723358154,1
molecola_2780,33,1,33,0.9682204723358154,1
molecola_28263,1,1,1,0.9070240259170532,1
molecola_28263,2,1,2,0.984867513179779,1
molecola_28263,3,0,3,0.9070240259170532,1
molecola_28263,4,0,4,0.8837217092514038,1
molecola_28263,5,0,5,0.018441295251250267,0
molecola_28263,6,0,6,0.0028282389976084232,0
molecola_28263,7,0,7,0.0022664086427539587,0
molecola_28263,8,0,8,0.003960710484534502,0
molecola_28263,9,0,9,0.006621574983000755,0
molecola_28263,10,0,10,0.0015028356574475765,0
molecola_28263,11,0,11,0.002545785391703248,0
molecola_28263,12,0,12,0.0019864162895828485,0
molecola_28263,13,0,13,0.003211000468581915,0
molecola_28263,14,0,14,0.04271134361624718,0
molecola_28263,15,0,15,0.057182930409908295,0
molecola_28263,16,0,16,0.05326614901423454,0
molecola_28263,17,0,17,0.030676743015646935,0
molecola_28263,18,0,18,0.0017184288008138537,0
molecola_28263,19,0,19,0.052903998643159866,0
molecola_28263,20,0,20,0.0013352500973269343,0
molecola_28263,21,0,21,0.0006054957048036158,0
molecola_28263,22,0,22,0.0006054957048036158,0
molecola_28263,23,0,23,0.0005423452239483595,0
molecola_28263,24,0,24,0.0009993911953642964,0
molecola_28263,25,0,25,0.003310016356408596,0
molecola_28263,26,0,26,0.0050935749895870686,0
molecola_28263,27,0,27,0.0025535684544593096,0
molecola_28263,28,0,28,0.003310016356408596,0
molecola_28263,29,0,29,0.0009993911953642964,0
molecola_28296,1,0,1,0.000977379735559225,0
molecola_28296,2,0,2,0.0024735077749937773,0
molecola_28296,3,0,3,0.000977379735559225,0
molecola_28296,4,0,4,0.001466874498873949,0
molecola_28296,5,0,5,0.0010376360733062029,0
molecola_28296,6,0,6,0.0005813608877360821,0
molecola_28296,7,0,7,0.0016720718704164028,0
molecola_28296,8,0,8,0.0013653888599947095,0
molecola_28296,9,0,9,0.0008552476647309959,0
molecola_28296,10,0,10,0.0013653888599947095,0
molecola_28296,11,0,11,0.0016720718704164028,0
molecola_28296,12,0,12,0.0010518317576497793,0
molecola_28296,13,0,13,0.0009612010326236486,0
molecola_28296,14,0,14,0.021978650242090225,0
molecola_28296,15,0,15,0.0010523379314690828,0
molecola_28296,16,0,16,0.004399721976369619,0
molecola_28296,17,0,17,0.2616206109523773,0
molecola_28296,18,0,18,0.0912867859005928,0
molecola_28296,19,1,19,0.9883612990379333,1
molecola_28296,20,0,20,0.01884346269071102,0
molecola_28296,21,0,21,0.0013903016224503517,0
molecola_28296,22,0,22,0.0009815996745601296,0
molecola_28296,23,0,23,0.0010017156600952148,0
molecola_28296,24,0,24,0.0635545626282692,0
molecola_28296,25,0,25,0.018801044672727585,0
molecola_28296,26,0,26,0.07458962500095367,0
molecola_28296,27,0,27,0.0420943908393383,0
molecola_28296,28,0,28,0.03545364737510681,0
molecola_28296,29,0,29,0.001128458883613348,0
molecola_28296,30,0,30,0.01961522549390793,0
molecola_28296,31,0,31,0.09406065195798874,0
molecola_28309,1,0,1,0.9431370496749878,1
molecola_28309,2,0,2,0.957107424736023,1
molecola_28309,3,0,3,0.3078046441078186,0
molecola_28309,4,0,4,0.08325572311878204,0
molecola_28309,5,0,5,0.8662960529327393,1
molecola_28309,6,0,6,0.9734183549880981,1
molecola_28309,7,0,7,0.8978662490844727,1
molecola_28309,8,0,8,0.8978662490844727,1
molecola_28309,9,0,9,0.5947207808494568,1
molecola_28309,10,0,10,0.0034758863039314747,0
molecola_28309,11,0,11,0.0035739121958613396,0
molecola_28309,12,0,12,0.007566602434962988,0
molecola_28309,13,0,13,0.06349828094244003,0
molecola_28309,14,0,14,0.7478208541870117,1
molecola_28309,15,1,15,0.9748627543449402,1
molecola_28309,16,1,16,0.9689067006111145,1
molecola_28309,17,0,17,0.6630982756614685,1
molecola_28309,18,0,18,0.01565714366734028,0
molecola_28309,19,0,19,0.0010089960414916277,0
molecola_28309,20,0,20,0.0011119949631392956,0
molecola_28309,21,0,21,0.005915009416639805,0
molecola_28309,22,0,22,0.03689344972372055,0
molecola_28309,23,0,23,0.8571599721908569,1
molecola_28309,24,0,24,0.9750974178314209,1
molecola_28309,25,0,25,0.8990463614463806,1
molecola_28309,26,0,26,0.8990463614463806,1
molecola_28338,1,1,1,0.9674240946769714,1
molecola_28338,2,1,2,0.9912480115890503,1
molecola_28338,3,1,3,0.9674240946769714,1
molecola_28338,4,0,4,0.010701307095587254,0
molecola_28338,5,0,5,0.0016041701892390847,0
molecola_28338,6,0,6,0.0018151486292481422,0
molecola_28338,7,0,7,0.0020580003038048744,0
molecola_28338,8,0,8,0.0018151486292481422,0
molecola_28338,9,0,9,0.0016041701892390847,0
molecola_28338,10,0,10,0.0018987309886142612,0
molecola_28338,11,0,11,0.00450807623565197,0
molecola_28338,12,0,12,0.00450807623565197,0
molecola_28338,13,0,13,0.02267482504248619,0
molecola_28338,14,0,14,0.0009702639654278755,0
molecola_28338,15,0,15,0.0009686794364824891,0
molecola_28338,16,0,16,0.0008141397265717387,0
molecola_28338,17,0,17,0.002058988669887185,0
molecola_28338,18,0,18,0.015830615535378456,0
molecola_28338,19,0,19,0.04421352967619896,0
molecola_28338,20,0,20,0.0026959492824971676,0
molecola_28338,21,0,21,0.012130284681916237,0
molecola_28338,22,0,22,0.0025033322162926197,0
molecola_28338,23,0,23,0.0014747621025890112,0
molecola_28338,24,0,24,0.0013870324473828077,0
molecola_28338,25,0,25,0.0015179456677287817,0
molecola_28338,26,0,26,0.0016160127706825733,0
molecola_28338,27,0,27,0.0015126185026019812,0
molecola_28338,28,0,28,0.0005842371610924602,0
molecola_28338,29,0,29,0.0015126185026019812,0
molecola_28338,30,0,30,0.0016160127706825733,0
molecola_28338,31,0,31,0.001166522386483848,0
molecola_28338,32,0,32,0.0008649320807307959,0
molecola_28338,33,0,33,0.0008649320807307959,0
molecola_28338,34,0,34,0.0008649320807307959,0
molecola_28338,35,0,35,0.0012506239581853151,0
molecola_28493,1,0,1,0.002495237858965993,0
molecola_28493,2,0,2,0.0018076710402965546,0
molecola_28493,3,0,3,0.002495237858965993,0
molecola_28493,4,0,4,0.00566681195050478,0
molecola_28493,5,0,5,0.019501524046063423,0
molecola_28493,6,0,6,0.07670208811759949,0
molecola_28493,7,0,7,0.07270153611898422,0
molecola_28493,8,0,8,0.06526699662208557,0
molecola_28493,9,0,9,0.7619485855102539,1
molecola_28493,10,0,10,0.002758085262030363,0
molecola_28493,11,0,11,0.0019640547689050436,0
molecola_28493,12,0,12,0.0027225513476878405,0
molecola_28493,13,0,13,0.046926070004701614,0
molecola_28493,14,0,14,0.058388397097587585,0
molecola_28493,15,0,15,0.046926070004701614,0
molecola_28493,16,0,16,0.0027225513476878405,0
molecola_28493,17,0,17,0.06982200592756271,0
molecola_28493,18,0,18,0.03421192616224289,0
molecola_28493,19,0,19,0.7607198357582092,1
molecola_28493,20,0,20,0.00449878117069602,0
molecola_28493,21,0,21,0.0015846798196434975,0
molecola_28493,22,1,22,0.9804975986480713,1
molecola_28493,23,1,23,0.9683066606521606,1
molecola_28493,24,0,24,0.05036580190062523,0
molecola_28493,25,0,25,0.015726100653409958,0
molecola_28773,1,0,1,0.0042670127004384995,0
molecola_28773,2,0,2,0.0018222254002466798,0
molecola_28773,3,0,3,0.0018553363624960184,0
molecola_28773,4,0,4,0.020872008055448532,0
molecola_28773,5,0,5,0.006878821179270744,0
molecola_28773,6,0,6,0.010397191159427166,0
molecola_28773,7,0,7,0.002097552875056863,0
molecola_28773,8,0,8,0.02426273562014103,0
molecola_28773,9,0,9,0.0014919532695785165,0
molecola_28773,10,0,10,0.0030477307736873627,0
molecola_28773,11,0,11,0.0015111392131075263,0
molecola_28773,12,0,12,0.018608925864100456,0
molecola_28773,13,0,13,0.0320003516972065,0
molecola_28773,14,0,14,0.06794174760580063,0
molecola_28773,15,0,15,0.09704194217920303,0
molecola_28773,16,0,16,0.13644149899482727,0
molecola_28773,17,0,17,0.6192094087600708,1
molecola_28773,18,0,18,0.09636492282152176,0
molecola_28773,19,1,19,0.9899550676345825,1
molecola_28773,20,0,20,0.489712119102478,0
molecola_28773,21,0,21,0.047610804438591,0
molecola_28773,22,0,22,0.9397045373916626,1
molecola_28773,23,0,23,0.9548164010047913,1
molecola_28773,24,0,24,0.5499615669250488,1
molecola_28773,25,0,25,0.33374014496803284,0
molecola_28773,26,0,26,0.9827914834022522,1
molecola_28773,27,0,27,0.9007191061973572,1
molecola_28773,28,0,28,0.9007191061973572,1
molecola_28773,29,0,29,0.9827181696891785,1
molecola_28773,30,0,30,0.9732366800308228,1
molecola_28906,1,1,1,0.9897685050964355,1
molecola_28906,2,0,2,0.11262406408786774,0
molecola_28906,3,0,3,0.20068052411079407,0
molecola_28906,4,0,4,0.07711513340473175,0
molecola_28906,5,0,5,0.15376250445842743,0
molecola_28906,6,0,6,0.08689768612384796,0
molecola_28906,7,0,7,0.40850773453712463,0
molecola_28906,8,0,8,0.24234412610530853,0
molecola_28906,9,0,9,0.06040092557668686,0
molecola_28906,10,0,10,0.09955426305532455,0
molecola_28906,11,0,11,0.06698662042617798,0
molecola_28906,12,0,12,0.010311015881597996,0
molecola_28906,13,0,13,0.04227972403168678,0
molecola_28906,14,0,14,0.05723952502012253,0
molecola_28906,15,0,15,0.06325466185808182,0
molecola_28906,16,0,16,0.02963038720190525,0
molecola_28906,17,0,17,0.016822675243020058,0
molecola_28906,18,0,18,0.0049935439601540565,0
molecola_2911,1,0,1,0.23600657284259796,0
molecola_2911,2,0,2,0.073856420814991,0
molecola_2911,3,0,3,0.0990896075963974,0
molecola_2911,4,0,4,0.008044226095080376,0
molecola_2911,5,0,5,0.00093079888029024,0
molecola_2911,6,0,6,0.0010604342678561807,0
molecola_2911,7,0,7,0.0007330944645218551,0
molecola_2911,8,0,8,0.0010862951166927814,0
molecola_2911,9,0,9,0.0015858217375352979,0
molecola_2911,10,0,10,0.006229761987924576,0
molecola_2911,11,0,11,0.3064354658126831,0
molecola_2911,12,0,12,0.1844026744365692,0
molecola_2911,13,1,13,0.9923861026763916,1
molecola_2911,14,0,14,0.0009594332659617066,0
molecola_2911,15,0,15,0.0005470393225550652,0
molecola_2911,16,0,16,0.0008982059080153704,0
molecola_2911,17,0,17,0.0066703143529593945,0
molecola_2911,18,0,18,0.004128651227802038,0
molecola_2911,19,0,19,0.002834612736478448,0
molecola_2911,20,0,20,0.0019780886359512806,0
molecola_2911,21,0,21,0.001785026746802032,0
molecola_2911,22,0,22,0.002050552284345031,0
molecola_2911,23,0,23,0.19928932189941406,0
molecola_2911,24,0,24,0.0010728309862315655,0
molecola_2911,25,0,25,0.0009548476664349437,0
molecola_2911,26,0,26,0.0008952321368269622,0
molecola_2911,27,0,27,0.0015616965247318149,0
molecola_2911,28,0,28,0.005830246023833752,0
molecola_2911,29,0,29,0.010059621185064316,0
molecola_2911,30,0,30,0.0025337201077491045,0
molecola_2911,31,0,31,0.005830246023833752,0
molecola_2911,32,0,32,0.0015616965247318149,0
molecola_2911,33,0,33,0.0015009777853265405,0
molecola_29118,1,1,1,0.9174817204475403,1
molecola_29118,2,1,2,0.9473856091499329,1
molecola_29118,3,0,3,0.045805077999830246,0
molecola_29118,4,0,4,0.03583259508013725,0
molecola_29118,5,0,5,0.0014474252238869667,0
molecola_29118,6,0,6,0.029737485572695732,0
molecola_29118,7,0,7,0.003201740561053157,0
molecola_29118,8,0,8,0.0016952445730566978,0
molecola_29118,9,0,9,0.0008120516431517899,0
molecola_29118,10,0,10,0.000853333855047822,0
molecola_29118,11,0,11,0.0008541245479136705,0
molecola_29118,12,0,12,0.0007851393893361092,0
molecola_29118,13,0,13,0.0024581311736255884,0
molecola_29118,14,0,14,0.036951471120119095,0
molecola_29118,15,0,15,0.05828620120882988,0
molecola_29118,16,0,16,0.036951471120119095,0
molecola_29118,17,0,17,0.0024581311736255884,0
molecola_29232,1,0,1,0.008114336058497429,0
molecola_29232,2,0,2,0.03796656057238579,0
molecola_29232,3,0,3,0.019227279350161552,0
molecola_29232,4,0,4,0.7504458427429199,1
molecola_29232,5,0,5,0.005048256367444992,0
molecola_29232,6,0,6,0.005346269812434912,0
molecola_29232,7,0,7,0.0008447380969300866,0
molecola_29232,8,0,8,0.003633329179137945,0
molecola_29232,9,0,9,0.4367680251598358,0
molecola_29232,10,0,10,0.06638500094413757,0
molecola_29232,11,1,11,0.9897659420967102,1
molecola_29232,12,0,12,0.05762738361954689,0
molecola_29232,13,0,13,0.0037981830537319183,0
molecola_29232,14,0,14,0.0016233411151915789,0
molecola_29232,15,0,15,0.0006262082024477422,0
molecola_29232,16,0,16,0.0010267362231388688,0
molecola_29232,17,0,17,0.0008603511960245669,0
molecola_29297,1,1,1,0.23918722569942474,0
molecola_29297,2,0,2,0.1622530072927475,0
molecola_29297,3,0,3,0.10685117542743683,0
molecola_29297,4,1,4,0.13938626646995544,0
molecola_29297,5,0,5,0.014124458655714989,0
molecola_29297,6,0,6,0.002062925137579441,0
molecola_29297,7,0,7,0.022338777780532837,0
molecola_29297,8,1,8,0.16672006249427795,0
molecola_29297,9,1,9,0.22747302055358887,0
molecola_29297,10,1,10,0.2442227005958557,0
molecola_29297,11,0,11,0.0023487962316721678,0
molecola_29297,12,0,12,0.0030445812735706568,0
molecola_29297,13,0,13,0.0030445812735706568,0
molecola_29297,14,0,14,0.0023487962316721678,0
molecola_29297,15,0,15,0.001100109308026731,0
molecola_29297,16,0,16,0.0030944396276026964,0
molecola_29297,17,0,17,0.008568719029426575,0
molecola_29297,18,0,18,0.051942888647317886,0
molecola_29297,19,0,19,0.15318770706653595,0
molecola_29297,20,0,20,0.06292401999235153,0
molecola_29297,21,0,21,0.15318770706653595,0
molecola_29297,22,0,22,0.051942888647317886,0
molecola_29297,23,0,23,0.0012810577172785997,0
molecola_29297,24,0,24,0.025956910103559494,0
molecola_29297,25,0,25,0.7682037353515625,1
molecola_29297,26,0,26,0.04098471626639366,0
molecola_29297,27,1,27,0.9889560341835022,1
molecola_29297,28,0,28,0.7682037353515625,1
molecola_29297,29,0,29,0.025956910103559494,0
molecola_29345,1,0,1,0.013653702102601528,0
molecola_29345,2,0,2,0.002957837888970971,0
molecola_29345,3,0,3,0.006922222673892975,0
molecola_29345,4,0,4,0.0016120640793815255,0
molecola_29345,5,0,5,0.004298926331102848,0
molecola_29345,6,0,6,0.004049819428473711,0
molecola_29345,7,0,7,0.0009884316241368651,0
molecola_29345,8,0,8,0.0014085383154451847,0
molecola_29345,9,0,9,0.0029166024178266525,0
molecola_29345,10,0,10,0.006219347007572651,0
molecola_29345,11,0,11,0.0016622110269963741,0
molecola_29345,12,0,12,0.00135712546762079,0
molecola_29345,13,0,13,0.0019029495306313038,0
molecola_29345,14,0,14,0.012755590490996838,0
molecola_29345,15,0,15,0.8260177373886108,1
molecola_29345,16,0,16,0.9055840373039246,1
molecola_29345,17,0,17,0.9860438108444214,1
molecola_29345,18,0,18,0.9775134325027466,1
molecola_29345,19,0,19,0.8730688691139221,1
molecola_29345,20,0,20,0.04321865364909172,0
molecola_29345,21,0,21,0.007707294076681137,0
molecola_29345,22,0,22,0.004223802592605352,0
molecola_29345,23,0,23,0.0017090881010517478,0
molecola_29345,24,0,24,0.010702801868319511,0
molecola_29345,25,0,25,0.0017090881010517478,0
molecola_29345,26,0,26,0.004223802592605352,0
molecola_29345,27,1,27,0.9912480115890503,1
molecola_29345,28,0,28,0.9674240946769714,1
molecola_29345,29,1,29,0.9674240946769714,1
molecola_29360,1,0,1,0.011386454105377197,0
molecola_29360,2,0,2,0.0029066838324069977,0
molecola_29360,3,0,3,0.0017467495054006577,0
molecola_29360,4,0,4,0.0020398194901645184,0
molecola_29360,5,0,5,0.0011194588150829077,0
molecola_29360,6,0,6,0.014427388086915016,0
molecola_29360,7,0,7,0.3311334550380707,0
molecola_29360,8,0,8,0.7818180918693542,1
molecola_29360,9,1,9,0.9607789516448975,1
molecola_29360,10,0,10,0.8888611793518066,1
molecola_29360,11,1,11,0.8888611793518066,1
molecola_29360,12,0,12,0.0069515034556388855,0
molecola_29360,13,1,13,0.9923396110534668,1
molecola_29360,14,0,14,0.9662052989006042,1
molecola_29360,15,1,15,0.9662052989006042,1
molecola_29360,16,0,16,0.001694633043371141,0
molecola_29360,17,0,17,0.0029606842435896397,0
molecola_29374,1,0,1,0.0010212715715169907,0
molecola_29374,2,0,2,0.04383807256817818,0
molecola_29374,3,0,3,0.0016532911686226726,0
molecola_29374,4,0,4,0.0026867827400565147,0
molecola_29374,5,0,5,0.0013854416320100427,0
molecola_29374,6,0,6,0.0012534167617559433,0
molecola_29374,7,0,7,0.002633331809192896,0
molecola_29374,8,0,8,0.0018895998364314437,0
molecola_29374,9,0,9,0.005798129830509424,0
molecola_29374,10,0,10,0.005798129830509424,0
molecola_29374,11,1,11,0.974410891532898,1
molecola_29374,12,1,12,0.9662836790084839,1
molecola_29374,13,0,13,0.0013520437059924006,0
molecola_29374,14,0,14,0.0010603528935462236,0
molecola_29374,15,0,15,0.002377967583015561,0
molecola_29374,16,0,16,0.02139076218008995,0
molecola_29374,17,0,17,0.04573189839720726,0
molecola_29374,18,0,18,0.01821804977953434,0
molecola_29374,19,0,19,0.04826681688427925,0
molecola_29374,20,0,20,0.0557095892727375,0
molecola_29374,21,0,21,0.05606446415185928,0
molecola_29374,22,0,22,0.03692571446299553,0
molecola_29374,23,0,23,0.001735958969220519,0
molecola_2948,1,1,1,0.9526816606521606,1
molecola_2948,2,1,2,0.9255984425544739,1
molecola_2948,3,1,3,0.9883188009262085,1
molecola_2948,4,0,4,0.9087777733802795,1
molecola_2948,5,1,5,0.9087777733802795,1
molecola_2948,6,0,6,0.010627002455294132,0
molecola_2948,7,0,7,0.0017995069501921535,0
molecola_2948,8,0,8,0.0026388526894152164,0
molecola_2948,9,0,9,0.0018990112002938986,0
molecola_2948,10,0,10,0.0011263603810220957,0
molecola_2948,11,0,11,0.0012919367291033268,0
molecola_2948,12,0,12,0.0014900061069056392,0
molecola_2948,13,0,13,0.0012149752583354712,0
molecola_2948,14,0,14,0.00255333399400115,0
molecola_2948,15,0,15,0.0023705842904746532,0
molecola_2948,16,0,16,0.0012815294321626425,0
molecola_2948,17,0,17,0.0011937915114685893,0
molecola_2948,18,0,18,0.0017705920618027449,0
molecola_2948,19,0,19,0.0015989855164662004,0
molecola_29508,1,0,1,0.0012016475666314363,0
molecola_29508,2,0,2,0.0011062098201364279,0
molecola_29508,3,0,3,0.000859524414408952,0
molecola_29508,4,0,4,0.17074275016784668,0
molecola_29508,5,0,5,0.0022702375426888466,0
molecola_29508,6,0,6,0.0036830503959208727,0
molecola_29508,7,0,7,0.0011121925199404359,0
molecola_29508,8,0,8,0.002291071927174926,0
molecola_29508,9,0,9,0.02137170173227787,0
molecola_29508,10,0,10,0.04540130868554115,0
molecola_29508,11,0,11,0.01710537262260914,0
molecola_29508,12,0,12,0.0413607656955719,0
molecola_29508,13,0,13,0.5609597563743591,1
molecola_29508,14,0,14,0.11380904912948608,0
molecola_29508,15,1,15,0.9898356795310974,1
molecola_29508,16,0,16,0.4406217634677887,0
molecola_29508,17,0,17,0.00647754454985261,0
molecola_29718,1,0,1,0.23605965077877045,0
molecola_29718,2,0,2,0.07429224997758865,0
molecola_29718,3,0,3,0.08603442460298538,0
molecola_29718,4,0,4,0.1864093840122223,0
molecola_29718,5,1,5,0.9923864603042603,1
molecola_29718,6,0,6,0.15766660869121552,0
molecola_29718,7,0,7,0.0981711894273758,0
molecola_29718,8,0,8,0.013896352611482143,0
molecola_29718,9,0,9,0.006996930576860905,0
molecola_29718,10,0,10,0.020073607563972473,0
molecola_29718,11,0,11,0.0028731755446642637,0
molecola_29718,12,0,12,0.003718416206538677,0
molecola_29718,13,0,13,0.12533430755138397,0
molecola_29718,14,0,14,0.1389680653810501,0
molecola_29718,15,0,15,0.9831240177154541,1
molecola_29718,16,0,16,0.0034067267552018166,0
molecola_29718,17,0,17,0.012585327960550785,0
molecola_29718,18,0,18,0.0538511648774147,0
molecola_29718,19,0,19,0.057392362505197525,0
molecola_29718,20,0,20,0.0538511648774147,0
molecola_29718,21,0,21,0.012585327960550785,0
molecola_29771,1,0,1,0.0013036197051405907,0
molecola_29771,2,0,2,0.0009491926757618785,0
molecola_29771,3,0,3,0.0013036197051405907,0
molecola_29771,4,0,4,0.0011253758566454053,0
molecola_29771,5,0,5,0.001803309773094952,0
molecola_29771,6,0,6,0.0009087126236408949,0
molecola_29771,7,0,7,0.0007765261107124388,0
molecola_29771,8,0,8,0.0011831586016342044,0
molecola_29771,9,0,9,0.0011062035337090492,0
molecola_29771,10,0,10,0.3478652238845825,0
molecola_29771,11,0,11,0.004705160390585661,0
molecola_29771,12,1,12,0.9771340489387512,1
molecola_29771,13,1,13,0.968340277671814,1
molecola_29771,14,0,14,0.0014418308855965734,0
molecola_2983,1,0,1,0.013896903023123741,0
molecola_2983,2,0,2,0.0048261708579957485,0
molecola_2983,3,0,3,0.02480965293943882,0
molecola_2983,4,0,4,0.029835017397999763,0
molecola_2983,5,0,5,0.6763589978218079,1
molecola_2983,6,0,6,0.09802498668432236,0
molecola_2983,7,1,7,0.9898702502250671,1
molecola_2983,8,0,8,0.5606094002723694,1
molecola_2983,9,0,9,0.0633288249373436,0
molecola_2983,10,0,10,0.01013325247913599,0
molecola_2983,11,0,11,0.07753891497850418,0
molecola_2983,12,0,12,0.05739820376038551,0
molecola_2983,13,0,13,0.006524554453790188,0
molecola_2983,14,0,14,0.008624883368611336,0
molecola_2983,15,0,15,0.004989685956388712,0
molecola_2983,16,0,16,0.936772882938385,1
molecola_2983,17,0,17,0.003175359219312668,0
molecola_2983,18,0,18,0.014457877725362778,0
molecola_2983,19,0,19,0.034277502447366714,0
molecola_2983,20,0,20,0.0140330009162426,0
molecola_2983,21,0,21,0.0012614496517926455,0
molecola_2983,22,0,22,0.0009788936004042625,0
molecola_2983,23,0,23,0.003275545546784997,0
molecola_29872,1,0,1,0.6745553016662598,1
molecola_29872,2,0,2,0.6038119792938232,1
molecola_29872,3,0,3,0.4621647298336029,0
molecola_29872,4,0,4,0.048162829130887985,0
molecola_29872,5,0,5,0.14090098440647125,0
molecola_29872,6,0,6,0.10684113949537277,0
molecola_29872,7,0,7,0.003625631332397461,0
molecola_29872,8,0,8,0.0006023512687534094,0
molecola_29872,9,0,9,0.0013891819398850203,0
molecola_29872,10,0,10,0.07585331797599792,0
molecola_29872,11,0,11,0.5233142971992493,1
molecola_29872,12,0,12,0.10004968196153641,0
molecola_29872,13,1,13,0.9898888468742371,1
molecola_29872,14,0,14,0.0012278944486752152,0
molecola_29872,15,0,15,0.0008647025679238141,0
molecola_29872,16,0,16,0.0008647025679238141,0
molecola_29872,17,0,17,0.0008647025679238141,0
molecola_29895,1,0,1,0.2359147071838379,0
molecola_29895,2,0,2,0.07213270664215088,0
molecola_29895,3,0,3,0.09707377851009369,0
molecola_29895,4,0,4,0.05988507345318794,0
molecola_29895,5,0,5,0.16189976036548615,0
molecola_29895,6,0,6,0.07937736809253693,0
molecola_29895,7,0,7,0.06504710018634796,0
molecola_29895,8,0,8,0.023015011101961136,0
molecola_29895,9,0,9,0.06515616178512573,0
molecola_29895,10,0,10,0.2411186397075653,0
molecola_29895,11,0,11,0.6878221035003662,1
molecola_29895,12,0,12,0.4118942320346832,0
molecola_29895,13,0,13,0.618964672088623,1
molecola_29895,14,0,14,0.01609521545469761,0
molecola_29895,15,0,15,0.006414397154003382,0
molecola_29895,16,0,16,0.014813863672316074,0
molecola_29895,17,0,17,0.010162047110497952,0
molecola_29895,18,0,18,0.01349942572414875,0
molecola_29895,19,0,19,0.002521110000088811,0
molecola_29895,20,0,20,0.010162047110497952,0
molecola_29895,21,0,21,0.014813863672316074,0
molecola_29895,22,0,22,0.19649429619312286,0
molecola_29895,23,0,23,0.18497943878173828,0
molecola_29895,24,1,24,0.99237060546875,1
molecola_29933,1,1,1,0.9712733030319214,1
molecola_29933,2,0,2,0.06061985716223717,0
molecola_29933,3,0,3,0.09421493113040924,0
molecola_29933,4,0,4,0.03958982229232788,0
molecola_29933,5,0,5,0.037480294704437256,0
molecola_29933,6,0,6,0.005420173518359661,0
molecola_29933,7,0,7,0.0011360007338225842,0
molecola_29933,8,0,8,0.0026432701852172613,0
molecola_29933,9,0,9,0.010581555776298046,0
molecola_29933,10,0,10,0.05397280678153038,0
molecola_29933,11,0,11,0.1343558430671692,0
molecola_29933,12,0,12,0.25049009919166565,0
molecola_29933,13,0,13,0.2146231085062027,0
molecola_29933,14,0,14,0.39568305015563965,0
molecola_29933,15,0,15,0.09287877380847931,0
molecola_29933,16,0,16,0.1151253804564476,0
molecola_29933,17,0,17,0.2626965641975403,0
molecola_29933,18,0,18,0.27005240321159363,0
molecola_29933,19,0,19,0.06566746532917023,0
molecola_29933,20,0,20,0.2442038655281067,0
molecola_29933,21,0,21,0.15041133761405945,0
molecola_29933,22,0,22,0.0036204105708748102,0
molecola_29933,23,0,23,0.0037353436928242445,0
molecola_30025,1,0,1,0.002416027942672372,0
molecola_30025,2,0,2,0.0020455759949982166,0
molecola_30025,3,0,3,0.009168708696961403,0
molecola_30025,4,0,4,0.006121548358350992,0
molecola_30025,5,0,5,0.6731445789337158,1
molecola_30025,6,0,6,0.004421015735715628,0
molecola_30025,7,0,7,0.00396270677447319,0
molecola_30025,8,0,8,0.00186801771633327,0
molecola_30025,9,0,9,0.0007795651908963919,0
molecola_30025,10,0,10,0.00186801771633327,0
molecola_30025,11,0,11,0.00396270677447319,0
molecola_30025,12,0,12,0.0013988574501127005,0
molecola_30025,13,0,13,0.003442218527197838,0
molecola_30025,14,0,14,0.003442218527197838,0
molecola_30025,15,0,15,0.06801974028348923,0
molecola_30025,16,0,16,0.028671421110630035,0
molecola_30025,17,0,17,0.009526058100163937,0
molecola_30025,18,0,18,0.0006301575340330601,0
molecola_30025,19,0,19,0.002716712187975645,0
molecola_30025,20,0,20,0.006576250772923231,0
molecola_30025,21,0,21,0.012289650738239288,0
molecola_30025,22,0,22,0.0009969439124688506,0
molecola_30025,23,0,23,0.0005587951745837927,0
molecola_30025,24,0,24,0.006377848330885172,0
molecola_30025,25,0,25,0.014167137444019318,0
molecola_30025,26,0,26,0.8850744366645813,1
molecola_30025,27,1,27,0.9871727228164673,1
molecola_30025,28,0,28,0.9096133708953857,1
molecola_30025,29,1,29,0.9096133708953857,1
molecola_30025,30,0,30,0.07255819439888,0
molecola_30025,31,0,31,0.31188926100730896,0
molecola_30025,32,0,32,0.457250714302063,0
molecola_30025,33,0,33,0.3674755096435547,0
molecola_30025,34,0,34,0.37422820925712585,0
molecola_30025,35,0,35,0.10606611520051956,0
molecola_3017,1,0,1,0.0012714602053165436,0
molecola_3017,2,0,2,0.001439656363800168,0
molecola_3017,3,0,3,0.0017214285908266902,0
molecola_3017,4,0,4,0.0006277149077504873,0
molecola_3017,5,0,5,0.4292944669723511,0
molecola_3017,6,0,6,0.021874941885471344,0
molecola_3017,7,0,7,0.28983286023139954,0
molecola_3017,8,1,8,0.8966254591941833,1
molecola_3017,9,1,9,0.9837561845779419,1
molecola_3017,10,1,10,0.9064986705780029,1
molecola_3017,11,1,11,0.9064986705780029,1
molecola_3017,12,0,12,0.22570545971393585,0
molecola_3017,13,0,13,0.3752671480178833,0
molecola_3017,14,0,14,0.021817028522491455,0
molecola_3017,15,0,15,0.0030634489376097918,0
molecola_3017,16,0,16,0.021817028522491455,0
molecola_3017,17,0,17,0.3752671480178833,0
molecola_30299,1,0,1,0.9630296230316162,1
molecola_30299,2,0,2,0.9911043643951416,1
molecola_30299,3,0,3,0.9630296230316162,1
molecola_30299,4,0,4,0.01015752088278532,0
molecola_30299,5,0,5,0.0024530489463359118,0
molecola_30299,6,0,6,0.10646908730268478,0
molecola_30299,7,0,7,0.2967994213104248,0
molecola_30299,8,0,8,0.5265100002288818,1
molecola_30299,9,0,9,0.5090917348861694,1
molecola_30299,10,0,10,0.39873358607292175,0
molecola_30299,11,0,11,0.08389828354120255,0
molecola_30299,12,0,12,0.13166384398937225,0
molecola_30299,13,0,13,0.15724527835845947,0
molecola_30299,14,0,14,0.07690592855215073,0
molecola_30299,15,0,15,0.09405914694070816,0
molecola_30299,16,0,16,0.14234469830989838,0
molecola_30299,17,1,17,0.9739816784858704,1
molecola_30299,18,0,18,0.039200834929943085,0
molecola_30299,19,0,19,0.0021231661085039377,0
molecola_30299,20,0,20,0.0005758027546107769,0
molecola_30299,21,0,21,0.0006175180897116661,0
molecola_30299,22,0,22,0.0009398860856890678,0
molecola_30299,23,0,23,0.0006516357534565032,0
molecola_30299,24,0,24,0.0006043449975550175,0
molecola_30482,1,0,1,0.019664082676172256,0
molecola_30482,2,0,2,0.01083008386194706,0
molecola_30482,3,0,3,0.014355585910379887,0
molecola_30482,4,0,4,0.029432563111186028,0
molecola_30482,5,0,5,0.03414385765790939,0
molecola_30482,6,0,6,0.0541660450398922,0
molecola_30482,7,0,7,0.1889754980802536,0
molecola_30482,8,0,8,0.01042440626770258,0
molecola_30482,9,0,9,0.0020348208490759134,0
molecola_30482,10,0,10,0.001623112359084189,0
molecola_30482,11,0,11,0.0013812705874443054,0
molecola_30482,12,0,12,0.012361829169094563,0
molecola_30482,13,0,13,0.0017525108996778727,0
molecola_30482,14,0,14,0.0012224353849887848,0
molecola_30482,15,0,15,0.0010488808620721102,0
molecola_30482,16,0,16,0.0015794571954756975,0
molecola_30482,17,0,17,0.0008398275240324438,0
molecola_30482,18,0,18,0.0009091525571420789,0
molecola_30482,19,1,19,0.9924405813217163,1
molecola_30482,20,1,20,0.9671630263328552,1
molecola_30482,21,1,21,0.9671630263328552,1
molecola_30482,22,0,22,0.023701755329966545,0
molecola_30482,23,0,23,0.0010465033119544387,0
molecola_30482,24,0,24,0.0010465033119544387,0
molecola_30552,1,0,1,0.004006771370768547,0
molecola_30552,2,0,2,0.0017032672185450792,0
molecola_30552,3,0,3,0.01506139151751995,0
molecola_30552,4,0,4,0.0010522848460823298,0
molecola_30552,5,0,5,0.001058291643857956,0
molecola_30552,6,0,6,0.001661754446104169,0
molecola_30552,7,0,7,0.008848918601870537,0
molecola_30552,8,0,8,0.03530559688806534,0
molecola_30552,9,0,9,0.045680880546569824,0
molecola_30552,10,0,10,0.07729581743478775,0
molecola_30552,11,0,11,0.13152219355106354,0
molecola_30552,12,0,12,0.6167445778846741,1
molecola_30552,13,0,13,0.09652291983366013,0
molecola_30552,14,1,14,0.9899557828903198,1
molecola_30552,15,0,15,0.4880580008029938,0
molecola_30552,16,0,16,0.07634522020816803,0
molecola_30552,17,0,17,0.028489509597420692,0
molecola_30552,18,0,18,0.15460893511772156,0
molecola_30552,19,0,19,0.0035301765892654657,0
molecola_30552,20,0,20,0.016081446781754494,0
molecola_30552,21,0,21,0.01856977492570877,0
molecola_30552,22,0,22,0.019485557451844215,0
molecola_30552,23,0,23,0.021437691524624825,0
molecola_30552,24,0,24,0.005753303412348032,0
molecola_30552,25,0,25,0.0007368964143097401,0
molecola_30552,26,0,26,0.0007368964143097401,0
molecola_30552,27,0,27,0.0007368964143097401,0
molecola_30552,28,0,28,0.01856977492570877,0
molecola_30552,29,0,29,0.016081446781754494,0
molecola_30612,1,1,1,0.909945547580719,1
molecola_30612,2,1,2,0.9882729649543762,1
molecola_30612,3,1,3,0.909945547580719,1
molecola_30612,4,1,4,0.9357930421829224,1
molecola_30612,5,0,5,0.006619097199290991,0
molecola_30612,6,0,6,0.0020374448504298925,0
molecola_30612,7,0,7,0.006637715734541416,0
molecola_30612,8,0,8,0.00889029260724783,0
molecola_30612,9,0,9,0.006637715734541416,0
molecola_30612,10,0,10,0.0020374448504298925,0
molecola_30612,11,0,11,0.02063874900341034,0
molecola_30612,12,0,12,0.048109062016010284,0
molecola_30612,13,0,13,0.05500585585832596,0
molecola_30612,14,0,14,0.057516999542713165,0
molecola_30612,15,0,15,0.05500585585832596,0
molecola_30612,16,0,16,0.048109062016010284,0
molecola_30634,1,0,1,0.013483882881700993,0
molecola_30634,2,0,2,0.003830869449302554,0
molecola_30634,3,0,3,0.011031650006771088,0
molecola_30634,4,0,4,0.0774688571691513,0
molecola_30634,5,0,5,0.0957830399274826,0
molecola_30634,6,0,6,0.15866553783416748,0
molecola_30634,7,0,7,0.007126940414309502,0
molecola_30634,8,0,8,0.001982829300686717,0
molecola_30634,9,0,9,0.0010737337870523334,0
molecola_30634,10,0,10,0.002974520670250058,0
molecola_30634,11,0,11,0.0014733548741787672,0
molecola_30634,12,0,12,0.001097236410714686,0
molecola_30634,13,0,13,0.0009658617782406509,0
molecola_30634,14,0,14,0.0012791575863957405,0
molecola_30634,15,0,15,0.0009096958092413843,0
molecola_30634,16,0,16,0.03837582468986511,0
molecola_30634,17,0,17,0.01787015050649643,0
molecola_30634,18,0,18,0.0033221940975636244,0
molecola_30634,19,0,19,0.0006456298287957907,0
molecola_30634,20,0,20,0.0010960041545331478,0
molecola_30634,21,0,21,0.0008643590263091028,0
molecola_30634,22,0,22,0.0008643590263091028,0
molecola_30634,23,0,23,0.0008643590263091028,0
molecola_30634,24,0,24,0.0018392886267974973,0
molecola_30634,25,0,25,0.03422936797142029,0
molecola_30634,26,0,26,0.0046789925545454025,0
molecola_30634,27,0,27,0.0040834033861756325,0
molecola_30634,28,0,28,0.0062630316242575645,0
molecola_30634,29,0,29,0.6250870227813721,1
molecola_30634,30,0,30,0.05452984571456909,0
molecola_30634,31,0,31,0.11134465038776398,0
molecola_30634,32,1,32,0.7915066480636597,1
molecola_30634,33,1,33,0.9555119872093201,1
molecola_30634,34,0,34,0.8859920501708984,1
molecola_30634,35,1,35,0.8859920501708984,1
molecola_30634,36,0,36,0.009065063670277596,0
molecola_30634,37,0,37,0.04011055827140808,0
molecola_30634,38,0,38,0.05475480481982231,0
molecola_30634,39,0,39,0.05736147239804268,0
molecola_30634,40,0,40,0.05475480481982231,0
molecola_30634,41,0,41,0.04011055827140808,0
molecola_30634,42,0,42,0.0032488990109413862,0
molecola_30634,43,0,43,0.032132700085639954,0
molecola_30634,44,0,44,0.0024235835298895836,0
molecola_30634,45,0,45,0.0013610816095024347,0
molecola_30839,1,0,1,0.00525728240609169,0
molecola_30839,2,0,2,0.0025532792787998915,0
molecola_30839,3,0,3,0.000784148694947362,0
molecola_30839,4,0,4,0.001593463821336627,0
molecola_30839,5,0,5,0.0008025300921872258,0
molecola_30839,6,0,6,0.002073919400572777,0
molecola_30839,7,0,7,0.01394595019519329,0
molecola_30839,8,0,8,0.012361136265099049,0
molecola_30839,9,0,9,0.19331666827201843,0
molecola_30839,10,0,10,0.8567594289779663,1
molecola_30839,11,1,11,0.9785189628601074,1
molecola_30839,12,0,12,0.9018017053604126,1
molecola_30839,13,1,13,0.9018017053604126,1
molecola_30839,14,0,14,0.01394595019519329,0
molecola_30839,15,0,15,0.002073919400572777,0
molecola_30839,16,0,16,0.0007851858390495181,0
molecola_30839,17,0,17,0.0025622816756367683,0
molecola_30839,18,0,18,0.05841374397277832,0
molecola_30839,19,0,19,0.03004511259496212,0
molecola_30839,20,0,20,0.11082456260919571,0
molecola_30839,21,0,21,0.09022209793329239,0
molecola_30839,22,0,22,0.04698842391371727,0
molecola_30839,23,0,23,0.04952792823314667,0
molecola_30839,24,0,24,0.690129816532135,1
molecola_30839,25,0,25,0.586763322353363,1
molecola_30839,26,0,26,0.7719067931175232,1
molecola_30839,27,0,27,0.6252105236053467,1
molecola_30839,28,0,28,0.6029124855995178,1
molecola_30839,29,0,29,0.5567845702171326,1
molecola_30839,30,0,30,0.577811062335968,1
molecola_30839,31,0,31,0.5759627223014832,1
molecola_30839,32,0,32,0.5681036114692688,1
molecola_30839,33,0,33,0.7570238709449768,1
molecola_30839,34,0,34,0.6564468145370483,1
molecola_30839,35,0,35,0.6564468145370483,1
molecola_30839,36,0,36,0.0018997036386281252,0
molecola_30839,37,0,37,0.0006477846181951463,0
molecola_30839,38,0,38,0.0014034723863005638,0
molecola_30839,39,0,39,0.005246538203209639,0
molecola_30839,40,0,40,0.008391091600060463,0
molecola_30839,41,0,41,0.0022441959008574486,0
molecola_30839,42,0,42,0.0016935564344748855,0
molecola_30839,43,0,43,0.0006532425759360194,0
molecola_30839,44,0,44,0.0007836904260329902,0
molecola_30975,1,0,1,0.007672152016311884,0
molecola_30975,2,0,2,0.0022760385181754827,0
molecola_30975,3,0,3,0.0014875357737764716,0
molecola_30975,4,0,4,0.0022180257365107536,0
molecola_30975,5,0,5,0.0015186050441116095,0
molecola_30975,6,0,6,0.008510884828865528,0
molecola_30975,7,0,7,0.03583882749080658,0
molecola_30975,8,0,8,0.005218853242695332,0
molecola_30975,9,0,9,0.005218853242695332,0
molecola_30975,10,0,10,0.009380982257425785,0
molecola_30975,11,0,11,0.015680501237511635,0
molecola_30975,12,0,12,0.6299452781677246,1
molecola_30975,13,0,13,0.10031072795391083,0
molecola_30975,14,1,14,0.9899930357933044,1
molecola_30975,15,0,15,0.5164112448692322,1
molecola_30975,16,0,16,0.005485555622726679,0
molecola_30995,1,0,1,0.9889666438102722,1
molecola_30995,2,0,2,0.040986306965351105,0
molecola_30995,3,0,3,0.7682178020477295,1
molecola_30995,4,0,4,0.06109659746289253,0
molecola_30995,5,0,5,0.008392000570893288,0
molecola_30995,6,0,6,0.06109659746289253,0
molecola_30995,7,0,7,0.7682178020477295,1
molecola_30995,8,0,8,0.2673783600330353,0
molecola_30995,9,0,9,0.18220673501491547,0
molecola_30995,10,0,10,0.15406756103038788,0
molecola_30995,11,0,11,0.20368778705596924,0
molecola_30995,12,0,12,0.1168418601155281,0
molecola_30995,13,0,13,0.16684021055698395,0
molecola_30995,14,0,14,0.9384235143661499,1
molecola_30995,15,0,15,0.05727603659033775,0
molecola_30995,16,0,16,0.13338419795036316,0
molecola_30995,17,1,17,0.9370702505111694,1
molecola_30995,18,0,18,0.1026177853345871,0
molecola_30995,19,0,19,0.17067405581474304,0
molecola_30995,20,0,20,0.006894944701343775,0
molecola_30995,21,0,21,0.06630278378725052,0
molecola_30995,22,0,22,0.08093761652708054,0
molecola_30995,23,0,23,0.007993271574378014,0
molecola_30995,24,0,24,0.0226964820176363,0
molecola_30995,25,0,25,0.05368538200855255,0
molecola_30995,26,0,26,0.15179777145385742,0
molecola_30995,27,1,27,0.9572563767433167,1
molecola_30995,28,0,28,0.2612341344356537,0
molecola_30995,29,0,29,0.18250969052314758,0
molecola_30995,30,0,30,0.15498507022857666,0
molecola_30995,31,0,31,0.203825443983078,0
molecola_30995,32,0,32,0.12222450226545334,0
molecola_30995,33,0,33,0.16777777671813965,0
molecola_30995,34,0,34,0.9387611150741577,1
molecola_30995,35,0,35,0.4348897635936737,0
molecola_30995,36,0,36,0.12003769725561142,0
molecola_30995,37,0,37,0.9897900223731995,1
molecola_30995,38,0,38,0.49577581882476807,0
molecola_30995,39,0,39,0.2774883210659027,0
molecola_30995,40,0,40,0.013363155536353588,0
molecola_31041,1,1,1,0.003341836156323552,0
molecola_31041,2,1,2,0.0012129286769777536,0
molecola_31041,3,1,3,0.003341836156323552,0
molecola_31041,4,1,4,0.003341836156323552,0
molecola_31041,5,1,5,0.0008069028845056891,0
molecola_31041,6,1,6,0.0013007133966311812,0
molecola_31041,7,1,7,0.0011678694281727076,0
molecola_31041,8,1,8,0.014072609134018421,0
molecola_31041,9,1,9,0.006280026864260435,0
molecola_31041,10,1,10,0.00503901531919837,0
molecola_31041,11,0,11,0.001156516489572823,0
molecola_31041,12,0,12,0.0013954045716673136,0
molecola_31041,13,0,13,0.0013954045716673136,0
molecola_31041,14,1,14,0.0025082463398575783,0
molecola_31041,15,1,15,0.001007056562229991,0
molecola_31041,16,1,16,0.023186808452010155,0
molecola_31041,17,1,17,0.0010907561518251896,0
molecola_31041,18,1,18,0.000998876173980534,0
molecola_31041,19,1,19,0.0008427929133176804,0
molecola_31041,20,1,20,0.0010316214757040143,0
molecola_31041,21,0,21,0.0011922590201720595,0
molecola_31041,22,0,22,0.0011830796720460057,0
molecola_31041,23,0,23,0.004190290812402964,0
molecola_31041,24,1,24,0.049221478402614594,0
molecola_31041,25,1,25,0.05620015785098076,0
molecola_31041,26,1,26,0.03579438477754593,0
molecola_31041,27,1,27,0.0029124468564987183,0
molecola_31041,28,1,28,0.001346639241091907,0
molecola_31041,29,1,29,0.008301756344735622,0
molecola_31180,1,1,1,0.9102054238319397,1
molecola_31180,2,1,2,0.988308310508728,1
molecola_31180,3,1,3,0.9102054238319397,1
molecola_31180,4,1,4,0.9343563914299011,1
molecola_31180,5,0,5,0.0007835511933080852,0
molecola_31180,6,0,6,0.0010830319952219725,0
molecola_31180,7,0,7,0.0008509020553901792,0
molecola_31180,8,0,8,0.0011121304705739021,0
molecola_31180,9,0,9,0.0014829660067334771,0
molecola_31180,10,0,10,0.0006266392883844674,0
molecola_31180,11,0,11,0.0022528094705194235,0
molecola_31180,12,0,12,0.0015492875827476382,0
molecola_31180,13,0,13,0.001536174793727696,0
molecola_31180,14,0,14,0.000637670571450144,0
molecola_31180,15,0,15,0.000816573912743479,0
molecola_31193,1,0,1,0.0009873035596683621,0
molecola_31193,2,0,2,0.001237583695910871,0
molecola_31193,3,0,3,0.0010918098269030452,0
molecola_31193,4,0,4,0.02235056459903717,0
molecola_31193,5,0,5,0.8049600720405579,1
molecola_31193,6,0,6,0.09251640737056732,0
molecola_31193,7,0,7,0.0823623538017273,0
molecola_31193,8,0,8,0.04321346804499626,0
molecola_31193,9,0,9,0.0028690595645457506,0
molecola_31193,10,0,10,0.009501824155449867,0
molecola_31193,11,0,11,0.008578531444072723,0
molecola_31193,12,0,12,0.009764215908944607,0
molecola_31193,13,0,13,0.002160567557439208,0
molecola_31193,14,0,14,0.0022603976540267467,0
molecola_31193,15,0,15,0.0009034846443682909,0
molecola_31193,16,0,16,0.001054598018527031,0
molecola_31193,17,0,17,0.0006066869245842099,0
molecola_31193,18,1,18,0.9934027791023254,1
molecola_31193,19,1,19,0.9266708493232727,1
molecola_31193,20,1,20,0.9266708493232727,1
molecola_31263,1,1,1,0.9094000458717346,1
molecola_31263,2,1,2,0.986933171749115,1
molecola_31263,3,1,3,0.9094000458717346,1
molecola_31263,4,1,4,0.9265134930610657,1
molecola_31263,5,0,5,0.004233890678733587,0
molecola_31263,6,0,6,0.0035005316603928804,0
molecola_31263,7,0,7,0.0025135285686701536,0
molecola_31263,8,0,8,0.001953371334820986,0
molecola_31263,9,0,9,0.000983314006589353,0
molecola_31263,10,0,10,0.001113382400944829,0
molecola_31263,11,0,11,0.0011537447571754456,0
molecola_31263,12,0,12,0.0038676047697663307,0
molecola_31263,13,0,13,0.01649259217083454,0
molecola_31263,14,0,14,0.02326236665248871,0
molecola_31263,15,0,15,0.06377729028463364,0
molecola_31263,16,0,16,0.00731960404664278,0
molecola_31263,17,0,17,0.002916262950748205,0
molecola_31263,18,0,18,0.0017445656703785062,0
molecola_31263,19,0,19,0.00262796925380826,0
molecola_31263,20,0,20,0.001486479421146214,0
molecola_31263,21,0,21,0.002169312909245491,0
molecola_31263,22,0,22,0.0024176030419766903,0
molecola_31263,23,0,23,0.002428351901471615,0
molecola_31263,24,0,24,0.002428351901471615,0
molecola_31263,25,0,25,0.0024176030419766903,0
molecola_31263,26,0,26,0.0006009257631376386,0
molecola_31263,27,0,27,0.0012763426639139652,0
molecola_31263,28,0,28,0.0011536666424944997,0
molecola_31263,29,0,29,0.0008636810234747827,0
molecola_31263,30,0,30,0.0008636810234747827,0
molecola_31263,31,0,31,0.0008636810234747827,0
molecola_31263,32,0,32,0.012052632868289948,0
molecola_31263,33,0,33,0.0029331606347113848,0
molecola_31289,1,0,1,0.08258464187383652,0
molecola_31289,2,0,2,0.029905838891863823,0
molecola_31289,3,0,3,0.09154243767261505,0
molecola_31289,4,0,4,0.13250263035297394,0
molecola_31289,5,0,5,0.1263841688632965,0
molecola_31289,6,0,6,0.011571831069886684,0
molecola_31289,7,0,7,0.0032120842952281237,0
molecola_31289,8,0,8,0.0014729888644069433,0
molecola_31289,9,0,9,0.002001575194299221,0
molecola_31289,10,0,10,0.004836863838136196,0
molecola_31289,11,0,11,0.0028923244681209326,0
molecola_31289,12,0,12,0.0015511327655985951,0
molecola_31289,13,0,13,0.0009971234248951077,0
molecola_31289,14,0,14,0.0009531584219075739,0
molecola_31289,15,0,15,0.0026459316723048687,0
molecola_31289,16,0,16,0.04171648621559143,0
molecola_31289,17,0,17,0.01815875433385372,0
molecola_31289,18,0,18,0.01187292393296957,0
molecola_31289,19,0,19,0.0043614646419882774,0
molecola_31289,20,1,20,0.9401428699493408,1
molecola_31289,21,1,21,0.9294926524162292,1
molecola_31289,22,0,22,0.04259731248021126,0
molecola_31289,23,0,23,0.05500180646777153,0
molecola_31289,24,0,24,0.0030390198808163404,0
molecola_31289,25,0,25,0.002197037683799863,0
molecola_31349,1,0,1,0.027686651796102524,0
molecola_31349,2,0,2,0.10575509816408157,0
molecola_31349,3,0,3,0.023282868787646294,0
molecola_31349,4,0,4,0.048072993755340576,0
molecola_31349,5,0,5,0.047947295010089874,0
molecola_31349,6,0,6,0.49588072299957275,0
molecola_31349,7,0,7,0.344610333442688,0
molecola_31349,8,1,8,0.8321604132652283,1
molecola_31349,9,1,9,0.9642270803451538,1
molecola_31349,10,0,10,0.8920021653175354,1
molecola_31349,11,1,11,0.8920021653175354,1
molecola_31349,12,0,12,0.003998505882918835,0
molecola_31349,13,0,13,0.0013779464643448591,0
molecola_31349,14,0,14,0.004048358183354139,0
molecola_31349,15,0,15,0.13826651871204376,0
molecola_31349,16,0,16,0.37787774205207825,0
molecola_31349,17,0,17,0.31630200147628784,0
molecola_31349,18,0,18,0.35755738615989685,0
molecola_31349,19,0,19,0.10071173310279846,0
molecola_31349,20,0,20,0.0007699240813963115,0
molecola_31349,21,0,21,0.0012091450626030564,0
molecola_31349,22,0,22,0.0010934481397271156,0
molecola_31349,23,0,23,0.002825416624546051,0
molecola_31349,24,0,24,0.0019073707517236471,0
molecola_31349,25,0,25,0.005023008678108454,0
molecola_31349,26,0,26,0.008572880178689957,0
molecola_31349,27,0,27,0.004301642067730427,0
molecola_31642,1,0,1,0.04233290255069733,0
molecola_31642,2,0,2,0.08828669786453247,0
molecola_31642,3,0,3,0.008397859521210194,0
molecola_31642,4,0,4,0.04095562919974327,0
molecola_31642,5,0,5,0.042718835175037384,0
molecola_31642,6,0,6,0.04159018397331238,0
molecola_31642,7,0,7,0.018053200095891953,0
molecola_31642,8,0,8,0.7336819171905518,1
molecola_31642,9,0,9,0.0049925679340958595,0
molecola_31642,10,0,10,0.003978621680289507,0
molecola_31642,11,0,11,0.0021259705536067486,0
molecola_31642,12,0,12,0.0017434624023735523,0
molecola_31642,13,0,13,0.0041403332725167274,0
molecola_31642,14,0,14,0.0019739922136068344,0
molecola_31642,15,0,15,0.0041403332725167274,0
molecola_31642,16,0,16,0.0017434624023735523,0
molecola_31642,17,0,17,0.02208220213651657,0
molecola_31642,18,0,18,0.176533043384552,0
molecola_31642,19,1,19,0.76819908618927,1
molecola_31642,20,0,20,0.040986306965351105,0
molecola_31642,21,1,21,0.9889666438102722,1
molecola_31642,22,1,22,0.76819908618927,1
molecola_31642,23,0,23,0.176533043384552,0
molecola_31741,1,0,1,0.0017835854087024927,0
molecola_31741,2,0,2,0.004025610629469156,0
molecola_31741,3,0,3,0.0017835854087024927,0
molecola_31741,4,0,4,0.0034966329112648964,0
molecola_31741,5,0,5,0.01293376088142395,0
molecola_31741,6,0,6,0.013054714538156986,0
molecola_31741,7,0,7,0.025576910004019737,0
molecola_31741,8,0,8,0.02213379740715027,0
molecola_31741,9,0,9,0.014780663885176182,0
molecola_31741,10,0,10,0.10917090624570847,0
molecola_31741,11,0,11,0.02306186966598034,0
molecola_31741,12,0,12,0.026121370494365692,0
molecola_31741,13,0,13,0.01573123224079609,0
molecola_31741,14,0,14,0.008642703294754028,0
molecola_31741,15,0,15,0.003825537394732237,0
molecola_31741,16,0,16,0.0013079309137538075,0
molecola_31741,17,0,17,0.04225757345557213,0
molecola_31741,18,0,18,0.14819525182247162,0
molecola_31741,19,0,19,0.7292284965515137,1
molecola_31741,20,0,20,0.06296063214540482,0
molecola_31741,21,1,21,0.9869441986083984,1
molecola_31741,22,0,22,0.5477809309959412,1
molecola_31741,23,0,23,0.16842225193977356,0
molecola_31741,24,1,24,0.976396381855011,1
molecola_31920,1,0,1,0.0030282868538051844,0
molecola_31920,2,0,2,0.0020045109558850527,0
molecola_31920,3,0,3,0.0030282868538051844,0
molecola_31920,4,0,4,0.0010955778416246176,0
molecola_31920,5,0,5,0.012274465523660183,0
molecola_31920,6,0,6,0.0012862766161561012,0
molecola_31920,7,0,7,0.0006471863598562777,0
molecola_31920,8,0,8,0.001037532347254455,0
molecola_31920,9,0,9,0.0025710586924105883,0
molecola_31920,10,0,10,0.01248400192707777,0
molecola_31920,11,0,11,0.0013823200715705752,0
molecola_31920,12,0,12,0.0005791392759419978,0
molecola_31920,13,0,13,0.000841022003442049,0
molecola_31920,14,0,14,0.0009347381419502199,0
molecola_31920,15,0,15,0.01615510880947113,0
molecola_31920,16,0,16,0.007860320620238781,0
molecola_31920,17,0,17,0.013305527158081532,0
molecola_31920,18,0,18,0.011143083684146404,0
molecola_31920,19,0,19,0.03525134176015854,0
molecola_31920,20,1,20,0.9904013276100159,1
molecola_31920,21,1,21,0.9656002521514893,1
molecola_31920,22,1,22,0.9656002521514893,1
molecola_3212,1,0,1,0.011055939830839634,0
molecola_3212,2,0,2,0.015036461874842644,0
molecola_3212,3,0,3,0.006439054384827614,0
molecola_3212,4,0,4,0.00896662101149559,0
molecola_3212,5,0,5,0.0022536145988851786,0
molecola_3212,6,0,6,0.006060603074729443,0
molecola_3212,7,0,7,0.003794196294620633,0
molecola_3212,8,0,8,0.0035701259039342403,0
molecola_3212,9,0,9,0.0031796107068657875,0
molecola_3212,10,0,10,0.025352388620376587,0
molecola_3212,11,0,11,0.012924517504870892,0
molecola_3212,12,0,12,0.014827043749392033,0
molecola_3212,13,0,13,0.07309285551309586,0
molecola_3212,14,0,14,0.15379050374031067,0
molecola_3212,15,0,15,0.0808681920170784,0
molecola_3212,16,0,16,0.20416858792304993,0
molecola_3212,17,0,17,0.10246384888887405,0
molecola_3212,18,1,18,0.9899750351905823,1
molecola_3212,19,0,19,0.4903760552406311,0
molecola_32416,1,0,1,0.03940904885530472,0
molecola_32416,2,0,2,0.22908717393875122,0
molecola_32416,3,1,3,0.9725688695907593,1
molecola_32416,4,1,4,0.9629960060119629,1
molecola_32416,5,0,5,0.14474539458751678,0
molecola_32416,6,0,6,0.002466188743710518,0
molecola_32416,7,0,7,0.0011028144508600235,0
molecola_32416,8,0,8,0.0010411756811663508,0
molecola_32416,9,0,9,0.0006230295402929187,0
molecola_32416,10,0,10,0.003631330793723464,0
molecola_32416,11,0,11,0.0016166267450898886,0
molecola_32416,12,0,12,0.00088562595192343,0
molecola_32416,13,0,13,0.0011460246751084924,0
molecola_32416,14,0,14,0.0006378383259288967,0
molecola_32416,15,1,15,0.9489258527755737,1
molecola_32416,16,1,16,0.9382919669151306,1
molecola_32416,17,0,17,0.04452552646398544,0
molecola_32416,18,0,18,0.002202269621193409,0
molecola_32416,19,0,19,0.005870267283171415,0
molecola_32416,20,0,20,0.6907923221588135,1
molecola_32416,21,0,21,0.05374753847718239,0
molecola_32416,22,0,22,0.0041250064969062805,0
molecola_32416,23,0,23,0.0027632429264485836,0
molecola_32416,24,0,24,0.0014812463195994496,0
molecola_32416,25,0,25,0.0035712639801204205,0
molecola_32416,26,0,26,0.0035712639801204205,0
molecola_32416,27,1,27,0.9871076941490173,1
molecola_32416,28,0,28,0.9093441367149353,1
molecola_32416,29,1,29,0.9093441367149353,1
molecola_32416,30,0,30,0.0642576813697815,0
molecola_32416,31,0,31,0.0014918431406840682,0
molecola_32416,32,0,32,0.001452889060601592,0
molecola_32416,33,0,33,0.0012239342322573066,0
molecola_32416,34,0,34,0.14696219563484192,0
molecola_32416,35,0,35,0.05256349965929985,0
molecola_32416,36,0,36,0.09517556428909302,0
molecola_32416,37,0,37,0.20121626555919647,0
molecola_3260,1,0,1,0.8042024970054626,1
molecola_3260,2,0,2,0.0432451069355011,0
molecola_3260,3,0,3,0.1326267570257187,0
molecola_3260,4,0,4,0.1316687911748886,0
molecola_3260,5,0,5,0.0972985327243805,0
molecola_3260,6,0,6,0.026074418798089027,0
molecola_3260,7,0,7,0.6669032573699951,1
molecola_3260,8,0,8,0.0066777621395885944,0
molecola_3260,9,0,9,0.01808623969554901,0
molecola_3260,10,0,10,0.0038932280149310827,0
molecola_3260,11,0,11,0.001038880436681211,0
molecola_3260,12,0,12,0.002171516651287675,0
molecola_3260,13,0,13,0.07687881588935852,0
molecola_3260,14,1,14,0.879639208316803,1
molecola_3260,15,1,15,0.9120978713035583,1
molecola_3260,16,0,16,0.0009653280721977353,0
molecola_3260,17,0,17,0.0005586300976574421,0
molecola_3260,18,0,18,0.0014799709897488356,0
molecola_3260,19,0,19,0.003294092370197177,0
molecola_3260,20,0,20,0.044455721974372864,0
molecola_3260,21,0,21,0.08462711423635483,0
molecola_3260,22,0,22,0.044769756495952606,0
molecola_3260,23,0,23,0.030847180634737015,0
molecola_3260,24,0,24,0.018082542344927788,0
molecola_3260,25,0,25,0.026189405471086502,0
molecola_3260,26,0,26,0.025044508278369904,0
molecola_3260,27,0,27,0.084929920732975,0
molecola_3260,28,0,28,0.10849475860595703,0
molecola_3260,29,0,29,0.1764209121465683,0
molecola_3260,30,0,30,0.10849475860595703,0
molecola_3260,31,0,31,0.084929920732975,0
molecola_3260,32,0,32,0.030847180634737015,0
molecola_3260,33,0,33,0.044769756495952606,0
molecola_32645,1,1,1,0.8030512928962708,1
molecola_32645,2,0,2,0.05665498599410057,0
molecola_32645,3,0,3,0.1314036250114441,0
molecola_32645,4,0,4,0.12881773710250854,0
molecola_32645,5,0,5,0.08828418701887131,0
molecola_32645,6,0,6,0.06135356426239014,0
molecola_32645,7,0,7,0.06790802627801895,0
molecola_32645,8,0,8,0.03927307948470116,0
molecola_32645,9,0,9,0.03497946262359619,0
molecola_32645,10,0,10,0.0032669338397681713,0
molecola_32645,11,1,11,0.02461562305688858,0
molecola_32645,12,1,12,0.04631004109978676,0
molecola_32645,13,1,13,0.048188939690589905,0
molecola_32645,14,0,14,0.0028825688641518354,0
molecola_32645,15,0,15,0.0010210234904661775,0
molecola_32645,16,0,16,0.0010061570210382342,0
molecola_32645,17,0,17,0.03415472432971001,0
molecola_32645,18,0,18,0.035006869584321976,0
molecola_32645,19,0,19,0.008836410939693451,0
molecola_32645,20,0,20,0.0023787799291312695,0
molecola_32645,21,0,21,0.001422336557880044,0
molecola_32645,22,0,22,0.0010891042184084654,0
molecola_32645,23,0,23,0.0023787799291312695,0
molecola_32645,24,0,24,0.008836410939693451,0
molecola_32821,1,0,1,0.9676114916801453,1
molecola_32821,2,0,2,0.9786955714225769,1
molecola_32821,3,0,3,0.0014185064937919378,0
molecola_32821,4,0,4,0.001347039476968348,0
molecola_32821,5,0,5,0.0009106798097491264,0
molecola_32821,6,0,6,0.004041703883558512,0
molecola_32821,7,0,7,0.04199373349547386,0
molecola_32821,8,0,8,0.1950901746749878,0
molecola_32821,9,1,9,0.9717466831207275,1
molecola_32821,10,0,10,0.05822763219475746,0
molecola_32821,11,0,11,0.004762955475598574,0
molecola_32821,12,0,12,0.23356665670871735,0
molecola_32821,13,0,13,0.02558579482138157,0
molecola_32821,14,0,14,0.013937716372311115,0
molecola_32821,15,0,15,0.015047420747578144,0
molecola_32821,16,0,16,0.05567111819982529,0
molecola_32821,17,0,17,0.026431854814291,0
molecola_32821,18,0,18,0.08114436268806458,0
molecola_32821,19,0,19,0.006006014999002218,0
molecola_32821,20,0,20,0.011029984802007675,0
molecola_32821,21,0,21,0.01011888962239027,0
molecola_32911,1,0,1,0.23918722569942474,0
molecola_32911,2,0,2,0.16215254366397858,0
molecola_32911,3,0,3,0.09719187021255493,0
molecola_32911,4,0,4,0.17299577593803406,0
molecola_32911,5,0,5,0.30609962344169617,0
molecola_32911,6,0,6,0.08846096694469452,0
molecola_32911,7,0,7,0.13363520801067352,0
molecola_32911,8,0,8,0.09850215166807175,0
molecola_32911,9,0,9,0.1608189046382904,0
molecola_32911,10,0,10,0.23899874091148376,0
molecola_32911,11,0,11,0.021517165005207062,0
molecola_32911,12,0,12,0.10202006250619888,0
molecola_32911,13,0,13,0.07458876073360443,0
molecola_32911,14,1,14,0.3969564437866211,0
molecola_32911,15,0,15,0.00317885959520936,0
molecola_32911,16,0,16,0.0014927348820492625,0
molecola_32911,17,1,17,0.0019483781652525067,0
molecola_32911,18,0,18,0.0024633046705275774,0
molecola_32911,19,0,19,0.1925395131111145,0
molecola_32911,20,0,20,0.07962456345558167,0
molecola_32911,21,0,21,0.12676386535167694,0
molecola_32911,22,0,22,0.01115669496357441,0
molecola_32911,23,0,23,0.00449251988902688,0
molecola_32911,24,1,24,0.0017685655038803816,0
molecola_32911,25,1,25,0.0021438959520310163,0
molecola_32911,26,1,26,0.9763586521148682,1
molecola_32911,27,1,27,0.967207133769989,1
molecola_32924,1,0,1,0.022598642855882645,0
molecola_32924,2,0,2,0.47018805146217346,0
molecola_32924,3,0,3,0.0012961018364876509,0
molecola_32924,4,0,4,0.0006834404775872827,0
molecola_32924,5,0,5,0.0012872809311375022,0
molecola_32924,6,0,6,0.0025079825427383184,0
molecola_32924,7,0,7,0.015279505401849747,0
molecola_32924,8,0,8,0.06750599294900894,0
molecola_32924,9,0,9,0.017552575096488,0
molecola_32924,10,0,10,0.015577394515275955,0
molecola_32924,11,0,11,0.019289864227175713,0
molecola_32924,12,0,12,0.0039051033090800047,0
molecola_32924,13,0,13,0.0012919127475470304,0
molecola_32924,14,0,14,0.03163417428731918,0
molecola_32924,15,0,15,0.0010507081169635057,0
molecola_32924,16,0,16,0.0010087639093399048,0
molecola_32924,17,0,17,0.0011381004005670547,0
molecola_32924,18,0,18,0.0013200293760746717,0
molecola_32924,19,0,19,0.0013200293760746717,0
molecola_32924,20,0,20,0.0009335952927358449,0
molecola_32924,21,0,21,0.00100043008569628,0
molecola_32924,22,0,22,0.01094362698495388,0
molecola_32924,23,0,23,0.03739767149090767,0
molecola_32924,24,0,24,0.018733100965619087,0
molecola_32924,25,0,25,0.06749125570058823,0
molecola_32924,26,0,26,0.0676926001906395,0
molecola_32924,27,0,27,0.02146199718117714,0
molecola_32924,28,0,28,0.2249004989862442,0
molecola_32924,29,0,29,0.09363818913698196,0
molecola_32924,30,1,30,0.9898645281791687,1
molecola_32924,31,0,31,0.0039051033090800047,0
molecola_32924,32,0,32,0.019289864227175713,0
molecola_32924,33,0,33,0.16495917737483978,0
molecola_32924,34,0,34,0.1663733273744583,0
molecola_32924,35,0,35,0.09561225026845932,0
molecola_32924,36,0,36,0.029109422117471695,0
molecola_32924,37,0,37,0.02553221769630909,0
molecola_32924,38,0,38,0.009661544114351273,0
molecola_32924,39,0,39,0.00564491655677557,0
molecola_32924,40,0,40,0.013525263406336308,0
molecola_32969,1,0,1,0.0023958554957062006,0
molecola_32969,2,0,2,0.009653381071984768,0
molecola_32969,3,0,3,0.016366085037589073,0
molecola_32969,4,0,4,0.0313735231757164,0
molecola_32969,5,0,5,0.03195592761039734,0
molecola_32969,6,0,6,0.009877191856503487,0
molecola_32969,7,0,7,0.004052066709846258,0
molecola_32969,8,0,8,0.0016581148374825716,0
molecola_32969,9,0,9,0.0023346405941993,0
molecola_32969,10,0,10,0.0014411102747544646,0
molecola_32969,11,0,11,0.00273172277957201,0
molecola_32969,12,0,12,0.0011645749909803271,0
molecola_32969,13,1,13,0.9859186410903931,1
molecola_32969,14,1,14,0.9777107834815979,1
molecola_32969,15,0,15,0.00273172277957201,0
molecola_32969,16,0,16,0.0014411102747544646,0
molecola_32969,17,0,17,0.002602568594738841,0
molecola_32969,18,0,18,0.0008690058602951467,0
molecola_32969,19,0,19,0.0006325481808744371,0
molecola_32969,20,0,20,0.0013801469467580318,0
molecola_32969,21,0,21,0.0027256577741354704,0
molecola_32969,22,0,22,0.0006174671580083668,0
molecola_32969,23,0,23,0.001236648648045957,0
molecola_32969,24,0,24,0.031036710366606712,0
molecola_32969,25,0,25,0.058164358139038086,0
molecola_32969,26,0,26,0.031036710366606712,0
molecola_32969,27,0,27,0.001236648648045957,0
molecola_32969,28,0,28,0.021873660385608673,0
molecola_32969,29,0,29,0.13144339621067047,0
molecola_33264,1,0,1,0.0010622420813888311,0
molecola_33264,2,0,2,0.0007979939691722393,0
molecola_33264,3,0,3,0.0010622420813888311,0
molecola_33264,4,0,4,0.0005954363150522113,0
molecola_33264,5,0,5,0.001037662266753614,0
molecola_33264,6,0,6,0.0006389815825968981,0
molecola_33264,7,0,7,0.0007732047815807164,0
molecola_33264,8,0,8,0.0010442964266985655,0
molecola_33264,9,0,9,0.0006318965461105108,0
molecola_33264,10,0,10,0.0009413258521817625,0
molecola_33264,11,0,11,0.0012330184690654278,0
molecola_33264,12,0,12,0.0016609771410003304,0
molecola_33264,13,0,13,0.0005894739297218621,0
molecola_33264,14,0,14,0.0008476711809635162,0
molecola_33264,15,0,15,0.0009464000468142331,0
molecola_33264,16,0,16,0.0005747111281380057,0
molecola_33264,17,0,17,0.001238181022927165,0
molecola_33264,18,0,18,0.0011169284116476774,0
molecola_33264,19,0,19,0.0008686966612003744,0
molecola_33264,20,0,20,0.0008686966612003744,0
molecola_33264,21,0,21,0.0008686966612003744,0
molecola_33264,22,0,22,0.0009637203766033053,0
molecola_33264,23,0,23,0.0011951124761253595,0
molecola_33264,24,0,24,0.0019013851415365934,0
molecola_33264,25,0,25,0.009130416437983513,0
molecola_33264,26,1,26,0.9920421242713928,1
molecola_33264,27,1,27,0.9668577909469604,1
molecola_33264,28,1,28,0.9668577909469604,1
molecola_33264,29,0,29,0.0017810540739446878,0
molecola_33264,30,0,30,0.0011175824329257011,0
molecola_33264,31,0,31,0.0015101984608918428,0
molecola_33555,1,0,1,0.028422828763723373,0
molecola_33555,2,0,2,0.18518176674842834,0
molecola_33555,3,0,3,0.028422828763723373,0
molecola_33555,4,0,4,0.13707612454891205,0
molecola_33555,5,0,5,0.11991392076015472,0
molecola_33555,6,0,6,0.1374989151954651,0
molecola_33555,7,0,7,0.08144214004278183,0
molecola_33555,8,0,8,0.23036958277225494,0
molecola_33555,9,0,9,0.1996300369501114,0
molecola_33555,10,0,10,0.09282230585813522,0
molecola_33555,11,0,11,0.16156864166259766,0
molecola_33555,12,0,12,0.1729276031255722,0
molecola_33555,13,0,13,0.010392168536782265,0
molecola_33555,14,0,14,0.010392168536782265,0
molecola_33555,15,0,15,0.07879377901554108,0
molecola_33555,16,0,16,0.06474849581718445,0
molecola_33555,17,0,17,0.06651298701763153,0
molecola_33555,18,0,18,0.01406001765280962,0
molecola_33555,19,0,19,0.00327809969894588,0
molecola_33555,20,0,20,0.26394668221473694,0
molecola_33555,21,0,21,0.002311858581379056,0
molecola_33555,22,0,22,0.0009043338941410184,0
molecola_33555,23,0,23,0.011899201199412346,0
molecola_33555,24,0,24,0.016988111659884453,0
molecola_33555,25,0,25,0.16905152797698975,0
molecola_33555,26,0,26,0.09228461235761642,0
molecola_33555,27,0,27,0.10242895036935806,0
molecola_33555,28,0,28,0.08673799782991409,0
molecola_33555,29,1,29,0.9839000701904297,1
molecola_33555,30,0,30,0.06034768372774124,0
molecola_33583,1,0,1,0.002665202133357525,0
molecola_33583,2,0,2,0.0022394037805497646,0
molecola_33583,3,0,3,0.0027664273511618376,0
molecola_33583,4,0,4,0.0011578095145523548,0
molecola_33583,5,0,5,0.07363852858543396,0
molecola_33583,6,0,6,0.49313923716545105,0
molecola_33583,7,0,7,0.07592234015464783,0
molecola_33583,8,0,8,0.04598543792963028,0
molecola_33583,9,0,9,0.1686168909072876,0
molecola_33583,10,0,10,0.21743233501911163,0
molecola_33583,11,0,11,0.018210073933005333,0
molecola_33583,12,0,12,0.045043058693408966,0
molecola_33583,13,0,13,0.033151958137750626,0
molecola_33583,14,0,14,0.04929608851671219,0
molecola_33583,15,0,15,0.06836530566215515,0
molecola_33583,16,0,16,0.06868309527635574,0
molecola_33583,17,0,17,0.058498963713645935,0
molecola_33583,18,0,18,0.27434584498405457,0
molecola_33583,19,0,19,0.11498565226793289,0
molecola_33583,20,1,20,0.9831244945526123,1
molecola_33583,21,0,21,0.012039761990308762,0
molecola_33583,22,0,22,0.9857782125473022,1
molecola_33583,23,0,23,0.001348918303847313,0
molecola_33583,24,0,24,0.0012580095790326595,0
molecola_33583,25,0,25,0.0008650309173390269,0
molecola_33583,26,0,26,0.00065928406547755,0
molecola_33583,27,0,27,0.0006072685937397182,0
molecola_33609,1,0,1,0.010477615520358086,0
molecola_33609,2,0,2,0.016511814668774605,0
molecola_33609,3,0,3,0.00871248822659254,0
molecola_33609,4,0,4,0.017464080825448036,0
molecola_33609,5,0,5,0.0071786390617489815,0
molecola_33609,6,0,6,0.012318184599280357,0
molecola_33609,7,1,7,0.9808860421180725,1
molecola_33609,8,1,8,0.9685541987419128,1
molecola_33609,9,0,9,0.009806483052670956,0
molecola_33609,10,0,10,0.017784379422664642,0
molecola_33609,11,0,11,0.010428490117192268,0
molecola_33658,1,0,1,0.03977024182677269,0
molecola_33658,2,0,2,0.459387868642807,0
molecola_33658,3,0,3,0.4473307728767395,0
molecola_33658,4,0,4,0.45014429092407227,0
molecola_33658,5,0,5,0.3694329559803009,0
molecola_33658,6,0,6,0.3833156228065491,0
molecola_33658,7,0,7,0.6431524753570557,1
molecola_33658,8,0,8,0.5345830917358398,1
molecola_33658,9,0,9,0.6185548901557922,1
molecola_33658,10,0,10,0.8227156400680542,1
molecola_33658,11,0,11,0.8667922019958496,1
molecola_33658,12,0,12,0.4068693518638611,0
molecola_33658,13,0,13,0.038456112146377563,0
molecola_33658,14,0,14,0.21426527202129364,0
molecola_33658,15,0,15,0.022103862836956978,0
molecola_33658,16,0,16,0.08532699197530746,0
molecola_33658,17,0,17,0.22808672487735748,0
molecola_33658,18,0,18,0.34646472334861755,0
molecola_33658,19,0,19,0.9636544585227966,1
molecola_33658,20,0,20,0.9651010632514954,1
molecola_33658,21,0,21,0.12588471174240112,0
molecola_33658,22,0,22,0.2790772020816803,0
molecola_33658,23,1,23,0.9680935144424438,1
molecola_33658,24,0,24,0.17593570053577423,0
molecola_33658,25,0,25,0.20362576842308044,0
molecola_33658,26,0,26,0.22692154347896576,0
molecola_33658,27,0,27,0.12283126264810562,0
molecola_33658,28,0,28,0.155518040060997,0
molecola_33658,29,0,29,0.17061631381511688,0
molecola_33658,30,0,30,0.49201443791389465,0
molecola_33658,31,0,31,0.6331436634063721,1
molecola_33658,32,0,32,0.7293788194656372,1
molecola_33658,33,0,33,0.9633262157440186,1
molecola_33658,34,0,34,0.9651010632514954,1
molecola_33658,35,0,35,0.6365084052085876,1
molecola_33658,36,0,36,0.746159553527832,1
molecola_33658,37,0,37,0.7416399717330933,1
molecola_33658,38,0,38,0.9633262157440186,1
molecola_33658,39,0,39,0.9651010632514954,1
molecola_33658,40,0,40,0.2267666906118393,0
molecola_33658,41,0,41,0.6020581126213074,1
molecola_33658,42,0,42,0.5736460089683533,1
molecola_33658,43,0,43,0.5772588849067688,1
molecola_33658,44,0,44,0.5989173054695129,1
molecola_33658,45,0,45,0.5972383618354797,1
molecola_33658,46,0,46,0.5829452872276306,1
molecola_33658,47,0,47,0.5865583419799805,1
molecola_33658,48,0,48,0.5842990279197693,1
molecola_33658,49,0,49,0.5450040698051453,1
molecola_33658,50,0,50,0.5753592848777771,1
molecola_33658,51,0,51,0.5763121843338013,1
molecola_33658,52,0,52,0.5687246322631836,1
molecola_33841,1,1,1,0.9885470867156982,1
molecola_33841,2,0,2,0.10047371685504913,0
molecola_33841,3,0,3,0.18665850162506104,0
molecola_33841,4,0,4,0.04266614466905594,0
molecola_33841,5,0,5,0.031234517693519592,0
molecola_33841,6,0,6,0.10817991197109222,0
molecola_33841,7,0,7,0.11648007482290268,0
molecola_33841,8,0,8,0.0024788102600723505,0
molecola_33841,9,0,9,0.0016453954158350825,0
molecola_33841,10,0,10,0.0015593799762427807,0
molecola_33841,11,0,11,0.0024221648927778006,0
molecola_33841,12,0,12,0.0035850771237164736,0
molecola_33841,13,0,13,0.00622942578047514,0
molecola_33841,14,0,14,0.0024730206932872534,0
molecola_33841,15,0,15,0.012718887068331242,0
molecola_33841,16,0,16,0.009711837396025658,0
molecola_33841,17,0,17,0.013520403765141964,0
molecola_33841,18,0,18,0.002521110000088811,0
molecola_33841,19,0,19,0.009711837396025658,0
molecola_33841,20,0,20,0.012718887068331242,0
molecola_33857,1,1,1,0.9297063946723938,1
molecola_33857,2,1,2,0.9375262260437012,1
molecola_33857,3,0,3,0.2169574350118637,0
molecola_33857,4,0,4,0.0007704705349169672,0
molecola_33857,5,0,5,0.0011385101824998856,0
molecola_33857,6,0,6,0.0007025187951512635,0
molecola_33857,7,0,7,0.0017725247889757156,0
molecola_33857,8,0,8,0.001027578255161643,0
molecola_33857,9,0,9,0.000781192269641906,0
molecola_33857,10,0,10,0.0012188665568828583,0
molecola_33857,11,0,11,0.0006246881675906479,0
molecola_33857,12,0,12,0.0023800500202924013,0
molecola_33857,13,0,13,0.00295915175229311,0
molecola_33857,14,0,14,0.002799773821607232,0
molecola_33857,15,0,15,0.0012590859550982714,0
molecola_33857,16,0,16,0.0011802088702097535,0
molecola_33857,17,0,17,0.0016884143697097898,0
molecola_33857,18,0,18,0.0008591822115704417,0
molecola_33857,19,0,19,0.0009636575705371797,0
molecola_33884,1,1,1,0.9081324934959412,1
molecola_33884,2,1,2,0.9859861135482788,1
molecola_33884,3,1,3,0.9081324934959412,1
molecola_33884,4,1,4,0.9249413013458252,1
molecola_33884,5,0,5,0.021353457123041153,0
molecola_33884,6,0,6,0.002132141962647438,0
molecola_33884,7,0,7,0.013666949234902859,0
molecola_33884,8,0,8,0.045053303241729736,0
molecola_33884,9,0,9,0.05890561267733574,0
molecola_33884,10,0,10,0.045053303241729736,0
molecola_33884,11,0,11,0.013666949234902859,0
molecola_33884,12,0,12,0.001245741848833859,0
molecola_33884,13,0,13,0.0019214985659345984,0
molecola_33884,14,0,14,0.0068787457421422005,0
molecola_33884,15,0,15,0.008574631065130234,0
molecola_33884,16,0,16,0.01773013547062874,0
molecola_33884,17,0,17,0.02754414640367031,0
molecola_33884,18,0,18,0.23061493039131165,0
molecola_33884,19,0,19,0.1824735552072525,0
molecola_33884,20,0,20,0.11745481938123703,0
molecola_33884,21,0,21,0.08732771128416061,0
molecola_33884,22,0,22,0.11583966016769409,0
molecola_33884,23,0,23,0.3015899658203125,0
molecola_33884,24,0,24,0.03274677321314812,0
molecola_33884,25,0,25,0.014804298058152199,0
molecola_33884,26,0,26,0.08512967824935913,0
molecola_33884,27,0,27,0.032167986035346985,0
molecola_33884,28,0,28,0.19881340861320496,0
molecola_33884,29,0,29,0.03828316181898117,0
molecola_33884,30,0,30,0.06229005008935928,0
molecola_33884,31,0,31,0.021100688725709915,0
molecola_33884,32,0,32,0.007090658415108919,0
molecola_33884,33,0,33,0.0014813089510425925,0
molecola_33894,1,0,1,0.0027593891136348248,0
molecola_33894,2,0,2,0.0022422801703214645,0
molecola_33894,3,0,3,0.008129371330142021,0
molecola_33894,4,0,4,0.018177637830376625,0
molecola_33894,5,0,5,0.04452226683497429,0
molecola_33894,6,1,6,0.9864783883094788,1
molecola_33894,7,0,7,0.018177637830376625,0
molecola_33894,8,0,8,0.008129371330142021,0
molecola_33894,9,0,9,0.028417272493243217,0
molecola_33894,10,0,10,0.006255403161048889,0
molecola_33894,11,0,11,0.006255403161048889,0
molecola_33894,12,0,12,0.006255403161048889,0
molecola_33894,13,0,13,0.028417272493243217,0
molecola_33894,14,0,14,0.006255403161048889,0
molecola_33894,15,0,15,0.006255403161048889,0
molecola_33894,16,0,16,0.006255403161048889,0
molecola_34241,1,0,1,0.006243599113076925,0
molecola_34241,2,0,2,0.001575944246724248,0
molecola_34241,3,0,3,0.001152946031652391,0
molecola_34241,4,0,4,0.0012640089262276888,0
molecola_34241,5,0,5,0.0021427578758448362,0
molecola_34241,6,0,6,0.0005936719826422632,0
molecola_34241,7,0,7,0.01571366935968399,0
molecola_34241,8,0,8,0.9753602147102356,1
molecola_34241,9,0,9,0.946074903011322,1
molecola_34241,10,0,10,0.28187060356140137,0
molecola_34241,11,0,11,0.3544923663139343,0
molecola_34241,12,0,12,0.42550399899482727,0
molecola_34241,13,0,13,0.5406990051269531,1
molecola_34241,14,0,14,0.13803303241729736,0
molecola_34241,15,0,15,0.0023345916997641325,0
molecola_34241,16,0,16,0.029378831386566162,0
molecola_34241,17,0,17,0.022021612152457237,0
molecola_34241,18,0,18,0.007427528966218233,0
molecola_34241,19,0,19,0.042245689779520035,0
molecola_34241,20,1,20,0.9895548820495605,1
molecola_34241,21,0,21,0.018687065690755844,0
molecola_34241,22,0,22,0.003930320963263512,0
molecola_34503,1,0,1,0.0065202657133340836,0
molecola_34503,2,0,2,0.010484801605343819,0
molecola_34503,3,0,3,0.0065202657133340836,0
molecola_34503,4,1,4,0.9701488018035889,1
molecola_34503,5,1,5,0.9658759832382202,1
molecola_34503,6,0,6,0.6629105806350708,1
molecola_34503,7,0,7,0.004603327717632055,0
molecola_34503,8,0,8,0.9763535261154175,1
molecola_34503,9,0,9,0.9659556150436401,1
molecola_34503,10,0,10,0.0012359798420220613,0
molecola_34503,11,0,11,0.0017722161719575524,0
molecola_34503,12,0,12,0.002157969167456031,0
molecola_34503,13,0,13,0.0012052280362695456,0
molecola_34503,14,0,14,0.0030436445958912373,0
molecola_34503,15,0,15,0.9277063012123108,1
molecola_34503,16,0,16,0.0011279027676209807,0
molecola_34503,17,0,17,0.0012651694705709815,0
molecola_34503,18,0,18,0.00126304489094764,0
molecola_34503,19,0,19,0.000876747420988977,0
molecola_34503,20,0,20,0.000876747420988977,0
molecola_34503,21,0,21,0.000876747420988977,0
molecola_34617,1,0,1,0.02873636968433857,0
molecola_34617,2,1,2,0.9647185802459717,1
molecola_34617,3,1,3,0.9657592177391052,1
molecola_34617,4,0,4,0.005968611687421799,0
molecola_34617,5,0,5,0.0010971088195219636,0
molecola_34617,6,0,6,0.0009634592570364475,0
molecola_34617,7,0,7,0.000582670618314296,0
molecola_34617,8,0,8,0.0009634592570364475,0
molecola_34617,9,0,9,0.0010971088195219636,0
molecola_34617,10,0,10,0.0005881341057829559,0
molecola_34617,11,0,11,0.0006515441345982254,0
molecola_34617,12,0,12,0.0006515441345982254,0
molecola_34617,13,0,13,0.0006061759777367115,0
molecola_34617,14,0,14,0.0009953442495316267,0
molecola_34617,15,0,15,0.0018906578188762069,0
molecola_34617,16,0,16,0.0007074700552038848,0
molecola_34617,17,0,17,0.0013525859685614705,0
molecola_34617,18,0,18,0.0006464478210546076,0
molecola_34617,19,0,19,0.0007775990525260568,0
molecola_34617,20,0,20,0.0009072950924746692,0
molecola_34617,21,0,21,0.0009278069483116269,0
molecola_34617,22,0,22,0.005626996047794819,0
molecola_34617,23,0,23,0.0010265851160511374,0
molecola_34617,24,0,24,0.0010265851160511374,0
molecola_34617,25,0,25,0.0010265851160511374,0
molecola_347,1,0,1,0.007104785647243261,0
molecola_347,2,0,2,0.00858148094266653,0
molecola_347,3,0,3,0.5997101664543152,1
molecola_347,4,0,4,0.008198169991374016,0
molecola_347,5,0,5,0.015667324885725975,0
molecola_347,6,0,6,0.030374223366379738,0
molecola_347,7,0,7,0.009426582604646683,0
molecola_347,8,0,8,0.012482714839279652,0
molecola_347,9,0,9,0.060610923916101456,0
molecola_347,10,0,10,0.0020491858012974262,0
molecola_347,11,0,11,0.05624476075172424,0
molecola_347,12,0,12,0.09002402424812317,0
molecola_347,13,0,13,0.09279261529445648,0
molecola_347,14,0,14,0.02912200428545475,0
molecola_347,15,0,15,0.012502473779022694,0
molecola_347,16,0,16,0.005276621785014868,0
molecola_347,17,0,17,0.0024394220672547817,0
molecola_347,18,0,18,0.004623240325599909,0
molecola_347,19,0,19,0.0035223939921706915,0
molecola_347,20,0,20,0.01522047072649002,0
molecola_347,21,0,21,0.03636918589472771,0
molecola_347,22,0,22,0.09533290565013885,0
molecola_347,23,1,23,0.9878736138343811,1
molecola_34791,1,1,1,0.013889429159462452,0
molecola_34791,2,1,2,0.004378988407552242,0
molecola_34791,3,0,3,0.010934630408883095,0
molecola_34791,4,0,4,0.0026858667843043804,0
molecola_34791,5,0,5,0.0009721636306494474,0
molecola_34791,6,1,6,0.0005537523538805544,0
molecola_34791,7,0,7,0.0009721636306494474,0
molecola_34791,8,0,8,0.0026858667843043804,0
molecola_34791,9,1,9,0.0015755128115415573,0
molecola_34791,10,0,10,0.000838600448332727,0
molecola_34791,11,0,11,0.000838600448332727,0
molecola_34791,12,0,12,0.019192637875676155,0
molecola_34791,13,0,13,0.001277730567380786,0
molecola_34791,14,0,14,0.034297019243240356,0
molecola_34791,15,0,15,0.2907226085662842,0
molecola_34791,16,0,16,0.39961591362953186,0
molecola_34791,17,0,17,0.09418947249650955,0
molecola_34791,18,0,18,0.01070709340274334,0
molecola_34791,19,1,19,0.11962824314832687,0
molecola_34791,20,1,20,0.003954935818910599,0
molecola_34791,21,0,21,0.008405741304159164,0
molecola_34791,22,1,22,0.7756711840629578,1
molecola_34791,23,0,23,0.04186731204390526,0
molecola_34791,24,1,24,0.9888308644294739,1
molecola_34791,25,1,25,0.7756711840629578,1
molecola_34791,26,0,26,0.008405741304159164,0
molecola_34823,1,0,1,0.0005908585153520107,0
molecola_34823,2,0,2,0.0007797040743753314,0
molecola_34823,3,0,3,0.0005205790512263775,0
molecola_34823,4,0,4,0.0005205790512263775,0
molecola_34823,5,0,5,0.0005395976477302611,0
molecola_34823,6,0,6,0.0009653746383264661,0
molecola_34823,7,0,7,0.0032530587632209063,0
molecola_34823,8,0,8,0.02259468287229538,0
molecola_34823,9,0,9,0.02352946624159813,0
molecola_34823,10,0,10,0.03941831737756729,0
molecola_34823,11,0,11,0.3914082944393158,0
molecola_34823,12,0,12,0.12260470539331436,0
molecola_34823,13,1,13,0.989662766456604,1
molecola_34823,14,0,14,0.025144366547465324,0
molecola_34823,15,0,15,0.0011499483371153474,0
molecola_34823,16,0,16,0.0033096373081207275,0
molecola_34823,17,0,17,0.0009751241886988282,0
molecola_34823,18,0,18,0.0009527443908154964,0
molecola_34823,19,0,19,0.005898068193346262,0
molecola_34823,20,0,20,0.002031190088018775,0
molecola_34823,21,0,21,0.002828091150149703,0
molecola_34823,22,0,22,0.0009837581310421228,0
molecola_34823,23,0,23,0.0009837581310421228,0
molecola_34823,24,0,24,0.8659707903862,1
molecola_34823,25,0,25,0.9068098664283752,1
molecola_34823,26,0,26,0.0014049425953999162,0
molecola_35023,1,1,1,0.8306297659873962,1
molecola_35023,2,1,2,0.9424257278442383,1
molecola_35023,3,1,3,0.9238521456718445,1
molecola_35023,4,1,4,0.6602718234062195,1
molecola_35023,5,0,5,0.6132940649986267,1
molecola_35023,6,0,6,0.26309704780578613,0
molecola_35023,7,0,7,0.26818859577178955,0
molecola_35023,8,0,8,0.010057438164949417,0
molecola_35023,9,0,9,0.008200318552553654,0
molecola_35023,10,0,10,0.023213380947709084,0
molecola_35023,11,0,11,0.016761723905801773,0
molecola_35023,12,0,12,0.26818859577178955,0
molecola_35023,13,0,13,0.010057438164949417,0
molecola_35023,14,0,14,0.008200318552553654,0
molecola_35023,15,0,15,0.023213380947709084,0
molecola_35023,16,0,16,0.016761723905801773,0
molecola_35100,1,0,1,0.006181970704346895,0
molecola_35100,2,1,2,0.9660200476646423,1
molecola_35100,3,0,3,0.006181970704346895,0
molecola_35100,4,1,4,0.9642494916915894,1
molecola_35100,5,0,5,0.0011814439203590155,0
molecola_35100,6,0,6,0.001618727808818221,0
molecola_35100,7,0,7,0.006844040006399155,0
molecola_35100,8,0,8,0.014107663184404373,0
molecola_35100,9,0,9,0.048362474888563156,0
molecola_35100,10,0,10,0.05559714138507843,0
molecola_35100,11,0,11,0.05559185892343521,0
molecola_35100,12,0,12,0.04799490049481392,0
molecola_35100,13,0,13,0.01187671348452568,0
molecola_35100,14,0,14,0.0015127791557461023,0
molecola_35252,1,0,1,0.28948974609375,0
molecola_35252,2,0,2,0.04537921026349068,0
molecola_35252,3,0,3,0.22884401679039001,0
molecola_35252,4,0,4,0.0322590135037899,0
molecola_35252,5,0,5,0.09088074415922165,0
molecola_35252,6,0,6,0.048756953328847885,0
molecola_35252,7,0,7,0.024112654849886894,0
molecola_35252,8,0,8,0.0008692605188116431,0
molecola_35252,9,0,9,0.0012854229426011443,0
molecola_35252,10,0,10,0.001600164221599698,0
molecola_35252,11,0,11,0.004050352144986391,0
molecola_35252,12,0,12,0.0024067091289907694,0
molecola_35252,13,1,13,0.4508706331253052,0
molecola_35252,14,1,14,0.3009134829044342,0
molecola_35252,15,1,15,0.9551623463630676,1
molecola_35252,16,1,16,0.9618759751319885,1
molecola_35252,17,1,17,0.5454118251800537,1
molecola_35252,18,0,18,0.006578085478395224,0
molecola_35252,19,0,19,0.004487455822527409,0
molecola_35252,20,0,20,0.005013342015445232,0
molecola_35252,21,0,21,0.1348729282617569,0
molecola_35252,22,0,22,0.01953735388815403,0
molecola_35252,23,0,23,0.003156341379508376,0
molecola_35329,1,1,1,0.9598997235298157,1
molecola_35329,2,1,2,0.9633196592330933,1
molecola_35329,3,0,3,0.02485041134059429,0
molecola_35329,4,0,4,0.030601268634200096,0
molecola_35329,5,0,5,0.009959646500647068,0
molecola_35329,6,1,6,0.7729595303535461,1
molecola_35329,7,1,7,0.6725656986236572,1
molecola_35329,8,1,8,0.9218383431434631,1
molecola_35329,9,0,9,0.525601863861084,1
molecola_35329,10,0,10,0.0038945430424064398,0
molecola_35329,11,0,11,0.009635627269744873,0
molecola_35329,12,0,12,0.053200870752334595,0
molecola_35329,13,0,13,0.05272764340043068,0
molecola_35329,14,0,14,0.006360284984111786,0
molecola_35329,15,0,15,0.0022720021661370993,0
molecola_35329,16,0,16,0.05489518120884895,0
molecola_35329,17,0,17,0.0028354590758681297,0
molecola_35329,18,0,18,0.022324874997138977,0
molecola_35329,19,0,19,0.008348250761628151,0
molecola_35329,20,0,20,0.00905515719205141,0
molecola_35329,21,0,21,0.0005951140192337334,0
molecola_35329,22,0,22,0.0016534366877749562,0
molecola_35329,23,0,23,0.0012265191180631518,0
molecola_35329,24,0,24,0.0008654774283058941,0
molecola_35329,25,0,25,0.0008654774283058941,0
molecola_35329,26,0,26,0.0008654774283058941,0
molecola_35560,1,0,1,0.23899874091148376,0
molecola_35560,2,0,2,0.16081222891807556,0
molecola_35560,3,0,3,0.0966215431690216,0
molecola_35560,4,0,4,0.09222487360239029,0
molecola_35560,5,0,5,0.004510293714702129,0
molecola_35560,6,0,6,0.001019600429572165,0
molecola_35560,7,0,7,0.0008323141955770552,0
molecola_35560,8,0,8,0.0011690558167174459,0
molecola_35560,9,0,9,0.0020132611971348524,0
molecola_35560,10,0,10,0.0015736583154648542,0
molecola_35560,11,0,11,0.0011535765370354056,0
molecola_35560,12,1,12,0.018965523689985275,0
molecola_35560,13,1,13,0.7999027967453003,1
molecola_35560,14,1,14,0.9857963919639587,1
molecola_35560,15,1,15,0.9705974459648132,1
molecola_35560,16,1,16,0.7999027967453003,1
molecola_35560,17,1,17,0.018965523689985275,0
molecola_35560,18,0,18,0.00640806695446372,0
molecola_35560,19,0,19,0.11893827468156815,0
molecola_35560,20,0,20,0.09656162559986115,0
molecola_35560,21,0,21,0.16103552281856537,0
molecola_35560,22,0,22,0.23899874091148376,0
molecola_35716,1,1,1,0.897887110710144,1
molecola_35716,2,1,2,0.986242949962616,1
molecola_35716,3,0,3,0.897887110710144,1
molecola_35716,4,0,4,0.7634802460670471,1
molecola_35716,5,0,5,0.006443680264055729,0
molecola_35716,6,0,6,0.0006192151922732592,0
molecola_35716,7,0,7,0.0011345125967636704,0
molecola_35716,8,0,8,0.0006696101627312601,0
molecola_35716,9,0,9,0.0020847239065915346,0
molecola_35716,10,0,10,0.014665818773210049,0
molecola_35716,11,0,11,0.014876173809170723,0
molecola_35716,12,0,12,0.04371274262666702,0
molecola_35716,13,0,13,0.05992966890335083,0
molecola_35716,14,0,14,0.009677063673734665,0
molecola_35716,15,0,15,0.01582859456539154,0
molecola_35716,16,0,16,0.028948789462447166,0
molecola_35716,17,0,17,0.021891674026846886,0
molecola_35716,18,0,18,0.04918038472533226,0
molecola_35716,19,0,19,0.05495259165763855,0
molecola_35716,20,0,20,0.057495877146720886,0
molecola_35716,21,0,21,0.05495259165763855,0
molecola_35716,22,0,22,0.04918038472533226,0
molecola_35716,23,0,23,0.0057293991558253765,0
molecola_35716,24,0,24,0.019205644726753235,0
molecola_35716,25,0,25,0.009311230853199959,0
molecola_35716,26,0,26,0.0013724444434046745,0
molecola_35716,27,0,27,0.0013724444434046745,0
molecola_35716,28,0,28,0.0013724444434046745,0
molecola_35716,29,0,29,0.014665818773210049,0
molecola_35716,30,0,30,0.0020847239065915346,0
molecola_35716,31,0,31,0.0033029967453330755,0
molecola_35716,32,0,32,0.0005968097830191255,0
molecola_35876,1,0,1,0.17961785197257996,0
molecola_35876,2,0,2,0.5515161156654358,1
molecola_35876,3,0,3,0.8204885721206665,1
molecola_35876,4,0,4,0.842616856098175,1
molecola_35876,5,1,5,0.7104554772377014,1
molecola_35876,6,0,6,0.3877829313278198,0
molecola_35876,7,0,7,0.6433305144309998,1
molecola_35876,8,1,8,0.08107995986938477,0
molecola_35876,9,1,9,0.05400417372584343,0
molecola_35876,10,1,10,0.034563615918159485,0
molecola_35876,11,0,11,0.55617755651474,1
molecola_35876,12,0,12,0.0035040494985878468,0
molecola_35876,13,0,13,0.00314344116486609,0
molecola_35876,14,0,14,0.0030543459579348564,0
molecola_35876,15,0,15,0.003850206732749939,0
molecola_35876,16,0,16,0.31627392768859863,0
molecola_35876,17,0,17,0.3928268253803253,0
molecola_35876,18,0,18,0.29696643352508545,0
molecola_35994,1,0,1,0.0017332276329398155,0
molecola_35994,2,0,2,0.0009380002738907933,0
molecola_35994,3,0,3,0.007653993088752031,0
molecola_35994,4,0,4,0.037200409919023514,0
molecola_35994,5,0,5,0.0563969761133194,0
molecola_35994,6,0,6,0.009386704303324223,0
molecola_35994,7,0,7,0.006373368203639984,0
molecola_35994,8,0,8,0.0033342246897518635,0
molecola_35994,9,0,9,0.009386704303324223,0
molecola_35994,10,0,10,0.0563969761133194,0
molecola_35994,11,0,11,0.001776559860445559,0
molecola_35994,12,0,12,0.0024505218025296926,0
molecola_35994,13,0,13,0.0024037184193730354,0
molecola_35994,14,0,14,0.0024275919422507286,0
molecola_35994,15,0,15,0.0024275919422507286,0
molecola_35994,16,0,16,0.0024037184193730354,0
molecola_35994,17,0,17,0.0025010209064930677,0
molecola_35994,18,0,18,0.0032907670829445124,0
molecola_35994,19,0,19,0.0017796076135709882,0
molecola_35994,20,0,20,0.0008532915380783379,0
molecola_35994,21,0,21,0.0012589840916916728,0
molecola_35994,22,0,22,0.0014809677377343178,0
molecola_35994,23,0,23,0.0009560507023707032,0
molecola_35994,24,0,24,0.0009356880327686667,0
molecola_35994,25,0,25,0.02516954392194748,0
molecola_35994,26,0,26,0.002004962181672454,0
molecola_35994,27,0,27,0.005430562887340784,0
molecola_35994,28,0,28,0.003594685113057494,0
molecola_35994,29,0,29,0.005430562887340784,0
molecola_35994,30,0,30,0.0033518935088068247,0
molecola_35994,31,0,31,0.02285168506205082,0
molecola_35994,32,0,32,0.03346110135316849,0
molecola_35994,33,0,33,0.10861610621213913,0
molecola_35994,34,0,34,0.12322735786437988,0
molecola_35994,35,0,35,0.03350500017404556,0
molecola_35994,36,0,36,0.1920134723186493,0
molecola_35994,37,1,37,0.8567594289779663,1
molecola_35994,38,1,38,0.9785189628601074,1
molecola_35994,39,1,39,0.9018017053604126,1
molecola_35994,40,1,40,0.9018017053604126,1
molecola_35994,41,0,41,0.010723451152443886,0
molecola_35994,42,0,42,0.010735364630818367,0
molecola_35994,43,0,43,0.001948593300767243,0
molecola_35994,44,0,44,0.002575660590082407,0
molecola_36031,1,0,1,0.004327711649239063,0
molecola_36031,2,0,2,0.010128441266715527,0
molecola_36031,3,0,3,0.001976157771423459,0
molecola_36031,4,0,4,0.026928650215268135,0
molecola_36031,5,0,5,0.151290625333786,0
molecola_36031,6,0,6,0.00798156950622797,0
molecola_36031,7,0,7,0.002198935719206929,0
molecola_36031,8,0,8,0.0007999719819054008,0
molecola_36031,9,0,9,0.0010502551449462771,0
molecola_36031,10,0,10,0.0005330662243068218,0
molecola_36031,11,0,11,0.0005330662243068218,0
molecola_36031,12,0,12,0.000622277962975204,0
molecola_36031,13,0,13,0.001976157771423459,0
molecola_36031,14,0,14,0.010128441266715527,0
molecola_36031,15,0,15,0.004327711649239063,0
molecola_36031,16,0,16,0.001435832236893475,0
molecola_36031,17,0,17,0.009244749322533607,0
molecola_36031,18,0,18,0.045546531677246094,0
molecola_36031,19,0,19,0.020030735060572624,0
molecola_36031,20,0,20,0.012757722288370132,0
molecola_36031,21,0,21,0.0030180413741618395,0
molecola_36031,22,0,22,0.007743488531559706,0
molecola_36031,23,0,23,0.06119308993220329,0
molecola_36031,24,0,24,0.02325361967086792,0
molecola_36031,25,0,25,0.02779204025864601,0
molecola_36031,26,0,26,0.05819043144583702,0
molecola_36031,27,0,27,0.001467722817324102,0
molecola_36031,28,0,28,0.007477254141122103,0
molecola_36031,29,1,29,0.9282739162445068,1
molecola_36031,30,1,30,0.9872408509254456,1
molecola_36031,31,0,31,0.9094231128692627,1
molecola_36031,32,1,32,0.9094231128692627,1
molecola_36031,33,0,33,0.0025698665995150805,0
molecola_36031,34,0,34,0.002244045492261648,0
molecola_36031,35,0,35,0.013928046450018883,0
molecola_36031,36,0,36,0.013484098017215729,0
molecola_36031,37,0,37,0.0013882931089028716,0
molecola_36287,1,0,1,0.013763055205345154,0
molecola_36287,2,0,2,0.004434316884726286,0
molecola_36287,3,0,3,0.010725099593400955,0
molecola_36287,4,0,4,0.0064917500130832195,0
molecola_36287,5,0,5,0.002319972962141037,0
molecola_36287,6,0,6,0.001046983990818262,0
molecola_36287,7,0,7,0.0007563928375020623,0
molecola_36287,8,0,8,0.0013793637044727802,0
molecola_36287,9,0,9,0.0006192538421601057,0
molecola_36287,10,0,10,0.0007680568378418684,0
molecola_36287,11,0,11,0.0007157372892834246,0
molecola_36287,12,0,12,0.0009303187835030258,0
molecola_36287,13,0,13,0.0006752408808097243,0
molecola_36287,14,0,14,0.0009991194820031524,0
molecola_36287,15,0,15,0.0019639397505670786,0
molecola_36287,16,1,16,0.016747931018471718,0
molecola_36287,17,0,17,0.012559968046844006,0
molecola_36287,18,0,18,0.0009436566033400595,0
molecola_36287,19,0,19,0.0008990338537842035,0
molecola_36287,20,0,20,0.0008081960841082036,0
molecola_36287,21,0,21,0.0012764217099174857,0
molecola_36287,22,0,22,0.0006175751914270222,0
molecola_36287,23,0,23,0.0013407199876382947,0
molecola_36287,24,0,24,0.0006175751914270222,0
molecola_36287,25,0,25,0.0012764217099174857,0
molecola_36287,26,0,26,0.001282822689972818,0
molecola_36287,27,0,27,0.0008650016388855875,0
molecola_36287,28,0,28,0.0008650016388855875,0
molecola_36287,29,0,29,0.0008650016388855875,0
molecola_36287,30,0,30,0.001282822689972818,0
molecola_36287,31,0,31,0.0008650016388855875,0
molecola_36287,32,0,32,0.0008650016388855875,0
molecola_36287,33,0,33,0.0008650016388855875,0
molecola_36287,34,0,34,0.005018649157136679,0
molecola_36287,35,0,35,0.003036223817616701,0
molecola_36287,36,0,36,0.012210404500365257,0
molecola_36287,37,0,37,0.004626908339560032,0
molecola_36325,1,1,1,0.9453047513961792,1
molecola_36325,2,0,2,0.09122340381145477,0
molecola_36325,3,1,3,0.22353249788284302,0
molecola_36325,4,1,4,0.38274046778678894,0
molecola_36325,5,1,5,0.25768208503723145,0
molecola_36325,6,0,6,0.16447949409484863,0
molecola_36325,7,0,7,0.01590491458773613,0
molecola_36325,8,0,8,0.06868081539869308,0
molecola_3663,1,0,1,0.01473107747733593,0
molecola_3663,2,1,2,0.6937273740768433,1
molecola_3663,3,0,3,0.00356672634370625,0
molecola_3663,4,0,4,0.0029340044129639864,0
molecola_3663,5,0,5,0.0020164300221949816,0
molecola_3663,6,0,6,0.0017075202194973826,0
molecola_3663,7,0,7,0.005766328889876604,0
molecola_3663,8,0,8,0.031350135803222656,0
molecola_3663,9,0,9,0.05441920459270477,0
molecola_3663,10,0,10,0.05606494098901749,0
molecola_3663,11,0,11,0.048255328088998795,0
molecola_3663,12,0,12,0.034484852105379105,0
molecola_3663,13,0,13,0.06813392788171768,0
molecola_3663,14,1,14,0.928409218788147,1
molecola_3663,15,1,15,0.9182758927345276,1
molecola_3663,16,0,16,0.004471403546631336,0
molecola_3663,17,0,17,0.010927475057542324,0
molecola_3663,18,0,18,0.05423130840063095,0
molecola_3663,19,0,19,0.055207543075084686,0
molecola_3663,20,0,20,0.030480336397886276,0
molecola_3663,21,0,21,0.002607266418635845,0
molecola_36762,1,0,1,0.002488996833562851,0
molecola_36762,2,0,2,0.0013377673458307981,0
molecola_36762,3,0,3,0.0019002017797902226,0
molecola_36762,4,0,4,0.0011438903165981174,0
molecola_36762,5,0,5,0.0032556524965912104,0
molecola_36762,6,0,6,0.04215645790100098,0
molecola_36762,7,0,7,0.09966526180505753,0
molecola_36762,8,0,8,0.9863524436950684,1
molecola_36762,9,0,9,0.16500215232372284,0
molecola_36762,10,0,10,0.2182096242904663,0
molecola_36762,11,0,11,0.12408988177776337,0
molecola_36762,12,1,12,0.9902153015136719,1
molecola_36762,13,0,13,0.31944185495376587,0
molecola_36762,14,0,14,0.07948172092437744,0
molecola_36762,15,0,15,0.16501390933990479,0
molecola_36762,16,0,16,0.12925685942173004,0
molecola_36762,17,0,17,0.04954025521874428,0
molecola_36762,18,0,18,0.046683888882398605,0
molecola_36762,19,0,19,0.0012666132533922791,0
molecola_36762,20,0,20,0.0112157566472888,0
molecola_36762,21,0,21,0.03555089607834816,0
molecola_36762,22,0,22,0.05997764691710472,0
molecola_36762,23,0,23,0.03555089607834816,0
molecola_36762,24,0,24,0.0112157566472888,0
molecola_36857,1,0,1,0.004779244307428598,0
molecola_36857,2,0,2,0.002488711616024375,0
molecola_36857,3,0,3,0.001460922067053616,0
molecola_36857,4,0,4,0.0031859101727604866,0
molecola_36857,5,0,5,0.007605386897921562,0
molecola_36857,6,0,6,0.17743712663650513,0
molecola_36857,7,0,7,0.01664738915860653,0
molecola_36857,8,0,8,0.0036869612522423267,0
molecola_36857,9,0,9,0.0025544248055666685,0
molecola_36857,10,0,10,0.0048529524356126785,0
molecola_36857,11,0,11,0.011138943955302238,0
molecola_36857,12,0,12,0.058170102536678314,0
molecola_36857,13,0,13,0.011200716719031334,0
molecola_36857,14,0,14,0.00511174788698554,0
molecola_36857,15,0,15,0.009922304190695286,0
molecola_36857,16,0,16,0.0026583208236843348,0
molecola_36857,17,0,17,0.03461972251534462,0
molecola_36857,18,0,18,0.00097802618984133,0
molecola_36857,19,0,19,0.0008348745759576559,0
molecola_36857,20,0,20,0.0008734492585062981,0
molecola_36857,21,0,21,0.0030278607737272978,0
molecola_36857,22,0,22,0.033633701503276825,0
molecola_36857,23,0,23,0.8876437544822693,1
molecola_36857,24,1,24,0.9779624938964844,1
molecola_36857,25,0,25,0.9015430212020874,1
molecola_36857,26,1,26,0.9015430212020874,1
molecola_36857,27,0,27,0.0008734492585062981,0
molecola_36857,28,0,28,0.0008348745759576559,0
molecola_36857,29,0,29,0.0008734492585062981,0
molecola_36857,30,0,30,0.0008348745759576559,0
molecola_36878,1,0,1,0.006106249522417784,0
molecola_36878,2,0,2,0.003500238759443164,0
molecola_36878,3,0,3,0.006106249522417784,0
molecola_36878,4,0,4,0.0019546712283045053,0
molecola_36878,5,0,5,0.1452634483575821,0
molecola_36878,6,0,6,0.0014163892483338714,0
molecola_36878,7,0,7,0.000603582535404712,0
molecola_36878,8,0,8,0.000603582535404712,0
molecola_36878,9,0,9,0.0005384221440181136,0
molecola_36878,10,0,10,0.0010702769504860044,0
molecola_36878,11,0,11,0.0022380820009857416,0
molecola_36878,12,0,12,0.002498165238648653,0
molecola_36878,13,0,13,0.0053444295190274715,0
molecola_36878,14,0,14,0.0038824989460408688,0
molecola_36878,15,0,15,0.007919874042272568,0
molecola_36878,16,0,16,0.006768682971596718,0
molecola_36878,17,0,17,0.008323067799210548,0
molecola_36878,18,0,18,0.009958297945559025,0
molecola_36878,19,0,19,0.004483950790017843,0
molecola_36878,20,0,20,0.0025988309644162655,0
molecola_36878,21,0,21,0.02629534713923931,0
molecola_36878,22,0,22,0.05564189702272415,0
molecola_36878,23,0,23,0.033692389726638794,0
molecola_36878,24,1,24,0.014191366732120514,0
molecola_36878,25,1,25,0.0011175451800227165,0
molecola_36878,26,1,26,0.0014932716730982065,0
molecola_36878,27,0,27,0.0011259784223511815,0
molecola_36878,28,0,28,0.04444492608308792,0
molecola_36878,29,0,29,0.03606436774134636,0
molecola_36878,30,0,30,0.0018743076361715794,0
molecola_36878,31,0,31,0.002226912183687091,0
molecola_36878,32,0,32,0.0007229493348859251,0
molecola_36878,33,0,33,0.009526696056127548,0
molecola_36878,34,1,34,0.9809030294418335,1
molecola_37002,1,0,1,0.003488716436550021,0
molecola_37002,2,0,2,0.0014889388112351298,0
molecola_37002,3,0,3,0.0011883605038747191,0
molecola_37002,4,0,4,0.0008112491923384368,0
molecola_37002,5,0,5,0.983494222164154,1
molecola_37002,6,0,6,0.9753643870353699,1
molecola_37002,7,0,7,0.0012719586957246065,0
molecola_37002,8,0,8,0.0008920803084038198,0
molecola_37002,9,0,9,0.00920143723487854,0
molecola_37002,10,0,10,0.000967371161095798,0
molecola_37002,11,0,11,0.04789606109261513,0
molecola_37002,12,1,12,0.9323117136955261,1
molecola_37002,13,1,13,0.9519967436790466,1
molecola_37002,14,1,14,0.9313427805900574,1
molecola_37002,15,1,15,0.7714992761611938,1
molecola_37002,16,1,16,0.9313427805900574,1
molecola_37002,17,0,17,0.9519967436790466,1
molecola_37002,18,1,18,0.985975444316864,1
molecola_37002,19,0,19,0.9064512252807617,1
molecola_37002,20,1,20,0.9064512252807617,1
molecola_37002,21,0,21,0.001582867931574583,0
molecola_37002,22,0,22,0.017117081210017204,0
molecola_37002,23,0,23,0.0018057430861517787,0
molecola_37002,24,0,24,0.001323170494288206,0
molecola_37002,25,0,25,0.0016112583689391613,0
molecola_37002,26,0,26,0.002555514918640256,0
molecola_37002,27,0,27,0.008353747427463531,0
molecola_37002,28,0,28,0.0122083630412817,0
molecola_37002,29,0,29,0.002521618502214551,0
molecola_37002,30,0,30,0.008353747427463531,0
molecola_37002,31,0,31,0.002555514918640256,0
molecola_37207,1,1,1,0.9899617433547974,1
molecola_37207,2,0,2,0.09742618352174759,0
molecola_37207,3,0,3,0.20807969570159912,0
molecola_37207,4,0,4,0.0795922502875328,0
molecola_37207,5,0,5,0.14050175249576569,0
molecola_37207,6,0,6,0.07077521830797195,0
molecola_37207,7,0,7,0.4962550401687622,0
molecola_37207,8,0,8,0.07091992348432541,0
molecola_37207,9,0,9,0.078373983502388,0
molecola_37207,10,0,10,0.01832205057144165,0
molecola_37207,11,0,11,0.046042799949645996,0
molecola_37207,12,0,12,0.021356096491217613,0
molecola_37207,13,0,13,0.001395279774442315,0
molecola_37207,14,0,14,0.0014919191598892212,0
molecola_37207,15,0,15,0.002916673431172967,0
molecola_37207,16,0,16,0.03473997488617897,0
molecola_37207,17,0,17,0.011725400574505329,0
molecola_37207,18,0,18,0.04953126609325409,0
molecola_37207,19,0,19,0.1518716663122177,0
molecola_37207,20,0,20,0.06294787675142288,0
molecola_37207,21,0,21,0.1518716663122177,0
molecola_37207,22,0,22,0.04953126609325409,0
molecola_37207,23,0,23,0.0011220568558201194,0
molecola_37207,24,0,24,0.001374339102767408,0
molecola_37207,25,0,25,0.0014645500341430306,0
molecola_37207,26,0,26,0.001480007660575211,0
molecola_37207,27,0,27,0.0014645500341430306,0
molecola_37207,28,0,28,0.001374339102767408,0
molecola_37344,1,0,1,0.0013270620256662369,0
molecola_37344,2,0,2,0.0008875427301973104,0
molecola_37344,3,0,3,0.00096190779004246,0
molecola_37344,4,0,4,0.0008016912033781409,0
molecola_37344,5,0,5,0.0006348124006763101,0
molecola_37344,6,0,6,0.0007340360898524523,0
molecola_37344,7,0,7,0.0007549601141363382,0
molecola_37344,8,0,8,0.0005449095624499023,0
molecola_37344,9,0,9,0.0006498366128653288,0
molecola_37344,10,0,10,0.0015553426928818226,0
molecola_37344,11,0,11,0.0026692510582506657,0
molecola_37344,12,0,12,0.014815667644143105,0
molecola_37344,13,0,13,0.005950191989541054,0
molecola_37344,14,0,14,0.052648212760686874,0
molecola_37344,15,0,15,0.06231463700532913,0
molecola_37344,16,0,16,0.014592744410037994,0
molecola_37344,17,0,17,0.0015833849320188165,0
molecola_37344,18,0,18,0.03270546719431877,0
molecola_37344,19,0,19,0.17080558836460114,0
molecola_37344,20,0,20,0.76819908618927,1
molecola_37344,21,0,21,0.040986306965351105,0
molecola_37344,22,1,22,0.9889666438102722,1
molecola_37344,23,0,23,0.76819908618927,1
molecola_37344,24,0,24,0.17080558836460114,0
molecola_3747,1,0,1,0.1448976993560791,0
molecola_3747,2,0,2,0.03379172459244728,0
molecola_3747,3,0,3,0.059219446033239365,0
molecola_3747,4,0,4,0.020033346489071846,0
molecola_3747,5,0,5,0.013932501897215843,0
molecola_3747,6,0,6,0.03065716288983822,0
molecola_3747,7,0,7,0.053860992193222046,0
molecola_3747,8,0,8,0.04572567716240883,0
molecola_3747,9,0,9,0.0020151110365986824,0
molecola_3747,10,0,10,0.0007839881000109017,0
molecola_3747,11,0,11,0.0009026495972648263,0
molecola_3747,12,0,12,0.2597111761569977,0
molecola_3747,13,1,13,0.9666906595230103,1
molecola_3747,14,1,14,0.975449800491333,1
molecola_3747,15,0,15,0.028889834880828857,0
molecola_3747,16,0,16,0.004202297423034906,0
molecola_3747,17,0,17,0.0008469917229376733,0
molecola_3747,18,0,18,0.0005353945889510214,0
molecola_3747,19,0,19,0.0005774411256425083,0
molecola_3747,20,0,20,0.001461892039515078,0
molecola_3747,21,0,21,0.0029562185518443584,0
molecola_3747,22,0,22,0.001343697076663375,0
molecola_3747,23,0,23,0.0289470162242651,0
molecola_3747,24,0,24,0.00103780219797045,0
molecola_3747,25,0,25,0.0009753127815201879,0
molecola_3747,26,0,26,0.0008358928025700152,0
molecola_3747,27,0,27,0.00218440149910748,0
molecola_3747,28,0,28,0.04050155729055405,0
molecola_3747,29,0,29,0.058410387486219406,0
molecola_3747,30,0,30,0.0376749224960804,0
molecola_3747,31,0,31,0.0016637126682326198,0
molecola_3747,32,0,32,0.017907975241541862,0
molecola_3747,33,0,33,0.0486324168741703,0
molecola_3747,34,0,34,0.054962966591119766,0
molecola_3747,35,0,35,0.057495877146720886,0
molecola_3747,36,0,36,0.054962966591119766,0
molecola_3747,37,0,37,0.0486324168741703,0
molecola_3747,38,0,38,0.0029562185518443584,0
molecola_3747,39,0,39,0.001461892039515078,0
molecola_37480,1,0,1,0.0017325570806860924,0
molecola_37480,2,0,2,0.004271569661796093,0
molecola_37480,3,0,3,0.0017843624809756875,0
molecola_37480,4,0,4,0.0014731528935953975,0
molecola_37480,5,0,5,0.0018104971386492252,0
molecola_37480,6,0,6,0.0016981830121949315,0
molecola_37480,7,0,7,0.0009890557266771793,0
molecola_37480,8,0,8,0.001398749416694045,0
molecola_37480,9,0,9,0.0013626996660605073,0
molecola_37480,10,0,10,0.0008579513523727655,0
molecola_37480,11,0,11,0.0013626996660605073,0
molecola_37480,12,0,12,0.001398749416694045,0
molecola_37480,13,0,13,0.0010394675191491842,0
molecola_37480,14,0,14,0.0009614084847271442,0
molecola_37480,15,0,15,0.032320536673069,0
molecola_37480,16,0,16,0.0015836081001907587,0
molecola_37480,17,0,17,0.003243840066716075,0
molecola_37480,18,0,18,0.0013067685067653656,0
molecola_37480,19,0,19,0.0008572800434194505,0
molecola_37480,20,1,20,0.9834389090538025,1
molecola_37480,21,1,21,0.974814236164093,1
molecola_37480,22,0,22,0.001244729501195252,0
molecola_37480,23,0,23,0.1331261396408081,0
molecola_37480,24,0,24,0.035094521939754486,0
molecola_37480,25,0,25,0.06871534883975983,0
molecola_37480,26,0,26,0.09280271083116531,0
molecola_37480,27,0,27,0.11384406685829163,0
molecola_37480,28,0,28,0.062280572950839996,0
molecola_37480,29,0,29,0.07703900337219238,0
molecola_37480,30,0,30,0.4583530128002167,0
molecola_37480,31,0,31,0.22771713137626648,0
molecola_37480,32,0,32,0.4196803569793701,0
molecola_37480,33,0,33,0.06356526166200638,0
molecola_37480,34,0,34,0.12355245649814606,0
molecola_37480,35,0,35,0.002799936104565859,0
molecola_37480,36,0,36,0.0014731528935953975,0
molecola_37480,37,0,37,0.0017843624809756875,0
molecola_37690,1,0,1,0.012001683935523033,0
molecola_37690,2,0,2,0.004072166047990322,0
molecola_37690,3,0,3,0.017200617119669914,0
molecola_37690,4,0,4,0.09153581410646439,0
molecola_37690,5,0,5,0.0979805588722229,0
molecola_37690,6,0,6,0.10352899879217148,0
molecola_37690,7,0,7,0.09945792704820633,0
molecola_37690,8,0,8,0.9452932476997375,1
molecola_37690,9,0,9,0.030449092388153076,0
molecola_37690,10,0,10,0.029981408268213272,0
molecola_37690,11,0,11,0.012019574642181396,0
molecola_37690,12,0,12,0.00997430831193924,0
molecola_37690,13,0,13,0.02322259359061718,0
molecola_37690,14,0,14,0.3405103087425232,0
molecola_37690,15,0,15,0.8834787011146545,1
molecola_37690,16,0,16,0.18381601572036743,0
molecola_37690,17,0,17,0.003506364533677697,0
molecola_37690,18,0,18,0.0011330038541927934,0
molecola_37690,19,0,19,0.0006630271673202515,0
molecola_37690,20,0,20,0.0014015976339578629,0
molecola_37690,21,0,21,0.001367163029499352,0
molecola_37690,22,0,22,0.0023306268267333508,0
molecola_37690,23,0,23,0.0006704077241010964,0
molecola_37690,24,0,24,0.0007983372779563069,0
molecola_37690,25,0,25,0.0005646641948260367,0
molecola_37690,26,0,26,0.0005646641948260367,0
molecola_37690,27,0,27,0.0005411753663793206,0
molecola_37690,28,0,28,0.0008684864151291549,0
molecola_37690,29,0,29,0.0007803329499438405,0
molecola_37690,30,0,30,0.0011352677829563618,0
molecola_37690,31,0,31,0.0016791822854429483,0
molecola_37690,32,0,32,0.0007803329499438405,0
molecola_37690,33,0,33,0.0011352677829563618,0
molecola_37690,34,0,34,0.0008684864151291549,0
molecola_37690,35,1,35,0.9811846613883972,1
molecola_37690,36,0,36,0.9081247448921204,1
molecola_37690,37,1,37,0.9081247448921204,1
molecola_37690,38,0,38,0.00997430831193924,0
molecola_37690,39,0,39,0.012019574642181396,0
molecola_37744,1,0,1,0.011823606677353382,0
molecola_37744,2,0,2,0.003104390576481819,0
molecola_37744,3,0,3,0.0013657985255122185,0
molecola_37744,4,0,4,0.0013208341551944613,0
molecola_37744,5,0,5,0.0006750774336978793,0
molecola_37744,6,0,6,0.0010121274972334504,0
molecola_37744,7,0,7,0.000641306338366121,0
molecola_37744,8,0,8,0.0009006934124045074,0
molecola_37744,9,0,9,0.02529594674706459,0
molecola_37744,10,0,10,0.033803194761276245,0
molecola_37744,11,0,11,0.04665441811084747,0
molecola_37744,12,0,12,0.012858952395617962,0
molecola_37744,13,0,13,0.013068163767457008,0
molecola_37744,14,0,14,0.010560419410467148,0
molecola_37744,15,0,15,0.005368036683648825,0
molecola_37744,16,0,16,0.000893665652256459,0
molecola_37744,17,0,17,0.0010128659196197987,0
molecola_37744,18,0,18,0.0006412694347091019,0
molecola_37744,19,0,19,0.00135294150095433,0
molecola_37744,20,0,20,0.019618473947048187,0
molecola_37744,21,0,21,0.0924835279583931,0
molecola_37744,22,1,22,0.768212616443634,1
molecola_37744,23,0,23,0.040986306965351105,0
molecola_37744,24,1,24,0.9889666438102722,1
molecola_37744,25,1,25,0.768212616443634,1
molecola_37744,26,0,26,0.0924835279583931,0
molecola_37812,1,0,1,0.684415340423584,1
molecola_37812,2,0,2,0.12920816242694855,0
molecola_37812,3,0,3,0.555650532245636,1
molecola_37812,4,0,4,0.001175641198642552,0
molecola_37812,5,0,5,0.005860524717718363,0
molecola_37812,6,0,6,0.05414450541138649,0
molecola_37812,7,0,7,0.04794533550739288,0
molecola_37812,8,0,8,0.002985752886161208,0
molecola_37812,9,0,9,0.006895215716212988,0
molecola_37812,10,1,10,0.9913702011108398,1
molecola_37812,11,1,11,0.9655359387397766,1
molecola_37812,12,1,12,0.9655359387397766,1
molecola_37812,13,0,13,0.21785973012447357,0
molecola_37812,14,0,14,0.0019450541585683823,0
molecola_37812,15,0,15,0.003190279006958008,0
molecola_37812,16,0,16,0.004942525643855333,0
molecola_37812,17,0,17,0.043815817683935165,0
molecola_37812,18,0,18,0.0169662032276392,0
molecola_37812,19,0,19,0.2127680778503418,0
molecola_37812,20,0,20,0.0013578740181401372,0
molecola_37812,21,0,21,0.005398751702159643,0
molecola_37812,22,0,22,0.0815809890627861,0
molecola_37812,23,0,23,0.06645127385854721,0
molecola_37812,24,0,24,0.0009853490628302097,0
molecola_37812,25,0,25,0.0011515262303873897,0
molecola_37812,26,0,26,0.0014621628215536475,0
molecola_37812,27,0,27,0.0011242442997172475,0
molecola_37812,28,0,28,0.000942295475397259,0
molecola_37812,29,0,29,0.000942295475397259,0
molecola_37812,30,0,30,0.0014621628215536475,0
molecola_37812,31,0,31,0.0011515262303873897,0
molecola_37812,32,0,32,0.0009610407869331539,0
molecola_37812,33,0,33,0.0009007723419927061,0
molecola_37812,34,0,34,0.0025387397035956383,0
molecola_37840,1,0,1,0.001804713741876185,0
molecola_37840,2,0,2,0.0012661863584071398,0
molecola_37840,3,0,3,0.001804713741876185,0
molecola_37840,4,0,4,0.0009457325795665383,0
molecola_37840,5,0,5,0.0005955773522146046,0
molecola_37840,6,0,6,0.0005955773522146046,0
molecola_37840,7,0,7,0.01349893119186163,0
molecola_37840,8,0,8,0.0014604434836655855,0
molecola_37840,9,0,9,0.0018717375351116061,0
molecola_37840,10,0,10,0.002075198804959655,0
molecola_37840,11,0,11,0.002598491031676531,0
molecola_37840,12,0,12,0.002236906671896577,0
molecola_37840,13,0,13,0.008011591620743275,0
molecola_37840,14,0,14,0.009864605031907558,0
molecola_37840,15,0,15,0.019771477207541466,0
molecola_37840,16,0,16,0.04197867959737778,0
molecola_37840,17,0,17,0.07285764813423157,0
molecola_37840,18,0,18,0.04197867959737778,0
molecola_37840,19,0,19,0.019771477207541466,0
molecola_37840,20,0,20,0.03691953420639038,0
molecola_37840,21,0,21,0.5626227855682373,1
molecola_37840,22,0,22,0.03631436452269554,0
molecola_37840,23,1,23,0.989848792552948,1
molecola_37840,24,0,24,0.00802219845354557,0
molecola_37840,25,0,25,0.0010094479657709599,0
molecola_37840,26,0,26,0.0009758361265994608,0
molecola_37840,27,0,27,0.008497998118400574,0
molecola_37870,1,0,1,0.23600657284259796,0
molecola_37870,2,0,2,0.08333475142717361,0
molecola_37870,3,0,3,0.0743316262960434,0
molecola_37870,4,0,4,0.051969755440950394,0
molecola_37870,5,0,5,0.13992244005203247,0
molecola_37870,6,0,6,0.05356224626302719,0
molecola_37870,7,0,7,0.18404309451580048,0
molecola_37870,8,0,8,0.10306050628423691,0
molecola_37870,9,1,9,0.992180347442627,1
molecola_37870,10,0,10,0.9617586731910706,1
molecola_37870,11,0,11,0.9395313858985901,1
molecola_37870,12,0,12,0.272705614566803,0
molecola_37870,13,0,13,0.08985839784145355,0
molecola_37870,14,0,14,0.020561471581459045,0
molecola_37870,15,0,15,0.006868086289614439,0
molecola_37870,16,0,16,0.005491995252668858,0
molecola_37870,17,0,17,0.8847857713699341,1
molecola_37870,18,0,18,0.8511596918106079,1
molecola_37870,19,0,19,0.005491995252668858,0
molecola_37870,20,0,20,0.006868086289614439,0
molecola_37870,21,0,21,0.001313673797994852,0
molecola_37870,22,0,22,0.009705890901386738,0
molecola_37870,23,0,23,0.049421872943639755,0
molecola_37870,24,0,24,0.05827575922012329,0
molecola_37870,25,0,25,0.049421872943639755,0
molecola_37870,26,0,26,0.009705890901386738,0
molecola_38019,1,0,1,0.23600657284259796,0
molecola_38019,2,0,2,0.07429039478302002,0
molecola_38019,3,0,3,0.10841397196054459,0
molecola_38019,4,0,4,0.06503207981586456,0
molecola_38019,5,0,5,0.2501216232776642,0
molecola_38019,6,0,6,0.21964408457279205,0
molecola_38019,7,0,7,0.1529712677001953,0
molecola_38019,8,0,8,0.5407581329345703,1
molecola_38019,9,0,9,0.1414337009191513,0
molecola_38019,10,0,10,0.201979860663414,0
molecola_38019,11,0,11,0.03667678311467171,0
molecola_38019,12,0,12,0.0024455657694488764,0
molecola_38019,13,0,13,0.0013118189526721835,0
molecola_38019,14,0,14,0.0011976948007941246,0
molecola_38019,15,0,15,0.004372629337012768,0
molecola_38019,16,0,16,0.016452504321932793,0
molecola_38019,17,0,17,0.026021892204880714,0
molecola_38019,18,0,18,0.02563701756298542,0
molecola_38019,19,0,19,0.20893028378486633,0
molecola_38019,20,0,20,0.2810935974121094,0
molecola_38019,21,0,21,0.18466463685035706,0
molecola_38019,22,1,22,0.9923906922340393,1
molecola_38056,1,0,1,0.0036901943385601044,0
molecola_38056,2,0,2,0.0018047437770292163,0
molecola_38056,3,0,3,0.001505269785411656,0
molecola_38056,4,0,4,0.00088597706053406,0
molecola_38056,5,0,5,0.00214382354170084,0
molecola_38056,6,0,6,0.0008605840266682208,0
molecola_38056,7,0,7,0.000701865297742188,0
molecola_38056,8,0,8,0.0013166742864996195,0
molecola_38056,9,0,9,0.009709467180073261,0
molecola_38056,10,0,10,0.8094221353530884,1
molecola_38056,11,0,11,0.8271804451942444,1
molecola_38056,12,1,12,0.8406815528869629,1
molecola_38056,13,0,13,0.8271804451942444,1
molecola_38056,14,0,14,0.8094221353530884,1
molecola_38056,15,1,15,0.9791110157966614,1
molecola_38056,16,0,16,0.8984587788581848,1
molecola_38056,17,1,17,0.8984587788581848,1
molecola_38056,18,0,18,0.0012571256374940276,0
molecola_38056,19,0,19,0.001631935709156096,0
molecola_38056,20,0,20,0.003797686891630292,0
molecola_38056,21,0,21,0.0014191374648362398,0
molecola_38056,22,0,22,0.008675538934767246,0
molecola_38056,23,0,23,0.0012474736431613564,0
molecola_38056,24,0,24,0.0007865712977945805,0
molecola_38056,25,0,25,0.001316301990300417,0
molecola_38056,26,0,26,0.0006170630222186446,0
molecola_38056,27,0,27,0.001334934146143496,0
molecola_38056,28,0,28,0.0006170630222186446,0
molecola_38056,29,0,29,0.001316301990300417,0
molecola_38056,30,0,30,0.0012760484823957086,0
molecola_38056,31,0,31,0.0008650370873510838,0
molecola_38056,32,0,32,0.0008650370873510838,0
molecola_38056,33,0,33,0.0008650370873510838,0
molecola_38056,34,0,34,0.0012760484823957086,0
molecola_38056,35,0,35,0.0008650370873510838,0
molecola_38056,36,0,36,0.0008650370873510838,0
molecola_38056,37,0,37,0.0008650370873510838,0
molecola_38056,38,0,38,0.02952195331454277,0
molecola_38056,39,0,39,0.04283794015645981,0
molecola_38056,40,0,40,0.03913036733865738,0
molecola_38056,41,0,41,0.02546081133186817,0
molecola_38056,42,0,42,0.048543430864810944,0
molecola_38056,43,0,43,0.04721515253186226,0
molecola_38056,44,0,44,0.0007686492172069848,0
molecola_38056,45,0,45,0.001246240921318531,0
molecola_38191,1,0,1,0.0007112567545846105,0
molecola_38191,2,0,2,0.0011071112239733338,0
molecola_38191,3,0,3,0.0005575435934588313,0
molecola_38191,4,0,4,0.0005575435934588313,0
molecola_38191,5,0,5,0.000509503879584372,0
molecola_38191,6,0,6,0.0008929919567890465,0
molecola_38191,7,0,7,0.0024499879218637943,0
molecola_38191,8,0,8,0.011916897259652615,0
molecola_38191,9,0,9,0.00118524138815701,0
molecola_38191,10,0,10,0.0006919244769960642,0
molecola_38191,11,0,11,0.9843167066574097,1
molecola_38191,12,0,12,0.9757192730903625,1
molecola_38191,13,0,13,0.02571059577167034,0
molecola_38191,14,0,14,0.05257711932063103,0
molecola_38191,15,0,15,0.014810183085501194,0
molecola_38191,16,0,16,0.04264778643846512,0
molecola_38191,17,0,17,0.049610745161771774,0
molecola_38191,18,0,18,0.019085660576820374,0
molecola_38191,19,0,19,0.0966014415025711,0
molecola_38191,20,0,20,0.7682127356529236,1
molecola_38191,21,0,21,0.040986306965351105,0
molecola_38191,22,1,22,0.9889666438102722,1
molecola_38191,23,0,23,0.7682127356529236,1
molecola_38191,24,0,24,0.0966014415025711,0
molecola_38191,25,0,25,0.010835903696715832,0
molecola_38191,26,0,26,0.0012565479846671224,0
molecola_38191,27,0,27,0.0012565479846671224,0
molecola_38191,28,0,28,0.0012565479846671224,0
molecola_38227,1,1,1,0.9442108273506165,1
molecola_38227,2,1,2,0.9870304465293884,1
molecola_38227,3,1,3,0.9744431376457214,1
molecola_38227,4,1,4,0.8730480670928955,1
molecola_38227,5,1,5,0.7622585296630859,1
molecola_38227,6,1,6,0.2207333743572235,0
molecola_38227,7,0,7,0.014453149400651455,0
molecola_38227,8,0,8,0.01913595013320446,0
molecola_38227,9,0,9,0.06361612677574158,0
molecola_38227,10,0,10,0.11722345650196075,0
molecola_38227,11,0,11,0.06590448319911957,0
molecola_38227,12,0,12,0.021636944264173508,0
molecola_38227,13,0,13,0.019856980070471764,0
molecola_38227,14,0,14,0.014952878467738628,0
molecola_38227,15,0,15,0.013453040271997452,0
molecola_38227,16,0,16,0.0037869757506996393,0
molecola_38227,17,0,17,0.0011618504067882895,0
molecola_38227,18,0,18,0.001504213665612042,0
molecola_38227,19,0,19,0.002148302039131522,0
molecola_38227,20,0,20,0.00633208965882659,0
molecola_38227,21,0,21,0.001981910318136215,0
molecola_38227,22,0,22,0.0017679628217592835,0
molecola_38227,23,0,23,0.004650123883038759,0
molecola_38227,24,0,24,0.001368146506138146,0
molecola_38227,25,0,25,0.01089386735111475,0
molecola_38227,26,0,26,0.02375626750290394,0
molecola_38227,27,0,27,0.017601625993847847,0
molecola_38388,1,0,1,0.014080589637160301,0
molecola_38388,2,0,2,0.06934954226016998,0
molecola_38388,3,0,3,0.016970809549093246,0
molecola_38388,4,0,4,0.006325528025627136,0
molecola_38388,5,0,5,0.00536156864836812,0
molecola_38388,6,0,6,0.0035551281180232763,0
molecola_38388,7,0,7,0.007139381021261215,0
molecola_38388,8,0,8,0.0014453694457188249,0
molecola_38388,9,0,9,0.0006206748657859862,0
molecola_38388,10,0,10,0.013582475483417511,0
molecola_38388,11,0,11,0.0016504868399351835,0
molecola_38388,12,0,12,0.0008684301865287125,0
molecola_38388,13,0,13,0.0017630986403673887,0
molecola_38388,14,0,14,0.0037046789657324553,0
molecola_38388,15,0,15,0.05386880412697792,0
molecola_38388,16,0,16,0.18231132626533508,0
molecola_38388,17,1,17,0.9830235838890076,1
molecola_38388,18,0,18,0.02339542843401432,0
molecola_38388,19,0,19,0.24743731319904327,0
molecola_38391,1,0,1,0.013280296698212624,0
molecola_38391,2,0,2,0.06936986744403839,0
molecola_38391,3,0,3,0.06526800245046616,0
molecola_38391,4,0,4,0.06100619211792946,0
molecola_38391,5,0,5,0.03606383875012398,0
molecola_38391,6,0,6,0.7159452438354492,1
molecola_38391,7,1,7,0.9921544194221497,1
molecola_38391,8,1,8,0.9214131236076355,1
molecola_38391,9,1,9,0.9214131236076355,1
molecola_38391,10,0,10,0.043838020414114,0
molecola_38391,11,0,11,0.0323309563100338,0
molecola_38391,12,0,12,0.01740305684506893,0
molecola_38391,13,0,13,0.020672664046287537,0
molecola_38391,14,0,14,0.08532312512397766,0
molecola_38391,15,0,15,0.044020265340805054,0
molecola_38391,16,0,16,0.9595440030097961,1
molecola_38391,17,0,17,0.007688106037676334,0
molecola_38391,18,0,18,0.007688106037676334,0
molecola_38391,19,0,19,0.9368643760681152,1
molecola_38391,20,0,20,0.001265570754185319,0
molecola_38391,21,0,21,0.0051915571093559265,0
molecola_38391,22,0,22,0.0013077135663479567,0
molecola_38391,23,0,23,0.0009601196506991982,0
molecola_38415,1,0,1,0.003688045544549823,0
molecola_38415,2,0,2,0.0028146076947450638,0
molecola_38415,3,0,3,0.020251687616109848,0
molecola_38415,4,0,4,0.34094029664993286,0
molecola_38415,5,1,5,0.9656046032905579,1
molecola_38415,6,1,6,0.9542819857597351,1
molecola_38415,7,0,7,0.04699059948325157,0
molecola_38415,8,0,8,0.013456938788294792,0
molecola_38415,9,0,9,0.014771716669201851,0
molecola_38415,10,0,10,0.006540144328027964,0
molecola_38415,11,0,11,0.028866583481431007,0
molecola_38415,12,0,12,0.10853636264801025,0
molecola_38415,13,0,13,0.931495726108551,1
molecola_38415,14,0,14,0.07559317350387573,0
molecola_38415,15,0,15,0.07087912410497665,0
molecola_38415,16,0,16,0.10421107709407806,0
molecola_38415,17,0,17,0.9258987307548523,1
molecola_38415,18,0,18,0.030691806226968765,0
molecola_38415,19,0,19,0.0037789607886224985,0
molecola_38415,20,0,20,0.003058123402297497,0
molecola_38415,21,0,21,0.003688045544549823,0
molecola_38631,1,0,1,0.0018780598184093833,0
molecola_38631,2,0,2,0.001200521714054048,0
molecola_38631,3,0,3,0.0012698196806013584,0
molecola_38631,4,0,4,0.001118215499445796,0
molecola_38631,5,0,5,0.001364474999718368,0
molecola_38631,6,1,6,0.9694799184799194,1
molecola_38631,7,0,7,0.006468961481004953,0
molecola_38631,8,0,8,0.006468961481004953,0
molecola_38631,9,1,9,0.9527564644813538,1
molecola_38631,10,0,10,0.0008081106352619827,0
molecola_38631,11,0,11,0.005710283759981394,0
molecola_38631,12,0,12,0.004592588171362877,0
molecola_38631,13,0,13,0.0016298176487907767,0
molecola_38631,14,0,14,0.0014125192537903786,0
molecola_38631,15,0,15,0.00346931884996593,0
molecola_38631,16,0,16,0.005181944463402033,0
molecola_38631,17,0,17,0.30107709765434265,0
molecola_38631,18,0,18,0.871951162815094,1
molecola_38631,19,0,19,0.9815607070922852,1
molecola_38631,20,0,20,0.975243330001831,1
molecola_38631,21,0,21,0.6800246834754944,1
molecola_38631,22,0,22,0.967592179775238,1
molecola_38631,23,0,23,0.9696704149246216,1
molecola_38631,24,0,24,0.10748957097530365,0
molecola_38631,25,0,25,0.06395116448402405,0
molecola_38631,26,0,26,0.002463297685608268,0
molecola_38631,27,0,27,0.002043585292994976,0
molecola_38631,28,0,28,0.0020444393157958984,0
molecola_38631,29,0,29,0.001238524098880589,0
molecola_38631,30,0,30,0.0010883024660870433,0
molecola_38827,1,0,1,0.021652543917298317,0
molecola_38827,2,0,2,0.45635420083999634,0
molecola_38827,3,0,3,0.0019861289765685797,0
molecola_38827,4,0,4,0.005066707730293274,0
molecola_38827,5,0,5,0.016238931566476822,0
molecola_38827,6,0,6,0.0013686669990420341,0
molecola_38827,7,0,7,0.001312246429733932,0
molecola_38827,8,0,8,0.029818961396813393,0
molecola_38827,9,0,9,0.0009322068654000759,0
molecola_38827,10,0,10,0.003118980908766389,0
molecola_38827,11,0,11,0.005407161545008421,0
molecola_38827,12,0,12,0.0505063459277153,0
molecola_38827,13,0,13,0.09018047153949738,0
molecola_38827,14,1,14,0.9880133867263794,1
molecola_38827,15,0,15,0.0505063459277153,0
molecola_38827,16,0,16,0.003118980908766389,0
molecola_38827,17,0,17,0.005407161545008421,0
molecola_38970,1,0,1,0.0017325570806860924,0
molecola_38970,2,0,2,0.004180921707302332,0
molecola_38970,3,0,3,0.0016388085205107927,0
molecola_38970,4,0,4,0.0017118979012593627,0
molecola_38970,5,0,5,0.002356788842007518,0
molecola_38970,6,0,6,0.001401280052959919,0
molecola_38970,7,0,7,0.000978082069195807,0
molecola_38970,8,0,8,0.0007195957005023956,0
molecola_38970,9,0,9,0.0012346785515546799,0
molecola_38970,10,0,10,0.0006568045937456191,0
molecola_38970,11,0,11,0.0009978675516322255,0
molecola_38970,12,0,12,0.0006070784875191748,0
molecola_38970,13,0,13,0.0006289572338573635,0
molecola_38970,14,0,14,0.0005934939836151898,0
molecola_38970,15,0,15,0.002542906440794468,0
molecola_38970,16,0,16,0.0008555199019610882,0
molecola_38970,17,0,17,0.004161902237683535,0
molecola_38970,18,0,18,0.0027235292363911867,0
molecola_38970,19,0,19,0.03368322551250458,0
molecola_38970,20,0,20,0.007965905591845512,0
molecola_38970,21,0,21,0.006888929754495621,0
molecola_38970,22,0,22,0.031007785350084305,0
molecola_38970,23,0,23,0.014134335331618786,0
molecola_38970,24,0,24,0.025121496990323067,0
molecola_38970,25,0,25,0.03552696481347084,0
molecola_38970,26,0,26,0.008075769059360027,0
molecola_38970,27,0,27,0.04474124684929848,0
molecola_38970,28,1,28,0.9895671010017395,1
molecola_38970,29,0,29,0.09771790355443954,0
molecola_38970,30,0,30,0.0011221504537388682,0
molecola_38970,31,0,31,0.0006090179085731506,0
molecola_38970,32,0,32,0.0017118979012593627,0
molecola_38970,33,0,33,0.0016388085205107927,0
molecola_39053,1,1,1,0.8935709595680237,1
molecola_39053,2,1,2,0.9584168791770935,1
molecola_39053,3,1,3,0.9419978857040405,1
molecola_39053,4,0,4,0.010807570070028305,0
molecola_39053,5,0,5,0.011647272855043411,0
molecola_39053,6,0,6,0.015528143383562565,0
molecola_39053,7,0,7,0.005129001569002867,0
molecola_39053,8,0,8,0.013896359130740166,0
molecola_39053,9,0,9,0.023659151047468185,0
molecola_39053,10,0,10,0.06593221426010132,0
molecola_39053,11,0,11,0.023131582885980606,0
molecola_39053,12,0,12,0.1001645028591156,0
molecola_39053,13,0,13,0.003949075471609831,0
molecola_39053,14,0,14,0.0027472758665680885,0
molecola_39053,15,0,15,0.001276493421755731,0
molecola_39053,16,0,16,0.0011945490259677172,0
molecola_39053,17,0,17,0.0030549473594874144,0
molecola_39053,18,0,18,0.007383749820291996,0
molecola_39053,19,0,19,0.008885357528924942,0
molecola_39053,20,0,20,0.028005853295326233,0
molecola_39053,21,0,21,0.06260626763105392,0
molecola_39053,22,0,22,0.017095113173127174,0
molecola_39053,23,0,23,0.04470500722527504,0
molecola_39053,24,0,24,0.036072988063097,0
molecola_39053,25,0,25,0.008217194117605686,0
molecola_39053,26,0,26,0.001239360892213881,0
molecola_39053,27,0,27,0.001239360892213881,0
molecola_39053,28,0,28,0.001239360892213881,0
molecola_39053,29,1,29,0.9872095584869385,1
molecola_39053,30,0,30,0.9013215899467468,1
molecola_39053,31,1,31,0.9013215899467468,1
molecola_39100,1,0,1,0.0046904608607292175,0
molecola_39100,2,0,2,0.0025486736558377743,0
molecola_39100,3,0,3,0.021565482020378113,0
molecola_39100,4,0,4,0.0025486736558377743,0
molecola_39100,5,0,5,0.0046904608607292175,0
molecola_39100,6,0,6,0.004327789880335331,0
molecola_39100,7,0,7,0.003964434843510389,0
molecola_39100,8,0,8,0.6442667245864868,1
molecola_39100,9,0,9,0.002637537894770503,0
molecola_39100,10,0,10,0.002643910236656666,0
molecola_39100,11,0,11,0.0013036818709224463,0
molecola_39100,12,0,12,0.000718593830242753,0
molecola_39100,13,1,13,0.9830143451690674,1
molecola_39100,14,1,14,0.9752873182296753,1
molecola_39100,15,0,15,0.0007776086567901075,0
molecola_39100,16,0,16,0.0012431441573426127,0
molecola_39100,17,0,17,0.0009164202492684126,0
molecola_39100,18,0,18,0.0009233037708327174,0
molecola_39100,19,0,19,0.0016850436804816127,0
molecola_39100,20,0,20,0.030667254701256752,0
molecola_39100,21,0,21,0.05589994788169861,0
molecola_39100,22,0,22,0.05243464559316635,0
molecola_39100,23,0,23,0.0244215689599514,0
molecola_39100,24,0,24,0.0015677156625315547,0
molecola_39100,25,0,25,0.0006712966714985669,0
molecola_39100,26,0,26,0.0005717269377782941,0
molecola_39182,1,0,1,0.0011010770685970783,0
molecola_39182,2,0,2,0.0012947755167260766,0
molecola_39182,3,1,3,0.9768372178077698,1
molecola_39182,4,1,4,0.9674273729324341,1
molecola_39182,5,0,5,0.002001803833991289,0
molecola_39182,6,0,6,0.011294377036392689,0
molecola_39182,7,0,7,0.002318326849490404,0
molecola_39182,8,0,8,0.0009002313599921763,0
molecola_39182,9,0,9,0.0006057006539776921,0
molecola_39182,10,0,10,0.0009171828278340399,0
molecola_39182,11,0,11,0.0011482483241707087,0
molecola_39182,12,0,12,0.0011958731338381767,0
molecola_39182,13,0,13,0.0010842171031981707,0
molecola_39182,14,0,14,0.0007894758600741625,0
molecola_39182,15,0,15,0.0012018907582387328,0
molecola_39182,16,0,16,0.0012580071343109012,0
molecola_39182,17,0,17,0.0018499010475352407,0
molecola_39182,18,0,18,0.0010462960926815867,0
molecola_39182,19,0,19,0.0006212439038790762,0
molecola_39182,20,0,20,0.000882042630109936,0
molecola_39182,21,0,21,0.0006521663744933903,0
molecola_39182,22,0,22,0.0006041929009370506,0
molecola_39226,1,0,1,0.007020971272140741,0
molecola_39226,2,0,2,0.002274926519021392,0
molecola_39226,3,0,3,0.0016012144042178988,0
molecola_39226,4,0,4,0.0008997030672617257,0
molecola_39226,5,0,5,0.0012551394756883383,0
molecola_39226,6,0,6,0.005654940381646156,0
molecola_39226,7,0,7,0.0009357165545225143,0
molecola_39226,8,0,8,0.0012512828689068556,0
molecola_39226,9,0,9,0.0058158449828624725,0
molecola_39226,10,0,10,0.015172852203249931,0
molecola_39226,11,0,11,0.023780863732099533,0
molecola_39226,12,0,12,0.002645872300490737,0
molecola_39226,13,0,13,0.0005974361556582153,0
molecola_39226,14,0,14,0.2695269286632538,0
molecola_39226,15,0,15,0.27195197343826294,0
molecola_39226,16,1,16,0.8173356056213379,1
molecola_39226,17,1,17,0.9550581574440002,1
molecola_39226,18,0,18,0.8867209553718567,1
molecola_39226,19,1,19,0.8867209553718567,1
molecola_39226,20,0,20,0.02902998961508274,0
molecola_39226,21,0,21,0.0009094986598938704,0
molecola_39226,22,0,22,0.0008866112912073731,0
molecola_39226,23,0,23,0.0008015293278731406,0
molecola_39226,24,0,24,0.001497196382842958,0
molecola_39226,25,0,25,0.0015427838079631329,0
molecola_39226,26,0,26,0.0007362316828221083,0
molecola_39226,27,0,27,0.0007469626725651324,0
molecola_39226,28,0,28,0.0006909719668328762,0
molecola_39226,29,0,29,0.0007360598538070917,0
molecola_39226,30,0,30,0.0012078224681317806,0
molecola_39357,1,0,1,0.013889429159462452,0
molecola_39357,2,0,2,0.00438597472384572,0
molecola_39357,3,0,3,0.03428323194384575,0
molecola_39357,4,0,4,0.0845969021320343,0
molecola_39357,5,0,5,0.06860959529876709,0
molecola_39357,6,0,6,0.013389434665441513,0
molecola_39357,7,0,7,0.0024420632980763912,0
molecola_39357,8,0,8,0.001784790656529367,0
molecola_39357,9,0,9,0.0014472764451056719,0
molecola_39357,10,0,10,0.007077343296259642,0
molecola_39357,11,0,11,0.8688843846321106,1
molecola_39357,12,0,12,0.9858288764953613,1
molecola_39357,13,0,13,0.9069055318832397,1
molecola_39357,14,0,14,0.9069055318832397,1
molecola_39357,15,0,15,0.001404228387400508,0
molecola_39357,16,0,16,0.0007492882432416081,0
molecola_39357,17,0,17,0.00204253732226789,0
molecola_39357,18,0,18,0.01815362460911274,0
molecola_39357,19,0,19,0.019250191748142242,0
molecola_39357,20,0,20,0.22916017472743988,0
molecola_39357,21,0,21,0.13120295107364655,0
molecola_39357,22,0,22,0.09313205629587173,0
molecola_39357,23,0,23,0.045719798654317856,0
molecola_39357,24,0,24,0.06948971003293991,0
molecola_39357,25,0,25,0.07143891602754593,0
molecola_39357,26,0,26,0.06160375475883484,0
molecola_39357,27,0,27,0.08097191900014877,0
molecola_39357,28,0,28,0.0399424247443676,0
molecola_39357,29,0,29,0.04898233711719513,0
molecola_39357,30,0,30,0.1840641349554062,0
molecola_39357,31,0,31,0.7681998014450073,1
molecola_39357,32,0,32,0.040986306965351105,0
molecola_39357,33,1,33,0.9889666438102722,1
molecola_39357,34,0,34,0.7681998014450073,1
molecola_39357,35,0,35,0.1840641349554062,0
molecola_39357,36,0,36,0.01815362460911274,0
molecola_39357,37,0,37,0.00204253732226789,0
molecola_39357,38,0,38,0.06860959529876709,0
molecola_39357,39,0,39,0.0845969021320343,0
molecola_39467,1,0,1,0.0079896729439497,0
molecola_39467,2,0,2,0.0016707215690985322,0
molecola_39467,3,0,3,0.0012448077322915196,0
molecola_39467,4,0,4,0.000829043157864362,0
molecola_39467,5,0,5,0.0006202487857080996,0
molecola_39467,6,0,6,0.0010605306597426534,0
molecola_39467,7,0,7,0.0011534403311088681,0
molecola_39467,8,0,8,0.0012384180445224047,0
molecola_39467,9,0,9,0.0013557147467508912,0
molecola_39467,10,0,10,0.0010974350152537227,0
molecola_39467,11,0,11,0.0008782591321505606,0
molecola_39467,12,0,12,0.000743382959626615,0
molecola_39467,13,0,13,0.022096136584877968,0
molecola_39467,14,0,14,0.06065987050533295,0
molecola_39467,15,0,15,0.053700584918260574,0
molecola_39467,16,0,16,0.7982302308082581,1
molecola_39467,17,0,17,0.07813452929258347,0
molecola_39467,18,0,18,0.08032983541488647,0
molecola_39467,19,0,19,0.10539984703063965,0
molecola_39467,20,0,20,0.07046694308519363,0
molecola_39467,21,0,21,0.23600657284259796,0
molecola_39467,22,0,22,0.18226999044418335,0
molecola_39467,23,1,23,0.9923836588859558,1
molecola_39467,24,0,24,0.14086589217185974,0
molecola_39467,25,0,25,0.1649482250213623,0
molecola_39467,26,0,26,0.07149188965559006,0
molecola_39903,1,0,1,0.0027697060722857714,0
molecola_39903,2,0,2,0.001605345169082284,0
molecola_39903,3,0,3,0.0018493420211598277,0
molecola_39903,4,0,4,0.001693278318271041,0
molecola_39903,5,0,5,0.013496548868715763,0
molecola_39903,6,0,6,0.00164401822257787,0
molecola_39903,7,0,7,0.0018540933961048722,0
molecola_39903,8,0,8,0.009896451607346535,0
molecola_39903,9,0,9,0.03813871368765831,0
molecola_39903,10,0,10,0.06590979546308517,0
molecola_39903,11,0,11,0.08035843819379807,0
molecola_39903,12,0,12,0.08456003665924072,0
molecola_39903,13,0,13,0.07671120017766953,0
molecola_39903,14,0,14,0.27596256136894226,0
molecola_39903,15,0,15,0.37412744760513306,0
molecola_39903,16,0,16,0.5036444664001465,1
molecola_39903,17,0,17,0.06802422553300858,0
molecola_39903,18,0,18,0.026775548234581947,0
molecola_39903,19,1,19,0.9910740256309509,1
molecola_39903,20,1,20,0.967376708984375,1
molecola_39903,21,1,21,0.967376708984375,1
molecola_40038,1,1,1,0.9888646602630615,1
molecola_40038,2,0,2,0.11336290091276169,0
molecola_40038,3,0,3,0.26534512639045715,0
molecola_40038,4,0,4,0.009056402370333672,0
molecola_40038,5,0,5,0.0032013936433941126,0
molecola_40038,6,0,6,0.0015856948448345065,0
molecola_40038,7,0,7,0.0008459181408397853,0
molecola_40038,8,0,8,0.00091300078202039,0
molecola_40038,9,0,9,0.0005534181254915893,0
molecola_40038,10,0,10,0.0008834901382215321,0
molecola_40038,11,0,11,0.0011354986345395446,0
molecola_40038,12,0,12,0.0017278969753533602,0
molecola_40038,13,0,13,0.002219664165750146,0
molecola_40038,14,0,14,0.0017278969753533602,0
molecola_40038,15,0,15,0.0011354986345395446,0
molecola_40038,16,0,16,0.07783825695514679,0
molecola_40038,17,0,17,0.1290762573480606,0
molecola_40038,18,0,18,0.10179632902145386,0
molecola_40038,19,0,19,0.266804039478302,0
molecola_40038,20,0,20,0.44741496443748474,0
molecola_40038,21,0,21,0.19787216186523438,0
molecola_40038,22,0,22,0.1732310801744461,0
molecola_40207,1,1,1,0.9900222420692444,1
molecola_40207,2,0,2,0.05205020681023598,0
molecola_40207,3,0,3,0.774324357509613,1
molecola_40207,4,0,4,0.002297590486705303,0
molecola_40207,5,0,5,0.0009585397783666849,0
molecola_40207,6,0,6,0.0006867939373478293,0
molecola_40207,7,0,7,0.0011533194920048118,0
molecola_40207,8,0,8,0.0013967647682875395,0
molecola_40207,9,0,9,0.002225667703896761,0
molecola_40207,10,0,10,0.0014004982076585293,0
molecola_40207,11,0,11,0.0009642530931159854,0
molecola_40207,12,0,12,0.0018053314415737987,0
molecola_40207,13,0,13,0.019113503396511078,0
molecola_40207,14,0,14,0.16113144159317017,0
molecola_40207,15,0,15,0.03174009174108505,0
molecola_40207,16,0,16,0.02716754376888275,0
molecola_40207,17,0,17,0.02869279496371746,0
molecola_40207,18,0,18,0.0026500632520765066,0
molecola_40207,19,0,19,0.005782386753708124,0
molecola_40207,20,0,20,0.0037621043156832457,0
molecola_40207,21,0,21,0.001517620519734919,0
molecola_40207,22,0,22,0.0031960890628397465,0
molecola_40207,23,0,23,0.0017244647024199367,0
molecola_40207,24,0,24,0.0015857960097491741,0
molecola_40207,25,0,25,0.003394350176677108,0
molecola_40207,26,0,26,0.0013967647682875395,0
molecola_40207,27,0,27,0.0011533194920048118,0
molecola_40207,28,0,28,0.002691074274480343,0
molecola_40207,29,0,29,0.14306499063968658,0
molecola_40207,30,0,30,0.1492335945367813,0
molecola_40207,31,0,31,0.20830102264881134,0
molecola_40207,32,0,32,0.6432505249977112,1
molecola_40326,1,0,1,0.08865559101104736,0
molecola_40326,2,0,2,0.03276214748620987,0
molecola_40326,3,0,3,0.049494821578264236,0
molecola_40326,4,0,4,0.043795786798000336,0
molecola_40326,5,0,5,0.0667712613940239,0
molecola_40326,6,0,6,0.004104084335267544,0
molecola_40326,7,0,7,0.034523721784353256,0
molecola_40326,8,0,8,0.03603896498680115,0
molecola_40326,9,0,9,0.08311320841312408,0
molecola_40326,10,0,10,0.027922814711928368,0
molecola_40326,11,0,11,0.6476730108261108,1
molecola_40326,12,0,12,0.0061623333021998405,0
molecola_40326,13,0,13,0.0017129944171756506,0
molecola_40326,14,0,14,0.0014481028774753213,0
molecola_40326,15,0,15,0.004165120888501406,0
molecola_40326,16,0,16,0.008575794287025928,0
molecola_40326,17,0,17,0.04126425459980965,0
molecola_40326,18,0,18,0.009116281755268574,0
molecola_40326,19,0,19,0.003751633455976844,0
molecola_40326,20,0,20,0.002847743686288595,0
molecola_40326,21,0,21,0.0013575907796621323,0
molecola_40326,22,0,22,0.00226385029964149,0
molecola_40326,23,1,23,0.9811121821403503,1
molecola_40326,24,1,24,0.9739476442337036,1
molecola_40326,25,0,25,0.007229196839034557,0
molecola_40326,26,0,26,0.006407138425856829,0
molecola_40326,27,0,27,0.002328546717762947,0
molecola_40326,28,0,28,0.05702764540910721,0
molecola_40326,29,0,29,0.0737452581524849,0
molecola_40328,1,0,1,0.0005901654367335141,0
molecola_40328,2,0,2,0.000768530648201704,0
molecola_40328,3,0,3,0.0005207897047512233,0
molecola_40328,4,0,4,0.0005207897047512233,0
molecola_40328,5,0,5,0.0005419813678599894,0
molecola_40328,6,0,6,0.0008704905048944056,0
molecola_40328,7,0,7,0.0011325264349579811,0
molecola_40328,8,0,8,0.0006732209585607052,0
molecola_40328,9,0,9,0.0010571531020104885,0
molecola_40328,10,0,10,0.0010266031604260206,0
molecola_40328,11,0,11,0.03169545903801918,0
molecola_40328,12,0,12,0.007375719957053661,0
molecola_40328,13,0,13,0.02443508990108967,0
molecola_40328,14,0,14,0.06613807380199432,0
molecola_40328,15,1,15,0.9891226887702942,1
molecola_40328,16,0,16,0.02201218158006668,0
molecola_40328,17,0,17,0.019143076613545418,0
molecola_40328,18,0,18,0.014975658617913723,0
molecola_40328,19,0,19,0.006095848511904478,0
molecola_40328,20,0,20,0.0657934918999672,0
molecola_40328,21,0,21,0.20951882004737854,0
molecola_40328,22,0,22,0.4547376334667206,0
molecola_40328,23,0,23,0.36117079854011536,0
molecola_40328,24,0,24,0.3724970817565918,0
molecola_40328,25,0,25,0.09385807067155838,0
molecola_40328,26,0,26,0.0006220090435817838,0
molecola_40328,27,0,27,0.000751837738789618,0
molecola_40328,28,0,28,0.0008024352719075978,0
molecola_40419,1,0,1,0.23600657284259796,0
molecola_40419,2,0,2,0.07392380386590958,0
molecola_40419,3,0,3,0.10627105832099915,0
molecola_40419,4,0,4,0.008094982244074345,0
molecola_40419,5,0,5,0.005388077348470688,0
molecola_40419,6,0,6,0.0009598337928764522,0
molecola_40419,7,0,7,0.0011099290568381548,0
molecola_40419,8,0,8,0.0007660934934392571,0
molecola_40419,9,0,9,0.0016272019129246473,0
molecola_40419,10,0,10,0.0008904477581381798,0
molecola_40419,11,0,11,0.005938662216067314,0
molecola_40419,12,0,12,0.0008896501385606825,0
molecola_40419,13,0,13,0.0008896501385606825,0
molecola_40419,14,0,14,0.0010077758925035596,0
molecola_40419,15,0,15,0.001731773605570197,0
molecola_40419,16,0,16,0.08363953977823257,0
molecola_40419,17,0,17,0.08719012886285782,0
molecola_40419,18,0,18,0.04822198674082756,0
molecola_40419,19,0,19,0.003296422539278865,0
molecola_40419,20,0,20,0.019758760929107666,0
molecola_40419,21,0,21,0.009951920248568058,0
molecola_40419,22,0,22,0.10152693092823029,0
molecola_40419,23,0,23,0.17757806181907654,0
molecola_40419,24,1,24,0.9923083782196045,1
molecola_42511,1,1,1,0.9661111831665039,1
molecola_42511,2,1,2,0.9706482291221619,1
molecola_42511,3,0,3,0.0014358218759298325,0
molecola_42511,4,0,4,0.001004914054647088,0
molecola_42511,5,0,5,0.0012455442920327187,0
molecola_42511,6,0,6,0.0006285521667450666,0
molecola_42511,7,0,7,0.0011777383042499423,0
molecola_42511,8,0,8,0.0017529039178043604,0
molecola_42511,9,0,9,0.0018612046260386705,0
molecola_42511,10,0,10,0.001539885182864964,0
molecola_42511,11,0,11,0.0010604781564325094,0
molecola_42511,12,0,12,0.0006155475857667625,0
molecola_42511,13,0,13,0.0012661367654800415,0
molecola_42511,14,0,14,0.010891253128647804,0
molecola_42511,15,0,15,0.030347667634487152,0
molecola_42511,16,0,16,0.06000759080052376,0
molecola_42511,17,0,17,0.030347667634487152,0
molecola_42511,18,0,18,0.010891253128647804,0
molecola_42511,19,0,19,0.0012661367654800415,0
molecola_42511,20,0,20,0.010891253128647804,0
molecola_42511,21,0,21,0.030347667634487152,0
molecola_42511,22,0,22,0.06000759080052376,0
molecola_42511,23,0,23,0.030347667634487152,0
molecola_42511,24,0,24,0.010891253128647804,0
molecola_4295,1,0,1,0.058359477669000626,0
molecola_4295,2,1,2,0.6486157178878784,1
molecola_4295,3,0,3,0.05128788203001022,0
molecola_4295,4,0,4,0.06549018621444702,0
molecola_4295,5,0,5,0.007228173781186342,0
molecola_4295,6,0,6,0.05091558396816254,0
molecola_4295,7,0,7,0.06463724374771118,0
molecola_4295,8,0,8,0.0018173791468143463,0
molecola_4295,9,0,9,0.0018802107078954577,0
molecola_4295,10,0,10,0.0009994488209486008,0
molecola_4295,11,0,11,0.005565304774791002,0
molecola_4295,12,0,12,0.00961659848690033,0
molecola_4295,13,0,13,0.006746433209627867,0
molecola_4295,14,0,14,0.002605642657727003,0
molecola_4295,15,0,15,0.0017679502489045262,0
molecola_4295,16,0,16,0.0018636768218129873,0
molecola_4295,17,0,17,0.020517276600003242,0
molecola_4295,18,0,18,0.0485992468893528,0
molecola_4295,19,1,19,0.05496062710881233,0
molecola_4295,20,1,20,0.057495877146720886,0
molecola_4295,21,1,21,0.05496062710881233,0
molecola_4295,22,0,22,0.0485992468893528,0
molecola_43102,1,0,1,0.002506463322788477,0
molecola_43102,2,0,2,0.0022836863063275814,0
molecola_43102,3,0,3,0.016988271847367287,0
molecola_43102,4,0,4,0.05390865355730057,0
molecola_43102,5,0,5,0.054479505866765976,0
molecola_43102,6,0,6,0.028222784399986267,0
molecola_43102,7,0,7,0.03948860615491867,0
molecola_43102,8,0,8,0.06894541531801224,0
molecola_43102,9,0,9,0.12622012197971344,0
molecola_43102,10,0,10,0.06851419061422348,0
molecola_43102,11,0,11,0.153177872300148,0
molecola_43102,12,0,12,0.1091325432062149,0
molecola_43102,13,0,13,0.00495916185900569,0
molecola_43102,14,0,14,0.0014382023364305496,0
molecola_43102,15,0,15,0.04201516881585121,0
molecola_43102,16,0,16,0.0014396123588085175,0
molecola_43102,17,0,17,0.0010763873578980565,0
molecola_43102,18,1,18,0.9840441346168518,1
molecola_43102,19,1,19,0.9706497192382812,1
molecola_43102,20,0,20,0.005651761312037706,0
molecola_43102,21,0,21,0.12748019397258759,0
molecola_43102,22,0,22,0.2833169996738434,0
molecola_43102,23,0,23,0.2737591564655304,0
molecola_43102,24,0,24,0.11490097641944885,0
molecola_43102,25,0,25,0.02880610153079033,0
molecola_435,1,0,1,0.09540033340454102,0
molecola_435,2,0,2,0.052832238376140594,0
molecola_435,3,0,3,0.050523776561021805,0
molecola_435,4,0,4,0.024970727041363716,0
molecola_435,5,0,5,0.01014503464102745,0
molecola_435,6,0,6,0.012697714380919933,0
molecola_435,7,1,7,0.9686827063560486,1
molecola_435,8,1,8,0.9652665257453918,1
molecola_435,9,0,9,0.06137014180421829,0
molecola_435,10,1,10,0.9770964980125427,1
molecola_435,11,1,11,0.9088248610496521,1
molecola_435,12,1,12,0.9575147032737732,1
molecola_435,13,0,13,0.0340685173869133,0
molecola_435,14,0,14,0.09625905007123947,0
molecola_435,15,0,15,0.1901186853647232,0
molecola_435,16,0,16,0.003221171908080578,0
molecola_435,17,0,17,0.0007773127290420234,0
molecola_435,18,0,18,0.0020273206755518913,0
molecola_435,19,0,19,0.0007773127290420234,0
molecola_435,20,0,20,0.003221171908080578,0
molecola_435,21,0,21,0.0009864367311820388,0
molecola_435,22,0,22,0.0009303453844040632,0
molecola_435,23,0,23,0.0009864367311820388,0
molecola_435,24,0,24,0.0009303453844040632,0
molecola_44876,1,0,1,0.004573646932840347,0
molecola_44876,2,0,2,0.0018014069646596909,0
molecola_44876,3,0,3,0.0014694967539981008,0
molecola_44876,4,0,4,0.0019928559195250273,0
molecola_44876,5,0,5,0.0012983327032998204,0
molecola_44876,6,0,6,0.001013905624859035,0
molecola_44876,7,0,7,0.0013603378320112824,0
molecola_44876,8,0,8,0.004657450597733259,0
molecola_44876,9,0,9,0.0008915254729799926,0
molecola_44876,10,0,10,0.0020569986663758755,0
molecola_44876,11,0,11,0.001049582613632083,0
molecola_44876,12,0,12,0.0016982874367386103,0
molecola_44876,13,0,13,0.005550259258598089,0
molecola_44876,14,0,14,0.0026298484299331903,0
molecola_44876,15,0,15,0.0018230382120236754,0
molecola_44876,16,0,16,0.001051387982442975,0
molecola_44876,17,0,17,0.001190902665257454,0
molecola_44876,18,0,18,0.0033106899354606867,0
molecola_44876,19,1,19,0.9830192923545837,1
molecola_44876,20,0,20,0.01432354748249054,0
molecola_44876,21,0,21,0.07722106575965881,0
molecola_44876,22,0,22,0.0031497797463089228,0
molecola_44876,23,0,23,0.0015708609716966748,0
molecola_45025,1,0,1,0.0010143211111426353,0
molecola_45025,2,0,2,0.0007924859528429806,0
molecola_45025,3,0,3,0.0014915867941454053,0
molecola_45025,4,1,4,0.9819154739379883,1
molecola_45025,5,1,5,0.9696603417396545,1
molecola_45025,6,0,6,0.0019429039675742388,0
molecola_45025,7,0,7,0.0018263445235788822,0
molecola_45025,8,0,8,0.0008496714290231466,0
molecola_45025,9,0,9,0.0018643520306795835,0
molecola_45025,10,0,10,0.001147155649960041,0
molecola_45025,11,0,11,0.0007063224911689758,0
molecola_46268,1,0,1,0.10397912561893463,0
molecola_46268,2,0,2,0.24851764738559723,0
molecola_46268,3,0,3,0.2998119592666626,0
molecola_46268,4,0,4,0.938512921333313,1
molecola_46268,5,0,5,0.9213163256645203,1
molecola_46268,6,0,6,0.1735471785068512,0
molecola_46268,7,0,7,0.06959875673055649,0
molecola_46268,8,0,8,0.9465711116790771,1
molecola_46268,9,0,9,0.9211024641990662,1
molecola_46268,10,0,10,0.6671378016471863,1
molecola_46268,11,0,11,0.7002474665641785,1
molecola_46268,12,0,12,0.9204373359680176,1
molecola_46268,13,1,13,0.9780532121658325,1
molecola_46268,14,1,14,0.9769127368927002,1
molecola_46268,15,0,15,0.7897080183029175,1
molecola_46268,16,0,16,0.00836375541985035,0
molecola_46268,17,0,17,0.6505705714225769,1
molecola_46268,18,0,18,0.8329216241836548,1
molecola_46268,19,0,19,0.7719823718070984,1
molecola_46268,20,0,20,0.11596094071865082,0
molecola_46268,21,0,21,0.9807255864143372,1
molecola_46268,22,0,22,0.8998010754585266,1
molecola_46268,23,0,23,0.8998010754585266,1
molecola_46926,1,1,1,0.9666187167167664,1
molecola_46926,2,1,2,0.9917566776275635,1
molecola_46926,3,0,3,0.9666187167167664,1
molecola_46926,4,0,4,0.015080219134688377,0
molecola_46926,5,0,5,0.0017935154028236866,0
molecola_46926,6,0,6,0.001461228122934699,0
molecola_46926,7,0,7,0.0006019853753969073,0
molecola_46926,8,0,8,0.0013974931789562106,0
molecola_46926,9,0,9,0.0013420736650004983,0
molecola_46926,10,0,10,0.026080654934048653,0
molecola_46926,11,0,11,0.01856815069913864,0
molecola_46926,12,0,12,0.016400247812271118,0
molecola_46926,13,0,13,0.015173322521150112,0
molecola_46926,14,0,14,0.1479385942220688,0
molecola_46926,15,0,15,0.007173342164605856,0
molecola_46926,16,0,16,0.0016858315793797374,0
molecola_46926,17,0,17,0.0009535748977214098,0
molecola_46926,18,0,18,0.0027946794871240854,0
molecola_46926,19,0,19,0.04085041582584381,0
molecola_46926,20,0,20,0.05898260325193405,0
molecola_46926,21,0,21,0.04085041582584381,0
molecola_46926,22,0,22,0.0027946794871240854,0
molecola_46926,23,0,23,0.025829598307609558,0
molecola_46926,24,0,24,0.002404622035101056,0
molecola_46926,25,0,25,0.026904301717877388,0
molecola_46926,26,0,26,0.007823140360414982,0
molecola_46926,27,0,27,0.7892738580703735,1
molecola_46926,28,0,28,0.0012259825598448515,0
molecola_46926,29,0,29,0.0008647104259580374,0
molecola_46926,30,0,30,0.0008647104259580374,0
molecola_46926,31,0,31,0.0008647104259580374,0
molecola_48144,1,0,1,0.0032067573629319668,0
molecola_48144,2,0,2,0.0016776289558038116,0
molecola_48144,3,0,3,0.0015847311588004231,0
molecola_48144,4,0,4,0.0011049738386645913,0
molecola_48144,5,0,5,0.0008971961215138435,0
molecola_48144,6,0,6,0.0009743455448187888,0
molecola_48144,7,0,7,0.0009064336190931499,0
molecola_48144,8,1,8,0.011451883241534233,0
molecola_48144,9,0,9,0.08285829424858093,0
molecola_48144,10,1,10,0.9890622496604919,1
molecola_48144,11,1,11,0.43835872411727905,0
molecola_48144,12,0,12,0.0022808166686445475,0
molecola_48144,13,0,13,0.0010031104320660233,0
molecola_48144,14,0,14,0.0006659783539362252,0
molecola_48144,15,0,15,0.013180357404053211,0
molecola_48144,16,0,16,0.0180087611079216,0
molecola_48144,17,0,17,0.5665105581283569,1
molecola_48144,18,0,18,0.0180087611079216,0
molecola_48144,19,0,19,0.013180357404053211,0
molecola_48144,20,0,20,0.0011365213431417942,0
molecola_48144,21,0,21,0.0021116563584655523,0
molecola_48144,22,0,22,0.0014905225252732635,0
molecola_48326,1,1,1,0.9675716161727905,1
molecola_48326,2,1,2,0.9916368126869202,1
molecola_48326,3,1,3,0.9675716161727905,1
molecola_48326,4,0,4,0.009337430819869041,0
molecola_48326,5,0,5,0.0014788510743528605,0
molecola_48326,6,0,6,0.0009194515878334641,0
molecola_48326,7,0,7,0.010765924118459225,0
molecola_48326,8,0,8,0.0009783835848793387,0
molecola_48326,9,0,9,0.032336656004190445,0
molecola_48326,10,0,10,0.0721462070941925,0
molecola_48326,11,0,11,0.06009078398346901,0
molecola_48326,12,0,12,0.006381015293300152,0
molecola_48326,13,0,13,0.000994976842775941,0
molecola_48326,14,0,14,0.0007769360672682524,0
molecola_48326,15,0,15,0.0011859897058457136,0
molecola_48326,16,0,16,0.016085907816886902,0
molecola_48326,17,0,17,0.05126344412565231,0
molecola_48326,18,0,18,0.05750308558344841,0
molecola_48326,19,0,19,0.03434900566935539,0
molecola_48326,20,0,20,0.0010982266394421458,0
molecola_48604,1,0,1,0.01376307476311922,0
molecola_48604,2,0,2,0.00452071288600564,0
molecola_48604,3,0,3,0.011171028017997742,0
molecola_48604,4,0,4,0.011095617897808552,0
molecola_48604,5,0,5,0.03216168284416199,0
molecola_48604,6,0,6,0.02077489346265793,0
molecola_48604,7,0,7,0.03137753903865814,0
molecola_48604,8,0,8,0.030101457610726357,0
molecola_48604,9,0,9,0.017549673095345497,0
molecola_48604,10,0,10,0.02371642179787159,0
molecola_48604,11,0,11,0.0345795638859272,0
molecola_48604,12,0,12,0.010415468364953995,0
molecola_48604,13,0,13,0.031486958265304565,0
molecola_48604,14,0,14,0.05590343475341797,0
molecola_48604,15,0,15,0.024428442120552063,0
molecola_48604,16,0,16,0.017627445980906487,0
molecola_48604,17,0,17,0.00740894814953208,0
molecola_48604,18,0,18,0.003241093596443534,0
molecola_48604,19,0,19,0.0031789294444024563,0
molecola_48604,20,0,20,0.0045119659043848515,0
molecola_48604,21,0,21,0.003945710137486458,0
molecola_48604,22,0,22,0.0020236580166965723,0
molecola_48604,23,0,23,0.0008963647997006774,0
molecola_48604,24,0,24,0.0020236580166965723,0
molecola_48604,25,0,25,0.003945710137486458,0
molecola_48604,26,0,26,0.0010411761468276381,0
molecola_48604,27,0,27,0.0009548513335175812,0
molecola_48604,28,0,28,0.28957903385162354,0
molecola_48604,29,0,29,0.05214078351855278,0
molecola_48604,30,0,30,0.882182776927948,1
molecola_48604,31,1,31,0.984399676322937,1
molecola_48604,32,0,32,0.9068924188613892,1
molecola_48604,33,1,33,0.9068924188613892,1
molecola_48604,34,0,34,0.013328238390386105,0
molecola_48604,35,0,35,0.0018597213784232736,0
molecola_48604,36,0,36,0.0009720937232486904,0
molecola_48604,37,0,37,0.0012145998189225793,0
molecola_48604,38,0,38,0.0016628814628347754,0
molecola_48604,39,0,39,0.0009720932575874031,0
molecola_48604,40,0,40,0.0012145998189225793,0
molecola_48604,41,0,41,0.0018597213784232736,0
molecola_48670,1,0,1,0.03450068458914757,0
molecola_48670,2,0,2,0.01385531947016716,0
molecola_48670,3,0,3,0.03912073373794556,0
molecola_48670,4,0,4,0.04089569300413132,0
molecola_48670,5,0,5,0.026020370423793793,0
molecola_48670,6,0,6,0.048145972192287445,0
molecola_48670,7,0,7,0.01892390102148056,0
molecola_48670,8,0,8,0.019940154626965523,0
molecola_48670,9,0,9,0.00652798917144537,0
molecola_48670,10,0,10,0.03129962086677551,0
molecola_48670,11,0,11,0.14486949145793915,0
molecola_48670,12,0,12,0.11077503859996796,0
molecola_48670,13,0,13,0.05488523840904236,0
molecola_48670,14,0,14,0.019496720284223557,0
molecola_48670,15,0,15,0.028148584067821503,0
molecola_48670,16,0,16,0.034490250051021576,0
molecola_48670,17,0,17,0.03173092380166054,0
molecola_48670,18,0,18,0.03517727181315422,0
molecola_48670,19,0,19,0.03210729360580444,0
molecola_48670,20,0,20,0.1302075982093811,0
molecola_48670,21,0,21,0.4555068016052246,0
molecola_48670,22,0,22,0.1136079728603363,0
molecola_48670,23,1,23,0.9898064732551575,1
molecola_48670,24,0,24,0.5968337059020996,1
molecola_48670,25,0,25,0.13823306560516357,0
molecola_48670,26,0,26,0.0012977787991985679,0
molecola_48670,27,0,27,0.001319496426731348,0
molecola_48670,28,0,28,0.0009630072163417935,0
molecola_48670,29,0,29,0.0665641501545906,0
molecola_48670,30,0,30,0.10657569766044617,0
molecola_48670,31,0,31,0.06656406074762344,0
molecola_48728,1,0,1,0.0014057670487090945,0
molecola_48728,2,0,2,0.0009664052631705999,0
molecola_48728,3,0,3,0.0019922612700611353,0
molecola_48728,4,0,4,0.6621824502944946,1
molecola_48728,5,0,5,0.9844399690628052,1
molecola_48728,6,0,6,0.9777371287345886,1
molecola_48728,7,0,7,0.6621824502944946,1
molecola_48728,8,0,8,0.0019922612700611353,0
molecola_48728,9,0,9,0.0012278002686798573,0
molecola_48728,10,0,10,0.001122662564739585,0
molecola_48728,11,0,11,0.029180258512496948,0
molecola_48728,12,0,12,0.001061921357177198,0
molecola_48728,13,0,13,0.004639163613319397,0
molecola_48728,14,0,14,0.018562203273177147,0
molecola_48728,15,0,15,0.005453574005514383,0
molecola_48728,16,1,16,0.9882240295410156,1
molecola_48728,17,0,17,0.001882167998701334,0
molecola_48728,18,0,18,0.0010698792757466435,0
molecola_48728,19,0,19,0.0007875781739130616,0
molecola_48728,20,0,20,0.0006479124422185123,0
molecola_49648,1,0,1,0.024792054668068886,0
molecola_49648,2,0,2,0.28410229086875916,0
molecola_49648,3,0,3,0.009461523965001106,0
molecola_49648,4,0,4,0.0006742872064933181,0
molecola_49648,5,0,5,0.0007806668872945011,0
molecola_49648,6,0,6,0.005317897070199251,0
molecola_49648,7,0,7,0.0018716877093538642,0
molecola_49648,8,0,8,0.0010296081891283393,0
molecola_49648,9,1,9,0.7633733153343201,1
molecola_49648,10,0,10,0.033221423625946045,0
molecola_49648,11,0,11,0.04271169751882553,0
molecola_49648,12,1,12,0.7721071839332581,1
molecola_49648,13,0,13,0.002048396971076727,0
molecola_49648,14,0,14,0.0008381084189750254,0
molecola_49648,15,0,15,0.0010551015147939324,0
molecola_49648,16,0,16,0.0008577240514568985,0
molecola_49648,17,0,17,0.0006514321430586278,0
molecola_49648,18,0,18,0.9235808849334717,1
molecola_49648,19,0,19,0.9425653219223022,1
molecola_49648,20,0,20,0.005892990157008171,0
molecola_49648,21,0,21,0.00811278261244297,0
molecola_49648,22,0,22,0.0009128463570959866,0
molecola_49648,23,0,23,0.9323464035987854,1
molecola_49648,24,0,24,0.9450986981391907,1
molecola_49648,25,1,25,0.902692437171936,1
molecola_49648,26,1,26,0.9040987491607666,1
molecola_49648,27,0,27,0.9078562259674072,1
molecola_49648,28,0,28,0.9559838175773621,1
molecola_497,1,1,1,0.9734466075897217,1
molecola_497,2,1,2,0.9801795482635498,1
molecola_497,3,0,3,0.001020815339870751,0
molecola_497,4,0,4,0.0006396253011189401,0
molecola_497,5,0,5,0.0026338875759392977,0
molecola_497,6,0,6,0.00099254644010216,0
molecola_497,7,0,7,0.0017585535533726215,0
molecola_497,8,0,8,0.0011640891898423433,0
molecola_497,9,0,9,0.0023374089505523443,0
molecola_497,10,0,10,0.001440757536329329,0
molecola_497,11,0,11,0.0012153421994298697,0
molecola_497,12,0,12,0.0008988377521745861,0
molecola_497,13,0,13,0.0023723680060356855,0
molecola_497,14,0,14,0.036971382796764374,0
molecola_497,15,0,15,0.059010181576013565,0
molecola_497,16,0,16,0.036971382796764374,0
molecola_497,17,0,17,0.0023723680060356855,0
molecola_497,18,0,18,0.0011640891898423433,0
molecola_497,19,0,19,0.0017585535533726215,0
molecola_497,20,0,20,0.0006493865512311459,0
molecola_497,21,0,21,0.001120152184739709,0
molecola_497,22,0,22,0.046395882964134216,0
molecola_497,23,0,23,0.050154030323028564,0
molecola_497,24,0,24,0.0018702176166698337,0
molecola_497,25,0,25,0.0005748533294536173,0
molecola_497,26,0,26,0.0006564556970261037,0
molecola_50245,1,1,1,0.908930242061615,1
molecola_50245,2,1,2,0.989179253578186,1
molecola_50245,3,1,3,0.908930242061615,1
molecola_50245,4,1,4,0.950485110282898,1
molecola_50245,5,0,5,0.004791509360074997,0
molecola_50245,6,0,6,0.002169740153476596,0
molecola_50245,7,0,7,0.03765855357050896,0
molecola_50245,8,0,8,0.0037661150563508272,0
molecola_50245,9,0,9,0.0014349895063787699,0
molecola_50245,10,0,10,0.0011189811630174518,0
molecola_50245,11,0,11,0.0015777128282934427,0
molecola_50245,12,0,12,0.0016195448115468025,0
molecola_50245,13,0,13,0.001051827217452228,0
molecola_50245,14,0,14,0.0028570990543812513,0
molecola_50245,15,0,15,0.0016784468898549676,0
molecola_50245,16,0,16,0.0013099455973133445,0
molecola_50245,17,0,17,0.0010470518609508872,0
molecola_50245,18,0,18,0.0026177731342613697,0
molecola_50245,19,0,19,0.029666192829608917,0
molecola_50245,20,0,20,0.003553153946995735,0
molecola_50245,21,0,21,0.007826863788068295,0
molecola_50245,22,0,22,0.0030484593007713556,0
molecola_50245,23,0,23,0.0012483918108046055,0
molecola_50245,24,0,24,0.0011839951621368527,0
molecola_50245,25,0,25,0.0017819401109591126,0
molecola_50245,26,0,26,0.0015433267690241337,0
molecola_51628,1,0,1,0.007495223544538021,0
molecola_51628,2,0,2,0.06613308936357498,0
molecola_51628,3,0,3,0.0010618454543873668,0
molecola_51628,4,0,4,0.004007650539278984,0
molecola_51628,5,0,5,0.7734764814376831,1
molecola_51628,6,1,6,0.9844055771827698,1
molecola_51628,7,1,7,0.9759867191314697,1
molecola_51628,8,0,8,0.8627608418464661,1
molecola_51628,9,0,9,0.0067179761826992035,0
molecola_51628,10,0,10,0.0014806442195549607,0
molecola_51628,11,0,11,0.0006992398994043469,0
molecola_51628,12,0,12,0.012082159519195557,0
molecola_51628,13,0,13,0.054878659546375275,0
molecola_51628,14,0,14,0.05361676961183548,0
molecola_51628,15,0,15,0.002111119916662574,0
molecola_51628,16,0,16,0.0007105528493411839,0
molecola_51628,17,0,17,0.0009160081390291452,0
molecola_5190,1,0,1,0.002083964180201292,0
molecola_5190,2,0,2,0.0008552834624424577,0
molecola_5190,3,0,3,0.0015113198896870017,0
molecola_5190,4,0,4,0.0016710954951122403,0
molecola_5190,5,0,5,0.0007716060499660671,0
molecola_5190,6,0,6,0.0009172037825919688,0
molecola_5190,7,0,7,0.001069244579412043,0
molecola_5190,8,0,8,0.9847602248191833,1
molecola_5190,9,0,9,0.972682774066925,1
molecola_5190,10,0,10,0.0006909689982421696,0
molecola_5190,11,0,11,0.0010800266172736883,0
molecola_5190,12,0,12,0.001117016188800335,0
molecola_5190,13,0,13,0.0007358392467722297,0
molecola_5190,14,0,14,0.0018302490934729576,0
molecola_5190,15,0,15,0.0027768746949732304,0
molecola_5190,16,0,16,0.932488203048706,1
molecola_5190,17,1,17,0.9883081316947937,1
molecola_5190,18,0,18,0.9104078412055969,1
molecola_5190,19,1,19,0.9104078412055969,1
molecola_5202,1,1,1,0.989712119102478,1
molecola_5202,2,0,2,0.12746649980545044,0
molecola_5202,3,0,3,0.4247279763221741,0
molecola_5202,4,0,4,0.12746649980545044,0
molecola_5202,5,0,5,0.989712119102478,1
molecola_5202,6,0,6,0.3878139555454254,0
molecola_5202,7,0,7,0.2567715644836426,0
molecola_5202,8,0,8,0.1156311109662056,0
molecola_5202,9,0,9,0.09020820260047913,0
molecola_5202,10,0,10,0.14578168094158173,0
molecola_5202,11,0,11,0.08973945677280426,0
molecola_5202,12,0,12,0.5256015062332153,1
molecola_5202,13,0,13,0.07464875280857086,0
molecola_5202,14,1,14,0.981486976146698,1
molecola_5202,15,0,15,0.567172110080719,1
molecola_5202,16,0,16,0.9822543263435364,1
molecola_5202,17,0,17,0.1399877667427063,0
molecola_5202,18,0,18,0.3878139555454254,0
molecola_52523,1,0,1,0.0009324112324975431,0
molecola_52523,2,0,2,0.0034415184054523706,0
molecola_52523,3,0,3,0.0019307826878502965,0
molecola_52523,4,0,4,0.002568087773397565,0
molecola_52523,5,0,5,0.0007761276792734861,0
molecola_52523,6,0,6,0.0019003991037607193,0
molecola_52523,7,1,7,0.6013967394828796,1
molecola_52523,8,1,8,0.7996167540550232,1
molecola_52523,9,1,9,0.9868432879447937,1
molecola_52523,10,1,10,0.9767172336578369,1
molecola_52523,11,1,11,0.8016762733459473,1
molecola_52523,12,0,12,0.006208131089806557,0
molecola_52523,13,0,13,0.0026043839752674103,0
molecola_52523,14,0,14,0.00404249457642436,0
molecola_52523,15,0,15,0.0007634152425453067,0
molecola_52523,16,0,16,0.0015992032131180167,0
molecola_52523,17,0,17,0.43610191345214844,0
molecola_52523,18,0,18,0.32034972310066223,0
molecola_52523,19,0,19,0.9635977745056152,1
molecola_52523,20,0,20,0.957491934299469,1
molecola_52523,21,0,21,0.21090461313724518,0
molecola_52523,22,0,22,0.17401976883411407,0
molecola_53143,1,0,1,0.003596663475036621,0
molecola_53143,2,0,2,0.0015736747300252318,0
molecola_53143,3,0,3,0.0013479288900271058,0
molecola_53143,4,0,4,0.0012128778034821153,0
molecola_53143,5,0,5,0.0018686596304178238,0
molecola_53143,6,1,6,0.9479727745056152,1
molecola_53143,7,0,7,0.009322775527834892,0
molecola_53143,8,1,8,0.928644597530365,1
molecola_53143,9,0,9,0.005464843474328518,0
molecola_53143,10,0,10,0.003540897974744439,0
molecola_53143,11,0,11,0.003596663475036621,0
molecola_53351,1,0,1,0.9654366970062256,1
molecola_53351,2,0,2,0.9263241291046143,1
molecola_53351,3,0,3,0.8388640880584717,1
molecola_53351,4,0,4,0.858453631401062,1
molecola_53351,5,0,5,0.2402038723230362,0
molecola_53351,6,0,6,0.05296593904495239,0
molecola_53351,7,0,7,0.10023397952318192,0
molecola_53351,8,0,8,0.22490759193897247,0
molecola_53351,9,1,9,0.9552963376045227,1
molecola_53351,10,0,10,0.11439241468906403,0
molecola_53351,11,0,11,0.03501170873641968,0
molecola_53351,12,0,12,0.05619531497359276,0
molecola_53351,13,0,13,0.05794542282819748,0
molecola_53351,14,0,14,0.039433274418115616,0
molecola_53351,15,0,15,0.01875707134604454,0
molecola_53351,16,1,16,0.9536789655685425,1
molecola_53351,17,0,17,0.8731443881988525,1
molecola_53351,18,1,18,0.8731443881988525,1
molecola_5340,1,1,1,0.9889666438102722,1
molecola_5340,2,0,2,0.040986306965351105,0
molecola_5340,3,0,3,0.768212616443634,1
molecola_5340,4,0,4,0.10305614024400711,0
molecola_5340,5,0,5,0.03219011798501015,0
molecola_5340,6,0,6,0.10305614024400711,0
molecola_5340,7,0,7,0.768212616443634,1
molecola_5340,8,0,8,0.04256248474121094,0
molecola_5340,9,0,9,0.026375990360975266,0
molecola_5340,10,0,10,0.0076628210954368114,0
molecola_5340,11,0,11,0.04838202893733978,0
molecola_5340,12,0,12,0.14464795589447021,0
molecola_5340,13,0,13,0.1778927594423294,0
molecola_5340,14,0,14,0.2979184091091156,0
molecola_5340,15,0,15,0.46493127942085266,0
molecola_5340,16,0,16,0.19785425066947937,0
molecola_5340,17,0,17,0.17429713904857635,0
molecola_5340,18,0,18,0.21272526681423187,0
molecola_5340,19,1,19,0.9815919399261475,1
molecola_5340,20,0,20,0.22664989531040192,0
molecola_5340,21,0,21,0.05077917128801346,0
molecola_5340,22,0,22,0.06354431807994843,0
molecola_53465,1,1,1,0.8198356032371521,1
molecola_53465,2,1,2,0.9280091524124146,1
molecola_53465,3,1,3,0.8660333156585693,1
molecola_53465,4,1,4,0.861785352230072,1
molecola_53465,5,0,5,0.8225176930427551,1
molecola_53465,6,0,6,0.8975951075553894,1
molecola_53465,7,0,7,0.810005247592926,1
molecola_53465,8,1,8,0.9704338908195496,1
molecola_53465,9,0,9,0.8969659209251404,1
molecola_53465,10,1,10,0.8969659209251404,1
molecola_53758,1,1,1,0.9725862741470337,1
molecola_53758,2,1,2,0.15848810970783234,0
molecola_53758,3,1,3,0.09113232791423798,0
molecola_53758,4,1,4,0.08692842721939087,0
molecola_53758,5,1,5,0.16728642582893372,0
molecola_53758,6,1,6,0.029007047414779663,0
molecola_53758,7,0,7,0.04865982383489609,0
molecola_53758,8,0,8,0.002563746878877282,0
molecola_53758,9,0,9,0.0007830503163859248,0
molecola_53758,10,0,10,0.0009430795325897634,0
molecola_53758,11,0,11,0.0015983560588210821,0
molecola_53758,12,0,12,0.0009604045189917088,0
molecola_53758,13,0,13,0.0012020785361528397,0
molecola_53758,14,0,14,0.0015983560588210821,0
molecola_53758,15,0,15,0.0007830503163859248,0
molecola_53758,16,0,16,0.0009430795325897634,0
molecola_54424,1,0,1,0.9100947380065918,1
molecola_54424,2,1,2,0.9789150357246399,1
molecola_54424,3,1,3,0.9562138915061951,1
molecola_54424,4,0,4,0.05809613689780235,0
molecola_54424,5,0,5,0.0028583924286067486,0
molecola_54424,6,0,6,0.001995679223909974,0
molecola_54424,7,0,7,0.002062631770968437,0
molecola_54424,8,0,8,0.0035419748164713383,0
molecola_54424,9,0,9,0.002345010172575712,0
molecola_54424,10,0,10,0.0027672757860273123,0
molecola_54424,11,0,11,0.0017204169416800141,0
molecola_54424,12,0,12,0.0010290395002812147,0
molecola_54424,13,0,13,0.004490938037633896,0
molecola_54424,14,0,14,0.01148407906293869,0
molecola_54424,15,0,15,0.9201874136924744,1
molecola_54424,16,0,16,0.9238819479942322,1
molecola_54424,17,0,17,0.8866162300109863,1
molecola_54424,18,0,18,0.9324919581413269,1
molecola_54424,19,0,19,0.8216234445571899,1
molecola_54424,20,0,20,0.8748270273208618,1
molecola_54424,21,0,21,0.582798182964325,1
molecola_54424,22,0,22,0.8695080280303955,1
molecola_54424,23,0,23,0.8958526849746704,1
molecola_54424,24,0,24,0.9253445267677307,1
molecola_54424,25,0,25,0.9272702932357788,1
molecola_54424,26,0,26,0.0019004351925104856,0
molecola_54424,27,0,27,0.0017223661998286843,0
molecola_54424,28,0,28,0.001995679223909974,0
molecola_54424,29,0,29,0.0028583924286067486,0
molecola_5459,1,0,1,0.8512653708457947,1
molecola_5459,2,0,2,0.06773228198289871,0
molecola_5459,3,0,3,0.09887096285820007,0
molecola_5459,4,0,4,0.055503301322460175,0
molecola_5459,5,0,5,0.036163438111543655,0
molecola_5459,6,0,6,0.0034545212984085083,0
molecola_5459,7,0,7,0.0020575898233801126,0
molecola_5459,8,0,8,0.13604001700878143,0
molecola_5459,9,0,9,0.04431179538369179,0
molecola_5459,10,0,10,0.13430330157279968,0
molecola_5459,11,1,11,0.9589090347290039,1
molecola_5459,12,0,12,0.00222223624587059,0
molecola_5459,13,0,13,0.0026849766727536917,0
molecola_5459,14,0,14,0.0026560944970697165,0
molecola_5459,15,0,15,0.0014437544159591198,0
molecola_5459,16,0,16,0.0010890875710174441,0
molecola_5459,17,0,17,0.0026560944970697165,0
molecola_5459,18,0,18,0.0026849766727536917,0
molecola_5461,1,0,1,0.0077483332715928555,0
molecola_5461,2,0,2,0.0021682747174054384,0
molecola_5461,3,0,3,0.0017380161443725228,0
molecola_5461,4,0,4,0.0009254298056475818,0
molecola_5461,5,0,5,0.0017412904417142272,0
molecola_5461,6,0,6,0.0006404371815733612,0
molecola_5461,7,0,7,0.005308689083904028,0
molecola_5461,8,0,8,0.0006040656589902937,0
molecola_5461,9,0,9,0.0006040656589902937,0
molecola_5461,10,0,10,0.0006787187303416431,0
molecola_5461,11,0,11,0.03743509575724602,0
molecola_5461,12,0,12,0.027656275779008865,0
molecola_5461,13,0,13,0.04212762787938118,0
molecola_5461,14,0,14,0.18762193620204926,0
molecola_5461,15,0,15,0.0983634665608406,0
molecola_5461,16,1,16,0.9878188371658325,1
molecola_5461,17,0,17,0.050962552428245544,0
molecola_5464,1,0,1,0.9425399303436279,1
molecola_5464,2,0,2,0.987282395362854,1
molecola_5464,3,0,3,0.9425399303436279,1
molecola_5464,4,0,4,0.01694120280444622,0
molecola_5464,5,0,5,0.002953121205791831,0
molecola_5464,6,0,6,0.0036329010035842657,0
molecola_5464,7,0,7,0.011981306597590446,0
molecola_5464,8,0,8,0.595930814743042,1
molecola_5464,9,0,9,0.005643224809318781,0
molecola_5464,10,0,10,0.012944528833031654,0
molecola_5464,11,0,11,0.00372278387658298,0
molecola_5464,12,0,12,0.0009856682736426592,0
molecola_5464,13,0,13,0.0012367889285087585,0
molecola_5464,14,0,14,0.0036295715253800154,0
molecola_5464,15,0,15,0.012080617249011993,0
molecola_5464,16,0,16,0.008810980245471,0
molecola_5464,17,0,17,0.03310724347829819,0
molecola_5464,18,1,18,0.9879797697067261,1
molecola_5464,19,0,19,0.02791149728000164,0
molecola_5464,20,0,20,0.05347990617156029,0
molecola_5464,21,0,21,0.9837893843650818,1
molecola_54694,1,1,1,0.9897637367248535,1
molecola_54694,2,0,2,0.03182218223810196,0
molecola_54694,3,0,3,0.009889389388263226,0
molecola_54694,4,0,4,0.005082216113805771,0
molecola_54694,5,0,5,0.0025206964928656816,0
molecola_54694,6,0,6,0.014268380589783192,0
molecola_54694,7,0,7,0.02222353219985962,0
molecola_54694,8,0,8,0.008079024031758308,0
molecola_54694,9,0,9,0.010980302467942238,0
molecola_54694,10,0,10,0.0034065423533320427,0
molecola_54694,11,0,11,0.0018873743247240782,0
molecola_54694,12,0,12,0.0037516870070248842,0
molecola_54694,13,0,13,0.002403855789452791,0
molecola_54694,14,0,14,0.0016185845015570521,0
molecola_54694,15,0,15,0.0011761037167161703,0
molecola_54694,16,0,16,0.0018142047338187695,0
molecola_54694,17,0,17,0.0009303559781983495,0
molecola_54694,18,0,18,0.0009422572911716998,0
molecola_54694,19,0,19,0.0007739592692814767,0
molecola_54694,20,0,20,0.0017294167773798108,0
molecola_54694,21,0,21,0.006400074809789658,0
molecola_54694,22,0,22,0.010692309588193893,0
molecola_54694,23,0,23,0.0025337201077491045,0
molecola_54694,24,0,24,0.006400074809789658,0
molecola_54694,25,0,25,0.0017294167773798108,0
molecola_54694,26,0,26,0.0037516870070248842,0
molecola_54694,27,0,27,0.0018873743247240782,0
molecola_54843,1,1,1,0.9893250465393066,1
molecola_54843,2,0,2,0.11308667063713074,0
molecola_54843,3,0,3,0.19845189154148102,0
molecola_54843,4,0,4,0.04660610109567642,0
molecola_54843,5,0,5,0.048474255949258804,0
molecola_54843,6,0,6,0.003376974957063794,0
molecola_54843,7,0,7,0.3114392161369324,0
molecola_54843,8,0,8,0.0029454664327204227,0
molecola_54843,9,0,9,0.004950808361172676,0
molecola_54843,10,0,10,0.0015513913240283728,0
molecola_54843,11,0,11,0.0008290968253277242,0
molecola_54843,12,0,12,0.0024663975927978754,0
molecola_54843,13,0,13,0.006418792996555567,0
molecola_54843,14,0,14,0.0018806062871590257,0
molecola_54843,15,0,15,0.5979009866714478,1
molecola_54843,16,0,16,0.006438102573156357,0
molecola_54843,17,0,17,0.01951124705374241,0
molecola_54843,18,0,18,0.009505725465714931,0
molecola_54843,19,0,19,0.0220265481621027,0
molecola_54843,20,0,20,0.025304224342107773,0
molecola_54843,21,0,21,0.005717800930142403,0
molecola_54843,22,0,22,0.0007377894944511354,0
molecola_54843,23,0,23,0.0007377894944511354,0
molecola_54843,24,0,24,0.0007377894944511354,0
molecola_54843,25,0,25,0.056303687393665314,0
molecola_54843,26,0,26,0.020679185166954994,0
molecola_54843,27,0,27,0.05008571967482567,0
molecola_54843,28,0,28,0.9862473607063293,1
molecola_54872,1,0,1,0.0025785225443542004,0
molecola_54872,2,0,2,0.01955985836684704,0
molecola_54872,3,0,3,0.026257073506712914,0
molecola_54872,4,0,4,0.06608724594116211,0
molecola_54872,5,0,5,0.10587210953235626,0
molecola_54872,6,0,6,0.08158960193395615,0
molecola_54872,7,0,7,0.06126818060874939,0
molecola_54872,8,0,8,0.12258686125278473,0
molecola_54872,9,0,9,0.07192367315292358,0
molecola_54872,10,0,10,0.021118152886629105,0
molecola_54872,11,0,11,0.028708068653941154,0
molecola_54872,12,0,12,0.022940339520573616,0
molecola_54872,13,0,13,0.04869808256626129,0
molecola_54872,14,0,14,0.04386337101459503,0
molecola_54872,15,0,15,0.04366282746195793,0
molecola_54872,16,0,16,0.04137776792049408,0
molecola_54872,17,0,17,0.007971891202032566,0
molecola_54872,18,0,18,0.0029718009755015373,0
molecola_54872,19,0,19,0.001303382683545351,0
molecola_54872,20,0,20,0.0034683970734477043,0
molecola_54872,21,0,21,0.0034683970734477043,0
molecola_54872,22,1,22,0.97462397813797,1
molecola_54872,23,1,23,0.9663643836975098,1
molecola_54872,24,0,24,0.022385381162166595,0
molecola_54872,25,0,25,0.03623786196112633,0
molecola_54872,26,0,26,0.05558721721172333,0
molecola_54872,27,0,27,0.05586571991443634,0
molecola_54872,28,0,28,0.0399201475083828,0
molecola_54872,29,0,29,0.019231565296649933,0
molecola_54872,30,0,30,0.0022760783322155476,0
molecola_54888,1,0,1,0.013786615803837776,0
molecola_54888,2,0,2,0.005825007800012827,0
molecola_54888,3,0,3,0.014044814743101597,0
molecola_54888,4,0,4,0.006370270624756813,0
molecola_54888,5,0,5,0.2584887444972992,0
molecola_54888,6,0,6,0.4812871515750885,0
molecola_54888,7,0,7,0.5185582041740417,1
molecola_54888,8,0,8,0.4477083683013916,0
molecola_54888,9,0,9,0.4820564091205597,0
molecola_54888,10,0,10,0.21510371565818787,0
molecola_54888,11,0,11,0.7781364321708679,1
molecola_54888,12,0,12,0.7864468097686768,1
molecola_54888,13,0,13,0.02791157364845276,0
molecola_54888,14,0,14,0.007375810295343399,0
molecola_54888,15,0,15,0.009881917387247086,0
molecola_54888,16,0,16,0.0543181374669075,0
molecola_54888,17,0,17,0.10114028304815292,0
molecola_54888,18,0,18,0.08184816688299179,0
molecola_54888,19,0,19,0.0977834165096283,0
molecola_54888,20,0,20,0.14758284389972687,0
molecola_54888,21,1,21,0.9387446641921997,1
molecola_54888,22,0,22,0.09809841215610504,0
molecola_54888,23,0,23,0.17622584104537964,0
molecola_54888,24,0,24,0.18479880690574646,0
molecola_54888,25,0,25,0.0495966300368309,0
molecola_54891,1,0,1,0.0018480231519788504,0
molecola_54891,2,0,2,0.000839096843264997,0
molecola_54891,3,0,3,0.0010636759689077735,0
molecola_54891,4,0,4,0.0009243306121788919,0
molecola_54891,5,0,5,0.003499087877571583,0
molecola_54891,6,0,6,0.9273099303245544,1
molecola_54891,7,0,7,0.014212201349437237,0
molecola_54891,8,0,8,0.0377187617123127,0
molecola_54891,9,0,9,0.0789012759923935,0
molecola_54891,10,0,10,0.05630279332399368,0
molecola_54891,11,0,11,0.2496679425239563,0
molecola_54891,12,0,12,0.004915182013064623,0
molecola_54891,13,0,13,0.044866424053907394,0
molecola_54891,14,0,14,0.0009994155261665583,0
molecola_54891,15,0,15,0.0008009833982214332,0
molecola_54891,16,0,16,0.0028033838607370853,0
molecola_54891,17,0,17,0.003362520830705762,0
molecola_54891,18,0,18,0.002253887942060828,0
molecola_54891,19,0,19,0.0016100140055641532,0
molecola_54891,20,0,20,0.04839114472270012,0
molecola_54891,21,1,21,0.9788434505462646,1
molecola_54891,22,0,22,0.0008292730199173093,0
molecola_54891,23,0,23,0.0008004088886082172,0
molecola_54891,24,0,24,0.0013864097418263555,0
molecola_54894,1,0,1,0.009597782045602798,0
molecola_54894,2,0,2,0.017204631119966507,0
molecola_54894,3,0,3,0.009597782045602798,0
molecola_54894,4,0,4,0.04330847039818764,0
molecola_54894,5,0,5,0.007984277792274952,0
molecola_54894,6,0,6,0.0008486498263664544,0
molecola_54894,7,0,7,0.0007619442185387015,0
molecola_54894,8,0,8,0.0007619442185387015,0
molecola_54894,9,0,9,0.8971999883651733,1
molecola_54894,10,1,10,0.9882325530052185,1
molecola_54894,11,0,11,0.8981718420982361,1
molecola_54894,12,1,12,0.8981718420982361,1
molecola_54900,1,0,1,0.001637989655137062,0
molecola_54900,2,0,2,0.001188438618555665,0
molecola_54900,3,0,3,0.001637989655137062,0
molecola_54900,4,0,4,0.002682990627363324,0
molecola_54900,5,0,5,0.0025802559684962034,0
molecola_54900,6,0,6,0.002224339172244072,0
molecola_54900,7,0,7,0.017622508108615875,0
molecola_54900,8,0,8,0.075848788022995,0
molecola_54900,9,0,9,0.7682127952575684,1
molecola_54900,10,0,10,0.040986306965351105,0
molecola_54900,11,0,11,0.9889666438102722,1
molecola_54900,12,0,12,0.7682127952575684,1
molecola_54900,13,0,13,0.075848788022995,0
molecola_54900,14,0,14,0.0015585635555908084,0
molecola_54900,15,0,15,0.020338257774710655,0
molecola_54900,16,0,16,0.9421916007995605,1
molecola_54900,17,1,17,0.9877756834030151,1
molecola_54900,18,0,18,0.9090540409088135,1
molecola_54900,19,1,19,0.9090540409088135,1
molecola_54900,20,0,20,0.0015848239418119192,0
molecola_54900,21,0,21,0.00139527372084558,0
molecola_54900,22,0,22,0.01607324928045273,0
molecola_54900,23,0,23,0.009094658307731152,0
molecola_54900,24,0,24,0.0025271091144531965,0
molecola_54900,25,0,25,0.0014057743828743696,0
molecola_54900,26,0,26,0.0010890902485698462,0
molecola_54900,27,0,27,0.0025271091144531965,0
molecola_54900,28,0,28,0.009094658307731152,0
molecola_54907,1,0,1,0.9448426961898804,1
molecola_54907,2,0,2,0.9355464577674866,1
molecola_54907,3,0,3,0.7474728226661682,1
molecola_54907,4,0,4,0.9834237098693848,1
molecola_54907,5,0,5,0.9707614779472351,1
molecola_54907,6,0,6,0.8893488645553589,1
molecola_54907,7,0,7,0.9258378148078918,1
molecola_54907,8,0,8,0.8364382982254028,1
molecola_54907,9,0,9,0.10331223160028458,0
molecola_54907,10,0,10,0.0013630788307636976,0
molecola_54907,11,0,11,0.0013630788307636976,0
molecola_54907,12,0,12,0.012408431619405746,0
molecola_54907,13,0,13,0.055172547698020935,0
molecola_54907,14,0,14,0.026001308113336563,0
molecola_54907,15,0,15,0.08814216405153275,0
molecola_54907,16,0,16,0.1104390099644661,0
molecola_54907,17,0,17,0.18550245463848114,0
molecola_54907,18,0,18,0.1104390099644661,0
molecola_54907,19,0,19,0.08814216405153275,0
molecola_54907,20,0,20,0.4482915997505188,0
molecola_54907,21,0,21,0.09689183533191681,0
molecola_54907,22,0,22,0.0011689990060403943,0
molecola_54907,23,0,23,0.0011003960389643908,0
molecola_54907,24,0,24,0.012212607078254223,0
molecola_54907,25,0,25,0.03400846943259239,0
molecola_54907,26,0,26,0.8397791981697083,1
molecola_54907,27,1,27,0.9683910608291626,1
molecola_54907,28,0,28,0.8943405747413635,1
molecola_54907,29,1,29,0.8943405747413635,1
molecola_54977,1,0,1,0.23899924755096436,0
molecola_54977,2,0,2,0.16083282232284546,0
molecola_54977,3,0,3,0.07721070200204849,0
molecola_54977,4,0,4,0.11281652003526688,0
molecola_54977,5,0,5,0.03625744953751564,0
molecola_54977,6,0,6,0.0803643986582756,0
molecola_54977,7,0,7,0.1290554702281952,0
molecola_54977,8,1,8,0.9799038767814636,1
molecola_54977,9,0,9,0.04091712832450867,0
molecola_54977,10,0,10,0.07532607018947601,0
molecola_54977,11,0,11,0.23605623841285706,0
molecola_54977,12,0,12,0.013200193643569946,0
molecola_54977,13,0,13,0.023069212213158607,0
molecola_54977,14,0,14,0.0019229697063565254,0
molecola_54977,15,0,15,0.002166635124012828,0
molecola_54977,16,0,16,0.0013945968821644783,0
molecola_54977,17,0,17,0.001150629366748035,0
molecola_54977,18,0,18,0.00063327542738989,0
molecola_54977,19,0,19,0.001150629366748035,0
molecola_54977,20,0,20,0.0013945968821644783,0
molecola_54977,21,0,21,0.0008640893502160907,0
molecola_54977,22,0,22,0.00883375946432352,0
molecola_54977,23,0,23,0.006113656330853701,0
molecola_54977,24,0,24,0.0029464943800121546,0
molecola_54977,25,0,25,0.000688843079842627,0
molecola_54977,26,0,26,0.0007634662324562669,0
molecola_54977,27,0,27,0.0007659423281438649,0
molecola_54977,28,0,28,0.0018843782600015402,0
molecola_54977,29,0,29,0.04160351678729057,0
molecola_54977,30,0,30,0.02604074776172638,0
molecola_54977,31,0,31,0.06656407564878464,0
molecola_54977,32,0,32,0.018188701942563057,0
molecola_54977,33,0,33,0.02579447813332081,0
molecola_54977,34,0,34,0.0081705953925848,0
molecola_54977,35,0,35,0.07158072292804718,0
molecola_54977,36,0,36,0.10434465110301971,0
molecola_54984,1,0,1,0.0015506173949688673,0
molecola_54984,2,0,2,0.0008150471840053797,0
molecola_54984,3,0,3,0.0012687962735071778,0
molecola_54984,4,0,4,0.0012358503881841898,0
molecola_54984,5,0,5,0.0012198780896142125,0
molecola_54984,6,0,6,0.0007110276492312551,0
molecola_54984,7,0,7,0.002836250700056553,0
molecola_54984,8,0,8,0.011213462799787521,0
molecola_54984,9,0,9,0.09151829779148102,0
molecola_54984,10,0,10,0.06835576891899109,0
molecola_54984,11,0,11,0.009068838320672512,0
molecola_54984,12,0,12,0.006222560536116362,0
molecola_54984,13,1,13,0.9803518652915955,1
molecola_54984,14,1,14,0.9787464737892151,1
molecola_54984,15,0,15,0.0010017385939136147,0
molecola_54984,16,0,16,0.0006424126331694424,0
molecola_54984,17,0,17,0.0007867065723985434,0
molecola_54984,18,0,18,0.0015157755697146058,0
molecola_54984,19,0,19,0.040780019015073776,0
molecola_54984,20,0,20,0.057270899415016174,0
molecola_54984,21,0,21,0.05270185321569443,0
molecola_54984,22,0,22,0.02719791978597641,0
molecola_54984,23,0,23,0.0016054384177550673,0
molecola_55027,1,0,1,0.001839188626036048,0
molecola_55027,2,0,2,0.0008741398924030364,0
molecola_55027,3,0,3,0.0018241683719679713,0
molecola_55027,4,0,4,0.023196280002593994,0
molecola_55027,5,0,5,0.03292863070964813,0
molecola_55027,6,0,6,0.0017455127090215683,0
molecola_55027,7,0,7,0.0008900748798623681,0
molecola_55027,8,0,8,0.0020318436436355114,0
molecola_55027,9,0,9,0.13657690584659576,0
molecola_55027,10,0,10,0.03360350802540779,0
molecola_55027,11,0,11,0.10063865035772324,0
molecola_55027,12,0,12,0.09972464293241501,0
molecola_55027,13,0,13,0.1209053173661232,0
molecola_55027,14,0,14,0.5935370922088623,1
molecola_55027,15,0,15,0.394119530916214,0
molecola_55027,16,1,16,0.9742338061332703,1
molecola_552,1,1,1,0.23600657284259796,0
molecola_552,2,0,2,0.22509264945983887,0
molecola_552,3,1,3,0.8082005977630615,1
molecola_552,4,0,4,0.3230259120464325,0
molecola_552,5,0,5,0.13365036249160767,0
molecola_552,6,0,6,0.3230259120464325,0
molecola_552,7,1,7,0.8082005977630615,1
molecola_552,8,0,8,0.22509264945983887,0
molecola_552,9,0,9,0.23600657284259796,0
molecola_552,10,0,10,0.7856624126434326,1
molecola_552,11,1,11,0.9881800413131714,1
molecola_552,12,1,12,0.9305238127708435,1
molecola_552,13,0,13,0.5139778256416321,1
molecola_552,14,0,14,0.5843085050582886,1
molecola_552,15,0,15,0.405640572309494,0
molecola_552,16,0,16,0.001451882184483111,0
molecola_552,17,0,17,0.002692052163183689,0
molecola_552,18,0,18,0.002082174178212881,0
molecola_552,19,0,19,0.31069815158843994,0
molecola_552,20,0,20,0.001827014028094709,0
molecola_552,21,0,21,0.006688939873129129,0
molecola_552,22,0,22,0.006688939873129129,0
molecola_55314,1,0,1,0.013889429159462452,0
molecola_55314,2,0,2,0.004408378154039383,0
molecola_55314,3,0,3,0.009772416204214096,0
molecola_55314,4,0,4,0.004587971139699221,0
molecola_55314,5,0,5,0.0017456107307225466,0
molecola_55314,6,0,6,0.0008606906048953533,0
molecola_55314,7,0,7,0.0017456107307225466,0
molecola_55314,8,0,8,0.004587971139699221,0
molecola_55314,9,0,9,0.0010283029405400157,0
molecola_55314,10,0,10,0.0009612715221010149,0
molecola_55314,11,0,11,0.0243740975856781,0
molecola_55314,12,0,12,0.0012084771879017353,0
molecola_55314,13,0,13,0.01229704450815916,0
molecola_55314,14,0,14,0.046954214572906494,0
molecola_55314,15,0,15,0.20418772101402283,0
molecola_55314,16,0,16,0.017528869211673737,0
molecola_55314,17,1,17,0.9894959330558777,1
molecola_55314,18,0,18,0.007175132166594267,0
molecola_55314,19,0,19,0.016935184597969055,0
molecola_55314,20,0,20,0.0009186853421851993,0
molecola_55314,21,0,21,0.0009388671605847776,0
molecola_55314,22,0,22,0.0008288788376376033,0
molecola_55314,23,0,23,0.001321736490353942,0
molecola_55314,24,0,24,0.001220528967678547,0
molecola_55314,25,0,25,0.001014598528854549,0
molecola_55314,26,0,26,0.001220528967678547,0
molecola_55314,27,0,27,0.001321736490353942,0
molecola_55314,28,0,28,0.0006682630628347397,0
molecola_55314,29,0,29,0.0013400631723925471,0
molecola_55314,30,0,30,0.001101567060686648,0
molecola_55314,31,0,31,0.0023117230739444494,0
molecola_55314,32,0,32,0.003045019693672657,0
molecola_55314,33,0,33,0.0013423579512163997,0
molecola_55314,34,0,34,0.001526686712168157,0
molecola_55314,35,0,35,0.001956144580617547,0
molecola_55314,36,0,36,0.0009983587078750134,0
molecola_555,1,0,1,0.003219526493921876,0
molecola_555,2,0,2,0.0039522768929600716,0
molecola_555,3,0,3,0.003295720787718892,0
molecola_555,4,0,4,0.010224735364317894,0
molecola_555,5,0,5,0.01710282266139984,0
molecola_555,6,0,6,0.05075913295149803,0
molecola_555,7,0,7,0.1046856939792633,0
molecola_555,8,0,8,0.14373058080673218,0
molecola_555,9,0,9,0.10763578861951828,0
molecola_555,10,0,10,0.039217326790094376,0
molecola_555,11,0,11,0.7204098701477051,1
molecola_555,12,0,12,0.09756980091333389,0
molecola_555,13,0,13,0.304690957069397,0
molecola_555,14,0,14,0.9613551497459412,1
molecola_555,15,0,15,0.9605716466903687,1
molecola_555,16,0,16,0.304690957069397,0
molecola_555,17,1,17,0.9613551497459412,1
molecola_555,18,1,18,0.9605716466903687,1
molecola_555,19,0,19,0.04922138527035713,0
molecola_555,20,0,20,0.019075853750109673,0
molecola_555,21,0,21,0.01129969209432602,0
molecola_555,22,0,22,0.013277609832584858,0
molecola_555,23,0,23,0.02237132005393505,0
molecola_555,24,0,24,0.02135002426803112,0
molecola_555,25,0,25,0.01477106474339962,0
molecola_555,26,0,26,0.002403633901849389,0
molecola_555,27,0,27,0.004034186247736216,0
molecola_555,28,0,28,0.005263006314635277,0
molecola_555,29,0,29,0.001195340184494853,0
molecola_5566,1,0,1,0.0009165490628220141,0
molecola_5566,2,0,2,0.0067640687339007854,0
molecola_5566,3,0,3,0.0009165490628220141,0
molecola_5566,4,0,4,0.0029232341330498457,0
molecola_5566,5,0,5,0.003352983156219125,0
molecola_5566,6,0,6,0.7287641167640686,1
molecola_5566,7,0,7,0.014484453946352005,0
molecola_5566,8,0,8,0.054039496928453445,0
molecola_5566,9,0,9,0.07570607215166092,0
molecola_5566,10,0,10,0.28878718614578247,0
molecola_5566,11,0,11,0.10545896738767624,0
molecola_5566,12,1,12,0.9899441003799438,1
molecola_5566,13,0,13,0.61429363489151,1
molecola_5566,14,0,14,0.12389250844717026,0
molecola_5566,15,0,15,0.030113322660326958,0
molecola_5566,16,0,16,0.0020681689493358135,0
molecola_5566,17,0,17,0.004446585197001696,0
molecola_5566,18,0,18,0.04460436478257179,0
molecola_5566,19,0,19,0.056639574468135834,0
molecola_5566,20,0,20,0.05440529063344002,0
molecola_5566,21,0,21,0.030354291200637817,0
molecola_5566,22,0,22,0.002285466529428959,0
molecola_5566,23,0,23,0.0011190269142389297,0
molecola_5566,24,0,24,0.0009690684964880347,0
molecola_5566,25,0,25,0.004518498666584492,0
molecola_5662,1,0,1,0.002661555539816618,0
molecola_5662,2,0,2,0.0016900080954656005,0
molecola_5662,3,1,3,0.004866572096943855,0
molecola_5662,4,1,4,0.8404757976531982,1
molecola_5662,5,1,5,0.8888556361198425,1
molecola_5662,6,1,6,0.9743353128433228,1
molecola_5662,7,0,7,0.659371554851532,1
molecola_5662,8,1,8,0.9662274718284607,1
molecola_5662,9,1,9,0.7960126996040344,1
molecola_5662,10,0,10,0.06808868050575256,0
molecola_5662,11,0,11,0.0012717291247099638,0
molecola_5662,12,0,12,0.002661555539816618,0
molecola_5732,1,0,1,0.0006975602591410279,0
molecola_5732,2,0,2,0.0011413319734856486,0
molecola_5732,3,0,3,0.000553622841835022,0
molecola_5732,4,0,4,0.000553622841835022,0
molecola_5732,5,0,5,0.0005267685046419501,0
molecola_5732,6,0,6,0.0008117843535728753,0
molecola_5732,7,0,7,0.0008106958703137934,0
molecola_5732,8,0,8,0.0005402625538408756,0
molecola_5732,9,0,9,0.0008106958703137934,0
molecola_5732,10,0,10,0.0008117843535728753,0
molecola_5732,11,0,11,0.0016901681665331125,0
molecola_5732,12,0,12,0.0008386332192458212,0
molecola_5732,13,0,13,0.0008386332192458212,0
molecola_5732,14,0,14,0.02457505837082863,0
molecola_5732,15,0,15,0.0008799440111033618,0
molecola_5732,16,0,16,0.005919323768466711,0
molecola_5732,17,0,17,0.01400601677596569,0
molecola_5732,18,0,18,0.028136052191257477,0
molecola_5732,19,1,19,0.9724863767623901,1
molecola_5732,20,0,20,0.00269729970023036,0
molecola_5732,21,0,21,0.0015246151015162468,0
molecola_5732,22,0,22,0.0008527835598215461,0
molecola_5732,23,0,23,0.001141278655268252,0
molecola_5732,24,0,24,0.0010335604893043637,0
molecola_5732,25,0,25,0.0012840586714446545,0
molecola_5760,1,0,1,0.006421549245715141,0
molecola_5760,2,1,2,0.9681183695793152,1
molecola_5760,3,0,3,0.006421549245715141,0
molecola_5760,4,1,4,0.9512040615081787,1
molecola_5760,5,0,5,0.001563145429827273,0
molecola_5760,6,0,6,0.010684137232601643,0
molecola_5760,7,0,7,0.009547686204314232,0
molecola_5760,8,0,8,0.11431427299976349,0
molecola_5760,9,0,9,0.7515690326690674,1
molecola_5760,10,0,10,0.011906502768397331,0
molecola_5760,11,0,11,0.01344470214098692,0
molecola_5760,12,0,12,0.054328903555870056,0
molecola_5760,13,0,13,0.055393118411302567,0
molecola_5760,14,0,14,0.03652225434780121,0
molecola_5760,15,0,15,0.00974024273455143,0
molecola_5760,16,0,16,0.001257285475730896,0
molecola_5760,17,0,17,0.0009814107324928045,0
molecola_5760,18,0,18,0.007255527190864086,0
molecola_5760,19,0,19,0.0014672238612547517,0
molecola_5913,1,0,1,0.012706654146313667,0
molecola_5913,2,0,2,0.0030326175037771463,0
molecola_5913,3,0,3,0.011803761124610901,0
molecola_5913,4,0,4,0.05741111561655998,0
molecola_5913,5,0,5,0.11454108357429504,0
molecola_5913,6,0,6,0.15479663014411926,0
molecola_5913,7,0,7,0.028716035187244415,0
molecola_5913,8,0,8,0.006004501134157181,0
molecola_5913,9,0,9,0.015401843935251236,0
molecola_5913,10,0,10,0.7332544326782227,1
molecola_5913,11,0,11,0.014472641982138157,0
molecola_5913,12,0,12,0.047245413064956665,0
molecola_5913,13,0,13,0.026286056265234947,0
molecola_5913,14,0,14,0.013720506802201271,0
molecola_5913,15,0,15,0.014475295320153236,0
molecola_5913,16,0,16,0.004542311187833548,0
molecola_5913,17,0,17,0.013457554392516613,0
molecola_5913,18,0,18,0.029326777905225754,0
molecola_5913,19,0,19,0.026716355234384537,0
molecola_5913,20,0,20,0.12042692303657532,0
molecola_5913,21,0,21,0.11317551136016846,0
molecola_5913,22,1,22,0.984872043132782,1
molecola_5934,1,0,1,0.057511601597070694,0
molecola_5934,2,0,2,0.02444573864340782,0
molecola_5934,3,0,3,0.0730237364768982,0
molecola_5934,4,0,4,0.007715743966400623,0
molecola_5934,5,0,5,0.0008508700411766768,0
molecola_5934,6,0,6,0.0009157821186818182,0
molecola_5934,7,0,7,0.0006518311565741897,0
molecola_5934,8,0,8,0.0006047952338121831,0
molecola_5934,9,0,9,0.0019247805466875434,0
molecola_5934,10,0,10,0.9449777603149414,1
molecola_5934,11,1,11,0.9883042573928833,1
molecola_5934,12,1,12,0.9744104743003845,1
molecola_5934,13,0,13,0.7613237500190735,1
molecola_5934,14,0,14,0.003184650558978319,0
molecola_6063,1,0,1,0.012179035693407059,0
molecola_6063,2,0,2,0.016690798103809357,0
molecola_6063,3,0,3,0.07153066992759705,0
molecola_6063,4,0,4,0.029216021299362183,0
molecola_6063,5,0,5,0.0028134833555668592,0
molecola_6063,6,0,6,0.003512921743094921,0
molecola_6063,7,0,7,0.0021904672030359507,0
molecola_6063,8,0,8,0.0016704059671610594,0
molecola_6063,9,0,9,0.0012777451192960143,0
molecola_6063,10,0,10,0.0015824505826458335,0
molecola_6063,11,0,11,0.0014092468190938234,0
molecola_6063,12,0,12,0.0015824505826458335,0
molecola_6063,13,0,13,0.0012777451192960143,0
molecola_6063,14,0,14,0.0012097383150830865,0
molecola_6063,15,0,15,0.0006386951426975429,0
molecola_6063,16,0,16,0.001015162211842835,0
molecola_6063,17,0,17,0.0006206331308931112,0
molecola_6063,18,0,18,0.0016063000075519085,0
molecola_6063,19,0,19,0.0009620695491321385,0
molecola_6063,20,0,20,0.0012031914666295052,0
molecola_6063,21,0,21,0.0016708035254850984,0
molecola_6063,22,0,22,0.01069550309330225,0
molecola_6063,23,0,23,0.0016708035254850984,0
molecola_6063,24,0,24,0.0012031914666295052,0
molecola_6063,25,1,25,0.9912480115890503,1
molecola_6063,26,1,26,0.9674240946769714,1
molecola_6063,27,1,27,0.9674240946769714,1
molecola_6063,28,0,28,0.0028134833555668592,0
molecola_6063,29,0,29,0.029216021299362183,0
molecola_6063,30,0,30,0.07153066992759705,0
molecola_6063,31,0,31,0.016690798103809357,0
molecola_6063,32,0,32,0.012179035693407059,0
molecola_6063,33,0,33,0.00730833550915122,0
molecola_6063,34,0,34,0.019167041406035423,0
molecola_6063,35,0,35,0.03820877894759178,0
molecola_6063,36,0,36,0.010921549052000046,0
molecola_6063,37,0,37,0.013477098196744919,0
molecola_6063,38,0,38,0.0025166221894323826,0
molecola_6063,39,0,39,0.010921549052000046,0
molecola_6063,40,0,40,0.03820877894759178,0
molecola_6095,1,1,1,0.9042049646377563,1
molecola_6095,2,1,2,0.9875882267951965,1
molecola_6095,3,1,3,0.9042049646377563,1
molecola_6095,4,1,4,0.9338904023170471,1
molecola_6095,5,0,5,0.041404783725738525,0
molecola_6095,6,0,6,0.023334044963121414,0
molecola_6095,7,0,7,0.05459795892238617,0
molecola_6095,8,0,8,0.05894901975989342,0
molecola_6095,9,0,9,0.11635488271713257,0
molecola_6095,10,0,10,0.1696409285068512,0
molecola_6095,11,0,11,0.3094775080680847,0
molecola_6095,12,0,12,0.05594370886683464,0
molecola_6095,13,0,13,0.03783343732357025,0
molecola_6095,14,0,14,0.0020311870612204075,0
molecola_6095,15,0,15,0.00199810229241848,0
molecola_6095,16,0,16,0.0503690131008625,0
molecola_6095,17,0,17,0.05273589864373207,0
molecola_6095,18,0,18,0.00194650050252676,0
molecola_6095,19,0,19,0.0006605292437598109,0
molecola_6095,20,0,20,0.000813811260741204,0
molecola_6212,1,1,1,0.9883113503456116,1
molecola_6212,2,0,2,0.01929445192217827,0
molecola_6212,3,0,3,0.012100785039365292,0
molecola_6212,4,0,4,0.007634850684553385,0
molecola_6212,5,0,5,0.002619741018861532,0
molecola_6212,6,0,6,0.0005912776687182486,0
molecola_6212,7,0,7,0.002619741018861532,0
molecola_6212,8,0,8,0.012100785039365292,0
molecola_6212,9,0,9,0.007634850684553385,0
molecola_6212,10,0,10,0.0008892209152691066,0
molecola_6212,11,0,11,0.000534981896635145,0
molecola_6212,12,0,12,0.0008771823486313224,0
molecola_6212,13,0,13,0.0011626152554526925,0
molecola_6212,14,0,14,0.001037202775478363,0
molecola_6212,15,0,15,0.0006944487686268985,0
molecola_6212,16,0,16,0.0006944487686268985,0
molecola_6212,17,0,17,0.0006588029209524393,0
molecola_6212,18,0,18,0.0020101938862353563,0
molecola_6212,19,0,19,0.05014119669795036,0
molecola_6212,20,0,20,0.04937633126974106,0
molecola_6212,21,0,21,0.0019820083398371935,0
molecola_6212,22,0,22,0.000789307348895818,0
molecola_6290,1,1,1,0.5509371161460876,1
molecola_6290,2,1,2,0.5087447166442871,1
molecola_6290,3,1,3,0.3714793920516968,0
molecola_6290,4,0,4,0.04022298380732536,0
molecola_6290,5,0,5,0.030166203156113625,0
molecola_6290,6,0,6,0.13533157110214233,0
molecola_6290,7,0,7,0.10368896275758743,0
molecola_6290,8,0,8,0.053594984114170074,0
molecola_6290,9,1,9,0.3551228940486908,0
molecola_6290,10,1,10,0.31975269317626953,0
molecola_6290,11,1,11,0.2323606014251709,0
molecola_6290,12,1,12,0.20407123863697052,0
molecola_6290,13,0,13,0.5106312036514282,1
molecola_6290,14,0,14,0.00900751817971468,0
molecola_6290,15,0,15,0.021500781178474426,0
molecola_6290,16,0,16,0.07506883144378662,0
molecola_6290,17,0,17,0.061216801404953,0
molecola_6290,18,0,18,0.11437055468559265,0
molecola_6290,19,0,19,0.09040192514657974,0
molecola_6290,20,0,20,0.002539603039622307,0
molecola_6290,21,0,21,0.020218590274453163,0
molecola_6290,22,0,22,0.0373145155608654,0
molecola_6290,23,0,23,0.010945991612970829,0
molecola_6290,24,0,24,0.01348800677806139,0
molecola_6290,25,0,25,0.0025166221894323826,0
molecola_6290,26,0,26,0.010945991612970829,0
molecola_6290,27,0,27,0.0373145155608654,0
molecola_6417,1,0,1,0.0017231060191988945,0
molecola_6417,2,0,2,0.0016464564250782132,0
molecola_6417,3,0,3,0.0010245849844068289,0
molecola_6417,4,0,4,0.0007645662990398705,0
molecola_6417,5,0,5,0.0007645662990398705,0
molecola_6417,6,0,6,0.0007905331440269947,0
molecola_6417,7,0,7,0.0008321127388626337,0
molecola_6417,8,0,8,0.0021706540137529373,0
molecola_6417,9,0,9,0.0005969330086372793,0
molecola_6417,10,0,10,0.0018213356379419565,0
molecola_6417,11,0,11,0.004727090243250132,0
molecola_6417,12,0,12,0.0013631300535053015,0
molecola_6417,13,0,13,0.0013027832610532641,0
molecola_6417,14,0,14,0.0352291464805603,0
molecola_6417,15,0,15,0.0012184311635792255,0
molecola_6417,16,0,16,0.0024054034147411585,0
molecola_6417,17,0,17,0.0011699129827320576,0
molecola_6417,18,0,18,0.001292182831093669,0
molecola_6417,19,0,19,0.0040985899977386,0
molecola_6417,20,0,20,0.0021537337452173233,0
molecola_6417,21,0,21,0.005251871421933174,0
molecola_6417,22,0,22,0.003685988951474428,0
molecola_6417,23,0,23,0.010719805024564266,0
molecola_6417,24,0,24,0.056417565792798996,0
molecola_6417,25,0,25,0.11421356350183487,0
molecola_6417,26,0,26,0.15308670699596405,0
molecola_6417,27,0,27,0.029227131977677345,0
molecola_6417,28,0,28,0.005659167654812336,0
molecola_6417,29,1,29,0.976885974407196,1
molecola_6417,30,1,30,0.9736480712890625,1
molecola_6422,1,0,1,0.002844851464033127,0
molecola_6422,2,0,2,0.001374632935039699,0
molecola_6422,3,0,3,0.001848176121711731,0
molecola_6422,4,0,4,0.001994851278141141,0
molecola_6422,5,0,5,0.0012801034608855844,0
molecola_6422,6,0,6,0.0015614095609635115,0
molecola_6422,7,0,7,0.03784118592739105,0
molecola_6422,8,0,8,0.09484211355447769,0
molecola_6422,9,0,9,0.12939924001693726,0
molecola_6422,10,0,10,0.13583649694919586,0
molecola_6422,11,0,11,0.03887031972408295,0
molecola_6422,12,1,12,0.8093113303184509,1
molecola_6422,13,0,13,0.004033764824271202,0
molecola_6422,14,0,14,0.0010312780505046248,0
molecola_6422,15,0,15,0.0009993850253522396,0
molecola_6422,16,0,16,0.002102500293403864,0
molecola_6422,17,0,17,0.062446922063827515,0
molecola_6422,18,0,18,0.07225216180086136,0
molecola_6422,19,0,19,0.25283509492874146,0
molecola_6422,20,0,20,0.11495885252952576,0
molecola_6422,21,0,21,0.06256730854511261,0
molecola_6422,22,0,22,0.0010554020991548896,0
molecola_6422,23,0,23,0.0010213518980890512,0
molecola_6422,24,0,24,0.0027451394125819206,0
molecola_6422,25,0,25,0.0017436990747228265,0
molecola_6422,26,0,26,0.04036050662398338,0
molecola_6422,27,0,27,0.0009399286936968565,0
molecola_6422,28,0,28,0.0007230685441754758,0
molecola_6422,29,0,29,0.0010710408678278327,0
molecola_6422,30,0,30,0.001464507426135242,0
molecola_6422,31,0,31,0.0014639734290540218,0
molecola_6422,32,0,32,0.001464507426135242,0
molecola_6422,33,0,33,0.0010710408678278327,0
molecola_6621,1,0,1,0.010376492515206337,0
molecola_6621,2,0,2,0.006671410985291004,0
molecola_6621,3,0,3,0.05481405556201935,0
molecola_6621,4,0,4,0.02829073928296566,0
molecola_6621,5,0,5,0.046432014554739,0
molecola_6621,6,0,6,0.01951826736330986,0
molecola_6621,7,0,7,0.009131149388849735,0
molecola_6621,8,0,8,0.003514123847708106,0
molecola_6621,9,0,9,0.00195415411144495,0
molecola_6621,10,0,10,0.008685472421348095,0
molecola_6621,11,0,11,0.00423403549939394,0
molecola_6621,12,0,12,0.041860632598400116,0
molecola_6621,13,0,13,0.009764759801328182,0
molecola_6621,14,0,14,0.003092548344284296,0
molecola_6621,15,0,15,0.001500071957707405,0
molecola_6621,16,0,16,0.0026009157299995422,0
molecola_6621,17,0,17,0.009544584900140762,0
molecola_6621,18,0,18,0.009448491968214512,0
molecola_6621,19,0,19,0.009544584900140762,0
molecola_6621,20,0,20,0.0026009157299995422,0
molecola_6621,21,0,21,0.001448522205464542,0
molecola_6621,22,0,22,0.0382564440369606,0
molecola_6621,23,0,23,0.057514507323503494,0
molecola_6621,24,0,24,0.04391266405582428,0
molecola_6621,25,0,25,0.006275653839111328,0
molecola_6621,26,0,26,0.01492241956293583,0
molecola_6621,27,1,27,0.9917494058609009,1
molecola_6621,28,1,28,0.9665946364402771,1
molecola_6621,29,1,29,0.9665946364402771,1
molecola_6621,30,0,30,0.013744492083787918,0
molecola_6621,31,0,31,0.05208173394203186,0
molecola_6621,32,0,32,0.05556562915444374,0
molecola_6621,33,0,33,0.25294411182403564,0
molecola_6621,34,0,34,0.2114061564207077,0
molecola_6621,35,0,35,0.39510035514831543,0
molecola_6621,36,0,36,0.03063446283340454,0
molecola_6621,37,0,37,0.012678820639848709,0
molecola_6621,38,0,38,0.004385050386190414,0
molecola_6621,39,0,39,0.0029027312994003296,0
molecola_6687,1,0,1,0.039066165685653687,0
molecola_6687,2,0,2,0.024759473279118538,0
molecola_6687,3,0,3,0.010003605857491493,0
molecola_6687,4,0,4,0.001773935160599649,0
molecola_6687,5,0,5,0.004161661025136709,0
molecola_6687,6,0,6,0.002305807312950492,0
molecola_6687,7,0,7,0.0012014786479994655,0
molecola_6687,8,0,8,0.00177448068279773,0
molecola_6687,9,0,9,0.010629047639667988,0
molecola_6687,10,0,10,0.0035800968762487173,0
molecola_6687,11,0,11,0.013763081282377243,0
molecola_6687,12,0,12,0.008350493386387825,0
molecola_6687,13,0,13,0.036957550793886185,0
molecola_6687,14,0,14,0.002177917631343007,0
molecola_6687,15,0,15,0.1840987205505371,0
molecola_6687,16,1,16,0.9211180210113525,1
molecola_6687,17,0,17,0.2041388601064682,0
molecola_6687,18,0,18,0.27828752994537354,0
molecola_6687,19,0,19,0.284671813249588,0
molecola_6687,20,0,20,0.1435421258211136,0
molecola_6687,21,0,21,0.10173946619033813,0
molecola_6687,22,0,22,0.26109665632247925,0
molecola_6687,23,0,23,0.4526786506175995,0
molecola_6687,24,0,24,0.2964792549610138,0
molecola_6687,25,0,25,0.1613178700208664,0
molecola_6687,26,0,26,0.1821858286857605,0
molecola_6687,27,0,27,0.32412654161453247,0
molecola_6687,28,0,28,0.3778907358646393,0
molecola_6687,29,0,29,0.09615170955657959,0
molecola_6687,30,0,30,0.0752897784113884,0
molecola_6687,31,0,31,0.7183589339256287,1
molecola_6687,32,0,32,0.011833828873932362,0
molecola_6687,33,0,33,0.01909598894417286,0
molecola_6687,34,0,34,0.01909598894417286,0
molecola_6687,35,0,35,0.08194338530302048,0
molecola_6687,36,0,36,0.10958285629749298,0
molecola_6687,37,1,37,0.9872456789016724,1
molecola_6687,38,0,38,0.8981364369392395,1
molecola_6687,39,1,39,0.8981364369392395,1
molecola_6728,1,0,1,0.01376307476311922,0
molecola_6728,2,0,2,0.003999846987426281,0
molecola_6728,3,0,3,0.01355795282870531,0
molecola_6728,4,0,4,0.07790149748325348,0
molecola_6728,5,0,5,0.04700172692537308,0
molecola_6728,6,0,6,0.03958691284060478,0
molecola_6728,7,0,7,0.0016532305162400007,0
molecola_6728,8,0,8,0.002079682657495141,0
molecola_6728,9,0,9,0.00069579784758389,0
molecola_6728,10,0,10,0.00084831309504807,0
molecola_6728,11,0,11,0.000837555096950382,0
molecola_6728,12,0,12,0.000724265759345144,0
molecola_6728,13,0,13,0.000837555096950382,0
molecola_6728,14,0,14,0.00084831309504807,0
molecola_6728,15,0,15,0.0012159437173977494,0
molecola_6728,16,0,16,0.0031442062463611364,0
molecola_6728,17,0,17,0.0011721925111487508,0
molecola_6728,18,0,18,0.0008420001831836998,0
molecola_6728,19,0,19,0.0007056839531287551,0
molecola_6728,20,0,20,0.009008225053548813,0
molecola_6728,21,0,21,0.016314825043082237,0
molecola_6728,22,0,22,0.02107614278793335,0
molecola_6728,23,0,23,0.0009986027143895626,0
molecola_6728,24,0,24,0.06257311254739761,0
molecola_6728,25,1,25,0.9084727168083191,1
molecola_6728,26,1,26,0.9860119223594666,1
molecola_6728,27,0,27,0.9081957340240479,1
molecola_6728,28,1,28,0.9081957340240479,1
molecola_6728,29,0,29,0.001868181279860437,0
molecola_6728,30,0,30,0.001226480002515018,0
molecola_6728,31,0,31,0.0014554918743669987,0
molecola_6728,32,0,32,0.0006018556887283921,0
molecola_6728,33,0,33,0.0018187325913459063,0
molecola_6728,34,0,34,0.002681676996871829,0
molecola_6728,35,0,35,0.0035305307246744633,0
molecola_6728,36,0,36,0.002145090838894248,0
molecola_6728,37,0,37,0.011696850880980492,0
molecola_6728,38,0,38,0.0012267751153558493,0
molecola_6728,39,0,39,0.0008648022194392979,0
molecola_6728,40,0,40,0.0008648022194392979,0
molecola_6728,41,0,41,0.0008648022194392979,0
molecola_7124,1,0,1,0.0026351669803261757,0
molecola_7124,2,0,2,0.0025217959191650152,0
molecola_7124,3,0,3,0.0026351669803261757,0
molecola_7124,4,0,4,0.0017241677269339561,0
molecola_7124,5,0,5,0.0014650402590632439,0
molecola_7124,6,0,6,0.0026855794712901115,0
molecola_7124,7,0,7,0.0017689999658614397,0
molecola_7124,8,0,8,0.012030803598463535,0
molecola_7124,9,0,9,0.03571667894721031,0
molecola_7124,10,0,10,0.0050010886043310165,0
molecola_7124,11,0,11,0.05469892546534538,0
molecola_7124,12,0,12,0.5932049751281738,1
molecola_7124,13,0,13,0.16863958537578583,0
molecola_7124,14,0,14,0.7027541995048523,1
molecola_7124,15,0,15,0.5114724636077881,1
molecola_7124,16,0,16,0.24659264087677002,0
molecola_7124,17,0,17,0.768196702003479,1
molecola_7124,18,0,18,0.04098469763994217,0
molecola_7124,19,1,19,0.9889560341835022,1
molecola_7124,20,0,20,0.768196702003479,1
molecola_7124,21,0,21,0.24659264087677002,0
molecola_7217,1,0,1,0.004819346126168966,0
molecola_7217,2,0,2,0.0015899756690487266,0
molecola_7217,3,0,3,0.0022307869512587786,0
molecola_7217,4,0,4,0.0020203576423227787,0
molecola_7217,5,0,5,0.001097898231819272,0
molecola_7217,6,0,6,0.0012628007680177689,0
molecola_7217,7,0,7,0.0015367608284577727,0
molecola_7217,8,0,8,0.0016533257439732552,0
molecola_7217,9,0,9,0.0015057155396789312,0
molecola_7217,10,0,10,0.0007738047279417515,0
molecola_7217,11,0,11,0.04943418502807617,0
molecola_7217,12,0,12,0.46475115418434143,0
molecola_7217,13,0,13,0.27129244804382324,0
molecola_7217,14,0,14,0.022447921335697174,0
molecola_7217,15,1,15,0.9379312992095947,1
molecola_7217,16,0,16,0.0013222810812294483,0
molecola_7217,17,0,17,0.0009765545837581158,0
molecola_7217,18,0,18,0.0015367608284577727,0
molecola_7217,19,0,19,0.0012628007680177689,0
molecola_7452,1,0,1,0.23918722569942474,0
molecola_7452,2,0,2,0.16214878857135773,0
molecola_7452,3,0,3,0.09749899804592133,0
molecola_7452,4,0,4,0.14313368499279022,0
molecola_7452,5,0,5,0.02233281172811985,0
molecola_7452,6,0,6,0.020401714369654655,0
molecola_7452,7,0,7,0.007990035228431225,0
molecola_7452,8,0,8,0.568875253200531,1
molecola_7452,9,0,9,0.7889538407325745,1
molecola_7452,10,0,10,0.9832813143730164,1
molecola_7452,11,0,11,0.9738600254058838,1
molecola_7452,12,0,12,0.8178631663322449,1
molecola_7452,13,0,13,0.7317671179771423,1
molecola_7452,14,0,14,0.26527899503707886,0
molecola_7452,15,0,15,0.10683727264404297,0
molecola_7452,16,0,16,0.012608696706593037,0
molecola_7452,17,1,17,0.9900245666503906,1
molecola_7452,18,0,18,0.003766771871596575,0
molecola_7452,19,0,19,0.0009720571688376367,0
molecola_7452,20,0,20,0.0013635403010994196,0
molecola_7452,21,0,21,0.003100731410086155,0
molecola_7452,22,0,22,0.003551855683326721,0
molecola_7452,23,0,23,0.004451745189726353,0
molecola_7452,24,0,24,0.0016480388585478067,0
molecola_7452,25,0,25,0.018453707918524742,0
molecola_7452,26,0,26,0.024342695251107216,0
molecola_7452,27,0,27,0.1042955294251442,0
molecola_7452,28,0,28,0.16103926301002502,0
molecola_7452,29,0,29,0.23899874091148376,0
molecola_7852,1,0,1,0.23918722569942474,0
molecola_7852,2,0,2,0.16224588453769684,0
molecola_7852,3,0,3,0.10469447821378708,0
molecola_7852,4,0,4,0.06812965869903564,0
molecola_7852,5,0,5,0.00261174445040524,0
molecola_7852,6,0,6,0.006620702799409628,0
molecola_7852,7,1,7,0.9358593225479126,1
molecola_7852,8,1,8,0.9882752895355225,1
molecola_7852,9,0,9,0.9099435806274414,1
molecola_7852,10,1,10,0.9099435806274414,1
molecola_7852,11,0,11,0.009142693132162094,0
molecola_7852,12,0,12,0.16815181076526642,0
molecola_7852,13,0,13,0.2066003680229187,0
molecola_7852,14,0,14,0.20597021281719208,0
molecola_7852,15,0,15,0.001442400855012238,0
molecola_7852,16,0,16,0.0033550679218024015,0
molecola_7852,17,0,17,0.00237169093452394,0
molecola_7852,18,0,18,0.0010333528043702245,0
molecola_7852,19,0,19,0.024315332993865013,0
molecola_7852,20,0,20,0.0011250167153775692,0
molecola_7852,21,0,21,0.0009008808992803097,0
molecola_7852,22,0,22,0.0021146293729543686,0
molecola_7852,23,0,23,0.0036839444655925035,0
molecola_7852,24,0,24,0.0036839444655925035,0
molecola_7852,25,0,25,0.0036839444655925035,0
molecola_7852,26,0,26,0.0018607573583722115,0
molecola_7852,27,0,27,0.0015539918094873428,0
molecola_7852,28,0,28,0.001070497091859579,0
molecola_7852,29,0,29,0.0009820443810895085,0
molecola_7852,30,0,30,0.0007431081030517817,0
molecola_7852,31,0,31,0.0015879301354289055,0
molecola_7852,32,0,32,0.0026756920851767063,0
molecola_7852,33,0,33,0.0026756920851767063,0
molecola_7852,34,0,34,0.0026756920851767063,0
molecola_7938,1,0,1,0.002289971336722374,0
molecola_7938,2,0,2,0.0011703817872330546,0
molecola_7938,3,0,3,0.017264898866415024,0
molecola_7938,4,0,4,0.015538190491497517,0
molecola_7938,5,0,5,0.017264898866415024,0
molecola_7938,6,0,6,0.0011703817872330546,0
molecola_7938,7,0,7,0.002289971336722374,0
molecola_7938,8,0,8,0.0009061887976713479,0
molecola_7938,9,0,9,0.0029695455450564623,0
molecola_7938,10,0,10,0.6165804862976074,1
molecola_7938,11,0,11,0.004123278893530369,0
molecola_7938,12,0,12,0.0015066671185195446,0
molecola_7938,13,0,13,0.0008447147556580603,0
molecola_7938,14,0,14,0.002927071414887905,0
molecola_7938,15,0,15,0.0015655123861506581,0
molecola_7938,16,0,16,0.01068181823939085,0
molecola_7938,17,0,17,0.0055921971797943115,0
molecola_7938,18,0,18,0.004686844535171986,0
molecola_7938,19,0,19,0.0067356484942138195,0
molecola_7938,20,0,20,0.006393486633896828,0
molecola_7938,21,0,21,0.006775103975087404,0
molecola_7938,22,0,22,0.0010513303568586707,0
molecola_7938,23,0,23,0.0009560720645822585,0
molecola_7938,24,0,24,0.19659096002578735,0
molecola_7938,25,0,25,0.003983319737017155,0
molecola_7938,26,1,26,0.9773654937744141,1
molecola_7938,27,1,27,0.9684452414512634,1
molecola_8238,1,0,1,0.0046904608607292175,0
molecola_8238,2,0,2,0.0025492312852293253,0
molecola_8238,3,0,3,0.0212459284812212,0
molecola_8238,4,0,4,0.0025492312852293253,0
molecola_8238,5,0,5,0.0046904608607292175,0
molecola_8238,6,0,6,0.0023772032000124454,0
molecola_8238,7,0,7,0.0019656966906040907,0
molecola_8238,8,0,8,0.19534870982170105,0
molecola_8238,9,0,9,0.001430129399523139,0
molecola_8238,10,0,10,0.0011137977708131075,0
molecola_8238,11,0,11,0.001517397933639586,0
molecola_8238,12,0,12,0.0013051616260781884,0
molecola_8238,13,0,13,0.0008389225695282221,0
molecola_8238,14,0,14,0.002128468593582511,0
molecola_8238,15,0,15,0.0018251626752316952,0
molecola_8238,16,0,16,0.1116815060377121,0
molecola_8238,17,1,17,0.9788257479667664,1
molecola_8238,18,0,18,0.0017096202354878187,0
molecola_8238,19,0,19,0.006767503917217255,0
molecola_8238,20,0,20,0.0038391174748539925,0
molecola_8238,21,0,21,0.013525442220270634,0
molecola_8354,1,1,1,0.9892629981040955,1
molecola_8354,2,0,2,0.032639116048812866,0
molecola_8354,3,0,3,0.014820079319179058,0
molecola_8354,4,0,4,0.010049711912870407,0
molecola_8354,5,0,5,0.0022261198610067368,0
molecola_8354,6,0,6,0.0255756638944149,0
molecola_8354,7,0,7,0.02220962569117546,0
molecola_8354,8,0,8,0.008073936216533184,0
molecola_8354,9,0,9,0.0006858634878881276,0
molecola_8354,10,0,10,0.001112809288315475,0
molecola_8354,11,0,11,0.0011153867235407233,0
molecola_8354,12,0,12,0.0017881375970318913,0
molecola_8354,13,0,13,0.0024998863227665424,0
molecola_8354,14,0,14,0.0008332429570145905,0
molecola_8354,15,0,15,0.0009341558325104415,0
molecola_8354,16,0,16,0.010533657856285572,0
molecola_8354,17,0,17,0.014941539615392685,0
molecola_8354,18,0,18,0.0652252659201622,0
molecola_8354,19,0,19,0.03128499165177345,0
molecola_8354,20,0,20,0.09404867142438889,0
molecola_8354,21,0,21,0.43610095977783203,0
molecola_8354,22,0,22,0.3049246072769165,0
molecola_8354,23,0,23,0.33039143681526184,0
molecola_8354,24,0,24,0.005793334916234016,0
molecola_8354,25,0,25,0.0011153867235407233,0
molecola_8354,26,0,26,0.001112809288315475,0
molecola_8361,1,0,1,0.016103198751807213,0
molecola_8361,2,0,2,0.21375150978565216,0
molecola_8361,3,0,3,0.14745868742465973,0
molecola_8361,4,0,4,0.13993526995182037,0
molecola_8361,5,0,5,0.013890799134969711,0
molecola_8361,6,0,6,0.004038230981677771,0
molecola_8361,7,0,7,0.003420131979510188,0
molecola_8361,8,0,8,0.0009026810294017196,0
molecola_8361,9,0,9,0.09726577252149582,0
molecola_8361,10,0,10,0.8030552864074707,1
molecola_8361,11,1,11,0.9645511507987976,1
molecola_8361,12,0,12,0.8901854157447815,1
molecola_8361,13,1,13,0.8901854157447815,1
molecola_8361,14,0,14,0.007725666277110577,0
molecola_8361,15,0,15,0.03933078423142433,0
molecola_8361,16,0,16,0.011646900326013565,0
molecola_8361,17,0,17,0.01034680288285017,0
molecola_8361,18,0,18,0.2630501687526703,0
molecola_8361,19,0,19,0.2108059525489807,0
molecola_8361,20,0,20,0.9922978281974792,1
molecola_837,1,0,1,0.0009173064609058201,0
molecola_837,2,0,2,0.008615177124738693,0
molecola_837,3,0,3,0.0009173064609058201,0
molecola_837,4,0,4,0.0013999207876622677,0
molecola_837,5,0,5,0.0013826116919517517,0
molecola_837,6,0,6,0.0010330515215173364,0
molecola_837,7,0,7,0.0009923077886924148,0
molecola_837,8,0,8,0.001239596400409937,0
molecola_837,9,0,9,0.00210584350861609,0
molecola_837,10,0,10,0.039095405489206314,0
molecola_837,11,0,11,0.03955710306763649,0
molecola_837,12,0,12,0.09415695071220398,0
molecola_837,13,0,13,0.024378739297389984,0
molecola_837,14,1,14,0.9723383784294128,1
molecola_837,15,0,15,0.0019576745107769966,0
molecola_8382,1,0,1,0.0011031054891645908,0
molecola_8382,2,0,2,0.009699503891170025,0
molecola_8382,3,0,3,0.0006430326029658318,0
molecola_8382,4,0,4,0.0021404691506177187,0
molecola_8382,5,1,5,0.7719875574111938,1
molecola_8382,6,0,6,0.04263393580913544,0
molecola_8382,7,1,7,0.989252507686615,1
molecola_8382,8,1,8,0.7719875574111938,1
molecola_8382,9,0,9,0.0021404691506177187,0
molecola_8382,10,0,10,0.0061761378310620785,0
molecola_8382,11,0,11,0.02872844599187374,0
molecola_8382,12,0,12,0.01682748645544052,0
molecola_8382,13,0,13,0.09267187863588333,0
molecola_8382,14,0,14,0.07109865546226501,0
molecola_8382,15,0,15,0.08615436404943466,0
molecola_8382,16,0,16,0.25018927454948425,0
molecola_8382,17,0,17,0.21459698677062988,0
molecola_8382,18,0,18,0.39564549922943115,0
molecola_8382,19,0,19,0.043554820120334625,0
molecola_8382,20,0,20,0.03214670345187187,0
molecola_8564,1,0,1,0.003601191332563758,0
molecola_8564,2,0,2,0.0022737246472388506,0
molecola_8564,3,0,3,0.0010514060268178582,0
molecola_8564,4,0,4,0.0008471329347230494,0
molecola_8564,5,0,5,0.0007013631402514875,0
molecola_8564,6,0,6,0.0010087817208841443,0
molecola_8564,7,0,7,0.0009453992825001478,0
molecola_8564,8,0,8,0.001399592962116003,0
molecola_8564,9,0,9,0.011751420795917511,0
molecola_8564,10,0,10,0.0020174216479063034,0
molecola_8564,11,0,11,0.00469187693670392,0
molecola_8564,12,1,12,0.7613621354103088,1
molecola_8564,13,1,13,0.9780864119529724,1
molecola_8564,14,1,14,0.9689832329750061,1
molecola_8564,15,1,15,0.793608546257019,1
molecola_8564,16,1,16,0.6720422506332397,1
molecola_8564,17,0,17,0.18728619813919067,0
molecola_8564,18,0,18,0.022423673421144485,0
molecola_8564,19,0,19,0.0046609374694526196,0
molecola_8564,20,0,20,0.0007368577644228935,0
molecola_8564,21,0,21,0.0046609374694526196,0
molecola_8564,22,0,22,0.022423673421144485,0
molecola_8564,23,0,23,0.0008828144636936486,0
molecola_8564,24,0,24,0.0009289701702073216,0
molecola_8576,1,0,1,0.002405766164883971,0
molecola_8576,2,0,2,0.0013471010606735945,0
molecola_8576,3,0,3,0.0015887182671576738,0
molecola_8576,4,0,4,0.0007781920721754432,0
molecola_8576,5,0,5,0.0023667183704674244,0
molecola_8576,6,0,6,0.0022139919456094503,0
molecola_8576,7,0,7,0.001934324624016881,0
molecola_8576,8,0,8,0.0015560101019218564,0
molecola_8576,9,0,9,0.01122553925961256,0
molecola_8576,10,0,10,0.10040777176618576,0
molecola_8576,11,1,11,0.8386719226837158,1
molecola_8576,12,1,12,0.9718360304832458,1
molecola_8576,13,0,13,0.8965150713920593,1
molecola_8576,14,1,14,0.8965150713920593,1
molecola_8576,15,0,15,0.0021111690439283848,0
molecola_8576,16,0,16,0.005663985852152109,0
molecola_8576,17,0,17,0.004268607124686241,0
molecola_8576,18,0,18,0.007497384212911129,0
molecola_8576,19,0,19,0.0180991068482399,0
molecola_8576,20,0,20,0.012202681973576546,0
molecola_8576,21,0,21,0.008052578195929527,0
molecola_8576,22,0,22,0.012202681973576546,0
molecola_8576,23,0,23,0.0180991068482399,0
molecola_8576,24,0,24,0.04831257462501526,0
molecola_8576,25,0,25,0.20918190479278564,0
molecola_8576,26,0,26,0.25106874108314514,0
molecola_8576,27,0,27,0.06665215641260147,0
molecola_8576,28,0,28,0.08724662661552429,0
molecola_8576,29,0,29,0.001329804421402514,0
molecola_8576,30,0,30,0.0010097307385876775,0
molecola_8576,31,0,31,0.0033477717079222202,0
molecola_8663,1,0,1,0.017321500927209854,0
molecola_8663,2,0,2,0.08210226148366928,0
molecola_8663,3,0,3,0.0669768750667572,0
molecola_8663,4,1,4,0.9186879992485046,1
molecola_8663,5,1,5,0.8920255303382874,1
molecola_8663,6,0,6,0.06891805678606033,0
molecola_8663,7,0,7,0.04928821697831154,0
molecola_8663,8,0,8,0.015591072849929333,0
molecola_8663,9,0,9,0.0007915010210126638,0
molecola_8663,10,0,10,0.00553959421813488,0
molecola_8663,11,0,11,0.07122500985860825,0
molecola_8663,12,0,12,0.9055114984512329,1
molecola_8663,13,0,13,0.5432291030883789,1
molecola_8663,14,0,14,0.05625245347619057,0
molecola_8663,15,0,15,0.017138304188847542,0
molecola_8663,16,0,16,0.05158277973532677,0
molecola_8663,17,0,17,0.0577053427696228,0
molecola_8663,18,0,18,0.05158277973532677,0
molecola_8663,19,0,19,0.017138304188847542,0
molecola_8663,20,0,20,0.0007301080622710288,0
molecola_8663,21,0,21,0.004693279508501291,0
molecola_8663,22,0,22,0.12993590533733368,0
molecola_8663,23,0,23,0.5477362275123596,1
molecola_8663,24,1,24,0.7037146687507629,1
molecola_8663,25,0,25,0.6877912878990173,1
molecola_8663,26,0,26,0.7104654908180237,1
molecola_8663,27,1,27,0.9360017776489258,1
molecola_8663,28,0,28,0.7901127338409424,1
molecola_8663,29,0,29,0.6066786050796509,1
molecola_8663,30,0,30,0.582545280456543,1
molecola_8663,31,0,31,0.5800360441207886,1
molecola_8663,32,0,32,0.6036170721054077,1
molecola_8663,33,0,33,0.6293371915817261,1
molecola_8663,34,0,34,0.596355140209198,1
molecola_8759,1,0,1,0.007032453082501888,0
molecola_8759,2,0,2,0.001823729951865971,0
molecola_8759,3,0,3,0.001093133119866252,0
molecola_8759,4,0,4,0.0009433046216145158,0
molecola_8759,5,0,5,0.000905413762666285,0
molecola_8759,6,0,6,0.0009602243080735207,0
molecola_8759,7,0,7,0.0006624890374951065,0
molecola_8759,8,0,8,0.0012190098641440272,0
molecola_8759,9,0,9,0.0007406100048683584,0
molecola_8759,10,0,10,0.0012011188082396984,0
molecola_8759,11,0,11,0.001187040819786489,0
molecola_8759,12,0,12,0.0011289233807474375,0
molecola_8759,13,0,13,0.0007741720764897764,0
molecola_8759,14,0,14,0.002057264791801572,0
molecola_8759,15,0,15,0.002704210812225938,0
molecola_8759,16,1,16,0.9324799180030823,1
molecola_8759,17,1,17,0.9883078932762146,1
molecola_8759,18,0,18,0.9104077219963074,1
molecola_8759,19,1,19,0.9104077219963074,1
molecola_8759,20,0,20,0.0008559802081435919,0
molecola_8759,21,0,21,0.0016629114979878068,0
molecola_8759,22,0,22,0.0007923311204649508,0
molecola_8759,23,0,23,0.02234506979584694,0
molecola_8759,24,0,24,0.0012008225312456489,0
molecola_8759,25,0,25,0.0009008521446958184,0
molecola_8759,26,0,26,0.0021136708091944456,0
molecola_8759,27,0,27,0.0036840757820755243,0
molecola_8759,28,0,28,0.0036840757820755243,0
molecola_8759,29,0,29,0.0036840757820755243,0
molecola_8759,30,0,30,0.0009157965541817248,0
molecola_9028,1,0,1,0.0064346385188400745,0
molecola_9028,2,0,2,0.01674507185816765,0
molecola_9028,3,0,3,0.002293331315740943,0
molecola_9028,4,0,4,0.005744069814682007,0
molecola_9028,5,0,5,0.0017027442809194326,0
molecola_9028,6,0,6,0.0009786166483536363,0
molecola_9028,7,0,7,0.0014205111656337976,0
molecola_9028,8,0,8,0.0014820893993601203,0
molecola_9028,9,0,9,0.0007418773020617664,0
molecola_9028,10,0,10,0.001046390156261623,0
molecola_9028,11,0,11,0.0008397951605729759,0
molecola_9028,12,0,12,0.0006218309863470495,0
molecola_9028,13,0,13,0.0010399934835731983,0
molecola_9028,14,0,14,0.0010444620857015252,0
molecola_9028,15,0,15,0.004555975086987019,0
molecola_9028,16,0,16,0.0037892393302172422,0
molecola_9028,17,0,17,0.004555975086987019,0
molecola_9028,18,0,18,0.0010444620857015252,0
molecola_9028,19,0,19,0.23526887595653534,0
molecola_9028,20,0,20,0.005958583205938339,0
molecola_9028,21,0,21,0.009191513992846012,0
molecola_9028,22,0,22,0.1352308988571167,0
molecola_9028,23,0,23,0.0384703166782856,0
molecola_9028,24,1,24,0.9904780387878418,1
molecola_9028,25,0,25,0.06906605511903763,0
molecola_9028,26,0,26,0.014861240983009338,0
molecola_9028,27,0,27,0.008088207803666592,0
molecola_9028,28,0,28,0.0014820893993601203,0
molecola_9028,29,0,29,0.0014205111656337976,0
molecola_9028,30,0,30,0.6108261942863464,1
molecola_9028,31,0,31,0.4327879250049591,0
molecola_9028,32,0,32,0.6898321509361267,1
molecola_9179,1,0,1,0.0026331974659115076,0
molecola_9179,2,0,2,0.0012700235238298774,0
molecola_9179,3,0,3,0.0026331974659115076,0
molecola_9179,4,0,4,0.0008832436287775636,0
molecola_9179,5,0,5,0.0013045979430899024,0
molecola_9179,6,0,6,0.0018816575175151229,0
molecola_9179,7,0,7,0.0043695769272744656,0
molecola_9179,8,0,8,0.0017784906085580587,0
molecola_9179,9,0,9,0.0006287822034209967,0
molecola_9179,10,1,10,0.008768223226070404,0
molecola_9179,11,1,11,0.005010597873479128,0
molecola_9179,12,0,12,0.012830650433897972,0
molecola_9179,13,0,13,0.0038418357726186514,0
molecola_9179,14,0,14,0.0009933614637702703,0
molecola_9179,15,0,15,0.0006938913720659912,0
molecola_9179,16,0,16,0.001075145322829485,0
molecola_9179,17,0,17,0.0006024709437042475,0
molecola_9179,18,0,18,0.0008838766952976584,0
molecola_9179,19,0,19,0.0005570891662500799,0
molecola_9179,20,0,20,0.003431020537391305,0
molecola_9179,21,0,21,0.0011086129816249013,0
molecola_9179,22,0,22,0.0011086129816249013,0
molecola_9179,23,0,23,0.0012648615520447493,0
molecola_9179,24,1,24,0.9871817827224731,1
molecola_9179,25,0,25,0.9250524640083313,1
molecola_9179,26,1,26,0.9250524640083313,1
molecola_9397,1,0,1,0.027329327538609505,0
molecola_9397,2,0,2,0.15228798985481262,0
molecola_9397,3,0,3,0.06629543006420135,0
molecola_9397,4,0,4,0.2034928798675537,0
molecola_9397,5,0,5,0.018948988988995552,0
molecola_9397,6,0,6,0.049565911293029785,0
molecola_9397,7,0,7,0.05058757960796356,0
molecola_9397,8,0,8,0.04798344150185585,0
molecola_9397,9,0,9,0.03397545590996742,0
molecola_9397,10,0,10,0.029301241040229797,0
molecola_9397,11,0,11,0.08204065263271332,0
molecola_9397,12,0,12,0.29956623911857605,0
molecola_9397,13,0,13,0.07435409724712372,0
molecola_9397,14,0,14,0.11531519889831543,0
molecola_9397,15,0,15,0.36935579776763916,0
molecola_9397,16,0,16,0.06301040202379227,0
molecola_9397,17,1,17,0.9804723858833313,1
molecola_9397,18,0,18,0.12428296357393265,0
molecola_9397,19,1,19,0.9631465673446655,1
molecola_9397,20,0,20,0.021896811202168465,0
molecola_9659,1,0,1,0.018762901425361633,0
molecola_9659,2,0,2,0.008237184956669807,0
molecola_9659,3,0,3,0.05584064498543739,0
molecola_9659,4,0,4,0.05831768363714218,0
molecola_9659,5,0,5,0.1539376974105835,0
molecola_9659,6,0,6,0.052965398877859116,0
molecola_9659,7,0,7,0.0923699364066124,0
molecola_9659,8,0,8,0.1947353184223175,0
molecola_9659,9,0,9,0.05257532745599747,0
molecola_9659,10,1,10,0.8554662466049194,1
molecola_9659,11,1,11,0.8654464483261108,1
molecola_9659,12,1,12,0.8946564197540283,1
molecola_9659,13,1,13,0.9257500171661377,1
molecola_9659,14,0,14,0.21760819852352142,0
molecola_9659,15,0,15,0.13460701704025269,0
molecola_9659,16,0,16,0.8903046250343323,1
molecola_9659,17,0,17,0.10963752120733261,0
molecola_9659,18,0,18,0.0010264433221891522,0
molecola_9659,19,0,19,0.0008677163859829307,0
molecola_9659,20,0,20,0.0019027411472052336,0
molecola_9659,21,0,21,0.008058407343924046,0
molecola_9659,22,0,22,0.004623927175998688,0
molecola_9659,23,0,23,0.005214018281549215,0
molecola_9659,24,0,24,0.0024408241733908653,0
molecola_9659,25,0,25,0.0016807999927550554,0
molecola_9659,26,0,26,0.0011918486561626196,0
molecola_9659,27,0,27,0.0011918486561626196,0
molecola_9659,28,0,28,0.897499680519104,1
molecola_9659,29,0,29,0.9365938305854797,1
molecola_9659,30,0,30,0.605988085269928,1
molecola_9659,31,0,31,0.14449582993984222,0
molecola_9659,32,0,32,0.017138514667749405,0
molecola_9659,33,0,33,0.05158277973532677,0
molecola_9659,34,0,34,0.0577053427696228,0
molecola_9659,35,0,35,0.05158277973532677,0
molecola_9659,36,0,36,0.017138514667749405,0
molecola_966,1,0,1,0.7917998433113098,1
molecola_966,2,0,2,0.04148930683732033,0
molecola_966,3,0,3,0.05827183276414871,0
molecola_966,4,0,4,0.019967718049883842,0
molecola_966,5,0,5,0.004697870463132858,0
molecola_966,6,0,6,0.0011261951876804233,0
molecola_966,7,0,7,0.0010837503941729665,0
molecola_966,8,0,8,0.03718721121549606,0
molecola_966,9,0,9,0.0012183140497654676,0
molecola_966,10,0,10,0.0030102392192929983,0
molecola_966,11,0,11,0.0014604359166696668,0
molecola_966,12,0,12,0.0009476506384089589,0
molecola_966,13,0,13,0.0038495738990604877,0
molecola_966,14,0,14,0.09381574392318726,0
molecola_966,15,0,15,0.06604360044002533,0
molecola_966,16,1,16,0.9835280179977417,1
molecola_966,17,0,17,0.44799208641052246,0
molecola_966,18,0,18,0.919721245765686,1
molecola_966,19,0,19,0.8788156509399414,1
molecola_966,20,0,20,0.03755490109324455,0
molecola_966,21,0,21,0.010570609010756016,0
molecola_966,22,0,22,0.050601717084646225,0
molecola_966,23,0,23,0.0584462508559227,0
molecola_966,24,0,24,0.050601717084646225,0
molecola_966,25,0,25,0.010570609010756016,0
molecola_966,26,0,26,0.0014604359166696668,0
molecola_966,27,0,27,0.0030102392192929983,0
molecola_966,28,0,28,0.11561079323291779,0
molecola_966,29,0,29,0.05997755005955696,0
molecola_9785,1,0,1,0.23600657284259796,0
molecola_9785,2,0,2,0.07210536301136017,0
molecola_9785,3,0,3,0.08082983642816544,0
molecola_9785,4,0,4,0.05957424268126488,0
molecola_9785,5,0,5,0.30599284172058105,0
molecola_9785,6,0,6,0.23557311296463013,0
molecola_9785,7,0,7,0.19648529589176178,0
molecola_9785,8,0,8,0.09581419080495834,0
molecola_9785,9,1,9,0.9921783208847046,1
molecola_9785,10,0,10,0.6744377613067627,1
molecola_9785,11,0,11,0.8108135461807251,1
molecola_9785,12,0,12,0.5644670724868774,1
molecola_9785,13,0,13,0.1400756686925888,0
molecola_9785,14,0,14,0.10667368769645691,0
molecola_9785,15,0,15,0.11456593871116638,0
molecola_9785,16,0,16,0.06302673369646072,0
molecola_9785,17,0,17,0.0042563509196043015,0
molecola_9785,18,0,18,0.0015437243273481727,0
molecola_9785,19,0,19,0.01016194187104702,0
molecola_9785,20,0,20,0.04444269835948944,0
molecola_9785,21,0,21,0.014233165420591831,0
molecola_9785,22,0,22,0.007470331620424986,0
molecola_9785,23,0,23,0.003304770914837718,0
molecola_9794,1,0,1,0.014560004696249962,0
molecola_9794,2,0,2,0.009747355245053768,0
molecola_9794,3,0,3,0.012262233532965183,0
molecola_9794,4,0,4,0.015372333116829395,0
molecola_9794,5,0,5,0.015365744940936565,0
molecola_9794,6,1,6,0.9800015091896057,1
molecola_9794,7,1,7,0.9673398733139038,1
molecola_9794,8,0,8,0.016115987673401833,0
molecola_9794,9,0,9,0.007452286779880524,0
molecola_9794,10,0,10,0.007299601566046476,0
molecola_9794,11,0,11,0.001459685736335814,0
molecola_9794,12,0,12,0.001330227474682033,0
molecola_9794,13,0,13,0.0013136581983417273,0
molecola_9794,14,0,14,0.0010224475990980864,0
molecola_9794,15,0,15,0.0009231142466887832,0
molecola_9794,16,0,16,0.0010386795038357377,0
molecola_9950,1,0,1,0.0017240027664229274,0
molecola_9950,2,0,2,0.0041045560501515865,0
molecola_9950,3,0,3,0.0014146347530186176,0
molecola_9950,4,0,4,0.001146594644524157,0
molecola_9950,5,0,5,0.000797456072177738,0
molecola_9950,6,0,6,0.001146594644524157,0
molecola_9950,7,0,7,0.0014146347530186176,0
molecola_9950,8,0,8,0.0010798212606459856,0
molecola_9950,9,0,9,0.0028383780736476183,0
molecola_9950,10,0,10,0.0027436516247689724,0
molecola_9950,11,0,11,0.00711414311081171,0
molecola_9950,12,0,12,0.053946614265441895,0
molecola_9950,13,0,13,0.05398184061050415,0
molecola_9950,14,0,14,0.025321070104837418,0
molecola_9950,15,0,15,0.009547433815896511,0
molecola_9950,16,0,16,0.030379192903637886,0
molecola_9950,17,0,17,0.007356996648013592,0
molecola_9950,18,0,18,0.04803883284330368,0
molecola_9950,19,0,19,0.6197016835212708,1
molecola_9950,20,0,20,0.12523677945137024,0
molecola_9950,21,0,21,0.0018625515513122082,0
molecola_9950,22,1,22,0.9908753633499146,1
molecola_9950,23,1,23,0.9387770891189575,1
molecola_9950,24,1,24,0.9387770891189575,1
molecola_9971,1,0,1,0.0010129271540790796,0
molecola_9971,2,0,2,0.0008883397676981986,0
molecola_9971,3,1,3,0.9849244952201843,1
molecola_9971,4,1,4,0.9729791879653931,1
molecola_9971,5,0,5,0.0013034186558797956,0
molecola_9971,6,0,6,0.03627464175224304,0
molecola_9971,7,0,7,0.007831564173102379,0
molecola_9971,8,0,8,0.0012161736376583576,0
molecola_9971,9,0,9,0.005969412624835968,0
molecola_9971,10,0,10,0.0062297796830534935,0
molecola_9971,11,0,11,0.0007755975821055472,0
molecola_9971,12,0,12,0.014792438596487045,0
molecola_9971,13,0,13,0.02535192295908928,0
molecola_9971,14,0,14,0.015766821801662445,0
molecola_9971,15,0,15,0.0013586850836873055,0
molecola_9971,16,1,16,0.31153297424316406,0
molecola_9971,17,0,17,0.41322964429855347,0
molecola_9971,18,0,18,0.059037305414676666,0
molecola_9971,19,0,19,0.03189630061388016,0
molecola_9971,20,1,20,0.2713688910007477,0
molecola_9971,21,0,21,0.0012101497268304229,0
molecola_9971,22,0,22,0.0008500422700308263,0
molecola_9971,23,0,23,0.000985340098850429,0
