molecola,indice_atomi,match,indice_atomo,probabilita,y_pred_prob
molecola_10070,1,1,1,0.8880547881126404,1
molecola_10070,2,1,2,0.9843407273292542,1
molecola_10070,3,1,3,0.8880547881126404,1
molecola_10070,4,1,4,0.8088961243629456,1
molecola_10070,5,0,5,0.009335361421108246,0
molecola_10070,6,0,6,0.0037265790160745382,0
molecola_10070,7,0,7,0.020004624500870705,0
molecola_10070,8,0,8,0.02902831882238388,0
molecola_10070,9,0,9,0.020004624500870705,0
molecola_10070,10,0,10,0.0037265790160745382,0
molecola_10070,11,0,11,0.012259364128112793,0
molecola_10070,12,0,12,0.019084474071860313,0
molecola_10070,13,0,13,0.01787400059401989,0
molecola_10070,14,0,14,0.024292727932333946,0
molecola_10070,15,0,15,0.01787400059401989,0
molecola_10070,16,0,16,0.019084474071860313,0
molecola_10070,17,0,17,0.024183016270399094,0
molecola_10070,18,0,18,0.015513651072978973,0
molecola_10070,19,0,19,0.04707083851099014,0
molecola_10070,20,0,20,0.01163195725530386,0
molecola_10070,21,0,21,0.07325384020805359,0
molecola_10070,22,0,22,0.012680993415415287,0
molecola_10070,23,0,23,0.026881951838731766,0
molecola_10070,24,0,24,0.0023738895542919636,0
molecola_10070,25,0,25,0.0028617882635444403,0
molecola_10070,26,0,26,0.0033313927706331015,0
molecola_10070,27,0,27,0.04291889816522598,0
molecola_10070,28,0,28,0.0013490314595401287,0
molecola_10070,29,0,29,0.0007569249719381332,0
molecola_10070,30,0,30,0.0007569249719381332,0
molecola_10070,31,0,31,0.0007569249719381332,0
molecola_10070,32,0,32,0.04648425430059433,0
molecola_10070,33,0,33,0.015377270989120007,0
molecola_10072,1,0,1,0.0011675495188683271,0
molecola_10072,2,0,2,0.0010332154342904687,0
molecola_10072,3,0,3,0.0011675495188683271,0
molecola_10072,4,0,4,0.001483718864619732,0
molecola_10072,5,0,5,0.0011727281380444765,0
molecola_10072,6,0,6,0.0006941086612641811,0
molecola_10072,7,0,7,0.001308011938817799,0
molecola_10072,8,0,8,0.0009584059589542449,0
molecola_10072,9,0,9,0.001290621468797326,0
molecola_10072,10,0,10,0.0006382186547853053,0
molecola_10072,11,0,11,0.004841610323637724,0
molecola_10072,12,0,12,0.13128390908241272,0
molecola_10072,13,0,13,0.1353679597377777,0
molecola_10072,14,1,14,0.9840677976608276,1
molecola_10072,15,0,15,0.006803853902965784,0
molecola_10072,16,0,16,0.004967168439179659,0
molecola_1011,1,0,1,0.1393899917602539,0
molecola_1011,2,0,2,0.10621283203363419,0
molecola_1011,3,0,3,0.11190690845251083,0
molecola_1011,4,0,4,0.21622972190380096,0
molecola_1011,5,0,5,0.06015687808394432,0
molecola_1011,6,0,6,0.029663193970918655,0
molecola_1011,7,0,7,0.005162279587239027,0
molecola_1011,8,0,8,0.002489386359229684,0
molecola_1011,9,0,9,0.005162279587239027,0
molecola_1011,10,0,10,0.029663193970918655,0
molecola_1011,11,0,11,0.0021099818404763937,0
molecola_1011,12,0,12,0.0010289031779393554,0
molecola_1011,13,0,13,0.0029715762939304113,0
molecola_1011,14,0,14,0.0021861763671040535,0
molecola_1011,15,0,15,0.0021861763671040535,0
molecola_1011,16,0,16,0.08508293330669403,0
molecola_1011,17,0,17,0.038248758763074875,0
molecola_1011,18,0,18,0.02732926420867443,0
molecola_1011,19,0,19,0.059013497084379196,0
molecola_1011,20,0,20,0.06586877256631851,0
molecola_1011,21,0,21,0.01874605379998684,0
molecola_1011,22,0,22,0.009127995930612087,0
molecola_1011,23,0,23,0.0015392291825264692,0
molecola_1011,24,0,24,0.0009635661845095456,0
molecola_1011,25,0,25,0.0023465491831302643,0
molecola_1011,26,0,26,0.0009065800113603473,0
molecola_1011,27,0,27,0.007108581252396107,0
molecola_1011,28,0,28,0.0014107869938015938,0
molecola_1011,29,0,29,0.0039064520969986916,0
molecola_1011,30,1,30,0.9715121388435364,1
molecola_1011,31,1,31,0.9718939065933228,1
molecola_1011,32,0,32,0.0009545161155983806,0
molecola_1011,33,0,33,0.0009996435837820172,0
molecola_1011,34,0,34,0.0010325905168429017,0
molecola_10213,1,1,1,0.947026252746582,1
molecola_10213,2,0,2,0.024713193997740746,0
molecola_10213,3,0,3,0.04574510082602501,0
molecola_10213,4,0,4,0.03230801224708557,0
molecola_10213,5,0,5,0.012738650664687157,0
molecola_10213,6,0,6,0.05064159631729126,0
molecola_10213,7,0,7,0.009534817188978195,0
molecola_10213,8,0,8,0.002966898027807474,0
molecola_10213,9,0,9,0.0059977564960718155,0
molecola_10213,10,0,10,0.004622685257345438,0
molecola_10213,11,0,11,0.02031976357102394,0
molecola_10213,12,0,12,0.007696874439716339,0
molecola_10213,13,0,13,0.00256682513281703,0
molecola_10213,14,0,14,0.002435379195958376,0
molecola_10213,15,0,15,0.0022403798066079617,0
molecola_10213,16,0,16,0.016822777688503265,0
molecola_10213,17,0,17,0.01621118187904358,0
molecola_10213,18,0,18,0.0014226909261196852,0
molecola_10213,19,0,19,0.0017428782302886248,0
molecola_10351,1,0,1,0.04781550541520119,0
molecola_10351,2,0,2,0.012897700071334839,0
molecola_10351,3,0,3,0.003276252653449774,0
molecola_10351,4,0,4,0.07342764735221863,0
molecola_10351,5,0,5,0.009737055748701096,0
molecola_10351,6,0,6,0.008507038466632366,0
molecola_10351,7,0,7,0.09330636262893677,0
molecola_10351,8,0,8,0.019985059276223183,0
molecola_10351,9,0,9,0.12672020494937897,0
molecola_10351,10,1,10,0.9870360493659973,1
molecola_10351,11,0,11,0.12657268345355988,0
molecola_10351,12,0,12,0.00500781973823905,0
molecola_10351,13,0,13,0.004422313068062067,0
molecola_10351,14,0,14,0.0019940719939768314,0
molecola_10351,15,0,15,0.0009803276043385267,0
molecola_10382,1,0,1,0.004287139046937227,0
molecola_10382,2,1,2,0.7147960662841797,1
molecola_10382,3,0,3,0.0009896112605929375,0
molecola_10382,4,0,4,0.001196063938550651,0
molecola_10382,5,0,5,0.002185240387916565,0
molecola_10382,6,0,6,0.007256382144987583,0
molecola_10382,7,0,7,0.026698140427470207,0
molecola_10382,8,0,8,0.007256382144987583,0
molecola_10382,9,0,9,0.002185240387916565,0
molecola_10382,10,0,10,0.023142047226428986,0
molecola_10382,11,0,11,0.07535741478204727,0
molecola_10382,12,0,12,0.13439613580703735,0
molecola_10382,13,0,13,0.08407887071371078,0
molecola_10382,14,0,14,0.02006024681031704,0
molecola_10382,15,0,15,0.1515841782093048,0
molecola_10382,16,0,16,0.06973281502723694,0
molecola_10382,17,0,17,0.06458673626184464,0
molecola_10382,18,0,18,0.06664929538965225,0
molecola_10382,19,0,19,0.05812305957078934,0
molecola_10382,20,0,20,0.1432117372751236,0
molecola_10382,21,0,21,0.8652254343032837,1
molecola_10382,22,0,22,0.03227280080318451,0
molecola_10382,23,0,23,0.005793997086584568,0
molecola_10382,24,0,24,0.002117471769452095,0
molecola_10382,25,0,25,0.0010855094296857715,0
molecola_10382,26,0,26,0.002117471769452095,0
molecola_10382,27,0,27,0.005793997086584568,0
molecola_10382,28,0,28,0.001653543789871037,0
molecola_10382,29,0,29,0.0010135411284863949,0
molecola_10382,30,0,30,0.0010135411284863949,0
molecola_10382,31,0,31,0.0008681004401296377,0
molecola_10382,32,0,32,0.0015940184239298105,0
molecola_10382,33,0,33,0.0015940184239298105,0
molecola_10565,1,1,1,0.894913911819458,1
molecola_10565,2,1,2,0.9698124527931213,1
molecola_10565,3,0,3,0.894913911819458,1
molecola_10565,4,0,4,0.8493310213088989,1
molecola_10565,5,0,5,0.10475514829158783,0
molecola_10565,6,0,6,0.02108132839202881,0
molecola_10565,7,0,7,0.04230658337473869,0
molecola_10565,8,0,8,0.018853962421417236,0
molecola_10565,9,0,9,0.025252271443605423,0
molecola_10565,10,0,10,0.036971136927604675,0
molecola_10565,11,0,11,0.02475862018764019,0
molecola_10565,12,0,12,0.02879377268254757,0
molecola_10565,13,0,13,0.009260336868464947,0
molecola_10565,14,0,14,0.004850083962082863,0
molecola_10565,15,0,15,0.0031395063269883394,0
molecola_10565,16,0,16,0.0010746604530140758,0
molecola_10565,17,0,17,0.0014871653402224183,0
molecola_10565,18,0,18,0.0014871653402224183,0
molecola_10565,19,0,19,0.004376645665615797,0
molecola_10565,20,0,20,0.03571352735161781,0
molecola_10565,21,0,21,0.12254207581281662,0
molecola_10565,22,0,22,0.1212531328201294,0
molecola_10565,23,0,23,0.06535384058952332,0
molecola_10565,24,0,24,0.008121627382934093,0
molecola_10669,1,0,1,0.0016430072719231248,0
molecola_10669,2,0,2,0.0032336986623704433,0
molecola_10669,3,0,3,0.0016415828140452504,0
molecola_10669,4,0,4,0.0016415828140452504,0
molecola_10669,5,0,5,0.0022008877713233232,0
molecola_10669,6,0,6,0.03138440102338791,0
molecola_10669,7,0,7,0.09568364173173904,0
molecola_10669,8,0,8,0.021431807428598404,0
molecola_10669,9,0,9,0.006812017410993576,0
molecola_10669,10,0,10,0.007738715503364801,0
molecola_10669,11,0,11,0.006882949266582727,0
molecola_10669,12,0,12,0.016131842508912086,0
molecola_10669,13,0,13,0.032021671533584595,0
molecola_10669,14,0,14,0.05035115033388138,0
molecola_10669,15,0,15,0.03615473583340645,0
molecola_10669,16,0,16,0.014149779453873634,0
molecola_10669,17,0,17,0.0011009370209649205,0
molecola_10669,18,0,18,0.002800942864269018,0
molecola_10669,19,0,19,0.003669504076242447,0
molecola_10669,20,0,20,0.00880352035164833,0
molecola_10669,21,0,21,0.003669504076242447,0
molecola_10669,22,0,22,0.002800942864269018,0
molecola_10669,23,0,23,0.023238711059093475,0
molecola_10669,24,0,24,0.004383997060358524,0
molecola_10669,25,0,25,0.06766830384731293,0
molecola_10669,26,0,26,0.08806385844945908,0
molecola_10669,27,0,27,0.10018960386514664,0
molecola_10669,28,0,28,0.14305773377418518,0
molecola_10669,29,1,29,0.9819635152816772,1
molecola_10669,30,0,30,0.06545994430780411,0
molecola_10669,31,0,31,0.003009786829352379,0
molecola_10669,32,0,32,0.023304874077439308,0
molecola_10669,33,0,33,0.058575402945280075,0
molecola_10669,34,0,34,0.12297622859477997,0
molecola_10669,35,0,35,0.09568364173173904,0
molecola_10669,36,0,36,0.03138440102338791,0
molecola_10835,1,0,1,0.002301681088283658,0
molecola_10835,2,0,2,0.002441150601953268,0
molecola_10835,3,0,3,0.004543063696473837,0
molecola_10835,4,0,4,0.002441150601953268,0
molecola_10835,5,0,5,0.002301681088283658,0
molecola_10835,6,0,6,0.005183387082070112,0
molecola_10835,7,0,7,0.017675558105111122,0
molecola_10835,8,0,8,0.06986628472805023,0
molecola_10835,9,0,9,0.0028646772261708975,0
molecola_10835,10,0,10,0.0015384817961603403,0
molecola_10835,11,0,11,0.0008097513346001506,0
molecola_10835,12,0,12,0.000904751883354038,0
molecola_10835,13,0,13,0.0013532398734241724,0
molecola_10835,14,0,14,0.000904751883354038,0
molecola_10835,15,0,15,0.0015384817961603403,0
molecola_10835,16,0,16,0.0008097513346001506,0
molecola_10835,17,0,17,0.0014934977516531944,0
molecola_10835,18,0,18,0.001277170260436833,0
molecola_10835,19,0,19,0.0011728615500032902,0
molecola_10835,20,0,20,0.0022012859117239714,0
molecola_10835,21,0,21,0.14532049000263214,0
molecola_10835,22,0,22,0.49406203627586365,0
molecola_10835,23,1,23,0.9696009159088135,1
molecola_10835,24,0,24,0.9333454370498657,1
molecola_10835,25,1,25,0.9699954390525818,1
molecola_10835,26,0,26,0.003404496470466256,0
molecola_10835,27,0,27,0.008665628731250763,0
molecola_10835,28,0,28,0.07094066590070724,0
molecola_10835,29,0,29,0.1199788972735405,0
molecola_10835,30,0,30,0.12415315955877304,0
molecola_10835,31,0,31,0.04743000119924545,0
molecola_10835,32,0,32,0.003932514693588018,0
molecola_11115,1,1,1,0.8824694156646729,1
molecola_11115,2,1,2,0.9885313510894775,1
molecola_11115,3,0,3,0.8824694156646729,1
molecola_11115,4,1,4,0.8696755766868591,1
molecola_11115,5,0,5,0.023365242406725883,0
molecola_11115,6,0,6,0.0338287428021431,0
molecola_11115,7,0,7,0.04060328006744385,0
molecola_11115,8,0,8,0.05255025252699852,0
molecola_11115,9,0,9,0.06267014145851135,0
molecola_11115,10,0,10,0.051685310900211334,0
molecola_11115,11,0,11,0.05767887458205223,0
molecola_11115,12,0,12,0.051685310900211334,0
molecola_11115,13,0,13,0.06267014145851135,0
molecola_11115,14,0,14,0.05255025252699852,0
molecola_11115,15,0,15,0.04060328006744385,0
molecola_11115,16,0,16,0.03382876515388489,0
molecola_11115,17,0,17,0.023365238681435585,0
molecola_11149,1,1,1,0.9727569222450256,1
molecola_11149,2,1,2,0.9762964844703674,1
molecola_11149,3,0,3,0.0012475489638745785,0
molecola_11149,4,0,4,0.0016979769570752978,0
molecola_11149,5,0,5,0.0006829446647316217,0
molecola_11149,6,0,6,0.005468328017741442,0
molecola_11149,7,0,7,0.02001090720295906,0
molecola_11149,8,0,8,0.01671924628317356,0
molecola_11149,9,0,9,0.004205862991511822,0
molecola_11149,10,0,10,0.009810497984290123,0
molecola_11149,11,0,11,0.011939506977796555,0
molecola_11149,12,0,12,0.14540238678455353,0
molecola_11149,13,0,13,0.2797250747680664,0
molecola_11149,14,0,14,0.5501510500907898,1
molecola_11149,15,0,15,0.0715145394206047,0
molecola_11149,16,0,16,0.007477778010070324,0
molecola_11149,17,1,17,0.9936484694480896,1
molecola_11149,18,1,18,0.9682629704475403,1
molecola_11149,19,1,19,0.9682629704475403,1
molecola_11267,1,1,1,0.8400576114654541,1
molecola_11267,2,1,2,0.9720919132232666,1
molecola_11267,3,1,3,0.9703112840652466,1
molecola_11267,4,1,4,0.8252185583114624,1
molecola_11267,5,1,5,0.7568421959877014,1
molecola_11267,6,1,6,0.2204037457704544,0
molecola_11267,7,0,7,0.05330795422196388,0
molecola_11267,8,0,8,0.04641132801771164,0
molecola_11267,9,0,9,0.03184401988983154,0
molecola_11267,10,0,10,0.04641132801771164,0
molecola_11267,11,0,11,0.05330795422196388,0
molecola_11267,12,0,12,0.05261686444282532,0
molecola_11267,13,0,13,0.06827624887228012,0
molecola_11267,14,0,14,0.04292682185769081,0
molecola_11267,15,0,15,0.026744522154331207,0
molecola_11267,16,0,16,0.025558261200785637,0
molecola_11267,17,0,17,0.046237826347351074,0
molecola_11267,18,0,18,0.026820456609129906,0
molecola_11267,19,0,19,0.18358534574508667,0
molecola_11267,20,0,20,0.001207082299515605,0
molecola_11267,21,0,21,0.0013169979210942984,0
molecola_11267,22,0,22,0.0012493451358750463,0
molecola_11267,23,0,23,0.0017279620515182614,0
molecola_11267,24,0,24,0.014008848927915096,0
molecola_11267,25,0,25,0.030710870400071144,0
molecola_11267,26,0,26,0.0028242263942956924,0
molecola_11267,27,0,27,0.0015014009550213814,0
molecola_11267,28,0,28,0.0007882208446972072,0
molecola_11267,29,0,29,0.018867691978812218,0
molecola_11267,30,0,30,0.012494123540818691,0
molecola_11410,1,0,1,0.8596701622009277,1
molecola_11410,2,0,2,0.058338575065135956,0
molecola_11410,3,0,3,0.03149953484535217,0
molecola_11410,4,0,4,0.3328298330307007,0
molecola_11410,5,0,5,0.17330846190452576,0
molecola_11410,6,1,6,0.9878019690513611,1
molecola_11410,7,0,7,0.12169235199689865,0
molecola_11410,8,0,8,0.06563138216733932,0
molecola_11410,9,0,9,0.034575168043375015,0
molecola_11410,10,0,10,0.018117500469088554,0
molecola_11410,11,0,11,0.01241051685065031,0
molecola_11410,12,0,12,0.002491205697879195,0
molecola_11410,13,0,13,0.0007497881888411939,0
molecola_11410,14,0,14,0.0011432796018198133,0
molecola_11410,15,0,15,0.001184135559014976,0
molecola_11410,16,0,16,0.0398542545735836,0
molecola_11410,17,0,17,0.05749465897679329,0
molecola_11410,18,0,18,0.039854247123003006,0
molecola_11410,19,0,19,0.0011432796018198133,0
molecola_11410,20,0,20,0.001184135559014976,0
molecola_11484,1,1,1,0.9059786200523376,1
molecola_11484,2,0,2,0.0212982427328825,0
molecola_11484,3,0,3,0.08429001271724701,0
molecola_11484,4,0,4,0.03495575115084648,0
molecola_11484,5,0,5,0.031090902164578438,0
molecola_11484,6,0,6,0.0016160927480086684,0
molecola_11484,7,0,7,0.04955943301320076,0
molecola_11484,8,0,8,0.08952751010656357,0
molecola_11484,9,0,9,0.019587378948926926,0
molecola_11484,10,0,10,0.09648247063159943,0
molecola_11484,11,0,11,0.12226064503192902,0
molecola_11484,12,0,12,0.09444285184144974,0
molecola_11484,13,0,13,0.12226064503192902,0
molecola_11484,14,0,14,0.09648247063159943,0
molecola_11500,1,1,1,0.9726859331130981,1
molecola_11500,2,1,2,0.9768992066383362,1
molecola_11500,3,0,3,0.017535703256726265,0
molecola_11500,4,0,4,0.022048993036150932,0
molecola_11500,5,0,5,0.03592218831181526,0
molecola_11500,6,0,6,0.007813467644155025,0
molecola_11500,7,0,7,0.003067039418965578,0
molecola_11500,8,0,8,0.005755510646849871,0
molecola_11500,9,0,9,0.0011102685239166021,0
molecola_11500,10,0,10,0.0007221795385703444,0
molecola_11500,11,0,11,0.0013115222100168467,0
molecola_11500,12,0,12,0.030489223077893257,0
molecola_11500,13,0,13,0.07187400758266449,0
molecola_11500,14,0,14,0.005067647434771061,0
molecola_11500,15,0,15,0.0009684302494861186,0
molecola_11500,16,0,16,0.0010171534959226847,0
molecola_11500,17,0,17,0.0013104560784995556,0
molecola_11500,18,0,18,0.0007034007576294243,0
molecola_11500,19,0,19,0.001021731412038207,0
molecola_11500,20,0,20,0.000733374385163188,0
molecola_11500,21,0,21,0.001570122316479683,0
molecola_11500,22,0,22,0.009348724968731403,0
molecola_11500,23,0,23,0.005021099932491779,0
molecola_11500,24,0,24,0.003919361159205437,0
molecola_1176,1,1,1,0.9757853150367737,1
molecola_1176,2,0,2,0.1171209067106247,0
molecola_1176,3,0,3,0.07014994323253632,0
molecola_1176,4,0,4,0.018690096214413643,0
molecola_1176,5,0,5,0.008594777435064316,0
molecola_1176,6,0,6,0.0008968863403424621,0
molecola_1176,7,0,7,0.0007421484915539622,0
molecola_1176,8,0,8,0.0016428453382104635,0
molecola_1176,9,0,9,0.0009142538765445352,0
molecola_1176,10,0,10,0.006839085835963488,0
molecola_1176,11,0,11,0.0043862853199243546,0
molecola_11894,1,0,1,0.061789944767951965,0
molecola_11894,2,0,2,0.006511739920824766,0
molecola_11894,3,1,3,0.7544193267822266,1
molecola_11894,4,0,4,0.004891666118055582,0
molecola_11894,5,0,5,0.005525482352823019,0
molecola_11894,6,0,6,0.005525482352823019,0
molecola_11894,7,0,7,0.6638995409011841,1
molecola_11894,8,0,8,0.15004682540893555,0
molecola_11894,9,1,9,0.8661799430847168,1
molecola_11894,10,1,10,0.8546656966209412,1
molecola_11894,11,0,11,0.002616354264318943,0
molecola_11894,12,0,12,0.0017427869606763124,0
molecola_11894,13,0,13,0.009159879758954048,0
molecola_11894,14,0,14,0.0013645398430526257,0
molecola_11894,15,0,15,0.0010877473978325725,0
molecola_11894,16,0,16,0.0007532680756412446,0
molecola_11894,17,0,17,0.0009865931933745742,0
molecola_11943,1,1,1,0.9670184850692749,1
molecola_11943,2,1,2,0.9720470905303955,1
molecola_11943,3,0,3,0.7208945751190186,1
molecola_11943,4,0,4,0.751976728439331,1
molecola_11943,5,0,5,0.3375464975833893,0
molecola_11943,6,0,6,0.06863792985677719,0
molecola_11943,7,0,7,0.04908805713057518,0
molecola_11943,8,0,8,0.07641461491584778,0
molecola_11943,9,0,9,0.029800530523061752,0
molecola_11943,10,0,10,0.07794248312711716,0
molecola_11943,11,0,11,0.14928661286830902,0
molecola_11943,12,0,12,0.4219225347042084,0
molecola_11943,13,0,13,0.07765474170446396,0
molecola_11943,14,0,14,0.04825979471206665,0
molecola_11943,15,0,15,0.5841476917266846,1
molecola_11943,16,0,16,0.019951054826378822,0
molecola_11943,17,0,17,0.0016809136141091585,0
molecola_11943,18,0,18,0.003092776518315077,0
molecola_11943,19,0,19,0.0011452711187303066,0
molecola_11943,20,0,20,0.003092776518315077,0
molecola_11943,21,0,21,0.0016809136141091585,0
molecola_11943,22,0,22,0.0021455134265124798,0
molecola_11943,23,0,23,0.0007834649295546114,0
molecola_11943,24,0,24,0.0008105700253508985,0
molecola_11943,25,0,25,0.0014778802869841456,0
molecola_11943,26,0,26,0.0022808967623859644,0
molecola_11943,27,0,27,0.01714867725968361,0
molecola_11943,28,0,28,0.07793532311916351,0
molecola_11943,29,0,29,0.01714867725968361,0
molecola_11943,30,0,30,0.0022808967623859644,0
molecola_11943,31,0,31,0.0014778802869841456,0
molecola_11943,32,0,32,0.0022808967623859644,0
molecola_11943,33,0,33,0.01714867725968361,0
molecola_11943,34,0,34,0.07793532311916351,0
molecola_11943,35,0,35,0.01714867725968361,0
molecola_11943,36,0,36,0.0022808967623859644,0
molecola_11978,1,0,1,0.08412806689739227,0
molecola_11978,2,0,2,0.0946781113743782,0
molecola_11978,3,0,3,0.012096066027879715,0
molecola_11978,4,0,4,0.0051255859434604645,0
molecola_11978,5,0,5,0.0019332155352458358,0
molecola_11978,6,0,6,0.0039665368385612965,0
molecola_11978,7,0,7,0.0018186502857133746,0
molecola_11978,8,0,8,0.006630931049585342,0
molecola_11978,9,0,9,0.0015041657024994493,0
molecola_11978,10,0,10,0.0014258410083130002,0
molecola_11978,11,0,11,0.0012005531461909413,0
molecola_11978,12,0,12,0.010113149881362915,0
molecola_11978,13,0,13,0.002520889276638627,0
molecola_11978,14,0,14,0.0027659591287374496,0
molecola_11978,15,0,15,0.002317647682502866,0
molecola_11978,16,0,16,0.003720253938809037,0
molecola_11978,17,0,17,0.0014903551200404763,0
molecola_11978,18,0,18,0.009140179492533207,0
molecola_11978,19,0,19,0.0013237912207841873,0
molecola_11978,20,0,20,0.009140179492533207,0
molecola_11978,21,0,21,0.0014903551200404763,0
molecola_11978,22,0,22,0.04698627442121506,0
molecola_11978,23,0,23,0.04992440715432167,0
molecola_11978,24,0,24,0.13409394025802612,0
molecola_11978,25,0,25,0.15131627023220062,0
molecola_11978,26,0,26,0.07334065437316895,0
molecola_11978,27,0,27,0.07407151907682419,0
molecola_11978,28,1,28,0.9874606728553772,1
molecola_11978,29,0,29,0.0009169389959424734,0
molecola_11987,1,0,1,0.806573748588562,1
molecola_11987,2,1,2,0.961367130279541,1
molecola_11987,3,1,3,0.9646888375282288,1
molecola_11987,4,0,4,0.47510871291160583,0
molecola_11987,5,0,5,0.3075806200504303,0
molecola_11987,6,0,6,0.001718491897918284,0
molecola_11987,7,0,7,0.0010590233141556382,0
molecola_11987,8,0,8,0.0023635714314877987,0
molecola_11987,9,0,9,0.001985626993700862,0
molecola_11987,10,0,10,0.02329047955572605,0
molecola_11987,11,0,11,0.030793946236371994,0
molecola_11987,12,0,12,0.0021828701719641685,0
molecola_12028,1,0,1,0.22829583287239075,0
molecola_12028,2,0,2,0.1103539690375328,0
molecola_12028,3,0,3,0.1420920342206955,0
molecola_12028,4,0,4,0.06850335001945496,0
molecola_12028,5,0,5,0.07964558899402618,0
molecola_12028,6,0,6,0.0682501345872879,0
molecola_12028,7,0,7,0.081432044506073,0
molecola_12028,8,0,8,0.08826687932014465,0
molecola_12028,9,0,9,0.20556166768074036,0
molecola_12028,10,0,10,0.05523662641644478,0
molecola_12028,11,0,11,0.18047596514225006,0
molecola_12028,12,0,12,0.1875970959663391,0
molecola_12028,13,1,13,0.9866576790809631,1
molecola_12028,14,0,14,0.011074734851717949,0
molecola_12028,15,0,15,0.08050574362277985,0
molecola_12028,16,0,16,0.06676022708415985,0
molecola_12028,17,0,17,0.06625919789075851,0
molecola_12028,18,0,18,0.006294562481343746,0
molecola_12028,19,0,19,0.002403127495199442,0
molecola_12028,20,0,20,0.0037989465054124594,0
molecola_12165,1,0,1,0.0014809303684160113,0
molecola_12165,2,0,2,0.09667564183473587,0
molecola_12165,3,0,3,0.07910680025815964,0
molecola_12165,4,0,4,0.5195382833480835,1
molecola_12165,5,0,5,0.45981565117836,0
molecola_12165,6,0,6,0.06124940514564514,0
molecola_12165,7,0,7,0.00677912263199687,0
molecola_12165,8,1,8,0.9764528870582581,1
molecola_12165,9,1,9,0.9728890061378479,1
molecola_12165,10,0,10,0.3663801848888397,0
molecola_12165,11,0,11,0.06278330087661743,0
molecola_12165,12,0,12,0.06244455650448799,0
molecola_12165,13,0,13,0.08486238867044449,0
molecola_12165,14,0,14,0.06244455650448799,0
molecola_12165,15,0,15,0.06278330087661743,0
molecola_12275,1,0,1,0.8879570364952087,1
molecola_12275,2,0,2,0.9862479567527771,1
molecola_12275,3,0,3,0.8879570364952087,1
molecola_12275,4,0,4,0.7867475152015686,1
molecola_12275,5,0,5,0.09194862097501755,0
molecola_12275,6,0,6,0.4843454957008362,0
molecola_12275,7,1,7,0.971261203289032,1
molecola_12275,8,0,8,0.13240957260131836,0
molecola_12275,9,1,9,0.9692343473434448,1
molecola_12275,10,0,10,0.5853877067565918,1
molecola_12275,11,0,11,0.07747727632522583,0
molecola_12275,12,0,12,0.04860060289502144,0
molecola_12275,13,0,13,0.052287325263023376,0
molecola_12275,14,0,14,0.21274158358573914,0
molecola_12275,15,0,15,0.1839730143547058,0
molecola_12275,16,0,16,0.030709607526659966,0
molecola_12275,17,0,17,0.5833655595779419,1
molecola_12275,18,0,18,0.6533527970314026,1
molecola_12275,19,0,19,0.46561750769615173,0
molecola_12275,20,0,20,0.018826056271791458,0
molecola_12275,21,0,21,0.019363168627023697,0
molecola_12275,22,0,22,0.6030197739601135,1
molecola_12275,23,0,23,0.2525811493396759,0
molecola_12275,24,0,24,0.9687770009040833,1
molecola_12275,25,0,25,0.479637086391449,0
molecola_12275,26,0,26,0.9746827483177185,1
molecola_12275,27,0,27,0.11250551044940948,0
molecola_12275,28,0,28,0.9518617391586304,1
molecola_12275,29,0,29,0.8777503967285156,1
molecola_12275,30,0,30,0.8777503967285156,1
molecola_1230,1,0,1,0.0014581943396478891,0
molecola_1230,2,0,2,0.010999146848917007,0
molecola_1230,3,0,3,0.0014581943396478891,0
molecola_1230,4,0,4,0.002409570850431919,0
molecola_1230,5,0,5,0.004432260524481535,0
molecola_1230,6,0,6,0.005205121822655201,0
molecola_1230,7,0,7,0.014301663264632225,0
molecola_1230,8,0,8,0.001560548203997314,0
molecola_1230,9,0,9,0.0023086601868271828,0
molecola_1230,10,0,10,0.01835763081908226,0
molecola_1230,11,0,11,0.10110350698232651,0
molecola_1230,12,0,12,0.09066804498434067,0
molecola_1230,13,0,13,0.691243588924408,1
molecola_1230,14,0,14,0.05230749398469925,0
molecola_1230,15,1,15,0.9899919629096985,1
molecola_1230,16,0,16,0.691243588924408,1
molecola_1230,17,0,17,0.09066804498434067,0
molecola_1230,18,0,18,0.0007491896976716816,0
molecola_1230,19,0,19,0.001497942954301834,0
molecola_1230,20,0,20,0.042385827749967575,0
molecola_1230,21,0,21,0.08111502230167389,0
molecola_1230,22,0,22,0.004769463092088699,0
molecola_1230,23,0,23,0.0010311660589650273,0
molecola_1230,24,0,24,0.0009930041851475835,0
molecola_12340,1,0,1,0.0014470793539658189,0
molecola_12340,2,0,2,0.0009221656946465373,0
molecola_12340,3,0,3,0.0017339272890239954,0
molecola_12340,4,0,4,0.0009778658859431744,0
molecola_12340,5,0,5,0.0008356848848052323,0
molecola_12340,6,0,6,0.0018825720762833953,0
molecola_12340,7,0,7,0.0009152243146672845,0
molecola_12340,8,0,8,0.0013696443056687713,0
molecola_12340,9,0,9,0.0033118384890258312,0
molecola_12340,10,0,10,0.0032483048271387815,0
molecola_12340,11,0,11,0.01127603743225336,0
molecola_12340,12,0,12,0.01775391958653927,0
molecola_12340,13,0,13,0.026768822222948074,0
molecola_12340,14,1,14,0.8475177884101868,1
molecola_12340,15,1,15,0.7204046845436096,1
molecola_12340,16,1,16,0.8782729506492615,1
molecola_12340,17,0,17,0.4499640464782715,0
molecola_12340,18,1,18,0.9877943992614746,1
molecola_12340,19,0,19,0.8775238990783691,1
molecola_12340,20,1,20,0.8775238990783691,1
molecola_12340,21,0,21,0.001154789817519486,0
molecola_12340,22,0,22,0.08212999254465103,0
molecola_12340,23,0,23,0.20721836388111115,0
molecola_12340,24,0,24,0.32368189096450806,0
molecola_12340,25,0,25,0.0007599323289468884,0
molecola_12340,26,0,26,0.001314048538915813,0
molecola_12369,1,0,1,0.0044888644479215145,0
molecola_12369,2,0,2,0.0019344664178788662,0
molecola_12369,3,0,3,0.002073760377243161,0
molecola_12369,4,0,4,0.0011097091482952237,0
molecola_12369,5,0,5,0.0011097091482952237,0
molecola_12369,6,0,6,0.0013747384073212743,0
molecola_12369,7,0,7,0.004332579672336578,0
molecola_12369,8,0,8,0.0082744425162673,0
molecola_12369,9,0,9,0.030501842498779297,0
molecola_12369,10,0,10,0.03630130738019943,0
molecola_12369,11,0,11,0.02545975334942341,0
molecola_12369,12,0,12,0.03107834793627262,0
molecola_12369,13,0,13,0.016881998628377914,0
molecola_12369,14,0,14,0.0024699957575649023,0
molecola_12369,15,0,15,0.017111144959926605,0
molecola_12369,16,0,16,0.015146462246775627,0
molecola_12369,17,0,17,0.00477590411901474,0
molecola_12369,18,0,18,0.011221633292734623,0
molecola_12369,19,1,19,0.8808217644691467,1
molecola_12369,20,1,20,0.9016461372375488,1
molecola_12369,21,1,21,0.8639212846755981,1
molecola_12369,22,1,22,0.8562294840812683,1
molecola_12369,23,0,23,0.7876470685005188,1
molecola_12369,24,0,24,0.25135374069213867,0
molecola_12369,25,0,25,0.007256718818098307,0
molecola_12369,26,0,26,0.014805112034082413,0
molecola_12445,1,0,1,0.10683947056531906,0
molecola_12445,2,0,2,0.09999570995569229,0
molecola_12445,3,0,3,0.14406615495681763,0
molecola_12445,4,0,4,0.4373312294483185,0
molecola_12445,5,0,5,0.3956044018268585,0
molecola_12445,6,0,6,0.3188713788986206,0
molecola_12445,7,0,7,0.2040746957063675,0
molecola_12445,8,0,8,0.237533301115036,0
molecola_12445,9,0,9,0.032973844558000565,0
molecola_12445,10,0,10,0.03396843001246452,0
molecola_12445,11,0,11,0.0065651508048176765,0
molecola_12445,12,0,12,0.1431073397397995,0
molecola_12445,13,0,13,0.09419719129800797,0
molecola_12445,14,0,14,0.2634887397289276,0
molecola_12445,15,0,15,0.15010356903076172,0
molecola_12445,16,0,16,0.10095055401325226,0
molecola_12445,17,0,17,0.0020692909602075815,0
molecola_12445,18,1,18,0.962515115737915,1
molecola_12445,19,0,19,0.005499381106346846,0
molecola_12445,20,0,20,0.005499381106346846,0
molecola_12445,21,1,21,0.9685127139091492,1
molecola_12497,1,1,1,0.8993978500366211,1
molecola_12497,2,0,2,0.052099455147981644,0
molecola_12497,3,0,3,0.0527043342590332,0
molecola_12497,4,0,4,0.07324482500553131,0
molecola_12497,5,0,5,0.10166086256504059,0
molecola_12497,6,0,6,0.09628117829561234,0
molecola_12497,7,0,7,0.04705095291137695,0
molecola_12497,8,0,8,0.01369269099086523,0
molecola_12497,9,0,9,0.0035474924370646477,0
molecola_12497,10,0,10,0.0007343226461671293,0
molecola_12497,11,0,11,0.0007343226461671293,0
molecola_12497,12,0,12,0.0007343226461671293,0
molecola_12497,13,0,13,0.04893683269619942,0
molecola_12497,14,0,14,0.09429092705249786,0
molecola_12497,15,0,15,0.07179409265518188,0
molecola_12664,1,0,1,0.07695014774799347,0
molecola_12664,2,0,2,0.03161989152431488,0
molecola_12664,3,0,3,0.0014574419474229217,0
molecola_12664,4,0,4,0.02581271529197693,0
molecola_12664,5,0,5,0.003131008706986904,0
molecola_12664,6,0,6,0.0031916045118123293,0
molecola_12664,7,0,7,0.0016563942190259695,0
molecola_12664,8,0,8,0.5048069953918457,1
molecola_12664,9,0,9,0.001641169423237443,0
molecola_12664,10,0,10,0.014003350399434566,0
molecola_12664,11,0,11,0.03554925322532654,0
molecola_12664,12,0,12,0.05480065569281578,0
molecola_12664,13,0,13,0.0026617050170898438,0
molecola_12664,14,0,14,0.0011024951236322522,0
molecola_12664,15,0,15,0.0025546811521053314,0
molecola_12664,16,0,16,0.0009051989763975143,0
molecola_12664,17,0,17,0.004272179678082466,0
molecola_12664,18,0,18,0.00414486788213253,0
molecola_12664,19,0,19,0.007165488321334124,0
molecola_12664,20,0,20,0.1880234032869339,0
molecola_12664,21,0,21,0.48351097106933594,0
molecola_12664,22,0,22,0.6653400659561157,1
molecola_12664,23,0,23,0.48351097106933594,0
molecola_12664,24,0,24,0.1880234032869339,0
molecola_12664,25,0,25,0.004568945150822401,0
molecola_12664,26,0,26,0.004693896975368261,0
molecola_12664,27,0,27,0.0021157790906727314,0
molecola_12664,28,0,28,0.020430857315659523,0
molecola_12664,29,0,29,0.007969820871949196,0
molecola_12664,30,1,30,0.9727351069450378,1
molecola_12664,31,1,31,0.9713513851165771,1
molecola_12664,32,0,32,0.0009225779213011265,0
molecola_12664,33,0,33,0.0011670702369883657,0
molecola_12664,34,0,34,0.000671318790409714,0
molecola_12763,1,0,1,0.4642830193042755,0
molecola_12763,2,0,2,0.1955724060535431,0
molecola_12763,3,0,3,0.04384361952543259,0
molecola_12763,4,0,4,0.002700044773519039,0
molecola_12763,5,0,5,0.000986410421319306,0
molecola_12763,6,0,6,0.001963796792551875,0
molecola_12763,7,0,7,0.0008127716137096286,0
molecola_12763,8,0,8,0.002243913011625409,0
molecola_12763,9,0,9,0.14344298839569092,0
molecola_12763,10,0,10,0.08199101686477661,0
molecola_12763,11,0,11,0.07192713022232056,0
molecola_12763,12,0,12,0.3078498840332031,0
molecola_12763,13,0,13,0.08176868408918381,0
molecola_12763,14,1,14,0.9886309504508972,1
molecola_12763,15,0,15,0.0785260796546936,0
molecola_12763,16,0,16,0.003151069162413478,0
molecola_12763,17,0,17,0.01648048311471939,0
molecola_12763,18,0,18,0.0019637986551970243,0
molecola_12763,19,0,19,0.0008127719629555941,0
molecola_12763,20,0,20,0.000986410421319306,0
molecola_12763,21,1,21,0.9867297410964966,1
molecola_12763,22,0,22,0.9279183149337769,1
molecola_12763,23,1,23,0.9279183149337769,1
molecola_12824,1,0,1,0.0012588946847245097,0
molecola_12824,2,0,2,0.001741452724672854,0
molecola_12824,3,0,3,0.0012588946847245097,0
molecola_12824,4,0,4,0.0026228365022689104,0
molecola_12824,5,0,5,0.08185819536447525,0
molecola_12824,6,0,6,0.03281408175826073,0
molecola_12824,7,0,7,0.12832269072532654,0
molecola_12824,8,0,8,0.01660183258354664,0
molecola_12824,9,0,9,0.01853490248322487,0
molecola_12824,10,0,10,0.018552441149950027,0
molecola_12824,11,0,11,0.0044646416790783405,0
molecola_12824,12,0,12,0.0038162791170179844,0
molecola_12824,13,0,13,0.001200327998958528,0
molecola_12824,14,0,14,0.0044646416790783405,0
molecola_12824,15,0,15,0.018552441149950027,0
molecola_12824,16,0,16,0.010253628715872765,0
molecola_12824,17,0,17,0.5519834160804749,1
molecola_12824,18,0,18,0.6563790440559387,1
molecola_12824,19,0,19,0.9338629841804504,1
molecola_12824,20,0,20,0.9607822299003601,1
molecola_12824,21,0,21,0.5726926922798157,1
molecola_12824,22,0,22,0.9440727233886719,1
molecola_12824,23,0,23,0.9636477828025818,1
molecola_12824,24,0,24,0.8082110285758972,1
molecola_12824,25,1,25,0.9581432938575745,1
molecola_12824,26,0,26,0.9008492231369019,1
molecola_12824,27,1,27,0.9008492231369019,1
molecola_12824,28,0,28,0.0053039370104670525,0
molecola_12824,29,0,29,0.004645136184990406,0
molecola_12824,30,0,30,0.001080704270862043,0
molecola_12824,31,0,31,0.0010403814958408475,0
molecola_12824,32,0,32,0.0010403814958408475,0
molecola_12824,33,0,33,0.0009776274673640728,0
molecola_12857,1,1,1,0.9808979630470276,1
molecola_12857,2,0,2,0.1320420652627945,0
molecola_12857,3,0,3,0.09457215666770935,0
molecola_12857,4,0,4,0.07161394506692886,0
molecola_12857,5,0,5,0.034037571400403976,0
molecola_12857,6,0,6,0.029188452288508415,0
molecola_12857,7,0,7,0.03129695728421211,0
molecola_12857,8,0,8,0.08838038146495819,0
molecola_12857,9,0,9,0.1320420503616333,0
molecola_12857,10,0,10,0.9808979630470276,1
molecola_12857,11,0,11,0.09457215666770935,0
molecola_12857,12,0,12,0.07161394506692886,0
molecola_12857,13,0,13,0.034037571400403976,0
molecola_12857,14,0,14,0.029188452288508415,0
molecola_12857,15,0,15,0.03129695728421211,0
molecola_12857,16,0,16,0.08838038146495819,0
molecola_12857,17,0,17,0.010871200822293758,0
molecola_12857,18,0,18,0.010871200822293758,0
molecola_12931,1,0,1,0.04442957788705826,0
molecola_12931,2,0,2,0.018441330641508102,0
molecola_12931,3,0,3,0.04442957788705826,0
molecola_12931,4,0,4,0.048769883811473846,0
molecola_12931,5,0,5,0.061852987855672836,0
molecola_12931,6,0,6,0.030397722497582436,0
molecola_12931,7,0,7,0.036327071487903595,0
molecola_12931,8,0,8,0.05520034208893776,0
molecola_12931,9,0,9,0.22535182535648346,0
molecola_12931,10,1,10,0.9479800462722778,1
molecola_12931,11,1,11,0.9654761552810669,1
molecola_1302,1,0,1,0.0031775622628629208,0
molecola_1302,2,0,2,0.0024873081129044294,0
molecola_1302,3,0,3,0.004441330209374428,0
molecola_1302,4,0,4,0.001845260732807219,0
molecola_1302,5,0,5,0.0012182715581730008,0
molecola_1302,6,0,6,0.001456971513107419,0
molecola_1302,7,0,7,0.003335389541462064,0
molecola_1302,8,1,8,0.9936070442199707,1
molecola_1302,9,0,9,0.9682629704475403,1
molecola_1302,10,1,10,0.9682629704475403,1
molecola_1302,11,0,11,0.001207490568049252,0
molecola_1302,12,0,12,0.000778792193159461,0
molecola_1302,13,0,13,0.000778792193159461,0
molecola_1302,14,0,14,0.01967114396393299,0
molecola_1302,15,0,15,0.0008269082172773778,0
molecola_1302,16,0,16,0.0015258793719112873,0
molecola_1302,17,0,17,0.001915223547257483,0
molecola_1302,18,0,18,0.0034294736105948687,0
molecola_1302,19,0,19,0.03807133063673973,0
molecola_1302,20,0,20,0.046906858682632446,0
molecola_1302,21,0,21,0.23184703290462494,0
molecola_1302,22,0,22,0.048838060349226,0
molecola_1302,23,0,23,0.06141002103686333,0
molecola_1302,24,0,24,0.008703691884875298,0
molecola_1302,25,0,25,0.008675201795995235,0
molecola_1302,26,0,26,0.0013268970651552081,0
molecola_1302,27,0,27,0.001479844213463366,0
molecola_1302,28,0,28,0.0020491944160312414,0
molecola_1302,29,0,29,0.014791909605264664,0
molecola_1302,30,0,30,0.03807133063673973,0
molecola_1302,31,0,31,0.0034294736105948687,0
molecola_13387,1,0,1,0.07714956998825073,0
molecola_13387,2,0,2,0.0412742905318737,0
molecola_13387,3,0,3,0.04383533447980881,0
molecola_13387,4,0,4,0.022703438997268677,0
molecola_13387,5,0,5,0.026007898151874542,0
molecola_13387,6,0,6,0.2193329930305481,0
molecola_13387,7,0,7,0.06850355863571167,0
molecola_13387,8,0,8,0.02696615643799305,0
molecola_13387,9,0,9,0.23892608284950256,0
molecola_13387,10,1,10,0.8100605010986328,1
molecola_13387,11,1,11,0.9798775315284729,1
molecola_13387,12,0,12,0.8878908157348633,1
molecola_13387,13,1,13,0.8878908157348633,1
molecola_13387,14,0,14,0.02681688405573368,0
molecola_13387,15,0,15,0.1519273817539215,0
molecola_13387,16,0,16,0.4212567210197449,0
molecola_13387,17,0,17,0.6063022613525391,1
molecola_13387,18,0,18,0.4521060883998871,0
molecola_13387,19,0,19,0.011767862364649773,0
molecola_13387,20,0,20,0.014455336146056652,0
molecola_13497,1,0,1,0.0009289661538787186,0
molecola_13497,2,0,2,0.0042222789488732815,0
molecola_13497,3,0,3,0.0009289661538787186,0
molecola_13497,4,0,4,0.0015327046858146787,0
molecola_13497,5,0,5,0.003856874769553542,0
molecola_13497,6,0,6,0.0026058026123791933,0
molecola_13497,7,0,7,0.002860835986211896,0
molecola_13497,8,0,8,0.001752036390826106,0
molecola_13497,9,0,9,0.0013005734654143453,0
molecola_13497,10,0,10,0.000697175448294729,0
molecola_13497,11,0,11,0.0007182282279245555,0
molecola_13497,12,0,12,0.00120070471893996,0
molecola_13497,13,0,13,0.0019363518804311752,0
molecola_13497,14,0,14,0.001940081245265901,0
molecola_13497,15,0,15,0.0295705683529377,0
molecola_13497,16,0,16,0.061654768884181976,0
molecola_13497,17,0,17,0.0295705683529377,0
molecola_13497,18,0,18,0.001940081245265901,0
molecola_13497,19,0,19,0.0012254688190296292,0
molecola_13497,20,0,20,0.001748578855767846,0
molecola_13497,21,0,21,0.00324829388409853,0
molecola_13497,22,0,22,0.1702248454093933,0
molecola_13497,23,0,23,0.4530462920665741,0
molecola_13497,24,0,24,0.986049234867096,1
molecola_13497,25,0,25,0.9279177784919739,1
molecola_13497,26,0,26,0.9279177784919739,1
molecola_13497,27,0,27,0.003197119105607271,0
molecola_13497,28,0,28,0.0011455690255388618,0
molecola_13497,29,0,29,0.00341595895588398,0
molecola_13497,30,0,30,0.9136329889297485,1
molecola_13497,31,1,31,0.9801728129386902,1
molecola_13497,32,0,32,0.8943113088607788,1
molecola_13497,33,1,33,0.8943113088607788,1
molecola_13611,1,1,1,0.6141406297683716,1
molecola_13611,2,0,2,0.0221614520996809,0
molecola_13611,3,0,3,0.10679766535758972,0
molecola_13611,4,0,4,0.06760938465595245,0
molecola_13611,5,0,5,0.02974272333085537,0
molecola_13611,6,0,6,0.0050613717176020145,0
molecola_13611,7,0,7,0.0035073095932602882,0
molecola_13611,8,0,8,0.00864472147077322,0
molecola_13611,9,0,9,0.022911308333277702,0
molecola_13611,10,0,10,0.01667683571577072,0
molecola_13611,11,0,11,0.12433508783578873,0
molecola_13611,12,0,12,0.14634326100349426,0
molecola_13611,13,0,13,0.1711188703775406,0
molecola_13611,14,0,14,0.04840780049562454,0
molecola_13611,15,0,15,0.13730569183826447,0
molecola_13611,16,0,16,0.03675868362188339,0
molecola_13611,17,0,17,0.11938901245594025,0
molecola_13611,18,0,18,0.13610273599624634,0
molecola_13611,19,0,19,0.5510725378990173,1
molecola_13611,20,0,20,0.05584275722503662,0
molecola_13611,21,1,21,0.9894692897796631,1
molecola_13611,22,0,22,0.38929760456085205,0
molecola_13611,23,0,23,0.009340346790850163,0
molecola_13611,24,0,24,0.19365540146827698,0
molecola_13611,25,1,25,0.9539954662322998,1
molecola_13611,26,1,26,0.9607552886009216,1
molecola_1365,1,0,1,0.22829985618591309,0
molecola_1365,2,0,2,0.09765653312206268,0
molecola_1365,3,0,3,0.1118280217051506,0
molecola_1365,4,0,4,0.13134947419166565,0
molecola_1365,5,1,5,0.9866567254066467,1
molecola_1365,6,0,6,0.1915905773639679,0
molecola_1365,7,0,7,0.0509750172495842,0
molecola_1365,8,0,8,0.03708787262439728,0
molecola_1365,9,0,9,0.04890144243836403,0
molecola_1365,10,0,10,0.06899618357419968,0
molecola_1365,11,0,11,0.11333373934030533,0
molecola_1365,12,1,12,0.9664909839630127,1
molecola_1365,13,0,13,0.011775690130889416,0
molecola_1365,14,0,14,0.0030999756418168545,0
molecola_1365,15,0,15,0.003538595512509346,0
molecola_1365,16,0,16,0.0014944836730137467,0
molecola_1365,17,0,17,0.011211051605641842,0
molecola_1365,18,0,18,0.011211051605641842,0
molecola_1365,19,0,19,0.09866822510957718,0
molecola_1365,20,1,20,0.9287799596786499,1
molecola_1365,21,0,21,0.05905639007687569,0
molecola_1365,22,0,22,0.0811840146780014,0
molecola_1365,23,0,23,0.048771366477012634,0
molecola_1365,24,0,24,0.052169907838106155,0
molecola_1365,25,0,25,0.025349872186779976,0
molecola_1365,26,0,26,0.0018002197612076998,0
molecola_1365,27,0,27,0.0023593532387167215,0
molecola_1365,28,0,28,0.0017818689811974764,0
molecola_1365,29,0,29,0.011211051605641842,0
molecola_1365,30,0,30,0.011211051605641842,0
molecola_1366,1,0,1,0.0013310177018865943,0
molecola_1366,2,0,2,0.0012159779435023665,0
molecola_1366,3,0,3,0.0013310177018865943,0
molecola_1366,4,0,4,0.003134045982733369,0
molecola_1366,5,0,5,0.008960246108472347,0
molecola_1366,6,0,6,0.008577213622629642,0
molecola_1366,7,0,7,0.01246342621743679,0
molecola_1366,8,0,8,0.0035889889113605022,0
molecola_1366,9,0,9,0.005195094738155603,0
molecola_1366,10,0,10,0.042695656418800354,0
molecola_1366,11,0,11,0.021685004234313965,0
molecola_1366,12,0,12,0.0027794453781098127,0
molecola_1366,13,0,13,0.005811374168843031,0
molecola_1366,14,0,14,0.005811374168843031,0
molecola_1366,15,0,15,0.0027794453781098127,0
molecola_1366,16,0,16,0.021685004234313965,0
molecola_1366,17,0,17,0.0031283097341656685,0
molecola_1366,18,0,18,0.0017782518407329917,0
molecola_1366,19,0,19,0.0007742277230136096,0
molecola_1366,20,0,20,0.0014649726217612624,0
molecola_1366,21,0,21,0.002723202807828784,0
molecola_1366,22,0,22,0.001178485108539462,0
molecola_1366,23,0,23,0.0007700836868025362,0
molecola_1366,24,0,24,0.0008299774490296841,0
molecola_1366,25,0,25,0.001299940631724894,0
molecola_1366,26,0,26,0.0015154624124988914,0
molecola_1366,27,0,27,0.000993311288766563,0
molecola_1366,28,0,28,0.0006176737952046096,0
molecola_1366,29,0,29,0.0006176737952046096,0
molecola_1366,30,0,30,0.0015154624124988914,0
molecola_1366,31,0,31,0.001299940631724894,0
molecola_1366,32,0,32,0.0014597837580367923,0
molecola_1366,33,0,33,0.0026287243235856295,0
molecola_1366,34,0,34,0.702887773513794,1
molecola_1366,35,0,35,0.05549412965774536,0
molecola_1366,36,1,36,0.9899919629096985,1
molecola_1366,37,0,37,0.702887773513794,1
molecola_1366,38,0,38,0.0026287243235856295,0
molecola_13660,1,0,1,0.00235648057423532,0
molecola_13660,2,0,2,0.0019929041154682636,0
molecola_13660,3,0,3,0.0014567440375685692,0
molecola_13660,4,0,4,0.004352183546870947,0
molecola_13660,5,0,5,0.006228563841432333,0
molecola_13660,6,0,6,0.7184972763061523,1
molecola_13660,7,0,7,0.05298205092549324,0
molecola_13660,8,1,8,0.9899919629096985,1
molecola_13660,9,0,9,0.7184972763061523,1
molecola_13660,10,0,10,0.006228563841432333,0
molecola_13660,11,0,11,0.6189220547676086,1
molecola_13660,12,0,12,0.010474121198058128,0
molecola_13660,13,0,13,0.0013818645384162664,0
molecola_13660,14,0,14,0.0012430601054802537,0
molecola_13660,15,0,15,0.002882807282730937,0
molecola_13660,16,0,16,0.003363596275448799,0
molecola_13660,17,0,17,0.16464769840240479,0
molecola_13660,18,0,18,0.07351623475551605,0
molecola_13660,19,1,19,0.9882838726043701,1
molecola_13660,20,0,20,0.05140053853392601,0
molecola_13660,21,0,21,0.008440672419965267,0
molecola_13660,22,0,22,0.002644718624651432,0
molecola_13660,23,0,23,0.0015130068641155958,0
molecola_13660,24,0,24,0.0019793540704995394,0
molecola_13674,1,0,1,0.0015081686433404684,0
molecola_13674,2,0,2,0.002747471909970045,0
molecola_13674,3,0,3,0.013611594215035439,0
molecola_13674,4,0,4,0.7530498504638672,1
molecola_13674,5,0,5,0.40602734684944153,0
molecola_13674,6,0,6,0.054565247148275375,0
molecola_13674,7,0,7,0.002934503834694624,0
molecola_13674,8,0,8,0.038418784737586975,0
molecola_13674,9,0,9,0.13465917110443115,0
molecola_13674,10,1,10,0.980364203453064,1
molecola_13674,11,0,11,0.18873848021030426,0
molecola_13674,12,0,12,0.10600841790437698,0
molecola_13674,13,0,13,0.4167349934577942,0
molecola_13674,14,0,14,0.6274366974830627,1
molecola_13674,15,0,15,0.3576210141181946,0
molecola_13674,16,0,16,0.05369468405842781,0
molecola_14022,1,0,1,0.07712259888648987,0
molecola_14022,2,0,2,0.031042281538248062,0
molecola_14022,3,0,3,0.01127721183001995,0
molecola_14022,4,0,4,0.023734448477625847,0
molecola_14022,5,0,5,0.0030169079545885324,0
molecola_14022,6,0,6,0.0025560217909514904,0
molecola_14022,7,0,7,0.0010207225568592548,0
molecola_14022,8,0,8,0.004334778990596533,0
molecola_14022,9,0,9,0.0011968885082751513,0
molecola_14022,10,0,10,0.48175761103630066,0
molecola_14022,11,1,11,0.8982492685317993,1
molecola_14022,12,1,12,0.9516165256500244,1
molecola_14022,13,0,13,0.4961526691913605,0
molecola_14022,14,0,14,0.010328401811420918,0
molecola_14022,15,0,15,0.01616548001766205,0
molecola_14022,16,0,16,0.029087241739034653,0
molecola_14022,17,0,17,0.006662530824542046,0
molecola_14022,18,0,18,0.08005653321743011,0
molecola_14022,19,0,19,0.06082790344953537,0
molecola_14022,20,0,20,0.08995141834020615,0
molecola_14022,21,0,21,0.17877912521362305,0
molecola_14022,22,0,22,0.14974097907543182,0
molecola_14022,23,0,23,0.2358391284942627,0
molecola_14022,24,0,24,0.0800565555691719,0
molecola_14022,25,0,25,0.060827892273664474,0
molecola_14022,26,0,26,0.08995139598846436,0
molecola_14022,27,0,27,0.006662530824542046,0
molecola_1416,1,1,1,0.9899914264678955,1
molecola_1416,2,0,2,0.053679969161748886,0
molecola_1416,3,0,3,0.7007007002830505,1
molecola_1416,4,0,4,0.06880652159452438,0
molecola_1416,5,0,5,0.06614144891500473,0
molecola_1416,6,0,6,0.09158410131931305,0
molecola_1416,7,0,7,0.0038963917177170515,0
molecola_1416,8,0,8,0.002825955394655466,0
molecola_1416,9,0,9,0.0017268395749852061,0
molecola_1416,10,0,10,0.002041199477389455,0
molecola_1416,11,0,11,0.0014632521197199821,0
molecola_1416,12,0,12,0.0012518365401774645,0
molecola_1416,13,0,13,0.0010779907461255789,0
molecola_1416,14,0,14,0.0029299005400389433,0
molecola_1416,15,0,15,0.0032007060945034027,0
molecola_1416,16,0,16,0.002697435673326254,0
molecola_1416,17,0,17,0.004640158731490374,0
molecola_1416,18,0,18,0.013392684981226921,0
molecola_1416,19,0,19,0.014348908327519894,0
molecola_1416,20,0,20,0.013392684981226921,0
molecola_1416,21,0,21,0.004640158731490374,0
molecola_1416,22,0,22,0.002041199477389455,0
molecola_1416,23,0,23,0.0017268395749852061,0
molecola_1416,24,0,24,0.06880652159452438,0
molecola_1416,25,0,25,0.7007007002830505,1
molecola_14380,1,0,1,0.7624699473381042,1
molecola_14380,2,0,2,0.8336465358734131,1
molecola_14380,3,0,3,0.22778865694999695,0
molecola_14380,4,0,4,0.06506235152482986,0
molecola_14380,5,0,5,0.010724923573434353,0
molecola_14380,6,0,6,0.006748808082193136,0
molecola_14380,7,0,7,0.02070380561053753,0
molecola_14380,8,0,8,0.03171181678771973,0
molecola_14380,9,0,9,0.04425707086920738,0
molecola_14380,10,0,10,0.008856554515659809,0
molecola_14380,11,0,11,0.14891085028648376,0
molecola_14380,12,0,12,0.13619589805603027,0
molecola_14380,13,0,13,0.14032702147960663,0
molecola_14380,14,0,14,0.13756832480430603,0
molecola_14380,15,1,15,0.9875205755233765,1
molecola_14380,16,0,16,0.039333783090114594,0
molecola_14380,17,0,17,0.3222929835319519,0
molecola_14380,18,0,18,0.007181884720921516,0
molecola_14380,19,0,19,0.0014697893057018518,0
molecola_14380,20,1,20,0.9834917187690735,1
molecola_14380,21,0,21,0.889974057674408,1
molecola_14380,22,1,22,0.889974057674408,1
molecola_14583,1,0,1,0.9191668629646301,1
molecola_14583,2,0,2,0.9261969327926636,1
molecola_14583,3,0,3,0.030231567099690437,0
molecola_14583,4,0,4,0.011463726870715618,0
molecola_14583,5,0,5,0.024856438860297203,0
molecola_14583,6,0,6,0.029768412932753563,0
molecola_14583,7,0,7,0.09685068577528,0
molecola_14583,8,0,8,0.0901726707816124,0
molecola_14583,9,1,9,0.982441246509552,1
molecola_14583,10,0,10,0.8931958675384521,1
molecola_14583,11,0,11,0.8884391784667969,1
molecola_14583,12,0,12,0.13322554528713226,0
molecola_14583,13,0,13,0.3138633072376251,0
molecola_14583,14,0,14,0.0012728803558275104,0
molecola_14583,15,0,15,0.0030784253031015396,0
molecola_14583,16,0,16,0.0014981484273448586,0
molecola_14583,17,0,17,0.002205169526860118,0
molecola_14583,18,0,18,0.002789999358355999,0
molecola_14583,19,0,19,0.025590891018509865,0
molecola_14583,20,0,20,0.02957116812467575,0
molecola_14583,21,0,21,0.02622392773628235,0
molecola_14583,22,0,22,0.0032449408899992704,0
molecola_14583,23,0,23,0.0017632808303460479,0
molecola_14583,24,0,24,0.0011144339805468917,0
molecola_14583,25,0,25,0.0020754870492964983,0
molecola_14583,26,0,26,0.002883318578824401,0
molecola_14583,27,0,27,0.02255697175860405,0
molecola_14583,28,0,28,0.06156107038259506,0
molecola_14583,29,0,29,0.02255697175860405,0
molecola_14583,30,0,30,0.002883318578824401,0
molecola_14726,1,0,1,0.08379834145307541,0
molecola_14726,2,0,2,0.0496700219810009,0
molecola_14726,3,0,3,0.049430277198553085,0
molecola_14726,4,0,4,0.017255734652280807,0
molecola_14726,5,0,5,0.00372643256559968,0
molecola_14726,6,0,6,0.015394369140267372,0
molecola_14726,7,0,7,0.004179496318101883,0
molecola_14726,8,0,8,0.05878062918782234,0
molecola_14726,9,0,9,0.05487546697258949,0
molecola_14726,10,0,10,0.0942411944270134,0
molecola_14726,11,1,11,0.8536797165870667,1
molecola_14726,12,1,12,0.8888638615608215,1
molecola_14726,13,0,13,0.33088287711143494,0
molecola_14726,14,0,14,0.1898149847984314,0
molecola_14726,15,0,15,0.0043339356780052185,0
molecola_14726,16,0,16,0.0013339320430532098,0
molecola_14726,17,0,17,0.0008844482945278287,0
molecola_14726,18,0,18,0.0008659797022119164,0
molecola_14726,19,0,19,0.0011097039096057415,0
molecola_14726,20,0,20,0.0010405192151665688,0
molecola_14726,21,0,21,0.0027137810830026865,0
molecola_14726,22,0,22,0.0009000962600111961,0
molecola_14726,23,0,23,0.0014046343276277184,0
molecola_14726,24,0,24,0.0014046343276277184,0
molecola_14726,25,0,25,0.0027332650497555733,0
molecola_14726,26,0,26,0.0049311020411551,0
molecola_14726,27,0,27,0.025532063096761703,0
molecola_14726,28,0,28,0.048798393458127975,0
molecola_14726,29,0,29,0.049854520708322525,0
molecola_14726,30,0,30,0.08379834145307541,0
molecola_14726,31,0,31,0.07300272583961487,0
molecola_14726,32,0,32,0.05614835396409035,0
molecola_14726,33,0,33,0.0942411795258522,0
molecola_14726,34,0,34,0.0025943543296307325,0
molecola_14802,1,1,1,0.8494982123374939,1
molecola_14802,2,1,2,0.8061149716377258,1
molecola_14802,3,1,3,0.8159101605415344,1
molecola_14802,4,0,4,0.1107725203037262,0
molecola_14802,5,0,5,0.03541102260351181,0
molecola_14802,6,0,6,0.08017533272504807,0
molecola_14802,7,0,7,0.031414102762937546,0
molecola_14802,8,0,8,0.02103748358786106,0
molecola_14802,9,0,9,0.027273863554000854,0
molecola_14802,10,0,10,0.02903469279408455,0
molecola_14802,11,0,11,0.013159206137061119,0
molecola_14802,12,0,12,0.07103998959064484,0
molecola_14802,13,0,13,0.0391625240445137,0
molecola_14802,14,0,14,0.07114165276288986,0
molecola_14802,15,0,15,0.013578656129539013,0
molecola_14802,16,0,16,0.029351724311709404,0
molecola_14802,17,0,17,0.030182892456650734,0
molecola_14802,18,0,18,0.01627746783196926,0
molecola_14802,19,0,19,0.00887338537722826,0
molecola_14802,20,0,20,0.012250405736267567,0
molecola_14802,21,1,21,0.6552035808563232,1
molecola_14802,22,1,22,0.7161890864372253,1
molecola_14802,23,0,23,0.6491225361824036,1
molecola_14802,24,0,24,0.5150429606437683,1
molecola_14802,25,0,25,0.4972634017467499,0
molecola_14802,26,0,26,0.5605213642120361,1
molecola_14802,27,0,27,0.5344406366348267,1
molecola_14802,28,0,28,0.5476188063621521,1
molecola_14802,29,0,29,0.5400175452232361,1
molecola_14802,30,0,30,0.5098628401756287,1
molecola_14802,31,0,31,0.5416231751441956,1
molecola_14802,32,0,32,0.5654732584953308,1
molecola_14802,33,0,33,0.573300838470459,1
molecola_14802,34,0,34,0.573300838470459,1
molecola_14972,1,0,1,0.004744940437376499,0
molecola_14972,2,0,2,0.003055763430893421,0
molecola_14972,3,0,3,0.004744940437376499,0
molecola_14972,4,1,4,0.8954522013664246,1
molecola_14972,5,0,5,0.0015005954774096608,0
molecola_14972,6,0,6,0.0026331725530326366,0
molecola_14972,7,0,7,0.004133828449994326,0
molecola_14972,8,0,8,0.029601501300930977,0
molecola_14972,9,0,9,0.061619147658348083,0
molecola_14972,10,0,10,0.029601501300930977,0
molecola_14972,11,0,11,0.004133828449994326,0
molecola_14979,1,1,1,0.9726721048355103,1
molecola_14979,2,1,2,0.9729952812194824,1
molecola_14979,3,0,3,0.0015119992895051837,0
molecola_14979,4,0,4,0.002687401371076703,0
molecola_14979,5,0,5,0.0025493367575109005,0
molecola_14979,6,0,6,0.00551465293392539,0
molecola_14979,7,0,7,0.0012726410059258342,0
molecola_14979,8,0,8,0.0016641642432659864,0
molecola_14979,9,0,9,0.0011793194571509957,0
molecola_14979,10,0,10,0.0012831458589062095,0
molecola_14979,11,0,11,0.0012753978371620178,0
molecola_14979,12,0,12,0.0012753978371620178,0
molecola_14979,13,0,13,0.0012197706382721663,0
molecola_14979,14,0,14,0.006357889622449875,0
molecola_14979,15,0,15,0.011811662465333939,0
molecola_14979,16,0,16,0.20881520211696625,0
molecola_14979,17,0,17,0.10963572561740875,0
molecola_14979,18,0,18,0.10277685523033142,0
molecola_14979,19,0,19,0.043574459850788116,0
molecola_14979,20,0,20,0.0031313092913478613,0
molecola_14979,21,0,21,0.007789269555360079,0
molecola_14979,22,0,22,0.0013557069469243288,0
molecola_14979,23,0,23,0.006465961690992117,0
molecola_14979,24,0,24,0.001214256277307868,0
molecola_14979,25,0,25,0.0009455690742470324,0
molecola_14979,26,0,26,0.0009455690742470324,0
molecola_14979,27,0,27,0.0009455690742470324,0
molecola_15000,1,0,1,0.00494126183912158,0
molecola_15000,2,0,2,0.0014752390561625361,0
molecola_15000,3,0,3,0.0009945147903636098,0
molecola_15000,4,0,4,0.0016562892124056816,0
molecola_15000,5,0,5,0.0010624945862218738,0
molecola_15000,6,0,6,0.002090432681143284,0
molecola_15000,7,0,7,0.0013576599303632975,0
molecola_15000,8,0,8,0.012028372846543789,0
molecola_15000,9,0,9,0.014217893593013287,0
molecola_15000,10,0,10,0.002308481140062213,0
molecola_15000,11,0,11,0.0017938321689143777,0
molecola_15000,12,0,12,0.00104542076587677,0
molecola_15000,13,0,13,0.0016128900460898876,0
molecola_15000,14,0,14,0.005107110366225243,0
molecola_15000,15,1,15,0.13285911083221436,0
molecola_15000,16,1,16,0.9094817638397217,1
molecola_15000,17,1,17,0.8974434733390808,1
molecola_15000,18,1,18,0.8934974670410156,1
molecola_15000,19,0,19,0.8934974670410156,1
molecola_15000,20,1,20,0.9698100686073303,1
molecola_15000,21,0,21,0.8882550597190857,1
molecola_15000,22,1,22,0.8882550597190857,1
molecola_15000,23,0,23,0.0012686996487900615,0
molecola_15000,24,0,24,0.0009835225064307451,0
molecola_15000,25,0,25,0.0009835225064307451,0
molecola_15000,26,0,26,0.0009835225064307451,0
molecola_15241,1,0,1,0.0019799580331891775,0
molecola_15241,2,0,2,0.0018672512378543615,0
molecola_15241,3,0,3,0.0019799580331891775,0
molecola_15241,4,0,4,0.0008833155734464526,0
molecola_15241,5,0,5,0.005042461212724447,0
molecola_15241,6,0,6,0.0014017291832715273,0
molecola_15241,7,0,7,0.0007934829918667674,0
molecola_15241,8,0,8,0.0032562948763370514,0
molecola_15241,9,0,9,0.0019964876119047403,0
molecola_15241,10,0,10,0.001359393703751266,0
molecola_15241,11,0,11,0.0036689010448753834,0
molecola_15241,12,0,12,0.0050056250765919685,0
molecola_15241,13,0,13,0.0471358597278595,0
molecola_15241,14,0,14,0.002245391020551324,0
molecola_15241,15,0,15,0.003181618405506015,0
molecola_15241,16,0,16,0.004480353090912104,0
molecola_15241,17,0,17,0.0014249070081859827,0
molecola_15241,18,0,18,0.0014249070081859827,0
molecola_15241,19,0,19,0.0013459097826853395,0
molecola_15241,20,0,20,0.0007547195418737829,0
molecola_15241,21,0,21,0.0037102357018738985,0
molecola_15241,22,0,22,0.026577437296509743,0
molecola_15241,23,1,23,0.7428473830223083,1
molecola_15241,24,1,24,0.9713706970214844,1
molecola_15241,25,1,25,0.9726338386535645,1
molecola_15241,26,1,26,0.9217071533203125,1
molecola_15241,27,0,27,0.11175026744604111,0
molecola_15241,28,0,28,0.004069076851010323,0
molecola_15241,29,0,29,0.0018522446043789387,0
molecola_15241,30,0,30,0.03352181240916252,0
molecola_15241,31,0,31,0.06187794730067253,0
molecola_15241,32,0,32,0.03352181240916252,0
molecola_15241,33,0,33,0.0018522446043789387,0
molecola_15241,34,0,34,0.01271161437034607,0
molecola_15241,35,0,35,0.0019298384431749582,0
molecola_15241,36,0,36,0.0008384386310353875,0
molecola_15241,37,0,37,0.0029968295712023973,0
molecola_15241,38,0,38,0.0014643882168456912,0
molecola_15241,39,0,39,0.006331954151391983,0
molecola_15241,40,0,40,0.02943224087357521,0
molecola_15241,41,0,41,0.28404155373573303,0
molecola_15241,42,0,42,0.21279028058052063,0
molecola_15241,43,0,43,0.1619364321231842,0
molecola_15241,44,0,44,0.0017394594615325332,0
molecola_15241,45,0,45,0.0017957636155188084,0
molecola_15241,46,0,46,0.001783733256161213,0
molecola_15241,47,0,47,0.02356712333858013,0
molecola_15241,48,0,48,0.061654768884181976,0
molecola_15241,49,0,49,0.02356712333858013,0
molecola_15241,50,0,50,0.001783733256161213,0
molecola_15351,1,0,1,0.08009519428014755,0
molecola_15351,2,0,2,0.05815217271447182,0
molecola_15351,3,0,3,0.0699830949306488,0
molecola_15351,4,0,4,0.049028731882572174,0
molecola_15351,5,0,5,0.011248627677559853,0
molecola_15351,6,0,6,0.028131820261478424,0
molecola_15351,7,0,7,0.0073095811530947685,0
molecola_15351,8,0,8,0.0819714218378067,0
molecola_15351,9,0,9,0.59407639503479,1
molecola_15351,10,0,10,0.4526156783103943,0
molecola_15351,11,1,11,0.6244011521339417,1
molecola_15351,12,0,12,0.4526156783103943,0
molecola_15351,13,0,13,0.59407639503479,1
molecola_15351,14,0,14,0.11576888710260391,0
molecola_15351,15,0,15,0.11443258821964264,0
molecola_15351,16,0,16,0.12203102558851242,0
molecola_15351,17,0,17,0.16677325963974,0
molecola_15351,18,0,18,0.16533006727695465,0
molecola_15351,19,0,19,0.2286093533039093,0
molecola_1542,1,0,1,0.22829583287239075,0
molecola_1542,2,0,2,0.11038631945848465,0
molecola_1542,3,0,3,0.14229744672775269,0
molecola_1542,4,0,4,0.09247858077287674,0
molecola_1542,5,0,5,0.32726672291755676,0
molecola_1542,6,0,6,0.11219365149736404,0
molecola_1542,7,0,7,0.90240877866745,1
molecola_1542,8,0,8,0.9290982484817505,1
molecola_1542,9,0,9,0.0021416163071990013,0
molecola_1542,10,0,10,0.0028425853233784437,0
molecola_1542,11,0,11,0.008691810071468353,0
molecola_1542,12,0,12,0.5226569771766663,1
molecola_1542,13,0,13,0.4632929265499115,0
molecola_1542,14,0,14,0.028313767164945602,0
molecola_1542,15,0,15,0.34444868564605713,0
molecola_1542,16,0,16,0.538905143737793,1
molecola_1542,17,0,17,0.5869909524917603,1
molecola_1542,18,0,18,0.5251820087432861,1
molecola_1542,19,0,19,0.291166752576828,0
molecola_1542,20,0,20,0.06497786939144135,0
molecola_1542,21,0,21,0.0543682724237442,0
molecola_1542,22,0,22,0.08508926630020142,0
molecola_1542,23,0,23,0.0071976063773036,0
molecola_1542,24,0,24,0.0030771729070693254,0
molecola_1542,25,0,25,0.1235523596405983,0
molecola_1542,26,0,26,0.20007722079753876,0
molecola_1542,27,0,27,0.19131863117218018,0
molecola_1542,28,1,28,0.9866577982902527,1
molecola_15435,1,0,1,0.0038535636849701405,0
molecola_15435,2,0,2,0.02819926105439663,0
molecola_15435,3,0,3,0.0015350035391747952,0
molecola_15435,4,0,4,0.5600235462188721,1
molecola_15435,5,0,5,0.0019455733709037304,0
molecola_15435,6,0,6,0.001518860924988985,0
molecola_15435,7,0,7,0.005239805672317743,0
molecola_15435,8,0,8,0.009133984334766865,0
molecola_15435,9,0,9,0.06979198753833771,0
molecola_15435,10,0,10,0.001596411457285285,0
molecola_15435,11,0,11,0.0013061980716884136,0
molecola_15435,12,0,12,0.005864807870239019,0
molecola_15435,13,0,13,0.046879567205905914,0
molecola_15435,14,0,14,0.13381369411945343,0
molecola_15435,15,0,15,0.5625753998756409,1
molecola_15435,16,0,16,0.05656909942626953,0
molecola_15435,17,1,17,0.9894692897796631,1
molecola_15435,18,0,18,0.28654465079307556,0
molecola_15534,1,0,1,0.02482217364013195,0
molecola_15534,2,0,2,0.009007953107357025,0
molecola_15534,3,0,3,0.004161931574344635,0
molecola_15534,4,0,4,0.0014818585477769375,0
molecola_15534,5,0,5,0.0033821803517639637,0
molecola_15534,6,0,6,0.0008946680463850498,0
molecola_15534,7,0,7,0.0033821803517639637,0
molecola_15534,8,0,8,0.0014818585477769375,0
molecola_15534,9,0,9,0.003443049266934395,0
molecola_15534,10,0,10,0.002134594600647688,0
molecola_15534,11,0,11,0.007930506020784378,0
molecola_15534,12,0,12,0.004675482865422964,0
molecola_15534,13,0,13,0.08808735013008118,0
molecola_15534,14,0,14,0.024411389604210854,0
molecola_15534,15,0,15,0.017127858474850655,0
molecola_15534,16,0,16,0.0026606074534356594,0
molecola_15534,17,0,17,0.12399961799383163,0
molecola_15534,18,0,18,0.13730069994926453,0
molecola_15534,19,0,19,0.10365455597639084,0
molecola_15534,20,0,20,0.004296353552490473,0
molecola_15534,21,0,21,0.001639305497519672,0
molecola_15534,22,0,22,0.0014589326456189156,0
molecola_15534,23,0,23,0.0007854855502955616,0
molecola_15534,24,0,24,0.002282085595652461,0
molecola_15534,25,0,25,0.0013301855651661754,0
molecola_15534,26,0,26,0.0039004634600132704,0
molecola_15534,27,0,27,0.004838766995817423,0
molecola_15534,28,0,28,0.12203508615493774,0
molecola_15534,29,1,29,0.9757851362228394,1
molecola_15534,30,0,30,0.09971236437559128,0
molecola_15534,31,0,31,0.012866060249507427,0
molecola_15534,32,0,32,0.04717444255948067,0
molecola_15534,33,0,33,0.07672500610351562,0
molecola_15534,34,0,34,0.0008111893548630178,0
molecola_15534,35,0,35,0.0007752834935672581,0
molecola_15534,36,0,36,0.007930506020784378,0
molecola_15534,37,0,37,0.002134594600647688,0
molecola_15568,1,1,1,0.967972993850708,1
molecola_15568,2,1,2,0.9938858151435852,1
molecola_15568,3,1,3,0.967972993850708,1
molecola_15568,4,0,4,0.03499440848827362,0
molecola_15568,5,0,5,0.0059198313392698765,0
molecola_15568,6,0,6,0.003978738561272621,0
molecola_15568,7,0,7,0.04761407524347305,0
molecola_15568,8,0,8,0.028981931507587433,0
molecola_15568,9,0,9,0.0019363296451047063,0
molecola_15568,10,0,10,0.0012866704491898417,0
molecola_15568,11,0,11,0.0007999513181857765,0
molecola_15568,12,0,12,0.0014779141638427973,0
molecola_15568,13,0,13,0.0007965341210365295,0
molecola_15736,1,0,1,0.07634668052196503,0
molecola_15736,2,0,2,0.044800374656915665,0
molecola_15736,3,0,3,0.04139680042862892,0
molecola_15736,4,0,4,0.023801611736416817,0
molecola_15736,5,0,5,0.016803165897727013,0
molecola_15736,6,0,6,0.022014020010828972,0
molecola_15736,7,1,7,0.9745134711265564,1
molecola_15736,8,1,8,0.8953097462654114,1
molecola_15736,9,1,9,0.9587467908859253,1
molecola_15736,10,0,10,0.013812138698995113,0
molecola_15736,11,0,11,0.013470449484884739,0
molecola_15736,12,0,12,0.023463094606995583,0
molecola_15736,13,0,13,0.0030201137997210026,0
molecola_15736,14,0,14,0.0030201137997210026,0
molecola_15736,15,0,15,0.0035605458542704582,0
molecola_15736,16,0,16,0.029496658593416214,0
molecola_15824,1,0,1,0.0070163351483643055,0
molecola_15824,2,0,2,0.0025247400626540184,0
molecola_15824,3,1,3,0.9716473817825317,1
molecola_15824,4,1,4,0.9727626442909241,1
molecola_15824,5,0,5,0.9716473817825317,1
molecola_15824,6,0,6,0.9727626442909241,1
molecola_15824,7,0,7,0.6369888186454773,1
molecola_15824,8,0,8,0.0030076412949711084,0
molecola_15824,9,0,9,0.00328495423309505,0
molecola_15824,10,0,10,0.007320955395698547,0
molecola_15824,11,0,11,0.03247716650366783,0
molecola_15824,12,0,12,0.060606297105550766,0
molecola_15824,13,0,13,0.05896174907684326,0
molecola_15824,14,0,14,0.04663738235831261,0
molecola_15824,15,0,15,0.019620265811681747,0
molecola_15824,16,0,16,0.3971007466316223,0
molecola_15824,17,0,17,0.12947657704353333,0
molecola_15824,18,0,18,0.11223569512367249,0
molecola_15824,19,0,19,0.9576531648635864,1
molecola_15824,20,0,20,0.9552201628684998,1
molecola_15824,21,0,21,0.019620265811681747,0
molecola_15824,22,0,22,0.04663738235831261,0
molecola_15824,23,0,23,0.05896174907684326,0
molecola_15824,24,0,24,0.06060631200671196,0
molecola_15824,25,0,25,0.03247716650366783,0
molecola_15824,26,0,26,0.0073209586553275585,0
molecola_1598,1,1,1,0.9894692897796631,1
molecola_1598,2,0,2,0.05455026403069496,0
molecola_1598,3,0,3,0.646256148815155,1
molecola_1598,4,0,4,0.07189629226922989,0
molecola_1598,5,0,5,0.023765210062265396,0
molecola_1598,6,0,6,0.0030671663116663694,0
molecola_1598,7,0,7,0.0032866939436644316,0
molecola_1598,8,0,8,0.0027030829805880785,0
molecola_1598,9,0,9,0.0017069660825654864,0
molecola_1598,10,0,10,0.0034526700619608164,0
molecola_1598,11,0,11,0.002260873094201088,0
molecola_1598,12,0,12,0.0014990388881415129,0
molecola_1598,13,0,13,0.0032957287039607763,0
molecola_1598,14,0,14,0.003668787656351924,0
molecola_1598,15,0,15,0.003715040162205696,0
molecola_1598,16,0,16,0.40486958622932434,0
molecola_16035,1,0,1,0.0942411944270134,0
molecola_16035,2,0,2,0.05757354944944382,0
molecola_16035,3,0,3,0.08361393958330154,0
molecola_16035,4,0,4,0.05621447414159775,0
molecola_16035,5,0,5,0.055842723697423935,0
molecola_16035,6,0,6,0.04522046074271202,0
molecola_16035,7,0,7,0.07653682678937912,0
molecola_16035,8,0,8,0.16714128851890564,0
molecola_16035,9,0,9,0.2850516140460968,0
molecola_16035,10,0,10,0.821719229221344,1
molecola_16035,11,1,11,0.9747909307479858,1
molecola_16035,12,0,12,0.8971379995346069,1
molecola_16035,13,1,13,0.8971379995346069,1
molecola_16035,14,0,14,0.11106225848197937,0
molecola_16035,15,0,15,0.10192834585905075,0
molecola_16035,16,0,16,0.06330020725727081,0
molecola_16035,17,0,17,0.0942411944270134,0
molecola_16112,1,0,1,0.07708105444908142,0
molecola_16112,2,0,2,0.04894622415304184,0
molecola_16112,3,0,3,0.05114523693919182,0
molecola_16112,4,0,4,0.05152337625622749,0
molecola_16112,5,0,5,0.025340909138321877,0
molecola_16112,6,0,6,0.01561474334448576,0
molecola_16112,7,0,7,0.15563438832759857,0
molecola_16112,8,0,8,0.3669866919517517,0
molecola_16112,9,0,9,0.42282113432884216,0
molecola_16112,10,0,10,0.5699993371963501,1
molecola_16112,11,0,11,0.3353220522403717,0
molecola_16112,12,0,12,0.21160680055618286,0
molecola_16112,13,0,13,0.0034673309419304132,0
molecola_16112,14,0,14,0.07027119398117065,0
molecola_16112,15,0,15,0.8804464936256409,1
molecola_16112,16,1,16,0.8725964426994324,1
molecola_16112,17,0,17,0.8804464936256409,1
molecola_16112,18,0,18,0.07027119398117065,0
molecola_16112,19,1,19,0.9864060282707214,1
molecola_16112,20,0,20,0.8760428428649902,1
molecola_16112,21,1,21,0.8760428428649902,1
molecola_16112,22,0,22,0.001402787514962256,0
molecola_16112,23,0,23,0.002918386599048972,0
molecola_16160,1,1,1,0.9789586067199707,1
molecola_16160,2,0,2,0.08028607070446014,0
molecola_16160,3,0,3,0.06378933787345886,0
molecola_16160,4,0,4,0.03375857323408127,0
molecola_16160,5,0,5,0.00858309119939804,0
molecola_16160,6,0,6,0.045614831149578094,0
molecola_16160,7,0,7,0.009076481685042381,0
molecola_16160,8,0,8,0.023994486778974533,0
molecola_16160,9,0,9,0.003517062170431018,0
molecola_16160,10,0,10,0.0018841407727450132,0
molecola_16160,11,0,11,0.0008762914221733809,0
molecola_16160,12,0,12,0.0031146530527621508,0
molecola_16160,13,0,13,0.0016388179501518607,0
molecola_16160,14,0,14,0.009102998301386833,0
molecola_16160,15,0,15,0.0010590919991955161,0
molecola_16160,16,0,16,0.0007816569413989782,0
molecola_16160,17,0,17,0.0006422008154913783,0
molecola_16160,18,0,18,0.0005933627835474908,0
molecola_16160,19,0,19,0.0006666720728389919,0
molecola_16160,20,0,20,0.0013274905504658818,0
molecola_16221,1,0,1,0.0013695986708626151,0
molecola_16221,2,0,2,0.0013330220244824886,0
molecola_16221,3,0,3,0.006243800278753042,0
molecola_16221,4,0,4,0.08656556904315948,0
molecola_16221,5,0,5,0.04526485875248909,0
molecola_16221,6,0,6,0.0016427633818238974,0
molecola_16221,7,0,7,0.001009283005259931,0
molecola_16221,8,0,8,0.00494371959939599,0
molecola_16221,9,0,9,0.0015711848391219974,0
molecola_16221,10,0,10,0.0014309501275420189,0
molecola_16221,11,0,11,0.01374089252203703,0
molecola_16221,12,0,12,0.10902219265699387,0
molecola_16221,13,1,13,0.9327405691146851,1
molecola_16221,14,1,14,0.9390667080879211,1
molecola_16221,15,0,15,0.003213308984413743,0
molecola_16221,16,0,16,0.0032302436884492636,0
molecola_16221,17,0,17,0.002185594057664275,0
molecola_16221,18,0,18,0.0012275155168026686,0
molecola_16221,19,0,19,0.0007465150556527078,0
molecola_16221,20,0,20,0.0010492316214367747,0
molecola_16221,21,0,21,0.003124098526313901,0
molecola_16267,1,0,1,0.07682223618030548,0
molecola_16267,2,0,2,0.029247447848320007,0
molecola_16267,3,0,3,0.015900667756795883,0
molecola_16267,4,0,4,0.0058426689356565475,0
molecola_16267,5,0,5,0.012272489257156849,0
molecola_16267,6,0,6,0.0074872467666864395,0
molecola_16267,7,0,7,0.0073198918253183365,0
molecola_16267,8,0,8,0.002599692437797785,0
molecola_16267,9,0,9,0.0030559625010937452,0
molecola_16267,10,0,10,0.0029915315099060535,0
molecola_16267,11,0,11,0.0008832507883198559,0
molecola_16267,12,0,12,0.004846598487347364,0
molecola_16267,13,0,13,0.061801571398973465,0
molecola_16267,14,0,14,0.0026439782232046127,0
molecola_16267,15,0,15,0.0036091890651732683,0
molecola_16267,16,0,16,0.007464359514415264,0
molecola_16267,17,0,17,0.054169394075870514,0
molecola_16267,18,0,18,0.054169394075870514,0
molecola_16267,19,0,19,0.054169394075870514,0
molecola_16267,20,0,20,0.0013528140261769295,0
molecola_16267,21,0,21,0.0013104433892294765,0
molecola_16267,22,0,22,0.005758403800427914,0
molecola_16267,23,0,23,0.0035671719815582037,0
molecola_16267,24,0,24,0.0017894904594868422,0
molecola_16267,25,0,25,0.019766755402088165,0
molecola_16267,26,0,26,0.018767913803458214,0
molecola_16267,27,0,27,0.0011212736135348678,0
molecola_16267,28,0,28,0.0006929021328687668,0
molecola_16267,29,0,29,0.0006479275180026889,0
molecola_16267,30,0,30,0.000635538250207901,0
molecola_16267,31,0,31,0.0008783511584624648,0
molecola_16267,32,0,32,0.001142195425927639,0
molecola_16267,33,0,33,0.0018489636713638902,0
molecola_16267,34,0,34,0.00151347229257226,0
molecola_16267,35,0,35,0.0011185234179720283,0
molecola_16267,36,0,36,0.0007337210699915886,0
molecola_16267,37,0,37,0.0009564721258357167,0
molecola_16267,38,0,38,0.0014201473677530885,0
molecola_16267,39,0,39,0.001264440594241023,0
molecola_16267,40,1,40,0.9938062429428101,1
molecola_16267,41,1,41,0.9677726626396179,1
molecola_16267,42,1,42,0.9677726626396179,1
molecola_16419,1,0,1,0.024922478944063187,0
molecola_16419,2,0,2,0.08392086625099182,0
molecola_16419,3,0,3,0.2588581442832947,0
molecola_16419,4,0,4,0.06439556926488876,0
molecola_16419,5,0,5,0.041119858622550964,0
molecola_16419,6,0,6,0.041367992758750916,0
molecola_16419,7,0,7,0.05156632885336876,0
molecola_16419,8,0,8,0.03971391171216965,0
molecola_16419,9,0,9,0.02508929744362831,0
molecola_16419,10,0,10,0.016970062628388405,0
molecola_16419,11,0,11,0.005677556153386831,0
molecola_16419,12,0,12,0.002020641230046749,0
molecola_16419,13,0,13,0.0014871497405692935,0
molecola_16419,14,0,14,0.001993238925933838,0
molecola_16419,15,0,15,0.001127274357713759,0
molecola_16419,16,0,16,0.0011702664196491241,0
molecola_16419,17,0,17,0.0070611704140901566,0
molecola_16419,18,1,18,0.8696460723876953,1
molecola_16419,19,0,19,0.7074491381645203,1
molecola_16419,20,0,20,0.7074491381645203,1
molecola_16419,21,1,21,0.9828396439552307,1
molecola_16419,22,0,22,0.8998744487762451,1
molecola_16419,23,1,23,0.8998744487762451,1
molecola_16419,24,0,24,0.000957412994466722,0
molecola_16419,25,0,25,0.0028073552530258894,0
molecola_16419,26,0,26,0.000881643092725426,0
molecola_16419,27,0,27,0.001165525522083044,0
molecola_16419,28,0,28,0.001165525522083044,0
molecola_16419,29,0,29,0.001165525522083044,0
molecola_16419,30,0,30,0.0029694722034037113,0
molecola_16419,31,0,31,0.02019401639699936,0
molecola_16419,32,0,32,0.04778866097331047,0
molecola_16419,33,0,33,0.09579642862081528,0
molecola_16419,34,0,34,0.015270919539034367,0
molecola_16419,35,0,35,0.01287600863724947,0
molecola_16419,36,0,36,0.0042696124874055386,0
molecola_16419,37,0,37,0.006495506037026644,0
molecola_16419,38,0,38,0.0193024892359972,0
molecola_16419,39,0,39,0.0029818646144121885,0
molecola_16419,40,0,40,0.018306110054254532,0
molecola_16419,41,0,41,0.03571111336350441,0
molecola_16419,42,0,42,0.050138890743255615,0
molecola_16419,43,0,43,0.01648464985191822,0
molecola_16419,44,0,44,0.0044263810850679874,0
molecola_16419,45,0,45,0.002020641230046749,0
molecola_16419,46,0,46,0.005677556153386831,0
molecola_16534,1,0,1,0.07714927941560745,0
molecola_16534,2,0,2,0.059191394597291946,0
molecola_16534,3,0,3,0.09240041673183441,0
molecola_16534,4,0,4,0.17142488062381744,0
molecola_16534,5,0,5,0.19134947657585144,0
molecola_16534,6,1,6,0.9554994702339172,1
molecola_16534,7,0,7,0.12799660861492157,0
molecola_16534,8,0,8,0.0931483581662178,0
molecola_16534,9,1,9,0.8969888091087341,1
molecola_16534,10,0,10,0.01519714668393135,0
molecola_16534,11,0,11,0.013898744247853756,0
molecola_16534,12,0,12,0.007563147693872452,0
molecola_16534,13,0,13,0.007443065755069256,0
molecola_16534,14,0,14,0.006845612078905106,0
molecola_16534,15,0,15,0.006334358360618353,0
molecola_16534,16,0,16,0.07074958831071854,0
molecola_16534,17,0,17,0.09542373567819595,0
molecola_16534,18,0,18,0.1434699296951294,0
molecola_16669,1,1,1,0.9896730184555054,1
molecola_16669,2,0,2,0.08151422441005707,0
molecola_16669,3,0,3,0.15404267609119415,0
molecola_16669,4,0,4,0.04160848259925842,0
molecola_16669,5,0,5,0.05251692980527878,0
molecola_16669,6,0,6,0.003725385991856456,0
molecola_16669,7,0,7,0.0009155396837741137,0
molecola_16669,8,0,8,0.01922488771378994,0
molecola_16669,9,0,9,0.0030548470094799995,0
molecola_16669,10,0,10,0.0017703250050544739,0
molecola_16669,11,0,11,0.0009223295492120087,0
molecola_16669,12,0,12,0.002397185657173395,0
molecola_16669,13,0,13,0.003411836689338088,0
molecola_16669,14,0,14,0.043323665857315063,0
molecola_16669,15,0,15,0.18507714569568634,0
molecola_16669,16,0,16,0.11496441811323166,0
molecola_16669,17,0,17,0.07164550572633743,0
molecola_16669,18,0,18,0.0036003992427140474,0
molecola_16669,19,0,19,0.0036003992427140474,0
molecola_16669,20,0,20,0.2191222906112671,0
molecola_16669,21,0,21,0.20028677582740784,0
molecola_16669,22,0,22,0.02870713174343109,0
molecola_16669,23,0,23,0.006112210918217897,0
molecola_16669,24,0,24,0.004164553247392178,0
molecola_16669,25,0,25,0.004164553247392178,0
molecola_16669,26,0,26,0.0028373622335493565,0
molecola_16686,1,0,1,0.08342895656824112,0
molecola_16686,2,0,2,0.046260155737400055,0
molecola_16686,3,0,3,0.04358964413404465,0
molecola_16686,4,0,4,0.030108017846941948,0
molecola_16686,5,0,5,0.010814102366566658,0
molecola_16686,6,0,6,0.010076954960823059,0
molecola_16686,7,0,7,0.003733005840331316,0
molecola_16686,8,0,8,0.0015876716934144497,0
molecola_16686,9,0,9,0.004630282986909151,0
molecola_16686,10,0,10,0.009385778568685055,0
molecola_16686,11,0,11,0.0681496411561966,0
molecola_16686,12,1,12,0.9293825626373291,1
molecola_16686,13,1,13,0.9367753863334656,1
molecola_16686,14,0,14,0.008429477922618389,0
molecola_16686,15,0,15,0.01135727483779192,0
molecola_16686,16,0,16,0.05935579165816307,0
molecola_16686,17,0,17,0.4004792273044586,0
molecola_16686,18,0,18,0.4026698172092438,0
molecola_16686,19,0,19,0.43509572744369507,0
molecola_16686,20,0,20,0.15008172392845154,0
molecola_16686,21,0,21,0.005896253976970911,0
molecola_16686,22,0,22,0.004235599655658007,0
molecola_16686,23,0,23,0.00988099817186594,0
molecola_16686,24,0,24,0.019836289808154106,0
molecola_16686,25,0,25,0.04995755851268768,0
molecola_16686,26,0,26,0.12493765354156494,0
molecola_16866,1,0,1,0.21239081025123596,0
molecola_16866,2,0,2,0.2500758171081543,0
molecola_16866,3,1,3,0.9302011728286743,1
molecola_16866,4,0,4,0.6996979117393494,1
molecola_16866,5,0,5,0.16769473254680634,0
molecola_16866,6,0,6,0.027851589024066925,0
molecola_16866,7,1,7,0.9723445773124695,1
molecola_16866,8,1,8,0.9620012044906616,1
molecola_16866,9,0,9,0.009019372053444386,0
molecola_16866,10,0,10,0.15913733839988708,0
molecola_16866,11,0,11,0.11933495849370956,0
molecola_16866,12,0,12,0.16781345009803772,0
molecola_16866,13,0,13,0.9310070276260376,1
molecola_16866,14,0,14,0.5888420939445496,1
molecola_16866,15,0,15,0.5819767713546753,1
molecola_16866,16,0,16,0.4881479740142822,0
molecola_16866,17,0,17,0.10152953118085861,0
molecola_16866,18,0,18,0.16933372616767883,0
molecola_16866,19,0,19,0.033709727227687836,0
molecola_16866,20,0,20,0.0836959257721901,0
molecola_16866,21,0,21,0.055569928139448166,0
molecola_16866,22,0,22,0.07613670080900192,0
molecola_16866,23,0,23,0.055569928139448166,0
molecola_16866,24,0,24,0.0836959257721901,0
molecola_16866,25,0,25,0.016402455046772957,0
molecola_16866,26,0,26,0.008249885402619839,0
molecola_16866,27,0,27,0.08032818883657455,0
molecola_16866,28,0,28,0.03820854425430298,0
molecola_16866,29,0,29,0.013500440865755081,0
molecola_16866,30,0,30,0.0012313624611124396,0
molecola_16866,31,0,31,0.0018289517611265182,0
molecola_16866,32,0,32,0.0019097414333373308,0
molecola_16866,33,0,33,0.0026215692050755024,0
molecola_16866,34,0,34,0.0023743631318211555,0
molecola_16882,1,0,1,0.004078238736838102,0
molecola_16882,2,0,2,0.0014042851980775595,0
molecola_16882,3,0,3,0.004078238736838102,0
molecola_16882,4,0,4,0.0012089412193745375,0
molecola_16882,5,0,5,0.0010593220358714461,0
molecola_16882,6,0,6,0.003167993389070034,0
molecola_16882,7,0,7,0.0031258766539394855,0
molecola_16882,8,0,8,0.0010126897832378745,0
molecola_16882,9,0,9,0.006408647168427706,0
molecola_16882,10,0,10,0.03611234575510025,0
molecola_16882,11,0,11,0.0815114751458168,0
molecola_16882,12,0,12,0.06195664033293724,0
molecola_16882,13,0,13,0.0038298354484140873,0
molecola_16882,14,0,14,0.003678641514852643,0
molecola_16882,15,0,15,0.05554557219147682,0
molecola_16882,16,0,16,0.09474990516901016,0
molecola_16882,17,0,17,0.07678958773612976,0
molecola_16882,18,0,18,0.0026578621473163366,0
molecola_16882,19,0,19,0.0018698562635108829,0
molecola_16882,20,0,20,0.000801659538410604,0
molecola_16882,21,0,21,0.0012543824268504977,0
molecola_16882,22,0,22,0.0007477186154574156,0
molecola_16882,23,0,23,0.004963855724781752,0
molecola_16882,24,0,24,0.0020748332608491182,0
molecola_16882,25,0,25,0.0015566294314339757,0
molecola_16882,26,0,26,0.6977828741073608,1
molecola_16882,27,0,27,0.03582993149757385,0
molecola_16882,28,0,28,0.0598374679684639,0
molecola_16882,29,1,29,0.7099443078041077,1
molecola_16882,30,0,30,0.05313620716333389,0
molecola_16882,31,1,31,0.9899919629096985,1
molecola_16882,32,1,32,0.7099443078041077,1
molecola_16882,33,0,33,0.0598374679684639,0
molecola_17057,1,0,1,0.009957630187273026,0
molecola_17057,2,0,2,0.006176609545946121,0
molecola_17057,3,0,3,0.014992078766226768,0
molecola_17057,4,0,4,0.0037703020498156548,0
molecola_17057,5,0,5,0.004045246634632349,0
molecola_17057,6,0,6,0.003062338102608919,0
molecola_17057,7,0,7,0.014139313250780106,0
molecola_17057,8,0,8,0.11823509633541107,0
molecola_17057,9,0,9,0.044672589749097824,0
molecola_17057,10,0,10,0.02006959356367588,0
molecola_17057,11,0,11,0.012398880906403065,0
molecola_17057,12,0,12,0.002577737905085087,0
molecola_17057,13,0,13,0.0014344360679388046,0
molecola_17057,14,0,14,0.004030103795230389,0
molecola_17057,15,0,15,0.002748883096501231,0
molecola_17057,16,0,16,0.00865557324141264,0
molecola_17057,17,0,17,0.008081558160483837,0
molecola_17057,18,0,18,0.012170589528977871,0
molecola_17057,19,0,19,0.0013613331830129027,0
molecola_17057,20,0,20,0.001598090399056673,0
molecola_17057,21,0,21,0.0011209484655410051,0
molecola_17057,22,0,22,0.0010762853780761361,0
molecola_17057,23,0,23,0.0011209484655410051,0
molecola_17057,24,0,24,0.001598090399056673,0
molecola_17057,25,0,25,0.0025498170871287584,0
molecola_17057,26,0,26,0.00109008455183357,0
molecola_17057,27,0,27,0.017622385174036026,0
molecola_17057,28,0,28,0.027978692203760147,0
molecola_17057,29,0,29,0.007249011658132076,0
molecola_17057,30,1,30,0.3332441747188568,0
molecola_17057,31,0,31,0.07872267812490463,0
molecola_17057,32,1,32,0.9889259934425354,1
molecola_17057,33,1,33,0.3041558861732483,0
molecola_17057,34,0,34,0.016861213371157646,0
molecola_17057,35,0,35,0.06737156957387924,0
molecola_17057,36,0,36,0.11814353615045547,0
molecola_17057,37,0,37,0.11732100695371628,0
molecola_17057,38,0,38,0.039698611944913864,0
molecola_17057,39,0,39,0.015214819461107254,0
molecola_17061,1,0,1,0.004137076903134584,0
molecola_17061,2,0,2,0.6260511875152588,1
molecola_17061,3,0,3,0.0008328635594807565,0
molecola_17061,4,0,4,0.002444843528792262,0
molecola_17061,5,0,5,0.0014233922120183706,0
molecola_17061,6,0,6,0.0016334179090335965,0
molecola_17061,7,0,7,0.05288317799568176,0
molecola_17061,8,0,8,0.10076851397752762,0
molecola_17061,9,0,9,0.1102965697646141,0
molecola_17061,10,0,10,0.06841281801462173,0
molecola_17061,11,0,11,0.6647316217422485,1
molecola_17061,12,0,12,0.06590823829174042,0
molecola_17061,13,1,13,0.9884653091430664,1
molecola_17061,14,0,14,0.5254513621330261,1
molecola_17215,1,0,1,0.2283012717962265,0
molecola_17215,2,0,2,0.09776930510997772,0
molecola_17215,3,0,3,0.1477636843919754,0
molecola_17215,4,0,4,0.1676144003868103,0
molecola_17215,5,1,5,0.9866573214530945,1
molecola_17215,6,0,6,0.4829131066799164,0
molecola_17215,7,0,7,0.5655757188796997,1
molecola_17215,8,0,8,0.00490856496617198,0
molecola_17215,9,0,9,0.0009027025080285966,0
molecola_17215,10,0,10,0.0014302717754617333,0
molecola_17215,11,0,11,0.0016798082506284118,0
molecola_17215,12,0,12,0.0013281861320137978,0
molecola_17215,13,0,13,0.0008099630940705538,0
molecola_17215,14,0,14,0.0015091003151610494,0
molecola_17215,15,0,15,0.0110336784273386,0
molecola_17215,16,0,16,0.07968974858522415,0
molecola_17215,17,0,17,0.08775543421506882,0
molecola_17215,18,0,18,0.11742217093706131,0
molecola_17215,19,0,19,0.005588276777416468,0
molecola_17215,20,0,20,0.041274383664131165,0
molecola_17215,21,0,21,0.017045525833964348,0
molecola_17215,22,0,22,0.00810704380273819,0
molecola_17215,23,0,23,0.33342015743255615,0
molecola_17215,24,0,24,0.2062326967716217,0
molecola_17215,25,0,25,0.08927777409553528,0
molecola_17215,26,0,26,0.12544146180152893,0
molecola_17215,27,0,27,0.049048230051994324,0
molecola_17215,28,0,28,0.0013878655154258013,0
molecola_17217,1,0,1,0.0013700311537832022,0
molecola_17217,2,0,2,0.00206107459962368,0
molecola_17217,3,0,3,0.007617417257279158,0
molecola_17217,4,0,4,0.05992991477251053,0
molecola_17217,5,0,5,0.007317802403122187,0
molecola_17217,6,0,6,0.001397281652316451,0
molecola_17217,7,0,7,0.0010853884741663933,0
molecola_17217,8,0,8,0.0009094116394408047,0
molecola_17217,9,0,9,0.006004623137414455,0
molecola_17217,10,0,10,0.001639493741095066,0
molecola_17217,11,0,11,0.0012192397844046354,0
molecola_17217,12,0,12,0.0020394932944327593,0
molecola_17217,13,0,13,0.0017450590385124087,0
molecola_17217,14,0,14,0.003458952996879816,0
molecola_17217,15,0,15,0.0008124305168166757,0
molecola_17217,16,0,16,0.002781705232337117,0
molecola_17217,17,0,17,0.001416502520442009,0
molecola_17217,18,0,18,0.001504146377556026,0
molecola_17217,19,0,19,0.035258304327726364,0
molecola_17217,20,0,20,0.00554635701701045,0
molecola_17217,21,0,21,0.24681854248046875,0
molecola_17217,22,0,22,0.0013739700661972165,0
molecola_17217,23,0,23,0.0016131219454109669,0
molecola_17217,24,0,24,0.001838578493334353,0
molecola_17217,25,0,25,0.001838578493334353,0
molecola_17217,26,0,26,0.0016131219454109669,0
molecola_17217,27,0,27,0.035258304327726364,0
molecola_17217,28,0,28,0.001504146377556026,0
molecola_17217,29,0,29,0.0012888801284134388,0
molecola_17217,30,0,30,0.0007342820172198117,0
molecola_17217,31,0,31,0.0029450731817632914,0
molecola_17217,32,0,32,0.0017839233623817563,0
molecola_17217,33,0,33,0.007623669691383839,0
molecola_17217,34,0,34,0.0018066379707306623,0
molecola_17217,35,0,35,0.0017323220381513238,0
molecola_17217,36,1,36,0.975970983505249,1
molecola_17217,37,1,37,0.9727937579154968,1
molecola_17217,38,0,38,0.000818936969153583,0
molecola_17217,39,0,39,0.0019107387633994222,0
molecola_17217,40,0,40,0.0014004441909492016,0
molecola_17217,41,0,41,0.0009361967095173895,0
molecola_17217,42,0,42,0.0009361967095173895,0
molecola_17217,43,0,43,0.0009361967095173895,0
molecola_17330,1,1,1,0.5823922753334045,1
molecola_17330,2,1,2,0.6096675395965576,1
molecola_17330,3,1,3,0.6022911667823792,1
molecola_17330,4,0,4,0.5222246646881104,1
molecola_17330,5,0,5,0.4505511522293091,0
molecola_17330,6,1,6,0.4469532072544098,0
molecola_17330,7,0,7,0.6229634284973145,1
molecola_17330,8,1,8,0.7776533961296082,1
molecola_17330,9,0,9,0.5774253010749817,1
molecola_17330,10,0,10,0.00695375818759203,0
molecola_17330,11,0,11,0.0019689418841153383,0
molecola_17330,12,0,12,0.001439219806343317,0
molecola_17330,13,0,13,0.0011207418283447623,0
molecola_17330,14,0,14,0.0007078422931954265,0
molecola_17330,15,0,15,0.001439219806343317,0
molecola_17330,16,0,16,0.0019689418841153383,0
molecola_17330,17,0,17,0.011274952441453934,0
molecola_17330,18,0,18,0.01131437812000513,0
molecola_17330,19,0,19,0.058271873742341995,0
molecola_17330,20,0,20,0.5753175020217896,1
molecola_17330,21,0,21,0.28513410687446594,0
molecola_17330,22,0,22,0.06541764736175537,0
molecola_17375,1,0,1,0.07714958488941193,0
molecola_17375,2,0,2,0.042657677084207535,0
molecola_17375,3,0,3,0.04569891467690468,0
molecola_17375,4,0,4,0.03567175939679146,0
molecola_17375,5,0,5,0.059361591935157776,0
molecola_17375,6,0,6,0.04195696488022804,0
molecola_17375,7,0,7,0.0771617740392685,0
molecola_17375,8,0,8,0.09496648609638214,0
molecola_17375,9,0,9,0.06078167259693146,0
molecola_17375,10,0,10,0.12654843926429749,0
molecola_17375,11,0,11,0.005054096225649118,0
molecola_17375,12,0,12,0.044471606612205505,0
molecola_17375,13,0,13,0.01911718025803566,0
molecola_17375,14,0,14,0.05136088281869888,0
molecola_17375,15,0,15,0.03422751650214195,0
molecola_17375,16,0,16,0.005868895910680294,0
molecola_17375,17,0,17,0.004548976197838783,0
molecola_17375,18,0,18,0.0060000428929924965,0
molecola_17375,19,0,19,0.002645566826686263,0
molecola_17375,20,0,20,0.009848461486399174,0
molecola_17375,21,0,21,0.09273960441350937,0
molecola_17375,22,0,22,0.06075042858719826,0
molecola_17375,23,1,23,0.9576505422592163,1
molecola_17375,24,1,24,0.9552201628684998,1
molecola_17375,25,0,25,0.0060000428929924965,0
molecola_17375,26,0,26,0.002645566826686263,0
molecola_17375,27,0,27,0.004548973869532347,0
molecola_17613,1,0,1,0.11162732541561127,0
molecola_17613,2,0,2,0.1437607705593109,0
molecola_17613,3,0,3,0.08144183456897736,0
molecola_17613,4,0,4,0.1366172581911087,0
molecola_17613,5,0,5,0.9555102586746216,1
molecola_17613,6,0,6,0.05147501826286316,0
molecola_17613,7,0,7,0.04760909825563431,0
molecola_17613,8,0,8,0.04380352795124054,0
molecola_17613,9,0,9,0.05190327763557434,0
molecola_17613,10,0,10,0.13842631876468658,0
molecola_17613,11,0,11,0.9555102586746216,1
molecola_17613,12,0,12,0.05560985207557678,0
molecola_17613,13,0,13,0.13877098262310028,0
molecola_17613,14,1,14,0.9555011987686157,1
molecola_17613,15,0,15,0.054534971714019775,0
molecola_17613,16,0,16,0.054534971714019775,0
molecola_17613,17,0,17,0.13877098262310028,0
molecola_17613,18,0,18,0.9555011987686157,1
molecola_17613,19,0,19,0.05560985207557678,0
molecola_17613,20,0,20,0.13842633366584778,0
molecola_17613,21,0,21,0.9555102586746216,1
molecola_17613,22,0,22,0.05190327763557434,0
molecola_17613,23,0,23,0.04760909825563431,0
molecola_17613,24,0,24,0.04380352795124054,0
molecola_17613,25,0,25,0.05147501081228256,0
molecola_17613,26,0,26,0.1366172581911087,0
molecola_17613,27,0,27,0.9555102586746216,1
molecola_17613,28,0,28,0.08144181221723557,0
molecola_17613,29,0,29,0.1437607705593109,0
molecola_17613,30,0,30,0.11162732541561127,0
molecola_17613,31,0,31,0.011413226835429668,0
molecola_17613,32,0,32,0.011413226835429668,0
molecola_17613,33,0,33,0.01639648713171482,0
molecola_17613,34,0,34,0.010970358736813068,0
molecola_17613,35,0,35,0.03837193176150322,0
molecola_17613,36,0,36,0.010970358736813068,0
molecola_17613,37,0,37,0.01639648713171482,0
molecola_17613,38,0,38,0.03837193176150322,0
molecola_17632,1,0,1,0.003364101517945528,0
molecola_17632,2,0,2,0.0037713751662522554,0
molecola_17632,3,0,3,0.0047864350490272045,0
molecola_17632,4,0,4,0.05467451736330986,0
molecola_17632,5,0,5,0.018149031326174736,0
molecola_17632,6,1,6,0.9132899045944214,1
molecola_17632,7,1,7,0.9025575518608093,1
molecola_17632,8,0,8,0.010713949799537659,0
molecola_17632,9,0,9,0.015121188014745712,0
molecola_17632,10,0,10,0.1827266663312912,0
molecola_17632,11,0,11,0.10413798689842224,0
molecola_17632,12,0,12,0.10965541750192642,0
molecola_17632,13,0,13,0.010504176840186119,0
molecola_17632,14,0,14,0.01640932634472847,0
molecola_17632,15,0,15,0.016407649964094162,0
molecola_17650,1,0,1,0.0038891013246029615,0
molecola_17650,2,0,2,0.002922224113717675,0
molecola_17650,3,0,3,0.0011280198814347386,0
molecola_17650,4,0,4,0.013587945140898228,0
molecola_17650,5,0,5,0.0028600904624909163,0
molecola_17650,6,0,6,0.0031998297199606895,0
molecola_17650,7,1,7,0.7216806411743164,1
molecola_17650,8,0,8,0.05349015071988106,0
molecola_17650,9,1,9,0.9899919629096985,1
molecola_17650,10,1,10,0.7216806411743164,1
molecola_17650,11,0,11,0.0031998297199606895,0
molecola_17650,12,0,12,0.002807408571243286,0
molecola_17650,13,0,13,0.0036227386444807053,0
molecola_17650,14,0,14,0.029941434040665627,0
molecola_17650,15,0,15,0.21795599162578583,0
molecola_17650,16,1,16,0.396316796541214,0
molecola_17650,17,1,17,0.16739597916603088,0
molecola_17650,18,0,18,0.036069780588150024,0
molecola_17650,19,0,19,0.021746592596173286,0
molecola_17650,20,0,20,0.058039817959070206,0
molecola_17650,21,0,21,0.15231114625930786,0
molecola_17650,22,0,22,0.029941434040665627,0
molecola_17650,23,0,23,0.0036227386444807053,0
molecola_17650,24,0,24,0.0015641124919056892,0
molecola_17650,25,0,25,0.0022214234340935946,0
molecola_17650,26,0,26,0.019211729988455772,0
molecola_17650,27,0,27,0.06852711737155914,0
molecola_17650,28,0,28,0.019211729988455772,0
molecola_17650,29,0,29,0.0022214234340935946,0
molecola_17753,1,0,1,0.0017310252878814936,0
molecola_17753,2,0,2,0.0022697309032082558,0
molecola_17753,3,0,3,0.0015266714617609978,0
molecola_17753,4,0,4,0.00245657772757113,0
molecola_17753,5,0,5,0.01072762068361044,0
molecola_17753,6,1,6,0.9938796758651733,1
molecola_17753,7,0,7,0.9682753682136536,1
molecola_17753,8,1,8,0.9682753682136536,1
molecola_17753,9,0,9,0.04185488820075989,0
molecola_17753,10,0,10,0.046499282121658325,0
molecola_17753,11,0,11,0.026310069486498833,0
molecola_17753,12,0,12,0.0448862686753273,0
molecola_17753,13,0,13,0.019925814121961594,0
molecola_17753,14,0,14,0.05990738794207573,0
molecola_17753,15,0,15,0.015414425171911716,0
molecola_17753,16,0,16,0.009500967338681221,0
molecola_17753,17,1,17,0.9939595460891724,1
molecola_17753,18,0,18,0.9679834246635437,1
molecola_17753,19,1,19,0.9679834246635437,1
molecola_17845,1,0,1,0.0015876368852332234,0
molecola_17845,2,0,2,0.002090301364660263,0
molecola_17845,3,0,3,0.0010318702552467585,0
molecola_17845,4,0,4,0.0037220269441604614,0
molecola_17845,5,0,5,0.01104511134326458,0
molecola_17845,6,0,6,0.0017487503355368972,0
molecola_17845,7,0,7,0.03262884542346001,0
molecola_17845,8,0,8,0.09308730810880661,0
molecola_17845,9,0,9,0.05267947167158127,0
molecola_17845,10,0,10,0.029263168573379517,0
molecola_17845,11,0,11,0.016710923984646797,0
molecola_17845,12,0,12,0.01955592818558216,0
molecola_17845,13,0,13,0.01629839465022087,0
molecola_17845,14,0,14,0.002694064285606146,0
molecola_17845,15,0,15,0.002694064285606146,0
molecola_17845,16,0,16,0.0031743317376822233,0
molecola_17845,17,0,17,0.04262452572584152,0
molecola_17845,18,0,18,0.07478848844766617,0
molecola_17845,19,0,19,0.030646052211523056,0
molecola_17845,20,0,20,0.0018230729037895799,0
molecola_17845,21,0,21,0.7003347873687744,1
molecola_17845,22,1,22,0.8635103702545166,1
molecola_17845,23,1,23,0.7874042391777039,1
molecola_17845,24,0,24,0.8505856394767761,1
molecola_17845,25,0,25,0.8695333003997803,1
molecola_1795,1,0,1,0.004517456516623497,0
molecola_1795,2,0,2,0.0010296190157532692,0
molecola_1795,3,0,3,0.004055398982018232,0
molecola_1795,4,0,4,0.002496237400919199,0
molecola_1795,5,0,5,0.00493353558704257,0
molecola_1795,6,0,6,0.00868869200348854,0
molecola_1795,7,0,7,0.005889527499675751,0
molecola_1795,8,0,8,0.005472343880683184,0
molecola_1795,9,0,9,0.0010786677012220025,0
molecola_1795,10,0,10,0.0037379194982349873,0
molecola_1795,11,0,11,0.002616487443447113,0
molecola_1795,12,0,12,0.001460620784200728,0
molecola_1795,13,0,13,0.0021808489691466093,0
molecola_1795,14,1,14,0.9762474298477173,1
molecola_1795,15,1,15,0.9729070663452148,1
molecola_1795,16,0,16,0.001460620784200728,0
molecola_1795,17,0,17,0.002616487443447113,0
molecola_1795,18,0,18,0.002380735008046031,0
molecola_1795,19,0,19,0.0028260627295821905,0
molecola_1795,20,0,20,0.001772284391336143,0
molecola_1795,21,0,21,0.0010800028685480356,0
molecola_1795,22,0,22,0.001772284391336143,0
molecola_1795,23,0,23,0.0028260627295821905,0
molecola_1795,24,0,24,0.0016882166964933276,0
molecola_1795,25,0,25,0.0010174487251788378,0
molecola_1795,26,0,26,0.0010174487251788378,0
molecola_1795,27,0,27,0.0009842709405347705,0
molecola_1797,1,0,1,0.06382328271865845,0
molecola_1797,2,0,2,0.007162982132285833,0
molecola_1797,3,0,3,0.0018475544638931751,0
molecola_1797,4,0,4,0.001413811114616692,0
molecola_1797,5,0,5,0.0020898121874779463,0
molecola_1797,6,0,6,0.018625440075993538,0
molecola_1797,7,0,7,0.05501579865813255,0
molecola_1797,8,0,8,0.12132100760936737,0
molecola_1797,9,1,9,0.9486097097396851,1
molecola_1797,10,0,10,0.03529692813754082,0
molecola_1797,11,0,11,0.004167088773101568,0
molecola_1797,12,0,12,0.001992432866245508,0
molecola_1797,13,0,13,0.0014505741419270635,0
molecola_1797,14,0,14,0.0018173896241933107,0
molecola_1797,15,0,15,0.0035269325599074364,0
molecola_1797,16,0,16,0.0033575785346329212,0
molecola_1797,17,0,17,0.0027456460520625114,0
molecola_1797,18,0,18,0.0015978020383045077,0
molecola_1797,19,0,19,0.0015337265795096755,0
molecola_1797,20,0,20,0.001241285353899002,0
molecola_1797,21,0,21,0.12132100760936737,0
molecola_1797,22,0,22,0.9486097097396851,1
molecola_1797,23,0,23,0.05501579865813255,0
molecola_17989,1,0,1,0.0768156498670578,0
molecola_17989,2,0,2,0.04168301820755005,0
molecola_17989,3,0,3,0.04267609119415283,0
molecola_17989,4,0,4,0.010663934983313084,0
molecola_17989,5,0,5,0.002787551376968622,0
molecola_17989,6,0,6,0.0039017272647470236,0
molecola_17989,7,0,7,0.001337033580057323,0
molecola_17989,8,0,8,0.0008494645589962602,0
molecola_17989,9,0,9,0.0023902535904198885,0
molecola_17989,10,0,10,0.0010347397765144706,0
molecola_17989,11,0,11,0.001057157525792718,0
molecola_17989,12,0,12,0.0010160049423575401,0
molecola_17989,13,0,13,0.002053633099421859,0
molecola_17989,14,0,14,0.0012806131271645427,0
molecola_17989,15,0,15,0.0018521652091294527,0
molecola_17989,16,0,16,0.0015979588497430086,0
molecola_17989,17,0,17,0.001963316462934017,0
molecola_17989,18,0,18,0.001404469134286046,0
molecola_17989,19,0,19,0.001207446795888245,0
molecola_17989,20,0,20,0.0007028719992376864,0
molecola_17989,21,0,21,0.001404469134286046,0
molecola_17989,22,0,22,0.001963316462934017,0
molecola_17989,23,0,23,0.0026050196029245853,0
molecola_17989,24,0,24,0.006191045045852661,0
molecola_17989,25,0,25,0.0015464621828868985,0
molecola_17989,26,0,26,0.0022819247096776962,0
molecola_17989,27,1,27,0.9762352705001831,1
molecola_17989,28,1,28,0.9729078412055969,1
molecola_17989,29,0,29,0.0011599664576351643,0
molecola_17989,30,0,30,0.0013351038796827197,0
molecola_17989,31,0,31,0.2035759538412094,0
molecola_17989,32,0,32,0.07996165007352829,0
molecola_17989,33,0,33,0.05892278626561165,0
molecola_18092,1,0,1,0.07715373486280441,0
molecola_18092,2,0,2,0.04005711153149605,0
molecola_18092,3,0,3,0.021933816373348236,0
molecola_18092,4,0,4,0.01564500853419304,0
molecola_18092,5,0,5,0.004540136083960533,0
molecola_18092,6,0,6,0.003659093752503395,0
molecola_18092,7,0,7,0.0013268174370750785,0
molecola_18092,8,0,8,0.0006956138531677425,0
molecola_18092,9,0,9,0.0010377196595072746,0
molecola_18092,10,0,10,0.0009568680543452501,0
molecola_18092,11,0,11,0.0008949993061833084,0
molecola_18092,12,0,12,0.0013726581819355488,0
molecola_18092,13,0,13,0.001025997451506555,0
molecola_18092,14,0,14,0.00378962280228734,0
molecola_18092,15,0,15,0.0021891158539801836,0
molecola_18092,16,0,16,0.011323865503072739,0
molecola_18092,17,0,17,0.000961495446972549,0
molecola_18092,18,0,18,0.003047126578167081,0
molecola_18092,19,0,19,0.0017476852517575026,0
molecola_18092,20,0,20,0.0017476852517575026,0
molecola_18092,21,0,21,0.0012165195075795054,0
molecola_18092,22,0,22,0.0015281207161024213,0
molecola_18092,23,0,23,0.0015281207161024213,0
molecola_18092,24,0,24,0.0015281207161024213,0
molecola_18092,25,0,25,0.003987851552665234,0
molecola_18092,26,0,26,0.011593836359679699,0
molecola_18092,27,0,27,0.011593836359679699,0
molecola_18092,28,0,28,0.001718041836284101,0
molecola_18092,29,0,29,0.0009351679473184049,0
molecola_18092,30,0,30,0.0012502510799095035,0
molecola_18092,31,0,31,0.0016858058515936136,0
molecola_18092,32,0,32,0.0011705507058650255,0
molecola_18092,33,0,33,0.000816725252661854,0
molecola_18092,34,0,34,0.0006532659172080457,0
molecola_18092,35,0,35,0.0006660998915322125,0
molecola_18092,36,0,36,0.001040440401993692,0
molecola_18092,37,0,37,0.0009418547269888222,0
molecola_18092,38,0,38,0.0011110530467703938,0
molecola_18092,39,0,39,0.004991622641682625,0
molecola_18092,40,0,40,0.013374212197959423,0
molecola_18092,41,0,41,0.001367364777252078,0
molecola_18092,42,0,42,0.00107598549220711,0
molecola_18092,43,0,43,0.0007492947042919695,0
molecola_18092,44,0,44,0.0008660349994897842,0
molecola_18092,45,0,45,0.012263793498277664,0
molecola_18092,46,0,46,0.009216826409101486,0
molecola_18092,47,0,47,0.020899172872304916,0
molecola_18092,48,1,48,0.9939701557159424,1
molecola_18092,49,1,49,0.9682629704475403,1
molecola_18092,50,1,50,0.9682629704475403,1
molecola_18166,1,0,1,0.008354048244655132,0
molecola_18166,2,0,2,0.014272546395659447,0
molecola_18166,3,0,3,0.020785633474588394,0
molecola_18166,4,0,4,0.011242954060435295,0
molecola_18166,5,0,5,0.02423635497689247,0
molecola_18166,6,1,6,0.011208578012883663,0
molecola_18166,7,1,7,0.0061684949323534966,0
molecola_18166,8,1,8,0.9878790974617004,1
molecola_18166,9,0,9,0.9342648386955261,1
molecola_18166,10,1,10,0.9342648386955261,1
molecola_18166,11,0,11,0.007814738899469376,0
molecola_18166,12,0,12,0.0148604242131114,0
molecola_18166,13,0,13,0.03078792802989483,0
molecola_18166,14,0,14,0.0640738382935524,0
molecola_18166,15,0,15,0.03078792802989483,0
molecola_18166,16,0,16,0.0148604242131114,0
molecola_18166,17,0,17,0.0022215861827135086,0
molecola_18166,18,0,18,0.0026569825131446123,0
molecola_18166,19,0,19,0.0010467078536748886,0
molecola_18166,20,0,20,0.0015729062724858522,0
molecola_18166,21,0,21,0.0010467078536748886,0
molecola_18166,22,0,22,0.0026569825131446123,0
molecola_18166,23,0,23,0.0009079924784600735,0
molecola_18166,24,0,24,0.0026061334647238255,0
molecola_18166,25,0,25,0.0022410175297409296,0
molecola_18166,26,0,26,0.003289769636467099,0
molecola_18166,27,0,27,0.007906965911388397,0
molecola_18166,28,0,28,0.004777754191309214,0
molecola_18166,29,0,29,0.0011644702171906829,0
molecola_18166,30,0,30,0.007906965911388397,0
molecola_18166,31,0,31,0.003289769636467099,0
molecola_18199,1,0,1,0.030651556327939034,0
molecola_18199,2,0,2,0.8294616937637329,1
molecola_18199,3,0,3,0.1281881034374237,0
molecola_18199,4,0,4,0.1871698945760727,0
molecola_18199,5,0,5,0.012134548276662827,0
molecola_18199,6,0,6,0.0053210086189210415,0
molecola_18199,7,0,7,0.0015250375727191567,0
molecola_18199,8,0,8,0.0019723984878510237,0
molecola_18199,9,0,9,0.0032341748010367155,0
molecola_18199,10,0,10,0.35787901282310486,0
molecola_18199,11,0,11,0.18636110424995422,0
molecola_18199,12,0,12,0.17030943930149078,0
molecola_18199,13,0,13,0.004296904429793358,0
molecola_18199,14,1,14,0.2087891846895218,0
molecola_18199,15,1,15,0.6624507308006287,1
molecola_18199,16,1,16,0.6309959292411804,1
molecola_18199,17,1,17,0.9854661226272583,1
molecola_18199,18,0,18,0.49643561244010925,0
molecola_18199,19,0,19,0.48478639125823975,0
molecola_18199,20,0,20,0.09161646664142609,0
molecola_18199,21,0,21,0.20666255056858063,0
molecola_18303,1,0,1,0.0012455412652343512,0
molecola_18303,2,0,2,0.0010144776897504926,0
molecola_18303,3,0,3,0.0012455412652343512,0
molecola_18303,4,0,4,0.00115502520930022,0
molecola_18303,5,0,5,0.00115502520930022,0
molecola_18303,6,0,6,0.0010145168052986264,0
molecola_18303,7,0,7,0.0012455412652343512,0
molecola_18303,8,0,8,0.0012455412652343512,0
molecola_18303,9,0,9,0.0008525138255208731,0
molecola_18303,10,0,10,0.001245090621523559,0
molecola_18303,11,0,11,0.005704578943550587,0
molecola_18303,12,0,12,0.010383183136582375,0
molecola_18303,13,0,13,0.009534825570881367,0
molecola_18303,14,0,14,0.022370344027876854,0
molecola_18303,15,0,15,0.02158183977007866,0
molecola_18303,16,0,16,0.007362256292253733,0
molecola_18303,17,0,17,0.0012140492908656597,0
molecola_18303,18,0,18,0.0008517757523804903,0
molecola_18303,19,0,19,0.009251866489648819,0
molecola_18303,20,0,20,0.014868726022541523,0
molecola_18303,21,0,21,0.009140711277723312,0
molecola_18303,22,0,22,0.01324654184281826,0
molecola_18303,23,0,23,0.009140711277723312,0
molecola_18303,24,0,24,0.014868726022541523,0
molecola_18303,25,1,25,0.9938305020332336,1
molecola_18303,26,1,26,0.9677737951278687,1
molecola_18303,27,1,27,0.9677737951278687,1
molecola_18311,1,1,1,0.9725330471992493,1
molecola_18311,2,1,2,0.9782426953315735,1
molecola_18311,3,0,3,0.776918351650238,1
molecola_18311,4,0,4,0.13082151114940643,0
molecola_18311,5,0,5,0.0017623268067836761,0
molecola_18311,6,0,6,0.13082151114940643,0
molecola_18311,7,0,7,0.776918351650238,1
molecola_18311,8,0,8,0.0021775620989501476,0
molecola_18311,9,0,9,0.000953172508161515,0
molecola_18311,10,0,10,0.001436125487089157,0
molecola_18311,11,0,11,0.0041756401769816875,0
molecola_18311,12,0,12,0.01256592571735382,0
molecola_18311,13,0,13,0.0031536854803562164,0
molecola_18311,14,0,14,0.010179459117352962,0
molecola_18311,15,0,15,0.003114525694400072,0
molecola_18311,16,0,16,0.004609430208802223,0
molecola_18311,17,0,17,0.05431784316897392,0
molecola_18311,18,0,18,0.0988750010728836,0
molecola_18311,19,0,19,0.05085073411464691,0
molecola_18311,20,0,20,0.011832027696073055,0
molecola_18311,21,0,21,0.0015539652667939663,0
molecola_18311,22,0,22,0.002088100416585803,0
molecola_18311,23,0,23,0.0013362200697883964,0
molecola_18311,24,0,24,0.0041390713304281235,0
molecola_18643,1,0,1,0.00460693659260869,0
molecola_18643,2,0,2,0.0010997285135090351,0
molecola_18643,3,0,3,0.00460693659260869,0
molecola_18643,4,0,4,0.2677333950996399,0
molecola_18643,5,0,5,0.6410455107688904,1
molecola_18643,6,0,6,0.9505335688591003,1
molecola_18643,7,0,7,0.9652537107467651,1
molecola_18643,8,0,8,0.723416805267334,1
molecola_18643,9,0,9,0.6380519270896912,1
molecola_18643,10,0,10,0.32746002078056335,0
molecola_18643,11,0,11,0.5388014912605286,1
molecola_18643,12,1,12,0.9871689081192017,1
molecola_18643,13,0,13,0.5120420455932617,1
molecola_18643,14,0,14,0.04004481062293053,0
molecola_18643,15,0,15,0.02426331490278244,0
molecola_18643,16,0,16,0.0014272851403802633,0
molecola_18643,17,0,17,0.02820652164518833,0
molecola_18643,18,0,18,0.04404504597187042,0
molecola_18643,19,0,19,0.13735145330429077,0
molecola_1867,1,0,1,0.0016478325705975294,0
molecola_1867,2,0,2,0.0010498876217752695,0
molecola_1867,3,0,3,0.0035366725642234087,0
molecola_1867,4,0,4,0.0009552325936965644,0
molecola_1867,5,0,5,0.0007273305673152208,0
molecola_1867,6,0,6,0.0035075158812105656,0
molecola_1867,7,0,7,0.001493267249315977,0
molecola_1867,8,0,8,0.001493267249315977,0
molecola_1867,9,0,9,0.005026453174650669,0
molecola_1867,10,0,10,0.031444452702999115,0
molecola_1867,11,0,11,0.025505609810352325,0
molecola_1867,12,0,12,0.0024948036298155785,0
molecola_1867,13,0,13,0.0020181003492325544,0
molecola_1867,14,0,14,0.0034410557709634304,0
molecola_1867,15,0,15,0.012301452457904816,0
molecola_1867,16,0,16,0.0013944420497864485,0
molecola_1867,17,0,17,0.0007436461746692657,0
molecola_1867,18,0,18,0.0007436461746692657,0
molecola_1867,19,0,19,0.0007436461746692657,0
molecola_1867,20,0,20,0.001104103634133935,0
molecola_1867,21,0,21,0.001036953181028366,0
molecola_1867,22,0,22,0.0015084479236975312,0
molecola_1867,23,0,23,0.0024609402753412724,0
molecola_1867,24,0,24,0.0014007077552378178,0
molecola_1867,25,0,25,0.0012022553710266948,0
molecola_1867,26,0,26,0.0007028719992376864,0
molecola_1867,27,0,27,0.0014007077552378178,0
molecola_1867,28,0,28,0.0024609402753412724,0
molecola_1867,29,0,29,0.0032814715523272753,0
molecola_1867,30,0,30,0.0029980638064444065,0
molecola_1867,31,0,31,0.650749146938324,1
molecola_1867,32,0,32,0.0715918317437172,0
molecola_1867,33,1,33,0.9891977906227112,1
molecola_1867,34,0,34,0.6555388569831848,1
molecola_1867,35,0,35,0.002577476901933551,0
molecola_1867,36,0,36,0.10305143892765045,0
molecola_1867,37,0,37,0.1574217677116394,0
molecola_1870,1,0,1,0.0015038499841466546,0
molecola_1870,2,0,2,0.0013129757717251778,0
molecola_1870,3,0,3,0.000808576587587595,0
molecola_1870,4,0,4,0.003186552319675684,0
molecola_1870,5,0,5,0.001729717361740768,0
molecola_1870,6,0,6,0.020499112084507942,0
molecola_1870,7,0,7,0.074750617146492,0
molecola_1870,8,0,8,0.09249363094568253,0
molecola_1870,9,0,9,0.012058629654347897,0
molecola_1870,10,0,10,0.002045725006610155,0
molecola_1870,11,0,11,0.0010278020054101944,0
molecola_1870,12,0,12,0.025255819782614708,0
molecola_1870,13,0,13,0.0017926261061802506,0
molecola_1870,14,0,14,0.03040679171681404,0
molecola_1870,15,0,15,0.0013282487634569407,0
molecola_1870,16,0,16,0.001557911396957934,0
molecola_1870,17,0,17,0.0006866852636449039,0
molecola_1870,18,0,18,0.0013282487634569407,0
molecola_1870,19,0,19,0.03040679171681404,0
molecola_1870,20,0,20,0.002727312035858631,0
molecola_1870,21,0,21,0.0013634299393743277,0
molecola_1870,22,0,22,0.004355982877314091,0
molecola_1870,23,1,23,0.9353287220001221,1
molecola_1870,24,1,24,0.9843215942382812,1
molecola_1870,25,0,25,0.886333703994751,1
molecola_1870,26,1,26,0.886333703994751,1
molecola_18734,1,0,1,0.010133745148777962,0
molecola_18734,2,0,2,0.05359236150979996,0
molecola_18734,3,0,3,0.002560455584898591,0
molecola_18734,4,0,4,0.004299267660826445,0
molecola_18734,5,0,5,0.001531770802102983,0
molecola_18734,6,0,6,0.006850914563983679,0
molecola_18734,7,0,7,0.01945863664150238,0
molecola_18734,8,0,8,0.0013164711417630315,0
molecola_18734,9,0,9,0.0010604781564325094,0
molecola_18734,10,0,10,0.006146280560642481,0
molecola_18734,11,0,11,0.0018934727413579822,0
molecola_18734,12,0,12,0.018016276881098747,0
molecola_18734,13,0,13,0.6767236590385437,1
molecola_18734,14,0,14,0.05875135585665703,0
molecola_18734,15,1,15,0.9894692897796631,1
molecola_18734,16,0,16,0.4415941536426544,0
molecola_18734,17,0,17,0.06451943516731262,0
molecola_18734,18,0,18,0.03832344710826874,0
molecola_18734,19,0,19,0.009457774460315704,0
molecola_18734,20,0,20,0.003347222926095128,0
molecola_18734,21,0,21,0.13638323545455933,0
molecola_18734,22,0,22,0.007256980054080486,0
molecola_18734,23,0,23,0.0015224360395222902,0
molecola_18734,24,0,24,0.002512697596102953,0
molecola_18734,25,0,25,0.004101415164768696,0
molecola_18734,26,0,26,0.0032140053808689117,0
molecola_18734,27,0,27,0.0039530242793262005,0
molecola_18734,28,0,28,0.001443172455765307,0
molecola_18734,29,0,29,0.0010198141681030393,0
molecola_18734,30,0,30,0.0017140237614512444,0
molecola_18878,1,1,1,0.9747300744056702,1
molecola_18878,2,0,2,0.35668978095054626,0
molecola_18878,3,0,3,0.41522350907325745,0
molecola_18878,4,0,4,0.5215448141098022,1
molecola_18878,5,0,5,0.5651301741600037,1
molecola_18878,6,0,6,0.6226744651794434,1
molecola_18878,7,0,7,0.7399035096168518,1
molecola_18878,8,0,8,0.6958103775978088,1
molecola_18878,9,0,9,0.7768627405166626,1
molecola_18878,10,0,10,0.4842469394207001,0
molecola_18878,11,0,11,0.5421288013458252,1
molecola_18878,12,0,12,0.4636539816856384,0
molecola_18878,13,0,13,0.364855021238327,0
molecola_18878,14,0,14,0.1764877885580063,0
molecola_18878,15,0,15,0.0826614648103714,0
molecola_18878,16,0,16,0.26411235332489014,0
molecola_18878,17,0,17,0.4449161887168884,0
molecola_18878,18,0,18,0.5075480341911316,1
molecola_18878,19,0,19,0.6595650911331177,1
molecola_18878,20,0,20,0.541504979133606,1
molecola_18878,21,0,21,0.48749208450317383,0
molecola_18878,22,0,22,0.37476474046707153,0
molecola_18878,23,1,23,0.9747300744056702,1
molecola_19048,1,0,1,0.5871136784553528,1
molecola_19048,2,0,2,0.962960958480835,1
molecola_19048,3,0,3,0.936804473400116,1
molecola_19048,4,0,4,0.006932992022484541,0
molecola_19048,5,1,5,0.9364914298057556,1
molecola_19048,6,1,6,0.9358126521110535,1
molecola_19048,7,0,7,0.08265896141529083,0
molecola_19048,8,0,8,0.0013139545917510986,0
molecola_19048,9,0,9,0.0011073378846049309,0
molecola_19048,10,0,10,0.002040534047409892,0
molecola_19048,11,0,11,0.001897298265248537,0
molecola_19048,12,0,12,0.0011171316727995872,0
molecola_19048,13,0,13,0.0025809030048549175,0
molecola_19048,14,0,14,0.9297767877578735,1
molecola_19048,15,0,15,0.03462758660316467,0
molecola_19048,16,0,16,0.9383676648139954,1
molecola_19048,17,0,17,0.00616671796888113,0
molecola_19048,18,0,18,0.006001908797770739,0
molecola_19048,19,0,19,0.0010168594308197498,0
molecola_19048,20,0,20,0.0006814736989326775,0
molecola_19048,21,0,21,0.0009412249200977385,0
molecola_19048,22,0,22,0.002812346676364541,0
molecola_19048,23,0,23,0.0012012338265776634,0
molecola_19048,24,0,24,0.0011871708557009697,0
molecola_19048,25,0,25,0.0009405547752976418,0
molecola_19115,1,0,1,0.013601725921034813,0
molecola_19115,2,0,2,0.011180376634001732,0
molecola_19115,3,0,3,0.002150206360965967,0
molecola_19115,4,0,4,0.005136335268616676,0
molecola_19115,5,0,5,0.0010986530687659979,0
molecola_19115,6,0,6,0.005136335268616676,0
molecola_19115,7,0,7,0.002150206360965967,0
molecola_19115,8,0,8,0.005503837484866381,0
molecola_19115,9,0,9,0.012283695861697197,0
molecola_19115,10,0,10,0.00576914194971323,0
molecola_19115,11,0,11,0.016531657427549362,0
molecola_19115,12,0,12,0.0019468913087621331,0
molecola_19115,13,0,13,0.018258336931467056,0
molecola_19115,14,0,14,0.04005587473511696,0
molecola_19115,15,0,15,0.011982164345681667,0
molecola_19115,16,0,16,0.00826700683683157,0
molecola_19115,17,0,17,0.07575628906488419,0
molecola_19115,18,0,18,0.06612829864025116,0
molecola_19115,19,0,19,0.8669819831848145,1
molecola_19115,20,0,20,0.05190704017877579,0
molecola_19115,21,0,21,0.024258112534880638,0
molecola_19115,22,0,22,0.013886228203773499,0
molecola_19115,23,0,23,0.1566346138715744,0
molecola_19115,24,0,24,0.08575181663036346,0
molecola_19115,25,0,25,0.13384097814559937,0
molecola_19115,26,1,26,0.9819633960723877,1
molecola_19115,27,0,27,0.06663832813501358,0
molecola_19115,28,0,28,0.01111625600606203,0
molecola_19115,29,0,29,0.06216786801815033,0
molecola_19115,30,0,30,0.12528255581855774,0
molecola_19340,1,0,1,0.0030040331184864044,0
molecola_19340,2,0,2,0.0024228976108133793,0
molecola_19340,3,0,3,0.0011980393901467323,0
molecola_19340,4,0,4,0.002179232891649008,0
molecola_19340,5,0,5,0.0023875648621469736,0
molecola_19340,6,0,6,0.005642815493047237,0
molecola_19340,7,0,7,0.004505387041717768,0
molecola_19340,8,1,8,0.993615984916687,1
molecola_19340,9,1,9,0.9682628512382507,1
molecola_19340,10,1,10,0.9682628512382507,1
molecola_19340,11,0,11,0.01397942565381527,0
molecola_19340,12,0,12,0.0024022383149713278,0
molecola_19340,13,0,13,0.9714078307151794,1
molecola_19340,14,0,14,0.9715566039085388,1
molecola_19340,15,0,15,0.0009819158585742116,0
molecola_19340,16,0,16,0.0010680335108190775,0
molecola_19340,17,0,17,0.0006036012200638652,0
molecola_19390,1,0,1,0.8524200916290283,1
molecola_19390,2,0,2,0.04104067012667656,0
molecola_19390,3,0,3,0.05372720956802368,0
molecola_19390,4,0,4,0.04630124941468239,0
molecola_19390,5,0,5,0.08635435998439789,0
molecola_19390,6,0,6,0.06350819021463394,0
molecola_19390,7,0,7,0.04350775480270386,0
molecola_19390,8,0,8,0.04348834976553917,0
molecola_19390,9,0,9,0.03546270728111267,0
molecola_19390,10,0,10,0.011113457381725311,0
molecola_19390,11,0,11,0.005246160086244345,0
molecola_19390,12,1,12,0.9679782390594482,1
molecola_19390,13,1,13,0.9660119414329529,1
molecola_19390,14,0,14,0.010457395575940609,0
molecola_19390,15,0,15,0.024041159078478813,0
molecola_19390,16,0,16,0.06684072315692902,0
molecola_19390,17,0,17,0.12100537866353989,0
molecola_19390,18,0,18,0.002085246844217181,0
molecola_19638,1,0,1,0.13998451828956604,0
molecola_19638,2,0,2,0.028924163430929184,0
molecola_19638,3,0,3,0.01470109261572361,0
molecola_19638,4,0,4,0.005370779894292355,0
molecola_19638,5,0,5,0.013268261216580868,0
molecola_19638,6,0,6,0.009785243310034275,0
molecola_19638,7,0,7,0.009191709570586681,0
molecola_19638,8,0,8,0.009785243310034275,0
molecola_19638,9,0,9,0.013268261216580868,0
molecola_19638,10,0,10,0.0013728439807891846,0
molecola_19638,11,0,11,0.001065980177372694,0
molecola_19638,12,0,12,0.0015541258035227656,0
molecola_19638,13,0,13,0.0010387003421783447,0
molecola_19638,14,0,14,0.0038057886995375156,0
molecola_19638,15,0,15,0.008527510799467564,0
molecola_19638,16,0,16,0.0038057886995375156,0
molecola_19638,17,0,17,0.0010387003421783447,0
molecola_19638,18,1,18,0.9669458270072937,1
molecola_19638,19,1,19,0.9356406927108765,1
molecola_19638,20,1,20,0.9593226313591003,1
molecola_19638,21,1,21,0.9653894901275635,1
molecola_19784,1,1,1,0.9770817160606384,1
molecola_19784,2,1,2,0.9798402190208435,1
molecola_19784,3,0,3,0.6915313005447388,1
molecola_19784,4,0,4,0.01195556577295065,0
molecola_19784,5,0,5,0.007986973971128464,0
molecola_19784,6,0,6,0.7765196561813354,1
molecola_19784,7,0,7,0.017369551584124565,0
molecola_19784,8,0,8,0.027294011786580086,0
molecola_19784,9,0,9,0.001897118636406958,0
molecola_19784,10,0,10,0.0013045371742919087,0
molecola_19784,11,0,11,0.0008698289166204631,0
molecola_19784,12,0,12,0.007056470960378647,0
molecola_19784,13,0,13,0.02808765321969986,0
molecola_19784,14,0,14,0.10237030684947968,0
molecola_19784,15,0,15,0.10713181644678116,0
molecola_19784,16,0,16,0.006284685805439949,0
molecola_19784,17,0,17,0.06080424413084984,0
molecola_19784,18,0,18,0.0017376132309436798,0
molecola_19784,19,0,19,0.0007939814240671694,0
molecola_19784,20,0,20,0.008122334256768227,0
molecola_19784,21,0,21,0.006360303610563278,0
molecola_19784,22,0,22,0.029704052954912186,0
molecola_19784,23,0,23,0.06377444416284561,0
molecola_19784,24,0,24,0.054732490330934525,0
molecola_19784,25,0,25,0.014843707904219627,0
molecola_19784,26,0,26,0.002158235991373658,0
molecola_19784,27,0,27,0.0007388973608613014,0
molecola_19784,28,0,28,0.0007388973608613014,0
molecola_19784,29,0,29,0.000917718221899122,0
molecola_19784,30,0,30,0.06377444416284561,0
molecola_19784,31,0,31,0.029704052954912186,0
molecola_19833,1,1,1,0.9894692897796631,1
molecola_19833,2,0,2,0.061955805867910385,0
molecola_19833,3,0,3,0.5720891952514648,1
molecola_19833,4,0,4,0.03144552931189537,0
molecola_19833,5,0,5,0.02957003377377987,0
molecola_19833,6,0,6,0.0013263714499771595,0
molecola_19833,7,0,7,0.07619950920343399,0
molecola_19833,8,0,8,0.039011575281620026,0
molecola_19833,9,0,9,0.44164055585861206,0
molecola_19936,1,0,1,0.8702960014343262,1
molecola_19936,2,0,2,0.9079719185829163,1
molecola_19936,3,0,3,0.004986477084457874,0
molecola_19936,4,0,4,0.003593569854274392,0
molecola_19936,5,0,5,0.005976485088467598,0
molecola_19936,6,0,6,0.001199064077809453,0
molecola_19936,7,0,7,0.0071107251569628716,0
molecola_19936,8,0,8,0.8798345923423767,1
molecola_19936,9,0,9,0.9128315448760986,1
molecola_19936,10,0,10,0.016091447323560715,0
molecola_19936,11,0,11,0.0018635268788784742,0
molecola_19936,12,0,12,0.7723743319511414,1
molecola_19936,13,1,13,0.9783081412315369,1
molecola_19936,14,1,14,0.972672164440155,1
molecola_19936,15,0,15,0.5832883715629578,1
molecola_19936,16,0,16,0.003679008688777685,0
molecola_19936,17,0,17,0.0010780158918350935,0
molecola_19936,18,0,18,0.0007062716176733375,0
molecola_19936,19,0,19,0.001093591912649572,0
molecola_19936,20,0,20,0.11861906945705414,0
molecola_19936,21,0,21,0.9512117505073547,1
molecola_19936,22,0,22,0.9618200659751892,1
molecola_19936,23,0,23,0.0013941945508122444,0
molecola_19936,24,0,24,0.0020874347537755966,0
molecola_19936,25,1,25,0.9854000210762024,1
molecola_19936,26,0,26,0.8899997472763062,1
molecola_19936,27,1,27,0.8899997472763062,1
molecola_19983,1,1,1,0.9889259934425354,1
molecola_19983,2,0,2,0.08763440698385239,0
molecola_19983,3,0,3,0.3472813367843628,0
molecola_19983,4,0,4,0.1461866945028305,0
molecola_19983,5,0,5,0.03957442194223404,0
molecola_19983,6,0,6,0.01731666550040245,0
molecola_19983,7,0,7,0.007292646449059248,0
molecola_19983,8,0,8,0.21713657677173615,0
molecola_19983,9,0,9,0.008710507303476334,0
molecola_19983,10,0,10,0.0007554988260380924,0
molecola_19983,11,0,11,0.0007554988260380924,0
molecola_19983,12,0,12,0.0007554988260380924,0
molecola_2000,1,0,1,0.0013049812987446785,0
molecola_2000,2,0,2,0.012124024331569672,0
molecola_2000,3,0,3,0.0013049812987446785,0
molecola_2000,4,0,4,0.0023982636630535126,0
molecola_2000,5,0,5,0.051060691475868225,0
molecola_2000,6,0,6,0.32898324728012085,0
molecola_2000,7,0,7,0.5402894020080566,1
molecola_2000,8,1,8,0.9639183282852173,1
molecola_2000,9,0,9,0.4819653630256653,0
molecola_2000,10,1,10,0.9598813056945801,1
molecola_2000,11,0,11,0.26744434237480164,0
molecola_2000,12,0,12,0.048252031207084656,0
molecola_2000,13,0,13,0.04737589880824089,0
molecola_2000,14,0,14,0.06276286393404007,0
molecola_2000,15,0,15,0.04234440624713898,0
molecola_2000,16,0,16,0.12860991060733795,0
molecola_2000,17,0,17,0.2761809229850769,0
molecola_2000,18,0,18,0.021802956238389015,0
molecola_20103,1,1,1,0.9882906675338745,1
molecola_20103,2,0,2,0.17097079753875732,0
molecola_20103,3,0,3,0.681901752948761,1
molecola_20103,4,0,4,0.04843612387776375,0
molecola_20103,5,0,5,0.029296332970261574,0
molecola_20103,6,0,6,0.04843612387776375,0
molecola_20103,7,0,7,0.681901752948761,1
molecola_20103,8,0,8,0.002066970570012927,0
molecola_20103,9,0,9,0.005586445797234774,0
molecola_20103,10,0,10,0.001395925646647811,0
molecola_20103,11,0,11,0.008947568945586681,0
molecola_20103,12,0,12,0.001944476505741477,0
molecola_20103,13,0,13,0.0014676892897114158,0
molecola_20103,14,0,14,0.006394913420081139,0
molecola_20103,15,0,15,0.006446752697229385,0
molecola_20103,16,0,16,0.002738408977165818,0
molecola_20103,17,0,17,0.0013623895356431603,0
molecola_20103,18,0,18,0.003925140015780926,0
molecola_20103,19,0,19,0.003925143741071224,0
molecola_20103,20,0,20,0.002738408977165818,0
molecola_20103,21,0,21,0.0013623895356431603,0
molecola_20103,22,0,22,0.0019113209564238787,0
molecola_20103,23,0,23,0.0033175854478031397,0
molecola_20103,24,0,24,0.002044344088062644,0
molecola_20103,25,0,25,0.003538192017003894,0
molecola_20245,1,0,1,0.07634669542312622,0
molecola_20245,2,0,2,0.04231581836938858,0
molecola_20245,3,0,3,0.04372645542025566,0
molecola_20245,4,0,4,0.039546169340610504,0
molecola_20245,5,0,5,0.01455402560532093,0
molecola_20245,6,0,6,0.014359568245708942,0
molecola_20245,7,0,7,0.002690664492547512,0
molecola_20245,8,0,8,0.009600347839295864,0
molecola_20245,9,0,9,0.0008838063222356141,0
molecola_20245,10,0,10,0.001261256169527769,0
molecola_20245,11,0,11,0.0013965353136882186,0
molecola_20245,12,0,12,0.00070770806632936,0
molecola_20245,13,0,13,0.008328733965754509,0
molecola_20245,14,0,14,0.2682923972606659,0
molecola_20245,15,1,15,0.9322026968002319,1
molecola_20245,16,1,16,0.901848316192627,1
molecola_20245,17,0,17,0.024503977969288826,0
molecola_20245,18,0,18,0.011714067310094833,0
molecola_20245,19,0,19,0.020098185166716576,0
molecola_20245,20,0,20,0.06196040287613869,0
molecola_20245,21,0,21,0.020098185166716576,0
molecola_20245,22,0,22,0.011714067310094833,0
molecola_20245,23,0,23,0.0035434341989457607,0
molecola_20245,24,0,24,0.0010868628742173314,0
molecola_20245,25,0,25,0.001718549057841301,0
molecola_20245,26,0,26,0.026753008365631104,0
molecola_20245,27,0,27,0.00931831169873476,0
molecola_20245,28,0,28,0.0029871200677007437,0
molecola_20245,29,0,29,0.0016927907709032297,0
molecola_20245,30,0,30,0.0011741527123376727,0
molecola_20245,31,0,31,0.0010501357028260827,0
molecola_20245,32,0,32,0.0007048475090414286,0
molecola_20245,33,0,33,0.0011741527123376727,0
molecola_20245,34,0,34,0.0016927907709032297,0
molecola_20556,1,0,1,0.003486757865175605,0
molecola_20556,2,0,2,0.005442185327410698,0
molecola_20556,3,0,3,0.005331545136868954,0
molecola_20556,4,0,4,0.0013098776107653975,0
molecola_20556,5,0,5,0.004473002161830664,0
molecola_20556,6,0,6,0.004691366571933031,0
molecola_20556,7,0,7,0.0008677919977344573,0
molecola_20556,8,0,8,0.00374810304492712,0
molecola_20556,9,0,9,0.001500315498560667,0
molecola_20556,10,0,10,0.006136050447821617,0
molecola_20556,11,0,11,0.004358378238976002,0
molecola_20556,12,0,12,0.007510776165872812,0
molecola_20556,13,0,13,0.007510776165872812,0
molecola_20556,14,0,14,0.004358378238976002,0
molecola_20556,15,0,15,0.002442191122099757,0
molecola_20556,16,0,16,0.0009985470678657293,0
molecola_20556,17,0,17,0.0019570915028452873,0
molecola_20556,18,0,18,0.002423838246613741,0
molecola_20556,19,0,19,0.0015447676414623857,0
molecola_20556,20,0,20,0.008293966762721539,0
molecola_20556,21,0,21,0.0015447676414623857,0
molecola_20556,22,0,22,0.002423838246613741,0
molecola_20556,23,0,23,0.00257571111433208,0
molecola_20556,24,0,24,0.0009375740773975849,0
molecola_20556,25,0,25,0.012241349555552006,0
molecola_20556,26,1,26,0.9660846590995789,1
molecola_20556,27,0,27,0.0024902746081352234,0
molecola_20556,28,0,28,0.001434452598914504,0
molecola_20556,29,0,29,0.007593508809804916,0
molecola_20556,30,0,30,0.0010284484596922994,0
molecola_20556,31,0,31,0.0010284484596922994,0
molecola_20573,1,0,1,0.001831064815632999,0
molecola_20573,2,0,2,0.0046793390065431595,0
molecola_20573,3,0,3,0.005363779608160257,0
molecola_20573,4,0,4,0.001891318242996931,0
molecola_20573,5,0,5,0.0013164117699488997,0
molecola_20573,6,0,6,0.001891318242996931,0
molecola_20573,7,0,7,0.005363779608160257,0
molecola_20573,8,0,8,0.0013554474571719766,0
molecola_20573,9,0,9,0.0012143071508035064,0
molecola_20573,10,0,10,0.0012143071508035064,0
molecola_20573,11,0,11,0.0032716745045036077,0
molecola_20573,12,0,12,0.0015290654264390469,0
molecola_20573,13,0,13,0.0008155917166732252,0
molecola_20573,14,0,14,0.014602484181523323,0
molecola_20573,15,0,15,0.0032359985634684563,0
molecola_20573,16,0,16,0.0025326779577881098,0
molecola_20573,17,0,17,0.0027217629831284285,0
molecola_20573,18,1,18,0.834652304649353,1
molecola_20573,19,1,19,0.9783945083618164,1
molecola_20573,20,1,20,0.9724604487419128,1
molecola_20573,21,1,21,0.7796492576599121,1
molecola_20573,22,0,22,0.0072125596925616264,0
molecola_20573,23,0,23,0.004817322362214327,0
molecola_20768,1,1,1,0.8879570364952087,1
molecola_20768,2,1,2,0.9857668876647949,1
molecola_20768,3,1,3,0.8879570364952087,1
molecola_20768,4,1,4,0.8440495133399963,1
molecola_20768,5,0,5,0.010626130737364292,0
molecola_20768,6,0,6,0.003369224490597844,0
molecola_20768,7,0,7,0.004377578850835562,0
molecola_20768,8,0,8,0.011158688925206661,0
molecola_20768,9,0,9,0.01030190009623766,0
molecola_20768,10,0,10,0.01157861202955246,0
molecola_20768,11,0,11,0.031993281096220016,0
molecola_20768,12,0,12,0.005518470425158739,0
molecola_20768,13,0,13,0.0021513893734663725,0
molecola_20768,14,0,14,0.005373689346015453,0
molecola_20768,15,0,15,0.014695491641759872,0
molecola_20768,16,0,16,0.04131096974015236,0
molecola_20768,17,0,17,0.012062612920999527,0
molecola_20768,18,0,18,0.001947585609741509,0
molecola_20768,19,0,19,0.0008203389006666839,0
molecola_20768,20,0,20,0.0008203389006666839,0
molecola_20768,21,0,21,0.0008203389006666839,0
molecola_20768,22,0,22,0.08446531742811203,0
molecola_20768,23,0,23,0.19605454802513123,0
molecola_20768,24,0,24,0.0796729102730751,0
molecola_20768,25,0,25,0.06581883877515793,0
molecola_20768,26,0,26,0.12185199558734894,0
molecola_20768,27,0,27,0.1211361289024353,0
molecola_20768,28,0,28,0.06717266142368317,0
molecola_20768,29,0,29,0.036252461373806,0
molecola_20931,1,1,1,0.9882649183273315,1
molecola_20931,2,0,2,0.12817026674747467,0
molecola_20931,3,0,3,0.15284202992916107,0
molecola_20931,4,0,4,0.02409340627491474,0
molecola_20931,5,0,5,0.008755112066864967,0
molecola_20931,6,0,6,0.021321890875697136,0
molecola_20931,7,0,7,0.11136790364980698,0
molecola_20931,8,0,8,0.007488930132240057,0
molecola_20931,9,0,9,0.003031751373782754,0
molecola_20931,10,0,10,0.005499524995684624,0
molecola_20931,11,0,11,0.0017705608624964952,0
molecola_20931,12,0,12,0.004620811901986599,0
molecola_20931,13,0,13,0.0015338171506300569,0
molecola_20931,14,0,14,0.001389863551594317,0
molecola_20931,15,0,15,0.0031724809668958187,0
molecola_20931,16,0,16,0.01800796575844288,0
molecola_20931,17,0,17,0.004615093115717173,0
molecola_20931,18,0,18,0.0010502272052690387,0
molecola_20931,19,0,19,0.0017704294295981526,0
molecola_20931,20,0,20,0.0015245381509885192,0
molecola_20931,21,0,21,0.0019708448089659214,0
molecola_20931,22,0,22,0.04051148146390915,0
molecola_20931,23,0,23,0.015443549491465092,0
molecola_20931,24,0,24,0.04051148146390915,0
molecola_20931,25,0,25,0.0019708448089659214,0
molecola_20931,26,0,26,0.008589147590100765,0
molecola_20931,27,0,27,0.00609235092997551,0
molecola_20931,28,0,28,0.019141433760523796,0
molecola_20931,29,0,29,0.011027748696506023,0
molecola_20931,30,0,30,0.0014978781109675765,0
molecola_20995,1,0,1,0.0013967626728117466,0
molecola_20995,2,0,2,0.0018521114252507687,0
molecola_20995,3,0,3,0.0008413770119659603,0
molecola_20995,4,0,4,0.015791548416018486,0
molecola_20995,5,0,5,0.013654830865561962,0
molecola_20995,6,0,6,0.11589164286851883,0
molecola_20995,7,0,7,0.11925569921731949,0
molecola_20995,8,0,8,0.05989198759198189,0
molecola_20995,9,0,9,0.0015569370007142425,0
molecola_20995,10,0,10,0.0008384010870940983,0
molecola_20995,11,0,11,0.001169567578472197,0
molecola_20995,12,0,12,0.0009568991372361779,0
molecola_20995,13,0,13,0.6364262700080872,1
molecola_20995,14,0,14,0.0012263241223990917,0
molecola_20995,15,0,15,0.0011541267158463597,0
molecola_20995,16,0,16,0.0013035477604717016,0
molecola_20995,17,0,17,0.0042447904124855995,0
molecola_20995,18,0,18,0.01442928146570921,0
molecola_20995,19,0,19,0.0042447904124855995,0
molecola_20995,20,0,20,0.0013035477604717016,0
molecola_20995,21,1,21,0.9938303828239441,1
molecola_20995,22,1,22,0.9677737951278687,1
molecola_20995,23,1,23,0.9677737951278687,1
molecola_21033,1,0,1,0.001899265218526125,0
molecola_21033,2,0,2,0.0028703981079161167,0
molecola_21033,3,0,3,0.0029987762682139874,0
molecola_21033,4,0,4,0.0016044046496972442,0
molecola_21033,5,0,5,0.0016250862972810864,0
molecola_21033,6,0,6,0.0016044046496972442,0
molecola_21033,7,0,7,0.0029987762682139874,0
molecola_21033,8,0,8,0.0015980014577507973,0
molecola_21033,9,0,9,0.0012815428199246526,0
molecola_21033,10,0,10,0.007684159558266401,0
molecola_21033,11,0,11,0.034057967364788055,0
molecola_21033,12,0,12,0.08568844944238663,0
molecola_21033,13,0,13,0.8385990858078003,1
molecola_21033,14,0,14,0.3156924247741699,0
molecola_21033,15,1,15,0.9687086343765259,1
molecola_21033,16,0,16,0.4961375296115875,0
molecola_21033,17,1,17,0.974855363368988,1
molecola_21033,18,0,18,0.13740383088588715,0
molecola_21192,1,1,1,0.9894692897796631,1
molecola_21192,2,0,2,0.05471719801425934,0
molecola_21192,3,0,3,0.6491115093231201,1
molecola_21192,4,0,4,0.05072586610913277,0
molecola_21192,5,0,5,0.035532571375370026,0
molecola_21192,6,0,6,0.010512124747037888,0
molecola_21192,7,0,7,0.015864618122577667,0
molecola_21192,8,0,8,0.003703834256157279,0
molecola_21192,9,0,9,0.013373865745961666,0
molecola_21192,10,0,10,0.03571127727627754,0
molecola_21192,11,0,11,0.17772412300109863,0
molecola_21192,12,0,12,0.0766473114490509,0
molecola_21192,13,0,13,0.012539174407720566,0
molecola_21192,14,0,14,0.0766473114490509,0
molecola_21192,15,0,15,0.17772412300109863,0
molecola_21192,16,0,16,0.0015128087252378464,0
molecola_21192,17,0,17,0.001660036388784647,0
molecola_21192,18,0,18,0.0014074931386858225,0
molecola_21192,19,0,19,0.014932109974324703,0
molecola_21192,20,0,20,0.06987417489290237,0
molecola_21192,21,0,21,0.014932109974324703,0
molecola_21192,22,0,22,0.0014074931386858225,0
molecola_21192,23,0,23,0.001660036388784647,0
molecola_21192,24,0,24,0.0014074931386858225,0
molecola_21192,25,0,25,0.014932109974324703,0
molecola_21192,26,0,26,0.06987417489290237,0
molecola_21192,27,0,27,0.014932109974324703,0
molecola_21192,28,0,28,0.0014074931386858225,0
molecola_21192,29,0,29,0.07507111877202988,0
molecola_21192,30,0,30,0.12506480515003204,0
molecola_21192,31,0,31,0.003198588965460658,0
molecola_21192,32,0,32,0.023440958932042122,0
molecola_21192,33,0,33,0.40221408009529114,0
molecola_21357,1,0,1,0.9706032276153564,1
molecola_21357,2,0,2,0.9744580984115601,1
molecola_21357,3,0,3,0.0032248946372419596,0
molecola_21357,4,0,4,0.007109086029231548,0
molecola_21357,5,0,5,0.0014507274609059095,0
molecola_21357,6,0,6,0.003918263129889965,0
molecola_21357,7,0,7,0.004818685352802277,0
molecola_21357,8,0,8,0.0034742068964987993,0
molecola_21357,9,0,9,0.003990494180470705,0
molecola_21357,10,0,10,0.001454510842449963,0
molecola_21357,11,0,11,0.009539888240396976,0
molecola_21357,12,0,12,0.007534487172961235,0
molecola_21357,13,0,13,0.0024227292742580175,0
molecola_21357,14,0,14,0.0021996265277266502,0
molecola_21357,15,0,15,0.0011541432468220592,0
molecola_21357,16,0,16,0.0024227292742580175,0
molecola_21357,17,0,17,0.007534487172961235,0
molecola_21357,18,0,18,0.004039602819830179,0
molecola_21357,19,0,19,0.004733758047223091,0
molecola_21357,20,1,20,0.6636281609535217,1
molecola_21357,21,0,21,0.05678771808743477,0
molecola_21357,22,1,22,0.9899919629096985,1
molecola_21357,23,1,23,0.6636281609535217,1
molecola_21357,24,0,24,0.004733758047223091,0
molecola_21357,25,0,25,0.003018686780706048,0
molecola_21357,26,0,26,0.0030592214316129684,0
molecola_21357,27,0,27,0.003902323776856065,0
molecola_21357,28,0,28,0.0032563707791268826,0
molecola_21357,29,0,29,0.0011497539235278964,0
molecola_21357,30,0,30,0.003902323776856065,0
molecola_21357,31,0,31,0.0030592214316129684,0
molecola_21613,1,0,1,0.08474528044462204,0
molecola_21613,2,0,2,0.02712380699813366,0
molecola_21613,3,0,3,0.044244129210710526,0
molecola_21613,4,0,4,0.016632946208119392,0
molecola_21613,5,1,5,0.8678508400917053,1
molecola_21613,6,0,6,0.001462550018914044,0
molecola_21613,7,0,7,0.00837862677872181,0
molecola_21613,8,0,8,0.00932978093624115,0
molecola_21613,9,0,9,0.007861759513616562,0
molecola_21613,10,0,10,0.0023639167193323374,0
molecola_21613,11,0,11,0.001192698604427278,0
molecola_21613,12,0,12,0.0023639167193323374,0
molecola_21613,13,0,13,0.007861759513616562,0
molecola_21613,14,0,14,0.0012475531548261642,0
molecola_21613,15,0,15,0.0007211729534901679,0
molecola_21613,16,0,16,0.0007211729534901679,0
molecola_21613,17,0,17,0.0007211729534901679,0
molecola_21654,1,0,1,0.0016552702290937304,0
molecola_21654,2,0,2,0.0035492898896336555,0
molecola_21654,3,0,3,0.002289077267050743,0
molecola_21654,4,0,4,0.009595516137778759,0
molecola_21654,5,1,5,0.9760855436325073,1
molecola_21654,6,1,6,0.9727674126625061,1
molecola_21654,7,0,7,0.009108023717999458,0
molecola_21654,8,0,8,0.008099321275949478,0
molecola_21654,9,0,9,0.7669935822486877,1
molecola_21654,10,0,10,0.001513966592028737,0
molecola_21654,11,0,11,0.008928081020712852,0
molecola_21654,12,0,12,0.008688269183039665,0
molecola_21654,13,0,13,0.0996243879199028,0
molecola_21654,14,0,14,0.039066098630428314,0
molecola_21654,15,0,15,0.0588783323764801,0
molecola_21654,16,0,16,0.029831262305378914,0
molecola_21654,17,0,17,0.025951359421014786,0
molecola_21654,18,0,18,0.008569727651774883,0
molecola_21654,19,0,19,0.0070447735488414764,0
molecola_21654,20,0,20,0.009079252369701862,0
molecola_21654,21,0,21,0.012180695310235023,0
molecola_21654,22,0,22,0.009785247966647148,0
molecola_21654,23,0,23,0.009191709570586681,0
molecola_21654,24,0,24,0.009785247966647148,0
molecola_21654,25,0,25,0.012180695310235023,0
molecola_21654,26,0,26,0.009878745302557945,0
molecola_21692,1,0,1,0.9717246294021606,1
molecola_21692,2,0,2,0.9591575860977173,1
molecola_21692,3,0,3,0.13922806084156036,0
molecola_21692,4,0,4,0.0017131925560534,0
molecola_21692,5,0,5,0.0060518402606248856,0
molecola_21692,6,0,6,0.015282849781215191,0
molecola_21692,7,0,7,0.001996322302147746,0
molecola_21692,8,0,8,0.001996322302147746,0
molecola_21692,9,0,9,0.0012447135522961617,0
molecola_21692,10,0,10,0.0009170015109702945,0
molecola_21692,11,0,11,0.0017648879438638687,0
molecola_21692,12,0,12,0.002180671552196145,0
molecola_21692,13,0,13,0.015077506192028522,0
molecola_21692,14,0,14,0.03700321167707443,0
molecola_21692,15,0,15,0.04545492306351662,0
molecola_21692,16,0,16,0.011433721520006657,0
molecola_21692,17,0,17,0.0028243460692465305,0
molecola_21692,18,0,18,0.002647814806550741,0
molecola_21692,19,0,19,0.005955225322395563,0
molecola_21692,20,0,20,0.007303642574697733,0
molecola_21692,21,0,21,0.0032823870424181223,0
molecola_21692,22,0,22,0.0011992822401225567,0
molecola_21692,23,0,23,0.0009991127299144864,0
molecola_21692,24,0,24,0.0007633232162334025,0
molecola_21692,25,0,25,0.0008001919486559927,0
molecola_21692,26,1,26,0.9938896894454956,1
molecola_21692,27,0,27,0.9682753682136536,1
molecola_21692,28,1,28,0.9682753682136536,1
molecola_21734,1,0,1,0.006677933037281036,0
molecola_21734,2,0,2,0.0029112149495631456,0
molecola_21734,3,0,3,0.0011053065536543727,0
molecola_21734,4,0,4,0.0035816209856420755,0
molecola_21734,5,0,5,0.0033204657956957817,0
molecola_21734,6,0,6,0.0009508944349363446,0
molecola_21734,7,0,7,0.006421454716473818,0
molecola_21734,8,0,8,0.005309804808348417,0
molecola_21734,9,0,9,0.0026519959792494774,0
molecola_21734,10,0,10,0.0010051194112747908,0
molecola_21734,11,0,11,0.0053373947739601135,0
molecola_21734,12,0,12,0.004716387949883938,0
molecola_21734,13,0,13,0.7047741413116455,1
molecola_21734,14,0,14,0.0552305169403553,0
molecola_21734,15,1,15,0.9899919629096985,1
molecola_21734,16,0,16,0.7047741413116455,1
molecola_21734,17,0,17,0.004716387949883938,0
molecola_2182,1,1,1,0.9868473410606384,1
molecola_2182,2,0,2,0.17890134453773499,0
molecola_2182,3,0,3,0.3896764814853668,0
molecola_2182,4,0,4,0.016182558611035347,0
molecola_2182,5,0,5,0.0027252365835011005,0
molecola_2182,6,0,6,0.004384240601211786,0
molecola_2182,7,0,7,0.0022671602200716734,0
molecola_2182,8,0,8,0.001051307306624949,0
molecola_2182,9,0,9,0.002628423273563385,0
molecola_2182,10,0,10,0.0016346470220014453,0
molecola_2182,11,0,11,0.0010686538880690932,0
molecola_2182,12,0,12,0.0013275336241349578,0
molecola_2182,13,0,13,0.006765465252101421,0
molecola_2182,14,0,14,0.029508501291275024,0
molecola_2182,15,0,15,0.029508501291275024,0
molecola_2182,16,0,16,0.002121924888342619,0
molecola_2182,17,0,17,0.25873151421546936,0
molecola_2182,18,0,18,0.12113320082426071,0
molecola_2182,19,0,19,0.0014062055852264166,0
molecola_2182,20,0,20,0.0006741564720869064,0
molecola_2182,21,0,21,0.0006741564720869064,0
molecola_2182,22,0,22,0.0006741564720869064,0
molecola_21842,1,0,1,0.000991249457001686,0
molecola_21842,2,0,2,0.0009094497072510421,0
molecola_21842,3,0,3,0.000991249457001686,0
molecola_21842,4,0,4,0.002666549989953637,0
molecola_21842,5,0,5,0.011176981963217258,0
molecola_21842,6,0,6,0.045637670904397964,0
molecola_21842,7,0,7,0.11853974312543869,0
molecola_21842,8,0,8,0.008087871596217155,0
molecola_21842,9,0,9,0.009983547031879425,0
molecola_21842,10,0,10,0.15480902791023254,0
molecola_21842,11,0,11,0.41291937232017517,0
molecola_21842,12,0,12,0.5663678050041199,1
molecola_21842,13,0,13,0.11445104330778122,0
molecola_21842,14,0,14,0.010098357684910297,0
molecola_21842,15,0,15,0.013012073002755642,0
molecola_21842,16,0,16,0.08891080319881439,0
molecola_21842,17,0,17,0.2027565985918045,0
molecola_21842,18,0,18,0.1348794549703598,0
molecola_21842,19,0,19,0.2907264232635498,0
molecola_21842,20,0,20,0.20378783345222473,0
molecola_21842,21,0,21,0.19661588966846466,0
molecola_21842,22,1,22,0.9891312122344971,1
molecola_21842,23,0,23,0.4499055743217468,0
molecola_21842,24,0,24,0.06523772329092026,0
molecola_21842,25,0,25,0.06550542265176773,0
molecola_21874,1,1,1,0.9802550673484802,1
molecola_21874,2,0,2,0.14981059730052948,0
molecola_21874,3,0,3,0.2592295706272125,0
molecola_21874,4,0,4,0.39753472805023193,0
molecola_21874,5,0,5,0.4026288092136383,0
molecola_21874,6,0,6,0.3123030662536621,0
molecola_21874,7,0,7,0.019048592075705528,0
molecola_21874,8,0,8,0.0011009648442268372,0
molecola_21874,9,0,9,0.000709713960532099,0
molecola_21874,10,0,10,0.0011009648442268372,0
molecola_21874,11,0,11,0.000709713960532099,0
molecola_21874,12,0,12,0.019048599526286125,0
molecola_21874,13,0,13,0.31032007932662964,0
molecola_21874,14,0,14,0.33291566371917725,0
molecola_21874,15,0,15,0.21832695603370667,0
molecola_21874,16,0,16,0.05708230286836624,0
molecola_21874,17,0,17,0.0720900222659111,0
molecola_21874,18,0,18,0.008445590734481812,0
molecola_22139,1,0,1,0.0032440372742712498,0
molecola_22139,2,0,2,0.004298381973057985,0
molecola_22139,3,0,3,0.026687122881412506,0
molecola_22139,4,0,4,0.05639112368226051,0
molecola_22139,5,0,5,0.060821160674095154,0
molecola_22139,6,0,6,0.012398320250213146,0
molecola_22139,7,0,7,0.013261108659207821,0
molecola_22139,8,0,8,0.22069206833839417,0
molecola_22139,9,0,9,0.07490226626396179,0
molecola_22139,10,1,10,0.9831833839416504,1
molecola_22139,11,0,11,0.00614504236727953,0
molecola_22139,12,0,12,0.00869074184447527,0
molecola_22139,13,0,13,0.003100999630987644,0
molecola_22139,14,0,14,0.003100999630987644,0
molecola_22139,15,0,15,0.0018832458881661296,0
molecola_22139,16,0,16,0.0011024000123143196,0
molecola_22139,17,0,17,0.0098611731082201,0
molecola_22139,18,0,18,0.003043310483917594,0
molecola_22139,19,0,19,0.10894902795553207,0
molecola_22139,20,0,20,0.2931436002254486,0
molecola_22139,21,0,21,0.5900669097900391,1
molecola_22139,22,0,22,0.2887633740901947,0
molecola_22139,23,0,23,0.15479899942874908,0
molecola_22142,1,1,1,0.9677737951278687,1
molecola_22142,2,1,2,0.9938390851020813,1
molecola_22142,3,1,3,0.9677737951278687,1
molecola_22142,4,0,4,0.0121762715280056,0
molecola_22142,5,0,5,0.013428336940705776,0
molecola_22142,6,0,6,0.029426658526062965,0
molecola_22142,7,0,7,0.033635832369327545,0
molecola_22142,8,0,8,0.033053722232580185,0
molecola_22142,9,0,9,0.017947273328900337,0
molecola_22142,10,0,10,0.02807113155722618,0
molecola_22142,11,0,11,0.013303541578352451,0
molecola_22142,12,0,12,0.006960749626159668,0
molecola_22142,13,0,13,0.007054169662296772,0
molecola_22142,14,0,14,0.0010523474775254726,0
molecola_22142,15,0,15,0.0011486493749544024,0
molecola_22142,16,0,16,0.0007461085915565491,0
molecola_22142,17,0,17,0.0008755794260650873,0
molecola_22142,18,0,18,0.0011486493749544024,0
molecola_22142,19,0,19,0.0007461089408025146,0
molecola_22142,20,0,20,0.00105234794318676,0
molecola_22278,1,0,1,0.10882525891065598,0
molecola_22278,2,0,2,0.0583876371383667,0
molecola_22278,3,0,3,0.07573448866605759,0
molecola_22278,4,0,4,0.16882219910621643,0
molecola_22278,5,0,5,0.4122801423072815,0
molecola_22278,6,1,6,0.7493458986282349,1
molecola_22278,7,0,7,0.18577538430690765,0
molecola_22278,8,0,8,0.23684461414813995,0
molecola_22278,9,0,9,0.2892110347747803,0
molecola_22278,10,0,10,0.45092111825942993,0
molecola_22278,11,0,11,0.721505880355835,1
molecola_22278,12,1,12,0.9115646481513977,1
molecola_22278,13,0,13,0.14209473133087158,0
molecola_22278,14,0,14,0.0838998407125473,0
molecola_22278,15,0,15,0.07059086859226227,0
molecola_22278,16,0,16,0.042462341487407684,0
molecola_22278,17,0,17,0.04887929931282997,0
molecola_22685,1,0,1,0.0015649072593078017,0
molecola_22685,2,0,2,0.013390007428824902,0
molecola_22685,3,0,3,0.021771958097815514,0
molecola_22685,4,0,4,0.09832245111465454,0
molecola_22685,5,0,5,0.011047663167119026,0
molecola_22685,6,0,6,0.07002340257167816,0
molecola_22685,7,0,7,0.07509452104568481,0
molecola_22685,8,0,8,0.02729516290128231,0
molecola_22685,9,0,9,0.003818313591182232,0
molecola_22685,10,0,10,0.0036432561464607716,0
molecola_22685,11,0,11,0.0009313870687037706,0
molecola_22685,12,0,12,0.0018313245382159948,0
molecola_22685,13,0,13,0.0016468365211039782,0
molecola_22685,14,0,14,0.02207309938967228,0
molecola_22685,15,0,15,0.06293752789497375,0
molecola_22685,16,0,16,0.02207309938967228,0
molecola_22685,17,0,17,0.0016468365211039782,0
molecola_22685,18,0,18,0.038993507623672485,0
molecola_22685,19,1,19,0.06172622740268707,0
molecola_22685,20,1,20,0.10350143164396286,0
molecola_22685,21,1,21,0.6511632204055786,1
molecola_22685,22,1,22,0.9749287962913513,1
molecola_22685,23,1,23,0.975330650806427,1
molecola_22685,24,1,24,0.7313793897628784,1
molecola_22701,1,1,1,0.9679834246635437,1
molecola_22701,2,1,2,0.9939576387405396,1
molecola_22701,3,1,3,0.9679834246635437,1
molecola_22701,4,0,4,0.06607852131128311,0
molecola_22701,5,0,5,0.028901906684041023,0
molecola_22701,6,0,6,0.028020620346069336,0
molecola_22701,7,0,7,0.10646865516901016,0
molecola_22701,8,0,8,0.12858347594738007,0
molecola_22701,9,0,9,0.05640434846282005,0
molecola_22701,10,0,10,0.01316777989268303,0
molecola_22701,11,0,11,0.03338875621557236,0
molecola_22701,12,0,12,0.03742101788520813,0
molecola_22701,13,0,13,0.0021340714301913977,0
molecola_22701,14,0,14,0.05137421935796738,0
molecola_22701,15,0,15,0.038849394768476486,0
molecola_22701,16,0,16,0.03160284087061882,0
molecola_22701,17,0,17,0.03160284087061882,0
molecola_22701,18,0,18,0.0015488311182707548,0
molecola_22701,19,0,19,0.0006985954823903739,0
molecola_22701,20,0,20,0.0010997761273756623,0
molecola_22709,1,0,1,0.2204330563545227,0
molecola_22709,2,0,2,0.23975934088230133,0
molecola_22709,3,0,3,0.36366531252861023,0
molecola_22709,4,0,4,0.7939682006835938,1
molecola_22709,5,0,5,0.006754743400961161,0
molecola_22709,6,0,6,0.009008773602545261,0
molecola_22709,7,0,7,0.015180912800133228,0
molecola_22709,8,0,8,0.0037335255183279514,0
molecola_22709,9,0,9,0.0018786560976877809,0
molecola_22709,10,0,10,0.0011249433737248182,0
molecola_22709,11,0,11,0.0026151288766413927,0
molecola_22709,12,0,12,0.03109351359307766,0
molecola_22709,13,0,13,0.002970307832583785,0
molecola_22709,14,0,14,0.0016829714877530932,0
molecola_22709,15,0,15,0.014989676885306835,0
molecola_22709,16,0,16,0.0007874663569964468,0
molecola_22709,17,0,17,0.0011075262445956469,0
molecola_22709,18,0,18,0.0007997238426469266,0
molecola_22709,19,0,19,0.003623511642217636,0
molecola_22709,20,0,20,0.0009639202035032213,0
molecola_22709,21,0,21,0.00838157907128334,0
molecola_22709,22,0,22,0.10018444806337357,0
molecola_22709,23,0,23,0.0810985118150711,0
molecola_22709,24,0,24,0.001331806997768581,0
molecola_22709,25,0,25,0.000727132719475776,0
molecola_22709,26,1,26,0.9745997190475464,1
molecola_22709,27,0,27,0.9026516675949097,1
molecola_22709,28,1,28,0.9026516675949097,1
molecola_22847,1,1,1,0.8960173726081848,1
molecola_22847,2,1,2,0.897617518901825,1
molecola_22847,3,0,3,0.8960173726081848,1
molecola_22847,4,1,4,0.8981198072433472,1
molecola_22847,5,1,5,0.8537191152572632,1
molecola_22847,6,0,6,0.03910800814628601,0
molecola_22847,7,0,7,0.04083174467086792,0
molecola_22847,8,0,8,0.012662099674344063,0
molecola_22847,9,0,9,0.04083174467086792,0
molecola_22847,10,0,10,0.03910800814628601,0
molecola_22847,11,0,11,0.026218194514513016,0
molecola_22847,12,0,12,0.017581749707460403,0
molecola_22847,13,0,13,0.013014014810323715,0
molecola_22847,14,0,14,0.03205287083983421,0
molecola_22847,15,0,15,0.015250748954713345,0
molecola_22847,16,0,16,0.07246221601963043,0
molecola_22847,17,0,17,0.10463477671146393,0
molecola_22847,18,0,18,0.10284073650836945,0
molecola_22847,19,0,19,0.0643945261836052,0
molecola_22847,20,0,20,0.016318000853061676,0
molecola_22847,21,1,21,0.9690552353858948,1
molecola_22847,22,0,22,0.8882550597190857,1
molecola_22847,23,1,23,0.8882550597190857,1
molecola_22925,1,0,1,0.0014079395914450288,0
molecola_22925,2,0,2,0.011093995533883572,0
molecola_22925,3,0,3,0.0014079395914450288,0
molecola_22925,4,0,4,0.0009563217172399163,0
molecola_22925,5,0,5,0.0016986536793410778,0
molecola_22925,6,0,6,0.0031159205827862024,0
molecola_22925,7,0,7,0.003414798527956009,0
molecola_22925,8,0,8,0.0009915970731526613,0
molecola_22925,9,0,9,0.004437806084752083,0
molecola_22925,10,0,10,0.05172097682952881,0
molecola_22925,11,0,11,0.19291967153549194,0
molecola_22925,12,0,12,0.43464547395706177,0
molecola_22925,13,0,13,0.003676045686006546,0
molecola_22925,14,0,14,0.004015307407826185,0
molecola_22925,15,0,15,0.0031245173886418343,0
molecola_22925,16,0,16,0.0014799379277974367,0
molecola_22925,17,0,17,0.007399066351354122,0
molecola_22925,18,0,18,0.0030575115233659744,0
molecola_22925,19,0,19,0.0014817584306001663,0
molecola_22925,20,0,20,0.029110129922628403,0
molecola_22925,21,0,21,0.4120449125766754,0
molecola_22925,22,0,22,0.0542508028447628,0
molecola_22925,23,1,23,0.9894692897796631,1
molecola_22925,24,0,24,0.6495842337608337,1
molecola_22925,25,0,25,0.07054886966943741,0
molecola_22925,26,0,26,0.009103045798838139,0
molecola_22925,27,0,27,0.0032943477854132652,0
molecola_22925,28,0,28,0.0020903313998132944,0
molecola_23166,1,1,1,0.9899919629096985,1
molecola_23166,2,0,2,0.05298363044857979,0
molecola_23166,3,0,3,0.7184675931930542,1
molecola_23166,4,0,4,0.01043867040425539,0
molecola_23166,5,0,5,0.005475887097418308,0
molecola_23166,6,0,6,0.001128587988205254,0
molecola_23166,7,0,7,0.0013101801741868258,0
molecola_23166,8,0,8,0.004569756332784891,0
molecola_23166,9,0,9,0.022396201267838478,0
molecola_23166,10,0,10,0.002332153031602502,0
molecola_23166,11,0,11,0.004106659442186356,0
molecola_23166,12,0,12,0.002332153031602502,0
molecola_23166,13,0,13,0.022396201267838478,0
molecola_23166,14,0,14,0.002036604331806302,0
molecola_23166,15,0,15,0.003512686351314187,0
molecola_23166,16,0,16,0.00154684588778764,0
molecola_23166,17,0,17,0.0009249314316548407,0
molecola_23166,18,0,18,0.002927441382780671,0
molecola_23166,19,0,19,0.01043867040425539,0
molecola_23166,20,0,20,0.7184675931930542,1
molecola_23270,1,0,1,0.0010531748412176967,0
molecola_23270,2,0,2,0.0010592392645776272,0
molecola_23270,3,0,3,0.0021589561365544796,0
molecola_23270,4,0,4,0.01921123079955578,0
molecola_23270,5,0,5,0.009546978399157524,0
molecola_23270,6,0,6,0.03699316084384918,0
molecola_23270,7,0,7,0.16460739076137543,0
molecola_23270,8,0,8,0.0009512854157947004,0
molecola_23270,9,0,9,0.0011280946200713515,0
molecola_23270,10,0,10,0.00820093508809805,0
molecola_23270,11,0,11,0.0021386996377259493,0
molecola_23270,12,0,12,0.0016155028715729713,0
molecola_23270,13,1,13,0.9759846925735474,1
molecola_23270,14,1,14,0.9728000164031982,1
molecola_23270,15,0,15,0.000818140571936965,0
molecola_23270,16,0,16,0.0010260541457682848,0
molecola_23298,1,1,1,0.9245319962501526,1
molecola_23298,2,1,2,0.9872874021530151,1
molecola_23298,3,0,3,0.9245319962501526,1
molecola_23298,4,0,4,0.03881476819515228,0
molecola_23298,5,0,5,0.008909367024898529,0
molecola_23298,6,0,6,0.006159977056086063,0
molecola_23298,7,0,7,0.004574014339596033,0
molecola_23298,8,0,8,0.0036767078563570976,0
molecola_23298,9,0,9,0.003923496231436729,0
molecola_23298,10,0,10,0.0036767078563570976,0
molecola_23298,11,0,11,0.004574014339596033,0
molecola_23298,12,0,12,0.017647191882133484,0
molecola_23298,13,0,13,0.017647191882133484,0
molecola_23337,1,0,1,0.08099336922168732,0
molecola_23337,2,0,2,0.04717337340116501,0
molecola_23337,3,0,3,0.047180064022541046,0
molecola_23337,4,0,4,0.05872447416186333,0
molecola_23337,5,0,5,0.05046127364039421,0
molecola_23337,6,0,6,0.0041778613813221455,0
molecola_23337,7,0,7,0.009306218475103378,0
molecola_23337,8,0,8,0.0013365910854190588,0
molecola_23337,9,0,9,0.8530282378196716,1
molecola_23337,10,0,10,0.855946958065033,1
molecola_23337,11,0,11,0.18824999034404755,0
molecola_23337,12,1,12,0.8813557028770447,1
molecola_23337,13,1,13,0.9571289420127869,1
molecola_23337,14,1,14,0.9392254948616028,1
molecola_23337,15,1,15,0.9292269945144653,1
molecola_23337,16,1,16,0.8771445751190186,1
molecola_23337,17,1,17,0.671846866607666,1
molecola_23337,18,0,18,0.006655097473412752,0
molecola_23337,19,0,19,0.002083816332742572,0
molecola_23337,20,0,20,0.0010836832225322723,0
molecola_23337,21,0,21,0.0010606094729155302,0
molecola_23337,22,0,22,0.004560105502605438,0
molecola_23337,23,0,23,0.001264371327124536,0
molecola_23337,24,0,24,0.0016231440240517259,0
molecola_23398,1,0,1,0.0014740398619323969,0
molecola_23398,2,0,2,0.005800108890980482,0
molecola_23398,3,0,3,0.0012151390546932817,0
molecola_23398,4,0,4,0.0017607781337574124,0
molecola_23398,5,0,5,0.0017607781337574124,0
molecola_23398,6,0,6,0.004999406635761261,0
molecola_23398,7,0,7,0.0047273482196033,0
molecola_23398,8,0,8,0.0021807244047522545,0
molecola_23398,9,0,9,0.0009891376830637455,0
molecola_23398,10,0,10,0.02652483619749546,0
molecola_23398,11,0,11,0.052828527987003326,0
molecola_23398,12,0,12,0.05952221900224686,0
molecola_23398,13,0,13,0.011697832494974136,0
molecola_23398,14,0,14,0.045572977513074875,0
molecola_23398,15,0,15,0.008805043064057827,0
molecola_23398,16,0,16,0.325227826833725,0
molecola_23398,17,0,17,0.07884025573730469,0
molecola_23398,18,1,18,0.9889259934425354,1
molecola_23398,19,0,19,0.325227826833725,0
molecola_23398,20,0,20,0.04557295888662338,0
molecola_23398,21,0,21,0.008805043064057827,0
molecola_23398,22,0,22,0.06875504553318024,0
molecola_23398,23,0,23,0.1262388974428177,0
molecola_23508,1,0,1,0.0771433413028717,0
molecola_23508,2,0,2,0.038932863622903824,0
molecola_23508,3,0,3,0.01849224604666233,0
molecola_23508,4,0,4,0.061278335750103,0
molecola_23508,5,0,5,0.13067567348480225,0
molecola_23508,6,0,6,0.23766955733299255,0
molecola_23508,7,0,7,0.6626380681991577,1
molecola_23508,8,1,8,0.804241418838501,1
molecola_23508,9,0,9,0.05388043448328972,0
molecola_23508,10,0,10,0.022547373548150063,0
molecola_23508,11,0,11,0.10225696116685867,0
molecola_23508,12,0,12,0.06627991050481796,0
molecola_23508,13,0,13,0.006455631460994482,0
molecola_23508,14,0,14,0.0009787289891391993,0
molecola_23508,15,0,15,0.0014705444918945432,0
molecola_23508,16,0,16,0.0010435644071549177,0
molecola_23508,17,0,17,0.015780510380864143,0
molecola_23508,18,1,18,0.9714205861091614,1
molecola_23508,19,1,19,0.9741069674491882,1
molecola_23604,1,0,1,0.04617837071418762,0
molecola_23604,2,0,2,0.00446311803534627,0
molecola_23604,3,0,3,0.006533604580909014,0
molecola_23604,4,0,4,0.058386825025081635,0
molecola_23604,5,0,5,0.0231433417648077,0
molecola_23604,6,0,6,0.005954745691269636,0
molecola_23604,7,0,7,0.08169437199831009,0
molecola_23604,8,0,8,0.0031886673532426357,0
molecola_23604,9,0,9,0.2327316701412201,0
molecola_23604,10,0,10,0.00861597154289484,0
molecola_23604,11,1,11,0.9710357785224915,1
molecola_23604,12,1,12,0.9516772627830505,1
molecola_23604,13,0,13,0.3326398432254791,0
molecola_23604,14,0,14,0.06000647693872452,0
molecola_23604,15,0,15,0.009565888904035091,0
molecola_23604,16,0,16,0.009565888904035091,0
molecola_23687,1,0,1,0.003976326435804367,0
molecola_23687,2,0,2,0.005941133946180344,0
molecola_23687,3,0,3,0.009507454000413418,0
molecola_23687,4,1,4,0.853485643863678,1
molecola_23687,5,0,5,0.04335353523492813,0
molecola_23687,6,0,6,0.059410858899354935,0
molecola_23687,7,0,7,0.2229582816362381,0
molecola_23687,8,0,8,0.12481163442134857,0
molecola_23687,9,0,9,0.07932597398757935,0
molecola_23687,10,0,10,0.012971869669854641,0
molecola_23687,11,0,11,0.005946611054241657,0
molecola_23687,12,0,12,0.016756562516093254,0
molecola_23687,13,0,13,0.07315243780612946,0
molecola_23687,14,1,14,0.056918829679489136,0
molecola_23687,15,1,15,0.07937156409025192,0
molecola_23687,16,1,16,0.056918829679489136,0
molecola_23687,17,0,17,0.07315243780612946,0
molecola_23781,1,0,1,0.06386347115039825,0
molecola_23781,2,0,2,0.0069047012366354465,0
molecola_23781,3,0,3,0.002079562982544303,0
molecola_23781,4,0,4,0.0023006596602499485,0
molecola_23781,5,0,5,0.00372707680799067,0
molecola_23781,6,0,6,0.024305300787091255,0
molecola_23781,7,0,7,0.03631587326526642,0
molecola_23781,8,0,8,0.0135386623442173,0
molecola_23781,9,0,9,0.00885576382279396,0
molecola_23781,10,0,10,0.019005168229341507,0
molecola_23781,11,0,11,0.03828917816281319,0
molecola_23781,12,0,12,0.0259849913418293,0
molecola_23781,13,0,13,0.1172429621219635,0
molecola_23781,14,0,14,0.07846122980117798,0
molecola_23781,15,0,15,0.05287276580929756,0
molecola_23781,16,0,16,0.04371290281414986,0
molecola_23781,17,0,17,0.09422215074300766,0
molecola_23781,18,0,18,0.10696084797382355,0
molecola_23781,19,0,19,0.16475224494934082,0
molecola_23781,20,0,20,0.18194632232189178,0
molecola_23781,21,0,21,0.03143366053700447,0
molecola_23781,22,0,22,0.07923202961683273,0
molecola_23781,23,0,23,0.0017591286450624466,0
molecola_23781,24,0,24,0.0007846828084439039,0
molecola_23781,25,0,25,0.0012925565242767334,0
molecola_23781,26,0,26,0.0007736631669104099,0
molecola_23781,27,0,27,0.0008125032763928175,0
molecola_23781,28,0,28,0.0007182155968621373,0
molecola_23781,29,0,29,0.0010349241783842444,0
molecola_23781,30,0,30,0.14873956143856049,0
molecola_23781,31,1,31,0.8016142845153809,1
molecola_23781,32,1,32,0.6147345900535583,1
molecola_23781,33,1,33,0.9830636382102966,1
molecola_23781,34,0,34,0.9062236547470093,1
molecola_23781,35,1,35,0.9062236547470093,1
molecola_23781,36,0,36,0.0008125032763928175,0
molecola_23781,37,0,37,0.0007182155968621373,0
molecola_23781,38,0,38,0.0007736631669104099,0
molecola_23781,39,0,39,0.052483197301626205,0
molecola_23822,1,0,1,0.06352846324443817,0
molecola_23822,2,0,2,0.004738518502563238,0
molecola_23822,3,0,3,0.0016511784633621573,0
molecola_23822,4,0,4,0.000739574315957725,0
molecola_23822,5,0,5,0.0022132948506623507,0
molecola_23822,6,0,6,0.02504173293709755,0
molecola_23822,7,0,7,0.010990939103066921,0
molecola_23822,8,0,8,0.9187849164009094,1
molecola_23822,9,0,9,0.0439445860683918,0
molecola_23822,10,0,10,0.03984268009662628,0
molecola_23822,11,0,11,0.0439445786178112,0
molecola_23822,12,0,12,0.010990939103066921,0
molecola_23822,13,0,13,0.9187849164009094,1
molecola_23822,14,0,14,0.033068377524614334,0
molecola_23822,15,0,15,0.003273057285696268,0
molecola_23822,16,0,16,0.002501280279830098,0
molecola_23822,17,0,17,0.0022110140416771173,0
molecola_23822,18,0,18,0.007193525787442923,0
molecola_23822,19,0,19,0.022259695455431938,0
molecola_23822,20,0,20,0.6856906414031982,1
molecola_23822,21,0,21,0.057023826986551285,0
molecola_23822,22,1,22,0.9894692897796631,1
molecola_23822,23,0,23,0.4415617287158966,0
molecola_23822,24,0,24,0.07334943860769272,0
molecola_23822,25,0,25,0.03890115022659302,0
molecola_23822,26,0,26,0.008346605114638805,0
molecola_23822,27,0,27,0.10035634785890579,0
molecola_23822,28,0,28,0.02375892922282219,0
molecola_23822,29,0,29,0.02142459712922573,0
molecola_23822,30,0,30,0.0030343986582010984,0
molecola_23822,31,0,31,0.005201646126806736,0
molecola_23822,32,0,32,0.010998663492500782,0
molecola_23870,1,0,1,0.09614963829517365,0
molecola_23870,2,0,2,0.008546944707632065,0
molecola_23870,3,0,3,0.02129959873855114,0
molecola_23870,4,0,4,0.009922988712787628,0
molecola_23870,5,0,5,0.015832671895623207,0
molecola_23870,6,0,6,0.001742866705171764,0
molecola_23870,7,0,7,0.003518869401887059,0
molecola_23870,8,0,8,0.0029784347862005234,0
molecola_23870,9,0,9,0.8130859732627869,1
molecola_23870,10,0,10,0.011742502450942993,0
molecola_23870,11,0,11,0.7089389562606812,1
molecola_23870,12,0,12,0.00411807419732213,0
molecola_23870,13,0,13,0.024605223909020424,0
molecola_23870,14,0,14,0.024605223909020424,0
molecola_23870,15,0,15,0.9678685665130615,1
molecola_23870,16,0,16,0.9720202684402466,1
molecola_23870,17,0,17,0.0123103316873312,0
molecola_23870,18,0,18,0.11930405348539352,0
molecola_23870,19,0,19,0.02547532692551613,0
molecola_23870,20,0,20,0.06873293966054916,0
molecola_23870,21,0,21,0.523030161857605,1
molecola_23870,22,0,22,0.7162419557571411,1
molecola_23870,23,1,23,0.9878607392311096,1
molecola_23870,24,0,24,0.8877101540565491,1
molecola_23870,25,0,25,0.9599074125289917,1
molecola_23870,26,0,26,0.8480181097984314,1
molecola_23870,27,0,27,0.0012347049778327346,0
molecola_23870,28,0,28,0.0010701142018660903,0
molecola_23870,29,0,29,0.002174863824620843,0
molecola_23870,30,0,30,0.009079089388251305,0
molecola_23870,31,0,31,0.004439163021743298,0
molecola_23870,32,0,32,0.003375057829543948,0
molecola_23870,33,0,33,0.004437749274075031,0
molecola_23870,34,0,34,0.004437749274075031,0
molecola_23870,35,0,35,0.04009106382727623,0
molecola_24353,1,0,1,0.05695183575153351,0
molecola_24353,2,0,2,0.0778503566980362,0
molecola_24353,3,0,3,0.0049691530875861645,0
molecola_24353,4,0,4,0.001399227068759501,0
molecola_24353,5,0,5,0.0016799865989014506,0
molecola_24353,6,0,6,0.00189958605915308,0
molecola_24353,7,0,7,0.7012307047843933,1
molecola_24353,8,0,8,0.060738950967788696,0
molecola_24353,9,1,9,0.9899919629096985,1
molecola_24353,10,0,10,0.7012307047843933,1
molecola_24353,11,0,11,0.00189958605915308,0
molecola_24353,12,0,12,0.0007945082033984363,0
molecola_24353,13,0,13,0.0006909051444381475,0
molecola_24353,14,0,14,0.001102484529837966,0
molecola_24353,15,0,15,0.0007334093097597361,0
molecola_24353,16,0,16,0.0010933803860098124,0
molecola_24353,17,0,17,0.0031058755703270435,0
molecola_24353,18,0,18,0.0008388118585571647,0
molecola_24353,19,0,19,0.006042998284101486,0
molecola_24353,20,0,20,0.0026159014087170362,0
molecola_24353,21,0,21,0.0014178291894495487,0
molecola_24490,1,0,1,0.003916063811630011,0
molecola_24490,2,0,2,0.006106628570705652,0
molecola_24490,3,0,3,0.0011135421227663755,0
molecola_24490,4,0,4,0.0034705486614257097,0
molecola_24490,5,0,5,0.0014428480062633753,0
molecola_24490,6,0,6,0.0014289157697930932,0
molecola_24490,7,0,7,0.0011891978792846203,0
molecola_24490,8,0,8,0.0010161728132516146,0
molecola_24490,9,0,9,0.004118193406611681,0
molecola_24490,10,0,10,0.0015529025113210082,0
molecola_24490,11,0,11,0.0015087079955264926,0
molecola_24490,12,0,12,0.0008323871879838407,0
molecola_24490,13,0,13,0.0032063459511846304,0
molecola_24490,14,0,14,0.0018557981820777059,0
molecola_24490,15,0,15,0.006100293714553118,0
molecola_24490,16,0,16,0.010711191222071648,0
molecola_24490,17,0,17,0.006642984692007303,0
molecola_24490,18,0,18,0.010626290924847126,0
molecola_24490,19,0,19,0.10443758219480515,0
molecola_24490,20,0,20,0.2141941785812378,0
molecola_24490,21,0,21,0.2141941785812378,0
molecola_24490,22,0,22,0.10443758219480515,0
molecola_24490,23,0,23,0.020511673763394356,0
molecola_24490,24,0,24,0.06135048717260361,0
molecola_24490,25,0,25,0.028835447505116463,0
molecola_24490,26,0,26,0.07686265558004379,0
molecola_24490,27,0,27,0.1555689126253128,0
molecola_24490,28,1,28,0.9802548289299011,1
molecola_24490,29,0,29,0.0794953852891922,0
molecola_24490,30,0,30,0.0065432339906692505,0
molecola_24490,31,0,31,0.04359830915927887,0
molecola_24490,32,0,32,0.056149326264858246,0
molecola_24490,33,0,33,0.05956758186221123,0
molecola_2453,1,0,1,0.006034489255398512,0
molecola_2453,2,0,2,0.010460578836500645,0
molecola_2453,3,0,3,0.006013210397213697,0
molecola_2453,4,0,4,0.004330309573560953,0
molecola_2453,5,0,5,0.011986314319074154,0
molecola_2453,6,0,6,0.02277134545147419,0
molecola_2453,7,0,7,0.04595755413174629,0
molecola_2453,8,0,8,0.0032653952948749065,0
molecola_2453,9,0,9,0.033858366310596466,0
molecola_2453,10,0,10,0.026467610150575638,0
molecola_2453,11,0,11,0.008134370669722557,0
molecola_2453,12,0,12,0.004861111287027597,0
molecola_2453,13,0,13,0.004648453556001186,0
molecola_2453,14,0,14,0.0017634135438129306,0
molecola_2453,15,0,15,0.001494100783020258,0
molecola_2453,16,0,16,0.003369333455339074,0
molecola_2453,17,0,17,0.13476815819740295,0
molecola_2453,18,0,18,0.014423598535358906,0
molecola_2453,19,0,19,0.011125569231808186,0
molecola_2453,20,1,20,0.7488135099411011,1
molecola_2453,21,1,21,0.6303800940513611,1
molecola_2453,22,0,22,0.9174982905387878,1
molecola_2453,23,0,23,0.9338208436965942,1
molecola_2453,24,0,24,0.46666523814201355,0
molecola_2453,25,0,25,0.22702926397323608,0
molecola_24573,1,1,1,0.8819958567619324,1
molecola_24573,2,0,2,0.11308397352695465,0
molecola_24573,3,1,3,0.42230358719825745,0
molecola_24573,4,1,4,0.4678284823894501,0
molecola_24573,5,1,5,0.5997599959373474,1
molecola_24573,6,0,6,0.3165143132209778,0
molecola_24573,7,0,7,0.0841502770781517,0
molecola_24617,1,0,1,0.0942411944270134,0
molecola_24617,2,0,2,0.05579328164458275,0
molecola_24617,3,0,3,0.06749293953180313,0
molecola_24617,4,0,4,0.004406260792165995,0
molecola_24617,5,0,5,0.009301599115133286,0
molecola_24617,6,0,6,0.003792648436501622,0
molecola_24617,7,0,7,0.02062583714723587,0
molecola_24617,8,0,8,0.0856584757566452,0
molecola_24617,9,0,9,0.11775383353233337,0
molecola_24617,10,0,10,0.023249687626957893,0
molecola_24617,11,0,11,0.030485305935144424,0
molecola_24617,12,0,12,0.007247865200042725,0
molecola_24617,13,0,13,0.020108360797166824,0
molecola_24617,14,0,14,0.010635102167725563,0
molecola_24617,15,0,15,0.002974345115944743,0
molecola_24617,16,0,16,0.002295766957104206,0
molecola_24617,17,0,17,0.002974345115944743,0
molecola_24617,18,0,18,0.010635102167725563,0
molecola_24617,19,0,19,0.005230937618762255,0
molecola_24617,20,0,20,0.018751999363303185,0
molecola_24617,21,0,21,0.031185565516352654,0
molecola_24617,22,0,22,0.009093494154512882,0
molecola_24617,23,0,23,0.0035053484607487917,0
molecola_24617,24,0,24,0.0068067386746406555,0
molecola_24617,25,0,25,0.0016868180828168988,0
molecola_24617,26,0,26,0.010875765234231949,0
molecola_24617,27,0,27,0.014036960899829865,0
molecola_24617,28,0,28,0.007988202385604382,0
molecola_24617,29,1,29,0.9574321508407593,1
molecola_24617,30,1,30,0.6171050071716309,1
molecola_24617,31,1,31,0.9270925521850586,1
molecola_24657,1,0,1,0.0011027833679690957,0
molecola_24657,2,0,2,0.0015939745353534818,0
molecola_24657,3,0,3,0.0011074597714468837,0
molecola_24657,4,0,4,0.0015939745353534818,0
molecola_24657,5,0,5,0.0011027833679690957,0
molecola_24657,6,0,6,0.0016533659072592854,0
molecola_24657,7,0,7,0.0006769984029233456,0
molecola_24657,8,0,8,0.0008189696818590164,0
molecola_24657,9,0,9,0.010537414811551571,0
molecola_24657,10,0,10,0.09192159026861191,0
molecola_24657,11,0,11,0.38200876116752625,0
molecola_24657,12,0,12,0.3636733591556549,0
molecola_24657,13,1,13,0.9740369915962219,1
molecola_24657,14,0,14,0.2180011123418808,0
molecola_24657,15,1,15,0.9763801097869873,1
molecola_24657,16,0,16,0.0195157490670681,0
molecola_24657,17,0,17,0.03240267559885979,0
molecola_24657,18,0,18,0.005742890294641256,0
molecola_24657,19,0,19,0.00314737344160676,0
molecola_24657,20,0,20,0.003451226744800806,0
molecola_24657,21,0,21,0.0021721376106142998,0
molecola_24657,22,0,22,0.002731284825131297,0
molecola_24727,1,1,1,0.9724231362342834,1
molecola_24727,2,0,2,0.007662092335522175,0
molecola_24727,3,0,3,0.001546060317195952,0
molecola_24727,4,0,4,0.0007813080446794629,0
molecola_24727,5,0,5,0.0009481031447649002,0
molecola_24727,6,0,6,0.0019322525477036834,0
molecola_24727,7,0,7,0.00336665753275156,0
molecola_24727,8,0,8,0.0069994255900382996,0
molecola_24727,9,0,9,0.0020419328939169645,0
molecola_24727,10,0,10,0.0029888860881328583,0
molecola_24727,11,0,11,0.002023321809247136,0
molecola_24727,12,0,12,0.024516364559531212,0
molecola_24727,13,0,13,0.061722274869680405,0
molecola_24727,14,0,14,0.024516364559531212,0
molecola_24727,15,0,15,0.002023321809247136,0
molecola_24727,16,0,16,0.00336665753275156,0
molecola_24727,17,0,17,0.0019322525477036834,0
molecola_24727,18,0,18,0.002463638549670577,0
molecola_24727,19,0,19,0.00103852862957865,0
molecola_24727,20,0,20,0.00103852862957865,0
molecola_24727,21,0,21,0.002293127356097102,0
molecola_24727,22,0,22,0.0035460805520415306,0
molecola_24727,23,0,23,0.03899114951491356,0
molecola_24727,24,0,24,0.04813976213335991,0
molecola_24727,25,0,25,0.2115982174873352,0
molecola_24727,26,0,26,0.04234129190444946,0
molecola_24727,27,0,27,0.025537587702274323,0
molecola_24727,28,0,28,0.0014627686468884349,0
molecola_24727,29,0,29,0.0023030678275972605,0
molecola_24727,30,0,30,0.0006719172233715653,0
molecola_24727,31,0,31,0.0014627686468884349,0
molecola_24727,32,0,32,0.025537587702274323,0
molecola_24727,33,0,33,0.03899114951491356,0
molecola_24727,34,0,34,0.0035460805520415306,0
molecola_24848,1,0,1,0.0051072146743535995,0
molecola_24848,2,0,2,0.0016523839440196753,0
molecola_24848,3,0,3,0.0014584999298676848,0
molecola_24848,4,0,4,0.01260346733033657,0
molecola_24848,5,0,5,0.01904483139514923,0
molecola_24848,6,0,6,0.09582199901342392,0
molecola_24848,7,0,7,0.026322366669774055,0
molecola_24848,8,0,8,0.048140112310647964,0
molecola_24848,9,0,9,0.026068469509482384,0
molecola_24848,10,0,10,0.08246811479330063,0
molecola_24848,11,0,11,0.026018165051937103,0
molecola_24848,12,0,12,0.14153027534484863,0
molecola_24848,13,0,13,0.14900709688663483,0
molecola_24848,14,1,14,0.9587059617042542,1
molecola_24848,15,0,15,0.08678008615970612,0
molecola_24848,16,0,16,0.006349397823214531,0
molecola_24848,17,0,17,0.00890860054641962,0
molecola_24848,18,0,18,0.001840426935814321,0
molecola_24848,19,0,19,0.00533633166924119,0
molecola_24848,20,0,20,0.03725634142756462,0
molecola_24848,21,0,21,0.020782168954610825,0
molecola_24848,22,0,22,0.0047670938074588776,0
molecola_24848,23,0,23,0.004125743173062801,0
molecola_24848,24,0,24,0.001200327998958528,0
molecola_24848,25,0,25,0.0047670938074588776,0
molecola_24848,26,0,26,0.020782168954610825,0
molecola_24848,27,0,27,0.06725053489208221,0
molecola_24848,28,0,28,0.042170241475105286,0
molecola_24848,29,0,29,0.0672270879149437,0
molecola_24848,30,0,30,0.025421813130378723,0
molecola_24848,31,0,31,0.21401947736740112,0
molecola_24848,32,0,32,0.052822500467300415,0
molecola_24848,33,0,33,0.07866401225328445,0
molecola_24848,34,0,34,0.09836187958717346,0
molecola_24848,35,0,35,0.10075896978378296,0
molecola_24848,36,0,36,0.02524830400943756,0
molecola_24848,37,0,37,0.0249343179166317,0
molecola_24848,38,1,38,0.9939478635787964,1
molecola_24848,39,0,39,0.9682629704475403,1
molecola_24848,40,1,40,0.9682629704475403,1
molecola_24863,1,0,1,0.8909301161766052,1
molecola_24863,2,1,2,0.97325599193573,1
molecola_24863,3,1,3,0.966559886932373,1
molecola_24863,4,0,4,0.004314403049647808,0
molecola_24863,5,0,5,0.003973883111029863,0
molecola_24863,6,0,6,0.001333613065071404,0
molecola_24863,7,0,7,0.0018003148725256324,0
molecola_24863,8,0,8,0.0008196868002414703,0
molecola_24863,9,0,9,0.0014286559307947755,0
molecola_24863,10,0,10,0.0010204736609011889,0
molecola_24863,11,0,11,0.005143552552908659,0
molecola_24863,12,0,12,0.05836468189954758,0
molecola_24863,13,0,13,0.0683884471654892,0
molecola_24863,14,0,14,0.05807225778698921,0
molecola_24863,15,0,15,0.7224385142326355,1
molecola_24863,16,0,16,0.004573288839310408,0
molecola_24863,17,0,17,0.004684474319219589,0
molecola_24863,18,0,18,0.879970908164978,1
molecola_24863,19,0,19,0.8290036916732788,1
molecola_24863,20,0,20,0.05678027123212814,0
molecola_24863,21,0,21,0.005488571245223284,0
molecola_24863,22,0,22,0.004765467252582312,0
molecola_24863,23,0,23,0.0009244190296158195,0
molecola_24863,24,0,24,0.0007874138536863029,0
molecola_24863,25,0,25,0.000956075731664896,0
molecola_25054,1,0,1,0.22829583287239075,0
molecola_25054,2,0,2,0.11492284387350082,0
molecola_25054,3,0,3,0.7467206716537476,1
molecola_25054,4,0,4,0.05060824751853943,0
molecola_25054,5,0,5,0.046816691756248474,0
molecola_25054,6,0,6,0.08027631789445877,0
molecola_25054,7,0,7,0.09000029414892197,0
molecola_25054,8,0,8,0.12312474101781845,0
molecola_25054,9,0,9,0.048747215420007706,0
molecola_25054,10,0,10,0.1336401104927063,0
molecola_25054,11,0,11,0.02698586694896221,0
molecola_25054,12,0,12,0.0515156053006649,0
molecola_25054,13,0,13,0.25046446919441223,0
molecola_25054,14,0,14,0.029851647093892097,0
molecola_25054,15,0,15,0.07017729431390762,0
molecola_25054,16,0,16,0.06015773490071297,0
molecola_25054,17,0,17,0.03183642774820328,0
molecola_25054,18,0,18,0.012134303338825703,0
molecola_25054,19,0,19,0.004735159687697887,0
molecola_25054,20,0,20,0.0021970972884446383,0
molecola_25054,21,0,21,0.0021970972884446383,0
molecola_25054,22,0,22,0.001261383411474526,0
molecola_25054,23,0,23,0.000887943257112056,0
molecola_25054,24,0,24,0.0041081965900957584,0
molecola_25054,25,0,25,0.013464860618114471,0
molecola_25054,26,0,26,0.035976070910692215,0
molecola_25054,27,0,27,0.13911914825439453,0
molecola_25054,28,0,28,0.05060824751853943,0
molecola_25054,29,0,29,0.7467206716537476,1
molecola_25054,30,0,30,0.11492284387350082,0
molecola_25054,31,0,31,0.22829583287239075,0
molecola_25054,32,0,32,0.6938320398330688,1
molecola_25054,33,1,33,0.9836773872375488,1
molecola_25058,1,0,1,0.02934679388999939,0
molecola_25058,2,0,2,0.21541988849639893,0
molecola_25058,3,0,3,0.381594181060791,0
molecola_25058,4,0,4,0.11386256664991379,0
molecola_25058,5,0,5,0.0981854572892189,0
molecola_25058,6,0,6,0.039444759488105774,0
molecola_25058,7,0,7,0.8997586965560913,1
molecola_25058,8,0,8,0.011261878535151482,0
molecola_25058,9,0,9,0.004734508227556944,0
molecola_25058,10,0,10,0.12524375319480896,0
molecola_25058,11,1,11,0.9590163230895996,1
molecola_25058,12,0,12,0.03168473765254021,0
molecola_25058,13,0,13,0.004695256240665913,0
molecola_25058,14,0,14,0.002500753151252866,0
molecola_25058,15,0,15,0.002298003761097789,0
molecola_25058,16,0,16,0.0030327027197927237,0
molecola_25058,17,0,17,0.016534138470888138,0
molecola_25058,18,0,18,0.0976671501994133,0
molecola_25058,19,0,19,0.5770703554153442,1
molecola_25058,20,0,20,0.33017075061798096,0
molecola_25058,21,0,21,0.43528982996940613,0
molecola_25058,22,0,22,0.03147909417748451,0
molecola_25170,1,1,1,0.8971379995346069,1
molecola_25170,2,1,2,0.9759597182273865,1
molecola_25170,3,1,3,0.8971379995346069,1
molecola_25170,4,1,4,0.8247907757759094,1
molecola_25170,5,0,5,0.24358883500099182,0
molecola_25170,6,0,6,0.09833712130784988,0
molecola_25170,7,0,7,0.00524827791377902,0
molecola_25170,8,0,8,0.0034452604595571756,0
molecola_25170,9,0,9,0.0009537157020531595,0
molecola_25170,10,0,10,0.0009126285440288484,0
molecola_25170,11,0,11,0.0012796510709449649,0
molecola_25170,12,0,12,0.0007406456861644983,0
molecola_25170,13,0,13,0.0007486005779355764,0
molecola_25170,14,0,14,0.0006871746736578643,0
molecola_25170,15,0,15,0.0013533359160646796,0
molecola_25170,16,0,16,0.014997628517448902,0
molecola_25170,17,0,17,0.0013533359160646796,0
molecola_25170,18,0,18,0.0007486009271815419,0
molecola_25170,19,0,19,0.0006871746736578643,0
molecola_25170,20,0,20,0.005577658303081989,0
molecola_25170,21,0,21,0.049436673521995544,0
molecola_25170,22,0,22,0.04420197382569313,0
molecola_25170,23,0,23,0.09855949878692627,0
molecola_25170,24,0,24,0.005557098425924778,0
molecola_25170,25,0,25,0.0017295073485001922,0
molecola_25170,26,0,26,0.00280881579965353,0
molecola_25170,27,0,27,0.004361491650342941,0
molecola_25170,28,0,28,0.027730997651815414,0
molecola_25170,29,0,29,0.06156107038259506,0
molecola_25170,30,0,30,0.027730997651815414,0
molecola_25170,31,0,31,0.004361491650342941,0
molecola_25215,1,0,1,0.0023468113504350185,0
molecola_25215,2,0,2,0.0013828310184180737,0
molecola_25215,3,0,3,0.0015699563082307577,0
molecola_25215,4,0,4,0.002177875954657793,0
molecola_25215,5,0,5,0.0017684729536995292,0
molecola_25215,6,0,6,0.0026848171837627888,0
molecola_25215,7,0,7,0.0068882969208061695,0
molecola_25215,8,0,8,0.004935685079544783,0
molecola_25215,9,0,9,0.005074369255453348,0
molecola_25215,10,0,10,0.0018445986788719893,0
molecola_25215,11,0,11,0.005575722549110651,0
molecola_25215,12,0,12,0.006388644687831402,0
molecola_25215,13,0,13,0.0038650063797831535,0
molecola_25215,14,0,14,0.001304756966419518,0
molecola_25215,15,0,15,0.0039287437684834,0
molecola_25215,16,0,16,0.008010955527424812,0
molecola_25215,17,1,17,0.9730724096298218,1
molecola_25215,18,1,18,0.9727779030799866,1
molecola_25215,19,0,19,0.0015840808628126979,0
molecola_25215,20,0,20,0.6040366291999817,1
molecola_25215,21,0,21,0.018252098932862282,0
molecola_25215,22,0,22,0.05341591686010361,0
molecola_25215,23,0,23,0.11472031474113464,0
molecola_25215,24,0,24,0.1746862679719925,0
molecola_25215,25,0,25,0.0911574736237526,0
molecola_25215,26,0,26,0.14444378018379211,0
molecola_25215,27,0,27,0.14444378018379211,0
molecola_25215,28,0,28,0.09138575196266174,0
molecola_25215,29,0,29,0.19224655628204346,0
molecola_25215,30,0,30,0.19853425025939941,0
molecola_25215,31,0,31,0.07933295518159866,0
molecola_25215,32,0,32,0.07483860105276108,0
molecola_25215,33,0,33,0.0015312458854168653,0
molecola_25215,34,0,34,0.0015312458854168653,0
molecola_25215,35,0,35,0.0015312458854168653,0
molecola_25321,1,0,1,0.08073359727859497,0
molecola_25321,2,0,2,0.04413071274757385,0
molecola_25321,3,0,3,0.009740873239934444,0
molecola_25321,4,0,4,0.00788840837776661,0
molecola_25321,5,0,5,0.007924730889499187,0
molecola_25321,6,0,6,0.03543137013912201,0
molecola_25321,7,1,7,0.7889189124107361,1
molecola_25321,8,1,8,0.9636129140853882,1
molecola_25321,9,1,9,0.9652969241142273,1
molecola_25321,10,1,10,0.9615907669067383,1
molecola_25321,11,1,11,0.9646919369697571,1
molecola_25321,12,1,12,0.7519934773445129,1
molecola_25321,13,0,13,0.24779722094535828,0
molecola_25321,14,0,14,0.01863020472228527,0
molecola_25321,15,0,15,0.009325528517365456,0
molecola_25321,16,0,16,0.01272144541144371,0
molecola_25321,17,0,17,0.009897086769342422,0
molecola_25382,1,0,1,0.07579921931028366,0
molecola_25382,2,0,2,0.04356033354997635,0
molecola_25382,3,0,3,0.03772449120879173,0
molecola_25382,4,0,4,0.03601571545004845,0
molecola_25382,5,0,5,0.0055708810687065125,0
molecola_25382,6,0,6,0.00323925307020545,0
molecola_25382,7,0,7,0.002178749768063426,0
molecola_25382,8,0,8,0.004225411452353001,0
molecola_25382,9,0,9,0.003702075220644474,0
molecola_25382,10,0,10,0.021789701655507088,0
molecola_25382,11,0,11,0.14279446005821228,0
molecola_25382,12,0,12,0.46907904744148254,0
molecola_25382,13,0,13,0.49218788743019104,0
molecola_25382,14,0,14,0.5785757303237915,1
molecola_25382,15,1,15,0.9861964583396912,1
molecola_25382,16,0,16,0.592266321182251,1
molecola_25382,17,0,17,0.6947891712188721,1
molecola_25382,18,0,18,0.2537519037723541,0
molecola_25382,19,1,19,0.9734549522399902,1
molecola_25382,20,0,20,0.031349074095487595,0
molecola_25382,21,0,21,0.0035061596427112818,0
molecola_25382,22,0,22,0.0015805839793756604,0
molecola_25382,23,0,23,0.0055708810687065125,0
molecola_25382,24,0,24,0.03601571545004845,0
molecola_25383,1,0,1,0.030706115067005157,0
molecola_25383,2,0,2,0.019984709098935127,0
molecola_25383,3,0,3,0.011832931078970432,0
molecola_25383,4,0,4,0.009387063793838024,0
molecola_25383,5,0,5,0.009387063793838024,0
molecola_25383,6,0,6,0.011832931078970432,0
molecola_25383,7,0,7,0.008557897992432117,0
molecola_25383,8,0,8,0.397909551858902,0
molecola_25383,9,0,9,0.008557897992432117,0
molecola_25383,10,0,10,0.6955096125602722,1
molecola_25383,11,0,11,0.9242478013038635,1
molecola_25383,12,0,12,0.5871963500976562,1
molecola_25383,13,0,13,0.019109345972537994,0
molecola_25383,14,0,14,0.015240081585943699,0
molecola_25383,15,0,15,0.0010923314839601517,0
molecola_25383,16,0,16,0.060018278658390045,0
molecola_25383,17,0,17,0.15607471764087677,0
molecola_25383,18,1,18,0.9819635152816772,1
molecola_25383,19,0,19,0.0847366601228714,0
molecola_25383,20,0,20,0.15031273663043976,0
molecola_25383,21,0,21,0.11540351808071136,0
molecola_25383,22,0,22,0.1864934265613556,0
molecola_25416,1,1,1,0.8714337944984436,1
molecola_25416,2,1,2,0.9216433763504028,1
molecola_25416,3,0,3,0.8714337944984436,1
molecola_25416,4,1,4,0.9837559461593628,1
molecola_25416,5,0,5,0.899489164352417,1
molecola_25416,6,1,6,0.899489164352417,1
molecola_25416,7,0,7,0.00392151391133666,0
molecola_25416,8,0,8,0.0014823710080236197,0
molecola_25416,9,0,9,0.006425831466913223,0
molecola_25416,10,0,10,0.0058534531854093075,0
molecola_25416,11,0,11,0.005405481904745102,0
molecola_25416,12,0,12,0.0020655684638768435,0
molecola_25416,13,0,13,0.0008813818567432463,0
molecola_25416,14,0,14,0.005980018060654402,0
molecola_25416,15,0,15,0.004858922678977251,0
molecola_25416,16,0,16,0.007112907245755196,0
molecola_25416,17,0,17,0.001991990953683853,0
molecola_25416,18,0,18,0.003035750472918153,0
molecola_25416,19,0,19,0.007112907245755196,0
molecola_25416,20,0,20,0.001991990953683853,0
molecola_25416,21,0,21,0.004858922678977251,0
molecola_25638,1,0,1,0.15613724291324615,0
molecola_25638,2,0,2,0.8054256439208984,1
molecola_25638,3,0,3,0.3686968982219696,0
molecola_25638,4,0,4,0.08875816315412521,0
molecola_25638,5,0,5,0.021301141008734703,0
molecola_25638,6,0,6,0.052367351949214935,0
molecola_25638,7,0,7,0.014459623023867607,0
molecola_25638,8,0,8,0.0027321279048919678,0
molecola_25638,9,0,9,0.023490888997912407,0
molecola_25638,10,0,10,0.014459636993706226,0
molecola_25638,11,0,11,0.05236736685037613,0
molecola_25638,12,0,12,0.26918449997901917,0
molecola_25638,13,0,13,0.0033936372492462397,0
molecola_25638,14,0,14,0.002515550935640931,0
molecola_25638,15,0,15,0.035173334181308746,0
molecola_25638,16,0,16,0.0933840349316597,0
molecola_25638,17,0,17,0.038662489503622055,0
molecola_25638,18,0,18,0.02384178712964058,0
molecola_25638,19,0,19,0.033446699380874634,0
molecola_25638,20,0,20,0.22105754911899567,0
molecola_25638,21,0,21,0.030858350917696953,0
molecola_25638,22,0,22,0.030381135642528534,0
molecola_25638,23,0,23,0.1623307168483734,0
molecola_25638,24,0,24,0.2843126356601715,0
molecola_25638,25,0,25,0.11649889498949051,0
molecola_25638,26,0,26,0.11649889498949051,0
molecola_25638,27,1,27,0.9647213220596313,1
molecola_25638,28,1,28,0.9685814380645752,1
molecola_25638,29,0,29,0.08875817805528641,0
molecola_25638,30,0,30,0.02130114659667015,0
molecola_25638,31,0,31,0.368696928024292,0
molecola_25638,32,0,32,0.8054256439208984,1
molecola_25638,33,0,33,0.15613724291324615,0
molecola_25638,34,0,34,0.0027321279048919678,0
molecola_25751,1,0,1,0.0632447898387909,0
molecola_25751,2,0,2,0.006829493213444948,0
molecola_25751,3,0,3,0.00309938145801425,0
molecola_25751,4,0,4,0.0026630850043147802,0
molecola_25751,5,0,5,0.00692323874682188,0
molecola_25751,6,0,6,0.006457894574850798,0
molecola_25751,7,0,7,0.011868948116898537,0
molecola_25751,8,0,8,0.001424951944500208,0
molecola_25751,9,0,9,0.001393377548083663,0
molecola_25751,10,0,10,0.011456429027020931,0
molecola_25751,11,0,11,0.00385524844750762,0
molecola_25751,12,0,12,0.021598266437649727,0
molecola_25751,13,0,13,0.06213291734457016,0
molecola_25751,14,0,14,0.5136411190032959,1
molecola_25751,15,0,15,0.13326908648014069,0
molecola_25751,16,1,16,0.9871680736541748,1
molecola_25751,17,0,17,0.25415483117103577,0
molecola_25751,18,0,18,0.11154166609048843,0
molecola_25751,19,0,19,0.22829583287239075,0
molecola_25751,20,0,20,0.0408213809132576,0
molecola_25850,1,0,1,0.0008412155439145863,0
molecola_25850,2,0,2,0.0008683792548254132,0
molecola_25850,3,0,3,0.0006215450703166425,0
molecola_25850,4,0,4,0.0008761761710047722,0
molecola_25850,5,0,5,0.001900835894048214,0
molecola_25850,6,0,6,0.002673843875527382,0
molecola_25850,7,0,7,0.04856375232338905,0
molecola_25850,8,0,8,0.05380192771553993,0
molecola_25850,9,0,9,0.0030122287571430206,0
molecola_25850,10,0,10,0.0020207103807479143,0
molecola_25850,11,1,11,0.9702543020248413,1
molecola_25850,12,1,12,0.9679784774780273,1
molecola_25850,13,0,13,0.012373438104987144,0
molecola_25850,14,0,14,0.0016700298292562366,0
molecola_25850,15,0,15,0.0019811305683106184,0
molecola_25850,16,0,16,0.001518244156613946,0
molecola_25850,17,0,17,0.0013412467669695616,0
molecola_25850,18,0,18,0.6580520272254944,1
molecola_25850,19,1,19,0.9778375029563904,1
molecola_25850,20,1,20,0.97207111120224,1
molecola_25850,21,0,21,0.8211598992347717,1
molecola_25850,22,0,22,0.03264942020177841,0
molecola_25850,23,1,23,0.9842857718467712,1
molecola_25850,24,0,24,0.9381034970283508,1
molecola_25850,25,1,25,0.9381034970283508,1
molecola_25910,1,0,1,0.8524478077888489,1
molecola_25910,2,0,2,0.8664386868476868,1
molecola_25910,3,0,3,0.8514137864112854,1
molecola_25910,4,0,4,0.7935395240783691,1
molecola_25910,5,0,5,0.8518692851066589,1
molecola_25910,6,0,6,0.8127202391624451,1
molecola_25910,7,0,7,0.028304683044552803,0
molecola_25910,8,0,8,0.0020802924409508705,0
molecola_25910,9,0,9,0.0021506177727133036,0
molecola_25910,10,0,10,0.0021222399082034826,0
molecola_25910,11,0,11,0.0037200646474957466,0
molecola_25910,12,0,12,0.003859572345390916,0
molecola_25910,13,0,13,0.061123352497816086,0
molecola_25910,14,0,14,0.07572060823440552,0
molecola_25910,15,0,15,0.006208110600709915,0
molecola_25910,16,0,16,0.15095756947994232,0
molecola_25910,17,0,17,0.9802548289299011,1
molecola_25910,18,0,18,0.012250769883394241,0
molecola_25910,19,0,19,0.0020802924409508705,0
molecola_25910,20,0,20,0.028304683044552803,0
molecola_25910,21,1,21,0.9706814885139465,1
molecola_25910,22,0,22,0.8655756711959839,1
molecola_25910,23,1,23,0.8655756711959839,1
molecola_25972,1,0,1,0.002263000700622797,0
molecola_25972,2,0,2,0.01863601617515087,0
molecola_25972,3,0,3,0.004040423780679703,0
molecola_25972,4,0,4,0.022635966539382935,0
molecola_25972,5,0,5,0.01070868968963623,0
molecola_25972,6,0,6,0.01995001919567585,0
molecola_25972,7,0,7,0.009180538356304169,0
molecola_25972,8,0,8,0.02026769518852234,0
molecola_25972,9,0,9,0.08477681130170822,0
molecola_25972,10,0,10,0.1442258208990097,0
molecola_25972,11,0,11,0.006187651306390762,0
molecola_25972,12,0,12,0.0019092053407803178,0
molecola_25972,13,0,13,0.015503487549722195,0
molecola_25972,14,0,14,0.02657759003341198,0
molecola_25972,15,0,15,0.01726973056793213,0
molecola_25972,16,0,16,0.032853785902261734,0
molecola_25972,17,0,17,0.011555633507668972,0
molecola_25972,18,0,18,0.005552514921873808,0
molecola_25972,19,1,19,0.9938321113586426,1
molecola_25972,20,0,20,0.9677737951278687,1
molecola_25972,21,1,21,0.9677737951278687,1
molecola_25972,22,0,22,0.09239629656076431,0
molecola_25972,23,0,23,0.16995830833911896,0
molecola_25972,24,0,24,0.0146557055413723,0
molecola_25972,25,0,25,0.0013450832339003682,0
molecola_25972,26,0,26,0.11784633994102478,0
molecola_25972,27,0,27,0.04313123971223831,0
molecola_25972,28,0,28,0.005310907494276762,0
molecola_25972,29,0,29,0.004008193034678698,0
molecola_25972,30,0,30,0.0014472764451056719,0
molecola_25972,31,0,31,0.002390132984146476,0
molecola_25972,32,0,32,0.003069933271035552,0
molecola_25972,33,0,33,0.004767077974975109,0
molecola_26093,1,0,1,0.010992436669766903,0
molecola_26093,2,0,2,0.002732901368290186,0
molecola_26093,3,0,3,0.011619125492870808,0
molecola_26093,4,0,4,0.0018959706649184227,0
molecola_26093,5,0,5,0.0023423144593834877,0
molecola_26093,6,0,6,0.0044495644979178905,0
molecola_26093,7,0,7,0.0014700720785185695,0
molecola_26093,8,0,8,0.0017503793351352215,0
molecola_26093,9,0,9,0.007423164322972298,0
molecola_26093,10,0,10,0.015012809075415134,0
molecola_26093,11,0,11,0.00270024873316288,0
molecola_26093,12,0,12,0.0021537879947572947,0
molecola_26093,13,0,13,0.003890958148986101,0
molecola_26093,14,0,14,0.01737240143120289,0
molecola_26093,15,0,15,0.104429692029953,0
molecola_26093,16,0,16,0.01349659264087677,0
molecola_26093,17,0,17,0.007955244742333889,0
molecola_26093,18,0,18,0.007473694626241922,0
molecola_26093,19,0,19,0.01346383523195982,0
molecola_26093,20,0,20,0.11985655874013901,0
molecola_26093,21,0,21,0.6094586849212646,1
molecola_26093,22,0,22,0.23104271292686462,0
molecola_26093,23,1,23,0.989469051361084,1
molecola_26093,24,0,24,0.7595210671424866,1
molecola_26093,25,0,25,0.035188280045986176,0
molecola_26093,26,0,26,0.021136987954378128,0
molecola_26093,27,0,27,0.002867443487048149,0
molecola_26093,28,0,28,0.002739070914685726,0
molecola_26093,29,0,29,0.010992436669766903,0
molecola_262,1,0,1,0.0697997510433197,0
molecola_262,2,0,2,0.007226449903100729,0
molecola_262,3,0,3,0.0010984600521624088,0
molecola_262,4,0,4,0.0008652840042486787,0
molecola_262,5,0,5,0.012242999859154224,0
molecola_262,6,0,6,0.005732501856982708,0
molecola_262,7,1,7,0.9175484776496887,1
molecola_262,8,1,8,0.9334568381309509,1
molecola_262,9,1,9,0.8099357485771179,1
molecola_262,10,1,10,0.9871801733970642,1
molecola_262,11,0,11,0.8924218416213989,1
molecola_262,12,1,12,0.8924218416213989,1
molecola_262,13,0,13,0.004571485333144665,0
molecola_262,14,0,14,0.00162940111476928,0
molecola_262,15,0,15,0.004140927456319332,0
molecola_2665,1,0,1,0.08108966797590256,0
molecola_2665,2,0,2,0.04969464987516403,0
molecola_2665,3,1,3,0.06697739660739899,0
molecola_2665,4,0,4,0.09720783680677414,0
molecola_2665,5,1,5,0.12350935488939285,0
molecola_2665,6,1,6,0.28154176473617554,0
molecola_2665,7,1,7,0.4358392357826233,0
molecola_2665,8,1,8,0.33505791425704956,0
molecola_2665,9,0,9,0.35692405700683594,0
molecola_2665,10,1,10,0.19618992507457733,0
molecola_2665,11,1,11,0.19702349603176117,0
molecola_2665,12,0,12,0.7728101015090942,1
molecola_2665,13,1,13,0.8724632263183594,1
molecola_2665,14,1,14,0.659401535987854,1
molecola_2665,15,1,15,0.5594995021820068,1
molecola_2665,16,1,16,0.4617833197116852,0
molecola_2665,17,1,17,0.8460994958877563,1
molecola_2665,18,1,18,0.7340053915977478,1
molecola_2665,19,1,19,0.5262539982795715,1
molecola_2665,20,1,20,0.5404987335205078,1
molecola_2665,21,1,21,0.5805206894874573,1
molecola_2665,22,1,22,0.5315476655960083,1
molecola_2665,23,1,23,0.6095216870307922,1
molecola_2665,24,1,24,0.5363681316375732,1
molecola_2665,25,1,25,0.11063854396343231,0
molecola_2665,26,1,26,0.14742280542850494,0
molecola_2665,27,1,27,0.20156221091747284,0
molecola_2665,28,1,28,0.26737767457962036,0
molecola_2665,29,1,29,0.2159333974123001,0
molecola_2665,30,0,30,0.9802284836769104,1
molecola_2665,31,1,31,0.1207747757434845,0
molecola_2665,32,1,32,0.10224976390600204,0
molecola_2665,33,1,33,0.2283017486333847,0
molecola_26711,1,1,1,0.9319363832473755,1
molecola_26711,2,1,2,0.9112502336502075,1
molecola_26711,3,0,3,0.9319363832473755,1
molecola_26711,4,0,4,0.24956932663917542,0
molecola_26711,5,0,5,0.007065641228109598,0
molecola_26711,6,0,6,0.10249755531549454,0
molecola_26711,7,0,7,0.1436888724565506,0
molecola_26711,8,0,8,0.11401746422052383,0
molecola_26711,9,0,9,0.09025757759809494,0
molecola_26711,10,0,10,0.009736214764416218,0
molecola_26711,11,0,11,0.015229065902531147,0
molecola_26711,12,0,12,0.039949823170900345,0
molecola_26711,13,0,13,0.03673627972602844,0
molecola_26711,14,0,14,0.006242545787245035,0
molecola_26711,15,0,15,0.004470073152333498,0
molecola_26711,16,0,16,0.00369265116751194,0
molecola_26711,17,0,17,0.015373727306723595,0
molecola_26711,18,0,18,0.0631052628159523,0
molecola_26711,19,0,19,0.12096672505140305,0
molecola_26711,20,0,20,0.11999264359474182,0
molecola_26711,21,0,21,0.06441384553909302,0
molecola_26711,22,0,22,0.015789784491062164,0
molecola_26711,23,1,23,0.9862279295921326,1
molecola_26711,24,0,24,0.8891884088516235,1
molecola_26711,25,1,25,0.8891884088516235,1
molecola_27246,1,0,1,0.0023016787599772215,0
molecola_27246,2,0,2,0.002436746610328555,0
molecola_27246,3,0,3,0.0033149232622236013,0
molecola_27246,4,0,4,0.002436746610328555,0
molecola_27246,5,0,5,0.0023016787599772215,0
molecola_27246,6,0,6,0.0014072813792154193,0
molecola_27246,7,0,7,0.0026322747580707073,0
molecola_27246,8,0,8,0.0020734001882374287,0
molecola_27246,9,0,9,0.007377650123089552,0
molecola_27246,10,0,10,0.0033843026030808687,0
molecola_27246,11,0,11,0.002470368519425392,0
molecola_27246,12,0,12,0.0007028338150121272,0
molecola_27246,13,0,13,0.0013568572467193007,0
molecola_27246,14,0,14,0.011604749597609043,0
molecola_27246,15,0,15,0.00548855634406209,0
molecola_27246,16,0,16,0.004948629066348076,0
molecola_27246,17,0,17,0.001051066443324089,0
molecola_27246,18,0,18,0.006444352213293314,0
molecola_27246,19,0,19,0.003464871784672141,0
molecola_27246,20,0,20,0.011205708608031273,0
molecola_27246,21,1,21,0.6677985787391663,1
molecola_27246,22,0,22,0.05502259358763695,0
molecola_27246,23,1,23,0.9894692897796631,1
molecola_27246,24,1,24,0.3678196966648102,0
molecola_27246,25,0,25,0.0037087202072143555,0
molecola_27246,26,0,26,0.0008689872338436544,0
molecola_27246,27,0,27,0.001316846814006567,0
molecola_27246,28,0,28,0.0016663625137880445,0
molecola_27246,29,0,29,0.0043206182308495045,0
molecola_27246,30,0,30,0.0020417512860149145,0
molecola_2736,1,0,1,0.28493306040763855,0
molecola_2736,2,0,2,0.38974738121032715,0
molecola_2736,3,1,3,0.7876690030097961,1
molecola_2736,4,0,4,0.8414316177368164,1
molecola_2736,5,1,5,0.8973907828330994,1
molecola_2736,6,0,6,0.7319214344024658,1
molecola_2736,7,0,7,0.028141561895608902,0
molecola_2736,8,0,8,0.020855208858847618,0
molecola_2736,9,0,9,0.14602546393871307,0
molecola_2736,10,0,10,0.0600186362862587,0
molecola_2736,11,0,11,0.02085520513355732,0
molecola_2736,12,0,12,0.14602546393871307,0
molecola_2736,13,0,13,0.02814156748354435,0
molecola_2736,14,1,14,0.9563755393028259,1
molecola_2736,15,0,15,0.8845913410186768,1
molecola_2736,16,1,16,0.8845913410186768,1
molecola_2736,17,0,17,0.0032114156056195498,0
molecola_2736,18,0,18,0.0012210505083203316,0
molecola_2736,19,0,19,0.006411760114133358,0
molecola_2736,20,0,20,0.04605504870414734,0
molecola_2736,21,0,21,0.006411760114133358,0
molecola_2736,22,0,22,0.0012210505083203316,0
molecola_2736,23,0,23,0.0032114156056195498,0
molecola_2736,24,0,24,0.0012210505083203316,0
molecola_2736,25,0,25,0.006411760114133358,0
molecola_2736,26,0,26,0.04605504870414734,0
molecola_2736,27,0,27,0.006411760114133358,0
molecola_2736,28,0,28,0.0012210505083203316,0
molecola_2767,1,0,1,0.0012473297538235784,0
molecola_2767,2,0,2,0.0017467328580096364,0
molecola_2767,3,0,3,0.0012473297538235784,0
molecola_2767,4,0,4,0.0012473297538235784,0
molecola_2767,5,0,5,0.002951510949060321,0
molecola_2767,6,0,6,0.001970586134120822,0
molecola_2767,7,0,7,0.0008056528749875724,0
molecola_2767,8,0,8,0.0018309445586055517,0
molecola_2767,9,0,9,0.0014785173116251826,0
molecola_2767,10,0,10,0.03361169248819351,0
molecola_2767,11,0,11,0.017244109883904457,0
molecola_2767,12,0,12,0.1322173774242401,0
molecola_2767,13,0,13,0.002460879273712635,0
molecola_2767,14,0,14,0.013800808228552341,0
molecola_2767,15,0,15,0.0034987337421625853,0
molecola_2767,16,0,16,0.0015894414391368628,0
molecola_2767,17,0,17,0.005153608042746782,0
molecola_2767,18,1,18,0.8564315438270569,1
molecola_2767,19,1,19,0.9860638380050659,1
molecola_2767,20,0,20,0.8879570364952087,1
molecola_2767,21,1,21,0.8879570364952087,1
molecola_2767,22,0,22,0.0008976741228252649,0
molecola_2767,23,0,23,0.0014536392409354448,0
molecola_2767,24,0,24,0.0007058833725750446,0
molecola_2767,25,0,25,0.0032695045229047537,0
molecola_2767,26,0,26,0.003250822424888611,0
molecola_2767,27,0,27,0.001096349791623652,0
molecola_2767,28,0,28,0.0012420067796483636,0
molecola_2767,29,0,29,0.0012420067796483636,0
molecola_2767,30,0,30,0.0006648162379860878,0
molecola_2767,31,0,31,0.001404931303113699,0
molecola_2767,32,0,32,0.0012515921844169497,0
molecola_2767,33,0,33,0.0013664119178429246,0
molecola_2767,34,0,34,0.0006716438801959157,0
molecola_2767,35,0,35,0.0006195602472871542,0
molecola_2767,36,0,36,0.0006593012949451804,0
molecola_2767,37,0,37,0.000927754386793822,0
molecola_2767,38,0,38,0.0011526818852871656,0
molecola_2767,39,0,39,0.0011526818852871656,0
molecola_2767,40,0,40,0.000960751436650753,0
molecola_27702,1,0,1,0.8859014511108398,1
molecola_27702,2,0,2,0.9092649221420288,1
molecola_27702,3,1,3,0.9853734970092773,1
molecola_27702,4,0,4,0.8899995684623718,1
molecola_27702,5,1,5,0.8899995684623718,1
molecola_27702,6,0,6,0.003247826127335429,0
molecola_27702,7,0,7,0.0015016432153061032,0
molecola_27702,8,0,8,0.002088219625875354,0
molecola_27702,9,0,9,0.0018676556646823883,0
molecola_27702,10,0,10,0.00521044759079814,0
molecola_27702,11,0,11,0.5902382135391235,1
molecola_27702,12,0,12,0.7246200442314148,1
molecola_27702,13,0,13,0.4554474651813507,0
molecola_27702,14,0,14,0.32571789622306824,0
molecola_27702,15,0,15,0.0055860853753983974,0
molecola_27702,16,0,16,0.0022817575372755527,0
molecola_27702,17,0,17,0.002088219625875354,0
molecola_27702,18,0,18,0.0015016432153061032,0
molecola_2778,1,1,1,0.9646481275558472,1
molecola_2778,2,1,2,0.9613777995109558,1
molecola_2778,3,0,3,0.5830358862876892,1
molecola_2778,4,0,4,0.016020959243178368,0
molecola_2778,5,0,5,0.0011208485811948776,0
molecola_2778,6,0,6,0.0007336511625908315,0
molecola_2778,7,0,7,0.0008492436027154326,0
molecola_2778,8,0,8,0.0007804195629432797,0
molecola_2778,9,0,9,0.0007804195629432797,0
molecola_2778,10,1,10,0.9531603455543518,1
molecola_2778,11,1,11,0.9363039135932922,1
molecola_2778,12,0,12,0.016388798132538795,0
molecola_2778,13,0,13,0.006202926393598318,0
molecola_2778,14,0,14,0.002526837633922696,0
molecola_2778,15,0,15,0.0012420346029102802,0
molecola_2778,16,0,16,0.002526837633922696,0
molecola_2778,17,0,17,0.006202926393598318,0
molecola_2778,18,0,18,0.0021190291736274958,0
molecola_2778,19,0,19,0.00262644630856812,0
molecola_2778,20,0,20,0.0023798744659870863,0
molecola_2780,1,0,1,0.029405126348137856,0
molecola_2780,2,0,2,0.09550890326499939,0
molecola_2780,3,0,3,0.29906365275382996,0
molecola_2780,4,0,4,0.08327323198318481,0
molecola_2780,5,0,5,0.014975898899137974,0
molecola_2780,6,0,6,0.001846294617280364,0
molecola_2780,7,0,7,0.0018829088658094406,0
molecola_2780,8,0,8,0.0012471794616430998,0
molecola_2780,9,0,9,0.0007173926569521427,0
molecola_2780,10,0,10,0.002117736963555217,0
molecola_2780,11,0,11,0.001163662294857204,0
molecola_2780,12,0,12,0.0014962550485506654,0
molecola_2780,13,0,13,0.00237279012799263,0
molecola_2780,14,0,14,0.012859171256422997,0
molecola_2780,15,0,15,0.012859171256422997,0
molecola_2780,16,0,16,0.0010371394455432892,0
molecola_2780,17,0,17,0.0020669223740696907,0
molecola_2780,18,0,18,0.07002737373113632,0
molecola_2780,19,0,19,0.06664682924747467,0
molecola_2780,20,0,20,0.013512196019291878,0
molecola_2780,21,0,21,0.003231433918699622,0
molecola_2780,22,0,22,0.0008612111560069025,0
molecola_2780,23,0,23,0.0033849379979074,0
molecola_2780,24,0,24,0.0020396243780851364,0
molecola_2780,25,0,25,0.007375227753072977,0
molecola_2780,26,0,26,0.0020396243780851364,0
molecola_2780,27,0,27,0.0033849379979074,0
molecola_2780,28,0,28,0.006287810392677784,0
molecola_2780,29,0,29,0.0061352187767624855,0
molecola_2780,30,0,30,0.024188783019781113,0
molecola_2780,31,1,31,0.9939362406730652,1
molecola_2780,32,1,32,0.9682629704475403,1
molecola_2780,33,1,33,0.9682629704475403,1
molecola_28263,1,1,1,0.8878903985023499,1
molecola_28263,2,1,2,0.9817964434623718,1
molecola_28263,3,0,3,0.8878903985023499,1
molecola_28263,4,0,4,0.830879271030426,1
molecola_28263,5,0,5,0.024971025064587593,0
molecola_28263,6,0,6,0.0017459315713495016,0
molecola_28263,7,0,7,0.004773985128849745,0
molecola_28263,8,0,8,0.00639357790350914,0
molecola_28263,9,0,9,0.0019674543291330338,0
molecola_28263,10,0,10,0.0015471434453502297,0
molecola_28263,11,0,11,0.002960836049169302,0
molecola_28263,12,0,12,0.0074048954993486404,0
molecola_28263,13,0,13,0.013884400017559528,0
molecola_28263,14,0,14,0.06660501658916473,0
molecola_28263,15,0,15,0.1255527287721634,0
molecola_28263,16,0,16,0.12223252654075623,0
molecola_28263,17,0,17,0.07177457213401794,0
molecola_28263,18,0,18,0.006752549204975367,0
molecola_28263,19,0,19,0.012282967567443848,0
molecola_28263,20,0,20,0.0012129251845180988,0
molecola_28263,21,0,21,0.0008235060959123075,0
molecola_28263,22,0,22,0.0008235060959123075,0
molecola_28263,23,0,23,0.0011690998217090964,0
molecola_28263,24,0,24,0.001925661345012486,0
molecola_28263,25,0,25,0.007188695482909679,0
molecola_28263,26,0,26,0.0044138142839074135,0
molecola_28263,27,0,27,0.0011720965849235654,0
molecola_28263,28,0,28,0.007188695482909679,0
molecola_28263,29,0,29,0.001925661345012486,0
molecola_28296,1,0,1,0.0017405719263479114,0
molecola_28296,2,0,2,0.002012331038713455,0
molecola_28296,3,0,3,0.0017405719263479114,0
molecola_28296,4,0,4,0.0009497680584900081,0
molecola_28296,5,0,5,0.0026155852247029543,0
molecola_28296,6,0,6,0.0010875096777454019,0
molecola_28296,7,0,7,0.0009697635541670024,0
molecola_28296,8,0,8,0.0010073838056996465,0
molecola_28296,9,0,9,0.0013485959498211741,0
molecola_28296,10,0,10,0.0010073838056996465,0
molecola_28296,11,0,11,0.0009697635541670024,0
molecola_28296,12,0,12,0.001822198391892016,0
molecola_28296,13,0,13,0.0007973596220836043,0
molecola_28296,14,0,14,0.002619824605062604,0
molecola_28296,15,0,15,0.0016027535311877728,0
molecola_28296,16,0,16,0.007404244039207697,0
molecola_28296,17,0,17,0.6764371991157532,1
molecola_28296,18,0,18,0.05387970432639122,0
molecola_28296,19,1,19,0.9894692897796631,1
molecola_28296,20,0,20,0.22710393369197845,0
molecola_28296,21,0,21,0.0011614066315814853,0
molecola_28296,22,0,22,0.0036134731490164995,0
molecola_28296,23,0,23,0.0008784022065810859,0
molecola_28296,24,0,24,0.010990461334586143,0
molecola_28296,25,0,25,0.0068446495570242405,0
molecola_28296,26,0,26,0.057539794594049454,0
molecola_28296,27,0,27,0.0014017345383763313,0
molecola_28296,28,0,28,0.005358101334422827,0
molecola_28296,29,0,29,0.0007625736179761589,0
molecola_28296,30,0,30,0.0035900375805795193,0
molecola_28296,31,0,31,0.12303242832422256,0
molecola_28309,1,0,1,0.960290253162384,1
molecola_28309,2,0,2,0.9575456380844116,1
molecola_28309,3,0,3,0.3762417733669281,0
molecola_28309,4,0,4,0.16902104020118713,0
molecola_28309,5,0,5,0.7708954215049744,1
molecola_28309,6,0,6,0.9807091951370239,1
molecola_28309,7,0,7,0.887890636920929,1
molecola_28309,8,0,8,0.887890636920929,1
molecola_28309,9,0,9,0.6095240116119385,1
molecola_28309,10,0,10,0.3966524600982666,0
molecola_28309,11,0,11,0.029408365488052368,0
molecola_28309,12,0,12,0.02460242062807083,0
molecola_28309,13,0,13,0.3582704961299896,0
molecola_28309,14,0,14,0.6362794637680054,1
molecola_28309,15,1,15,0.968316376209259,1
molecola_28309,16,1,16,0.9648975729942322,1
molecola_28309,17,0,17,0.48004385828971863,0
molecola_28309,18,0,18,0.06277358531951904,0
molecola_28309,19,0,19,0.028850190341472626,0
molecola_28309,20,0,20,0.004344312008470297,0
molecola_28309,21,0,21,0.03338181599974632,0
molecola_28309,22,0,22,0.034973565489053726,0
molecola_28309,23,0,23,0.7689266800880432,1
molecola_28309,24,0,24,0.9810210466384888,1
molecola_28309,25,0,25,0.8878907561302185,1
molecola_28309,26,0,26,0.8878907561302185,1
molecola_28338,1,1,1,0.9677737951278687,1
molecola_28338,2,1,2,0.9938306212425232,1
molecola_28338,3,1,3,0.9677737951278687,1
molecola_28338,4,0,4,0.013564522378146648,0
molecola_28338,5,0,5,0.004164988175034523,0
molecola_28338,6,0,6,0.0021654085721820593,0
molecola_28338,7,0,7,0.0014441905077546835,0
molecola_28338,8,0,8,0.0021654085721820593,0
molecola_28338,9,0,9,0.004164988175034523,0
molecola_28338,10,0,10,0.002098137978464365,0
molecola_28338,11,0,11,0.0010947780683636665,0
molecola_28338,12,0,12,0.0010947780683636665,0
molecola_28338,13,0,13,0.0016036136075854301,0
molecola_28338,14,0,14,0.002459996845573187,0
molecola_28338,15,0,15,0.0008616737322881818,0
molecola_28338,16,0,16,0.0013839072780683637,0
molecola_28338,17,0,17,0.0020290317479521036,0
molecola_28338,18,0,18,0.011552730575203896,0
molecola_28338,19,0,19,0.0663481056690216,0
molecola_28338,20,0,20,0.0076264915987849236,0
molecola_28338,21,0,21,0.005848177708685398,0
molecola_28338,22,0,22,0.003974019084125757,0
molecola_28338,23,0,23,0.001384876319207251,0
molecola_28338,24,0,24,0.0018006818136200309,0
molecola_28338,25,0,25,0.0016483229119330645,0
molecola_28338,26,0,26,0.0025808587670326233,0
molecola_28338,27,0,27,0.002190563129261136,0
molecola_28338,28,0,28,0.001284007797949016,0
molecola_28338,29,0,29,0.002190563129261136,0
molecola_28338,30,0,30,0.0025808587670326233,0
molecola_28338,31,0,31,0.001263872254639864,0
molecola_28338,32,0,32,0.0007211729534901679,0
molecola_28338,33,0,33,0.0007211729534901679,0
molecola_28338,34,0,34,0.0007211729534901679,0
molecola_28338,35,0,35,0.0012879333226010203,0
molecola_28493,1,0,1,0.0009821010753512383,0
molecola_28493,2,0,2,0.001040400704368949,0
molecola_28493,3,0,3,0.0009821010753512383,0
molecola_28493,4,0,4,0.0025112542789429426,0
molecola_28493,5,0,5,0.007090678438544273,0
molecola_28493,6,0,6,0.11157504469156265,0
molecola_28493,7,0,7,0.16539321839809418,0
molecola_28493,8,0,8,0.1669166535139084,0
molecola_28493,9,0,9,0.7951498031616211,1
molecola_28493,10,0,10,0.0038072222378104925,0
molecola_28493,11,0,11,0.0032068730797618628,0
molecola_28493,12,0,12,0.0029731306713074446,0
molecola_28493,13,0,13,0.02563231997191906,0
molecola_28493,14,0,14,0.06232796981930733,0
molecola_28493,15,0,15,0.02563231997191906,0
molecola_28493,16,0,16,0.0029731306713074446,0
molecola_28493,17,0,17,0.14811237156391144,0
molecola_28493,18,0,18,0.08148983865976334,0
molecola_28493,19,0,19,0.7906909584999084,1
molecola_28493,20,0,20,0.0010892178397625685,0
molecola_28493,21,0,21,0.003269947599619627,0
molecola_28493,22,1,22,0.9731806516647339,1
molecola_28493,23,1,23,0.9727808237075806,1
molecola_28493,24,0,24,0.18123666942119598,0
molecola_28493,25,0,25,0.006826288532465696,0
molecola_28773,1,0,1,0.0021933706011623144,0
molecola_28773,2,0,2,0.002016557613387704,0
molecola_28773,3,0,3,0.0037582283839583397,0
molecola_28773,4,0,4,0.002328906673938036,0
molecola_28773,5,0,5,0.07399822771549225,0
molecola_28773,6,0,6,0.06110469624400139,0
molecola_28773,7,0,7,0.37774598598480225,0
molecola_28773,8,0,8,0.19774630665779114,0
molecola_28773,9,0,9,0.06318104267120361,0
molecola_28773,10,0,10,0.009156998246908188,0
molecola_28773,11,0,11,0.002102617407217622,0
molecola_28773,12,0,12,0.15004754066467285,0
molecola_28773,13,0,13,0.02503209374845028,0
molecola_28773,14,0,14,0.02610407955944538,0
molecola_28773,15,0,15,0.06407987326383591,0
molecola_28773,16,0,16,0.09078340977430344,0
molecola_28773,17,0,17,0.6458818912506104,1
molecola_28773,18,0,18,0.05468405783176422,0
molecola_28773,19,1,19,0.9894692897796631,1
molecola_28773,20,0,20,0.42267102003097534,0
molecola_28773,21,0,21,0.013739845715463161,0
molecola_28773,22,0,22,0.9480598568916321,1
molecola_28773,23,0,23,0.9652527570724487,1
molecola_28773,24,0,24,0.10849708318710327,0
molecola_28773,25,0,25,0.42915093898773193,0
molecola_28773,26,0,26,0.9701526165008545,1
molecola_28773,27,0,27,0.8734850287437439,1
molecola_28773,28,0,28,0.8734850287437439,1
molecola_28773,29,0,29,0.9734117984771729,1
molecola_28773,30,0,30,0.9699416160583496,1
molecola_28906,1,1,1,0.9894692897796631,1
molecola_28906,2,0,2,0.05527401342988014,0
molecola_28906,3,0,3,0.5687142014503479,1
molecola_28906,4,0,4,0.15892380475997925,0
molecola_28906,5,0,5,0.11340870708227158,0
molecola_28906,6,0,6,0.04777940362691879,0
molecola_28906,7,0,7,0.43376925587654114,0
molecola_28906,8,0,8,0.15475337207317352,0
molecola_28906,9,0,9,0.2448270469903946,0
molecola_28906,10,0,10,0.22994117438793182,0
molecola_28906,11,0,11,0.17392240464687347,0
molecola_28906,12,0,12,0.06586459279060364,0
molecola_28906,13,0,13,0.06094827875494957,0
molecola_28906,14,0,14,0.12511010468006134,0
molecola_28906,15,0,15,0.11993265151977539,0
molecola_28906,16,0,16,0.07234341651201248,0
molecola_28906,17,0,17,0.08772768080234528,0
molecola_28906,18,0,18,0.025889400392770767,0
molecola_2911,1,0,1,0.22829583287239075,0
molecola_2911,2,0,2,0.11036036908626556,0
molecola_2911,3,0,3,0.1416856348514557,0
molecola_2911,4,0,4,0.06007948890328407,0
molecola_2911,5,0,5,0.04138863831758499,0
molecola_2911,6,0,6,0.002240054775029421,0
molecola_2911,7,0,7,0.0012846352765336633,0
molecola_2911,8,0,8,0.00588058028370142,0
molecola_2911,9,0,9,0.003018425777554512,0
molecola_2911,10,0,10,0.20099101960659027,0
molecola_2911,11,0,11,0.358333557844162,0
molecola_2911,12,0,12,0.1906261295080185,0
molecola_2911,13,1,13,0.9866576790809631,1
molecola_2911,14,0,14,0.002627420937642455,0
molecola_2911,15,0,15,0.0009337603696621954,0
molecola_2911,16,0,16,0.0012276149354875088,0
molecola_2911,17,0,17,0.0030354070477187634,0
molecola_2911,18,0,18,0.0031449191737920046,0
molecola_2911,19,0,19,0.017400570213794708,0
molecola_2911,20,0,20,0.003491620533168316,0
molecola_2911,21,0,21,0.002300397027283907,0
molecola_2911,22,0,22,0.001769841299392283,0
molecola_2911,23,0,23,0.005359781440347433,0
molecola_2911,24,0,24,0.0019746264442801476,0
molecola_2911,25,0,25,0.0008379083010368049,0
molecola_2911,26,0,26,0.0014080762630328536,0
molecola_2911,27,0,27,0.0010471311397850513,0
molecola_2911,28,0,28,0.00224914588034153,0
molecola_2911,29,0,29,0.002071854891255498,0
molecola_2911,30,0,30,0.0011497539235278964,0
molecola_2911,31,0,31,0.00224914588034153,0
molecola_2911,32,0,32,0.0010471311397850513,0
molecola_2911,33,0,33,0.0016076036263257265,0
molecola_29118,1,1,1,0.9420411586761475,1
molecola_29118,2,1,2,0.9368008971214294,1
molecola_29118,3,0,3,0.20079272985458374,0
molecola_29118,4,0,4,0.051293566823005676,0
molecola_29118,5,0,5,0.003301670541986823,0
molecola_29118,6,0,6,0.017402518540620804,0
molecola_29118,7,0,7,0.004552505444735289,0
molecola_29118,8,0,8,0.002092248760163784,0
molecola_29118,9,0,9,0.0018350825412198901,0
molecola_29118,10,0,10,0.0015313820913434029,0
molecola_29118,11,0,11,0.0012789462925866246,0
molecola_29118,12,0,12,0.0016818806761875749,0
molecola_29118,13,0,13,0.0017364209052175283,0
molecola_29118,14,0,14,0.0199138130992651,0
molecola_29118,15,0,15,0.0640481635928154,0
molecola_29118,16,0,16,0.0199138130992651,0
molecola_29118,17,0,17,0.0017364209052175283,0
molecola_29232,1,0,1,0.003521363250911236,0
molecola_29232,2,0,2,0.0199651587754488,0
molecola_29232,3,0,3,0.0014071916230022907,0
molecola_29232,4,0,4,0.6569200158119202,1
molecola_29232,5,0,5,0.000949095468968153,0
molecola_29232,6,0,6,0.0016501176869496703,0
molecola_29232,7,0,7,0.0015493060927838087,0
molecola_29232,8,0,8,0.03767678141593933,0
molecola_29232,9,0,9,0.3239893913269043,0
molecola_29232,10,0,10,0.06994271278381348,0
molecola_29232,11,1,11,0.9898910522460938,1
molecola_29232,12,0,12,0.03164583444595337,0
molecola_29232,13,0,13,0.00486957048997283,0
molecola_29232,14,0,14,0.002016075886785984,0
molecola_29232,15,0,15,0.0011088320752605796,0
molecola_29232,16,0,16,0.007532575633376837,0
molecola_29232,17,0,17,0.002808893332257867,0
molecola_29297,1,1,1,0.08379839360713959,0
molecola_29297,2,0,2,0.050029657781124115,0
molecola_29297,3,0,3,0.05541127175092697,0
molecola_29297,4,1,4,0.03959756717085838,0
molecola_29297,5,0,5,0.008620562963187695,0
molecola_29297,6,0,6,0.0042766183614730835,0
molecola_29297,7,0,7,0.018695654347538948,0
molecola_29297,8,1,8,0.1078447476029396,0
molecola_29297,9,1,9,0.09624969214200974,0
molecola_29297,10,1,10,0.03465750440955162,0
molecola_29297,11,0,11,0.04005438834428787,0
molecola_29297,12,0,12,0.0046899085864424706,0
molecola_29297,13,0,13,0.0046899085864424706,0
molecola_29297,14,0,14,0.04005438834428787,0
molecola_29297,15,0,15,0.001135053113102913,0
molecola_29297,16,0,16,0.001364703057333827,0
molecola_29297,17,0,17,0.0024922534357756376,0
molecola_29297,18,0,18,0.003948657773435116,0
molecola_29297,19,0,19,0.10783153772354126,0
molecola_29297,20,0,20,0.09168124198913574,0
molecola_29297,21,0,21,0.10783153772354126,0
molecola_29297,22,0,22,0.003948657773435116,0
molecola_29297,23,0,23,0.006068763323128223,0
molecola_29297,24,0,24,0.04810865968465805,0
molecola_29297,25,0,25,0.742425799369812,1
molecola_29297,26,0,26,0.07386137545108795,0
molecola_29297,27,1,27,0.9899919629096985,1
molecola_29297,28,0,28,0.742425799369812,1
molecola_29297,29,0,29,0.04810865968465805,0
molecola_29345,1,0,1,0.07706736773252487,0
molecola_29345,2,0,2,0.039523519575595856,0
molecola_29345,3,0,3,0.023108890280127525,0
molecola_29345,4,0,4,0.024985279887914658,0
molecola_29345,5,0,5,0.009723851457238197,0
molecola_29345,6,0,6,0.07501164078712463,0
molecola_29345,7,0,7,0.014178303070366383,0
molecola_29345,8,0,8,0.0029352293349802494,0
molecola_29345,9,0,9,0.03225009888410568,0
molecola_29345,10,0,10,0.040465522557497025,0
molecola_29345,11,0,11,0.0024231616407632828,0
molecola_29345,12,0,12,0.005422011483460665,0
molecola_29345,13,0,13,0.0037513396237045527,0
molecola_29345,14,0,14,0.010422852821648121,0
molecola_29345,15,0,15,0.9404597878456116,1
molecola_29345,16,0,16,0.8782963752746582,1
molecola_29345,17,0,17,0.9760971069335938,1
molecola_29345,18,0,18,0.9812720417976379,1
molecola_29345,19,0,19,0.81099933385849,1
molecola_29345,20,0,20,0.003286234801635146,0
molecola_29345,21,0,21,0.001768537680618465,0
molecola_29345,22,0,22,0.003403116948902607,0
molecola_29345,23,0,23,0.006646222900599241,0
molecola_29345,24,0,24,0.0130905881524086,0
molecola_29345,25,0,25,0.006646222900599241,0
molecola_29345,26,0,26,0.003403116948902607,0
molecola_29345,27,1,27,0.9938306212425232,1
molecola_29345,28,0,28,0.9677737951278687,1
molecola_29345,29,1,29,0.9677737951278687,1
molecola_29360,1,0,1,0.008648653514683247,0
molecola_29360,2,0,2,0.019560908898711205,0
molecola_29360,3,0,3,0.0012977182632312179,0
molecola_29360,4,0,4,0.002468575956299901,0
molecola_29360,5,0,5,0.001974237384274602,0
molecola_29360,6,0,6,0.006501725409179926,0
molecola_29360,7,0,7,0.30041608214378357,0
molecola_29360,8,0,8,0.7977122664451599,1
molecola_29360,9,1,9,0.9808349013328552,1
molecola_29360,10,0,10,0.8878907561302185,1
molecola_29360,11,1,11,0.8878907561302185,1
molecola_29360,12,0,12,0.003975731320679188,0
molecola_29360,13,1,13,0.9935197234153748,1
molecola_29360,14,0,14,0.9685377478599548,1
molecola_29360,15,1,15,0.9685377478599548,1
molecola_29360,16,0,16,0.0024990958627313375,0
molecola_29360,17,0,17,0.003200006205588579,0
molecola_29374,1,0,1,0.0014454466290771961,0
molecola_29374,2,0,2,0.006564544513821602,0
molecola_29374,3,0,3,0.0019214005442336202,0
molecola_29374,4,0,4,0.002224068157374859,0
molecola_29374,5,0,5,0.005420772358775139,0
molecola_29374,6,0,6,0.00225555500946939,0
molecola_29374,7,0,7,0.0014298107707872987,0
molecola_29374,8,0,8,0.0017537018284201622,0
molecola_29374,9,0,9,0.003069134894758463,0
molecola_29374,10,0,10,0.003069134894758463,0
molecola_29374,11,1,11,0.9713167548179626,1
molecola_29374,12,1,12,0.9727218151092529,1
molecola_29374,13,0,13,0.0011204525362700224,0
molecola_29374,14,0,14,0.0016461240593343973,0
molecola_29374,15,0,15,0.0034795000683516264,0
molecola_29374,16,0,16,0.021593723446130753,0
molecola_29374,17,0,17,0.06503856182098389,0
molecola_29374,18,0,18,0.011608419939875603,0
molecola_29374,19,0,19,0.06904494762420654,0
molecola_29374,20,0,20,0.11770257353782654,0
molecola_29374,21,0,21,0.12281212955713272,0
molecola_29374,22,0,22,0.06456413865089417,0
molecola_29374,23,0,23,0.002010217634961009,0
molecola_2948,1,1,1,0.8859229683876038,1
molecola_2948,2,1,2,0.9095680713653564,1
molecola_2948,3,1,3,0.9853736162185669,1
molecola_2948,4,0,4,0.8899995684623718,1
molecola_2948,5,1,5,0.8899995684623718,1
molecola_2948,6,0,6,0.0032679634168744087,0
molecola_2948,7,0,7,0.00127615116070956,0
molecola_2948,8,0,8,0.006964821368455887,0
molecola_2948,9,0,9,0.0052577415481209755,0
molecola_2948,10,0,10,0.013298217207193375,0
molecola_2948,11,0,11,0.0010106079280376434,0
molecola_2948,12,0,12,0.0010852711275219917,0
molecola_2948,13,0,13,0.02065507508814335,0
molecola_2948,14,0,14,0.009279259480535984,0
molecola_2948,15,0,15,0.001583655597642064,0
molecola_2948,16,0,16,0.0011382163502275944,0
molecola_2948,17,0,17,0.0007361783646047115,0
molecola_2948,18,0,18,0.0009984337957575917,0
molecola_2948,19,0,19,0.005816393066197634,0
molecola_29508,1,0,1,0.0015623553190380335,0
molecola_29508,2,0,2,0.0013279963750392199,0
molecola_29508,3,0,3,0.0008199239382520318,0
molecola_29508,4,0,4,0.004012265242636204,0
molecola_29508,5,0,5,0.0013281829888001084,0
molecola_29508,6,0,6,0.0011788252741098404,0
molecola_29508,7,0,7,0.0014310604892671108,0
molecola_29508,8,0,8,0.007628649938851595,0
molecola_29508,9,0,9,0.018035132437944412,0
molecola_29508,10,0,10,0.05760926008224487,0
molecola_29508,11,0,11,0.042234133929014206,0
molecola_29508,12,0,12,0.06045212596654892,0
molecola_29508,13,0,13,0.6515917778015137,1
molecola_29508,14,0,14,0.055083390325307846,0
molecola_29508,15,1,15,0.9894692897796631,1
molecola_29508,16,0,16,0.4314926862716675,0
molecola_29508,17,0,17,0.007988637313246727,0
molecola_29718,1,0,1,0.2282891720533371,0
molecola_29718,2,0,2,0.10351590067148209,0
molecola_29718,3,0,3,0.1399247795343399,0
molecola_29718,4,0,4,0.14979034662246704,0
molecola_29718,5,1,5,0.9866579174995422,1
molecola_29718,6,0,6,0.22012124955654144,0
molecola_29718,7,0,7,0.18713025748729706,0
molecola_29718,8,0,8,0.09335632622241974,0
molecola_29718,9,0,9,0.05230944603681564,0
molecola_29718,10,0,10,0.039842378348112106,0
molecola_29718,11,0,11,0.008597666397690773,0
molecola_29718,12,0,12,0.003337536472827196,0
molecola_29718,13,0,13,0.07098739594221115,0
molecola_29718,14,0,14,0.17451950907707214,0
molecola_29718,15,0,15,0.9806955456733704,1
molecola_29718,16,0,16,0.006513300817459822,0
molecola_29718,17,0,17,0.010109351016581059,0
molecola_29718,18,0,18,0.01067310944199562,0
molecola_29718,19,0,19,0.062060415744781494,0
molecola_29718,20,0,20,0.01067310944199562,0
molecola_29718,21,0,21,0.010109351016581059,0
molecola_29771,1,0,1,0.0008519356488250196,0
molecola_29771,2,0,2,0.0010187639854848385,0
molecola_29771,3,0,3,0.0008519356488250196,0
molecola_29771,4,0,4,0.0009055854170583189,0
molecola_29771,5,0,5,0.0021785672288388014,0
molecola_29771,6,0,6,0.0008205061894841492,0
molecola_29771,7,0,7,0.000912947696633637,0
molecola_29771,8,0,8,0.0006895001861266792,0
molecola_29771,9,0,9,0.0010092974407598376,0
molecola_29771,10,0,10,0.3867543041706085,0
molecola_29771,11,0,11,0.005786253605037928,0
molecola_29771,12,1,12,0.9705861210823059,1
molecola_29771,13,1,13,0.9707581996917725,1
molecola_29771,14,0,14,0.004081800114363432,0
molecola_2983,1,0,1,0.07655414193868637,0
molecola_2983,2,0,2,0.042014047503471375,0
molecola_2983,3,0,3,0.052082039415836334,0
molecola_2983,4,0,4,0.06987829506397247,0
molecola_2983,5,0,5,0.6664096713066101,1
molecola_2983,6,0,6,0.05455035716295242,0
molecola_2983,7,1,7,0.9894688129425049,1
molecola_2983,8,0,8,0.4896529018878937,0
molecola_2983,9,0,9,0.056450702250003815,0
molecola_2983,10,0,10,0.01795673929154873,0
molecola_2983,11,0,11,0.07636166363954544,0
molecola_2983,12,0,12,0.052106939256191254,0
molecola_2983,13,0,13,0.029681602492928505,0
molecola_2983,14,0,14,0.02281954139471054,0
molecola_2983,15,0,15,0.020203040912747383,0
molecola_2983,16,0,16,0.8530228734016418,1
molecola_2983,17,0,17,0.01162693090736866,0
molecola_2983,18,0,18,0.005668725352734327,0
molecola_2983,19,0,19,0.022588243708014488,0
molecola_2983,20,0,20,0.024021711200475693,0
molecola_2983,21,0,21,0.010756314732134342,0
molecola_2983,22,0,22,0.011557773686945438,0
molecola_2983,23,0,23,0.009905318729579449,0
molecola_29872,1,0,1,0.0302890557795763,0
molecola_29872,2,0,2,0.02162041701376438,0
molecola_29872,3,0,3,0.09058354049921036,0
molecola_29872,4,0,4,0.029577026143670082,0
molecola_29872,5,0,5,0.055144552141427994,0
molecola_29872,6,0,6,0.011167236603796482,0
molecola_29872,7,0,7,0.004133094567805529,0
molecola_29872,8,0,8,0.001980559201911092,0
molecola_29872,9,0,9,0.004239134956151247,0
molecola_29872,10,0,10,0.04275200515985489,0
molecola_29872,11,0,11,0.059998031705617905,0
molecola_29872,12,0,12,0.1403704285621643,0
molecola_29872,13,1,13,0.9688401818275452,1
molecola_29872,14,0,14,0.0017432010499760509,0
molecola_29872,15,0,15,0.0008060252876020968,0
molecola_29872,16,0,16,0.0008060252876020968,0
molecola_29872,17,0,17,0.0008060252876020968,0
molecola_29895,1,0,1,0.22829654812812805,0
molecola_29895,2,0,2,0.10515681654214859,0
molecola_29895,3,0,3,0.13807536661624908,0
molecola_29895,4,0,4,0.17470932006835938,0
molecola_29895,5,0,5,0.46591874957084656,0
molecola_29895,6,0,6,0.38478028774261475,0
molecola_29895,7,0,7,0.12794148921966553,0
molecola_29895,8,0,8,0.02013549394905567,0
molecola_29895,9,0,9,0.03799085319042206,0
molecola_29895,10,0,10,0.06538921594619751,0
molecola_29895,11,0,11,0.6017011404037476,1
molecola_29895,12,0,12,0.35273101925849915,0
molecola_29895,13,0,13,0.24417167901992798,0
molecola_29895,14,0,14,0.013450630009174347,0
molecola_29895,15,0,15,0.007028565276414156,0
molecola_29895,16,0,16,0.012246920727193356,0
molecola_29895,17,0,17,0.006040166597813368,0
molecola_29895,18,0,18,0.0046822382137179375,0
molecola_29895,19,0,19,0.0012484429171308875,0
molecola_29895,20,0,20,0.006040166597813368,0
molecola_29895,21,0,21,0.012246920727193356,0
molecola_29895,22,0,22,0.4317760765552521,0
molecola_29895,23,0,23,0.1750398725271225,0
molecola_29895,24,1,24,0.9866572022438049,1
molecola_29933,1,1,1,0.9779876470565796,1
molecola_29933,2,0,2,0.11270017921924591,0
molecola_29933,3,0,3,0.07640522718429565,0
molecola_29933,4,0,4,0.14135228097438812,0
molecola_29933,5,0,5,0.09569630771875381,0
molecola_29933,6,0,6,0.010183347389101982,0
molecola_29933,7,0,7,0.0019144471734762192,0
molecola_29933,8,0,8,0.013937867246568203,0
molecola_29933,9,0,9,0.09470929950475693,0
molecola_29933,10,0,10,0.03532049432396889,0
molecola_29933,11,0,11,0.1257038116455078,0
molecola_29933,12,0,12,0.07892924547195435,0
molecola_29933,13,0,13,0.12030605226755142,0
molecola_29933,14,0,14,0.12363433092832565,0
molecola_29933,15,0,15,0.06734909862279892,0
molecola_29933,16,0,16,0.14063988626003265,0
molecola_29933,17,0,17,0.2373097985982895,0
molecola_29933,18,0,18,0.3066808581352234,0
molecola_29933,19,0,19,0.13634823262691498,0
molecola_29933,20,0,20,0.3311891257762909,0
molecola_29933,21,0,21,0.1810503602027893,0
molecola_29933,22,0,22,0.03959471732378006,0
molecola_29933,23,0,23,0.04346304014325142,0
molecola_30025,1,0,1,0.0019436705624684691,0
molecola_30025,2,0,2,0.001617060974240303,0
molecola_30025,3,0,3,0.0017229001969099045,0
molecola_30025,4,0,4,0.001963458489626646,0
molecola_30025,5,0,5,0.7292450666427612,1
molecola_30025,6,0,6,0.004278984852135181,0
molecola_30025,7,0,7,0.02652282826602459,0
molecola_30025,8,0,8,0.004318457096815109,0
molecola_30025,9,0,9,0.004831553436815739,0
molecola_30025,10,0,10,0.004318457096815109,0
molecola_30025,11,0,11,0.02652282826602459,0
molecola_30025,12,0,12,0.003429926699027419,0
molecola_30025,13,0,13,0.004494958091527224,0
molecola_30025,14,0,14,0.004494958091527224,0
molecola_30025,15,0,15,0.0024105075281113386,0
molecola_30025,16,0,16,0.009150203317403793,0
molecola_30025,17,0,17,0.0010499786585569382,0
molecola_30025,18,0,18,0.00120822514872998,0
molecola_30025,19,0,19,0.0010967259295284748,0
molecola_30025,20,0,20,0.005872691981494427,0
molecola_30025,21,0,21,0.0028028441593050957,0
molecola_30025,22,0,22,0.0025302928406745195,0
molecola_30025,23,0,23,0.0008928962633945048,0
molecola_30025,24,0,24,0.0013850722461938858,0
molecola_30025,25,0,25,0.01527077704668045,0
molecola_30025,26,0,26,0.8502070903778076,1
molecola_30025,27,1,27,0.9764819741249084,1
molecola_30025,28,0,28,0.887890636920929,1
molecola_30025,29,1,29,0.887890636920929,1
molecola_30025,30,0,30,0.0033742752857506275,0
molecola_30025,31,0,31,0.029279788956046104,0
molecola_30025,32,0,32,0.27984142303466797,0
molecola_30025,33,0,33,0.5923205018043518,1
molecola_30025,34,0,34,0.3003474473953247,0
molecola_30025,35,0,35,0.11720944941043854,0
molecola_3017,1,0,1,0.004830184858292341,0
molecola_3017,2,0,2,0.009274053387343884,0
molecola_3017,3,0,3,0.010337743908166885,0
molecola_3017,4,0,4,0.0019379201112315059,0
molecola_3017,5,0,5,0.021618882194161415,0
molecola_3017,6,0,6,0.013546421192586422,0
molecola_3017,7,0,7,0.025055600330233574,0
molecola_3017,8,1,8,0.8068000078201294,1
molecola_3017,9,1,9,0.9815873503684998,1
molecola_3017,10,1,10,0.8974313735961914,1
molecola_3017,11,1,11,0.8974313735961914,1
molecola_3017,12,0,12,0.05576224997639656,0
molecola_3017,13,0,13,0.02332201413810253,0
molecola_3017,14,0,14,0.009736031293869019,0
molecola_3017,15,0,15,0.009188761003315449,0
molecola_3017,16,0,16,0.009736031293869019,0
molecola_3017,17,0,17,0.02332201413810253,0
molecola_30299,1,0,1,0.968268632888794,1
molecola_30299,2,0,2,0.9939336180686951,1
molecola_30299,3,0,3,0.968268632888794,1
molecola_30299,4,0,4,0.02090206742286682,0
molecola_30299,5,0,5,0.011607123538851738,0
molecola_30299,6,0,6,0.10181309282779694,0
molecola_30299,7,0,7,0.36565646529197693,0
molecola_30299,8,0,8,0.46561482548713684,0
molecola_30299,9,0,9,0.53230220079422,1
molecola_30299,10,0,10,0.3643072843551636,0
molecola_30299,11,0,11,0.14195825159549713,0
molecola_30299,12,0,12,0.18365062773227692,0
molecola_30299,13,0,13,0.11984623968601227,0
molecola_30299,14,0,14,0.15271490812301636,0
molecola_30299,15,0,15,0.0942392498254776,0
molecola_30299,16,0,16,0.12989675998687744,0
molecola_30299,17,1,17,0.9808979630470276,1
molecola_30299,18,0,18,0.3869512677192688,0
molecola_30299,19,0,19,0.0032716761343181133,0
molecola_30299,20,0,20,0.0013741047587245703,0
molecola_30299,21,0,21,0.00647009490057826,0
molecola_30299,22,0,22,0.001895200228318572,0
molecola_30299,23,0,23,0.0026553254574537277,0
molecola_30299,24,0,24,0.002403481863439083,0
molecola_30482,1,0,1,0.08005665987730026,0
molecola_30482,2,0,2,0.04113283380866051,0
molecola_30482,3,0,3,0.0416494756937027,0
molecola_30482,4,0,4,0.018670571967959404,0
molecola_30482,5,0,5,0.004178829491138458,0
molecola_30482,6,0,6,0.04724624752998352,0
molecola_30482,7,0,7,0.04829363524913788,0
molecola_30482,8,0,8,0.018409576267004013,0
molecola_30482,9,0,9,0.0014260405441746116,0
molecola_30482,10,0,10,0.00909657496958971,0
molecola_30482,11,0,11,0.005153241101652384,0
molecola_30482,12,0,12,0.008231538347899914,0
molecola_30482,13,0,13,0.006028720177710056,0
molecola_30482,14,0,14,0.0012291441671550274,0
molecola_30482,15,0,15,0.020864276215434074,0
molecola_30482,16,0,16,0.001023522112518549,0
molecola_30482,17,0,17,0.0017339718760922551,0
molecola_30482,18,0,18,0.0007509338320232928,0
molecola_30482,19,1,19,0.9939296245574951,1
molecola_30482,20,1,20,0.9682629704475403,1
molecola_30482,21,1,21,0.9682629704475403,1
molecola_30482,22,0,22,0.03231213614344597,0
molecola_30482,23,0,23,0.0023717877920717,0
molecola_30482,24,0,24,0.0023717877920717,0
molecola_30552,1,0,1,0.0008892369223758578,0
molecola_30552,2,0,2,0.0010729143396019936,0
molecola_30552,3,0,3,0.003014453686773777,0
molecola_30552,4,0,4,0.0012698052451014519,0
molecola_30552,5,0,5,0.0007546781562268734,0
molecola_30552,6,0,6,0.005129320081323385,0
molecola_30552,7,0,7,0.005171284545212984,0
molecola_30552,8,0,8,0.007905051112174988,0
molecola_30552,9,0,9,0.01798781007528305,0
molecola_30552,10,0,10,0.07904106378555298,0
molecola_30552,11,0,11,0.09246349334716797,0
molecola_30552,12,0,12,0.6458774209022522,1
molecola_30552,13,0,13,0.0551878958940506,0
molecola_30552,14,1,14,0.9894692897796631,1
molecola_30552,15,0,15,0.46563220024108887,0
molecola_30552,16,0,16,0.19369791448116302,0
molecola_30552,17,0,17,0.08597248047590256,0
molecola_30552,18,0,18,0.19897134602069855,0
molecola_30552,19,0,19,0.0016086946707218885,0
molecola_30552,20,0,20,0.0016049547120928764,0
molecola_30552,21,0,21,0.023933546617627144,0
molecola_30552,22,0,22,0.04838325083255768,0
molecola_30552,23,0,23,0.01573093608021736,0
molecola_30552,24,0,24,0.004262079950422049,0
molecola_30552,25,0,25,0.0007355416310019791,0
molecola_30552,26,0,26,0.0007355416310019791,0
molecola_30552,27,0,27,0.0007355416310019791,0
molecola_30552,28,0,28,0.023933546617627144,0
molecola_30552,29,0,29,0.0016049547120928764,0
molecola_30612,1,1,1,0.8879570364952087,1
molecola_30612,2,1,2,0.9859635233879089,1
molecola_30612,3,1,3,0.8879570364952087,1
molecola_30612,4,1,4,0.8483432531356812,1
molecola_30612,5,0,5,0.004251691047102213,0
molecola_30612,6,0,6,0.004039780702441931,0
molecola_30612,7,0,7,0.006690020672976971,0
molecola_30612,8,0,8,0.014799256809055805,0
molecola_30612,9,0,9,0.006690020672976971,0
molecola_30612,10,0,10,0.004039780702441931,0
molecola_30612,11,0,11,0.016660915687680244,0
molecola_30612,12,0,12,0.07449184358119965,0
molecola_30612,13,0,13,0.056918755173683167,0
molecola_30612,14,0,14,0.07937156409025192,0
molecola_30612,15,0,15,0.056918755173683167,0
molecola_30612,16,0,16,0.07449184358119965,0
molecola_30634,1,0,1,0.07712385803461075,0
molecola_30634,2,0,2,0.029226144775748253,0
molecola_30634,3,0,3,0.01905573345720768,0
molecola_30634,4,0,4,0.054942552000284195,0
molecola_30634,5,0,5,0.04365664720535278,0
molecola_30634,6,0,6,0.07158588618040085,0
molecola_30634,7,0,7,0.061015043407678604,0
molecola_30634,8,0,8,0.08000002056360245,0
molecola_30634,9,0,9,0.02774178422987461,0
molecola_30634,10,0,10,0.0014408598653972149,0
molecola_30634,11,0,11,0.005018330179154873,0
molecola_30634,12,0,12,0.0032497162465006113,0
molecola_30634,13,0,13,0.0006968256784603,0
molecola_30634,14,0,14,0.0011560863349586725,0
molecola_30634,15,0,15,0.0011505602160468698,0
molecola_30634,16,0,16,0.01892935484647751,0
molecola_30634,17,0,17,0.025371428579092026,0
molecola_30634,18,0,18,0.002892100252211094,0
molecola_30634,19,0,19,0.0008722320781089365,0
molecola_30634,20,0,20,0.000798103807028383,0
molecola_30634,21,0,21,0.0007765083573758602,0
molecola_30634,22,0,22,0.0007765083573758602,0
molecola_30634,23,0,23,0.0007765083573758602,0
molecola_30634,24,0,24,0.06623201817274094,0
molecola_30634,25,0,25,0.1504790186882019,0
molecola_30634,26,0,26,0.04263758286833763,0
molecola_30634,27,0,27,0.034799110144376755,0
molecola_30634,28,0,28,0.0019011733820661902,0
molecola_30634,29,0,29,0.663078248500824,1
molecola_30634,30,0,30,0.01599159464240074,0
molecola_30634,31,0,31,0.04116777330636978,0
molecola_30634,32,1,32,0.771140992641449,1
molecola_30634,33,1,33,0.9811546206474304,1
molecola_30634,34,0,34,0.8878907561302185,1
molecola_30634,35,1,35,0.8878907561302185,1
molecola_30634,36,0,36,0.001363849500194192,0
molecola_30634,37,0,37,0.0041464148089289665,0
molecola_30634,38,0,38,0.007532304618507624,0
molecola_30634,39,0,39,0.04737761989235878,0
molecola_30634,40,0,40,0.007532304618507624,0
molecola_30634,41,0,41,0.0041464148089289665,0
molecola_30634,42,0,42,0.22124888002872467,0
molecola_30634,43,0,43,0.21088851988315582,0
molecola_30634,44,0,44,0.009901910088956356,0
molecola_30634,45,0,45,0.0016512734582647681,0
molecola_30839,1,0,1,0.00398149061948061,0
molecola_30839,2,0,2,0.0030037446413189173,0
molecola_30839,3,0,3,0.0011829748982563615,0
molecola_30839,4,0,4,0.007739012595266104,0
molecola_30839,5,0,5,0.0015755631029605865,0
molecola_30839,6,0,6,0.001435460988432169,0
molecola_30839,7,0,7,0.016832543537020683,0
molecola_30839,8,0,8,0.03932623937726021,0
molecola_30839,9,0,9,0.21601895987987518,0
molecola_30839,10,0,10,0.8482288122177124,1
molecola_30839,11,1,11,0.9785321950912476,1
molecola_30839,12,0,12,0.8971379995346069,1
molecola_30839,13,1,13,0.8971379995346069,1
molecola_30839,14,0,14,0.016832543537020683,0
molecola_30839,15,0,15,0.001435460988432169,0
molecola_30839,16,0,16,0.0016081234207376838,0
molecola_30839,17,0,17,0.0012555418070405722,0
molecola_30839,18,0,18,0.0090165501460433,0
molecola_30839,19,0,19,0.00909604225307703,0
molecola_30839,20,0,20,0.007935204543173313,0
molecola_30839,21,0,21,0.025624841451644897,0
molecola_30839,22,0,22,0.00900057889521122,0
molecola_30839,23,0,23,0.017480352893471718,0
molecola_30839,24,0,24,0.49660441279411316,0
molecola_30839,25,0,25,0.5893491506576538,1
molecola_30839,26,0,26,0.5769562125205994,1
molecola_30839,27,0,27,0.5329679250717163,1
molecola_30839,28,0,28,0.5409740209579468,1
molecola_30839,29,0,29,0.5830026865005493,1
molecola_30839,30,0,30,0.531556248664856,1
molecola_30839,31,0,31,0.5792846083641052,1
molecola_30839,32,0,32,0.5327721834182739,1
molecola_30839,33,0,33,0.6226422786712646,1
molecola_30839,34,0,34,0.6690906882286072,1
molecola_30839,35,0,35,0.6690906882286072,1
molecola_30839,36,0,36,0.0011277126614004374,0
molecola_30839,37,0,37,0.0007773541728965938,0
molecola_30839,38,0,38,0.0020057782530784607,0
molecola_30839,39,0,39,0.0056274146772921085,0
molecola_30839,40,0,40,0.004203237593173981,0
molecola_30839,41,0,41,0.0014101658016443253,0
molecola_30839,42,0,42,0.0009123425115831196,0
molecola_30839,43,0,43,0.0009133513667620718,0
molecola_30839,44,0,44,0.0005662968032993376,0
molecola_30975,1,0,1,0.003088220488280058,0
molecola_30975,2,0,2,0.0016802768222987652,0
molecola_30975,3,0,3,0.0012265759287402034,0
molecola_30975,4,0,4,0.0014421598752960563,0
molecola_30975,5,0,5,0.005523591302335262,0
molecola_30975,6,0,6,0.0015103070763871074,0
molecola_30975,7,0,7,0.3049260079860687,0
molecola_30975,8,0,8,0.004993051290512085,0
molecola_30975,9,0,9,0.004993051290512085,0
molecola_30975,10,0,10,0.013207108713686466,0
molecola_30975,11,0,11,0.06797897070646286,0
molecola_30975,12,0,12,0.6833090782165527,1
molecola_30975,13,0,13,0.05507669970393181,0
molecola_30975,14,1,14,0.9894692897796631,1
molecola_30975,15,0,15,0.44350969791412354,0
molecola_30975,16,0,16,0.008684089407324791,0
molecola_30995,1,0,1,0.9899919629096985,1
molecola_30995,2,0,2,0.055874019861221313,0
molecola_30995,3,0,3,0.6848865151405334,1
molecola_30995,4,0,4,0.06617587059736252,0
molecola_30995,5,0,5,0.05049305409193039,0
molecola_30995,6,0,6,0.06617587059736252,0
molecola_30995,7,0,7,0.6848865151405334,1
molecola_30995,8,0,8,0.1621922105550766,0
molecola_30995,9,0,9,0.19036157429218292,0
molecola_30995,10,0,10,0.14961716532707214,0
molecola_30995,11,0,11,0.1240914836525917,0
molecola_30995,12,0,12,0.07272196561098099,0
molecola_30995,13,0,13,0.14617528021335602,0
molecola_30995,14,0,14,0.9555383324623108,1
molecola_30995,15,0,15,0.055611804127693176,0
molecola_30995,16,0,16,0.1423807442188263,0
molecola_30995,17,1,17,0.9555011987686157,1
molecola_30995,18,0,18,0.06323987245559692,0
molecola_30995,19,0,19,0.04168937727808952,0
molecola_30995,20,0,20,0.02112887054681778,0
molecola_30995,21,0,21,0.07706986367702484,0
molecola_30995,22,0,22,0.02168605662882328,0
molecola_30995,23,0,23,0.01740087941288948,0
molecola_30995,24,0,24,0.06460746377706528,0
molecola_30995,25,0,25,0.1149182841181755,0
molecola_30995,26,0,26,0.1289864182472229,0
molecola_30995,27,1,27,0.9807692766189575,1
molecola_30995,28,0,28,0.16145138442516327,0
molecola_30995,29,0,29,0.19083845615386963,0
molecola_30995,30,0,30,0.14592838287353516,0
molecola_30995,31,0,31,0.1240914836525917,0
molecola_30995,32,0,32,0.08825640380382538,0
molecola_30995,33,0,33,0.16220299899578094,0
molecola_30995,34,0,34,0.9555383324623108,1
molecola_30995,35,0,35,0.3109523355960846,0
molecola_30995,36,0,36,0.08273891359567642,0
molecola_30995,37,0,37,0.9889259934425354,1
molecola_30995,38,0,38,0.295882910490036,0
molecola_30995,39,0,39,0.05527282878756523,0
molecola_30995,40,0,40,0.027835125103592873,0
molecola_31041,1,1,1,0.0010819167364388704,0
molecola_31041,2,1,2,0.0010369359515607357,0
molecola_31041,3,1,3,0.0010819167364388704,0
molecola_31041,4,1,4,0.0010819167364388704,0
molecola_31041,5,1,5,0.0010028424439951777,0
molecola_31041,6,1,6,0.0008669531671330333,0
molecola_31041,7,1,7,0.00258016143925488,0
molecola_31041,8,1,8,0.021923348307609558,0
molecola_31041,9,1,9,0.05953935906291008,0
molecola_31041,10,1,10,0.0037850618828088045,0
molecola_31041,11,0,11,0.0013539515202865005,0
molecola_31041,12,0,12,0.000833958329167217,0
molecola_31041,13,0,13,0.000833958329167217,0
molecola_31041,14,1,14,0.00732549000531435,0
molecola_31041,15,1,15,0.0016013889107853174,0
molecola_31041,16,1,16,0.003218585392460227,0
molecola_31041,17,1,17,0.0031774004455655813,0
molecola_31041,18,1,18,0.0009380945703014731,0
molecola_31041,19,1,19,0.0021678651683032513,0
molecola_31041,20,1,20,0.0034357390832155943,0
molecola_31041,21,0,21,0.0010043474612757564,0
molecola_31041,22,0,22,0.026170827448368073,0
molecola_31041,23,0,23,0.053916312754154205,0
molecola_31041,24,1,24,0.11575041711330414,0
molecola_31041,25,1,25,0.12100202590227127,0
molecola_31041,26,1,26,0.052327174693346024,0
molecola_31041,27,1,27,0.017608901485800743,0
molecola_31041,28,1,28,0.03627897799015045,0
molecola_31041,29,1,29,0.047103092074394226,0
molecola_31180,1,1,1,0.8879570364952087,1
molecola_31180,2,1,2,0.9859829545021057,1
molecola_31180,3,1,3,0.8879570364952087,1
molecola_31180,4,1,4,0.850928008556366,1
molecola_31180,5,0,5,0.001991481054574251,0
molecola_31180,6,0,6,0.002331619383767247,0
molecola_31180,7,0,7,0.0011115670204162598,0
molecola_31180,8,0,8,0.006060146726667881,0
molecola_31180,9,0,9,0.0018720414955168962,0
molecola_31180,10,0,10,0.0011489053722470999,0
molecola_31180,11,0,11,0.0063310363329946995,0
molecola_31180,12,0,12,0.0017281783511862159,0
molecola_31180,13,0,13,0.0012286449782550335,0
molecola_31180,14,0,14,0.0009205889655277133,0
molecola_31180,15,0,15,0.0006248057470656931,0
molecola_31193,1,0,1,0.0022983558010309935,0
molecola_31193,2,0,2,0.0026392382569611073,0
molecola_31193,3,0,3,0.0033635676372796297,0
molecola_31193,4,0,4,0.00479778042063117,0
molecola_31193,5,0,5,0.04775696620345116,0
molecola_31193,6,0,6,0.03791043907403946,0
molecola_31193,7,0,7,0.05655950307846069,0
molecola_31193,8,0,8,0.013176053762435913,0
molecola_31193,9,0,9,0.009427530691027641,0
molecola_31193,10,0,10,0.014479718171060085,0
molecola_31193,11,0,11,0.011111895553767681,0
molecola_31193,12,0,12,0.003589531173929572,0
molecola_31193,13,0,13,0.0014719209866598248,0
molecola_31193,14,0,14,0.0010187668958678842,0
molecola_31193,15,0,15,0.0031172006856650114,0
molecola_31193,16,0,16,0.0039968634955585,0
molecola_31193,17,0,17,0.001822290476411581,0
molecola_31193,18,1,18,0.9939960241317749,1
molecola_31193,19,1,19,0.9683566093444824,1
molecola_31193,20,1,20,0.9683566093444824,1
molecola_31263,1,1,1,0.8880262970924377,1
molecola_31263,2,1,2,0.9845133423805237,1
molecola_31263,3,1,3,0.8880262970924377,1
molecola_31263,4,1,4,0.8374577164649963,1
molecola_31263,5,0,5,0.002726810285821557,0
molecola_31263,6,0,6,0.0031031083781272173,0
molecola_31263,7,0,7,0.01529924850910902,0
molecola_31263,8,0,8,0.0028080788906663656,0
molecola_31263,9,0,9,0.013112536631524563,0
molecola_31263,10,0,10,0.0009059772128239274,0
molecola_31263,11,0,11,0.021063417196273804,0
molecola_31263,12,0,12,0.026426710188388824,0
molecola_31263,13,0,13,0.0447169728577137,0
molecola_31263,14,0,14,0.048638034611940384,0
molecola_31263,15,0,15,0.08513816446065903,0
molecola_31263,16,0,16,0.004081478342413902,0
molecola_31263,17,0,17,0.0028299379628151655,0
molecola_31263,18,0,18,0.001501339371316135,0
molecola_31263,19,0,19,0.001691758749075234,0
molecola_31263,20,0,20,0.0012832223437726498,0
molecola_31263,21,0,21,0.001440402353182435,0
molecola_31263,22,0,22,0.00293179415166378,0
molecola_31263,23,0,23,0.003901728894561529,0
molecola_31263,24,0,24,0.003901728894561529,0
molecola_31263,25,0,25,0.00293179415166378,0
molecola_31263,26,0,26,0.0009372864733450115,0
molecola_31263,27,0,27,0.0009292459581047297,0
molecola_31263,28,0,28,0.001762381405569613,0
molecola_31263,29,0,29,0.0008307896787300706,0
molecola_31263,30,0,30,0.0008307896787300706,0
molecola_31263,31,0,31,0.0008307896787300706,0
molecola_31263,32,0,32,0.023721275851130486,0
molecola_31263,33,0,33,0.009888865984976292,0
molecola_31289,1,0,1,0.009122869931161404,0
molecola_31289,2,0,2,0.006008774042129517,0
molecola_31289,3,0,3,0.10202331095933914,0
molecola_31289,4,0,4,0.0332246795296669,0
molecola_31289,5,0,5,0.0116341020911932,0
molecola_31289,6,0,6,0.0014117512619122863,0
molecola_31289,7,0,7,0.00378090376034379,0
molecola_31289,8,0,8,0.007795801851898432,0
molecola_31289,9,0,9,0.004915515426546335,0
molecola_31289,10,0,10,0.02032189816236496,0
molecola_31289,11,0,11,0.006134117022156715,0
molecola_31289,12,0,12,0.0034506379161030054,0
molecola_31289,13,0,13,0.001985126407817006,0
molecola_31289,14,0,14,0.0012426262255758047,0
molecola_31289,15,0,15,0.0031880445312708616,0
molecola_31289,16,0,16,0.03417370468378067,0
molecola_31289,17,0,17,0.019834453240036964,0
molecola_31289,18,0,18,0.025335373356938362,0
molecola_31289,19,0,19,0.006586582399904728,0
molecola_31289,20,1,20,0.932426929473877,1
molecola_31289,21,1,21,0.9390670657157898,1
molecola_31289,22,0,22,0.1393653303384781,0
molecola_31289,23,0,23,0.3337627053260803,0
molecola_31289,24,0,24,0.005671652965247631,0
molecola_31289,25,0,25,0.00381937506608665,0
molecola_31349,1,0,1,0.002757138339802623,0
molecola_31349,2,0,2,0.02413753606379032,0
molecola_31349,3,0,3,0.014372455887496471,0
molecola_31349,4,0,4,0.054443877190351486,0
molecola_31349,5,0,5,0.006551006343215704,0
molecola_31349,6,0,6,0.0068740141578018665,0
molecola_31349,7,0,7,0.01187119074165821,0
molecola_31349,8,1,8,0.827593207359314,1
molecola_31349,9,1,9,0.9812155365943909,1
molecola_31349,10,0,10,0.8878907561302185,1
molecola_31349,11,1,11,0.8878907561302185,1
molecola_31349,12,0,12,0.01634744182229042,0
molecola_31349,13,0,13,0.0018770491005852818,0
molecola_31349,14,0,14,0.0017277291044592857,0
molecola_31349,15,0,15,0.013537808321416378,0
molecola_31349,16,0,16,0.127576544880867,0
molecola_31349,17,0,17,0.5798411965370178,1
molecola_31349,18,0,18,0.2795557677745819,0
molecola_31349,19,0,19,0.10269682854413986,0
molecola_31349,20,0,20,0.0013940624194219708,0
molecola_31349,21,0,21,0.0008497762028127909,0
molecola_31349,22,0,22,0.0034537811297923326,0
molecola_31349,23,0,23,0.00205699959769845,0
molecola_31349,24,0,24,0.011134984903037548,0
molecola_31349,25,0,25,0.011528758332133293,0
molecola_31349,26,0,26,0.006157218478620052,0
molecola_31349,27,0,27,0.002693566959351301,0
molecola_31642,1,0,1,0.005820034071803093,0
molecola_31642,2,0,2,0.08855223655700684,0
molecola_31642,3,0,3,0.005369129125028849,0
molecola_31642,4,0,4,0.03380678966641426,0
molecola_31642,5,0,5,0.023129191249608994,0
molecola_31642,6,0,6,0.06573210656642914,0
molecola_31642,7,0,7,0.014048051089048386,0
molecola_31642,8,0,8,0.7800983786582947,1
molecola_31642,9,0,9,0.002805012045428157,0
molecola_31642,10,0,10,0.015445074997842312,0
molecola_31642,11,0,11,0.002663839841261506,0
molecola_31642,12,0,12,0.03797169029712677,0
molecola_31642,13,0,13,0.04172071814537048,0
molecola_31642,14,0,14,0.033535104244947433,0
molecola_31642,15,0,15,0.04172071814537048,0
molecola_31642,16,0,16,0.03797169029712677,0
molecola_31642,17,0,17,0.05325455963611603,0
molecola_31642,18,0,18,0.0662747472524643,0
molecola_31642,19,1,19,0.6848596334457397,1
molecola_31642,20,0,20,0.05588851124048233,0
molecola_31642,21,1,21,0.9899919629096985,1
molecola_31642,22,1,22,0.6848596334457397,1
molecola_31642,23,0,23,0.0662747472524643,0
molecola_31741,1,0,1,0.0017844713293015957,0
molecola_31741,2,0,2,0.010989622212946415,0
molecola_31741,3,0,3,0.0017844713293015957,0
molecola_31741,4,0,4,0.019061729311943054,0
molecola_31741,5,0,5,0.09466911852359772,0
molecola_31741,6,0,6,0.07522165030241013,0
molecola_31741,7,0,7,0.170294851064682,0
molecola_31741,8,0,8,0.21899709105491638,0
molecola_31741,9,0,9,0.2842088043689728,0
molecola_31741,10,0,10,0.3012999892234802,0
molecola_31741,11,0,11,0.3364471197128296,0
molecola_31741,12,0,12,0.3973950743675232,0
molecola_31741,13,0,13,0.3746003210544586,0
molecola_31741,14,0,14,0.11373692750930786,0
molecola_31741,15,0,15,0.02383456751704216,0
molecola_31741,16,0,16,0.01565142720937729,0
molecola_31741,17,0,17,0.09848669916391373,0
molecola_31741,18,0,18,0.06644649803638458,0
molecola_31741,19,0,19,0.5116094946861267,1
molecola_31741,20,0,20,0.05897265300154686,0
molecola_31741,21,1,21,0.9894692897796631,1
molecola_31741,22,0,22,0.41409993171691895,0
molecola_31741,23,0,23,0.17333485186100006,0
molecola_31741,24,1,24,0.9611337184906006,1
molecola_31920,1,0,1,0.002897435100749135,0
molecola_31920,2,0,2,0.002587416907772422,0
molecola_31920,3,0,3,0.002897435100749135,0
molecola_31920,4,0,4,0.0010982276871800423,0
molecola_31920,5,0,5,0.009848912246525288,0
molecola_31920,6,0,6,0.0026058547664433718,0
molecola_31920,7,0,7,0.002048544120043516,0
molecola_31920,8,0,8,0.006881756708025932,0
molecola_31920,9,0,9,0.01895560696721077,0
molecola_31920,10,0,10,0.0455075241625309,0
molecola_31920,11,0,11,0.022515874356031418,0
molecola_31920,12,0,12,0.0034543161746114492,0
molecola_31920,13,0,13,0.0035139871761202812,0
molecola_31920,14,0,14,0.003349578008055687,0
molecola_31920,15,0,15,0.01726408116519451,0
molecola_31920,16,0,16,0.008458258584141731,0
molecola_31920,17,0,17,0.009693419560790062,0
molecola_31920,18,0,18,0.010583987459540367,0
molecola_31920,19,0,19,0.013205474242568016,0
molecola_31920,20,1,20,0.9938318729400635,1
molecola_31920,21,1,21,0.9677737951278687,1
molecola_31920,22,1,22,0.9677737951278687,1
molecola_3212,1,0,1,0.12950769066810608,0
molecola_3212,2,0,2,0.08472537994384766,0
molecola_3212,3,0,3,0.09419574588537216,0
molecola_3212,4,0,4,0.06672678142786026,0
molecola_3212,5,0,5,0.027279969304800034,0
molecola_3212,6,0,6,0.009551460854709148,0
molecola_3212,7,0,7,0.003992236685007811,0
molecola_3212,8,0,8,0.0027250268030911684,0
molecola_3212,9,0,9,0.0025267486926168203,0
molecola_3212,10,0,10,0.003991406410932541,0
molecola_3212,11,0,11,0.014987220987677574,0
molecola_3212,12,0,12,0.010560190305113792,0
molecola_3212,13,0,13,0.01144474372267723,0
molecola_3212,14,0,14,0.05233918875455856,0
molecola_3212,15,0,15,0.1257385015487671,0
molecola_3212,16,0,16,0.561572790145874,1
molecola_3212,17,0,17,0.05621619150042534,0
molecola_3212,18,1,18,0.9894692897796631,1
molecola_3212,19,0,19,0.39207208156585693,0
molecola_32416,1,0,1,0.4220235347747803,0
molecola_32416,2,0,2,0.15438762307167053,0
molecola_32416,3,1,3,0.9701626300811768,1
molecola_32416,4,1,4,0.9766207933425903,1
molecola_32416,5,0,5,0.18647120893001556,0
molecola_32416,6,0,6,0.0038692918606102467,0
molecola_32416,7,0,7,0.001051057013683021,0
molecola_32416,8,0,8,0.0007380190654657781,0
molecola_32416,9,0,9,0.0010760203003883362,0
molecola_32416,10,0,10,0.005205756518989801,0
molecola_32416,11,0,11,0.0010315011022612453,0
molecola_32416,12,0,12,0.000854007841553539,0
molecola_32416,13,0,13,0.0007447017705999315,0
molecola_32416,14,0,14,0.0017106696031987667,0
molecola_32416,15,1,15,0.9074545502662659,1
molecola_32416,16,1,16,0.9302541613578796,1
molecola_32416,17,0,17,0.1186528280377388,0
molecola_32416,18,0,18,0.00291211879812181,0
molecola_32416,19,0,19,0.010883832350373268,0
molecola_32416,20,0,20,0.8239025473594666,1
molecola_32416,21,0,21,0.10209760814905167,0
molecola_32416,22,0,22,0.08027519285678864,0
molecola_32416,23,0,23,0.021836765110492706,0
molecola_32416,24,0,24,0.003058553906157613,0
molecola_32416,25,0,25,0.010963491164147854,0
molecola_32416,26,0,26,0.010963491164147854,0
molecola_32416,27,1,27,0.9848706126213074,1
molecola_32416,28,0,28,0.9012698531150818,1
molecola_32416,29,1,29,0.9012698531150818,1
molecola_32416,30,0,30,0.4662174582481384,0
molecola_32416,31,0,31,0.001859957817941904,0
molecola_32416,32,0,32,0.0008698334568180144,0
molecola_32416,33,0,33,0.0007418766035698354,0
molecola_32416,34,0,34,0.16476266086101532,0
molecola_32416,35,0,35,0.13902899622917175,0
molecola_32416,36,0,36,0.04932921379804611,0
molecola_32416,37,0,37,0.237614244222641,0
molecola_3260,1,0,1,0.8508307337760925,1
molecola_3260,2,0,2,0.07304145395755768,0
molecola_3260,3,0,3,0.14879995584487915,0
molecola_3260,4,0,4,0.1358373612165451,0
molecola_3260,5,0,5,0.19453434646129608,0
molecola_3260,6,0,6,0.025022268295288086,0
molecola_3260,7,0,7,0.5610872507095337,1
molecola_3260,8,0,8,0.002923488849774003,0
molecola_3260,9,0,9,0.007563688326627016,0
molecola_3260,10,0,10,0.004915734753012657,0
molecola_3260,11,0,11,0.010682539083063602,0
molecola_3260,12,0,12,0.003022190649062395,0
molecola_3260,13,0,13,0.07556992769241333,0
molecola_3260,14,1,14,0.9438543915748596,1
molecola_3260,15,1,15,0.9458303451538086,1
molecola_3260,16,0,16,0.0037873568944633007,0
molecola_3260,17,0,17,0.0010899859480559826,0
molecola_3260,18,0,18,0.01762087456882,0
molecola_3260,19,0,19,0.027978692203760147,0
molecola_3260,20,0,20,0.0634290874004364,0
molecola_3260,21,0,21,0.03521948680281639,0
molecola_3260,22,0,22,0.04305562749505043,0
molecola_3260,23,0,23,0.05264398828148842,0
molecola_3260,24,0,24,0.045217834413051605,0
molecola_3260,25,0,25,0.19109587371349335,0
molecola_3260,26,0,26,0.03791524097323418,0
molecola_3260,27,0,27,0.06653665006160736,0
molecola_3260,28,0,28,0.04310350492596626,0
molecola_3260,29,0,29,0.07523050904273987,0
molecola_3260,30,0,30,0.04310350492596626,0
molecola_3260,31,0,31,0.06653665006160736,0
molecola_3260,32,0,32,0.05264398828148842,0
molecola_3260,33,0,33,0.04305562749505043,0
molecola_32645,1,1,1,0.8653033375740051,1
molecola_32645,2,0,2,0.1665385514497757,0
molecola_32645,3,0,3,0.08929242938756943,0
molecola_32645,4,0,4,0.13761529326438904,0
molecola_32645,5,0,5,0.15942290425300598,0
molecola_32645,6,0,6,0.1874011904001236,0
molecola_32645,7,0,7,0.17236147820949554,0
molecola_32645,8,0,8,0.09983576834201813,0
molecola_32645,9,0,9,0.029774926602840424,0
molecola_32645,10,0,10,0.003694297280162573,0
molecola_32645,11,1,11,0.05522038787603378,0
molecola_32645,12,1,12,0.09350203722715378,0
molecola_32645,13,1,13,0.07084265351295471,0
molecola_32645,14,0,14,0.002447275212034583,0
molecola_32645,15,0,15,0.0017267268849536777,0
molecola_32645,16,0,16,0.0007068581180647016,0
molecola_32645,17,0,17,0.03633870929479599,0
molecola_32645,18,0,18,0.04621613025665283,0
molecola_32645,19,0,19,0.02899925969541073,0
molecola_32645,20,0,20,0.0015539157902821898,0
molecola_32645,21,0,21,0.0013272966025397182,0
molecola_32645,22,0,22,0.0007085935212671757,0
molecola_32645,23,0,23,0.0015539157902821898,0
molecola_32645,24,0,24,0.02899925969541073,0
molecola_32821,1,0,1,0.9727819561958313,1
molecola_32821,2,0,2,0.9729897975921631,1
molecola_32821,3,0,3,0.0013487422838807106,0
molecola_32821,4,0,4,0.0015924187609925866,0
molecola_32821,5,0,5,0.00397884426638484,0
molecola_32821,6,0,6,0.0200858935713768,0
molecola_32821,7,0,7,0.14203639328479767,0
molecola_32821,8,0,8,0.13610954582691193,0
molecola_32821,9,1,9,0.9807692766189575,1
molecola_32821,10,0,10,0.08397117257118225,0
molecola_32821,11,0,11,0.004748254548758268,0
molecola_32821,12,0,12,0.02132616564631462,0
molecola_32821,13,0,13,0.026452435180544853,0
molecola_32821,14,0,14,0.037328243255615234,0
molecola_32821,15,0,15,0.036961138248443604,0
molecola_32821,16,0,16,0.11299339681863785,0
molecola_32821,17,0,17,0.04944290220737457,0
molecola_32821,18,0,18,0.010847527533769608,0
molecola_32821,19,0,19,0.010537579655647278,0
molecola_32821,20,0,20,0.009392935782670975,0
molecola_32821,21,0,21,0.00814270880073309,0
molecola_32911,1,0,1,0.08379834145307541,0
molecola_32911,2,0,2,0.049699727445840836,0
molecola_32911,3,0,3,0.051755063235759735,0
molecola_32911,4,0,4,0.020358968526124954,0
molecola_32911,5,0,5,0.012730227783322334,0
molecola_32911,6,0,6,0.010256513021886349,0
molecola_32911,7,0,7,0.05918643996119499,0
molecola_32911,8,0,8,0.1003757044672966,0
molecola_32911,9,0,9,0.06324012577533722,0
molecola_32911,10,0,10,0.0942411944270134,0
molecola_32911,11,0,11,0.010639412328600883,0
molecola_32911,12,0,12,0.011737723834812641,0
molecola_32911,13,0,13,0.004555013030767441,0
molecola_32911,14,1,14,0.018482007086277008,0
molecola_32911,15,0,15,0.004910014104098082,0
molecola_32911,16,0,16,0.0015323953703045845,0
molecola_32911,17,1,17,0.027848578989505768,0
molecola_32911,18,0,18,0.008844595402479172,0
molecola_32911,19,0,19,0.003655813168734312,0
molecola_32911,20,0,20,0.0025325336027890444,0
molecola_32911,21,0,21,0.048839133232831955,0
molecola_32911,22,0,22,0.0038470234721899033,0
molecola_32911,23,0,23,0.3093191385269165,0
molecola_32911,24,1,24,0.07372814416885376,0
molecola_32911,25,1,25,0.04619505628943443,0
molecola_32911,26,1,26,0.972852349281311,1
molecola_32911,27,1,27,0.9727305173873901,1
molecola_32924,1,0,1,0.027897872030735016,0
molecola_32924,2,0,2,0.06733319908380508,0
molecola_32924,3,0,3,0.003684704191982746,0
molecola_32924,4,0,4,0.001345846219919622,0
molecola_32924,5,0,5,0.00931605789810419,0
molecola_32924,6,0,6,0.016131145879626274,0
molecola_32924,7,0,7,0.029436955228447914,0
molecola_32924,8,0,8,0.1295263171195984,0
molecola_32924,9,0,9,0.19380268454551697,0
molecola_32924,10,0,10,0.06778346747159958,0
molecola_32924,11,0,11,0.06912845373153687,0
molecola_32924,12,0,12,0.03326821327209473,0
molecola_32924,13,0,13,0.0050618015229702,0
molecola_32924,14,0,14,0.004125596024096012,0
molecola_32924,15,0,15,0.0013158100191503763,0
molecola_32924,16,0,16,0.0007544929976575077,0
molecola_32924,17,0,17,0.001736317528411746,0
molecola_32924,18,0,18,0.0008887752774171531,0
molecola_32924,19,0,19,0.0008887752774171531,0
molecola_32924,20,0,20,0.0016254584770649672,0
molecola_32924,21,0,21,0.0007548317080363631,0
molecola_32924,22,0,22,0.00299512199126184,0
molecola_32924,23,0,23,0.02387695200741291,0
molecola_32924,24,0,24,0.03119177743792534,0
molecola_32924,25,0,25,0.09434647113084793,0
molecola_32924,26,0,26,0.1327180117368698,0
molecola_32924,27,0,27,0.03905399888753891,0
molecola_32924,28,0,28,0.0785505622625351,0
molecola_32924,29,0,29,0.08898981660604477,0
molecola_32924,30,1,30,0.9789586067199707,1
molecola_32924,31,0,31,0.03326821327209473,0
molecola_32924,32,0,32,0.06912845373153687,0
molecola_32924,33,0,33,0.09679202735424042,0
molecola_32924,34,0,34,0.060164500027894974,0
molecola_32924,35,0,35,0.02819240838289261,0
molecola_32924,36,0,36,0.02643819898366928,0
molecola_32924,37,0,37,0.027217840775847435,0
molecola_32924,38,0,38,0.03271199390292168,0
molecola_32924,39,0,39,0.03801998496055603,0
molecola_32924,40,0,40,0.07710083574056625,0
molecola_32969,1,0,1,0.0018121827160939574,0
molecola_32969,2,0,2,0.008793697692453861,0
molecola_32969,3,0,3,0.005928244441747665,0
molecola_32969,4,0,4,0.007942989468574524,0
molecola_32969,5,0,5,0.00806919764727354,0
molecola_32969,6,0,6,0.006372561678290367,0
molecola_32969,7,0,7,0.02511858381330967,0
molecola_32969,8,0,8,0.004908171948045492,0
molecola_32969,9,0,9,0.024307742714881897,0
molecola_32969,10,0,10,0.008191879838705063,0
molecola_32969,11,0,11,0.0024354197084903717,0
molecola_32969,12,0,12,0.0013884168583899736,0
molecola_32969,13,1,13,0.9749176502227783,1
molecola_32969,14,1,14,0.9725616574287415,1
molecola_32969,15,0,15,0.0024354197084903717,0
molecola_32969,16,0,16,0.008191879838705063,0
molecola_32969,17,0,17,0.001219858997501433,0
molecola_32969,18,0,18,0.0013672357890754938,0
molecola_32969,19,0,19,0.0008000028319656849,0
molecola_32969,20,0,20,0.00950702279806137,0
molecola_32969,21,0,21,0.01380140520632267,0
molecola_32969,22,0,22,0.0013749073259532452,0
molecola_32969,23,0,23,0.005766949616372585,0
molecola_32969,24,0,24,0.046403106302022934,0
molecola_32969,25,0,25,0.09081918001174927,0
molecola_32969,26,0,26,0.046403106302022934,0
molecola_32969,27,0,27,0.005766949616372585,0
molecola_32969,28,0,28,0.04496271535754204,0
molecola_32969,29,0,29,0.1468430906534195,0
molecola_33264,1,0,1,0.0011448534205555916,0
molecola_33264,2,0,2,0.007773284334689379,0
molecola_33264,3,0,3,0.0011448534205555916,0
molecola_33264,4,0,4,0.0033973129466176033,0
molecola_33264,5,0,5,0.004622485488653183,0
molecola_33264,6,0,6,0.0018519414588809013,0
molecola_33264,7,0,7,0.004755646921694279,0
molecola_33264,8,0,8,0.0024104707408696413,0
molecola_33264,9,0,9,0.001458064536564052,0
molecola_33264,10,0,10,0.008624965324997902,0
molecola_33264,11,0,11,0.007366073317825794,0
molecola_33264,12,0,12,0.004827382043004036,0
molecola_33264,13,0,13,0.0016328442143276334,0
molecola_33264,14,0,14,0.0016509040724486113,0
molecola_33264,15,0,15,0.004941444844007492,0
molecola_33264,16,0,16,0.0008113419753499329,0
molecola_33264,17,0,17,0.0010852111736312509,0
molecola_33264,18,0,18,0.0012656153412535787,0
molecola_33264,19,0,19,0.0007182371336966753,0
molecola_33264,20,0,20,0.0007182371336966753,0
molecola_33264,21,0,21,0.0007182371336966753,0
molecola_33264,22,0,22,0.006127884611487389,0
molecola_33264,23,0,23,0.003109975019469857,0
molecola_33264,24,0,24,0.0048804935067892075,0
molecola_33264,25,0,25,0.004454473964869976,0
molecola_33264,26,1,26,0.9937830567359924,1
molecola_33264,27,1,27,0.9682628512382507,1
molecola_33264,28,1,28,0.9682628512382507,1
molecola_33264,29,0,29,0.0028030972462147474,0
molecola_33264,30,0,30,0.001362618524581194,0
molecola_33264,31,0,31,0.0012286842102184892,0
molecola_33555,1,0,1,0.1308012753725052,0
molecola_33555,2,0,2,0.03009607084095478,0
molecola_33555,3,0,3,0.1308012753725052,0
molecola_33555,4,0,4,0.07088601589202881,0
molecola_33555,5,0,5,0.16295583546161652,0
molecola_33555,6,0,6,0.06719907373189926,0
molecola_33555,7,0,7,0.03862665593624115,0
molecola_33555,8,0,8,0.06674317270517349,0
molecola_33555,9,0,9,0.17908312380313873,0
molecola_33555,10,0,10,0.17113569378852844,0
molecola_33555,11,0,11,0.11531887948513031,0
molecola_33555,12,0,12,0.07165279984474182,0
molecola_33555,13,0,13,0.0036003992427140474,0
molecola_33555,14,0,14,0.0036003992427140474,0
molecola_33555,15,0,15,0.03697582334280014,0
molecola_33555,16,0,16,0.035038623958826065,0
molecola_33555,17,0,17,0.005665108561515808,0
molecola_33555,18,0,18,0.005892875604331493,0
molecola_33555,19,0,19,0.0025637114886194468,0
molecola_33555,20,0,20,0.0024048839695751667,0
molecola_33555,21,0,21,0.006949304603040218,0
molecola_33555,22,0,22,0.002440602518618107,0
molecola_33555,23,0,23,0.025616871193051338,0
molecola_33555,24,0,24,0.03942881152033806,0
molecola_33555,25,0,25,0.09948451817035675,0
molecola_33555,26,0,26,0.13223682343959808,0
molecola_33555,27,0,27,0.07858368009328842,0
molecola_33555,28,0,28,0.08984982222318649,0
molecola_33555,29,1,29,0.9844393134117126,1
molecola_33555,30,0,30,0.004910387098789215,0
molecola_33583,1,0,1,0.0019499209010973573,0
molecola_33583,2,0,2,0.0006531220278702676,0
molecola_33583,3,0,3,0.0006954017444513738,0
molecola_33583,4,0,4,0.0006899700965732336,0
molecola_33583,5,0,5,0.0018752481555566192,0
molecola_33583,6,0,6,0.007095538079738617,0
molecola_33583,7,0,7,0.0016245177248492837,0
molecola_33583,8,0,8,0.0016118015628308058,0
molecola_33583,9,0,9,0.0021620760671794415,0
molecola_33583,10,0,10,0.0008305807132273912,0
molecola_33583,11,0,11,0.0020703983027487993,0
molecola_33583,12,0,12,0.028231818228960037,0
molecola_33583,13,0,13,0.028714237734675407,0
molecola_33583,14,0,14,0.0735371857881546,0
molecola_33583,15,0,15,0.03854139521718025,0
molecola_33583,16,0,16,0.04415033012628555,0
molecola_33583,17,0,17,0.040329933166503906,0
molecola_33583,18,0,18,0.2927320599555969,0
molecola_33583,19,0,19,0.39250829815864563,0
molecola_33583,20,1,20,0.9740369915962219,1
molecola_33583,21,0,21,0.22602452337741852,0
molecola_33583,22,0,22,0.9763801097869873,1
molecola_33583,23,0,23,0.0201930720359087,0
molecola_33583,24,0,24,0.024351410567760468,0
molecola_33583,25,0,25,0.0055778115056455135,0
molecola_33583,26,0,26,0.003147374838590622,0
molecola_33583,27,0,27,0.003451226744800806,0
molecola_33609,1,0,1,0.0022664926946163177,0
molecola_33609,2,0,2,0.0024285318795591593,0
molecola_33609,3,0,3,0.004954845644533634,0
molecola_33609,4,0,4,0.0018361519323661923,0
molecola_33609,5,0,5,0.0009063913021236658,0
molecola_33609,6,0,6,0.0025329405907541513,0
molecola_33609,7,1,7,0.9758525490760803,1
molecola_33609,8,1,8,0.972745418548584,1
molecola_33609,9,0,9,0.003356969216838479,0
molecola_33609,10,0,10,0.0016416484722867608,0
molecola_33609,11,0,11,0.0024348488077521324,0
molecola_33658,1,0,1,0.015743639320135117,0
molecola_33658,2,0,2,0.1351659893989563,0
molecola_33658,3,0,3,0.29754966497421265,0
molecola_33658,4,0,4,0.5889194011688232,1
molecola_33658,5,0,5,0.4510655701160431,0
molecola_33658,6,0,6,0.40334266424179077,0
molecola_33658,7,0,7,0.5126749873161316,1
molecola_33658,8,0,8,0.6473143100738525,1
molecola_33658,9,0,9,0.6543650031089783,1
molecola_33658,10,0,10,0.8441774249076843,1
molecola_33658,11,0,11,0.6885857582092285,1
molecola_33658,12,0,12,0.26899364590644836,0
molecola_33658,13,0,13,0.30326908826828003,0
molecola_33658,14,0,14,0.2704528272151947,0
molecola_33658,15,0,15,0.2224927395582199,0
molecola_33658,16,0,16,0.2973436117172241,0
molecola_33658,17,0,17,0.12300464510917664,0
molecola_33658,18,0,18,0.10066264867782593,0
molecola_33658,19,0,19,0.9576491117477417,1
molecola_33658,20,0,20,0.9552201628684998,1
molecola_33658,21,0,21,0.27179867029190063,0
molecola_33658,22,0,22,0.2530258297920227,0
molecola_33658,23,1,23,0.9555085301399231,1
molecola_33658,24,0,24,0.13367487490177155,0
molecola_33658,25,0,25,0.13005173206329346,0
molecola_33658,26,0,26,0.04715432599186897,0
molecola_33658,27,0,27,0.06728064268827438,0
molecola_33658,28,0,28,0.08506172150373459,0
molecola_33658,29,0,29,0.13784155249595642,0
molecola_33658,30,0,30,0.18623872101306915,0
molecola_33658,31,0,31,0.12157123535871506,0
molecola_33658,32,0,32,0.12489063292741776,0
molecola_33658,33,0,33,0.9576509594917297,1
molecola_33658,34,0,34,0.9552201628684998,1
molecola_33658,35,0,35,0.28122851252555847,0
molecola_33658,36,0,36,0.11820493638515472,0
molecola_33658,37,0,37,0.12685894966125488,0
molecola_33658,38,0,38,0.9576517343521118,1
molecola_33658,39,0,39,0.9552201628684998,1
molecola_33658,40,0,40,0.1348324716091156,0
molecola_33658,41,0,41,0.5947763323783875,1
molecola_33658,42,0,42,0.533966064453125,1
molecola_33658,43,0,43,0.5513530373573303,1
molecola_33658,44,0,44,0.5400128364562988,1
molecola_33658,45,0,45,0.5833378434181213,1
molecola_33658,46,0,46,0.5336068868637085,1
molecola_33658,47,0,47,0.5205168128013611,1
molecola_33658,48,0,48,0.5391249656677246,1
molecola_33658,49,0,49,0.5836110711097717,1
molecola_33658,50,0,50,0.5315477252006531,1
molecola_33658,51,0,51,0.5474514365196228,1
molecola_33658,52,0,52,0.5405763983726501,1
molecola_33841,1,1,1,0.9894692897796631,1
molecola_33841,2,0,2,0.05773361399769783,0
molecola_33841,3,0,3,0.5391150712966919,1
molecola_33841,4,0,4,0.13849873840808868,0
molecola_33841,5,0,5,0.15947255492210388,0
molecola_33841,6,0,6,0.01940232142806053,0
molecola_33841,7,0,7,0.382804811000824,0
molecola_33841,8,0,8,0.004556423053145409,0
molecola_33841,9,0,9,0.011521615087985992,0
molecola_33841,10,0,10,0.0025407690554857254,0
molecola_33841,11,0,11,0.017216471955180168,0
molecola_33841,12,0,12,0.01367995236068964,0
molecola_33841,13,0,13,0.003241649828851223,0
molecola_33841,14,0,14,0.0034727330785244703,0
molecola_33841,15,0,15,0.0032597496174275875,0
molecola_33841,16,0,16,0.0052915215492248535,0
molecola_33841,17,0,17,0.0038151012267917395,0
molecola_33841,18,0,18,0.0012484429171308875,0
molecola_33841,19,0,19,0.0052915215492248535,0
molecola_33841,20,0,20,0.0032597496174275875,0
molecola_33857,1,1,1,0.9084916114807129,1
molecola_33857,2,1,2,0.9451416730880737,1
molecola_33857,3,0,3,0.07783979922533035,0
molecola_33857,4,0,4,0.002955470932647586,0
molecola_33857,5,0,5,0.003788533853366971,0
molecola_33857,6,0,6,0.0011614126851782203,0
molecola_33857,7,0,7,0.004246338736265898,0
molecola_33857,8,0,8,0.003092279424890876,0
molecola_33857,9,0,9,0.0021864448208361864,0
molecola_33857,10,0,10,0.006209281738847494,0
molecola_33857,11,0,11,0.0018155219731852412,0
molecola_33857,12,0,12,0.005050793290138245,0
molecola_33857,13,0,13,0.0043520512990653515,0
molecola_33857,14,0,14,0.0013615639181807637,0
molecola_33857,15,0,15,0.0010861714836210012,0
molecola_33857,16,0,16,0.0007446123054251075,0
molecola_33857,17,0,17,0.0009335117065347731,0
molecola_33857,18,0,18,0.00156396662350744,0
molecola_33857,19,0,19,0.0007566256681457162,0
molecola_33884,1,1,1,0.8878640532493591,1
molecola_33884,2,1,2,0.9820587038993835,1
molecola_33884,3,1,3,0.8878640532493591,1
molecola_33884,4,1,4,0.8030174970626831,1
molecola_33884,5,0,5,0.0038313916884362698,0
molecola_33884,6,0,6,0.003636859357357025,0
molecola_33884,7,0,7,0.002768546110019088,0
molecola_33884,8,0,8,0.018358999863266945,0
molecola_33884,9,0,9,0.0715646892786026,0
molecola_33884,10,0,10,0.018358999863266945,0
molecola_33884,11,0,11,0.002768546110019088,0
molecola_33884,12,0,12,0.001748527167364955,0
molecola_33884,13,0,13,0.0026347481179982424,0
molecola_33884,14,0,14,0.014817469753324986,0
molecola_33884,15,0,15,0.008788910694420338,0
molecola_33884,16,0,16,0.032762862741947174,0
molecola_33884,17,0,17,0.0488140769302845,0
molecola_33884,18,0,18,0.1032925620675087,0
molecola_33884,19,0,19,0.005221264902502298,0
molecola_33884,20,0,20,0.0028110072016716003,0
molecola_33884,21,0,21,0.003887854516506195,0
molecola_33884,22,0,22,0.004732571542263031,0
molecola_33884,23,0,23,0.01185789704322815,0
molecola_33884,24,0,24,0.004302244633436203,0
molecola_33884,25,0,25,0.010180766694247723,0
molecola_33884,26,0,26,0.0016398645238950849,0
molecola_33884,27,0,27,0.013686207123100758,0
molecola_33884,28,0,28,0.5237556099891663,1
molecola_33884,29,0,29,0.010482219979166985,0
molecola_33884,30,0,30,0.026546426117420197,0
molecola_33884,31,0,31,0.04971867427229881,0
molecola_33884,32,0,32,0.010183082893490791,0
molecola_33884,33,0,33,0.0041340249590575695,0
molecola_33894,1,0,1,0.0037677506916224957,0
molecola_33894,2,0,2,0.0032914848998188972,0
molecola_33894,3,0,3,0.007658873684704304,0
molecola_33894,4,0,4,0.008362336084246635,0
molecola_33894,5,0,5,0.048465557396411896,0
molecola_33894,6,1,6,0.9461328983306885,1
molecola_33894,7,0,7,0.008362336084246635,0
molecola_33894,8,0,8,0.007658873684704304,0
molecola_33894,9,0,9,0.021480470895767212,0
molecola_33894,10,0,10,0.012567984871566296,0
molecola_33894,11,0,11,0.012567984871566296,0
molecola_33894,12,0,12,0.012567984871566296,0
molecola_33894,13,0,13,0.021480470895767212,0
molecola_33894,14,0,14,0.012567984871566296,0
molecola_33894,15,0,15,0.012567984871566296,0
molecola_33894,16,0,16,0.012567984871566296,0
molecola_34241,1,0,1,0.002818402834236622,0
molecola_34241,2,0,2,0.0017679576994851232,0
molecola_34241,3,0,3,0.0009023495367728174,0
molecola_34241,4,0,4,0.0014530550688505173,0
molecola_34241,5,0,5,0.005514881107956171,0
molecola_34241,6,0,6,0.002142293844372034,0
molecola_34241,7,0,7,0.019030289724469185,0
molecola_34241,8,0,8,0.16008727252483368,0
molecola_34241,9,0,9,0.44149941205978394,0
molecola_34241,10,0,10,0.07562201470136642,0
molecola_34241,11,0,11,0.08191283047199249,0
molecola_34241,12,0,12,0.5041370391845703,1
molecola_34241,13,0,13,0.27321362495422363,0
molecola_34241,14,0,14,0.060106392949819565,0
molecola_34241,15,0,15,0.011843886226415634,0
molecola_34241,16,0,16,0.024900337681174278,0
molecola_34241,17,0,17,0.07499720901250839,0
molecola_34241,18,0,18,0.007030968088656664,0
molecola_34241,19,0,19,0.14167465269565582,0
molecola_34241,20,1,20,0.9802548289299011,1
molecola_34241,21,0,21,0.08409480005502701,0
molecola_34241,22,0,22,0.009778458625078201,0
molecola_34503,1,0,1,0.0052251992747187614,0
molecola_34503,2,0,2,0.002650656970217824,0
molecola_34503,3,0,3,0.0052251992747187614,0
molecola_34503,4,1,4,0.9716540575027466,1
molecola_34503,5,1,5,0.9727619886398315,1
molecola_34503,6,0,6,0.25659623742103577,0
molecola_34503,7,0,7,0.0014803846133872867,0
molecola_34503,8,0,8,0.9743016958236694,1
molecola_34503,9,0,9,0.9716358184814453,1
molecola_34503,10,0,10,0.001236743526533246,0
molecola_34503,11,0,11,0.0008310509729199111,0
molecola_34503,12,0,12,0.0011493695201352239,0
molecola_34503,13,0,13,0.0006045410991646349,0
molecola_34503,14,0,14,0.003215897362679243,0
molecola_34503,15,0,15,0.9105322360992432,1
molecola_34503,16,0,16,0.0016614769119769335,0
molecola_34503,17,0,17,0.0021774605847895145,0
molecola_34503,18,0,18,0.0048119560815393925,0
molecola_34503,19,0,19,0.001380263245664537,0
molecola_34503,20,0,20,0.001380263245664537,0
molecola_34503,21,0,21,0.001380263245664537,0
molecola_34617,1,0,1,0.004990542773157358,0
molecola_34617,2,1,2,0.9496272206306458,1
molecola_34617,3,1,3,0.9519389867782593,1
molecola_34617,4,0,4,0.002022917615249753,0
molecola_34617,5,0,5,0.0016444611828774214,0
molecola_34617,6,0,6,0.0018728345166891813,0
molecola_34617,7,0,7,0.0013007518136873841,0
molecola_34617,8,0,8,0.0018728345166891813,0
molecola_34617,9,0,9,0.0016444611828774214,0
molecola_34617,10,0,10,0.0016812683315947652,0
molecola_34617,11,0,11,0.0013566872803494334,0
molecola_34617,12,0,12,0.0013566872803494334,0
molecola_34617,13,0,13,0.0007203916320577264,0
molecola_34617,14,0,14,0.0018075773259624839,0
molecola_34617,15,0,15,0.03369072824716568,0
molecola_34617,16,0,16,0.00917346216738224,0
molecola_34617,17,0,17,0.0009028495405800641,0
molecola_34617,18,0,18,0.0006519877351820469,0
molecola_34617,19,0,19,0.0006533891428261995,0
molecola_34617,20,0,20,0.008355443365871906,0
molecola_34617,21,0,21,0.005797690246254206,0
molecola_34617,22,0,22,0.0016054491279646754,0
molecola_34617,23,0,23,0.0012678824132308364,0
molecola_34617,24,0,24,0.0012678824132308364,0
molecola_34617,25,0,25,0.0012678824132308364,0
molecola_347,1,0,1,0.02444683015346527,0
molecola_347,2,0,2,0.0041832467541098595,0
molecola_347,3,0,3,0.6162079572677612,1
molecola_347,4,0,4,0.005074328277260065,0
molecola_347,5,0,5,0.013655968010425568,0
molecola_347,6,0,6,0.023016732186079025,0
molecola_347,7,0,7,0.033776119351387024,0
molecola_347,8,0,8,0.03049597330391407,0
molecola_347,9,0,9,0.0890427902340889,0
molecola_347,10,0,10,0.009252981282770634,0
molecola_347,11,0,11,0.11677414178848267,0
molecola_347,12,0,12,0.09585914015769958,0
molecola_347,13,0,13,0.051287613809108734,0
molecola_347,14,0,14,0.013628089800477028,0
molecola_347,15,0,15,0.001297884387895465,0
molecola_347,16,0,16,0.0012670941650867462,0
molecola_347,17,0,17,0.0007538706413470209,0
molecola_347,18,0,18,0.001864923513494432,0
molecola_347,19,0,19,0.008353471755981445,0
molecola_347,20,0,20,0.014257109723985195,0
molecola_347,21,0,21,0.055946558713912964,0
molecola_347,22,0,22,0.11336392909288406,0
molecola_347,23,1,23,0.9682331085205078,1
molecola_34791,1,1,1,0.07579921931028366,0
molecola_34791,2,1,2,0.04379996284842491,0
molecola_34791,3,0,3,0.03875860944390297,0
molecola_34791,4,0,4,0.03233754262328148,0
molecola_34791,5,0,5,0.002747074468061328,0
molecola_34791,6,1,6,0.002366379601880908,0
molecola_34791,7,0,7,0.002747074468061328,0
molecola_34791,8,0,8,0.03233754262328148,0
molecola_34791,9,1,9,0.0014724194770678878,0
molecola_34791,10,0,10,0.0012113427510485053,0
molecola_34791,11,0,11,0.0012113427510485053,0
molecola_34791,12,0,12,0.026385881006717682,0
molecola_34791,13,0,13,0.037302788347005844,0
molecola_34791,14,0,14,0.22170959413051605,0
molecola_34791,15,0,15,0.5152920484542847,1
molecola_34791,16,0,16,0.2640731632709503,0
molecola_34791,17,0,17,0.13405726850032806,0
molecola_34791,18,0,18,0.01759825460612774,0
molecola_34791,19,1,19,0.17945945262908936,0
molecola_34791,20,1,20,0.04769983887672424,0
molecola_34791,21,0,21,0.04526464268565178,0
molecola_34791,22,1,22,0.7020934820175171,1
molecola_34791,23,0,23,0.05347071960568428,0
molecola_34791,24,1,24,0.9899919629096985,1
molecola_34791,25,1,25,0.7020934820175171,1
molecola_34791,26,0,26,0.04526464268565178,0
molecola_34823,1,0,1,0.0013026846572756767,0
molecola_34823,2,0,2,0.010214543901383877,0
molecola_34823,3,0,3,0.001309822080656886,0
molecola_34823,4,0,4,0.001309822080656886,0
molecola_34823,5,0,5,0.0058953287079930305,0
molecola_34823,6,0,6,0.053176406770944595,0
molecola_34823,7,0,7,0.05150093883275986,0
molecola_34823,8,0,8,0.2663523256778717,0
molecola_34823,9,0,9,0.4488770067691803,0
molecola_34823,10,0,10,0.422865629196167,0
molecola_34823,11,0,11,0.6059184074401855,1
molecola_34823,12,0,12,0.29095304012298584,0
molecola_34823,13,1,13,0.9889258742332458,1
molecola_34823,14,0,14,0.6010704636573792,1
molecola_34823,15,0,15,0.16995404660701752,0
molecola_34823,16,0,16,0.12941087782382965,0
molecola_34823,17,0,17,0.03293715789914131,0
molecola_34823,18,0,18,0.014878948219120502,0
molecola_34823,19,0,19,0.11908001452684402,0
molecola_34823,20,0,20,0.013092953711748123,0
molecola_34823,21,0,21,0.0016380902379751205,0
molecola_34823,22,0,22,0.0006382974679581821,0
molecola_34823,23,0,23,0.0006382974679581821,0
molecola_34823,24,0,24,0.9477612972259521,1
molecola_34823,25,0,25,0.9467199444770813,1
molecola_34823,26,0,26,0.06979022175073624,0
molecola_35023,1,1,1,0.9313421249389648,1
molecola_35023,2,1,2,0.9613260626792908,1
molecola_35023,3,1,3,0.9681739807128906,1
molecola_35023,4,1,4,0.6992365121841431,1
molecola_35023,5,0,5,0.6792980432510376,1
molecola_35023,6,0,6,0.10747891664505005,0
molecola_35023,7,0,7,0.27943986654281616,0
molecola_35023,8,0,8,0.3765859305858612,0
molecola_35023,9,0,9,0.40515822172164917,0
molecola_35023,10,0,10,0.14774848520755768,0
molecola_35023,11,0,11,0.07794363796710968,0
molecola_35023,12,0,12,0.27943986654281616,0
molecola_35023,13,0,13,0.3765859305858612,0
molecola_35023,14,0,14,0.40515822172164917,0
molecola_35023,15,0,15,0.14774848520755768,0
molecola_35023,16,0,16,0.07794363796710968,0
molecola_35100,1,0,1,0.005895709153264761,0
molecola_35100,2,1,2,0.966463029384613,1
molecola_35100,3,0,3,0.005895709153264761,0
molecola_35100,4,1,4,0.9695825576782227,1
molecola_35100,5,0,5,0.0018716207705438137,0
molecola_35100,6,0,6,0.001336569432169199,0
molecola_35100,7,0,7,0.007513443008065224,0
molecola_35100,8,0,8,0.011587233282625675,0
molecola_35100,9,0,9,0.0802188590168953,0
molecola_35100,10,0,10,0.11931587010622025,0
molecola_35100,11,0,11,0.11930949985980988,0
molecola_35100,12,0,12,0.0782661885023117,0
molecola_35100,13,0,13,0.0062627289444208145,0
molecola_35100,14,0,14,0.0012080968590453267,0
molecola_35252,1,0,1,0.14912322163581848,0
molecola_35252,2,0,2,0.24143651127815247,0
molecola_35252,3,0,3,0.09773686528205872,0
molecola_35252,4,0,4,0.07665058970451355,0
molecola_35252,5,0,5,0.10782770067453384,0
molecola_35252,6,0,6,0.042711660265922546,0
molecola_35252,7,0,7,0.014239349402487278,0
molecola_35252,8,0,8,0.04746270179748535,0
molecola_35252,9,0,9,0.00816801842302084,0
molecola_35252,10,0,10,0.003293546149507165,0
molecola_35252,11,0,11,0.009311028756201267,0
molecola_35252,12,0,12,0.0072173927910625935,0
molecola_35252,13,1,13,0.8575225472450256,1
molecola_35252,14,1,14,0.7783666849136353,1
molecola_35252,15,1,15,0.9738367199897766,1
molecola_35252,16,1,16,0.9817294478416443,1
molecola_35252,17,1,17,0.7885322570800781,1
molecola_35252,18,0,18,0.0037586886901408434,0
molecola_35252,19,0,19,0.02587937004864216,0
molecola_35252,20,0,20,0.025219444185495377,0
molecola_35252,21,0,21,0.014748458750545979,0
molecola_35252,22,0,22,0.013778830878436565,0
molecola_35252,23,0,23,0.007414266467094421,0
molecola_35329,1,1,1,0.9666043519973755,1
molecola_35329,2,1,2,0.9635515213012695,1
molecola_35329,3,0,3,0.009139221161603928,0
molecola_35329,4,0,4,0.016955280676484108,0
molecola_35329,5,0,5,0.10918241739273071,0
molecola_35329,6,1,6,0.63283771276474,1
molecola_35329,7,1,7,0.7394123673439026,1
molecola_35329,8,1,8,0.9353572130203247,1
molecola_35329,9,0,9,0.5864181518554688,1
molecola_35329,10,0,10,0.01733156107366085,0
molecola_35329,11,0,11,0.018216297030448914,0
molecola_35329,12,0,12,0.05091283842921257,0
molecola_35329,13,0,13,0.07985829561948776,0
molecola_35329,14,0,14,0.00981199461966753,0
molecola_35329,15,0,15,0.007953852415084839,0
molecola_35329,16,0,16,0.028448108583688736,0
molecola_35329,17,0,17,0.00826266035437584,0
molecola_35329,18,0,18,0.056406326591968536,0
molecola_35329,19,0,19,0.02275681123137474,0
molecola_35329,20,0,20,0.006888864561915398,0
molecola_35329,21,0,21,0.001755820820108056,0
molecola_35329,22,0,22,0.0048147947527468204,0
molecola_35329,23,0,23,0.0022059178445488214,0
molecola_35329,24,0,24,0.0008347971015609801,0
molecola_35329,25,0,25,0.0008347971015609801,0
molecola_35329,26,0,26,0.0008347971015609801,0
molecola_35560,1,0,1,0.0942411944270134,0
molecola_35560,2,0,2,0.056030143052339554,0
molecola_35560,3,0,3,0.07849615067243576,0
molecola_35560,4,0,4,0.12173162400722504,0
molecola_35560,5,0,5,0.0748547613620758,0
molecola_35560,6,0,6,0.07998491078615189,0
molecola_35560,7,0,7,0.13724206387996674,0
molecola_35560,8,0,8,0.0023904559202492237,0
molecola_35560,9,0,9,0.01599041558802128,0
molecola_35560,10,0,10,0.008634739555418491,0
molecola_35560,11,0,11,0.0033824825659394264,0
molecola_35560,12,1,12,0.01077860128134489,0
molecola_35560,13,1,13,0.7884488105773926,1
molecola_35560,14,1,14,0.9805294871330261,1
molecola_35560,15,1,15,0.9727464318275452,1
molecola_35560,16,1,16,0.7884488105773926,1
molecola_35560,17,1,17,0.01077860128134489,0
molecola_35560,18,0,18,0.029765451326966286,0
molecola_35560,19,0,19,0.026554370298981667,0
molecola_35560,20,0,20,0.08045309036970139,0
molecola_35560,21,0,21,0.05642744526267052,0
molecola_35560,22,0,22,0.0942411944270134,0
molecola_35716,1,1,1,0.8764752745628357,1
molecola_35716,2,1,2,0.974361777305603,1
molecola_35716,3,0,3,0.8764752745628357,1
molecola_35716,4,0,4,0.8206675052642822,1
molecola_35716,5,0,5,0.028594983741641045,0
molecola_35716,6,0,6,0.005108358338475227,0
molecola_35716,7,0,7,0.0044642603024840355,0
molecola_35716,8,0,8,0.003087749471887946,0
molecola_35716,9,0,9,0.003676976775750518,0
molecola_35716,10,0,10,0.03839148208498955,0
molecola_35716,11,0,11,0.04091689735651016,0
molecola_35716,12,0,12,0.10494490712881088,0
molecola_35716,13,0,13,0.01193904597312212,0
molecola_35716,14,0,14,0.006812543608248234,0
molecola_35716,15,0,15,0.0017620222643017769,0
molecola_35716,16,0,16,0.0028317312244325876,0
molecola_35716,17,0,17,0.008279777131974697,0
molecola_35716,18,0,18,0.06981291621923447,0
molecola_35716,19,0,19,0.05565411224961281,0
molecola_35716,20,0,20,0.07895447313785553,0
molecola_35716,21,0,21,0.05565411224961281,0
molecola_35716,22,0,22,0.06981291621923447,0
molecola_35716,23,0,23,0.0012172578135505319,0
molecola_35716,24,0,24,0.0015949385706335306,0
molecola_35716,25,0,25,0.0010452852584421635,0
molecola_35716,26,0,26,0.0008851214661262929,0
molecola_35716,27,0,27,0.0008851214661262929,0
molecola_35716,28,0,28,0.0008851214661262929,0
molecola_35716,29,0,29,0.03839148208498955,0
molecola_35716,30,0,30,0.003676976775750518,0
molecola_35716,31,0,31,0.011999043636023998,0
molecola_35716,32,0,32,0.002506713615730405,0
molecola_35876,1,0,1,0.0040114568546414375,0
molecola_35876,2,0,2,0.025567244738340378,0
molecola_35876,3,0,3,0.01156400702893734,0
molecola_35876,4,0,4,0.797851026058197,1
molecola_35876,5,1,5,0.6353341937065125,1
molecola_35876,6,0,6,0.2082705795764923,0
molecola_35876,7,0,7,0.018247349187731743,0
molecola_35876,8,1,8,0.06258456408977509,0
molecola_35876,9,1,9,0.02347652055323124,0
molecola_35876,10,1,10,0.04245951026678085,0
molecola_35876,11,0,11,0.005114648956805468,0
molecola_35876,12,0,12,0.0032321035396307707,0
molecola_35876,13,0,13,0.009097030386328697,0
molecola_35876,14,0,14,0.006402189377695322,0
molecola_35876,15,0,15,0.002541582565754652,0
molecola_35876,16,0,16,0.002052447060123086,0
molecola_35876,17,0,17,0.0013821199536323547,0
molecola_35876,18,0,18,0.004853426944464445,0
molecola_35994,1,0,1,0.0022415739949792624,0
molecola_35994,2,0,2,0.0026352382265031338,0
molecola_35994,3,0,3,0.0026137884706258774,0
molecola_35994,4,0,4,0.02043764851987362,0
molecola_35994,5,0,5,0.10074464976787567,0
molecola_35994,6,0,6,0.026232600212097168,0
molecola_35994,7,0,7,0.055092424154281616,0
molecola_35994,8,0,8,0.008064886555075645,0
molecola_35994,9,0,9,0.026232600212097168,0
molecola_35994,10,0,10,0.10074464976787567,0
molecola_35994,11,0,11,0.002437483984977007,0
molecola_35994,12,0,12,0.0016175175551325083,0
molecola_35994,13,0,13,0.0021883430890738964,0
molecola_35994,14,0,14,0.0036620832979679108,0
molecola_35994,15,0,15,0.0036620832979679108,0
molecola_35994,16,0,16,0.0021883430890738964,0
molecola_35994,17,0,17,0.0016976690385490656,0
molecola_35994,18,0,18,0.0051811556331813335,0
molecola_35994,19,0,19,0.001082243979908526,0
molecola_35994,20,0,20,0.0012455964460968971,0
molecola_35994,21,0,21,0.0008695189608260989,0
molecola_35994,22,0,22,0.001340472954325378,0
molecola_35994,23,0,23,0.0019244656432420015,0
molecola_35994,24,0,24,0.000799848057795316,0
molecola_35994,25,0,25,0.0015942150494083762,0
molecola_35994,26,0,26,0.0030065590981394053,0
molecola_35994,27,0,27,0.0016922494396567345,0
molecola_35994,28,0,28,0.006740084849298,0
molecola_35994,29,0,29,0.0016922494396567345,0
molecola_35994,30,0,30,0.0025100221391767263,0
molecola_35994,31,0,31,0.02740255557000637,0
molecola_35994,32,0,32,0.01684967614710331,0
molecola_35994,33,0,33,0.05154285207390785,0
molecola_35994,34,0,34,0.0838036835193634,0
molecola_35994,35,0,35,0.07826429605484009,0
molecola_35994,36,0,36,0.1727575808763504,0
molecola_35994,37,1,37,0.848228394985199,1
molecola_35994,38,1,38,0.9785321950912476,1
molecola_35994,39,1,39,0.8971379995346069,1
molecola_35994,40,1,40,0.8971379995346069,1
molecola_35994,41,0,41,0.046757616102695465,0
molecola_35994,42,0,42,0.0028321645222604275,0
molecola_35994,43,0,43,0.002725952072069049,0
molecola_35994,44,0,44,0.0024369366001337767,0
molecola_36031,1,0,1,0.13363312184810638,0
molecola_36031,2,0,2,0.027765994891524315,0
molecola_36031,3,0,3,0.07205700874328613,0
molecola_36031,4,0,4,0.09725203365087509,0
molecola_36031,5,0,5,0.11952471733093262,0
molecola_36031,6,0,6,0.016642307862639427,0
molecola_36031,7,0,7,0.007272479590028524,0
molecola_36031,8,0,8,0.0010745350737124681,0
molecola_36031,9,0,9,0.002423130441457033,0
molecola_36031,10,0,10,0.0011973076034337282,0
molecola_36031,11,0,11,0.0011973076034337282,0
molecola_36031,12,0,12,0.0011605783365666866,0
molecola_36031,13,0,13,0.07205700874328613,0
molecola_36031,14,0,14,0.027765994891524315,0
molecola_36031,15,0,15,0.13363312184810638,0
molecola_36031,16,0,16,0.017007432878017426,0
molecola_36031,17,0,17,0.007878491654992104,0
molecola_36031,18,0,18,0.0696527436375618,0
molecola_36031,19,0,19,0.015171355567872524,0
molecola_36031,20,0,20,0.003535062773153186,0
molecola_36031,21,0,21,0.0037095341831445694,0
molecola_36031,22,0,22,0.004529900383204222,0
molecola_36031,23,0,23,0.0930381715297699,0
molecola_36031,24,0,24,0.053925275802612305,0
molecola_36031,25,0,25,0.05400758236646652,0
molecola_36031,26,0,26,0.05429421365261078,0
molecola_36031,27,0,27,0.037330400198698044,0
molecola_36031,28,0,28,0.02082914300262928,0
molecola_36031,29,1,29,0.8668208122253418,1
molecola_36031,30,1,30,0.9844829440116882,1
molecola_36031,31,0,31,0.8880261778831482,1
molecola_36031,32,1,32,0.8880261778831482,1
molecola_36031,33,0,33,0.025662342086434364,0
molecola_36031,34,0,34,0.12129192799329758,0
molecola_36031,35,0,35,0.10395405441522598,0
molecola_36031,36,0,36,0.06259055435657501,0
molecola_36031,37,0,37,0.001496249926276505,0
molecola_36287,1,0,1,0.07634668052196503,0
molecola_36287,2,0,2,0.04419337213039398,0
molecola_36287,3,0,3,0.04350079223513603,0
molecola_36287,4,0,4,0.03554246574640274,0
molecola_36287,5,0,5,0.003235140349715948,0
molecola_36287,6,0,6,0.004934336524456739,0
molecola_36287,7,0,7,0.004611049313098192,0
molecola_36287,8,0,8,0.002093440853059292,0
molecola_36287,9,0,9,0.001297574257478118,0
molecola_36287,10,0,10,0.004007899668067694,0
molecola_36287,11,0,11,0.0019506968092173338,0
molecola_36287,12,0,12,0.005392755847424269,0
molecola_36287,13,0,13,0.00224261824041605,0
molecola_36287,14,0,14,0.0033617380540817976,0
molecola_36287,15,0,15,0.0028953610453754663,0
molecola_36287,16,1,16,0.05906776338815689,0
molecola_36287,17,0,17,0.0025720139965415,0
molecola_36287,18,0,18,0.0017593923257663846,0
molecola_36287,19,0,19,0.0007847336237318814,0
molecola_36287,20,0,20,0.0013901672791689634,0
molecola_36287,21,0,21,0.0008439572993665934,0
molecola_36287,22,0,22,0.001601116033270955,0
molecola_36287,23,0,23,0.0011887629516422749,0
molecola_36287,24,0,24,0.001601116033270955,0
molecola_36287,25,0,25,0.0008439572993665934,0
molecola_36287,26,0,26,0.0014983838191255927,0
molecola_36287,27,0,27,0.0009117076988331974,0
molecola_36287,28,0,28,0.0009117076988331974,0
molecola_36287,29,0,29,0.0009117076988331974,0
molecola_36287,30,0,30,0.0014983838191255927,0
molecola_36287,31,0,31,0.0009117076988331974,0
molecola_36287,32,0,32,0.0009117076988331974,0
molecola_36287,33,0,33,0.0009117076988331974,0
molecola_36287,34,0,34,0.007762688212096691,0
molecola_36287,35,0,35,0.03463734686374664,0
molecola_36287,36,0,36,0.07665052264928818,0
molecola_36287,37,0,37,0.03192389756441116,0
molecola_36325,1,1,1,0.9468981623649597,1
molecola_36325,2,0,2,0.047267939895391464,0
molecola_36325,3,1,3,0.48982420563697815,0
molecola_36325,4,1,4,0.54510098695755,1
molecola_36325,5,1,5,0.3624993562698364,0
molecola_36325,6,0,6,0.10550272464752197,0
molecola_36325,7,0,7,0.00899159163236618,0
molecola_36325,8,0,8,0.01399258989840746,0
molecola_3663,1,0,1,0.004282362759113312,0
molecola_3663,2,1,2,0.756364643573761,1
molecola_3663,3,0,3,0.0013931081630289555,0
molecola_3663,4,0,4,0.0037695406936109066,0
molecola_3663,5,0,5,0.002379359444603324,0
molecola_3663,6,0,6,0.0009978062007576227,0
molecola_3663,7,0,7,0.001381435664370656,0
molecola_3663,8,0,8,0.001581408898346126,0
molecola_3663,9,0,9,0.052990254014730453,0
molecola_3663,10,0,10,0.10261605679988861,0
molecola_3663,11,0,11,0.033324457705020905,0
molecola_3663,12,0,12,0.003568887710571289,0
molecola_3663,13,0,13,0.07724643498659134,0
molecola_3663,14,1,14,0.9207228422164917,1
molecola_3663,15,1,15,0.923836886882782,1
molecola_3663,16,0,16,0.004871056415140629,0
molecola_3663,17,0,17,0.008303808979690075,0
molecola_3663,18,0,18,0.03325861319899559,0
molecola_3663,19,0,19,0.0543338768184185,0
molecola_3663,20,0,20,0.0037817279808223248,0
molecola_3663,21,0,21,0.001620268914848566,0
molecola_36762,1,0,1,0.056587427854537964,0
molecola_36762,2,0,2,0.0015195445157587528,0
molecola_36762,3,0,3,0.007342742756009102,0
molecola_36762,4,0,4,0.0027646454982459545,0
molecola_36762,5,0,5,0.00793379358947277,0
molecola_36762,6,0,6,0.027503415942192078,0
molecola_36762,7,0,7,0.1968630850315094,0
molecola_36762,8,0,8,0.9519402384757996,1
molecola_36762,9,0,9,0.26749005913734436,0
molecola_36762,10,0,10,0.5611652731895447,1
molecola_36762,11,0,11,0.3436603248119354,0
molecola_36762,12,1,12,0.9855778813362122,1
molecola_36762,13,0,13,0.08930504322052002,0
molecola_36762,14,0,14,0.1487942785024643,0
molecola_36762,15,0,15,0.08256721496582031,0
molecola_36762,16,0,16,0.10508401691913605,0
molecola_36762,17,0,17,0.03531704470515251,0
molecola_36762,18,0,18,0.03744295984506607,0
molecola_36762,19,0,19,0.0047492822632193565,0
molecola_36762,20,0,20,0.0034022857435047626,0
molecola_36762,21,0,21,0.01005385909229517,0
molecola_36762,22,0,22,0.057702530175447464,0
molecola_36762,23,0,23,0.01005385909229517,0
molecola_36762,24,0,24,0.0034022857435047626,0
molecola_36857,1,0,1,0.023335566744208336,0
molecola_36857,2,0,2,0.0377272292971611,0
molecola_36857,3,0,3,0.07549905776977539,0
molecola_36857,4,0,4,0.03350541740655899,0
molecola_36857,5,0,5,0.06708477437496185,0
molecola_36857,6,0,6,0.15077781677246094,0
molecola_36857,7,0,7,0.008622209541499615,0
molecola_36857,8,0,8,0.03242817521095276,0
molecola_36857,9,0,9,0.037611618638038635,0
molecola_36857,10,0,10,0.02305353432893753,0
molecola_36857,11,0,11,0.043570950627326965,0
molecola_36857,12,0,12,0.00466947304084897,0
molecola_36857,13,0,13,0.00764736533164978,0
molecola_36857,14,0,14,0.001892769942060113,0
molecola_36857,15,0,15,0.025723295286297798,0
molecola_36857,16,0,16,0.12354641407728195,0
molecola_36857,17,0,17,0.19339974224567413,0
molecola_36857,18,0,18,0.001395326224155724,0
molecola_36857,19,0,19,0.0010568579891696572,0
molecola_36857,20,0,20,0.001294800196774304,0
molecola_36857,21,0,21,0.001889615086838603,0
molecola_36857,22,0,22,0.0581476129591465,0
molecola_36857,23,0,23,0.813560426235199,1
molecola_36857,24,1,24,0.9823087453842163,1
molecola_36857,25,0,25,0.8878907561302185,1
molecola_36857,26,1,26,0.8878907561302185,1
molecola_36857,27,0,27,0.001294800196774304,0
molecola_36857,28,0,28,0.0010568579891696572,0
molecola_36857,29,0,29,0.001294800196774304,0
molecola_36857,30,0,30,0.0010568579891696572,0
molecola_36878,1,0,1,0.0017829880816861987,0
molecola_36878,2,0,2,0.0025080505292862654,0
molecola_36878,3,0,3,0.0017829880816861987,0
molecola_36878,4,0,4,0.0007423171773552895,0
molecola_36878,5,0,5,0.049801770597696304,0
molecola_36878,6,0,6,0.001070596044883132,0
molecola_36878,7,0,7,0.0009890891378745437,0
molecola_36878,8,0,8,0.0009890891378745437,0
molecola_36878,9,0,9,0.0011242288164794445,0
molecola_36878,10,0,10,0.0021389867179095745,0
molecola_36878,11,0,11,0.006082556676119566,0
molecola_36878,12,0,12,0.020495781674981117,0
molecola_36878,13,0,13,0.009495844133198261,0
molecola_36878,14,0,14,0.020702902227640152,0
molecola_36878,15,0,15,0.03107181377708912,0
molecola_36878,16,0,16,0.04498276486992836,0
molecola_36878,17,0,17,0.06792648881673813,0
molecola_36878,18,0,18,0.04866403341293335,0
molecola_36878,19,0,19,0.04285119101405144,0
molecola_36878,20,0,20,0.01641419157385826,0
molecola_36878,21,0,21,0.025592032819986343,0
molecola_36878,22,0,22,0.0032937212381511927,0
molecola_36878,23,0,23,0.00439753383398056,0
molecola_36878,24,1,24,0.0014146482571959496,0
molecola_36878,25,1,25,0.0014544540317729115,0
molecola_36878,26,1,26,0.00492011709138751,0
molecola_36878,27,0,27,0.0010224460856989026,0
molecola_36878,28,0,28,0.007153509650379419,0
molecola_36878,29,0,29,0.02828446589410305,0
molecola_36878,30,0,30,0.001539026852697134,0
molecola_36878,31,0,31,0.003093899693340063,0
molecola_36878,32,0,32,0.0008400452206842601,0
molecola_36878,33,0,33,0.006810823921114206,0
molecola_36878,34,1,34,0.969814121723175,1
molecola_37002,1,0,1,0.002307506278157234,0
molecola_37002,2,0,2,0.0018784808926284313,0
molecola_37002,3,0,3,0.0014180493308231235,0
molecola_37002,4,0,4,0.0018455750541761518,0
molecola_37002,5,0,5,0.9760032296180725,1
molecola_37002,6,0,6,0.9728010892868042,1
molecola_37002,7,0,7,0.0017036792123690248,0
molecola_37002,8,0,8,0.003303188132122159,0
molecola_37002,9,0,9,0.004729819018393755,0
molecola_37002,10,0,10,0.0011268116068094969,0
molecola_37002,11,0,11,0.011097882874310017,0
molecola_37002,12,1,12,0.9168344736099243,1
molecola_37002,13,1,13,0.9271023869514465,1
molecola_37002,14,1,14,0.9294835925102234,1
molecola_37002,15,1,15,0.6750458478927612,1
molecola_37002,16,1,16,0.9294835925102234,1
molecola_37002,17,0,17,0.9271023869514465,1
molecola_37002,18,1,18,0.9862151741981506,1
molecola_37002,19,0,19,0.8919687271118164,1
molecola_37002,20,1,20,0.8919687271118164,1
molecola_37002,21,0,21,0.08050525933504105,0
molecola_37002,22,0,22,0.12115926295518875,0
molecola_37002,23,0,23,0.004833422135561705,0
molecola_37002,24,0,24,0.007520657032728195,0
molecola_37002,25,0,25,0.0016322799492627382,0
molecola_37002,26,0,26,0.002294833306223154,0
molecola_37002,27,0,27,0.0061532543040812016,0
molecola_37002,28,0,28,0.005890675354748964,0
molecola_37002,29,0,29,0.0012284975964576006,0
molecola_37002,30,0,30,0.0061532543040812016,0
molecola_37002,31,0,31,0.002294833306223154,0
molecola_37207,1,1,1,0.9894692897796631,1
molecola_37207,2,0,2,0.05529353767633438,0
molecola_37207,3,0,3,0.5686962008476257,1
molecola_37207,4,0,4,0.15906649827957153,0
molecola_37207,5,0,5,0.11188245564699173,0
molecola_37207,6,0,6,0.047770000994205475,0
molecola_37207,7,0,7,0.4295388162136078,0
molecola_37207,8,0,8,0.025105386972427368,0
molecola_37207,9,0,9,0.08505498617887497,0
molecola_37207,10,0,10,0.025248445570468903,0
molecola_37207,11,0,11,0.05544796958565712,0
molecola_37207,12,0,12,0.011737562716007233,0
molecola_37207,13,0,13,0.0014009018195793033,0
molecola_37207,14,0,14,0.006478087976574898,0
molecola_37207,15,0,15,0.002847549971193075,0
molecola_37207,16,0,16,0.00244400417432189,0
molecola_37207,17,0,17,0.010799150913953781,0
molecola_37207,18,0,18,0.19460906088352203,0
molecola_37207,19,0,19,0.16471751034259796,0
molecola_37207,20,0,20,0.14629517495632172,0
molecola_37207,21,0,21,0.16471751034259796,0
molecola_37207,22,0,22,0.19460906088352203,0
molecola_37207,23,0,23,0.0015526821371167898,0
molecola_37207,24,0,24,0.0022893636487424374,0
molecola_37207,25,0,25,0.003669504076242447,0
molecola_37207,26,0,26,0.00880352035164833,0
molecola_37207,27,0,27,0.003669504076242447,0
molecola_37207,28,0,28,0.0022893636487424374,0
molecola_37344,1,0,1,0.010193286463618279,0
molecola_37344,2,0,2,0.0009546279907226562,0
molecola_37344,3,0,3,0.0034725184086710215,0
molecola_37344,4,0,4,0.001692793215624988,0
molecola_37344,5,0,5,0.001103113405406475,0
molecola_37344,6,0,6,0.004135218448936939,0
molecola_37344,7,0,7,0.012231581844389439,0
molecola_37344,8,0,8,0.0008913907804526389,0
molecola_37344,9,0,9,0.0010898945620283484,0
molecola_37344,10,0,10,0.00100026186555624,0
molecola_37344,11,0,11,0.004128186963498592,0
molecola_37344,12,0,12,0.020441845059394836,0
molecola_37344,13,0,13,0.0022859026212245226,0
molecola_37344,14,0,14,0.021805526688694954,0
molecola_37344,15,0,15,0.041268158704042435,0
molecola_37344,16,0,16,0.009929235093295574,0
molecola_37344,17,0,17,0.0013057354371994734,0
molecola_37344,18,0,18,0.053891152143478394,0
molecola_37344,19,0,19,0.05215200409293175,0
molecola_37344,20,0,20,0.6848912835121155,1
molecola_37344,21,0,21,0.05587906390428543,0
molecola_37344,22,1,22,0.9899919629096985,1
molecola_37344,23,0,23,0.6848912835121155,1
molecola_37344,24,0,24,0.05215200409293175,0
molecola_3747,1,0,1,0.008053374476730824,0
molecola_3747,2,0,2,0.012482503429055214,0
molecola_3747,3,0,3,0.00831664353609085,0
molecola_3747,4,0,4,0.02403349056839943,0
molecola_3747,5,0,5,0.008470156230032444,0
molecola_3747,6,0,6,0.06550174206495285,0
molecola_3747,7,0,7,0.14901681244373322,0
molecola_3747,8,0,8,0.1278301328420639,0
molecola_3747,9,0,9,0.0203675739467144,0
molecola_3747,10,0,10,0.004785853438079357,0
molecola_3747,11,0,11,0.0024729701690375805,0
molecola_3747,12,0,12,0.05477651581168175,0
molecola_3747,13,1,13,0.9340740442276001,1
molecola_3747,14,1,14,0.9487975835800171,1
molecola_3747,15,0,15,0.09691326320171356,0
molecola_3747,16,0,16,0.0019980415236204863,0
molecola_3747,17,0,17,0.0037444119807332754,0
molecola_3747,18,0,18,0.001508808578364551,0
molecola_3747,19,0,19,0.0017657383577898145,0
molecola_3747,20,0,20,0.0013424353674054146,0
molecola_3747,21,0,21,0.003454481950029731,0
molecola_3747,22,0,22,0.0019403306068852544,0
molecola_3747,23,0,23,0.0039602285251021385,0
molecola_3747,24,0,24,0.002302364446222782,0
molecola_3747,25,0,25,0.0008596886764280498,0
molecola_3747,26,0,26,0.0012735278578475118,0
molecola_3747,27,0,27,0.0013425549259409308,0
molecola_3747,28,0,28,0.035782340914011,0
molecola_3747,29,0,29,0.10070109367370605,0
molecola_3747,30,0,30,0.01566324383020401,0
molecola_3747,31,0,31,0.001915954751893878,0
molecola_3747,32,0,32,0.004070723429322243,0
molecola_3747,33,0,33,0.06400187313556671,0
molecola_3747,34,0,34,0.05626104772090912,0
molecola_3747,35,0,35,0.07895448803901672,0
molecola_3747,36,0,36,0.05626104772090912,0
molecola_3747,37,0,37,0.06400187313556671,0
molecola_3747,38,0,38,0.003454481950029731,0
molecola_3747,39,0,39,0.0013424353674054146,0
molecola_37480,1,0,1,0.017610106617212296,0
molecola_37480,2,0,2,0.03319317847490311,0
molecola_37480,3,0,3,0.13723421096801758,0
molecola_37480,4,0,4,0.14045359194278717,0
molecola_37480,5,0,5,0.02802538126707077,0
molecola_37480,6,0,6,0.0021112211979925632,0
molecola_37480,7,0,7,0.0017034690827131271,0
molecola_37480,8,0,8,0.0014353995211422443,0
molecola_37480,9,0,9,0.0010769356740638614,0
molecola_37480,10,0,10,0.0013748338678851724,0
molecola_37480,11,0,11,0.0010769356740638614,0
molecola_37480,12,0,12,0.0014353995211422443,0
molecola_37480,13,0,13,0.001816740958020091,0
molecola_37480,14,0,14,0.0007973603787831962,0
molecola_37480,15,0,15,0.0047418163157999516,0
molecola_37480,16,0,16,0.0022963872179389,0
molecola_37480,17,0,17,0.011007651686668396,0
molecola_37480,18,0,18,0.002535952953621745,0
molecola_37480,19,0,19,0.0019218159141018987,0
molecola_37480,20,1,20,0.9764657020568848,1
molecola_37480,21,1,21,0.9728711843490601,1
molecola_37480,22,0,22,0.003303296398371458,0
molecola_37480,23,0,23,0.2634218633174896,0
molecola_37480,24,0,24,0.1099461168050766,0
molecola_37480,25,0,25,0.06746810674667358,0
molecola_37480,26,0,26,0.16543327271938324,0
molecola_37480,27,0,27,0.12037671357393265,0
molecola_37480,28,0,28,0.17637167870998383,0
molecola_37480,29,0,29,0.025582751259207726,0
molecola_37480,30,0,30,0.3045752942562103,0
molecola_37480,31,0,31,0.42180636525154114,0
molecola_37480,32,0,32,0.2727857530117035,0
molecola_37480,33,0,33,0.20372289419174194,0
molecola_37480,34,0,34,0.1436396986246109,0
molecola_37480,35,0,35,0.0031150425784289837,0
molecola_37480,36,0,36,0.14045359194278717,0
molecola_37480,37,0,37,0.13723421096801758,0
molecola_37690,1,0,1,0.07605864107608795,0
molecola_37690,2,0,2,0.051732856780290604,0
molecola_37690,3,0,3,0.08258131146430969,0
molecola_37690,4,0,4,0.12878429889678955,0
molecola_37690,5,0,5,0.15417975187301636,0
molecola_37690,6,0,6,0.1613791286945343,0
molecola_37690,7,0,7,0.15574170649051666,0
molecola_37690,8,0,8,0.9779887795448303,1
molecola_37690,9,0,9,0.11430644243955612,0
molecola_37690,10,0,10,0.041470423340797424,0
molecola_37690,11,0,11,0.00725711090490222,0
molecola_37690,12,0,12,0.0021002136636525393,0
molecola_37690,13,0,13,0.004529822617769241,0
molecola_37690,14,0,14,0.30402982234954834,0
molecola_37690,15,0,15,0.9111257195472717,1
molecola_37690,16,0,16,0.028553804382681847,0
molecola_37690,17,0,17,0.0014573794323951006,0
molecola_37690,18,0,18,0.0007682607974857092,0
molecola_37690,19,0,19,0.0011169598437845707,0
molecola_37690,20,0,20,0.0007046748651191592,0
molecola_37690,21,0,21,0.0011016489006578922,0
molecola_37690,22,0,22,0.0023233338724821806,0
molecola_37690,23,0,23,0.0010826574871316552,0
molecola_37690,24,0,24,0.0019981719087809324,0
molecola_37690,25,0,25,0.0011065476574003696,0
molecola_37690,26,0,26,0.0011065476574003696,0
molecola_37690,27,0,27,0.0011356225004419684,0
molecola_37690,28,0,28,0.0009165394003503025,0
molecola_37690,29,0,29,0.0010644752765074372,0
molecola_37690,30,0,30,0.0007506990805268288,0
molecola_37690,31,0,31,0.0008712672861292958,0
molecola_37690,32,0,32,0.0010644752765074372,0
molecola_37690,33,0,33,0.0007506987312808633,0
molecola_37690,34,0,34,0.0009165394003503025,0
molecola_37690,35,1,35,0.9874113202095032,1
molecola_37690,36,0,36,0.893317699432373,1
molecola_37690,37,1,37,0.893317699432373,1
molecola_37690,38,0,38,0.0021002136636525393,0
molecola_37690,39,0,39,0.00725711090490222,0
molecola_37744,1,0,1,0.004737609997391701,0
molecola_37744,2,0,2,0.0013572960160672665,0
molecola_37744,3,0,3,0.0007917669136077166,0
molecola_37744,4,0,4,0.003023766912519932,0
molecola_37744,5,0,5,0.0034234148915857077,0
molecola_37744,6,0,6,0.009149516001343727,0
molecola_37744,7,0,7,0.002502931049093604,0
molecola_37744,8,0,8,0.005446644499897957,0
molecola_37744,9,0,9,0.004135012626647949,0
molecola_37744,10,0,10,0.014649620279669762,0
molecola_37744,11,0,11,0.0562581866979599,0
molecola_37744,12,0,12,0.006096056662499905,0
molecola_37744,13,0,13,0.019891155883669853,0
molecola_37744,14,0,14,0.007030172739177942,0
molecola_37744,15,0,15,0.002049019793048501,0
molecola_37744,16,0,16,0.005351402331143618,0
molecola_37744,17,0,17,0.009150545112788677,0
molecola_37744,18,0,18,0.0025029429234564304,0
molecola_37744,19,0,19,0.0011268781963735819,0
molecola_37744,20,0,20,0.0499718114733696,0
molecola_37744,21,0,21,0.06828301399946213,0
molecola_37744,22,1,22,0.6848437786102295,1
molecola_37744,23,0,23,0.055867817252874374,0
molecola_37744,24,1,24,0.9899919629096985,1
molecola_37744,25,1,25,0.6848437786102295,1
molecola_37744,26,0,26,0.06828301399946213,0
molecola_37812,1,0,1,0.0016687932657077909,0
molecola_37812,2,0,2,0.001126931863836944,0
molecola_37812,3,0,3,0.026283632963895798,0
molecola_37812,4,0,4,0.00795501098036766,0
molecola_37812,5,0,5,0.039229147136211395,0
molecola_37812,6,0,6,0.10091547667980194,0
molecola_37812,7,0,7,0.09011348336935043,0
molecola_37812,8,0,8,0.021605907008051872,0
molecola_37812,9,0,9,0.0068643600679934025,0
molecola_37812,10,1,10,0.9937141537666321,1
molecola_37812,11,1,11,0.9682629704475403,1
molecola_37812,12,1,12,0.9682629704475403,1
molecola_37812,13,0,13,0.002124873222783208,0
molecola_37812,14,0,14,0.0010757753625512123,0
molecola_37812,15,0,15,0.004271670710295439,0
molecola_37812,16,0,16,0.014019284397363663,0
molecola_37812,17,0,17,0.016656657680869102,0
molecola_37812,18,0,18,0.12410648912191391,0
molecola_37812,19,0,19,0.2822537422180176,0
molecola_37812,20,0,20,0.025089135393500328,0
molecola_37812,21,0,21,0.01199452206492424,0
molecola_37812,22,0,22,0.006426714360713959,0
molecola_37812,23,0,23,0.015929121524095535,0
molecola_37812,24,0,24,0.0010023558279499412,0
molecola_37812,25,0,25,0.003268458880484104,0
molecola_37812,26,0,26,0.0012327178847044706,0
molecola_37812,27,0,27,0.0009717700304463506,0
molecola_37812,28,0,28,0.0006173427682369947,0
molecola_37812,29,0,29,0.0006173427682369947,0
molecola_37812,30,0,30,0.0012327178847044706,0
molecola_37812,31,0,31,0.003268458880484104,0
molecola_37812,32,0,32,0.01805443875491619,0
molecola_37812,33,0,33,0.010492382571101189,0
molecola_37812,34,0,34,0.004619708750396967,0
molecola_37840,1,0,1,0.001451248419471085,0
molecola_37840,2,0,2,0.001002597389742732,0
molecola_37840,3,0,3,0.001451248419471085,0
molecola_37840,4,0,4,0.0012279102811589837,0
molecola_37840,5,0,5,0.0009696785127744079,0
molecola_37840,6,0,6,0.0009696785127744079,0
molecola_37840,7,0,7,0.0042124404571950436,0
molecola_37840,8,0,8,0.0016050387639552355,0
molecola_37840,9,0,9,0.005976906977593899,0
molecola_37840,10,0,10,0.0037188809365034103,0
molecola_37840,11,0,11,0.00814323965460062,0
molecola_37840,12,0,12,0.0028076674789190292,0
molecola_37840,13,0,13,0.07816989719867706,0
molecola_37840,14,0,14,0.08857689052820206,0
molecola_37840,15,0,15,0.06170004606246948,0
molecola_37840,16,0,16,0.039398472756147385,0
molecola_37840,17,0,17,0.026723917573690414,0
molecola_37840,18,0,18,0.039398472756147385,0
molecola_37840,19,0,19,0.06170004606246948,0
molecola_37840,20,0,20,0.05995555594563484,0
molecola_37840,21,0,21,0.36367788910865784,0
molecola_37840,22,0,22,0.1182982549071312,0
molecola_37840,23,1,23,0.9886873960494995,1
molecola_37840,24,0,24,0.5811595916748047,1
molecola_37840,25,0,25,0.13745169341564178,0
molecola_37840,26,0,26,0.15275172889232635,0
molecola_37840,27,0,27,0.04926008731126785,0
molecola_37870,1,0,1,0.22829583287239075,0
molecola_37870,2,0,2,0.111480213701725,0
molecola_37870,3,0,3,0.24689944088459015,0
molecola_37870,4,0,4,0.01852479949593544,0
molecola_37870,5,0,5,0.04611913859844208,0
molecola_37870,6,0,6,0.028770919889211655,0
molecola_37870,7,0,7,0.48294439911842346,0
molecola_37870,8,0,8,0.16563251614570618,0
molecola_37870,9,1,9,0.9871679544448853,1
molecola_37870,10,0,10,0.9289579391479492,1
molecola_37870,11,0,11,0.9322023987770081,1
molecola_37870,12,0,12,0.04631868749856949,0
molecola_37870,13,0,13,0.012607153505086899,0
molecola_37870,14,0,14,0.018637031316757202,0
molecola_37870,15,0,15,0.05803483724594116,0
molecola_37870,16,0,16,0.01623465120792389,0
molecola_37870,17,0,17,0.9414242506027222,1
molecola_37870,18,0,18,0.9513942003250122,1
molecola_37870,19,0,19,0.01623465120792389,0
molecola_37870,20,0,20,0.05803483724594116,0
molecola_37870,21,0,21,0.0018286906415596604,0
molecola_37870,22,0,22,0.0012915018014609814,0
molecola_37870,23,0,23,0.010483980178833008,0
molecola_37870,24,0,24,0.047810036689043045,0
molecola_37870,25,0,25,0.010483980178833008,0
molecola_37870,26,0,26,0.0012915018014609814,0
molecola_38019,1,0,1,0.22829583287239075,0
molecola_38019,2,0,2,0.10872432589530945,0
molecola_38019,3,0,3,0.14268770813941956,0
molecola_38019,4,0,4,0.10837537795305252,0
molecola_38019,5,0,5,0.5448606610298157,1
molecola_38019,6,0,6,0.6115683317184448,1
molecola_38019,7,0,7,0.6457213759422302,1
molecola_38019,8,0,8,0.657818615436554,1
molecola_38019,9,0,9,0.6452479362487793,1
molecola_38019,10,0,10,0.5327342748641968,1
molecola_38019,11,0,11,0.011934657581150532,0
molecola_38019,12,0,12,0.0014018232468515635,0
molecola_38019,13,0,13,0.0015290224691852927,0
molecola_38019,14,0,14,0.0006908771465532482,0
molecola_38019,15,0,15,0.001297741662710905,0
molecola_38019,16,0,16,0.01836383529007435,0
molecola_38019,17,0,17,0.10954583436250687,0
molecola_38019,18,0,18,0.19324596226215363,0
molecola_38019,19,0,19,0.4311518967151642,0
molecola_38019,20,0,20,0.31102386116981506,0
molecola_38019,21,0,21,0.17902420461177826,0
molecola_38019,22,1,22,0.9866575598716736,1
molecola_38056,1,0,1,0.0029980652034282684,0
molecola_38056,2,0,2,0.005000685341656208,0
molecola_38056,3,0,3,0.0011642372701317072,0
molecola_38056,4,0,4,0.0012985595967620611,0
molecola_38056,5,0,5,0.0015269563300535083,0
molecola_38056,6,0,6,0.001750305062159896,0
molecola_38056,7,0,7,0.0010827833320945501,0
molecola_38056,8,0,8,0.003138279775157571,0
molecola_38056,9,0,9,0.0022147337440401316,0
molecola_38056,10,0,10,0.003259823890402913,0
molecola_38056,11,0,11,0.7110826373100281,1
molecola_38056,12,1,12,0.8727171421051025,1
molecola_38056,13,0,13,0.7110826373100281,1
molecola_38056,14,0,14,0.003259823890402913,0
molecola_38056,15,1,15,0.9879680871963501,1
molecola_38056,16,0,16,0.8775237798690796,1
molecola_38056,17,1,17,0.8775237798690796,1
molecola_38056,18,0,18,0.0032971042674034834,0
molecola_38056,19,0,19,0.0012190568959340453,0
molecola_38056,20,0,20,0.000996049027889967,0
molecola_38056,21,0,21,0.0021437378600239754,0
molecola_38056,22,0,22,0.004834810271859169,0
molecola_38056,23,0,23,0.0013752406230196357,0
molecola_38056,24,0,24,0.0020021810196340084,0
molecola_38056,25,0,25,0.0012084150221198797,0
molecola_38056,26,0,26,0.001825135899707675,0
molecola_38056,27,0,27,0.0011835074983537197,0
molecola_38056,28,0,28,0.001825135899707675,0
molecola_38056,29,0,29,0.0012084150221198797,0
molecola_38056,30,0,30,0.0014836504124104977,0
molecola_38056,31,0,31,0.0008700796752236784,0
molecola_38056,32,0,32,0.0008700796752236784,0
molecola_38056,33,0,33,0.0008700796752236784,0
molecola_38056,34,0,34,0.0014836504124104977,0
molecola_38056,35,0,35,0.0008700796752236784,0
molecola_38056,36,0,36,0.0008700796752236784,0
molecola_38056,37,0,37,0.0008700796752236784,0
molecola_38056,38,0,38,0.007995177060365677,0
molecola_38056,39,0,39,0.09790085256099701,0
molecola_38056,40,0,40,0.012234318070113659,0
molecola_38056,41,0,41,0.00964264664798975,0
molecola_38056,42,0,42,0.0020652480889111757,0
molecola_38056,43,0,43,0.02901501953601837,0
molecola_38056,44,0,44,0.0008626189082860947,0
molecola_38056,45,0,45,0.0009948379592970014,0
molecola_38191,1,0,1,0.008725795894861221,0
molecola_38191,2,0,2,0.0012403724249452353,0
molecola_38191,3,0,3,0.0009657830814830959,0
molecola_38191,4,0,4,0.0009657830814830959,0
molecola_38191,5,0,5,0.000981867196969688,0
molecola_38191,6,0,6,0.0022821668535470963,0
molecola_38191,7,0,7,0.023719917982816696,0
molecola_38191,8,0,8,0.02552114427089691,0
molecola_38191,9,0,9,0.0024582340847700834,0
molecola_38191,10,0,10,0.0017843302339315414,0
molecola_38191,11,0,11,0.9760245680809021,1
molecola_38191,12,0,12,0.9728066325187683,1
molecola_38191,13,0,13,0.012205418199300766,0
molecola_38191,14,0,14,0.003452017204836011,0
molecola_38191,15,0,15,0.0029628470074385405,0
molecola_38191,16,0,16,0.004106530919671059,0
molecola_38191,17,0,17,0.020952489227056503,0
molecola_38191,18,0,18,0.05470317602157593,0
molecola_38191,19,0,19,0.07223429530858994,0
molecola_38191,20,0,20,0.684855580329895,1
molecola_38191,21,0,21,0.055871035903692245,0
molecola_38191,22,1,22,0.9899919629096985,1
molecola_38191,23,0,23,0.684855580329895,1
molecola_38191,24,0,24,0.07223429530858994,0
molecola_38191,25,0,25,0.001977937761694193,0
molecola_38191,26,0,26,0.0008597717969678342,0
molecola_38191,27,0,27,0.0008597717969678342,0
molecola_38191,28,0,28,0.0008597717969678342,0
molecola_38227,1,1,1,0.9392224550247192,1
molecola_38227,2,1,2,0.9764189124107361,1
molecola_38227,3,1,3,0.9725377559661865,1
molecola_38227,4,1,4,0.7893344759941101,1
molecola_38227,5,1,5,0.7082808017730713,1
molecola_38227,6,1,6,0.24144142866134644,0
molecola_38227,7,0,7,0.03189606964588165,0
molecola_38227,8,0,8,0.01543728169053793,0
molecola_38227,9,0,9,0.07080146670341492,0
molecola_38227,10,0,10,0.08433209359645844,0
molecola_38227,11,0,11,0.06986833363771439,0
molecola_38227,12,0,12,0.09299906343221664,0
molecola_38227,13,0,13,0.1429128497838974,0
molecola_38227,14,0,14,0.008504779078066349,0
molecola_38227,15,0,15,0.03639010712504387,0
molecola_38227,16,0,16,0.01091114990413189,0
molecola_38227,17,0,17,0.013524950481951237,0
molecola_38227,18,0,18,0.0008025843999348581,0
molecola_38227,19,0,19,0.0030005616135895252,0
molecola_38227,20,0,20,0.0016714559169486165,0
molecola_38227,21,0,21,0.0010873341234400868,0
molecola_38227,22,0,22,0.0015591401606798172,0
molecola_38227,23,0,23,0.004391175229102373,0
molecola_38227,24,0,24,0.001159084029495716,0
molecola_38227,25,0,25,0.05093233659863472,0
molecola_38227,26,0,26,0.12589900195598602,0
molecola_38227,27,0,27,0.15926039218902588,0
molecola_38388,1,0,1,0.014998522587120533,0
molecola_38388,2,0,2,0.009501617401838303,0
molecola_38388,3,0,3,0.016308344900608063,0
molecola_38388,4,0,4,0.008306683972477913,0
molecola_38388,5,0,5,0.00654301093891263,0
molecola_38388,6,0,6,0.007008462678641081,0
molecola_38388,7,0,7,0.00708396453410387,0
molecola_38388,8,0,8,0.001766856643371284,0
molecola_38388,9,0,9,0.0008659640443511307,0
molecola_38388,10,0,10,0.0019450541585683823,0
molecola_38388,11,0,11,0.0010642420966178179,0
molecola_38388,12,0,12,0.0014593000523746014,0
molecola_38388,13,0,13,0.001094565843231976,0
molecola_38388,14,0,14,0.00944669358432293,0
molecola_38388,15,0,15,0.3204263150691986,0
molecola_38388,16,0,16,0.10760430991649628,0
molecola_38388,17,1,17,0.9878292083740234,1
molecola_38388,18,0,18,0.028547968715429306,0
molecola_38388,19,0,19,0.3251284956932068,0
molecola_38391,1,0,1,0.003319274401292205,0
molecola_38391,2,0,2,0.0038603388238698244,0
molecola_38391,3,0,3,0.02600172348320484,0
molecola_38391,4,0,4,0.03423032909631729,0
molecola_38391,5,0,5,0.02462243102490902,0
molecola_38391,6,0,6,0.01091358345001936,0
molecola_38391,7,1,7,0.9939501285552979,1
molecola_38391,8,1,8,0.9682698845863342,1
molecola_38391,9,1,9,0.9682698845863342,1
molecola_38391,10,0,10,0.021364521235227585,0
molecola_38391,11,0,11,0.02786707878112793,0
molecola_38391,12,0,12,0.051134686917066574,0
molecola_38391,13,0,13,0.014104407280683517,0
molecola_38391,14,0,14,0.06676098704338074,0
molecola_38391,15,0,15,0.01591717265546322,0
molecola_38391,16,0,16,0.9619324803352356,1
molecola_38391,17,0,17,0.005035279784351587,0
molecola_38391,18,0,18,0.005035279784351587,0
molecola_38391,19,0,19,0.967034101486206,1
molecola_38391,20,0,20,0.0017946562729775906,0
molecola_38391,21,0,21,0.006549368612468243,0
molecola_38391,22,0,22,0.0016727939946576953,0
molecola_38391,23,0,23,0.004521433729678392,0
molecola_38415,1,0,1,0.009705713018774986,0
molecola_38415,2,0,2,0.011797950603067875,0
molecola_38415,3,0,3,0.10577230900526047,0
molecola_38415,4,0,4,0.29216986894607544,0
molecola_38415,5,1,5,0.9277380108833313,1
molecola_38415,6,1,6,0.9038734436035156,1
molecola_38415,7,0,7,0.06074148416519165,0
molecola_38415,8,0,8,0.2140606790781021,0
molecola_38415,9,0,9,0.005775113590061665,0
molecola_38415,10,0,10,0.0020710958633571863,0
molecola_38415,11,0,11,0.05316980555653572,0
molecola_38415,12,0,12,0.1374303102493286,0
molecola_38415,13,0,13,0.9801012277603149,1
molecola_38415,14,0,14,0.14640314877033234,0
molecola_38415,15,0,15,0.14640282094478607,0
molecola_38415,16,0,16,0.10917095839977264,0
molecola_38415,17,0,17,0.9801015853881836,1
molecola_38415,18,0,18,0.031678009778261185,0
molecola_38415,19,0,19,0.01828867942094803,0
molecola_38415,20,0,20,0.0025234613567590714,0
molecola_38415,21,0,21,0.009705713018774986,0
molecola_38631,1,0,1,0.002702981699258089,0
molecola_38631,2,0,2,0.001061330665834248,0
molecola_38631,3,0,3,0.0008634024998173118,0
molecola_38631,4,0,4,0.0012138411402702332,0
molecola_38631,5,0,5,0.0008392291492782533,0
molecola_38631,6,1,6,0.9635001420974731,1
molecola_38631,7,0,7,0.00491434708237648,0
molecola_38631,8,0,8,0.00491434708237648,0
molecola_38631,9,1,9,0.9668591022491455,1
molecola_38631,10,0,10,0.00080546282697469,0
molecola_38631,11,0,11,0.0035782870836555958,0
molecola_38631,12,0,12,0.0036796818021684885,0
molecola_38631,13,0,13,0.0012787622399628162,0
molecola_38631,14,0,14,0.003614982822909951,0
molecola_38631,15,0,15,0.01947942189872265,0
molecola_38631,16,0,16,0.012712164781987667,0
molecola_38631,17,0,17,0.045951321721076965,0
molecola_38631,18,0,18,0.8104971051216125,1
molecola_38631,19,0,19,0.9774378538131714,1
molecola_38631,20,0,20,0.9700120687484741,1
molecola_38631,21,0,21,0.8083378076553345,1
molecola_38631,22,0,22,0.9636661410331726,1
molecola_38631,23,0,23,0.9645354151725769,1
molecola_38631,24,0,24,0.040180932730436325,0
molecola_38631,25,0,25,0.06651439517736435,0
molecola_38631,26,0,26,0.014260595664381981,0
molecola_38631,27,0,27,0.0019249069737270474,0
molecola_38631,28,0,28,0.000803219445515424,0
molecola_38631,29,0,29,0.0008737992611713707,0
molecola_38631,30,0,30,0.0007279505371116102,0
molecola_38827,1,0,1,0.0062028029933571815,0
molecola_38827,2,0,2,0.3780132830142975,0
molecola_38827,3,0,3,0.0011635813862085342,0
molecola_38827,4,0,4,0.0014006543206050992,0
molecola_38827,5,0,5,0.002105300547555089,0
molecola_38827,6,0,6,0.00146387645509094,0
molecola_38827,7,0,7,0.0008762037032283843,0
molecola_38827,8,0,8,0.0026657129637897015,0
molecola_38827,9,0,9,0.0047378442250192165,0
molecola_38827,10,0,10,0.09260506182909012,0
molecola_38827,11,0,11,0.13587108254432678,0
molecola_38827,12,0,12,0.34334197640419006,0
molecola_38827,13,0,13,0.09202592819929123,0
molecola_38827,14,1,14,0.9889259934425354,1
molecola_38827,15,0,15,0.3433419466018677,0
molecola_38827,16,0,16,0.09260508418083191,0
molecola_38827,17,0,17,0.13587108254432678,0
molecola_38970,1,0,1,0.017610106617212296,0
molecola_38970,2,0,2,0.03319317847490311,0
molecola_38970,3,0,3,0.13723422586917877,0
molecola_38970,4,0,4,0.14212095737457275,0
molecola_38970,5,0,5,0.04013846442103386,0
molecola_38970,6,0,6,0.005793293938040733,0
molecola_38970,7,0,7,0.0012035209219902754,0
molecola_38970,8,0,8,0.0012681185035035014,0
molecola_38970,9,0,9,0.004697810392826796,0
molecola_38970,10,0,10,0.005168111063539982,0
molecola_38970,11,0,11,0.0024883707519620657,0
molecola_38970,12,0,12,0.0013859278988093138,0
molecola_38970,13,0,13,0.005853794049471617,0
molecola_38970,14,0,14,0.0028634665068238974,0
molecola_38970,15,0,15,0.012085465714335442,0
molecola_38970,16,0,16,0.008928865194320679,0
molecola_38970,17,0,17,0.02228480391204357,0
molecola_38970,18,0,18,0.02007741667330265,0
molecola_38970,19,0,19,0.023771317675709724,0
molecola_38970,20,0,20,0.047520142048597336,0
molecola_38970,21,0,21,0.05356784537434578,0
molecola_38970,22,0,22,0.0423000305891037,0
molecola_38970,23,0,23,0.05096778646111488,0
molecola_38970,24,0,24,0.06419206410646439,0
molecola_38970,25,0,25,0.07501882314682007,0
molecola_38970,26,0,26,0.006176105700433254,0
molecola_38970,27,0,27,0.1505327820777893,0
molecola_38970,28,1,28,0.9802548289299011,1
molecola_38970,29,0,29,0.0713086947798729,0
molecola_38970,30,0,30,0.006055145058780909,0
molecola_38970,31,0,31,0.0015406720340251923,0
molecola_38970,32,0,32,0.14212095737457275,0
molecola_38970,33,0,33,0.13723422586917877,0
molecola_39053,1,1,1,0.7996571063995361,1
molecola_39053,2,1,2,0.9324101805686951,1
molecola_39053,3,1,3,0.9160169959068298,1
molecola_39053,4,0,4,0.041324272751808167,0
molecola_39053,5,0,5,0.017334964126348495,0
molecola_39053,6,0,6,0.03533252701163292,0
molecola_39053,7,0,7,0.038213588297367096,0
molecola_39053,8,0,8,0.07680458575487137,0
molecola_39053,9,0,9,0.2728195786476135,0
molecola_39053,10,0,10,0.48975706100463867,0
molecola_39053,11,0,11,0.16764923930168152,0
molecola_39053,12,0,12,0.2836613357067108,0
molecola_39053,13,0,13,0.0075515033677220345,0
molecola_39053,14,0,14,0.0012190401321277022,0
molecola_39053,15,0,15,0.001201688195578754,0
molecola_39053,16,0,16,0.0007317435229197145,0
molecola_39053,17,0,17,0.001709184842184186,0
molecola_39053,18,0,18,0.00898527167737484,0
molecola_39053,19,0,19,0.029018472880125046,0
molecola_39053,20,0,20,0.020590858533978462,0
molecola_39053,21,0,21,0.004598940256983042,0
molecola_39053,22,0,22,0.0029996377415955067,0
molecola_39053,23,0,23,0.00790075957775116,0
molecola_39053,24,0,24,0.018890369683504105,0
molecola_39053,25,0,25,0.001788936904631555,0
molecola_39053,26,0,26,0.0008201446617022157,0
molecola_39053,27,0,27,0.0008201446617022157,0
molecola_39053,28,0,28,0.0008201446617022157,0
molecola_39053,29,1,29,0.986660361289978,1
molecola_39053,30,0,30,0.8879152536392212,1
molecola_39053,31,1,31,0.8879152536392212,1
molecola_39100,1,0,1,0.0023016787599772215,0
molecola_39100,2,0,2,0.002427209634333849,0
molecola_39100,3,0,3,0.004560304339975119,0
molecola_39100,4,0,4,0.002427209634333849,0
molecola_39100,5,0,5,0.0023016787599772215,0
molecola_39100,6,0,6,0.002274005673825741,0
molecola_39100,7,0,7,0.0012677290942519903,0
molecola_39100,8,0,8,0.5861776471138,1
molecola_39100,9,0,9,0.0017785251839086413,0
molecola_39100,10,0,10,0.018351580947637558,0
molecola_39100,11,0,11,0.0018635002197697759,0
molecola_39100,12,0,12,0.0016229014145210385,0
molecola_39100,13,1,13,0.9759743809700012,1
molecola_39100,14,1,14,0.9727954864501953,1
molecola_39100,15,0,15,0.0018947861390188336,0
molecola_39100,16,0,16,0.0017694606212899089,0
molecola_39100,17,0,17,0.0010571031598374248,0
molecola_39100,18,0,18,0.0012767469743266702,0
molecola_39100,19,0,19,0.0020038948860019445,0
molecola_39100,20,0,20,0.0026147929020226,0
molecola_39100,21,0,21,0.020372388884425163,0
molecola_39100,22,0,22,0.027661552652716637,0
molecola_39100,23,0,23,0.0017502026166766882,0
molecola_39100,24,0,24,0.0019534241873770952,0
molecola_39100,25,0,25,0.0012060008011758327,0
molecola_39100,26,0,26,0.0031140418723225594,0
molecola_39182,1,0,1,0.0029322609771043062,0
molecola_39182,2,0,2,0.002465087454766035,0
molecola_39182,3,1,3,0.9694280028343201,1
molecola_39182,4,1,4,0.9680895209312439,1
molecola_39182,5,0,5,0.007093482185155153,0
molecola_39182,6,0,6,0.025057150050997734,0
molecola_39182,7,0,7,0.05307138338685036,0
molecola_39182,8,0,8,0.01633167639374733,0
molecola_39182,9,0,9,0.0020817371550947428,0
molecola_39182,10,0,10,0.004624620545655489,0
molecola_39182,11,0,11,0.0065650236792862415,0
molecola_39182,12,0,12,0.01162441074848175,0
molecola_39182,13,0,13,0.002186875557526946,0
molecola_39182,14,0,14,0.005079383961856365,0
molecola_39182,15,0,15,0.004580140579491854,0
molecola_39182,16,0,16,0.0008818120113573968,0
molecola_39182,17,0,17,0.010403438471257687,0
molecola_39182,18,0,18,0.003052760846912861,0
molecola_39182,19,0,19,0.001654633553698659,0
molecola_39182,20,0,20,0.002852922072634101,0
molecola_39182,21,0,21,0.002628331771120429,0
molecola_39182,22,0,22,0.0023795191664248705,0
molecola_39226,1,0,1,0.06301536411046982,0
molecola_39226,2,0,2,0.0066228643991053104,0
molecola_39226,3,0,3,0.0015041520819067955,0
molecola_39226,4,0,4,0.0010789493098855019,0
molecola_39226,5,0,5,0.001428566058166325,0
molecola_39226,6,0,6,0.00112874002661556,0
molecola_39226,7,0,7,0.0015297855716198683,0
molecola_39226,8,0,8,0.0009794995421543717,0
molecola_39226,9,0,9,0.014266046695411205,0
molecola_39226,10,0,10,0.03909457102417946,0
molecola_39226,11,0,11,0.08932622522115707,0
molecola_39226,12,0,12,0.001996339298784733,0
molecola_39226,13,0,13,0.000748969498090446,0
molecola_39226,14,0,14,0.0016368920914828777,0
molecola_39226,15,0,15,0.01854812353849411,0
molecola_39226,16,1,16,0.8478354811668396,1
molecola_39226,17,1,17,0.9811160564422607,1
molecola_39226,18,0,18,0.8878907561302185,1
molecola_39226,19,1,19,0.8878907561302185,1
molecola_39226,20,0,20,0.006415701471269131,0
molecola_39226,21,0,21,0.0023730937391519547,0
molecola_39226,22,0,22,0.0008318749605678022,0
molecola_39226,23,0,23,0.0012939008884131908,0
molecola_39226,24,0,24,0.0010689420159906149,0
molecola_39226,25,0,25,0.0009654122404754162,0
molecola_39226,26,0,26,0.000757080502808094,0
molecola_39226,27,0,27,0.0006324186106212437,0
molecola_39226,28,0,28,0.0005686759250238538,0
molecola_39226,29,0,29,0.0006548005621880293,0
molecola_39226,30,0,30,0.0006770654581487179,0
molecola_39357,1,0,1,0.07579921931028366,0
molecola_39357,2,0,2,0.07000111043453217,0
molecola_39357,3,0,3,0.11565228551626205,0
molecola_39357,4,0,4,0.41769418120384216,0
molecola_39357,5,0,5,0.48576271533966064,0
molecola_39357,6,0,6,0.10024989396333694,0
molecola_39357,7,0,7,0.016897287219762802,0
molecola_39357,8,0,8,0.005795964505523443,0
molecola_39357,9,0,9,0.001615246757864952,0
molecola_39357,10,0,10,0.0034499510657042265,0
molecola_39357,11,0,11,0.9092275500297546,1
molecola_39357,12,0,12,0.9764670729637146,1
molecola_39357,13,0,13,0.8962454199790955,1
molecola_39357,14,0,14,0.8962454199790955,1
molecola_39357,15,0,15,0.0022431828547269106,0
molecola_39357,16,0,16,0.0026651755906641483,0
molecola_39357,17,0,17,0.003395367879420519,0
molecola_39357,18,0,18,0.03738769516348839,0
molecola_39357,19,0,19,0.04076135903596878,0
molecola_39357,20,0,20,0.11342217773199081,0
molecola_39357,21,0,21,0.0055228001438081264,0
molecola_39357,22,0,22,0.002148021012544632,0
molecola_39357,23,0,23,0.0024030988570302725,0
molecola_39357,24,0,24,0.004447562620043755,0
molecola_39357,25,0,25,0.0331975482404232,0
molecola_39357,26,0,26,0.018102429807186127,0
molecola_39357,27,0,27,0.001713380217552185,0
molecola_39357,28,0,28,0.0033578642178326845,0
molecola_39357,29,0,29,0.05983113870024681,0
molecola_39357,30,0,30,0.05770323798060417,0
molecola_39357,31,0,31,0.6848199963569641,1
molecola_39357,32,0,32,0.05590684339404106,0
molecola_39357,33,1,33,0.9899919629096985,1
molecola_39357,34,0,34,0.6848199963569641,1
molecola_39357,35,0,35,0.05770323798060417,0
molecola_39357,36,0,36,0.03738769516348839,0
molecola_39357,37,0,37,0.003395367879420519,0
molecola_39357,38,0,38,0.48576271533966064,0
molecola_39357,39,0,39,0.41769418120384216,0
molecola_39467,1,0,1,0.003881728509441018,0
molecola_39467,2,0,2,0.0026169526390731335,0
molecola_39467,3,0,3,0.0013614245690405369,0
molecola_39467,4,0,4,0.0026458005886524916,0
molecola_39467,5,0,5,0.0008394626784138381,0
molecola_39467,6,0,6,0.0009622882353141904,0
molecola_39467,7,0,7,0.00315976538695395,0
molecola_39467,8,0,8,0.0007848982349969447,0
molecola_39467,9,0,9,0.0026148802135139704,0
molecola_39467,10,0,10,0.0016812171088531613,0
molecola_39467,11,0,11,0.001730741816572845,0
molecola_39467,12,0,12,0.0013879911275580525,0
molecola_39467,13,0,13,0.012840040028095245,0
molecola_39467,14,0,14,0.037361498922109604,0
molecola_39467,15,0,15,0.08603466302156448,0
molecola_39467,16,0,16,0.8350521326065063,1
molecola_39467,17,0,17,0.048490896821022034,0
molecola_39467,18,0,18,0.049624405801296234,0
molecola_39467,19,0,19,0.14249834418296814,0
molecola_39467,20,0,20,0.11029297858476639,0
molecola_39467,21,0,21,0.22829583287239075,0
molecola_39467,22,0,22,0.1713072806596756,0
molecola_39467,23,1,23,0.9866576790809631,1
molecola_39467,24,0,24,0.2690097391605377,0
molecola_39467,25,0,25,0.04468967393040657,0
molecola_39467,26,0,26,0.11441118270158768,0
molecola_39903,1,0,1,0.0011800088686868548,0
molecola_39903,2,0,2,0.0015358083182945848,0
molecola_39903,3,0,3,0.0016236448427662253,0
molecola_39903,4,0,4,0.006810779217630625,0
molecola_39903,5,0,5,0.013506856746971607,0
molecola_39903,6,0,6,0.003642178140580654,0
molecola_39903,7,0,7,0.0014160736463963985,0
molecola_39903,8,0,8,0.0013626795262098312,0
molecola_39903,9,0,9,0.002731070853769779,0
molecola_39903,10,0,10,0.051987189799547195,0
molecola_39903,11,0,11,0.07940373569726944,0
molecola_39903,12,0,12,0.09936343878507614,0
molecola_39903,13,0,13,0.08073112368583679,0
molecola_39903,14,0,14,0.43555328249931335,0
molecola_39903,15,0,15,0.5712854266166687,1
molecola_39903,16,0,16,0.360713928937912,0
molecola_39903,17,0,17,0.08613207191228867,0
molecola_39903,18,0,18,0.019966930150985718,0
molecola_39903,19,1,19,0.9938415288925171,1
molecola_39903,20,1,20,0.9677737951278687,1
molecola_39903,21,1,21,0.9677737951278687,1
molecola_40038,1,1,1,0.9866427183151245,1
molecola_40038,2,0,2,0.751071035861969,1
molecola_40038,3,0,3,0.42874523997306824,0
molecola_40038,4,0,4,0.21337604522705078,0
molecola_40038,5,0,5,0.005809630732983351,0
molecola_40038,6,0,6,0.0035964155104011297,0
molecola_40038,7,0,7,0.0021852280478924513,0
molecola_40038,8,0,8,0.0020758702885359526,0
molecola_40038,9,0,9,0.000851829769089818,0
molecola_40038,10,0,10,0.0015304791741073132,0
molecola_40038,11,0,11,0.0022178348153829575,0
molecola_40038,12,0,12,0.001544766710139811,0
molecola_40038,13,0,13,0.008293966762721539,0
molecola_40038,14,0,14,0.001544766710139811,0
molecola_40038,15,0,15,0.0022178348153829575,0
molecola_40038,16,0,16,0.4594690799713135,0
molecola_40038,17,0,17,0.252941757440567,0
molecola_40038,18,0,18,0.5353104472160339,1
molecola_40038,19,0,19,0.4516161382198334,0
molecola_40038,20,0,20,0.47582823038101196,0
molecola_40038,21,0,21,0.6727004647254944,1
molecola_40038,22,0,22,0.3389550745487213,0
molecola_40207,1,1,1,0.9860188961029053,1
molecola_40207,2,0,2,0.12648770213127136,0
molecola_40207,3,0,3,0.2208079695701599,0
molecola_40207,4,0,4,0.03973301127552986,0
molecola_40207,5,0,5,0.007319961208850145,0
molecola_40207,6,0,6,0.0009389176266267896,0
molecola_40207,7,0,7,0.0033914444502443075,0
molecola_40207,8,0,8,0.001485840417444706,0
molecola_40207,9,0,9,0.0038257683627307415,0
molecola_40207,10,0,10,0.008467505685985088,0
molecola_40207,11,0,11,0.0034139372874051332,0
molecola_40207,12,0,12,0.009124473668634892,0
molecola_40207,13,0,13,0.020986448973417282,0
molecola_40207,14,0,14,0.09642678499221802,0
molecola_40207,15,0,15,0.04223710671067238,0
molecola_40207,16,0,16,0.05306294932961464,0
molecola_40207,17,0,17,0.06679755449295044,0
molecola_40207,18,0,18,0.014860996976494789,0
molecola_40207,19,0,19,0.1020200178027153,0
molecola_40207,20,0,20,0.1605377048254013,0
molecola_40207,21,0,21,0.08373268693685532,0
molecola_40207,22,0,22,0.09516870230436325,0
molecola_40207,23,0,23,0.002396009163931012,0
molecola_40207,24,0,24,0.02575867995619774,0
molecola_40207,25,0,25,0.01124588679522276,0
molecola_40207,26,0,26,0.001485840417444706,0
molecola_40207,27,0,27,0.0033914444502443075,0
molecola_40207,28,0,28,0.03976698964834213,0
molecola_40207,29,0,29,0.09556359797716141,0
molecola_40207,30,0,30,0.11893987655639648,0
molecola_40207,31,0,31,0.0783487856388092,0
molecola_40207,32,0,32,0.22848457098007202,0
molecola_40326,1,0,1,0.0021655724849551916,0
molecola_40326,2,0,2,0.011002565734088421,0
molecola_40326,3,0,3,0.005443932954221964,0
molecola_40326,4,0,4,0.001791511895135045,0
molecola_40326,5,0,5,0.0017821334768086672,0
molecola_40326,6,0,6,0.001833973452448845,0
molecola_40326,7,0,7,0.03589756414294243,0
molecola_40326,8,0,8,0.05467602238059044,0
molecola_40326,9,0,9,0.13219796121120453,0
molecola_40326,10,0,10,0.07530375570058823,0
molecola_40326,11,0,11,0.7896866798400879,1
molecola_40326,12,0,12,0.00838436558842659,0
molecola_40326,13,0,13,0.005202586762607098,0
molecola_40326,14,0,14,0.008378111757338047,0
molecola_40326,15,0,15,0.0011106112506240606,0
molecola_40326,16,0,16,0.001787111395969987,0
molecola_40326,17,0,17,0.04520696774125099,0
molecola_40326,18,0,18,0.017763426527380943,0
molecola_40326,19,0,19,0.019852900877594948,0
molecola_40326,20,0,20,0.0030082089360803366,0
molecola_40326,21,0,21,0.0012080301530659199,0
molecola_40326,22,0,22,0.0017373865703120828,0
molecola_40326,23,1,23,0.9760116338729858,1
molecola_40326,24,1,24,0.9728015661239624,1
molecola_40326,25,0,25,0.004707313608378172,0
molecola_40326,26,0,26,0.06968744099140167,0
molecola_40326,27,0,27,0.10017269104719162,0
molecola_40326,28,0,28,0.002999622141942382,0
molecola_40326,29,0,29,0.014711137861013412,0
molecola_40328,1,0,1,0.0009562880150042474,0
molecola_40328,2,0,2,0.001629961421713233,0
molecola_40328,3,0,3,0.000989888096228242,0
molecola_40328,4,0,4,0.000989888096228242,0
molecola_40328,5,0,5,0.0010234334040433168,0
molecola_40328,6,0,6,0.0012932601384818554,0
molecola_40328,7,0,7,0.0014037075452506542,0
molecola_40328,8,0,8,0.0008908295421861112,0
molecola_40328,9,0,9,0.002147961873561144,0
molecola_40328,10,0,10,0.0008582939044572413,0
molecola_40328,11,0,11,0.010284053161740303,0
molecola_40328,12,0,12,0.007081512827426195,0
molecola_40328,13,0,13,0.06949508935213089,0
molecola_40328,14,0,14,0.13768890500068665,0
molecola_40328,15,1,15,0.9757853150367737,1
molecola_40328,16,0,16,0.034070637077093124,0
molecola_40328,17,0,17,0.005922099109739065,0
molecola_40328,18,0,18,0.03360971808433533,0
molecola_40328,19,0,19,0.016112638637423515,0
molecola_40328,20,0,20,0.033593252301216125,0
molecola_40328,21,0,21,0.07711021602153778,0
molecola_40328,22,0,22,0.33040785789489746,0
molecola_40328,23,0,23,0.5721734166145325,1
molecola_40328,24,0,24,0.30295801162719727,0
molecola_40328,25,0,25,0.13420353829860687,0
molecola_40328,26,0,26,0.0007616444490849972,0
molecola_40328,27,0,27,0.0006734514026902616,0
molecola_40328,28,0,28,0.0007550511509180069,0
molecola_40419,1,0,1,0.22829583287239075,0
molecola_40419,2,0,2,0.11038816720247269,0
molecola_40419,3,0,3,0.14182178676128387,0
molecola_40419,4,0,4,0.020280132070183754,0
molecola_40419,5,0,5,0.010242843069136143,0
molecola_40419,6,0,6,0.001575161819346249,0
molecola_40419,7,0,7,0.0009776572696864605,0
molecola_40419,8,0,8,0.0008638341096229851,0
molecola_40419,9,0,9,0.002894180128350854,0
molecola_40419,10,0,10,0.0008083361899480224,0
molecola_40419,11,0,11,0.004937682766467333,0
molecola_40419,12,0,12,0.0013587387511506677,0
molecola_40419,13,0,13,0.0013587387511506677,0
molecola_40419,14,0,14,0.0025450095999985933,0
molecola_40419,15,0,15,0.007554391399025917,0
molecola_40419,16,0,16,0.14000266790390015,0
molecola_40419,17,0,17,0.13591371476650238,0
molecola_40419,18,0,18,0.02293788269162178,0
molecola_40419,19,0,19,0.0009130468824878335,0
molecola_40419,20,0,20,0.005203025881201029,0
molecola_40419,21,0,21,0.006939084734767675,0
molecola_40419,22,0,22,0.1066121831536293,0
molecola_40419,23,0,23,0.12936420738697052,0
molecola_40419,24,1,24,0.9866576790809631,1
molecola_42511,1,1,1,0.9660167098045349,1
molecola_42511,2,1,2,0.9655603766441345,1
molecola_42511,3,0,3,0.0006992695271037519,0
molecola_42511,4,0,4,0.0008649476803839207,0
molecola_42511,5,0,5,0.002148542320355773,0
molecola_42511,6,0,6,0.004514920525252819,0
molecola_42511,7,0,7,0.004821525886654854,0
molecola_42511,8,0,8,0.003134472295641899,0
molecola_42511,9,0,9,0.0027751338202506304,0
molecola_42511,10,0,10,0.020127125084400177,0
molecola_42511,11,0,11,0.0026973842177540064,0
molecola_42511,12,0,12,0.0015690267318859696,0
molecola_42511,13,0,13,0.0017990178894251585,0
molecola_42511,14,0,14,0.0012181369820609689,0
molecola_42511,15,0,15,0.010359310545027256,0
molecola_42511,16,0,16,0.0447155237197876,0
molecola_42511,17,0,17,0.010359310545027256,0
molecola_42511,18,0,18,0.0012181369820609689,0
molecola_42511,19,0,19,0.0017990178894251585,0
molecola_42511,20,0,20,0.0012181369820609689,0
molecola_42511,21,0,21,0.010359310545027256,0
molecola_42511,22,0,22,0.0447155237197876,0
molecola_42511,23,0,23,0.010359310545027256,0
molecola_42511,24,0,24,0.0012181369820609689,0
molecola_4295,1,0,1,0.023365451022982597,0
molecola_4295,2,1,2,0.8234439492225647,1
molecola_4295,3,0,3,0.07378166168928146,0
molecola_4295,4,0,4,0.0994378849864006,0
molecola_4295,5,0,5,0.010119840502738953,0
molecola_4295,6,0,6,0.027095511555671692,0
molecola_4295,7,0,7,0.20855170488357544,0
molecola_4295,8,0,8,0.0010123850079253316,0
molecola_4295,9,0,9,0.0027932114899158478,0
molecola_4295,10,0,10,0.0012334119528532028,0
molecola_4295,11,0,11,0.0014996157260611653,0
molecola_4295,12,0,12,0.007042952813208103,0
molecola_4295,13,0,13,0.005062822252511978,0
molecola_4295,14,0,14,0.004126186016947031,0
molecola_4295,15,0,15,0.001663725357502699,0
molecola_4295,16,0,16,0.0008205984486266971,0
molecola_4295,17,0,17,0.011539614759385586,0
molecola_4295,18,0,18,0.07037176191806793,0
molecola_4295,19,1,19,0.05599561333656311,0
molecola_4295,20,1,20,0.07895448803901672,0
molecola_4295,21,1,21,0.05599561333656311,0
molecola_4295,22,0,22,0.07037176191806793,0
molecola_43102,1,0,1,0.006155850365757942,0
molecola_43102,2,0,2,0.016158131882548332,0
molecola_43102,3,0,3,0.06783729791641235,0
molecola_43102,4,0,4,0.11217804998159409,0
molecola_43102,5,0,5,0.12945109605789185,0
molecola_43102,6,0,6,0.057029612362384796,0
molecola_43102,7,0,7,0.222115159034729,0
molecola_43102,8,0,8,0.10023636370897293,0
molecola_43102,9,0,9,0.07073923945426941,0
molecola_43102,10,0,10,0.03905046731233597,0
molecola_43102,11,0,11,0.0666738823056221,0
molecola_43102,12,0,12,0.014466828666627407,0
molecola_43102,13,0,13,0.015721864998340607,0
molecola_43102,14,0,14,0.0018228881526738405,0
molecola_43102,15,0,15,0.005726240575313568,0
molecola_43102,16,0,16,0.00517162773758173,0
molecola_43102,17,0,17,0.0015143118798732758,0
molecola_43102,18,1,18,0.9745281934738159,1
molecola_43102,19,1,19,0.972698450088501,1
molecola_43102,20,0,20,0.005602526944130659,0
molecola_43102,21,0,21,0.13193844258785248,0
molecola_43102,22,0,22,0.41179636120796204,0
molecola_43102,23,0,23,0.34936147928237915,0
molecola_43102,24,0,24,0.018735893070697784,0
molecola_43102,25,0,25,0.0012590878177434206,0
molecola_435,1,0,1,0.008310330100357533,0
molecola_435,2,0,2,0.005682955961674452,0
molecola_435,3,0,3,0.010706017725169659,0
molecola_435,4,0,4,0.0012809333857148886,0
molecola_435,5,0,5,0.0027538915164768696,0
molecola_435,6,0,6,0.004689347930252552,0
molecola_435,7,1,7,0.9662026166915894,1
molecola_435,8,1,8,0.9673500061035156,1
molecola_435,9,0,9,0.0159604474902153,0
molecola_435,10,1,10,0.9738963842391968,1
molecola_435,11,1,11,0.8955041170120239,1
molecola_435,12,1,12,0.9583849310874939,1
molecola_435,13,0,13,0.03773513808846474,0
molecola_435,14,0,14,0.16678377985954285,0
molecola_435,15,0,15,0.10991396009922028,0
molecola_435,16,0,16,0.03768303990364075,0
molecola_435,17,0,17,0.017687566578388214,0
molecola_435,18,0,18,0.04113157466053963,0
molecola_435,19,0,19,0.017687566578388214,0
molecola_435,20,0,20,0.03768303990364075,0
molecola_435,21,0,21,0.00848471000790596,0
molecola_435,22,0,22,0.014876186847686768,0
molecola_435,23,0,23,0.00848471000790596,0
molecola_435,24,0,24,0.014876186847686768,0
molecola_44876,1,0,1,0.019054900854825974,0
molecola_44876,2,0,2,0.04494142532348633,0
molecola_44876,3,0,3,0.02718459442257881,0
molecola_44876,4,0,4,0.012788688763976097,0
molecola_44876,5,0,5,0.0025937645696103573,0
molecola_44876,6,0,6,0.0012308055302128196,0
molecola_44876,7,0,7,0.0008789397543296218,0
molecola_44876,8,0,8,0.01031239703297615,0
molecola_44876,9,0,9,0.0014938326785340905,0
molecola_44876,10,0,10,0.0037410249933600426,0
molecola_44876,11,0,11,0.008382280357182026,0
molecola_44876,12,0,12,0.017418010160326958,0
molecola_44876,13,0,13,0.09645543247461319,0
molecola_44876,14,0,14,0.013328101485967636,0
molecola_44876,15,0,15,0.04132361337542534,0
molecola_44876,16,0,16,0.0017227778444066644,0
molecola_44876,17,0,17,0.0717669129371643,0
molecola_44876,18,0,18,0.14956656098365784,0
molecola_44876,19,1,19,0.9819635152816772,1
molecola_44876,20,0,20,0.10988011956214905,0
molecola_44876,21,0,21,0.08961006253957748,0
molecola_44876,22,0,22,0.02660214528441429,0
molecola_44876,23,0,23,0.04191506654024124,0
molecola_45025,1,0,1,0.0008943279972299933,0
molecola_45025,2,0,2,0.00079002371057868,0
molecola_45025,3,0,3,0.000731253472622484,0
molecola_45025,4,1,4,0.9729606509208679,1
molecola_45025,5,1,5,0.9728525876998901,1
molecola_45025,6,0,6,0.0027378180529922247,0
molecola_45025,7,0,7,0.0015938112046569586,0
molecola_45025,8,0,8,0.0011379183270037174,0
molecola_45025,9,0,9,0.004700950812548399,0
molecola_45025,10,0,10,0.0011843921383842826,0
molecola_45025,11,0,11,0.0007832603878341615,0
molecola_46268,1,0,1,0.48030468821525574,0
molecola_46268,2,0,2,0.42237722873687744,0
molecola_46268,3,0,3,0.5776902437210083,1
molecola_46268,4,0,4,0.9744321703910828,1
molecola_46268,5,0,5,0.9660276174545288,1
molecola_46268,6,0,6,0.055241141468286514,0
molecola_46268,7,0,7,0.23928362131118774,0
molecola_46268,8,0,8,0.9723117351531982,1
molecola_46268,9,0,9,0.9640575647354126,1
molecola_46268,10,0,10,0.6907310485839844,1
molecola_46268,11,0,11,0.7098708748817444,1
molecola_46268,12,0,12,0.9134799838066101,1
molecola_46268,13,1,13,0.9746716618537903,1
molecola_46268,14,1,14,0.9818872213363647,1
molecola_46268,15,0,15,0.7378908395767212,1
molecola_46268,16,0,16,0.19468308985233307,0
molecola_46268,17,0,17,0.4043523371219635,0
molecola_46268,18,0,18,0.862669825553894,1
molecola_46268,19,0,19,0.65114426612854,1
molecola_46268,20,0,20,0.1601151078939438,0
molecola_46268,21,0,21,0.9879533052444458,1
molecola_46268,22,0,22,0.8775238990783691,1
molecola_46268,23,0,23,0.8775238990783691,1
molecola_46926,1,1,1,0.9682629704475403,1
molecola_46926,2,1,2,0.9939349293708801,1
molecola_46926,3,0,3,0.9682629704475403,1
molecola_46926,4,0,4,0.01318016555160284,0
molecola_46926,5,0,5,0.0038335032295435667,0
molecola_46926,6,0,6,0.002655262127518654,0
molecola_46926,7,0,7,0.001902622519992292,0
molecola_46926,8,0,8,0.0027295853942632675,0
molecola_46926,9,0,9,0.005784320179373026,0
molecola_46926,10,0,10,0.00690702348947525,0
molecola_46926,11,0,11,0.015245907939970493,0
molecola_46926,12,0,12,0.010720725171267986,0
molecola_46926,13,0,13,0.024678945541381836,0
molecola_46926,14,0,14,0.059561166912317276,0
molecola_46926,15,0,15,0.03314061835408211,0
molecola_46926,16,0,16,0.007202712818980217,0
molecola_46926,17,0,17,0.002270484808832407,0
molecola_46926,18,0,18,0.0019046919187530875,0
molecola_46926,19,0,19,0.030912328511476517,0
molecola_46926,20,0,20,0.06192196160554886,0
molecola_46926,21,0,21,0.030912328511476517,0
molecola_46926,22,0,22,0.0019046919187530875,0
molecola_46926,23,0,23,0.14360933005809784,0
molecola_46926,24,0,24,0.1232994943857193,0
molecola_46926,25,0,25,0.06949510425329208,0
molecola_46926,26,0,26,0.016765199601650238,0
molecola_46926,27,0,27,0.08525721728801727,0
molecola_46926,28,0,28,0.001629482489079237,0
molecola_46926,29,0,29,0.0008216375717893243,0
molecola_46926,30,0,30,0.0008216375717893243,0
molecola_46926,31,0,31,0.0008216375717893243,0
molecola_48144,1,0,1,0.003288609441369772,0
molecola_48144,2,0,2,0.008862274698913097,0
molecola_48144,3,0,3,0.011702198535203934,0
molecola_48144,4,0,4,0.014212547801434994,0
molecola_48144,5,0,5,0.0008591964724473655,0
molecola_48144,6,0,6,0.025870922952890396,0
molecola_48144,7,0,7,0.00491890124976635,0
molecola_48144,8,1,8,0.45945239067077637,0
molecola_48144,9,0,9,0.05604541674256325,0
molecola_48144,10,1,10,0.9894692897796631,1
molecola_48144,11,1,11,0.6239742636680603,1
molecola_48144,12,0,12,0.014096279628574848,0
molecola_48144,13,0,13,0.007921717129647732,0
molecola_48144,14,0,14,0.0010698451660573483,0
molecola_48144,15,0,15,0.009348662570118904,0
molecola_48144,16,0,16,0.03067191131412983,0
molecola_48144,17,0,17,0.5329523682594299,1
molecola_48144,18,0,18,0.03067191131412983,0
molecola_48144,19,0,19,0.009348662570118904,0
molecola_48144,20,0,20,0.0011536952806636691,0
molecola_48144,21,0,21,0.0012964141787961125,0
molecola_48144,22,0,22,0.0011393885361030698,0
molecola_48326,1,1,1,0.9682629704475403,1
molecola_48326,2,1,2,0.9939345717430115,1
molecola_48326,3,1,3,0.9682629704475403,1
molecola_48326,4,0,4,0.009381048381328583,0
molecola_48326,5,0,5,0.006222466006875038,0
molecola_48326,6,0,6,0.004341157618910074,0
molecola_48326,7,0,7,0.011884717270731926,0
molecola_48326,8,0,8,0.0012194570153951645,0
molecola_48326,9,0,9,0.05758846923708916,0
molecola_48326,10,0,10,0.12643374502658844,0
molecola_48326,11,0,11,0.07510953396558762,0
molecola_48326,12,0,12,0.006747299339622259,0
molecola_48326,13,0,13,0.002779396716505289,0
molecola_48326,14,0,14,0.0015717652859166265,0
molecola_48326,15,0,15,0.019020220264792442,0
molecola_48326,16,0,16,0.06945768743753433,0
molecola_48326,17,0,17,0.1257568597793579,0
molecola_48326,18,0,18,0.13228178024291992,0
molecola_48326,19,0,19,0.054374683648347855,0
molecola_48326,20,0,20,0.009808830916881561,0
molecola_48604,1,0,1,0.07634669542312622,0
molecola_48604,2,0,2,0.042487725615501404,0
molecola_48604,3,0,3,0.0435379296541214,0
molecola_48604,4,0,4,0.03998095914721489,0
molecola_48604,5,0,5,0.06644044816493988,0
molecola_48604,6,0,6,0.020027754828333855,0
molecola_48604,7,0,7,0.03393356874585152,0
molecola_48604,8,0,8,0.02794945240020752,0
molecola_48604,9,0,9,0.00775234866887331,0
molecola_48604,10,0,10,0.015306045301258564,0
molecola_48604,11,0,11,0.01243610680103302,0
molecola_48604,12,0,12,0.020600665360689163,0
molecola_48604,13,0,13,0.00551929185166955,0
molecola_48604,14,0,14,0.01376880519092083,0
molecola_48604,15,0,15,0.01415338460355997,0
molecola_48604,16,0,16,0.003832758404314518,0
molecola_48604,17,0,17,0.0021354651544243097,0
molecola_48604,18,0,18,0.0030646915547549725,0
molecola_48604,19,0,19,0.0013258624821901321,0
molecola_48604,20,0,20,0.0016065234085544944,0
molecola_48604,21,0,21,0.0012228161795064807,0
molecola_48604,22,0,22,0.0010692491196095943,0
molecola_48604,23,0,23,0.001394584309309721,0
molecola_48604,24,0,24,0.0010692491196095943,0
molecola_48604,25,0,25,0.0012228161795064807,0
molecola_48604,26,0,26,0.0018467780901119113,0
molecola_48604,27,0,27,0.0008379079517908394,0
molecola_48604,28,0,28,0.006480396259576082,0
molecola_48604,29,0,29,0.01757819950580597,0
molecola_48604,30,0,30,0.8419657945632935,1
molecola_48604,31,1,31,0.9809819459915161,1
molecola_48604,32,0,32,0.8878905773162842,1
molecola_48604,33,1,33,0.8878905773162842,1
molecola_48604,34,0,34,0.005227244459092617,0
molecola_48604,35,0,35,0.001014019246213138,0
molecola_48604,36,0,36,0.0011382147204130888,0
molecola_48604,37,0,37,0.0007465392700396478,0
molecola_48604,38,0,38,0.0008750844863243401,0
molecola_48604,39,0,39,0.001138215302489698,0
molecola_48604,40,0,40,0.0007465396192856133,0
molecola_48604,41,0,41,0.0010140201775357127,0
molecola_48670,1,0,1,0.1023080125451088,0
molecola_48670,2,0,2,0.03761884570121765,0
molecola_48670,3,0,3,0.014122155494987965,0
molecola_48670,4,0,4,0.040902432054281235,0
molecola_48670,5,0,5,0.01764683611690998,0
molecola_48670,6,0,6,0.013536286540329456,0
molecola_48670,7,0,7,0.035810161381959915,0
molecola_48670,8,0,8,0.12764772772789001,0
molecola_48670,9,0,9,0.007235514000058174,0
molecola_48670,10,0,10,0.008798408322036266,0
molecola_48670,11,0,11,0.024318132549524307,0
molecola_48670,12,0,12,0.06471748650074005,0
molecola_48670,13,0,13,0.049609728157520294,0
molecola_48670,14,0,14,0.011267236433923244,0
molecola_48670,15,0,15,0.11220797151327133,0
molecola_48670,16,0,16,0.041592784225940704,0
molecola_48670,17,0,17,0.03548549860715866,0
molecola_48670,18,0,18,0.033766139298677444,0
molecola_48670,19,0,19,0.24870090186595917,0
molecola_48670,20,0,20,0.0652746632695198,0
molecola_48670,21,0,21,0.5654634237289429,1
molecola_48670,22,0,22,0.06918299943208694,0
molecola_48670,23,1,23,0.9894691705703735,1
molecola_48670,24,0,24,0.7018340229988098,1
molecola_48670,25,0,25,0.055455710738897324,0
molecola_48670,26,0,26,0.002463172422721982,0
molecola_48670,27,0,27,0.001991427969187498,0
molecola_48670,28,0,28,0.005843871273100376,0
molecola_48670,29,0,29,0.06359725445508957,0
molecola_48670,30,0,30,0.06964913010597229,0
molecola_48670,31,0,31,0.06360667198896408,0
molecola_48728,1,0,1,0.0009104202617891133,0
molecola_48728,2,0,2,0.001891150837764144,0
molecola_48728,3,0,3,0.008125226944684982,0
molecola_48728,4,0,4,0.5261729955673218,1
molecola_48728,5,0,5,0.974513590335846,1
molecola_48728,6,0,6,0.9807522892951965,1
molecola_48728,7,0,7,0.5261729955673218,1
molecola_48728,8,0,8,0.008125226944684982,0
molecola_48728,9,0,9,0.0010573666077107191,0
molecola_48728,10,0,10,0.0006610595737583935,0
molecola_48728,11,0,11,0.0029856152832508087,0
molecola_48728,12,0,12,0.0016701490385457873,0
molecola_48728,13,0,13,0.009698895737528801,0
molecola_48728,14,0,14,0.15862226486206055,0
molecola_48728,15,0,15,0.1070057600736618,0
molecola_48728,16,1,16,0.9840677976608276,1
molecola_48728,17,0,17,0.020152337849140167,0
molecola_48728,18,0,18,0.004712718538939953,0
molecola_48728,19,0,19,0.0014251235406845808,0
molecola_48728,20,0,20,0.0009666639962233603,0
molecola_49648,1,0,1,0.4233231246471405,0
molecola_49648,2,0,2,0.38836586475372314,0
molecola_49648,3,0,3,0.32867559790611267,0
molecola_49648,4,0,4,0.0008763205842114985,0
molecola_49648,5,0,5,0.0007781097083352506,0
molecola_49648,6,0,6,0.002892147284001112,0
molecola_49648,7,0,7,0.002632070565596223,0
molecola_49648,8,0,8,0.0012911832891404629,0
molecola_49648,9,1,9,0.07446889579296112,0
molecola_49648,10,0,10,0.0011919325916096568,0
molecola_49648,11,0,11,0.001076440210454166,0
molecola_49648,12,1,12,0.04113617539405823,0
molecola_49648,13,0,13,0.001509062945842743,0
molecola_49648,14,0,14,0.000981419114395976,0
molecola_49648,15,0,15,0.0007556716445833445,0
molecola_49648,16,0,16,0.001086596748791635,0
molecola_49648,17,0,17,0.00047083295066840947,0
molecola_49648,18,0,18,0.9503059387207031,1
molecola_49648,19,0,19,0.9549703001976013,1
molecola_49648,20,0,20,0.008009739220142365,0
molecola_49648,21,0,21,0.002535667037591338,0
molecola_49648,22,0,22,0.0010550387669354677,0
molecola_49648,23,0,23,0.9252045154571533,1
molecola_49648,24,0,24,0.9555765390396118,1
molecola_49648,25,1,25,0.9361708760261536,1
molecola_49648,26,1,26,0.8970925211906433,1
molecola_49648,27,0,27,0.9535000920295715,1
molecola_49648,28,0,28,0.9683011770248413,1
molecola_497,1,1,1,0.9721685647964478,1
molecola_497,2,1,2,0.9737217426300049,1
molecola_497,3,0,3,0.004842731636017561,0
molecola_497,4,0,4,0.0029128582682460546,0
molecola_497,5,0,5,0.0029144790023565292,0
molecola_497,6,0,6,0.001979727065190673,0
molecola_497,7,0,7,0.0007604872807860374,0
molecola_497,8,0,8,0.001804639003239572,0
molecola_497,9,0,9,0.009778255596756935,0
molecola_497,10,0,10,0.002542379079386592,0
molecola_497,11,0,11,0.0014885212294757366,0
molecola_497,12,0,12,0.0024196854792535305,0
molecola_497,13,0,13,0.00314697390422225,0
molecola_497,14,0,14,0.022354280576109886,0
molecola_497,15,0,15,0.06156107038259506,0
molecola_497,16,0,16,0.022354280576109886,0
molecola_497,17,0,17,0.00314697390422225,0
molecola_497,18,0,18,0.001804639003239572,0
molecola_497,19,0,19,0.0007604872807860374,0
molecola_497,20,0,20,0.0010238152462989092,0
molecola_497,21,0,21,0.002655332675203681,0
molecola_497,22,0,22,0.11644964665174484,0
molecola_497,23,0,23,0.11876941472291946,0
molecola_497,24,0,24,0.0066185807809233665,0
molecola_497,25,0,25,0.0009161220514215529,0
molecola_497,26,0,26,0.000858771672938019,0
molecola_50245,1,1,1,0.886333703994751,1
molecola_50245,2,1,2,0.9842934012413025,1
molecola_50245,3,1,3,0.886333703994751,1
molecola_50245,4,1,4,0.9271734356880188,1
molecola_50245,5,0,5,0.06629014760255814,0
molecola_50245,6,0,6,0.07342645525932312,0
molecola_50245,7,0,7,0.15168340504169464,0
molecola_50245,8,0,8,0.027658525854349136,0
molecola_50245,9,0,9,0.010143890976905823,0
molecola_50245,10,0,10,0.001219855505041778,0
molecola_50245,11,0,11,0.00246357056312263,0
molecola_50245,12,0,12,0.00890898797661066,0
molecola_50245,13,0,13,0.0062933810986578465,0
molecola_50245,14,0,14,0.0026451600715517998,0
molecola_50245,15,0,15,0.0014958319952711463,0
molecola_50245,16,0,16,0.0009452961967326701,0
molecola_50245,17,0,17,0.001022851443849504,0
molecola_50245,18,0,18,0.12557359039783478,0
molecola_50245,19,0,19,0.19447168707847595,0
molecola_50245,20,0,20,0.08570386469364166,0
molecola_50245,21,0,21,0.038252636790275574,0
molecola_50245,22,0,22,0.001665301388129592,0
molecola_50245,23,0,23,0.0012406950118020177,0
molecola_50245,24,0,24,0.0007239507394842803,0
molecola_50245,25,0,25,0.0011181164300069213,0
molecola_50245,26,0,26,0.04488581046462059,0
molecola_51628,1,0,1,0.010495442897081375,0
molecola_51628,2,0,2,0.6073118448257446,1
molecola_51628,3,0,3,0.00265063950791955,0
molecola_51628,4,0,4,0.0032678935676813126,0
molecola_51628,5,0,5,0.6474733948707581,1
molecola_51628,6,1,6,0.9781635999679565,1
molecola_51628,7,1,7,0.9707880616188049,1
molecola_51628,8,0,8,0.8454307913780212,1
molecola_51628,9,0,9,0.002436113776639104,0
molecola_51628,10,0,10,0.0015520451124757528,0
molecola_51628,11,0,11,0.0009022093727253377,0
molecola_51628,12,0,12,0.0051811086013913155,0
molecola_51628,13,0,13,0.06717181950807571,0
molecola_51628,14,0,14,0.04611649736762047,0
molecola_51628,15,0,15,0.0011557306861504912,0
molecola_51628,16,0,16,0.0008358768536709249,0
molecola_51628,17,0,17,0.0006556388107128441,0
molecola_5190,1,0,1,0.0008794976747594774,0
molecola_5190,2,0,2,0.0013205015566200018,0
molecola_5190,3,0,3,0.0018688428681343794,0
molecola_5190,4,0,4,0.00288724759593606,0
molecola_5190,5,0,5,0.0014868354192003608,0
molecola_5190,6,0,6,0.0014739667531102896,0
molecola_5190,7,0,7,0.001256783725693822,0
molecola_5190,8,0,8,0.9756408929824829,1
molecola_5190,9,0,9,0.9722398519515991,1
molecola_5190,10,0,10,0.0020222822204232216,0
molecola_5190,11,0,11,0.0027659733314067125,0
molecola_5190,12,0,12,0.004179053939878941,0
molecola_5190,13,0,13,0.00257127289660275,0
molecola_5190,14,0,14,0.0018129573436453938,0
molecola_5190,15,0,15,0.0015965019119903445,0
molecola_5190,16,0,16,0.8907064199447632,1
molecola_5190,17,1,17,0.9862601161003113,1
molecola_5190,18,0,18,0.8879570364952087,1
molecola_5190,19,1,19,0.8879570364952087,1
molecola_5202,1,1,1,0.9889259934425354,1
molecola_5202,2,0,2,0.08537795394659042,0
molecola_5202,3,0,3,0.39041057229042053,0
molecola_5202,4,0,4,0.08537795394659042,0
molecola_5202,5,0,5,0.9889259934425354,1
molecola_5202,6,0,6,0.45511096715927124,0
molecola_5202,7,0,7,0.1310761421918869,0
molecola_5202,8,0,8,0.13894979655742645,0
molecola_5202,9,0,9,0.16270175576210022,0
molecola_5202,10,0,10,0.11551234126091003,0
molecola_5202,11,0,11,0.1180185079574585,0
molecola_5202,12,0,12,0.5953293442726135,1
molecola_5202,13,0,13,0.2826462388038635,0
molecola_5202,14,1,14,0.9687770009040833,1
molecola_5202,15,0,15,0.4762338697910309,0
molecola_5202,16,0,16,0.9746827483177185,1
molecola_5202,17,0,17,0.4247412085533142,0
molecola_5202,18,0,18,0.45511096715927124,0
molecola_52523,1,0,1,0.0013098064810037613,0
molecola_52523,2,0,2,0.0013865642249584198,0
molecola_52523,3,0,3,0.0010225445730611682,0
molecola_52523,4,0,4,0.0020450602751225233,0
molecola_52523,5,0,5,0.0016270462656393647,0
molecola_52523,6,0,6,0.005839116405695677,0
molecola_52523,7,1,7,0.7799002528190613,1
molecola_52523,8,1,8,0.7868055701255798,1
molecola_52523,9,1,9,0.9781912565231323,1
molecola_52523,10,1,10,0.972453236579895,1
molecola_52523,11,1,11,0.8355342745780945,1
molecola_52523,12,0,12,0.009823963977396488,0
molecola_52523,13,0,13,0.019563060253858566,0
molecola_52523,14,0,14,0.004288751631975174,0
molecola_52523,15,0,15,0.001425638678483665,0
molecola_52523,16,0,16,0.001046473509632051,0
molecola_52523,17,0,17,0.4300997853279114,0
molecola_52523,18,0,18,0.016473645344376564,0
molecola_52523,19,0,19,0.94600909948349,1
molecola_52523,20,0,20,0.9577992558479309,1
molecola_52523,21,0,21,0.01869041472673416,0
molecola_52523,22,0,22,0.09241673350334167,0
molecola_53143,1,0,1,0.010998772457242012,0
molecola_53143,2,0,2,0.0023484118282794952,0
molecola_53143,3,0,3,0.008387823589146137,0
molecola_53143,4,0,4,0.0026887627318501472,0
molecola_53143,5,0,5,0.0024370362516492605,0
molecola_53143,6,1,6,0.9232172966003418,1
molecola_53143,7,0,7,0.00480333436280489,0
molecola_53143,8,1,8,0.9400249719619751,1
molecola_53143,9,0,9,0.08579299598932266,0
molecola_53143,10,0,10,0.3277943730354309,0
molecola_53143,11,0,11,0.010998772457242012,0
molecola_53351,1,0,1,0.9556800723075867,1
molecola_53351,2,0,2,0.9439975619316101,1
molecola_53351,3,0,3,0.768663227558136,1
molecola_53351,4,0,4,0.7121699452400208,1
molecola_53351,5,0,5,0.142507404088974,0
molecola_53351,6,0,6,0.06882382929325104,0
molecola_53351,7,0,7,0.1269170194864273,0
molecola_53351,8,0,8,0.12435505539178848,0
molecola_53351,9,1,9,0.9809138178825378,1
molecola_53351,10,0,10,0.0811411440372467,0
molecola_53351,11,0,11,0.04834335297346115,0
molecola_53351,12,0,12,0.04734945669770241,0
molecola_53351,13,0,13,0.06333169341087341,0
molecola_53351,14,0,14,0.03470537066459656,0
molecola_53351,15,0,15,0.06243579834699631,0
molecola_53351,16,1,16,0.9290865063667297,1
molecola_53351,17,0,17,0.70432049036026,1
molecola_53351,18,1,18,0.70432049036026,1
molecola_5340,1,1,1,0.9899919629096985,1
molecola_5340,2,0,2,0.05586780235171318,0
molecola_5340,3,0,3,0.684803307056427,1
molecola_5340,4,0,4,0.07306079566478729,0
molecola_5340,5,0,5,0.04965232312679291,0
molecola_5340,6,0,6,0.07306079566478729,0
molecola_5340,7,0,7,0.684803307056427,1
molecola_5340,8,0,8,0.02543221227824688,0
molecola_5340,9,0,9,0.03419322893023491,0
molecola_5340,10,0,10,0.07525686919689178,0
molecola_5340,11,0,11,0.20339396595954895,0
molecola_5340,12,0,12,0.172403484582901,0
molecola_5340,13,0,13,0.5519446730613708,1
molecola_5340,14,0,14,0.4544566571712494,0
molecola_5340,15,0,15,0.4785856008529663,0
molecola_5340,16,0,16,0.6133031249046326,1
molecola_5340,17,0,17,0.43716585636138916,0
molecola_5340,18,0,18,0.582820475101471,1
molecola_5340,19,1,19,0.9754430055618286,1
molecola_5340,20,0,20,0.13985207676887512,0
molecola_5340,21,0,21,0.08544419705867767,0
molecola_5340,22,0,22,0.04191279038786888,0
molecola_53465,1,1,1,0.8749948740005493,1
molecola_53465,2,1,2,0.8583117127418518,1
molecola_53465,3,1,3,0.9181864857673645,1
molecola_53465,4,1,4,0.877728283405304,1
molecola_53465,5,0,5,0.8993110656738281,1
molecola_53465,6,0,6,0.8387527465820312,1
molecola_53465,7,0,7,0.8174077868461609,1
molecola_53465,8,1,8,0.9889931082725525,1
molecola_53465,9,0,9,0.8925758600234985,1
molecola_53465,10,1,10,0.8925758600234985,1
molecola_53758,1,1,1,0.9807692766189575,1
molecola_53758,2,1,2,0.12376284599304199,0
molecola_53758,3,1,3,0.08113192021846771,0
molecola_53758,4,1,4,0.1373066008090973,0
molecola_53758,5,1,5,0.11321988701820374,0
molecola_53758,6,1,6,0.04759087413549423,0
molecola_53758,7,0,7,0.06690064817667007,0
molecola_53758,8,0,8,0.0019305035239085555,0
molecola_53758,9,0,9,0.0011381236836314201,0
molecola_53758,10,0,10,0.0007278037955984473,0
molecola_53758,11,0,11,0.0009610929992049932,0
molecola_53758,12,0,12,0.0010185742285102606,0
molecola_53758,13,0,13,0.0007516300538554788,0
molecola_53758,14,0,14,0.0009610925335437059,0
molecola_53758,15,0,15,0.0011381236836314201,0
molecola_53758,16,0,16,0.0007278037955984473,0
molecola_54424,1,0,1,0.8849961161613464,1
molecola_54424,2,1,2,0.9729634523391724,1
molecola_54424,3,1,3,0.9564035534858704,1
molecola_54424,4,0,4,0.012672130018472672,0
molecola_54424,5,0,5,0.00699723232537508,0
molecola_54424,6,0,6,0.001392712234519422,0
molecola_54424,7,0,7,0.0013697845861315727,0
molecola_54424,8,0,8,0.001425712020136416,0
molecola_54424,9,0,9,0.0016875152941793203,0
molecola_54424,10,0,10,0.001414926489815116,0
molecola_54424,11,0,11,0.006527519319206476,0
molecola_54424,12,0,12,0.004725663457065821,0
molecola_54424,13,0,13,0.8158866763114929,1
molecola_54424,14,0,14,0.6648210287094116,1
molecola_54424,15,0,15,0.5938202142715454,1
molecola_54424,16,0,16,0.7906042337417603,1
molecola_54424,17,0,17,0.6082529425621033,1
molecola_54424,18,0,18,0.877290666103363,1
molecola_54424,19,0,19,0.7647355198860168,1
molecola_54424,20,0,20,0.5837922692298889,1
molecola_54424,21,0,21,0.533605694770813,1
molecola_54424,22,0,22,0.5537819266319275,1
molecola_54424,23,0,23,0.5400108695030212,1
molecola_54424,24,0,24,0.5852782726287842,1
molecola_54424,25,0,25,0.53231281042099,1
molecola_54424,26,0,26,0.00786556862294674,0
molecola_54424,27,0,27,0.001691877143457532,0
molecola_54424,28,0,28,0.001392712234519422,0
molecola_54424,29,0,29,0.00699723232537508,0
molecola_5459,1,0,1,0.7991182804107666,1
molecola_5459,2,0,2,0.27164363861083984,0
molecola_5459,3,0,3,0.02599151059985161,0
molecola_5459,4,0,4,0.07292135059833527,0
molecola_5459,5,0,5,0.06265299022197723,0
molecola_5459,6,0,6,0.170949786901474,0
molecola_5459,7,0,7,0.1344866156578064,0
molecola_5459,8,0,8,0.1547614336013794,0
molecola_5459,9,0,9,0.14700725674629211,0
molecola_5459,10,0,10,0.4455431401729584,0
molecola_5459,11,1,11,0.977277398109436,1
molecola_5459,12,0,12,0.012877142056822777,0
molecola_5459,13,0,13,0.0028532559517771006,0
molecola_5459,14,0,14,0.0013433293206617236,0
molecola_5459,15,0,15,0.0010490547865629196,0
molecola_5459,16,0,16,0.0007136211497709155,0
molecola_5459,17,0,17,0.0013433293206617236,0
molecola_5459,18,0,18,0.0028532559517771006,0
molecola_5461,1,0,1,0.004378084093332291,0
molecola_5461,2,0,2,0.001351497252471745,0
molecola_5461,3,0,3,0.0009411447099409997,0
molecola_5461,4,0,4,0.0008040943648666143,0
molecola_5461,5,0,5,0.0035082160029560328,0
molecola_5461,6,0,6,0.0006121218902990222,0
molecola_5461,7,0,7,0.014273262582719326,0
molecola_5461,8,0,8,0.0011383231030777097,0
molecola_5461,9,0,9,0.0011383231030777097,0
molecola_5461,10,0,10,0.0012344133574515581,0
molecola_5461,11,0,11,0.005367902107536793,0
molecola_5461,12,0,12,0.029370013624429703,0
molecola_5461,13,0,13,0.04524264857172966,0
molecola_5461,14,0,14,0.5585165023803711,1
molecola_5461,15,0,15,0.05537649244070053,0
molecola_5461,16,1,16,0.9894692897796631,1
molecola_5461,17,0,17,0.4024701714515686,0
molecola_5464,1,0,1,0.9662108421325684,1
molecola_5464,2,0,2,0.9935512542724609,1
molecola_5464,3,0,3,0.9662108421325684,1
molecola_5464,4,0,4,0.06288982182741165,0
molecola_5464,5,0,5,0.010760431177914143,0
molecola_5464,6,0,6,0.060478851199150085,0
molecola_5464,7,0,7,0.016151705756783485,0
molecola_5464,8,0,8,0.6242154240608215,1
molecola_5464,9,0,9,0.006466108374297619,0
molecola_5464,10,0,10,0.00744246318936348,0
molecola_5464,11,0,11,0.001572609762661159,0
molecola_5464,12,0,12,0.0017656005220487714,0
molecola_5464,13,0,13,0.000677960691973567,0
molecola_5464,14,0,14,0.005389697849750519,0
molecola_5464,15,0,15,0.05358225479722023,0
molecola_5464,16,0,16,0.006133869756013155,0
molecola_5464,17,0,17,0.16666778922080994,0
molecola_5464,18,1,18,0.9746567010879517,1
molecola_5464,19,0,19,0.07130341976881027,0
molecola_5464,20,0,20,0.13986849784851074,0
molecola_5464,21,0,21,0.9737686514854431,1
molecola_54694,1,1,1,0.9802548289299011,1
molecola_54694,2,0,2,0.1465659886598587,0
molecola_54694,3,0,3,0.00886147003620863,0
molecola_54694,4,0,4,0.0035273281391710043,0
molecola_54694,5,0,5,0.0032176172826439142,0
molecola_54694,6,0,6,0.050763100385665894,0
molecola_54694,7,0,7,0.07473183423280716,0
molecola_54694,8,0,8,0.00611693412065506,0
molecola_54694,9,0,9,0.002962387865409255,0
molecola_54694,10,0,10,0.02583990804851055,0
molecola_54694,11,0,11,0.00378104904666543,0
molecola_54694,12,0,12,0.007965483702719212,0
molecola_54694,13,0,13,0.00752589525654912,0
molecola_54694,14,0,14,0.012424861080944538,0
molecola_54694,15,0,15,0.0066231777891516685,0
molecola_54694,16,0,16,0.005335587542504072,0
molecola_54694,17,0,17,0.0013751403894275427,0
molecola_54694,18,0,18,0.0010577650973573327,0
molecola_54694,19,0,19,0.002419626573100686,0
molecola_54694,20,0,20,0.0020101412665098906,0
molecola_54694,21,0,21,0.004173800349235535,0
molecola_54694,22,0,22,0.003070688107982278,0
molecola_54694,23,0,23,0.0011497539235278964,0
molecola_54694,24,0,24,0.004173800349235535,0
molecola_54694,25,0,25,0.0020101412665098906,0
molecola_54694,26,0,26,0.007965483702719212,0
molecola_54694,27,0,27,0.00378104904666543,0
molecola_54843,1,1,1,0.9894692897796631,1
molecola_54843,2,0,2,0.05228050798177719,0
molecola_54843,3,0,3,0.5621054768562317,1
molecola_54843,4,0,4,0.0675150454044342,0
molecola_54843,5,0,5,0.06528802216053009,0
molecola_54843,6,0,6,0.006253681145608425,0
molecola_54843,7,0,7,0.3593737781047821,0
molecola_54843,8,0,8,0.001333981053903699,0
molecola_54843,9,0,9,0.003798508085310459,0
molecola_54843,10,0,10,0.0013724816963076591,0
molecola_54843,11,0,11,0.001006141770631075,0
molecola_54843,12,0,12,0.004069577436894178,0
molecola_54843,13,0,13,0.0014951654011383653,0
molecola_54843,14,0,14,0.0011971411295235157,0
molecola_54843,15,0,15,0.19593879580497742,0
molecola_54843,16,0,16,0.007776046637445688,0
molecola_54843,17,0,17,0.010767260566353798,0
molecola_54843,18,0,18,0.01757023110985756,0
molecola_54843,19,0,19,0.06030511111021042,0
molecola_54843,20,0,20,0.013858694583177567,0
molecola_54843,21,0,21,0.0035476377233862877,0
molecola_54843,22,0,22,0.0007343222969211638,0
molecola_54843,23,0,23,0.0007343222969211638,0
molecola_54843,24,0,24,0.0007343222969211638,0
molecola_54843,25,0,25,0.06683313846588135,0
molecola_54843,26,0,26,0.12256477773189545,0
molecola_54843,27,0,27,0.10583578795194626,0
molecola_54843,28,0,28,0.9824379086494446,1
molecola_54872,1,0,1,0.0017553268698975444,0
molecola_54872,2,0,2,0.001778020872734487,0
molecola_54872,3,0,3,0.0014446229906752706,0
molecola_54872,4,0,4,0.07001737505197525,0
molecola_54872,5,0,5,0.0954112634062767,0
molecola_54872,6,0,6,0.12493447214365005,0
molecola_54872,7,0,7,0.009223656728863716,0
molecola_54872,8,0,8,0.013291661627590656,0
molecola_54872,9,0,9,0.041118886321783066,0
molecola_54872,10,0,10,0.003905524732545018,0
molecola_54872,11,0,11,0.015598914586007595,0
molecola_54872,12,0,12,0.017927860841155052,0
molecola_54872,13,0,13,0.07748312503099442,0
molecola_54872,14,0,14,0.027225246652960777,0
molecola_54872,15,0,15,0.02140980027616024,0
molecola_54872,16,0,16,0.02239835076034069,0
molecola_54872,17,0,17,0.003105434123426676,0
molecola_54872,18,0,18,0.0021583070047199726,0
molecola_54872,19,0,19,0.004786527715623379,0
molecola_54872,20,0,20,0.004060725681483746,0
molecola_54872,21,0,21,0.004060725681483746,0
molecola_54872,22,1,22,0.964686393737793,1
molecola_54872,23,1,23,0.9718603491783142,1
molecola_54872,24,0,24,0.02293434366583824,0
molecola_54872,25,0,25,0.0621093288064003,0
molecola_54872,26,0,26,0.12467329949140549,0
molecola_54872,27,0,27,0.10628335922956467,0
molecola_54872,28,0,28,0.07355349510908127,0
molecola_54872,29,0,29,0.01878371089696884,0
molecola_54872,30,0,30,0.0032282653264701366,0
molecola_54888,1,0,1,0.077150858938694,0
molecola_54888,2,0,2,0.037842635065317154,0
molecola_54888,3,0,3,0.04865414276719093,0
molecola_54888,4,0,4,0.03246612474322319,0
molecola_54888,5,0,5,0.10072087496519089,0
molecola_54888,6,0,6,0.12647010385990143,0
molecola_54888,7,0,7,0.15341661870479584,0
molecola_54888,8,0,8,0.13635827600955963,0
molecola_54888,9,0,9,0.07941581308841705,0
molecola_54888,10,0,10,0.04705289751291275,0
molecola_54888,11,0,11,0.8266268968582153,1
molecola_54888,12,0,12,0.8269185423851013,1
molecola_54888,13,0,13,0.02509516477584839,0
molecola_54888,14,0,14,0.011184764094650745,0
molecola_54888,15,0,15,0.014744414016604424,0
molecola_54888,16,0,16,0.04969601705670357,0
molecola_54888,17,0,17,0.10363156348466873,0
molecola_54888,18,0,18,0.15356212854385376,0
molecola_54888,19,0,19,0.08028501272201538,0
molecola_54888,20,0,20,0.12149922549724579,0
molecola_54888,21,1,21,0.9779881238937378,1
molecola_54888,22,0,22,0.053721047937870026,0
molecola_54888,23,0,23,0.04901181533932686,0
molecola_54888,24,0,24,0.04222102835774422,0
molecola_54888,25,0,25,0.027541272342205048,0
molecola_54891,1,0,1,0.002233298495411873,0
molecola_54891,2,0,2,0.0011525775771588087,0
molecola_54891,3,0,3,0.0008774795569479465,0
molecola_54891,4,0,4,0.0010993079049512744,0
molecola_54891,5,0,5,0.0023140956182032824,0
molecola_54891,6,0,6,0.9196435809135437,1
molecola_54891,7,0,7,0.04756477475166321,0
molecola_54891,8,0,8,0.17745022475719452,0
molecola_54891,9,0,9,0.1478007286787033,0
molecola_54891,10,0,10,0.24444925785064697,0
molecola_54891,11,0,11,0.17026980221271515,0
molecola_54891,12,0,12,0.019685089588165283,0
molecola_54891,13,0,13,0.0029651354998350143,0
molecola_54891,14,0,14,0.0010295399697497487,0
molecola_54891,15,0,15,0.0010690256021916866,0
molecola_54891,16,0,16,0.008951066993176937,0
molecola_54891,17,0,17,0.014178683049976826,0
molecola_54891,18,0,18,0.010409016162157059,0
molecola_54891,19,0,19,0.002646449953317642,0
molecola_54891,20,0,20,0.02705034427344799,0
molecola_54891,21,1,21,0.9660128355026245,1
molecola_54891,22,0,22,0.0018001161515712738,0
molecola_54891,23,0,23,0.0013719210401177406,0
molecola_54891,24,0,24,0.001608454855158925,0
molecola_54894,1,0,1,0.059394530951976776,0
molecola_54894,2,0,2,0.1619003564119339,0
molecola_54894,3,0,3,0.059394530951976776,0
molecola_54894,4,0,4,0.08857492357492447,0
molecola_54894,5,0,5,0.0025543617084622383,0
molecola_54894,6,0,6,0.0013687218306586146,0
molecola_54894,7,0,7,0.0008153248345479369,0
molecola_54894,8,0,8,0.0008153248345479369,0
molecola_54894,9,0,9,0.8547984957695007,1
molecola_54894,10,1,10,0.9875273108482361,1
molecola_54894,11,0,11,0.8763728737831116,1
molecola_54894,12,1,12,0.8763728737831116,1
molecola_54900,1,0,1,0.0018625151133164763,0
molecola_54900,2,0,2,0.0014322849456220865,0
molecola_54900,3,0,3,0.0018625151133164763,0
molecola_54900,4,0,4,0.0045411428436636925,0
molecola_54900,5,0,5,0.005508905276656151,0
molecola_54900,6,0,6,0.006173132918775082,0
molecola_54900,7,0,7,0.03349537029862404,0
molecola_54900,8,0,8,0.06897258758544922,0
molecola_54900,9,0,9,0.684802234172821,1
molecola_54900,10,0,10,0.05587908625602722,0
molecola_54900,11,0,11,0.9899919629096985,1
molecola_54900,12,0,12,0.684802234172821,1
molecola_54900,13,0,13,0.06897258758544922,0
molecola_54900,14,0,14,0.0035929640289396048,0
molecola_54900,15,0,15,0.007561880629509687,0
molecola_54900,16,0,16,0.8765162825584412,1
molecola_54900,17,1,17,0.9860056638717651,1
molecola_54900,18,0,18,0.8879570364952087,1
molecola_54900,19,1,19,0.8879570364952087,1
molecola_54900,20,0,20,0.0024695165921002626,0
molecola_54900,21,0,21,0.006300416309386492,0
molecola_54900,22,0,22,0.009461326524615288,0
molecola_54900,23,0,23,0.00612539891153574,0
molecola_54900,24,0,24,0.0012918623397126794,0
molecola_54900,25,0,25,0.0010933605954051018,0
molecola_54900,26,0,26,0.0007100485381670296,0
molecola_54900,27,0,27,0.0012918623397126794,0
molecola_54900,28,0,28,0.00612539891153574,0
molecola_54907,1,0,1,0.9577582478523254,1
molecola_54907,2,0,2,0.9551274180412292,1
molecola_54907,3,0,3,0.8859925270080566,1
molecola_54907,4,0,4,0.972894549369812,1
molecola_54907,5,0,5,0.962830662727356,1
molecola_54907,6,0,6,0.9346147179603577,1
molecola_54907,7,0,7,0.7919225692749023,1
molecola_54907,8,0,8,0.3299369812011719,0
molecola_54907,9,0,9,0.0925818681716919,0
molecola_54907,10,0,10,0.0015683508245274425,0
molecola_54907,11,0,11,0.0015683508245274425,0
molecola_54907,12,0,12,0.07478805631399155,0
molecola_54907,13,0,13,0.16085170209407806,0
molecola_54907,14,0,14,0.042451195418834686,0
molecola_54907,15,0,15,0.06829134374856949,0
molecola_54907,16,0,16,0.043073538690805435,0
molecola_54907,17,0,17,0.07578909397125244,0
molecola_54907,18,0,18,0.043073538690805435,0
molecola_54907,19,0,19,0.06829134374856949,0
molecola_54907,20,0,20,0.05027686804533005,0
molecola_54907,21,0,21,0.0036830781027674675,0
molecola_54907,22,0,22,0.0033245838712900877,0
molecola_54907,23,0,23,0.015437150374054909,0
molecola_54907,24,0,24,0.03447224199771881,0
molecola_54907,25,0,25,0.09021354466676712,0
molecola_54907,26,0,26,0.7698577642440796,1
molecola_54907,27,1,27,0.9812799692153931,1
molecola_54907,28,0,28,0.8878907561302185,1
molecola_54907,29,1,29,0.8878907561302185,1
molecola_54977,1,0,1,0.0933331847190857,0
molecola_54977,2,0,2,0.05874103680253029,0
molecola_54977,3,0,3,0.09909676015377045,0
molecola_54977,4,0,4,0.022514216601848602,0
molecola_54977,5,0,5,0.013499235734343529,0
molecola_54977,6,0,6,0.0361136756837368,0
molecola_54977,7,0,7,0.20404686033725739,0
molecola_54977,8,1,8,0.978154182434082,1
molecola_54977,9,0,9,0.12345480918884277,0
molecola_54977,10,0,10,0.10093197971582413,0
molecola_54977,11,0,11,0.2283017486333847,0
molecola_54977,12,0,12,0.0012141208862885833,0
molecola_54977,13,0,13,0.002660145750269294,0
molecola_54977,14,0,14,0.0015475148102268577,0
molecola_54977,15,0,15,0.004467924125492573,0
molecola_54977,16,0,16,0.001490140799432993,0
molecola_54977,17,0,17,0.0033821691758930683,0
molecola_54977,18,0,18,0.0008910604519769549,0
molecola_54977,19,0,19,0.0033821691758930683,0
molecola_54977,20,0,20,0.001490140799432993,0
molecola_54977,21,0,21,0.001281644799746573,0
molecola_54977,22,0,22,0.011262095533311367,0
molecola_54977,23,0,23,0.022476106882095337,0
molecola_54977,24,0,24,0.0014670463278889656,0
molecola_54977,25,0,25,0.0008673538104631007,0
molecola_54977,26,0,26,0.0006657432531937957,0
molecola_54977,27,0,27,0.0010412257397547364,0
molecola_54977,28,0,28,0.0030403085984289646,0
molecola_54977,29,0,29,0.0019344930769875646,0
molecola_54977,30,0,30,0.0028185287956148386,0
molecola_54977,31,0,31,0.002309070900082588,0
molecola_54977,32,0,32,0.0038563853595405817,0
molecola_54977,33,0,33,0.03490811958909035,0
molecola_54977,34,0,34,0.010182812809944153,0
molecola_54977,35,0,35,0.059833575040102005,0
molecola_54977,36,0,36,0.19030754268169403,0
molecola_54984,1,0,1,0.0020655938424170017,0
molecola_54984,2,0,2,0.003059264738112688,0
molecola_54984,3,0,3,0.0012317841174080968,0
molecola_54984,4,0,4,0.0028984434902668,0
molecola_54984,5,0,5,0.00812044832855463,0
molecola_54984,6,0,6,0.00268939440138638,0
molecola_54984,7,0,7,0.004809056408703327,0
molecola_54984,8,0,8,0.0029671182855963707,0
molecola_54984,9,0,9,0.305713415145874,0
molecola_54984,10,0,10,0.05967594310641289,0
molecola_54984,11,0,11,0.013827376998960972,0
molecola_54984,12,0,12,0.002321740612387657,0
molecola_54984,13,1,13,0.9759513139724731,1
molecola_54984,14,1,14,0.9725425243377686,1
molecola_54984,15,0,15,0.005686675198376179,0
molecola_54984,16,0,16,0.00204332172870636,0
molecola_54984,17,0,17,0.0039269267581403255,0
molecola_54984,18,0,18,0.002075458411127329,0
molecola_54984,19,0,19,0.013221976347267628,0
molecola_54984,20,0,20,0.12685665488243103,0
molecola_54984,21,0,21,0.12322120368480682,0
molecola_54984,22,0,22,0.05969833955168724,0
molecola_54984,23,0,23,0.002068119589239359,0
molecola_55027,1,0,1,0.0014472764451056719,0
molecola_55027,2,0,2,0.004097669385373592,0
molecola_55027,3,0,3,0.006424406543374062,0
molecola_55027,4,0,4,0.048187702894210815,0
molecola_55027,5,0,5,0.021698635071516037,0
molecola_55027,6,0,6,0.006170985754579306,0
molecola_55027,7,0,7,0.002643257612362504,0
molecola_55027,8,0,8,0.0029793919529765844,0
molecola_55027,9,0,9,0.0528503879904747,0
molecola_55027,10,0,10,0.011054438538849354,0
molecola_55027,11,0,11,0.01145008485764265,0
molecola_55027,12,0,12,0.03233814612030983,0
molecola_55027,13,0,13,0.014095292426645756,0
molecola_55027,14,0,14,0.6919159889221191,1
molecola_55027,15,0,15,0.07426299899816513,0
molecola_55027,16,1,16,0.9747174978256226,1
molecola_552,1,1,1,0.22829583287239075,0
molecola_552,2,0,2,0.11217968910932541,0
molecola_552,3,1,3,0.7494678497314453,1
molecola_552,4,0,4,0.09973812848329544,0
molecola_552,5,0,5,0.20938320457935333,0
molecola_552,6,0,6,0.09973812848329544,0
molecola_552,7,1,7,0.7494678497314453,1
molecola_552,8,0,8,0.11217968910932541,0
molecola_552,9,0,9,0.22829583287239075,0
molecola_552,10,0,10,0.6881471276283264,1
molecola_552,11,1,11,0.9836773872375488,1
molecola_552,12,1,12,0.9369261264801025,1
molecola_552,13,0,13,0.5685681700706482,1
molecola_552,14,0,14,0.60066819190979,1
molecola_552,15,0,15,0.645237386226654,1
molecola_552,16,0,16,0.0024171441327780485,0
molecola_552,17,0,17,0.004187826067209244,0
molecola_552,18,0,18,0.0023641774896532297,0
molecola_552,19,0,19,0.6425793766975403,1
molecola_552,20,0,20,0.0237895455211401,0
molecola_552,21,0,21,0.021661829203367233,0
molecola_552,22,0,22,0.021661829203367233,0
molecola_55314,1,0,1,0.07579921931028366,0
molecola_55314,2,0,2,0.044586312025785446,0
molecola_55314,3,0,3,0.03975963592529297,0
molecola_55314,4,0,4,0.02763517200946808,0
molecola_55314,5,0,5,0.001683559501543641,0
molecola_55314,6,0,6,0.002632172079756856,0
molecola_55314,7,0,7,0.001683559501543641,0
molecola_55314,8,0,8,0.02763517200946808,0
molecola_55314,9,0,9,0.002029986120760441,0
molecola_55314,10,0,10,0.0007973584579303861,0
molecola_55314,11,0,11,0.004378834273666143,0
molecola_55314,12,0,12,0.00300685060210526,0
molecola_55314,13,0,13,0.11801807582378387,0
molecola_55314,14,0,14,0.13728688657283783,0
molecola_55314,15,0,15,0.08966825157403946,0
molecola_55314,16,0,16,0.06323815882205963,0
molecola_55314,17,1,17,0.9882838726043701,1
molecola_55314,18,0,18,0.006469782441854477,0
molecola_55314,19,0,19,0.002805879106745124,0
molecola_55314,20,0,20,0.001834171824157238,0
molecola_55314,21,0,21,0.0007985766278579831,0
molecola_55314,22,0,22,0.0014891884056851268,0
molecola_55314,23,0,23,0.0010591268073767424,0
molecola_55314,24,0,24,0.003035509493201971,0
molecola_55314,25,0,25,0.006638471037149429,0
molecola_55314,26,0,26,0.003035509493201971,0
molecola_55314,27,0,27,0.0010591268073767424,0
molecola_55314,28,0,28,0.0008975972305051982,0
molecola_55314,29,0,29,0.003667748998850584,0
molecola_55314,30,0,30,0.0013823161134496331,0
molecola_55314,31,0,31,0.00130177172832191,0
molecola_55314,32,0,32,0.0030513114761561155,0
molecola_55314,33,0,33,0.0010870016412809491,0
molecola_55314,34,0,34,0.001342312665656209,0
molecola_55314,35,0,35,0.0008450903696939349,0
molecola_55314,36,0,36,0.005754724610596895,0
molecola_555,1,0,1,0.02782902866601944,0
molecola_555,2,0,2,0.014880785718560219,0
molecola_555,3,0,3,0.11526912450790405,0
molecola_555,4,0,4,0.1337178647518158,0
molecola_555,5,0,5,0.2596416473388672,0
molecola_555,6,0,6,0.10923072695732117,0
molecola_555,7,0,7,0.06458474695682526,0
molecola_555,8,0,8,0.19994305074214935,0
molecola_555,9,0,9,0.15908966958522797,0
molecola_555,10,0,10,0.0731145516037941,0
molecola_555,11,0,11,0.6956970691680908,1
molecola_555,12,0,12,0.0014429099392145872,0
molecola_555,13,0,13,0.0021243435330688953,0
molecola_555,14,0,14,0.9705078601837158,1
molecola_555,15,0,15,0.9717222452163696,1
molecola_555,16,0,16,0.0021243435330688953,0
molecola_555,17,1,17,0.9705078601837158,1
molecola_555,18,1,18,0.9717222452163696,1
molecola_555,19,0,19,0.1608487367630005,0
molecola_555,20,0,20,0.025188850238919258,0
molecola_555,21,0,21,0.2572779059410095,0
molecola_555,22,0,22,0.00887388363480568,0
molecola_555,23,0,23,0.0500158928334713,0
molecola_555,24,0,24,0.008042989298701286,0
molecola_555,25,0,25,0.01409097295254469,0
molecola_555,26,0,26,0.0016253865323960781,0
molecola_555,27,0,27,0.0021144363563507795,0
molecola_555,28,0,28,0.011475902982056141,0
molecola_555,29,0,29,0.001677920576184988,0
molecola_5566,1,0,1,0.001419105683453381,0
molecola_5566,2,0,2,0.015873046591877937,0
molecola_5566,3,0,3,0.001419105683453381,0
molecola_5566,4,0,4,0.002057306934148073,0
molecola_5566,5,0,5,0.0015493776882067323,0
molecola_5566,6,0,6,0.6316537857055664,1
molecola_5566,7,0,7,0.003237201599404216,0
molecola_5566,8,0,8,0.01587531901896,0
molecola_5566,9,0,9,0.06926271319389343,0
molecola_5566,10,0,10,0.4519723057746887,0
molecola_5566,11,0,11,0.0569162480533123,0
molecola_5566,12,1,12,0.9894692897796631,1
molecola_5566,13,0,13,0.6516308188438416,1
molecola_5566,14,0,14,0.08954890817403793,0
molecola_5566,15,0,15,0.03929723799228668,0
molecola_5566,16,0,16,0.0020195655524730682,0
molecola_5566,17,0,17,0.002639268059283495,0
molecola_5566,18,0,18,0.03497370705008507,0
molecola_5566,19,0,19,0.10427016019821167,0
molecola_5566,20,0,20,0.035693779587745667,0
molecola_5566,21,0,21,0.002063410123810172,0
molecola_5566,22,0,22,0.002900117076933384,0
molecola_5566,23,0,23,0.0010799330193549395,0
molecola_5566,24,0,24,0.0012770448811352253,0
molecola_5566,25,0,25,0.003017831826582551,0
molecola_5662,1,0,1,0.0016476945020258427,0
molecola_5662,2,0,2,0.00206680316478014,0
molecola_5662,3,1,3,0.018002573400735855,0
molecola_5662,4,1,4,0.8942524194717407,1
molecola_5662,5,1,5,0.56667160987854,1
molecola_5662,6,1,6,0.8995116353034973,1
molecola_5662,7,0,7,0.5768764019012451,1
molecola_5662,8,1,8,0.9122862219810486,1
molecola_5662,9,1,9,0.08987796306610107,0
molecola_5662,10,0,10,0.004765711724758148,0
molecola_5662,11,0,11,0.002110194880515337,0
molecola_5662,12,0,12,0.0016476945020258427,0
molecola_5732,1,0,1,0.008354012854397297,0
molecola_5732,2,0,2,0.0012506870552897453,0
molecola_5732,3,0,3,0.0009519709274172783,0
molecola_5732,4,0,4,0.0009519709274172783,0
molecola_5732,5,0,5,0.001119045540690422,0
molecola_5732,6,0,6,0.001791199087165296,0
molecola_5732,7,0,7,0.0016755004180595279,0
molecola_5732,8,0,8,0.001451430143788457,0
molecola_5732,9,0,9,0.0016755004180595279,0
molecola_5732,10,0,10,0.001791199087165296,0
molecola_5732,11,0,11,0.0013146137353032827,0
molecola_5732,12,0,12,0.0012256777845323086,0
molecola_5732,13,0,13,0.0012256777845323086,0
molecola_5732,14,0,14,0.027891045436263084,0
molecola_5732,15,0,15,0.017208494246006012,0
molecola_5732,16,0,16,0.04139960929751396,0
molecola_5732,17,0,17,0.11032820492982864,0
molecola_5732,18,0,18,0.10790278017520905,0
molecola_5732,19,1,19,0.9779876470565796,1
molecola_5732,20,0,20,0.019021576270461082,0
molecola_5732,21,0,21,0.0034463070333003998,0
molecola_5732,22,0,22,0.0011436250060796738,0
molecola_5732,23,0,23,0.009339799173176289,0
molecola_5732,24,0,24,0.0011883010156452656,0
molecola_5732,25,0,25,0.008027425967156887,0
molecola_5760,1,0,1,0.004538944456726313,0
molecola_5760,2,1,2,0.9605207443237305,1
molecola_5760,3,0,3,0.004538944456726313,0
molecola_5760,4,1,4,0.9643856287002563,1
molecola_5760,5,0,5,0.005582860205322504,0
molecola_5760,6,0,6,0.03562760353088379,0
molecola_5760,7,0,7,0.032420188188552856,0
molecola_5760,8,0,8,0.06171640381217003,0
molecola_5760,9,0,9,0.07154885679483414,0
molecola_5760,10,0,10,0.01316907349973917,0
molecola_5760,11,0,11,0.029317660257220268,0
molecola_5760,12,0,12,0.08034463971853256,0
molecola_5760,13,0,13,0.04417956620454788,0
molecola_5760,14,0,14,0.008722109720110893,0
molecola_5760,15,0,15,0.007722979411482811,0
molecola_5760,16,0,16,0.011903923004865646,0
molecola_5760,17,0,17,0.003250167239457369,0
molecola_5760,18,0,18,0.010383251123130322,0
molecola_5760,19,0,19,0.0044997381046414375,0
molecola_5913,1,0,1,0.07698380202054977,0
molecola_5913,2,0,2,0.03842458501458168,0
molecola_5913,3,0,3,0.002942653140053153,0
molecola_5913,4,0,4,0.06425053626298904,0
molecola_5913,5,0,5,0.07509621977806091,0
molecola_5913,6,0,6,0.02982945553958416,0
molecola_5913,7,0,7,0.0021602632477879524,0
molecola_5913,8,0,8,0.0022422182373702526,0
molecola_5913,9,0,9,0.0011182453017681837,0
molecola_5913,10,0,10,0.6032603979110718,1
molecola_5913,11,0,11,0.004844266921281815,0
molecola_5913,12,0,12,0.005258247721940279,0
molecola_5913,13,0,13,0.009436160326004028,0
molecola_5913,14,0,14,0.011228646151721478,0
molecola_5913,15,0,15,0.04574655741453171,0
molecola_5913,16,0,16,0.04084235429763794,0
molecola_5913,17,0,17,0.07721011340618134,0
molecola_5913,18,0,18,0.1549544632434845,0
molecola_5913,19,0,19,0.11745955049991608,0
molecola_5913,20,0,20,0.08950549364089966,0
molecola_5913,21,0,21,0.11609609425067902,0
molecola_5913,22,1,22,0.9682333469390869,1
molecola_5934,1,0,1,0.007356734946370125,0
molecola_5934,2,0,2,0.006683667656034231,0
molecola_5934,3,0,3,0.018516626209020615,0
molecola_5934,4,0,4,0.0034010247327387333,0
molecola_5934,5,0,5,0.0009732479229569435,0
molecola_5934,6,0,6,0.0016579554649069905,0
molecola_5934,7,0,7,0.0026622896548360586,0
molecola_5934,8,0,8,0.0024135527200996876,0
molecola_5934,9,0,9,0.00216879160143435,0
molecola_5934,10,0,10,0.9044583439826965,1
molecola_5934,11,1,11,0.9623873829841614,1
molecola_5934,12,1,12,0.9681857228279114,1
molecola_5934,13,0,13,0.5531975030899048,1
molecola_5934,14,0,14,0.010918979533016682,0
molecola_6063,1,0,1,0.0284037496894598,0
molecola_6063,2,0,2,0.07798203825950623,0
molecola_6063,3,0,3,0.2755948305130005,0
molecola_6063,4,0,4,0.18474745750427246,0
molecola_6063,5,0,5,0.012577053159475327,0
molecola_6063,6,0,6,0.013290785253047943,0
molecola_6063,7,0,7,0.007947714999318123,0
molecola_6063,8,0,8,0.009001625701785088,0
molecola_6063,9,0,9,0.010534770786762238,0
molecola_6063,10,0,10,0.004376454744488001,0
molecola_6063,11,0,11,0.0014286572113633156,0
molecola_6063,12,0,12,0.004376454744488001,0
molecola_6063,13,0,13,0.010534770786762238,0
molecola_6063,14,0,14,0.00401698611676693,0
molecola_6063,15,0,15,0.0038291101809591055,0
molecola_6063,16,0,16,0.0028463059570640326,0
molecola_6063,17,0,17,0.0016509395791217685,0
molecola_6063,18,0,18,0.012836026959121227,0
molecola_6063,19,0,19,0.004043072462081909,0
molecola_6063,20,0,20,0.0023635365068912506,0
molecola_6063,21,0,21,0.005182086955755949,0
molecola_6063,22,0,22,0.019654130563139915,0
molecola_6063,23,0,23,0.005182086955755949,0
molecola_6063,24,0,24,0.0023635365068912506,0
molecola_6063,25,1,25,0.9938323497772217,1
molecola_6063,26,1,26,0.9677737951278687,1
molecola_6063,27,1,27,0.9677737951278687,1
molecola_6063,28,0,28,0.012577053159475327,0
molecola_6063,29,0,29,0.18474745750427246,0
molecola_6063,30,0,30,0.2755948305130005,0
molecola_6063,31,0,31,0.07798203825950623,0
molecola_6063,32,0,32,0.0284037496894598,0
molecola_6063,33,0,33,0.12456142157316208,0
molecola_6063,34,0,34,0.024364976212382317,0
molecola_6063,35,0,35,0.02205074578523636,0
molecola_6063,36,0,36,0.00454327929764986,0
molecola_6063,37,0,37,0.0038984313141554594,0
molecola_6063,38,0,38,0.001200327998958528,0
molecola_6063,39,0,39,0.00454327929764986,0
molecola_6063,40,0,40,0.02205074578523636,0
molecola_6095,1,1,1,0.8835282921791077,1
molecola_6095,2,1,2,0.9873982667922974,1
molecola_6095,3,1,3,0.8835282921791077,1
molecola_6095,4,1,4,0.6011908054351807,1
molecola_6095,5,0,5,0.028446698561310768,0
molecola_6095,6,0,6,0.2480432093143463,0
molecola_6095,7,0,7,0.39950522780418396,0
molecola_6095,8,0,8,0.04834477975964546,0
molecola_6095,9,0,9,0.04151107370853424,0
molecola_6095,10,0,10,0.061144981533288956,0
molecola_6095,11,0,11,0.09651082009077072,0
molecola_6095,12,0,12,0.013915426097810268,0
molecola_6095,13,0,13,0.030286824330687523,0
molecola_6095,14,0,14,0.0019674955401569605,0
molecola_6095,15,0,15,0.006091655232012272,0
molecola_6095,16,0,16,0.045308083295822144,0
molecola_6095,17,0,17,0.04067419469356537,0
molecola_6095,18,0,18,0.001310078427195549,0
molecola_6095,19,0,19,0.0021058116108179092,0
molecola_6095,20,0,20,0.0006741737597621977,0
molecola_6212,1,1,1,0.9792507886886597,1
molecola_6212,2,0,2,0.19524909555912018,0
molecola_6212,3,0,3,0.04063316062092781,0
molecola_6212,4,0,4,0.006905244197696447,0
molecola_6212,5,0,5,0.002921228064224124,0
molecola_6212,6,0,6,0.001967534888535738,0
molecola_6212,7,0,7,0.002921228064224124,0
molecola_6212,8,0,8,0.04063316807150841,0
molecola_6212,9,0,9,0.006905244197696447,0
molecola_6212,10,0,10,0.003297927090898156,0
molecola_6212,11,0,11,0.0014677122235298157,0
molecola_6212,12,0,12,0.0012375295627862215,0
molecola_6212,13,0,13,0.0032039356883615255,0
molecola_6212,14,0,14,0.001544772763736546,0
molecola_6212,15,0,15,0.001789094298146665,0
molecola_6212,16,0,16,0.001789094298146665,0
molecola_6212,17,0,17,0.0009722057147882879,0
molecola_6212,18,0,18,0.0031971344724297523,0
molecola_6212,19,0,19,0.09819817543029785,0
molecola_6212,20,0,20,0.10369516909122467,0
molecola_6212,21,0,21,0.008788848295807838,0
molecola_6212,22,0,22,0.0021045312751084566,0
molecola_6290,1,1,1,0.5827168822288513,1
molecola_6290,2,1,2,0.5631874203681946,1
molecola_6290,3,1,3,0.5424329042434692,1
molecola_6290,4,0,4,0.1793239265680313,0
molecola_6290,5,0,5,0.04425404965877533,0
molecola_6290,6,0,6,0.06678473949432373,0
molecola_6290,7,0,7,0.07773440331220627,0
molecola_6290,8,0,8,0.07599079608917236,0
molecola_6290,9,1,9,0.48207199573516846,0
molecola_6290,10,1,10,0.3398919999599457,0
molecola_6290,11,1,11,0.3510228097438812,0
molecola_6290,12,1,12,0.11626565456390381,0
molecola_6290,13,0,13,0.18987280130386353,0
molecola_6290,14,0,14,0.0014733023708686233,0
molecola_6290,15,0,15,0.002172807464376092,0
molecola_6290,16,0,16,0.006034651771187782,0
molecola_6290,17,0,17,0.029317699372768402,0
molecola_6290,18,0,18,0.09015876054763794,0
molecola_6290,19,0,19,0.00844163540750742,0
molecola_6290,20,0,20,0.0018021839205175638,0
molecola_6290,21,0,21,0.01334378682076931,0
molecola_6290,22,0,22,0.017964964732527733,0
molecola_6290,23,0,23,0.004709087777882814,0
molecola_6290,24,0,24,0.004123609978705645,0
molecola_6290,25,0,25,0.001200327998958528,0
molecola_6290,26,0,26,0.004709087777882814,0
molecola_6290,27,0,27,0.017964964732527733,0
molecola_6417,1,0,1,0.0038095128256827593,0
molecola_6417,2,0,2,0.002461677649989724,0
molecola_6417,3,0,3,0.0025422510225325823,0
molecola_6417,4,0,4,0.0014023019466549158,0
molecola_6417,5,0,5,0.0014023019466549158,0
molecola_6417,6,0,6,0.0006484264158643782,0
molecola_6417,7,0,7,0.001171626034192741,0
molecola_6417,8,0,8,0.001338527537882328,0
molecola_6417,9,0,9,0.0007035063463263214,0
molecola_6417,10,0,10,0.004795954562723637,0
molecola_6417,11,0,11,0.004756118170917034,0
molecola_6417,12,0,12,0.002229080069810152,0
molecola_6417,13,0,13,0.0008185972110368311,0
molecola_6417,14,0,14,0.002942784456536174,0
molecola_6417,15,0,15,0.0028975701425224543,0
molecola_6417,16,0,16,0.001196603523567319,0
molecola_6417,17,0,17,0.003367390250787139,0
molecola_6417,18,0,18,0.0007276140968315303,0
molecola_6417,19,0,19,0.0018474487587809563,0
molecola_6417,20,0,20,0.037664350122213364,0
molecola_6417,21,0,21,0.01420665718615055,0
molecola_6417,22,0,22,0.1568775773048401,0
molecola_6417,23,0,23,0.029446180909872055,0
molecola_6417,24,0,24,0.07123660296201706,0
molecola_6417,25,0,25,0.07517406344413757,0
molecola_6417,26,0,26,0.026813112199306488,0
molecola_6417,27,0,27,0.0035084744449704885,0
molecola_6417,28,0,28,0.010081540793180466,0
molecola_6417,29,1,29,0.9609160423278809,1
molecola_6417,30,1,30,0.962158739566803,1
molecola_6422,1,0,1,0.008092501200735569,0
molecola_6422,2,0,2,0.020137235522270203,0
molecola_6422,3,0,3,0.021775413304567337,0
molecola_6422,4,0,4,0.022728441283106804,0
molecola_6422,5,0,5,0.01917419582605362,0
molecola_6422,6,0,6,0.0037572893779724836,0
molecola_6422,7,0,7,0.03253377601504326,0
molecola_6422,8,0,8,0.1410631537437439,0
molecola_6422,9,0,9,0.12255659699440002,0
molecola_6422,10,0,10,0.143071711063385,0
molecola_6422,11,0,11,0.00810649897903204,0
molecola_6422,12,1,12,0.9405479431152344,1
molecola_6422,13,0,13,0.05336778610944748,0
molecola_6422,14,0,14,0.039984364062547684,0
molecola_6422,15,0,15,0.06735844910144806,0
molecola_6422,16,0,16,0.10558456182479858,0
molecola_6422,17,0,17,0.07202726602554321,0
molecola_6422,18,0,18,0.27021101117134094,0
molecola_6422,19,0,19,0.07585737854242325,0
molecola_6422,20,0,20,0.027225537225604057,0
molecola_6422,21,0,21,0.00386402802541852,0
molecola_6422,22,0,22,0.03668983653187752,0
molecola_6422,23,0,23,0.0007531424635089934,0
molecola_6422,24,0,24,0.05895412713289261,0
molecola_6422,25,0,25,0.18949709832668304,0
molecola_6422,26,0,26,0.2487754374742508,0
molecola_6422,27,0,27,0.018602490425109863,0
molecola_6422,28,0,28,0.017169080674648285,0
molecola_6422,29,0,29,0.005819220095872879,0
molecola_6422,30,0,30,0.009759731590747833,0
molecola_6422,31,0,31,0.01784108392894268,0
molecola_6422,32,0,32,0.009759731590747833,0
molecola_6422,33,0,33,0.005819220095872879,0
molecola_6621,1,0,1,0.007839096710085869,0
molecola_6621,2,0,2,0.002655664924532175,0
molecola_6621,3,0,3,0.0011376250768080354,0
molecola_6621,4,0,4,0.002788158366456628,0
molecola_6621,5,0,5,0.0028288376051932573,0
molecola_6621,6,0,6,0.008152126334607601,0
molecola_6621,7,0,7,0.004493212793022394,0
molecola_6621,8,0,8,0.003333713160827756,0
molecola_6621,9,0,9,0.005044547840952873,0
molecola_6621,10,0,10,0.006869162432849407,0
molecola_6621,11,0,11,0.007661816664040089,0
molecola_6621,12,0,12,0.0034225950948894024,0
molecola_6621,13,0,13,0.0010764884063974023,0
molecola_6621,14,0,14,0.0020074578933417797,0
molecola_6621,15,0,15,0.0014849217841401696,0
molecola_6621,16,0,16,0.002021842636168003,0
molecola_6621,17,0,17,0.006712333299219608,0
molecola_6621,18,0,18,0.01673034206032753,0
molecola_6621,19,0,19,0.006712333299219608,0
molecola_6621,20,0,20,0.002021842636168003,0
molecola_6621,21,0,21,0.010055609978735447,0
molecola_6621,22,0,22,0.059368010610342026,0
molecola_6621,23,0,23,0.11389569938182831,0
molecola_6621,24,0,24,0.0808391198515892,0
molecola_6621,25,0,25,0.03716157749295235,0
molecola_6621,26,0,26,0.01217359397560358,0
molecola_6621,27,1,27,0.9939350485801697,1
molecola_6621,28,1,28,0.9682629704475403,1
molecola_6621,29,1,29,0.9682629704475403,1
molecola_6621,30,0,30,0.005248683970421553,0
molecola_6621,31,0,31,0.03579383343458176,0
molecola_6621,32,0,32,0.01446211151778698,0
molecola_6621,33,0,33,0.07691726833581924,0
molecola_6621,34,0,34,0.1342088133096695,0
molecola_6621,35,0,35,0.12807761132717133,0
molecola_6621,36,0,36,0.05966133624315262,0
molecola_6621,37,0,37,0.004838500637561083,0
molecola_6621,38,0,38,0.0035062278620898724,0
molecola_6621,39,0,39,0.0023041197564452887,0
molecola_6687,1,0,1,0.06504424661397934,0
molecola_6687,2,0,2,0.03003115952014923,0
molecola_6687,3,0,3,0.023774106055498123,0
molecola_6687,4,0,4,0.004864881746470928,0
molecola_6687,5,0,5,0.012004579417407513,0
molecola_6687,6,0,6,0.006624765694141388,0
molecola_6687,7,0,7,0.005186252761632204,0
molecola_6687,8,0,8,0.013200012966990471,0
molecola_6687,9,0,9,0.041367772966623306,0
molecola_6687,10,0,10,0.04206577688455582,0
molecola_6687,11,0,11,0.07634668052196503,0
molecola_6687,12,0,12,0.04890282452106476,0
molecola_6687,13,0,13,0.05260569229722023,0
molecola_6687,14,0,14,0.01587578095495701,0
molecola_6687,15,0,15,0.03154148533940315,0
molecola_6687,16,1,16,0.808485746383667,1
molecola_6687,17,0,17,0.03325880691409111,0
molecola_6687,18,0,18,0.03291706740856171,0
molecola_6687,19,0,19,0.0752171128988266,0
molecola_6687,20,0,20,0.10781837999820709,0
molecola_6687,21,0,21,0.17312435805797577,0
molecola_6687,22,0,22,0.43312954902648926,0
molecola_6687,23,0,23,0.39929232001304626,0
molecola_6687,24,0,24,0.44783854484558105,0
molecola_6687,25,0,25,0.21311472356319427,0
molecola_6687,26,0,26,0.0814671665430069,0
molecola_6687,27,0,27,0.006797850131988525,0
molecola_6687,28,0,28,0.006363983731716871,0
molecola_6687,29,0,29,0.1452847570180893,0
molecola_6687,30,0,30,0.010792532004415989,0
molecola_6687,31,0,31,0.4644443094730377,0
molecola_6687,32,0,32,0.0006581690395250916,0
molecola_6687,33,0,33,0.0014398298226296902,0
molecola_6687,34,0,34,0.0014398298226296902,0
molecola_6687,35,0,35,0.021103408187627792,0
molecola_6687,36,0,36,0.013345921412110329,0
molecola_6687,37,1,37,0.9866687059402466,1
molecola_6687,38,0,38,0.8761059045791626,1
molecola_6687,39,1,39,0.8761059045791626,1
molecola_6728,1,0,1,0.07634679973125458,0
molecola_6728,2,0,2,0.04198918119072914,0
molecola_6728,3,0,3,0.04189159721136093,0
molecola_6728,4,0,4,0.06257583945989609,0
molecola_6728,5,0,5,0.04477992281317711,0
molecola_6728,6,0,6,0.05217218026518822,0
molecola_6728,7,0,7,0.017804346978664398,0
molecola_6728,8,0,8,0.017155935987830162,0
molecola_6728,9,0,9,0.0011716634035110474,0
molecola_6728,10,0,10,0.0020310692489147186,0
molecola_6728,11,0,11,0.0012075480772182345,0
molecola_6728,12,0,12,0.001306119724176824,0
molecola_6728,13,0,13,0.0012075480772182345,0
molecola_6728,14,0,14,0.0020310692489147186,0
molecola_6728,15,0,15,0.004230761434882879,0
molecola_6728,16,0,16,0.038737084716558456,0
molecola_6728,17,0,17,0.0010107312118634582,0
molecola_6728,18,0,18,0.0008481679833494127,0
molecola_6728,19,0,19,0.0013149218866601586,0
molecola_6728,20,0,20,0.01039712131023407,0
molecola_6728,21,0,21,0.02152143232524395,0
molecola_6728,22,0,22,0.0034832835663110018,0
molecola_6728,23,0,23,0.0009734088089317083,0
molecola_6728,24,0,24,0.02053447999060154,0
molecola_6728,25,1,25,0.7976251840591431,1
molecola_6728,26,1,26,0.9798902273178101,1
molecola_6728,27,0,27,0.8880262970924377,1
molecola_6728,28,1,28,0.8880262970924377,1
molecola_6728,29,0,29,0.001879323273897171,0
molecola_6728,30,0,30,0.0037875419948250055,0
molecola_6728,31,0,31,0.0016297316178679466,0
molecola_6728,32,0,32,0.0020090423058718443,0
molecola_6728,33,0,33,0.003418221138417721,0
molecola_6728,34,0,34,0.025628557428717613,0
molecola_6728,35,0,35,0.0057092574425041676,0
molecola_6728,36,0,36,0.03269889950752258,0
molecola_6728,37,0,37,0.07652045041322708,0
molecola_6728,38,0,38,0.0016898222966119647,0
molecola_6728,39,0,39,0.0008446552092209458,0
molecola_6728,40,0,40,0.0008446552092209458,0
molecola_6728,41,0,41,0.0008446552092209458,0
molecola_7124,1,0,1,0.0009947589132934809,0
molecola_7124,2,0,2,0.010911509394645691,0
molecola_7124,3,0,3,0.0009947589132934809,0
molecola_7124,4,0,4,0.02128382958471775,0
molecola_7124,5,0,5,0.08204778283834457,0
molecola_7124,6,0,6,0.12454581260681152,0
molecola_7124,7,0,7,0.002366875996813178,0
molecola_7124,8,0,8,0.07200845330953598,0
molecola_7124,9,0,9,0.1441117376089096,0
molecola_7124,10,0,10,0.19640269875526428,0
molecola_7124,11,0,11,0.3007276952266693,0
molecola_7124,12,0,12,0.10652998089790344,0
molecola_7124,13,0,13,0.001208831206895411,0
molecola_7124,14,0,14,0.0013176045613363385,0
molecola_7124,15,0,15,0.004451837856322527,0
molecola_7124,16,0,16,0.005160100292414427,0
molecola_7124,17,0,17,0.7418232560157776,1
molecola_7124,18,0,18,0.07488349825143814,0
molecola_7124,19,1,19,0.9899919629096985,1
molecola_7124,20,0,20,0.7418232560157776,1
molecola_7124,21,0,21,0.005160100292414427,0
molecola_7217,1,0,1,0.07485596835613251,0
molecola_7217,2,0,2,0.014515123330056667,0
molecola_7217,3,0,3,0.005044265184551477,0
molecola_7217,4,0,4,0.00126541533973068,0
molecola_7217,5,0,5,0.001092130201868713,0
molecola_7217,6,0,6,0.002776755951344967,0
molecola_7217,7,0,7,0.0016458529280498624,0
molecola_7217,8,0,8,0.004748777486383915,0
molecola_7217,9,0,9,0.002536917105317116,0
molecola_7217,10,0,10,0.0010689476039260626,0
molecola_7217,11,0,11,0.028399720788002014,0
molecola_7217,12,0,12,0.4879262149333954,0
molecola_7217,13,0,13,0.4797391891479492,0
molecola_7217,14,0,14,0.001791938440874219,0
molecola_7217,15,1,15,0.9377712607383728,1
molecola_7217,16,0,16,0.0009288073633797467,0
molecola_7217,17,0,17,0.0010374586563557386,0
molecola_7217,18,0,18,0.0016458529280498624,0
molecola_7217,19,0,19,0.002776755951344967,0
molecola_7452,1,0,1,0.08379834145307541,0
molecola_7452,2,0,2,0.05005742982029915,0
molecola_7452,3,0,3,0.05098722130060196,0
molecola_7452,4,0,4,0.06389626115560532,0
molecola_7452,5,0,5,0.021470054984092712,0
molecola_7452,6,0,6,0.008738987147808075,0
molecola_7452,7,0,7,0.0036081019788980484,0
molecola_7452,8,0,8,0.3174431622028351,0
molecola_7452,9,0,9,0.6976165175437927,1
molecola_7452,10,0,10,0.9544853568077087,1
molecola_7452,11,0,11,0.971501350402832,1
molecola_7452,12,0,12,0.8273853659629822,1
molecola_7452,13,0,13,0.7571378350257874,1
molecola_7452,14,0,14,0.41655150055885315,0
molecola_7452,15,0,15,0.3421783745288849,0
molecola_7452,16,0,16,0.2519690990447998,0
molecola_7452,17,1,17,0.9191735982894897,1
molecola_7452,18,0,18,0.07950278371572495,0
molecola_7452,19,0,19,0.015502607449889183,0
molecola_7452,20,0,20,0.09739793837070465,0
molecola_7452,21,0,21,0.09315937012434006,0
molecola_7452,22,0,22,0.15802304446697235,0
molecola_7452,23,0,23,0.22636087238788605,0
molecola_7452,24,0,24,0.2094392031431198,0
molecola_7452,25,0,25,0.25349563360214233,0
molecola_7452,26,0,26,0.011408998630940914,0
molecola_7452,27,0,27,0.08461286872625351,0
molecola_7452,28,0,28,0.05788876861333847,0
molecola_7452,29,0,29,0.0942411944270134,0
molecola_7852,1,0,1,0.08379855751991272,0
molecola_7852,2,0,2,0.050986576825380325,0
molecola_7852,3,0,3,0.05689022317528725,0
molecola_7852,4,0,4,0.0656864121556282,0
molecola_7852,5,0,5,0.18887358903884888,0
molecola_7852,6,0,6,0.06429431587457657,0
molecola_7852,7,1,7,0.8486626744270325,1
molecola_7852,8,1,8,0.9862305521965027,1
molecola_7852,9,0,9,0.8879570364952087,1
molecola_7852,10,1,10,0.8879570364952087,1
molecola_7852,11,0,11,0.18305164575576782,0
molecola_7852,12,0,12,0.22291991114616394,0
molecola_7852,13,0,13,0.3259412944316864,0
molecola_7852,14,0,14,0.02321374975144863,0
molecola_7852,15,0,15,0.009638963267207146,0
molecola_7852,16,0,16,0.0011824037646874785,0
molecola_7852,17,0,17,0.0393160842359066,0
molecola_7852,18,0,18,0.001148237963207066,0
molecola_7852,19,0,19,0.0022330880165100098,0
molecola_7852,20,0,20,0.0011443316470831633,0
molecola_7852,21,0,21,0.0007011269335635006,0
molecola_7852,22,0,22,0.003489108057692647,0
molecola_7852,23,0,23,0.003709062235429883,0
molecola_7852,24,0,24,0.003709062235429883,0
molecola_7852,25,0,25,0.003709062235429883,0
molecola_7852,26,0,26,0.0010208197636529803,0
molecola_7852,27,0,27,0.0026460422668606043,0
molecola_7852,28,0,28,0.0010263650910928845,0
molecola_7852,29,0,29,0.0008833769825287163,0
molecola_7852,30,0,30,0.0013961954973638058,0
molecola_7852,31,0,31,0.0009675513720139861,0
molecola_7852,32,0,32,0.0007922570803202689,0
molecola_7852,33,0,33,0.0007922570803202689,0
molecola_7852,34,0,34,0.0007922570803202689,0
molecola_7938,1,0,1,0.0012486606137827039,0
molecola_7938,2,0,2,0.0012445446336641908,0
molecola_7938,3,0,3,0.046503257006406784,0
molecola_7938,4,0,4,0.05515235662460327,0
molecola_7938,5,0,5,0.046503257006406784,0
molecola_7938,6,0,6,0.0012445446336641908,0
molecola_7938,7,0,7,0.0012486606137827039,0
molecola_7938,8,0,8,0.0008153454400599003,0
molecola_7938,9,0,9,0.0009113759151659906,0
molecola_7938,10,0,10,0.6645605564117432,1
molecola_7938,11,0,11,0.006295636296272278,0
molecola_7938,12,0,12,0.0009376347879879177,0
molecola_7938,13,0,13,0.0010796989081427455,0
molecola_7938,14,0,14,0.0009691764716990292,0
molecola_7938,15,0,15,0.0019058090401813388,0
molecola_7938,16,0,16,0.009381824173033237,0
molecola_7938,17,0,17,0.0012136197183281183,0
molecola_7938,18,0,18,0.00501344446092844,0
molecola_7938,19,0,19,0.04018421471118927,0
molecola_7938,20,0,20,0.03844247758388519,0
molecola_7938,21,0,21,0.012603954412043095,0
molecola_7938,22,0,22,0.0021002236753702164,0
molecola_7938,23,0,23,0.0008113605435937643,0
molecola_7938,24,0,24,0.012958420440554619,0
molecola_7938,25,0,25,0.0020606606267392635,0
molecola_7938,26,1,26,0.9733659625053406,1
molecola_7938,27,1,27,0.9723947048187256,1
molecola_8238,1,0,1,0.0023016787599772215,0
molecola_8238,2,0,2,0.0024206535890698433,0
molecola_8238,3,0,3,0.00371650536544621,0
molecola_8238,4,0,4,0.0024206535890698433,0
molecola_8238,5,0,5,0.0023016787599772215,0
molecola_8238,6,0,6,0.001060392358340323,0
molecola_8238,7,0,7,0.0012149018002673984,0
molecola_8238,8,0,8,0.0032659603748470545,0
molecola_8238,9,0,9,0.004269000608474016,0
molecola_8238,10,0,10,0.001269494416192174,0
molecola_8238,11,0,11,0.005007795989513397,0
molecola_8238,12,0,12,0.0014892747858539224,0
molecola_8238,13,0,13,0.0072495839558541775,0
molecola_8238,14,0,14,0.0019346449989825487,0
molecola_8238,15,0,15,0.005752348341047764,0
molecola_8238,16,0,16,0.09987664222717285,0
molecola_8238,17,1,17,0.9694496393203735,1
molecola_8238,18,0,18,0.027658740058541298,0
molecola_8238,19,0,19,0.023407509550452232,0
molecola_8238,20,0,20,0.03654247149825096,0
molecola_8238,21,0,21,0.07710070163011551,0
molecola_8354,1,1,1,0.9802548289299011,1
molecola_8354,2,0,2,0.13789911568164825,0
molecola_8354,3,0,3,0.06301628798246384,0
molecola_8354,4,0,4,0.01879587210714817,0
molecola_8354,5,0,5,0.07158885896205902,0
molecola_8354,6,0,6,0.08236224949359894,0
molecola_8354,7,0,7,0.09489797800779343,0
molecola_8354,8,0,8,0.008194898255169392,0
molecola_8354,9,0,9,0.001314470311626792,0
molecola_8354,10,0,10,0.0033490017522126436,0
molecola_8354,11,0,11,0.001498815487138927,0
molecola_8354,12,0,12,0.0052670142613351345,0
molecola_8354,13,0,13,0.016934834420681,0
molecola_8354,14,0,14,0.0033408531453460455,0
molecola_8354,15,0,15,0.0012606994714587927,0
molecola_8354,16,0,16,0.005801098886877298,0
molecola_8354,17,0,17,0.009595915675163269,0
molecola_8354,18,0,18,0.04482724517583847,0
molecola_8354,19,0,19,0.07516836374998093,0
molecola_8354,20,0,20,0.1983014941215515,0
molecola_8354,21,0,21,0.45803114771842957,0
molecola_8354,22,0,22,0.6403642892837524,1
molecola_8354,23,0,23,0.4801822304725647,0
molecola_8354,24,0,24,0.01137231383472681,0
molecola_8354,25,0,25,0.001498815487138927,0
molecola_8354,26,0,26,0.0033490017522126436,0
molecola_8361,1,0,1,0.04139372706413269,0
molecola_8361,2,0,2,0.503556489944458,1
molecola_8361,3,0,3,0.5797294974327087,1
molecola_8361,4,0,4,0.22397080063819885,0
molecola_8361,5,0,5,0.08407648652791977,0
molecola_8361,6,0,6,0.03476405516266823,0
molecola_8361,7,0,7,0.008372820913791656,0
molecola_8361,8,0,8,0.0013486531097441912,0
molecola_8361,9,0,9,0.3030671179294586,0
molecola_8361,10,0,10,0.7963194251060486,1
molecola_8361,11,1,11,0.9721342921257019,1
molecola_8361,12,0,12,0.8878907561302185,1
molecola_8361,13,1,13,0.8878907561302185,1
molecola_8361,14,0,14,0.08191842585802078,0
molecola_8361,15,0,15,0.22692926228046417,0
molecola_8361,16,0,16,0.199681356549263,0
molecola_8361,17,0,17,0.029405126348137856,0
molecola_8361,18,0,18,0.27587267756462097,0
molecola_8361,19,0,19,0.25426483154296875,0
molecola_8361,20,0,20,0.9866581559181213,1
molecola_837,1,0,1,0.001405178802087903,0
molecola_837,2,0,2,0.006861437577754259,0
molecola_837,3,0,3,0.001405178802087903,0
molecola_837,4,0,4,0.000851562712341547,0
molecola_837,5,0,5,0.0011358583578839898,0
molecola_837,6,0,6,0.001567904488183558,0
molecola_837,7,0,7,0.008811908774077892,0
molecola_837,8,0,8,0.0016042985953390598,0
molecola_837,9,0,9,0.010118421167135239,0
molecola_837,10,0,10,0.09690800309181213,0
molecola_837,11,0,11,0.14135341346263885,0
molecola_837,12,0,12,0.07640522718429565,0
molecola_837,13,0,13,0.1006363108754158,0
molecola_837,14,1,14,0.9779876470565796,1
molecola_837,15,0,15,0.02689889632165432,0
molecola_8382,1,0,1,0.002306681824848056,0
molecola_8382,2,0,2,0.018053922802209854,0
molecola_8382,3,0,3,0.00856028962880373,0
molecola_8382,4,0,4,0.03298858553171158,0
molecola_8382,5,1,5,0.7176585793495178,1
molecola_8382,6,0,6,0.05338785797357559,0
molecola_8382,7,1,7,0.9899919629096985,1
molecola_8382,8,1,8,0.7176585793495178,1
molecola_8382,9,0,9,0.03298858553171158,0
molecola_8382,10,0,10,0.006185965612530708,0
molecola_8382,11,0,11,0.0784442201256752,0
molecola_8382,12,0,12,0.08307194709777832,0
molecola_8382,13,0,13,0.12264745682477951,0
molecola_8382,14,0,14,0.06525342911481857,0
molecola_8382,15,0,15,0.02656424045562744,0
molecola_8382,16,0,16,0.07833310961723328,0
molecola_8382,17,0,17,0.12017681449651718,0
molecola_8382,18,0,18,0.12448037415742874,0
molecola_8382,19,0,19,0.041915182024240494,0
molecola_8382,20,0,20,0.02089262753725052,0
molecola_8564,1,0,1,0.0058938926085829735,0
molecola_8564,2,0,2,0.004373752512037754,0
molecola_8564,3,0,3,0.0013194612693041563,0
molecola_8564,4,0,4,0.0015729317674413323,0
molecola_8564,5,0,5,0.0013655117945745587,0
molecola_8564,6,0,6,0.0009184241644106805,0
molecola_8564,7,0,7,0.0012359216343611479,0
molecola_8564,8,0,8,0.0011076654773205519,0
molecola_8564,9,0,9,0.040421877056360245,0
molecola_8564,10,0,10,0.0026759759057313204,0
molecola_8564,11,0,11,0.0024139394517987967,0
molecola_8564,12,1,12,0.7101554274559021,1
molecola_8564,13,1,13,0.952109158039093,1
molecola_8564,14,1,14,0.9714104533195496,1
molecola_8564,15,1,15,0.8232761025428772,1
molecola_8564,16,1,16,0.7578005194664001,1
molecola_8564,17,0,17,0.2026883214712143,0
molecola_8564,18,0,18,0.059206534177064896,0
molecola_8564,19,0,19,0.046681374311447144,0
molecola_8564,20,0,20,0.033565498888492584,0
molecola_8564,21,0,21,0.046681374311447144,0
molecola_8564,22,0,22,0.059206534177064896,0
molecola_8564,23,0,23,0.008424839936196804,0
molecola_8564,24,0,24,0.00609235092997551,0
molecola_8576,1,0,1,0.003224888350814581,0
molecola_8576,2,0,2,0.0033105891197919846,0
molecola_8576,3,0,3,0.002714938949793577,0
molecola_8576,4,0,4,0.003538276068866253,0
molecola_8576,5,0,5,0.004322998691350222,0
molecola_8576,6,0,6,0.008345783688127995,0
molecola_8576,7,0,7,0.007633384317159653,0
molecola_8576,8,0,8,0.004258153960108757,0
molecola_8576,9,0,9,0.012155544012784958,0
molecola_8576,10,0,10,0.12926970422267914,0
molecola_8576,11,1,11,0.7974180579185486,1
molecola_8576,12,1,12,0.9809736609458923,1
molecola_8576,13,0,13,0.8878907561302185,1
molecola_8576,14,1,14,0.8878907561302185,1
molecola_8576,15,0,15,0.004060980398207903,0
molecola_8576,16,0,16,0.008652161806821823,0
molecola_8576,17,0,17,0.021731078624725342,0
molecola_8576,18,0,18,0.036383192986249924,0
molecola_8576,19,0,19,0.036113251000642776,0
molecola_8576,20,0,20,0.06359079480171204,0
molecola_8576,21,0,21,0.047069113701581955,0
molecola_8576,22,0,22,0.06359079480171204,0
molecola_8576,23,0,23,0.036113251000642776,0
molecola_8576,24,0,24,0.03305789828300476,0
molecola_8576,25,0,25,0.10477122664451599,0
molecola_8576,26,0,26,0.18893976509571075,0
molecola_8576,27,0,27,0.14919109642505646,0
molecola_8576,28,0,28,0.117398202419281,0
molecola_8576,29,0,29,0.006685199681669474,0
molecola_8576,30,0,30,0.005468924064189196,0
molecola_8576,31,0,31,0.005501947831362486,0
molecola_8663,1,0,1,0.02684864215552807,0
molecola_8663,2,0,2,0.4327584505081177,0
molecola_8663,3,0,3,0.08914545178413391,0
molecola_8663,4,1,4,0.8893641233444214,1
molecola_8663,5,1,5,0.8846028447151184,1
molecola_8663,6,0,6,0.3089912533760071,0
molecola_8663,7,0,7,0.3327518403530121,0
molecola_8663,8,0,8,0.039209071546792984,0
molecola_8663,9,0,9,0.0030802609398961067,0
molecola_8663,10,0,10,0.6207668781280518,1
molecola_8663,11,0,11,0.7593573331832886,1
molecola_8663,12,0,12,0.9508385062217712,1
molecola_8663,13,0,13,0.5686138868331909,1
molecola_8663,14,0,14,0.04977453500032425,0
molecola_8663,15,0,15,0.008130332455039024,0
molecola_8663,16,0,16,0.018951501697301865,0
molecola_8663,17,0,17,0.05729532614350319,0
molecola_8663,18,0,18,0.018951501697301865,0
molecola_8663,19,0,19,0.008130332455039024,0
molecola_8663,20,0,20,0.003916648216545582,0
molecola_8663,21,0,21,0.020417923107743263,0
molecola_8663,22,0,22,0.7902170419692993,1
molecola_8663,23,0,23,0.8453338742256165,1
molecola_8663,24,1,24,0.6674178242683411,1
molecola_8663,25,0,25,0.641889750957489,1
molecola_8663,26,0,26,0.5404238104820251,1
molecola_8663,27,1,27,0.8755142092704773,1
molecola_8663,28,0,28,0.7647355794906616,1
molecola_8663,29,0,29,0.5850760340690613,1
molecola_8663,30,0,30,0.5336005687713623,1
molecola_8663,31,0,31,0.5460847616195679,1
molecola_8663,32,0,32,0.5400317311286926,1
molecola_8663,33,0,33,0.5176231265068054,1
molecola_8663,34,0,34,0.5427919030189514,1
molecola_8759,1,0,1,0.06386347115039825,0
molecola_8759,2,0,2,0.0069177825935184956,0
molecola_8759,3,0,3,0.0018343654228374362,0
molecola_8759,4,0,4,0.001714469282887876,0
molecola_8759,5,0,5,0.0016805744962766767,0
molecola_8759,6,0,6,0.0013270196504890919,0
molecola_8759,7,0,7,0.0014278669841587543,0
molecola_8759,8,0,8,0.0016022988129407167,0
molecola_8759,9,0,9,0.001124763279221952,0
molecola_8759,10,0,10,0.0038423100486397743,0
molecola_8759,11,0,11,0.00438545411452651,0
molecola_8759,12,0,12,0.0012889065546914935,0
molecola_8759,13,0,13,0.001568034291267395,0
molecola_8759,14,0,14,0.0012037548003718257,0
molecola_8759,15,0,15,0.001433876226656139,0
molecola_8759,16,1,16,0.8907235264778137,1
molecola_8759,17,1,17,0.9862601161003113,1
molecola_8759,18,0,18,0.8879570364952087,1
molecola_8759,19,1,19,0.8879570364952087,1
molecola_8759,20,0,20,0.0011942521668970585,0
molecola_8759,21,0,21,0.0010113433236256242,0
molecola_8759,22,0,22,0.00102937628980726,0
molecola_8759,23,0,23,0.001458155456930399,0
molecola_8759,24,0,24,0.0011080227559432387,0
molecola_8759,25,0,25,0.0007011239067651331,0
molecola_8759,26,0,26,0.003489184193313122,0
molecola_8759,27,0,27,0.003709062235429883,0
molecola_8759,28,0,28,0.003709062235429883,0
molecola_8759,29,0,29,0.003709062235429883,0
molecola_8759,30,0,30,0.0018810387700796127,0
molecola_9028,1,0,1,0.0016537861665710807,0
molecola_9028,2,0,2,0.0027369705494493246,0
molecola_9028,3,0,3,0.0018520498415455222,0
molecola_9028,4,0,4,0.008881003595888615,0
molecola_9028,5,0,5,0.0021045373287051916,0
molecola_9028,6,0,6,0.002035771030932665,0
molecola_9028,7,0,7,0.0017920596292242408,0
molecola_9028,8,0,8,0.0019478125032037497,0
molecola_9028,9,0,9,0.0013725078897550702,0
molecola_9028,10,0,10,0.001365105388686061,0
molecola_9028,11,0,11,0.0022723479196429253,0
molecola_9028,12,0,12,0.0008622128516435623,0
molecola_9028,13,0,13,0.001335877925157547,0
molecola_9028,14,0,14,0.003293206449598074,0
molecola_9028,15,0,15,0.0009915366536006331,0
molecola_9028,16,0,16,0.0012438056292012334,0
molecola_9028,17,0,17,0.0009915366536006331,0
molecola_9028,18,0,18,0.003293206449598074,0
molecola_9028,19,0,19,0.32460877299308777,0
molecola_9028,20,0,20,0.018345870077610016,0
molecola_9028,21,0,21,0.05271346494555473,0
molecola_9028,22,0,22,0.408616840839386,0
molecola_9028,23,0,23,0.13729573786258698,0
molecola_9028,24,1,24,0.9868408441543579,1
molecola_9028,25,0,25,0.20516906678676605,0
molecola_9028,26,0,26,0.028950193896889687,0
molecola_9028,27,0,27,0.04810686782002449,0
molecola_9028,28,0,28,0.0019478125032037497,0
molecola_9028,29,0,29,0.0017920596292242408,0
molecola_9028,30,0,30,0.4966141879558563,0
molecola_9028,31,0,31,0.32494276762008667,0
molecola_9028,32,0,32,0.6246124505996704,1
molecola_9179,1,0,1,0.0010906989919021726,0
molecola_9179,2,0,2,0.0008133034571073949,0
molecola_9179,3,0,3,0.0010906989919021726,0
molecola_9179,4,0,4,0.00070888054324314,0
molecola_9179,5,0,5,0.0009577086311765015,0
molecola_9179,6,0,6,0.0024485583417117596,0
molecola_9179,7,0,7,0.009322145953774452,0
molecola_9179,8,0,8,0.0017073805211111903,0
molecola_9179,9,0,9,0.001186266541481018,0
molecola_9179,10,1,10,0.003438929095864296,0
molecola_9179,11,1,11,0.009330282919108868,0
molecola_9179,12,0,12,0.00572593417018652,0
molecola_9179,13,0,13,0.0019969779532402754,0
molecola_9179,14,0,14,0.0009423164883628488,0
molecola_9179,15,0,15,0.0009123659692704678,0
molecola_9179,16,0,16,0.0007080837967805564,0
molecola_9179,17,0,17,0.0012164667714387178,0
molecola_9179,18,0,18,0.0010478965705260634,0
molecola_9179,19,0,19,0.0008469437016174197,0
molecola_9179,20,0,20,0.008554386906325817,0
molecola_9179,21,0,21,0.0013475078158080578,0
molecola_9179,22,0,22,0.0013475078158080578,0
molecola_9179,23,0,23,0.0018652243306860328,0
molecola_9179,24,1,24,0.9876393675804138,1
molecola_9179,25,0,25,0.9439541697502136,1
molecola_9179,26,1,26,0.9439541697502136,1
molecola_9397,1,0,1,0.05253540351986885,0
molecola_9397,2,0,2,0.09892372041940689,0
molecola_9397,3,0,3,0.31915685534477234,0
molecola_9397,4,0,4,0.17872153222560883,0
molecola_9397,5,0,5,0.017567409202456474,0
molecola_9397,6,0,6,0.0740419402718544,0
molecola_9397,7,0,7,0.04293448477983475,0
molecola_9397,8,0,8,0.05153784900903702,0
molecola_9397,9,0,9,0.017471913248300552,0
molecola_9397,10,0,10,0.01458684727549553,0
molecola_9397,11,0,11,0.034242574125528336,0
molecola_9397,12,0,12,0.24810151755809784,0
molecola_9397,13,0,13,0.06655191630125046,0
molecola_9397,14,0,14,0.07766276597976685,0
molecola_9397,15,0,15,0.5951675176620483,1
molecola_9397,16,0,16,0.11660733073949814,0
molecola_9397,17,1,17,0.968712329864502,1
molecola_9397,18,0,18,0.5782307982444763,1
molecola_9397,19,1,19,0.961521327495575,1
molecola_9397,20,0,20,0.18507534265518188,0
molecola_9659,1,0,1,0.7628608345985413,1
molecola_9659,2,0,2,0.11705387383699417,0
molecola_9659,3,0,3,0.21739862859249115,0
molecola_9659,4,0,4,0.525539219379425,1
molecola_9659,5,0,5,0.21376000344753265,0
molecola_9659,6,0,6,0.19628755748271942,0
molecola_9659,7,0,7,0.04930494725704193,0
molecola_9659,8,0,8,0.2373974323272705,0
molecola_9659,9,0,9,0.00922426674515009,0
molecola_9659,10,1,10,0.9391146898269653,1
molecola_9659,11,1,11,0.9406887292861938,1
molecola_9659,12,1,12,0.9327105283737183,1
molecola_9659,13,1,13,0.9473719000816345,1
molecola_9659,14,0,14,0.008651556447148323,0
molecola_9659,15,0,15,0.061103735119104385,0
molecola_9659,16,0,16,0.7510119080543518,1
molecola_9659,17,0,17,0.004278549924492836,0
molecola_9659,18,0,18,0.0008438085787929595,0
molecola_9659,19,0,19,0.0008958627586252987,0
molecola_9659,20,0,20,0.001750647439621389,0
molecola_9659,21,0,21,0.013251254335045815,0
molecola_9659,22,0,22,0.0016791055677458644,0
molecola_9659,23,0,23,0.0022946924436837435,0
molecola_9659,24,0,24,0.0018463763408362865,0
molecola_9659,25,0,25,0.0011958053801208735,0
molecola_9659,26,0,26,0.0009017052943818271,0
molecola_9659,27,0,27,0.0009017052943818271,0
molecola_9659,28,0,28,0.7902324795722961,1
molecola_9659,29,0,29,0.9218639731407166,1
molecola_9659,30,0,30,0.5703004598617554,1
molecola_9659,31,0,31,0.0496673546731472,0
molecola_9659,32,0,32,0.008134305477142334,0
molecola_9659,33,0,33,0.018951501697301865,0
molecola_9659,34,0,34,0.05729532614350319,0
molecola_9659,35,0,35,0.018951501697301865,0
molecola_9659,36,0,36,0.008134305477142334,0
molecola_966,1,0,1,0.9374383687973022,1
molecola_966,2,0,2,0.0669197142124176,0
molecola_966,3,0,3,0.008388116955757141,0
molecola_966,4,0,4,0.0016603050753474236,0
molecola_966,5,0,5,0.0021953824907541275,0
molecola_966,6,0,6,0.001226635416969657,0
molecola_966,7,0,7,0.0006943765911273658,0
molecola_966,8,0,8,0.0035648320335894823,0
molecola_966,9,0,9,0.001794512732885778,0
molecola_966,10,0,10,0.00942580308765173,0
molecola_966,11,0,11,0.0022067271638661623,0
molecola_966,12,0,12,0.0011540882987901568,0
molecola_966,13,0,13,0.0011560714337974787,0
molecola_966,14,0,14,0.0019650382455438375,0
molecola_966,15,0,15,0.5557262897491455,1
molecola_966,16,1,16,0.9862754344940186,1
molecola_966,17,0,17,0.7281033396720886,1
molecola_966,18,0,18,0.8844344615936279,1
molecola_966,19,0,19,0.9051257967948914,1
molecola_966,20,0,20,0.010675672441720963,0
molecola_966,21,0,21,0.009491507895290852,0
molecola_966,22,0,22,0.014377457089722157,0
molecola_966,23,0,23,0.049618493765592575,0
molecola_966,24,0,24,0.014377457089722157,0
molecola_966,25,0,25,0.009491507895290852,0
molecola_966,26,0,26,0.0022067271638661623,0
molecola_966,27,0,27,0.00942580308765173,0
molecola_966,28,0,28,0.03892192617058754,0
molecola_966,29,0,29,0.0998682826757431,0
molecola_9785,1,0,1,0.22829583287239075,0
molecola_9785,2,0,2,0.1115027368068695,0
molecola_9785,3,0,3,0.25075164437294006,0
molecola_9785,4,0,4,0.07334519177675247,0
molecola_9785,5,0,5,0.08991580456495285,0
molecola_9785,6,0,6,0.0912366658449173,0
molecola_9785,7,0,7,0.5064525604248047,1
molecola_9785,8,0,8,0.15606504678726196,0
molecola_9785,9,1,9,0.9871679544448853,1
molecola_9785,10,0,10,0.14894850552082062,0
molecola_9785,11,0,11,0.5215726494789124,1
molecola_9785,12,0,12,0.007382526993751526,0
molecola_9785,13,0,13,0.060709986835718155,0
molecola_9785,14,0,14,0.06672631204128265,0
molecola_9785,15,0,15,0.044796742498874664,0
molecola_9785,16,0,16,0.0228484608232975,0
molecola_9785,17,0,17,0.0015013337833806872,0
molecola_9785,18,0,18,0.0011185223702341318,0
molecola_9785,19,0,19,0.003644901094958186,0
molecola_9785,20,0,20,0.0027510537765920162,0
molecola_9785,21,0,21,0.017279742285609245,0
molecola_9785,22,0,22,0.029023397713899612,0
molecola_9785,23,0,23,0.009352752938866615,0
molecola_9794,1,0,1,0.07650071382522583,0
molecola_9794,2,0,2,0.02515427954494953,0
molecola_9794,3,0,3,0.0037406692281365395,0
molecola_9794,4,0,4,0.001614612527191639,0
molecola_9794,5,0,5,0.003170679323375225,0
molecola_9794,6,1,6,0.9765057563781738,1
molecola_9794,7,1,7,0.9729044437408447,1
molecola_9794,8,0,8,0.0016987797571346164,0
molecola_9794,9,0,9,0.0018256206531077623,0
molecola_9794,10,0,10,0.0023413740564137697,0
molecola_9794,11,0,11,0.001924145850352943,0
molecola_9794,12,0,12,0.0023297511506825686,0
molecola_9794,13,0,13,0.0020831224974244833,0
molecola_9794,14,0,14,0.0012471491936594248,0
molecola_9794,15,0,15,0.001126753631979227,0
molecola_9794,16,0,16,0.0026522460393607616,0
molecola_9950,1,0,1,0.008570132777094841,0
molecola_9950,2,0,2,0.0052577415481209755,0
molecola_9950,3,0,3,0.001582637312822044,0
molecola_9950,4,0,4,0.0032398707699030638,0
molecola_9950,5,0,5,0.0011876175412908196,0
molecola_9950,6,0,6,0.0032398707699030638,0
molecola_9950,7,0,7,0.001582637312822044,0
molecola_9950,8,0,8,0.0025601887609809637,0
molecola_9950,9,0,9,0.044733695685863495,0
molecola_9950,10,0,10,0.001543570775538683,0
molecola_9950,11,0,11,0.02349195070564747,0
molecola_9950,12,0,12,0.14253313839435577,0
molecola_9950,13,0,13,0.14723031222820282,0
molecola_9950,14,0,14,0.025295639410614967,0
molecola_9950,15,0,15,0.0013390687527135015,0
molecola_9950,16,0,16,0.011881448328495026,0
molecola_9950,17,0,17,0.002711705630645156,0
molecola_9950,18,0,18,0.0031025775242596865,0
molecola_9950,19,0,19,0.026716573163866997,0
molecola_9950,20,0,20,0.0018539574230089784,0
molecola_9950,21,0,21,0.001017386675812304,0
molecola_9950,22,1,22,0.9939197301864624,1
molecola_9950,23,1,23,0.9677831530570984,1
molecola_9950,24,1,24,0.9677831530570984,1
molecola_9971,1,0,1,0.0018452710937708616,0
molecola_9971,2,0,2,0.0012688302667811513,0
molecola_9971,3,1,3,0.9746626019477844,1
molecola_9971,4,1,4,0.9720308780670166,1
molecola_9971,5,0,5,0.0008035845821723342,0
molecola_9971,6,0,6,0.0024476712569594383,0
molecola_9971,7,0,7,0.002395081799477339,0
molecola_9971,8,0,8,0.001004328834824264,0
molecola_9971,9,0,9,0.004143328871577978,0
molecola_9971,10,0,10,0.002467961749061942,0
molecola_9971,11,0,11,0.00103134592063725,0
molecola_9971,12,0,12,0.005174931138753891,0
molecola_9971,13,0,13,0.0072885253466665745,0
molecola_9971,14,0,14,0.011946438811719418,0
molecola_9971,15,0,15,0.002629599766805768,0
molecola_9971,16,1,16,0.029963143169879913,0
molecola_9971,17,0,17,0.015129534527659416,0
molecola_9971,18,0,18,0.015658730641007423,0
molecola_9971,19,0,19,0.004695518873631954,0
molecola_9971,20,1,20,0.027876224368810654,0
molecola_9971,21,0,21,0.001397330197505653,0
molecola_9971,22,0,22,0.0009968532249331474,0
molecola_9971,23,0,23,0.0011565660824999213,0
