molecola,indice_atomi,match,indice_atomo,probabilita,y_pred_prob
molecola_10070,1,1,1,0.8968011736869812,1
molecola_10070,2,1,2,0.983852744102478,1
molecola_10070,3,1,3,0.8968011736869812,1
molecola_10070,4,1,4,0.8729764819145203,1
molecola_10070,5,0,5,0.03796108439564705,0
molecola_10070,6,0,6,0.0006922658649273217,0
molecola_10070,7,0,7,0.00976856891065836,0
molecola_10070,8,0,8,0.014715936034917831,0
molecola_10070,9,0,9,0.00976856891065836,0
molecola_10070,10,0,10,0.0006922658649273217,0
molecola_10070,11,0,11,0.0029718009755015373,0
molecola_10070,12,0,12,0.005403292831033468,0
molecola_10070,13,0,13,0.0046275919303298,0
molecola_10070,14,0,14,0.004558209795504808,0
molecola_10070,15,0,15,0.0046275919303298,0
molecola_10070,16,0,16,0.005403292831033468,0
molecola_10070,17,0,17,0.01294058095663786,0
molecola_10070,18,0,18,0.018117563799023628,0
molecola_10070,19,0,19,0.012409429997205734,0
molecola_10070,20,0,20,0.008347599767148495,0
molecola_10070,21,0,21,0.09031646698713303,0
molecola_10070,22,0,22,0.00703772297129035,0
molecola_10070,23,0,23,0.006927708629518747,0
molecola_10070,24,0,24,0.0026024586986750364,0
molecola_10070,25,0,25,0.002359241945669055,0
molecola_10070,26,0,26,0.00525107653811574,0
molecola_10070,27,0,27,0.021830791607499123,0
molecola_10070,28,0,28,0.0005696781445294619,0
molecola_10070,29,0,29,0.0003795298107434064,0
molecola_10070,30,0,30,0.0003795298107434064,0
molecola_10070,31,0,31,0.0003795298107434064,0
molecola_10070,32,0,32,0.022072097286581993,0
molecola_10070,33,0,33,0.012289447709918022,0
molecola_10072,1,0,1,0.012889767996966839,0
molecola_10072,2,0,2,0.0004772052343469113,0
molecola_10072,3,0,3,0.012889767996966839,0
molecola_10072,4,0,4,0.03942243754863739,0
molecola_10072,5,0,5,0.0005069564213044941,0
molecola_10072,6,0,6,0.0005447111907415092,0
molecola_10072,7,0,7,0.0003709413867909461,0
molecola_10072,8,0,8,0.00048730242997407913,0
molecola_10072,9,0,9,0.0006410558125935495,0
molecola_10072,10,0,10,0.0002508574689272791,0
molecola_10072,11,0,11,0.007615481503307819,0
molecola_10072,12,0,12,0.1822042465209961,0
molecola_10072,13,0,13,0.16257502138614655,0
molecola_10072,14,1,14,0.9784771800041199,1
molecola_10072,15,0,15,0.13176965713500977,0
molecola_10072,16,0,16,0.031529564410448074,0
molecola_1011,1,0,1,0.02704460360109806,0
molecola_1011,2,0,2,0.19397351145744324,0
molecola_1011,3,0,3,0.0675545483827591,0
molecola_1011,4,0,4,0.04692436009645462,0
molecola_1011,5,0,5,0.011708233505487442,0
molecola_1011,6,0,6,0.003601665608584881,0
molecola_1011,7,0,7,0.002956363372504711,0
molecola_1011,8,0,8,0.0005114265368320048,0
molecola_1011,9,0,9,0.002956363372504711,0
molecola_1011,10,0,10,0.003601665608584881,0
molecola_1011,11,0,11,0.00044529244769364595,0
molecola_1011,12,0,12,0.0004591347533278167,0
molecola_1011,13,0,13,0.00046622392255812883,0
molecola_1011,14,0,14,0.001207732129842043,0
molecola_1011,15,0,15,0.001207732129842043,0
molecola_1011,16,0,16,0.46120110154151917,0
molecola_1011,17,0,17,0.06385193765163422,0
molecola_1011,18,0,18,0.024002868682146072,0
molecola_1011,19,0,19,0.023814894258975983,0
molecola_1011,20,0,20,0.049443215131759644,0
molecola_1011,21,0,21,0.004864445421844721,0
molecola_1011,22,0,22,0.003609058680012822,0
molecola_1011,23,0,23,0.0012764222919940948,0
molecola_1011,24,0,24,0.000558762694709003,0
molecola_1011,25,0,25,0.0013573637697845697,0
molecola_1011,26,0,26,0.000817865424323827,0
molecola_1011,27,0,27,0.012994068674743176,0
molecola_1011,28,0,28,0.0013225330039858818,0
molecola_1011,29,0,29,0.0015084586339071393,0
molecola_1011,30,1,30,0.9738735556602478,1
molecola_1011,31,1,31,0.9799648523330688,1
molecola_1011,32,0,32,0.0010236785747110844,0
molecola_1011,33,0,33,0.0005367995472624898,0
molecola_1011,34,0,34,0.004560847766697407,0
molecola_10213,1,1,1,0.916427493095398,1
molecola_10213,2,0,2,0.05424470081925392,0
molecola_10213,3,0,3,0.005764719098806381,0
molecola_10213,4,0,4,0.005014269612729549,0
molecola_10213,5,0,5,0.0014973554061725736,0
molecola_10213,6,0,6,0.06328950822353363,0
molecola_10213,7,0,7,0.0011869220761582255,0
molecola_10213,8,0,8,0.0010588598670437932,0
molecola_10213,9,0,9,0.0004241721471771598,0
molecola_10213,10,0,10,0.0013550498988479376,0
molecola_10213,11,0,11,0.00410877401009202,0
molecola_10213,12,0,12,0.0005063293501734734,0
molecola_10213,13,0,13,0.0005536380922421813,0
molecola_10213,14,0,14,0.0005094973021186888,0
molecola_10213,15,0,15,0.004822606220841408,0
molecola_10213,16,0,16,0.03351401537656784,0
molecola_10213,17,0,17,0.03351396694779396,0
molecola_10213,18,0,18,0.003974467981606722,0
molecola_10213,19,0,19,0.0013700859853997827,0
molecola_10351,1,0,1,0.037154391407966614,0
molecola_10351,2,0,2,0.037654321640729904,0
molecola_10351,3,0,3,0.003956946078687906,0
molecola_10351,4,0,4,0.40401139855384827,0
molecola_10351,5,0,5,0.007682109717279673,0
molecola_10351,6,0,6,0.013592004776000977,0
molecola_10351,7,0,7,0.16569936275482178,0
molecola_10351,8,0,8,0.05906086415052414,0
molecola_10351,9,0,9,0.11990640312433243,0
molecola_10351,10,1,10,0.9750564098358154,1
molecola_10351,11,0,11,0.06091858446598053,0
molecola_10351,12,0,12,0.003545519197359681,0
molecola_10351,13,0,13,0.001041760086081922,0
molecola_10351,14,0,14,0.011877020820975304,0
molecola_10351,15,0,15,0.0004214131913613528,0
molecola_10382,1,0,1,0.001999431289732456,0
molecola_10382,2,1,2,0.6185895800590515,1
molecola_10382,3,0,3,0.0007826116634532809,0
molecola_10382,4,0,4,0.00034213080652989447,0
molecola_10382,5,0,5,0.0005174509715288877,0
molecola_10382,6,0,6,0.0013356450945138931,0
molecola_10382,7,0,7,0.0036176610738039017,0
molecola_10382,8,0,8,0.0013356450945138931,0
molecola_10382,9,0,9,0.0005174509715288877,0
molecola_10382,10,0,10,0.01909075863659382,0
molecola_10382,11,0,11,0.05921277031302452,0
molecola_10382,12,0,12,0.16241534054279327,0
molecola_10382,13,0,13,0.034166477620601654,0
molecola_10382,14,0,14,0.024457208812236786,0
molecola_10382,15,0,15,0.016911132261157036,0
molecola_10382,16,0,16,0.03118579275906086,0
molecola_10382,17,0,17,0.054656174033880234,0
molecola_10382,18,0,18,0.06752701103687286,0
molecola_10382,19,0,19,0.03481307253241539,0
molecola_10382,20,0,20,0.04999115690588951,0
molecola_10382,21,0,21,0.9165167212486267,1
molecola_10382,22,0,22,0.004739102907478809,0
molecola_10382,23,0,23,0.0018391510238870978,0
molecola_10382,24,0,24,0.00058932532556355,0
molecola_10382,25,0,25,0.00037130931741558015,0
molecola_10382,26,0,26,0.00058932532556355,0
molecola_10382,27,0,27,0.0018391510238870978,0
molecola_10382,28,0,28,0.0006392617360688746,0
molecola_10382,29,0,29,0.00045643598423339427,0
molecola_10382,30,0,30,0.00045643598423339427,0
molecola_10382,31,0,31,0.00029702475876547396,0
molecola_10382,32,0,32,0.0007376653957180679,0
molecola_10382,33,0,33,0.0007376653957180679,0
molecola_10565,1,1,1,0.9097274541854858,1
molecola_10565,2,1,2,0.9868302941322327,1
molecola_10565,3,0,3,0.9097274541854858,1
molecola_10565,4,0,4,0.8494207859039307,1
molecola_10565,5,0,5,0.046634841710329056,0
molecola_10565,6,0,6,0.0010953471064567566,0
molecola_10565,7,0,7,0.018131541088223457,0
molecola_10565,8,0,8,0.04572312906384468,0
molecola_10565,9,0,9,0.015428846701979637,0
molecola_10565,10,0,10,0.0206309761852026,0
molecola_10565,11,0,11,0.0009333022753708065,0
molecola_10565,12,0,12,0.0009866026230156422,0
molecola_10565,13,0,13,0.0028149005956947803,0
molecola_10565,14,0,14,0.006280783098191023,0
molecola_10565,15,0,15,0.0023544488940387964,0
molecola_10565,16,0,16,0.008582263253629208,0
molecola_10565,17,0,17,0.01581176370382309,0
molecola_10565,18,0,18,0.01581176370382309,0
molecola_10565,19,0,19,0.0022243952844291925,0
molecola_10565,20,0,20,0.02529098652303219,0
molecola_10565,21,0,21,0.047890495508909225,0
molecola_10565,22,0,22,0.04775208979845047,0
molecola_10565,23,0,23,0.024210814386606216,0
molecola_10565,24,0,24,0.0015982927288860083,0
molecola_10669,1,0,1,0.0004083772364538163,0
molecola_10669,2,0,2,0.004213124513626099,0
molecola_10669,3,0,3,0.0004906099056825042,0
molecola_10669,4,0,4,0.0004906099056825042,0
molecola_10669,5,0,5,0.0004568560398183763,0
molecola_10669,6,0,6,0.0004295107501093298,0
molecola_10669,7,0,7,0.0004218180838506669,0
molecola_10669,8,0,8,0.0014659898588433862,0
molecola_10669,9,0,9,0.0021758759394288063,0
molecola_10669,10,0,10,0.0018844831502065063,0
molecola_10669,11,0,11,0.005117182154208422,0
molecola_10669,12,0,12,0.005443164147436619,0
molecola_10669,13,0,13,0.005924918223172426,0
molecola_10669,14,0,14,0.006773144006729126,0
molecola_10669,15,0,15,0.0020495152566581964,0
molecola_10669,16,0,16,0.0020820351783186197,0
molecola_10669,17,0,17,0.0006790201878175139,0
molecola_10669,18,0,18,0.0015047466149553657,0
molecola_10669,19,0,19,0.009219230152666569,0
molecola_10669,20,0,20,0.02833707258105278,0
molecola_10669,21,0,21,0.009219230152666569,0
molecola_10669,22,0,22,0.0015047466149553657,0
molecola_10669,23,0,23,0.003698009066283703,0
molecola_10669,24,0,24,0.0006742695113644004,0
molecola_10669,25,0,25,0.0025764082092791796,0
molecola_10669,26,0,26,0.028485707938671112,0
molecola_10669,27,0,27,0.18400466442108154,0
molecola_10669,28,0,28,0.11298477649688721,0
molecola_10669,29,1,29,0.9772128462791443,1
molecola_10669,30,0,30,0.12378309667110443,0
molecola_10669,31,0,31,0.009470832534134388,0
molecola_10669,32,0,32,0.014606106095016003,0
molecola_10669,33,0,33,0.011984281241893768,0
molecola_10669,34,0,34,0.014002124778926373,0
molecola_10669,35,0,35,0.0004218180838506669,0
molecola_10669,36,0,36,0.0004295107501093298,0
molecola_10835,1,0,1,0.0008722768980078399,0
molecola_10835,2,0,2,0.00043731837649829686,0
molecola_10835,3,0,3,0.004576459061354399,0
molecola_10835,4,0,4,0.00043731837649829686,0
molecola_10835,5,0,5,0.0008722768980078399,0
molecola_10835,6,0,6,0.03041735477745533,0
molecola_10835,7,0,7,0.006559968460351229,0
molecola_10835,8,0,8,0.052545420825481415,0
molecola_10835,9,0,9,0.0021600257605314255,0
molecola_10835,10,0,10,0.00038577240775339305,0
molecola_10835,11,0,11,0.0003328215389046818,0
molecola_10835,12,0,12,0.00038544819108210504,0
molecola_10835,13,0,13,0.00040915029239840806,0
molecola_10835,14,0,14,0.00038544819108210504,0
molecola_10835,15,0,15,0.00038577240775339305,0
molecola_10835,16,0,16,0.0003328215389046818,0
molecola_10835,17,0,17,0.0005524992011487484,0
molecola_10835,18,0,18,0.0004835970757994801,0
molecola_10835,19,0,19,0.0003830518398899585,0
molecola_10835,20,0,20,0.0007416740991175175,0
molecola_10835,21,0,21,0.2896355390548706,0
molecola_10835,22,0,22,0.8232924342155457,1
molecola_10835,23,1,23,0.971430778503418,1
molecola_10835,24,0,24,0.9138178825378418,1
molecola_10835,25,1,25,0.9724934697151184,1
molecola_10835,26,0,26,0.00332067534327507,0
molecola_10835,27,0,27,0.010925104841589928,0
molecola_10835,28,0,28,0.2180437445640564,0
molecola_10835,29,0,29,0.2727454602718353,0
molecola_10835,30,0,30,0.23205943405628204,0
molecola_10835,31,0,31,0.013907001353800297,0
molecola_10835,32,0,32,0.002477617235854268,0
molecola_11115,1,1,1,0.919322669506073,1
molecola_11115,2,1,2,0.9906062483787537,1
molecola_11115,3,0,3,0.919322669506073,1
molecola_11115,4,1,4,0.8860357999801636,1
molecola_11115,5,0,5,0.011545098386704922,0
molecola_11115,6,0,6,0.016103561967611313,0
molecola_11115,7,0,7,0.16551439464092255,0
molecola_11115,8,0,8,0.13491187989711761,0
molecola_11115,9,0,9,0.06629377603530884,0
molecola_11115,10,0,10,0.017590589821338654,0
molecola_11115,11,0,11,0.010778174735605717,0
molecola_11115,12,0,12,0.017590589821338654,0
molecola_11115,13,0,13,0.06629382073879242,0
molecola_11115,14,0,14,0.1349118947982788,0
molecola_11115,15,0,15,0.16551440954208374,0
molecola_11115,16,0,16,0.016103554517030716,0
molecola_11115,17,0,17,0.011545098386704922,0
molecola_11149,1,1,1,0.9794852137565613,1
molecola_11149,2,1,2,0.9783627986907959,1
molecola_11149,3,0,3,0.0014718299498781562,0
molecola_11149,4,0,4,0.0003108703240286559,0
molecola_11149,5,0,5,0.00024389375175815076,0
molecola_11149,6,0,6,0.12591244280338287,0
molecola_11149,7,0,7,0.10101930797100067,0
molecola_11149,8,0,8,0.16166816651821136,0
molecola_11149,9,0,9,0.0017037716461345553,0
molecola_11149,10,0,10,0.055055614560842514,0
molecola_11149,11,0,11,0.004423868842422962,0
molecola_11149,12,0,12,0.159600168466568,0
molecola_11149,13,0,13,0.2946414351463318,0
molecola_11149,14,0,14,0.3996889591217041,0
molecola_11149,15,0,15,0.03995092585682869,0
molecola_11149,16,0,16,0.017258072271943092,0
molecola_11149,17,1,17,0.9935166835784912,1
molecola_11149,18,1,18,0.9569430947303772,1
molecola_11149,19,1,19,0.9569430947303772,1
molecola_11267,1,1,1,0.8909117579460144,1
molecola_11267,2,1,2,0.9503530859947205,1
molecola_11267,3,1,3,0.9594465494155884,1
molecola_11267,4,1,4,0.8467251658439636,1
molecola_11267,5,1,5,0.8265236020088196,1
molecola_11267,6,1,6,0.026926619932055473,0
molecola_11267,7,0,7,0.005940536968410015,0
molecola_11267,8,0,8,0.015328312292695045,0
molecola_11267,9,0,9,0.0036139520816504955,0
molecola_11267,10,0,10,0.015328312292695045,0
molecola_11267,11,0,11,0.005940536968410015,0
molecola_11267,12,0,12,0.045345768332481384,0
molecola_11267,13,0,13,0.01894722506403923,0
molecola_11267,14,0,14,0.022375596687197685,0
molecola_11267,15,0,15,0.029534416273236275,0
molecola_11267,16,0,16,0.01844225823879242,0
molecola_11267,17,0,17,0.752440869808197,1
molecola_11267,18,0,18,0.22387321293354034,0
molecola_11267,19,0,19,0.8330376744270325,1
molecola_11267,20,0,20,0.5356899499893188,1
molecola_11267,21,0,21,0.7404432892799377,1
molecola_11267,22,0,22,0.15612418949604034,0
molecola_11267,23,0,23,0.003372184932231903,0
molecola_11267,24,0,24,0.004516714718192816,0
molecola_11267,25,0,25,0.01016434095799923,0
molecola_11267,26,0,26,0.0022862299811095,0
molecola_11267,27,0,27,0.0005300417542457581,0
molecola_11267,28,0,28,0.001993134617805481,0
molecola_11267,29,0,29,0.28905999660491943,0
molecola_11267,30,0,30,0.021180327981710434,0
molecola_11410,1,0,1,0.9165086150169373,1
molecola_11410,2,0,2,0.04604998975992203,0
molecola_11410,3,0,3,0.04499143362045288,0
molecola_11410,4,0,4,0.2786361873149872,0
molecola_11410,5,0,5,0.1461920440196991,0
molecola_11410,6,1,6,0.98641437292099,1
molecola_11410,7,0,7,0.16746246814727783,0
molecola_11410,8,0,8,0.025019029155373573,0
molecola_11410,9,0,9,0.07916834205389023,0
molecola_11410,10,0,10,0.043809257447719574,0
molecola_11410,11,0,11,0.015346798114478588,0
molecola_11410,12,0,12,0.0009929502848535776,0
molecola_11410,13,0,13,0.0004331421514507383,0
molecola_11410,14,0,14,0.0003346590092405677,0
molecola_11410,15,0,15,0.00039089962956495583,0
molecola_11410,16,0,16,0.006898724008351564,0
molecola_11410,17,0,17,0.015893669798970222,0
molecola_11410,18,0,18,0.006898724008351564,0
molecola_11410,19,0,19,0.00033465930027887225,0
molecola_11410,20,0,20,0.00039089962956495583,0
molecola_11484,1,1,1,0.9165717959403992,1
molecola_11484,2,0,2,0.10756996273994446,0
molecola_11484,3,0,3,0.007475767284631729,0
molecola_11484,4,0,4,0.02692623808979988,0
molecola_11484,5,0,5,0.009378602728247643,0
molecola_11484,6,0,6,0.010372556746006012,0
molecola_11484,7,0,7,0.011537150479853153,0
molecola_11484,8,0,8,0.1813366562128067,0
molecola_11484,9,0,9,0.03927484154701233,0
molecola_11484,10,0,10,0.2711264491081238,0
molecola_11484,11,0,11,0.1695062220096588,0
molecola_11484,12,0,12,0.11909700185060501,0
molecola_11484,13,0,13,0.1695062220096588,0
molecola_11484,14,0,14,0.2711264491081238,0
molecola_11500,1,1,1,0.980603039264679,1
molecola_11500,2,1,2,0.981071412563324,1
molecola_11500,3,0,3,0.028016258031129837,0
molecola_11500,4,0,4,0.007036146707832813,0
molecola_11500,5,0,5,0.005381355527788401,0
molecola_11500,6,0,6,0.004554883576929569,0
molecola_11500,7,0,7,0.0015358823584392667,0
molecola_11500,8,0,8,0.03884018957614899,0
molecola_11500,9,0,9,0.0009397088433615863,0
molecola_11500,10,0,10,0.0010757256532087922,0
molecola_11500,11,0,11,0.0025734505616128445,0
molecola_11500,12,0,12,0.04069458320736885,0
molecola_11500,13,0,13,0.05926453694701195,0
molecola_11500,14,0,14,0.015847375616431236,0
molecola_11500,15,0,15,0.00046971492702141404,0
molecola_11500,16,0,16,0.0003760686668101698,0
molecola_11500,17,0,17,0.0011915982468053699,0
molecola_11500,18,0,18,0.0005715498700737953,0
molecola_11500,19,0,19,0.0010571349412202835,0
molecola_11500,20,0,20,0.00024173934070859104,0
molecola_11500,21,0,21,0.003922808915376663,0
molecola_11500,22,0,22,0.002763019874691963,0
molecola_11500,23,0,23,0.0024158970918506384,0
molecola_11500,24,0,24,0.007216057274490595,0
molecola_1176,1,1,1,0.974820613861084,1
molecola_1176,2,0,2,0.19726170599460602,0
molecola_1176,3,0,3,0.11541888862848282,0
molecola_1176,4,0,4,0.005099871661514044,0
molecola_1176,5,0,5,0.0006781824049539864,0
molecola_1176,6,0,6,0.0019746208563447,0
molecola_1176,7,0,7,0.0005109711783006787,0
molecola_1176,8,0,8,0.0063504865393042564,0
molecola_1176,9,0,9,0.0019264386501163244,0
molecola_1176,10,0,10,0.12666255235671997,0
molecola_1176,11,0,11,0.027477767318487167,0
molecola_11894,1,0,1,0.13059395551681519,0
molecola_11894,2,0,2,0.023397641256451607,0
molecola_11894,3,1,3,0.3721792995929718,0
molecola_11894,4,0,4,0.007827474735677242,0
molecola_11894,5,0,5,0.014693157747387886,0
molecola_11894,6,0,6,0.014693157747387886,0
molecola_11894,7,0,7,0.05089256539940834,0
molecola_11894,8,0,8,0.09587448090314865,0
molecola_11894,9,1,9,0.8837273716926575,1
molecola_11894,10,1,10,0.8392670750617981,1
molecola_11894,11,0,11,0.0010113255120813847,0
molecola_11894,12,0,12,0.00173728889785707,0
molecola_11894,13,0,13,0.0032214170787483454,0
molecola_11894,14,0,14,0.006780480965971947,0
molecola_11894,15,0,15,0.001041528768837452,0
molecola_11894,16,0,16,0.0002262755442643538,0
molecola_11894,17,0,17,0.0004693837254308164,0
molecola_11943,1,1,1,0.9354215860366821,1
molecola_11943,2,1,2,0.9363659024238586,1
molecola_11943,3,0,3,0.766514003276825,1
molecola_11943,4,0,4,0.797343909740448,1
molecola_11943,5,0,5,0.028621990233659744,0
molecola_11943,6,0,6,0.10841217637062073,0
molecola_11943,7,0,7,0.1968410611152649,0
molecola_11943,8,0,8,0.30534788966178894,0
molecola_11943,9,0,9,0.029993386939167976,0
molecola_11943,10,0,10,0.12452531605958939,0
molecola_11943,11,0,11,0.1465074121952057,0
molecola_11943,12,0,12,0.23475658893585205,0
molecola_11943,13,0,13,0.05767803266644478,0
molecola_11943,14,0,14,0.0041984147392213345,0
molecola_11943,15,0,15,0.7628228068351746,1
molecola_11943,16,0,16,0.01728077232837677,0
molecola_11943,17,0,17,0.0005696722073480487,0
molecola_11943,18,0,18,0.0003459815343376249,0
molecola_11943,19,0,19,0.0004980528610758483,0
molecola_11943,20,0,20,0.0003459815343376249,0
molecola_11943,21,0,21,0.0005696722073480487,0
molecola_11943,22,0,22,0.00041784619679674506,0
molecola_11943,23,0,23,0.00032736791763454676,0
molecola_11943,24,0,24,0.00041401723865419626,0
molecola_11943,25,0,25,0.00026480579981580377,0
molecola_11943,26,0,26,0.0013304061722010374,0
molecola_11943,27,0,27,0.02048051916062832,0
molecola_11943,28,0,28,0.059933267533779144,0
molecola_11943,29,0,29,0.02048051916062832,0
molecola_11943,30,0,30,0.0013304061722010374,0
molecola_11943,31,0,31,0.00026480579981580377,0
molecola_11943,32,0,32,0.0013304061722010374,0
molecola_11943,33,0,33,0.02048051916062832,0
molecola_11943,34,0,34,0.059933267533779144,0
molecola_11943,35,0,35,0.02048051916062832,0
molecola_11943,36,0,36,0.0013304061722010374,0
molecola_11978,1,0,1,0.004542835056781769,0
molecola_11978,2,0,2,0.001987309893593192,0
molecola_11978,3,0,3,0.028333190828561783,0
molecola_11978,4,0,4,0.011844907887279987,0
molecola_11978,5,0,5,0.014308239333331585,0
molecola_11978,6,0,6,0.00035956245847046375,0
molecola_11978,7,0,7,0.0007167338626459241,0
molecola_11978,8,0,8,0.0004204777942504734,0
molecola_11978,9,0,9,0.000545615388546139,0
molecola_11978,10,0,10,0.0007577527430839837,0
molecola_11978,11,0,11,0.00273063569329679,0
molecola_11978,12,0,12,0.0024269556161016226,0
molecola_11978,13,0,13,0.001719675143249333,0
molecola_11978,14,0,14,0.0005548375775106251,0
molecola_11978,15,0,15,0.0013398347655311227,0
molecola_11978,16,0,16,0.001375418622046709,0
molecola_11978,17,0,17,0.0007168134325183928,0
molecola_11978,18,0,18,0.0004862660716753453,0
molecola_11978,19,0,19,0.0016674004727974534,0
molecola_11978,20,0,20,0.0004862660716753453,0
molecola_11978,21,0,21,0.0007168134325183928,0
molecola_11978,22,0,22,0.09741991013288498,0
molecola_11978,23,0,23,0.015665913000702858,0
molecola_11978,24,0,24,0.1645631194114685,0
molecola_11978,25,0,25,0.07464141398668289,0
molecola_11978,26,0,26,0.10173569619655609,0
molecola_11978,27,0,27,0.02799217402935028,0
molecola_11978,28,1,28,0.990068256855011,1
molecola_11978,29,0,29,0.0005025376449339092,0
molecola_11987,1,0,1,0.9321580529212952,1
molecola_11987,2,1,2,0.9820851683616638,1
molecola_11987,3,1,3,0.9675045609474182,1
molecola_11987,4,0,4,0.8434969782829285,1
molecola_11987,5,0,5,0.14490890502929688,0
molecola_11987,6,0,6,0.0006051438394933939,0
molecola_11987,7,0,7,0.0005542424041777849,0
molecola_11987,8,0,8,0.0004330207593739033,0
molecola_11987,9,0,9,0.0027859359979629517,0
molecola_11987,10,0,10,0.022783629596233368,0
molecola_11987,11,0,11,0.023067263886332512,0
molecola_11987,12,0,12,0.023331262171268463,0
molecola_12028,1,0,1,0.21513620018959045,0
molecola_12028,2,0,2,0.036276042461395264,0
molecola_12028,3,0,3,0.1311236470937729,0
molecola_12028,4,0,4,0.07783222943544388,0
molecola_12028,5,0,5,0.09272024035453796,0
molecola_12028,6,0,6,0.05474397912621498,0
molecola_12028,7,0,7,0.11283300071954727,0
molecola_12028,8,0,8,0.14493972063064575,0
molecola_12028,9,0,9,0.23536859452724457,0
molecola_12028,10,0,10,0.1448669284582138,0
molecola_12028,11,0,11,0.29158154129981995,0
molecola_12028,12,0,12,0.1767798364162445,0
molecola_12028,13,1,13,0.9905216693878174,1
molecola_12028,14,0,14,0.00382897537201643,0
molecola_12028,15,0,15,0.023821191862225533,0
molecola_12028,16,0,16,0.014831481501460075,0
molecola_12028,17,0,17,0.01180731039494276,0
molecola_12028,18,0,18,0.003731262870132923,0
molecola_12028,19,0,19,0.0019913625437766314,0
molecola_12028,20,0,20,0.004902868997305632,0
molecola_12165,1,0,1,0.0006141065969131887,0
molecola_12165,2,0,2,0.0009411137434653938,0
molecola_12165,3,0,3,0.01688769832253456,0
molecola_12165,4,0,4,0.15420785546302795,0
molecola_12165,5,0,5,0.1479874700307846,0
molecola_12165,6,0,6,0.29695767164230347,0
molecola_12165,7,0,7,0.12237230688333511,0
molecola_12165,8,1,8,0.9806674718856812,1
molecola_12165,9,1,9,0.9808657169342041,1
molecola_12165,10,0,10,0.004685468040406704,0
molecola_12165,11,0,11,0.056464698165655136,0
molecola_12165,12,0,12,0.060651395469903946,0
molecola_12165,13,0,13,0.06338662654161453,0
molecola_12165,14,0,14,0.060651395469903946,0
molecola_12165,15,0,15,0.056464698165655136,0
molecola_12275,1,0,1,0.8993431329727173,1
molecola_12275,2,0,2,0.9876757860183716,1
molecola_12275,3,0,3,0.8993431329727173,1
molecola_12275,4,0,4,0.9037236571311951,1
molecola_12275,5,0,5,0.009353981353342533,0
molecola_12275,6,0,6,0.15864133834838867,0
molecola_12275,7,1,7,0.9738146662712097,1
molecola_12275,8,0,8,0.23327118158340454,0
molecola_12275,9,1,9,0.9908339381217957,1
molecola_12275,10,0,10,0.6642172336578369,1
molecola_12275,11,0,11,0.00850584451109171,0
molecola_12275,12,0,12,0.0087810717523098,0
molecola_12275,13,0,13,0.06684184074401855,0
molecola_12275,14,0,14,0.10950829833745956,0
molecola_12275,15,0,15,0.29400983452796936,0
molecola_12275,16,0,16,0.02056494913995266,0
molecola_12275,17,0,17,0.5099318623542786,1
molecola_12275,18,0,18,0.5410124063491821,1
molecola_12275,19,0,19,0.6111567616462708,1
molecola_12275,20,0,20,0.05766020715236664,0
molecola_12275,21,0,21,0.0024452749639749527,0
molecola_12275,22,0,22,0.6641533970832825,1
molecola_12275,23,0,23,0.24651721119880676,0
molecola_12275,24,0,24,0.9908170700073242,1
molecola_12275,25,0,25,0.2937743067741394,0
molecola_12275,26,0,26,0.9908254742622375,1
molecola_12275,27,0,27,0.39568620920181274,0
molecola_12275,28,0,28,0.8847053647041321,1
molecola_12275,29,0,29,0.7511562705039978,1
molecola_12275,30,0,30,0.7511562705039978,1
molecola_1230,1,0,1,0.0005596138071268797,0
molecola_1230,2,0,2,0.007670500781387091,0
molecola_1230,3,0,3,0.0005596138071268797,0
molecola_1230,4,0,4,0.0007604857673868537,0
molecola_1230,5,0,5,0.0016847566002979875,0
molecola_1230,6,0,6,0.00248734001070261,0
molecola_1230,7,0,7,0.14039456844329834,0
molecola_1230,8,0,8,0.0012655333848670125,0
molecola_1230,9,0,9,0.029202241450548172,0
molecola_1230,10,0,10,0.021013088524341583,0
molecola_1230,11,0,11,0.05502000078558922,0
molecola_1230,12,0,12,0.02162642404437065,0
molecola_1230,13,0,13,0.7819933295249939,1
molecola_1230,14,0,14,0.07460235804319382,0
molecola_1230,15,1,15,0.9924403429031372,1
molecola_1230,16,0,16,0.7819933295249939,1
molecola_1230,17,0,17,0.02162642404437065,0
molecola_1230,18,0,18,0.0024824030697345734,0
molecola_1230,19,0,19,0.003017476061359048,0
molecola_1230,20,0,20,0.02552924118936062,0
molecola_1230,21,0,21,0.0522695928812027,0
molecola_1230,22,0,22,0.019635336473584175,0
molecola_1230,23,0,23,0.0006917270366102457,0
molecola_1230,24,0,24,0.0004134575719945133,0
molecola_12340,1,0,1,0.006384629290550947,0
molecola_12340,2,0,2,0.0009303559781983495,0
molecola_12340,3,0,3,0.0012959623709321022,0
molecola_12340,4,0,4,0.0005043660057708621,0
molecola_12340,5,0,5,0.00045941321877762675,0
molecola_12340,6,0,6,0.0006538009038195014,0
molecola_12340,7,0,7,0.0006756067741662264,0
molecola_12340,8,0,8,0.0008446958963759243,0
molecola_12340,9,0,9,0.0015854405937716365,0
molecola_12340,10,0,10,0.0014549187617376447,0
molecola_12340,11,0,11,0.0005524238804355264,0
molecola_12340,12,0,12,0.003415817627683282,0
molecola_12340,13,0,13,0.605018675327301,1
molecola_12340,14,1,14,0.951374888420105,1
molecola_12340,15,1,15,0.7965468168258667,1
molecola_12340,16,1,16,0.8809596300125122,1
molecola_12340,17,0,17,0.4359065294265747,0
molecola_12340,18,1,18,0.9912154674530029,1
molecola_12340,19,0,19,0.9121284484863281,1
molecola_12340,20,1,20,0.9121284484863281,1
molecola_12340,21,0,21,0.009072039276361465,0
molecola_12340,22,0,22,0.0620417557656765,0
molecola_12340,23,0,23,0.12546633183956146,0
molecola_12340,24,0,24,0.17365847527980804,0
molecola_12340,25,0,25,0.018057411536574364,0
molecola_12340,26,0,26,0.023411445319652557,0
molecola_12369,1,0,1,0.0009817483369261026,0
molecola_12369,2,0,2,0.00039913170621730387,0
molecola_12369,3,0,3,0.0006048339419066906,0
molecola_12369,4,0,4,0.0004558576620183885,0
molecola_12369,5,0,5,0.0004558576620183885,0
molecola_12369,6,0,6,0.00035581630072556436,0
molecola_12369,7,0,7,0.002056597266346216,0
molecola_12369,8,0,8,0.10994746536016464,0
molecola_12369,9,0,9,0.08990394324064255,0
molecola_12369,10,0,10,0.07396358996629715,0
molecola_12369,11,0,11,0.026534100994467735,0
molecola_12369,12,0,12,0.019863564521074295,0
molecola_12369,13,0,13,0.017203059047460556,0
molecola_12369,14,0,14,0.007576684933155775,0
molecola_12369,15,0,15,0.006205419544130564,0
molecola_12369,16,0,16,0.004789777100086212,0
molecola_12369,17,0,17,0.007153117097914219,0
molecola_12369,18,0,18,0.027004308998584747,0
molecola_12369,19,1,19,0.9515482783317566,1
molecola_12369,20,1,20,0.9581255912780762,1
molecola_12369,21,1,21,0.945385217666626,1
molecola_12369,22,1,22,0.9718038439750671,1
molecola_12369,23,0,23,0.8638940453529358,1
molecola_12369,24,0,24,0.5256838798522949,1
molecola_12369,25,0,25,0.019316885620355606,0
molecola_12369,26,0,26,0.008155801333487034,0
molecola_12445,1,0,1,0.018464913591742516,0
molecola_12445,2,0,2,0.005573835223913193,0
molecola_12445,3,0,3,0.04295313358306885,0
molecola_12445,4,0,4,0.006822225637733936,0
molecola_12445,5,0,5,0.007940378971397877,0
molecola_12445,6,0,6,0.014215487986803055,0
molecola_12445,7,0,7,0.009932484477758408,0
molecola_12445,8,0,8,0.014549930579960346,0
molecola_12445,9,0,9,0.00459526339545846,0
molecola_12445,10,0,10,0.06240009143948555,0
molecola_12445,11,0,11,0.012668993324041367,0
molecola_12445,12,0,12,0.07142800837755203,0
molecola_12445,13,0,13,0.07597420364618301,0
molecola_12445,14,0,14,0.19283144176006317,0
molecola_12445,15,0,15,0.23094823956489563,0
molecola_12445,16,0,16,0.08879009634256363,0
molecola_12445,17,0,17,0.09229128807783127,0
molecola_12445,18,1,18,0.9722269177436829,1
molecola_12445,19,0,19,0.24479052424430847,0
molecola_12445,20,0,20,0.24479052424430847,0
molecola_12445,21,1,21,0.9646092057228088,1
molecola_12497,1,1,1,0.9190540313720703,1
molecola_12497,2,0,2,0.03025772050023079,0
molecola_12497,3,0,3,0.025286518037319183,0
molecola_12497,4,0,4,0.037063147872686386,0
molecola_12497,5,0,5,0.2187926173210144,0
molecola_12497,6,0,6,0.04070936515927315,0
molecola_12497,7,0,7,0.015701541677117348,0
molecola_12497,8,0,8,0.013575686141848564,0
molecola_12497,9,0,9,0.0015018092235550284,0
molecola_12497,10,0,10,0.000984549056738615,0
molecola_12497,11,0,11,0.000984549056738615,0
molecola_12497,12,0,12,0.000984549056738615,0
molecola_12497,13,0,13,0.04082617163658142,0
molecola_12497,14,0,14,0.05140401050448418,0
molecola_12497,15,0,15,0.02509208209812641,0
molecola_12664,1,0,1,0.008717088960111141,0
molecola_12664,2,0,2,0.002531184582039714,0
molecola_12664,3,0,3,0.002550646662712097,0
molecola_12664,4,0,4,0.001081640599295497,0
molecola_12664,5,0,5,0.0011844339314848185,0
molecola_12664,6,0,6,0.0027772127650678158,0
molecola_12664,7,0,7,0.0027584144845604897,0
molecola_12664,8,0,8,0.706307053565979,1
molecola_12664,9,0,9,0.006672078277915716,0
molecola_12664,10,0,10,0.005303750745952129,0
molecola_12664,11,0,11,0.0026460825465619564,0
molecola_12664,12,0,12,0.007952979765832424,0
molecola_12664,13,0,13,0.005019882693886757,0
molecola_12664,14,0,14,0.002043456071987748,0
molecola_12664,15,0,15,0.0007355384295806289,0
molecola_12664,16,0,16,0.0007944022072479129,0
molecola_12664,17,0,17,0.17389929294586182,0
molecola_12664,18,0,18,0.0009721075766719878,0
molecola_12664,19,0,19,0.0032785048242658377,0
molecola_12664,20,0,20,0.053376927971839905,0
molecola_12664,21,0,21,0.17246267199516296,0
molecola_12664,22,0,22,0.2634471356868744,0
molecola_12664,23,0,23,0.17246267199516296,0
molecola_12664,24,0,24,0.053376927971839905,0
molecola_12664,25,0,25,0.0015960034215822816,0
molecola_12664,26,0,26,0.00173317885491997,0
molecola_12664,27,0,27,0.0067932032980024815,0
molecola_12664,28,0,28,0.009881675243377686,0
molecola_12664,29,0,29,0.00985310785472393,0
molecola_12664,30,1,30,0.9797616004943848,1
molecola_12664,31,1,31,0.9826751947402954,1
molecola_12664,32,0,32,0.0006215634057298303,0
molecola_12664,33,0,33,0.0008206175989471376,0
molecola_12664,34,0,34,0.0003922851465176791,0
molecola_12763,1,0,1,0.3980022072792053,0
molecola_12763,2,0,2,0.8751994967460632,1
molecola_12763,3,0,3,0.12538370490074158,0
molecola_12763,4,0,4,0.0028419094160199165,0
molecola_12763,5,0,5,0.00046177374315448105,0
molecola_12763,6,0,6,0.00044175752555020154,0
molecola_12763,7,0,7,0.00033995567355304956,0
molecola_12763,8,0,8,0.0018794896313920617,0
molecola_12763,9,0,9,0.03279309719800949,0
molecola_12763,10,0,10,0.016933349892497063,0
molecola_12763,11,0,11,0.5355159640312195,1
molecola_12763,12,0,12,0.19153863191604614,0
molecola_12763,13,0,13,0.05175158753991127,0
molecola_12763,14,1,14,0.9815110564231873,1
molecola_12763,15,0,15,0.028119320049881935,0
molecola_12763,16,0,16,0.0011293304851278663,0
molecola_12763,17,0,17,0.03426597639918327,0
molecola_12763,18,0,18,0.00044175752555020154,0
molecola_12763,19,0,19,0.00033995567355304956,0
molecola_12763,20,0,20,0.00046177374315448105,0
molecola_12763,21,1,21,0.9855210185050964,1
molecola_12763,22,0,22,0.9169286489486694,1
molecola_12763,23,1,23,0.9169286489486694,1
molecola_12824,1,0,1,0.007064731791615486,0
molecola_12824,2,0,2,0.04845838248729706,0
molecola_12824,3,0,3,0.007064731791615486,0
molecola_12824,4,0,4,0.011272677220404148,0
molecola_12824,5,0,5,0.020176511257886887,0
molecola_12824,6,0,6,0.001021382980979979,0
molecola_12824,7,0,7,0.020843712612986565,0
molecola_12824,8,0,8,0.011568406596779823,0
molecola_12824,9,0,9,0.007438106928020716,0
molecola_12824,10,0,10,0.004645032808184624,0
molecola_12824,11,0,11,0.005279001779854298,0
molecola_12824,12,0,12,0.0017813778249546885,0
molecola_12824,13,0,13,0.0007025700178928673,0
molecola_12824,14,0,14,0.005279001779854298,0
molecola_12824,15,0,15,0.004645032808184624,0
molecola_12824,16,0,16,0.14770177006721497,0
molecola_12824,17,0,17,0.3752451241016388,0
molecola_12824,18,0,18,0.5455389022827148,1
molecola_12824,19,0,19,0.9259063601493835,1
molecola_12824,20,0,20,0.9565103054046631,1
molecola_12824,21,0,21,0.6452186107635498,1
molecola_12824,22,0,22,0.9203598499298096,1
molecola_12824,23,0,23,0.948448121547699,1
molecola_12824,24,0,24,0.7201501727104187,1
molecola_12824,25,1,25,0.9805431962013245,1
molecola_12824,26,0,26,0.8940550088882446,1
molecola_12824,27,1,27,0.8940550088882446,1
molecola_12824,28,0,28,0.0009993802523240447,0
molecola_12824,29,0,29,0.0004714537935797125,0
molecola_12824,30,0,30,0.0012850319035351276,0
molecola_12824,31,0,31,0.0003826142055913806,0
molecola_12824,32,0,32,0.0003826142055913806,0
molecola_12824,33,0,33,0.00035562875564210117,0
molecola_12857,1,1,1,0.9787695407867432,1
molecola_12857,2,0,2,0.17140327394008636,0
molecola_12857,3,0,3,0.1853659749031067,0
molecola_12857,4,0,4,0.024650974199175835,0
molecola_12857,5,0,5,0.021673940122127533,0
molecola_12857,6,0,6,0.005396747495979071,0
molecola_12857,7,0,7,0.010719086043536663,0
molecola_12857,8,0,8,0.16338291764259338,0
molecola_12857,9,0,9,0.17140327394008636,0
molecola_12857,10,0,10,0.9787695407867432,1
molecola_12857,11,0,11,0.1853659749031067,0
molecola_12857,12,0,12,0.024650974199175835,0
molecola_12857,13,0,13,0.021673934534192085,0
molecola_12857,14,0,14,0.005396747495979071,0
molecola_12857,15,0,15,0.010719086043536663,0
molecola_12857,16,0,16,0.16338293254375458,0
molecola_12857,17,0,17,0.06180335581302643,0
molecola_12857,18,0,18,0.06180335581302643,0
molecola_12931,1,0,1,0.0028277968522161245,0
molecola_12931,2,0,2,0.008249293081462383,0
molecola_12931,3,0,3,0.0028277968522161245,0
molecola_12931,4,0,4,0.3353133797645569,0
molecola_12931,5,0,5,0.019550427794456482,0
molecola_12931,6,0,6,0.006536384578794241,0
molecola_12931,7,0,7,0.029784122481942177,0
molecola_12931,8,0,8,0.006158978212624788,0
molecola_12931,9,0,9,0.3252553939819336,0
molecola_12931,10,1,10,0.9585376977920532,1
molecola_12931,11,1,11,0.9563180804252625,1
molecola_1302,1,0,1,0.005124776624143124,0
molecola_1302,2,0,2,0.0020532794296741486,0
molecola_1302,3,0,3,0.0013617234071716666,0
molecola_1302,4,0,4,0.0005146960611455142,0
molecola_1302,5,0,5,0.0004128014261368662,0
molecola_1302,6,0,6,0.0010748857166618109,0
molecola_1302,7,0,7,0.03130783140659332,0
molecola_1302,8,1,8,0.9929919242858887,1
molecola_1302,9,0,9,0.9592059254646301,1
molecola_1302,10,1,10,0.9592059254646301,1
molecola_1302,11,0,11,0.0015375049551948905,0
molecola_1302,12,0,12,0.00039625284262001514,0
molecola_1302,13,0,13,0.00039625284262001514,0
molecola_1302,14,0,14,0.005417564883828163,0
molecola_1302,15,0,15,0.0004081030492670834,0
molecola_1302,16,0,16,0.0006974688731133938,0
molecola_1302,17,0,17,0.000383011472877115,0
molecola_1302,18,0,18,0.0013267643516883254,0
molecola_1302,19,0,19,0.00948883593082428,0
molecola_1302,20,0,20,0.012590769678354263,0
molecola_1302,21,0,21,0.07487998157739639,0
molecola_1302,22,0,22,0.01986454799771309,0
molecola_1302,23,0,23,0.017473476007580757,0
molecola_1302,24,0,24,0.014711068011820316,0
molecola_1302,25,0,25,0.002782054478302598,0
molecola_1302,26,0,26,0.0007302489830181003,0
molecola_1302,27,0,27,0.009558212012052536,0
molecola_1302,28,0,28,0.002788450103253126,0
molecola_1302,29,0,29,0.017416074872016907,0
molecola_1302,30,0,30,0.00948883593082428,0
molecola_1302,31,0,31,0.0013267643516883254,0
molecola_13387,1,0,1,0.01082057598978281,0
molecola_13387,2,0,2,0.004288032650947571,0
molecola_13387,3,0,3,0.004012592602521181,0
molecola_13387,4,0,4,0.10173709690570831,0
molecola_13387,5,0,5,0.0670962855219841,0
molecola_13387,6,0,6,0.7830164432525635,1
molecola_13387,7,0,7,0.9411318898200989,1
molecola_13387,8,0,8,0.7190077304840088,1
molecola_13387,9,0,9,0.8653436303138733,1
molecola_13387,10,1,10,0.8835566639900208,1
molecola_13387,11,1,11,0.9813640713691711,1
molecola_13387,12,0,12,0.8990672826766968,1
molecola_13387,13,1,13,0.8990672826766968,1
molecola_13387,14,0,14,0.6421443819999695,1
molecola_13387,15,0,15,0.09077346324920654,0
molecola_13387,16,0,16,0.15461358428001404,0
molecola_13387,17,0,17,0.20660561323165894,0
molecola_13387,18,0,18,0.1024797186255455,0
molecola_13387,19,0,19,0.009191717952489853,0
molecola_13387,20,0,20,0.00418081833049655,0
molecola_13497,1,0,1,0.004523563664406538,0
molecola_13497,2,0,2,0.0011551027419045568,0
molecola_13497,3,0,3,0.004523563664406538,0
molecola_13497,4,0,4,0.2919822335243225,0
molecola_13497,5,0,5,0.18460066616535187,0
molecola_13497,6,0,6,0.36270904541015625,0
molecola_13497,7,0,7,0.002755513181909919,0
molecola_13497,8,0,8,0.017737694084644318,0
molecola_13497,9,0,9,0.0008115043165162206,0
molecola_13497,10,0,10,0.000554702477529645,0
molecola_13497,11,0,11,0.0004315586411394179,0
molecola_13497,12,0,12,0.0004763721372000873,0
molecola_13497,13,0,13,0.0006983771454542875,0
molecola_13497,14,0,14,0.0028554543387144804,0
molecola_13497,15,0,15,0.017162924632430077,0
molecola_13497,16,0,16,0.05424037575721741,0
molecola_13497,17,0,17,0.017162924632430077,0
molecola_13497,18,0,18,0.0028554543387144804,0
molecola_13497,19,0,19,0.0004924524109810591,0
molecola_13497,20,0,20,0.001217108336277306,0
molecola_13497,21,0,21,0.03756284713745117,0
molecola_13497,22,0,22,0.8751940727233887,1
molecola_13497,23,0,23,0.3979957699775696,0
molecola_13497,24,0,24,0.985521137714386,1
molecola_13497,25,0,25,0.9169288277626038,1
molecola_13497,26,0,26,0.9169288277626038,1
molecola_13497,27,0,27,0.00205937959253788,0
molecola_13497,28,0,28,0.001863165176473558,0
molecola_13497,29,0,29,0.003120256122201681,0
molecola_13497,30,0,30,0.8904351592063904,1
molecola_13497,31,1,31,0.98698490858078,1
molecola_13497,32,0,32,0.9140419363975525,1
molecola_13497,33,1,33,0.9140419363975525,1
molecola_13611,1,1,1,0.45869967341423035,0
molecola_13611,2,0,2,0.09711825847625732,0
molecola_13611,3,0,3,0.005472115240991116,0
molecola_13611,4,0,4,0.003948368597775698,0
molecola_13611,5,0,5,0.0034818670246750116,0
molecola_13611,6,0,6,0.0013100915821269155,0
molecola_13611,7,0,7,0.0002850299933925271,0
molecola_13611,8,0,8,0.0009368208702653646,0
molecola_13611,9,0,9,0.003991991747170687,0
molecola_13611,10,0,10,0.0034041295293718576,0
molecola_13611,11,0,11,0.0253759752959013,0
molecola_13611,12,0,12,0.14563478529453278,0
molecola_13611,13,0,13,0.17635725438594818,0
molecola_13611,14,0,14,0.005798893515020609,0
molecola_13611,15,0,15,0.115158312022686,0
molecola_13611,16,0,16,0.00509016215801239,0
molecola_13611,17,0,17,0.2032453715801239,0
molecola_13611,18,0,18,0.06871534883975983,0
molecola_13611,19,0,19,0.19230251014232635,0
molecola_13611,20,0,20,0.07331063598394394,0
molecola_13611,21,1,21,0.9923490285873413,1
molecola_13611,22,0,22,0.4478868842124939,0
molecola_13611,23,0,23,0.0008736681193113327,0
molecola_13611,24,0,24,0.36465194821357727,0
molecola_13611,25,1,25,0.9559998512268066,1
molecola_13611,26,1,26,0.9552444219589233,1
molecola_1365,1,0,1,0.23596668243408203,0
molecola_1365,2,0,2,0.08634382486343384,0
molecola_1365,3,0,3,0.10286436975002289,0
molecola_1365,4,0,4,0.18968604505062103,0
molecola_1365,5,1,5,0.9905217885971069,1
molecola_1365,6,0,6,0.138223335146904,0
molecola_1365,7,0,7,0.04273366928100586,0
molecola_1365,8,0,8,0.009402338415384293,0
molecola_1365,9,0,9,0.18961645662784576,0
molecola_1365,10,0,10,0.09275650978088379,0
molecola_1365,11,0,11,0.07637324929237366,0
molecola_1365,12,1,12,0.9742781519889832,1
molecola_1365,13,0,13,0.02191580832004547,0
molecola_1365,14,0,14,0.0010240273550152779,0
molecola_1365,15,0,15,0.002313127974048257,0
molecola_1365,16,0,16,0.004726087674498558,0
molecola_1365,17,0,17,0.019609147682785988,0
molecola_1365,18,0,18,0.019609147682785988,0
molecola_1365,19,0,19,0.10525631159543991,0
molecola_1365,20,1,20,0.9660204648971558,1
molecola_1365,21,0,21,0.12219909578561783,0
molecola_1365,22,0,22,0.011157158762216568,0
molecola_1365,23,0,23,0.018756620585918427,0
molecola_1365,24,0,24,0.00293718371540308,0
molecola_1365,25,0,25,0.0017690968234091997,0
molecola_1365,26,0,26,0.0011221477761864662,0
molecola_1365,27,0,27,0.0023131268098950386,0
molecola_1365,28,0,28,0.004726087674498558,0
molecola_1365,29,0,29,0.019609147682785988,0
molecola_1365,30,0,30,0.019609147682785988,0
molecola_1366,1,0,1,0.00306585431098938,0
molecola_1366,2,0,2,0.002182504627853632,0
molecola_1366,3,0,3,0.00306585431098938,0
molecola_1366,4,0,4,0.016078799962997437,0
molecola_1366,5,0,5,0.0417412668466568,0
molecola_1366,6,0,6,0.04289376363158226,0
molecola_1366,7,0,7,0.034287229180336,0
molecola_1366,8,0,8,0.0962950810790062,0
molecola_1366,9,0,9,0.010771598666906357,0
molecola_1366,10,0,10,0.03470856696367264,0
molecola_1366,11,0,11,0.05832785740494728,0
molecola_1366,12,0,12,0.002721535274758935,0
molecola_1366,13,0,13,0.020939065143465996,0
molecola_1366,14,0,14,0.020939065143465996,0
molecola_1366,15,0,15,0.002721535274758935,0
molecola_1366,16,0,16,0.05832785740494728,0
molecola_1366,17,0,17,0.00355293950997293,0
molecola_1366,18,0,18,0.0020759571343660355,0
molecola_1366,19,0,19,0.0025364223401993513,0
molecola_1366,20,0,20,0.001235709059983492,0
molecola_1366,21,0,21,0.01610923744738102,0
molecola_1366,22,0,22,0.0009582055499777198,0
molecola_1366,23,0,23,0.0008589124190621078,0
molecola_1366,24,0,24,0.00048180975136347115,0
molecola_1366,25,0,25,0.0015330782625824213,0
molecola_1366,26,0,26,0.0020546948071569204,0
molecola_1366,27,0,27,0.001584054552949965,0
molecola_1366,28,0,28,0.0003803614235948771,0
molecola_1366,29,0,29,0.0003803614235948771,0
molecola_1366,30,0,30,0.0020546948071569204,0
molecola_1366,31,0,31,0.0015330782625824213,0
molecola_1366,32,0,32,0.0005176845588721335,0
molecola_1366,33,0,33,0.0016379225999116898,0
molecola_1366,34,0,34,0.7820485830307007,1
molecola_1366,35,0,35,0.07457568496465683,0
molecola_1366,36,1,36,0.9924403429031372,1
molecola_1366,37,0,37,0.7820485830307007,1
molecola_1366,38,0,38,0.0016379225999116898,0
molecola_13660,1,0,1,0.006165315397083759,0
molecola_13660,2,0,2,0.0009152540005743504,0
molecola_13660,3,0,3,0.0041864183731377125,0
molecola_13660,4,0,4,0.0005082444404251873,0
molecola_13660,5,0,5,0.002286069095134735,0
molecola_13660,6,0,6,0.7820493578910828,1
molecola_13660,7,0,7,0.07457561790943146,0
molecola_13660,8,1,8,0.9924403429031372,1
molecola_13660,9,0,9,0.7820493578910828,1
molecola_13660,10,0,10,0.002286069095134735,0
molecola_13660,11,0,11,0.6041299700737,1
molecola_13660,12,0,12,0.001341227674856782,0
molecola_13660,13,0,13,0.0016643196577206254,0
molecola_13660,14,0,14,0.0004348851798567921,0
molecola_13660,15,0,15,0.00048825115663930774,0
molecola_13660,16,0,16,0.0032255167607218027,0
molecola_13660,17,0,17,0.005146918352693319,0
molecola_13660,18,0,18,0.01353652123361826,0
molecola_13660,19,1,19,0.9888375997543335,1
molecola_13660,20,0,20,0.00494869239628315,0
molecola_13660,21,0,21,0.0597178116440773,0
molecola_13660,22,0,22,0.006960987113416195,0
molecola_13660,23,0,23,0.10718799382448196,0
molecola_13660,24,0,24,0.0012863329611718655,0
molecola_13674,1,0,1,0.00782490149140358,0
molecola_13674,2,0,2,0.034771133214235306,0
molecola_13674,3,0,3,0.4043436050415039,0
molecola_13674,4,0,4,0.7973927855491638,1
molecola_13674,5,0,5,0.5444153547286987,1
molecola_13674,6,0,6,0.00984127540141344,0
molecola_13674,7,0,7,0.020947614684700966,0
molecola_13674,8,0,8,0.07648658007383347,0
molecola_13674,9,0,9,0.08767541497945786,0
molecola_13674,10,1,10,0.9855685830116272,1
molecola_13674,11,0,11,0.033417753875255585,0
molecola_13674,12,0,12,0.10537645220756531,0
molecola_13674,13,0,13,0.14203473925590515,0
molecola_13674,14,0,14,0.24100197851657867,0
molecola_13674,15,0,15,0.011951803229749203,0
molecola_13674,16,0,16,0.008849923498928547,0
molecola_14022,1,0,1,0.008833492174744606,0
molecola_14022,2,0,2,0.00256551057100296,0
molecola_14022,3,0,3,0.0029111108742654324,0
molecola_14022,4,0,4,0.0017220309237018228,0
molecola_14022,5,0,5,0.0041579375974833965,0
molecola_14022,6,0,6,0.010639297775924206,0
molecola_14022,7,0,7,0.0009286188869737089,0
molecola_14022,8,0,8,0.001555903349071741,0
molecola_14022,9,0,9,0.0009847531327977777,0
molecola_14022,10,0,10,0.8764441013336182,1
molecola_14022,11,1,11,0.9460145235061646,1
molecola_14022,12,1,12,0.9745535254478455,1
molecola_14022,13,0,13,0.8794693946838379,1
molecola_14022,14,0,14,0.01590653322637081,0
molecola_14022,15,0,15,0.004505874589085579,0
molecola_14022,16,0,16,0.0014381305081769824,0
molecola_14022,17,0,17,0.14484849572181702,0
molecola_14022,18,0,18,0.15495185554027557,0
molecola_14022,19,0,19,0.29495325684547424,0
molecola_14022,20,0,20,0.4137847125530243,0
molecola_14022,21,0,21,0.1606256663799286,0
molecola_14022,22,0,22,0.20333246886730194,0
molecola_14022,23,0,23,0.26883140206336975,0
molecola_14022,24,0,24,0.15495185554027557,0
molecola_14022,25,0,25,0.29495325684547424,0
molecola_14022,26,0,26,0.4137846827507019,0
molecola_14022,27,0,27,0.14484846591949463,0
molecola_1416,1,1,1,0.9924403429031372,1
molecola_1416,2,0,2,0.07406097650527954,0
molecola_1416,3,0,3,0.7821337580680847,1
molecola_1416,4,0,4,0.042450759559869766,0
molecola_1416,5,0,5,0.01663438230752945,0
molecola_1416,6,0,6,0.005867254454642534,0
molecola_1416,7,0,7,0.004300067666918039,0
molecola_1416,8,0,8,0.00047584681306034327,0
molecola_1416,9,0,9,0.0005508680478669703,0
molecola_1416,10,0,10,0.0004060043429490179,0
molecola_1416,11,0,11,0.00033189254463650286,0
molecola_1416,12,0,12,0.0009047734783962369,0
molecola_1416,13,0,13,0.0008487954619340599,0
molecola_1416,14,0,14,0.0004997243522666395,0
molecola_1416,15,0,15,0.0007704389281570911,0
molecola_1416,16,0,16,0.00041443383088335395,0
molecola_1416,17,0,17,0.008148602209985256,0
molecola_1416,18,0,18,0.011223051697015762,0
molecola_1416,19,0,19,0.08868206292390823,0
molecola_1416,20,0,20,0.011223051697015762,0
molecola_1416,21,0,21,0.008148602209985256,0
molecola_1416,22,0,22,0.0004060043429490179,0
molecola_1416,23,0,23,0.0005508680478669703,0
molecola_1416,24,0,24,0.042450759559869766,0
molecola_1416,25,0,25,0.7821337580680847,1
molecola_14380,1,0,1,0.7132554054260254,1
molecola_14380,2,0,2,0.8938471674919128,1
molecola_14380,3,0,3,0.6201385259628296,1
molecola_14380,4,0,4,0.018530093133449554,0
molecola_14380,5,0,5,0.005717429798096418,0
molecola_14380,6,0,6,0.027150331065058708,0
molecola_14380,7,0,7,0.07366133481264114,0
molecola_14380,8,0,8,0.06410116702318192,0
molecola_14380,9,0,9,0.04407691955566406,0
molecola_14380,10,0,10,0.034466393291950226,0
molecola_14380,11,0,11,0.03344619646668434,0
molecola_14380,12,0,12,0.03092019446194172,0
molecola_14380,13,0,13,0.11536689847707748,0
molecola_14380,14,0,14,0.2142680585384369,0
molecola_14380,15,1,15,0.9745791554450989,1
molecola_14380,16,0,16,0.2171013057231903,0
molecola_14380,17,0,17,0.521420419216156,1
molecola_14380,18,0,18,0.03128853067755699,0
molecola_14380,19,0,19,0.09293734282255173,0
molecola_14380,20,1,20,0.9889401793479919,1
molecola_14380,21,0,21,0.9069843888282776,1
molecola_14380,22,1,22,0.9069843888282776,1
molecola_14583,1,0,1,0.9799734354019165,1
molecola_14583,2,0,2,0.9784291386604309,1
molecola_14583,3,0,3,0.02036793902516365,0
molecola_14583,4,0,4,0.003584137186408043,0
molecola_14583,5,0,5,0.023082081228494644,0
molecola_14583,6,0,6,0.035197168588638306,0
molecola_14583,7,0,7,0.1442902833223343,0
molecola_14583,8,0,8,0.05013535916805267,0
molecola_14583,9,1,9,0.9756653904914856,1
molecola_14583,10,0,10,0.924980878829956,1
molecola_14583,11,0,11,0.953281581401825,1
molecola_14583,12,0,12,0.40282300114631653,0
molecola_14583,13,0,13,0.5503541231155396,1
molecola_14583,14,0,14,0.0008134402451105416,0
molecola_14583,15,0,15,0.002011870499700308,0
molecola_14583,16,0,16,0.001051940955221653,0
molecola_14583,17,0,17,0.0011034170165657997,0
molecola_14583,18,0,18,0.0014848178252577782,0
molecola_14583,19,0,19,0.002865687943994999,0
molecola_14583,20,0,20,0.043634843081235886,0
molecola_14583,21,0,21,0.002880076877772808,0
molecola_14583,22,0,22,0.0013516838662326336,0
molecola_14583,23,0,23,0.0009662524098530412,0
molecola_14583,24,0,24,0.000879226194228977,0
molecola_14583,25,0,25,0.0003712764009833336,0
molecola_14583,26,0,26,0.0015514015685766935,0
molecola_14583,27,0,27,0.017214180901646614,0
molecola_14583,28,0,28,0.05330919474363327,0
molecola_14583,29,0,29,0.017214180901646614,0
molecola_14583,30,0,30,0.0015514015685766935,0
molecola_14726,1,0,1,0.10142672806978226,0
molecola_14726,2,0,2,0.0420524924993515,0
molecola_14726,3,0,3,0.03123694844543934,0
molecola_14726,4,0,4,0.023605970665812492,0
molecola_14726,5,0,5,0.023915691301226616,0
molecola_14726,6,0,6,0.026466531679034233,0
molecola_14726,7,0,7,0.028539160266518593,0
molecola_14726,8,0,8,0.03598320856690407,0
molecola_14726,9,0,9,0.04682740941643715,0
molecola_14726,10,0,10,0.11102888733148575,0
molecola_14726,11,1,11,0.928866982460022,1
molecola_14726,12,1,12,0.9525819420814514,1
molecola_14726,13,0,13,0.5945205688476562,1
molecola_14726,14,0,14,0.08429832011461258,0
molecola_14726,15,0,15,0.0006130560650490224,0
molecola_14726,16,0,16,0.0007512118900194764,0
molecola_14726,17,0,17,0.0009728232980705798,0
molecola_14726,18,0,18,0.0006565939984284341,0
molecola_14726,19,0,19,0.00041305928607471287,0
molecola_14726,20,0,20,0.0003431699296925217,0
molecola_14726,21,0,21,0.0006643019733019173,0
molecola_14726,22,0,22,0.00035306578502058983,0
molecola_14726,23,0,23,0.000851103977765888,0
molecola_14726,24,0,24,0.000851103977765888,0
molecola_14726,25,0,25,0.0008760697091929615,0
molecola_14726,26,0,26,0.0030007699970155954,0
molecola_14726,27,0,27,0.015803959220647812,0
molecola_14726,28,0,28,0.0312405563890934,0
molecola_14726,29,0,29,0.042052485048770905,0
molecola_14726,30,0,30,0.10142669081687927,0
molecola_14726,31,0,31,0.03597328066825867,0
molecola_14726,32,0,32,0.04682723805308342,0
molecola_14726,33,0,33,0.11102879047393799,0
molecola_14726,34,0,34,0.003112116362899542,0
molecola_14802,1,1,1,0.9617652893066406,1
molecola_14802,2,1,2,0.9243420362472534,1
molecola_14802,3,1,3,0.8781458139419556,1
molecola_14802,4,0,4,0.6235284209251404,1
molecola_14802,5,0,5,0.02036105841398239,0
molecola_14802,6,0,6,0.1820593625307083,0
molecola_14802,7,0,7,0.014209930785000324,0
molecola_14802,8,0,8,0.008807957172393799,0
molecola_14802,9,0,9,0.005591735243797302,0
molecola_14802,10,0,10,0.005387170240283012,0
molecola_14802,11,0,11,0.004857880994677544,0
molecola_14802,12,0,12,0.028934156522154808,0
molecola_14802,13,0,13,0.021633189171552658,0
molecola_14802,14,0,14,0.02893737144768238,0
molecola_14802,15,0,15,0.004748754668980837,0
molecola_14802,16,0,16,0.004230524878948927,0
molecola_14802,17,0,17,0.00481601944193244,0
molecola_14802,18,0,18,0.003059990704059601,0
molecola_14802,19,0,19,0.0059854318387806416,0
molecola_14802,20,0,20,0.006213915068656206,0
molecola_14802,21,1,21,0.639883816242218,1
molecola_14802,22,1,22,0.6975321173667908,1
molecola_14802,23,0,23,0.630789577960968,1
molecola_14802,24,0,24,0.6114747524261475,1
molecola_14802,25,0,25,0.5013943314552307,1
molecola_14802,26,0,26,0.5958966612815857,1
molecola_14802,27,0,27,0.5898770689964294,1
molecola_14802,28,0,28,0.5670579075813293,1
molecola_14802,29,0,29,0.5921922326087952,1
molecola_14802,30,0,30,0.6172430515289307,1
molecola_14802,31,0,31,0.5859175324440002,1
molecola_14802,32,0,32,0.5234535932540894,1
molecola_14802,33,0,33,0.6094006896018982,1
molecola_14802,34,0,34,0.6094006896018982,1
molecola_14972,1,0,1,0.0017626229673624039,0
molecola_14972,2,0,2,0.0012427831534296274,0
molecola_14972,3,0,3,0.0017626229673624039,0
molecola_14972,4,1,4,0.8195585608482361,1
molecola_14972,5,0,5,0.0011232856195420027,0
molecola_14972,6,0,6,0.0005882658297196031,0
molecola_14972,7,0,7,0.0022826988715678453,0
molecola_14972,8,0,8,0.013737299479544163,0
molecola_14972,9,0,9,0.04633432999253273,0
molecola_14972,10,0,10,0.013737299479544163,0
molecola_14972,11,0,11,0.0022826988715678453,0
molecola_14979,1,1,1,0.9818817973136902,1
molecola_14979,2,1,2,0.9602854251861572,1
molecola_14979,3,0,3,0.003495745826512575,0
molecola_14979,4,0,4,0.0005126457544974983,0
molecola_14979,5,0,5,0.0005203486070968211,0
molecola_14979,6,0,6,0.002028744202107191,0
molecola_14979,7,0,7,0.0007321903249248862,0
molecola_14979,8,0,8,0.00035057272179983556,0
molecola_14979,9,0,9,0.00038725105696357787,0
molecola_14979,10,0,10,0.0002696130541153252,0
molecola_14979,11,0,11,0.0004984543775208294,0
molecola_14979,12,0,12,0.0004984543775208294,0
molecola_14979,13,0,13,0.00031577632762491703,0
molecola_14979,14,0,14,0.0011478837113827467,0
molecola_14979,15,0,15,0.019222475588321686,0
molecola_14979,16,0,16,0.22442889213562012,0
molecola_14979,17,0,17,0.17002494633197784,0
molecola_14979,18,0,18,0.09933577477931976,0
molecola_14979,19,0,19,0.02886229380965233,0
molecola_14979,20,0,20,0.02092861756682396,0
molecola_14979,21,0,21,0.023086342960596085,0
molecola_14979,22,0,22,0.0090110395103693,0
molecola_14979,23,0,23,0.00796129833906889,0
molecola_14979,24,0,24,0.0030161880422383547,0
molecola_14979,25,0,25,0.00039126689080148935,0
molecola_14979,26,0,26,0.00039126689080148935,0
molecola_14979,27,0,27,0.00039126689080148935,0
molecola_15000,1,0,1,0.006080123595893383,0
molecola_15000,2,0,2,0.0021686081308871508,0
molecola_15000,3,0,3,0.0013792561367154121,0
molecola_15000,4,0,4,0.0003201071813236922,0
molecola_15000,5,0,5,0.00040537610766477883,0
molecola_15000,6,0,6,0.0007797713042236865,0
molecola_15000,7,0,7,0.0022582749370485544,0
molecola_15000,8,0,8,0.029017653316259384,0
molecola_15000,9,0,9,0.012475639581680298,0
molecola_15000,10,0,10,0.01129524502903223,0
molecola_15000,11,0,11,0.000325117347529158,0
molecola_15000,12,0,12,0.0013892839197069407,0
molecola_15000,13,0,13,0.001951435930095613,0
molecola_15000,14,0,14,0.0060126944445073605,0
molecola_15000,15,1,15,0.8708194494247437,1
molecola_15000,16,1,16,0.9448539614677429,1
molecola_15000,17,1,17,0.9521445631980896,1
molecola_15000,18,1,18,0.8601481914520264,1
molecola_15000,19,0,19,0.8601481914520264,1
molecola_15000,20,1,20,0.9866263270378113,1
molecola_15000,21,0,21,0.9059357643127441,1
molecola_15000,22,1,22,0.9059357643127441,1
molecola_15000,23,0,23,0.000799876288510859,0
molecola_15000,24,0,24,0.0003790745686274022,0
molecola_15000,25,0,25,0.0003790745686274022,0
molecola_15000,26,0,26,0.0003790745686274022,0
molecola_15241,1,0,1,0.005250456742942333,0
molecola_15241,2,0,2,0.001146350521594286,0
molecola_15241,3,0,3,0.005250456742942333,0
molecola_15241,4,0,4,0.00137864809948951,0
molecola_15241,5,0,5,0.014762157574295998,0
molecola_15241,6,0,6,0.001250161207281053,0
molecola_15241,7,0,7,0.0010281844297423959,0
molecola_15241,8,0,8,0.0035023766104131937,0
molecola_15241,9,0,9,0.0006655221222899854,0
molecola_15241,10,0,10,0.0005548219778575003,0
molecola_15241,11,0,11,0.0007911156862974167,0
molecola_15241,12,0,12,0.003162879031151533,0
molecola_15241,13,0,13,0.0028872108086943626,0
molecola_15241,14,0,14,0.0035252338275313377,0
molecola_15241,15,0,15,0.0014461646787822247,0
molecola_15241,16,0,16,0.0019169653533026576,0
molecola_15241,17,0,17,0.0031000475864857435,0
molecola_15241,18,0,18,0.0031000475864857435,0
molecola_15241,19,0,19,0.0015085800550878048,0
molecola_15241,20,0,20,0.0013638791861012578,0
molecola_15241,21,0,21,0.007669426500797272,0
molecola_15241,22,0,22,0.2159545123577118,0
molecola_15241,23,1,23,0.6553762555122375,1
molecola_15241,24,1,24,0.9482110738754272,1
molecola_15241,25,1,25,0.9590241312980652,1
molecola_15241,26,1,26,0.9105159640312195,1
molecola_15241,27,0,27,0.7610657215118408,1
molecola_15241,28,0,28,0.004827982280403376,0
molecola_15241,29,0,29,0.0035933449398726225,0
molecola_15241,30,0,30,0.017422163859009743,0
molecola_15241,31,0,31,0.0548650324344635,0
molecola_15241,32,0,32,0.017422163859009743,0
molecola_15241,33,0,33,0.0035933449398726225,0
molecola_15241,34,0,34,0.056551557034254074,0
molecola_15241,35,0,35,0.0483756884932518,0
molecola_15241,36,0,36,0.0005105235613882542,0
molecola_15241,37,0,37,0.021993886679410934,0
molecola_15241,38,0,38,0.20010145008563995,0
molecola_15241,39,0,39,0.0529160313308239,0
molecola_15241,40,0,40,0.038247670978307724,0
molecola_15241,41,0,41,0.10213913768529892,0
molecola_15241,42,0,42,0.1506882905960083,0
molecola_15241,43,0,43,0.11653498560190201,0
molecola_15241,44,0,44,0.0008800970972515643,0
molecola_15241,45,0,45,0.0006616205209866166,0
molecola_15241,46,0,46,0.0033688917756080627,0
molecola_15241,47,0,47,0.017162924632430077,0
molecola_15241,48,0,48,0.05424037575721741,0
molecola_15241,49,0,49,0.017162924632430077,0
molecola_15241,50,0,50,0.0033688917756080627,0
molecola_15351,1,0,1,0.4097253978252411,0
molecola_15351,2,0,2,0.3159041404724121,0
molecola_15351,3,0,3,0.2608179450035095,0
molecola_15351,4,0,4,0.4494446814060211,0
molecola_15351,5,0,5,0.0985214039683342,0
molecola_15351,6,0,6,0.13752907514572144,0
molecola_15351,7,0,7,0.0325593538582325,0
molecola_15351,8,0,8,0.003182553220540285,0
molecola_15351,9,0,9,0.46174708008766174,0
molecola_15351,10,0,10,0.4060700535774231,0
molecola_15351,11,1,11,0.8555606603622437,1
molecola_15351,12,0,12,0.4060700535774231,0
molecola_15351,13,0,13,0.46174708008766174,0
molecola_15351,14,0,14,0.2700384259223938,0
molecola_15351,15,0,15,0.3470817506313324,0
molecola_15351,16,0,16,0.3792661428451538,0
molecola_15351,17,0,17,0.31766271591186523,0
molecola_15351,18,0,18,0.3435264229774475,0
molecola_15351,19,0,19,0.3694539964199066,0
molecola_1542,1,0,1,0.21513620018959045,0
molecola_1542,2,0,2,0.03627045080065727,0
molecola_1542,3,0,3,0.13113205134868622,0
molecola_1542,4,0,4,0.06809539347887039,0
molecola_1542,5,0,5,0.02276688441634178,0
molecola_1542,6,0,6,0.025260891765356064,0
molecola_1542,7,0,7,0.9177886247634888,1
molecola_1542,8,0,8,0.9447817206382751,1
molecola_1542,9,0,9,0.00415003951638937,0
molecola_1542,10,0,10,0.00048374899779446423,0
molecola_1542,11,0,11,0.0004891987191513181,0
molecola_1542,12,0,12,0.02366485260426998,0
molecola_1542,13,0,13,0.4047134816646576,0
molecola_1542,14,0,14,0.0683596134185791,0
molecola_1542,15,0,15,0.339631587266922,0
molecola_1542,16,0,16,0.48870307207107544,0
molecola_1542,17,0,17,0.5004673600196838,1
molecola_1542,18,0,18,0.46648523211479187,0
molecola_1542,19,0,19,0.3015906512737274,0
molecola_1542,20,0,20,0.09715615212917328,0
molecola_1542,21,0,21,0.13390173017978668,0
molecola_1542,22,0,22,0.14470578730106354,0
molecola_1542,23,0,23,0.16552883386611938,0
molecola_1542,24,0,24,0.12403643876314163,0
molecola_1542,25,0,25,0.019276009872555733,0
molecola_1542,26,0,26,0.2869121730327606,0
molecola_1542,27,0,27,0.1765747219324112,0
molecola_1542,28,1,28,0.9905216693878174,1
molecola_15435,1,0,1,0.025941038504242897,0
molecola_15435,2,0,2,0.14159657061100006,0
molecola_15435,3,0,3,0.0055815475061535835,0
molecola_15435,4,0,4,0.44329336285591125,0
molecola_15435,5,0,5,0.0014979986008256674,0
molecola_15435,6,0,6,0.005841292906552553,0
molecola_15435,7,0,7,0.02270575985312462,0
molecola_15435,8,0,8,0.41750869154930115,0
molecola_15435,9,0,9,0.0011994740925729275,0
molecola_15435,10,0,10,0.0004420147160999477,0
molecola_15435,11,0,11,0.0003596608294174075,0
molecola_15435,12,0,12,0.0010517776245251298,0
molecola_15435,13,0,13,0.05886344611644745,0
molecola_15435,14,0,14,0.04576374590396881,0
molecola_15435,15,0,15,0.1973031908273697,0
molecola_15435,16,0,16,0.11981765180826187,0
molecola_15435,17,1,17,0.9923490285873413,1
molecola_15435,18,0,18,0.43343305587768555,0
molecola_15534,1,0,1,0.005767545197159052,0
molecola_15534,2,0,2,0.0017657215939834714,0
molecola_15534,3,0,3,0.001820567063987255,0
molecola_15534,4,0,4,0.0007185250287875533,0
molecola_15534,5,0,5,0.0004039127961732447,0
molecola_15534,6,0,6,0.0006719178636558354,0
molecola_15534,7,0,7,0.0004039127961732447,0
molecola_15534,8,0,8,0.0007185250287875533,0
molecola_15534,9,0,9,0.0005177220446057618,0
molecola_15534,10,0,10,0.0010110711446031928,0
molecola_15534,11,0,11,0.0013667906168848276,0
molecola_15534,12,0,12,0.0058084712363779545,0
molecola_15534,13,0,13,0.1255592256784439,0
molecola_15534,14,0,14,0.01458444818854332,0
molecola_15534,15,0,15,0.0041343411430716515,0
molecola_15534,16,0,16,0.0017458460060879588,0
molecola_15534,17,0,17,0.08694791793823242,0
molecola_15534,18,0,18,0.356854110956192,0
molecola_15534,19,0,19,0.15824736654758453,0
molecola_15534,20,0,20,0.006406962405890226,0
molecola_15534,21,0,21,0.0008562285220250487,0
molecola_15534,22,0,22,0.0008642330067232251,0
molecola_15534,23,0,23,0.0007894920418038964,0
molecola_15534,24,0,24,0.023738393560051918,0
molecola_15534,25,0,25,0.0009134022984653711,0
molecola_15534,26,0,26,0.1268853396177292,0
molecola_15534,27,0,27,0.027473919093608856,0
molecola_15534,28,0,28,0.1923259198665619,0
molecola_15534,29,1,29,0.9748201370239258,1
molecola_15534,30,0,30,0.12210068106651306,0
molecola_15534,31,0,31,0.005296068731695414,0
molecola_15534,32,0,32,0.0024060625582933426,0
molecola_15534,33,0,33,0.008490748703479767,0
molecola_15534,34,0,34,0.0009397275862284005,0
molecola_15534,35,0,35,0.00040597395855002105,0
molecola_15534,36,0,36,0.0013667906168848276,0
molecola_15534,37,0,37,0.0010110711446031928,0
molecola_15568,1,1,1,0.9567540287971497,1
molecola_15568,2,1,2,0.9931334853172302,1
molecola_15568,3,1,3,0.9567540287971497,1
molecola_15568,4,0,4,0.03199130669236183,0
molecola_15568,5,0,5,0.005750072188675404,0
molecola_15568,6,0,6,0.0033674940932542086,0
molecola_15568,7,0,7,0.02763761766254902,0
molecola_15568,8,0,8,0.020706117153167725,0
molecola_15568,9,0,9,0.01194004062563181,0
molecola_15568,10,0,10,0.0011396321933716536,0
molecola_15568,11,0,11,0.00028011028189212084,0
molecola_15568,12,0,12,0.0014229605440050364,0
molecola_15568,13,0,13,0.002466487931087613,0
molecola_15736,1,0,1,0.010634033009409904,0
molecola_15736,2,0,2,0.00337218982167542,0
molecola_15736,3,0,3,0.008568779565393925,0
molecola_15736,4,0,4,0.003029116429388523,0
molecola_15736,5,0,5,0.01704804226756096,0
molecola_15736,6,0,6,0.028681540861725807,0
molecola_15736,7,1,7,0.9711551666259766,1
molecola_15736,8,1,8,0.9164108037948608,1
molecola_15736,9,1,9,0.9753708839416504,1
molecola_15736,10,0,10,0.00795093271881342,0
molecola_15736,11,0,11,0.027454962953925133,0
molecola_15736,12,0,12,0.047173984348773956,0
molecola_15736,13,0,13,0.0023325278889387846,0
molecola_15736,14,0,14,0.0023325278889387846,0
molecola_15736,15,0,15,0.0025933992583304644,0
molecola_15736,16,0,16,0.0023499787785112858,0
molecola_15824,1,0,1,0.001525328727439046,0
molecola_15824,2,0,2,0.03205939009785652,0
molecola_15824,3,1,3,0.9665906429290771,1
molecola_15824,4,1,4,0.976310133934021,1
molecola_15824,5,0,5,0.9665906429290771,1
molecola_15824,6,0,6,0.976310133934021,1
molecola_15824,7,0,7,0.644416093826294,1
molecola_15824,8,0,8,0.0009137435117736459,0
molecola_15824,9,0,9,0.0003591585555113852,0
molecola_15824,10,0,10,0.0030064661987125874,0
molecola_15824,11,0,11,0.006743539124727249,0
molecola_15824,12,0,12,0.045331135392189026,0
molecola_15824,13,0,13,0.042307522147893906,0
molecola_15824,14,0,14,0.09638354182243347,0
molecola_15824,15,0,15,0.0721212849020958,0
molecola_15824,16,0,16,0.2676287591457367,0
molecola_15824,17,0,17,0.7297585606575012,1
molecola_15824,18,0,18,0.7679479718208313,1
molecola_15824,19,0,19,0.9608785510063171,1
molecola_15824,20,0,20,0.967139482498169,1
molecola_15824,21,0,21,0.07212125509977341,0
molecola_15824,22,0,22,0.09638350456953049,0
molecola_15824,23,0,23,0.04230748116970062,0
molecola_15824,24,0,24,0.04533109441399574,0
molecola_15824,25,0,25,0.006743539124727249,0
molecola_15824,26,0,26,0.0030064648017287254,0
molecola_1598,1,1,1,0.9923490285873413,1
molecola_1598,2,0,2,0.12011997401714325,0
molecola_1598,3,0,3,0.710931122303009,1
molecola_1598,4,0,4,0.018512194976210594,0
molecola_1598,5,0,5,0.005068792030215263,0
molecola_1598,6,0,6,0.0007599677774123847,0
molecola_1598,7,0,7,0.0023017707280814648,0
molecola_1598,8,0,8,0.0015484588220715523,0
molecola_1598,9,0,9,0.0010661970591172576,0
molecola_1598,10,0,10,0.017227552831172943,0
molecola_1598,11,0,11,0.00238269055262208,0
molecola_1598,12,0,12,0.023398088291287422,0
molecola_1598,13,0,13,0.001242484780959785,0
molecola_1598,14,0,14,0.0005480112740769982,0
molecola_1598,15,0,15,0.0037863529287278652,0
molecola_1598,16,0,16,0.43326371908187866,0
molecola_16035,1,0,1,0.10942987352609634,0
molecola_16035,2,0,2,0.04175921529531479,0
molecola_16035,3,0,3,0.03702641278505325,0
molecola_16035,4,0,4,0.022430360317230225,0
molecola_16035,5,0,5,0.01043547410517931,0
molecola_16035,6,0,6,0.0046455333940684795,0
molecola_16035,7,0,7,0.017872869968414307,0
molecola_16035,8,0,8,0.05950864404439926,0
molecola_16035,9,0,9,0.6164766550064087,1
molecola_16035,10,0,10,0.8285368084907532,1
molecola_16035,11,1,11,0.9881983399391174,1
molecola_16035,12,0,12,0.9084559082984924,1
molecola_16035,13,1,13,0.9084559082984924,1
molecola_16035,14,0,14,0.021758034825325012,0
molecola_16035,15,0,15,0.035612091422080994,0
molecola_16035,16,0,16,0.047134820371866226,0
molecola_16035,17,0,17,0.10942504554986954,0
molecola_16112,1,0,1,0.13887616991996765,0
molecola_16112,2,0,2,0.1231931671500206,0
molecola_16112,3,0,3,0.07564138621091843,0
molecola_16112,4,0,4,0.2557018995285034,0
molecola_16112,5,0,5,0.2431919276714325,0
molecola_16112,6,0,6,0.004012097138911486,0
molecola_16112,7,0,7,0.28061941266059875,0
molecola_16112,8,0,8,0.3263000249862671,0
molecola_16112,9,0,9,0.2593112587928772,0
molecola_16112,10,0,10,0.22775696218013763,0
molecola_16112,11,0,11,0.27907246351242065,0
molecola_16112,12,0,12,0.268981397151947,0
molecola_16112,13,0,13,0.0025293217040598392,0
molecola_16112,14,0,14,0.03214229643344879,0
molecola_16112,15,0,15,0.803758442401886,1
molecola_16112,16,1,16,0.8541032075881958,1
molecola_16112,17,0,17,0.803758442401886,1
molecola_16112,18,0,18,0.03214229643344879,0
molecola_16112,19,1,19,0.9878709316253662,1
molecola_16112,20,0,20,0.9040165543556213,1
molecola_16112,21,1,21,0.9040165543556213,1
molecola_16112,22,0,22,0.000330726703396067,0
molecola_16112,23,0,23,0.0011286024237051606,0
molecola_16160,1,1,1,0.9888463616371155,1
molecola_16160,2,0,2,0.010601239278912544,0
molecola_16160,3,0,3,0.002984900027513504,0
molecola_16160,4,0,4,0.0035782023333013058,0
molecola_16160,5,0,5,0.0005797647754661739,0
molecola_16160,6,0,6,0.00444488599896431,0
molecola_16160,7,0,7,0.0013688240433111787,0
molecola_16160,8,0,8,0.0015646032989025116,0
molecola_16160,9,0,9,0.004385212901979685,0
molecola_16160,10,0,10,0.0009727585129439831,0
molecola_16160,11,0,11,0.0007707300828769803,0
molecola_16160,12,0,12,0.03417864814400673,0
molecola_16160,13,0,13,0.0013609254965558648,0
molecola_16160,14,0,14,0.0022970198187977076,0
molecola_16160,15,0,15,0.001864854246377945,0
molecola_16160,16,0,16,0.0010121635859832168,0
molecola_16160,17,0,17,0.0002443590492475778,0
molecola_16160,18,0,18,0.0006260748486965895,0
molecola_16160,19,0,19,0.0002853149198926985,0
molecola_16160,20,0,20,0.0015850623603910208,0
molecola_16221,1,0,1,0.0029191025532782078,0
molecola_16221,2,0,2,0.0007715111714787781,0
molecola_16221,3,0,3,0.009448050521314144,0
molecola_16221,4,0,4,0.02847178839147091,0
molecola_16221,5,0,5,0.021523913368582726,0
molecola_16221,6,0,6,0.003051240462809801,0
molecola_16221,7,0,7,0.0004973189788870513,0
molecola_16221,8,0,8,0.0004201779083814472,0
molecola_16221,9,0,9,0.0003233797615393996,0
molecola_16221,10,0,10,0.0005009467131458223,0
molecola_16221,11,0,11,0.09852468222379684,0
molecola_16221,12,0,12,0.1218193769454956,0
molecola_16221,13,1,13,0.9531803727149963,1
molecola_16221,14,1,14,0.925635814666748,1
molecola_16221,15,0,15,0.0035401189234107733,0
molecola_16221,16,0,16,0.0011627022176980972,0
molecola_16221,17,0,17,0.002314611803740263,0
molecola_16221,18,0,18,0.0006346575100906193,0
molecola_16221,19,0,19,0.00024655586457811296,0
molecola_16221,20,0,20,0.00044387360685504973,0
molecola_16221,21,0,21,0.00028532446594908834,0
molecola_16267,1,0,1,0.010713505558669567,0
molecola_16267,2,0,2,0.0016434108838438988,0
molecola_16267,3,0,3,0.0017115077935159206,0
molecola_16267,4,0,4,0.0029640276916325092,0
molecola_16267,5,0,5,0.06500248610973358,0
molecola_16267,6,0,6,0.0015153309796005487,0
molecola_16267,7,0,7,0.0007455914746969938,0
molecola_16267,8,0,8,0.0009335775393992662,0
molecola_16267,9,0,9,0.01862931065261364,0
molecola_16267,10,0,10,0.0005916037480346859,0
molecola_16267,11,0,11,0.0006243387470021844,0
molecola_16267,12,0,12,0.0008168817148543894,0
molecola_16267,13,0,13,0.0008138957782648504,0
molecola_16267,14,0,14,0.0003622492076829076,0
molecola_16267,15,0,15,0.005068739410489798,0
molecola_16267,16,0,16,0.027316724881529808,0
molecola_16267,17,0,17,0.04280941188335419,0
molecola_16267,18,0,18,0.04280941188335419,0
molecola_16267,19,0,19,0.04280941188335419,0
molecola_16267,20,0,20,0.0002616107522044331,0
molecola_16267,21,0,21,0.00034223258262500167,0
molecola_16267,22,0,22,0.0010961618972942233,0
molecola_16267,23,0,23,0.0004902773071080446,0
molecola_16267,24,0,24,0.0022595860064029694,0
molecola_16267,25,0,25,0.015108169987797737,0
molecola_16267,26,0,26,0.011427519842982292,0
molecola_16267,27,0,27,0.0094572389498353,0
molecola_16267,28,0,28,0.0019924906082451344,0
molecola_16267,29,0,29,0.0002649315574672073,0
molecola_16267,30,0,30,0.0023163941223174334,0
molecola_16267,31,0,31,0.005012982990592718,0
molecola_16267,32,0,32,0.00027653781580738723,0
molecola_16267,33,0,33,0.0010220576077699661,0
molecola_16267,34,0,34,0.002524531213566661,0
molecola_16267,35,0,35,0.00122728175483644,0
molecola_16267,36,0,36,0.00025195794296450913,0
molecola_16267,37,0,37,0.001761804218403995,0
molecola_16267,38,0,38,0.0006623372319154441,0
molecola_16267,39,0,39,0.00043242654646746814,0
molecola_16267,40,1,40,0.9933968782424927,1
molecola_16267,41,1,41,0.9568475484848022,1
molecola_16267,42,1,42,0.9568475484848022,1
molecola_16419,1,0,1,0.08365531265735626,0
molecola_16419,2,0,2,0.06750352680683136,0
molecola_16419,3,0,3,0.13175497949123383,0
molecola_16419,4,0,4,0.025113139301538467,0
molecola_16419,5,0,5,0.008856667205691338,0
molecola_16419,6,0,6,0.013696433044970036,0
molecola_16419,7,0,7,0.018855493515729904,0
molecola_16419,8,0,8,0.013563916087150574,0
molecola_16419,9,0,9,0.011636042036116123,0
molecola_16419,10,0,10,0.0015391111373901367,0
molecola_16419,11,0,11,0.0010454804869368672,0
molecola_16419,12,0,12,0.0004541277594398707,0
molecola_16419,13,0,13,0.00046023682807572186,0
molecola_16419,14,0,14,0.0005037274677306414,0
molecola_16419,15,0,15,0.00037346346653066576,0
molecola_16419,16,0,16,0.0018141899490728974,0
molecola_16419,17,0,17,0.08608220517635345,0
molecola_16419,18,1,18,0.9114769697189331,1
molecola_16419,19,0,19,0.7990958094596863,1
molecola_16419,20,0,20,0.7990958094596863,1
molecola_16419,21,1,21,0.9884673953056335,1
molecola_16419,22,0,22,0.9073516726493835,1
molecola_16419,23,1,23,0.9073516726493835,1
molecola_16419,24,0,24,0.0006687574787065387,0
molecola_16419,25,0,25,0.01399622205644846,0
molecola_16419,26,0,26,0.000827940646559,0
molecola_16419,27,0,27,0.0008578450651839375,0
molecola_16419,28,0,28,0.0008578450651839375,0
molecola_16419,29,0,29,0.0008578450651839375,0
molecola_16419,30,0,30,0.0011080359108746052,0
molecola_16419,31,0,31,0.004582558758556843,0
molecola_16419,32,0,32,0.271767795085907,0
molecola_16419,33,0,33,0.27951809763908386,0
molecola_16419,34,0,34,0.28214365243911743,0
molecola_16419,35,0,35,0.01409398764371872,0
molecola_16419,36,0,36,0.010169479995965958,0
molecola_16419,37,0,37,0.008007125928997993,0
molecola_16419,38,0,38,0.0047090607695281506,0
molecola_16419,39,0,39,0.0044138627126812935,0
molecola_16419,40,0,40,0.008984825573861599,0
molecola_16419,41,0,41,0.006350146606564522,0
molecola_16419,42,0,42,0.005565930157899857,0
molecola_16419,43,0,43,0.011531182564795017,0
molecola_16419,44,0,44,0.0012215099995955825,0
molecola_16419,45,0,45,0.0004541277594398707,0
molecola_16419,46,0,46,0.0010454804869368672,0
molecola_16534,1,0,1,0.010799799114465714,0
molecola_16534,2,0,2,0.0042096031829714775,0
molecola_16534,3,0,3,0.01595606654882431,0
molecola_16534,4,0,4,0.1189771443605423,0
molecola_16534,5,0,5,0.22318005561828613,0
molecola_16534,6,1,6,0.9750815629959106,1
molecola_16534,7,0,7,0.1617954671382904,0
molecola_16534,8,0,8,0.1671558916568756,0
molecola_16534,9,1,9,0.9692756533622742,1
molecola_16534,10,0,10,0.08407976478338242,0
molecola_16534,11,0,11,0.0007488314295187593,0
molecola_16534,12,0,12,0.0008518885588273406,0
molecola_16534,13,0,13,0.002920428290963173,0
molecola_16534,14,0,14,0.005771314259618521,0
molecola_16534,15,0,15,0.007610517553985119,0
molecola_16534,16,0,16,0.01228207629173994,0
molecola_16534,17,0,17,0.05089280754327774,0
molecola_16534,18,0,18,0.005512452218681574,0
molecola_16669,1,1,1,0.9888284802436829,1
molecola_16669,2,0,2,0.02830718643963337,0
molecola_16669,3,0,3,0.12199170142412186,0
molecola_16669,4,0,4,0.056260909885168076,0
molecola_16669,5,0,5,0.019735222682356834,0
molecola_16669,6,0,6,0.0031751692295074463,0
molecola_16669,7,0,7,0.0002484602446202189,0
molecola_16669,8,0,8,0.0013637234224006534,0
molecola_16669,9,0,9,0.00430518900975585,0
molecola_16669,10,0,10,0.0007888666586950421,0
molecola_16669,11,0,11,0.0007478383486159146,0
molecola_16669,12,0,12,0.006394725758582354,0
molecola_16669,13,0,13,0.007285755593329668,0
molecola_16669,14,0,14,0.021461395546793938,0
molecola_16669,15,0,15,0.10739683359861374,0
molecola_16669,16,0,16,0.07544150203466415,0
molecola_16669,17,0,17,0.025523832067847252,0
molecola_16669,18,0,18,0.0012719961814582348,0
molecola_16669,19,0,19,0.0012719961814582348,0
molecola_16669,20,0,20,0.1873926818370819,0
molecola_16669,21,0,21,0.20698542892932892,0
molecola_16669,22,0,22,0.20961154997348785,0
molecola_16669,23,0,23,0.00069298135349527,0
molecola_16669,24,0,24,0.0010606124997138977,0
molecola_16669,25,0,25,0.0010606124997138977,0
molecola_16669,26,0,26,0.008582348935306072,0
molecola_16686,1,0,1,0.05194532871246338,0
molecola_16686,2,0,2,0.017585687339305878,0
molecola_16686,3,0,3,0.004523140378296375,0
molecola_16686,4,0,4,0.01189621351659298,0
molecola_16686,5,0,5,0.0018960381858050823,0
molecola_16686,6,0,6,0.0005936549860052764,0
molecola_16686,7,0,7,0.00043355647358112037,0
molecola_16686,8,0,8,0.00047643002471886575,0
molecola_16686,9,0,9,0.000635895412415266,0
molecola_16686,10,0,10,0.001604721648618579,0
molecola_16686,11,0,11,0.0866272896528244,0
molecola_16686,12,1,12,0.9452430605888367,1
molecola_16686,13,1,13,0.9371870756149292,1
molecola_16686,14,0,14,0.024488098919391632,0
molecola_16686,15,0,15,0.04261961951851845,0
molecola_16686,16,0,16,0.1507643461227417,0
molecola_16686,17,0,17,0.36635908484458923,0
molecola_16686,18,0,18,0.3668723404407501,0
molecola_16686,19,0,19,0.36635923385620117,0
molecola_16686,20,0,20,0.15076394379138947,0
molecola_16686,21,0,21,0.00838512647897005,0
molecola_16686,22,0,22,0.005629661958664656,0
molecola_16686,23,0,23,0.0014113910729065537,0
molecola_16686,24,0,24,0.001259621581993997,0
molecola_16686,25,0,25,0.002074039774015546,0
molecola_16686,26,0,26,0.010195629671216011,0
molecola_16866,1,0,1,0.44892868399620056,0
molecola_16866,2,0,2,0.22507955133914948,0
molecola_16866,3,1,3,0.8265998363494873,1
molecola_16866,4,0,4,0.16068877279758453,0
molecola_16866,5,0,5,0.028218012303113937,0
molecola_16866,6,0,6,0.020347369834780693,0
molecola_16866,7,1,7,0.9809466004371643,1
molecola_16866,8,1,8,0.980549156665802,1
molecola_16866,9,0,9,0.007130486890673637,0
molecola_16866,10,0,10,0.02259923331439495,0
molecola_16866,11,0,11,0.08411043137311935,0
molecola_16866,12,0,12,0.03389851003885269,0
molecola_16866,13,0,13,0.6759381294250488,1
molecola_16866,14,0,14,0.12818902730941772,0
molecola_16866,15,0,15,0.5366190075874329,1
molecola_16866,16,0,16,0.6001222133636475,1
molecola_16866,17,0,17,0.1612206995487213,0
molecola_16866,18,0,18,0.15417322516441345,0
molecola_16866,19,0,19,0.10669423639774323,0
molecola_16866,20,0,20,0.26852086186408997,0
molecola_16866,21,0,21,0.28645554184913635,0
molecola_16866,22,0,22,0.29955410957336426,0
molecola_16866,23,0,23,0.28645554184913635,0
molecola_16866,24,0,24,0.26852086186408997,0
molecola_16866,25,0,25,0.00364500330761075,0
molecola_16866,26,0,26,0.0018345349235460162,0
molecola_16866,27,0,27,0.01737920567393303,0
molecola_16866,28,0,28,0.0032152491621673107,0
molecola_16866,29,0,29,0.002570744603872299,0
molecola_16866,30,0,30,0.00032659704447723925,0
molecola_16866,31,0,31,0.0004145569109823555,0
molecola_16866,32,0,32,0.0005399642395786941,0
molecola_16866,33,0,33,0.0004328321374487132,0
molecola_16866,34,0,34,0.00044904998503625393,0
molecola_16882,1,0,1,0.3250850737094879,0
molecola_16882,2,0,2,0.016137178987264633,0
molecola_16882,3,0,3,0.3250850737094879,0
molecola_16882,4,0,4,0.0077320546843111515,0
molecola_16882,5,0,5,0.0009460282162763178,0
molecola_16882,6,0,6,0.014362342655658722,0
molecola_16882,7,0,7,0.001200171303935349,0
molecola_16882,8,0,8,0.0008360301144421101,0
molecola_16882,9,0,9,0.0078104217536747456,0
molecola_16882,10,0,10,0.04053796827793121,0
molecola_16882,11,0,11,0.06514229625463486,0
molecola_16882,12,0,12,0.016606800258159637,0
molecola_16882,13,0,13,0.011599264107644558,0
molecola_16882,14,0,14,0.012378210201859474,0
molecola_16882,15,0,15,0.0480615496635437,0
molecola_16882,16,0,16,0.053731851279735565,0
molecola_16882,17,0,17,0.054622624069452286,0
molecola_16882,18,0,18,0.019291142001748085,0
molecola_16882,19,0,19,0.0016879073809832335,0
molecola_16882,20,0,20,0.00029799650656059384,0
molecola_16882,21,0,21,0.0005293820868246257,0
molecola_16882,22,0,22,0.0007507588597945869,0
molecola_16882,23,0,23,0.021549731492996216,0
molecola_16882,24,0,24,0.0014436087803915143,0
molecola_16882,25,0,25,0.0027927453629672527,0
molecola_16882,26,0,26,0.5574503540992737,1
molecola_16882,27,0,27,0.03360734134912491,0
molecola_16882,28,0,28,0.013527044095098972,0
molecola_16882,29,1,29,0.7820233702659607,1
molecola_16882,30,0,30,0.07457593083381653,0
molecola_16882,31,1,31,0.9924403429031372,1
molecola_16882,32,1,32,0.7820233702659607,1
molecola_16882,33,0,33,0.013527044095098972,0
molecola_17057,1,0,1,0.007765252608805895,0
molecola_17057,2,0,2,0.011113121174275875,0
molecola_17057,3,0,3,0.034782227128744125,0
molecola_17057,4,0,4,0.01754443719983101,0
molecola_17057,5,0,5,0.026971276849508286,0
molecola_17057,6,0,6,0.07038303464651108,0
molecola_17057,7,0,7,0.08825177699327469,0
molecola_17057,8,0,8,0.20676355063915253,0
molecola_17057,9,0,9,0.018007028847932816,0
molecola_17057,10,0,10,0.019193440675735474,0
molecola_17057,11,0,11,0.0025119089987128973,0
molecola_17057,12,0,12,0.0013565627159550786,0
molecola_17057,13,0,13,0.0007121904054656625,0
molecola_17057,14,0,14,0.00042314251186326146,0
molecola_17057,15,0,15,0.0005927495076321065,0
molecola_17057,16,0,16,0.0005817391793243587,0
molecola_17057,17,0,17,0.0011249878443777561,0
molecola_17057,18,0,18,0.018668431788682938,0
molecola_17057,19,0,19,0.0005318669718690217,0
molecola_17057,20,0,20,0.00040663723484613,0
molecola_17057,21,0,21,0.0003588179824873805,0
molecola_17057,22,0,22,0.0005085863522253931,0
molecola_17057,23,0,23,0.0003588179824873805,0
molecola_17057,24,0,24,0.00040663723484613,0
molecola_17057,25,0,25,0.0008013029000721872,0
molecola_17057,26,0,26,0.0007320839213207364,0
molecola_17057,27,0,27,0.004363032523542643,0
molecola_17057,28,0,28,0.011716999113559723,0
molecola_17057,29,0,29,0.0004068664275109768,0
molecola_17057,30,1,30,0.3622759282588959,0
molecola_17057,31,0,31,0.11609082669019699,0
molecola_17057,32,1,32,0.9915537238121033,1
molecola_17057,33,1,33,0.4217992126941681,0
molecola_17057,34,0,34,0.004325630608946085,0
molecola_17057,35,0,35,0.04254511743783951,0
molecola_17057,36,0,36,0.03766980394721031,0
molecola_17057,37,0,37,0.03388866409659386,0
molecola_17057,38,0,38,0.0036716158501803875,0
molecola_17057,39,0,39,0.000505781383253634,0
molecola_17061,1,0,1,0.0019636827055364847,0
molecola_17061,2,0,2,0.5152024030685425,1
molecola_17061,3,0,3,0.0009503134060651064,0
molecola_17061,4,0,4,0.002264023758471012,0
molecola_17061,5,0,5,0.0047741117887198925,0
molecola_17061,6,0,6,0.007460026070475578,0
molecola_17061,7,0,7,0.01779608614742756,0
molecola_17061,8,0,8,0.06899522989988327,0
molecola_17061,9,0,9,0.041436538100242615,0
molecola_17061,10,0,10,0.04944596067070961,0
molecola_17061,11,0,11,0.667758584022522,1
molecola_17061,12,0,12,0.08871397376060486,0
molecola_17061,13,1,13,0.9919780492782593,1
molecola_17061,14,0,14,0.5101391077041626,1
molecola_17215,1,0,1,0.2147199809551239,0
molecola_17215,2,0,2,0.12225989252328873,0
molecola_17215,3,0,3,0.14063240587711334,0
molecola_17215,4,0,4,0.2814967930316925,0
molecola_17215,5,1,5,0.9905219078063965,1
molecola_17215,6,0,6,0.2852812707424164,0
molecola_17215,7,0,7,0.7625716328620911,1
molecola_17215,8,0,8,0.04475321248173714,0
molecola_17215,9,0,9,0.009998597204685211,0
molecola_17215,10,0,10,0.0012343962443992496,0
molecola_17215,11,0,11,0.013228614814579487,0
molecola_17215,12,0,12,0.0010089378338307142,0
molecola_17215,13,0,13,0.0008088293252512813,0
molecola_17215,14,0,14,0.0009294013725593686,0
molecola_17215,15,0,15,0.000575998448766768,0
molecola_17215,16,0,16,0.0005865576677024364,0
molecola_17215,17,0,17,0.0010702412109822035,0
molecola_17215,18,0,18,0.003020060481503606,0
molecola_17215,19,0,19,0.0004623456916306168,0
molecola_17215,20,0,20,0.000502296257764101,0
molecola_17215,21,0,21,0.0013989246217533946,0
molecola_17215,22,0,22,0.061135683208703995,0
molecola_17215,23,0,23,0.17171423137187958,0
molecola_17215,24,0,24,0.30974218249320984,0
molecola_17215,25,0,25,0.2688312828540802,0
molecola_17215,26,0,26,0.3627607226371765,0
molecola_17215,27,0,27,0.01625213772058487,0
molecola_17215,28,0,28,0.0006782977725379169,0
molecola_17217,1,0,1,0.002916490426287055,0
molecola_17217,2,0,2,0.0007723501767031848,0
molecola_17217,3,0,3,0.0060529327020049095,0
molecola_17217,4,0,4,0.009669463150203228,0
molecola_17217,5,0,5,0.010278716683387756,0
molecola_17217,6,0,6,0.0007093573221936822,0
molecola_17217,7,0,7,0.0004446952079888433,0
molecola_17217,8,0,8,0.0004986537387594581,0
molecola_17217,9,0,9,0.0004175435460638255,0
molecola_17217,10,0,10,0.0005455745267681777,0
molecola_17217,11,0,11,0.0005526566528715193,0
molecola_17217,12,0,12,0.0003645732067525387,0
molecola_17217,13,0,13,0.0007113116444088519,0
molecola_17217,14,0,14,0.001674532424658537,0
molecola_17217,15,0,15,0.00045647012302652,0
molecola_17217,16,0,16,0.00033704034285619855,0
molecola_17217,17,0,17,0.00032776891021057963,0
molecola_17217,18,0,18,0.0009153795544989407,0
molecola_17217,19,0,19,0.0022716366220265627,0
molecola_17217,20,0,20,0.008601381443440914,0
molecola_17217,21,0,21,0.3171905279159546,0
molecola_17217,22,0,22,0.006453835871070623,0
molecola_17217,23,0,23,0.2700507342815399,0
molecola_17217,24,0,24,0.8733397126197815,1
molecola_17217,25,0,25,0.8733397126197815,1
molecola_17217,26,0,26,0.2700507342815399,0
molecola_17217,27,0,27,0.0022716366220265627,0
molecola_17217,28,0,28,0.0009153795544989407,0
molecola_17217,29,0,29,0.0005576299736276269,0
molecola_17217,30,0,30,0.0006194391753524542,0
molecola_17217,31,0,31,0.03295852616429329,0
molecola_17217,32,0,32,0.0014532564673572779,0
molecola_17217,33,0,33,0.0007600717362947762,0
molecola_17217,34,0,34,0.0010948479175567627,0
molecola_17217,35,0,35,0.0008645196794532239,0
molecola_17217,36,1,36,0.9784795641899109,1
molecola_17217,37,1,37,0.9799341559410095,1
molecola_17217,38,0,38,0.0003464647743385285,0
molecola_17217,39,0,39,0.0009498418075963855,0
molecola_17217,40,0,40,0.00035492697497829795,0
molecola_17217,41,0,41,0.0004120978410355747,0
molecola_17217,42,0,42,0.0004120978410355747,0
molecola_17217,43,0,43,0.0004120978410355747,0
molecola_17330,1,1,1,0.9100276827812195,1
molecola_17330,2,1,2,0.8773343563079834,1
molecola_17330,3,1,3,0.6392822265625,1
molecola_17330,4,0,4,0.4500746428966522,0
molecola_17330,5,0,5,0.20780476927757263,0
molecola_17330,6,1,6,0.13855789601802826,0
molecola_17330,7,0,7,0.68109130859375,1
molecola_17330,8,1,8,0.2541489601135254,0
molecola_17330,9,0,9,0.07645100355148315,0
molecola_17330,10,0,10,0.010232198983430862,0
molecola_17330,11,0,11,0.00044399205944500864,0
molecola_17330,12,0,12,0.0014828629791736603,0
molecola_17330,13,0,13,0.000823835376650095,0
molecola_17330,14,0,14,0.0002455899375490844,0
molecola_17330,15,0,15,0.0014828629791736603,0
molecola_17330,16,0,16,0.00044399205944500864,0
molecola_17330,17,0,17,0.5890032052993774,1
molecola_17330,18,0,18,0.25974294543266296,0
molecola_17330,19,0,19,0.2846791744232178,0
molecola_17330,20,0,20,0.320902943611145,0
molecola_17330,21,0,21,0.1478610634803772,0
molecola_17330,22,0,22,0.12322374433279037,0
molecola_17375,1,0,1,0.01094295084476471,0
molecola_17375,2,0,2,0.004050429444760084,0
molecola_17375,3,0,3,0.007608198095113039,0
molecola_17375,4,0,4,0.002790028229355812,0
molecola_17375,5,0,5,0.005576735362410545,0
molecola_17375,6,0,6,0.002702416153624654,0
molecola_17375,7,0,7,0.009901910088956356,0
molecola_17375,8,0,8,0.0239828210324049,0
molecola_17375,9,0,9,0.06199812516570091,0
molecola_17375,10,0,10,0.16497907042503357,0
molecola_17375,11,0,11,0.06770912557840347,0
molecola_17375,12,0,12,0.017494330182671547,0
molecola_17375,13,0,13,0.00553081464022398,0
molecola_17375,14,0,14,0.016192659735679626,0
molecola_17375,15,0,15,0.004889452364295721,0
molecola_17375,16,0,16,0.003350555431097746,0
molecola_17375,17,0,17,0.004335740581154823,0
molecola_17375,18,0,18,0.0063219801522791386,0
molecola_17375,19,0,19,0.020113646984100342,0
molecola_17375,20,0,20,0.05111164599657059,0
molecola_17375,21,0,21,0.5579672455787659,1
molecola_17375,22,0,22,0.7238912582397461,1
molecola_17375,23,1,23,0.9608785510063171,1
molecola_17375,24,1,24,0.967139482498169,1
molecola_17375,25,0,25,0.00632198341190815,0
molecola_17375,26,0,26,0.020113637670874596,0
molecola_17375,27,0,27,0.004335740581154823,0
molecola_17613,1,0,1,0.026336364448070526,0
molecola_17613,2,0,2,0.15571852028369904,0
molecola_17613,3,0,3,0.1145581305027008,0
molecola_17613,4,0,4,0.22659461200237274,0
molecola_17613,5,0,5,0.975081741809845,1
molecola_17613,6,0,6,0.12411490827798843,0
molecola_17613,7,0,7,0.05785075202584267,0
molecola_17613,8,0,8,0.018754927441477776,0
molecola_17613,9,0,9,0.12395091354846954,0
molecola_17613,10,0,10,0.21931371092796326,0
molecola_17613,11,0,11,0.9750814437866211,1
molecola_17613,12,0,12,0.12823665142059326,0
molecola_17613,13,0,13,0.21940341591835022,0
molecola_17613,14,1,14,0.9750814437866211,1
molecola_17613,15,0,15,0.1335044652223587,0
molecola_17613,16,0,16,0.1335044801235199,0
molecola_17613,17,0,17,0.21940341591835022,0
molecola_17613,18,0,18,0.9750814437866211,1
molecola_17613,19,0,19,0.12823662161827087,0
molecola_17613,20,0,20,0.21931372582912445,0
molecola_17613,21,0,21,0.9750814437866211,1
molecola_17613,22,0,22,0.12395091354846954,0
molecola_17613,23,0,23,0.05785075202584267,0
molecola_17613,24,0,24,0.018754927441477776,0
molecola_17613,25,0,25,0.12411496788263321,0
molecola_17613,26,0,26,0.22659461200237274,0
molecola_17613,27,0,27,0.975081741809845,1
molecola_17613,28,0,28,0.11455810815095901,0
molecola_17613,29,0,29,0.15571852028369904,0
molecola_17613,30,0,30,0.026336364448070526,0
molecola_17613,31,0,31,0.0350303128361702,0
molecola_17613,32,0,32,0.0350303128361702,0
molecola_17613,33,0,33,0.08901219815015793,0
molecola_17613,34,0,34,0.04669496789574623,0
molecola_17613,35,0,35,0.11705493181943893,0
molecola_17613,36,0,36,0.04669496789574623,0
molecola_17613,37,0,37,0.08901218324899673,0
molecola_17613,38,0,38,0.11705493181943893,0
molecola_17632,1,0,1,0.001192192081362009,0
molecola_17632,2,0,2,0.0013413489796221256,0
molecola_17632,3,0,3,0.000581268104724586,0
molecola_17632,4,0,4,0.002019108971580863,0
molecola_17632,5,0,5,0.015864631161093712,0
molecola_17632,6,1,6,0.9167956709861755,1
molecola_17632,7,1,7,0.9470512866973877,1
molecola_17632,8,0,8,0.018933482468128204,0
molecola_17632,9,0,9,0.04403015971183777,0
molecola_17632,10,0,10,0.2339881807565689,0
molecola_17632,11,0,11,0.07121477276086807,0
molecola_17632,12,0,12,0.034437395632267,0
molecola_17632,13,0,13,0.012782790698111057,0
molecola_17632,14,0,14,0.015535995364189148,0
molecola_17632,15,0,15,0.0011951244669035077,0
molecola_17650,1,0,1,0.0036919007543474436,0
molecola_17650,2,0,2,0.0009997721062973142,0
molecola_17650,3,0,3,0.0006170400884002447,0
molecola_17650,4,0,4,0.00037416996201500297,0
molecola_17650,5,0,5,0.0006873593665659428,0
molecola_17650,6,0,6,0.004578619264066219,0
molecola_17650,7,1,7,0.782028317451477,1
molecola_17650,8,0,8,0.07457563281059265,0
molecola_17650,9,1,9,0.9924403429031372,1
molecola_17650,10,1,10,0.782028317451477,1
molecola_17650,11,0,11,0.004578619264066219,0
molecola_17650,12,0,12,0.0005662476760335267,0
molecola_17650,13,0,13,0.003667043522000313,0
molecola_17650,14,0,14,0.002882178407162428,0
molecola_17650,15,0,15,0.009365972131490707,0
molecola_17650,16,1,16,0.13238981366157532,0
molecola_17650,17,1,17,0.029681719839572906,0
molecola_17650,18,0,18,0.03233979642391205,0
molecola_17650,19,0,19,0.004400342702865601,0
molecola_17650,20,0,20,0.006785206031054258,0
molecola_17650,21,0,21,0.024269675835967064,0
molecola_17650,22,0,22,0.002882178407162428,0
molecola_17650,23,0,23,0.003667043522000313,0
molecola_17650,24,0,24,0.0004414576105773449,0
molecola_17650,25,0,25,0.00326903210952878,0
molecola_17650,26,0,26,0.0378197617828846,0
molecola_17650,27,0,27,0.06064702942967415,0
molecola_17650,28,0,28,0.0378197617828846,0
molecola_17650,29,0,29,0.00326903210952878,0
molecola_17753,1,0,1,0.0015112832188606262,0
molecola_17753,2,0,2,0.0004261115682311356,0
molecola_17753,3,0,3,0.0008621652377769351,0
molecola_17753,4,0,4,0.0007693772786296904,0
molecola_17753,5,0,5,0.025385724380612373,0
molecola_17753,6,1,6,0.9931780099868774,1
molecola_17753,7,0,7,0.9586511850357056,1
molecola_17753,8,1,8,0.9586511850357056,1
molecola_17753,9,0,9,0.0021209840197116137,0
molecola_17753,10,0,10,0.0025146862026304007,0
molecola_17753,11,0,11,0.0015428035985678434,0
molecola_17753,12,0,12,0.023274363949894905,0
molecola_17753,13,0,13,0.05740434303879738,0
molecola_17753,14,0,14,0.1955040544271469,0
molecola_17753,15,0,15,0.1383105218410492,0
molecola_17753,16,0,16,0.0047797998413443565,0
molecola_17753,17,1,17,0.9920420050621033,1
molecola_17753,18,0,18,0.9640912413597107,1
molecola_17753,19,1,19,0.9640912413597107,1
molecola_17845,1,0,1,0.022429000586271286,0
molecola_17845,2,0,2,0.06597378104925156,0
molecola_17845,3,0,3,0.00487185874953866,0
molecola_17845,4,0,4,0.002344083273783326,0
molecola_17845,5,0,5,0.01836181990802288,0
molecola_17845,6,0,6,0.003076767548918724,0
molecola_17845,7,0,7,0.018205739557743073,0
molecola_17845,8,0,8,0.10894353687763214,0
molecola_17845,9,0,9,0.06276775896549225,0
molecola_17845,10,0,10,0.009453094564378262,0
molecola_17845,11,0,11,0.011763232760131359,0
molecola_17845,12,0,12,0.03898042067885399,0
molecola_17845,13,0,13,0.04107822850346565,0
molecola_17845,14,0,14,0.00262621883302927,0
molecola_17845,15,0,15,0.00262621883302927,0
molecola_17845,16,0,16,0.0029573163483291864,0
molecola_17845,17,0,17,0.0028215472120791674,0
molecola_17845,18,0,18,0.03159020468592644,0
molecola_17845,19,0,19,0.007385476492345333,0
molecola_17845,20,0,20,0.007503961678594351,0
molecola_17845,21,0,21,0.9488052129745483,1
molecola_17845,22,1,22,0.9202921390533447,1
molecola_17845,23,1,23,0.9589006900787354,1
molecola_17845,24,0,24,0.9510291814804077,1
molecola_17845,25,0,25,0.9627088904380798,1
molecola_1795,1,0,1,0.0066157374531030655,0
molecola_1795,2,0,2,0.004656296689063311,0
molecola_1795,3,0,3,0.00038707314524799585,0
molecola_1795,4,0,4,0.000611743947956711,0
molecola_1795,5,0,5,0.0003864813770633191,0
molecola_1795,6,0,6,0.00033175776479765773,0
molecola_1795,7,0,7,0.0003427471674513072,0
molecola_1795,8,0,8,0.000715742411557585,0
molecola_1795,9,0,9,0.000655814481433481,0
molecola_1795,10,0,10,0.0006597944302484393,0
molecola_1795,11,0,11,0.002184308134019375,0
molecola_1795,12,0,12,0.0012083299225196242,0
molecola_1795,13,0,13,0.0013469388941302896,0
molecola_1795,14,1,14,0.9789707064628601,1
molecola_1795,15,1,15,0.9799591302871704,1
molecola_1795,16,0,16,0.0012083299225196242,0
molecola_1795,17,0,17,0.002184308134019375,0
molecola_1795,18,0,18,0.00034699661773629487,0
molecola_1795,19,0,19,0.001053621876053512,0
molecola_1795,20,0,20,0.0004838435270357877,0
molecola_1795,21,0,21,0.0004311275260988623,0
molecola_1795,22,0,22,0.0004838435270357877,0
molecola_1795,23,0,23,0.001053621876053512,0
molecola_1795,24,0,24,0.0038904501125216484,0
molecola_1795,25,0,25,0.0004562363028526306,0
molecola_1795,26,0,26,0.0004562363028526306,0
molecola_1795,27,0,27,0.0004484476812649518,0
molecola_1797,1,0,1,0.05297333002090454,0
molecola_1797,2,0,2,0.00923683401197195,0
molecola_1797,3,0,3,0.0014059578534215689,0
molecola_1797,4,0,4,0.000959656375925988,0
molecola_1797,5,0,5,0.0010371488751843572,0
molecola_1797,6,0,6,0.005094940774142742,0
molecola_1797,7,0,7,0.11801356077194214,0
molecola_1797,8,0,8,0.22146542370319366,0
molecola_1797,9,1,9,0.9750271439552307,1
molecola_1797,10,0,10,0.20205150544643402,0
molecola_1797,11,0,11,0.0013528693234547973,0
molecola_1797,12,0,12,0.0006737963994964957,0
molecola_1797,13,0,13,0.0017265271162614226,0
molecola_1797,14,0,14,0.004734474699944258,0
molecola_1797,15,0,15,0.0025481367483735085,0
molecola_1797,16,0,16,0.0016362976748496294,0
molecola_1797,17,0,17,0.0009054404799826443,0
molecola_1797,18,0,18,0.0007066294201649725,0
molecola_1797,19,0,19,0.0021616544108837843,0
molecola_1797,20,0,20,0.002418946474790573,0
molecola_1797,21,0,21,0.22146542370319366,0
molecola_1797,22,0,22,0.9750271439552307,1
molecola_1797,23,0,23,0.11801356077194214,0
molecola_17989,1,0,1,0.011600915342569351,0
molecola_17989,2,0,2,0.005460250191390514,0
molecola_17989,3,0,3,0.00794203206896782,0
molecola_17989,4,0,4,0.004070908762514591,0
molecola_17989,5,0,5,0.0013476463500410318,0
molecola_17989,6,0,6,0.034488335251808167,0
molecola_17989,7,0,7,0.000732760934624821,0
molecola_17989,8,0,8,0.0007523670792579651,0
molecola_17989,9,0,9,0.0005354752065613866,0
molecola_17989,10,0,10,0.0008760400814935565,0
molecola_17989,11,0,11,0.000530779070686549,0
molecola_17989,12,0,12,0.0009493767283856869,0
molecola_17989,13,0,13,0.007127024699002504,0
molecola_17989,14,0,14,0.00039440958062186837,0
molecola_17989,15,0,15,0.0005376957124099135,0
molecola_17989,16,0,16,0.00047192550846375525,0
molecola_17989,17,0,17,0.00042959136771969497,0
molecola_17989,18,0,18,0.0015979435993358493,0
molecola_17989,19,0,19,0.0008236399153247476,0
molecola_17989,20,0,20,0.000245532370172441,0
molecola_17989,21,0,21,0.0015979435993358493,0
molecola_17989,22,0,22,0.00042959136771969497,0
molecola_17989,23,0,23,0.0008145545143634081,0
molecola_17989,24,0,24,0.002129877917468548,0
molecola_17989,25,0,25,0.0015025201719254255,0
molecola_17989,26,0,26,0.0012348925229161978,0
molecola_17989,27,1,27,0.9789698719978333,1
molecola_17989,28,1,28,0.9799584746360779,1
molecola_17989,29,0,29,0.0010756667470559478,0
molecola_17989,30,0,30,0.0006096549332141876,0
molecola_17989,31,0,31,0.028038710355758667,0
molecola_17989,32,0,32,0.014721522107720375,0
molecola_17989,33,0,33,0.015364439226686954,0
molecola_18092,1,0,1,0.007702488452196121,0
molecola_18092,2,0,2,0.001965939998626709,0
molecola_18092,3,0,3,0.0014294683933258057,0
molecola_18092,4,0,4,0.0008099974365904927,0
molecola_18092,5,0,5,0.0014070005854591727,0
molecola_18092,6,0,6,0.034148383885622025,0
molecola_18092,7,0,7,0.0007802574546076357,0
molecola_18092,8,0,8,0.0007702979492023587,0
molecola_18092,9,0,9,0.0009127941448241472,0
molecola_18092,10,0,10,0.0013808616204187274,0
molecola_18092,11,0,11,0.001926889643073082,0
molecola_18092,12,0,12,0.00038459699135273695,0
molecola_18092,13,0,13,0.0003825934254564345,0
molecola_18092,14,0,14,0.0005703725037164986,0
molecola_18092,15,0,15,0.0007919981726445258,0
molecola_18092,16,0,16,0.00037121924106031656,0
molecola_18092,17,0,17,0.0003978197928518057,0
molecola_18092,18,0,18,0.0009073209948837757,0
molecola_18092,19,0,19,0.0005278141470625997,0
molecola_18092,20,0,20,0.0005278141470625997,0
molecola_18092,21,0,21,0.00042267946992069483,0
molecola_18092,22,0,22,0.0010136825731024146,0
molecola_18092,23,0,23,0.0010136825731024146,0
molecola_18092,24,0,24,0.0010136825731024146,0
molecola_18092,25,0,25,0.0003462890745140612,0
molecola_18092,26,0,26,0.0005599820287898183,0
molecola_18092,27,0,27,0.0005599820287898183,0
molecola_18092,28,0,28,0.0008714362629689276,0
molecola_18092,29,0,29,0.0005164752947166562,0
molecola_18092,30,0,30,0.0004045063687954098,0
molecola_18092,31,0,31,0.0006091542891226709,0
molecola_18092,32,0,32,0.002075960161164403,0
molecola_18092,33,0,33,0.0009174266597256064,0
molecola_18092,34,0,34,0.0002582473389338702,0
molecola_18092,35,0,35,0.001093209139071405,0
molecola_18092,36,0,36,0.0005323127843439579,0
molecola_18092,37,0,37,0.000533219485078007,0
molecola_18092,38,0,38,0.0008681265753693879,0
molecola_18092,39,0,39,0.006439935881644487,0
molecola_18092,40,0,40,0.009834902361035347,0
molecola_18092,41,0,41,0.008863153867423534,0
molecola_18092,42,0,42,0.0016326886834576726,0
molecola_18092,43,0,43,0.0002515182422939688,0
molecola_18092,44,0,44,0.0010959102073684335,0
molecola_18092,45,0,45,0.0008574601961299777,0
molecola_18092,46,0,46,0.0015525269554927945,0
molecola_18092,47,0,47,0.06015520542860031,0
molecola_18092,48,1,48,0.9931232333183289,1
molecola_18092,49,1,49,0.9568416476249695,1
molecola_18092,50,1,50,0.9568416476249695,1
molecola_18166,1,0,1,0.0013331915251910686,0
molecola_18166,2,0,2,0.0017758258618414402,0
molecola_18166,3,0,3,0.0014884291449561715,0
molecola_18166,4,0,4,0.0072554415091872215,0
molecola_18166,5,0,5,0.025383051484823227,0
molecola_18166,6,1,6,0.014197558164596558,0
molecola_18166,7,1,7,0.17992950975894928,0
molecola_18166,8,1,8,0.9897834658622742,1
molecola_18166,9,0,9,0.9094361066818237,1
molecola_18166,10,1,10,0.9094361066818237,1
molecola_18166,11,0,11,0.0010725166648626328,0
molecola_18166,12,0,12,0.0018000166164711118,0
molecola_18166,13,0,13,0.010438045486807823,0
molecola_18166,14,0,14,0.02931174822151661,0
molecola_18166,15,0,15,0.010438045486807823,0
molecola_18166,16,0,16,0.0018000166164711118,0
molecola_18166,17,0,17,0.00386189017444849,0
molecola_18166,18,0,18,0.002198091708123684,0
molecola_18166,19,0,19,0.0003551137924659997,0
molecola_18166,20,0,20,0.00030940966098569334,0
molecola_18166,21,0,21,0.0003551137924659997,0
molecola_18166,22,0,22,0.002198091708123684,0
molecola_18166,23,0,23,0.0003189727140124887,0
molecola_18166,24,0,24,0.001126753631979227,0
molecola_18166,25,0,25,0.0002811360463965684,0
molecola_18166,26,0,26,0.000905715802218765,0
molecola_18166,27,0,27,0.002812664955854416,0
molecola_18166,28,0,28,0.001543731545098126,0
molecola_18166,29,0,29,0.0007019194890744984,0
molecola_18166,30,0,30,0.002812664955854416,0
molecola_18166,31,0,31,0.000905715802218765,0
molecola_18199,1,0,1,0.08366556465625763,0
molecola_18199,2,0,2,0.7555197477340698,1
molecola_18199,3,0,3,0.04241599887609482,0
molecola_18199,4,0,4,0.020697716623544693,0
molecola_18199,5,0,5,0.006819454487413168,0
molecola_18199,6,0,6,0.004812738858163357,0
molecola_18199,7,0,7,0.000788755074609071,0
molecola_18199,8,0,8,0.0006370051414705813,0
molecola_18199,9,0,9,0.005165767855942249,0
molecola_18199,10,0,10,0.24336574971675873,0
molecola_18199,11,0,11,0.07158631831407547,0
molecola_18199,12,0,12,0.02756028063595295,0
molecola_18199,13,0,13,0.0042211865074932575,0
molecola_18199,14,1,14,0.17010486125946045,0
molecola_18199,15,1,15,0.4895443618297577,0
molecola_18199,16,1,16,0.18242798745632172,0
molecola_18199,17,1,17,0.9658675789833069,1
molecola_18199,18,0,18,0.16991916298866272,0
molecola_18199,19,0,19,0.4896692931652069,0
molecola_18199,20,0,20,0.1044263169169426,0
molecola_18199,21,0,21,0.03377135097980499,0
molecola_18303,1,0,1,0.0016732311341911554,0
molecola_18303,2,0,2,0.00237107602879405,0
molecola_18303,3,0,3,0.0016732311341911554,0
molecola_18303,4,0,4,0.001749913557432592,0
molecola_18303,5,0,5,0.0017499126261100173,0
molecola_18303,6,0,6,0.0023710874374955893,0
molecola_18303,7,0,7,0.0016732304356992245,0
molecola_18303,8,0,8,0.0016732304356992245,0
molecola_18303,9,0,9,0.0004164357087574899,0
molecola_18303,10,0,10,0.0015170100377872586,0
molecola_18303,11,0,11,0.0071801855228841305,0
molecola_18303,12,0,12,0.0059313587844371796,0
molecola_18303,13,0,13,0.004159545060247183,0
molecola_18303,14,0,14,0.005290884058922529,0
molecola_18303,15,0,15,0.0052826739847660065,0
molecola_18303,16,0,16,0.0027525771874934435,0
molecola_18303,17,0,17,0.0014367601834237576,0
molecola_18303,18,0,18,0.00041774503188207746,0
molecola_18303,19,0,19,0.0025141085498034954,0
molecola_18303,20,0,20,0.0036900173872709274,0
molecola_18303,21,0,21,0.003919359762221575,0
molecola_18303,22,0,22,0.06416654586791992,0
molecola_18303,23,0,23,0.003919359762221575,0
molecola_18303,24,0,24,0.0036900173872709274,0
molecola_18303,25,1,25,0.9933915138244629,1
molecola_18303,26,1,26,0.9570689797401428,1
molecola_18303,27,1,27,0.9570689797401428,1
molecola_18311,1,1,1,0.9759450554847717,1
molecola_18311,2,1,2,0.9776008129119873,1
molecola_18311,3,0,3,0.7202228307723999,1
molecola_18311,4,0,4,0.5496883392333984,1
molecola_18311,5,0,5,0.0023923057597130537,0
molecola_18311,6,0,6,0.5496883392333984,1
molecola_18311,7,0,7,0.7202228307723999,1
molecola_18311,8,0,8,0.00039438402745872736,0
molecola_18311,9,0,9,0.0003252376336604357,0
molecola_18311,10,0,10,0.0005191586096771061,0
molecola_18311,11,0,11,0.0004258039698470384,0
molecola_18311,12,0,12,0.0006654150201939046,0
molecola_18311,13,0,13,0.000923542189411819,0
molecola_18311,14,0,14,0.0005373224848881364,0
molecola_18311,15,0,15,0.0008750631823204458,0
molecola_18311,16,0,16,0.0009787448216229677,0
molecola_18311,17,0,17,0.029394011944532394,0
molecola_18311,18,0,18,0.052325405180454254,0
molecola_18311,19,0,19,0.041689433157444,0
molecola_18311,20,0,20,0.0039701987989246845,0
molecola_18311,21,0,21,0.0008461129036732018,0
molecola_18311,22,0,22,0.0006460416479967535,0
molecola_18311,23,0,23,0.0014628578210249543,0
molecola_18311,24,0,24,0.00041369805694557726,0
molecola_18643,1,0,1,0.004758227150887251,0
molecola_18643,2,0,2,0.000944990839343518,0
molecola_18643,3,0,3,0.004758227150887251,0
molecola_18643,4,0,4,0.19240702688694,0
molecola_18643,5,0,5,0.7630739808082581,1
molecola_18643,6,0,6,0.9369040727615356,1
molecola_18643,7,0,7,0.9381029009819031,1
molecola_18643,8,0,8,0.792660117149353,1
molecola_18643,9,0,9,0.7728882431983948,1
molecola_18643,10,0,10,0.6926453113555908,1
molecola_18643,11,0,11,0.5860817432403564,1
molecola_18643,12,1,12,0.9907117486000061,1
molecola_18643,13,0,13,0.5515499711036682,1
molecola_18643,14,0,14,0.010952048934996128,0
molecola_18643,15,0,15,0.016614019870758057,0
molecola_18643,16,0,16,0.004412360489368439,0
molecola_18643,17,0,17,0.016693687066435814,0
molecola_18643,18,0,18,0.0373055599629879,0
molecola_18643,19,0,19,0.4110732674598694,0
molecola_1867,1,0,1,0.0012124816421419382,0
molecola_1867,2,0,2,0.0006897943094372749,0
molecola_1867,3,0,3,0.01487492211163044,0
molecola_1867,4,0,4,0.001169357099570334,0
molecola_1867,5,0,5,0.0012532818363979459,0
molecola_1867,6,0,6,0.044802501797676086,0
molecola_1867,7,0,7,0.002859134692698717,0
molecola_1867,8,0,8,0.002859134692698717,0
molecola_1867,9,0,9,0.052917033433914185,0
molecola_1867,10,0,10,0.02004307694733143,0
molecola_1867,11,0,11,0.006613196339458227,0
molecola_1867,12,0,12,0.003284891601651907,0
molecola_1867,13,0,13,0.0006538747111335397,0
molecola_1867,14,0,14,0.0061561246402561665,0
molecola_1867,15,0,15,0.004015049897134304,0
molecola_1867,16,0,16,0.0003579717013053596,0
molecola_1867,17,0,17,0.00042012077756226063,0
molecola_1867,18,0,18,0.00042012077756226063,0
molecola_1867,19,0,19,0.00042012077756226063,0
molecola_1867,20,0,20,0.00026283078477717936,0
molecola_1867,21,0,21,0.00038323295302689075,0
molecola_1867,22,0,22,0.00047088589053601027,0
molecola_1867,23,0,23,0.00047650569467805326,0
molecola_1867,24,0,24,0.0016654086066409945,0
molecola_1867,25,0,25,0.0008234778651967645,0
molecola_1867,26,0,26,0.000245532370172441,0
molecola_1867,27,0,27,0.0016654086066409945,0
molecola_1867,28,0,28,0.00047650569467805326,0
molecola_1867,29,0,29,0.0002722083299886435,0
molecola_1867,30,0,30,0.002190773608162999,0
molecola_1867,31,0,31,0.1833520084619522,0
molecola_1867,32,0,32,0.10191470384597778,0
molecola_1867,33,1,33,0.9784101843833923,1
molecola_1867,34,0,34,0.09050566703081131,0
molecola_1867,35,0,35,0.0008216801797971129,0
molecola_1867,36,0,36,0.0005058662500232458,0
molecola_1867,37,0,37,0.0012212215224280953,0
molecola_1870,1,0,1,0.0008109469781629741,0
molecola_1870,2,0,2,0.0006729207816533744,0
molecola_1870,3,0,3,0.0007494346937164664,0
molecola_1870,4,0,4,0.025250650942325592,0
molecola_1870,5,0,5,0.0006925855414010584,0
molecola_1870,6,0,6,0.024138418957591057,0
molecola_1870,7,0,7,0.018916217610239983,0
molecola_1870,8,0,8,0.018150988966226578,0
molecola_1870,9,0,9,0.0006290081655606627,0
molecola_1870,10,0,10,0.0003903157776221633,0
molecola_1870,11,0,11,0.00043166193063370883,0
molecola_1870,12,0,12,0.009375108405947685,0
molecola_1870,13,0,13,0.0006151115521788597,0
molecola_1870,14,0,14,0.00057267677038908,0
molecola_1870,15,0,15,0.0020113354548811913,0
molecola_1870,16,0,16,0.0012308277655392885,0
molecola_1870,17,0,17,0.00024957279674708843,0
molecola_1870,18,0,18,0.0020113354548811913,0
molecola_1870,19,0,19,0.00057267677038908,0
molecola_1870,20,0,20,0.0005036192014813423,0
molecola_1870,21,0,21,0.0021605428773909807,0
molecola_1870,22,0,22,0.002369687892496586,0
molecola_1870,23,1,23,0.8983362317085266,1
molecola_1870,24,1,24,0.9858598113059998,1
molecola_1870,25,0,25,0.9084131121635437,1
molecola_1870,26,1,26,0.9084131121635437,1
molecola_18734,1,0,1,0.026173720136284828,0
molecola_18734,2,0,2,0.006755789276212454,0
molecola_18734,3,0,3,0.010323547758162022,0
molecola_18734,4,0,4,0.000365653628250584,0
molecola_18734,5,0,5,0.0005927681340835989,0
molecola_18734,6,0,6,0.0003711129247676581,0
molecola_18734,7,0,7,0.00046484690392389894,0
molecola_18734,8,0,8,0.0007500341162085533,0
molecola_18734,9,0,9,0.0007511413423344493,0
molecola_18734,10,0,10,0.029676970094442368,0
molecola_18734,11,0,11,0.0010915445163846016,0
molecola_18734,12,0,12,0.004119797144085169,0
molecola_18734,13,0,13,0.7118253111839294,1
molecola_18734,14,0,14,0.11970040202140808,0
molecola_18734,15,1,15,0.9923490285873413,1
molecola_18734,16,0,16,0.4353337585926056,0
molecola_18734,17,0,17,0.005963456816971302,0
molecola_18734,18,0,18,0.0013757252600044012,0
molecola_18734,19,0,19,0.0004765987687278539,0
molecola_18734,20,0,20,0.0008804862736724317,0
molecola_18734,21,0,21,0.0007019398617558181,0
molecola_18734,22,0,22,0.0003575290029402822,0
molecola_18734,23,0,23,0.0005115637904964387,0
molecola_18734,24,0,24,0.0003596361493691802,0
molecola_18734,25,0,25,0.0008703806670382619,0
molecola_18734,26,0,26,0.001060544396750629,0
molecola_18734,27,0,27,0.0007333341054618359,0
molecola_18734,28,0,28,0.0006923017790541053,0
molecola_18734,29,0,29,0.0006515422719530761,0
molecola_18734,30,0,30,0.0003428337804507464,0
molecola_18878,1,1,1,0.9908278584480286,1
molecola_18878,2,0,2,0.2702189087867737,0
molecola_18878,3,0,3,0.3930499851703644,0
molecola_18878,4,0,4,0.3673602342605591,0
molecola_18878,5,0,5,0.5219739675521851,1
molecola_18878,6,0,6,0.6329319477081299,1
molecola_18878,7,0,7,0.5063486099243164,1
molecola_18878,8,0,8,0.5224112272262573,1
molecola_18878,9,0,9,0.4601820111274719,0
molecola_18878,10,0,10,0.3427353501319885,0
molecola_18878,11,0,11,0.4721945524215698,0
molecola_18878,12,0,12,0.5123854875564575,1
molecola_18878,13,0,13,0.5261926054954529,1
molecola_18878,14,0,14,0.2267291396856308,0
molecola_18878,15,0,15,0.24478089809417725,0
molecola_18878,16,0,16,0.18385988473892212,0
molecola_18878,17,0,17,0.6134291887283325,1
molecola_18878,18,0,18,0.43651989102363586,0
molecola_18878,19,0,19,0.4344533681869507,0
molecola_18878,20,0,20,0.5810975432395935,1
molecola_18878,21,0,21,0.3906615376472473,0
molecola_18878,22,0,22,0.27037760615348816,0
molecola_18878,23,1,23,0.9908278584480286,1
molecola_19048,1,0,1,0.9272478222846985,1
molecola_19048,2,0,2,0.9809000492095947,1
molecola_19048,3,0,3,0.9735388159751892,1
molecola_19048,4,0,4,0.026412075385451317,0
molecola_19048,5,1,5,0.9409397840499878,1
molecola_19048,6,1,6,0.940717339515686,1
molecola_19048,7,0,7,0.02130589261651039,0
molecola_19048,8,0,8,0.0015743940602988005,0
molecola_19048,9,0,9,0.0003330446779727936,0
molecola_19048,10,0,10,0.0014593605883419514,0
molecola_19048,11,0,11,0.0010478306794539094,0
molecola_19048,12,0,12,0.03620868921279907,0
molecola_19048,13,0,13,0.043792035430669785,0
molecola_19048,14,0,14,0.9533119797706604,1
molecola_19048,15,0,15,0.52824866771698,1
molecola_19048,16,0,16,0.9698712825775146,1
molecola_19048,17,0,17,0.03999133035540581,0
molecola_19048,18,0,18,0.016550125554203987,0
molecola_19048,19,0,19,0.00036421019467525184,0
molecola_19048,20,0,20,0.0004879278421867639,0
molecola_19048,21,0,21,0.00046665320405736566,0
molecola_19048,22,0,22,0.0007774275145493448,0
molecola_19048,23,0,23,0.0005688938545063138,0
molecola_19048,24,0,24,0.0006705964915454388,0
molecola_19048,25,0,25,0.0005984705640003085,0
molecola_19115,1,0,1,0.007705816999077797,0
molecola_19115,2,0,2,0.001385898212902248,0
molecola_19115,3,0,3,0.0011871244059875607,0
molecola_19115,4,0,4,0.0004049477574881166,0
molecola_19115,5,0,5,0.000671272398903966,0
molecola_19115,6,0,6,0.0004049477574881166,0
molecola_19115,7,0,7,0.0011871244059875607,0
molecola_19115,8,0,8,0.00040399652789346874,0
molecola_19115,9,0,9,0.0007868092507123947,0
molecola_19115,10,0,10,0.001208161236718297,0
molecola_19115,11,0,11,0.005394311156123877,0
molecola_19115,12,0,12,0.0022064028307795525,0
molecola_19115,13,0,13,0.0033601708710193634,0
molecola_19115,14,0,14,0.005094360560178757,0
molecola_19115,15,0,15,0.0058658248744904995,0
molecola_19115,16,0,16,0.0017020124942064285,0
molecola_19115,17,0,17,0.012975289486348629,0
molecola_19115,18,0,18,0.05170825496315956,0
molecola_19115,19,0,19,0.9168829321861267,1
molecola_19115,20,0,20,0.0011218388099223375,0
molecola_19115,21,0,21,0.0017765489174053073,0
molecola_19115,22,0,22,0.0004918660270050168,0
molecola_19115,23,0,23,0.014684566296637058,0
molecola_19115,24,0,24,0.18397141993045807,0
molecola_19115,25,0,25,0.13992178440093994,0
molecola_19115,26,1,26,0.9772127270698547,1
molecola_19115,27,0,27,0.1196417585015297,0
molecola_19115,28,0,28,0.042472463101148605,0
molecola_19115,29,0,29,0.017388010397553444,0
molecola_19115,30,0,30,0.1655428409576416,0
molecola_19340,1,0,1,0.005804020445793867,0
molecola_19340,2,0,2,0.001134539139457047,0
molecola_19340,3,0,3,0.0004822988994419575,0
molecola_19340,4,0,4,0.0005736660677939653,0
molecola_19340,5,0,5,0.0005027951556257904,0
molecola_19340,6,0,6,0.0014052852056920528,0
molecola_19340,7,0,7,0.030047127977013588,0
molecola_19340,8,1,8,0.9930709004402161,1
molecola_19340,9,1,9,0.9590051770210266,1
molecola_19340,10,1,10,0.9590051770210266,1
molecola_19340,11,0,11,0.06672365218400955,0
molecola_19340,12,0,12,0.0020812388975173235,0
molecola_19340,13,0,13,0.9628984928131104,1
molecola_19340,14,0,14,0.9759504199028015,1
molecola_19340,15,0,15,0.000706661434378475,0
molecola_19340,16,0,16,0.0005763180670328438,0
molecola_19340,17,0,17,0.0005146882031112909,0
molecola_19390,1,0,1,0.9117688536643982,1
molecola_19390,2,0,2,0.006245170254260302,0
molecola_19390,3,0,3,0.025459090247750282,0
molecola_19390,4,0,4,0.015054990537464619,0
molecola_19390,5,0,5,0.12522755563259125,0
molecola_19390,6,0,6,0.01618121564388275,0
molecola_19390,7,0,7,0.01342073269188404,0
molecola_19390,8,0,8,0.005622859112918377,0
molecola_19390,9,0,9,0.003994419239461422,0
molecola_19390,10,0,10,0.012023738585412502,0
molecola_19390,11,0,11,0.010216685011982918,0
molecola_19390,12,1,12,0.9746813774108887,1
molecola_19390,13,1,13,0.9815502166748047,1
molecola_19390,14,0,14,0.03444908186793327,0
molecola_19390,15,0,15,0.08661624044179916,0
molecola_19390,16,0,16,0.012998992577195168,0
molecola_19390,17,0,17,0.08530555665493011,0
molecola_19390,18,0,18,0.004841392394155264,0
molecola_19638,1,0,1,0.0019723093137145042,0
molecola_19638,2,0,2,0.00027430974296294153,0
molecola_19638,3,0,3,0.0021685936953872442,0
molecola_19638,4,0,4,0.0030718150082975626,0
molecola_19638,5,0,5,0.0019345685141161084,0
molecola_19638,6,0,6,0.012524723075330257,0
molecola_19638,7,0,7,0.012518762610852718,0
molecola_19638,8,0,8,0.012524723075330257,0
molecola_19638,9,0,9,0.0019345685141161084,0
molecola_19638,10,0,10,0.00040992253343574703,0
molecola_19638,11,0,11,0.00043163419468328357,0
molecola_19638,12,0,12,0.0003506355860736221,0
molecola_19638,13,0,13,0.0009045592742040753,0
molecola_19638,14,0,14,0.0032000518403947353,0
molecola_19638,15,0,15,0.022427428513765335,0
molecola_19638,16,0,16,0.0032000518403947353,0
molecola_19638,17,0,17,0.0009045592742040753,0
molecola_19638,18,1,18,0.9436950087547302,1
molecola_19638,19,1,19,0.9450333118438721,1
molecola_19638,20,1,20,0.9346282482147217,1
molecola_19638,21,1,21,0.9670484662055969,1
molecola_19784,1,1,1,0.9632956981658936,1
molecola_19784,2,1,2,0.9606837630271912,1
molecola_19784,3,0,3,0.6314671635627747,1
molecola_19784,4,0,4,0.11192013323307037,0
molecola_19784,5,0,5,0.005329743027687073,0
molecola_19784,6,0,6,0.5740771293640137,1
molecola_19784,7,0,7,0.0014941947301849723,0
molecola_19784,8,0,8,0.005752962548285723,0
molecola_19784,9,0,9,0.004496575798839331,0
molecola_19784,10,0,10,0.001605142722837627,0
molecola_19784,11,0,11,0.0006205932004377246,0
molecola_19784,12,0,12,0.0007688269251957536,0
molecola_19784,13,0,13,0.005256619304418564,0
molecola_19784,14,0,14,0.21414408087730408,0
molecola_19784,15,0,15,0.13821987807750702,0
molecola_19784,16,0,16,0.056354764848947525,0
molecola_19784,17,0,17,0.009138127788901329,0
molecola_19784,18,0,18,0.0008365975227206945,0
molecola_19784,19,0,19,0.0007478383486159146,0
molecola_19784,20,0,20,0.03428708389401436,0
molecola_19784,21,0,21,0.0018497566925361753,0
molecola_19784,22,0,22,0.0041559417732059956,0
molecola_19784,23,0,23,0.003621157258749008,0
molecola_19784,24,0,24,0.009409735910594463,0
molecola_19784,25,0,25,0.011707031168043613,0
molecola_19784,26,0,26,0.0013122119707986712,0
molecola_19784,27,0,27,0.0008272750419564545,0
molecola_19784,28,0,28,0.0008272750419564545,0
molecola_19784,29,0,29,0.0005440625827759504,0
molecola_19784,30,0,30,0.003621157258749008,0
molecola_19784,31,0,31,0.0041559417732059956,0
molecola_19833,1,1,1,0.9923490285873413,1
molecola_19833,2,0,2,0.11970045417547226,0
molecola_19833,3,0,3,0.7118107080459595,1
molecola_19833,4,0,4,0.020923800766468048,0
molecola_19833,5,0,5,0.001683927490375936,0
molecola_19833,6,0,6,0.0007243047584779561,0
molecola_19833,7,0,7,0.011235053651034832,0
molecola_19833,8,0,8,0.0020640348084270954,0
molecola_19833,9,0,9,0.43397676944732666,0
molecola_19936,1,0,1,0.7156234383583069,1
molecola_19936,2,0,2,0.8940572142601013,1
molecola_19936,3,0,3,0.009563188068568707,0
molecola_19936,4,0,4,0.0016347365453839302,0
molecola_19936,5,0,5,0.0012158447643741965,0
molecola_19936,6,0,6,0.002371997805312276,0
molecola_19936,7,0,7,0.042099371552467346,0
molecola_19936,8,0,8,0.9610148072242737,1
molecola_19936,9,0,9,0.9530632495880127,1
molecola_19936,10,0,10,0.3055114150047302,0
molecola_19936,11,0,11,0.012355688959360123,0
molecola_19936,12,0,12,0.5904250741004944,1
molecola_19936,13,1,13,0.9788395762443542,1
molecola_19936,14,1,14,0.976954460144043,1
molecola_19936,15,0,15,0.682888388633728,1
molecola_19936,16,0,16,0.068976029753685,0
molecola_19936,17,0,17,0.00038523695548065007,0
molecola_19936,18,0,18,0.00048706651432439685,0
molecola_19936,19,0,19,0.001844119280576706,0
molecola_19936,20,0,20,0.0038855895400047302,0
molecola_19936,21,0,21,0.9286893010139465,1
molecola_19936,22,0,22,0.9458507895469666,1
molecola_19936,23,0,23,0.0015134606510400772,0
molecola_19936,24,0,24,0.001392159960232675,0
molecola_19936,25,1,25,0.9889407753944397,1
molecola_19936,26,0,26,0.9068600535392761,1
molecola_19936,27,1,27,0.9068600535392761,1
molecola_19983,1,1,1,0.9915537238121033,1
molecola_19983,2,0,2,0.15097838640213013,0
molecola_19983,3,0,3,0.4165981113910675,0
molecola_19983,4,0,4,0.015208862721920013,0
molecola_19983,5,0,5,0.0019485264783725142,0
molecola_19983,6,0,6,0.002441619522869587,0
molecola_19983,7,0,7,0.002051249146461487,0
molecola_19983,8,0,8,0.41937944293022156,0
molecola_19983,9,0,9,0.00043821471626870334,0
molecola_19983,10,0,10,0.000417323928559199,0
molecola_19983,11,0,11,0.000417323928559199,0
molecola_19983,12,0,12,0.000417323928559199,0
molecola_2000,1,0,1,0.0014673670521005988,0
molecola_2000,2,0,2,0.003984375856816769,0
molecola_2000,3,0,3,0.0014673670521005988,0
molecola_2000,4,0,4,0.002157842740416527,0
molecola_2000,5,0,5,0.02286320924758911,0
molecola_2000,6,0,6,0.2437625676393509,0
molecola_2000,7,0,7,0.2690327763557434,0
molecola_2000,8,1,8,0.9742238521575928,1
molecola_2000,9,0,9,0.24955838918685913,0
molecola_2000,10,1,10,0.9755622148513794,1
molecola_2000,11,0,11,0.2336997091770172,0
molecola_2000,12,0,12,0.042333997786045074,0
molecola_2000,13,0,13,0.030614806339144707,0
molecola_2000,14,0,14,0.030180392786860466,0
molecola_2000,15,0,15,0.02535596862435341,0
molecola_2000,16,0,16,0.003923283889889717,0
molecola_2000,17,0,17,0.01460605300962925,0
molecola_2000,18,0,18,0.0026742545887827873,0
molecola_20103,1,1,1,0.9915976524353027,1
molecola_20103,2,0,2,0.19038134813308716,0
molecola_20103,3,0,3,0.7369061708450317,1
molecola_20103,4,0,4,0.049227915704250336,0
molecola_20103,5,0,5,0.0016856180736795068,0
molecola_20103,6,0,6,0.049227915704250336,0
molecola_20103,7,0,7,0.7369061708450317,1
molecola_20103,8,0,8,0.0007099210051819682,0
molecola_20103,9,0,9,0.00042006594594568014,0
molecola_20103,10,0,10,0.0008655050187371671,0
molecola_20103,11,0,11,0.000790134712588042,0
molecola_20103,12,0,12,0.0006327471928671002,0
molecola_20103,13,0,13,0.0004700112040154636,0
molecola_20103,14,0,14,0.0003808409092016518,0
molecola_20103,15,0,15,0.0005709093529731035,0
molecola_20103,16,0,16,0.0005035551148466766,0
molecola_20103,17,0,17,0.0004905002424493432,0
molecola_20103,18,0,18,0.0024615724105387926,0
molecola_20103,19,0,19,0.0024615724105387926,0
molecola_20103,20,0,20,0.0005035551148466766,0
molecola_20103,21,0,21,0.0004905002424493432,0
molecola_20103,22,0,22,0.0011148013873025775,0
molecola_20103,23,0,23,0.0006427044863812625,0
molecola_20103,24,0,24,0.0008166735642589629,0
molecola_20103,25,0,25,0.0004230595950502902,0
molecola_20245,1,0,1,0.010807080194354057,0
molecola_20245,2,0,2,0.004063006024807692,0
molecola_20245,3,0,3,0.006532737519592047,0
molecola_20245,4,0,4,0.005109066143631935,0
molecola_20245,5,0,5,0.009335878305137157,0
molecola_20245,6,0,6,0.0022498799953609705,0
molecola_20245,7,0,7,0.0009228780400007963,0
molecola_20245,8,0,8,0.004298736806958914,0
molecola_20245,9,0,9,0.0003089563106186688,0
molecola_20245,10,0,10,0.0004174170026089996,0
molecola_20245,11,0,11,0.0007297282572835684,0
molecola_20245,12,0,12,0.000815407547634095,0
molecola_20245,13,0,13,0.02091316133737564,0
molecola_20245,14,0,14,0.8337746262550354,1
molecola_20245,15,1,15,0.9412650465965271,1
molecola_20245,16,1,16,0.953920841217041,1
molecola_20245,17,0,17,0.051629554480314255,0
molecola_20245,18,0,18,0.015941526740789413,0
molecola_20245,19,0,19,0.027043286710977554,0
molecola_20245,20,0,20,0.04163477569818497,0
molecola_20245,21,0,21,0.027043286710977554,0
molecola_20245,22,0,22,0.015941526740789413,0
molecola_20245,23,0,23,0.0003376430249772966,0
molecola_20245,24,0,24,0.0006760492688044906,0
molecola_20245,25,0,25,0.000428246014053002,0
molecola_20245,26,0,26,0.000580979511141777,0
molecola_20245,27,0,27,0.0003905026242136955,0
molecola_20245,28,0,28,0.0010491476859897375,0
molecola_20245,29,0,29,0.0015572283882647753,0
molecola_20245,30,0,30,0.0028925349470227957,0
molecola_20245,31,0,31,0.000972953625023365,0
molecola_20245,32,0,32,0.0002464275457896292,0
molecola_20245,33,0,33,0.0028925349470227957,0
molecola_20245,34,0,34,0.0015572283882647753,0
molecola_20556,1,0,1,0.001703157788142562,0
molecola_20556,2,0,2,0.0013049024855718017,0
molecola_20556,3,0,3,0.0010776241542771459,0
molecola_20556,4,0,4,0.0013686995953321457,0
molecola_20556,5,0,5,0.0009214885649271309,0
molecola_20556,6,0,6,0.0008018360240384936,0
molecola_20556,7,0,7,0.0006907826755195856,0
molecola_20556,8,0,8,0.0005000081146135926,0
molecola_20556,9,0,9,0.0012265752302482724,0
molecola_20556,10,0,10,0.0006902167806401849,0
molecola_20556,11,0,11,0.0013449620455503464,0
molecola_20556,12,0,12,0.0033168792724609375,0
molecola_20556,13,0,13,0.0033168792724609375,0
molecola_20556,14,0,14,0.0013449620455503464,0
molecola_20556,15,0,15,0.0005183981265872717,0
molecola_20556,16,0,16,0.000513165898155421,0
molecola_20556,17,0,17,0.0005276825977489352,0
molecola_20556,18,0,18,0.00036053519579581916,0
molecola_20556,19,0,19,0.00098399946000427,0
molecola_20556,20,0,20,0.004251135978847742,0
molecola_20556,21,0,21,0.00098399946000427,0
molecola_20556,22,0,22,0.00036053519579581916,0
molecola_20556,23,0,23,0.019503667950630188,0
molecola_20556,24,0,24,0.0007081418880261481,0
molecola_20556,25,0,25,0.09605759382247925,0
molecola_20556,26,1,26,0.9651315808296204,1
molecola_20556,27,0,27,0.0005655974382534623,0
molecola_20556,28,0,28,0.0005440714303404093,0
molecola_20556,29,0,29,0.0012517899740487337,0
molecola_20556,30,0,30,0.006680451799184084,0
molecola_20556,31,0,31,0.006680451799184084,0
molecola_20573,1,0,1,0.005203080363571644,0
molecola_20573,2,0,2,0.001423885696567595,0
molecola_20573,3,0,3,0.0013982054078951478,0
molecola_20573,4,0,4,0.0005708092357963324,0
molecola_20573,5,0,5,0.0002961995778605342,0
molecola_20573,6,0,6,0.0005708092357963324,0
molecola_20573,7,0,7,0.0013982054078951478,0
molecola_20573,8,0,8,0.0015589827671647072,0
molecola_20573,9,0,9,0.000909771304577589,0
molecola_20573,10,0,10,0.000909771304577589,0
molecola_20573,11,0,11,0.0036528613418340683,0
molecola_20573,12,0,12,0.0011495272628962994,0
molecola_20573,13,0,13,0.0012305083218961954,0
molecola_20573,14,0,14,0.4297405183315277,0
molecola_20573,15,0,15,0.001445154775865376,0
molecola_20573,16,0,16,0.01568344421684742,0
molecola_20573,17,0,17,0.5547378659248352,1
molecola_20573,18,1,18,0.5873170495033264,1
molecola_20573,19,1,19,0.975909411907196,1
molecola_20573,20,1,20,0.9768527746200562,1
molecola_20573,21,1,21,0.6741071939468384,1
molecola_20573,22,0,22,0.03824270889163017,0
molecola_20573,23,0,23,0.002644364023581147,0
molecola_20768,1,1,1,0.8992737531661987,1
molecola_20768,2,1,2,0.9863998889923096,1
molecola_20768,3,1,3,0.8992737531661987,1
molecola_20768,4,1,4,0.8968724012374878,1
molecola_20768,5,0,5,0.10884036123752594,0
molecola_20768,6,0,6,0.002964415354654193,0
molecola_20768,7,0,7,0.34148919582366943,0
molecola_20768,8,0,8,0.006741460412740707,0
molecola_20768,9,0,9,0.012475980445742607,0
molecola_20768,10,0,10,0.014249338768422604,0
molecola_20768,11,0,11,0.07310996204614639,0
molecola_20768,12,0,12,0.1348722279071808,0
molecola_20768,13,0,13,0.003380510723218322,0
molecola_20768,14,0,14,0.007703476119786501,0
molecola_20768,15,0,15,0.09000346064567566,0
molecola_20768,16,0,16,0.041126638650894165,0
molecola_20768,17,0,17,0.029391193762421608,0
molecola_20768,18,0,18,0.0004639374674297869,0
molecola_20768,19,0,19,0.00041732192039489746,0
molecola_20768,20,0,20,0.00041732192039489746,0
molecola_20768,21,0,21,0.00041732192039489746,0
molecola_20768,22,0,22,0.049103740602731705,0
molecola_20768,23,0,23,0.142172172665596,0
molecola_20768,24,0,24,0.027189144864678383,0
molecola_20768,25,0,25,0.02537933550775051,0
molecola_20768,26,0,26,0.048316147178411484,0
molecola_20768,27,0,27,0.048399269580841064,0
molecola_20768,28,0,28,0.025607839226722717,0
molecola_20768,29,0,29,0.002546006813645363,0
molecola_20931,1,1,1,0.9782674312591553,1
molecola_20931,2,0,2,0.1668233573436737,0
molecola_20931,3,0,3,0.18233829736709595,0
molecola_20931,4,0,4,0.0031830419320613146,0
molecola_20931,5,0,5,0.00045168722863309085,0
molecola_20931,6,0,6,0.010511331260204315,0
molecola_20931,7,0,7,0.13458560407161713,0
molecola_20931,8,0,8,0.03184955567121506,0
molecola_20931,9,0,9,0.0005865062121301889,0
molecola_20931,10,0,10,0.00037256255745887756,0
molecola_20931,11,0,11,0.0004990472225472331,0
molecola_20931,12,0,12,0.0011213874677196145,0
molecola_20931,13,0,13,0.0010281100403517485,0
molecola_20931,14,0,14,0.0005163800669834018,0
molecola_20931,15,0,15,0.006268066819757223,0
molecola_20931,16,0,16,0.011628362350165844,0
molecola_20931,17,0,17,0.004422008525580168,0
molecola_20931,18,0,18,0.00045048646279610693,0
molecola_20931,19,0,19,0.0005272383568808436,0
molecola_20931,20,0,20,0.0004730539512820542,0
molecola_20931,21,0,21,0.00041364424396306276,0
molecola_20931,22,0,22,0.0005589515203610063,0
molecola_20931,23,0,23,0.00047767444630153477,0
molecola_20931,24,0,24,0.0005589515203610063,0
molecola_20931,25,0,25,0.00041364424396306276,0
molecola_20931,26,0,26,0.0003093164414167404,0
molecola_20931,27,0,27,0.0012633523438125849,0
molecola_20931,28,0,28,0.0008704672800377011,0
molecola_20931,29,0,29,0.0007845474756322801,0
molecola_20931,30,0,30,0.0006833294173702598,0
molecola_20995,1,0,1,0.0013602301478385925,0
molecola_20995,2,0,2,0.0005779628409072757,0
molecola_20995,3,0,3,0.0007443682989105582,0
molecola_20995,4,0,4,0.0011810885043814778,0
molecola_20995,5,0,5,0.011578187346458435,0
molecola_20995,6,0,6,0.03160099685192108,0
molecola_20995,7,0,7,0.040996965020895004,0
molecola_20995,8,0,8,0.007008061744272709,0
molecola_20995,9,0,9,0.0003325608267914504,0
molecola_20995,10,0,10,0.00030063383746892214,0
molecola_20995,11,0,11,0.0010523163946345448,0
molecola_20995,12,0,12,0.0007966422708705068,0
molecola_20995,13,0,13,0.6184502243995667,1
molecola_20995,14,0,14,0.0008207650389522314,0
molecola_20995,15,0,15,0.0003350363112986088,0
molecola_20995,16,0,16,0.0004949126159772277,0
molecola_20995,17,0,17,0.002512026112526655,0
molecola_20995,18,0,18,0.06416654586791992,0
molecola_20995,19,0,19,0.002512026112526655,0
molecola_20995,20,0,20,0.0004949126159772277,0
molecola_20995,21,1,21,0.9933915138244629,1
molecola_20995,22,1,22,0.9570689797401428,1
molecola_20995,23,1,23,0.9570689797401428,1
molecola_21033,1,0,1,0.0052030752412974834,0
molecola_21033,2,0,2,0.0015750305028632283,0
molecola_21033,3,0,3,0.002366179134696722,0
molecola_21033,4,0,4,0.0010876464657485485,0
molecola_21033,5,0,5,0.00042770031723193824,0
molecola_21033,6,0,6,0.0010876464657485485,0
molecola_21033,7,0,7,0.002366179134696722,0
molecola_21033,8,0,8,0.0006760811666026711,0
molecola_21033,9,0,9,0.00047840463230386376,0
molecola_21033,10,0,10,0.002569417003542185,0
molecola_21033,11,0,11,0.002167952014133334,0
molecola_21033,12,0,12,0.21777856349945068,0
molecola_21033,13,0,13,0.8206092715263367,1
molecola_21033,14,0,14,0.2059658318758011,0
molecola_21033,15,1,15,0.9860398769378662,1
molecola_21033,16,0,16,0.2997625172138214,0
molecola_21033,17,1,17,0.9907998442649841,1
molecola_21033,18,0,18,0.45921608805656433,0
molecola_21192,1,1,1,0.9923490285873413,1
molecola_21192,2,0,2,0.12049772590398788,0
molecola_21192,3,0,3,0.7116723656654358,1
molecola_21192,4,0,4,0.013837823644280434,0
molecola_21192,5,0,5,0.0013625173596665263,0
molecola_21192,6,0,6,0.0020467708818614483,0
molecola_21192,7,0,7,0.0007674134103581309,0
molecola_21192,8,0,8,0.0009140761685557663,0
molecola_21192,9,0,9,0.0005873761256225407,0
molecola_21192,10,0,10,0.002505997195839882,0
molecola_21192,11,0,11,0.0006199931376613677,0
molecola_21192,12,0,12,0.0006721612298861146,0
molecola_21192,13,0,13,0.0006583422655239701,0
molecola_21192,14,0,14,0.0006721612298861146,0
molecola_21192,15,0,15,0.0006199931376613677,0
molecola_21192,16,0,16,0.00042952565127052367,0
molecola_21192,17,0,17,0.00036271504359319806,0
molecola_21192,18,0,18,0.002470496343448758,0
molecola_21192,19,0,19,0.025536607950925827,0
molecola_21192,20,0,20,0.05914320424199104,0
molecola_21192,21,0,21,0.025536607950925827,0
molecola_21192,22,0,22,0.002470496343448758,0
molecola_21192,23,0,23,0.00036271504359319806,0
molecola_21192,24,0,24,0.002470496343448758,0
molecola_21192,25,0,25,0.025536607950925827,0
molecola_21192,26,0,26,0.05914320424199104,0
molecola_21192,27,0,27,0.025536607950925827,0
molecola_21192,28,0,28,0.002470496343448758,0
molecola_21192,29,0,29,0.018677588552236557,0
molecola_21192,30,0,30,0.1026507019996643,0
molecola_21192,31,0,31,0.06394809484481812,0
molecola_21192,32,0,32,0.021204527467489243,0
molecola_21192,33,0,33,0.4459535777568817,0
molecola_21357,1,0,1,0.9820467233657837,1
molecola_21357,2,0,2,0.9822315573692322,1
molecola_21357,3,0,3,0.0038441228680312634,0
molecola_21357,4,0,4,0.015293165110051632,0
molecola_21357,5,0,5,0.0021035661920905113,0
molecola_21357,6,0,6,0.0009077329887077212,0
molecola_21357,7,0,7,0.0007730732904747128,0
molecola_21357,8,0,8,0.0005952303181402385,0
molecola_21357,9,0,9,0.0006016200059093535,0
molecola_21357,10,0,10,0.00037994267768226564,0
molecola_21357,11,0,11,0.0004921938525512815,0
molecola_21357,12,0,12,0.0011797902407124639,0
molecola_21357,13,0,13,0.0009050877415575087,0
molecola_21357,14,0,14,0.0015219005290418863,0
molecola_21357,15,0,15,0.00046672014286741614,0
molecola_21357,16,0,16,0.0009050877415575087,0
molecola_21357,17,0,17,0.0011797902407124639,0
molecola_21357,18,0,18,0.0006249963771551847,0
molecola_21357,19,0,19,0.0028382432647049427,0
molecola_21357,20,1,20,0.7820401191711426,1
molecola_21357,21,0,21,0.07457560300827026,0
molecola_21357,22,1,22,0.9924403429031372,1
molecola_21357,23,1,23,0.7820401191711426,1
molecola_21357,24,0,24,0.0028382432647049427,0
molecola_21357,25,0,25,0.0008737297612242401,0
molecola_21357,26,0,26,0.0007693355437368155,0
molecola_21357,27,0,27,0.002665399806573987,0
molecola_21357,28,0,28,0.0014321014750748873,0
molecola_21357,29,0,29,0.0007104286341927946,0
molecola_21357,30,0,30,0.002665399806573987,0
molecola_21357,31,0,31,0.0007693355437368155,0
molecola_21613,1,0,1,0.22889985144138336,0
molecola_21613,2,0,2,0.020127998664975166,0
molecola_21613,3,0,3,0.024087343364953995,0
molecola_21613,4,0,4,0.0040739974938333035,0
molecola_21613,5,1,5,0.9117695689201355,1
molecola_21613,6,0,6,0.0010967713315039873,0
molecola_21613,7,0,7,0.02879907377064228,0
molecola_21613,8,0,8,0.0021523190662264824,0
molecola_21613,9,0,9,0.002145495032891631,0
molecola_21613,10,0,10,0.0013961284421384335,0
molecola_21613,11,0,11,0.00033882775460369885,0
molecola_21613,12,0,12,0.0013961284421384335,0
molecola_21613,13,0,13,0.002145495032891631,0
molecola_21613,14,0,14,0.00035556298098526895,0
molecola_21613,15,0,15,0.0004173971537966281,0
molecola_21613,16,0,16,0.0004173971537966281,0
molecola_21613,17,0,17,0.0004173971537966281,0
molecola_21654,1,0,1,0.06466797739267349,0
molecola_21654,2,0,2,0.023006640374660492,0
molecola_21654,3,0,3,0.014450778253376484,0
molecola_21654,4,0,4,0.0119398208335042,0
molecola_21654,5,1,5,0.9809462428092957,1
molecola_21654,6,1,6,0.9805487394332886,1
molecola_21654,7,0,7,0.015173052437603474,0
molecola_21654,8,0,8,0.04847639054059982,0
molecola_21654,9,0,9,0.7136524319648743,1
molecola_21654,10,0,10,0.00916554220020771,0
molecola_21654,11,0,11,0.053379520773887634,0
molecola_21654,12,0,12,0.1510327160358429,0
molecola_21654,13,0,13,0.1377621740102768,0
molecola_21654,14,0,14,0.03768523409962654,0
molecola_21654,15,0,15,0.13126689195632935,0
molecola_21654,16,0,16,0.0523332916200161,0
molecola_21654,17,0,17,0.044393882155418396,0
molecola_21654,18,0,18,0.0017364721279591322,0
molecola_21654,19,0,19,0.001424620859324932,0
molecola_21654,20,0,20,0.0026718354783952236,0
molecola_21654,21,0,21,0.0018389924662187696,0
molecola_21654,22,0,22,0.012492729350924492,0
molecola_21654,23,0,23,0.012518756091594696,0
molecola_21654,24,0,24,0.012492729350924492,0
molecola_21654,25,0,25,0.0018389924662187696,0
molecola_21654,26,0,26,0.009234277531504631,0
molecola_21692,1,0,1,0.9391846060752869,1
molecola_21692,2,0,2,0.9218864440917969,1
molecola_21692,3,0,3,0.06762728840112686,0
molecola_21692,4,0,4,0.0010047585237771273,0
molecola_21692,5,0,5,0.0003709044249262661,0
molecola_21692,6,0,6,0.03373531624674797,0
molecola_21692,7,0,7,0.0022098172921687365,0
molecola_21692,8,0,8,0.0022098172921687365,0
molecola_21692,9,0,9,0.00041949530714191496,0
molecola_21692,10,0,10,0.0010556112974882126,0
molecola_21692,11,0,11,0.0003708449949044734,0
molecola_21692,12,0,12,0.0022913857828825712,0
molecola_21692,13,0,13,0.0024023205041885376,0
molecola_21692,14,0,14,0.002282934496179223,0
molecola_21692,15,0,15,0.0025146848056465387,0
molecola_21692,16,0,16,0.02538570575416088,0
molecola_21692,17,0,17,0.0010134754702448845,0
molecola_21692,18,0,18,0.0011167209595441818,0
molecola_21692,19,0,19,0.0010131048038601875,0
molecola_21692,20,0,20,0.0025491027627140284,0
molecola_21692,21,0,21,0.0008283158531412482,0
molecola_21692,22,0,22,0.0005678487941622734,0
molecola_21692,23,0,23,0.0010569964069873095,0
molecola_21692,24,0,24,0.0005771921132691205,0
molecola_21692,25,0,25,0.0002232508995803073,0
molecola_21692,26,1,26,0.9931780099868774,1
molecola_21692,27,0,27,0.9586511850357056,1
molecola_21692,28,1,28,0.9586511850357056,1
molecola_21734,1,0,1,0.016566408798098564,0
molecola_21734,2,0,2,0.005784012842923403,0
molecola_21734,3,0,3,0.0008658457081764936,0
molecola_21734,4,0,4,0.010769575834274292,0
molecola_21734,5,0,5,0.0021951934322714806,0
molecola_21734,6,0,6,0.0024186023510992527,0
molecola_21734,7,0,7,0.005296558607369661,0
molecola_21734,8,0,8,0.0008667094516567886,0
molecola_21734,9,0,9,0.0005616056150756776,0
molecola_21734,10,0,10,0.0006625335663557053,0
molecola_21734,11,0,11,0.0004318247374612838,0
molecola_21734,12,0,12,0.0016291126376017928,0
molecola_21734,13,0,13,0.7820490002632141,1
molecola_21734,14,0,14,0.07457563281059265,0
molecola_21734,15,1,15,0.9924403429031372,1
molecola_21734,16,0,16,0.7820490002632141,1
molecola_21734,17,0,17,0.0016291126376017928,0
molecola_2182,1,1,1,0.9789228439331055,1
molecola_2182,2,0,2,0.16824500262737274,0
molecola_2182,3,0,3,0.18523074686527252,0
molecola_2182,4,0,4,0.002798707690089941,0
molecola_2182,5,0,5,0.0008255804423242807,0
molecola_2182,6,0,6,0.0020244843326509,0
molecola_2182,7,0,7,0.012479152530431747,0
molecola_2182,8,0,8,0.0007902676588855684,0
molecola_2182,9,0,9,0.015038030222058296,0
molecola_2182,10,0,10,0.08841993659734726,0
molecola_2182,11,0,11,0.0163081306964159,0
molecola_2182,12,0,12,0.69426029920578,1
molecola_2182,13,0,13,0.22381997108459473,0
molecola_2182,14,0,14,0.056407734751701355,0
molecola_2182,15,0,15,0.056407734751701355,0
molecola_2182,16,0,16,0.0009294531191699207,0
molecola_2182,17,0,17,0.18014371395111084,0
molecola_2182,18,0,18,0.06088246405124664,0
molecola_2182,19,0,19,0.011080240830779076,0
molecola_2182,20,0,20,0.0088094063103199,0
molecola_2182,21,0,21,0.0088094063103199,0
molecola_2182,22,0,22,0.0088094063103199,0
molecola_21842,1,0,1,0.0005914163193665445,0
molecola_21842,2,0,2,0.000614322314504534,0
molecola_21842,3,0,3,0.0005914163193665445,0
molecola_21842,4,0,4,0.0064025986939668655,0
molecola_21842,5,0,5,0.03343052417039871,0
molecola_21842,6,0,6,0.09756969660520554,0
molecola_21842,7,0,7,0.28167450428009033,0
molecola_21842,8,0,8,0.022747106850147247,0
molecola_21842,9,0,9,0.003863756312057376,0
molecola_21842,10,0,10,0.12556417286396027,0
molecola_21842,11,0,11,0.14564289152622223,0
molecola_21842,12,0,12,0.23614396154880524,0
molecola_21842,13,0,13,0.0038255646359175444,0
molecola_21842,14,0,14,0.0006820782436989248,0
molecola_21842,15,0,15,0.005142169073224068,0
molecola_21842,16,0,16,0.00474684638902545,0
molecola_21842,17,0,17,0.014417607337236404,0
molecola_21842,18,0,18,0.051496680825948715,0
molecola_21842,19,0,19,0.0725175216794014,0
molecola_21842,20,0,20,0.09222709387540817,0
molecola_21842,21,0,21,0.09877871721982956,0
molecola_21842,22,1,22,0.9853283762931824,1
molecola_21842,23,0,23,0.16493400931358337,0
molecola_21842,24,0,24,0.04008553549647331,0
molecola_21842,25,0,25,0.046788960695266724,0
molecola_21874,1,1,1,0.9746334552764893,1
molecola_21874,2,0,2,0.19953088462352753,0
molecola_21874,3,0,3,0.1316491663455963,0
molecola_21874,4,0,4,0.17308498919010162,0
molecola_21874,5,0,5,0.2603955864906311,0
molecola_21874,6,0,6,0.17403922975063324,0
molecola_21874,7,0,7,0.008667074143886566,0
molecola_21874,8,0,8,0.005439045373350382,0
molecola_21874,9,0,9,0.00054414093028754,0
molecola_21874,10,0,10,0.005439045373350382,0
molecola_21874,11,0,11,0.00054414093028754,0
molecola_21874,12,0,12,0.008667074143886566,0
molecola_21874,13,0,13,0.17403915524482727,0
molecola_21874,14,0,14,0.26040610671043396,0
molecola_21874,15,0,15,0.17403943836688995,0
molecola_21874,16,0,16,0.10366012156009674,0
molecola_21874,17,0,17,0.13401207327842712,0
molecola_21874,18,0,18,0.02897629514336586,0
molecola_22139,1,0,1,0.0004750043444801122,0
molecola_22139,2,0,2,0.0004935774486511946,0
molecola_22139,3,0,3,0.21885068714618683,0
molecola_22139,4,0,4,0.015111008659005165,0
molecola_22139,5,0,5,0.15099550783634186,0
molecola_22139,6,0,6,0.1811406910419464,0
molecola_22139,7,0,7,0.022019516676664352,0
molecola_22139,8,0,8,0.26394131779670715,0
molecola_22139,9,0,9,0.05051189288496971,0
molecola_22139,10,1,10,0.9765674471855164,1
molecola_22139,11,0,11,0.023839738219976425,0
molecola_22139,12,0,12,0.0009033331880345941,0
molecola_22139,13,0,13,0.0004052253789268434,0
molecola_22139,14,0,14,0.0004052253789268434,0
molecola_22139,15,0,15,0.0008992415969260037,0
molecola_22139,16,0,16,0.0007707315380685031,0
molecola_22139,17,0,17,0.036718741059303284,0
molecola_22139,18,0,18,0.004780981689691544,0
molecola_22139,19,0,19,0.14734713733196259,0
molecola_22139,20,0,20,0.2398368865251541,0
molecola_22139,21,0,21,0.38169169425964355,0
molecola_22139,22,0,22,0.2969667911529541,0
molecola_22139,23,0,23,0.14452609419822693,0
molecola_22142,1,1,1,0.9568475484848022,1
molecola_22142,2,1,2,0.9933968782424927,1
molecola_22142,3,1,3,0.9568475484848022,1
molecola_22142,4,0,4,0.06500255316495895,0
molecola_22142,5,0,5,0.011690635234117508,0
molecola_22142,6,0,6,0.008471466600894928,0
molecola_22142,7,0,7,0.02265816368162632,0
molecola_22142,8,0,8,0.020915035158395767,0
molecola_22142,9,0,9,0.029689166694879532,0
molecola_22142,10,0,10,0.07150129228830338,0
molecola_22142,11,0,11,0.08338887244462967,0
molecola_22142,12,0,12,0.04702860489487648,0
molecola_22142,13,0,13,0.015469477511942387,0
molecola_22142,14,0,14,0.0063379728235304356,0
molecola_22142,15,0,15,0.0030276246834546328,0
molecola_22142,16,0,16,0.00032613155781291425,0
molecola_22142,17,0,17,0.002217005705460906,0
molecola_22142,18,0,18,0.0030276246834546328,0
molecola_22142,19,0,19,0.00032613155781291425,0
molecola_22142,20,0,20,0.0063379728235304356,0
molecola_22278,1,0,1,0.0243888758122921,0
molecola_22278,2,0,2,0.01263514719903469,0
molecola_22278,3,0,3,0.3233898878097534,0
molecola_22278,4,0,4,0.5042145848274231,1
molecola_22278,5,0,5,0.6744458675384521,1
molecola_22278,6,1,6,0.8210064768791199,1
molecola_22278,7,0,7,0.1457304060459137,0
molecola_22278,8,0,8,0.2624882161617279,0
molecola_22278,9,0,9,0.24031099677085876,0
molecola_22278,10,0,10,0.7165126800537109,1
molecola_22278,11,0,11,0.6026552319526672,1
molecola_22278,12,1,12,0.9878401160240173,1
molecola_22278,13,0,13,0.6328840255737305,1
molecola_22278,14,0,14,0.3323216736316681,0
molecola_22278,15,0,15,0.25416865944862366,0
molecola_22278,16,0,16,0.08209626376628876,0
molecola_22278,17,0,17,0.22417330741882324,0
molecola_22685,1,0,1,0.0031749308109283447,0
molecola_22685,2,0,2,0.0028993147425353527,0
molecola_22685,3,0,3,0.011834090575575829,0
molecola_22685,4,0,4,0.02882101573050022,0
molecola_22685,5,0,5,0.0030880444683134556,0
molecola_22685,6,0,6,0.09563795477151871,0
molecola_22685,7,0,7,0.12248136848211288,0
molecola_22685,8,0,8,0.11784286797046661,0
molecola_22685,9,0,9,0.0017497752560302615,0
molecola_22685,10,0,10,0.0003764829889405519,0
molecola_22685,11,0,11,0.0011837391648441553,0
molecola_22685,12,0,12,0.0004759704752359539,0
molecola_22685,13,0,13,0.0019852567929774523,0
molecola_22685,14,0,14,0.017030766233801842,0
molecola_22685,15,0,15,0.052619051188230515,0
molecola_22685,16,0,16,0.017030766233801842,0
molecola_22685,17,0,17,0.0019852567929774523,0
molecola_22685,18,0,18,0.009173314087092876,0
molecola_22685,19,1,19,0.003066839650273323,0
molecola_22685,20,1,20,0.615079939365387,1
molecola_22685,21,1,21,0.699569046497345,1
molecola_22685,22,1,22,0.9765152931213379,1
molecola_22685,23,1,23,0.9762552380561829,1
molecola_22685,24,1,24,0.7111861109733582,1
molecola_22701,1,1,1,0.96417236328125,1
molecola_22701,2,1,2,0.9920497536659241,1
molecola_22701,3,1,3,0.96417236328125,1
molecola_22701,4,0,4,0.3114856481552124,0
molecola_22701,5,0,5,0.40895116329193115,0
molecola_22701,6,0,6,0.04456523433327675,0
molecola_22701,7,0,7,0.11374006420373917,0
molecola_22701,8,0,8,0.18483440577983856,0
molecola_22701,9,0,9,0.11159568279981613,0
molecola_22701,10,0,10,0.005027917679399252,0
molecola_22701,11,0,11,0.019017977640032768,0
molecola_22701,12,0,12,0.0031568845734000206,0
molecola_22701,13,0,13,0.007444820366799831,0
molecola_22701,14,0,14,0.00810444075614214,0
molecola_22701,15,0,15,0.010483969934284687,0
molecola_22701,16,0,16,0.027094338089227676,0
molecola_22701,17,0,17,0.027094338089227676,0
molecola_22701,18,0,18,0.001686879200860858,0
molecola_22701,19,0,19,0.000603415712248534,0
molecola_22701,20,0,20,0.005222698673605919,0
molecola_22709,1,0,1,0.08911282569169998,0
molecola_22709,2,0,2,0.15273265540599823,0
molecola_22709,3,0,3,0.5984487533569336,1
molecola_22709,4,0,4,0.8287893533706665,1
molecola_22709,5,0,5,0.6413105130195618,1
molecola_22709,6,0,6,0.01887635700404644,0
molecola_22709,7,0,7,0.0015148412203416228,0
molecola_22709,8,0,8,0.0009615779854357243,0
molecola_22709,9,0,9,0.0018243662780150771,0
molecola_22709,10,0,10,0.12067756056785583,0
molecola_22709,11,0,11,0.02846745029091835,0
molecola_22709,12,0,12,0.07452800124883652,0
molecola_22709,13,0,13,0.0010502997320145369,0
molecola_22709,14,0,14,0.0030958345159888268,0
molecola_22709,15,0,15,0.00041942091775126755,0
molecola_22709,16,0,16,0.00033431872725486755,0
molecola_22709,17,0,17,0.0013362749014049768,0
molecola_22709,18,0,18,0.0004015514568891376,0
molecola_22709,19,0,19,0.0007339591393247247,0
molecola_22709,20,0,20,0.00039202591869980097,0
molecola_22709,21,0,21,0.016797605901956558,0
molecola_22709,22,0,22,0.02372930943965912,0
molecola_22709,23,0,23,0.028066469356417656,0
molecola_22709,24,0,24,0.005964570678770542,0
molecola_22709,25,0,25,0.0003813275252468884,0
molecola_22709,26,1,26,0.989655613899231,1
molecola_22709,27,0,27,0.9115445613861084,1
molecola_22709,28,1,28,0.9115445613861084,1
molecola_22847,1,1,1,0.8601481914520264,1
molecola_22847,2,1,2,0.9521328210830688,1
molecola_22847,3,0,3,0.8601481914520264,1
molecola_22847,4,1,4,0.9483548402786255,1
molecola_22847,5,1,5,0.9032901525497437,1
molecola_22847,6,0,6,0.0029729781672358513,0
molecola_22847,7,0,7,0.020970137789845467,0
molecola_22847,8,0,8,0.003688934026286006,0
molecola_22847,9,0,9,0.020970137789845467,0
molecola_22847,10,0,10,0.0029729781672358513,0
molecola_22847,11,0,11,0.011139185167849064,0
molecola_22847,12,0,12,0.0914372131228447,0
molecola_22847,13,0,13,0.025724848732352257,0
molecola_22847,14,0,14,0.04295467585325241,0
molecola_22847,15,0,15,0.005136608146131039,0
molecola_22847,16,0,16,0.03680461645126343,0
molecola_22847,17,0,17,0.051132917404174805,0
molecola_22847,18,0,18,0.04923851788043976,0
molecola_22847,19,0,19,0.034474946558475494,0
molecola_22847,20,0,20,0.0040867808274924755,0
molecola_22847,21,1,21,0.9866263270378113,1
molecola_22847,22,0,22,0.9059358239173889,1
molecola_22847,23,1,23,0.9059358239173889,1
molecola_22925,1,0,1,0.0005411044112406671,0
molecola_22925,2,0,2,0.0121798450127244,0
molecola_22925,3,0,3,0.0005411044112406671,0
molecola_22925,4,0,4,0.002663027960807085,0
molecola_22925,5,0,5,0.0007667263271287084,0
molecola_22925,6,0,6,0.21493716537952423,0
molecola_22925,7,0,7,0.0008026142022572458,0
molecola_22925,8,0,8,0.0007753807003609836,0
molecola_22925,9,0,9,0.0051842681132256985,0
molecola_22925,10,0,10,0.08267625421285629,0
molecola_22925,11,0,11,0.1818772256374359,0
molecola_22925,12,0,12,0.22136715054512024,0
molecola_22925,13,0,13,0.0070441230200231075,0
molecola_22925,14,0,14,0.0018813377246260643,0
molecola_22925,15,0,15,0.004418168216943741,0
molecola_22925,16,0,16,0.0016137893544510007,0
molecola_22925,17,0,17,0.004450253210961819,0
molecola_22925,18,0,18,0.0025367566850036383,0
molecola_22925,19,0,19,0.001250149216502905,0
molecola_22925,20,0,20,0.02091088518500328,0
molecola_22925,21,0,21,0.4307714104652405,0
molecola_22925,22,0,22,0.11990278214216232,0
molecola_22925,23,1,23,0.9923490285873413,1
molecola_22925,24,0,24,0.7116729617118835,1
molecola_22925,25,0,25,0.03130132704973221,0
molecola_22925,26,0,26,0.005206922069191933,0
molecola_22925,27,0,27,0.0019958007615059614,0
molecola_22925,28,0,28,0.002035647165030241,0
molecola_23166,1,1,1,0.9924403429031372,1
molecola_23166,2,0,2,0.07457563281059265,0
molecola_23166,3,0,3,0.782048761844635,1
molecola_23166,4,0,4,0.0015675759641453624,0
molecola_23166,5,0,5,0.00044755832641385496,0
molecola_23166,6,0,6,0.001610931707546115,0
molecola_23166,7,0,7,0.0005453246994875371,0
molecola_23166,8,0,8,0.021302631124854088,0
molecola_23166,9,0,9,0.45533403754234314,0
molecola_23166,10,0,10,0.06824733316898346,0
molecola_23166,11,0,11,0.17623700201511383,0
molecola_23166,12,0,12,0.06824733316898346,0
molecola_23166,13,0,13,0.45533403754234314,0
molecola_23166,14,0,14,0.0017065509455278516,0
molecola_23166,15,0,15,0.0030886183958500624,0
molecola_23166,16,0,16,0.03304503858089447,0
molecola_23166,17,0,17,0.001064005889929831,0
molecola_23166,18,0,18,0.005136133171617985,0
molecola_23166,19,0,19,0.0015675759641453624,0
molecola_23166,20,0,20,0.782048761844635,1
molecola_23270,1,0,1,0.00115504942368716,0
molecola_23270,2,0,2,0.0004982130485586822,0
molecola_23270,3,0,3,0.014574112370610237,0
molecola_23270,4,0,4,0.012723229825496674,0
molecola_23270,5,0,5,0.02993173897266388,0
molecola_23270,6,0,6,0.06854968518018723,0
molecola_23270,7,0,7,0.11941222846508026,0
molecola_23270,8,0,8,0.00039202216430567205,0
molecola_23270,9,0,9,0.0029312102124094963,0
molecola_23270,10,0,10,0.004363188054412603,0
molecola_23270,11,0,11,0.007847048342227936,0
molecola_23270,12,0,12,0.0009215021273121238,0
molecola_23270,13,1,13,0.9784618616104126,1
molecola_23270,14,1,14,0.9799470901489258,1
molecola_23270,15,0,15,0.00040204788092523813,0
molecola_23270,16,0,16,0.0014805278042331338,0
molecola_23298,1,1,1,0.9107609987258911,1
molecola_23298,2,1,2,0.9863437414169312,1
molecola_23298,3,0,3,0.9107609987258911,1
molecola_23298,4,0,4,0.11951401084661484,0
molecola_23298,5,0,5,0.01847054809331894,0
molecola_23298,6,0,6,0.0005732296849600971,0
molecola_23298,7,0,7,0.0013330918736755848,0
molecola_23298,8,0,8,0.0003491519019007683,0
molecola_23298,9,0,9,0.0005573961534537375,0
molecola_23298,10,0,10,0.0003491519019007683,0
molecola_23298,11,0,11,0.0013330918736755848,0
molecola_23298,12,0,12,0.0058973971754312515,0
molecola_23298,13,0,13,0.0058973971754312515,0
molecola_23337,1,0,1,0.2169518917798996,0
molecola_23337,2,0,2,0.10300298780202866,0
molecola_23337,3,0,3,0.11547428369522095,0
molecola_23337,4,0,4,0.12915518879890442,0
molecola_23337,5,0,5,0.026338990777730942,0
molecola_23337,6,0,6,0.005685850512236357,0
molecola_23337,7,0,7,0.0008524939767085016,0
molecola_23337,8,0,8,0.0010993053438141942,0
molecola_23337,9,0,9,0.9160184264183044,1
molecola_23337,10,0,10,0.9529969692230225,1
molecola_23337,11,0,11,0.2624151110649109,0
molecola_23337,12,1,12,0.9673755764961243,1
molecola_23337,13,1,13,0.9565960764884949,1
molecola_23337,14,1,14,0.9506876468658447,1
molecola_23337,15,1,15,0.9689356684684753,1
molecola_23337,16,1,16,0.9792554974555969,1
molecola_23337,17,1,17,0.9334290027618408,1
molecola_23337,18,0,18,0.09756464511156082,0
molecola_23337,19,0,19,0.0344429537653923,0
molecola_23337,20,0,20,0.00518166646361351,0
molecola_23337,21,0,21,0.00030714512104168534,0
molecola_23337,22,0,22,0.0011392669985070825,0
molecola_23337,23,0,23,0.00034537387546151876,0
molecola_23337,24,0,24,0.0005055760848335922,0
molecola_23398,1,0,1,0.0005082524148747325,0
molecola_23398,2,0,2,0.0003041510353796184,0
molecola_23398,3,0,3,0.0003174945595674217,0
molecola_23398,4,0,4,0.00043888171785511076,0
molecola_23398,5,0,5,0.00043888171785511076,0
molecola_23398,6,0,6,0.0014048898592591286,0
molecola_23398,7,0,7,0.0032064372207969427,0
molecola_23398,8,0,8,0.0038322650361806154,0
molecola_23398,9,0,9,0.009352072142064571,0
molecola_23398,10,0,10,0.01220916211605072,0
molecola_23398,11,0,11,0.028035318478941917,0
molecola_23398,12,0,12,0.08621663600206375,0
molecola_23398,13,0,13,0.0023736897855997086,0
molecola_23398,14,0,14,0.006852423306554556,0
molecola_23398,15,0,15,0.0009601123165339231,0
molecola_23398,16,0,16,0.4170854985713959,0
molecola_23398,17,0,17,0.15080556273460388,0
molecola_23398,18,1,18,0.9915537238121033,1
molecola_23398,19,0,19,0.4170854687690735,0
molecola_23398,20,0,20,0.006852423306554556,0
molecola_23398,21,0,21,0.000960111734457314,0
molecola_23398,22,0,22,0.0041483077220618725,0
molecola_23398,23,0,23,0.023453842848539352,0
molecola_23508,1,0,1,0.007832883857190609,0
molecola_23508,2,0,2,0.0019491043640300632,0
molecola_23508,3,0,3,0.001251482404768467,0
molecola_23508,4,0,4,0.0017044238047674298,0
molecola_23508,5,0,5,0.019964871928095818,0
molecola_23508,6,0,6,0.006701348815113306,0
molecola_23508,7,0,7,0.8477689027786255,1
molecola_23508,8,1,8,0.9052467942237854,1
molecola_23508,9,0,9,0.037014190107584,0
molecola_23508,10,0,10,0.098992720246315,0
molecola_23508,11,0,11,0.28759267926216125,0
molecola_23508,12,0,12,0.00869049597531557,0
molecola_23508,13,0,13,0.0004081063671037555,0
molecola_23508,14,0,14,0.0008616350824013352,0
molecola_23508,15,0,15,0.018555963411927223,0
molecola_23508,16,0,16,0.023417944088578224,0
molecola_23508,17,0,17,0.07378498464822769,0
molecola_23508,18,1,18,0.982589602470398,1
molecola_23508,19,1,19,0.9808134436607361,1
molecola_23604,1,0,1,0.02766798809170723,0
molecola_23604,2,0,2,0.010212505236268044,0
molecola_23604,3,0,3,0.007052813656628132,0
molecola_23604,4,0,4,0.01518603228032589,0
molecola_23604,5,0,5,0.023806417360901833,0
molecola_23604,6,0,6,0.15034811198711395,0
molecola_23604,7,0,7,0.6138214468955994,1
molecola_23604,8,0,8,0.6989294290542603,1
molecola_23604,9,0,9,0.06895013153553009,0
molecola_23604,10,0,10,0.04101623222231865,0
molecola_23604,11,1,11,0.9717851877212524,1
molecola_23604,12,1,12,0.9752160906791687,1
molecola_23604,13,0,13,0.6567404866218567,1
molecola_23604,14,0,14,0.8043501377105713,1
molecola_23604,15,0,15,0.014759612269699574,0
molecola_23604,16,0,16,0.014759612269699574,0
molecola_23687,1,0,1,0.026587409898638725,0
molecola_23687,2,0,2,0.003909583669155836,0
molecola_23687,3,0,3,0.05298226326704025,0
molecola_23687,4,1,4,0.9170986413955688,1
molecola_23687,5,0,5,0.011608113534748554,0
molecola_23687,6,0,6,0.008678188547492027,0
molecola_23687,7,0,7,0.013826524838805199,0
molecola_23687,8,0,8,0.013924490660429,0
molecola_23687,9,0,9,0.01862788014113903,0
molecola_23687,10,0,10,0.052652399986982346,0
molecola_23687,11,0,11,0.023596040904521942,0
molecola_23687,12,0,12,0.002185300923883915,0
molecola_23687,13,0,13,0.02653038129210472,0
molecola_23687,14,1,14,0.03951522707939148,0
molecola_23687,15,1,15,0.04797131195664406,0
molecola_23687,16,1,16,0.03951522707939148,0
molecola_23687,17,0,17,0.02653038129210472,0
molecola_23781,1,0,1,0.053092196583747864,0
molecola_23781,2,0,2,0.009090791456401348,0
molecola_23781,3,0,3,0.0014593611704185605,0
molecola_23781,4,0,4,0.0011200375156477094,0
molecola_23781,5,0,5,0.001553951995447278,0
molecola_23781,6,0,6,0.002791032660752535,0
molecola_23781,7,0,7,0.03412804752588272,0
molecola_23781,8,0,8,0.0009853795636445284,0
molecola_23781,9,0,9,0.005785762332379818,0
molecola_23781,10,0,10,0.0010107745183631778,0
molecola_23781,11,0,11,0.0030738147906959057,0
molecola_23781,12,0,12,0.006442498881369829,0
molecola_23781,13,0,13,0.0132483234629035,0
molecola_23781,14,0,14,0.010590300895273685,0
molecola_23781,15,0,15,0.002556844847276807,0
molecola_23781,16,0,16,0.0016010694671422243,0
molecola_23781,17,0,17,0.010888227261602879,0
molecola_23781,18,0,18,0.013689568266272545,0
molecola_23781,19,0,19,0.049442823976278305,0
molecola_23781,20,0,20,0.004827916156500578,0
molecola_23781,21,0,21,0.0028036506846547127,0
molecola_23781,22,0,22,0.04397987201809883,0
molecola_23781,23,0,23,0.0008283068309538066,0
molecola_23781,24,0,24,0.0007478479528799653,0
molecola_23781,25,0,25,0.0008229071972891688,0
molecola_23781,26,0,26,0.0008720575133338571,0
molecola_23781,27,0,27,0.0009575028670951724,0
molecola_23781,28,0,28,0.0004152668989263475,0
molecola_23781,29,0,29,0.07153137028217316,0
molecola_23781,30,0,30,0.6314972043037415,1
molecola_23781,31,1,31,0.8615201711654663,1
molecola_23781,32,1,32,0.8284612894058228,1
molecola_23781,33,1,33,0.9895941019058228,1
molecola_23781,34,0,34,0.9116185307502747,1
molecola_23781,35,1,35,0.9116185307502747,1
molecola_23781,36,0,36,0.0009575028670951724,0
molecola_23781,37,0,37,0.0004152668989263475,0
molecola_23781,38,0,38,0.0008720575133338571,0
molecola_23781,39,0,39,0.016942108049988747,0
molecola_23822,1,0,1,0.004013128578662872,0
molecola_23822,2,0,2,0.0013927578693255782,0
molecola_23822,3,0,3,0.0007882959325797856,0
molecola_23822,4,0,4,0.0007671191124245524,0
molecola_23822,5,0,5,0.005766802001744509,0
molecola_23822,6,0,6,0.005726514849811792,0
molecola_23822,7,0,7,0.051216986030340195,0
molecola_23822,8,0,8,0.9155159592628479,1
molecola_23822,9,0,9,0.021583272144198418,0
molecola_23822,10,0,10,0.01675906777381897,0
molecola_23822,11,0,11,0.021583272144198418,0
molecola_23822,12,0,12,0.0512169748544693,0
molecola_23822,13,0,13,0.9155159592628479,1
molecola_23822,14,0,14,0.13660454750061035,0
molecola_23822,15,0,15,0.016629280522465706,0
molecola_23822,16,0,16,0.013345513492822647,0
molecola_23822,17,0,17,0.0032551840413361788,0
molecola_23822,18,0,18,0.0005421270616352558,0
molecola_23822,19,0,19,0.0013920280616730452,0
molecola_23822,20,0,20,0.7118388414382935,1
molecola_23822,21,0,21,0.11970040202140808,0
molecola_23822,22,1,22,0.9923490285873413,1
molecola_23822,23,0,23,0.4353010058403015,0
molecola_23822,24,0,24,0.0009088883525691926,0
molecola_23822,25,0,25,0.0005353831220418215,0
molecola_23822,26,0,26,0.020558331161737442,0
molecola_23822,27,0,27,0.011353452689945698,0
molecola_23822,28,0,28,0.014945310540497303,0
molecola_23822,29,0,29,0.009290383197367191,0
molecola_23822,30,0,30,0.0011082248529419303,0
molecola_23822,31,0,31,0.00562290707603097,0
molecola_23822,32,0,32,0.0076333582401275635,0
molecola_23870,1,0,1,0.017253033816814423,0
molecola_23870,2,0,2,0.1358666718006134,0
molecola_23870,3,0,3,0.09963826835155487,0
molecola_23870,4,0,4,0.22724831104278564,0
molecola_23870,5,0,5,0.004937535617500544,0
molecola_23870,6,0,6,0.0009491398232057691,0
molecola_23870,7,0,7,0.0011988813057541847,0
molecola_23870,8,0,8,0.013450161553919315,0
molecola_23870,9,0,9,0.9292675852775574,1
molecola_23870,10,0,10,0.012584309093654156,0
molecola_23870,11,0,11,0.9480164647102356,1
molecola_23870,12,0,12,0.0391727015376091,0
molecola_23870,13,0,13,0.01292001735419035,0
molecola_23870,14,0,14,0.01292001735419035,0
molecola_23870,15,0,15,0.9651426672935486,1
molecola_23870,16,0,16,0.9721521139144897,1
molecola_23870,17,0,17,0.001897999201901257,0
molecola_23870,18,0,18,0.001327503938227892,0
molecola_23870,19,0,19,0.002090534195303917,0
molecola_23870,20,0,20,0.0164052564650774,0
molecola_23870,21,0,21,0.6160370707511902,1
molecola_23870,22,0,22,0.12709775567054749,0
molecola_23870,23,1,23,0.9901177287101746,1
molecola_23870,24,0,24,0.8749058842658997,1
molecola_23870,25,0,25,0.9543655514717102,1
molecola_23870,26,0,26,0.9641910791397095,1
molecola_23870,27,0,27,0.007260350976139307,0
molecola_23870,28,0,28,0.004256993532180786,0
molecola_23870,29,0,29,0.0008608924108557403,0
molecola_23870,30,0,30,0.0018437979742884636,0
molecola_23870,31,0,31,0.0008392655872739851,0
molecola_23870,32,0,32,0.0005172596429474652,0
molecola_23870,33,0,33,0.000406399107305333,0
molecola_23870,34,0,34,0.000406399107305333,0
molecola_23870,35,0,35,0.003820879152044654,0
molecola_24353,1,0,1,0.015739472582936287,0
molecola_24353,2,0,2,0.001406273921020329,0
molecola_24353,3,0,3,0.008660546503961086,0
molecola_24353,4,0,4,0.0010092426091432571,0
molecola_24353,5,0,5,0.0010038978653028607,0
molecola_24353,6,0,6,0.002701990772038698,0
molecola_24353,7,0,7,0.782037615776062,1
molecola_24353,8,0,8,0.07457560300827026,0
molecola_24353,9,1,9,0.9924403429031372,1
molecola_24353,10,0,10,0.782037615776062,1
molecola_24353,11,0,11,0.002701990772038698,0
molecola_24353,12,0,12,0.0010649986797943711,0
molecola_24353,13,0,13,0.0005758030456490815,0
molecola_24353,14,0,14,0.0010945841204375029,0
molecola_24353,15,0,15,0.00023537380911875516,0
molecola_24353,16,0,16,0.001203496241942048,0
molecola_24353,17,0,17,0.0013041141210123897,0
molecola_24353,18,0,18,0.00046093424316495657,0
molecola_24353,19,0,19,0.0010925973765552044,0
molecola_24353,20,0,20,0.0015763577539473772,0
molecola_24353,21,0,21,0.0004421605262905359,0
molecola_24490,1,0,1,0.0006313027115538716,0
molecola_24490,2,0,2,0.0005258827586658299,0
molecola_24490,3,0,3,0.0007220356492325664,0
molecola_24490,4,0,4,0.00045847197179682553,0
molecola_24490,5,0,5,0.000612893607467413,0
molecola_24490,6,0,6,0.00040083055500872433,0
molecola_24490,7,0,7,0.00045817025238648057,0
molecola_24490,8,0,8,0.0006002202280797064,0
molecola_24490,9,0,9,0.0004755872068926692,0
molecola_24490,10,0,10,0.0006049402873031795,0
molecola_24490,11,0,11,0.0006403136067092419,0
molecola_24490,12,0,12,0.000750832143239677,0
molecola_24490,13,0,13,0.0021924118045717478,0
molecola_24490,14,0,14,0.006792022380977869,0
molecola_24490,15,0,15,0.004234427586197853,0
molecola_24490,16,0,16,0.0021118742879480124,0
molecola_24490,17,0,17,0.00256636505946517,0
molecola_24490,18,0,18,0.007826038636267185,0
molecola_24490,19,0,19,0.018352074548602104,0
molecola_24490,20,0,20,0.04125937074422836,0
molecola_24490,21,0,21,0.04125937074422836,0
molecola_24490,22,0,22,0.018352074548602104,0
molecola_24490,23,0,23,0.0012976434081792831,0
molecola_24490,24,0,24,0.009696001186966896,0
molecola_24490,25,0,25,0.0727323517203331,0
molecola_24490,26,0,26,0.12303595244884491,0
molecola_24490,27,0,27,0.1940162032842636,0
molecola_24490,28,1,28,0.9746332764625549,1
molecola_24490,29,0,29,0.1319187730550766,0
molecola_24490,30,0,30,0.028639625757932663,0
molecola_24490,31,0,31,0.1450093537569046,0
molecola_24490,32,0,32,0.018353965133428574,0
molecola_24490,33,0,33,0.0036178436130285263,0
molecola_2453,1,0,1,0.01699477806687355,0
molecola_2453,2,0,2,0.0004974415060132742,0
molecola_2453,3,0,3,0.000578927923925221,0
molecola_2453,4,0,4,0.001815750147216022,0
molecola_2453,5,0,5,0.0044195991940796375,0
molecola_2453,6,0,6,0.006528038997203112,0
molecola_2453,7,0,7,0.0021033037919551134,0
molecola_2453,8,0,8,0.007552753668278456,0
molecola_2453,9,0,9,0.03579070046544075,0
molecola_2453,10,0,10,0.02464873157441616,0
molecola_2453,11,0,11,0.0014616637490689754,0
molecola_2453,12,0,12,0.0021497204434126616,0
molecola_2453,13,0,13,0.10259517282247543,0
molecola_2453,14,0,14,0.09756182879209518,0
molecola_2453,15,0,15,0.006966572254896164,0
molecola_2453,16,0,16,0.0021478289272636175,0
molecola_2453,17,0,17,0.07765783369541168,0
molecola_2453,18,0,18,0.06763138622045517,0
molecola_2453,19,0,19,0.3842519521713257,0
molecola_2453,20,1,20,0.8984295725822449,1
molecola_2453,21,1,21,0.9055660367012024,1
molecola_2453,22,0,22,0.924204409122467,1
molecola_2453,23,0,23,0.9587916135787964,1
molecola_2453,24,0,24,0.10042077302932739,0
molecola_2453,25,0,25,0.017630623653531075,0
molecola_24573,1,1,1,0.8439992070198059,1
molecola_24573,2,0,2,0.0673186331987381,0
molecola_24573,3,1,3,0.20347115397453308,0
molecola_24573,4,1,4,0.28930768370628357,0
molecola_24573,5,1,5,0.25402653217315674,0
molecola_24573,6,0,6,0.18151409924030304,0
molecola_24573,7,0,7,0.12441912293434143,0
molecola_24617,1,0,1,0.11000333726406097,0
molecola_24617,2,0,2,0.045916907489299774,0
molecola_24617,3,0,3,0.19265393912792206,0
molecola_24617,4,0,4,0.028408098965883255,0
molecola_24617,5,0,5,0.03292553126811981,0
molecola_24617,6,0,6,0.027050912380218506,0
molecola_24617,7,0,7,0.18792720139026642,0
molecola_24617,8,0,8,0.085235096514225,0
molecola_24617,9,0,9,0.2603762745857239,0
molecola_24617,10,0,10,0.1772102415561676,0
molecola_24617,11,0,11,0.04541698470711708,0
molecola_24617,12,0,12,0.0037404578179121017,0
molecola_24617,13,0,13,0.012763109989464283,0
molecola_24617,14,0,14,0.0011010965099558234,0
molecola_24617,15,0,15,0.024099787697196007,0
molecola_24617,16,0,16,0.007304011844098568,0
molecola_24617,17,0,17,0.024099787697196007,0
molecola_24617,18,0,18,0.0011010965099558234,0
molecola_24617,19,0,19,0.018445730209350586,0
molecola_24617,20,0,20,0.02747541107237339,0
molecola_24617,21,0,21,0.03704702481627464,0
molecola_24617,22,0,22,0.06702282279729843,0
molecola_24617,23,0,23,0.03664570674300194,0
molecola_24617,24,0,24,0.022190449759364128,0
molecola_24617,25,0,25,0.001966409618034959,0
molecola_24617,26,0,26,0.009294961579144001,0
molecola_24617,27,0,27,0.0071158641949296,0
molecola_24617,28,0,28,0.017858579754829407,0
molecola_24617,29,1,29,0.9723835587501526,1
molecola_24617,30,1,30,0.9372946619987488,1
molecola_24617,31,1,31,0.9735567569732666,1
molecola_24657,1,0,1,0.0006931524258106947,0
molecola_24657,2,0,2,0.0004141705867368728,0
molecola_24657,3,0,3,0.0005102800205349922,0
molecola_24657,4,0,4,0.0004141705867368728,0
molecola_24657,5,0,5,0.0006931524258106947,0
molecola_24657,6,0,6,0.0004131000314373523,0
molecola_24657,7,0,7,0.000290570838842541,0
molecola_24657,8,0,8,0.0005065816221758723,0
molecola_24657,9,0,9,0.0012462971499189734,0
molecola_24657,10,0,10,0.0026918970979750156,0
molecola_24657,11,0,11,0.46827661991119385,0
molecola_24657,12,0,12,0.13939084112644196,0
molecola_24657,13,1,13,0.9905691146850586,1
molecola_24657,14,0,14,0.030889974907040596,0
molecola_24657,15,1,15,0.9889601469039917,1
molecola_24657,16,0,16,0.0020838372875005007,0
molecola_24657,17,0,17,0.0008316783350892365,0
molecola_24657,18,0,18,0.000554628437384963,0
molecola_24657,19,0,19,0.00043303932761773467,0
molecola_24657,20,0,20,0.0004492692241910845,0
molecola_24657,21,0,21,0.000546037801541388,0
molecola_24657,22,0,22,0.0007628868916071951,0
molecola_24727,1,1,1,0.9651315808296204,1
molecola_24727,2,0,2,0.09620077908039093,0
molecola_24727,3,0,3,0.006599914748221636,0
molecola_24727,4,0,4,0.000967684609349817,0
molecola_24727,5,0,5,0.0005745000089518726,0
molecola_24727,6,0,6,0.0014015570050105453,0
molecola_24727,7,0,7,0.0038950801827013493,0
molecola_24727,8,0,8,0.0028782521840184927,0
molecola_24727,9,0,9,0.0013625180581584573,0
molecola_24727,10,0,10,0.000521394656971097,0
molecola_24727,11,0,11,0.0020483043044805527,0
molecola_24727,12,0,12,0.01801983267068863,0
molecola_24727,13,0,13,0.05484861508011818,0
molecola_24727,14,0,14,0.01801983267068863,0
molecola_24727,15,0,15,0.0020483043044805527,0
molecola_24727,16,0,16,0.0038950801827013493,0
molecola_24727,17,0,17,0.0014015570050105453,0
molecola_24727,18,0,18,0.0006742682890035212,0
molecola_24727,19,0,19,0.0004649526090361178,0
molecola_24727,20,0,20,0.0004649526090361178,0
molecola_24727,21,0,21,0.0004119839577469975,0
molecola_24727,22,0,22,0.0016789264045655727,0
molecola_24727,23,0,23,0.011605710722506046,0
molecola_24727,24,0,24,0.013173473998904228,0
molecola_24727,25,0,25,0.07604438066482544,0
molecola_24727,26,0,26,0.016561003401875496,0
molecola_24727,27,0,27,0.017077840864658356,0
molecola_24727,28,0,28,0.009224902838468552,0
molecola_24727,29,0,29,0.0013008186360821128,0
molecola_24727,30,0,30,0.0002479774702806026,0
molecola_24727,31,0,31,0.009224902838468552,0
molecola_24727,32,0,32,0.017077840864658356,0
molecola_24727,33,0,33,0.011605710722506046,0
molecola_24727,34,0,34,0.0016789264045655727,0
molecola_24848,1,0,1,0.0060126944445073605,0
molecola_24848,2,0,2,0.0019511145073920488,0
molecola_24848,3,0,3,0.0012893473030999303,0
molecola_24848,4,0,4,0.00034127666731365025,0
molecola_24848,5,0,5,0.0026829943526536226,0
molecola_24848,6,0,6,0.07990270107984543,0
molecola_24848,7,0,7,0.13654740154743195,0
molecola_24848,8,0,8,0.1258288323879242,0
molecola_24848,9,0,9,0.1352991759777069,0
molecola_24848,10,0,10,0.07870268076658249,0
molecola_24848,11,0,11,0.00401298888027668,0
molecola_24848,12,0,12,0.12600359320640564,0
molecola_24848,13,0,13,0.21110153198242188,0
molecola_24848,14,1,14,0.9756377935409546,1
molecola_24848,15,0,15,0.19562359154224396,0
molecola_24848,16,0,16,0.003178924787789583,0
molecola_24848,17,0,17,0.0004522529197856784,0
molecola_24848,18,0,18,0.0015625042142346501,0
molecola_24848,19,0,19,0.017214447259902954,0
molecola_24848,20,0,20,0.003253635484725237,0
molecola_24848,21,0,21,0.004322360269725323,0
molecola_24848,22,0,22,0.005279716104269028,0
molecola_24848,23,0,23,0.0017821878427639604,0
molecola_24848,24,0,24,0.0007025700178928673,0
molecola_24848,25,0,25,0.005279716104269028,0
molecola_24848,26,0,26,0.004322360269725323,0
molecola_24848,27,0,27,0.07662411779165268,0
molecola_24848,28,0,28,0.07335437834262848,0
molecola_24848,29,0,29,0.06377119570970535,0
molecola_24848,30,0,30,0.001614967593923211,0
molecola_24848,31,0,31,0.0024662648793309927,0
molecola_24848,32,0,32,0.0072214738465845585,0
molecola_24848,33,0,33,0.06793277710676193,0
molecola_24848,34,0,34,0.11461282521486282,0
molecola_24848,35,0,35,0.1225190982222557,0
molecola_24848,36,0,36,0.01818658784031868,0
molecola_24848,37,0,37,0.060154322534799576,0
molecola_24848,38,1,38,0.9931231141090393,1
molecola_24848,39,0,39,0.9568416476249695,1
molecola_24848,40,1,40,0.9568416476249695,1
molecola_24863,1,0,1,0.9343841075897217,1
molecola_24863,2,1,2,0.9820712208747864,1
molecola_24863,3,1,3,0.9706488847732544,1
molecola_24863,4,0,4,0.5696592330932617,1
molecola_24863,5,0,5,0.025797748938202858,0
molecola_24863,6,0,6,0.055918507277965546,0
molecola_24863,7,0,7,0.024457016959786415,0
molecola_24863,8,0,8,0.0041790856048464775,0
molecola_24863,9,0,9,0.004455738700926304,0
molecola_24863,10,0,10,0.0027317034546285868,0
molecola_24863,11,0,11,0.002048010937869549,0
molecola_24863,12,0,12,0.05248693376779556,0
molecola_24863,13,0,13,0.1701890528202057,0
molecola_24863,14,0,14,0.32396161556243896,0
molecola_24863,15,0,15,0.6537184715270996,1
molecola_24863,16,0,16,0.02862369269132614,0
molecola_24863,17,0,17,0.0339195653796196,0
molecola_24863,18,0,18,0.8219149112701416,1
molecola_24863,19,0,19,0.8509658575057983,1
molecola_24863,20,0,20,0.025611622259020805,0
molecola_24863,21,0,21,0.005617334973067045,0
molecola_24863,22,0,22,0.006268203724175692,0
molecola_24863,23,0,23,0.003550813067704439,0
molecola_24863,24,0,24,0.0009176089661195874,0
molecola_24863,25,0,25,0.005576600320637226,0
molecola_25054,1,0,1,0.508211612701416,1
molecola_25054,2,0,2,0.3358598053455353,0
molecola_25054,3,0,3,0.5879747271537781,1
molecola_25054,4,0,4,0.316169798374176,0
molecola_25054,5,0,5,0.008522314950823784,0
molecola_25054,6,0,6,0.22677789628505707,0
molecola_25054,7,0,7,0.03271808102726936,0
molecola_25054,8,0,8,0.16063790023326874,0
molecola_25054,9,0,9,0.2314622402191162,0
molecola_25054,10,0,10,0.09528274834156036,0
molecola_25054,11,0,11,0.002724376041442156,0
molecola_25054,12,0,12,0.006372809875756502,0
molecola_25054,13,0,13,0.11945826560258865,0
molecola_25054,14,0,14,0.010748559609055519,0
molecola_25054,15,0,15,0.009977996349334717,0
molecola_25054,16,0,16,0.0016212064074352384,0
molecola_25054,17,0,17,0.006536734756082296,0
molecola_25054,18,0,18,0.0012584261130541563,0
molecola_25054,19,0,19,0.0014413539320230484,0
molecola_25054,20,0,20,0.0005732542485930026,0
molecola_25054,21,0,21,0.0005732542485930026,0
molecola_25054,22,0,22,0.0004949881113134325,0
molecola_25054,23,0,23,0.0004271486250218004,0
molecola_25054,24,0,24,0.0025301265995949507,0
molecola_25054,25,0,25,0.004206540063023567,0
molecola_25054,26,0,26,0.011502991430461407,0
molecola_25054,27,0,27,0.032505232840776443,0
molecola_25054,28,0,28,0.316169798374176,0
molecola_25054,29,0,29,0.5879747271537781,1
molecola_25054,30,0,30,0.3358598053455353,0
molecola_25054,31,0,31,0.508211612701416,1
molecola_25054,32,0,32,0.6840339303016663,1
molecola_25054,33,1,33,0.9886200428009033,1
molecola_25058,1,0,1,0.07887917011976242,0
molecola_25058,2,0,2,0.05004101246595383,0
molecola_25058,3,0,3,0.08015011250972748,0
molecola_25058,4,0,4,0.005397151689976454,0
molecola_25058,5,0,5,0.001953989500179887,0
molecola_25058,6,0,6,0.05323248356580734,0
molecola_25058,7,0,7,0.9166539311408997,1
molecola_25058,8,0,8,0.13538296520709991,0
molecola_25058,9,0,9,0.018180178478360176,0
molecola_25058,10,0,10,0.11196385324001312,0
molecola_25058,11,1,11,0.972099244594574,1
molecola_25058,12,0,12,0.10675634443759918,0
molecola_25058,13,0,13,0.0007430394180119038,0
molecola_25058,14,0,14,0.0007935533067211509,0
molecola_25058,15,0,15,0.0422511026263237,0
molecola_25058,16,0,16,0.0052437493577599525,0
molecola_25058,17,0,17,0.018328217789530754,0
molecola_25058,18,0,18,0.018000807613134384,0
molecola_25058,19,0,19,0.37223297357559204,0
molecola_25058,20,0,20,0.23630774021148682,0
molecola_25058,21,0,21,0.08596133440732956,0
molecola_25058,22,0,22,0.005907659884542227,0
molecola_25170,1,1,1,0.9084559082984924,1
molecola_25170,2,1,2,0.9881983399391174,1
molecola_25170,3,1,3,0.9084559082984924,1
molecola_25170,4,1,4,0.8285370469093323,1
molecola_25170,5,0,5,0.5539312362670898,1
molecola_25170,6,0,6,0.10372734814882278,0
molecola_25170,7,0,7,0.027387874200940132,0
molecola_25170,8,0,8,0.0020882554817944765,0
molecola_25170,9,0,9,0.0003936737193726003,0
molecola_25170,10,0,10,0.0004262423899490386,0
molecola_25170,11,0,11,0.00042322801891714334,0
molecola_25170,12,0,12,0.0003029448271263391,0
molecola_25170,13,0,13,0.0002970094792544842,0
molecola_25170,14,0,14,0.00025549461133778095,0
molecola_25170,15,0,15,0.007214199285954237,0
molecola_25170,16,0,16,0.012788164429366589,0
molecola_25170,17,0,17,0.007214199285954237,0
molecola_25170,18,0,18,0.0002970094792544842,0
molecola_25170,19,0,19,0.00025549461133778095,0
molecola_25170,20,0,20,0.022259317338466644,0
molecola_25170,21,0,21,0.09937451034784317,0
molecola_25170,22,0,22,0.06359544396400452,0
molecola_25170,23,0,23,0.26987048983573914,0
molecola_25170,24,0,24,0.34732237458229065,0
molecola_25170,25,0,25,0.2887552082538605,0
molecola_25170,26,0,26,0.0014110401971265674,0
molecola_25170,27,0,27,0.0032606127206236124,0
molecola_25170,28,0,28,0.017214173451066017,0
molecola_25170,29,0,29,0.05330919474363327,0
molecola_25170,30,0,30,0.017214173451066017,0
molecola_25170,31,0,31,0.0032606127206236124,0
molecola_25215,1,0,1,0.006165108177810907,0
molecola_25215,2,0,2,0.0009263322572223842,0
molecola_25215,3,0,3,0.004255914594978094,0
molecola_25215,4,0,4,0.0005358800990507007,0
molecola_25215,5,0,5,0.0005951531347818673,0
molecola_25215,6,0,6,0.0005149217904545367,0
molecola_25215,7,0,7,0.00048463931307196617,0
molecola_25215,8,0,8,0.0005779240163974464,0
molecola_25215,9,0,9,0.01613805629312992,0
molecola_25215,10,0,10,0.0004249186022207141,0
molecola_25215,11,0,11,0.0008011838071979582,0
molecola_25215,12,0,12,0.0012480149744078517,0
molecola_25215,13,0,13,0.0005686376825906336,0
molecola_25215,14,0,14,0.00044149800669401884,0
molecola_25215,15,0,15,0.0007592851761728525,0
molecola_25215,16,0,16,0.002666069194674492,0
molecola_25215,17,1,17,0.9658782482147217,1
molecola_25215,18,1,18,0.9785014986991882,1
molecola_25215,19,0,19,0.0006700228550471365,0
molecola_25215,20,0,20,0.3829501271247864,0
molecola_25215,21,0,21,0.36002448201179504,0
molecola_25215,22,0,22,0.3311890959739685,0
molecola_25215,23,0,23,0.3182433545589447,0
molecola_25215,24,0,24,0.06711352616548538,0
molecola_25215,25,0,25,0.1260269731283188,0
molecola_25215,26,0,26,0.3084501624107361,0
molecola_25215,27,0,27,0.3084501326084137,0
molecola_25215,28,0,28,0.1149573102593422,0
molecola_25215,29,0,29,0.2574986517429352,0
molecola_25215,30,0,30,0.2145100086927414,0
molecola_25215,31,0,31,0.17740410566329956,0
molecola_25215,32,0,32,0.004028831142932177,0
molecola_25215,33,0,33,0.0005611449014395475,0
molecola_25215,34,0,34,0.0005611449014395475,0
molecola_25215,35,0,35,0.0005611449014395475,0
molecola_25321,1,0,1,0.25034278631210327,0
molecola_25321,2,0,2,0.2585226893424988,0
molecola_25321,3,0,3,0.07470569759607315,0
molecola_25321,4,0,4,0.03651396930217743,0
molecola_25321,5,0,5,0.00987425446510315,0
molecola_25321,6,0,6,0.3541739881038666,0
molecola_25321,7,1,7,0.699637770652771,1
molecola_25321,8,1,8,0.9393107891082764,1
molecola_25321,9,1,9,0.9601084589958191,1
molecola_25321,10,1,10,0.9432067275047302,1
molecola_25321,11,1,11,0.960601270198822,1
molecola_25321,12,1,12,0.7919328212738037,1
molecola_25321,13,0,13,0.14108069241046906,0
molecola_25321,14,0,14,0.0007948728161863983,0
molecola_25321,15,0,15,0.0006464847829192877,0
molecola_25321,16,0,16,0.0008175806142389774,0
molecola_25321,17,0,17,0.0016746361507102847,0
molecola_25382,1,0,1,0.010265540331602097,0
molecola_25382,2,0,2,0.003612546483054757,0
molecola_25382,3,0,3,0.006075402721762657,0
molecola_25382,4,0,4,0.0017203898169100285,0
molecola_25382,5,0,5,0.0014908852754160762,0
molecola_25382,6,0,6,0.0005580149008892477,0
molecola_25382,7,0,7,0.0016517750918865204,0
molecola_25382,8,0,8,0.00440202234312892,0
molecola_25382,9,0,9,0.006758362054824829,0
molecola_25382,10,0,10,0.04262245073914528,0
molecola_25382,11,0,11,0.08522477746009827,0
molecola_25382,12,0,12,0.17004504799842834,0
molecola_25382,13,0,13,0.4895183742046356,0
molecola_25382,14,0,14,0.18238259851932526,0
molecola_25382,15,1,15,0.9658675789833069,1
molecola_25382,16,0,16,0.17404355108737946,0
molecola_25382,17,0,17,0.48797157406806946,0
molecola_25382,18,0,18,0.18846559524536133,0
molecola_25382,19,1,19,0.9669063687324524,1
molecola_25382,20,0,20,0.138698011636734,0
molecola_25382,21,0,21,0.002346399473026395,0
molecola_25382,22,0,22,0.0009674029424786568,0
molecola_25382,23,0,23,0.0014908852754160762,0
molecola_25382,24,0,24,0.0017203898169100285,0
molecola_25383,1,0,1,0.014819997362792492,0
molecola_25383,2,0,2,0.006977618671953678,0
molecola_25383,3,0,3,0.010840628296136856,0
molecola_25383,4,0,4,0.09758657962083817,0
molecola_25383,5,0,5,0.09758657962083817,0
molecola_25383,6,0,6,0.010840628296136856,0
molecola_25383,7,0,7,0.001687414012849331,0
molecola_25383,8,0,8,0.01660327985882759,0
molecola_25383,9,0,9,0.001687414012849331,0
molecola_25383,10,0,10,0.09940972924232483,0
molecola_25383,11,0,11,0.15105678141117096,0
molecola_25383,12,0,12,0.1407812237739563,0
molecola_25383,13,0,13,0.05459578335285187,0
molecola_25383,14,0,14,0.0013892566785216331,0
molecola_25383,15,0,15,0.0019879776518791914,0
molecola_25383,16,0,16,0.13537882268428802,0
molecola_25383,17,0,17,0.15913544595241547,0
molecola_25383,18,1,18,0.9772128462791443,1
molecola_25383,19,0,19,0.08794593065977097,0
molecola_25383,20,0,20,0.05791239067912102,0
molecola_25383,21,0,21,0.09537359327077866,0
molecola_25383,22,0,22,0.001966399373486638,0
molecola_25416,1,1,1,0.7986564636230469,1
molecola_25416,2,1,2,0.9115889072418213,1
molecola_25416,3,0,3,0.7986564636230469,1
molecola_25416,4,1,4,0.9884604215621948,1
molecola_25416,5,0,5,0.9074325561523438,1
molecola_25416,6,1,6,0.9074325561523438,1
molecola_25416,7,0,7,0.00282590975984931,0
molecola_25416,8,0,8,0.00047851455747149885,0
molecola_25416,9,0,9,0.0013491932768374681,0
molecola_25416,10,0,10,0.0014523406280204654,0
molecola_25416,11,0,11,0.0009573974530212581,0
molecola_25416,12,0,12,0.00038714183028787374,0
molecola_25416,13,0,13,0.00040692597394809127,0
molecola_25416,14,0,14,0.01101068314164877,0
molecola_25416,15,0,15,0.005192340351641178,0
molecola_25416,16,0,16,0.004966171458363533,0
molecola_25416,17,0,17,0.0010422361083328724,0
molecola_25416,18,0,18,0.003743474604561925,0
molecola_25416,19,0,19,0.004966171458363533,0
molecola_25416,20,0,20,0.0010422361083328724,0
molecola_25416,21,0,21,0.005192340351641178,0
molecola_25638,1,0,1,0.0871797427535057,0
molecola_25638,2,0,2,0.2651844918727875,0
molecola_25638,3,0,3,0.23629353940486908,0
molecola_25638,4,0,4,0.36853232979774475,0
molecola_25638,5,0,5,0.05041537061333656,0
molecola_25638,6,0,6,0.017448198050260544,0
molecola_25638,7,0,7,0.00036001004627905786,0
molecola_25638,8,0,8,0.00036452003405429423,0
molecola_25638,9,0,9,0.0012136399745941162,0
molecola_25638,10,0,10,0.00036001004627905786,0
molecola_25638,11,0,11,0.017448198050260544,0
molecola_25638,12,0,12,0.006374077871441841,0
molecola_25638,13,0,13,0.001729121315293014,0
molecola_25638,14,0,14,0.019724581390619278,0
molecola_25638,15,0,15,0.2795785665512085,0
molecola_25638,16,0,16,0.27736201882362366,0
molecola_25638,17,0,17,0.2689608037471771,0
molecola_25638,18,0,18,0.024466082453727722,0
molecola_25638,19,0,19,0.12523560225963593,0
molecola_25638,20,0,20,0.12550392746925354,0
molecola_25638,21,0,21,0.05160149559378624,0
molecola_25638,22,0,22,0.026562321931123734,0
molecola_25638,23,0,23,0.08322267979383469,0
molecola_25638,24,0,24,0.0808556079864502,0
molecola_25638,25,0,25,0.019548553973436356,0
molecola_25638,26,0,26,0.019548553973436356,0
molecola_25638,27,1,27,0.9661628007888794,1
molecola_25638,28,1,28,0.9810774922370911,1
molecola_25638,29,0,29,0.36853229999542236,0
molecola_25638,30,0,30,0.05041538178920746,0
molecola_25638,31,0,31,0.23629362881183624,0
molecola_25638,32,0,32,0.2651844918727875,0
molecola_25638,33,0,33,0.0871797427535057,0
molecola_25638,34,0,34,0.00036452003405429423,0
molecola_25751,1,0,1,0.0573229156434536,0
molecola_25751,2,0,2,0.009070685133337975,0
molecola_25751,3,0,3,0.0016329188365489244,0
molecola_25751,4,0,4,0.0009768834570422769,0
molecola_25751,5,0,5,0.0007692687795497477,0
molecola_25751,6,0,6,0.0014562869910150766,0
molecola_25751,7,0,7,0.0007192367920652032,0
molecola_25751,8,0,8,0.0005364223616197705,0
molecola_25751,9,0,9,0.0004235588130541146,0
molecola_25751,10,0,10,0.0005727062234655023,0
molecola_25751,11,0,11,0.000902478932403028,0
molecola_25751,12,0,12,0.0010360284941270947,0
molecola_25751,13,0,13,0.002764250850304961,0
molecola_25751,14,0,14,0.5518007874488831,1
molecola_25751,15,0,15,0.13143979012966156,0
molecola_25751,16,1,16,0.9907116293907166,1
molecola_25751,17,0,17,0.1322004497051239,0
molecola_25751,18,0,18,0.03549467772245407,0
molecola_25751,19,0,19,0.21578527987003326,0
molecola_25751,20,0,20,0.005051406566053629,0
molecola_25850,1,0,1,0.00046945083886384964,0
molecola_25850,2,0,2,0.00035632276558317244,0
molecola_25850,3,0,3,0.001561674871481955,0
molecola_25850,4,0,4,0.0009892149828374386,0
molecola_25850,5,0,5,0.0003233587776776403,0
molecola_25850,6,0,6,0.0008533676736988127,0
molecola_25850,7,0,7,0.011666527949273586,0
molecola_25850,8,0,8,0.0095814298838377,0
molecola_25850,9,0,9,0.009829461574554443,0
molecola_25850,10,0,10,0.0013322675367817283,0
molecola_25850,11,1,11,0.9779722690582275,1
molecola_25850,12,1,12,0.9799916744232178,1
molecola_25850,13,0,13,0.0007484472007490695,0
molecola_25850,14,0,14,0.00042500003473833203,0
molecola_25850,15,0,15,0.002665918320417404,0
molecola_25850,16,0,16,0.00044573668856173754,0
molecola_25850,17,0,17,0.008296403102576733,0
molecola_25850,18,0,18,0.6744514107704163,1
molecola_25850,19,1,19,0.9794212579727173,1
molecola_25850,20,1,20,0.9818615913391113,1
molecola_25850,21,0,21,0.7263352274894714,1
molecola_25850,22,0,22,0.16486969590187073,0
molecola_25850,23,1,23,0.9921875,1
molecola_25850,24,0,24,0.9274128675460815,1
molecola_25850,25,1,25,0.9274128675460815,1
molecola_25910,1,0,1,0.9430720806121826,1
molecola_25910,2,0,2,0.9362973570823669,1
molecola_25910,3,0,3,0.9404707551002502,1
molecola_25910,4,0,4,0.8131150603294373,1
molecola_25910,5,0,5,0.9385808706283569,1
molecola_25910,6,0,6,0.8480804562568665,1
molecola_25910,7,0,7,0.0017736607696861029,0
molecola_25910,8,0,8,0.0016605746932327747,0
molecola_25910,9,0,9,0.0004618933016899973,0
molecola_25910,10,0,10,0.0029311629477888346,0
molecola_25910,11,0,11,0.00241868756711483,0
molecola_25910,12,0,12,0.0008977801771834493,0
molecola_25910,13,0,13,0.005633234512060881,0
molecola_25910,14,0,14,0.12780030071735382,0
molecola_25910,15,0,15,0.029345592483878136,0
molecola_25910,16,0,16,0.19907329976558685,0
molecola_25910,17,0,17,0.9746339321136475,1
molecola_25910,18,0,18,0.1204727441072464,0
molecola_25910,19,0,19,0.0016605746932327747,0
molecola_25910,20,0,20,0.0017736607696861029,0
molecola_25910,21,1,21,0.9783600568771362,1
molecola_25910,22,0,22,0.9250749349594116,1
molecola_25910,23,1,23,0.9250749349594116,1
molecola_25972,1,0,1,0.002339182887226343,0
molecola_25972,2,0,2,0.0008160445722751319,0
molecola_25972,3,0,3,0.013478410430252552,0
molecola_25972,4,0,4,0.06860388070344925,0
molecola_25972,5,0,5,0.022238362580537796,0
molecola_25972,6,0,6,0.0006872240919619799,0
molecola_25972,7,0,7,0.01863052137196064,0
molecola_25972,8,0,8,0.031242502853274345,0
molecola_25972,9,0,9,0.04118988662958145,0
molecola_25972,10,0,10,0.001468351110816002,0
molecola_25972,11,0,11,0.0005603383760899305,0
molecola_25972,12,0,12,0.0005048700841143727,0
molecola_25972,13,0,13,0.0032985901925712824,0
molecola_25972,14,0,14,0.010486879386007786,0
molecola_25972,15,0,15,0.0107905063778162,0
molecola_25972,16,0,16,0.010977144353091717,0
molecola_25972,17,0,17,0.06500250101089478,0
molecola_25972,18,0,18,0.004481178242713213,0
molecola_25972,19,1,19,0.9933968782424927,1
molecola_25972,20,0,20,0.9568475484848022,1
molecola_25972,21,1,21,0.9568475484848022,1
molecola_25972,22,0,22,0.0032594394870102406,0
molecola_25972,23,0,23,0.02368614636361599,0
molecola_25972,24,0,24,0.0030081074219197035,0
molecola_25972,25,0,25,0.0006935475976206362,0
molecola_25972,26,0,26,0.0020634366665035486,0
molecola_25972,27,0,27,0.00244437949731946,0
molecola_25972,28,0,28,0.0036765437107533216,0
molecola_25972,29,0,29,0.0023787585087120533,0
molecola_25972,30,0,30,0.0051507484167814255,0
molecola_25972,31,0,31,0.014066233299672604,0
molecola_25972,32,0,32,0.0171993188560009,0
molecola_25972,33,0,33,0.004748869687318802,0
molecola_26093,1,0,1,0.02073117345571518,0
molecola_26093,2,0,2,0.006282752845436335,0
molecola_26093,3,0,3,0.002111186971887946,0
molecola_26093,4,0,4,0.0008951037307269871,0
molecola_26093,5,0,5,0.0007475505117326975,0
molecola_26093,6,0,6,0.006878902669996023,0
molecola_26093,7,0,7,0.0019896982703357935,0
molecola_26093,8,0,8,0.003946250304579735,0
molecola_26093,9,0,9,0.023285720497369766,0
molecola_26093,10,0,10,0.004210170824080706,0
molecola_26093,11,0,11,0.004891794174909592,0
molecola_26093,12,0,12,0.002013135701417923,0
molecola_26093,13,0,13,0.010442149825394154,0
molecola_26093,14,0,14,0.0021859765984117985,0
molecola_26093,15,0,15,0.008902216330170631,0
molecola_26093,16,0,16,0.005052573978900909,0
molecola_26093,17,0,17,0.087490014731884,0
molecola_26093,18,0,18,0.029165521264076233,0
molecola_26093,19,0,19,0.13830366730690002,0
molecola_26093,20,0,20,0.03836165741086006,0
molecola_26093,21,0,21,0.4950104355812073,0
molecola_26093,22,0,22,0.12290512025356293,0
molecola_26093,23,1,23,0.9923490285873413,1
molecola_26093,24,0,24,0.711815595626831,1
molecola_26093,25,0,25,0.028045546263456345,0
molecola_26093,26,0,26,0.0018090138910338283,0
molecola_26093,27,0,27,0.0022520541679114103,0
molecola_26093,28,0,28,0.003308159066364169,0
molecola_26093,29,0,29,0.02073117345571518,0
molecola_262,1,0,1,0.057323895394802094,0
molecola_262,2,0,2,0.015668421983718872,0
molecola_262,3,0,3,0.0007010992267169058,0
molecola_262,4,0,4,0.0004195233341306448,0
molecola_262,5,0,5,0.0012659711064770818,0
molecola_262,6,0,6,0.004346465691924095,0
molecola_262,7,1,7,0.8795356154441833,1
molecola_262,8,1,8,0.7977327108383179,1
molecola_262,9,1,9,0.7736249566078186,1
molecola_262,10,1,10,0.9891287684440613,1
molecola_262,11,0,11,0.916222333908081,1
molecola_262,12,1,12,0.916222333908081,1
molecola_262,13,0,13,0.0029075697530061007,0
molecola_262,14,0,14,0.0017599754501134157,0
molecola_262,15,0,15,0.0006105522043071687,0
molecola_2665,1,0,1,0.2683454155921936,0
molecola_2665,2,0,2,0.14007623493671417,0
molecola_2665,3,1,3,0.11134564131498337,0
molecola_2665,4,0,4,0.26980462670326233,0
molecola_2665,5,1,5,0.34952208399772644,0
molecola_2665,6,1,6,0.36049848794937134,0
molecola_2665,7,1,7,0.25506481528282166,0
molecola_2665,8,1,8,0.35087454319000244,0
molecola_2665,9,0,9,0.3974953293800354,0
molecola_2665,10,1,10,0.23775522410869598,0
molecola_2665,11,1,11,0.01033233106136322,0
molecola_2665,12,0,12,0.7912688255310059,1
molecola_2665,13,1,13,0.8313478231430054,1
molecola_2665,14,1,14,0.7060138583183289,1
molecola_2665,15,1,15,0.5292651653289795,1
molecola_2665,16,1,16,0.38924217224121094,0
molecola_2665,17,1,17,0.8797158598899841,1
molecola_2665,18,1,18,0.7452442646026611,1
molecola_2665,19,1,19,0.5762380361557007,1
molecola_2665,20,1,20,0.5618181824684143,1
molecola_2665,21,1,21,0.609574556350708,1
molecola_2665,22,1,22,0.6170427203178406,1
molecola_2665,23,1,23,0.5993854999542236,1
molecola_2665,24,1,24,0.6050463318824768,1
molecola_2665,25,1,25,0.007611511740833521,0
molecola_2665,26,1,26,0.017626676708459854,0
molecola_2665,27,1,27,0.002406701212748885,0
molecola_2665,28,1,28,0.05699559301137924,0
molecola_2665,29,1,29,0.2295387089252472,0
molecola_2665,30,0,30,0.9734492301940918,1
molecola_2665,31,1,31,0.1652352213859558,0
molecola_2665,32,1,32,0.07444022595882416,0
molecola_2665,33,1,33,0.3120979070663452,0
molecola_26711,1,1,1,0.7869008779525757,1
molecola_26711,2,1,2,0.8795427083969116,1
molecola_26711,3,0,3,0.7869008779525757,1
molecola_26711,4,0,4,0.10789082199335098,0
molecola_26711,5,0,5,0.0010418578749522567,0
molecola_26711,6,0,6,0.035726673901081085,0
molecola_26711,7,0,7,0.018584085628390312,0
molecola_26711,8,0,8,0.02027236483991146,0
molecola_26711,9,0,9,0.006637329235672951,0
molecola_26711,10,0,10,0.0008746801759116352,0
molecola_26711,11,0,11,0.0005074894870631397,0
molecola_26711,12,0,12,0.0016618004301562905,0
molecola_26711,13,0,13,0.0011144016170874238,0
molecola_26711,14,0,14,0.0004906601971015334,0
molecola_26711,15,0,15,0.0003041501622647047,0
molecola_26711,16,0,16,0.0012212739093229175,0
molecola_26711,17,0,17,0.0006251169834285975,0
molecola_26711,18,0,18,0.010166216641664505,0
molecola_26711,19,0,19,0.04679251089692116,0
molecola_26711,20,0,20,0.04667893424630165,0
molecola_26711,21,0,21,0.025981774553656578,0
molecola_26711,22,0,22,0.0010905151721090078,0
molecola_26711,23,1,23,0.9877134561538696,1
molecola_26711,24,0,24,0.9102603197097778,1
molecola_26711,25,1,25,0.9102603197097778,1
molecola_27246,1,0,1,0.0008722802740521729,0
molecola_27246,2,0,2,0.00043254156480543315,0
molecola_27246,3,0,3,0.006481342017650604,0
molecola_27246,4,0,4,0.00043254156480543315,0
molecola_27246,5,0,5,0.0008722802740521729,0
molecola_27246,6,0,6,0.00037958353641442955,0
molecola_27246,7,0,7,0.0004021663044113666,0
molecola_27246,8,0,8,0.0006556347361765802,0
molecola_27246,9,0,9,0.00036628966336138546,0
molecola_27246,10,0,10,0.00047859916230663657,0
molecola_27246,11,0,11,0.00048287410754710436,0
molecola_27246,12,0,12,0.0007094431784935296,0
molecola_27246,13,0,13,0.0011498273815959692,0
molecola_27246,14,0,14,0.0007412395207211375,0
molecola_27246,15,0,15,0.0006065639900043607,0
molecola_27246,16,0,16,0.000968255044426769,0
molecola_27246,17,0,17,0.0005706626106984913,0
molecola_27246,18,0,18,0.0013830068055540323,0
molecola_27246,19,0,19,0.0006299191736616194,0
molecola_27246,20,0,20,0.002745873061940074,0
molecola_27246,21,1,21,0.711825430393219,1
molecola_27246,22,0,22,0.12003518640995026,0
molecola_27246,23,1,23,0.9923490285873413,1
molecola_27246,24,1,24,0.4331692159175873,0
molecola_27246,25,0,25,0.0012863053707405925,0
molecola_27246,26,0,26,0.0007546490523964167,0
molecola_27246,27,0,27,0.004027140326797962,0
molecola_27246,28,0,28,0.0004891166463494301,0
molecola_27246,29,0,29,0.0006934124394319952,0
molecola_27246,30,0,30,0.0006586851668544114,0
molecola_2736,1,0,1,0.6870681047439575,1
molecola_2736,2,0,2,0.5195483565330505,1
molecola_2736,3,1,3,0.8202013969421387,1
molecola_2736,4,0,4,0.707080602645874,1
molecola_2736,5,1,5,0.8152192234992981,1
molecola_2736,6,0,6,0.7318785190582275,1
molecola_2736,7,0,7,0.008183849044144154,0
molecola_2736,8,0,8,0.030176974833011627,0
molecola_2736,9,0,9,0.09187939018011093,0
molecola_2736,10,0,10,0.012022655457258224,0
molecola_2736,11,0,11,0.030176974833011627,0
molecola_2736,12,0,12,0.09187941253185272,0
molecola_2736,13,0,13,0.008183849044144154,0
molecola_2736,14,1,14,0.8184254765510559,1
molecola_2736,15,0,15,0.7966980934143066,1
molecola_2736,16,1,16,0.7966980934143066,1
molecola_2736,17,0,17,0.0034801994916051626,0
molecola_2736,18,0,18,0.0032782056368887424,0
molecola_2736,19,0,19,0.022180907428264618,0
molecola_2736,20,0,20,0.05683864280581474,0
molecola_2736,21,0,21,0.022180907428264618,0
molecola_2736,22,0,22,0.0032782056368887424,0
molecola_2736,23,0,23,0.0034801994916051626,0
molecola_2736,24,0,24,0.0032782056368887424,0
molecola_2736,25,0,25,0.022180907428264618,0
molecola_2736,26,0,26,0.05683864280581474,0
molecola_2736,27,0,27,0.022180907428264618,0
molecola_2736,28,0,28,0.0032782056368887424,0
molecola_2767,1,0,1,0.0023432383313775063,0
molecola_2767,2,0,2,0.001039577997289598,0
molecola_2767,3,0,3,0.0023432383313775063,0
molecola_2767,4,0,4,0.0023432383313775063,0
molecola_2767,5,0,5,0.02144732140004635,0
molecola_2767,6,0,6,0.0017233463004231453,0
molecola_2767,7,0,7,0.000966652063652873,0
molecola_2767,8,0,8,0.0008167385240085423,0
molecola_2767,9,0,9,0.0036027778405696154,0
molecola_2767,10,0,10,0.0010405628709122539,0
molecola_2767,11,0,11,0.0039008010644465685,0
molecola_2767,12,0,12,0.005948522128164768,0
molecola_2767,13,0,13,0.0089630838483572,0
molecola_2767,14,0,14,0.004290230106562376,0
molecola_2767,15,0,15,0.000817860767710954,0
molecola_2767,16,0,16,0.0005567728076130152,0
molecola_2767,17,0,17,0.0035504521802067757,0
molecola_2767,18,1,18,0.9041479825973511,1
molecola_2767,19,1,19,0.987528920173645,1
molecola_2767,20,0,20,0.8992226719856262,1
molecola_2767,21,1,21,0.8992226719856262,1
molecola_2767,22,0,22,0.0008934924844652414,0
molecola_2767,23,0,23,0.002187455305829644,0
molecola_2767,24,0,24,0.0005274482537060976,0
molecola_2767,25,0,25,0.0019951805006712675,0
molecola_2767,26,0,26,0.0948706865310669,0
molecola_2767,27,0,27,0.002235175808891654,0
molecola_2767,28,0,28,0.0012863543815910816,0
molecola_2767,29,0,29,0.0012863543815910816,0
molecola_2767,30,0,30,0.0003708027652464807,0
molecola_2767,31,0,31,0.0005822189850732684,0
molecola_2767,32,0,32,0.0019425397040322423,0
molecola_2767,33,0,33,0.0035209849011152983,0
molecola_2767,34,0,34,0.0019742785952985287,0
molecola_2767,35,0,35,0.0003216140321455896,0
molecola_2767,36,0,36,0.0002350105351069942,0
molecola_2767,37,0,37,0.009258504025638103,0
molecola_2767,38,0,38,0.01659572124481201,0
molecola_2767,39,0,39,0.01659572124481201,0
molecola_2767,40,0,40,0.0007796331774443388,0
molecola_27702,1,0,1,0.715522825717926,1
molecola_27702,2,0,2,0.8940939903259277,1
molecola_27702,3,1,3,0.9889416098594666,1
molecola_27702,4,0,4,0.9069249629974365,1
molecola_27702,5,1,5,0.9069249629974365,1
molecola_27702,6,0,6,0.002582468558102846,0
molecola_27702,7,0,7,0.0003747472073882818,0
molecola_27702,8,0,8,0.0003665041003841907,0
molecola_27702,9,0,9,0.0024577791336923838,0
molecola_27702,10,0,10,0.07441874593496323,0
molecola_27702,11,0,11,0.8010222911834717,1
molecola_27702,12,0,12,0.7653315663337708,1
molecola_27702,13,0,13,0.8732659220695496,1
molecola_27702,14,0,14,0.5330816507339478,1
molecola_27702,15,0,15,0.012284078635275364,0
molecola_27702,16,0,16,0.006736238952726126,0
molecola_27702,17,0,17,0.0003665041003841907,0
molecola_27702,18,0,18,0.0003747472073882818,0
molecola_2778,1,1,1,0.9830591678619385,1
molecola_2778,2,1,2,0.9725036025047302,1
molecola_2778,3,0,3,0.9303141236305237,1
molecola_2778,4,0,4,0.045562755316495895,0
molecola_2778,5,0,5,0.018981166183948517,0
molecola_2778,6,0,6,0.0005016158684156835,0
molecola_2778,7,0,7,0.0003825507592409849,0
molecola_2778,8,0,8,0.00029514814377762377,0
molecola_2778,9,0,9,0.00029514814377762377,0
molecola_2778,10,1,10,0.9678369760513306,1
molecola_2778,11,1,11,0.9641976356506348,1
molecola_2778,12,0,12,0.04234422370791435,0
molecola_2778,13,0,13,0.0030616072472184896,0
molecola_2778,14,0,14,0.00039392506005242467,0
molecola_2778,15,0,15,0.00035270213265903294,0
molecola_2778,16,0,16,0.00039392506005242467,0
molecola_2778,17,0,17,0.0030616072472184896,0
molecola_2778,18,0,18,0.0005354685708880424,0
molecola_2778,19,0,19,0.00043283237027935684,0
molecola_2778,20,0,20,0.0004490501887630671,0
molecola_2780,1,0,1,0.07930589467287064,0
molecola_2780,2,0,2,0.05866726487874985,0
molecola_2780,3,0,3,0.07299480587244034,0
molecola_2780,4,0,4,0.00970951747149229,0
molecola_2780,5,0,5,0.0006171662244014442,0
molecola_2780,6,0,6,0.00043663938413374126,0
molecola_2780,7,0,7,0.0003856602415908128,0
molecola_2780,8,0,8,0.010361265391111374,0
molecola_2780,9,0,9,0.0005016926443204284,0
molecola_2780,10,0,10,0.019637953490018845,0
molecola_2780,11,0,11,0.007550592068582773,0
molecola_2780,12,0,12,0.5988072156906128,1
molecola_2780,13,0,13,0.40248751640319824,0
molecola_2780,14,0,14,0.7215249538421631,1
molecola_2780,15,0,15,0.7215249538421631,1
molecola_2780,16,0,16,0.0014470944879576564,0
molecola_2780,17,0,17,0.0037564290687441826,0
molecola_2780,18,0,18,0.030200771987438202,0
molecola_2780,19,0,19,0.023839196190238,0
molecola_2780,20,0,20,0.0054083894938230515,0
molecola_2780,21,0,21,0.0005049160099588335,0
molecola_2780,22,0,22,0.0006556856678798795,0
molecola_2780,23,0,23,0.0004306623595766723,0
molecola_2780,24,0,24,0.002438301220536232,0
molecola_2780,25,0,25,0.0038291136734187603,0
molecola_2780,26,0,26,0.002438301220536232,0
molecola_2780,27,0,27,0.0004306623595766723,0
molecola_2780,28,0,28,0.00044986102147959173,0
molecola_2780,29,0,29,0.001788036315701902,0
molecola_2780,30,0,30,0.060155704617500305,0
molecola_2780,31,1,31,0.9931232333183289,1
molecola_2780,32,1,32,0.9568416476249695,1
molecola_2780,33,1,33,0.9568416476249695,1
molecola_28263,1,1,1,0.901596188545227,1
molecola_28263,2,1,2,0.9830228686332703,1
molecola_28263,3,0,3,0.901596188545227,1
molecola_28263,4,0,4,0.8206172585487366,1
molecola_28263,5,0,5,0.23213502764701843,0
molecola_28263,6,0,6,0.0012436682591214776,0
molecola_28263,7,0,7,0.013227407820522785,0
molecola_28263,8,0,8,0.02630079723894596,0
molecola_28263,9,0,9,0.07576615363359451,0
molecola_28263,10,0,10,0.0019856516737490892,0
molecola_28263,11,0,11,0.03125660493969917,0
molecola_28263,12,0,12,0.01724010333418846,0
molecola_28263,13,0,13,0.01403533760458231,0
molecola_28263,14,0,14,0.02432817965745926,0
molecola_28263,15,0,15,0.04725752770900726,0
molecola_28263,16,0,16,0.04921334236860275,0
molecola_28263,17,0,17,0.01622030884027481,0
molecola_28263,18,0,18,0.0007277288241311908,0
molecola_28263,19,0,19,0.02474464289844036,0
molecola_28263,20,0,20,0.001521122525446117,0
molecola_28263,21,0,21,0.0005264515057206154,0
molecola_28263,22,0,22,0.0005264515057206154,0
molecola_28263,23,0,23,0.00036976212868466973,0
molecola_28263,24,0,24,0.000550404074601829,0
molecola_28263,25,0,25,0.0019864484202116728,0
molecola_28263,26,0,26,0.0013570847222581506,0
molecola_28263,27,0,27,0.0007071084110066295,0
molecola_28263,28,0,28,0.0019864484202116728,0
molecola_28263,29,0,29,0.000550404074601829,0
molecola_28296,1,0,1,0.0006082643521949649,0
molecola_28296,2,0,2,0.002028950722888112,0
molecola_28296,3,0,3,0.0006082643521949649,0
molecola_28296,4,0,4,0.00036933794035576284,0
molecola_28296,5,0,5,0.0005424506962299347,0
molecola_28296,6,0,6,0.00041495406185276806,0
molecola_28296,7,0,7,0.0008484165882691741,0
molecola_28296,8,0,8,0.0009125567739829421,0
molecola_28296,9,0,9,0.0006609077099710703,0
molecola_28296,10,0,10,0.0009125567739829421,0
molecola_28296,11,0,11,0.0008484165882691741,0
molecola_28296,12,0,12,0.0008548203040845692,0
molecola_28296,13,0,13,0.0007478383486159146,0
molecola_28296,14,0,14,0.02214478701353073,0
molecola_28296,15,0,15,0.0009923564502969384,0
molecola_28296,16,0,16,0.00329051841981709,0
molecola_28296,17,0,17,0.7118253111839294,1
molecola_28296,18,0,18,0.10875247418880463,0
molecola_28296,19,1,19,0.9923490285873413,1
molecola_28296,20,0,20,0.5129428505897522,1
molecola_28296,21,0,21,0.0017356902826577425,0
molecola_28296,22,0,22,0.0008562207804061472,0
molecola_28296,23,0,23,0.0007480618078261614,0
molecola_28296,24,0,24,0.03698600456118584,0
molecola_28296,25,0,25,0.0038313043769448996,0
molecola_28296,26,0,26,0.002561411587521434,0
molecola_28296,27,0,27,0.0020738057792186737,0
molecola_28296,28,0,28,0.04048764333128929,0
molecola_28296,29,0,29,0.0007135035702958703,0
molecola_28296,30,0,30,0.188681498169899,0
molecola_28296,31,0,31,0.13817979395389557,0
molecola_28309,1,0,1,0.9573755860328674,1
molecola_28309,2,0,2,0.9242386221885681,1
molecola_28309,3,0,3,0.4640258252620697,0
molecola_28309,4,0,4,0.40900957584381104,0
molecola_28309,5,0,5,0.8339595198631287,1
molecola_28309,6,0,6,0.981661319732666,1
molecola_28309,7,0,7,0.8996164798736572,1
molecola_28309,8,0,8,0.8996164798736572,1
molecola_28309,9,0,9,0.4679874777793884,0
molecola_28309,10,0,10,0.2172674536705017,0
molecola_28309,11,0,11,0.09710082411766052,0
molecola_28309,12,0,12,0.09461300075054169,0
molecola_28309,13,0,13,0.2533183693885803,0
molecola_28309,14,0,14,0.6132760643959045,1
molecola_28309,15,1,15,0.9417217969894409,1
molecola_28309,16,1,16,0.9516798853874207,1
molecola_28309,17,0,17,0.6337904334068298,1
molecola_28309,18,0,18,0.03600018844008446,0
molecola_28309,19,0,19,0.001355201588012278,0
molecola_28309,20,0,20,0.0008187886560335755,0
molecola_28309,21,0,21,0.009424027055501938,0
molecola_28309,22,0,22,0.39983275532722473,0
molecola_28309,23,0,23,0.8339592218399048,1
molecola_28309,24,0,24,0.981661319732666,1
molecola_28309,25,0,25,0.8996164798736572,1
molecola_28309,26,0,26,0.8996164798736572,1
molecola_28338,1,1,1,0.9570689797401428,1
molecola_28338,2,1,2,0.9933915138244629,1
molecola_28338,3,1,3,0.9570689797401428,1
molecola_28338,4,0,4,0.06416656821966171,0
molecola_28338,5,0,5,0.003086480312049389,0
molecola_28338,6,0,6,0.0008804976241663098,0
molecola_28338,7,0,7,0.0003755418583750725,0
molecola_28338,8,0,8,0.0008804976241663098,0
molecola_28338,9,0,9,0.003086480312049389,0
molecola_28338,10,0,10,0.0021736822091042995,0
molecola_28338,11,0,11,0.020465852692723274,0
molecola_28338,12,0,12,0.020465852692723274,0
molecola_28338,13,0,13,0.023156603798270226,0
molecola_28338,14,0,14,0.0017721663461998105,0
molecola_28338,15,0,15,0.0009263675892725587,0
molecola_28338,16,0,16,0.0008115852251648903,0
molecola_28338,17,0,17,0.0031027011573314667,0
molecola_28338,18,0,18,0.011653472669422626,0
molecola_28338,19,0,19,0.020250938832759857,0
molecola_28338,20,0,20,0.0022629026789218187,0
molecola_28338,21,0,21,0.0014151675859466195,0
molecola_28338,22,0,22,0.0005179567378945649,0
molecola_28338,23,0,23,0.00037879424053244293,0
molecola_28338,24,0,24,0.0005495093064382672,0
molecola_28338,25,0,25,0.0004681749560404569,0
molecola_28338,26,0,26,0.0004180717223789543,0
molecola_28338,27,0,27,0.0007148899603635073,0
molecola_28338,28,0,28,0.00033289677230641246,0
molecola_28338,29,0,29,0.0007148899603635073,0
molecola_28338,30,0,30,0.0004180717223789543,0
molecola_28338,31,0,31,0.00035556298098526895,0
molecola_28338,32,0,32,0.0004173971537966281,0
molecola_28338,33,0,33,0.0004173971537966281,0
molecola_28338,34,0,34,0.0004173971537966281,0
molecola_28338,35,0,35,0.0004221123526804149,0
molecola_28493,1,0,1,0.0004869906115345657,0
molecola_28493,2,0,2,0.0003789316688198596,0
molecola_28493,3,0,3,0.0004869906115345657,0
molecola_28493,4,0,4,0.0006597441388294101,0
molecola_28493,5,0,5,0.004400275647640228,0
molecola_28493,6,0,6,0.004531392827630043,0
molecola_28493,7,0,7,0.006375618278980255,0
molecola_28493,8,0,8,0.023802869021892548,0
molecola_28493,9,0,9,0.7184815406799316,1
molecola_28493,10,0,10,0.0027580431196838617,0
molecola_28493,11,0,11,0.002775459783151746,0
molecola_28493,12,0,12,0.0016005451325327158,0
molecola_28493,13,0,13,0.01329258643090725,0
molecola_28493,14,0,14,0.04852218180894852,0
molecola_28493,15,0,15,0.01329258643090725,0
molecola_28493,16,0,16,0.0016005451325327158,0
molecola_28493,17,0,17,0.009708545170724392,0
molecola_28493,18,0,18,0.019097670912742615,0
molecola_28493,19,0,19,0.7126803994178772,1
molecola_28493,20,0,20,0.008904303424060345,0
molecola_28493,21,0,21,0.0670132115483284,0
molecola_28493,22,1,22,0.9658657908439636,1
molecola_28493,23,1,23,0.9784987568855286,1
molecola_28493,24,0,24,0.02822885289788246,0
molecola_28493,25,0,25,0.004713335540145636,0
molecola_28773,1,0,1,0.00803196057677269,0
molecola_28773,2,0,2,0.0017188354395329952,0
molecola_28773,3,0,3,0.0003796088567469269,0
molecola_28773,4,0,4,0.0011870056623592973,0
molecola_28773,5,0,5,0.0005910285981371999,0
molecola_28773,6,0,6,0.021208103746175766,0
molecola_28773,7,0,7,0.005264901090413332,0
molecola_28773,8,0,8,0.022228918969631195,0
molecola_28773,9,0,9,0.02206915244460106,0
molecola_28773,10,0,10,0.01207425631582737,0
molecola_28773,11,0,11,0.003323280718177557,0
molecola_28773,12,0,12,0.0038137349765747786,0
molecola_28773,13,0,13,0.005463294219225645,0
molecola_28773,14,0,14,0.006787835154682398,0
molecola_28773,15,0,15,0.008832690306007862,0
molecola_28773,16,0,16,0.06436887383460999,0
molecola_28773,17,0,17,0.710468590259552,1
molecola_28773,18,0,18,0.12032667547464371,0
molecola_28773,19,1,19,0.9923490285873413,1
molecola_28773,20,0,20,0.4336321949958801,0
molecola_28773,21,0,21,0.0017021503299474716,0
molecola_28773,22,0,22,0.939437210559845,1
molecola_28773,23,0,23,0.9441767334938049,1
molecola_28773,24,0,24,0.8703784346580505,1
molecola_28773,25,0,25,0.8315600156784058,1
molecola_28773,26,0,26,0.9575515389442444,1
molecola_28773,27,0,27,0.860372006893158,1
molecola_28773,28,0,28,0.860372006893158,1
molecola_28773,29,0,29,0.9750552773475647,1
molecola_28773,30,0,30,0.969641387462616,1
molecola_28906,1,1,1,0.9923490285873413,1
molecola_28906,2,0,2,0.11999519914388657,0
molecola_28906,3,0,3,0.19673579931259155,0
molecola_28906,4,0,4,0.14278817176818848,0
molecola_28906,5,0,5,0.23379315435886383,0
molecola_28906,6,0,6,0.12308432161808014,0
molecola_28906,7,0,7,0.4407425820827484,0
molecola_28906,8,0,8,0.044679924845695496,0
molecola_28906,9,0,9,0.05031391605734825,0
molecola_28906,10,0,10,0.0670173242688179,0
molecola_28906,11,0,11,0.22040492296218872,0
molecola_28906,12,0,12,0.024342048913240433,0
molecola_28906,13,0,13,0.028004653751850128,0
molecola_28906,14,0,14,0.19381296634674072,0
molecola_28906,15,0,15,0.2651061415672302,0
molecola_28906,16,0,16,0.21946094930171967,0
molecola_28906,17,0,17,0.03926995024085045,0
molecola_28906,18,0,18,0.009913178160786629,0
molecola_2911,1,0,1,0.21513620018959045,0
molecola_2911,2,0,2,0.03627045080065727,0
molecola_2911,3,0,3,0.1311320811510086,0
molecola_2911,4,0,4,0.003631137777119875,0
molecola_2911,5,0,5,0.0009254585602320731,0
molecola_2911,6,0,6,0.00037223187973722816,0
molecola_2911,7,0,7,0.00048375866026617587,0
molecola_2911,8,0,8,0.00035536036011762917,0
molecola_2911,9,0,9,0.0005017719813622534,0
molecola_2911,10,0,10,0.0012685564579442143,0
molecola_2911,11,0,11,0.2873677909374237,0
molecola_2911,12,0,12,0.1766120046377182,0
molecola_2911,13,1,13,0.9905216693878174,1
molecola_2911,14,0,14,0.0003884747566189617,0
molecola_2911,15,0,15,0.0003251917369198054,0
molecola_2911,16,0,16,0.0004869790282100439,0
molecola_2911,17,0,17,0.001406427938491106,0
molecola_2911,18,0,18,0.0037540169432759285,0
molecola_2911,19,0,19,0.004662566352635622,0
molecola_2911,20,0,20,0.0011432970641180873,0
molecola_2911,21,0,21,0.0021096065174788237,0
molecola_2911,22,0,22,0.0007240394479595125,0
molecola_2911,23,0,23,0.2729591131210327,0
molecola_2911,24,0,24,0.0007589835440739989,0
molecola_2911,25,0,25,0.0007941955700516701,0
molecola_2911,26,0,26,0.0007732243393547833,0
molecola_2911,27,0,27,0.0010137066710740328,0
molecola_2911,28,0,28,0.0035772027913480997,0
molecola_2911,29,0,29,0.001608250429853797,0
molecola_2911,30,0,30,0.0007104286341927946,0
molecola_2911,31,0,31,0.0035772027913480997,0
molecola_2911,32,0,32,0.0010137066710740328,0
molecola_2911,33,0,33,0.0007119851652532816,0
molecola_29118,1,1,1,0.9344584941864014,1
molecola_29118,2,1,2,0.9434239864349365,1
molecola_29118,3,0,3,0.11652801930904388,0
molecola_29118,4,0,4,0.032057806849479675,0
molecola_29118,5,0,5,0.007704446092247963,0
molecola_29118,6,0,6,0.0470808707177639,0
molecola_29118,7,0,7,0.027626337483525276,0
molecola_29118,8,0,8,0.008019732311367989,0
molecola_29118,9,0,9,0.0016108365962281823,0
molecola_29118,10,0,10,0.0005868255393579602,0
molecola_29118,11,0,11,0.000522616202943027,0
molecola_29118,12,0,12,0.0007392643019556999,0
molecola_29118,13,0,13,0.009541952051222324,0
molecola_29118,14,0,14,0.04201845824718475,0
molecola_29118,15,0,15,0.06089267507195473,0
molecola_29118,16,0,16,0.04201845824718475,0
molecola_29118,17,0,17,0.009541952051222324,0
molecola_29232,1,0,1,0.014240206219255924,0
molecola_29232,2,0,2,0.11317291110754013,0
molecola_29232,3,0,3,0.002681524958461523,0
molecola_29232,4,0,4,0.6700616478919983,1
molecola_29232,5,0,5,0.0007983224932104349,0
molecola_29232,6,0,6,0.0010646568844094872,0
molecola_29232,7,0,7,0.00032725746859796345,0
molecola_29232,8,0,8,0.0013295566895976663,0
molecola_29232,9,0,9,0.010090173222124577,0
molecola_29232,10,0,10,0.00852635782212019,0
molecola_29232,11,1,11,0.9891506433486938,1
molecola_29232,12,0,12,0.0027894554659724236,0
molecola_29232,13,0,13,0.0010041766799986362,0
molecola_29232,14,0,14,0.0008856432395987213,0
molecola_29232,15,0,15,0.0005706321680918336,0
molecola_29232,16,0,16,0.0005801309598609805,0
molecola_29232,17,0,17,0.00042000628309324384,0
molecola_29297,1,1,1,0.10117284208536148,0
molecola_29297,2,0,2,0.04201109707355499,0
molecola_29297,3,0,3,0.030805403366684914,0
molecola_29297,4,1,4,0.01804947294294834,0
molecola_29297,5,0,5,0.006508116144686937,0
molecola_29297,6,0,6,0.0013291636714711785,0
molecola_29297,7,0,7,0.003352559171617031,0
molecola_29297,8,1,8,0.15356238186359406,0
molecola_29297,9,1,9,0.22407764196395874,0
molecola_29297,10,1,10,0.011756621301174164,0
molecola_29297,11,0,11,0.0074441502802073956,0
molecola_29297,12,0,12,0.012277067638933659,0
molecola_29297,13,0,13,0.012277067638933659,0
molecola_29297,14,0,14,0.0074441502802073956,0
molecola_29297,15,0,15,0.0004018405743408948,0
molecola_29297,16,0,16,0.00037311596679501235,0
molecola_29297,17,0,17,0.00047501723747700453,0
molecola_29297,18,0,18,0.04059804230928421,0
molecola_29297,19,0,19,0.09339101612567902,0
molecola_29297,20,0,20,0.11671715974807739,0
molecola_29297,21,0,21,0.09339101612567902,0
molecola_29297,22,0,22,0.04059804230928421,0
molecola_29297,23,0,23,0.0004197697271592915,0
molecola_29297,24,0,24,0.004231179598718882,0
molecola_29297,25,0,25,0.782034695148468,1
molecola_29297,26,0,26,0.07457561790943146,0
molecola_29297,27,1,27,0.9924403429031372,1
molecola_29297,28,0,28,0.782034695148468,1
molecola_29297,29,0,29,0.004231179598718882,0
molecola_29345,1,0,1,0.007738605607300997,0
molecola_29345,2,0,2,0.0019609706941992044,0
molecola_29345,3,0,3,0.0012913873651996255,0
molecola_29345,4,0,4,0.0036398288793861866,0
molecola_29345,5,0,5,0.008151061832904816,0
molecola_29345,6,0,6,0.025248918682336807,0
molecola_29345,7,0,7,0.005371727515012026,0
molecola_29345,8,0,8,0.0038426294922828674,0
molecola_29345,9,0,9,0.013981093652546406,0
molecola_29345,10,0,10,0.002755544614046812,0
molecola_29345,11,0,11,0.0003214478783775121,0
molecola_29345,12,0,12,0.0003313993220217526,0
molecola_29345,13,0,13,0.0008121990831568837,0
molecola_29345,14,0,14,0.009816400706768036,0
molecola_29345,15,0,15,0.8170178532600403,1
molecola_29345,16,0,16,0.8328959345817566,1
molecola_29345,17,0,17,0.9714832305908203,1
molecola_29345,18,0,18,0.9748073220252991,1
molecola_29345,19,0,19,0.8240916728973389,1
molecola_29345,20,0,20,0.29761773347854614,0
molecola_29345,21,0,21,0.00330552039667964,0
molecola_29345,22,0,22,0.0035546314902603626,0
molecola_29345,23,0,23,0.00381264416500926,0
molecola_29345,24,0,24,0.06416654586791992,0
molecola_29345,25,0,25,0.00381264416500926,0
molecola_29345,26,0,26,0.0035546314902603626,0
molecola_29345,27,1,27,0.9933915138244629,1
molecola_29345,28,0,28,0.9570689797401428,1
molecola_29345,29,1,29,0.9570689797401428,1
molecola_29360,1,0,1,0.0077920774929225445,0
molecola_29360,2,0,2,0.0020562370773404837,0
molecola_29360,3,0,3,0.0020669330842792988,0
molecola_29360,4,0,4,0.0009541792678646743,0
molecola_29360,5,0,5,0.0007644955767318606,0
molecola_29360,6,0,6,0.013323957100510597,0
molecola_29360,7,0,7,0.5273259878158569,1
molecola_29360,8,0,8,0.8246886730194092,1
molecola_29360,9,1,9,0.9812930226325989,1
molecola_29360,10,0,10,0.8983204364776611,1
molecola_29360,11,1,11,0.8983204364776611,1
molecola_29360,12,0,12,0.03402290120720863,0
molecola_29360,13,1,13,0.9920450448989868,1
molecola_29360,14,0,14,0.9581573009490967,1
molecola_29360,15,1,15,0.9581573009490967,1
molecola_29360,16,0,16,0.0018761176615953445,0
molecola_29360,17,0,17,0.004303605295717716,0
molecola_29374,1,0,1,0.0005254618590697646,0
molecola_29374,2,0,2,0.005020204000174999,0
molecola_29374,3,0,3,0.0005500883562490344,0
molecola_29374,4,0,4,0.0015838328981772065,0
molecola_29374,5,0,5,0.0014728549867868423,0
molecola_29374,6,0,6,0.002412845380604267,0
molecola_29374,7,0,7,0.003169216215610504,0
molecola_29374,8,0,8,0.07159406691789627,0
molecola_29374,9,0,9,0.010171563364565372,0
molecola_29374,10,0,10,0.010171563364565372,0
molecola_29374,11,1,11,0.9650442004203796,1
molecola_29374,12,1,12,0.9721240401268005,1
molecola_29374,13,0,13,0.0004524982941802591,0
molecola_29374,14,0,14,0.00026764353970065713,0
molecola_29374,15,0,15,0.0013691983185708523,0
molecola_29374,16,0,16,0.004595100414007902,0
molecola_29374,17,0,17,0.02305343747138977,0
molecola_29374,18,0,18,0.002480439143255353,0
molecola_29374,19,0,19,0.031841129064559937,0
molecola_29374,20,0,20,0.037577107548713684,0
molecola_29374,21,0,21,0.04199346527457237,0
molecola_29374,22,0,22,0.00672886660322547,0
molecola_29374,23,0,23,0.00036255636950954795,0
molecola_2948,1,1,1,0.715522825717926,1
molecola_2948,2,1,2,0.8940939903259277,1
molecola_2948,3,1,3,0.9889416098594666,1
molecola_2948,4,0,4,0.9069249629974365,1
molecola_2948,5,1,5,0.9069249629974365,1
molecola_2948,6,0,6,0.0025824843905866146,0
molecola_2948,7,0,7,0.000507003569509834,0
molecola_2948,8,0,8,0.0011986729223281145,0
molecola_2948,9,0,9,0.00127909064758569,0
molecola_2948,10,0,10,0.0013401792384684086,0
molecola_2948,11,0,11,0.00046839372953400016,0
molecola_2948,12,0,12,0.000997842289507389,0
molecola_2948,13,0,13,0.001700911088846624,0
molecola_2948,14,0,14,0.002438244642689824,0
molecola_2948,15,0,15,0.003183312714099884,0
molecola_2948,16,0,16,0.0013354637194424868,0
molecola_2948,17,0,17,0.00025488901883363724,0
molecola_2948,18,0,18,0.0025386791676282883,0
molecola_2948,19,0,19,0.002180693205446005,0
molecola_29508,1,0,1,0.0008715163567103446,0
molecola_29508,2,0,2,0.0006387775647453964,0
molecola_29508,3,0,3,0.0007941732183098793,0
molecola_29508,4,0,4,0.26388201117515564,0
molecola_29508,5,0,5,0.0007692959043197334,0
molecola_29508,6,0,6,0.003976577427238226,0
molecola_29508,7,0,7,0.0003874613612424582,0
molecola_29508,8,0,8,0.0019984894897788763,0
molecola_29508,9,0,9,0.004999268800020218,0
molecola_29508,10,0,10,0.024208618327975273,0
molecola_29508,11,0,11,0.003669842379167676,0
molecola_29508,12,0,12,0.026409907266497612,0
molecola_29508,13,0,13,0.7117676734924316,1
molecola_29508,14,0,14,0.11990354210138321,0
molecola_29508,15,1,15,0.9923490285873413,1
molecola_29508,16,0,16,0.43364402651786804,0
molecola_29508,17,0,17,0.0013323043240234256,0
molecola_29718,1,0,1,0.3414660096168518,0
molecola_29718,2,0,2,0.06304391473531723,0
molecola_29718,3,0,3,0.19509448111057281,0
molecola_29718,4,0,4,0.1807372123003006,0
molecola_29718,5,1,5,0.9905217885971069,1
molecola_29718,6,0,6,0.3525402843952179,0
molecola_29718,7,0,7,0.04561254754662514,0
molecola_29718,8,0,8,0.006194393150508404,0
molecola_29718,9,0,9,0.007656550500541925,0
molecola_29718,10,0,10,0.0038465741090476513,0
molecola_29718,11,0,11,0.005001588724553585,0
molecola_29718,12,0,12,0.0027158609591424465,0
molecola_29718,13,0,13,0.22663484513759613,0
molecola_29718,14,0,14,0.23619265854358673,0
molecola_29718,15,0,15,0.9741523265838623,1
molecola_29718,16,0,16,0.002637657104060054,0
molecola_29718,17,0,17,0.008453636430203915,0
molecola_29718,18,0,18,0.029098400846123695,0
molecola_29718,19,0,19,0.04560418426990509,0
molecola_29718,20,0,20,0.029098400846123695,0
molecola_29718,21,0,21,0.008453636430203915,0
molecola_29771,1,0,1,0.0005519273108802736,0
molecola_29771,2,0,2,0.0002784312528092414,0
molecola_29771,3,0,3,0.0005519273108802736,0
molecola_29771,4,0,4,0.0003124209470115602,0
molecola_29771,5,0,5,0.0005757723120041192,0
molecola_29771,6,0,6,0.0003215882752556354,0
molecola_29771,7,0,7,0.000621334183961153,0
molecola_29771,8,0,8,0.0004159907402936369,0
molecola_29771,9,0,9,0.0009117276640608907,0
molecola_29771,10,0,10,0.5868380665779114,1
molecola_29771,11,0,11,0.0531652569770813,0
molecola_29771,12,1,12,0.96560138463974,1
molecola_29771,13,1,13,0.9749056696891785,1
molecola_29771,14,0,14,0.0004874768783338368,0
molecola_2983,1,0,1,0.008858911693096161,0
molecola_2983,2,0,2,0.0025261070113629103,0
molecola_2983,3,0,3,0.00679223146289587,0
molecola_2983,4,0,4,0.030072271823883057,0
molecola_2983,5,0,5,0.711142361164093,1
molecola_2983,6,0,6,0.12008999288082123,0
molecola_2983,7,1,7,0.9923490285873413,1
molecola_2983,8,0,8,0.43375203013420105,0
molecola_2983,9,0,9,0.021587513387203217,0
molecola_2983,10,0,10,0.0029481297824531794,0
molecola_2983,11,0,11,0.01314338855445385,0
molecola_2983,12,0,12,0.007039985619485378,0
molecola_2983,13,0,13,0.004473919980227947,0
molecola_2983,14,0,14,0.0012847376056015491,0
molecola_2983,15,0,15,0.04469596594572067,0
molecola_2983,16,0,16,0.916369616985321,1
molecola_2983,17,0,17,0.03042490966618061,0
molecola_2983,18,0,18,0.0714627131819725,0
molecola_2983,19,0,19,0.036682531237602234,0
molecola_2983,20,0,20,0.007032669615000486,0
molecola_2983,21,0,21,0.003974296618252993,0
molecola_2983,22,0,22,0.0005789872375316918,0
molecola_2983,23,0,23,0.016015879809856415,0
molecola_29872,1,0,1,0.39157626032829285,0
molecola_29872,2,0,2,0.534172773361206,1
molecola_29872,3,0,3,0.06770843267440796,0
molecola_29872,4,0,4,0.08141472935676575,0
molecola_29872,5,0,5,0.030786952003836632,0
molecola_29872,6,0,6,0.0061622303910553455,0
molecola_29872,7,0,7,0.0033708452247083187,0
molecola_29872,8,0,8,0.0004251043719705194,0
molecola_29872,9,0,9,0.0029510115273296833,0
molecola_29872,10,0,10,0.05509244650602341,0
molecola_29872,11,0,11,0.1716926395893097,0
molecola_29872,12,0,12,0.149994894862175,0
molecola_29872,13,1,13,0.9855669736862183,1
molecola_29872,14,0,14,0.0003553894639480859,0
molecola_29872,15,0,15,0.0004173253255430609,0
molecola_29872,16,0,16,0.0004173253255430609,0
molecola_29872,17,0,17,0.00041732509271241724,0
molecola_29895,1,0,1,0.21069400012493134,0
molecola_29895,2,0,2,0.034916531294584274,0
molecola_29895,3,0,3,0.12736943364143372,0
molecola_29895,4,0,4,0.023820804432034492,0
molecola_29895,5,0,5,0.03880050405859947,0
molecola_29895,6,0,6,0.16292668879032135,0
molecola_29895,7,0,7,0.1992117017507553,0
molecola_29895,8,0,8,0.2228480875492096,0
molecola_29895,9,0,9,0.012413914315402508,0
molecola_29895,10,0,10,0.07802722603082657,0
molecola_29895,11,0,11,0.8104231357574463,1
molecola_29895,12,0,12,0.3796125650405884,0
molecola_29895,13,0,13,0.38399651646614075,0
molecola_29895,14,0,14,0.0028466510120779276,0
molecola_29895,15,0,15,0.0018583597848191857,0
molecola_29895,16,0,16,0.004230789840221405,0
molecola_29895,17,0,17,0.004184987396001816,0
molecola_29895,18,0,18,0.001667357631959021,0
molecola_29895,19,0,19,0.0007024655351415277,0
molecola_29895,20,0,20,0.004184987396001816,0
molecola_29895,21,0,21,0.004230789840221405,0
molecola_29895,22,0,22,0.2898564636707306,0
molecola_29895,23,0,23,0.17259112000465393,0
molecola_29895,24,1,24,0.9905216693878174,1
molecola_29933,1,1,1,0.978015124797821,1
molecola_29933,2,0,2,0.20530138909816742,0
molecola_29933,3,0,3,0.08743581920862198,0
molecola_29933,4,0,4,0.07241934537887573,0
molecola_29933,5,0,5,0.12582552433013916,0
molecola_29933,6,0,6,0.003620945615693927,0
molecola_29933,7,0,7,0.0010691029019653797,0
molecola_29933,8,0,8,0.004159169737249613,0
molecola_29933,9,0,9,0.006858728360384703,0
molecola_29933,10,0,10,0.006046226713806391,0
molecola_29933,11,0,11,0.014121138490736485,0
molecola_29933,12,0,12,0.28991010785102844,0
molecola_29933,13,0,13,0.26558011770248413,0
molecola_29933,14,0,14,0.2621188461780548,0
molecola_29933,15,0,15,0.02450242079794407,0
molecola_29933,16,0,16,0.029569104313850403,0
molecola_29933,17,0,17,0.016707148402929306,0
molecola_29933,18,0,18,0.1379406452178955,0
molecola_29933,19,0,19,0.043336592614650726,0
molecola_29933,20,0,20,0.003145144786685705,0
molecola_29933,21,0,21,0.02915892004966736,0
molecola_29933,22,0,22,0.011286844499409199,0
molecola_29933,23,0,23,0.13788460195064545,0
molecola_30025,1,0,1,0.002250107005238533,0
molecola_30025,2,0,2,0.0010499421041458845,0
molecola_30025,3,0,3,0.007450717035681009,0
molecola_30025,4,0,4,0.0072375074960291386,0
molecola_30025,5,0,5,0.6638966798782349,1
molecola_30025,6,0,6,0.009015830233693123,0
molecola_30025,7,0,7,0.0021737380884587765,0
molecola_30025,8,0,8,0.0010894129518419504,0
molecola_30025,9,0,9,0.0005798888159915805,0
molecola_30025,10,0,10,0.0010894129518419504,0
molecola_30025,11,0,11,0.0021737380884587765,0
molecola_30025,12,0,12,0.0004377879959065467,0
molecola_30025,13,0,13,0.03948831558227539,0
molecola_30025,14,0,14,0.03948831558227539,0
molecola_30025,15,0,15,0.00431614276021719,0
molecola_30025,16,0,16,0.009777234867215157,0
molecola_30025,17,0,17,0.004509105812758207,0
molecola_30025,18,0,18,0.00042293479782529175,0
molecola_30025,19,0,19,0.0013361354358494282,0
molecola_30025,20,0,20,0.004567121621221304,0
molecola_30025,21,0,21,0.003430231474339962,0
molecola_30025,22,0,22,0.0004613041237462312,0
molecola_30025,23,0,23,0.000290770927676931,0
molecola_30025,24,0,24,0.0007898197509348392,0
molecola_30025,25,0,25,0.10030005872249603,0
molecola_30025,26,0,26,0.781561017036438,1
molecola_30025,27,1,27,0.9828683137893677,1
molecola_30025,28,0,28,0.9007706046104431,1
molecola_30025,29,1,29,0.9007706046104431,1
molecola_30025,30,0,30,0.0013180030509829521,0
molecola_30025,31,0,31,0.09575331211090088,0
molecola_30025,32,0,32,0.19751118123531342,0
molecola_30025,33,0,33,0.3956291079521179,0
molecola_30025,34,0,34,0.2826644480228424,0
molecola_30025,35,0,35,0.08072032034397125,0
molecola_3017,1,0,1,0.0007465032977052033,0
molecola_3017,2,0,2,0.0011370552238076925,0
molecola_3017,3,0,3,0.004959432408213615,0
molecola_3017,4,0,4,0.0005138908745720983,0
molecola_3017,5,0,5,0.007096495479345322,0
molecola_3017,6,0,6,0.0034710136242210865,0
molecola_3017,7,0,7,0.17121654748916626,0
molecola_3017,8,1,8,0.7948936223983765,1
molecola_3017,9,1,9,0.9892476201057434,1
molecola_3017,10,1,10,0.909728467464447,1
molecola_3017,11,1,11,0.909728467464447,1
molecola_3017,12,0,12,0.5804092288017273,1
molecola_3017,13,0,13,0.3404895067214966,0
molecola_3017,14,0,14,0.3473397493362427,0
molecola_3017,15,0,15,0.021122466772794724,0
molecola_3017,16,0,16,0.3473397493362427,0
molecola_3017,17,0,17,0.3404895067214966,0
molecola_30299,1,0,1,0.9589397311210632,1
molecola_30299,2,0,2,0.9929266571998596,1
molecola_30299,3,0,3,0.9589397311210632,1
molecola_30299,4,0,4,0.03763849660754204,0
molecola_30299,5,0,5,0.08535207808017731,0
molecola_30299,6,0,6,0.242964506149292,0
molecola_30299,7,0,7,0.5288767218589783,1
molecola_30299,8,0,8,0.5194358229637146,1
molecola_30299,9,0,9,0.47246986627578735,0
molecola_30299,10,0,10,0.4004667401313782,0
molecola_30299,11,0,11,0.01060291938483715,0
molecola_30299,12,0,12,0.06422404199838638,0
molecola_30299,13,0,13,0.12652449309825897,0
molecola_30299,14,0,14,0.0771426111459732,0
molecola_30299,15,0,15,0.08743734657764435,0
molecola_30299,16,0,16,0.17344355583190918,0
molecola_30299,17,1,17,0.9787695407867432,1
molecola_30299,18,0,18,0.1972740888595581,0
molecola_30299,19,0,19,0.0009372623171657324,0
molecola_30299,20,0,20,0.00033000134862959385,0
molecola_30299,21,0,21,0.010978629812598228,0
molecola_30299,22,0,22,0.0005394796608015895,0
molecola_30299,23,0,23,0.0004328317299950868,0
molecola_30299,24,0,24,0.0004490495484787971,0
molecola_30482,1,0,1,0.011566601693630219,0
molecola_30482,2,0,2,0.0046369777992367744,0
molecola_30482,3,0,3,0.00576564809307456,0
molecola_30482,4,0,4,0.003495872253552079,0
molecola_30482,5,0,5,0.0014174930984154344,0
molecola_30482,6,0,6,0.0007199301035143435,0
molecola_30482,7,0,7,0.0015921148005872965,0
molecola_30482,8,0,8,0.004761931952089071,0
molecola_30482,9,0,9,0.0030066489707678556,0
molecola_30482,10,0,10,0.0028852522373199463,0
molecola_30482,11,0,11,0.0018013091757893562,0
molecola_30482,12,0,12,0.02798474207520485,0
molecola_30482,13,0,13,0.001835899194702506,0
molecola_30482,14,0,14,0.0009705796837806702,0
molecola_30482,15,0,15,0.0012461108854040504,0
molecola_30482,16,0,16,0.001933272578753531,0
molecola_30482,17,0,17,0.0019572805613279343,0
molecola_30482,18,0,18,0.0003233899478800595,0
molecola_30482,19,1,19,0.992916464805603,1
molecola_30482,20,1,20,0.9594623446464539,1
molecola_30482,21,1,21,0.9594623446464539,1
molecola_30482,22,0,22,0.030296271666884422,0
molecola_30482,23,0,23,0.0008072524215094745,0
molecola_30482,24,0,24,0.0008072524215094745,0
molecola_30552,1,0,1,0.0019260764820501208,0
molecola_30552,2,0,2,0.0010255328379571438,0
molecola_30552,3,0,3,0.01554934773594141,0
molecola_30552,4,0,4,0.0012941418681293726,0
molecola_30552,5,0,5,0.0008389936992898583,0
molecola_30552,6,0,6,0.0011400675866752863,0
molecola_30552,7,0,7,0.16953255236148834,0
molecola_30552,8,0,8,0.04044009745121002,0
molecola_30552,9,0,9,0.054045017808675766,0
molecola_30552,10,0,10,0.03503279760479927,0
molecola_30552,11,0,11,0.07387538254261017,0
molecola_30552,12,0,12,0.7103702425956726,1
molecola_30552,13,0,13,0.12036562711000443,0
molecola_30552,14,1,14,0.9923490285873413,1
molecola_30552,15,0,15,0.43361490964889526,0
molecola_30552,16,0,16,0.5267402529716492,1
molecola_30552,17,0,17,0.09165644645690918,0
molecola_30552,18,0,18,0.14217199385166168,0
molecola_30552,19,0,19,0.0005397314089350402,0
molecola_30552,20,0,20,0.001292966422624886,0
molecola_30552,21,0,21,0.0019179042428731918,0
molecola_30552,22,0,22,0.007520750630646944,0
molecola_30552,23,0,23,0.012984856963157654,0
molecola_30552,24,0,24,0.0015207561664283276,0
molecola_30552,25,0,25,0.0009847187902778387,0
molecola_30552,26,0,26,0.0009847187902778387,0
molecola_30552,27,0,27,0.0009847187902778387,0
molecola_30552,28,0,28,0.0019179042428731918,0
molecola_30552,29,0,29,0.001292966422624886,0
molecola_30612,1,1,1,0.8991549611091614,1
molecola_30612,2,1,2,0.9874656796455383,1
molecola_30612,3,1,3,0.8991549611091614,1
molecola_30612,4,1,4,0.9039198160171509,1
molecola_30612,5,0,5,0.0034925714135169983,0
molecola_30612,6,0,6,0.0006262899842113256,0
molecola_30612,7,0,7,0.0012999684549868107,0
molecola_30612,8,0,8,0.001692882739007473,0
molecola_30612,9,0,9,0.0012999684549868107,0
molecola_30612,10,0,10,0.0006262899842113256,0
molecola_30612,11,0,11,0.003961058333516121,0
molecola_30612,12,0,12,0.03201508894562721,0
molecola_30612,13,0,13,0.0395255982875824,0
molecola_30612,14,0,14,0.04797131195664406,0
molecola_30612,15,0,15,0.0395255982875824,0
molecola_30612,16,0,16,0.03201508894562721,0
molecola_30634,1,0,1,0.00886936392635107,0
molecola_30634,2,0,2,0.0025991657748818398,0
molecola_30634,3,0,3,0.0033952274825423956,0
molecola_30634,4,0,4,0.09724804013967514,0
molecola_30634,5,0,5,0.13493923842906952,0
molecola_30634,6,0,6,0.13438914716243744,0
molecola_30634,7,0,7,0.04129675030708313,0
molecola_30634,8,0,8,0.33983105421066284,0
molecola_30634,9,0,9,0.05109920725226402,0
molecola_30634,10,0,10,0.014797589741647243,0
molecola_30634,11,0,11,0.003484319895505905,0
molecola_30634,12,0,12,0.0005286622908897698,0
molecola_30634,13,0,13,0.0003560867626219988,0
molecola_30634,14,0,14,0.0003282098041381687,0
molecola_30634,15,0,15,0.00039089962956495583,0
molecola_30634,16,0,16,0.006195109337568283,0
molecola_30634,17,0,17,0.007395439315587282,0
molecola_30634,18,0,18,0.002670486457645893,0
molecola_30634,19,0,19,0.0002668638189788908,0
molecola_30634,20,0,20,0.0003501992905512452,0
molecola_30634,21,0,21,0.00040875072591006756,0
molecola_30634,22,0,22,0.00040875072591006756,0
molecola_30634,23,0,23,0.00040875072591006756,0
molecola_30634,24,0,24,0.004680762533098459,0
molecola_30634,25,0,25,0.1536523848772049,0
molecola_30634,26,0,26,0.003531834576278925,0
molecola_30634,27,0,27,0.0027426695451140404,0
molecola_30634,28,0,28,0.0010156594216823578,0
molecola_30634,29,0,29,0.6483701467514038,1
molecola_30634,30,0,30,0.015338513068854809,0
molecola_30634,31,0,31,0.4113483428955078,0
molecola_30634,32,1,32,0.833962082862854,1
molecola_30634,33,1,33,0.981661319732666,1
molecola_30634,34,0,34,0.8996164798736572,1
molecola_30634,35,1,35,0.8996164798736572,1
molecola_30634,36,0,36,0.0008796803886070848,0
molecola_30634,37,0,37,0.001923663541674614,0
molecola_30634,38,0,38,0.026205193251371384,0
molecola_30634,39,0,39,0.059338461607694626,0
molecola_30634,40,0,40,0.026205193251371384,0
molecola_30634,41,0,41,0.001923663541674614,0
molecola_30634,42,0,42,0.07738509029150009,0
molecola_30634,43,0,43,0.15193450450897217,0
molecola_30634,44,0,44,0.0015574945136904716,0
molecola_30634,45,0,45,0.0010075547033920884,0
molecola_30839,1,0,1,0.0036759739741683006,0
molecola_30839,2,0,2,0.0009857354452833533,0
molecola_30839,3,0,3,0.0006133871502242982,0
molecola_30839,4,0,4,0.00037484869244508445,0
molecola_30839,5,0,5,0.0005498579703271389,0
molecola_30839,6,0,6,0.0033683376386761665,0
molecola_30839,7,0,7,0.0027835643850266933,0
molecola_30839,8,0,8,0.04912586510181427,0
molecola_30839,9,0,9,0.6165734529495239,1
molecola_30839,10,0,10,0.8285369277000427,1
molecola_30839,11,1,11,0.9881983399391174,1
molecola_30839,12,0,12,0.9084559082984924,1
molecola_30839,13,1,13,0.9084559082984924,1
molecola_30839,14,0,14,0.0027835643850266933,0
molecola_30839,15,0,15,0.0033683376386761665,0
molecola_30839,16,0,16,0.0003792312345467508,0
molecola_30839,17,0,17,0.0017766731325536966,0
molecola_30839,18,0,18,0.003467345843091607,0
molecola_30839,19,0,19,0.0032035945914685726,0
molecola_30839,20,0,20,0.012701707892119884,0
molecola_30839,21,0,21,0.010766178369522095,0
molecola_30839,22,0,22,0.009890113025903702,0
molecola_30839,23,0,23,0.25172871351242065,0
molecola_30839,24,0,24,0.45829761028289795,0
molecola_30839,25,0,25,0.520980179309845,1
molecola_30839,26,0,26,0.6565032601356506,1
molecola_30839,27,0,27,0.6115910410881042,1
molecola_30839,28,0,28,0.5859682559967041,1
molecola_30839,29,0,29,0.5960220694541931,1
molecola_30839,30,0,30,0.6147599816322327,1
molecola_30839,31,0,31,0.6061869859695435,1
molecola_30839,32,0,32,0.58977210521698,1
molecola_30839,33,0,33,0.7154561877250671,1
molecola_30839,34,0,34,0.6482734680175781,1
molecola_30839,35,0,35,0.6482734680175781,1
molecola_30839,36,0,36,0.0017038056394085288,0
molecola_30839,37,0,37,0.000338460027705878,0
molecola_30839,38,0,38,0.000735435460228473,0
molecola_30839,39,0,39,0.002748928964138031,0
molecola_30839,40,0,40,0.0018890161300078034,0
molecola_30839,41,0,41,0.0007242681458592415,0
molecola_30839,42,0,42,0.0019024830544367433,0
molecola_30839,43,0,43,0.0005144777824170887,0
molecola_30839,44,0,44,0.00023920561943668872,0
molecola_30975,1,0,1,0.004414885304868221,0
molecola_30975,2,0,2,0.0005047853919677436,0
molecola_30975,3,0,3,0.0005483030690811574,0
molecola_30975,4,0,4,0.011384381912648678,0
molecola_30975,5,0,5,0.005344781558960676,0
molecola_30975,6,0,6,0.014995550736784935,0
molecola_30975,7,0,7,0.22183488309383392,0
molecola_30975,8,0,8,0.013055520132184029,0
molecola_30975,9,0,9,0.013055520132184029,0
molecola_30975,10,0,10,0.025781923905014992,0
molecola_30975,11,0,11,0.06948953121900558,0
molecola_30975,12,0,12,0.7116311192512512,1
molecola_30975,13,0,13,0.11970949172973633,0
molecola_30975,14,1,14,0.9923490285873413,1
molecola_30975,15,0,15,0.43157118558883667,0
molecola_30975,16,0,16,0.00206495332531631,0
molecola_30995,1,0,1,0.9924403429031372,1
molecola_30995,2,0,2,0.07457625865936279,0
molecola_30995,3,0,3,0.7820261716842651,1
molecola_30995,4,0,4,0.03429565206170082,0
molecola_30995,5,0,5,0.006501293741166592,0
molecola_30995,6,0,6,0.03429565206170082,0
molecola_30995,7,0,7,0.7820261716842651,1
molecola_30995,8,0,8,0.0436089001595974,0
molecola_30995,9,0,9,0.04793427884578705,0
molecola_30995,10,0,10,0.20211432874202728,0
molecola_30995,11,0,11,0.23104265332221985,0
molecola_30995,12,0,12,0.21810108423233032,0
molecola_30995,13,0,13,0.2225227952003479,0
molecola_30995,14,0,14,0.9750816822052002,1
molecola_30995,15,0,15,0.12823811173439026,0
molecola_30995,16,0,16,0.22155842185020447,0
molecola_30995,17,1,17,0.9750816822052002,1
molecola_30995,18,0,18,0.13248790800571442,0
molecola_30995,19,0,19,0.18018844723701477,0
molecola_30995,20,0,20,0.01942639984190464,0
molecola_30995,21,0,21,0.19878359138965607,0
molecola_30995,22,0,22,0.04580433666706085,0
molecola_30995,23,0,23,0.0064397226087749004,0
molecola_30995,24,0,24,0.025010690093040466,0
molecola_30995,25,0,25,0.18714459240436554,0
molecola_30995,26,0,26,0.17399649322032928,0
molecola_30995,27,1,27,0.9787615537643433,1
molecola_30995,28,0,28,0.03687015920877457,0
molecola_30995,29,0,29,0.051785361021757126,0
molecola_30995,30,0,30,0.20179912447929382,0
molecola_30995,31,0,31,0.23104265332221985,0
molecola_30995,32,0,32,0.21958771347999573,0
molecola_30995,33,0,33,0.21937383711338043,0
molecola_30995,34,0,34,0.9750816822052002,1
molecola_30995,35,0,35,0.32320788502693176,0
molecola_30995,36,0,36,0.1465979814529419,0
molecola_30995,37,0,37,0.9915537238121033,1
molecola_30995,38,0,38,0.34169861674308777,0
molecola_30995,39,0,39,0.1987311840057373,0
molecola_30995,40,0,40,0.009545477107167244,0
molecola_31041,1,1,1,0.0036973189562559128,0
molecola_31041,2,1,2,0.0020278706215322018,0
molecola_31041,3,1,3,0.0036973189562559128,0
molecola_31041,4,1,4,0.0036973189562559128,0
molecola_31041,5,1,5,0.0004949338617734611,0
molecola_31041,6,1,6,0.0007121639209799469,0
molecola_31041,7,1,7,0.0006227437406778336,0
molecola_31041,8,1,8,0.0033817768562585115,0
molecola_31041,9,1,9,0.0071298121474683285,0
molecola_31041,10,1,10,0.005870415363460779,0
molecola_31041,11,0,11,0.003864798927679658,0
molecola_31041,12,0,12,0.001033322187140584,0
molecola_31041,13,0,13,0.001033322187140584,0
molecola_31041,14,1,14,0.0009000627906061709,0
molecola_31041,15,1,15,0.0007963473908603191,0
molecola_31041,16,1,16,0.025586824864149094,0
molecola_31041,17,1,17,0.0008412808529101312,0
molecola_31041,18,1,18,0.0007474703597836196,0
molecola_31041,19,1,19,0.0005737336468882859,0
molecola_31041,20,1,20,0.0007811874384060502,0
molecola_31041,21,0,21,0.0008559295674785972,0
molecola_31041,22,0,22,0.0014237419236451387,0
molecola_31041,23,0,23,0.012026128359138966,0
molecola_31041,24,1,24,0.031061062589287758,0
molecola_31041,25,1,25,0.03971921280026436,0
molecola_31041,26,1,26,0.017825724557042122,0
molecola_31041,27,1,27,0.0012393426150083542,0
molecola_31041,28,1,28,0.0010353476973250508,0
molecola_31041,29,1,29,0.00250983820296824,0
molecola_31180,1,1,1,0.8992226719856262,1
molecola_31180,2,1,2,0.987528920173645,1
molecola_31180,3,1,3,0.8992226719856262,1
molecola_31180,4,1,4,0.9041480422019958,1
molecola_31180,5,0,5,0.0033399388194084167,0
molecola_31180,6,0,6,0.00041443915688432753,0
molecola_31180,7,0,7,0.00031309216865338385,0
molecola_31180,8,0,8,0.0004885826492682099,0
molecola_31180,9,0,9,0.0008910435135476291,0
molecola_31180,10,0,10,0.0005706321680918336,0
molecola_31180,11,0,11,0.0014518842799589038,0
molecola_31180,12,0,12,0.00045309329289011657,0
molecola_31180,13,0,13,0.000637591234408319,0
molecola_31180,14,0,14,0.00027066850452683866,0
molecola_31180,15,0,15,0.00024141409085132182,0
molecola_31193,1,0,1,0.0006119987810961902,0
molecola_31193,2,0,2,0.0008334613521583378,0
molecola_31193,3,0,3,0.0006274565239436924,0
molecola_31193,4,0,4,0.0035537192597985268,0
molecola_31193,5,0,5,0.309266060590744,0
molecola_31193,6,0,6,0.013248772360384464,0
molecola_31193,7,0,7,0.013643147423863411,0
molecola_31193,8,0,8,0.006668072193861008,0
molecola_31193,9,0,9,0.0008796200272627175,0
molecola_31193,10,0,10,0.003569538937881589,0
molecola_31193,11,0,11,0.006197931244969368,0
molecola_31193,12,0,12,0.0018444615416228771,0
molecola_31193,13,0,13,0.000665042782202363,0
molecola_31193,14,0,14,0.001263324753381312,0
molecola_31193,15,0,15,0.0007460644701495767,0
molecola_31193,16,0,16,0.0005500904517248273,0
molecola_31193,17,0,17,0.0005930696497671306,0
molecola_31193,18,1,18,0.9920497536659241,1
molecola_31193,19,1,19,0.9641696810722351,1
molecola_31193,20,1,20,0.9641696810722351,1
molecola_31263,1,1,1,0.8984119296073914,1
molecola_31263,2,1,2,0.9861279726028442,1
molecola_31263,3,1,3,0.8984119296073914,1
molecola_31263,4,1,4,0.8929098844528198,1
molecola_31263,5,0,5,0.026473650708794594,0
molecola_31263,6,0,6,0.0008866775897331536,0
molecola_31263,7,0,7,0.0008399267680943012,0
molecola_31263,8,0,8,0.006706118118017912,0
molecola_31263,9,0,9,0.0004070594150107354,0
molecola_31263,10,0,10,0.0007498979102820158,0
molecola_31263,11,0,11,0.005332655273377895,0
molecola_31263,12,0,12,0.008299490436911583,0
molecola_31263,13,0,13,0.003382347524166107,0
molecola_31263,14,0,14,0.010780971497297287,0
molecola_31263,15,0,15,0.006451149471104145,0
molecola_31263,16,0,16,0.0043321107514202595,0
molecola_31263,17,0,17,0.0006047249771654606,0
molecola_31263,18,0,18,0.0006955568678677082,0
molecola_31263,19,0,19,0.0016566828126087785,0
molecola_31263,20,0,20,0.00045365141704678535,0
molecola_31263,21,0,21,0.005926437675952911,0
molecola_31263,22,0,22,0.020319528877735138,0
molecola_31263,23,0,23,0.02709089405834675,0
molecola_31263,24,0,24,0.02709089405834675,0
molecola_31263,25,0,25,0.020319528877735138,0
molecola_31263,26,0,26,0.00038685111212544143,0
molecola_31263,27,0,27,0.0006351167685352266,0
molecola_31263,28,0,28,0.00035391098936088383,0
molecola_31263,29,0,29,0.00041783665074035525,0
molecola_31263,30,0,30,0.00041783665074035525,0
molecola_31263,31,0,31,0.00041783665074035525,0
molecola_31263,32,0,32,0.009232920594513416,0
molecola_31263,33,0,33,0.006780955940485001,0
molecola_31289,1,0,1,0.10124874860048294,0
molecola_31289,2,0,2,0.008169718086719513,0
molecola_31289,3,0,3,0.019511492922902107,0
molecola_31289,4,0,4,0.024614114314317703,0
molecola_31289,5,0,5,0.023010246455669403,0
molecola_31289,6,0,6,0.0017202022718265653,0
molecola_31289,7,0,7,0.0004838260356336832,0
molecola_31289,8,0,8,0.0013854614226147532,0
molecola_31289,9,0,9,0.0024660995695739985,0
molecola_31289,10,0,10,0.010994359850883484,0
molecola_31289,11,0,11,0.0024075028486549854,0
molecola_31289,12,0,12,0.0009327097795903683,0
molecola_31289,13,0,13,0.0005638719885610044,0
molecola_31289,14,0,14,0.000376129086362198,0
molecola_31289,15,0,15,0.0019739968702197075,0
molecola_31289,16,0,16,0.012808776460587978,0
molecola_31289,17,0,17,0.00974280945956707,0
molecola_31289,18,0,18,0.016604922711849213,0
molecola_31289,19,0,19,0.01964426040649414,0
molecola_31289,20,1,20,0.9423551559448242,1
molecola_31289,21,1,21,0.928703248500824,1
molecola_31289,22,0,22,0.14624029397964478,0
molecola_31289,23,0,23,0.10854197293519974,0
molecola_31289,24,0,24,0.0015781086403876543,0
molecola_31289,25,0,25,0.0010840879986062646,0
molecola_31349,1,0,1,0.01707925647497177,0
molecola_31349,2,0,2,0.02786988765001297,0
molecola_31349,3,0,3,0.013959208503365517,0
molecola_31349,4,0,4,0.01631874404847622,0
molecola_31349,5,0,5,0.013625096529722214,0
molecola_31349,6,0,6,0.10787173360586166,0
molecola_31349,7,0,7,0.28290998935699463,0
molecola_31349,8,1,8,0.8141003251075745,1
molecola_31349,9,1,9,0.9808866381645203,1
molecola_31349,10,0,10,0.8947863578796387,1
molecola_31349,11,1,11,0.8947863578796387,1
molecola_31349,12,0,12,0.0071832481771707535,0
molecola_31349,13,0,13,0.0009519473533146083,0
molecola_31349,14,0,14,0.006233022082597017,0
molecola_31349,15,0,15,0.1152772307395935,0
molecola_31349,16,0,16,0.2403929978609085,0
molecola_31349,17,0,17,0.24573855102062225,0
molecola_31349,18,0,18,0.17275987565517426,0
molecola_31349,19,0,19,0.07526959478855133,0
molecola_31349,20,0,20,0.0007823801133781672,0
molecola_31349,21,0,21,0.0006168039981275797,0
molecola_31349,22,0,22,0.002314250683411956,0
molecola_31349,23,0,23,0.0015632883878424764,0
molecola_31349,24,0,24,0.004492197651416063,0
molecola_31349,25,0,25,0.0025820238515734673,0
molecola_31349,26,0,26,0.023826725780963898,0
molecola_31349,27,0,27,0.013260222971439362,0
molecola_31642,1,0,1,0.004678697325289249,0
molecola_31642,2,0,2,0.006762809585779905,0
molecola_31642,3,0,3,0.010093793272972107,0
molecola_31642,4,0,4,0.03012114204466343,0
molecola_31642,5,0,5,0.05143343284726143,0
molecola_31642,6,0,6,0.024790601804852486,0
molecola_31642,7,0,7,0.011058671399950981,0
molecola_31642,8,0,8,0.745364248752594,1
molecola_31642,9,0,9,0.004031843971461058,0
molecola_31642,10,0,10,0.03768034279346466,0
molecola_31642,11,0,11,0.0022975632455199957,0
molecola_31642,12,0,12,0.0035680634900927544,0
molecola_31642,13,0,13,0.017740171402692795,0
molecola_31642,14,0,14,0.06762943416833878,0
molecola_31642,15,0,15,0.017740171402692795,0
molecola_31642,16,0,16,0.0035680634900927544,0
molecola_31642,17,0,17,0.005793744698166847,0
molecola_31642,18,0,18,0.03300217166543007,0
molecola_31642,19,1,19,0.7819686532020569,1
molecola_31642,20,0,20,0.07457593083381653,0
molecola_31642,21,1,21,0.9924403429031372,1
molecola_31642,22,1,22,0.7819686532020569,1
molecola_31642,23,0,23,0.03300217166543007,0
molecola_31741,1,0,1,0.0011141728609800339,0
molecola_31741,2,0,2,0.003247279906645417,0
molecola_31741,3,0,3,0.0011141728609800339,0
molecola_31741,4,0,4,0.002510922495275736,0
molecola_31741,5,0,5,0.008020813576877117,0
molecola_31741,6,0,6,0.0028915174771100283,0
molecola_31741,7,0,7,0.016967207193374634,0
molecola_31741,8,0,8,0.004412089940160513,0
molecola_31741,9,0,9,0.06880972534418106,0
molecola_31741,10,0,10,0.2724810838699341,0
molecola_31741,11,0,11,0.38679811358451843,0
molecola_31741,12,0,12,0.3593052625656128,0
molecola_31741,13,0,13,0.2014552652835846,0
molecola_31741,14,0,14,0.007447516545653343,0
molecola_31741,15,0,15,0.019159279763698578,0
molecola_31741,16,0,16,0.0035357098095119,0
molecola_31741,17,0,17,0.24901476502418518,0
molecola_31741,18,0,18,0.16055741906166077,0
molecola_31741,19,0,19,0.7118220925331116,1
molecola_31741,20,0,20,0.10827647149562836,0
molecola_31741,21,1,21,0.9923490285873413,1
molecola_31741,22,0,22,0.4438318908214569,0
molecola_31741,23,0,23,0.1879129409790039,0
molecola_31741,24,1,24,0.9751672148704529,1
molecola_31920,1,0,1,0.0028749958146363497,0
molecola_31920,2,0,2,0.0012237157206982374,0
molecola_31920,3,0,3,0.0028749958146363497,0
molecola_31920,4,0,4,0.0005857269279658794,0
molecola_31920,5,0,5,0.04292893037199974,0
molecola_31920,6,0,6,0.0009105465724132955,0
molecola_31920,7,0,7,0.00056698132539168,0
molecola_31920,8,0,8,0.0009530354291200638,0
molecola_31920,9,0,9,0.001481920713558793,0
molecola_31920,10,0,10,0.005752378609031439,0
molecola_31920,11,0,11,0.0015317505458369851,0
molecola_31920,12,0,12,0.00043205986730754375,0
molecola_31920,13,0,13,0.0003220546350348741,0
molecola_31920,14,0,14,0.0011858998332172632,0
molecola_31920,15,0,15,0.005630153231322765,0
molecola_31920,16,0,16,0.005280381999909878,0
molecola_31920,17,0,17,0.0537262000143528,0
molecola_31920,18,0,18,0.008642703294754028,0
molecola_31920,19,0,19,0.007411080412566662,0
molecola_31920,20,1,20,0.9932548999786377,1
molecola_31920,21,1,21,0.9576202630996704,1
molecola_31920,22,1,22,0.9576202630996704,1
molecola_3212,1,0,1,0.008237713947892189,0
molecola_3212,2,0,2,0.003944595344364643,0
molecola_3212,3,0,3,0.008472234942018986,0
molecola_3212,4,0,4,0.008242769166827202,0
molecola_3212,5,0,5,0.005854685325175524,0
molecola_3212,6,0,6,0.006941953673958778,0
molecola_3212,7,0,7,0.01469953078776598,0
molecola_3212,8,0,8,0.0043471697717905045,0
molecola_3212,9,0,9,0.004468314349651337,0
molecola_3212,10,0,10,0.007950696162879467,0
molecola_3212,11,0,11,0.017882876098155975,0
molecola_3212,12,0,12,0.04350705072283745,0
molecola_3212,13,0,13,0.01796441711485386,0
molecola_3212,14,0,14,0.16295765340328217,0
molecola_3212,15,0,15,0.10311146825551987,0
molecola_3212,16,0,16,0.19679979979991913,0
molecola_3212,17,0,17,0.1194535568356514,0
molecola_3212,18,1,18,0.9923490285873413,1
molecola_3212,19,0,19,0.4265613853931427,0
molecola_32416,1,0,1,0.019423820078372955,0
molecola_32416,2,0,2,0.009402280673384666,0
molecola_32416,3,1,3,0.9422697424888611,1
molecola_32416,4,1,4,0.938694417476654,1
molecola_32416,5,0,5,0.021593105047941208,0
molecola_32416,6,0,6,0.0028063247445970774,0
molecola_32416,7,0,7,0.0006021477747708559,0
molecola_32416,8,0,8,0.000562824949156493,0
molecola_32416,9,0,9,0.0006902887835167348,0
molecola_32416,10,0,10,0.0007559583173133433,0
molecola_32416,11,0,11,0.0010339627042412758,0
molecola_32416,12,0,12,0.0006933740805834532,0
molecola_32416,13,0,13,0.0016915140440687537,0
molecola_32416,14,0,14,0.01951521448791027,0
molecola_32416,15,1,15,0.961658775806427,1
molecola_32416,16,1,16,0.9549065828323364,1
molecola_32416,17,0,17,0.5055640339851379,1
molecola_32416,18,0,18,0.012945917434990406,0
molecola_32416,19,0,19,0.004549265373498201,0
molecola_32416,20,0,20,0.7871324419975281,1
molecola_32416,21,0,21,0.2232169210910797,0
molecola_32416,22,0,22,0.12362740188837051,0
molecola_32416,23,0,23,0.003581264056265354,0
molecola_32416,24,0,24,0.006657253485172987,0
molecola_32416,25,0,25,0.02183667942881584,0
molecola_32416,26,0,26,0.02183667942881584,0
molecola_32416,27,1,27,0.9908455014228821,1
molecola_32416,28,0,28,0.9134166240692139,1
molecola_32416,29,1,29,0.9134166240692139,1
molecola_32416,30,0,30,0.01618615910410881,0
molecola_32416,31,0,31,0.0011025307467207313,0
molecola_32416,32,0,32,0.000905857712496072,0
molecola_32416,33,0,33,0.003219329286366701,0
molecola_32416,34,0,34,0.10596168041229248,0
molecola_32416,35,0,35,0.07253195345401764,0
molecola_32416,36,0,36,0.13636091351509094,0
molecola_32416,37,0,37,0.33395737409591675,0
molecola_3260,1,0,1,0.9169816970825195,1
molecola_3260,2,0,2,0.052665792405605316,0
molecola_3260,3,0,3,0.22159554064273834,0
molecola_3260,4,0,4,0.2972523272037506,0
molecola_3260,5,0,5,0.15363956987857819,0
molecola_3260,6,0,6,0.01317253801971674,0
molecola_3260,7,0,7,0.6213180422782898,1
molecola_3260,8,0,8,0.004495875909924507,0
molecola_3260,9,0,9,0.07232891023159027,0
molecola_3260,10,0,10,0.0008350150310434401,0
molecola_3260,11,0,11,0.0004197637317702174,0
molecola_3260,12,0,12,0.0007085684919729829,0
molecola_3260,13,0,13,0.09965682774782181,0
molecola_3260,14,1,14,0.9406645894050598,1
molecola_3260,15,1,15,0.9453170299530029,1
molecola_3260,16,0,16,0.0008127506589516997,0
molecola_3260,17,0,17,0.0007320839213207364,0
molecola_3260,18,0,18,0.004363032523542643,0
molecola_3260,19,0,19,0.011716999113559723,0
molecola_3260,20,0,20,0.001056557521224022,0
molecola_3260,21,0,21,0.0013804467162117362,0
molecola_3260,22,0,22,0.009488926269114017,0
molecola_3260,23,0,23,0.018313108012080193,0
molecola_3260,24,0,24,0.016857894137501717,0
molecola_3260,25,0,25,0.07608773559331894,0
molecola_3260,26,0,26,0.03411149978637695,0
molecola_3260,27,0,27,0.10388220846652985,0
molecola_3260,28,0,28,0.15144899487495422,0
molecola_3260,29,0,29,0.17527005076408386,0
molecola_3260,30,0,30,0.15144899487495422,0
molecola_3260,31,0,31,0.10388220846652985,0
molecola_3260,32,0,32,0.018313108012080193,0
molecola_3260,33,0,33,0.009488926269114017,0
molecola_32645,1,1,1,0.9165167212486267,1
molecola_32645,2,0,2,0.0501675009727478,0
molecola_32645,3,0,3,0.17202748358249664,0
molecola_32645,4,0,4,0.21351660788059235,0
molecola_32645,5,0,5,0.11601772904396057,0
molecola_32645,6,0,6,0.11934812366962433,0
molecola_32645,7,0,7,0.022146645933389664,0
molecola_32645,8,0,8,0.039103079587221146,0
molecola_32645,9,0,9,0.021250996738672256,0
molecola_32645,10,0,10,0.0027479722630232573,0
molecola_32645,11,1,11,0.024489089846611023,0
molecola_32645,12,1,12,0.050040632486343384,0
molecola_32645,13,1,13,0.05578003078699112,0
molecola_32645,14,0,14,0.016601668670773506,0
molecola_32645,15,0,15,0.0015011028153821826,0
molecola_32645,16,0,16,0.00026805518427863717,0
molecola_32645,17,0,17,0.018473904579877853,0
molecola_32645,18,0,18,0.017107682302594185,0
molecola_32645,19,0,19,0.004696414805948734,0
molecola_32645,20,0,20,0.004405476152896881,0
molecola_32645,21,0,21,0.0010446555679664016,0
molecola_32645,22,0,22,0.0002450353931635618,0
molecola_32645,23,0,23,0.004405476152896881,0
molecola_32645,24,0,24,0.004696414805948734,0
molecola_32821,1,0,1,0.9785012602806091,1
molecola_32821,2,0,2,0.965877890586853,1
molecola_32821,3,0,3,0.0022301948629319668,0
molecola_32821,4,0,4,0.0011218307772651315,0
molecola_32821,5,0,5,0.0004219192487653345,0
molecola_32821,6,0,6,0.0014430953888222575,0
molecola_32821,7,0,7,0.1881498545408249,0
molecola_32821,8,0,8,0.17276938259601593,0
molecola_32821,9,1,9,0.9787615537643433,1
molecola_32821,10,0,10,0.1908615231513977,0
molecola_32821,11,0,11,0.0022408573422580957,0
molecola_32821,12,0,12,0.009275793097913265,0
molecola_32821,13,0,13,0.020445827394723892,0
molecola_32821,14,0,14,0.003778239246457815,0
molecola_32821,15,0,15,0.006622029934078455,0
molecola_32821,16,0,16,0.07078045606613159,0
molecola_32821,17,0,17,0.026451054960489273,0
molecola_32821,18,0,18,0.15118557214736938,0
molecola_32821,19,0,19,0.024379177019000053,0
molecola_32821,20,0,20,0.014500411227345467,0
molecola_32821,21,0,21,0.007421772927045822,0
molecola_32911,1,0,1,0.10142672806978226,0
molecola_32911,2,0,2,0.0420524924993515,0
molecola_32911,3,0,3,0.031239692121744156,0
molecola_32911,4,0,4,0.02563028782606125,0
molecola_32911,5,0,5,0.019010188058018684,0
molecola_32911,6,0,6,0.008755641989409924,0
molecola_32911,7,0,7,0.01615329645574093,0
molecola_32911,8,0,8,0.035988010466098785,0
molecola_32911,9,0,9,0.04682772606611252,0
molecola_32911,10,0,10,0.11102921515703201,0
molecola_32911,11,0,11,0.04945101961493492,0
molecola_32911,12,0,12,0.06248198822140694,0
molecola_32911,13,0,13,0.04323237016797066,0
molecola_32911,14,1,14,0.23725290596485138,0
molecola_32911,15,0,15,0.03669123724102974,0
molecola_32911,16,0,16,0.0007490647840313613,0
molecola_32911,17,1,17,0.008132878690958023,0
molecola_32911,18,0,18,0.02072088234126568,0
molecola_32911,19,0,19,0.4515780508518219,0
molecola_32911,20,0,20,0.14955958724021912,0
molecola_32911,21,0,21,0.4519706070423126,0
molecola_32911,22,0,22,0.00536875007674098,0
molecola_32911,23,0,23,0.13266485929489136,0
molecola_32911,24,1,24,0.0009738693479448557,0
molecola_32911,25,1,25,0.002382180653512478,0
molecola_32911,26,1,26,0.9658782482147217,1
molecola_32911,27,1,27,0.9785013794898987,1
molecola_32924,1,0,1,0.002393611241132021,0
molecola_32924,2,0,2,0.3344641923904419,0
molecola_32924,3,0,3,0.0012166602537035942,0
molecola_32924,4,0,4,0.0011230668751522899,0
molecola_32924,5,0,5,0.0014563528820872307,0
molecola_32924,6,0,6,0.0020252426620572805,0
molecola_32924,7,0,7,0.004540218040347099,0
molecola_32924,8,0,8,0.02110270783305168,0
molecola_32924,9,0,9,0.051905468106269836,0
molecola_32924,10,0,10,0.014651913195848465,0
molecola_32924,11,0,11,0.025616003200411797,0
molecola_32924,12,0,12,0.0041978564113378525,0
molecola_32924,13,0,13,0.001867415732704103,0
molecola_32924,14,0,14,0.03367149084806442,0
molecola_32924,15,0,15,0.0005607591010630131,0
molecola_32924,16,0,16,0.0005900189280509949,0
molecola_32924,17,0,17,0.0007806691573932767,0
molecola_32924,18,0,18,0.0013224334688857198,0
molecola_32924,19,0,19,0.0013224334688857198,0
molecola_32924,20,0,20,0.0005732807912863791,0
molecola_32924,21,0,21,0.0005900189280509949,0
molecola_32924,22,0,22,0.0035937733482569456,0
molecola_32924,23,0,23,0.0015601931372657418,0
molecola_32924,24,0,24,0.0014113588258624077,0
molecola_32924,25,0,25,0.007027223706245422,0
molecola_32924,26,0,26,0.010667713358998299,0
molecola_32924,27,0,27,0.00233684410341084,0
molecola_32924,28,0,28,0.004528319928795099,0
molecola_32924,29,0,29,0.010575148276984692,0
molecola_32924,30,1,30,0.9888463616371155,1
molecola_32924,31,0,31,0.0041978564113378525,0
molecola_32924,32,0,32,0.025616003200411797,0
molecola_32924,33,0,33,0.12460126727819443,0
molecola_32924,34,0,34,0.12193895876407623,0
molecola_32924,35,0,35,0.123265840113163,0
molecola_32924,36,0,36,0.01361462939530611,0
molecola_32924,37,0,37,0.0028769811615347862,0
molecola_32924,38,0,38,0.0011016011703759432,0
molecola_32924,39,0,39,0.0013551822630688548,0
molecola_32924,40,0,40,0.006863986141979694,0
molecola_32969,1,0,1,0.0018166267545893788,0
molecola_32969,2,0,2,0.0023771340493112803,0
molecola_32969,3,0,3,0.26165440678596497,0
molecola_32969,4,0,4,0.0441431850194931,0
molecola_32969,5,0,5,0.04430634528398514,0
molecola_32969,6,0,6,0.26679399609565735,0
molecola_32969,7,0,7,0.0008905334398150444,0
molecola_32969,8,0,8,0.0005684883799403906,0
molecola_32969,9,0,9,0.004623128566890955,0
molecola_32969,10,0,10,0.0070691280998289585,0
molecola_32969,11,0,11,0.005892730318009853,0
molecola_32969,12,0,12,0.006657518446445465,0
molecola_32969,13,1,13,0.9585009813308716,1
molecola_32969,14,1,14,0.9814651608467102,1
molecola_32969,15,0,15,0.005892730318009853,0
molecola_32969,16,0,16,0.0070691280998289585,0
molecola_32969,17,0,17,0.0008807539707049727,0
molecola_32969,18,0,18,0.00047289906069636345,0
molecola_32969,19,0,19,0.000448793638497591,0
molecola_32969,20,0,20,0.0007153323385864496,0
molecola_32969,21,0,21,0.005521249957382679,0
molecola_32969,22,0,22,0.0003883940225932747,0
molecola_32969,23,0,23,0.008690445683896542,0
molecola_32969,24,0,24,0.01922900229692459,0
molecola_32969,25,0,25,0.05486270785331726,0
molecola_32969,26,0,26,0.01922900229692459,0
molecola_32969,27,0,27,0.008690445683896542,0
molecola_32969,28,0,28,0.11446353793144226,0
molecola_32969,29,0,29,0.14214098453521729,0
molecola_33264,1,0,1,0.004713644273579121,0
molecola_33264,2,0,2,0.0007521219085901976,0
molecola_33264,3,0,3,0.004713644273579121,0
molecola_33264,4,0,4,0.0007694087689742446,0
molecola_33264,5,0,5,0.000939134624786675,0
molecola_33264,6,0,6,0.0017312709242105484,0
molecola_33264,7,0,7,0.0007114632171578705,0
molecola_33264,8,0,8,0.0005970331258140504,0
molecola_33264,9,0,9,0.0006230390863493085,0
molecola_33264,10,0,10,0.0003347020538058132,0
molecola_33264,11,0,11,0.00046612703590653837,0
molecola_33264,12,0,12,0.0005252005066722631,0
molecola_33264,13,0,13,0.00030014870571903884,0
molecola_33264,14,0,14,0.00032730487873777747,0
molecola_33264,15,0,15,0.0012212727451696992,0
molecola_33264,16,0,16,0.00028050420223735273,0
molecola_33264,17,0,17,0.00045992128434590995,0
molecola_33264,18,0,18,0.00035238786949776113,0
molecola_33264,19,0,19,0.0004131904279347509,0
molecola_33264,20,0,20,0.0004131904279347509,0
molecola_33264,21,0,21,0.0004131904279347509,0
molecola_33264,22,0,22,0.000547588337212801,0
molecola_33264,23,0,23,0.0009875387186184525,0
molecola_33264,24,0,24,0.001643034047447145,0
molecola_33264,25,0,25,0.031057080253958702,0
molecola_33264,26,1,26,0.9930639863014221,1
molecola_33264,27,1,27,0.9589738249778748,1
molecola_33264,28,1,28,0.9589738249778748,1
molecola_33264,29,0,29,0.001513645052909851,0
molecola_33264,30,0,30,0.0006664122920483351,0
molecola_33264,31,0,31,0.0009281115490011871,0
molecola_33555,1,0,1,0.004279760643839836,0
molecola_33555,2,0,2,0.10861179977655411,0
molecola_33555,3,0,3,0.004279760643839836,0
molecola_33555,4,0,4,0.12234935909509659,0
molecola_33555,5,0,5,0.09381472319364548,0
molecola_33555,6,0,6,0.061298295855522156,0
molecola_33555,7,0,7,0.0692349523305893,0
molecola_33555,8,0,8,0.07677686959505081,0
molecola_33555,9,0,9,0.029585041105747223,0
molecola_33555,10,0,10,0.1082037016749382,0
molecola_33555,11,0,11,0.07558319717645645,0
molecola_33555,12,0,12,0.025590451434254646,0
molecola_33555,13,0,13,0.0012719961814582348,0
molecola_33555,14,0,14,0.0012719961814582348,0
molecola_33555,15,0,15,0.012554546818137169,0
molecola_33555,16,0,16,0.0026773023419082165,0
molecola_33555,17,0,17,0.0024122337345033884,0
molecola_33555,18,0,18,0.0012620282359421253,0
molecola_33555,19,0,19,0.001023591379635036,0
molecola_33555,20,0,20,0.17388172447681427,0
molecola_33555,21,0,21,0.0007556446944363415,0
molecola_33555,22,0,22,0.0007938648923300207,0
molecola_33555,23,0,23,0.11106202751398087,0
molecola_33555,24,0,24,0.015448852442204952,0
molecola_33555,25,0,25,0.0835295245051384,0
molecola_33555,26,0,26,0.05949834734201431,0
molecola_33555,27,0,27,0.09006592631340027,0
molecola_33555,28,0,28,0.10762535035610199,0
molecola_33555,29,1,29,0.9842532277107239,1
molecola_33555,30,0,30,0.003948184661567211,0
molecola_33583,1,0,1,0.011696846224367619,0
molecola_33583,2,0,2,0.0058785295113921165,0
molecola_33583,3,0,3,0.0009764275746420026,0
molecola_33583,4,0,4,0.0005233829142525792,0
molecola_33583,5,0,5,0.0015885396860539913,0
molecola_33583,6,0,6,0.0049330443143844604,0
molecola_33583,7,0,7,0.0003382874419912696,0
molecola_33583,8,0,8,0.0004870604898314923,0
molecola_33583,9,0,9,0.00032421384821645916,0
molecola_33583,10,0,10,0.00024713436141610146,0
molecola_33583,11,0,11,0.004085381980985403,0
molecola_33583,12,0,12,0.018396006897091866,0
molecola_33583,13,0,13,0.026549145579338074,0
molecola_33583,14,0,14,0.057144612073898315,0
molecola_33583,15,0,15,0.039197880774736404,0
molecola_33583,16,0,16,0.01630627177655697,0
molecola_33583,17,0,17,0.06240834295749664,0
molecola_33583,18,0,18,0.39192602038383484,0
molecola_33583,19,0,19,0.15066440403461456,0
molecola_33583,20,1,20,0.9905691146850586,1
molecola_33583,21,0,21,0.030889537185430527,0
molecola_33583,22,0,22,0.9889601469039917,1
molecola_33583,23,0,23,0.002083025174215436,0
molecola_33583,24,0,24,0.001203802414238453,0
molecola_33583,25,0,25,0.0005546199972741306,0
molecola_33583,26,0,26,0.00043303932761773467,0
molecola_33583,27,0,27,0.0004492692241910845,0
molecola_33609,1,0,1,0.12609605491161346,0
molecola_33609,2,0,2,0.03379964083433151,0
molecola_33609,3,0,3,0.008659584447741508,0
molecola_33609,4,0,4,0.031750865280628204,0
molecola_33609,5,0,5,0.11121295392513275,0
molecola_33609,6,0,6,0.03357761353254318,0
molecola_33609,7,1,7,0.9809461236000061,1
molecola_33609,8,1,8,0.9805489182472229,1
molecola_33609,9,0,9,0.013499374501407146,0
molecola_33609,10,0,10,0.03380786255002022,0
molecola_33609,11,0,11,0.12621048092842102,0
molecola_33658,1,0,1,0.3511791527271271,0
molecola_33658,2,0,2,0.391566663980484,0
molecola_33658,3,0,3,0.5627010464668274,1
molecola_33658,4,0,4,0.5819239616394043,1
molecola_33658,5,0,5,0.6701342463493347,1
molecola_33658,6,0,6,0.6434609293937683,1
molecola_33658,7,0,7,0.6002959609031677,1
molecola_33658,8,0,8,0.6151911020278931,1
molecola_33658,9,0,9,0.6571153998374939,1
molecola_33658,10,0,10,0.7727206945419312,1
molecola_33658,11,0,11,0.7539326548576355,1
molecola_33658,12,0,12,0.30538272857666016,0
molecola_33658,13,0,13,0.12614940106868744,0
molecola_33658,14,0,14,0.22020328044891357,0
molecola_33658,15,0,15,0.013368984684348106,0
molecola_33658,16,0,16,0.11310087889432907,0
molecola_33658,17,0,17,0.5050703883171082,1
molecola_33658,18,0,18,0.7451596856117249,1
molecola_33658,19,0,19,0.9608785510063171,1
molecola_33658,20,0,20,0.967139482498169,1
molecola_33658,21,0,21,0.1311071217060089,0
molecola_33658,22,0,22,0.22749915719032288,0
molecola_33658,23,1,23,0.9750818610191345,1
molecola_33658,24,0,24,0.145946204662323,0
molecola_33658,25,0,25,0.11442762613296509,0
molecola_33658,26,0,26,0.028836214914917946,0
molecola_33658,27,0,27,0.2177533507347107,0
molecola_33658,28,0,28,0.05878456309437752,0
molecola_33658,29,0,29,0.36619725823402405,0
molecola_33658,30,0,30,0.6249523162841797,1
molecola_33658,31,0,31,0.7854730486869812,1
molecola_33658,32,0,32,0.8228088617324829,1
molecola_33658,33,0,33,0.9608785510063171,1
molecola_33658,34,0,34,0.967139482498169,1
molecola_33658,35,0,35,0.6309657096862793,1
molecola_33658,36,0,36,0.7848748564720154,1
molecola_33658,37,0,37,0.8249424695968628,1
molecola_33658,38,0,38,0.9608785510063171,1
molecola_33658,39,0,39,0.967139482498169,1
molecola_33658,40,0,40,0.22201114892959595,0
molecola_33658,41,0,41,0.5999655723571777,1
molecola_33658,42,0,42,0.612530529499054,1
molecola_33658,43,0,43,0.6048634648323059,1
molecola_33658,44,0,44,0.5843486189842224,1
molecola_33658,45,0,45,0.6400547623634338,1
molecola_33658,46,0,46,0.6181910037994385,1
molecola_33658,47,0,47,0.5884336829185486,1
molecola_33658,48,0,48,0.579215943813324,1
molecola_33658,49,0,49,0.5963016152381897,1
molecola_33658,50,0,50,0.6147057414054871,1
molecola_33658,51,0,51,0.6106790900230408,1
molecola_33658,52,0,52,0.5886275172233582,1
molecola_33841,1,1,1,0.9923490285873413,1
molecola_33841,2,0,2,0.06706632673740387,0
molecola_33841,3,0,3,0.1922948956489563,0
molecola_33841,4,0,4,0.04375763237476349,0
molecola_33841,5,0,5,0.0909031555056572,0
molecola_33841,6,0,6,0.0011662773322314024,0
molecola_33841,7,0,7,0.386809378862381,0
molecola_33841,8,0,8,0.0009013158269226551,0
molecola_33841,9,0,9,0.0024333505425602198,0
molecola_33841,10,0,10,0.006497715599834919,0
molecola_33841,11,0,11,0.002854662947356701,0
molecola_33841,12,0,12,0.0035920063965022564,0
molecola_33841,13,0,13,0.010781398974359035,0
molecola_33841,14,0,14,0.0012452020309865475,0
molecola_33841,15,0,15,0.0028833928517997265,0
molecola_33841,16,0,16,0.003831444075331092,0
molecola_33841,17,0,17,0.001687566633336246,0
molecola_33841,18,0,18,0.0007024655351415277,0
molecola_33841,19,0,19,0.003831444075331092,0
molecola_33841,20,0,20,0.0028833928517997265,0
molecola_33857,1,1,1,0.9497897624969482,1
molecola_33857,2,1,2,0.9431106448173523,1
molecola_33857,3,0,3,0.7097389698028564,1
molecola_33857,4,0,4,0.001999347470700741,0
molecola_33857,5,0,5,0.0007781016174703836,0
molecola_33857,6,0,6,0.0006337605300359428,0
molecola_33857,7,0,7,0.0015040173893794417,0
molecola_33857,8,0,8,0.0005336803733371198,0
molecola_33857,9,0,9,0.0004341118619777262,0
molecola_33857,10,0,10,0.000645853579044342,0
molecola_33857,11,0,11,0.0004232050268910825,0
molecola_33857,12,0,12,0.0317576602101326,0
molecola_33857,13,0,13,0.004619868937879801,0
molecola_33857,14,0,14,0.003315337933599949,0
molecola_33857,15,0,15,0.0012099877931177616,0
molecola_33857,16,0,16,0.0002499314141459763,0
molecola_33857,17,0,17,0.0017889044247567654,0
molecola_33857,18,0,18,0.0017076738877221942,0
molecola_33857,19,0,19,0.0002724544901866466,0
molecola_33884,1,1,1,0.8986239433288574,1
molecola_33884,2,1,2,0.9831832647323608,1
molecola_33884,3,1,3,0.8986239433288574,1
molecola_33884,4,1,4,0.8652763962745667,1
molecola_33884,5,0,5,0.21216297149658203,0
molecola_33884,6,0,6,0.0003242945240344852,0
molecola_33884,7,0,7,0.0017307641683146358,0
molecola_33884,8,0,8,0.027669038623571396,0
molecola_33884,9,0,9,0.06268373131752014,0
molecola_33884,10,0,10,0.027669038623571396,0
molecola_33884,11,0,11,0.0017307641683146358,0
molecola_33884,12,0,12,0.0003398584667593241,0
molecola_33884,13,0,13,0.0003939999733120203,0
molecola_33884,14,0,14,0.005807081237435341,0
molecola_33884,15,0,15,0.005347989499568939,0
molecola_33884,16,0,16,0.008694632910192013,0
molecola_33884,17,0,17,0.0255839005112648,0
molecola_33884,18,0,18,0.2530656158924103,0
molecola_33884,19,0,19,0.332935094833374,0
molecola_33884,20,0,20,0.21809159219264984,0
molecola_33884,21,0,21,0.007111647631973028,0
molecola_33884,22,0,22,0.005895753391087055,0
molecola_33884,23,0,23,0.0027401167899370193,0
molecola_33884,24,0,24,0.0006346701993606985,0
molecola_33884,25,0,25,0.006388995796442032,0
molecola_33884,26,0,26,0.2192566841840744,0
molecola_33884,27,0,27,0.20441296696662903,0
molecola_33884,28,0,28,0.5802829265594482,1
molecola_33884,29,0,29,0.003954398445785046,0
molecola_33884,30,0,30,0.019435439258813858,0
molecola_33884,31,0,31,0.00863027572631836,0
molecola_33884,32,0,32,0.010067170485854149,0
molecola_33884,33,0,33,0.0018695180770009756,0
molecola_33894,1,0,1,0.006467085797339678,0
molecola_33894,2,0,2,0.0026902207173407078,0
molecola_33894,3,0,3,0.002060849918052554,0
molecola_33894,4,0,4,0.03290611132979393,0
molecola_33894,5,0,5,0.03778388351202011,0
molecola_33894,6,1,6,0.9662716388702393,1
molecola_33894,7,0,7,0.03290611132979393,0
molecola_33894,8,0,8,0.002060849918052554,0
molecola_33894,9,0,9,0.0033519123680889606,0
molecola_33894,10,0,10,0.0036581966560333967,0
molecola_33894,11,0,11,0.0036581966560333967,0
molecola_33894,12,0,12,0.0036581966560333967,0
molecola_33894,13,0,13,0.0033519123680889606,0
molecola_33894,14,0,14,0.0036581966560333967,0
molecola_33894,15,0,15,0.0036581966560333967,0
molecola_33894,16,0,16,0.0036581966560333967,0
molecola_34241,1,0,1,0.0006568693788722157,0
molecola_34241,2,0,2,0.00045459080138243735,0
molecola_34241,3,0,3,0.0003642261726781726,0
molecola_34241,4,0,4,0.0005258055753074586,0
molecola_34241,5,0,5,0.002020641230046749,0
molecola_34241,6,0,6,0.0003525871434248984,0
molecola_34241,7,0,7,0.010168693959712982,0
molecola_34241,8,0,8,0.915871798992157,1
molecola_34241,9,0,9,0.7701181769371033,1
molecola_34241,10,0,10,0.04520070180296898,0
molecola_34241,11,0,11,0.22947348654270172,0
molecola_34241,12,0,12,0.40070515871047974,0
molecola_34241,13,0,13,0.2245202213525772,0
molecola_34241,14,0,14,0.034703727811574936,0
molecola_34241,15,0,15,0.0013971278676763177,0
molecola_34241,16,0,16,0.006435166113078594,0
molecola_34241,17,0,17,0.12781204283237457,0
molecola_34241,18,0,18,0.029351621866226196,0
molecola_34241,19,0,19,0.11345536261796951,0
molecola_34241,20,1,20,0.9746342897415161,1
molecola_34241,21,0,21,0.05429079383611679,0
molecola_34241,22,0,22,0.000511200400069356,0
molecola_34503,1,0,1,0.0013656995724886656,0
molecola_34503,2,0,2,0.0023749887477606535,0
molecola_34503,3,0,3,0.0013656995724886656,0
molecola_34503,4,1,4,0.966623067855835,1
molecola_34503,5,1,5,0.9763427376747131,1
molecola_34503,6,0,6,0.5458317995071411,1
molecola_34503,7,0,7,0.002331840107217431,0
molecola_34503,8,0,8,0.9702256917953491,1
molecola_34503,9,0,9,0.9812003970146179,1
molecola_34503,10,0,10,0.0007048696279525757,0
molecola_34503,11,0,11,0.0005172559176571667,0
molecola_34503,12,0,12,0.0009281203965656459,0
molecola_34503,13,0,13,0.00035105636925436556,0
molecola_34503,14,0,14,0.05144078657031059,0
molecola_34503,15,0,15,0.9169270396232605,1
molecola_34503,16,0,16,0.0005275978473946452,0
molecola_34503,17,0,17,0.00043296258081682026,0
molecola_34503,18,0,18,0.00035523332189768553,0
molecola_34503,19,0,19,0.00044597769738174975,0
molecola_34503,20,0,20,0.00044597769738174975,0
molecola_34503,21,0,21,0.00044597769738174975,0
molecola_34617,1,0,1,0.027445554733276367,0
molecola_34617,2,1,2,0.9317707419395447,1
molecola_34617,3,1,3,0.9517439007759094,1
molecola_34617,4,0,4,0.0008241934701800346,0
molecola_34617,5,0,5,0.0006069873925298452,0
molecola_34617,6,0,6,0.00046741668484173715,0
molecola_34617,7,0,7,0.0003585984813980758,0
molecola_34617,8,0,8,0.00046741668484173715,0
molecola_34617,9,0,9,0.0006069873925298452,0
molecola_34617,10,0,10,0.0006498152506537735,0
molecola_34617,11,0,11,0.0004497870395425707,0
molecola_34617,12,0,12,0.0004497870395425707,0
molecola_34617,13,0,13,0.00028676301008090377,0
molecola_34617,14,0,14,0.0004300552245695144,0
molecola_34617,15,0,15,0.000637647754047066,0
molecola_34617,16,0,16,0.0005012693582102656,0
molecola_34617,17,0,17,0.0005111531354486942,0
molecola_34617,18,0,18,0.0002862964174710214,0
molecola_34617,19,0,19,0.00022843001352157444,0
molecola_34617,20,0,20,0.0003120414330624044,0
molecola_34617,21,0,21,0.0012633517617359757,0
molecola_34617,22,0,22,0.001257384312339127,0
molecola_34617,23,0,23,0.0007405130309052765,0
molecola_34617,24,0,24,0.0007405130309052765,0
molecola_34617,25,0,25,0.0007405130309052765,0
molecola_347,1,0,1,0.0053472057916224,0
molecola_347,2,0,2,0.0009457560372538865,0
molecola_347,3,0,3,0.6077327132225037,1
molecola_347,4,0,4,0.0009490014635957778,0
molecola_347,5,0,5,0.03300780430436134,0
molecola_347,6,0,6,0.0007133801700547338,0
molecola_347,7,0,7,0.0015477195847779512,0
molecola_347,8,0,8,0.003656745655462146,0
molecola_347,9,0,9,0.0994090884923935,0
molecola_347,10,0,10,0.0024110900703817606,0
molecola_347,11,0,11,0.03897702693939209,0
molecola_347,12,0,12,0.021512437611818314,0
molecola_347,13,0,13,0.030849972739815712,0
molecola_347,14,0,14,0.003375938395038247,0
molecola_347,15,0,15,0.004458734765648842,0
molecola_347,16,0,16,0.0033982638269662857,0
molecola_347,17,0,17,0.000485600670799613,0
molecola_347,18,0,18,0.002879960462450981,0
molecola_347,19,0,19,0.0012152917915955186,0
molecola_347,20,0,20,0.0006108706002123654,0
molecola_347,21,0,21,0.07200537621974945,0
molecola_347,22,0,22,0.04169461503624916,0
molecola_347,23,1,23,0.974320113658905,1
molecola_34791,1,1,1,0.010265540331602097,0
molecola_34791,2,1,2,0.003612546483054757,0
molecola_34791,3,0,3,0.00678839860484004,0
molecola_34791,4,0,4,0.001987070543691516,0
molecola_34791,5,0,5,0.0020250643137842417,0
molecola_34791,6,1,6,0.0005046961596235633,0
molecola_34791,7,0,7,0.0020250643137842417,0
molecola_34791,8,0,8,0.001987070543691516,0
molecola_34791,9,1,9,0.002225020667538047,0
molecola_34791,10,0,10,0.0012861473951488733,0
molecola_34791,11,0,11,0.0012861473951488733,0
molecola_34791,12,0,12,0.10536368191242218,0
molecola_34791,13,0,13,0.00679264310747385,0
molecola_34791,14,0,14,0.034945033490657806,0
molecola_34791,15,0,15,0.43063125014305115,0
molecola_34791,16,0,16,0.3017037808895111,0
molecola_34791,17,0,17,0.16047728061676025,0
molecola_34791,18,0,18,0.012520000338554382,0
molecola_34791,19,1,19,0.07421821355819702,0
molecola_34791,20,1,20,0.011993777006864548,0
molecola_34791,21,0,21,0.01154817920178175,0
molecola_34791,22,1,22,0.7820268273353577,1
molecola_34791,23,0,23,0.0745762288570404,0
molecola_34791,24,1,24,0.9924403429031372,1
molecola_34791,25,1,25,0.7820268273353577,1
molecola_34791,26,0,26,0.01154817920178175,0
molecola_34823,1,0,1,0.00044844960211776197,0
molecola_34823,2,0,2,0.003943963907659054,0
molecola_34823,3,0,3,0.00045623740879818797,0
molecola_34823,4,0,4,0.00045623740879818797,0
molecola_34823,5,0,5,0.0008911148179322481,0
molecola_34823,6,0,6,0.001784528256393969,0
molecola_34823,7,0,7,0.004473002161830664,0
molecola_34823,8,0,8,0.01632608473300934,0
molecola_34823,9,0,9,0.05124847590923309,0
molecola_34823,10,0,10,0.042552489787340164,0
molecola_34823,11,0,11,0.44574129581451416,0
molecola_34823,12,0,12,0.15110203623771667,0
molecola_34823,13,1,13,0.9915537238121033,1
molecola_34823,14,0,14,0.41808274388313293,0
molecola_34823,15,0,15,0.0048842234537005424,0
molecola_34823,16,0,16,0.01861078478395939,0
molecola_34823,17,0,17,0.0004846106457989663,0
molecola_34823,18,0,18,0.0012633517617359757,0
molecola_34823,19,0,19,0.00626936461776495,0
molecola_34823,20,0,20,0.007631278596818447,0
molecola_34823,21,0,21,0.0415392704308033,0
molecola_34823,22,0,22,0.0006424898747354746,0
molecola_34823,23,0,23,0.0006424898747354746,0
molecola_34823,24,0,24,0.9416630864143372,1
molecola_34823,25,0,25,0.9464635848999023,1
molecola_34823,26,0,26,0.02296549081802368,0
molecola_35023,1,1,1,0.9180753827095032,1
molecola_35023,2,1,2,0.9698847532272339,1
molecola_35023,3,1,3,0.972636342048645,1
molecola_35023,4,1,4,0.8896295428276062,1
molecola_35023,5,0,5,0.5840629935264587,1
molecola_35023,6,0,6,0.005688169039785862,0
molecola_35023,7,0,7,0.031037122011184692,0
molecola_35023,8,0,8,0.06488677114248276,0
molecola_35023,9,0,9,0.03584640100598335,0
molecola_35023,10,0,10,0.0691814050078392,0
molecola_35023,11,0,11,0.0833863765001297,0
molecola_35023,12,0,12,0.031037122011184692,0
molecola_35023,13,0,13,0.06488677114248276,0
molecola_35023,14,0,14,0.03584640100598335,0
molecola_35023,15,0,15,0.0691814050078392,0
molecola_35023,16,0,16,0.0833863765001297,0
molecola_35100,1,0,1,0.014903338626027107,0
molecola_35100,2,1,2,0.9650847315788269,1
molecola_35100,3,0,3,0.014903338626027107,0
molecola_35100,4,1,4,0.9740918278694153,1
molecola_35100,5,0,5,0.0006821660790592432,0
molecola_35100,6,0,6,0.0009018333512358367,0
molecola_35100,7,0,7,0.002152339555323124,0
molecola_35100,8,0,8,0.0026819610502570868,0
molecola_35100,9,0,9,0.033063583076000214,0
molecola_35100,10,0,10,0.03502355143427849,0
molecola_35100,11,0,11,0.034622672945261,0
molecola_35100,12,0,12,0.030785202980041504,0
molecola_35100,13,0,13,0.0022668195888400078,0
molecola_35100,14,0,14,0.0010603619739413261,0
molecola_35252,1,0,1,0.7234505414962769,1
molecola_35252,2,0,2,0.30674898624420166,0
molecola_35252,3,0,3,0.4064677655696869,0
molecola_35252,4,0,4,0.0298092532902956,0
molecola_35252,5,0,5,0.02175811678171158,0
molecola_35252,6,0,6,0.03320595249533653,0
molecola_35252,7,0,7,0.015536120161414146,0
molecola_35252,8,0,8,0.013576695695519447,0
molecola_35252,9,0,9,0.0542166605591774,0
molecola_35252,10,0,10,0.019968846812844276,0
molecola_35252,11,0,11,0.0005307710380293429,0
molecola_35252,12,0,12,0.028941694647073746,0
molecola_35252,13,1,13,0.6473894119262695,1
molecola_35252,14,1,14,0.8350719213485718,1
molecola_35252,15,1,15,0.9570230841636658,1
molecola_35252,16,1,16,0.9586505889892578,1
molecola_35252,17,1,17,0.48842495679855347,0
molecola_35252,18,0,18,0.002106747590005398,0
molecola_35252,19,0,19,0.007163158152252436,0
molecola_35252,20,0,20,0.013916120864450932,0
molecola_35252,21,0,21,0.18307137489318848,0
molecola_35252,22,0,22,0.12361863255500793,0
molecola_35252,23,0,23,0.3030740022659302,0
molecola_35329,1,1,1,0.982638955116272,1
molecola_35329,2,1,2,0.9562088251113892,1
molecola_35329,3,0,3,0.44765257835388184,0
molecola_35329,4,0,4,0.5621760487556458,1
molecola_35329,5,0,5,0.34004178643226624,0
molecola_35329,6,1,6,0.7236344814300537,1
molecola_35329,7,1,7,0.5784616470336914,1
molecola_35329,8,1,8,0.7306439280509949,1
molecola_35329,9,0,9,0.14432194828987122,0
molecola_35329,10,0,10,0.017291050404310226,0
molecola_35329,11,0,11,0.0066063618287444115,0
molecola_35329,12,0,12,0.06383004039525986,0
molecola_35329,13,0,13,0.05363347753882408,0
molecola_35329,14,0,14,0.10323107987642288,0
molecola_35329,15,0,15,0.0019258939428254962,0
molecola_35329,16,0,16,0.07616983354091644,0
molecola_35329,17,0,17,0.006307609379291534,0
molecola_35329,18,0,18,0.10819754004478455,0
molecola_35329,19,0,19,0.026717130094766617,0
molecola_35329,20,0,20,0.033827412873506546,0
molecola_35329,21,0,21,0.0007410788675770164,0
molecola_35329,22,0,22,0.005831921473145485,0
molecola_35329,23,0,23,0.000494082982186228,0
molecola_35329,24,0,24,0.00041745422640815377,0
molecola_35329,25,0,25,0.00041745422640815377,0
molecola_35329,26,0,26,0.00041745422640815377,0
molecola_35560,1,0,1,0.10942073166370392,0
molecola_35560,2,0,2,0.047131769359111786,0
molecola_35560,3,0,3,0.03658687695860863,0
molecola_35560,4,0,4,0.060347795486450195,0
molecola_35560,5,0,5,0.19275088608264923,0
molecola_35560,6,0,6,0.07022091001272202,0
molecola_35560,7,0,7,0.2411283701658249,0
molecola_35560,8,0,8,0.06917793303728104,0
molecola_35560,9,0,9,0.010436552576720715,0
molecola_35560,10,0,10,0.002406677231192589,0
molecola_35560,11,0,11,0.0012177217286080122,0
molecola_35560,12,1,12,0.34175607562065125,0
molecola_35560,13,1,13,0.7103798985481262,1
molecola_35560,14,1,14,0.9721947908401489,1
molecola_35560,15,1,15,0.9767892956733704,1
molecola_35560,16,1,16,0.7103798985481262,1
molecola_35560,17,1,17,0.34175607562065125,0
molecola_35560,18,0,18,0.024483349174261093,0
molecola_35560,19,0,19,0.021552743390202522,0
molecola_35560,20,0,20,0.03658583387732506,0
molecola_35560,21,0,21,0.04713178053498268,0
molecola_35560,22,0,22,0.10942070931196213,0
molecola_35716,1,1,1,0.9062000513076782,1
molecola_35716,2,1,2,0.9883546829223633,1
molecola_35716,3,0,3,0.9062000513076782,1
molecola_35716,4,0,4,0.7850472331047058,1
molecola_35716,5,0,5,0.22440937161445618,0
molecola_35716,6,0,6,0.0014625353505834937,0
molecola_35716,7,0,7,0.0004066669207531959,0
molecola_35716,8,0,8,0.0004990707384422421,0
molecola_35716,9,0,9,0.0011510278563946486,0
molecola_35716,10,0,10,0.0016219482058659196,0
molecola_35716,11,0,11,0.33958473801612854,0
molecola_35716,12,0,12,0.20208966732025146,0
molecola_35716,13,0,13,0.4780888855457306,0
molecola_35716,14,0,14,0.2443600296974182,0
molecola_35716,15,0,15,0.14822016656398773,0
molecola_35716,16,0,16,0.02462031878530979,0
molecola_35716,17,0,17,0.006244818214327097,0
molecola_35716,18,0,18,0.03203112259507179,0
molecola_35716,19,0,19,0.038658589124679565,0
molecola_35716,20,0,20,0.04648579657077789,0
molecola_35716,21,0,21,0.038658589124679565,0
molecola_35716,22,0,22,0.03203112259507179,0
molecola_35716,23,0,23,0.01669558882713318,0
molecola_35716,24,0,24,0.09870462864637375,0
molecola_35716,25,0,25,0.000779135909397155,0
molecola_35716,26,0,26,0.0004601214313879609,0
molecola_35716,27,0,27,0.0004601214313879609,0
molecola_35716,28,0,28,0.0004601214313879609,0
molecola_35716,29,0,29,0.0016219482058659196,0
molecola_35716,30,0,30,0.0011510278563946486,0
molecola_35716,31,0,31,0.38558724522590637,0
molecola_35716,32,0,32,0.007467139512300491,0
molecola_35876,1,0,1,0.005879170261323452,0
molecola_35876,2,0,2,0.01277047861367464,0
molecola_35876,3,0,3,0.0101188188418746,0
molecola_35876,4,0,4,0.05874205008149147,0
molecola_35876,5,1,5,0.687290608882904,1
molecola_35876,6,0,6,0.046020250767469406,0
molecola_35876,7,0,7,0.027709605172276497,0
molecola_35876,8,1,8,0.015031710267066956,0
molecola_35876,9,1,9,0.011244216933846474,0
molecola_35876,10,1,10,0.031200338155031204,0
molecola_35876,11,0,11,0.023551886901259422,0
molecola_35876,12,0,12,0.012473959475755692,0
molecola_35876,13,0,13,0.06759588420391083,0
molecola_35876,14,0,14,0.01037815771996975,0
molecola_35876,15,0,15,0.009390482679009438,0
molecola_35876,16,0,16,0.010025418363511562,0
molecola_35876,17,0,17,0.002552935853600502,0
molecola_35876,18,0,18,0.0041229091584682465,0
molecola_35994,1,0,1,0.01030649058520794,0
molecola_35994,2,0,2,0.005720705259591341,0
molecola_35994,3,0,3,0.030700987204909325,0
molecola_35994,4,0,4,0.009913014248013496,0
molecola_35994,5,0,5,0.006478011142462492,0
molecola_35994,6,0,6,0.011208340525627136,0
molecola_35994,7,0,7,0.006896702107042074,0
molecola_35994,8,0,8,0.0015206460375338793,0
molecola_35994,9,0,9,0.011208340525627136,0
molecola_35994,10,0,10,0.006478011142462492,0
molecola_35994,11,0,11,0.021145954728126526,0
molecola_35994,12,0,12,0.07492922991514206,0
molecola_35994,13,0,13,0.0260901041328907,0
molecola_35994,14,0,14,0.026814382523298264,0
molecola_35994,15,0,15,0.026814382523298264,0
molecola_35994,16,0,16,0.0260901041328907,0
molecola_35994,17,0,17,0.020355109125375748,0
molecola_35994,18,0,18,0.003050838364288211,0
molecola_35994,19,0,19,0.0009676472400315106,0
molecola_35994,20,0,20,0.0007521362276747823,0
molecola_35994,21,0,21,0.0009740410605445504,0
molecola_35994,22,0,22,0.0023818586487323046,0
molecola_35994,23,0,23,0.0016012334963306785,0
molecola_35994,24,0,24,0.0009268262074328959,0
molecola_35994,25,0,25,0.019802236929535866,0
molecola_35994,26,0,26,0.3441920578479767,0
molecola_35994,27,0,27,0.22089219093322754,0
molecola_35994,28,0,28,0.09170251339673996,0
molecola_35994,29,0,29,0.22089219093322754,0
molecola_35994,30,0,30,0.03208763524889946,0
molecola_35994,31,0,31,0.430370032787323,0
molecola_35994,32,0,32,0.08331543207168579,0
molecola_35994,33,0,33,0.11026978492736816,0
molecola_35994,34,0,34,0.028422098606824875,0
molecola_35994,35,0,35,0.0587989017367363,0
molecola_35994,36,0,36,0.6165734529495239,1
molecola_35994,37,1,37,0.8285369277000427,1
molecola_35994,38,1,38,0.9881983399391174,1
molecola_35994,39,1,39,0.9084559082984924,1
molecola_35994,40,1,40,0.9084559082984924,1
molecola_35994,41,0,41,0.04684099555015564,0
molecola_35994,42,0,42,0.040590133517980576,0
molecola_35994,43,0,43,0.10957485437393188,0
molecola_35994,44,0,44,0.021656222641468048,0
molecola_36031,1,0,1,0.024864980950951576,0
molecola_36031,2,0,2,0.039853982627391815,0
molecola_36031,3,0,3,0.01028519868850708,0
molecola_36031,4,0,4,0.023196399211883545,0
molecola_36031,5,0,5,0.10609551519155502,0
molecola_36031,6,0,6,0.0925678089261055,0
molecola_36031,7,0,7,0.02505819872021675,0
molecola_36031,8,0,8,0.0011246572248637676,0
molecola_36031,9,0,9,0.014217291958630085,0
molecola_36031,10,0,10,0.0006429378991015255,0
molecola_36031,11,0,11,0.0006429378991015255,0
molecola_36031,12,0,12,0.0005727697862312198,0
molecola_36031,13,0,13,0.01028519868850708,0
molecola_36031,14,0,14,0.039853982627391815,0
molecola_36031,15,0,15,0.024864980950951576,0
molecola_36031,16,0,16,0.005894831381738186,0
molecola_36031,17,0,17,0.004033912438899279,0
molecola_36031,18,0,18,0.02662627585232258,0
molecola_36031,19,0,19,0.00847320444881916,0
molecola_36031,20,0,20,0.002379779238253832,0
molecola_36031,21,0,21,0.0006528419908136129,0
molecola_36031,22,0,22,0.004291124176234007,0
molecola_36031,23,0,23,0.006066514644771814,0
molecola_36031,24,0,24,0.008852198719978333,0
molecola_36031,25,0,25,0.0027976485434919596,0
molecola_36031,26,0,26,0.004423690494149923,0
molecola_36031,27,0,27,0.000611300696618855,0
molecola_36031,28,0,28,0.010229114443063736,0
molecola_36031,29,1,29,0.8929097652435303,1
molecola_36031,30,1,30,0.9861279726028442,1
molecola_36031,31,0,31,0.8984119296073914,1
molecola_36031,32,1,32,0.8984119296073914,1
molecola_36031,33,0,33,0.0010959948413074017,0
molecola_36031,34,0,34,0.0011640259763225913,0
molecola_36031,35,0,35,0.004489188082516193,0
molecola_36031,36,0,36,0.002752276137471199,0
molecola_36031,37,0,37,0.0008851564489305019,0
molecola_36287,1,0,1,0.010634033009409904,0
molecola_36287,2,0,2,0.003451920347288251,0
molecola_36287,3,0,3,0.008507058955729008,0
molecola_36287,4,0,4,0.002871268894523382,0
molecola_36287,5,0,5,0.0033635420259088278,0
molecola_36287,6,0,6,0.0005110040656290948,0
molecola_36287,7,0,7,0.0005176102858968079,0
molecola_36287,8,0,8,0.0005382141098380089,0
molecola_36287,9,0,9,0.0004695900424849242,0
molecola_36287,10,0,10,0.00037817793781869113,0
molecola_36287,11,0,11,0.00045713764848187566,0
molecola_36287,12,0,12,0.000775584951043129,0
molecola_36287,13,0,13,0.0009094553533941507,0
molecola_36287,14,0,14,0.00039039706462062895,0
molecola_36287,15,0,15,0.0005761006032116711,0
molecola_36287,16,1,16,0.35233578085899353,0
molecola_36287,17,0,17,0.011533497832715511,0
molecola_36287,18,0,18,0.0004889176343567669,0
molecola_36287,19,0,19,0.00048516623792238533,0
molecola_36287,20,0,20,0.0007790441741235554,0
molecola_36287,21,0,21,0.0006201013457030058,0
molecola_36287,22,0,22,0.0005478498642332852,0
molecola_36287,23,0,23,0.0006108909728936851,0
molecola_36287,24,0,24,0.0005478498642332852,0
molecola_36287,25,0,25,0.0006201013457030058,0
molecola_36287,26,0,26,0.00035594930523075163,0
molecola_36287,27,0,27,0.0004173004417680204,0
molecola_36287,28,0,28,0.0004173004417680204,0
molecola_36287,29,0,29,0.0004173004417680204,0
molecola_36287,30,0,30,0.00035594930523075163,0
molecola_36287,31,0,31,0.0004173004417680204,0
molecola_36287,32,0,32,0.0004173004417680204,0
molecola_36287,33,0,33,0.0004173004417680204,0
molecola_36287,34,0,34,0.0017024858389049768,0
molecola_36287,35,0,35,0.0020476942881941795,0
molecola_36287,36,0,36,0.009228145703673363,0
molecola_36287,37,0,37,0.002224335912615061,0
molecola_36325,1,1,1,0.9164204001426697,1
molecola_36325,2,0,2,0.052270419895648956,0
molecola_36325,3,1,3,0.6843748092651367,1
molecola_36325,4,1,4,0.4797317683696747,0
molecola_36325,5,1,5,0.36054566502571106,0
molecola_36325,6,0,6,0.020501023158431053,0
molecola_36325,7,0,7,0.0025671340990811586,0
molecola_36325,8,0,8,0.006328876595944166,0
molecola_3663,1,0,1,0.004685201216489077,0
molecola_3663,2,1,2,0.7364744544029236,1
molecola_3663,3,0,3,0.0009174441220238805,0
molecola_3663,4,0,4,0.0015719622606411576,0
molecola_3663,5,0,5,0.0014586541801691055,0
molecola_3663,6,0,6,0.000871629745233804,0
molecola_3663,7,0,7,0.0012387442402541637,0
molecola_3663,8,0,8,0.016192719340324402,0
molecola_3663,9,0,9,0.04639745503664017,0
molecola_3663,10,0,10,0.051238369196653366,0
molecola_3663,11,0,11,0.04104018956422806,0
molecola_3663,12,0,12,0.02350173145532608,0
molecola_3663,13,0,13,0.0642414540052414,0
molecola_3663,14,1,14,0.9379710555076599,1
molecola_3663,15,1,15,0.9258642792701721,1
molecola_3663,16,0,16,0.019124075770378113,0
molecola_3663,17,0,17,0.03414684161543846,0
molecola_3663,18,0,18,0.04844466969370842,0
molecola_3663,19,0,19,0.0454009547829628,0
molecola_3663,20,0,20,0.016599753871560097,0
molecola_3663,21,0,21,0.00115014158654958,0
molecola_36762,1,0,1,0.10134220868349075,0
molecola_36762,2,0,2,0.0028644714038819075,0
molecola_36762,3,0,3,0.015579507686197758,0
molecola_36762,4,0,4,0.0007597085786983371,0
molecola_36762,5,0,5,0.0009574298746883869,0
molecola_36762,6,0,6,0.044667165726423264,0
molecola_36762,7,0,7,0.1533268839120865,0
molecola_36762,8,0,8,0.9645543694496155,1
molecola_36762,9,0,9,0.1236129179596901,0
molecola_36762,10,0,10,0.15868611633777618,0
molecola_36762,11,0,11,0.13240697979927063,0
molecola_36762,12,1,12,0.989840030670166,1
molecola_36762,13,0,13,0.12082250416278839,0
molecola_36762,14,0,14,0.09419312328100204,0
molecola_36762,15,0,15,0.14137083292007446,0
molecola_36762,16,0,16,0.11594363301992416,0
molecola_36762,17,0,17,0.0110202357172966,0
molecola_36762,18,0,18,0.018084730952978134,0
molecola_36762,19,0,19,0.00028133176965638995,0
molecola_36762,20,0,20,0.001728439936414361,0
molecola_36762,21,0,21,0.01880890130996704,0
molecola_36762,22,0,22,0.04721710830926895,0
molecola_36762,23,0,23,0.01880890130996704,0
molecola_36762,24,0,24,0.001728439936414361,0
molecola_36857,1,0,1,0.01949482411146164,0
molecola_36857,2,0,2,0.01593261957168579,0
molecola_36857,3,0,3,0.001445361296646297,0
molecola_36857,4,0,4,0.003281160956248641,0
molecola_36857,5,0,5,0.004919080995023251,0
molecola_36857,6,0,6,0.1536523848772049,0
molecola_36857,7,0,7,0.003900656010955572,0
molecola_36857,8,0,8,0.0010012428974732757,0
molecola_36857,9,0,9,0.014640861190855503,0
molecola_36857,10,0,10,0.01949482411146164,0
molecola_36857,11,0,11,0.001777322613634169,0
molecola_36857,12,0,12,0.0020229588262736797,0
molecola_36857,13,0,13,0.0009152775164693594,0
molecola_36857,14,0,14,0.0009751042234711349,0
molecola_36857,15,0,15,0.22227731347084045,0
molecola_36857,16,0,16,0.007487991359084845,0
molecola_36857,17,0,17,0.15182135999202728,0
molecola_36857,18,0,18,0.00036993491812609136,0
molecola_36857,19,0,19,0.0004709922941401601,0
molecola_36857,20,0,20,0.00032160483533516526,0
molecola_36857,21,0,21,0.00030347611755132675,0
molecola_36857,22,0,22,0.1494784653186798,0
molecola_36857,23,0,23,0.8133928775787354,1
molecola_36857,24,1,24,0.980536699295044,1
molecola_36857,25,0,25,0.8930760622024536,1
molecola_36857,26,1,26,0.8930760622024536,1
molecola_36857,27,0,27,0.00032160483533516526,0
molecola_36857,28,0,28,0.0004709922941401601,0
molecola_36857,29,0,29,0.00032160483533516526,0
molecola_36857,30,0,30,0.0004709922941401601,0
molecola_36878,1,0,1,0.0033354973420500755,0
molecola_36878,2,0,2,0.0007173020858317614,0
molecola_36878,3,0,3,0.0033354973420500755,0
molecola_36878,4,0,4,0.0010765197221189737,0
molecola_36878,5,0,5,0.005468001123517752,0
molecola_36878,6,0,6,0.001855194102972746,0
molecola_36878,7,0,7,0.0005673067644238472,0
molecola_36878,8,0,8,0.0005673067644238472,0
molecola_36878,9,0,9,0.00040199424256570637,0
molecola_36878,10,0,10,0.0005680797039531171,0
molecola_36878,11,0,11,0.0018016831018030643,0
molecola_36878,12,0,12,0.005132194608449936,0
molecola_36878,13,0,13,0.018289754167199135,0
molecola_36878,14,0,14,0.00961126759648323,0
molecola_36878,15,0,15,0.03425582870841026,0
molecola_36878,16,0,16,0.01171581819653511,0
molecola_36878,17,0,17,0.027568524703383446,0
molecola_36878,18,0,18,0.009873340837657452,0
molecola_36878,19,0,19,0.01474491786211729,0
molecola_36878,20,0,20,0.019259141758084297,0
molecola_36878,21,0,21,0.016075609251856804,0
molecola_36878,22,0,22,0.01291707344353199,0
molecola_36878,23,0,23,0.009229409508407116,0
molecola_36878,24,1,24,0.003173676785081625,0
molecola_36878,25,1,25,0.0012125936336815357,0
molecola_36878,26,1,26,0.00106556445825845,0
molecola_36878,27,0,27,0.0010131181916221976,0
molecola_36878,28,0,28,0.04024447128176689,0
molecola_36878,29,0,29,0.0452294796705246,0
molecola_36878,30,0,30,0.004199255723506212,0
molecola_36878,31,0,31,0.05191709101200104,0
molecola_36878,32,0,32,0.0012886953772976995,0
molecola_36878,33,0,33,0.09604506939649582,0
molecola_36878,34,1,34,0.9651315808296204,1
molecola_37002,1,0,1,0.011240813881158829,0
molecola_37002,2,0,2,0.0017634680261835456,0
molecola_37002,3,0,3,0.0008913831552490592,0
molecola_37002,4,0,4,0.0008473598281852901,0
molecola_37002,5,0,5,0.9784616231918335,1
molecola_37002,6,0,6,0.9799485802650452,1
molecola_37002,7,0,7,0.0008469222811982036,0
molecola_37002,8,0,8,0.012151112779974937,0
molecola_37002,9,0,9,0.052982814610004425,0
molecola_37002,10,0,10,0.0009263675892725587,0
molecola_37002,11,0,11,0.01614307053387165,0
molecola_37002,12,1,12,0.8607974648475647,1
molecola_37002,13,1,13,0.9413659572601318,1
molecola_37002,14,1,14,0.9771943688392639,1
molecola_37002,15,1,15,0.546235978603363,1
molecola_37002,16,1,16,0.9771943688392639,1
molecola_37002,17,0,17,0.9413659572601318,1
molecola_37002,18,1,18,0.9880251288414001,1
molecola_37002,19,0,19,0.9112810492515564,1
molecola_37002,20,1,20,0.9112810492515564,1
molecola_37002,21,0,21,0.0042732711881399155,0
molecola_37002,22,0,22,0.15114247798919678,0
molecola_37002,23,0,23,0.003192710690200329,0
molecola_37002,24,0,24,0.0005040295654907823,0
molecola_37002,25,0,25,0.00046992453280836344,0
molecola_37002,26,0,26,0.0004386180080473423,0
molecola_37002,27,0,27,0.001619690447114408,0
molecola_37002,28,0,28,0.001262246398255229,0
molecola_37002,29,0,29,0.0007020526099950075,0
molecola_37002,30,0,30,0.001619690447114408,0
molecola_37002,31,0,31,0.0004386180080473423,0
molecola_37207,1,1,1,0.9923490285873413,1
molecola_37207,2,0,2,0.11999519914388657,0
molecola_37207,3,0,3,0.19672252237796783,0
molecola_37207,4,0,4,0.14976659417152405,0
molecola_37207,5,0,5,0.23043660819530487,0
molecola_37207,6,0,6,0.0297833438962698,0
molecola_37207,7,0,7,0.440716952085495,0
molecola_37207,8,0,8,0.002576349303126335,0
molecola_37207,9,0,9,0.0017184532480314374,0
molecola_37207,10,0,10,0.0017276888247579336,0
molecola_37207,11,0,11,0.0015996379079297185,0
molecola_37207,12,0,12,0.001726643182337284,0
molecola_37207,13,0,13,0.0006433160742744803,0
molecola_37207,14,0,14,0.00043312684283591807,0
molecola_37207,15,0,15,0.0006248489371500909,0
molecola_37207,16,0,16,0.0006941853789612651,0
molecola_37207,17,0,17,0.000407512707170099,0
molecola_37207,18,0,18,0.014228811487555504,0
molecola_37207,19,0,19,0.019800465553998947,0
molecola_37207,20,0,20,0.03744576871395111,0
molecola_37207,21,0,21,0.019800465553998947,0
molecola_37207,22,0,22,0.014228811487555504,0
molecola_37207,23,0,23,0.0007003902574069798,0
molecola_37207,24,0,24,0.0015185276279225945,0
molecola_37207,25,0,25,0.009262480773031712,0
molecola_37207,26,0,26,0.02833707258105278,0
molecola_37207,27,0,27,0.009262480773031712,0
molecola_37207,28,0,28,0.0015185276279225945,0
molecola_37344,1,0,1,0.0005289210821501911,0
molecola_37344,2,0,2,0.000397602969314903,0
molecola_37344,3,0,3,0.000881985470186919,0
molecola_37344,4,0,4,0.0017129170009866357,0
molecola_37344,5,0,5,0.0012602318311110139,0
molecola_37344,6,0,6,0.03394561633467674,0
molecola_37344,7,0,7,0.02950306609272957,0
molecola_37344,8,0,8,0.0007551407907158136,0
molecola_37344,9,0,9,0.0018457893747836351,0
molecola_37344,10,0,10,0.0007898622425273061,0
molecola_37344,11,0,11,0.00168471725191921,0
molecola_37344,12,0,12,0.005016670562326908,0
molecola_37344,13,0,13,0.002670107875019312,0
molecola_37344,14,0,14,0.008632266893982887,0
molecola_37344,15,0,15,0.004468322731554508,0
molecola_37344,16,0,16,0.013327366672456264,0
molecola_37344,17,0,17,0.009732156060636044,0
molecola_37344,18,0,18,0.0030989397782832384,0
molecola_37344,19,0,19,0.02681475505232811,0
molecola_37344,20,0,20,0.7819686532020569,1
molecola_37344,21,0,21,0.07457593083381653,0
molecola_37344,22,1,22,0.9924403429031372,1
molecola_37344,23,0,23,0.7819686532020569,1
molecola_37344,24,0,24,0.02681475505232811,0
molecola_3747,1,0,1,0.0320882722735405,0
molecola_3747,2,0,2,0.019748641178011894,0
molecola_3747,3,0,3,0.004438880831003189,0
molecola_3747,4,0,4,0.003325982252135873,0
molecola_3747,5,0,5,0.0005826897686347365,0
molecola_3747,6,0,6,0.00382539932616055,0
molecola_3747,7,0,7,0.0372534841299057,0
molecola_3747,8,0,8,0.025570988655090332,0
molecola_3747,9,0,9,0.004076027777045965,0
molecola_3747,10,0,10,0.00029718849691562355,0
molecola_3747,11,0,11,0.0006478296709246933,0
molecola_3747,12,0,12,0.09025559574365616,0
molecola_3747,13,1,13,0.9446413516998291,1
molecola_3747,14,1,14,0.9456557631492615,1
molecola_3747,15,0,15,0.019379712641239166,0
molecola_3747,16,0,16,0.0017451380845159292,0
molecola_3747,17,0,17,0.0004222189891152084,0
molecola_3747,18,0,18,0.00032338223536498845,0
molecola_3747,19,0,19,0.0005309050902724266,0
molecola_3747,20,0,20,0.000748142774682492,0
molecola_3747,21,0,21,0.0007887674728408456,0
molecola_3747,22,0,22,0.0014140696730464697,0
molecola_3747,23,0,23,0.03429148346185684,0
molecola_3747,24,0,24,0.0008564468589611351,0
molecola_3747,25,0,25,0.0007474703597836196,0
molecola_3747,26,0,26,0.0005823106039315462,0
molecola_3747,27,0,27,0.0031477308366447687,0
molecola_3747,28,0,28,0.023645050823688507,0
molecola_3747,29,0,29,0.03779854625463486,0
molecola_3747,30,0,30,0.009300495497882366,0
molecola_3747,31,0,31,0.0005800403305329382,0
molecola_3747,32,0,32,0.0029429204296320677,0
molecola_3747,33,0,33,0.02828991785645485,0
molecola_3747,34,0,34,0.038659147918224335,0
molecola_3747,35,0,35,0.04648579657077789,0
molecola_3747,36,0,36,0.038659147918224335,0
molecola_3747,37,0,37,0.02828991785645485,0
molecola_3747,38,0,38,0.0007887674728408456,0
molecola_3747,39,0,39,0.000748142774682492,0
molecola_37480,1,0,1,0.0205279178917408,0
molecola_37480,2,0,2,0.015271114185452461,0
molecola_37480,3,0,3,0.03198559209704399,0
molecola_37480,4,0,4,0.0023513047490268946,0
molecola_37480,5,0,5,0.0032245556358247995,0
molecola_37480,6,0,6,0.0013522054068744183,0
molecola_37480,7,0,7,0.00047645115409977734,0
molecola_37480,8,0,8,0.0004738369316328317,0
molecola_37480,9,0,9,0.0005652277613990009,0
molecola_37480,10,0,10,0.0006016194238327444,0
molecola_37480,11,0,11,0.0005652277613990009,0
molecola_37480,12,0,12,0.0004738369316328317,0
molecola_37480,13,0,13,0.0008519425173290074,0
molecola_37480,14,0,14,0.0007478383486159146,0
molecola_37480,15,0,15,0.034530360251665115,0
molecola_37480,16,0,16,0.0015825958689674735,0
molecola_37480,17,0,17,0.0006402107537724078,0
molecola_37480,18,0,18,0.0006594008882530034,0
molecola_37480,19,0,19,0.0020579081028699875,0
molecola_37480,20,1,20,0.9776841402053833,1
molecola_37480,21,1,21,0.9796675443649292,1
molecola_37480,22,0,22,0.0021632080897688866,0
molecola_37480,23,0,23,0.14147785305976868,0
molecola_37480,24,0,24,0.007701716385781765,0
molecola_37480,25,0,25,0.020117534324526787,0
molecola_37480,26,0,26,0.01644844561815262,0
molecola_37480,27,0,27,0.2598668932914734,0
molecola_37480,28,0,28,0.010044366121292114,0
molecola_37480,29,0,29,0.04941140487790108,0
molecola_37480,30,0,30,0.03650756925344467,0
molecola_37480,31,0,31,0.20641539990901947,0
molecola_37480,32,0,32,0.07227524369955063,0
molecola_37480,33,0,33,0.048742856830358505,0
molecola_37480,34,0,34,0.012313676998019218,0
molecola_37480,35,0,35,0.0040639666840434074,0
molecola_37480,36,0,36,0.0023513047490268946,0
molecola_37480,37,0,37,0.03198559209704399,0
molecola_37690,1,0,1,0.009171710349619389,0
molecola_37690,2,0,2,0.0026707632932811975,0
molecola_37690,3,0,3,0.01096928771585226,0
molecola_37690,4,0,4,0.029835063964128494,0
molecola_37690,5,0,5,0.05659567192196846,0
molecola_37690,6,0,6,0.08727703243494034,0
molecola_37690,7,0,7,0.20921742916107178,0
molecola_37690,8,0,8,0.9780153632164001,1
molecola_37690,9,0,9,0.17076994478702545,0
molecola_37690,10,0,10,0.0035101084504276514,0
molecola_37690,11,0,11,0.001262479112483561,0
molecola_37690,12,0,12,0.0011451642494648695,0
molecola_37690,13,0,13,0.015581774525344372,0
molecola_37690,14,0,14,0.6145061254501343,1
molecola_37690,15,0,15,0.898313045501709,1
molecola_37690,16,0,16,0.015382744371891022,0
molecola_37690,17,0,17,0.03682262450456619,0
molecola_37690,18,0,18,0.0005041693802922964,0
molecola_37690,19,0,19,0.00033317774068564177,0
molecola_37690,20,0,20,0.00035578577080741525,0
molecola_37690,21,0,21,0.0003406220057513565,0
molecola_37690,22,0,22,0.0005416168132796884,0
molecola_37690,23,0,23,0.0003225155232939869,0
molecola_37690,24,0,24,0.0017328010872006416,0
molecola_37690,25,0,25,0.0005811013979837298,0
molecola_37690,26,0,26,0.0005811013979837298,0
molecola_37690,27,0,27,0.00047712380182929337,0
molecola_37690,28,0,28,0.0003870104264933616,0
molecola_37690,29,0,29,0.0008562926086597145,0
molecola_37690,30,0,30,0.00022341232397593558,0
molecola_37690,31,0,31,0.0013840647879987955,0
molecola_37690,32,0,32,0.0008562929579056799,0
molecola_37690,33,0,33,0.00022341232397593558,0
molecola_37690,34,0,34,0.0003870104264933616,0
molecola_37690,35,1,35,0.986422061920166,1
molecola_37690,36,0,36,0.9097993969917297,1
molecola_37690,37,1,37,0.9097993969917297,1
molecola_37690,38,0,38,0.0011451642494648695,0
molecola_37690,39,0,39,0.001262479112483561,0
molecola_37744,1,0,1,0.02592572197318077,0
molecola_37744,2,0,2,0.003928023390471935,0
molecola_37744,3,0,3,0.0008926428272388875,0
molecola_37744,4,0,4,0.0003838254779111594,0
molecola_37744,5,0,5,0.0005916313384659588,0
molecola_37744,6,0,6,0.0004735651018563658,0
molecola_37744,7,0,7,0.0004896451719105244,0
molecola_37744,8,0,8,0.0013428489910438657,0
molecola_37744,9,0,9,0.004384573549032211,0
molecola_37744,10,0,10,0.0076559605076909065,0
molecola_37744,11,0,11,0.01290564239025116,0
molecola_37744,12,0,12,0.0024456437677145004,0
molecola_37744,13,0,13,0.0017347157699987292,0
molecola_37744,14,0,14,0.002610692521557212,0
molecola_37744,15,0,15,0.0017455285415053368,0
molecola_37744,16,0,16,0.0011622244492173195,0
molecola_37744,17,0,17,0.0004736743576359004,0
molecola_37744,18,0,18,0.0004896451719105244,0
molecola_37744,19,0,19,0.0008779846830293536,0
molecola_37744,20,0,20,0.005355441942811012,0
molecola_37744,21,0,21,0.027094969525933266,0
molecola_37744,22,1,22,0.781950056552887,1
molecola_37744,23,0,23,0.07457593083381653,0
molecola_37744,24,1,24,0.9924403429031372,1
molecola_37744,25,1,25,0.781950056552887,1
molecola_37744,26,0,26,0.027094969525933266,0
molecola_37812,1,0,1,0.7468604445457458,1
molecola_37812,2,0,2,0.4548477530479431,0
molecola_37812,3,0,3,0.7470174431800842,1
molecola_37812,4,0,4,0.0901535376906395,0
molecola_37812,5,0,5,0.553337812423706,1
molecola_37812,6,0,6,0.045292120426893234,0
molecola_37812,7,0,7,0.05224226042628288,0
molecola_37812,8,0,8,0.006190164480358362,0
molecola_37812,9,0,9,0.16749507188796997,0
molecola_37812,10,1,10,0.9935166835784912,1
molecola_37812,11,1,11,0.9569428563117981,1
molecola_37812,12,1,12,0.9569428563117981,1
molecola_37812,13,0,13,0.17281928658485413,0
molecola_37812,14,0,14,0.0017381062498316169,0
molecola_37812,15,0,15,0.0022803444880992174,0
molecola_37812,16,0,16,0.00299665005877614,0
molecola_37812,17,0,17,0.012539398856461048,0
molecola_37812,18,0,18,0.013074014335870743,0
molecola_37812,19,0,19,0.1374199539422989,0
molecola_37812,20,0,20,0.04189431667327881,0
molecola_37812,21,0,21,0.0013970719883218408,0
molecola_37812,22,0,22,0.001658704481087625,0
molecola_37812,23,0,23,0.0016547753475606441,0
molecola_37812,24,0,24,0.0007934595341794193,0
molecola_37812,25,0,25,0.00045457627857103944,0
molecola_37812,26,0,26,0.0007077684276737273,0
molecola_37812,27,0,27,0.0014602231094613671,0
molecola_37812,28,0,28,0.0008096648962236941,0
molecola_37812,29,0,29,0.0008096648962236941,0
molecola_37812,30,0,30,0.0007077684276737273,0
molecola_37812,31,0,31,0.00045457627857103944,0
molecola_37812,32,0,32,0.00043161731446161866,0
molecola_37812,33,0,33,0.0011775392340496182,0
molecola_37812,34,0,34,0.00538745429366827,0
molecola_37840,1,0,1,0.0009151118574663997,0
molecola_37840,2,0,2,0.0003034165420103818,0
molecola_37840,3,0,3,0.0009151118574663997,0
molecola_37840,4,0,4,0.0014282952761277556,0
molecola_37840,5,0,5,0.0005044544814154506,0
molecola_37840,6,0,6,0.0005044544814154506,0
molecola_37840,7,0,7,0.014759236946702003,0
molecola_37840,8,0,8,0.0008712896960787475,0
molecola_37840,9,0,9,0.003427554154768586,0
molecola_37840,10,0,10,0.004861699417233467,0
molecola_37840,11,0,11,0.0031235564965754747,0
molecola_37840,12,0,12,0.0014183666789904237,0
molecola_37840,13,0,13,0.004060868639498949,0
molecola_37840,14,0,14,0.006415561307221651,0
molecola_37840,15,0,15,0.00506988912820816,0
molecola_37840,16,0,16,0.01675126701593399,0
molecola_37840,17,0,17,0.003737157676368952,0
molecola_37840,18,0,18,0.01675126701593399,0
molecola_37840,19,0,19,0.00506988912820816,0
molecola_37840,20,0,20,0.0193532332777977,0
molecola_37840,21,0,21,0.34327059984207153,0
molecola_37840,22,0,22,0.1203388050198555,0
molecola_37840,23,1,23,0.9902994632720947,1
molecola_37840,24,0,24,0.00833486020565033,0
molecola_37840,25,0,25,0.005469977855682373,0
molecola_37840,26,0,26,0.008140629157423973,0
molecola_37840,27,0,27,0.0037650596350431442,0
molecola_37870,1,0,1,0.21578532457351685,0
molecola_37870,2,0,2,0.035495512187480927,0
molecola_37870,3,0,3,0.1321982741355896,0
molecola_37870,4,0,4,0.018026044592261314,0
molecola_37870,5,0,5,0.030716951936483383,0
molecola_37870,6,0,6,0.02809908427298069,0
molecola_37870,7,0,7,0.5515824556350708,1
molecola_37870,8,0,8,0.13145029544830322,0
molecola_37870,9,1,9,0.9907116293907166,1
molecola_37870,10,0,10,0.9614397287368774,1
molecola_37870,11,0,11,0.9623762965202332,1
molecola_37870,12,0,12,0.22659841179847717,0
molecola_37870,13,0,13,0.5780268907546997,1
molecola_37870,14,0,14,0.044522807002067566,0
molecola_37870,15,0,15,0.006036671809852123,0
molecola_37870,16,0,16,0.06342340260744095,0
molecola_37870,17,0,17,0.9354348182678223,1
molecola_37870,18,0,18,0.9404715299606323,1
molecola_37870,19,0,19,0.06342340260744095,0
molecola_37870,20,0,20,0.006036671809852123,0
molecola_37870,21,0,21,0.008744847029447556,0
molecola_37870,22,0,22,0.012208794243633747,0
molecola_37870,23,0,23,0.026096895337104797,0
molecola_37870,24,0,24,0.04363446682691574,0
molecola_37870,25,0,25,0.026096895337104797,0
molecola_37870,26,0,26,0.012208794243633747,0
molecola_38019,1,0,1,0.21513620018959045,0
molecola_38019,2,0,2,0.03627222403883934,0
molecola_38019,3,0,3,0.13112947344779968,0
molecola_38019,4,0,4,0.1531098484992981,0
molecola_38019,5,0,5,0.11554047465324402,0
molecola_38019,6,0,6,0.033724330365657806,0
molecola_38019,7,0,7,0.07081113010644913,0
molecola_38019,8,0,8,0.3635079562664032,0
molecola_38019,9,0,9,0.07081135362386703,0
molecola_38019,10,0,10,0.02842397429049015,0
molecola_38019,11,0,11,0.006751883774995804,0
molecola_38019,12,0,12,0.004263478796929121,0
molecola_38019,13,0,13,0.0022829780355095863,0
molecola_38019,14,0,14,0.0002729862171690911,0
molecola_38019,15,0,15,0.009967224672436714,0
molecola_38019,16,0,16,0.0049231951124966145,0
molecola_38019,17,0,17,0.020934846252202988,0
molecola_38019,18,0,18,0.014524313621222973,0
molecola_38019,19,0,19,0.12960384786128998,0
molecola_38019,20,0,20,0.3403438329696655,0
molecola_38019,21,0,21,0.17504233121871948,0
molecola_38019,22,1,22,0.9905216693878174,1
molecola_38056,1,0,1,0.007296862080693245,0
molecola_38056,2,0,2,0.0035724283661693335,0
molecola_38056,3,0,3,0.0020539341494441032,0
molecola_38056,4,0,4,0.0020509727764874697,0
molecola_38056,5,0,5,0.0054952362552285194,0
molecola_38056,6,0,6,0.00040914214332588017,0
molecola_38056,7,0,7,0.0008506171288900077,0
molecola_38056,8,0,8,0.00042279635090380907,0
molecola_38056,9,0,9,0.0005567863117903471,0
molecola_38056,10,0,10,0.8118733167648315,1
molecola_38056,11,0,11,0.7998909950256348,1
molecola_38056,12,1,12,0.885091245174408,1
molecola_38056,13,0,13,0.7998909950256348,1
molecola_38056,14,0,14,0.8118733167648315,1
molecola_38056,15,1,15,0.9912386536598206,1
molecola_38056,16,0,16,0.9120721220970154,1
molecola_38056,17,1,17,0.9120721220970154,1
molecola_38056,18,0,18,0.0025743565056473017,0
molecola_38056,19,0,19,0.008477339521050453,0
molecola_38056,20,0,20,0.002181411487981677,0
molecola_38056,21,0,21,0.0005576392286457121,0
molecola_38056,22,0,22,0.004341040272265673,0
molecola_38056,23,0,23,0.0007020833436399698,0
molecola_38056,24,0,24,0.00033393330522812903,0
molecola_38056,25,0,25,0.00041131506441161036,0
molecola_38056,26,0,26,0.0003915646520908922,0
molecola_38056,27,0,27,0.0005580566357821226,0
molecola_38056,28,0,28,0.0003915646520908922,0
molecola_38056,29,0,29,0.00041131506441161036,0
molecola_38056,30,0,30,0.0003558773605618626,0
molecola_38056,31,0,31,0.00041728929500095546,0
molecola_38056,32,0,32,0.00041728929500095546,0
molecola_38056,33,0,33,0.00041728929500095546,0
molecola_38056,34,0,34,0.0003558773605618626,0
molecola_38056,35,0,35,0.00041728929500095546,0
molecola_38056,36,0,36,0.00041728929500095546,0
molecola_38056,37,0,37,0.00041728929500095546,0
molecola_38056,38,0,38,0.004773498047143221,0
molecola_38056,39,0,39,0.029868146404623985,0
molecola_38056,40,0,40,0.06365332007408142,0
molecola_38056,41,0,41,0.010341979563236237,0
molecola_38056,42,0,42,0.033038318157196045,0
molecola_38056,43,0,43,0.01057422999292612,0
molecola_38056,44,0,44,0.0004041037755087018,0
molecola_38056,45,0,45,0.0006748143350705504,0
molecola_38191,1,0,1,0.0013890721602365375,0
molecola_38191,2,0,2,0.0013021723134443164,0
molecola_38191,3,0,3,0.0004566294082906097,0
molecola_38191,4,0,4,0.0004566294082906097,0
molecola_38191,5,0,5,0.0003122896305285394,0
molecola_38191,6,0,6,0.000773308624047786,0
molecola_38191,7,0,7,0.0015317569486796856,0
molecola_38191,8,0,8,0.00549656804651022,0
molecola_38191,9,0,9,0.0015095846028998494,0
molecola_38191,10,0,10,0.0006853897939436138,0
molecola_38191,11,0,11,0.9792693257331848,1
molecola_38191,12,0,12,0.9799378514289856,1
molecola_38191,13,0,13,0.00885844323784113,0
molecola_38191,14,0,14,0.004454751033335924,0
molecola_38191,15,0,15,0.007914465852081776,0
molecola_38191,16,0,16,0.04323443025350571,0
molecola_38191,17,0,17,0.02615172043442726,0
molecola_38191,18,0,18,0.005605537444353104,0
molecola_38191,19,0,19,0.02554350160062313,0
molecola_38191,20,0,20,0.7819553017616272,1
molecola_38191,21,0,21,0.07457591593265533,0
molecola_38191,22,1,22,0.9924403429031372,1
molecola_38191,23,0,23,0.7819553017616272,1
molecola_38191,24,0,24,0.02554350160062313,0
molecola_38191,25,0,25,0.0027871245983988047,0
molecola_38191,26,0,26,0.0003996197774540633,0
molecola_38191,27,0,27,0.0003996197774540633,0
molecola_38191,28,0,28,0.0003996197774540633,0
molecola_38227,1,1,1,0.8755096197128296,1
molecola_38227,2,1,2,0.9266915321350098,1
molecola_38227,3,1,3,0.9676647186279297,1
molecola_38227,4,1,4,0.8179224133491516,1
molecola_38227,5,1,5,0.5057933926582336,1
molecola_38227,6,1,6,0.014855293557047844,0
molecola_38227,7,0,7,0.005988101474940777,0
molecola_38227,8,0,8,0.008409812115132809,0
molecola_38227,9,0,9,0.046026814728975296,0
molecola_38227,10,0,10,0.09716727584600449,0
molecola_38227,11,0,11,0.09295307844877243,0
molecola_38227,12,0,12,0.020148035138845444,0
molecola_38227,13,0,13,0.016451122239232063,0
molecola_38227,14,0,14,0.01201519276946783,0
molecola_38227,15,0,15,0.0043306793086230755,0
molecola_38227,16,0,16,0.007955575361847878,0
molecola_38227,17,0,17,0.0018217944307252765,0
molecola_38227,18,0,18,0.000932335271500051,0
molecola_38227,19,0,19,0.003371572820469737,0
molecola_38227,20,0,20,0.0027769117150455713,0
molecola_38227,21,0,21,0.0018941577291116118,0
molecola_38227,22,0,22,0.0019479341572150588,0
molecola_38227,23,0,23,0.00352730811573565,0
molecola_38227,24,0,24,0.0012776604853570461,0
molecola_38227,25,0,25,0.004717634990811348,0
molecola_38227,26,0,26,0.002904855879023671,0
molecola_38227,27,0,27,0.0062661245465278625,0
molecola_38388,1,0,1,0.0022651355247944593,0
molecola_38388,2,0,2,0.0012182078789919615,0
molecola_38388,3,0,3,0.003444828325882554,0
molecola_38388,4,0,4,0.011030114255845547,0
molecola_38388,5,0,5,0.008697259239852428,0
molecola_38388,6,0,6,0.0011372431181371212,0
molecola_38388,7,0,7,0.0005775781464762986,0
molecola_38388,8,0,8,0.00048520645941607654,0
molecola_38388,9,0,9,0.000578748935367912,0
molecola_38388,10,0,10,0.0384095199406147,0
molecola_38388,11,0,11,0.0006942604668438435,0
molecola_38388,12,0,12,0.0005025102873332798,0
molecola_38388,13,0,13,0.0019791091326624155,0
molecola_38388,14,0,14,0.0021109702065587044,0
molecola_38388,15,0,15,0.18237854540348053,0
molecola_38388,16,0,16,0.0839240550994873,0
molecola_38388,17,1,17,0.9780992865562439,1
molecola_38388,18,0,18,0.06664122641086578,0
molecola_38388,19,0,19,0.022759435698390007,0
molecola_38391,1,0,1,0.48464226722717285,0
molecola_38391,2,0,2,0.09327710419893265,0
molecola_38391,3,0,3,0.004725197330117226,0
molecola_38391,4,0,4,0.29469284415245056,0
molecola_38391,5,0,5,0.25049301981925964,0
molecola_38391,6,0,6,0.3913504183292389,0
molecola_38391,7,1,7,0.9914858937263489,1
molecola_38391,8,1,8,0.9524796009063721,1
molecola_38391,9,1,9,0.9524796009063721,1
molecola_38391,10,0,10,0.003515169257298112,0
molecola_38391,11,0,11,0.01828630268573761,0
molecola_38391,12,0,12,0.004282557871192694,0
molecola_38391,13,0,13,0.012792488560080528,0
molecola_38391,14,0,14,0.20352396368980408,0
molecola_38391,15,0,15,0.4966888129711151,0
molecola_38391,16,0,16,0.9580212831497192,1
molecola_38391,17,0,17,0.29996371269226074,0
molecola_38391,18,0,18,0.29996371269226074,0
molecola_38391,19,0,19,0.946906328201294,1
molecola_38391,20,0,20,0.0017417437629774213,0
molecola_38391,21,0,21,0.0017093451460823417,0
molecola_38391,22,0,22,0.0003280449309386313,0
molecola_38391,23,0,23,0.0012212686706334352,0
molecola_38415,1,0,1,0.019780101254582405,0
molecola_38415,2,0,2,0.009114855900406837,0
molecola_38415,3,0,3,0.047154080122709274,0
molecola_38415,4,0,4,0.42395874857902527,0
molecola_38415,5,1,5,0.9384694695472717,1
molecola_38415,6,1,6,0.949822187423706,1
molecola_38415,7,0,7,0.27556663751602173,0
molecola_38415,8,0,8,0.6437908411026001,1
molecola_38415,9,0,9,0.019487807527184486,0
molecola_38415,10,0,10,0.0024680758360773325,0
molecola_38415,11,0,11,0.16105888783931732,0
molecola_38415,12,0,12,0.15731288492679596,0
molecola_38415,13,0,13,0.9779047966003418,1
molecola_38415,14,0,14,0.24756847321987152,0
molecola_38415,15,0,15,0.24756957590579987,0
molecola_38415,16,0,16,0.17037639021873474,0
molecola_38415,17,0,17,0.9779052138328552,1
molecola_38415,18,0,18,0.1476420760154724,0
molecola_38415,19,0,19,0.28086528182029724,0
molecola_38415,20,0,20,0.004672497045248747,0
molecola_38415,21,0,21,0.019780101254582405,0
molecola_38631,1,0,1,0.0013619556557387114,0
molecola_38631,2,0,2,0.0003355217049829662,0
molecola_38631,3,0,3,0.0009400491253472865,0
molecola_38631,4,0,4,0.002078472636640072,0
molecola_38631,5,0,5,0.0022712950594723225,0
molecola_38631,6,1,6,0.9643875956535339,1
molecola_38631,7,0,7,0.02336191199719906,0
molecola_38631,8,0,8,0.02336191199719906,0
molecola_38631,9,1,9,0.9723248481750488,1
molecola_38631,10,0,10,0.0005616197595372796,0
molecola_38631,11,0,11,0.0034364000894129276,0
molecola_38631,12,0,12,0.001599353039637208,0
molecola_38631,13,0,13,0.0008198266732506454,0
molecola_38631,14,0,14,0.004107240587472916,0
molecola_38631,15,0,15,0.01304483413696289,0
molecola_38631,16,0,16,0.040931932628154755,0
molecola_38631,17,0,17,0.18556545674800873,0
molecola_38631,18,0,18,0.7860065698623657,1
molecola_38631,19,0,19,0.9758757948875427,1
molecola_38631,20,0,20,0.975496232509613,1
molecola_38631,21,0,21,0.6829138398170471,1
molecola_38631,22,0,22,0.9605430960655212,1
molecola_38631,23,0,23,0.9734185934066772,1
molecola_38631,24,0,24,0.028200393542647362,0
molecola_38631,25,0,25,0.48939380049705505,0
molecola_38631,26,0,26,0.1603296846151352,0
molecola_38631,27,0,27,0.030114546418190002,0
molecola_38631,28,0,28,0.00784170813858509,0
molecola_38631,29,0,29,0.0003997582825832069,0
molecola_38631,30,0,30,0.0006292806938290596,0
molecola_38827,1,0,1,0.0021752973552793264,0
molecola_38827,2,0,2,0.39107081294059753,0
molecola_38827,3,0,3,0.0012692840537056327,0
molecola_38827,4,0,4,0.039312805980443954,0
molecola_38827,5,0,5,0.0814439207315445,0
molecola_38827,6,0,6,0.0008183179306797683,0
molecola_38827,7,0,7,0.0007069944986142218,0
molecola_38827,8,0,8,0.02031710185110569,0
molecola_38827,9,0,9,0.0008756291354075074,0
molecola_38827,10,0,10,0.0037071912083774805,0
molecola_38827,11,0,11,0.004307063762098551,0
molecola_38827,12,0,12,0.4174082279205322,0
molecola_38827,13,0,13,0.1509348750114441,0
molecola_38827,14,1,14,0.9915537238121033,1
molecola_38827,15,0,15,0.4174082279205322,0
molecola_38827,16,0,16,0.0037071912083774805,0
molecola_38827,17,0,17,0.004307063762098551,0
molecola_38970,1,0,1,0.0205279178917408,0
molecola_38970,2,0,2,0.015271114185452461,0
molecola_38970,3,0,3,0.030843231827020645,0
molecola_38970,4,0,4,0.002431748900562525,0
molecola_38970,5,0,5,0.004591927397996187,0
molecola_38970,6,0,6,0.0006237728521227837,0
molecola_38970,7,0,7,0.0009709617006592453,0
molecola_38970,8,0,8,0.0009102602489292622,0
molecola_38970,9,0,9,0.0004109043802600354,0
molecola_38970,10,0,10,0.0006060494342818856,0
molecola_38970,11,0,11,0.00043270341120660305,0
molecola_38970,12,0,12,0.0005124559393152595,0
molecola_38970,13,0,13,0.0004097912460565567,0
molecola_38970,14,0,14,0.0011681329924613237,0
molecola_38970,15,0,15,0.010537326335906982,0
molecola_38970,16,0,16,0.0038535052444785833,0
molecola_38970,17,0,17,0.01026204228401184,0
molecola_38970,18,0,18,0.006428367458283901,0
molecola_38970,19,0,19,0.05051332339644432,0
molecola_38970,20,0,20,0.11766672879457474,0
molecola_38970,21,0,21,0.005853736307471991,0
molecola_38970,22,0,22,0.16269046068191528,0
molecola_38970,23,0,23,0.007141990587115288,0
molecola_38970,24,0,24,0.02076665684580803,0
molecola_38970,25,0,25,0.12779924273490906,0
molecola_38970,26,0,26,0.029345020651817322,0
molecola_38970,27,0,27,0.19938136637210846,0
molecola_38970,28,1,28,0.974634051322937,1
molecola_38970,29,0,29,0.12168514728546143,0
molecola_38970,30,0,30,0.00049476238200441,0
molecola_38970,31,0,31,0.0003962171613238752,0
molecola_38970,32,0,32,0.002431748900562525,0
molecola_38970,33,0,33,0.030843231827020645,0
molecola_39053,1,1,1,0.9085061550140381,1
molecola_39053,2,1,2,0.9019664525985718,1
molecola_39053,3,1,3,0.885688304901123,1
molecola_39053,4,0,4,0.002733127446845174,0
molecola_39053,5,0,5,0.001153944176621735,0
molecola_39053,6,0,6,0.00345791969448328,0
molecola_39053,7,0,7,0.0023571127094328403,0
molecola_39053,8,0,8,0.009603559039533138,0
molecola_39053,9,0,9,0.03649291768670082,0
molecola_39053,10,0,10,0.3018287420272827,0
molecola_39053,11,0,11,0.07318491488695145,0
molecola_39053,12,0,12,0.14927436411380768,0
molecola_39053,13,0,13,0.0026724175550043583,0
molecola_39053,14,0,14,0.002540039364248514,0
molecola_39053,15,0,15,0.0012890691868960857,0
molecola_39053,16,0,16,0.0002525438030716032,0
molecola_39053,17,0,17,0.004248426295816898,0
molecola_39053,18,0,18,0.003980592824518681,0
molecola_39053,19,0,19,0.006476338487118483,0
molecola_39053,20,0,20,0.01591186411678791,0
molecola_39053,21,0,21,0.012969532050192356,0
molecola_39053,22,0,22,0.009489092044532299,0
molecola_39053,23,0,23,0.04480981454253197,0
molecola_39053,24,0,24,0.045235224068164825,0
molecola_39053,25,0,25,0.0010677496902644634,0
molecola_39053,26,0,26,0.00036702753277495503,0
molecola_39053,27,0,27,0.00036702753277495503,0
molecola_39053,28,0,28,0.00036702753277495503,0
molecola_39053,29,1,29,0.9901552200317383,1
molecola_39053,30,0,30,0.9203412532806396,1
molecola_39053,31,1,31,0.9203412532806396,1
molecola_39100,1,0,1,0.0008722839993424714,0
molecola_39100,2,0,2,0.00043574185110628605,0
molecola_39100,3,0,3,0.003572009038180113,0
molecola_39100,4,0,4,0.00043574185110628605,0
molecola_39100,5,0,5,0.0008722839993424714,0
molecola_39100,6,0,6,0.01705744117498398,0
molecola_39100,7,0,7,0.0035569071769714355,0
molecola_39100,8,0,8,0.7290762662887573,1
molecola_39100,9,0,9,0.0016172326868399978,0
molecola_39100,10,0,10,0.0009601982892490923,0
molecola_39100,11,0,11,0.0012956686550751328,0
molecola_39100,12,0,12,0.0008560348651371896,0
molecola_39100,13,1,13,0.9784877896308899,1
molecola_39100,14,1,14,0.9799277782440186,1
molecola_39100,15,0,15,0.003862477606162429,0
molecola_39100,16,0,16,0.0003449454379733652,0
molecola_39100,17,0,17,0.0004924066597595811,0
molecola_39100,18,0,18,0.0007124932017177343,0
molecola_39100,19,0,19,0.0016698500839993358,0
molecola_39100,20,0,20,0.01624584197998047,0
molecola_39100,21,0,21,0.04588202387094498,0
molecola_39100,22,0,22,0.045357029885053635,0
molecola_39100,23,0,23,0.016856921836733818,0
molecola_39100,24,0,24,0.006101169623434544,0
molecola_39100,25,0,25,0.0015596605371683836,0
molecola_39100,26,0,26,0.005953159648925066,0
molecola_39182,1,0,1,0.0038054506294429302,0
molecola_39182,2,0,2,0.27725061774253845,0
molecola_39182,3,1,3,0.9520686268806458,1
molecola_39182,4,1,4,0.9740144610404968,1
molecola_39182,5,0,5,0.006870347075164318,0
molecola_39182,6,0,6,0.00844412948936224,0
molecola_39182,7,0,7,0.0008752925205044448,0
molecola_39182,8,0,8,0.0013310277136042714,0
molecola_39182,9,0,9,0.00036478525726124644,0
molecola_39182,10,0,10,0.00036191369872540236,0
molecola_39182,11,0,11,0.0004859419714193791,0
molecola_39182,12,0,12,0.0011567054316401482,0
molecola_39182,13,0,13,0.0017487203003838658,0
molecola_39182,14,0,14,0.0005645931814797223,0
molecola_39182,15,0,15,0.0004038436454720795,0
molecola_39182,16,0,16,0.0012831147760152817,0
molecola_39182,17,0,17,0.0011972517240792513,0
molecola_39182,18,0,18,0.0005988636985421181,0
molecola_39182,19,0,19,0.0005616797134280205,0
molecola_39182,20,0,20,0.0005399546935223043,0
molecola_39182,21,0,21,0.0004328321374487132,0
molecola_39182,22,0,22,0.00044904998503625393,0
molecola_39226,1,0,1,0.04049884155392647,0
molecola_39226,2,0,2,0.008503355085849762,0
molecola_39226,3,0,3,0.0011777982581406832,0
molecola_39226,4,0,4,0.0008884298149496317,0
molecola_39226,5,0,5,0.0004301751614548266,0
molecola_39226,6,0,6,0.0004760158190038055,0
molecola_39226,7,0,7,0.00044084046385250986,0
molecola_39226,8,0,8,0.001125509268604219,0
molecola_39226,9,0,9,0.003913527820259333,0
molecola_39226,10,0,10,0.00605257460847497,0
molecola_39226,11,0,11,0.2571905255317688,0
molecola_39226,12,0,12,0.0006915915873833001,0
molecola_39226,13,0,13,0.0003621580544859171,0
molecola_39226,14,0,14,0.13405126333236694,0
molecola_39226,15,0,15,0.3381897807121277,0
molecola_39226,16,1,16,0.8383641242980957,1
molecola_39226,17,1,17,0.9815157651901245,1
molecola_39226,18,0,18,0.8994694948196411,1
molecola_39226,19,1,19,0.8994694948196411,1
molecola_39226,20,0,20,0.015301690436899662,0
molecola_39226,21,0,21,0.0012728712754324079,0
molecola_39226,22,0,22,0.0008182722958736122,0
molecola_39226,23,0,23,0.0006723714177496731,0
molecola_39226,24,0,24,0.0009671818115748465,0
molecola_39226,25,0,25,0.002651429735124111,0
molecola_39226,26,0,26,0.0009039919241331518,0
molecola_39226,27,0,27,0.00025904536596499383,0
molecola_39226,28,0,28,0.0010660706320777535,0
molecola_39226,29,0,29,0.00025884833303280175,0
molecola_39226,30,0,30,0.0008261193870566785,0
molecola_39357,1,0,1,0.010265540331602097,0
molecola_39357,2,0,2,0.003612546483054757,0
molecola_39357,3,0,3,0.0099312923848629,0
molecola_39357,4,0,4,0.03159200772643089,0
molecola_39357,5,0,5,0.010959872044622898,0
molecola_39357,6,0,6,0.0038770500104874372,0
molecola_39357,7,0,7,0.0011946987360715866,0
molecola_39357,8,0,8,0.0013526639668270946,0
molecola_39357,9,0,9,0.0006143114878796041,0
molecola_39357,10,0,10,0.0018746608402580023,0
molecola_39357,11,0,11,0.8900449872016907,1
molecola_39357,12,0,12,0.9849017262458801,1
molecola_39357,13,0,13,0.9118225574493408,1
molecola_39357,14,0,14,0.9118225574493408,1
molecola_39357,15,0,15,0.0004964391700923443,0
molecola_39357,16,0,16,0.00036634100251831114,0
molecola_39357,17,0,17,0.0012253322638571262,0
molecola_39357,18,0,18,0.0028570296708494425,0
molecola_39357,19,0,19,0.019298847764730453,0
molecola_39357,20,0,20,0.23970842361450195,0
molecola_39357,21,0,21,0.32938432693481445,0
molecola_39357,22,0,22,0.2182011753320694,0
molecola_39357,23,0,23,0.013420885428786278,0
molecola_39357,24,0,24,0.0061612557619810104,0
molecola_39357,25,0,25,0.02468973770737648,0
molecola_39357,26,0,26,0.01095650251954794,0
molecola_39357,27,0,27,0.032749198377132416,0
molecola_39357,28,0,28,0.08273842185735703,0
molecola_39357,29,0,29,0.005239708814769983,0
molecola_39357,30,0,30,0.03506556525826454,0
molecola_39357,31,0,31,0.7819662094116211,1
molecola_39357,32,0,32,0.0745759978890419,0
molecola_39357,33,1,33,0.9924403429031372,1
molecola_39357,34,0,34,0.7819662094116211,1
molecola_39357,35,0,35,0.03506556525826454,0
molecola_39357,36,0,36,0.0028570296708494425,0
molecola_39357,37,0,37,0.0012253322638571262,0
molecola_39357,38,0,38,0.010959872044622898,0
molecola_39357,39,0,39,0.03159200772643089,0
molecola_39467,1,0,1,0.06050509959459305,0
molecola_39467,2,0,2,0.008261246606707573,0
molecola_39467,3,0,3,0.0007622695993632078,0
molecola_39467,4,0,4,0.00042266762466169894,0
molecola_39467,5,0,5,0.0003362318966537714,0
molecola_39467,6,0,6,0.0004886350361630321,0
molecola_39467,7,0,7,0.0003645120596047491,0
molecola_39467,8,0,8,0.00039809715235605836,0
molecola_39467,9,0,9,0.00047243275912478566,0
molecola_39467,10,0,10,0.0006131702684797347,0
molecola_39467,11,0,11,0.0004106787673663348,0
molecola_39467,12,0,12,0.00036006601294502616,0
molecola_39467,13,0,13,0.002196595538407564,0
molecola_39467,14,0,14,0.010771644301712513,0
molecola_39467,15,0,15,0.012589400634169579,0
molecola_39467,16,0,16,0.9168649315834045,1
molecola_39467,17,0,17,0.014234237372875214,0
molecola_39467,18,0,18,0.02536655403673649,0
molecola_39467,19,0,19,0.13112369179725647,0
molecola_39467,20,0,20,0.03627602383494377,0
molecola_39467,21,0,21,0.21513620018959045,0
molecola_39467,22,0,22,0.17015083134174347,0
molecola_39467,23,1,23,0.9905216693878174,1
molecola_39467,24,0,24,0.3205200135707855,0
molecola_39467,25,0,25,0.006388360168784857,0
molecola_39467,26,0,26,0.001906378660351038,0
molecola_39903,1,0,1,0.005124995484948158,0
molecola_39903,2,0,2,0.0016637769294902682,0
molecola_39903,3,0,3,0.002492080442607403,0
molecola_39903,4,0,4,0.003317973343655467,0
molecola_39903,5,0,5,0.06500248610973358,0
molecola_39903,6,0,6,0.005243709310889244,0
molecola_39903,7,0,7,0.0016758913407102227,0
molecola_39903,8,0,8,0.003733869642019272,0
molecola_39903,9,0,9,0.008774989284574986,0
molecola_39903,10,0,10,0.04728289693593979,0
molecola_39903,11,0,11,0.01901058666408062,0
molecola_39903,12,0,12,0.022415172308683395,0
molecola_39903,13,0,13,0.034797463566064835,0
molecola_39903,14,0,14,0.298740416765213,0
molecola_39903,15,0,15,0.39590346813201904,0
molecola_39903,16,0,16,0.1676606982946396,0
molecola_39903,17,0,17,0.05050712451338768,0
molecola_39903,18,0,18,0.01706356555223465,0
molecola_39903,19,1,19,0.9933968782424927,1
molecola_39903,20,1,20,0.9568475484848022,1
molecola_39903,21,1,21,0.9568475484848022,1
molecola_40038,1,1,1,0.9860013723373413,1
molecola_40038,2,0,2,0.2620236575603485,0
molecola_40038,3,0,3,0.4792920649051666,0
molecola_40038,4,0,4,0.13124294579029083,0
molecola_40038,5,0,5,0.09340930730104446,0
molecola_40038,6,0,6,0.026272915303707123,0
molecola_40038,7,0,7,0.0006451857043430209,0
molecola_40038,8,0,8,0.0004749251529574394,0
molecola_40038,9,0,9,0.00035294564440846443,0
molecola_40038,10,0,10,0.000497210887260735,0
molecola_40038,11,0,11,0.000364935549441725,0
molecola_40038,12,0,12,0.00098399946000427,0
molecola_40038,13,0,13,0.004251138307154179,0
molecola_40038,14,0,14,0.00098399946000427,0
molecola_40038,15,0,15,0.000364935549441725,0
molecola_40038,16,0,16,0.0268156286329031,0
molecola_40038,17,0,17,0.0706072524189949,0
molecola_40038,18,0,18,0.13067257404327393,0
molecola_40038,19,0,19,0.363651305437088,0
molecola_40038,20,0,20,0.501773476600647,1
molecola_40038,21,0,21,0.37743955850601196,0
molecola_40038,22,0,22,0.3951813280582428,0
molecola_40207,1,1,1,0.9906585216522217,1
molecola_40207,2,0,2,0.1714428961277008,0
molecola_40207,3,0,3,0.5413221716880798,1
molecola_40207,4,0,4,0.0030586279463022947,0
molecola_40207,5,0,5,0.00046177025069482625,0
molecola_40207,6,0,6,0.0006700640078634024,0
molecola_40207,7,0,7,0.0004037951584905386,0
molecola_40207,8,0,8,0.0006962246843613684,0
molecola_40207,9,0,9,0.001876547117717564,0
molecola_40207,10,0,10,0.0008818610804155469,0
molecola_40207,11,0,11,0.0031270463950932026,0
molecola_40207,12,0,12,0.03396853059530258,0
molecola_40207,13,0,13,0.12892530858516693,0
molecola_40207,14,0,14,0.11635980010032654,0
molecola_40207,15,0,15,0.02140861563384533,0
molecola_40207,16,0,16,0.006295292638242245,0
molecola_40207,17,0,17,0.014535777270793915,0
molecola_40207,18,0,18,0.00428288709372282,0
molecola_40207,19,0,19,0.004086744040250778,0
molecola_40207,20,0,20,0.03532177209854126,0
molecola_40207,21,0,21,0.020328674465417862,0
molecola_40207,22,0,22,0.2544392943382263,0
molecola_40207,23,0,23,0.034196581691503525,0
molecola_40207,24,0,24,0.011254345998167992,0
molecola_40207,25,0,25,0.009256763383746147,0
molecola_40207,26,0,26,0.0006962246843613684,0
molecola_40207,27,0,27,0.0004037951584905386,0
molecola_40207,28,0,28,0.002714852336794138,0
molecola_40207,29,0,29,0.06442296504974365,0
molecola_40207,30,0,30,0.12243352085351944,0
molecola_40207,31,0,31,0.08509232848882675,0
molecola_40207,32,0,32,0.15477503836154938,0
molecola_40326,1,0,1,0.09867899119853973,0
molecola_40326,2,0,2,0.018219832330942154,0
molecola_40326,3,0,3,0.0039350371807813644,0
molecola_40326,4,0,4,0.0019112388836219907,0
molecola_40326,5,0,5,0.000629379996098578,0
molecola_40326,6,0,6,0.0017093695932999253,0
molecola_40326,7,0,7,0.0017569970805197954,0
molecola_40326,8,0,8,0.0031822959426790476,0
molecola_40326,9,0,9,0.025250568985939026,0
molecola_40326,10,0,10,0.012587230652570724,0
molecola_40326,11,0,11,0.7143293619155884,1
molecola_40326,12,0,12,0.0050774854607880116,0
molecola_40326,13,0,13,0.034187112003564835,0
molecola_40326,14,0,14,0.0036868664901703596,0
molecola_40326,15,0,15,0.011893187649548054,0
molecola_40326,16,0,16,0.0017264647176489234,0
molecola_40326,17,0,17,0.005375050473958254,0
molecola_40326,18,0,18,0.011160625144839287,0
molecola_40326,19,0,19,0.006152805406600237,0
molecola_40326,20,0,20,0.0016224139835685492,0
molecola_40326,21,0,21,0.0009356385562568903,0
molecola_40326,22,0,22,0.001166729023680091,0
molecola_40326,23,1,23,0.9784734845161438,1
molecola_40326,24,1,24,0.9799413084983826,1
molecola_40326,25,0,25,0.002395475981757045,0
molecola_40326,26,0,26,0.004191174171864986,0
molecola_40326,27,0,27,0.16847172379493713,0
molecola_40326,28,0,28,0.0037169288843870163,0
molecola_40326,29,0,29,0.004311405587941408,0
molecola_40328,1,0,1,0.0004484476812649518,0
molecola_40328,2,0,2,0.00390841206535697,0
molecola_40328,3,0,3,0.00045623653568327427,0
molecola_40328,4,0,4,0.00045623653568327427,0
molecola_40328,5,0,5,0.00045826443238183856,0
molecola_40328,6,0,6,0.0004751927626784891,0
molecola_40328,7,0,7,0.0005981263821013272,0
molecola_40328,8,0,8,0.0005609339568763971,0
molecola_40328,9,0,9,0.0008434452465735376,0
molecola_40328,10,0,10,0.0007474703597836196,0
molecola_40328,11,0,11,0.03483168035745621,0
molecola_40328,12,0,12,0.0011549867922440171,0
molecola_40328,13,0,13,0.07233712077140808,0
molecola_40328,14,0,14,0.1290680468082428,0
molecola_40328,15,1,15,0.974821150302887,1
molecola_40328,16,0,16,0.12690585851669312,0
molecola_40328,17,0,17,0.02748086303472519,0
molecola_40328,18,0,18,0.0028608550783246756,0
molecola_40328,19,0,19,0.003217941615730524,0
molecola_40328,20,0,20,0.034887202084064484,0
molecola_40328,21,0,21,0.2732503414154053,0
molecola_40328,22,0,22,0.289634108543396,0
molecola_40328,23,0,23,0.32090941071510315,0
molecola_40328,24,0,24,0.14824296534061432,0
molecola_40328,25,0,25,0.12598766386508942,0
molecola_40328,26,0,26,0.00034883644548244774,0
molecola_40328,27,0,27,0.00022196384088601917,0
molecola_40328,28,0,28,0.0003670831792987883,0
molecola_40419,1,0,1,0.21513615548610687,0
molecola_40419,2,0,2,0.036248188465833664,0
molecola_40419,3,0,3,0.13117459416389465,0
molecola_40419,4,0,4,0.0026210357900708914,0
molecola_40419,5,0,5,0.0005538664408959448,0
molecola_40419,6,0,6,0.0008482116390950978,0
molecola_40419,7,0,7,0.0004117723146919161,0
molecola_40419,8,0,8,0.0003354567743372172,0
molecola_40419,9,0,9,0.0003766513545997441,0
molecola_40419,10,0,10,0.00046121134073473513,0
molecola_40419,11,0,11,0.005241759587079287,0
molecola_40419,12,0,12,0.0005786471301689744,0
molecola_40419,13,0,13,0.0005786471301689744,0
molecola_40419,14,0,14,0.0003611237625591457,0
molecola_40419,15,0,15,0.006501552648842335,0
molecola_40419,16,0,16,0.025589190423488617,0
molecola_40419,17,0,17,0.03425519913434982,0
molecola_40419,18,0,18,0.014555552043020725,0
molecola_40419,19,0,19,0.0006261554080992937,0
molecola_40419,20,0,20,0.0016392720863223076,0
molecola_40419,21,0,21,0.0017450583400204778,0
molecola_40419,22,0,22,0.3637118339538574,0
molecola_40419,23,0,23,0.15164534747600555,0
molecola_40419,24,1,24,0.9905216693878174,1
molecola_42511,1,1,1,0.9703351855278015,1
molecola_42511,2,1,2,0.9701425433158875,1
molecola_42511,3,0,3,0.0028186978306621313,0
molecola_42511,4,0,4,0.0013956332113593817,0
molecola_42511,5,0,5,0.00041063965181820095,0
molecola_42511,6,0,6,0.0006772645865567029,0
molecola_42511,7,0,7,0.0004192580236122012,0
molecola_42511,8,0,8,0.0012610219419002533,0
molecola_42511,9,0,9,0.0036953117232769728,0
molecola_42511,10,0,10,0.004907908383756876,0
molecola_42511,11,0,11,0.0007335029658861458,0
molecola_42511,12,0,12,0.0006804949953220785,0
molecola_42511,13,0,13,0.0009676619665697217,0
molecola_42511,14,0,14,0.002562577836215496,0
molecola_42511,15,0,15,0.007302598096430302,0
molecola_42511,16,0,16,0.020461782813072205,0
molecola_42511,17,0,17,0.007302598096430302,0
molecola_42511,18,0,18,0.002562577836215496,0
molecola_42511,19,0,19,0.0009676619665697217,0
molecola_42511,20,0,20,0.002562577836215496,0
molecola_42511,21,0,21,0.007302598096430302,0
molecola_42511,22,0,22,0.020461782813072205,0
molecola_42511,23,0,23,0.007302598096430302,0
molecola_42511,24,0,24,0.002562577836215496,0
molecola_4295,1,0,1,0.08425784111022949,0
molecola_4295,2,1,2,0.7563850283622742,1
molecola_4295,3,0,3,0.041388873010873795,0
molecola_4295,4,0,4,0.026063764467835426,0
molecola_4295,5,0,5,0.00363926705904305,0
molecola_4295,6,0,6,0.015728766098618507,0
molecola_4295,7,0,7,0.02253291755914688,0
molecola_4295,8,0,8,0.0012887843186035752,0
molecola_4295,9,0,9,0.0013408469967544079,0
molecola_4295,10,0,10,0.000698590069077909,0
molecola_4295,11,0,11,0.0011931111803278327,0
molecola_4295,12,0,12,0.0023735431022942066,0
molecola_4295,13,0,13,0.0015768732409924269,0
molecola_4295,14,0,14,0.0017121817218139768,0
molecola_4295,15,0,15,0.0006699369987472892,0
molecola_4295,16,0,16,0.00067565543577075,0
molecola_4295,17,0,17,0.0043224734254181385,0
molecola_4295,18,0,18,0.031008323654532433,0
molecola_4295,19,1,19,0.0386589914560318,0
molecola_4295,20,1,20,0.04648579657077789,0
molecola_4295,21,1,21,0.0386589914560318,0
molecola_4295,22,0,22,0.031008323654532433,0
molecola_43102,1,0,1,0.005137202795594931,0
molecola_43102,2,0,2,0.002812568563967943,0
molecola_43102,3,0,3,0.011260461062192917,0
molecola_43102,4,0,4,0.0363396517932415,0
molecola_43102,5,0,5,0.04692057892680168,0
molecola_43102,6,0,6,0.052397601306438446,0
molecola_43102,7,0,7,0.022546611726284027,0
molecola_43102,8,0,8,0.20399270951747894,0
molecola_43102,9,0,9,0.023993337526917458,0
molecola_43102,10,0,10,0.006076269317418337,0
molecola_43102,11,0,11,0.01600131392478943,0
molecola_43102,12,0,12,0.006216868758201599,0
molecola_43102,13,0,13,0.005278375931084156,0
molecola_43102,14,0,14,0.001373408711515367,0
molecola_43102,15,0,15,0.03423324227333069,0
molecola_43102,16,0,16,0.006793080363422632,0
molecola_43102,17,0,17,0.0007773104589432478,0
molecola_43102,18,1,18,0.9768123030662537,1
molecola_43102,19,1,19,0.9827290773391724,1
molecola_43102,20,0,20,0.0030411153566092253,0
molecola_43102,21,0,21,0.060370080173015594,0
molecola_43102,22,0,22,0.12280786037445068,0
molecola_43102,23,0,23,0.13715094327926636,0
molecola_43102,24,0,24,0.004791764076799154,0
molecola_43102,25,0,25,0.0006440215511247516,0
molecola_435,1,0,1,0.5205877423286438,1
molecola_435,2,0,2,0.7158263921737671,1
molecola_435,3,0,3,0.1016615629196167,0
molecola_435,4,0,4,0.00410833302885294,0
molecola_435,5,0,5,0.014909787103533745,0
molecola_435,6,0,6,0.02261323854327202,0
molecola_435,7,1,7,0.9626442193984985,1
molecola_435,8,1,8,0.9805533289909363,1
molecola_435,9,0,9,0.035988111048936844,0
molecola_435,10,1,10,0.9713276624679565,1
molecola_435,11,1,11,0.9151822328567505,1
molecola_435,12,1,12,0.9765976071357727,1
molecola_435,13,0,13,0.37097471952438354,0
molecola_435,14,0,14,0.5030832290649414,1
molecola_435,15,0,15,0.45037609338760376,0
molecola_435,16,0,16,0.0488310270011425,0
molecola_435,17,0,17,0.0029286930803209543,0
molecola_435,18,0,18,0.0026577874086797237,0
molecola_435,19,0,19,0.0029286930803209543,0
molecola_435,20,0,20,0.0488310270011425,0
molecola_435,21,0,21,0.0005603186436928809,0
molecola_435,22,0,22,0.0012633523438125849,0
molecola_435,23,0,23,0.0005603186436928809,0
molecola_435,24,0,24,0.0012633523438125849,0
molecola_44876,1,0,1,0.01000822614878416,0
molecola_44876,2,0,2,0.012875390239059925,0
molecola_44876,3,0,3,0.0009077269933186471,0
molecola_44876,4,0,4,0.007495698984712362,0
molecola_44876,5,0,5,0.0008405004045926034,0
molecola_44876,6,0,6,0.0012797840172424912,0
molecola_44876,7,0,7,0.0006300996174104512,0
molecola_44876,8,0,8,0.027220649644732475,0
molecola_44876,9,0,9,0.0005720406770706177,0
molecola_44876,10,0,10,0.001884892233647406,0
molecola_44876,11,0,11,0.012435883283615112,0
molecola_44876,12,0,12,0.005014733877032995,0
molecola_44876,13,0,13,0.07235546410083771,0
molecola_44876,14,0,14,0.020449485629796982,0
molecola_44876,15,0,15,0.002255089348182082,0
molecola_44876,16,0,16,0.0026003923267126083,0
molecola_44876,17,0,17,0.13197068870067596,0
molecola_44876,18,0,18,0.1593180149793625,0
molecola_44876,19,1,19,0.9772128462791443,1
molecola_44876,20,0,20,0.18405526876449585,0
molecola_44876,21,0,21,0.026752794161438942,0
molecola_44876,22,0,22,0.01366384420543909,0
molecola_44876,23,0,23,0.01380267832428217,0
molecola_45025,1,0,1,0.0005411123856902122,0
molecola_45025,2,0,2,0.0006576546002179384,0
molecola_45025,3,0,3,0.0023045483976602554,0
molecola_45025,4,1,4,0.9654021263122559,1
molecola_45025,5,1,5,0.9796099662780762,1
molecola_45025,6,0,6,0.0004950643051415682,0
molecola_45025,7,0,7,0.0005249282112345099,0
molecola_45025,8,0,8,0.0004307313356548548,0
molecola_45025,9,0,9,0.0011834888719022274,0
molecola_45025,10,0,10,0.00047923511010594666,0
molecola_45025,11,0,11,0.000424234225647524,0
molecola_46268,1,0,1,0.3076469600200653,0
molecola_46268,2,0,2,0.7742274403572083,1
molecola_46268,3,0,3,0.3572603762149811,0
molecola_46268,4,0,4,0.9376437067985535,1
molecola_46268,5,0,5,0.9588169455528259,1
molecola_46268,6,0,6,0.5968560576438904,1
molecola_46268,7,0,7,0.8118764758110046,1
molecola_46268,8,0,8,0.9373902678489685,1
molecola_46268,9,0,9,0.9606027007102966,1
molecola_46268,10,0,10,0.4912715554237366,0
molecola_46268,11,0,11,0.8275885581970215,1
molecola_46268,12,0,12,0.8709800839424133,1
molecola_46268,13,1,13,0.9548413753509521,1
molecola_46268,14,1,14,0.9592593312263489,1
molecola_46268,15,0,15,0.765545666217804,1
molecola_46268,16,0,16,0.2958346903324127,0
molecola_46268,17,0,17,0.5427855849266052,1
molecola_46268,18,0,18,0.8852607607841492,1
molecola_46268,19,0,19,0.22718356549739838,0
molecola_46268,20,0,20,0.3271675705909729,0
molecola_46268,21,0,21,0.9912391304969788,1
molecola_46268,22,0,22,0.9120697379112244,1
molecola_46268,23,0,23,0.9120697379112244,1
molecola_46926,1,1,1,0.9587883353233337,1
molecola_46926,2,1,2,0.9930148124694824,1
molecola_46926,3,0,3,0.9587883353233337,1
molecola_46926,4,0,4,0.03479602932929993,0
molecola_46926,5,0,5,0.002195704262703657,0
molecola_46926,6,0,6,0.0012774348724633455,0
molecola_46926,7,0,7,0.00041317407158203423,0
molecola_46926,8,0,8,0.0006078308215364814,0
molecola_46926,9,0,9,0.00225935154594481,0
molecola_46926,10,0,10,0.00853634811937809,0
molecola_46926,11,0,11,0.009976272471249104,0
molecola_46926,12,0,12,0.003925233613699675,0
molecola_46926,13,0,13,0.021866993978619576,0
molecola_46926,14,0,14,0.10316958278417587,0
molecola_46926,15,0,15,0.004172114189714193,0
molecola_46926,16,0,16,0.000793552550021559,0
molecola_46926,17,0,17,0.00046935645514167845,0
molecola_46926,18,0,18,0.001388092990964651,0
molecola_46926,19,0,19,0.01636885665357113,0
molecola_46926,20,0,20,0.053113874047994614,0
molecola_46926,21,0,21,0.01636885665357113,0
molecola_46926,22,0,22,0.001388092990964651,0
molecola_46926,23,0,23,0.0013899779878556728,0
molecola_46926,24,0,24,0.0014794397866353393,0
molecola_46926,25,0,25,0.004732886329293251,0
molecola_46926,26,0,26,0.005412310361862183,0
molecola_46926,27,0,27,0.36387231945991516,0
molecola_46926,28,0,28,0.00035518556251190603,0
molecola_46926,29,0,29,0.00041732509271241724,0
molecola_46926,30,0,30,0.00041732509271241724,0
molecola_46926,31,0,31,0.00041732509271241724,0
molecola_48144,1,0,1,0.006475105416029692,0
molecola_48144,2,0,2,0.0025223407428711653,0
molecola_48144,3,0,3,0.0013675959780812263,0
molecola_48144,4,0,4,0.0004354453703854233,0
molecola_48144,5,0,5,0.00043390478822402656,0
molecola_48144,6,0,6,0.010999898426234722,0
molecola_48144,7,0,7,0.00039067165926098824,0
molecola_48144,8,1,8,0.44271013140678406,0
molecola_48144,9,0,9,0.07647109031677246,0
molecola_48144,10,1,10,0.9923490285873413,1
molecola_48144,11,1,11,0.7118141651153564,1
molecola_48144,12,0,12,0.002864489099010825,0
molecola_48144,13,0,13,0.00048491815687157214,0
molecola_48144,14,0,14,0.0006295161438174546,0
molecola_48144,15,0,15,0.0009813237702473998,0
molecola_48144,16,0,16,0.008607177995145321,0
molecola_48144,17,0,17,0.3786322772502899,0
molecola_48144,18,0,18,0.008607177995145321,0
molecola_48144,19,0,19,0.0009813237702473998,0
molecola_48144,20,0,20,0.0006759414100088179,0
molecola_48144,21,0,21,0.0017807462718337774,0
molecola_48144,22,0,22,0.00112598214764148,0
molecola_48326,1,1,1,0.9586963057518005,1
molecola_48326,2,1,2,0.9931226372718811,1
molecola_48326,3,1,3,0.9586963057518005,1
molecola_48326,4,0,4,0.02687763050198555,0
molecola_48326,5,0,5,0.0016418845625594258,0
molecola_48326,6,0,6,0.0025538853369653225,0
molecola_48326,7,0,7,0.02266722358763218,0
molecola_48326,8,0,8,0.0018552197143435478,0
molecola_48326,9,0,9,0.03534374386072159,0
molecola_48326,10,0,10,0.016886470839381218,0
molecola_48326,11,0,11,0.023273680359125137,0
molecola_48326,12,0,12,0.01576526090502739,0
molecola_48326,13,0,13,0.006134436931461096,0
molecola_48326,14,0,14,0.0003983227943535894,0
molecola_48326,15,0,15,0.002273684600368142,0
molecola_48326,16,0,16,0.19421961903572083,0
molecola_48326,17,0,17,0.18793155252933502,0
molecola_48326,18,0,18,0.1906043440103531,0
molecola_48326,19,0,19,0.011931588873267174,0
molecola_48326,20,0,20,0.0013210789766162634,0
molecola_48604,1,0,1,0.01079587172716856,0
molecola_48604,2,0,2,0.004048348404467106,0
molecola_48604,3,0,3,0.00672894949093461,0
molecola_48604,4,0,4,0.003807540750131011,0
molecola_48604,5,0,5,0.01734975352883339,0
molecola_48604,6,0,6,0.005672411527484655,0
molecola_48604,7,0,7,0.005258270539343357,0
molecola_48604,8,0,8,0.005046098493039608,0
molecola_48604,9,0,9,0.0034658764488995075,0
molecola_48604,10,0,10,0.013241923414170742,0
molecola_48604,11,0,11,0.027176978066563606,0
molecola_48604,12,0,12,0.006751948036253452,0
molecola_48604,13,0,13,0.0040029119700193405,0
molecola_48604,14,0,14,0.05433599278330803,0
molecola_48604,15,0,15,0.019220586866140366,0
molecola_48604,16,0,16,0.0033288414124399424,0
molecola_48604,17,0,17,0.002963610691949725,0
molecola_48604,18,0,18,0.0005360630457289517,0
molecola_48604,19,0,19,0.0017859251238405704,0
molecola_48604,20,0,20,0.0008122865692712367,0
molecola_48604,21,0,21,0.0012337598018348217,0
molecola_48604,22,0,22,0.0007777268765494227,0
molecola_48604,23,0,23,0.0007388751837424934,0
molecola_48604,24,0,24,0.0007777268765494227,0
molecola_48604,25,0,25,0.0012337598018348217,0
molecola_48604,26,0,26,0.0007432717247866094,0
molecola_48604,27,0,27,0.0007941955700516701,0
molecola_48604,28,0,28,0.2430161088705063,0
molecola_48604,29,0,29,0.169154554605484,0
molecola_48604,30,0,30,0.8201161623001099,1
molecola_48604,31,1,31,0.9819590449333191,1
molecola_48604,32,0,32,0.8964911699295044,1
molecola_48604,33,1,33,0.8964911699295044,1
molecola_48604,34,0,34,0.017300710082054138,0
molecola_48604,35,0,35,0.006322361063212156,0
molecola_48604,36,0,36,0.003034760942682624,0
molecola_48604,37,0,37,0.0003264221013523638,0
molecola_48604,38,0,38,0.0022198110818862915,0
molecola_48604,39,0,39,0.003034760942682624,0
molecola_48604,40,0,40,0.00032642242149449885,0
molecola_48604,41,0,41,0.006322361063212156,0
molecola_48670,1,0,1,0.0958721786737442,0
molecola_48670,2,0,2,0.19083240628242493,0
molecola_48670,3,0,3,0.20029790699481964,0
molecola_48670,4,0,4,0.12134342640638351,0
molecola_48670,5,0,5,0.22326071560382843,0
molecola_48670,6,0,6,0.038651060312986374,0
molecola_48670,7,0,7,0.05972939729690552,0
molecola_48670,8,0,8,0.17175273597240448,0
molecola_48670,9,0,9,0.009241277351975441,0
molecola_48670,10,0,10,0.005770531948655844,0
molecola_48670,11,0,11,0.1320762187242508,0
molecola_48670,12,0,12,0.10577895492315292,0
molecola_48670,13,0,13,0.05222823843359947,0
molecola_48670,14,0,14,0.002245665527880192,0
molecola_48670,15,0,15,0.008687324821949005,0
molecola_48670,16,0,16,0.019614512100815773,0
molecola_48670,17,0,17,0.008518984541296959,0
molecola_48670,18,0,18,0.023583753034472466,0
molecola_48670,19,0,19,0.012546025216579437,0
molecola_48670,20,0,20,0.01089151855558157,0
molecola_48670,21,0,21,0.4977104961872101,0
molecola_48670,22,0,22,0.11988849937915802,0
molecola_48670,23,1,23,0.9923490285873413,1
molecola_48670,24,0,24,0.7118270397186279,1
molecola_48670,25,0,25,0.004446540959179401,0
molecola_48670,26,0,26,0.0012517411960288882,0
molecola_48670,27,0,27,0.0003387469914741814,0
molecola_48670,28,0,28,0.0012212691362947226,0
molecola_48670,29,0,29,0.09253891557455063,0
molecola_48670,30,0,30,0.19055478274822235,0
molecola_48670,31,0,31,0.09253891557455063,0
molecola_48728,1,0,1,0.0007347870850935578,0
molecola_48728,2,0,2,0.000649775902274996,0
molecola_48728,3,0,3,0.02315557934343815,0
molecola_48728,4,0,4,0.8389509320259094,1
molecola_48728,5,0,5,0.9696597456932068,1
molecola_48728,6,0,6,0.9744816422462463,1
molecola_48728,7,0,7,0.8389509320259094,1
molecola_48728,8,0,8,0.02315557934343815,0
molecola_48728,9,0,9,0.0005718934698961675,0
molecola_48728,10,0,10,0.000588809372857213,0
molecola_48728,11,0,11,0.034722067415714264,0
molecola_48728,12,0,12,0.001020929659716785,0
molecola_48728,13,0,13,0.0038419414777308702,0
molecola_48728,14,0,14,0.1822112500667572,0
molecola_48728,15,0,15,0.1625206470489502,0
molecola_48728,16,1,16,0.9784771800041199,1
molecola_48728,17,0,17,0.1316874772310257,0
molecola_48728,18,0,18,0.03149835392832756,0
molecola_48728,19,0,19,0.00575139420107007,0
molecola_48728,20,0,20,0.0026329397223889828,0
molecola_49648,1,0,1,0.9546359181404114,1
molecola_49648,2,0,2,0.7948665022850037,1
molecola_49648,3,0,3,0.895058274269104,1
molecola_49648,4,0,4,0.042526863515377045,0
molecola_49648,5,0,5,0.0005454931524582207,0
molecola_49648,6,0,6,0.0009955993155017495,0
molecola_49648,7,0,7,0.002137880539521575,0
molecola_49648,8,0,8,0.0017804064555093646,0
molecola_49648,9,1,9,0.5315747857093811,1
molecola_49648,10,0,10,0.019445592537522316,0
molecola_49648,11,0,11,0.01717444695532322,0
molecola_49648,12,1,12,0.08123671263456345,0
molecola_49648,13,0,13,0.0016251883935183287,0
molecola_49648,14,0,14,0.00043757836101576686,0
molecola_49648,15,0,15,0.001217544311657548,0
molecola_49648,16,0,16,0.0006757620139978826,0
molecola_49648,17,0,17,0.00040164278470911086,0
molecola_49648,18,0,18,0.9187116026878357,1
molecola_49648,19,0,19,0.9064129590988159,1
molecola_49648,20,0,20,0.0884396880865097,0
molecola_49648,21,0,21,0.04138675332069397,0
molecola_49648,22,0,22,0.134104922413826,0
molecola_49648,23,0,23,0.9438866972923279,1
molecola_49648,24,0,24,0.9492185711860657,1
molecola_49648,25,1,25,0.9636273980140686,1
molecola_49648,26,1,26,0.9559773802757263,1
molecola_49648,27,0,27,0.9554620385169983,1
molecola_49648,28,0,28,0.9680604934692383,1
molecola_497,1,1,1,0.9823746085166931,1
molecola_497,2,1,2,0.9753649830818176,1
molecola_497,3,0,3,0.005276513751596212,0
molecola_497,4,0,4,0.001210767775774002,0
molecola_497,5,0,5,0.0006467143539339304,0
molecola_497,6,0,6,0.00033529484062455595,0
molecola_497,7,0,7,0.00044010503916069865,0
molecola_497,8,0,8,0.0011982476571574807,0
molecola_497,9,0,9,0.004303032997995615,0
molecola_497,10,0,10,0.00046964618377387524,0
molecola_497,11,0,11,0.0007453705766238272,0
molecola_497,12,0,12,0.00037472968688234687,0
molecola_497,13,0,13,0.0015151939587667584,0
molecola_497,14,0,14,0.017214180901646614,0
molecola_497,15,0,15,0.05330919474363327,0
molecola_497,16,0,16,0.017214180901646614,0
molecola_497,17,0,17,0.0015151939587667584,0
molecola_497,18,0,18,0.0011982476571574807,0
molecola_497,19,0,19,0.00044010503916069865,0
molecola_497,20,0,20,0.0003243625396862626,0
molecola_497,21,0,21,0.005646728444844484,0
molecola_497,22,0,22,0.019885791465640068,0
molecola_497,23,0,23,0.05593784153461456,0
molecola_497,24,0,24,0.011905628256499767,0
molecola_497,25,0,25,0.0006096630822867155,0
molecola_497,26,0,26,0.00036308245034888387,0
molecola_50245,1,1,1,0.9084131717681885,1
molecola_50245,2,1,2,0.9858598113059998,1
molecola_50245,3,1,3,0.9084131717681885,1
molecola_50245,4,1,4,0.8983362317085266,1
molecola_50245,5,0,5,0.007089013233780861,0
molecola_50245,6,0,6,0.005239751189947128,0
molecola_50245,7,0,7,0.1536523848772049,0
molecola_50245,8,0,8,0.0034732541535049677,0
molecola_50245,9,0,9,0.0005376275512389839,0
molecola_50245,10,0,10,0.0004642637213692069,0
molecola_50245,11,0,11,0.0004169091989751905,0
molecola_50245,12,0,12,0.0015084680635482073,0
molecola_50245,13,0,13,0.0021823933348059654,0
molecola_50245,14,0,14,0.0017929024761542678,0
molecola_50245,15,0,15,0.0009467094787396491,0
molecola_50245,16,0,16,0.000323146756272763,0
molecola_50245,17,0,17,0.0003449020441621542,0
molecola_50245,18,0,18,0.006820268463343382,0
molecola_50245,19,0,19,0.15186047554016113,0
molecola_50245,20,0,20,0.030186332762241364,0
molecola_50245,21,0,21,0.003381206188350916,0
molecola_50245,22,0,22,0.0030006160959601402,0
molecola_50245,23,0,23,0.0015385111328214407,0
molecola_50245,24,0,24,0.0002655896241776645,0
molecola_50245,25,0,25,0.0017899232916533947,0
molecola_50245,26,0,26,0.0010163824772462249,0
molecola_51628,1,0,1,0.007215756922960281,0
molecola_51628,2,0,2,0.38059136271476746,0
molecola_51628,3,0,3,0.0021737515926361084,0
molecola_51628,4,0,4,0.4154955744743347,0
molecola_51628,5,0,5,0.743996798992157,1
molecola_51628,6,1,6,0.9775593876838684,1
molecola_51628,7,1,7,0.976015567779541,1
molecola_51628,8,0,8,0.7883345484733582,1
molecola_51628,9,0,9,0.004050569608807564,0
molecola_51628,10,0,10,0.00041876453906297684,0
molecola_51628,11,0,11,0.0003621808427851647,0
molecola_51628,12,0,12,0.0015834913356229663,0
molecola_51628,13,0,13,0.007878350093960762,0
molecola_51628,14,0,14,0.03721414506435394,0
molecola_51628,15,0,15,0.009169137105345726,0
molecola_51628,16,0,16,0.0002830337034538388,0
molecola_51628,17,0,17,0.00025449731037952006,0
molecola_5190,1,0,1,0.001414982951246202,0
molecola_5190,2,0,2,0.0006464694160968065,0
molecola_5190,3,0,3,0.0009911904344335198,0
molecola_5190,4,0,4,0.0008201595046557486,0
molecola_5190,5,0,5,0.0004158971714787185,0
molecola_5190,6,0,6,0.0032537623774260283,0
molecola_5190,7,0,7,0.0011872781906276941,0
molecola_5190,8,0,8,0.9638992547988892,1
molecola_5190,9,0,9,0.9766092896461487,1
molecola_5190,10,0,10,0.00034913321724161506,0
molecola_5190,11,0,11,0.0005407821736298501,0
molecola_5190,12,0,12,0.0003289453452453017,0
molecola_5190,13,0,13,0.0003841459401883185,0
molecola_5190,14,0,14,0.0013237792300060391,0
molecola_5190,15,0,15,0.0028738079126924276,0
molecola_5190,16,0,16,0.9037238359451294,1
molecola_5190,17,1,17,0.9876757860183716,1
molecola_5190,18,0,18,0.8993431329727173,1
molecola_5190,19,1,19,0.8993431329727173,1
molecola_5202,1,1,1,0.9915537238121033,1
molecola_5202,2,0,2,0.13576430082321167,0
molecola_5202,3,0,3,0.5362687706947327,1
molecola_5202,4,0,4,0.13576430082321167,0
molecola_5202,5,0,5,0.9915537238121033,1
molecola_5202,6,0,6,0.507021427154541,1
molecola_5202,7,0,7,0.11064441502094269,0
molecola_5202,8,0,8,0.20221181213855743,0
molecola_5202,9,0,9,0.20235107839107513,0
molecola_5202,10,0,10,0.10850803554058075,0
molecola_5202,11,0,11,0.020349979400634766,0
molecola_5202,12,0,12,0.663235604763031,1
molecola_5202,13,0,13,0.2469244748353958,0
molecola_5202,14,1,14,0.9908170700073242,1
molecola_5202,15,0,15,0.29585161805152893,0
molecola_5202,16,0,16,0.9908254742622375,1
molecola_5202,17,0,17,0.47167426347732544,0
molecola_5202,18,0,18,0.507021427154541,1
molecola_52523,1,0,1,0.0012964500347152352,0
molecola_52523,2,0,2,0.0009061317541636527,0
molecola_52523,3,0,3,0.0049121626652777195,0
molecola_52523,4,0,4,0.002437073504552245,0
molecola_52523,5,0,5,0.011057430878281593,0
molecola_52523,6,0,6,0.007508480455726385,0
molecola_52523,7,1,7,0.7968339920043945,1
molecola_52523,8,1,8,0.7229472994804382,1
molecola_52523,9,1,9,0.9769922494888306,1
molecola_52523,10,1,10,0.9758930802345276,1
molecola_52523,11,1,11,0.7194107174873352,1
molecola_52523,12,0,12,0.22823242843151093,0
molecola_52523,13,0,13,0.005083207041025162,0
molecola_52523,14,0,14,0.0176591407507658,0
molecola_52523,15,0,15,0.0007894524605944753,0
molecola_52523,16,0,16,0.0013509753625839949,0
molecola_52523,17,0,17,0.009573445655405521,0
molecola_52523,18,0,18,0.02568046934902668,0
molecola_52523,19,0,19,0.9310615062713623,1
molecola_52523,20,0,20,0.9546914100646973,1
molecola_52523,21,0,21,0.06448950618505478,0
molecola_52523,22,0,22,0.18276694416999817,0
molecola_53143,1,0,1,0.021316828206181526,0
molecola_53143,2,0,2,0.006346855778247118,0
molecola_53143,3,0,3,0.0020990148186683655,0
molecola_53143,4,0,4,0.002755798865109682,0
molecola_53143,5,0,5,0.003970161080360413,0
molecola_53143,6,1,6,0.9248781800270081,1
molecola_53143,7,0,7,0.026539700105786324,0
molecola_53143,8,1,8,0.9606093764305115,1
molecola_53143,9,0,9,0.24513749778270721,0
molecola_53143,10,0,10,0.2938753664493561,0
molecola_53143,11,0,11,0.021316828206181526,0
molecola_53351,1,0,1,0.9339666366577148,1
molecola_53351,2,0,2,0.9151304364204407,1
molecola_53351,3,0,3,0.7870663404464722,1
molecola_53351,4,0,4,0.8164398074150085,1
molecola_53351,5,0,5,0.6358184218406677,1
molecola_53351,6,0,6,0.05734764412045479,0
molecola_53351,7,0,7,0.18816496431827545,0
molecola_53351,8,0,8,0.17244915664196014,0
molecola_53351,9,1,9,0.9787695407867432,1
molecola_53351,10,0,10,0.20041929185390472,0
molecola_53351,11,0,11,0.04614202305674553,0
molecola_53351,12,0,12,0.032345131039619446,0
molecola_53351,13,0,13,0.03522947058081627,0
molecola_53351,14,0,14,0.02575714886188507,0
molecola_53351,15,0,15,0.004393967799842358,0
molecola_53351,16,1,16,0.8458619713783264,1
molecola_53351,17,0,17,0.698104977607727,1
molecola_53351,18,1,18,0.698104977607727,1
molecola_5340,1,1,1,0.9924403429031372,1
molecola_5340,2,0,2,0.07457593083381653,0
molecola_5340,3,0,3,0.781950056552887,1
molecola_5340,4,0,4,0.029274625703692436,0
molecola_5340,5,0,5,0.004658869933336973,0
molecola_5340,6,0,6,0.029274625703692436,0
molecola_5340,7,0,7,0.781950056552887,1
molecola_5340,8,0,8,0.005638940259814262,0
molecola_5340,9,0,9,0.012996875680983067,0
molecola_5340,10,0,10,0.0028880236204713583,0
molecola_5340,11,0,11,0.09769635647535324,0
molecola_5340,12,0,12,0.06303071975708008,0
molecola_5340,13,0,13,0.14292140305042267,0
molecola_5340,14,0,14,0.37271007895469666,0
molecola_5340,15,0,15,0.46385422348976135,0
molecola_5340,16,0,16,0.34027186036109924,0
molecola_5340,17,0,17,0.2794766426086426,0
molecola_5340,18,0,18,0.262065052986145,0
molecola_5340,19,1,19,0.9749114513397217,1
molecola_5340,20,0,20,0.23082970082759857,0
molecola_5340,21,0,21,0.012450861744582653,0
molecola_5340,22,0,22,0.01864616945385933,0
molecola_53465,1,1,1,0.8966226577758789,1
molecola_53465,2,1,2,0.9122068881988525,1
molecola_53465,3,1,3,0.8321335911750793,1
molecola_53465,4,1,4,0.8513336181640625,1
molecola_53465,5,0,5,0.6936460137367249,1
molecola_53465,6,0,6,0.736007034778595,1
molecola_53465,7,0,7,0.6957166790962219,1
molecola_53465,8,1,8,0.9914484024047852,1
molecola_53465,9,0,9,0.9109814763069153,1
molecola_53465,10,1,10,0.9109814763069153,1
molecola_53758,1,1,1,0.9787615537643433,1
molecola_53758,2,1,2,0.17131204903125763,0
molecola_53758,3,1,3,0.08730122447013855,0
molecola_53758,4,1,4,0.06679746508598328,0
molecola_53758,5,1,5,0.091256283223629,0
molecola_53758,6,1,6,0.04652396962046623,0
molecola_53758,7,0,7,0.18314290046691895,0
molecola_53758,8,0,8,0.012484671548008919,0
molecola_53758,9,0,9,0.010196424089372158,0
molecola_53758,10,0,10,0.0004734170506708324,0
molecola_53758,11,0,11,0.0024485839530825615,0
molecola_53758,12,0,12,0.001591849490068853,0
molecola_53758,13,0,13,0.00026015963521786034,0
molecola_53758,14,0,14,0.0024485839530825615,0
molecola_53758,15,0,15,0.010196424089372158,0
molecola_53758,16,0,16,0.0004734170506708324,0
molecola_54424,1,0,1,0.9164817929267883,1
molecola_54424,2,1,2,0.9711953997612,1
molecola_54424,3,1,3,0.9756065011024475,1
molecola_54424,4,0,4,0.03370640426874161,0
molecola_54424,5,0,5,0.006330631207674742,0
molecola_54424,6,0,6,0.0005176808917894959,0
molecola_54424,7,0,7,0.00041959749069064856,0
molecola_54424,8,0,8,0.0010833730921149254,0
molecola_54424,9,0,9,0.000462514057289809,0
molecola_54424,10,0,10,0.0005295188166201115,0
molecola_54424,11,0,11,0.0011215326376259327,0
molecola_54424,12,0,12,0.001535054063424468,0
molecola_54424,13,0,13,0.549310564994812,1
molecola_54424,14,0,14,0.4851568937301636,0
molecola_54424,15,0,15,0.7818525433540344,1
molecola_54424,16,0,16,0.5901128649711609,1
molecola_54424,17,0,17,0.6036584377288818,1
molecola_54424,18,0,18,0.8735256195068359,1
molecola_54424,19,0,19,0.7535825371742249,1
molecola_54424,20,0,20,0.6195147633552551,1
molecola_54424,21,0,21,0.6188262104988098,1
molecola_54424,22,0,22,0.6740156412124634,1
molecola_54424,23,0,23,0.5852851271629333,1
molecola_54424,24,0,24,0.721457839012146,1
molecola_54424,25,0,25,0.7918986082077026,1
molecola_54424,26,0,26,0.012689396739006042,0
molecola_54424,27,0,27,0.000435199704952538,0
molecola_54424,28,0,28,0.0005176808917894959,0
molecola_54424,29,0,29,0.006330631207674742,0
molecola_5459,1,0,1,0.8707773089408875,1
molecola_5459,2,0,2,0.2535121440887451,0
molecola_5459,3,0,3,0.022975416854023933,0
molecola_5459,4,0,4,0.0335068479180336,0
molecola_5459,5,0,5,0.011898276396095753,0
molecola_5459,6,0,6,0.04500293731689453,0
molecola_5459,7,0,7,0.012427314184606075,0
molecola_5459,8,0,8,0.07246724516153336,0
molecola_5459,9,0,9,0.2372693419456482,0
molecola_5459,10,0,10,0.29427459836006165,0
molecola_5459,11,1,11,0.9647207856178284,1
molecola_5459,12,0,12,0.005910743959248066,0
molecola_5459,13,0,13,0.008071362040936947,0
molecola_5459,14,0,14,0.002864380134269595,0
molecola_5459,15,0,15,0.0010489283595234156,0
molecola_5459,16,0,16,0.00024555905838496983,0
molecola_5459,17,0,17,0.002864380134269595,0
molecola_5459,18,0,18,0.008071362040936947,0
molecola_5461,1,0,1,0.004766553174704313,0
molecola_5461,2,0,2,0.000660564168356359,0
molecola_5461,3,0,3,0.0006925390334799886,0
molecola_5461,4,0,4,0.00030073244124650955,0
molecola_5461,5,0,5,0.0028935116715729237,0
molecola_5461,6,0,6,0.00122788455337286,0
molecola_5461,7,0,7,0.0644792690873146,0
molecola_5461,8,0,8,0.0006097281584516168,0
molecola_5461,9,0,9,0.0006097281584516168,0
molecola_5461,10,0,10,0.0009061852470040321,0
molecola_5461,11,0,11,0.0009616557508707047,0
molecola_5461,12,0,12,0.06998523324728012,0
molecola_5461,13,0,13,0.04658208787441254,0
molecola_5461,14,0,14,0.19727061688899994,0
molecola_5461,15,0,15,0.11981777101755142,0
molecola_5461,16,1,16,0.9923490285873413,1
molecola_5461,17,0,17,0.4338853657245636,0
molecola_5464,1,0,1,0.956657350063324,1
molecola_5464,2,0,2,0.993119478225708,1
molecola_5464,3,0,3,0.956657350063324,1
molecola_5464,4,0,4,0.05918734520673752,0
molecola_5464,5,0,5,0.0014171575894579291,0
molecola_5464,6,0,6,0.0021455257665365934,0
molecola_5464,7,0,7,0.020365852862596512,0
molecola_5464,8,0,8,0.7274567484855652,1
molecola_5464,9,0,9,0.0027353507466614246,0
molecola_5464,10,0,10,0.010995323769748211,0
molecola_5464,11,0,11,0.0005960688577033579,0
molecola_5464,12,0,12,0.0016525129321962595,0
molecola_5464,13,0,13,0.00022445338254328817,0
molecola_5464,14,0,14,0.016541289165616035,0
molecola_5464,15,0,15,0.11732208728790283,0
molecola_5464,16,0,16,0.024138743057847023,0
molecola_5464,17,0,17,0.06263101100921631,0
molecola_5464,18,1,18,0.965299129486084,1
molecola_5464,19,0,19,0.07823924720287323,0
molecola_5464,20,0,20,0.05275154858827591,0
molecola_5464,21,0,21,0.9829006791114807,1
molecola_54694,1,1,1,0.974634051322937,1
molecola_54694,2,0,2,0.1962423175573349,0
molecola_54694,3,0,3,0.12231501191854477,0
molecola_54694,4,0,4,0.014015093445777893,0
molecola_54694,5,0,5,0.0032402065116912127,0
molecola_54694,6,0,6,0.017208293080329895,0
molecola_54694,7,0,7,0.12779924273490906,0
molecola_54694,8,0,8,0.029345441609621048,0
molecola_54694,9,0,9,0.19373737275600433,0
molecola_54694,10,0,10,0.013707168400287628,0
molecola_54694,11,0,11,0.042216166853904724,0
molecola_54694,12,0,12,0.0057289451360702515,0
molecola_54694,13,0,13,0.004063171800225973,0
molecola_54694,14,0,14,0.0008270185790024698,0
molecola_54694,15,0,15,0.0016609138110652566,0
molecola_54694,16,0,16,0.0012785631697624922,0
molecola_54694,17,0,17,0.0005569872446358204,0
molecola_54694,18,0,18,0.0005748362746089697,0
molecola_54694,19,0,19,0.0003397353575564921,0
molecola_54694,20,0,20,0.0008513627690263093,0
molecola_54694,21,0,21,0.0028987813275307417,0
molecola_54694,22,0,22,0.0014621203299611807,0
molecola_54694,23,0,23,0.0007104286341927946,0
molecola_54694,24,0,24,0.0028987813275307417,0
molecola_54694,25,0,25,0.0008513627690263093,0
molecola_54694,26,0,26,0.0057289451360702515,0
molecola_54694,27,0,27,0.042216166853904724,0
molecola_54843,1,1,1,0.9923490285873413,1
molecola_54843,2,0,2,0.11971089988946915,0
molecola_54843,3,0,3,0.19714856147766113,0
molecola_54843,4,0,4,0.06316676735877991,0
molecola_54843,5,0,5,0.08336039632558823,0
molecola_54843,6,0,6,0.0014050316531211138,0
molecola_54843,7,0,7,0.43532565236091614,0
molecola_54843,8,0,8,0.002052868017926812,0
molecola_54843,9,0,9,0.0031859755981713533,0
molecola_54843,10,0,10,0.0012426611501723528,0
molecola_54843,11,0,11,0.0009107943042181432,0
molecola_54843,12,0,12,0.0010909322882071137,0
molecola_54843,13,0,13,0.00914405845105648,0
molecola_54843,14,0,14,0.0010155418422073126,0
molecola_54843,15,0,15,0.16780219972133636,0
molecola_54843,16,0,16,0.0008688766974955797,0
molecola_54843,17,0,17,0.03674406558275223,0
molecola_54843,18,0,18,0.004832041449844837,0
molecola_54843,19,0,19,0.0078794090077281,0
molecola_54843,20,0,20,0.013603958301246166,0
molecola_54843,21,0,21,0.0015047459164634347,0
molecola_54843,22,0,22,0.000984549056738615,0
molecola_54843,23,0,23,0.000984549056738615,0
molecola_54843,24,0,24,0.000984549056738615,0
molecola_54843,25,0,25,0.036705151200294495,0
molecola_54843,26,0,26,0.18707431852817535,0
molecola_54843,27,0,27,0.06237928196787834,0
molecola_54843,28,0,28,0.9778692126274109,1
molecola_54872,1,0,1,0.014669242314994335,0
molecola_54872,2,0,2,0.043036360293626785,0
molecola_54872,3,0,3,0.03080689162015915,0
molecola_54872,4,0,4,0.05153788626194,0
molecola_54872,5,0,5,0.10581333935260773,0
molecola_54872,6,0,6,0.12291298806667328,0
molecola_54872,7,0,7,0.04663936421275139,0
molecola_54872,8,0,8,0.06247304007411003,0
molecola_54872,9,0,9,0.003456874517723918,0
molecola_54872,10,0,10,0.001836374751292169,0
molecola_54872,11,0,11,0.011522875167429447,0
molecola_54872,12,0,12,0.021688295528292656,0
molecola_54872,13,0,13,0.04114852473139763,0
molecola_54872,14,0,14,0.047872286289930344,0
molecola_54872,15,0,15,0.048154350370168686,0
molecola_54872,16,0,16,0.050048813223838806,0
molecola_54872,17,0,17,0.019074879586696625,0
molecola_54872,18,0,18,0.004463783465325832,0
molecola_54872,19,0,19,0.07051324844360352,0
molecola_54872,20,0,20,0.008613495156168938,0
molecola_54872,21,0,21,0.008613495156168938,0
molecola_54872,22,1,22,0.9653212428092957,1
molecola_54872,23,1,23,0.9725500345230103,1
molecola_54872,24,0,24,0.0031426777131855488,0
molecola_54872,25,0,25,0.02567264623939991,0
molecola_54872,26,0,26,0.05086660385131836,0
molecola_54872,27,0,27,0.05916338413953781,0
molecola_54872,28,0,28,0.028282256796956062,0
molecola_54872,29,0,29,0.0026508511509746313,0
molecola_54872,30,0,30,0.0008170315995812416,0
molecola_54888,1,0,1,0.009860330261290073,0
molecola_54888,2,0,2,0.0027767401188611984,0
molecola_54888,3,0,3,0.00593801774084568,0
molecola_54888,4,0,4,0.008396417833864689,0
molecola_54888,5,0,5,0.015611924231052399,0
molecola_54888,6,0,6,0.02594069391489029,0
molecola_54888,7,0,7,0.03545336052775383,0
molecola_54888,8,0,8,0.03568869084119797,0
molecola_54888,9,0,9,0.3837253749370575,0
molecola_54888,10,0,10,0.39920419454574585,0
molecola_54888,11,0,11,0.7781884074211121,1
molecola_54888,12,0,12,0.8820580840110779,1
molecola_54888,13,0,13,0.06580587476491928,0
molecola_54888,14,0,14,0.022479921579360962,0
molecola_54888,15,0,15,0.01861402578651905,0
molecola_54888,16,0,16,0.15155290067195892,0
molecola_54888,17,0,17,0.1352485865354538,0
molecola_54888,18,0,18,0.12188728898763657,0
molecola_54888,19,0,19,0.08815682679414749,0
molecola_54888,20,0,20,0.20804055035114288,0
molecola_54888,21,1,21,0.9780153632164001,1
molecola_54888,22,0,22,0.1146065890789032,0
molecola_54888,23,0,23,0.018405325710773468,0
molecola_54888,24,0,24,0.018755637109279633,0
molecola_54888,25,0,25,0.008940751664340496,0
molecola_54891,1,0,1,0.00792448315769434,0
molecola_54891,2,0,2,0.00405240710824728,0
molecola_54891,3,0,3,0.0016636676155030727,0
molecola_54891,4,0,4,0.0023623225279152393,0
molecola_54891,5,0,5,0.05209827423095703,0
molecola_54891,6,0,6,0.9168450832366943,1
molecola_54891,7,0,7,0.014079682528972626,0
molecola_54891,8,0,8,0.03814023733139038,0
molecola_54891,9,0,9,0.23103901743888855,0
molecola_54891,10,0,10,0.048125870525836945,0
molecola_54891,11,0,11,0.037483520805835724,0
molecola_54891,12,0,12,0.010212033055722713,0
molecola_54891,13,0,13,0.006475712638348341,0
molecola_54891,14,0,14,0.0024369065649807453,0
molecola_54891,15,0,15,0.0010499610798433423,0
molecola_54891,16,0,16,0.007596912793815136,0
molecola_54891,17,0,17,0.002482603769749403,0
molecola_54891,18,0,18,0.0021591626573354006,0
molecola_54891,19,0,19,0.010097166523337364,0
molecola_54891,20,0,20,0.25112372636795044,0
molecola_54891,21,1,21,0.9433536529541016,1
molecola_54891,22,0,22,0.005458616651594639,0
molecola_54891,23,0,23,0.0006261399248614907,0
molecola_54891,24,0,24,0.005608001723885536,0
molecola_54894,1,0,1,0.06913077086210251,0
molecola_54894,2,0,2,0.5806829333305359,1
molecola_54894,3,0,3,0.06913077086210251,0
molecola_54894,4,0,4,0.860944390296936,1
molecola_54894,5,0,5,0.6109125018119812,1
molecola_54894,6,0,6,0.004963837098330259,0
molecola_54894,7,0,7,0.031886037439107895,0
molecola_54894,8,0,8,0.031886037439107895,0
molecola_54894,9,0,9,0.8772594332695007,1
molecola_54894,10,1,10,0.9882148504257202,1
molecola_54894,11,0,11,0.9084686636924744,1
molecola_54894,12,1,12,0.9084686636924744,1
molecola_54900,1,0,1,0.0015835199737921357,0
molecola_54900,2,0,2,0.002075200667604804,0
molecola_54900,3,0,3,0.0015835199737921357,0
molecola_54900,4,0,4,0.002113084541633725,0
molecola_54900,5,0,5,0.0012753541814163327,0
molecola_54900,6,0,6,0.0034623900428414345,0
molecola_54900,7,0,7,0.006104067899286747,0
molecola_54900,8,0,8,0.0367162823677063,0
molecola_54900,9,0,9,0.7819492816925049,1
molecola_54900,10,0,10,0.07457593083381653,0
molecola_54900,11,0,11,0.9924403429031372,1
molecola_54900,12,0,12,0.7819492816925049,1
molecola_54900,13,0,13,0.0367162823677063,0
molecola_54900,14,0,14,0.0014883766416460276,0
molecola_54900,15,0,15,0.004822164308279753,0
molecola_54900,16,0,16,0.8972294330596924,1
molecola_54900,17,1,17,0.986488401889801,1
molecola_54900,18,0,18,0.8991898894309998,1
molecola_54900,19,1,19,0.8991898894309998,1
molecola_54900,20,0,20,0.00046789299813099205,0
molecola_54900,21,0,21,0.0004339854640420526,0
molecola_54900,22,0,22,0.0029158040415495634,0
molecola_54900,23,0,23,0.004028188530355692,0
molecola_54900,24,0,24,0.003579899435862899,0
molecola_54900,25,0,25,0.001093089347705245,0
molecola_54900,26,0,26,0.0002452756743878126,0
molecola_54900,27,0,27,0.003579899435862899,0
molecola_54900,28,0,28,0.004028188530355692,0
molecola_54907,1,0,1,0.9554840326309204,1
molecola_54907,2,0,2,0.9597642421722412,1
molecola_54907,3,0,3,0.49380677938461304,0
molecola_54907,4,0,4,0.9673057794570923,1
molecola_54907,5,0,5,0.969408392906189,1
molecola_54907,6,0,6,0.9107752442359924,1
molecola_54907,7,0,7,0.7912942171096802,1
molecola_54907,8,0,8,0.7862244844436646,1
molecola_54907,9,0,9,0.23470711708068848,0
molecola_54907,10,0,10,0.002091964241117239,0
molecola_54907,11,0,11,0.002091964241117239,0
molecola_54907,12,0,12,0.13608185946941376,0
molecola_54907,13,0,13,0.14272889494895935,0
molecola_54907,14,0,14,0.03425343334674835,0
molecola_54907,15,0,15,0.12327024340629578,0
molecola_54907,16,0,16,0.15879149734973907,0
molecola_54907,17,0,17,0.1769467145204544,0
molecola_54907,18,0,18,0.15879149734973907,0
molecola_54907,19,0,19,0.12327024340629578,0
molecola_54907,20,0,20,0.1913866251707077,0
molecola_54907,21,0,21,0.0036352872848510742,0
molecola_54907,22,0,22,0.0016410655807703733,0
molecola_54907,23,0,23,0.001340512535534799,0
molecola_54907,24,0,24,0.005747335497289896,0
molecola_54907,25,0,25,0.2915914058685303,0
molecola_54907,26,0,26,0.8339576125144958,1
molecola_54907,27,1,27,0.981661319732666,1
molecola_54907,28,0,28,0.8996164798736572,1
molecola_54907,29,1,29,0.8996164798736572,1
molecola_54977,1,0,1,0.26526787877082825,0
molecola_54977,2,0,2,0.1393323689699173,0
molecola_54977,3,0,3,0.11530034989118576,0
molecola_54977,4,0,4,0.14241379499435425,0
molecola_54977,5,0,5,0.13521306216716766,0
molecola_54977,6,0,6,0.22960737347602844,0
molecola_54977,7,0,7,0.2367444634437561,0
molecola_54977,8,1,8,0.9745305776596069,1
molecola_54977,9,0,9,0.17351488769054413,0
molecola_54977,10,0,10,0.07126031070947647,0
molecola_54977,11,0,11,0.2926047742366791,0
molecola_54977,12,0,12,0.012039080262184143,0
molecola_54977,13,0,13,0.006450534798204899,0
molecola_54977,14,0,14,0.001587633159942925,0
molecola_54977,15,0,15,0.007455486338585615,0
molecola_54977,16,0,16,0.0007046799291856587,0
molecola_54977,17,0,17,0.0004039639898110181,0
molecola_54977,18,0,18,0.0006693007308058441,0
molecola_54977,19,0,19,0.0004039639898110181,0
molecola_54977,20,0,20,0.0007046799291856587,0
molecola_54977,21,0,21,0.00038430088898167014,0
molecola_54977,22,0,22,0.003013410372659564,0
molecola_54977,23,0,23,0.004153268411755562,0
molecola_54977,24,0,24,0.008073745295405388,0
molecola_54977,25,0,25,0.0011018876684829593,0
molecola_54977,26,0,26,0.00026568028260953724,0
molecola_54977,27,0,27,0.0012979728635400534,0
molecola_54977,28,0,28,0.0030538581777364016,0
molecola_54977,29,0,29,0.0028887251392006874,0
molecola_54977,30,0,30,0.015527653507888317,0
molecola_54977,31,0,31,0.011061159893870354,0
molecola_54977,32,0,32,0.019741766154766083,0
molecola_54977,33,0,33,0.005417832173407078,0
molecola_54977,34,0,34,0.030152397230267525,0
molecola_54977,35,0,35,0.07639165222644806,0
molecola_54977,36,0,36,0.12862426042556763,0
molecola_54984,1,0,1,0.0018144092755392194,0
molecola_54984,2,0,2,0.0017001242376863956,0
molecola_54984,3,0,3,0.0006882593734189868,0
molecola_54984,4,0,4,0.0008664779015816748,0
molecola_54984,5,0,5,0.0003566922096069902,0
molecola_54984,6,0,6,0.0006310560856945813,0
molecola_54984,7,0,7,0.00040161138167604804,0
molecola_54984,8,0,8,0.0008095164084807038,0
molecola_54984,9,0,9,0.05104058235883713,0
molecola_54984,10,0,10,0.08971446752548218,0
molecola_54984,11,0,11,0.008545676246285439,0
molecola_54984,12,0,12,0.0015901877777650952,0
molecola_54984,13,1,13,0.9795675277709961,1
molecola_54984,14,1,14,0.9792736768722534,1
molecola_54984,15,0,15,0.0007249535992741585,0
molecola_54984,16,0,16,0.0006586572271771729,0
molecola_54984,17,0,17,0.0007658620597794652,0
molecola_54984,18,0,18,0.0014368327101692557,0
molecola_54984,19,0,19,0.02393609844148159,0
molecola_54984,20,0,20,0.04676293581724167,0
molecola_54984,21,0,21,0.04852524399757385,0
molecola_54984,22,0,22,0.040323540568351746,0
molecola_54984,23,0,23,0.002439296804368496,0
molecola_55027,1,0,1,0.0051507484167814255,0
molecola_55027,2,0,2,0.0020227462518960238,0
molecola_55027,3,0,3,0.003593976376578212,0
molecola_55027,4,0,4,0.00323032820597291,0
molecola_55027,5,0,5,0.03045477345585823,0
molecola_55027,6,0,6,0.01901240088045597,0
molecola_55027,7,0,7,0.010109908878803253,0
molecola_55027,8,0,8,0.013835390098392963,0
molecola_55027,9,0,9,0.035189490765333176,0
molecola_55027,10,0,10,0.02189650945365429,0
molecola_55027,11,0,11,0.020819630473852158,0
molecola_55027,12,0,12,0.396292507648468,0
molecola_55027,13,0,13,0.019282355904579163,0
molecola_55027,14,0,14,0.773124098777771,1
molecola_55027,15,0,15,0.047365665435791016,0
molecola_55027,16,1,16,0.9800298810005188,1
molecola_552,1,1,1,0.508211612701416,1
molecola_552,2,0,2,0.3358597755432129,0
molecola_552,3,1,3,0.5879815220832825,1
molecola_552,4,0,4,0.3047601878643036,0
molecola_552,5,0,5,0.047843366861343384,0
molecola_552,6,0,6,0.3047601878643036,0
molecola_552,7,1,7,0.5879815220832825,1
molecola_552,8,0,8,0.3358597755432129,0
molecola_552,9,0,9,0.508211612701416,1
molecola_552,10,0,10,0.6840342879295349,1
molecola_552,11,1,11,0.9886200428009033,1
molecola_552,12,1,12,0.7526369690895081,1
molecola_552,13,0,13,0.15704576671123505,0
molecola_552,14,0,14,0.4988768994808197,0
molecola_552,15,0,15,0.605117678642273,1
molecola_552,16,0,16,0.2420038878917694,0
molecola_552,17,0,17,0.09491187334060669,0
molecola_552,18,0,18,0.18579187989234924,0
molecola_552,19,0,19,0.6161342859268188,1
molecola_552,20,0,20,0.00143600651063025,0
molecola_552,21,0,21,0.10299339145421982,0
molecola_552,22,0,22,0.10299339145421982,0
molecola_55314,1,0,1,0.010265540331602097,0
molecola_55314,2,0,2,0.003612546483054757,0
molecola_55314,3,0,3,0.007694056257605553,0
molecola_55314,4,0,4,0.0026973357889801264,0
molecola_55314,5,0,5,0.003343575866892934,0
molecola_55314,6,0,6,0.0009345854050479829,0
molecola_55314,7,0,7,0.003343575866892934,0
molecola_55314,8,0,8,0.0026973357889801264,0
molecola_55314,9,0,9,0.0008528920589014888,0
molecola_55314,10,0,10,0.0007478379993699491,0
molecola_55314,11,0,11,0.02324887178838253,0
molecola_55314,12,0,12,0.000843526388052851,0
molecola_55314,13,0,13,0.1256689429283142,0
molecola_55314,14,0,14,0.026524508371949196,0
molecola_55314,15,0,15,0.04043075442314148,0
molecola_55314,16,0,16,0.008561397902667522,0
molecola_55314,17,1,17,0.988839328289032,1
molecola_55314,18,0,18,0.0016802368918433785,0
molecola_55314,19,0,19,0.004303282592445612,0
molecola_55314,20,0,20,0.000841980567201972,0
molecola_55314,21,0,21,0.0007478383486159146,0
molecola_55314,22,0,22,0.0006934117991477251,0
molecola_55314,23,0,23,0.0006604254012927413,0
molecola_55314,24,0,24,0.0007052210276015103,0
molecola_55314,25,0,25,0.00040878576692193747,0
molecola_55314,26,0,26,0.0007052210276015103,0
molecola_55314,27,0,27,0.0006604254012927413,0
molecola_55314,28,0,28,0.0006664729444310069,0
molecola_55314,29,0,29,0.00048631266690790653,0
molecola_55314,30,0,30,0.0004958036006428301,0
molecola_55314,31,0,31,0.0003126745577901602,0
molecola_55314,32,0,32,0.0005984973395243287,0
molecola_55314,33,0,33,0.00034946389496326447,0
molecola_55314,34,0,34,0.0005073772626928985,0
molecola_55314,35,0,35,0.00033667715615592897,0
molecola_55314,36,0,36,0.0004363208427093923,0
molecola_555,1,0,1,0.06889092177152634,0
molecola_555,2,0,2,0.14424461126327515,0
molecola_555,3,0,3,0.16718827188014984,0
molecola_555,4,0,4,0.15262332558631897,0
molecola_555,5,0,5,0.43521440029144287,0
molecola_555,6,0,6,0.005811547860503197,0
molecola_555,7,0,7,0.024667033925652504,0
molecola_555,8,0,8,0.012797783128917217,0
molecola_555,9,0,9,0.058352623134851456,0
molecola_555,10,0,10,0.036567166447639465,0
molecola_555,11,0,11,0.6220752000808716,1
molecola_555,12,0,12,0.022278960794210434,0
molecola_555,13,0,13,0.11260972172021866,0
molecola_555,14,0,14,0.9655283689498901,1
molecola_555,15,0,15,0.9782934188842773,1
molecola_555,16,0,16,0.11260972172021866,0
molecola_555,17,1,17,0.9655283689498901,1
molecola_555,18,1,18,0.9782934188842773,1
molecola_555,19,0,19,0.052431147545576096,0
molecola_555,20,0,20,0.009853256866335869,0
molecola_555,21,0,21,0.014406378380954266,0
molecola_555,22,0,22,0.009662840515375137,0
molecola_555,23,0,23,0.003996013198047876,0
molecola_555,24,0,24,0.013313873670995235,0
molecola_555,25,0,25,0.0026835405733436346,0
molecola_555,26,0,26,0.0007266574539244175,0
molecola_555,27,0,27,0.004932093899697065,0
molecola_555,28,0,28,0.0034931357949972153,0
molecola_555,29,0,29,0.0012733375187963247,0
molecola_5566,1,0,1,0.0008510358748026192,0
molecola_5566,2,0,2,0.013228852301836014,0
molecola_5566,3,0,3,0.0008510358748026192,0
molecola_5566,4,0,4,0.028056064620614052,0
molecola_5566,5,0,5,0.0034642512910068035,0
molecola_5566,6,0,6,0.7292961478233337,1
molecola_5566,7,0,7,0.00206133839674294,0
molecola_5566,8,0,8,0.008782719261944294,0
molecola_5566,9,0,9,0.007603044621646404,0
molecola_5566,10,0,10,0.3787367343902588,0
molecola_5566,11,0,11,0.11661344766616821,0
molecola_5566,12,1,12,0.9923490285873413,1
molecola_5566,13,0,13,0.7118178606033325,1
molecola_5566,14,0,14,0.030956927686929703,0
molecola_5566,15,0,15,0.005557667464017868,0
molecola_5566,16,0,16,0.0005473000928759575,0
molecola_5566,17,0,17,0.0018587480299174786,0
molecola_5566,18,0,18,0.02656230330467224,0
molecola_5566,19,0,19,0.047265827655792236,0
molecola_5566,20,0,20,0.04526674374938011,0
molecola_5566,21,0,21,0.017017608508467674,0
molecola_5566,22,0,22,0.0016120848013088107,0
molecola_5566,23,0,23,0.0004932769224978983,0
molecola_5566,24,0,24,0.0007124927942641079,0
molecola_5566,25,0,25,0.00043994022416882217,0
molecola_5662,1,0,1,0.0038209191989153624,0
molecola_5662,2,0,2,0.0018458825070410967,0
molecola_5662,3,1,3,0.01486554928123951,0
molecola_5662,4,1,4,0.4233544170856476,0
molecola_5662,5,1,5,0.2501541078090668,0
molecola_5662,6,1,6,0.9518132209777832,1
molecola_5662,7,0,7,0.5061129927635193,1
molecola_5662,8,1,8,0.9687708616256714,1
molecola_5662,9,1,9,0.20179009437561035,0
molecola_5662,10,0,10,0.10178709030151367,0
molecola_5662,11,0,11,0.005057113710790873,0
molecola_5662,12,0,12,0.0038209191989153624,0
molecola_5732,1,0,1,0.0013890715781599283,0
molecola_5732,2,0,2,0.001214322168380022,0
molecola_5732,3,0,3,0.0004566290008369833,0
molecola_5732,4,0,4,0.0004566290008369833,0
molecola_5732,5,0,5,0.0002576264087110758,0
molecola_5732,6,0,6,0.0003932346880901605,0
molecola_5732,7,0,7,0.0004411725967656821,0
molecola_5732,8,0,8,0.0003738205414265394,0
molecola_5732,9,0,9,0.0004411725967656821,0
molecola_5732,10,0,10,0.0003932346880901605,0
molecola_5732,11,0,11,0.0022251287009567022,0
molecola_5732,12,0,12,0.0012861473951488733,0
molecola_5732,13,0,13,0.0012861473951488733,0
molecola_5732,14,0,14,0.12807534635066986,0
molecola_5732,15,0,15,0.0020557784009724855,0
molecola_5732,16,0,16,0.007296921219676733,0
molecola_5732,17,0,17,0.18403132259845734,0
molecola_5732,18,0,18,0.20514369010925293,0
molecola_5732,19,1,19,0.978015124797821,1
molecola_5732,20,0,20,0.13711555302143097,0
molecola_5732,21,0,21,0.0022869305685162544,0
molecola_5732,22,0,22,0.00034263869747519493,0
molecola_5732,23,0,23,0.002013938734307885,0
molecola_5732,24,0,24,0.0008949638577178121,0
molecola_5732,25,0,25,0.0014886282151564956,0
molecola_5760,1,0,1,0.022877754643559456,0
molecola_5760,2,1,2,0.9642663598060608,1
molecola_5760,3,0,3,0.022877754643559456,0
molecola_5760,4,1,4,0.9724022746086121,1
molecola_5760,5,0,5,0.003363816998898983,0
molecola_5760,6,0,6,0.0015500587178394198,0
molecola_5760,7,0,7,0.0031555206514894962,0
molecola_5760,8,0,8,0.036854393780231476,0
molecola_5760,9,0,9,0.11617019772529602,0
molecola_5760,10,0,10,0.011093352921307087,0
molecola_5760,11,0,11,0.015405062586069107,0
molecola_5760,12,0,12,0.03485981002449989,0
molecola_5760,13,0,13,0.03757261857390404,0
molecola_5760,14,0,14,0.012517884373664856,0
molecola_5760,15,0,15,0.0012821502750739455,0
molecola_5760,16,0,16,0.000529599841684103,0
molecola_5760,17,0,17,0.0005643903277814388,0
molecola_5760,18,0,18,0.00044542556861415505,0
molecola_5760,19,0,19,0.0004252912476658821,0
molecola_5913,1,0,1,0.008146213367581367,0
molecola_5913,2,0,2,0.0020694711711257696,0
molecola_5913,3,0,3,0.001203632215037942,0
molecola_5913,4,0,4,0.07397609204053879,0
molecola_5913,5,0,5,0.10172881931066513,0
molecola_5913,6,0,6,0.09439931064844131,0
molecola_5913,7,0,7,0.0014833847526460886,0
molecola_5913,8,0,8,0.0003868573403451592,0
molecola_5913,9,0,9,0.0007953376625664532,0
molecola_5913,10,0,10,0.6178470849990845,1
molecola_5913,11,0,11,0.0007974101463332772,0
molecola_5913,12,0,12,0.0011902155820280313,0
molecola_5913,13,0,13,0.029859311878681183,0
molecola_5913,14,0,14,0.0016935702878981829,0
molecola_5913,15,0,15,0.0042307497933506966,0
molecola_5913,16,0,16,0.002415151335299015,0
molecola_5913,17,0,17,0.008701181970536709,0
molecola_5913,18,0,18,0.05244436115026474,0
molecola_5913,19,0,19,0.026731573045253754,0
molecola_5913,20,0,20,0.1205454021692276,0
molecola_5913,21,0,21,0.10239224135875702,0
molecola_5913,22,1,22,0.9743192195892334,1
molecola_5934,1,0,1,0.10178085416555405,0
molecola_5934,2,0,2,0.009127771481871605,0
molecola_5934,3,0,3,0.003463222412392497,0
molecola_5934,4,0,4,0.0021440580021589994,0
molecola_5934,5,0,5,0.00034470148966647685,0
molecola_5934,6,0,6,0.000536883482709527,0
molecola_5934,7,0,7,0.00043283277773298323,0
molecola_5934,8,0,8,0.000449050625320524,0
molecola_5934,9,0,9,0.0032536417711526155,0
molecola_5934,10,0,10,0.5917623043060303,1
molecola_5934,11,1,11,0.9253515601158142,1
molecola_5934,12,1,12,0.9544839262962341,1
molecola_5934,13,0,13,0.4492417275905609,0
molecola_5934,14,0,14,0.02941574528813362,0
molecola_6063,1,0,1,0.0637151226401329,0
molecola_6063,2,0,2,0.05214790999889374,0
molecola_6063,3,0,3,0.10102631151676178,0
molecola_6063,4,0,4,0.023825766518712044,0
molecola_6063,5,0,5,0.001959369983524084,0
molecola_6063,6,0,6,0.003139788517728448,0
molecola_6063,7,0,7,0.0014096649829298258,0
molecola_6063,8,0,8,0.0016526394756510854,0
molecola_6063,9,0,9,0.0007040720665827394,0
molecola_6063,10,0,10,0.0006941364263184369,0
molecola_6063,11,0,11,0.0005497340462170541,0
molecola_6063,12,0,12,0.0006941364263184369,0
molecola_6063,13,0,13,0.0007040724158287048,0
molecola_6063,14,0,14,0.0003566337109077722,0
molecola_6063,15,0,15,0.0005924117285758257,0
molecola_6063,16,0,16,0.0007567215943709016,0
molecola_6063,17,0,17,0.0006720680394209921,0
molecola_6063,18,0,18,0.0008688179077580571,0
molecola_6063,19,0,19,0.00035494458279572427,0
molecola_6063,20,0,20,0.0008027552976273,0
molecola_6063,21,0,21,0.0035365112125873566,0
molecola_6063,22,0,22,0.06416652351617813,0
molecola_6063,23,0,23,0.0035365112125873566,0
molecola_6063,24,0,24,0.0008027552976273,0
molecola_6063,25,1,25,0.9933915138244629,1
molecola_6063,26,1,26,0.9570689797401428,1
molecola_6063,27,1,27,0.9570689797401428,1
molecola_6063,28,0,28,0.001959369983524084,0
molecola_6063,29,0,29,0.023825766518712044,0
molecola_6063,30,0,30,0.10102631151676178,0
molecola_6063,31,0,31,0.05214790999889374,0
molecola_6063,32,0,32,0.0637151226401329,0
molecola_6063,33,0,33,0.0033607971854507923,0
molecola_6063,34,0,34,0.0030839855317026377,0
molecola_6063,35,0,35,0.004443877376616001,0
molecola_6063,36,0,36,0.005288036540150642,0
molecola_6063,37,0,37,0.0017826621187850833,0
molecola_6063,38,0,38,0.0007025700178928673,0
molecola_6063,39,0,39,0.005288036540150642,0
molecola_6063,40,0,40,0.004443877376616001,0
molecola_6095,1,1,1,0.9084057211875916,1
molecola_6095,2,1,2,0.9882860779762268,1
molecola_6095,3,1,3,0.9084057211875916,1
molecola_6095,4,1,4,0.8526202440261841,1
molecola_6095,5,0,5,0.012871167622506618,0
molecola_6095,6,0,6,0.010305148549377918,0
molecola_6095,7,0,7,0.012011701241135597,0
molecola_6095,8,0,8,0.017003241926431656,0
molecola_6095,9,0,9,0.06800833344459534,0
molecola_6095,10,0,10,0.12146472930908203,0
molecola_6095,11,0,11,0.17017027735710144,0
molecola_6095,12,0,12,0.018071729689836502,0
molecola_6095,13,0,13,0.0020162255968898535,0
molecola_6095,14,0,14,0.0045591057278215885,0
molecola_6095,15,0,15,0.0020955856889486313,0
molecola_6095,16,0,16,0.015918584540486336,0
molecola_6095,17,0,17,0.04862910509109497,0
molecola_6095,18,0,18,0.009163944981992245,0
molecola_6095,19,0,19,0.0002933884970843792,0
molecola_6095,20,0,20,0.0002580179716460407,0
molecola_6212,1,1,1,0.9654849171638489,1
molecola_6212,2,0,2,0.14870208501815796,0
molecola_6212,3,0,3,0.11819538474082947,0
molecola_6212,4,0,4,0.023946242406964302,0
molecola_6212,5,0,5,0.004823748487979174,0
molecola_6212,6,0,6,0.0009513004333712161,0
molecola_6212,7,0,7,0.004823750350624323,0
molecola_6212,8,0,8,0.11819536983966827,0
molecola_6212,9,0,9,0.023946236819028854,0
molecola_6212,10,0,10,0.0004299924767110497,0
molecola_6212,11,0,11,0.0003344692231621593,0
molecola_6212,12,0,12,0.00042894648504443467,0
molecola_6212,13,0,13,0.00039445923175662756,0
molecola_6212,14,0,14,0.0005077527021057904,0
molecola_6212,15,0,15,0.00039087075856514275,0
molecola_6212,16,0,16,0.00039087075856514275,0
molecola_6212,17,0,17,0.00028082210337743163,0
molecola_6212,18,0,18,0.0026697220746427774,0
molecola_6212,19,0,19,0.015940606594085693,0
molecola_6212,20,0,20,0.01624399796128273,0
molecola_6212,21,0,21,0.004414782393723726,0
molecola_6212,22,0,22,0.00030881259590387344,0
molecola_6290,1,1,1,0.6056302785873413,1
molecola_6290,2,1,2,0.5540027022361755,1
molecola_6290,3,1,3,0.6029413938522339,1
molecola_6290,4,0,4,0.010409841313958168,0
molecola_6290,5,0,5,0.02270163595676422,0
molecola_6290,6,0,6,0.12283717840909958,0
molecola_6290,7,0,7,0.1364150196313858,0
molecola_6290,8,0,8,0.10431328415870667,0
molecola_6290,9,1,9,0.4481099843978882,0
molecola_6290,10,1,10,0.3899097144603729,0
molecola_6290,11,1,11,0.5552456974983215,1
molecola_6290,12,1,12,0.07814261317253113,0
molecola_6290,13,0,13,0.6232155561447144,1
molecola_6290,14,0,14,0.0007960796356201172,0
molecola_6290,15,0,15,0.0004872146528214216,0
molecola_6290,16,0,16,0.0023304782807826996,0
molecola_6290,17,0,17,0.013099739328026772,0
molecola_6290,18,0,18,0.01334384921938181,0
molecola_6290,19,0,19,0.010690297931432724,0
molecola_6290,20,0,20,0.0008591801160946488,0
molecola_6290,21,0,21,0.001786844222806394,0
molecola_6290,22,0,22,0.004002231638878584,0
molecola_6290,23,0,23,0.005250290036201477,0
molecola_6290,24,0,24,0.0017807488329708576,0
molecola_6290,25,0,25,0.0007025700178928673,0
molecola_6290,26,0,26,0.005250290036201477,0
molecola_6290,27,0,27,0.004002231638878584,0
molecola_6417,1,0,1,0.0010024860966950655,0
molecola_6417,2,0,2,0.00041369214886799455,0
molecola_6417,3,0,3,0.0011289432877674699,0
molecola_6417,4,0,4,0.0005526142776943743,0
molecola_6417,5,0,5,0.0005526142776943743,0
molecola_6417,6,0,6,0.0003840492863673717,0
molecola_6417,7,0,7,0.0004363426996860653,0
molecola_6417,8,0,8,0.000481573079014197,0
molecola_6417,9,0,9,0.0005423097754828632,0
molecola_6417,10,0,10,0.006963386200368404,0
molecola_6417,11,0,11,0.008499817922711372,0
molecola_6417,12,0,12,0.0007178005762398243,0
molecola_6417,13,0,13,0.0007684709271416068,0
molecola_6417,14,0,14,0.022120699286460876,0
molecola_6417,15,0,15,0.0007808197406120598,0
molecola_6417,16,0,16,0.0007680905400775373,0
molecola_6417,17,0,17,0.0007399782771244645,0
molecola_6417,18,0,18,0.00027238900656811893,0
molecola_6417,19,0,19,0.009342177771031857,0
molecola_6417,20,0,20,0.0014259930467233062,0
molecola_6417,21,0,21,0.016428261995315552,0
molecola_6417,22,0,22,0.010013778693974018,0
molecola_6417,23,0,23,0.019734274595975876,0
molecola_6417,24,0,24,0.013228441588580608,0
molecola_6417,25,0,25,0.06116294860839844,0
molecola_6417,26,0,26,0.05266305431723595,0
molecola_6417,27,0,27,0.006528378929942846,0
molecola_6417,28,0,28,0.0018940955633297563,0
molecola_6417,29,1,29,0.97844398021698,1
molecola_6417,30,1,30,0.979965090751648,1
molecola_6422,1,0,1,0.001895290333777666,0
molecola_6422,2,0,2,0.0006727829459123313,0
molecola_6422,3,0,3,0.007082508876919746,0
molecola_6422,4,0,4,0.018117081373929977,0
molecola_6422,5,0,5,0.000929334491956979,0
molecola_6422,6,0,6,0.002718680538237095,0
molecola_6422,7,0,7,0.0027175662107765675,0
molecola_6422,8,0,8,0.1436259150505066,0
molecola_6422,9,0,9,0.2887515425682068,0
molecola_6422,10,0,10,0.22885632514953613,0
molecola_6422,11,0,11,0.05243057385087013,0
molecola_6422,12,1,12,0.9169960021972656,1
molecola_6422,13,0,13,0.0008421133388765156,0
molecola_6422,14,0,14,0.0003512686234898865,0
molecola_6422,15,0,15,0.001177521189674735,0
molecola_6422,16,0,16,0.001743463333696127,0
molecola_6422,17,0,17,0.0035531860776245594,0
molecola_6422,18,0,18,0.032684799283742905,0
molecola_6422,19,0,19,0.3807932138442993,0
molecola_6422,20,0,20,0.3161160945892334,0
molecola_6422,21,0,21,0.25118187069892883,0
molecola_6422,22,0,22,0.0024286394473165274,0
molecola_6422,23,0,23,0.0003724917187355459,0
molecola_6422,24,0,24,0.013774646446108818,0
molecola_6422,25,0,25,0.00775896804407239,0
molecola_6422,26,0,26,0.023634253069758415,0
molecola_6422,27,0,27,0.0027816907968372107,0
molecola_6422,28,0,28,0.00033554600668139756,0
molecola_6422,29,0,29,0.0017391167348250747,0
molecola_6422,30,0,30,0.007245724555104971,0
molecola_6422,31,0,31,0.015392966568470001,0
molecola_6422,32,0,32,0.007245724555104971,0
molecola_6422,33,0,33,0.0017391167348250747,0
molecola_6621,1,0,1,0.11893486231565475,0
molecola_6621,2,0,2,0.026227185502648354,0
molecola_6621,3,0,3,0.031686555594205856,0
molecola_6621,4,0,4,0.00225524278357625,0
molecola_6621,5,0,5,0.006877303123474121,0
molecola_6621,6,0,6,0.014198871329426765,0
molecola_6621,7,0,7,0.004618728533387184,0
molecola_6621,8,0,8,0.00833988655358553,0
molecola_6621,9,0,9,0.004973632283508778,0
molecola_6621,10,0,10,0.008065725676715374,0
molecola_6621,11,0,11,0.031193463131785393,0
molecola_6621,12,0,12,0.003991474397480488,0
molecola_6621,13,0,13,0.000521106761880219,0
molecola_6621,14,0,14,0.0004438792821019888,0
molecola_6621,15,0,15,0.0004649526090361178,0
molecola_6621,16,0,16,0.00045548673369921744,0
molecola_6621,17,0,17,0.0010848529636859894,0
molecola_6621,18,0,18,0.0014341890346258879,0
molecola_6621,19,0,19,0.0010848529636859894,0
molecola_6621,20,0,20,0.00045548673369921744,0
molecola_6621,21,0,21,0.001444112742319703,0
molecola_6621,22,0,22,0.010790658183395863,0
molecola_6621,23,0,23,0.04783334583044052,0
molecola_6621,24,0,24,0.0521642230451107,0
molecola_6621,25,0,25,0.031070973724126816,0
molecola_6621,26,0,26,0.034796036779880524,0
molecola_6621,27,1,27,0.9930148124694824,1
molecola_6621,28,1,28,0.9587883353233337,1
molecola_6621,29,1,29,0.9587883353233337,1
molecola_6621,30,0,30,0.011485264636576176,0
molecola_6621,31,0,31,0.006464356556534767,0
molecola_6621,32,0,32,0.020276494324207306,0
molecola_6621,33,0,33,0.28969159722328186,0
molecola_6621,34,0,34,0.2660655677318573,0
molecola_6621,35,0,35,0.26304730772972107,0
molecola_6621,36,0,36,0.04315117374062538,0
molecola_6621,37,0,37,0.00534784747287631,0
molecola_6621,38,0,38,0.01048668660223484,0
molecola_6621,39,0,39,0.009589120745658875,0
molecola_6687,1,0,1,0.14553003013134003,0
molecola_6687,2,0,2,0.008676400408148766,0
molecola_6687,3,0,3,0.02449611946940422,0
molecola_6687,4,0,4,0.00132032111287117,0
molecola_6687,5,0,5,0.0012227019760757685,0
molecola_6687,6,0,6,0.0010944141540676355,0
molecola_6687,7,0,7,0.0018806932494044304,0
molecola_6687,8,0,8,0.0034168423153460026,0
molecola_6687,9,0,9,0.007174429018050432,0
molecola_6687,10,0,10,0.004052772652357817,0
molecola_6687,11,0,11,0.010796777904033661,0
molecola_6687,12,0,12,0.0031239825766533613,0
molecola_6687,13,0,13,0.0281671192497015,0
molecola_6687,14,0,14,0.010799947194755077,0
molecola_6687,15,0,15,0.038626644760370255,0
molecola_6687,16,1,16,0.871008038520813,1
molecola_6687,17,0,17,0.03945329785346985,0
molecola_6687,18,0,18,0.08404510468244553,0
molecola_6687,19,0,19,0.23663730919361115,0
molecola_6687,20,0,20,0.06769081205129623,0
molecola_6687,21,0,21,0.12999488413333893,0
molecola_6687,22,0,22,0.35823607444763184,0
molecola_6687,23,0,23,0.36206328868865967,0
molecola_6687,24,0,24,0.3650505542755127,0
molecola_6687,25,0,25,0.14781707525253296,0
molecola_6687,26,0,26,0.16815614700317383,0
molecola_6687,27,0,27,0.007334621157497168,0
molecola_6687,28,0,28,0.004442289471626282,0
molecola_6687,29,0,29,0.003702066373080015,0
molecola_6687,30,0,30,0.01574818603694439,0
molecola_6687,31,0,31,0.5765891671180725,1
molecola_6687,32,0,32,0.005976173095405102,0
molecola_6687,33,0,33,0.04782615602016449,0
molecola_6687,34,0,34,0.04782615602016449,0
molecola_6687,35,0,35,0.011654549278318882,0
molecola_6687,36,0,36,0.07496053725481033,0
molecola_6687,37,1,37,0.9873933792114258,1
molecola_6687,38,0,38,0.9044772982597351,1
molecola_6687,39,1,39,0.9044772982597351,1
molecola_6728,1,0,1,0.010254383087158203,0
molecola_6728,2,0,2,0.00366032961755991,0
molecola_6728,3,0,3,0.004814470186829567,0
molecola_6728,4,0,4,0.1194349080324173,0
molecola_6728,5,0,5,0.07246080040931702,0
molecola_6728,6,0,6,0.07005102187395096,0
molecola_6728,7,0,7,0.0003798300458583981,0
molecola_6728,8,0,8,0.0012853489024564624,0
molecola_6728,9,0,9,0.000661373371258378,0
molecola_6728,10,0,10,0.00041696205153129995,0
molecola_6728,11,0,11,0.000381319725420326,0
molecola_6728,12,0,12,0.0015596315497532487,0
molecola_6728,13,0,13,0.000381319725420326,0
molecola_6728,14,0,14,0.00041696205153129995,0
molecola_6728,15,0,15,0.00146680255420506,0
molecola_6728,16,0,16,0.07197939604520798,0
molecola_6728,17,0,17,0.0010540250223129988,0
molecola_6728,18,0,18,0.0012047493364661932,0
molecola_6728,19,0,19,0.00039315427420660853,0
molecola_6728,20,0,20,0.009188956581056118,0
molecola_6728,21,0,21,0.008494672365486622,0
molecola_6728,22,0,22,0.0027824235148727894,0
molecola_6728,23,0,23,0.0006066845962777734,0
molecola_6728,24,0,24,0.3709857761859894,0
molecola_6728,25,1,25,0.8934136033058167,1
molecola_6728,26,1,26,0.9853063821792603,1
molecola_6728,27,0,27,0.8992539048194885,1
molecola_6728,28,1,28,0.8992539048194885,1
molecola_6728,29,0,29,0.001110597513616085,0
molecola_6728,30,0,30,0.0006412782240658998,0
molecola_6728,31,0,31,0.0010555463377386332,0
molecola_6728,32,0,32,0.00036723262746818364,0
molecola_6728,33,0,33,0.0034416900016367435,0
molecola_6728,34,0,34,0.0007698195404373109,0
molecola_6728,35,0,35,0.0016020493349060416,0
molecola_6728,36,0,36,0.001931792707182467,0
molecola_6728,37,0,37,0.008683612570166588,0
molecola_6728,38,0,38,0.00035543489502742887,0
molecola_6728,39,0,39,0.0004174267523922026,0
molecola_6728,40,0,40,0.0004174267523922026,0
molecola_6728,41,0,41,0.0004174267523922026,0
molecola_7124,1,0,1,0.00048741206410340965,0
molecola_7124,2,0,2,0.00038735943962819874,0
molecola_7124,3,0,3,0.00048741206410340965,0
molecola_7124,4,0,4,0.0026889953296631575,0
molecola_7124,5,0,5,0.0052054207772016525,0
molecola_7124,6,0,6,0.10233858972787857,0
molecola_7124,7,0,7,0.004620338324457407,0
molecola_7124,8,0,8,0.09498487412929535,0
molecola_7124,9,0,9,0.3576578199863434,0
molecola_7124,10,0,10,0.015505838207900524,0
molecola_7124,11,0,11,0.15195125341415405,0
molecola_7124,12,0,12,0.8320655822753906,1
molecola_7124,13,0,13,0.5291895270347595,1
molecola_7124,14,0,14,0.7404434084892273,1
molecola_7124,15,0,15,0.15610818564891815,0
molecola_7124,16,0,16,0.0057975854724645615,0
molecola_7124,17,0,17,0.7820443511009216,1
molecola_7124,18,0,18,0.07457564771175385,0
molecola_7124,19,1,19,0.9924403429031372,1
molecola_7124,20,0,20,0.7820443511009216,1
molecola_7124,21,0,21,0.0057975854724645615,0
molecola_7217,1,0,1,0.02957071177661419,0
molecola_7217,2,0,2,0.002817739499732852,0
molecola_7217,3,0,3,0.0014391264412552118,0
molecola_7217,4,0,4,0.0016997212078422308,0
molecola_7217,5,0,5,0.0005152099765837193,0
molecola_7217,6,0,6,0.00034484610660001636,0
molecola_7217,7,0,7,0.0005581782315857708,0
molecola_7217,8,0,8,0.0011075256625190377,0
molecola_7217,9,0,9,0.0013279729755595326,0
molecola_7217,10,0,10,0.0006433632806874812,0
molecola_7217,11,0,11,0.12002783268690109,0
molecola_7217,12,0,12,0.3268040418624878,0
molecola_7217,13,0,13,0.6843827366828918,1
molecola_7217,14,0,14,0.051625676453113556,0
molecola_7217,15,1,15,0.9165469408035278,1
molecola_7217,16,0,16,0.000984832877293229,0
molecola_7217,17,0,17,0.002176657784730196,0
molecola_7217,18,0,18,0.0005581782315857708,0
molecola_7217,19,0,19,0.00034484610660001636,0
molecola_7452,1,0,1,0.10142672806978226,0
molecola_7452,2,0,2,0.042052485048770905,0
molecola_7452,3,0,3,0.031244004145264626,0
molecola_7452,4,0,4,0.010781887918710709,0
molecola_7452,5,0,5,0.0039483970031142235,0
molecola_7452,6,0,6,0.0017379374476149678,0
molecola_7452,7,0,7,0.0008498621173202991,0
molecola_7452,8,0,8,0.36259031295776367,0
molecola_7452,9,0,9,0.8184831738471985,1
molecola_7452,10,0,10,0.9257110953330994,1
molecola_7452,11,0,11,0.9402328729629517,1
molecola_7452,12,0,12,0.8058939576148987,1
molecola_7452,13,0,13,0.8180261850357056,1
molecola_7452,14,0,14,0.09545114636421204,0
molecola_7452,15,0,15,0.0611671507358551,0
molecola_7452,16,0,16,0.1976168155670166,0
molecola_7452,17,1,17,0.974157452583313,1
molecola_7452,18,0,18,0.12492617964744568,0
molecola_7452,19,0,19,0.03359808772802353,0
molecola_7452,20,0,20,0.019503485411405563,0
molecola_7452,21,0,21,0.2544395625591278,0
molecola_7452,22,0,22,0.03558756038546562,0
molecola_7452,23,0,23,0.008104966022074223,0
molecola_7452,24,0,24,0.02058856002986431,0
molecola_7452,25,0,25,0.008359291590750217,0
molecola_7452,26,0,26,0.005223075859248638,0
molecola_7452,27,0,27,0.03597957640886307,0
molecola_7452,28,0,28,0.04682724550366402,0
molecola_7452,29,0,29,0.11102872341871262,0
molecola_7852,1,0,1,0.10156656056642532,0
molecola_7852,2,0,2,0.042294055223464966,0
molecola_7852,3,0,3,0.032909095287323,0
molecola_7852,4,0,4,0.0104745514690876,0
molecola_7852,5,0,5,0.003303076606243849,0
molecola_7852,6,0,6,0.0034443996846675873,0
molecola_7852,7,1,7,0.9039198160171509,1
molecola_7852,8,1,8,0.9874656796455383,1
molecola_7852,9,0,9,0.8991549611091614,1
molecola_7852,10,1,10,0.8991549611091614,1
molecola_7852,11,0,11,0.04727514833211899,0
molecola_7852,12,0,12,0.1857728809118271,0
molecola_7852,13,0,13,0.3012826442718506,0
molecola_7852,14,0,14,0.1202189177274704,0
molecola_7852,15,0,15,0.0009811228374019265,0
molecola_7852,16,0,16,0.0021458144765347242,0
molecola_7852,17,0,17,0.004296516999602318,0
molecola_7852,18,0,18,0.0006910987431183457,0
molecola_7852,19,0,19,0.02299346961081028,0
molecola_7852,20,0,20,0.0006931874668225646,0
molecola_7852,21,0,21,0.0007709493511356413,0
molecola_7852,22,0,22,0.010675244964659214,0
molecola_7852,23,0,23,0.00559491291642189,0
molecola_7852,24,0,24,0.00559491291642189,0
molecola_7852,25,0,25,0.00559491291642189,0
molecola_7852,26,0,26,0.0006149834371171892,0
molecola_7852,27,0,27,0.0003535643045324832,0
molecola_7852,28,0,28,0.001648052129894495,0
molecola_7852,29,0,29,0.009772924706339836,0
molecola_7852,30,0,30,0.0015150828985497355,0
molecola_7852,31,0,31,0.0014092286583036184,0
molecola_7852,32,0,32,0.0009326861472800374,0
molecola_7852,33,0,33,0.0009326861472800374,0
molecola_7852,34,0,34,0.0009326861472800374,0
molecola_7938,1,0,1,0.00258995802141726,0
molecola_7938,2,0,2,0.001106601906940341,0
molecola_7938,3,0,3,0.005940367933362722,0
molecola_7938,4,0,4,0.006458953022956848,0
molecola_7938,5,0,5,0.005940367933362722,0
molecola_7938,6,0,6,0.001106601906940341,0
molecola_7938,7,0,7,0.00258995802141726,0
molecola_7938,8,0,8,0.0022073404397815466,0
molecola_7938,9,0,9,0.0020262578036636114,0
molecola_7938,10,0,10,0.7001285552978516,1
molecola_7938,11,0,11,0.016032252460718155,0
molecola_7938,12,0,12,0.0008506260346621275,0
molecola_7938,13,0,13,0.000633428106084466,0
molecola_7938,14,0,14,0.0018041537841781974,0
molecola_7938,15,0,15,0.0006641456275247037,0
molecola_7938,16,0,16,0.007638410199433565,0
molecola_7938,17,0,17,0.02335687167942524,0
molecola_7938,18,0,18,0.021760430186986923,0
molecola_7938,19,0,19,0.10370294004678726,0
molecola_7938,20,0,20,0.00474697258323431,0
molecola_7938,21,0,21,0.0026435242034494877,0
molecola_7938,22,0,22,0.0008030281169340014,0
molecola_7938,23,0,23,0.0007941955700516701,0
molecola_7938,24,0,24,0.08291372656822205,0
molecola_7938,25,0,25,0.00904905330389738,0
molecola_7938,26,1,26,0.9655823707580566,1
molecola_7938,27,1,27,0.9748914837837219,1
molecola_8238,1,0,1,0.0008722839993424714,0
molecola_8238,2,0,2,0.0004410756519064307,0
molecola_8238,3,0,3,0.006016810890287161,0
molecola_8238,4,0,4,0.0004410756519064307,0
molecola_8238,5,0,5,0.0008722839993424714,0
molecola_8238,6,0,6,0.0017464460106566548,0
molecola_8238,7,0,7,0.0006327055743895471,0
molecola_8238,8,0,8,0.216826394200325,0
molecola_8238,9,0,9,0.0007152198231779039,0
molecola_8238,10,0,10,0.0007938648923300207,0
molecola_8238,11,0,11,0.0011550087947398424,0
molecola_8238,12,0,12,0.0010755177354440093,0
molecola_8238,13,0,13,0.0007713207742199302,0
molecola_8238,14,0,14,0.000595695455558598,0
molecola_8238,15,0,15,0.012555752880871296,0
molecola_8238,16,0,16,0.2511328160762787,0
molecola_8238,17,1,17,0.9433536529541016,1
molecola_8238,18,0,18,0.0007503825472667813,0
molecola_8238,19,0,19,0.001164764747954905,0
molecola_8238,20,0,20,0.0013474943116307259,0
molecola_8238,21,0,21,0.006849405821412802,0
molecola_8354,1,1,1,0.9746342897415161,1
molecola_8354,2,0,2,0.11342646926641464,0
molecola_8354,3,0,3,0.05427195876836777,0
molecola_8354,4,0,4,0.0003976888256147504,0
molecola_8354,5,0,5,0.0010141655802726746,0
molecola_8354,6,0,6,0.006429536733776331,0
molecola_8354,7,0,7,0.12780490517616272,0
molecola_8354,8,0,8,0.029351092875003815,0
molecola_8354,9,0,9,0.000688235042616725,0
molecola_8354,10,0,10,0.0004039372142869979,0
molecola_8354,11,0,11,0.0007383616757579148,0
molecola_8354,12,0,12,0.001083891256712377,0
molecola_8354,13,0,13,0.0006759858224540949,0
molecola_8354,14,0,14,0.0004305811016820371,0
molecola_8354,15,0,15,0.0005216865101829171,0
molecola_8354,16,0,16,0.008666001260280609,0
molecola_8354,17,0,17,0.010158432647585869,0
molecola_8354,18,0,18,0.016507340595126152,0
molecola_8354,19,0,19,0.012398507446050644,0
molecola_8354,20,0,20,0.13230657577514648,0
molecola_8354,21,0,21,0.1470041573047638,0
molecola_8354,22,0,22,0.2264869660139084,0
molecola_8354,23,0,23,0.02298145368695259,0
molecola_8354,24,0,24,0.0025998607743531466,0
molecola_8354,25,0,25,0.0007383616757579148,0
molecola_8354,26,0,26,0.0004039372142869979,0
molecola_8361,1,0,1,0.07446714490652084,0
molecola_8361,2,0,2,0.28358379006385803,0
molecola_8361,3,0,3,0.17146743834018707,0
molecola_8361,4,0,4,0.17692840099334717,0
molecola_8361,5,0,5,0.007476361934095621,0
molecola_8361,6,0,6,0.0017259207088500261,0
molecola_8361,7,0,7,0.015389954671263695,0
molecola_8361,8,0,8,0.0005493373028002679,0
molecola_8361,9,0,9,0.4214956760406494,0
molecola_8361,10,0,10,0.8213109970092773,1
molecola_8361,11,1,11,0.9814541935920715,1
molecola_8361,12,0,12,0.9002645015716553,1
molecola_8361,13,1,13,0.9002645015716553,1
molecola_8361,14,0,14,0.024910613894462585,0
molecola_8361,15,0,15,0.09787213057279587,0
molecola_8361,16,0,16,0.0594332180917263,0
molecola_8361,17,0,17,0.07930587977170944,0
molecola_8361,18,0,18,0.3506896197795868,0
molecola_8361,19,0,19,0.1738343983888626,0
molecola_8361,20,0,20,0.9905216693878174,1
molecola_837,1,0,1,0.0005069320322945714,0
molecola_837,2,0,2,0.017087191343307495,0
molecola_837,3,0,3,0.0005069320322945714,0
molecola_837,4,0,4,0.0005032269400544465,0
molecola_837,5,0,5,0.0005340396310202777,0
molecola_837,6,0,6,0.0004352001124061644,0
molecola_837,7,0,7,0.0003867732884828001,0
molecola_837,8,0,8,0.0008304176153615117,0
molecola_837,9,0,9,0.002621100749820471,0
molecola_837,10,0,10,0.13457262516021729,0
molecola_837,11,0,11,0.07824374735355377,0
molecola_837,12,0,12,0.08743589371442795,0
molecola_837,13,0,13,0.20537030696868896,0
molecola_837,14,1,14,0.978015124797821,1
molecola_837,15,0,15,0.13872328400611877,0
molecola_8382,1,0,1,0.0006916371057741344,0
molecola_8382,2,0,2,0.012557006441056728,0
molecola_8382,3,0,3,0.0008976220269687474,0
molecola_8382,4,0,4,0.0027411726769059896,0
molecola_8382,5,1,5,0.7820473909378052,1
molecola_8382,6,0,6,0.07457560300827026,0
molecola_8382,7,1,7,0.9924403429031372,1
molecola_8382,8,1,8,0.7820473909378052,1
molecola_8382,9,0,9,0.0027411726769059896,0
molecola_8382,10,0,10,0.0015998221933841705,0
molecola_8382,11,0,11,0.008006660267710686,0
molecola_8382,12,0,12,0.012998869642615318,0
molecola_8382,13,0,13,0.10294963419437408,0
molecola_8382,14,0,14,0.0064809308387339115,0
molecola_8382,15,0,15,0.0031787101179361343,0
molecola_8382,16,0,16,0.289836585521698,0
molecola_8382,17,0,17,0.26848986744880676,0
molecola_8382,18,0,18,0.2715398669242859,0
molecola_8382,19,0,19,0.0033060733694583178,0
molecola_8382,20,0,20,0.0005506008747033775,0
molecola_8564,1,0,1,0.02681531012058258,0
molecola_8564,2,0,2,0.004485058132559061,0
molecola_8564,3,0,3,0.0003831358044408262,0
molecola_8564,4,0,4,0.001055735512636602,0
molecola_8564,5,0,5,0.0004892770666629076,0
molecola_8564,6,0,6,0.0003599174087867141,0
molecola_8564,7,0,7,0.0006891158991493285,0
molecola_8564,8,0,8,0.0003821126592811197,0
molecola_8564,9,0,9,0.02405627816915512,0
molecola_8564,10,0,10,0.0004338698636274785,0
molecola_8564,11,0,11,0.0008722681668587029,0
molecola_8564,12,1,12,0.8069544434547424,1
molecola_8564,13,1,13,0.9238415956497192,1
molecola_8564,14,1,14,0.9364689588546753,1
molecola_8564,15,1,15,0.8100090622901917,1
molecola_8564,16,1,16,0.7997890114784241,1
molecola_8564,17,0,17,0.028484145179390907,0
molecola_8564,18,0,18,0.003682094858959317,0
molecola_8564,19,0,19,0.002985044615343213,0
molecola_8564,20,0,20,0.0005890712491236627,0
molecola_8564,21,0,21,0.002985044615343213,0
molecola_8564,22,0,22,0.003682094858959317,0
molecola_8564,23,0,23,0.0003093164414167404,0
molecola_8564,24,0,24,0.0012633523438125849,0
molecola_8576,1,0,1,0.0070501696318387985,0
molecola_8576,2,0,2,0.0025106645189225674,0
molecola_8576,3,0,3,0.001029698527418077,0
molecola_8576,4,0,4,0.0005773530574515462,0
molecola_8576,5,0,5,0.0016675718361511827,0
molecola_8576,6,0,6,0.003217217978090048,0
molecola_8576,7,0,7,0.0018068754579871893,0
molecola_8576,8,0,8,0.0007130345911718905,0
molecola_8576,9,0,9,0.0015128252562135458,0
molecola_8576,10,0,10,0.38770002126693726,0
molecola_8576,11,1,11,0.8246818780899048,1
molecola_8576,12,1,12,0.9812930226325989,1
molecola_8576,13,0,13,0.8983204364776611,1
molecola_8576,14,1,14,0.8983204364776611,1
molecola_8576,15,0,15,0.0011009139707311988,0
molecola_8576,16,0,16,0.002042268170043826,0
molecola_8576,17,0,17,0.002005795482546091,0
molecola_8576,18,0,18,0.001960192574188113,0
molecola_8576,19,0,19,0.006205177865922451,0
molecola_8576,20,0,20,0.005844946019351482,0
molecola_8576,21,0,21,0.003053037915378809,0
molecola_8576,22,0,22,0.005844946019351482,0
molecola_8576,23,0,23,0.006205177865922451,0
molecola_8576,24,0,24,0.03458092361688614,0
molecola_8576,25,0,25,0.022799115628004074,0
molecola_8576,26,0,26,0.029620232060551643,0
molecola_8576,27,0,27,0.03752428665757179,0
molecola_8576,28,0,28,0.023538725450634956,0
molecola_8576,29,0,29,0.000487632118165493,0
molecola_8576,30,0,30,0.0005779170896857977,0
molecola_8576,31,0,31,0.01613357476890087,0
molecola_8663,1,0,1,0.0030455971136689186,0
molecola_8663,2,0,2,0.023289499804377556,0
molecola_8663,3,0,3,0.018951842561364174,0
molecola_8663,4,1,4,0.9326337575912476,1
molecola_8663,5,1,5,0.9499849081039429,1
molecola_8663,6,0,6,0.3538360297679901,0
molecola_8663,7,0,7,0.39933839440345764,0
molecola_8663,8,0,8,0.0023949756287038326,0
molecola_8663,9,0,9,0.003147171577438712,0
molecola_8663,10,0,10,0.5082499384880066,1
molecola_8663,11,0,11,0.7784754037857056,1
molecola_8663,12,0,12,0.9077490568161011,1
molecola_8663,13,0,13,0.17742128670215607,0
molecola_8663,14,0,14,0.034012097865343094,0
molecola_8663,15,0,15,0.022357715293765068,0
molecola_8663,16,0,16,0.034038182348012924,0
molecola_8663,17,0,17,0.05271388590335846,0
molecola_8663,18,0,18,0.034038182348012924,0
molecola_8663,19,0,19,0.022357715293765068,0
molecola_8663,20,0,20,0.003607136895880103,0
molecola_8663,21,0,21,0.016636254265904427,0
molecola_8663,22,0,22,0.7079553604125977,1
molecola_8663,23,0,23,0.550682544708252,1
molecola_8663,24,1,24,0.6348084807395935,1
molecola_8663,25,0,25,0.6724077463150024,1
molecola_8663,26,0,26,0.6019259095191956,1
molecola_8663,27,1,27,0.8735335469245911,1
molecola_8663,28,0,28,0.7535973787307739,1
molecola_8663,29,0,29,0.6169574856758118,1
molecola_8663,30,0,30,0.6195968985557556,1
molecola_8663,31,0,31,0.6129383444786072,1
molecola_8663,32,0,32,0.5879900455474854,1
molecola_8663,33,0,33,0.6174077391624451,1
molecola_8663,34,0,34,0.586040198802948,1
molecola_8759,1,0,1,0.053092196583747864,0
molecola_8759,2,0,2,0.009109705686569214,0
molecola_8759,3,0,3,0.0014688363298773766,0
molecola_8759,4,0,4,0.001078995643183589,0
molecola_8759,5,0,5,0.0010385341010987759,0
molecola_8759,6,0,6,0.0010363094042986631,0
molecola_8759,7,0,7,0.0008624458569101989,0
molecola_8759,8,0,8,0.0004672748036682606,0
molecola_8759,9,0,9,0.0007145072449930012,0
molecola_8759,10,0,10,0.0003728503652382642,0
molecola_8759,11,0,11,0.00053618592210114,0
molecola_8759,12,0,12,0.00029032715247012675,0
molecola_8759,13,0,13,0.00031663666595704854,0
molecola_8759,14,0,14,0.0013292377116158605,0
molecola_8759,15,0,15,0.0031558433547616005,0
molecola_8759,16,1,16,0.9037238359451294,1
molecola_8759,17,1,17,0.9876757860183716,1
molecola_8759,18,0,18,0.8993431329727173,1
molecola_8759,19,1,19,0.8993431329727173,1
molecola_8759,20,0,20,0.0003786649613175541,0
molecola_8759,21,0,21,0.0017880259547382593,0
molecola_8759,22,0,22,0.0007545444532297552,0
molecola_8759,23,0,23,0.02339593693614006,0
molecola_8759,24,0,24,0.0006932630785740912,0
molecola_8759,25,0,25,0.0007709493511356413,0
molecola_8759,26,0,26,0.010675244964659214,0
molecola_8759,27,0,27,0.00559491291642189,0
molecola_8759,28,0,28,0.00559491291642189,0
molecola_8759,29,0,29,0.00559491291642189,0
molecola_8759,30,0,30,0.0003494808916002512,0
molecola_9028,1,0,1,0.0006083246553316712,0
molecola_9028,2,0,2,0.0005860214587301016,0
molecola_9028,3,0,3,0.000553242745809257,0
molecola_9028,4,0,4,0.0017530758632346988,0
molecola_9028,5,0,5,0.0010110957082360983,0
molecola_9028,6,0,6,0.0004612421034835279,0
molecola_9028,7,0,7,0.0003805110463872552,0
molecola_9028,8,0,8,0.000364044273737818,0
molecola_9028,9,0,9,0.0003155168960802257,0
molecola_9028,10,0,10,0.00037521010381169617,0
molecola_9028,11,0,11,0.00041126037831418216,0
molecola_9028,12,0,12,0.00033109801006503403,0
molecola_9028,13,0,13,0.0005055760848335922,0
molecola_9028,14,0,14,0.000386175699532032,0
molecola_9028,15,0,15,0.002060005906969309,0
molecola_9028,16,0,16,0.0019855296704918146,0
molecola_9028,17,0,17,0.002060005906969309,0
molecola_9028,18,0,18,0.000386175699532032,0
molecola_9028,19,0,19,0.26514706015586853,0
molecola_9028,20,0,20,0.028201764449477196,0
molecola_9028,21,0,21,0.04572441801428795,0
molecola_9028,22,0,22,0.18313467502593994,0
molecola_9028,23,0,23,0.17028118669986725,0
molecola_9028,24,1,24,0.9783999919891357,1
molecola_9028,25,0,25,0.1690446138381958,0
molecola_9028,26,0,26,0.05934353172779083,0
molecola_9028,27,0,27,0.04811815172433853,0
molecola_9028,28,0,28,0.000364044273737818,0
molecola_9028,29,0,29,0.0003805110463872552,0
molecola_9028,30,0,30,0.004751146305352449,0
molecola_9028,31,0,31,0.01594400219619274,0
molecola_9028,32,0,32,0.017142362892627716,0
molecola_9179,1,0,1,0.00283369910903275,0
molecola_9179,2,0,2,0.0006326392176561058,0
molecola_9179,3,0,3,0.00283369910903275,0
molecola_9179,4,0,4,0.00027670530835166574,0
molecola_9179,5,0,5,0.0003955816209781915,0
molecola_9179,6,0,6,0.000884020235389471,0
molecola_9179,7,0,7,0.01390564814209938,0
molecola_9179,8,0,8,0.001808806206099689,0
molecola_9179,9,0,9,0.0011213228572160006,0
molecola_9179,10,1,10,0.24464091658592224,0
molecola_9179,11,1,11,0.08546692878007889,0
molecola_9179,12,0,12,0.003125922754406929,0
molecola_9179,13,0,13,0.0007318610441870987,0
molecola_9179,14,0,14,0.0010151956230401993,0
molecola_9179,15,0,15,0.0002515611704438925,0
molecola_9179,16,0,16,0.0004677710821852088,0
molecola_9179,17,0,17,0.0003107482334598899,0
molecola_9179,18,0,18,0.0005030111060477793,0
molecola_9179,19,0,19,0.0003235626209061593,0
molecola_9179,20,0,20,0.021262293681502342,0
molecola_9179,21,0,21,0.001345228054560721,0
molecola_9179,22,0,22,0.001345228054560721,0
molecola_9179,23,0,23,0.00478333281353116,0
molecola_9179,24,1,24,0.987241268157959,1
molecola_9179,25,0,25,0.9073841571807861,1
molecola_9179,26,1,26,0.9073841571807861,1
molecola_9397,1,0,1,0.14959171414375305,0
molecola_9397,2,0,2,0.11898059397935867,0
molecola_9397,3,0,3,0.26569876074790955,0
molecola_9397,4,0,4,0.06526055186986923,0
molecola_9397,5,0,5,0.06611096113920212,0
molecola_9397,6,0,6,0.020034002140164375,0
molecola_9397,7,0,7,0.01097236666828394,0
molecola_9397,8,0,8,0.014702023938298225,0
molecola_9397,9,0,9,0.042035192251205444,0
molecola_9397,10,0,10,0.05201881751418114,0
molecola_9397,11,0,11,0.31717947125434875,0
molecola_9397,12,0,12,0.2743751108646393,0
molecola_9397,13,0,13,0.06377636641263962,0
molecola_9397,14,0,14,0.03626035898923874,0
molecola_9397,15,0,15,0.6652117967605591,1
molecola_9397,16,0,16,0.2247169017791748,0
molecola_9397,17,1,17,0.9908342957496643,1
molecola_9397,18,0,18,0.27345937490463257,0
molecola_9397,19,1,19,0.9750842452049255,1
molecola_9397,20,0,20,0.16671812534332275,0
molecola_9659,1,0,1,0.6982835531234741,1
molecola_9659,2,0,2,0.7094205617904663,1
molecola_9659,3,0,3,0.6572438478469849,1
molecola_9659,4,0,4,0.6525647044181824,1
molecola_9659,5,0,5,0.529405415058136,1
molecola_9659,6,0,6,0.6065678596496582,1
molecola_9659,7,0,7,0.17377887666225433,0
molecola_9659,8,0,8,0.3931559920310974,0
molecola_9659,9,0,9,0.6142826080322266,1
molecola_9659,10,1,10,0.9725695848464966,1
molecola_9659,11,1,11,0.9690941572189331,1
molecola_9659,12,1,12,0.9500318169593811,1
molecola_9659,13,1,13,0.9599191546440125,1
molecola_9659,14,0,14,0.039634548127651215,0
molecola_9659,15,0,15,0.25078314542770386,0
molecola_9659,16,0,16,0.1482831984758377,0
molecola_9659,17,0,17,0.0022137907799333334,0
molecola_9659,18,0,18,0.000297915015835315,0
molecola_9659,19,0,19,0.00036659633042290807,0
molecola_9659,20,0,20,0.00046313434722833335,0
molecola_9659,21,0,21,0.11370699107646942,0
molecola_9659,22,0,22,0.013343209400773048,0
molecola_9659,23,0,23,0.0057350704446434975,0
molecola_9659,24,0,24,0.024953383952379227,0
molecola_9659,25,0,25,0.00033988503855653107,0
molecola_9659,26,0,26,0.0005482672713696957,0
molecola_9659,27,0,27,0.0005482672713696957,0
molecola_9659,28,0,28,0.32085365056991577,0
molecola_9659,29,0,29,0.574338972568512,1
molecola_9659,30,0,30,0.19108939170837402,0
molecola_9659,31,0,31,0.04563459753990173,0
molecola_9659,32,0,32,0.022410083562135696,0
molecola_9659,33,0,33,0.034036584198474884,0
molecola_9659,34,0,34,0.05271388590335846,0
molecola_9659,35,0,35,0.034036584198474884,0
molecola_9659,36,0,36,0.022410083562135696,0
molecola_966,1,0,1,0.9190145134925842,1
molecola_966,2,0,2,0.022219454869627953,0
molecola_966,3,0,3,0.006865893956273794,0
molecola_966,4,0,4,0.005715060979127884,0
molecola_966,5,0,5,0.0025420549791306257,0
molecola_966,6,0,6,0.0007359254523180425,0
molecola_966,7,0,7,0.0007707315380685031,0
molecola_966,8,0,8,0.03396563604474068,0
molecola_966,9,0,9,0.0014665889320895076,0
molecola_966,10,0,10,0.00049921206664294,0
molecola_966,11,0,11,0.00047332141548395157,0
molecola_966,12,0,12,0.0003316799411550164,0
molecola_966,13,0,13,0.0007198628736659884,0
molecola_966,14,0,14,0.004182841628789902,0
molecola_966,15,0,15,0.0898786261677742,0
molecola_966,16,1,16,0.9850581884384155,1
molecola_966,17,0,17,0.6889644861221313,1
molecola_966,18,0,18,0.9320715665817261,1
molecola_966,19,0,19,0.9533517956733704,1
molecola_966,20,0,20,0.029056735336780548,0
molecola_966,21,0,21,0.016008591279387474,0
molecola_966,22,0,22,0.02663658931851387,0
molecola_966,23,0,23,0.04148134961724281,0
molecola_966,24,0,24,0.02663658931851387,0
molecola_966,25,0,25,0.016008591279387474,0
molecola_966,26,0,26,0.00047332141548395157,0
molecola_966,27,0,27,0.00049921206664294,0
molecola_966,28,0,28,0.07541072368621826,0
molecola_966,29,0,29,0.022234013304114342,0
molecola_9785,1,0,1,0.21578527987003326,0
molecola_9785,2,0,2,0.03549594432115555,0
molecola_9785,3,0,3,0.13219676911830902,0
molecola_9785,4,0,4,0.12254269421100616,0
molecola_9785,5,0,5,0.06757386028766632,0
molecola_9785,6,0,6,0.23476536571979523,0
molecola_9785,7,0,7,0.5515652894973755,1
molecola_9785,8,0,8,0.1314459592103958,0
molecola_9785,9,1,9,0.9907116293907166,1
molecola_9785,10,0,10,0.05555868148803711,0
molecola_9785,11,0,11,0.8077523112297058,1
molecola_9785,12,0,12,0.41376492381095886,0
molecola_9785,13,0,13,0.14559020102024078,0
molecola_9785,14,0,14,0.3244328200817108,0
molecola_9785,15,0,15,0.03533416986465454,0
molecola_9785,16,0,16,0.07401186972856522,0
molecola_9785,17,0,17,0.04015570133924484,0
molecola_9785,18,0,18,0.0064987195655703545,0
molecola_9785,19,0,19,0.01096258033066988,0
molecola_9785,20,0,20,0.06940333545207977,0
molecola_9785,21,0,21,0.08525720238685608,0
molecola_9785,22,0,22,0.052103832364082336,0
molecola_9785,23,0,23,0.02590186521410942,0
molecola_9794,1,0,1,0.0066633583046495914,0
molecola_9794,2,0,2,0.0008724132785573602,0
molecola_9794,3,0,3,0.0012933815596625209,0
molecola_9794,4,0,4,0.0025781693402677774,0
molecola_9794,5,0,5,0.01325377356261015,0
molecola_9794,6,1,6,0.9809457063674927,1
molecola_9794,7,1,7,0.9805487394332886,1
molecola_9794,8,0,8,0.004271932411938906,0
molecola_9794,9,0,9,0.0018196088494732976,0
molecola_9794,10,0,10,0.0003757936065085232,0
molecola_9794,11,0,11,0.0005825487314723432,0
molecola_9794,12,0,12,0.0009570226538926363,0
molecola_9794,13,0,13,0.0007084952667355537,0
molecola_9794,14,0,14,0.0003139410400763154,0
molecola_9794,15,0,15,0.00033070586505346,0
molecola_9794,16,0,16,0.000765280972700566,0
molecola_9950,1,0,1,0.00820658728480339,0
molecola_9950,2,0,2,0.0013139365473762155,0
molecola_9950,3,0,3,0.0010184155544266105,0
molecola_9950,4,0,4,0.0003700613451655954,0
molecola_9950,5,0,5,0.0013852218398824334,0
molecola_9950,6,0,6,0.0003700613451655954,0
molecola_9950,7,0,7,0.0010184155544266105,0
molecola_9950,8,0,8,0.001131338649429381,0
molecola_9950,9,0,9,0.08680389821529388,0
molecola_9950,10,0,10,0.0029470843728631735,0
molecola_9950,11,0,11,0.03251013904809952,0
molecola_9950,12,0,12,0.024180462583899498,0
molecola_9950,13,0,13,0.03261363506317139,0
molecola_9950,14,0,14,0.044954005628824234,0
molecola_9950,15,0,15,0.004073214251548052,0
molecola_9950,16,0,16,0.03525378927588463,0
molecola_9950,17,0,17,0.04197419062256813,0
molecola_9950,18,0,18,0.11905279010534286,0
molecola_9950,19,0,19,0.3698316812515259,0
molecola_9950,20,0,20,0.5917213559150696,1
molecola_9950,21,0,21,0.05398628115653992,0
molecola_9950,22,1,22,0.9911735653877258,1
molecola_9950,23,1,23,0.9528318643569946,1
molecola_9950,24,1,24,0.9528318643569946,1
molecola_9971,1,0,1,0.001204335712827742,0
molecola_9971,2,0,2,0.0031093661673367023,0
molecola_9971,3,1,3,0.9638992547988892,1
molecola_9971,4,1,4,0.9766092896461487,1
molecola_9971,5,0,5,0.0006089395028539002,0
molecola_9971,6,0,6,0.002546899486333132,0
molecola_9971,7,0,7,0.0007471783319488168,0
molecola_9971,8,0,8,0.0003529789682943374,0
molecola_9971,9,0,9,0.0009884099708870053,0
molecola_9971,10,0,10,0.0006220938521437347,0
molecola_9971,11,0,11,0.0005545784952118993,0
molecola_9971,12,0,12,0.0053099277429282665,0
molecola_9971,13,0,13,0.001457632053643465,0
molecola_9971,14,0,14,0.00347722927108407,0
molecola_9971,15,0,15,0.0008666962385177612,0
molecola_9971,16,1,16,0.046608611941337585,0
molecola_9971,17,0,17,0.07851289957761765,0
molecola_9971,18,0,18,0.017639843747019768,0
molecola_9971,19,0,19,0.013682854361832142,0
molecola_9971,20,1,20,0.7839341163635254,1
molecola_9971,21,0,21,0.0173193346709013,0
molecola_9971,22,0,22,0.0009671832085587084,0
molecola_9971,23,0,23,0.0004855365550611168,0
