molecola,indice_atomi,match,indice_atomo,probabilita,y_pred_prob
molecola_10070,1,1,1,0.8889262080192566,1
molecola_10070,2,1,2,0.9818921685218811,1
molecola_10070,3,1,3,0.8889262080192566,1
molecola_10070,4,1,4,0.8465929627418518,1
molecola_10070,5,0,5,0.5915359258651733,1
molecola_10070,6,0,6,0.21592232584953308,0
molecola_10070,7,0,7,0.01918485201895237,0
molecola_10070,8,0,8,0.011181563138961792,0
molecola_10070,9,0,9,0.01918485201895237,0
molecola_10070,10,0,10,0.21592232584953308,0
molecola_10070,11,0,11,0.006696256343275309,0
molecola_10070,12,0,12,0.009196882136166096,0
molecola_10070,13,0,13,0.0060339514166116714,0
molecola_10070,14,0,14,0.003961923997849226,0
molecola_10070,15,0,15,0.0060339514166116714,0
molecola_10070,16,0,16,0.009196882136166096,0
molecola_10070,17,0,17,0.02009447105228901,0
molecola_10070,18,0,18,0.015217128209769726,0
molecola_10070,19,0,19,0.02235502004623413,0
molecola_10070,20,0,20,0.01380789652466774,0
molecola_10070,21,0,21,0.06849532574415207,0
molecola_10070,22,0,22,0.011109334416687489,0
molecola_10070,23,0,23,0.010879116132855415,0
molecola_10070,24,0,24,0.002929310081526637,0
molecola_10070,25,0,25,0.0021681240759789944,0
molecola_10070,26,0,26,0.011033444665372372,0
molecola_10070,27,0,27,0.007658536080271006,0
molecola_10070,28,0,28,0.0017430599546059966,0
molecola_10070,29,0,29,0.0015315666096284986,0
molecola_10070,30,0,30,0.0015315666096284986,0
molecola_10070,31,0,31,0.0015315666096284986,0
molecola_10070,32,0,32,0.02187095768749714,0
molecola_10070,33,0,33,0.048339132219552994,0
molecola_10072,1,0,1,0.011016718111932278,0
molecola_10072,2,0,2,0.004766840487718582,0
molecola_10072,3,0,3,0.011016718111932278,0
molecola_10072,4,0,4,0.006610809825360775,0
molecola_10072,5,0,5,0.003480578539893031,0
molecola_10072,6,0,6,0.00228933640755713,0
molecola_10072,7,0,7,0.0017393451416864991,0
molecola_10072,8,0,8,0.0021067506168037653,0
molecola_10072,9,0,9,0.006876208819448948,0
molecola_10072,10,0,10,0.0016030784463509917,0
molecola_10072,11,0,11,0.02523091807961464,0
molecola_10072,12,0,12,0.2367013841867447,0
molecola_10072,13,0,13,0.09092339128255844,0
molecola_10072,14,1,14,0.9836392402648926,1
molecola_10072,15,0,15,0.018675656989216805,0
molecola_10072,16,0,16,0.0021815598011016846,0
molecola_1011,1,0,1,0.3357853293418884,0
molecola_1011,2,0,2,0.17367257177829742,0
molecola_1011,3,0,3,0.08905915170907974,0
molecola_1011,4,0,4,0.04108982905745506,0
molecola_1011,5,0,5,0.03474831208586693,0
molecola_1011,6,0,6,0.015720611438155174,0
molecola_1011,7,0,7,0.00433626351878047,0
molecola_1011,8,0,8,0.002132936380803585,0
molecola_1011,9,0,9,0.00433626351878047,0
molecola_1011,10,0,10,0.015720611438155174,0
molecola_1011,11,0,11,0.0018795683281496167,0
molecola_1011,12,0,12,0.0013765927869826555,0
molecola_1011,13,0,13,0.0028077997267246246,0
molecola_1011,14,0,14,0.011026104912161827,0
molecola_1011,15,0,15,0.011026104912161827,0
molecola_1011,16,0,16,0.03449733927845955,0
molecola_1011,17,0,17,0.0872158333659172,0
molecola_1011,18,0,18,0.07641370594501495,0
molecola_1011,19,0,19,0.04612744227051735,0
molecola_1011,20,0,20,0.021407542750239372,0
molecola_1011,21,0,21,0.00459857564419508,0
molecola_1011,22,0,22,0.00368212116882205,0
molecola_1011,23,0,23,0.0021754009649157524,0
molecola_1011,24,0,24,0.0015544979833066463,0
molecola_1011,25,0,25,0.0019978799391537905,0
molecola_1011,26,0,26,0.0017215728294104338,0
molecola_1011,27,0,27,0.01535041444003582,0
molecola_1011,28,0,28,0.03508549556136131,0
molecola_1011,29,0,29,0.012671038508415222,0
molecola_1011,30,1,30,0.9641265869140625,1
molecola_1011,31,1,31,0.973116397857666,1
molecola_1011,32,0,32,0.001712872995994985,0
molecola_1011,33,0,33,0.0016985104884952307,0
molecola_1011,34,0,34,0.002640616614371538,0
molecola_10213,1,1,1,0.9281726479530334,1
molecola_10213,2,0,2,0.049730729311704636,0
molecola_10213,3,0,3,0.1210089847445488,0
molecola_10213,4,0,4,0.09387583285570145,0
molecola_10213,5,0,5,0.024093754589557648,0
molecola_10213,6,0,6,0.0160260871052742,0
molecola_10213,7,0,7,0.00283917598426342,0
molecola_10213,8,0,8,0.002173392800614238,0
molecola_10213,9,0,9,0.005363003350794315,0
molecola_10213,10,0,10,0.007605520077049732,0
molecola_10213,11,0,11,0.019587451592087746,0
molecola_10213,12,0,12,0.002474001841619611,0
molecola_10213,13,0,13,0.0018109694356098771,0
molecola_10213,14,0,14,0.0018401843262836337,0
molecola_10213,15,0,15,0.015260698273777962,0
molecola_10213,16,0,16,0.09357979148626328,0
molecola_10213,17,0,17,0.09368763864040375,0
molecola_10213,18,0,18,0.01519923098385334,0
molecola_10213,19,0,19,0.0019449957180768251,0
molecola_10351,1,0,1,0.136403426527977,0
molecola_10351,2,0,2,0.053005151450634,0
molecola_10351,3,0,3,0.03629269823431969,0
molecola_10351,4,0,4,0.17401966452598572,0
molecola_10351,5,0,5,0.019207987934350967,0
molecola_10351,6,0,6,0.021680057048797607,0
molecola_10351,7,0,7,0.11567499488592148,0
molecola_10351,8,0,8,0.012712321244180202,0
molecola_10351,9,0,9,0.10602087527513504,0
molecola_10351,10,1,10,0.9752061367034912,1
molecola_10351,11,0,11,0.10143867880105972,0
molecola_10351,12,0,12,0.0275292806327343,0
molecola_10351,13,0,13,0.00625961646437645,0
molecola_10351,14,0,14,0.00872848927974701,0
molecola_10351,15,0,15,0.002763771452009678,0
molecola_10382,1,0,1,0.07970485091209412,0
molecola_10382,2,1,2,0.702366292476654,1
molecola_10382,3,0,3,0.006577963940799236,0
molecola_10382,4,0,4,0.007572004105895758,0
molecola_10382,5,0,5,0.0041275182738900185,0
molecola_10382,6,0,6,0.0035924518015235662,0
molecola_10382,7,0,7,0.0034580312203615904,0
molecola_10382,8,0,8,0.0035924518015235662,0
molecola_10382,9,0,9,0.0041275182738900185,0
molecola_10382,10,0,10,0.019333353266119957,0
molecola_10382,11,0,11,0.003748544491827488,0
molecola_10382,12,0,12,0.004258899949491024,0
molecola_10382,13,0,13,0.014131744392216206,0
molecola_10382,14,0,14,0.03155512735247612,0
molecola_10382,15,0,15,0.008136722259223461,0
molecola_10382,16,0,16,0.0061727347783744335,0
molecola_10382,17,0,17,0.019066989421844482,0
molecola_10382,18,0,18,0.09077967703342438,0
molecola_10382,19,0,19,0.21065083146095276,0
molecola_10382,20,0,20,0.05677648261189461,0
molecola_10382,21,0,21,0.8339947462081909,1
molecola_10382,22,0,22,0.0038557627703994513,0
molecola_10382,23,0,23,0.004113168455660343,0
molecola_10382,24,0,24,0.003516619326546788,0
molecola_10382,25,0,25,0.003200680250301957,0
molecola_10382,26,0,26,0.003516619326546788,0
molecola_10382,27,0,27,0.004113168455660343,0
molecola_10382,28,0,28,0.004682642873376608,0
molecola_10382,29,0,29,0.001613635802641511,0
molecola_10382,30,0,30,0.001613635802641511,0
molecola_10382,31,0,31,0.0025756165850907564,0
molecola_10382,32,0,32,0.003363770665600896,0
molecola_10382,33,0,33,0.003363770665600896,0
molecola_10565,1,1,1,0.889034628868103,1
molecola_10565,2,1,2,0.9814711213111877,1
molecola_10565,3,0,3,0.889034628868103,1
molecola_10565,4,0,4,0.8664515614509583,1
molecola_10565,5,0,5,0.11789613217115402,0
molecola_10565,6,0,6,0.023089125752449036,0
molecola_10565,7,0,7,0.04091019928455353,0
molecola_10565,8,0,8,0.03720691055059433,0
molecola_10565,9,0,9,0.022560814395546913,0
molecola_10565,10,0,10,0.014702633023262024,0
molecola_10565,11,0,11,0.00288600567728281,0
molecola_10565,12,0,12,0.008470272645354271,0
molecola_10565,13,0,13,0.012534688226878643,0
molecola_10565,14,0,14,0.012261448428034782,0
molecola_10565,15,0,15,0.0033724813256412745,0
molecola_10565,16,0,16,0.004929373040795326,0
molecola_10565,17,0,17,0.011566771194338799,0
molecola_10565,18,0,18,0.011566771194338799,0
molecola_10565,19,0,19,0.004810804966837168,0
molecola_10565,20,0,20,0.043866321444511414,0
molecola_10565,21,0,21,0.11806352436542511,0
molecola_10565,22,0,22,0.11004621535539627,0
molecola_10565,23,0,23,0.056482765823602676,0
molecola_10565,24,0,24,0.0031126150861382484,0
molecola_10669,1,0,1,0.0021253018639981747,0
molecola_10669,2,0,2,0.005300059448927641,0
molecola_10669,3,0,3,0.002281488385051489,0
molecola_10669,4,0,4,0.002281488385051489,0
molecola_10669,5,0,5,0.004925202112644911,0
molecola_10669,6,0,6,0.006497589405626059,0
molecola_10669,7,0,7,0.034035574644804,0
molecola_10669,8,0,8,0.008103962056338787,0
molecola_10669,9,0,9,0.021429605782032013,0
molecola_10669,10,0,10,0.03633652254939079,0
molecola_10669,11,0,11,0.03642093390226364,0
molecola_10669,12,0,12,0.03890855982899666,0
molecola_10669,13,0,13,0.02183816023170948,0
molecola_10669,14,0,14,0.013177652843296528,0
molecola_10669,15,0,15,0.012446412816643715,0
molecola_10669,16,0,16,0.019331086426973343,0
molecola_10669,17,0,17,0.003949598874896765,0
molecola_10669,18,0,18,0.014516848139464855,0
molecola_10669,19,0,19,0.012271079234778881,0
molecola_10669,20,0,20,0.036459729075431824,0
molecola_10669,21,0,21,0.012271079234778881,0
molecola_10669,22,0,22,0.014516848139464855,0
molecola_10669,23,0,23,0.025384893640875816,0
molecola_10669,24,0,24,0.03178251162171364,0
molecola_10669,25,0,25,0.024118337780237198,0
molecola_10669,26,0,26,0.07778435200452805,0
molecola_10669,27,0,27,0.42588481307029724,0
molecola_10669,28,0,28,0.07170891761779785,0
molecola_10669,29,1,29,0.9879232048988342,1
molecola_10669,30,0,30,0.10349736362695694,0
molecola_10669,31,0,31,0.014791007153689861,0
molecola_10669,32,0,32,0.018162555992603302,0
molecola_10669,33,0,33,0.010686960071325302,0
molecola_10669,34,0,34,0.006880834698677063,0
molecola_10669,35,0,35,0.034035574644804,0
molecola_10669,36,0,36,0.006497589405626059,0
molecola_10835,1,0,1,0.0062470585107803345,0
molecola_10835,2,0,2,0.005865866784006357,0
molecola_10835,3,0,3,0.2608893811702728,0
molecola_10835,4,0,4,0.005865866784006357,0
molecola_10835,5,0,5,0.0062470585107803345,0
molecola_10835,6,0,6,0.022243713960051537,0
molecola_10835,7,0,7,0.36236119270324707,0
molecola_10835,8,0,8,0.12110919505357742,0
molecola_10835,9,0,9,0.06575726717710495,0
molecola_10835,10,0,10,0.007430873345583677,0
molecola_10835,11,0,11,0.006600549910217524,0
molecola_10835,12,0,12,0.00410851463675499,0
molecola_10835,13,0,13,0.004088075365871191,0
molecola_10835,14,0,14,0.00410851463675499,0
molecola_10835,15,0,15,0.007430873345583677,0
molecola_10835,16,0,16,0.006600543856620789,0
molecola_10835,17,0,17,0.002509364392608404,0
molecola_10835,18,0,18,0.0014177515404298902,0
molecola_10835,19,0,19,0.0015364096034318209,0
molecola_10835,20,0,20,0.12196192890405655,0
molecola_10835,21,0,21,0.6245409250259399,1
molecola_10835,22,0,22,0.7980462908744812,1
molecola_10835,23,1,23,0.941961944103241,1
molecola_10835,24,0,24,0.8659859299659729,1
molecola_10835,25,1,25,0.9523941874504089,1
molecola_10835,26,0,26,0.002901448169723153,0
molecola_10835,27,0,27,0.00745026208460331,0
molecola_10835,28,0,28,0.07218482345342636,0
molecola_10835,29,0,29,0.13003310561180115,0
molecola_10835,30,0,30,0.1134762316942215,0
molecola_10835,31,0,31,0.046809688210487366,0
molecola_10835,32,0,32,0.002675634576007724,0
molecola_11115,1,1,1,0.8930278420448303,1
molecola_11115,2,1,2,0.9825279116630554,1
molecola_11115,3,0,3,0.8930278420448303,1
molecola_11115,4,1,4,0.870927095413208,1
molecola_11115,5,0,5,0.21824248135089874,0
molecola_11115,6,0,6,0.0847369059920311,0
molecola_11115,7,0,7,0.11580260097980499,0
molecola_11115,8,0,8,0.13269327580928802,0
molecola_11115,9,0,9,0.0864977091550827,0
molecola_11115,10,0,10,0.04546082019805908,0
molecola_11115,11,0,11,0.021136514842510223,0
molecola_11115,12,0,12,0.04546082019805908,0
molecola_11115,13,0,13,0.0864977091550827,0
molecola_11115,14,0,14,0.13269327580928802,0
molecola_11115,15,0,15,0.11580260097980499,0
molecola_11115,16,0,16,0.08473692089319229,0
molecola_11115,17,0,17,0.21824249625205994,0
molecola_11149,1,1,1,0.9767807722091675,1
molecola_11149,2,1,2,0.9620643854141235,1
molecola_11149,3,0,3,0.0031088280957192183,0
molecola_11149,4,0,4,0.002723771147429943,0
molecola_11149,5,0,5,0.0016105399699881673,0
molecola_11149,6,0,6,0.02679923176765442,0
molecola_11149,7,0,7,0.08827085047960281,0
molecola_11149,8,0,8,0.05010146647691727,0
molecola_11149,9,0,9,0.004102642182260752,0
molecola_11149,10,0,10,0.013453539460897446,0
molecola_11149,11,0,11,0.012826133519411087,0
molecola_11149,12,0,12,0.07042107731103897,0
molecola_11149,13,0,13,0.14845864474773407,0
molecola_11149,14,0,14,0.11944779008626938,0
molecola_11149,15,0,15,0.01571301370859146,0
molecola_11149,16,0,16,0.023299116641283035,0
molecola_11149,17,1,17,0.9887603521347046,1
molecola_11149,18,1,18,0.9623166918754578,1
molecola_11149,19,1,19,0.9623166918754578,1
molecola_11267,1,1,1,0.8824471831321716,1
molecola_11267,2,1,2,0.9797217845916748,1
molecola_11267,3,1,3,0.9668399691581726,1
molecola_11267,4,1,4,0.8688392043113708,1
molecola_11267,5,1,5,0.8693847060203552,1
molecola_11267,6,1,6,0.7041401863098145,1
molecola_11267,7,0,7,0.027180489152669907,0
molecola_11267,8,0,8,0.013479563407599926,0
molecola_11267,9,0,9,0.004921490326523781,0
molecola_11267,10,0,10,0.013479563407599926,0
molecola_11267,11,0,11,0.027180489152669907,0
molecola_11267,12,0,12,0.010605390183627605,0
molecola_11267,13,0,13,0.03598140552639961,0
molecola_11267,14,0,14,0.10927734524011612,0
molecola_11267,15,0,15,0.0817483440041542,0
molecola_11267,16,0,16,0.06513133645057678,0
molecola_11267,17,0,17,0.08681304007768631,0
molecola_11267,18,0,18,0.08431486040353775,0
molecola_11267,19,0,19,0.6939342617988586,1
molecola_11267,20,0,20,0.1040729209780693,0
molecola_11267,21,0,21,0.0545787550508976,0
molecola_11267,22,0,22,0.02133799158036709,0
molecola_11267,23,0,23,0.10025373846292496,0
molecola_11267,24,0,24,0.11654429882764816,0
molecola_11267,25,0,25,0.09105174988508224,0
molecola_11267,26,0,26,0.009074273519217968,0
molecola_11267,27,0,27,0.0021377147641032934,0
molecola_11267,28,0,28,0.011569300666451454,0
molecola_11267,29,0,29,0.03762948885560036,0
molecola_11267,30,0,30,0.01853589154779911,0
molecola_11410,1,0,1,0.8183143138885498,1
molecola_11410,2,0,2,0.06196189671754837,0
molecola_11410,3,0,3,0.10432960838079453,0
molecola_11410,4,0,4,0.23118793964385986,0
molecola_11410,5,0,5,0.0650184154510498,0
molecola_11410,6,1,6,0.9865625500679016,1
molecola_11410,7,0,7,0.08171437680721283,0
molecola_11410,8,0,8,0.028558896854519844,0
molecola_11410,9,0,9,0.0215243399143219,0
molecola_11410,10,0,10,0.017663946375250816,0
molecola_11410,11,0,11,0.003815509146079421,0
molecola_11410,12,0,12,0.0017627254128456116,0
molecola_11410,13,0,13,0.0015593859134241939,0
molecola_11410,14,0,14,0.0027229865081608295,0
molecola_11410,15,0,15,0.0016951357247307897,0
molecola_11410,16,0,16,0.05765756219625473,0
molecola_11410,17,0,17,0.09734195470809937,0
molecola_11410,18,0,18,0.05765756219625473,0
molecola_11410,19,0,19,0.0027229865081608295,0
molecola_11410,20,0,20,0.0016951357247307897,0
molecola_11484,1,1,1,0.8991138339042664,1
molecola_11484,2,0,2,0.026918673887848854,0
molecola_11484,3,0,3,0.0270581915974617,0
molecola_11484,4,0,4,0.004342942498624325,0
molecola_11484,5,0,5,0.0026656128466129303,0
molecola_11484,6,0,6,0.002466691890731454,0
molecola_11484,7,0,7,0.015906749293208122,0
molecola_11484,8,0,8,0.003007132327184081,0
molecola_11484,9,0,9,0.004544541239738464,0
molecola_11484,10,0,10,0.03300422057509422,0
molecola_11484,11,0,11,0.11011280864477158,0
molecola_11484,12,0,12,0.0991077646613121,0
molecola_11484,13,0,13,0.11011280864477158,0
molecola_11484,14,0,14,0.03300422057509422,0
molecola_11500,1,1,1,0.9744893312454224,1
molecola_11500,2,1,2,0.960669994354248,1
molecola_11500,3,0,3,0.06288620084524155,0
molecola_11500,4,0,4,0.09795811772346497,0
molecola_11500,5,0,5,0.0458473302423954,0
molecola_11500,6,0,6,0.03306548297405243,0
molecola_11500,7,0,7,0.03794017434120178,0
molecola_11500,8,0,8,0.09319552779197693,0
molecola_11500,9,0,9,0.009783422574400902,0
molecola_11500,10,0,10,0.0015948177315294743,0
molecola_11500,11,0,11,0.0131518030539155,0
molecola_11500,12,0,12,0.08388841152191162,0
molecola_11500,13,0,13,0.11828377842903137,0
molecola_11500,14,0,14,0.040638893842697144,0
molecola_11500,15,0,15,0.002709959866479039,0
molecola_11500,16,0,16,0.0017111427150666714,0
molecola_11500,17,0,17,0.0024819402024149895,0
molecola_11500,18,0,18,0.0020097633823752403,0
molecola_11500,19,0,19,0.0033035194501280785,0
molecola_11500,20,0,20,0.001618812559172511,0
molecola_11500,21,0,21,0.004813305102288723,0
molecola_11500,22,0,22,0.008570116944611073,0
molecola_11500,23,0,23,0.005102030001580715,0
molecola_11500,24,0,24,0.004748445935547352,0
molecola_1176,1,1,1,0.9777050018310547,1
molecola_1176,2,0,2,0.09836574643850327,0
molecola_1176,3,0,3,0.05781301110982895,0
molecola_1176,4,0,4,0.008302262052893639,0
molecola_1176,5,0,5,0.001617897185496986,0
molecola_1176,6,0,6,0.001357885543256998,0
molecola_1176,7,0,7,0.001667115604504943,0
molecola_1176,8,0,8,0.0021454603411257267,0
molecola_1176,9,0,9,0.0016835612477734685,0
molecola_1176,10,0,10,0.022195816040039062,0
molecola_1176,11,0,11,0.002262295689433813,0
molecola_11894,1,0,1,0.03688695281744003,0
molecola_11894,2,0,2,0.042181652039289474,0
molecola_11894,3,1,3,0.5745048522949219,1
molecola_11894,4,0,4,0.05286690965294838,0
molecola_11894,5,0,5,0.055463969707489014,0
molecola_11894,6,0,6,0.055463969707489014,0
molecola_11894,7,0,7,0.13314573466777802,0
molecola_11894,8,0,8,0.07705000787973404,0
molecola_11894,9,1,9,0.9267598986625671,1
molecola_11894,10,1,10,0.9408495426177979,1
molecola_11894,11,0,11,0.0024055419489741325,0
molecola_11894,12,0,12,0.010685019195079803,0
molecola_11894,13,0,13,0.04294905439019203,0
molecola_11894,14,0,14,0.030958421528339386,0
molecola_11894,15,0,15,0.003274729708209634,0
molecola_11894,16,0,16,0.0016130413860082626,0
molecola_11894,17,0,17,0.0016816684510558844,0
molecola_11943,1,1,1,0.9663580060005188,1
molecola_11943,2,1,2,0.9771875739097595,1
molecola_11943,3,0,3,0.7842097878456116,1
molecola_11943,4,0,4,0.7837560176849365,1
molecola_11943,5,0,5,0.5044187307357788,1
molecola_11943,6,0,6,0.10343052446842194,0
molecola_11943,7,0,7,0.13461102545261383,0
molecola_11943,8,0,8,0.11530423164367676,0
molecola_11943,9,0,9,0.0821477472782135,0
molecola_11943,10,0,10,0.08935712277889252,0
molecola_11943,11,0,11,0.1524859368801117,0
molecola_11943,12,0,12,0.13193605840206146,0
molecola_11943,13,0,13,0.11451531946659088,0
molecola_11943,14,0,14,0.0264035202562809,0
molecola_11943,15,0,15,0.7098478078842163,1
molecola_11943,16,0,16,0.028471076861023903,0
molecola_11943,17,0,17,0.009956741705536842,0
molecola_11943,18,0,18,0.003734435187652707,0
molecola_11943,19,0,19,0.0015967960935086012,0
molecola_11943,20,0,20,0.003734435187652707,0
molecola_11943,21,0,21,0.009956741705536842,0
molecola_11943,22,0,22,0.0034140069037675858,0
molecola_11943,23,0,23,0.0019016620935872197,0
molecola_11943,24,0,24,0.001695086364634335,0
molecola_11943,25,0,25,0.0025359541177749634,0
molecola_11943,26,0,26,0.017982512712478638,0
molecola_11943,27,0,27,0.09814921766519547,0
molecola_11943,28,0,28,0.1346789002418518,0
molecola_11943,29,0,29,0.09814921766519547,0
molecola_11943,30,0,30,0.017982512712478638,0
molecola_11943,31,0,31,0.0025359541177749634,0
molecola_11943,32,0,32,0.017982512712478638,0
molecola_11943,33,0,33,0.09814921766519547,0
molecola_11943,34,0,34,0.1346789002418518,0
molecola_11943,35,0,35,0.09814921766519547,0
molecola_11943,36,0,36,0.017982512712478638,0
molecola_11978,1,0,1,0.005134444683790207,0
molecola_11978,2,0,2,0.0392836332321167,0
molecola_11978,3,0,3,0.02390078455209732,0
molecola_11978,4,0,4,0.06823520362377167,0
molecola_11978,5,0,5,0.022123293951153755,0
molecola_11978,6,0,6,0.02660919539630413,0
molecola_11978,7,0,7,0.002413311507552862,0
molecola_11978,8,0,8,0.006130943074822426,0
molecola_11978,9,0,9,0.0017025838606059551,0
molecola_11978,10,0,10,0.0017772676656022668,0
molecola_11978,11,0,11,0.01116007287055254,0
molecola_11978,12,0,12,0.03911929950118065,0
molecola_11978,13,0,13,0.02607235498726368,0
molecola_11978,14,0,14,0.004528098739683628,0
molecola_11978,15,0,15,0.006059629842638969,0
molecola_11978,16,0,16,0.0052580880001187325,0
molecola_11978,17,0,17,0.0069353398866951466,0
molecola_11978,18,0,18,0.01112331822514534,0
molecola_11978,19,0,19,0.0031422085594385862,0
molecola_11978,20,0,20,0.01112331822514534,0
molecola_11978,21,0,21,0.0069353398866951466,0
molecola_11978,22,0,22,0.12530449032783508,0
molecola_11978,23,0,23,0.07445713877677917,0
molecola_11978,24,0,24,0.13582542538642883,0
molecola_11978,25,0,25,0.16406187415122986,0
molecola_11978,26,0,26,0.1494925618171692,0
molecola_11978,27,0,27,0.06020176783204079,0
molecola_11978,28,1,28,0.9867362380027771,1
molecola_11978,29,0,29,0.0023167545441538095,0
molecola_11987,1,0,1,0.8535140156745911,1
molecola_11987,2,1,2,0.9705431461334229,1
molecola_11987,3,1,3,0.968182384967804,1
molecola_11987,4,0,4,0.6474161148071289,1
molecola_11987,5,0,5,0.11803185194730759,0
molecola_11987,6,0,6,0.0036402959376573563,0
molecola_11987,7,0,7,0.0012596941087394953,0
molecola_11987,8,0,8,0.0019103704253211617,0
molecola_11987,9,0,9,0.011796961538493633,0
molecola_11987,10,0,10,0.07474719732999802,0
molecola_11987,11,0,11,0.05461633577942848,0
molecola_11987,12,0,12,0.010653224773705006,0
molecola_12028,1,0,1,0.12504154443740845,0
molecola_12028,2,0,2,0.04729956015944481,0
molecola_12028,3,0,3,0.09863921254873276,0
molecola_12028,4,0,4,0.012903784401714802,0
molecola_12028,5,0,5,0.008217182010412216,0
molecola_12028,6,0,6,0.01313096284866333,0
molecola_12028,7,0,7,0.07372648268938065,0
molecola_12028,8,0,8,0.11392099410295486,0
molecola_12028,9,0,9,0.061461590230464935,0
molecola_12028,10,0,10,0.05825617536902428,0
molecola_12028,11,0,11,0.12391456961631775,0
molecola_12028,12,0,12,0.15730971097946167,0
molecola_12028,13,1,13,0.9834735989570618,1
molecola_12028,14,0,14,0.00548943318426609,0
molecola_12028,15,0,15,0.057377059012651443,0
molecola_12028,16,0,16,0.09134948998689651,0
molecola_12028,17,0,17,0.08769536018371582,0
molecola_12028,18,0,18,0.008978518657386303,0
molecola_12028,19,0,19,0.007884431630373001,0
molecola_12028,20,0,20,0.005403552204370499,0
molecola_12165,1,0,1,0.006630368996411562,0
molecola_12165,2,0,2,0.028448985889554024,0
molecola_12165,3,0,3,0.041824787855148315,0
molecola_12165,4,0,4,0.4017336368560791,0
molecola_12165,5,0,5,0.27467575669288635,0
molecola_12165,6,0,6,0.13671714067459106,0
molecola_12165,7,0,7,0.1121571809053421,0
molecola_12165,8,1,8,0.9557839632034302,1
molecola_12165,9,1,9,0.9745948910713196,1
molecola_12165,10,0,10,0.06609715521335602,0
molecola_12165,11,0,11,0.08429912477731705,0
molecola_12165,12,0,12,0.12435422837734222,0
molecola_12165,13,0,13,0.12934111058712006,0
molecola_12165,14,0,14,0.12435422837734222,0
molecola_12165,15,0,15,0.08429912477731705,0
molecola_12275,1,0,1,0.8897303342819214,1
molecola_12275,2,0,2,0.9830054640769958,1
molecola_12275,3,0,3,0.8897303342819214,1
molecola_12275,4,0,4,0.8906247019767761,1
molecola_12275,5,0,5,0.03555252403020859,0
molecola_12275,6,0,6,0.4555591642856598,0
molecola_12275,7,1,7,0.9662466049194336,1
molecola_12275,8,0,8,0.10097996145486832,0
molecola_12275,9,1,9,0.9811398983001709,1
molecola_12275,10,0,10,0.4559957981109619,0
molecola_12275,11,0,11,0.10589238256216049,0
molecola_12275,12,0,12,0.02886669524013996,0
molecola_12275,13,0,13,0.08209013193845749,0
molecola_12275,14,0,14,0.1709432601928711,0
molecola_12275,15,0,15,0.4202084541320801,0
molecola_12275,16,0,16,0.05316344276070595,0
molecola_12275,17,0,17,0.4922572076320648,0
molecola_12275,18,0,18,0.6144776940345764,1
molecola_12275,19,0,19,0.6244716644287109,1
molecola_12275,20,0,20,0.6754967570304871,1
molecola_12275,21,0,21,0.03143918141722679,0
molecola_12275,22,0,22,0.5977623462677002,1
molecola_12275,23,0,23,0.11330655217170715,0
molecola_12275,24,0,24,0.9767855405807495,1
molecola_12275,25,0,25,0.5006296634674072,1
molecola_12275,26,0,26,0.957624077796936,1
molecola_12275,27,0,27,0.08290783315896988,0
molecola_12275,28,0,28,0.7890412211418152,1
molecola_12275,29,0,29,0.8380951285362244,1
molecola_12275,30,0,30,0.8380951285362244,1
molecola_1230,1,0,1,0.004945875611156225,0
molecola_1230,2,0,2,0.012500191107392311,0
molecola_1230,3,0,3,0.004945875611156225,0
molecola_1230,4,0,4,0.02848029136657715,0
molecola_1230,5,0,5,0.015323245897889137,0
molecola_1230,6,0,6,0.03730330988764763,0
molecola_1230,7,0,7,0.010966184549033642,0
molecola_1230,8,0,8,0.0026468592695891857,0
molecola_1230,9,0,9,0.009068970568478107,0
molecola_1230,10,0,10,0.10183171927928925,0
molecola_1230,11,0,11,0.1915125846862793,0
molecola_1230,12,0,12,0.20674677193164825,0
molecola_1230,13,0,13,0.6196465492248535,1
molecola_1230,14,0,14,0.059223465621471405,0
molecola_1230,15,1,15,0.9894737601280212,1
molecola_1230,16,0,16,0.6196465492248535,1
molecola_1230,17,0,17,0.20674677193164825,0
molecola_1230,18,0,18,0.0015699159121140838,0
molecola_1230,19,0,19,0.010320507921278477,0
molecola_1230,20,0,20,0.08580240607261658,0
molecola_1230,21,0,21,0.11856354773044586,0
molecola_1230,22,0,22,0.03863726183772087,0
molecola_1230,23,0,23,0.0023984441068023443,0
molecola_1230,24,0,24,0.0017044618725776672,0
molecola_12340,1,0,1,0.027168475091457367,0
molecola_12340,2,0,2,0.011096679605543613,0
molecola_12340,3,0,3,0.028169849887490273,0
molecola_12340,4,0,4,0.027742698788642883,0
molecola_12340,5,0,5,0.005261136684566736,0
molecola_12340,6,0,6,0.020405150949954987,0
molecola_12340,7,0,7,0.018316511064767838,0
molecola_12340,8,0,8,0.004457202740013599,0
molecola_12340,9,0,9,0.019027557224035263,0
molecola_12340,10,0,10,0.03374439477920532,0
molecola_12340,11,0,11,0.03900916501879692,0
molecola_12340,12,0,12,0.06002325937151909,0
molecola_12340,13,0,13,0.03941962867975235,0
molecola_12340,14,1,14,0.9044253826141357,1
molecola_12340,15,1,15,0.8675069808959961,1
molecola_12340,16,1,16,0.900004506111145,1
molecola_12340,17,0,17,0.34246543049812317,0
molecola_12340,18,1,18,0.9823415279388428,1
molecola_12340,19,0,19,0.8923155069351196,1
molecola_12340,20,1,20,0.8923155069351196,1
molecola_12340,21,0,21,0.002882168861106038,0
molecola_12340,22,0,22,0.027267837896943092,0
molecola_12340,23,0,23,0.05320567637681961,0
molecola_12340,24,0,24,0.02834724448621273,0
molecola_12340,25,0,25,0.007308978587388992,0
molecola_12340,26,0,26,0.003930369392037392,0
molecola_12369,1,0,1,0.007899911142885685,0
molecola_12369,2,0,2,0.004302026238292456,0
molecola_12369,3,0,3,0.004362314008176327,0
molecola_12369,4,0,4,0.001673487713560462,0
molecola_12369,5,0,5,0.001673487713560462,0
molecola_12369,6,0,6,0.00436488026753068,0
molecola_12369,7,0,7,0.00670607341453433,0
molecola_12369,8,0,8,0.018161270767450333,0
molecola_12369,9,0,9,0.017789185047149658,0
molecola_12369,10,0,10,0.012384017929434776,0
molecola_12369,11,0,11,0.01488401647657156,0
molecola_12369,12,0,12,0.019248468801379204,0
molecola_12369,13,0,13,0.01708712801337242,0
molecola_12369,14,0,14,0.004072059411555529,0
molecola_12369,15,0,15,0.006230538710951805,0
molecola_12369,16,0,16,0.008859158493578434,0
molecola_12369,17,0,17,0.016825489699840546,0
molecola_12369,18,0,18,0.04623398929834366,0
molecola_12369,19,1,19,0.9057058691978455,1
molecola_12369,20,1,20,0.9576983451843262,1
molecola_12369,21,1,21,0.9475158452987671,1
molecola_12369,22,1,22,0.9430610537528992,1
molecola_12369,23,0,23,0.7344663739204407,1
molecola_12369,24,0,24,0.550470232963562,1
molecola_12369,25,0,25,0.15331774950027466,0
molecola_12369,26,0,26,0.006956765428185463,0
molecola_12445,1,0,1,0.10269588232040405,0
molecola_12445,2,0,2,0.08400475233793259,0
molecola_12445,3,0,3,0.25986185669898987,0
molecola_12445,4,0,4,0.2271893322467804,0
molecola_12445,5,0,5,0.2357739806175232,0
molecola_12445,6,0,6,0.21219739317893982,0
molecola_12445,7,0,7,0.2333366572856903,0
molecola_12445,8,0,8,0.18717367947101593,0
molecola_12445,9,0,9,0.12876193225383759,0
molecola_12445,10,0,10,0.24648725986480713,0
molecola_12445,11,0,11,0.11675717681646347,0
molecola_12445,12,0,12,0.24200180172920227,0
molecola_12445,13,0,13,0.19184650480747223,0
molecola_12445,14,0,14,0.2538810968399048,0
molecola_12445,15,0,15,0.20533868670463562,0
molecola_12445,16,0,16,0.24762330949306488,0
molecola_12445,17,0,17,0.2862910330295563,0
molecola_12445,18,1,18,0.9395611882209778,1
molecola_12445,19,0,19,0.05725902318954468,0
molecola_12445,20,0,20,0.05725902318954468,0
molecola_12445,21,1,21,0.9107222557067871,1
molecola_12497,1,1,1,0.8145865201950073,1
molecola_12497,2,0,2,0.06031639873981476,0
molecola_12497,3,0,3,0.03819137439131737,0
molecola_12497,4,0,4,0.06232278421521187,0
molecola_12497,5,0,5,0.09064716845750809,0
molecola_12497,6,0,6,0.06006551906466484,0
molecola_12497,7,0,7,0.04712466150522232,0
molecola_12497,8,0,8,0.01307718362659216,0
molecola_12497,9,0,9,0.005349826067686081,0
molecola_12497,10,0,10,0.0017823888920247555,0
molecola_12497,11,0,11,0.0017823888920247555,0
molecola_12497,12,0,12,0.0017823888920247555,0
molecola_12497,13,0,13,0.02580009214580059,0
molecola_12497,14,0,14,0.04364267364144325,0
molecola_12497,15,0,15,0.03344310075044632,0
molecola_12664,1,0,1,0.06727460026741028,0
molecola_12664,2,0,2,0.017153484746813774,0
molecola_12664,3,0,3,0.00876619666814804,0
molecola_12664,4,0,4,0.010291393846273422,0
molecola_12664,5,0,5,0.008017157204449177,0
molecola_12664,6,0,6,0.008668975904583931,0
molecola_12664,7,0,7,0.005230994895100594,0
molecola_12664,8,0,8,0.3519535958766937,0
molecola_12664,9,0,9,0.002331949770450592,0
molecola_12664,10,0,10,0.0052639697678387165,0
molecola_12664,11,0,11,0.04757795110344887,0
molecola_12664,12,0,12,0.05936448276042938,0
molecola_12664,13,0,13,0.007771945558488369,0
molecola_12664,14,0,14,0.0015952915418893099,0
molecola_12664,15,0,15,0.0019467590609565377,0
molecola_12664,16,0,16,0.001704776892438531,0
molecola_12664,17,0,17,0.11150169372558594,0
molecola_12664,18,0,18,0.008761723525822163,0
molecola_12664,19,0,19,0.06042995676398277,0
molecola_12664,20,0,20,0.10061510652303696,0
molecola_12664,21,0,21,0.15092405676841736,0
molecola_12664,22,0,22,0.14128470420837402,0
molecola_12664,23,0,23,0.15092405676841736,0
molecola_12664,24,0,24,0.10061510652303696,0
molecola_12664,25,0,25,0.005739039275795221,0
molecola_12664,26,0,26,0.042188405990600586,0
molecola_12664,27,0,27,0.033931441605091095,0
molecola_12664,28,0,28,0.061427827924489975,0
molecola_12664,29,0,29,0.09752529114484787,0
molecola_12664,30,1,30,0.9686402082443237,1
molecola_12664,31,1,31,0.9744690656661987,1
molecola_12664,32,0,32,0.003515387885272503,0
molecola_12664,33,0,33,0.0022418650332838297,0
molecola_12664,34,0,34,0.0016252966597676277,0
molecola_12763,1,0,1,0.3371121287345886,0
molecola_12763,2,0,2,0.4233720004558563,0
molecola_12763,3,0,3,0.05624593421816826,0
molecola_12763,4,0,4,0.004494550637900829,0
molecola_12763,5,0,5,0.003627428784966469,0
molecola_12763,6,0,6,0.014052093960344791,0
molecola_12763,7,0,7,0.008431765250861645,0
molecola_12763,8,0,8,0.03314913064241409,0
molecola_12763,9,0,9,0.05423787608742714,0
molecola_12763,10,0,10,0.10139448940753937,0
molecola_12763,11,0,11,0.14941658079624176,0
molecola_12763,12,0,12,0.19970454275608063,0
molecola_12763,13,0,13,0.06085079908370972,0
molecola_12763,14,1,14,0.984549880027771,1
molecola_12763,15,0,15,0.05820978060364723,0
molecola_12763,16,0,16,0.009863934479653835,0
molecola_12763,17,0,17,0.01595616526901722,0
molecola_12763,18,0,18,0.014052093960344791,0
molecola_12763,19,0,19,0.008431765250861645,0
molecola_12763,20,0,20,0.003627428784966469,0
molecola_12763,21,1,21,0.9825050830841064,1
molecola_12763,22,0,22,0.9328793883323669,1
molecola_12763,23,1,23,0.9328793883323669,1
molecola_12824,1,0,1,0.012103646993637085,0
molecola_12824,2,0,2,0.007177999708801508,0
molecola_12824,3,0,3,0.012103646993637085,0
molecola_12824,4,0,4,0.003051083767786622,0
molecola_12824,5,0,5,0.0041282023303210735,0
molecola_12824,6,0,6,0.004259498789906502,0
molecola_12824,7,0,7,0.006738054100424051,0
molecola_12824,8,0,8,0.003004488768056035,0
molecola_12824,9,0,9,0.0040948837995529175,0
molecola_12824,10,0,10,0.006787681486457586,0
molecola_12824,11,0,11,0.011466165073215961,0
molecola_12824,12,0,12,0.00636031199246645,0
molecola_12824,13,0,13,0.002283582929521799,0
molecola_12824,14,0,14,0.011466165073215961,0
molecola_12824,15,0,15,0.006787681486457586,0
molecola_12824,16,0,16,0.045936450362205505,0
molecola_12824,17,0,17,0.6005372405052185,1
molecola_12824,18,0,18,0.6975390911102295,1
molecola_12824,19,0,19,0.8873139023780823,1
molecola_12824,20,0,20,0.9159802198410034,1
molecola_12824,21,0,21,0.6778281927108765,1
molecola_12824,22,0,22,0.891790509223938,1
molecola_12824,23,0,23,0.897002637386322,1
molecola_12824,24,0,24,0.7348226308822632,1
molecola_12824,25,1,25,0.8941872119903564,1
molecola_12824,26,0,26,0.7817886471748352,1
molecola_12824,27,1,27,0.7817886471748352,1
molecola_12824,28,0,28,0.0023364739026874304,0
molecola_12824,29,0,29,0.0014915748033672571,0
molecola_12824,30,0,30,0.002318628830835223,0
molecola_12824,31,0,31,0.0013839052990078926,0
molecola_12824,32,0,32,0.0013839052990078926,0
molecola_12824,33,0,33,0.001345363212749362,0
molecola_12857,1,1,1,0.9673535823822021,1
molecola_12857,2,0,2,0.1600574105978012,0
molecola_12857,3,0,3,0.17544437944889069,0
molecola_12857,4,0,4,0.10518430173397064,0
molecola_12857,5,0,5,0.01989310421049595,0
molecola_12857,6,0,6,0.019839191809296608,0
molecola_12857,7,0,7,0.01904590055346489,0
molecola_12857,8,0,8,0.07506746798753738,0
molecola_12857,9,0,9,0.16005736589431763,0
molecola_12857,10,0,10,0.9673535823822021,1
molecola_12857,11,0,11,0.1754443496465683,0
molecola_12857,12,0,12,0.10518430173397064,0
molecola_12857,13,0,13,0.019893096759915352,0
molecola_12857,14,0,14,0.019839191809296608,0
molecola_12857,15,0,15,0.01904590055346489,0
molecola_12857,16,0,16,0.07506746798753738,0
molecola_12857,17,0,17,0.0036807118449360132,0
molecola_12857,18,0,18,0.0036807118449360132,0
molecola_12931,1,0,1,0.04160953313112259,0
molecola_12931,2,0,2,0.08942104876041412,0
molecola_12931,3,0,3,0.04160953313112259,0
molecola_12931,4,0,4,0.6393830180168152,1
molecola_12931,5,0,5,0.6526610851287842,1
molecola_12931,6,0,6,0.5273714065551758,1
molecola_12931,7,0,7,0.07308392226696014,0
molecola_12931,8,0,8,0.011750263161957264,0
molecola_12931,9,0,9,0.5790349841117859,1
molecola_12931,10,1,10,0.968220591545105,1
molecola_12931,11,1,11,0.9627006649971008,1
molecola_1302,1,0,1,0.004311018623411655,0
molecola_1302,2,0,2,0.01906512677669525,0
molecola_1302,3,0,3,0.00939236395061016,0
molecola_1302,4,0,4,0.004006717819720507,0
molecola_1302,5,0,5,0.0024526990018785,0
molecola_1302,6,0,6,0.009550018236041069,0
molecola_1302,7,0,7,0.02524164505302906,0
molecola_1302,8,1,8,0.9882122874259949,1
molecola_1302,9,0,9,0.9602330923080444,1
molecola_1302,10,1,10,0.9602330923080444,1
molecola_1302,11,0,11,0.0019120222423225641,0
molecola_1302,12,0,12,0.0014255403075367212,0
molecola_1302,13,0,13,0.0014255403075367212,0
molecola_1302,14,0,14,0.004442924167960882,0
molecola_1302,15,0,15,0.0035377666354179382,0
molecola_1302,16,0,16,0.006798310671001673,0
molecola_1302,17,0,17,0.005549909081310034,0
molecola_1302,18,0,18,0.011408498510718346,0
molecola_1302,19,0,19,0.02044801041483879,0
molecola_1302,20,0,20,0.04327702522277832,0
molecola_1302,21,0,21,0.03116164170205593,0
molecola_1302,22,0,22,0.05099552869796753,0
molecola_1302,23,0,23,0.052934207022190094,0
molecola_1302,24,0,24,0.01719781942665577,0
molecola_1302,25,0,25,0.00429321127012372,0
molecola_1302,26,0,26,0.0017328265821561217,0
molecola_1302,27,0,27,0.002616023411974311,0
molecola_1302,28,0,28,0.0017773540457710624,0
molecola_1302,29,0,29,0.010471931658685207,0
molecola_1302,30,0,30,0.02044801041483879,0
molecola_1302,31,0,31,0.011408498510718346,0
molecola_13387,1,0,1,0.09539191424846649,0
molecola_13387,2,0,2,0.03147466480731964,0
molecola_13387,3,0,3,0.026385359466075897,0
molecola_13387,4,0,4,0.012320151552557945,0
molecola_13387,5,0,5,0.023065173998475075,0
molecola_13387,6,0,6,0.6712745428085327,1
molecola_13387,7,0,7,0.8056182265281677,1
molecola_13387,8,0,8,0.06656548380851746,0
molecola_13387,9,0,9,0.7777700424194336,1
molecola_13387,10,1,10,0.8579435348510742,1
molecola_13387,11,1,11,0.9829256534576416,1
molecola_13387,12,0,12,0.8892754912376404,1
molecola_13387,13,1,13,0.8892754912376404,1
molecola_13387,14,0,14,0.01969892904162407,0
molecola_13387,15,0,15,0.08207007497549057,0
molecola_13387,16,0,16,0.15108513832092285,0
molecola_13387,17,0,17,0.13250058889389038,0
molecola_13387,18,0,18,0.09250623732805252,0
molecola_13387,19,0,19,0.01686801202595234,0
molecola_13387,20,0,20,0.016438258811831474,0
molecola_13497,1,0,1,0.004614935722202063,0
molecola_13497,2,0,2,0.016698477789759636,0
molecola_13497,3,0,3,0.004614935722202063,0
molecola_13497,4,0,4,0.030588800087571144,0
molecola_13497,5,0,5,0.08793814480304718,0
molecola_13497,6,0,6,0.04636344686150551,0
molecola_13497,7,0,7,0.009483607485890388,0
molecola_13497,8,0,8,0.0321500189602375,0
molecola_13497,9,0,9,0.0036472808569669724,0
molecola_13497,10,0,10,0.002120288787409663,0
molecola_13497,11,0,11,0.0021343741100281477,0
molecola_13497,12,0,12,0.004079077392816544,0
molecola_13497,13,0,13,0.005426078103482723,0
molecola_13497,14,0,14,0.024930352345108986,0
molecola_13497,15,0,15,0.09868229925632477,0
molecola_13497,16,0,16,0.1339619755744934,0
molecola_13497,17,0,17,0.09868229925632477,0
molecola_13497,18,0,18,0.024930352345108986,0
molecola_13497,19,0,19,0.0018610372208058834,0
molecola_13497,20,0,20,0.0030928528867661953,0
molecola_13497,21,0,21,0.09941363334655762,0
molecola_13497,22,0,22,0.4344664514064789,0
molecola_13497,23,0,23,0.35071974992752075,0
molecola_13497,24,0,24,0.9825055599212646,1
molecola_13497,25,0,25,0.9330441355705261,1
molecola_13497,26,0,26,0.9330441355705261,1
molecola_13497,27,0,27,0.008416235446929932,0
molecola_13497,28,0,28,0.002008157316595316,0
molecola_13497,29,0,29,0.013277435675263405,0
molecola_13497,30,0,30,0.8682385087013245,1
molecola_13497,31,1,31,0.9831767082214355,1
molecola_13497,32,0,32,0.8902382254600525,1
molecola_13497,33,1,33,0.8902382254600525,1
molecola_13611,1,1,1,0.3414320945739746,0
molecola_13611,2,0,2,0.0868779793381691,0
molecola_13611,3,0,3,0.07639695703983307,0
molecola_13611,4,0,4,0.03648928925395012,0
molecola_13611,5,0,5,0.005508312955498695,0
molecola_13611,6,0,6,0.0077730887569487095,0
molecola_13611,7,0,7,0.0026865925174206495,0
molecola_13611,8,0,8,0.0036452992353588343,0
molecola_13611,9,0,9,0.016321636736392975,0
molecola_13611,10,0,10,0.018674980849027634,0
molecola_13611,11,0,11,0.08032499998807907,0
molecola_13611,12,0,12,0.13040263950824738,0
molecola_13611,13,0,13,0.16587989032268524,0
molecola_13611,14,0,14,0.04237442836165428,0
molecola_13611,15,0,15,0.07363470643758774,0
molecola_13611,16,0,16,0.05918271467089653,0
molecola_13611,17,0,17,0.08870863914489746,0
molecola_13611,18,0,18,0.18761363625526428,0
molecola_13611,19,0,19,0.2808190584182739,0
molecola_13611,20,0,20,0.08202873170375824,0
molecola_13611,21,1,21,0.988088071346283,1
molecola_13611,22,0,22,0.2757594883441925,0
molecola_13611,23,0,23,0.008200404234230518,0
molecola_13611,24,0,24,0.06976131349802017,0
molecola_13611,25,1,25,0.9066775441169739,1
molecola_13611,26,1,26,0.9462935924530029,1
molecola_1365,1,0,1,0.18993058800697327,0
molecola_1365,2,0,2,0.053128939121961594,0
molecola_1365,3,0,3,0.12256026268005371,0
molecola_1365,4,0,4,0.18868345022201538,0
molecola_1365,5,1,5,0.9831163287162781,1
molecola_1365,6,0,6,0.19312384724617004,0
molecola_1365,7,0,7,0.13275255262851715,0
molecola_1365,8,0,8,0.11740481853485107,0
molecola_1365,9,0,9,0.1815461367368698,0
molecola_1365,10,0,10,0.1027456521987915,0
molecola_1365,11,0,11,0.09915398806333542,0
molecola_1365,12,1,12,0.9620113372802734,1
molecola_1365,13,0,13,0.04169866442680359,0
molecola_1365,14,0,14,0.03048081137239933,0
molecola_1365,15,0,15,0.012511372566223145,0
molecola_1365,16,0,16,0.013082612305879593,0
molecola_1365,17,0,17,0.024632899090647697,0
molecola_1365,18,0,18,0.024632899090647697,0
molecola_1365,19,0,19,0.0902741402387619,0
molecola_1365,20,1,20,0.9428817629814148,1
molecola_1365,21,0,21,0.0739361047744751,0
molecola_1365,22,0,22,0.10942329466342926,0
molecola_1365,23,0,23,0.013561026193201542,0
molecola_1365,24,0,24,0.028385553508996964,0
molecola_1365,25,0,25,0.00981166958808899,0
molecola_1365,26,0,26,0.010781331919133663,0
molecola_1365,27,0,27,0.012878869660198689,0
molecola_1365,28,0,28,0.013793502934277058,0
molecola_1365,29,0,29,0.024632899090647697,0
molecola_1365,30,0,30,0.024632899090647697,0
molecola_1366,1,0,1,0.030060868710279465,0
molecola_1366,2,0,2,0.016762273386120796,0
molecola_1366,3,0,3,0.030060868710279465,0
molecola_1366,4,0,4,0.018677253276109695,0
molecola_1366,5,0,5,0.02537270449101925,0
molecola_1366,6,0,6,0.03720969334244728,0
molecola_1366,7,0,7,0.030944399535655975,0
molecola_1366,8,0,8,0.020819464698433876,0
molecola_1366,9,0,9,0.004957651719450951,0
molecola_1366,10,0,10,0.033173300325870514,0
molecola_1366,11,0,11,0.03983928635716438,0
molecola_1366,12,0,12,0.019893717020750046,0
molecola_1366,13,0,13,0.05427772179245949,0
molecola_1366,14,0,14,0.05427772179245949,0
molecola_1366,15,0,15,0.019893717020750046,0
molecola_1366,16,0,16,0.03983928635716438,0
molecola_1366,17,0,17,0.006670608650892973,0
molecola_1366,18,0,18,0.01450740359723568,0
molecola_1366,19,0,19,0.009289088658988476,0
molecola_1366,20,0,20,0.0038937516510486603,0
molecola_1366,21,0,21,0.013441065326333046,0
molecola_1366,22,0,22,0.0036093825474381447,0
molecola_1366,23,0,23,0.0021089953370392323,0
molecola_1366,24,0,24,0.003184095025062561,0
molecola_1366,25,0,25,0.015094956383109093,0
molecola_1366,26,0,26,0.006955619435757399,0
molecola_1366,27,0,27,0.0027908615302294493,0
molecola_1366,28,0,28,0.001401436165906489,0
molecola_1366,29,0,29,0.001401436165906489,0
molecola_1366,30,0,30,0.006955619435757399,0
molecola_1366,31,0,31,0.015094956383109093,0
molecola_1366,32,0,32,0.016952507197856903,0
molecola_1366,33,0,33,0.020896542817354202,0
molecola_1366,34,0,34,0.719896674156189,1
molecola_1366,35,0,35,0.06305402517318726,0
molecola_1366,36,1,36,0.9894573092460632,1
molecola_1366,37,0,37,0.719896674156189,1
molecola_1366,38,0,38,0.020896542817354202,0
molecola_13660,1,0,1,0.016045181080698967,0
molecola_13660,2,0,2,0.02145642414689064,0
molecola_13660,3,0,3,0.008902901783585548,0
molecola_13660,4,0,4,0.03486970067024231,0
molecola_13660,5,0,5,0.04290476813912392,0
molecola_13660,6,0,6,0.7149065732955933,1
molecola_13660,7,0,7,0.06293924152851105,0
molecola_13660,8,1,8,0.9894648790359497,1
molecola_13660,9,0,9,0.7149065732955933,1
molecola_13660,10,0,10,0.04290476813912392,0
molecola_13660,11,0,11,0.6916477084159851,1
molecola_13660,12,0,12,0.013570386916399002,0
molecola_13660,13,0,13,0.002565083559602499,0
molecola_13660,14,0,14,0.0013563667889684439,0
molecola_13660,15,0,15,0.00601048581302166,0
molecola_13660,16,0,16,0.013747885823249817,0
molecola_13660,17,0,17,0.4256804883480072,0
molecola_13660,18,0,18,0.049997974187135696,0
molecola_13660,19,1,19,0.9894299507141113,1
molecola_13660,20,0,20,0.08359978348016739,0
molecola_13660,21,0,21,0.061721328645944595,0
molecola_13660,22,0,22,0.027217961847782135,0
molecola_13660,23,0,23,0.07434049993753433,0
molecola_13660,24,0,24,0.005297204479575157,0
molecola_13674,1,0,1,0.006018450949341059,0
molecola_13674,2,0,2,0.002841810928657651,0
molecola_13674,3,0,3,0.01699603721499443,0
molecola_13674,4,0,4,0.4390217065811157,0
molecola_13674,5,0,5,0.06202353164553642,0
molecola_13674,6,0,6,0.0035596087109297514,0
molecola_13674,7,0,7,0.019132589921355247,0
molecola_13674,8,0,8,0.08908534049987793,0
molecola_13674,9,0,9,0.10868364572525024,0
molecola_13674,10,1,10,0.9747188687324524,1
molecola_13674,11,0,11,0.1179061010479927,0
molecola_13674,12,0,12,0.0787595883011818,0
molecola_13674,13,0,13,0.14895963668823242,0
molecola_13674,14,0,14,0.11980122327804565,0
molecola_13674,15,0,15,0.06022977828979492,0
molecola_13674,16,0,16,0.005391533486545086,0
molecola_14022,1,0,1,0.07873754948377609,0
molecola_14022,2,0,2,0.023319102823734283,0
molecola_14022,3,0,3,0.03017338365316391,0
molecola_14022,4,0,4,0.025869403034448624,0
molecola_14022,5,0,5,0.04683256521821022,0
molecola_14022,6,0,6,0.11656851321458817,0
molecola_14022,7,0,7,0.015283302403986454,0
molecola_14022,8,0,8,0.0039756689220666885,0
molecola_14022,9,0,9,0.0022311480715870857,0
molecola_14022,10,0,10,0.7777987122535706,1
molecola_14022,11,1,11,0.961043119430542,1
molecola_14022,12,1,12,0.9381446242332458,1
molecola_14022,13,0,13,0.6862137913703918,1
molecola_14022,14,0,14,0.03406085446476936,0
molecola_14022,15,0,15,0.025966353714466095,0
molecola_14022,16,0,16,0.10831726342439651,0
molecola_14022,17,0,17,0.07599719613790512,0
molecola_14022,18,0,18,0.14203527569770813,0
molecola_14022,19,0,19,0.11510245501995087,0
molecola_14022,20,0,20,0.1316625326871872,0
molecola_14022,21,0,21,0.15374630689620972,0
molecola_14022,22,0,22,0.11906749755144119,0
molecola_14022,23,0,23,0.126068577170372,0
molecola_14022,24,0,24,0.14203524589538574,0
molecola_14022,25,0,25,0.11510243266820908,0
molecola_14022,26,0,26,0.1316625475883484,0
molecola_14022,27,0,27,0.07599719613790512,0
molecola_1416,1,1,1,0.9894759654998779,1
molecola_1416,2,0,2,0.05715390294790268,0
molecola_1416,3,0,3,0.5779379606246948,1
molecola_1416,4,0,4,0.21814604103565216,0
molecola_1416,5,0,5,0.12303607910871506,0
molecola_1416,6,0,6,0.019183052703738213,0
molecola_1416,7,0,7,0.0070273736491799355,0
molecola_1416,8,0,8,0.004589245654642582,0
molecola_1416,9,0,9,0.003296446055173874,0
molecola_1416,10,0,10,0.003123063826933503,0
molecola_1416,11,0,11,0.00439833989366889,0
molecola_1416,12,0,12,0.007937805727124214,0
molecola_1416,13,0,13,0.009266603738069534,0
molecola_1416,14,0,14,0.016690298914909363,0
molecola_1416,15,0,15,0.02832096442580223,0
molecola_1416,16,0,16,0.004526370670646429,0
molecola_1416,17,0,17,0.013373802416026592,0
molecola_1416,18,0,18,0.024794135242700577,0
molecola_1416,19,0,19,0.03188938647508621,0
molecola_1416,20,0,20,0.024794135242700577,0
molecola_1416,21,0,21,0.013373802416026592,0
molecola_1416,22,0,22,0.003123063826933503,0
molecola_1416,23,0,23,0.003296446055173874,0
molecola_1416,24,0,24,0.21814604103565216,0
molecola_1416,25,0,25,0.5779379606246948,1
molecola_14380,1,0,1,0.8637450337409973,1
molecola_14380,2,0,2,0.8551238179206848,1
molecola_14380,3,0,3,0.8106855750083923,1
molecola_14380,4,0,4,0.7437546849250793,1
molecola_14380,5,0,5,0.05196424946188927,0
molecola_14380,6,0,6,0.049457114189863205,0
molecola_14380,7,0,7,0.07825415581464767,0
molecola_14380,8,0,8,0.0619303397834301,0
molecola_14380,9,0,9,0.020893266424536705,0
molecola_14380,10,0,10,0.006918912287801504,0
molecola_14380,11,0,11,0.057341743260622025,0
molecola_14380,12,0,12,0.015651581808924675,0
molecola_14380,13,0,13,0.10633023828268051,0
molecola_14380,14,0,14,0.11019650101661682,0
molecola_14380,15,1,15,0.9752205014228821,1
molecola_14380,16,0,16,0.10278280824422836,0
molecola_14380,17,0,17,0.13536247611045837,0
molecola_14380,18,0,18,0.02837851457297802,0
molecola_14380,19,0,19,0.009775537066161633,0
molecola_14380,20,1,20,0.9816948771476746,1
molecola_14380,21,0,21,0.8908260464668274,1
molecola_14380,22,1,22,0.8908260464668274,1
molecola_14583,1,0,1,0.9723982214927673,1
molecola_14583,2,0,2,0.9470006227493286,1
molecola_14583,3,0,3,0.05833153799176216,0
molecola_14583,4,0,4,0.030244138091802597,0
molecola_14583,5,0,5,0.07352738082408905,0
molecola_14583,6,0,6,0.11987243592739105,0
molecola_14583,7,0,7,0.18646720051765442,0
molecola_14583,8,0,8,0.10655950754880905,0
molecola_14583,9,1,9,0.9755231142044067,1
molecola_14583,10,0,10,0.9253935217857361,1
molecola_14583,11,0,11,0.9498633742332458,1
molecola_14583,12,0,12,0.14978034794330597,0
molecola_14583,13,0,13,0.6176972389221191,1
molecola_14583,14,0,14,0.03151053935289383,0
molecola_14583,15,0,15,0.04154440015554428,0
molecola_14583,16,0,16,0.036353129893541336,0
molecola_14583,17,0,17,0.03603668883442879,0
molecola_14583,18,0,18,0.037135932594537735,0
molecola_14583,19,0,19,0.06958538293838501,0
molecola_14583,20,0,20,0.07647915184497833,0
molecola_14583,21,0,21,0.06983868032693863,0
molecola_14583,22,0,22,0.03009791672229767,0
molecola_14583,23,0,23,0.01575862430036068,0
molecola_14583,24,0,24,0.00862212385982275,0
molecola_14583,25,0,25,0.00621239235624671,0
molecola_14583,26,0,26,0.024978032335639,0
molecola_14583,27,0,27,0.0984407290816307,0
molecola_14583,28,0,28,0.13393768668174744,0
molecola_14583,29,0,29,0.0984407290816307,0
molecola_14583,30,0,30,0.024978032335639,0
molecola_14726,1,0,1,0.09569945186376572,0
molecola_14726,2,0,2,0.04525143280625343,0
molecola_14726,3,0,3,0.05776868760585785,0
molecola_14726,4,0,4,0.06457074731588364,0
molecola_14726,5,0,5,0.08127862215042114,0
molecola_14726,6,0,6,0.06748013943433762,0
molecola_14726,7,0,7,0.03025560826063156,0
molecola_14726,8,0,8,0.03796066716313362,0
molecola_14726,9,0,9,0.040082983672618866,0
molecola_14726,10,0,10,0.09411218762397766,0
molecola_14726,11,1,11,0.927879810333252,1
molecola_14726,12,1,12,0.9509897232055664,1
molecola_14726,13,0,13,0.17539158463478088,0
molecola_14726,14,0,14,0.07565516978502274,0
molecola_14726,15,0,15,0.005433340091258287,0
molecola_14726,16,0,16,0.02107754535973072,0
molecola_14726,17,0,17,0.016608599573373795,0
molecola_14726,18,0,18,0.004281236324459314,0
molecola_14726,19,0,19,0.002102744532749057,0
molecola_14726,20,0,20,0.0021000069100409746,0
molecola_14726,21,0,21,0.02565319836139679,0
molecola_14726,22,0,22,0.0038938201032578945,0
molecola_14726,23,0,23,0.008912705816328526,0
molecola_14726,24,0,24,0.008912705816328526,0
molecola_14726,25,0,25,0.0018573791021481156,0
molecola_14726,26,0,26,0.0051765586249530315,0
molecola_14726,27,0,27,0.015641886740922928,0
molecola_14726,28,0,28,0.037214245647192,0
molecola_14726,29,0,29,0.045334137976169586,0
molecola_14726,30,0,30,0.09569945186376572,0
molecola_14726,31,0,31,0.016528362408280373,0
molecola_14726,32,0,32,0.04009508714079857,0
molecola_14726,33,0,33,0.09326374530792236,0
molecola_14726,34,0,34,0.005503169260919094,0
molecola_14802,1,1,1,0.9133921265602112,1
molecola_14802,2,1,2,0.9238977432250977,1
molecola_14802,3,1,3,0.457734078168869,0
molecola_14802,4,0,4,0.09172757714986801,0
molecola_14802,5,0,5,0.008580202236771584,0
molecola_14802,6,0,6,0.1917770802974701,0
molecola_14802,7,0,7,0.015512433834373951,0
molecola_14802,8,0,8,0.007162510883063078,0
molecola_14802,9,0,9,0.020017173141241074,0
molecola_14802,10,0,10,0.02263464219868183,0
molecola_14802,11,0,11,0.011989724822342396,0
molecola_14802,12,0,12,0.09519771486520767,0
molecola_14802,13,0,13,0.11344298720359802,0
molecola_14802,14,0,14,0.09519558399915695,0
molecola_14802,15,0,15,0.011740644462406635,0
molecola_14802,16,0,16,0.018794944509863853,0
molecola_14802,17,0,17,0.012941787019371986,0
molecola_14802,18,0,18,0.004492722451686859,0
molecola_14802,19,0,19,0.0026699681766331196,0
molecola_14802,20,0,20,0.003369876416400075,0
molecola_14802,21,1,21,0.6247791051864624,1
molecola_14802,22,1,22,0.5183270573616028,1
molecola_14802,23,0,23,0.5318609476089478,1
molecola_14802,24,0,24,0.49228909611701965,0
molecola_14802,25,0,25,0.5440077185630798,1
molecola_14802,26,0,26,0.5765285491943359,1
molecola_14802,27,0,27,0.5395833849906921,1
molecola_14802,28,0,28,0.5714730024337769,1
molecola_14802,29,0,29,0.5152232646942139,1
molecola_14802,30,0,30,0.5318716168403625,1
molecola_14802,31,0,31,0.5026196837425232,1
molecola_14802,32,0,32,0.5427795052528381,1
molecola_14802,33,0,33,0.5586371421813965,1
molecola_14802,34,0,34,0.5586371421813965,1
molecola_14972,1,0,1,0.5967922210693359,1
molecola_14972,2,0,2,0.10816443711519241,0
molecola_14972,3,0,3,0.5967922210693359,1
molecola_14972,4,1,4,0.8837652802467346,1
molecola_14972,5,0,5,0.0270692128688097,0
molecola_14972,6,0,6,0.005644035525619984,0
molecola_14972,7,0,7,0.02498047612607479,0
molecola_14972,8,0,8,0.09853992611169815,0
molecola_14972,9,0,9,0.13392797112464905,0
molecola_14972,10,0,10,0.09853992611169815,0
molecola_14972,11,0,11,0.02498047612607479,0
molecola_14979,1,1,1,0.9750621914863586,1
molecola_14979,2,1,2,0.9693155288696289,1
molecola_14979,3,0,3,0.011109438724815845,0
molecola_14979,4,0,4,0.002732992172241211,0
molecola_14979,5,0,5,0.0022549733985215425,0
molecola_14979,6,0,6,0.0027376944199204445,0
molecola_14979,7,0,7,0.0020275069400668144,0
molecola_14979,8,0,8,0.0017870798474177718,0
molecola_14979,9,0,9,0.001880250172689557,0
molecola_14979,10,0,10,0.0019395089475437999,0
molecola_14979,11,0,11,0.005355497356504202,0
molecola_14979,12,0,12,0.005355497356504202,0
molecola_14979,13,0,13,0.002024618210271001,0
molecola_14979,14,0,14,0.02156352624297142,0
molecola_14979,15,0,15,0.003044991986826062,0
molecola_14979,16,0,16,0.01676897145807743,0
molecola_14979,17,0,17,0.10667064785957336,0
molecola_14979,18,0,18,0.11478418111801147,0
molecola_14979,19,0,19,0.02637515589594841,0
molecola_14979,20,0,20,0.0074006179347634315,0
molecola_14979,21,0,21,0.004373204428702593,0
molecola_14979,22,0,22,0.0016349614597856998,0
molecola_14979,23,0,23,0.001634191139601171,0
molecola_14979,24,0,24,0.0016716794343665242,0
molecola_14979,25,0,25,0.001556224888190627,0
molecola_14979,26,0,26,0.001556224888190627,0
molecola_14979,27,0,27,0.001556224888190627,0
molecola_15000,1,0,1,0.29597556591033936,0
molecola_15000,2,0,2,0.0811079666018486,0
molecola_15000,3,0,3,0.0453423410654068,0
molecola_15000,4,0,4,0.0028978718910366297,0
molecola_15000,5,0,5,0.002180036623030901,0
molecola_15000,6,0,6,0.0015589167596772313,0
molecola_15000,7,0,7,0.0018208632245659828,0
molecola_15000,8,0,8,0.011618949472904205,0
molecola_15000,9,0,9,0.00583870941773057,0
molecola_15000,10,0,10,0.0027945335023105145,0
molecola_15000,11,0,11,0.002388733671978116,0
molecola_15000,12,0,12,0.034589432179927826,0
molecola_15000,13,0,13,0.0741867646574974,0
molecola_15000,14,0,14,0.27111223340034485,0
molecola_15000,15,1,15,0.9042405486106873,1
molecola_15000,16,1,16,0.9255138039588928,1
molecola_15000,17,1,17,0.9130145907402039,1
molecola_15000,18,1,18,0.8046571016311646,1
molecola_15000,19,0,19,0.8046571016311646,1
molecola_15000,20,1,20,0.9824166297912598,1
molecola_15000,21,0,21,0.8906118273735046,1
molecola_15000,22,1,22,0.8906118273735046,1
molecola_15000,23,0,23,0.001748915878124535,0
molecola_15000,24,0,24,0.001558869844302535,0
molecola_15000,25,0,25,0.001558869844302535,0
molecola_15000,26,0,26,0.001558869844302535,0
molecola_15241,1,0,1,0.016814932227134705,0
molecola_15241,2,0,2,0.004394921008497477,0
molecola_15241,3,0,3,0.016814932227134705,0
molecola_15241,4,0,4,0.003952244762331247,0
molecola_15241,5,0,5,0.04271368682384491,0
molecola_15241,6,0,6,0.002935894997790456,0
molecola_15241,7,0,7,0.002137161558493972,0
molecola_15241,8,0,8,0.002266227500513196,0
molecola_15241,9,0,9,0.0017388402484357357,0
molecola_15241,10,0,10,0.0021001046989113092,0
molecola_15241,11,0,11,0.00475248834118247,0
molecola_15241,12,0,12,0.011896118521690369,0
molecola_15241,13,0,13,0.01615462265908718,0
molecola_15241,14,0,14,0.01778210513293743,0
molecola_15241,15,0,15,0.006750963162630796,0
molecola_15241,16,0,16,0.01915205828845501,0
molecola_15241,17,0,17,0.031708527356386185,0
molecola_15241,18,0,18,0.031708527356386185,0
molecola_15241,19,0,19,0.004478649701923132,0
molecola_15241,20,0,20,0.0024356527719646692,0
molecola_15241,21,0,21,0.03199222683906555,0
molecola_15241,22,0,22,0.48539915680885315,0
molecola_15241,23,1,23,0.580838143825531,1
molecola_15241,24,1,24,0.961516797542572,1
molecola_15241,25,1,25,0.9598500728607178,1
molecola_15241,26,1,26,0.8915475010871887,1
molecola_15241,27,0,27,0.4650494158267975,0
molecola_15241,28,0,28,0.07607722282409668,0
molecola_15241,29,0,29,0.02639235556125641,0
molecola_15241,30,0,30,0.09968124330043793,0
molecola_15241,31,0,31,0.1338840126991272,0
molecola_15241,32,0,32,0.09968124330043793,0
molecola_15241,33,0,33,0.02639235556125641,0
molecola_15241,34,0,34,0.12306120991706848,0
molecola_15241,35,0,35,0.018119536340236664,0
molecola_15241,36,0,36,0.0027232300490140915,0
molecola_15241,37,0,37,0.005418574903160334,0
molecola_15241,38,0,38,0.005776975769549608,0
molecola_15241,39,0,39,0.010183884762227535,0
molecola_15241,40,0,40,0.04508693516254425,0
molecola_15241,41,0,41,0.11481863260269165,0
molecola_15241,42,0,42,0.14725801348686218,0
molecola_15241,43,0,43,0.0345485657453537,0
molecola_15241,44,0,44,0.005674057640135288,0
molecola_15241,45,0,45,0.005752790719270706,0
molecola_15241,46,0,46,0.024892425164580345,0
molecola_15241,47,0,47,0.09865392744541168,0
molecola_15241,48,0,48,0.1339619755744934,0
molecola_15241,49,0,49,0.09865392744541168,0
molecola_15241,50,0,50,0.024892425164580345,0
molecola_15351,1,0,1,0.13045641779899597,0
molecola_15351,2,0,2,0.1172766163945198,0
molecola_15351,3,0,3,0.14471670985221863,0
molecola_15351,4,0,4,0.08201301097869873,0
molecola_15351,5,0,5,0.03075600415468216,0
molecola_15351,6,0,6,0.03763648495078087,0
molecola_15351,7,0,7,0.0264220479875803,0
molecola_15351,8,0,8,0.02372130937874317,0
molecola_15351,9,0,9,0.10116443037986755,0
molecola_15351,10,0,10,0.19005943834781647,0
molecola_15351,11,1,11,0.6005365252494812,1
molecola_15351,12,0,12,0.19005943834781647,0
molecola_15351,13,0,13,0.10116443037986755,0
molecola_15351,14,0,14,0.12879052758216858,0
molecola_15351,15,0,15,0.11578190326690674,0
molecola_15351,16,0,16,0.14399577677249908,0
molecola_15351,17,0,17,0.1601344347000122,0
molecola_15351,18,0,18,0.12483447045087814,0
molecola_15351,19,0,19,0.14039117097854614,0
molecola_1542,1,0,1,0.12315856665372849,0
molecola_1542,2,0,2,0.04480505734682083,0
molecola_1542,3,0,3,0.0977901965379715,0
molecola_1542,4,0,4,0.031150953844189644,0
molecola_1542,5,0,5,0.14614374935626984,0
molecola_1542,6,0,6,0.3253535032272339,0
molecola_1542,7,0,7,0.9432080984115601,1
molecola_1542,8,0,8,0.9431923031806946,1
molecola_1542,9,0,9,0.004385104402899742,0
molecola_1542,10,0,10,0.002071516588330269,0
molecola_1542,11,0,11,0.04762275516986847,0
molecola_1542,12,0,12,0.4659847319126129,0
molecola_1542,13,0,13,0.14054608345031738,0
molecola_1542,14,0,14,0.18270324170589447,0
molecola_1542,15,0,15,0.3426322638988495,0
molecola_1542,16,0,16,0.4198393225669861,0
molecola_1542,17,0,17,0.4147638976573944,0
molecola_1542,18,0,18,0.41279342770576477,0
molecola_1542,19,0,19,0.31610703468322754,0
molecola_1542,20,0,20,0.2454722672700882,0
molecola_1542,21,0,21,0.10480903834104538,0
molecola_1542,22,0,22,0.12606635689735413,0
molecola_1542,23,0,23,0.019815880805253983,0
molecola_1542,24,0,24,0.0025187679566442966,0
molecola_1542,25,0,25,0.12471365928649902,0
molecola_1542,26,0,26,0.21500109136104584,0
molecola_1542,27,0,27,0.1570044308900833,0
molecola_1542,28,1,28,0.9836573004722595,1
molecola_15435,1,0,1,0.0978776291012764,0
molecola_15435,2,0,2,0.10179971158504486,0
molecola_15435,3,0,3,0.07293747365474701,0
molecola_15435,4,0,4,0.5642837285995483,1
molecola_15435,5,0,5,0.0017128241015598178,0
molecola_15435,6,0,6,0.017018646001815796,0
molecola_15435,7,0,7,0.038525212556123734,0
molecola_15435,8,0,8,0.025049569085240364,0
molecola_15435,9,0,9,0.008761955425143242,0
molecola_15435,10,0,10,0.0019256913801655173,0
molecola_15435,11,0,11,0.0013591768220067024,0
molecola_15435,12,0,12,0.007920690812170506,0
molecola_15435,13,0,13,0.00937060546129942,0
molecola_15435,14,0,14,0.1300853043794632,0
molecola_15435,15,0,15,0.28101444244384766,0
molecola_15435,16,0,16,0.07886981964111328,0
molecola_15435,17,1,17,0.9888107776641846,1
molecola_15435,18,0,18,0.16231511533260345,0
molecola_15534,1,0,1,0.020320950075984,0
molecola_15534,2,0,2,0.018849698826670647,0
molecola_15534,3,0,3,0.005714283790439367,0
molecola_15534,4,0,4,0.006710333749651909,0
molecola_15534,5,0,5,0.009100070223212242,0
molecola_15534,6,0,6,0.002677276963368058,0
molecola_15534,7,0,7,0.009100070223212242,0
molecola_15534,8,0,8,0.006710333749651909,0
molecola_15534,9,0,9,0.014933892525732517,0
molecola_15534,10,0,10,0.015394202433526516,0
molecola_15534,11,0,11,0.02587694302201271,0
molecola_15534,12,0,12,0.021645227447152138,0
molecola_15534,13,0,13,0.0606725849211216,0
molecola_15534,14,0,14,0.03896646201610565,0
molecola_15534,15,0,15,0.0075612724758684635,0
molecola_15534,16,0,16,0.019186440855264664,0
molecola_15534,17,0,17,0.12483476847410202,0
molecola_15534,18,0,18,0.1385008543729782,0
molecola_15534,19,0,19,0.15067709982395172,0
molecola_15534,20,0,20,0.0027793780900537968,0
molecola_15534,21,0,21,0.0018807083833962679,0
molecola_15534,22,0,22,0.0031724022701382637,0
molecola_15534,23,0,23,0.002322987886145711,0
molecola_15534,24,0,24,0.005770477000623941,0
molecola_15534,25,0,25,0.0027352271135896444,0
molecola_15534,26,0,26,0.025740282610058784,0
molecola_15534,27,0,27,0.00265752081759274,0
molecola_15534,28,0,28,0.11266949772834778,0
molecola_15534,29,1,29,0.9763594269752502,1
molecola_15534,30,0,30,0.06835218518972397,0
molecola_15534,31,0,31,0.026106946170330048,0
molecola_15534,32,0,32,0.016403470188379288,0
molecola_15534,33,0,33,0.0619976706802845,0
molecola_15534,34,0,34,0.0015976887661963701,0
molecola_15534,35,0,35,0.0016243931604549289,0
molecola_15534,36,0,36,0.02587694302201271,0
molecola_15534,37,0,37,0.015394202433526516,0
molecola_15568,1,1,1,0.9594051837921143,1
molecola_15568,2,1,2,0.9884003400802612,1
molecola_15568,3,1,3,0.9594051837921143,1
molecola_15568,4,0,4,0.062455225735902786,0
molecola_15568,5,0,5,0.0260717011988163,0
molecola_15568,6,0,6,0.05808331444859505,0
molecola_15568,7,0,7,0.08948132395744324,0
molecola_15568,8,0,8,0.09716162830591202,0
molecola_15568,9,0,9,0.030659601092338562,0
molecola_15568,10,0,10,0.0031302389688789845,0
molecola_15568,11,0,11,0.0016096170293167233,0
molecola_15568,12,0,12,0.0034505152143538,0
molecola_15568,13,0,13,0.011081467382609844,0
molecola_15736,1,0,1,0.09184997528791428,0
molecola_15736,2,0,2,0.03424554690718651,0
molecola_15736,3,0,3,0.03565831109881401,0
molecola_15736,4,0,4,0.023135358467698097,0
molecola_15736,5,0,5,0.011468619108200073,0
molecola_15736,6,0,6,0.016101453453302383,0
molecola_15736,7,1,7,0.9562764167785645,1
molecola_15736,8,1,8,0.8934512138366699,1
molecola_15736,9,1,9,0.9633885025978088,1
molecola_15736,10,0,10,0.03298325464129448,0
molecola_15736,11,0,11,0.01190339494496584,0
molecola_15736,12,0,12,0.10292074829339981,0
molecola_15736,13,0,13,0.003949884325265884,0
molecola_15736,14,0,14,0.003949884325265884,0
molecola_15736,15,0,15,0.00469365855678916,0
molecola_15736,16,0,16,0.013798206113278866,0
molecola_15824,1,0,1,0.01389254443347454,0
molecola_15824,2,0,2,0.06504320353269577,0
molecola_15824,3,1,3,0.9644572734832764,1
molecola_15824,4,1,4,0.9742530584335327,1
molecola_15824,5,0,5,0.9644572734832764,1
molecola_15824,6,0,6,0.9742530584335327,1
molecola_15824,7,0,7,0.6117454171180725,1
molecola_15824,8,0,8,0.0025109690614044666,0
molecola_15824,9,0,9,0.0016077635809779167,0
molecola_15824,10,0,10,0.004968738183379173,0
molecola_15824,11,0,11,0.04597756266593933,0
molecola_15824,12,0,12,0.10940615832805634,0
molecola_15824,13,0,13,0.12464672327041626,0
molecola_15824,14,0,14,0.0880407765507698,0
molecola_15824,15,0,15,0.021275432780385017,0
molecola_15824,16,0,16,0.48425185680389404,0
molecola_15824,17,0,17,0.5989839434623718,1
molecola_15824,18,0,18,0.547667384147644,1
molecola_15824,19,0,19,0.9639392495155334,1
molecola_15824,20,0,20,0.9725787043571472,1
molecola_15824,21,0,21,0.021275432780385017,0
molecola_15824,22,0,22,0.0880407765507698,0
molecola_15824,23,0,23,0.12464673817157745,0
molecola_15824,24,0,24,0.10940615832805634,0
molecola_15824,25,0,25,0.045977551490068436,0
molecola_15824,26,0,26,0.004968738183379173,0
molecola_1598,1,1,1,0.9874933362007141,1
molecola_1598,2,0,2,0.08618433028459549,0
molecola_1598,3,0,3,0.5207070708274841,1
molecola_1598,4,0,4,0.2226821631193161,0
molecola_1598,5,0,5,0.1752820760011673,0
molecola_1598,6,0,6,0.00948592834174633,0
molecola_1598,7,0,7,0.0028275614604353905,0
molecola_1598,8,0,8,0.002700760029256344,0
molecola_1598,9,0,9,0.0018415063386783004,0
molecola_1598,10,0,10,0.0044490681029856205,0
molecola_1598,11,0,11,0.005648300517350435,0
molecola_1598,12,0,12,0.007835258729755878,0
molecola_1598,13,0,13,0.003815369214862585,0
molecola_1598,14,0,14,0.006487119942903519,0
molecola_1598,15,0,15,0.020282672718167305,0
molecola_1598,16,0,16,0.34093520045280457,0
molecola_16035,1,0,1,0.09991177916526794,0
molecola_16035,2,0,2,0.0572262667119503,0
molecola_16035,3,0,3,0.056107379496097565,0
molecola_16035,4,0,4,0.026983335614204407,0
molecola_16035,5,0,5,0.027861297130584717,0
molecola_16035,6,0,6,0.030209535732865334,0
molecola_16035,7,0,7,0.08672859519720078,0
molecola_16035,8,0,8,0.7359240651130676,1
molecola_16035,9,0,9,0.7587483525276184,1
molecola_16035,10,0,10,0.8451837301254272,1
molecola_16035,11,1,11,0.9822955131530762,1
molecola_16035,12,0,12,0.8881974220275879,1
molecola_16035,13,1,13,0.8881974220275879,1
molecola_16035,14,0,14,0.04263455793261528,0
molecola_16035,15,0,15,0.05688045173883438,0
molecola_16035,16,0,16,0.057358354330062866,0
molecola_16035,17,0,17,0.10032135248184204,0
molecola_16112,1,0,1,0.12496573477983475,0
molecola_16112,2,0,2,0.10577145218849182,0
molecola_16112,3,0,3,0.2097063958644867,0
molecola_16112,4,0,4,0.043202873319387436,0
molecola_16112,5,0,5,0.010153772309422493,0
molecola_16112,6,0,6,0.018635736778378487,0
molecola_16112,7,0,7,0.3185631334781647,0
molecola_16112,8,0,8,0.3736775517463684,0
molecola_16112,9,0,9,0.249672070145607,0
molecola_16112,10,0,10,0.265276163816452,0
molecola_16112,11,0,11,0.3409152328968048,0
molecola_16112,12,0,12,0.3302455246448517,0
molecola_16112,13,0,13,0.0016410289099439979,0
molecola_16112,14,0,14,0.848376452922821,1
molecola_16112,15,0,15,0.8729986548423767,1
molecola_16112,16,1,16,0.9077321887016296,1
molecola_16112,17,0,17,0.8729986548423767,1
molecola_16112,18,0,18,0.848376452922821,1
molecola_16112,19,1,19,0.9821593165397644,1
molecola_16112,20,0,20,0.8934137225151062,1
molecola_16112,21,1,21,0.8934137225151062,1
molecola_16112,22,0,22,0.002090388908982277,0
molecola_16112,23,0,23,0.02267071045935154,0
molecola_16160,1,1,1,0.98493492603302,1
molecola_16160,2,0,2,0.07745091617107391,0
molecola_16160,3,0,3,0.052666183561086655,0
molecola_16160,4,0,4,0.01708044297993183,0
molecola_16160,5,0,5,0.0016332492232322693,0
molecola_16160,6,0,6,0.008302214555442333,0
molecola_16160,7,0,7,0.031085489317774773,0
molecola_16160,8,0,8,0.06452839821577072,0
molecola_16160,9,0,9,0.04802913963794708,0
molecola_16160,10,0,10,0.00597651582211256,0
molecola_16160,11,0,11,0.0026536891236901283,0
molecola_16160,12,0,12,0.06035150960087776,0
molecola_16160,13,0,13,0.010877110064029694,0
molecola_16160,14,0,14,0.019060080870985985,0
molecola_16160,15,0,15,0.005740739870816469,0
molecola_16160,16,0,16,0.0016928132390603423,0
molecola_16160,17,0,17,0.0015942536992952228,0
molecola_16160,18,0,18,0.0013807149371132255,0
molecola_16160,19,0,19,0.001580579555593431,0
molecola_16160,20,0,20,0.002685246290639043,0
molecola_16221,1,0,1,0.0030857862439006567,0
molecola_16221,2,0,2,0.005497277248650789,0
molecola_16221,3,0,3,0.04059905558824539,0
molecola_16221,4,0,4,0.12536422908306122,0
molecola_16221,5,0,5,0.08711764216423035,0
molecola_16221,6,0,6,0.010568493977189064,0
molecola_16221,7,0,7,0.0015861555002629757,0
molecola_16221,8,0,8,0.0019602410029619932,0
molecola_16221,9,0,9,0.0016832429682835937,0
molecola_16221,10,0,10,0.0018656604224815965,0
molecola_16221,11,0,11,0.015362398698925972,0
molecola_16221,12,0,12,0.10709311813116074,0
molecola_16221,13,1,13,0.9279467463493347,1
molecola_16221,14,1,14,0.9510403871536255,1
molecola_16221,15,0,15,0.00985495001077652,0
molecola_16221,16,0,16,0.016435807570815086,0
molecola_16221,17,0,17,0.005315398331731558,0
molecola_16221,18,0,18,0.0042679524049162865,0
molecola_16221,19,0,19,0.0016270843334496021,0
molecola_16221,20,0,20,0.0019698189571499825,0
molecola_16221,21,0,21,0.0031361908186227083,0
molecola_16267,1,0,1,0.07230442017316818,0
molecola_16267,2,0,2,0.01757028140127659,0
molecola_16267,3,0,3,0.016673168167471886,0
molecola_16267,4,0,4,0.029467493295669556,0
molecola_16267,5,0,5,0.02918241173028946,0
molecola_16267,6,0,6,0.01596916653215885,0
molecola_16267,7,0,7,0.0646357387304306,0
molecola_16267,8,0,8,0.05517472326755524,0
molecola_16267,9,0,9,0.047892797738313675,0
molecola_16267,10,0,10,0.00643617520108819,0
molecola_16267,11,0,11,0.0023221990559250116,0
molecola_16267,12,0,12,0.007416025269776583,0
molecola_16267,13,0,13,0.5736545324325562,1
molecola_16267,14,0,14,0.010565049014985561,0
molecola_16267,15,0,15,0.04802314192056656,0
molecola_16267,16,0,16,0.2201070785522461,0
molecola_16267,17,0,17,0.31317052245140076,0
molecola_16267,18,0,18,0.31317052245140076,0
molecola_16267,19,0,19,0.31317052245140076,0
molecola_16267,20,0,20,0.0016331217484548688,0
molecola_16267,21,0,21,0.0020667100325226784,0
molecola_16267,22,0,22,0.016540970653295517,0
molecola_16267,23,0,23,0.0030260535422712564,0
molecola_16267,24,0,24,0.0024956935085356236,0
molecola_16267,25,0,25,0.058408185839653015,0
molecola_16267,26,0,26,0.07198178768157959,0
molecola_16267,27,0,27,0.022066375240683556,0
molecola_16267,28,0,28,0.002177929738536477,0
molecola_16267,29,0,29,0.0016042793868109584,0
molecola_16267,30,0,30,0.0016231780173256993,0
molecola_16267,31,0,31,0.0017307625385001302,0
molecola_16267,32,0,32,0.0013018703320994973,0
molecola_16267,33,0,33,0.002271955367177725,0
molecola_16267,34,0,34,0.003350636688992381,0
molecola_16267,35,0,35,0.003269538749009371,0
molecola_16267,36,0,36,0.0016242850106209517,0
molecola_16267,37,0,37,0.0018612293060868979,0
molecola_16267,38,0,38,0.0015601834747940302,0
molecola_16267,39,0,39,0.0016608608420938253,0
molecola_16267,40,1,40,0.9893040657043457,1
molecola_16267,41,1,41,0.962311863899231,1
molecola_16267,42,1,42,0.962311863899231,1
molecola_16419,1,0,1,0.08569231629371643,0
molecola_16419,2,0,2,0.10615358501672745,0
molecola_16419,3,0,3,0.06329476088285446,0
molecola_16419,4,0,4,0.057475000619888306,0
molecola_16419,5,0,5,0.02835393138229847,0
molecola_16419,6,0,6,0.012729453854262829,0
molecola_16419,7,0,7,0.004383023362606764,0
molecola_16419,8,0,8,0.01642676070332527,0
molecola_16419,9,0,9,0.06855800002813339,0
molecola_16419,10,0,10,0.002587568014860153,0
molecola_16419,11,0,11,0.0033255761954933405,0
molecola_16419,12,0,12,0.0033476254902780056,0
molecola_16419,13,0,13,0.004180790390819311,0
molecola_16419,14,0,14,0.003503345185890794,0
molecola_16419,15,0,15,0.001581333577632904,0
molecola_16419,16,0,16,0.006582340691238642,0
molecola_16419,17,0,17,0.5366437435150146,1
molecola_16419,18,1,18,0.8953037858009338,1
molecola_16419,19,0,19,0.8206266164779663,1
molecola_16419,20,0,20,0.8206266164779663,1
molecola_16419,21,1,21,0.982062041759491,1
molecola_16419,22,0,22,0.8864356279373169,1
molecola_16419,23,1,23,0.8864356279373169,1
molecola_16419,24,0,24,0.0017280376050621271,0
molecola_16419,25,0,25,0.03176230192184448,0
molecola_16419,26,0,26,0.07904954999685287,0
molecola_16419,27,0,27,0.17094936966896057,0
molecola_16419,28,0,28,0.17094936966896057,0
molecola_16419,29,0,29,0.17094936966896057,0
molecola_16419,30,0,30,0.002163427183404565,0
molecola_16419,31,0,31,0.007441554684191942,0
molecola_16419,32,0,32,0.033271584659814835,0
molecola_16419,33,0,33,0.019857527688145638,0
molecola_16419,34,0,34,0.010616779327392578,0
molecola_16419,35,0,35,0.010316641069948673,0
molecola_16419,36,0,36,0.017146145924925804,0
molecola_16419,37,0,37,0.03383150324225426,0
molecola_16419,38,0,38,0.020991545170545578,0
molecola_16419,39,0,39,0.03743816167116165,0
molecola_16419,40,0,40,0.04125174134969711,0
molecola_16419,41,0,41,0.047557324171066284,0
molecola_16419,42,0,42,0.04559783264994621,0
molecola_16419,43,0,43,0.018868181854486465,0
molecola_16419,44,0,44,0.004021523054689169,0
molecola_16419,45,0,45,0.0033476254902780056,0
molecola_16419,46,0,46,0.0033255761954933405,0
molecola_16534,1,0,1,0.09570814669132233,0
molecola_16534,2,0,2,0.032160427421331406,0
molecola_16534,3,0,3,0.1187758520245552,0
molecola_16534,4,0,4,0.13408330082893372,0
molecola_16534,5,0,5,0.2186182737350464,0
molecola_16534,6,1,6,0.9086797833442688,1
molecola_16534,7,0,7,0.06867895275354385,0
molecola_16534,8,0,8,0.1258668750524521,0
molecola_16534,9,1,9,0.9165737628936768,1
molecola_16534,10,0,10,0.015079708769917488,0
molecola_16534,11,0,11,0.003921089228242636,0
molecola_16534,12,0,12,0.0014234145637601614,0
molecola_16534,13,0,13,0.0019073889125138521,0
molecola_16534,14,0,14,0.006621712818741798,0
molecola_16534,15,0,15,0.0035317675210535526,0
molecola_16534,16,0,16,0.036618463695049286,0
molecola_16534,17,0,17,0.11851228773593903,0
molecola_16534,18,0,18,0.07533098757266998,0
molecola_16669,1,1,1,0.9889135956764221,1
molecola_16669,2,0,2,0.054053135216236115,0
molecola_16669,3,0,3,0.10337527096271515,0
molecola_16669,4,0,4,0.0856405645608902,0
molecola_16669,5,0,5,0.01359313540160656,0
molecola_16669,6,0,6,0.0022552814334630966,0
molecola_16669,7,0,7,0.0016008666716516018,0
molecola_16669,8,0,8,0.015022260136902332,0
molecola_16669,9,0,9,0.01366919931024313,0
molecola_16669,10,0,10,0.0020215290132910013,0
molecola_16669,11,0,11,0.0017163980519399047,0
molecola_16669,12,0,12,0.002127264626324177,0
molecola_16669,13,0,13,0.005873674526810646,0
molecola_16669,14,0,14,0.02674768678843975,0
molecola_16669,15,0,15,0.05116279050707817,0
molecola_16669,16,0,16,0.01795363798737526,0
molecola_16669,17,0,17,0.0038204998709261417,0
molecola_16669,18,0,18,0.0016817165305837989,0
molecola_16669,19,0,19,0.0016817165305837989,0
molecola_16669,20,0,20,0.06158721446990967,0
molecola_16669,21,0,21,0.08046526461839676,0
molecola_16669,22,0,22,0.05832678824663162,0
molecola_16669,23,0,23,0.009327184408903122,0
molecola_16669,24,0,24,0.024981921538710594,0
molecola_16669,25,0,25,0.024981921538710594,0
molecola_16669,26,0,26,0.02114516869187355,0
molecola_16686,1,0,1,0.14982137084007263,0
molecola_16686,2,0,2,0.1365569680929184,0
molecola_16686,3,0,3,0.1734285056591034,0
molecola_16686,4,0,4,0.10535435378551483,0
molecola_16686,5,0,5,0.014827198348939419,0
molecola_16686,6,0,6,0.006866999436169863,0
molecola_16686,7,0,7,0.0024087594356387854,0
molecola_16686,8,0,8,0.0014326429227367043,0
molecola_16686,9,0,9,0.0126070287078619,0
molecola_16686,10,0,10,0.018678590655326843,0
molecola_16686,11,0,11,0.12306588888168335,0
molecola_16686,12,1,12,0.919955313205719,1
molecola_16686,13,1,13,0.9473344683647156,1
molecola_16686,14,0,14,0.0436970591545105,0
molecola_16686,15,0,15,0.05830199643969536,0
molecola_16686,16,0,16,0.18043823540210724,0
molecola_16686,17,0,17,0.3656199276447296,0
molecola_16686,18,0,18,0.34802863001823425,0
molecola_16686,19,0,19,0.3662640154361725,0
molecola_16686,20,0,20,0.18026819825172424,0
molecola_16686,21,0,21,0.03839447349309921,0
molecola_16686,22,0,22,0.005605638492852449,0
molecola_16686,23,0,23,0.03585347905755043,0
molecola_16686,24,0,24,0.11051356047391891,0
molecola_16686,25,0,25,0.10935715585947037,0
molecola_16686,26,0,26,0.13367579877376556,0
molecola_16866,1,0,1,0.6400943398475647,1
molecola_16866,2,0,2,0.2880300283432007,0
molecola_16866,3,1,3,0.9194602966308594,1
molecola_16866,4,0,4,0.5342369675636292,1
molecola_16866,5,0,5,0.022171633318066597,0
molecola_16866,6,0,6,0.033507224172353745,0
molecola_16866,7,1,7,0.9591505527496338,1
molecola_16866,8,1,8,0.9742082357406616,1
molecola_16866,9,0,9,0.008138954639434814,0
molecola_16866,10,0,10,0.04733728617429733,0
molecola_16866,11,0,11,0.004124626517295837,0
molecola_16866,12,0,12,0.03302928805351257,0
molecola_16866,13,0,13,0.9448634386062622,1
molecola_16866,14,0,14,0.5188437700271606,1
molecola_16866,15,0,15,0.8745599985122681,1
molecola_16866,16,0,16,0.8275099992752075,1
molecola_16866,17,0,17,0.04187821224331856,0
molecola_16866,18,0,18,0.08072897791862488,0
molecola_16866,19,0,19,0.09485826641321182,0
molecola_16866,20,0,20,0.10769830644130707,0
molecola_16866,21,0,21,0.13231916725635529,0
molecola_16866,22,0,22,0.13394294679164886,0
molecola_16866,23,0,23,0.13231916725635529,0
molecola_16866,24,0,24,0.10769830644130707,0
molecola_16866,25,0,25,0.0178717989474535,0
molecola_16866,26,0,26,0.007235592231154442,0
molecola_16866,27,0,27,0.05813726410269737,0
molecola_16866,28,0,28,0.07034239917993546,0
molecola_16866,29,0,29,0.025146443396806717,0
molecola_16866,30,0,30,0.0021714679896831512,0
molecola_16866,31,0,31,0.0021532028913497925,0
molecola_16866,32,0,32,0.00538391899317503,0
molecola_16866,33,0,33,0.0014545585727319121,0
molecola_16866,34,0,34,0.0014087449526414275,0
molecola_16882,1,0,1,0.055674366652965546,0
molecola_16882,2,0,2,0.023513684049248695,0
molecola_16882,3,0,3,0.055674366652965546,0
molecola_16882,4,0,4,0.06288223713636398,0
molecola_16882,5,0,5,0.0048904758878052235,0
molecola_16882,6,0,6,0.04949779435992241,0
molecola_16882,7,0,7,0.0024457541294395924,0
molecola_16882,8,0,8,0.001773868571035564,0
molecola_16882,9,0,9,0.009563942439854145,0
molecola_16882,10,0,10,0.05590139329433441,0
molecola_16882,11,0,11,0.02632615901529789,0
molecola_16882,12,0,12,0.00453138817101717,0
molecola_16882,13,0,13,0.008516846224665642,0
molecola_16882,14,0,14,0.004319299478083849,0
molecola_16882,15,0,15,0.03777037188410759,0
molecola_16882,16,0,16,0.11782854050397873,0
molecola_16882,17,0,17,0.11026926338672638,0
molecola_16882,18,0,18,0.031013313680887222,0
molecola_16882,19,0,19,0.0025410966482013464,0
molecola_16882,20,0,20,0.0016029792604967952,0
molecola_16882,21,0,21,0.004172286484390497,0
molecola_16882,22,0,22,0.002307003363966942,0
molecola_16882,23,0,23,0.03144344314932823,0
molecola_16882,24,0,24,0.009240797720849514,0
molecola_16882,25,0,25,0.0152821596711874,0
molecola_16882,26,0,26,0.5291672945022583,1
molecola_16882,27,0,27,0.05763433873653412,0
molecola_16882,28,0,28,0.09582864493131638,0
molecola_16882,29,1,29,0.6172561049461365,1
molecola_16882,30,0,30,0.05976368859410286,0
molecola_16882,31,1,31,0.9894668459892273,1
molecola_16882,32,1,32,0.6172561049461365,1
molecola_16882,33,0,33,0.09582864493131638,0
molecola_17057,1,0,1,0.01462311577051878,0
molecola_17057,2,0,2,0.03415905684232712,0
molecola_17057,3,0,3,0.0512833446264267,0
molecola_17057,4,0,4,0.07408960908651352,0
molecola_17057,5,0,5,0.05852380767464638,0
molecola_17057,6,0,6,0.02005758322775364,0
molecola_17057,7,0,7,0.05254144221544266,0
molecola_17057,8,0,8,0.07243643701076508,0
molecola_17057,9,0,9,0.05620691180229187,0
molecola_17057,10,0,10,0.03372393548488617,0
molecola_17057,11,0,11,0.01370156742632389,0
molecola_17057,12,0,12,0.013477928005158901,0
molecola_17057,13,0,13,0.0036216718144714832,0
molecola_17057,14,0,14,0.013056245632469654,0
molecola_17057,15,0,15,0.0068307253532111645,0
molecola_17057,16,0,16,0.006769163999706507,0
molecola_17057,17,0,17,0.01294612418860197,0
molecola_17057,18,0,18,0.02837594971060753,0
molecola_17057,19,0,19,0.0026715572457760572,0
molecola_17057,20,0,20,0.004697856958955526,0
molecola_17057,21,0,21,0.002337969373911619,0
molecola_17057,22,0,22,0.0014894555788487196,0
molecola_17057,23,0,23,0.002337969373911619,0
molecola_17057,24,0,24,0.004697856958955526,0
molecola_17057,25,0,25,0.0043031517416238785,0
molecola_17057,26,0,26,0.0018396632513031363,0
molecola_17057,27,0,27,0.006496962159872055,0
molecola_17057,28,0,28,0.06338033825159073,0
molecola_17057,29,0,29,0.015960274264216423,0
molecola_17057,30,1,30,0.20268650352954865,0
molecola_17057,31,0,31,0.1181645318865776,0
molecola_17057,32,1,32,0.9727298021316528,1
molecola_17057,33,1,33,0.23780539631843567,0
molecola_17057,34,0,34,0.048114437609910965,0
molecola_17057,35,0,35,0.07636450976133347,0
molecola_17057,36,0,36,0.1219676062464714,0
molecola_17057,37,0,37,0.10938431322574615,0
molecola_17057,38,0,38,0.04707075655460358,0
molecola_17057,39,0,39,0.003768238937482238,0
molecola_17061,1,0,1,0.03318163752555847,0
molecola_17061,2,0,2,0.6053344011306763,1
molecola_17061,3,0,3,0.010160647332668304,0
molecola_17061,4,0,4,0.006795529741793871,0
molecola_17061,5,0,5,0.036816276609897614,0
molecola_17061,6,0,6,0.03853636607527733,0
molecola_17061,7,0,7,0.07880066335201263,0
molecola_17061,8,0,8,0.15685497224330902,0
molecola_17061,9,0,9,0.11906235665082932,0
molecola_17061,10,0,10,0.10849609225988388,0
molecola_17061,11,0,11,0.3086405098438263,0
molecola_17061,12,0,12,0.10723870992660522,0
molecola_17061,13,1,13,0.9884434342384338,1
molecola_17061,14,0,14,0.24538584053516388,0
molecola_17215,1,0,1,0.15424463152885437,0
molecola_17215,2,0,2,0.11173490434885025,0
molecola_17215,3,0,3,0.23833613097667694,0
molecola_17215,4,0,4,0.3618053197860718,0
molecola_17215,5,1,5,0.969192385673523,1
molecola_17215,6,0,6,0.3682628273963928,0
molecola_17215,7,0,7,0.2627367079257965,0
molecola_17215,8,0,8,0.17875607311725616,0
molecola_17215,9,0,9,0.03728392347693443,0
molecola_17215,10,0,10,0.039412740617990494,0
molecola_17215,11,0,11,0.04177005589008331,0
molecola_17215,12,0,12,0.0061070737428963184,0
molecola_17215,13,0,13,0.0021380027756094933,0
molecola_17215,14,0,14,0.0026767179369926453,0
molecola_17215,15,0,15,0.017644042149186134,0
molecola_17215,16,0,16,0.02994878962635994,0
molecola_17215,17,0,17,0.009118052199482918,0
molecola_17215,18,0,18,0.01921279914677143,0
molecola_17215,19,0,19,0.0077896639704704285,0
molecola_17215,20,0,20,0.004401393234729767,0
molecola_17215,21,0,21,0.008875565603375435,0
molecola_17215,22,0,22,0.1338130235671997,0
molecola_17215,23,0,23,0.17617394030094147,0
molecola_17215,24,0,24,0.2945827841758728,0
molecola_17215,25,0,25,0.14839176833629608,0
molecola_17215,26,0,26,0.205229714512825,0
molecola_17215,27,0,27,0.017733275890350342,0
molecola_17215,28,0,28,0.004195855464786291,0
molecola_17217,1,0,1,0.0034364182502031326,0
molecola_17217,2,0,2,0.006288599688559771,0
molecola_17217,3,0,3,0.08450555056333542,0
molecola_17217,4,0,4,0.1144886463880539,0
molecola_17217,5,0,5,0.05295569822192192,0
molecola_17217,6,0,6,0.0032812263816595078,0
molecola_17217,7,0,7,0.0017542452551424503,0
molecola_17217,8,0,8,0.001933269901201129,0
molecola_17217,9,0,9,0.008179185912013054,0
molecola_17217,10,0,10,0.0017796600004658103,0
molecola_17217,11,0,11,0.0027231131680309772,0
molecola_17217,12,0,12,0.027125248685479164,0
molecola_17217,13,0,13,0.016756296157836914,0
molecola_17217,14,0,14,0.017526881769299507,0
molecola_17217,15,0,15,0.0033481407444924116,0
molecola_17217,16,0,16,0.01335577666759491,0
molecola_17217,17,0,17,0.007248976733535528,0
molecola_17217,18,0,18,0.01898074336349964,0
molecola_17217,19,0,19,0.025181539356708527,0
molecola_17217,20,0,20,0.026624521240592003,0
molecola_17217,21,0,21,0.1733848601579666,0
molecola_17217,22,0,22,0.041598062962293625,0
molecola_17217,23,0,23,0.08792606741189957,0
molecola_17217,24,0,24,0.11168505251407623,0
molecola_17217,25,0,25,0.11168505251407623,0
molecola_17217,26,0,26,0.08792606741189957,0
molecola_17217,27,0,27,0.025181539356708527,0
molecola_17217,28,0,28,0.01898074336349964,0
molecola_17217,29,0,29,0.004358827602118254,0
molecola_17217,30,0,30,0.0022776718251407146,0
molecola_17217,31,0,31,0.02654029056429863,0
molecola_17217,32,0,32,0.0067987097427248955,0
molecola_17217,33,0,33,0.013645997270941734,0
molecola_17217,34,0,34,0.004256433807313442,0
molecola_17217,35,0,35,0.0033038239926099777,0
molecola_17217,36,1,36,0.9707683324813843,1
molecola_17217,37,1,37,0.9771148562431335,1
molecola_17217,38,0,38,0.0014532640343531966,0
molecola_17217,39,0,39,0.0022087430115789175,0
molecola_17217,40,0,40,0.0017451206222176552,0
molecola_17217,41,0,41,0.0015921443700790405,0
molecola_17217,42,0,42,0.0015921443700790405,0
molecola_17217,43,0,43,0.0015921443700790405,0
molecola_17330,1,1,1,0.9077485799789429,1
molecola_17330,2,1,2,0.915288507938385,1
molecola_17330,3,1,3,0.4612973928451538,0
molecola_17330,4,0,4,0.5641505718231201,1
molecola_17330,5,0,5,0.16077475249767303,0
molecola_17330,6,1,6,0.20837903022766113,0
molecola_17330,7,0,7,0.2817605137825012,0
molecola_17330,8,1,8,0.10577862709760666,0
molecola_17330,9,0,9,0.04036238044500351,0
molecola_17330,10,0,10,0.002448132261633873,0
molecola_17330,11,0,11,0.0024576822761446238,0
molecola_17330,12,0,12,0.0033184289932250977,0
molecola_17330,13,0,13,0.003181999549269676,0
molecola_17330,14,0,14,0.0016709371702745557,0
molecola_17330,15,0,15,0.0033184289932250977,0
molecola_17330,16,0,16,0.0024576822761446238,0
molecola_17330,17,0,17,0.008041631430387497,0
molecola_17330,18,0,18,0.025401413440704346,0
molecola_17330,19,0,19,0.11387813836336136,0
molecola_17330,20,0,20,0.1325695514678955,0
molecola_17330,21,0,21,0.13089478015899658,0
molecola_17330,22,0,22,0.05752664431929588,0
molecola_17375,1,0,1,0.09380447119474411,0
molecola_17375,2,0,2,0.03128848224878311,0
molecola_17375,3,0,3,0.04382265359163284,0
molecola_17375,4,0,4,0.020968444645404816,0
molecola_17375,5,0,5,0.12189920991659164,0
molecola_17375,6,0,6,0.03875815123319626,0
molecola_17375,7,0,7,0.09432458877563477,0
molecola_17375,8,0,8,0.0501871258020401,0
molecola_17375,9,0,9,0.06486387550830841,0
molecola_17375,10,0,10,0.021620849147439003,0
molecola_17375,11,0,11,0.006354025565087795,0
molecola_17375,12,0,12,0.007689473684877157,0
molecola_17375,13,0,13,0.03454052656888962,0
molecola_17375,14,0,14,0.13831622898578644,0
molecola_17375,15,0,15,0.04718254879117012,0
molecola_17375,16,0,16,0.03136301413178444,0
molecola_17375,17,0,17,0.07029621303081512,0
molecola_17375,18,0,18,0.14410029351711273,0
molecola_17375,19,0,19,0.4496980607509613,0
molecola_17375,20,0,20,0.40241608023643494,0
molecola_17375,21,0,21,0.5985313057899475,1
molecola_17375,22,0,22,0.5683693885803223,1
molecola_17375,23,1,23,0.9638335704803467,1
molecola_17375,24,1,24,0.9725787043571472,1
molecola_17375,25,0,25,0.14410030841827393,0
molecola_17375,26,0,26,0.4496980607509613,0
molecola_17375,27,0,27,0.07029621303081512,0
molecola_17613,1,0,1,0.01662534475326538,0
molecola_17613,2,0,2,0.07206428050994873,0
molecola_17613,3,0,3,0.09575686603784561,0
molecola_17613,4,0,4,0.1757308840751648,0
molecola_17613,5,0,5,0.9215796589851379,1
molecola_17613,6,0,6,0.0709134042263031,0
molecola_17613,7,0,7,0.05779509246349335,0
molecola_17613,8,0,8,0.013248318806290627,0
molecola_17613,9,0,9,0.0707048624753952,0
molecola_17613,10,0,10,0.14804886281490326,0
molecola_17613,11,0,11,0.924274206161499,1
molecola_17613,12,0,12,0.10332116484642029,0
molecola_17613,13,0,13,0.13666969537734985,0
molecola_17613,14,1,14,0.9257831573486328,1
molecola_17613,15,0,15,0.07355161011219025,0
molecola_17613,16,0,16,0.07355161011219025,0
molecola_17613,17,0,17,0.13666969537734985,0
molecola_17613,18,0,18,0.9257831573486328,1
molecola_17613,19,0,19,0.10332116484642029,0
molecola_17613,20,0,20,0.14804887771606445,0
molecola_17613,21,0,21,0.924274206161499,1
molecola_17613,22,0,22,0.0707048624753952,0
molecola_17613,23,0,23,0.05779509246349335,0
molecola_17613,24,0,24,0.013248318806290627,0
molecola_17613,25,0,25,0.0709134042263031,0
molecola_17613,26,0,26,0.1757308840751648,0
molecola_17613,27,0,27,0.9215796589851379,1
molecola_17613,28,0,28,0.09575686603784561,0
molecola_17613,29,0,29,0.07206428050994873,0
molecola_17613,30,0,30,0.01662534475326538,0
molecola_17613,31,0,31,0.00460124621167779,0
molecola_17613,32,0,32,0.00460124621167779,0
molecola_17613,33,0,33,0.03149450942873955,0
molecola_17613,34,0,34,0.007355787791311741,0
molecola_17613,35,0,35,0.031766172498464584,0
molecola_17613,36,0,36,0.007355787791311741,0
molecola_17613,37,0,37,0.03149450942873955,0
molecola_17613,38,0,38,0.031766172498464584,0
molecola_17632,1,0,1,0.0020616729743778706,0
molecola_17632,2,0,2,0.00326610472984612,0
molecola_17632,3,0,3,0.011947507970035076,0
molecola_17632,4,0,4,0.06551270931959152,0
molecola_17632,5,0,5,0.21212930977344513,0
molecola_17632,6,1,6,0.9321039915084839,1
molecola_17632,7,1,7,0.9513571858406067,1
molecola_17632,8,0,8,0.059231001883745193,0
molecola_17632,9,0,9,0.10071668028831482,0
molecola_17632,10,0,10,0.12987464666366577,0
molecola_17632,11,0,11,0.14324991405010223,0
molecola_17632,12,0,12,0.10983447730541229,0
molecola_17632,13,0,13,0.09982739388942719,0
molecola_17632,14,0,14,0.030727999284863472,0
molecola_17632,15,0,15,0.013227774761617184,0
molecola_17650,1,0,1,0.014241719618439674,0
molecola_17650,2,0,2,0.005509462207555771,0
molecola_17650,3,0,3,0.0014686910435557365,0
molecola_17650,4,0,4,0.0014092749916017056,0
molecola_17650,5,0,5,0.011118588969111443,0
molecola_17650,6,0,6,0.01720932498574257,0
molecola_17650,7,1,7,0.7207200527191162,1
molecola_17650,8,0,8,0.06320784240961075,0
molecola_17650,9,1,9,0.9894450306892395,1
molecola_17650,10,1,10,0.7207200527191162,1
molecola_17650,11,0,11,0.01720932498574257,0
molecola_17650,12,0,12,0.0020717305596917868,0
molecola_17650,13,0,13,0.003886421676725149,0
molecola_17650,14,0,14,0.015303299762308598,0
molecola_17650,15,0,15,0.03424398601055145,0
molecola_17650,16,1,16,0.502861738204956,1
molecola_17650,17,1,17,0.5013653039932251,1
molecola_17650,18,0,18,0.5192254185676575,1
molecola_17650,19,0,19,0.11679916083812714,0
molecola_17650,20,0,20,0.13258926570415497,0
molecola_17650,21,0,21,0.3226405680179596,0
molecola_17650,22,0,22,0.015303299762308598,0
molecola_17650,23,0,23,0.003886421676725149,0
molecola_17650,24,0,24,0.002115382347255945,0
molecola_17650,25,0,25,0.011057894676923752,0
molecola_17650,26,0,26,0.09197641164064407,0
molecola_17650,27,0,27,0.13353243470191956,0
molecola_17650,28,0,28,0.09197641164064407,0
molecola_17650,29,0,29,0.011057894676923752,0
molecola_17753,1,0,1,0.007422865834087133,0
molecola_17753,2,0,2,0.00541341956704855,0
molecola_17753,3,0,3,0.0021825898438692093,0
molecola_17753,4,0,4,0.00784163735806942,0
molecola_17753,5,0,5,0.019267631694674492,0
molecola_17753,6,1,6,0.9881224036216736,1
molecola_17753,7,0,7,0.9595358967781067,1
molecola_17753,8,1,8,0.9595358967781067,1
molecola_17753,9,0,9,0.011043449863791466,0
molecola_17753,10,0,10,0.0014933086931705475,0
molecola_17753,11,0,11,0.0024149594828486443,0
molecola_17753,12,0,12,0.014894528314471245,0
molecola_17753,13,0,13,0.018278643488883972,0
molecola_17753,14,0,14,0.03302042931318283,0
molecola_17753,15,0,15,0.023372620344161987,0
molecola_17753,16,0,16,0.0065942746587097645,0
molecola_17753,17,1,17,0.9891471862792969,1
molecola_17753,18,0,18,0.9607532024383545,1
molecola_17753,19,1,19,0.9607532024383545,1
molecola_17845,1,0,1,0.001953129656612873,0
molecola_17845,2,0,2,0.027826059609651566,0
molecola_17845,3,0,3,0.00411959970369935,0
molecola_17845,4,0,4,0.010360004380345345,0
molecola_17845,5,0,5,0.006086008157581091,0
molecola_17845,6,0,6,0.0035207609180361032,0
molecola_17845,7,0,7,0.014660878106951714,0
molecola_17845,8,0,8,0.016258161514997482,0
molecola_17845,9,0,9,0.010848530568182468,0
molecola_17845,10,0,10,0.010672198608517647,0
molecola_17845,11,0,11,0.01836286671459675,0
molecola_17845,12,0,12,0.008402084931731224,0
molecola_17845,13,0,13,0.08313214033842087,0
molecola_17845,14,0,14,0.003928010351955891,0
molecola_17845,15,0,15,0.003928010351955891,0
molecola_17845,16,0,16,0.004663052968680859,0
molecola_17845,17,0,17,0.024014193564653397,0
molecola_17845,18,0,18,0.026912497356534004,0
molecola_17845,19,0,19,0.0065430388785898685,0
molecola_17845,20,0,20,0.02140243910253048,0
molecola_17845,21,0,21,0.7567991018295288,1
molecola_17845,22,1,22,0.9552760124206543,1
molecola_17845,23,1,23,0.938345730304718,1
molecola_17845,24,0,24,0.953148365020752,1
molecola_17845,25,0,25,0.9510575532913208,1
molecola_1795,1,0,1,0.3002910912036896,0
molecola_1795,2,0,2,0.05689757689833641,0
molecola_1795,3,0,3,0.034773290157318115,0
molecola_1795,4,0,4,0.0019353788811713457,0
molecola_1795,5,0,5,0.003191735129803419,0
molecola_1795,6,0,6,0.001609580940566957,0
molecola_1795,7,0,7,0.0015549539821222425,0
molecola_1795,8,0,8,0.004080771002918482,0
molecola_1795,9,0,9,0.0019614570774137974,0
molecola_1795,10,0,10,0.0018978448351845145,0
molecola_1795,11,0,11,0.0018836143426597118,0
molecola_1795,12,0,12,0.004406091291457415,0
molecola_1795,13,0,13,0.007355363108217716,0
molecola_1795,14,1,14,0.959479808807373,1
molecola_1795,15,1,15,0.9761956334114075,1
molecola_1795,16,0,16,0.004406091291457415,0
molecola_1795,17,0,17,0.0018836143426597118,0
molecola_1795,18,0,18,0.0019649334717541933,0
molecola_1795,19,0,19,0.0020387384574860334,0
molecola_1795,20,0,20,0.0030286023393273354,0
molecola_1795,21,0,21,0.003127300413325429,0
molecola_1795,22,0,22,0.0030286023393273354,0
molecola_1795,23,0,23,0.0020387384574860334,0
molecola_1795,24,0,24,0.016289735212922096,0
molecola_1795,25,0,25,0.0019296647515147924,0
molecola_1795,26,0,26,0.0019296647515147924,0
molecola_1795,27,0,27,0.0018147039227187634,0
molecola_1797,1,0,1,0.19159431755542755,0
molecola_1797,2,0,2,0.07847266644239426,0
molecola_1797,3,0,3,0.040236275643110275,0
molecola_1797,4,0,4,0.017621394246816635,0
molecola_1797,5,0,5,0.009124482050538063,0
molecola_1797,6,0,6,0.04460183531045914,0
molecola_1797,7,0,7,0.06177453324198723,0
molecola_1797,8,0,8,0.10759329795837402,0
molecola_1797,9,1,9,0.9326797127723694,1
molecola_1797,10,0,10,0.04217737913131714,0
molecola_1797,11,0,11,0.028123563155531883,0
molecola_1797,12,0,12,0.01141414139419794,0
molecola_1797,13,0,13,0.010039991699159145,0
molecola_1797,14,0,14,0.012112990021705627,0
molecola_1797,15,0,15,0.04186802729964256,0
molecola_1797,16,0,16,0.03878549858927727,0
molecola_1797,17,0,17,0.014794203452765942,0
molecola_1797,18,0,18,0.025475604459643364,0
molecola_1797,19,0,19,0.04320072382688522,0
molecola_1797,20,0,20,0.04730858653783798,0
molecola_1797,21,0,21,0.10759329795837402,0
molecola_1797,22,0,22,0.9326797127723694,1
molecola_1797,23,0,23,0.06177453324198723,0
molecola_17989,1,0,1,0.0889817401766777,0
molecola_17989,2,0,2,0.036010466516017914,0
molecola_17989,3,0,3,0.044913385063409805,0
molecola_17989,4,0,4,0.009881106205284595,0
molecola_17989,5,0,5,0.012899843044579029,0
molecola_17989,6,0,6,0.02869926206767559,0
molecola_17989,7,0,7,0.0035464998800307512,0
molecola_17989,8,0,8,0.0022944991942495108,0
molecola_17989,9,0,9,0.002007386414334178,0
molecola_17989,10,0,10,0.0013132027816027403,0
molecola_17989,11,0,11,0.001367183169350028,0
molecola_17989,12,0,12,0.0015033208765089512,0
molecola_17989,13,0,13,0.0023994368966668844,0
molecola_17989,14,0,14,0.0017658047145232558,0
molecola_17989,15,0,15,0.0034822989255189896,0
molecola_17989,16,0,16,0.0041773137636482716,0
molecola_17989,17,0,17,0.0031200633384287357,0
molecola_17989,18,0,18,0.0032887188717722893,0
molecola_17989,19,0,19,0.0031253728084266186,0
molecola_17989,20,0,20,0.0016701689455658197,0
molecola_17989,21,0,21,0.0032887188717722893,0
molecola_17989,22,0,22,0.0031200633384287357,0
molecola_17989,23,0,23,0.0028008813969790936,0
molecola_17989,24,0,24,0.0071109444834291935,0
molecola_17989,25,0,25,0.007999315857887268,0
molecola_17989,26,0,26,0.008731807582080364,0
molecola_17989,27,1,27,0.9575190544128418,1
molecola_17989,28,1,28,0.9760905504226685,1
molecola_17989,29,0,29,0.004975497256964445,0
molecola_17989,30,0,30,0.0016333844978362322,0
molecola_17989,31,0,31,0.06879221647977829,0
molecola_17989,32,0,32,0.12678000330924988,0
molecola_17989,33,0,33,0.07845094054937363,0
molecola_18092,1,0,1,0.07286525517702103,0
molecola_18092,2,0,2,0.02354889176785946,0
molecola_18092,3,0,3,0.044274553656578064,0
molecola_18092,4,0,4,0.0063648344948887825,0
molecola_18092,5,0,5,0.015389181673526764,0
molecola_18092,6,0,6,0.0350620374083519,0
molecola_18092,7,0,7,0.003994042053818703,0
molecola_18092,8,0,8,0.0023000643122941256,0
molecola_18092,9,0,9,0.002732743974775076,0
molecola_18092,10,0,10,0.0015687317354604602,0
molecola_18092,11,0,11,0.001554889720864594,0
molecola_18092,12,0,12,0.0022228157613426447,0
molecola_18092,13,0,13,0.003010089974850416,0
molecola_18092,14,0,14,0.01795811764895916,0
molecola_18092,15,0,15,0.0032607552129775286,0
molecola_18092,16,0,16,0.025548055768013,0
molecola_18092,17,0,17,0.001923412666656077,0
molecola_18092,18,0,18,0.00576507393270731,0
molecola_18092,19,0,19,0.0016749980859458447,0
molecola_18092,20,0,20,0.0016749980859458447,0
molecola_18092,21,0,21,0.0405716672539711,0
molecola_18092,22,0,22,0.08823034912347794,0
molecola_18092,23,0,23,0.08823034912347794,0
molecola_18092,24,0,24,0.08823034912347794,0
molecola_18092,25,0,25,0.004547234158962965,0
molecola_18092,26,0,26,0.022612564265727997,0
molecola_18092,27,0,27,0.022612564265727997,0
molecola_18092,28,0,28,0.016260413452982903,0
molecola_18092,29,0,29,0.002026621252298355,0
molecola_18092,30,0,30,0.006575365550816059,0
molecola_18092,31,0,31,0.01076231338083744,0
molecola_18092,32,0,32,0.003961003851145506,0
molecola_18092,33,0,33,0.0021215220913290977,0
molecola_18092,34,0,34,0.0016105383401736617,0
molecola_18092,35,0,35,0.001679001608863473,0
molecola_18092,36,0,36,0.0016623652772977948,0
molecola_18092,37,0,37,0.0058145602233707905,0
molecola_18092,38,0,38,0.00502376165241003,0
molecola_18092,39,0,39,0.08009277284145355,0
molecola_18092,40,0,40,0.09550153464078903,0
molecola_18092,41,0,41,0.032451361417770386,0
molecola_18092,42,0,42,0.0036842103581875563,0
molecola_18092,43,0,43,0.0016173598123714328,0
molecola_18092,44,0,44,0.0028215781785547733,0
molecola_18092,45,0,45,0.025945208966732025,0
molecola_18092,46,0,46,0.01847165636718273,0
molecola_18092,47,0,47,0.02894325740635395,0
molecola_18092,48,1,48,0.989522397518158,1
molecola_18092,49,1,49,0.9620252251625061,1
molecola_18092,50,1,50,0.9620252251625061,1
molecola_18166,1,0,1,0.014103187248110771,0
molecola_18166,2,0,2,0.04377168044447899,0
molecola_18166,3,0,3,0.01991608552634716,0
molecola_18166,4,0,4,0.008419961668550968,0
molecola_18166,5,0,5,0.029072990640997887,0
molecola_18166,6,1,6,0.054792534559965134,0
molecola_18166,7,1,7,0.07701221853494644,0
molecola_18166,8,1,8,0.9846565127372742,1
molecola_18166,9,0,9,0.9103701710700989,1
molecola_18166,10,1,10,0.9103701710700989,1
molecola_18166,11,0,11,0.007786656729876995,0
molecola_18166,12,0,12,0.008455716073513031,0
molecola_18166,13,0,13,0.06656711548566818,0
molecola_18166,14,0,14,0.13204337656497955,0
molecola_18166,15,0,15,0.06656711548566818,0
molecola_18166,16,0,16,0.008455716073513031,0
molecola_18166,17,0,17,0.020521709695458412,0
molecola_18166,18,0,18,0.029588334262371063,0
molecola_18166,19,0,19,0.004927665926516056,0
molecola_18166,20,0,20,0.0017299585742875934,0
molecola_18166,21,0,21,0.004927665926516056,0
molecola_18166,22,0,22,0.029588334262371063,0
molecola_18166,23,0,23,0.0020335237495601177,0
molecola_18166,24,0,24,0.01966400071978569,0
molecola_18166,25,0,25,0.0021344064734876156,0
molecola_18166,26,0,26,0.005366769153624773,0
molecola_18166,27,0,27,0.00922476314008236,0
molecola_18166,28,0,28,0.006069900002330542,0
molecola_18166,29,0,29,0.0022768464405089617,0
molecola_18166,30,0,30,0.00922476314008236,0
molecola_18166,31,0,31,0.005366769153624773,0
molecola_18199,1,0,1,0.07040121406316757,0
molecola_18199,2,0,2,0.6569981575012207,1
molecola_18199,3,0,3,0.03266296163201332,0
molecola_18199,4,0,4,0.010869693011045456,0
molecola_18199,5,0,5,0.009627971798181534,0
molecola_18199,6,0,6,0.011805780231952667,0
molecola_18199,7,0,7,0.0032422044314444065,0
molecola_18199,8,0,8,0.00556870736181736,0
molecola_18199,9,0,9,0.0268278568983078,0
molecola_18199,10,0,10,0.10746648907661438,0
molecola_18199,11,0,11,0.14451751112937927,0
molecola_18199,12,0,12,0.10890544950962067,0
molecola_18199,13,0,13,0.02913743257522583,0
molecola_18199,14,1,14,0.6189176440238953,1
molecola_18199,15,1,15,0.538686990737915,1
molecola_18199,16,1,16,0.2674848139286041,0
molecola_18199,17,1,17,0.9815592169761658,1
molecola_18199,18,0,18,0.7292290925979614,1
molecola_18199,19,0,19,0.7343146204948425,1
molecola_18199,20,0,20,0.31215769052505493,0
molecola_18199,21,0,21,0.02784845046699047,0
molecola_18303,1,0,1,0.0019202762050554156,0
molecola_18303,2,0,2,0.0023506057914346457,0
molecola_18303,3,0,3,0.0019202762050554156,0
molecola_18303,4,0,4,0.006741770077496767,0
molecola_18303,5,0,5,0.006741770077496767,0
molecola_18303,6,0,6,0.002351457951590419,0
molecola_18303,7,0,7,0.0019202762050554156,0
molecola_18303,8,0,8,0.0019202762050554156,0
molecola_18303,9,0,9,0.0014629755169153214,0
molecola_18303,10,0,10,0.002384195104241371,0
molecola_18303,11,0,11,0.004245492164045572,0
molecola_18303,12,0,12,0.0036834334023296833,0
molecola_18303,13,0,13,0.0036180736497044563,0
molecola_18303,14,0,14,0.007203855086117983,0
molecola_18303,15,0,15,0.013183148577809334,0
molecola_18303,16,0,16,0.006112274248152971,0
molecola_18303,17,0,17,0.002765998709946871,0
molecola_18303,18,0,18,0.0014631426893174648,0
molecola_18303,19,0,19,0.0029885561671108007,0
molecola_18303,20,0,20,0.003652585670351982,0
molecola_18303,21,0,21,0.010390869341790676,0
molecola_18303,22,0,22,0.02294095978140831,0
molecola_18303,23,0,23,0.010390869341790676,0
molecola_18303,24,0,24,0.003652585670351982,0
molecola_18303,25,1,25,0.9897419214248657,1
molecola_18303,26,1,26,0.963212251663208,1
molecola_18303,27,1,27,0.963212251663208,1
molecola_18311,1,1,1,0.9726614952087402,1
molecola_18311,2,1,2,0.9777693748474121,1
molecola_18311,3,0,3,0.7791469097137451,1
molecola_18311,4,0,4,0.7000929713249207,1
molecola_18311,5,0,5,0.23558831214904785,0
molecola_18311,6,0,6,0.7000929713249207,1
molecola_18311,7,0,7,0.7791469097137451,1
molecola_18311,8,0,8,0.002648479538038373,0
molecola_18311,9,0,9,0.001829993911087513,0
molecola_18311,10,0,10,0.0015161558985710144,0
molecola_18311,11,0,11,0.0022813102696090937,0
molecola_18311,12,0,12,0.00776846706867218,0
molecola_18311,13,0,13,0.002807917073369026,0
molecola_18311,14,0,14,0.015196654945611954,0
molecola_18311,15,0,15,0.011307110078632832,0
molecola_18311,16,0,16,0.017000626772642136,0
molecola_18311,17,0,17,0.08901301771402359,0
molecola_18311,18,0,18,0.12661656737327576,0
molecola_18311,19,0,19,0.12063811719417572,0
molecola_18311,20,0,20,0.08777187019586563,0
molecola_18311,21,0,21,0.008659637533128262,0
molecola_18311,22,0,22,0.010877284221351147,0
molecola_18311,23,0,23,0.00207900395616889,0
molecola_18311,24,0,24,0.001737835700623691,0
molecola_18643,1,0,1,0.009659778326749802,0
molecola_18643,2,0,2,0.0048222350887954235,0
molecola_18643,3,0,3,0.009659778326749802,0
molecola_18643,4,0,4,0.24505852162837982,0
molecola_18643,5,0,5,0.6581985950469971,1
molecola_18643,6,0,6,0.9696037173271179,1
molecola_18643,7,0,7,0.9606671333312988,1
molecola_18643,8,0,8,0.6873582005500793,1
molecola_18643,9,0,9,0.6848486065864563,1
molecola_18643,10,0,10,0.5826576948165894,1
molecola_18643,11,0,11,0.2769109606742859,0
molecola_18643,12,1,12,0.9857908487319946,1
molecola_18643,13,0,13,0.3551234006881714,0
molecola_18643,14,0,14,0.1072477251291275,0
molecola_18643,15,0,15,0.026091529056429863,0
molecola_18643,16,0,16,0.0034209543373435736,0
molecola_18643,17,0,17,0.01248463150113821,0
molecola_18643,18,0,18,0.07143109291791916,0
molecola_18643,19,0,19,0.08082129806280136,0
molecola_1867,1,0,1,0.013690455816686153,0
molecola_1867,2,0,2,0.003551170928403735,0
molecola_1867,3,0,3,0.0212283656001091,0
molecola_1867,4,0,4,0.005093434825539589,0
molecola_1867,5,0,5,0.0025900232139974833,0
molecola_1867,6,0,6,0.012414533644914627,0
molecola_1867,7,0,7,0.005698531866073608,0
molecola_1867,8,0,8,0.005698531866073608,0
molecola_1867,9,0,9,0.02743867039680481,0
molecola_1867,10,0,10,0.0398961640894413,0
molecola_1867,11,0,11,0.012629111297428608,0
molecola_1867,12,0,12,0.0036240676417946815,0
molecola_1867,13,0,13,0.0021733813919126987,0
molecola_1867,14,0,14,0.006863407324999571,0
molecola_1867,15,0,15,0.03572505712509155,0
molecola_1867,16,0,16,0.0017805496463552117,0
molecola_1867,17,0,17,0.001557484152726829,0
molecola_1867,18,0,18,0.001557484152726829,0
molecola_1867,19,0,19,0.001557484152726829,0
molecola_1867,20,0,20,0.0019266483141109347,0
molecola_1867,21,0,21,0.0029508417937904596,0
molecola_1867,22,0,22,0.004162582103163004,0
molecola_1867,23,0,23,0.0032190338242799044,0
molecola_1867,24,0,24,0.0033251242712140083,0
molecola_1867,25,0,25,0.0031430674716830254,0
molecola_1867,26,0,26,0.0016701689455658197,0
molecola_1867,27,0,27,0.0033251242712140083,0
molecola_1867,28,0,28,0.0032190338242799044,0
molecola_1867,29,0,29,0.014995403587818146,0
molecola_1867,30,0,30,0.019026346504688263,0
molecola_1867,31,0,31,0.5132984519004822,1
molecola_1867,32,0,32,0.10717353224754333,0
molecola_1867,33,1,33,0.9866385459899902,1
molecola_1867,34,0,34,0.3225443363189697,0
molecola_1867,35,0,35,0.018002312630414963,0
molecola_1867,36,0,36,0.03194135054945946,0
molecola_1867,37,0,37,0.02373017743229866,0
molecola_1870,1,0,1,0.0026528234593570232,0
molecola_1870,2,0,2,0.004027341026812792,0
molecola_1870,3,0,3,0.002124362625181675,0
molecola_1870,4,0,4,0.016219351440668106,0
molecola_1870,5,0,5,0.004313835874199867,0
molecola_1870,6,0,6,0.06324376910924911,0
molecola_1870,7,0,7,0.10273027420043945,0
molecola_1870,8,0,8,0.07624153047800064,0
molecola_1870,9,0,9,0.0036706076934933662,0
molecola_1870,10,0,10,0.002200438641011715,0
molecola_1870,11,0,11,0.0022417500149458647,0
molecola_1870,12,0,12,0.0031875174026936293,0
molecola_1870,13,0,13,0.003191933734342456,0
molecola_1870,14,0,14,0.003960654139518738,0
molecola_1870,15,0,15,0.004071610979735851,0
molecola_1870,16,0,16,0.0037430247757583857,0
molecola_1870,17,0,17,0.0016735625686123967,0
molecola_1870,18,0,18,0.004071610979735851,0
molecola_1870,19,0,19,0.003960654139518738,0
molecola_1870,20,0,20,0.0016946636606007814,0
molecola_1870,21,0,21,0.00252693984657526,0
molecola_1870,22,0,22,0.020763522014021873,0
molecola_1870,23,1,23,0.9085791707038879,1
molecola_1870,24,1,24,0.9836402535438538,1
molecola_1870,25,0,25,0.8887270092964172,1
molecola_1870,26,1,26,0.8887270092964172,1
molecola_18734,1,0,1,0.4037776291370392,0
molecola_18734,2,0,2,0.19566841423511505,0
molecola_18734,3,0,3,0.028193341568112373,0
molecola_18734,4,0,4,0.005847731605172157,0
molecola_18734,5,0,5,0.0020677251741290092,0
molecola_18734,6,0,6,0.003125858725979924,0
molecola_18734,7,0,7,0.002908887341618538,0
molecola_18734,8,0,8,0.004365239292383194,0
molecola_18734,9,0,9,0.0020577358081936836,0
molecola_18734,10,0,10,0.024977242574095726,0
molecola_18734,11,0,11,0.014926915057003498,0
molecola_18734,12,0,12,0.05937006324529648,0
molecola_18734,13,0,13,0.5083866119384766,1
molecola_18734,14,0,14,0.08599904924631119,0
molecola_18734,15,1,15,0.9877524375915527,1
molecola_18734,16,0,16,0.20662660896778107,0
molecola_18734,17,0,17,0.01184928510338068,0
molecola_18734,18,0,18,0.0021312350872904062,0
molecola_18734,19,0,19,0.0030855427030473948,0
molecola_18734,20,0,20,0.0018520004814490676,0
molecola_18734,21,0,21,0.006140515673905611,0
molecola_18734,22,0,22,0.0037946177180856466,0
molecola_18734,23,0,23,0.0021020632702857256,0
molecola_18734,24,0,24,0.0029719111043959856,0
molecola_18734,25,0,25,0.00777891231700778,0
molecola_18734,26,0,26,0.014451852068305016,0
molecola_18734,27,0,27,0.008678077720105648,0
molecola_18734,28,0,28,0.0021150833927094936,0
molecola_18734,29,0,29,0.002261506859213114,0
molecola_18734,30,0,30,0.002159068128094077,0
molecola_18878,1,1,1,0.96080482006073,1
molecola_18878,2,0,2,0.27775508165359497,0
molecola_18878,3,0,3,0.350810170173645,0
molecola_18878,4,0,4,0.5419325828552246,1
molecola_18878,5,0,5,0.6521872878074646,1
molecola_18878,6,0,6,0.5201838612556458,1
molecola_18878,7,0,7,0.4605432450771332,0
molecola_18878,8,0,8,0.5080583095550537,1
molecola_18878,9,0,9,0.36452746391296387,0
molecola_18878,10,0,10,0.2740215063095093,0
molecola_18878,11,0,11,0.40497565269470215,0
molecola_18878,12,0,12,0.3779653012752533,0
molecola_18878,13,0,13,0.3830937445163727,0
molecola_18878,14,0,14,0.2129482626914978,0
molecola_18878,15,0,15,0.1543959379196167,0
molecola_18878,16,0,16,0.10476314276456833,0
molecola_18878,17,0,17,0.24472354352474213,0
molecola_18878,18,0,18,0.41710108518600464,0
molecola_18878,19,0,19,0.5365381240844727,1
molecola_18878,20,0,20,0.4363575279712677,0
molecola_18878,21,0,21,0.2714923024177551,0
molecola_18878,22,0,22,0.26214438676834106,0
molecola_18878,23,1,23,0.9608586430549622,1
molecola_19048,1,0,1,0.7913395762443542,1
molecola_19048,2,0,2,0.9535894393920898,1
molecola_19048,3,0,3,0.958836019039154,1
molecola_19048,4,0,4,0.14313246309757233,0
molecola_19048,5,1,5,0.9561260342597961,1
molecola_19048,6,1,6,0.9523082375526428,1
molecola_19048,7,0,7,0.4028909206390381,0
molecola_19048,8,0,8,0.010123719461262226,0
molecola_19048,9,0,9,0.0031734672375023365,0
molecola_19048,10,0,10,0.016033735126256943,0
molecola_19048,11,0,11,0.020697517320513725,0
molecola_19048,12,0,12,0.005739066284149885,0
molecola_19048,13,0,13,0.1077343225479126,0
molecola_19048,14,0,14,0.946302592754364,1
molecola_19048,15,0,15,0.1729852259159088,0
molecola_19048,16,0,16,0.9399471282958984,1
molecola_19048,17,0,17,0.07733365893363953,0
molecola_19048,18,0,18,0.024573612958192825,0
molecola_19048,19,0,19,0.0014656234998255968,0
molecola_19048,20,0,20,0.0018137729493901134,0
molecola_19048,21,0,21,0.0019489096011966467,0
molecola_19048,22,0,22,0.009132162667810917,0
molecola_19048,23,0,23,0.004487014841288328,0
molecola_19048,24,0,24,0.003231737995520234,0
molecola_19048,25,0,25,0.0018758525839075446,0
molecola_19115,1,0,1,0.004657810553908348,0
molecola_19115,2,0,2,0.004639079794287682,0
molecola_19115,3,0,3,0.0059219421818852425,0
molecola_19115,4,0,4,0.010325423441827297,0
molecola_19115,5,0,5,0.0028596296906471252,0
molecola_19115,6,0,6,0.010325423441827297,0
molecola_19115,7,0,7,0.0059219421818852425,0
molecola_19115,8,0,8,0.016158314421772957,0
molecola_19115,9,0,9,0.022002046927809715,0
molecola_19115,10,0,10,0.03346482291817665,0
molecola_19115,11,0,11,0.015986567363142967,0
molecola_19115,12,0,12,0.002405348466709256,0
molecola_19115,13,0,13,0.0061440235003829,0
molecola_19115,14,0,14,0.015667853876948357,0
molecola_19115,15,0,15,0.018816422671079636,0
molecola_19115,16,0,16,0.009538221172988415,0
molecola_19115,17,0,17,0.013692007400095463,0
molecola_19115,18,0,18,0.03428071737289429,0
molecola_19115,19,0,19,0.784810483455658,1
molecola_19115,20,0,20,0.011299746111035347,0
molecola_19115,21,0,21,0.02310946211218834,0
molecola_19115,22,0,22,0.0019058262696489692,0
molecola_19115,23,0,23,0.10928776860237122,0
molecola_19115,24,0,24,0.4148433804512024,0
molecola_19115,25,0,25,0.0704135075211525,0
molecola_19115,26,1,26,0.9880291819572449,1
molecola_19115,27,0,27,0.09493296593427658,0
molecola_19115,28,0,28,0.01073995977640152,0
molecola_19115,29,0,29,0.006972407456487417,0
molecola_19115,30,0,30,0.0044091022573411465,0
molecola_19340,1,0,1,0.003309116931632161,0
molecola_19340,2,0,2,0.016365977004170418,0
molecola_19340,3,0,3,0.0024294264148920774,0
molecola_19340,4,0,4,0.005255579482764006,0
molecola_19340,5,0,5,0.00790913961827755,0
molecola_19340,6,0,6,0.01140876766294241,0
molecola_19340,7,0,7,0.026603959500789642,0
molecola_19340,8,1,8,0.9890634417533875,1
molecola_19340,9,1,9,0.962317168712616,1
molecola_19340,10,1,10,0.962317168712616,1
molecola_19340,11,0,11,0.004509816411882639,0
molecola_19340,12,0,12,0.025011632591485977,0
molecola_19340,13,0,13,0.9674390554428101,1
molecola_19340,14,0,14,0.9751210808753967,1
molecola_19340,15,0,15,0.0018245261162519455,0
molecola_19340,16,0,16,0.0015708542196080089,0
molecola_19340,17,0,17,0.001416779705323279,0
molecola_19390,1,0,1,0.7930355072021484,1
molecola_19390,2,0,2,0.029202932491898537,0
molecola_19390,3,0,3,0.0357774943113327,0
molecola_19390,4,0,4,0.01974342204630375,0
molecola_19390,5,0,5,0.0287946667522192,0
molecola_19390,6,0,6,0.079245425760746,0
molecola_19390,7,0,7,0.054681841284036636,0
molecola_19390,8,0,8,0.008400755003094673,0
molecola_19390,9,0,9,0.17145372927188873,0
molecola_19390,10,0,10,0.043099381029605865,0
molecola_19390,11,0,11,0.030955826863646507,0
molecola_19390,12,1,12,0.9653208255767822,1
molecola_19390,13,1,13,0.9759474396705627,1
molecola_19390,14,0,14,0.0822572261095047,0
molecola_19390,15,0,15,0.10057521611452103,0
molecola_19390,16,0,16,0.0054370746947824955,0
molecola_19390,17,0,17,0.004228518810123205,0
molecola_19390,18,0,18,0.004818843211978674,0
molecola_19638,1,0,1,0.01765207014977932,0
molecola_19638,2,0,2,0.007019618526101112,0
molecola_19638,3,0,3,0.02018345147371292,0
molecola_19638,4,0,4,0.012448200024664402,0
molecola_19638,5,0,5,0.0372067391872406,0
molecola_19638,6,0,6,0.06733634322881699,0
molecola_19638,7,0,7,0.10118758678436279,0
molecola_19638,8,0,8,0.06733634322881699,0
molecola_19638,9,0,9,0.0372067391872406,0
molecola_19638,10,0,10,0.002237553708255291,0
molecola_19638,11,0,11,0.0015299349324777722,0
molecola_19638,12,0,12,0.002132746623829007,0
molecola_19638,13,0,13,0.0026389630511403084,0
molecola_19638,14,0,14,0.027830539271235466,0
molecola_19638,15,0,15,0.09046142548322678,0
molecola_19638,16,0,16,0.027830539271235466,0
molecola_19638,17,0,17,0.0026389630511403084,0
molecola_19638,18,1,18,0.9683350324630737,1
molecola_19638,19,1,19,0.9615687131881714,1
molecola_19638,20,1,20,0.9490665793418884,1
molecola_19638,21,1,21,0.9735037684440613,1
molecola_19784,1,1,1,0.9699075222015381,1
molecola_19784,2,1,2,0.9788788557052612,1
molecola_19784,3,0,3,0.7978134751319885,1
molecola_19784,4,0,4,0.41335198283195496,0
molecola_19784,5,0,5,0.014921664260327816,0
molecola_19784,6,0,6,0.6851050853729248,1
molecola_19784,7,0,7,0.008429689332842827,0
molecola_19784,8,0,8,0.02203153446316719,0
molecola_19784,9,0,9,0.004270419478416443,0
molecola_19784,10,0,10,0.001748045440763235,0
molecola_19784,11,0,11,0.0017247061477974057,0
molecola_19784,12,0,12,0.002132588531821966,0
molecola_19784,13,0,13,0.006777652073651552,0
molecola_19784,14,0,14,0.012431943789124489,0
molecola_19784,15,0,15,0.019086191430687904,0
molecola_19784,16,0,16,0.015291470102965832,0
molecola_19784,17,0,17,0.012598543427884579,0
molecola_19784,18,0,18,0.0020177336409687996,0
molecola_19784,19,0,19,0.001722861547023058,0
molecola_19784,20,0,20,0.05047031119465828,0
molecola_19784,21,0,21,0.01690836437046528,0
molecola_19784,22,0,22,0.05261576920747757,0
molecola_19784,23,0,23,0.05000228062272072,0
molecola_19784,24,0,24,0.04314786568284035,0
molecola_19784,25,0,25,0.014011153019964695,0
molecola_19784,26,0,26,0.003901456715539098,0
molecola_19784,27,0,27,0.0017403465462848544,0
molecola_19784,28,0,28,0.0017403465462848544,0
molecola_19784,29,0,29,0.0016658121021464467,0
molecola_19784,30,0,30,0.05000228062272072,0
molecola_19784,31,0,31,0.05261576920747757,0
molecola_19833,1,1,1,0.98774254322052,1
molecola_19833,2,0,2,0.08484175056219101,0
molecola_19833,3,0,3,0.534859836101532,1
molecola_19833,4,0,4,0.07885265350341797,0
molecola_19833,5,0,5,0.019362082704901695,0
molecola_19833,6,0,6,0.0017279470339417458,0
molecola_19833,7,0,7,0.015450505539774895,0
molecola_19833,8,0,8,0.0020614727400243282,0
molecola_19833,9,0,9,0.23388592898845673,0
molecola_19936,1,0,1,0.8709501028060913,1
molecola_19936,2,0,2,0.8477076292037964,1
molecola_19936,3,0,3,0.4714109003543854,0
molecola_19936,4,0,4,0.06761465966701508,0
molecola_19936,5,0,5,0.01784277893602848,0
molecola_19936,6,0,6,0.001929756603203714,0
molecola_19936,7,0,7,0.019919486716389656,0
molecola_19936,8,0,8,0.9280602931976318,1
molecola_19936,9,0,9,0.9487695693969727,1
molecola_19936,10,0,10,0.15665532648563385,0
molecola_19936,11,0,11,0.02515423856675625,0
molecola_19936,12,0,12,0.5940907597541809,1
molecola_19936,13,1,13,0.9781680703163147,1
molecola_19936,14,1,14,0.9723604321479797,1
molecola_19936,15,0,15,0.7202291488647461,1
molecola_19936,16,0,16,0.06944550573825836,0
molecola_19936,17,0,17,0.0019017290323972702,0
molecola_19936,18,0,18,0.0018160517793148756,0
molecola_19936,19,0,19,0.002636168384924531,0
molecola_19936,20,0,20,0.16210053861141205,0
molecola_19936,21,0,21,0.929643452167511,1
molecola_19936,22,0,22,0.9399939775466919,1
molecola_19936,23,0,23,0.0031750695779919624,0
molecola_19936,24,0,24,0.0016164698172360659,0
molecola_19936,25,1,25,0.9817686080932617,1
molecola_19936,26,0,26,0.8905219435691833,1
molecola_19936,27,1,27,0.8905219435691833,1
molecola_19983,1,1,1,0.9755936861038208,1
molecola_19983,2,0,2,0.08650070428848267,0
molecola_19983,3,0,3,0.15370674431324005,0
molecola_19983,4,0,4,0.03052113763988018,0
molecola_19983,5,0,5,0.0025176589842885733,0
molecola_19983,6,0,6,0.0020770025439560413,0
molecola_19983,7,0,7,0.01085332129150629,0
molecola_19983,8,0,8,0.08183130621910095,0
molecola_19983,9,0,9,0.0017837808700278401,0
molecola_19983,10,0,10,0.001555398222990334,0
molecola_19983,11,0,11,0.001555398222990334,0
molecola_19983,12,0,12,0.001555398222990334,0
molecola_2000,1,0,1,0.005513638723641634,0
molecola_2000,2,0,2,0.0291699580848217,0
molecola_2000,3,0,3,0.005513638723641634,0
molecola_2000,4,0,4,0.01618717610836029,0
molecola_2000,5,0,5,0.09787175804376602,0
molecola_2000,6,0,6,0.08523156493902206,0
molecola_2000,7,0,7,0.14804114401340485,0
molecola_2000,8,1,8,0.9219876527786255,1
molecola_2000,9,0,9,0.17331072688102722,0
molecola_2000,10,1,10,0.9292775392532349,1
molecola_2000,11,0,11,0.07242495566606522,0
molecola_2000,12,0,12,0.06136799231171608,0
molecola_2000,13,0,13,0.11846902966499329,0
molecola_2000,14,0,14,0.1225164607167244,0
molecola_2000,15,0,15,0.08329525589942932,0
molecola_2000,16,0,16,0.036042824387550354,0
molecola_2000,17,0,17,0.10969953238964081,0
molecola_2000,18,0,18,0.025532521307468414,0
molecola_20103,1,1,1,0.989337682723999,1
molecola_20103,2,0,2,0.0577196404337883,0
molecola_20103,3,0,3,0.5210899114608765,1
molecola_20103,4,0,4,0.11254517734050751,0
molecola_20103,5,0,5,0.06242066249251366,0
molecola_20103,6,0,6,0.11254517734050751,0
molecola_20103,7,0,7,0.5210899114608765,1
molecola_20103,8,0,8,0.0040182089433074,0
molecola_20103,9,0,9,0.012597327120602131,0
molecola_20103,10,0,10,0.008997984230518341,0
molecola_20103,11,0,11,0.004254001192748547,0
molecola_20103,12,0,12,0.009468015283346176,0
molecola_20103,13,0,13,0.0025823491159826517,0
molecola_20103,14,0,14,0.0031636953353881836,0
molecola_20103,15,0,15,0.0017547113820910454,0
molecola_20103,16,0,16,0.005472590681165457,0
molecola_20103,17,0,17,0.0020056532230228186,0
molecola_20103,18,0,18,0.004577965009957552,0
molecola_20103,19,0,19,0.004577965009957552,0
molecola_20103,20,0,20,0.005472587887197733,0
molecola_20103,21,0,21,0.0020056532230228186,0
molecola_20103,22,0,22,0.012090778909623623,0
molecola_20103,23,0,23,0.021120509132742882,0
molecola_20103,24,0,24,0.005861414130777121,0
molecola_20103,25,0,25,0.00929985474795103,0
molecola_20245,1,0,1,0.09145953506231308,0
molecola_20245,2,0,2,0.03360095992684364,0
molecola_20245,3,0,3,0.0391937680542469,0
molecola_20245,4,0,4,0.03957850858569145,0
molecola_20245,5,0,5,0.01730894111096859,0
molecola_20245,6,0,6,0.003691597143188119,0
molecola_20245,7,0,7,0.002093595452606678,0
molecola_20245,8,0,8,0.006620734464377165,0
molecola_20245,9,0,9,0.0014165436150506139,0
molecola_20245,10,0,10,0.0018454513046890497,0
molecola_20245,11,0,11,0.0035563833080232143,0
molecola_20245,12,0,12,0.002335097175091505,0
molecola_20245,13,0,13,0.02940356358885765,0
molecola_20245,14,0,14,0.06328096985816956,0
molecola_20245,15,1,15,0.9328498244285583,1
molecola_20245,16,1,16,0.9522960186004639,1
molecola_20245,17,0,17,0.01832720637321472,0
molecola_20245,18,0,18,0.01946544647216797,0
molecola_20245,19,0,19,0.11642397195100784,0
molecola_20245,20,0,20,0.13459406793117523,0
molecola_20245,21,0,21,0.11642397195100784,0
molecola_20245,22,0,22,0.01946544647216797,0
molecola_20245,23,0,23,0.001623910036869347,0
molecola_20245,24,0,24,0.0024911242071539164,0
molecola_20245,25,0,25,0.0016608164878562093,0
molecola_20245,26,0,26,0.001710137934423983,0
molecola_20245,27,0,27,0.001588888349942863,0
molecola_20245,28,0,28,0.001859327545389533,0
molecola_20245,29,0,29,0.002222902374342084,0
molecola_20245,30,0,30,0.003209457965567708,0
molecola_20245,31,0,31,0.0031924359500408173,0
molecola_20245,32,0,32,0.0016724643064662814,0
molecola_20245,33,0,33,0.003209457965567708,0
molecola_20245,34,0,34,0.002222902374342084,0
molecola_20556,1,0,1,0.0025655643548816442,0
molecola_20556,2,0,2,0.0018797848606482148,0
molecola_20556,3,0,3,0.0036871519405394793,0
molecola_20556,4,0,4,0.001906217192299664,0
molecola_20556,5,0,5,0.0017977604875341058,0
molecola_20556,6,0,6,0.0031635796185582876,0
molecola_20556,7,0,7,0.002942405641078949,0
molecola_20556,8,0,8,0.002881386550143361,0
molecola_20556,9,0,9,0.015459153801202774,0
molecola_20556,10,0,10,0.013502283953130245,0
molecola_20556,11,0,11,0.05198505520820618,0
molecola_20556,12,0,12,0.08179260045289993,0
molecola_20556,13,0,13,0.08179260045289993,0
molecola_20556,14,0,14,0.05198505520820618,0
molecola_20556,15,0,15,0.0033806487917900085,0
molecola_20556,16,0,16,0.0018392035271972418,0
molecola_20556,17,0,17,0.001711324555799365,0
molecola_20556,18,0,18,0.008264184929430485,0
molecola_20556,19,0,19,0.020082248374819756,0
molecola_20556,20,0,20,0.0678953230381012,0
molecola_20556,21,0,21,0.020082248374819756,0
molecola_20556,22,0,22,0.008264184929430485,0
molecola_20556,23,0,23,0.0625155046582222,0
molecola_20556,24,0,24,0.0027607844676822424,0
molecola_20556,25,0,25,0.02511744014918804,0
molecola_20556,26,1,26,0.9834330081939697,1
molecola_20556,27,0,27,0.004124957602471113,0
molecola_20556,28,0,28,0.0020369638223201036,0
molecola_20556,29,0,29,0.0029901510570198298,0
molecola_20556,30,0,30,0.002820093184709549,0
molecola_20556,31,0,31,0.002820093184709549,0
molecola_20573,1,0,1,0.04730076342821121,0
molecola_20573,2,0,2,0.026143433526158333,0
molecola_20573,3,0,3,0.032376181334257126,0
molecola_20573,4,0,4,0.009480517357587814,0
molecola_20573,5,0,5,0.0033675197046250105,0
molecola_20573,6,0,6,0.009480517357587814,0
molecola_20573,7,0,7,0.032376181334257126,0
molecola_20573,8,0,8,0.0030105095356702805,0
molecola_20573,9,0,9,0.0014233067631721497,0
molecola_20573,10,0,10,0.0014233067631721497,0
molecola_20573,11,0,11,0.004660508595407009,0
molecola_20573,12,0,12,0.004801793489605188,0
molecola_20573,13,0,13,0.0022852348629385233,0
molecola_20573,14,0,14,0.030189301818609238,0
molecola_20573,15,0,15,0.013853175565600395,0
molecola_20573,16,0,16,0.0135852862149477,0
molecola_20573,17,0,17,0.05347173288464546,0
molecola_20573,18,1,18,0.6761724948883057,1
molecola_20573,19,1,19,0.9788103103637695,1
molecola_20573,20,1,20,0.9717984795570374,1
molecola_20573,21,1,21,0.7831563949584961,1
molecola_20573,22,0,22,0.13445225358009338,0
molecola_20573,23,0,23,0.1549127995967865,0
molecola_20768,1,1,1,0.8895542025566101,1
molecola_20768,2,1,2,0.9829443097114563,1
molecola_20768,3,1,3,0.8895542025566101,1
molecola_20768,4,1,4,0.8870817422866821,1
molecola_20768,5,0,5,0.0737505853176117,0
molecola_20768,6,0,6,0.00405452074483037,0
molecola_20768,7,0,7,0.00230520311743021,0
molecola_20768,8,0,8,0.0044538648799061775,0
molecola_20768,9,0,9,0.018121711909770966,0
molecola_20768,10,0,10,0.023453542962670326,0
molecola_20768,11,0,11,0.016860445961356163,0
molecola_20768,12,0,12,0.0041708084754645824,0
molecola_20768,13,0,13,0.0019956668838858604,0
molecola_20768,14,0,14,0.0030231403652578592,0
molecola_20768,15,0,15,0.01098621729761362,0
molecola_20768,16,0,16,0.03223740682005882,0
molecola_20768,17,0,17,0.02737629972398281,0
molecola_20768,18,0,18,0.0017636703560128808,0
molecola_20768,19,0,19,0.0015557737788185477,0
molecola_20768,20,0,20,0.0015557737788185477,0
molecola_20768,21,0,21,0.0015557737788185477,0
molecola_20768,22,0,22,0.003009574953466654,0
molecola_20768,23,0,23,0.004457386676222086,0
molecola_20768,24,0,24,0.0023778430186212063,0
molecola_20768,25,0,25,0.053440872579813004,0
molecola_20768,26,0,26,0.11168625205755234,0
molecola_20768,27,0,27,0.10865163803100586,0
molecola_20768,28,0,28,0.0440385602414608,0
molecola_20768,29,0,29,0.002190849743783474,0
molecola_20931,1,1,1,0.9826031923294067,1
molecola_20931,2,0,2,0.09658148139715195,0
molecola_20931,3,0,3,0.216304212808609,0
molecola_20931,4,0,4,0.07961315661668777,0
molecola_20931,5,0,5,0.03172299638390541,0
molecola_20931,6,0,6,0.009015442803502083,0
molecola_20931,7,0,7,0.08422558754682541,0
molecola_20931,8,0,8,0.0063659073784947395,0
molecola_20931,9,0,9,0.0021181683987379074,0
molecola_20931,10,0,10,0.00427324278280139,0
molecola_20931,11,0,11,0.011207320727407932,0
molecola_20931,12,0,12,0.007571398746222258,0
molecola_20931,13,0,13,0.010699460282921791,0
molecola_20931,14,0,14,0.004591550678014755,0
molecola_20931,15,0,15,0.06574941426515579,0
molecola_20931,16,0,16,0.10193488001823425,0
molecola_20931,17,0,17,0.017094088718295097,0
molecola_20931,18,0,18,0.0022663893178105354,0
molecola_20931,19,0,19,0.004043341148644686,0
molecola_20931,20,0,20,0.004556213039904833,0
molecola_20931,21,0,21,0.00476917065680027,0
molecola_20931,22,0,22,0.01789003610610962,0
molecola_20931,23,0,23,0.02047501876950264,0
molecola_20931,24,0,24,0.01789003610610962,0
molecola_20931,25,0,25,0.00476917065680027,0
molecola_20931,26,0,26,0.011281423270702362,0
molecola_20931,27,0,27,0.0158893670886755,0
molecola_20931,28,0,28,0.008977241814136505,0
molecola_20931,29,0,29,0.0073274835012853146,0
molecola_20931,30,0,30,0.0021356225479394197,0
molecola_20995,1,0,1,0.003023794386535883,0
molecola_20995,2,0,2,0.0017854277975857258,0
molecola_20995,3,0,3,0.001959240296855569,0
molecola_20995,4,0,4,0.00538175692781806,0
molecola_20995,5,0,5,0.033084385097026825,0
molecola_20995,6,0,6,0.12193149328231812,0
molecola_20995,7,0,7,0.10686320811510086,0
molecola_20995,8,0,8,0.044804222881793976,0
molecola_20995,9,0,9,0.0023186819162219763,0
molecola_20995,10,0,10,0.0014504380524158478,0
molecola_20995,11,0,11,0.009050481952726841,0
molecola_20995,12,0,12,0.010081298649311066,0
molecola_20995,13,0,13,0.6538638472557068,1
molecola_20995,14,0,14,0.005752997938543558,0
molecola_20995,15,0,15,0.007056668400764465,0
molecola_20995,16,0,16,0.003323362674564123,0
molecola_20995,17,0,17,0.009600666351616383,0
molecola_20995,18,0,18,0.021854329854249954,0
molecola_20995,19,0,19,0.009600666351616383,0
molecola_20995,20,0,20,0.003323362674564123,0
molecola_20995,21,1,21,0.9897828698158264,1
molecola_20995,22,1,22,0.963212251663208,1
molecola_20995,23,1,23,0.963212251663208,1
molecola_21033,1,0,1,0.04597063362598419,0
molecola_21033,2,0,2,0.01928473263978958,0
molecola_21033,3,0,3,0.021718543022871017,0
molecola_21033,4,0,4,0.004482025280594826,0
molecola_21033,5,0,5,0.002031311858445406,0
molecola_21033,6,0,6,0.004482025280594826,0
molecola_21033,7,0,7,0.021718543022871017,0
molecola_21033,8,0,8,0.0035522053949534893,0
molecola_21033,9,0,9,0.001411617617122829,0
molecola_21033,10,0,10,0.02533252350986004,0
molecola_21033,11,0,11,0.04188716039061546,0
molecola_21033,12,0,12,0.1283024400472641,0
molecola_21033,13,0,13,0.6329944133758545,1
molecola_21033,14,0,14,0.1330171525478363,0
molecola_21033,15,1,15,0.9764758348464966,1
molecola_21033,16,0,16,0.19956283271312714,0
molecola_21033,17,1,17,0.9520078897476196,1
molecola_21033,18,0,18,0.09113463759422302,0
molecola_21192,1,1,1,0.98819899559021,1
molecola_21192,2,0,2,0.08441149443387985,0
molecola_21192,3,0,3,0.5134871602058411,1
molecola_21192,4,0,4,0.1423504799604416,0
molecola_21192,5,0,5,0.019988929852843285,0
molecola_21192,6,0,6,0.0019444357603788376,0
molecola_21192,7,0,7,0.005689361598342657,0
molecola_21192,8,0,8,0.012170766480267048,0
molecola_21192,9,0,9,0.03290790319442749,0
molecola_21192,10,0,10,0.01129856240004301,0
molecola_21192,11,0,11,0.024566447362303734,0
molecola_21192,12,0,12,0.011588488705456257,0
molecola_21192,13,0,13,0.007398586720228195,0
molecola_21192,14,0,14,0.011588488705456257,0
molecola_21192,15,0,15,0.024566447362303734,0
molecola_21192,16,0,16,0.0027458039112389088,0
molecola_21192,17,0,17,0.003296606009826064,0
molecola_21192,18,0,18,0.019336456432938576,0
molecola_21192,19,0,19,0.10035620629787445,0
molecola_21192,20,0,20,0.13462169468402863,0
molecola_21192,21,0,21,0.10035620629787445,0
molecola_21192,22,0,22,0.019336456432938576,0
molecola_21192,23,0,23,0.003296606009826064,0
molecola_21192,24,0,24,0.019336456432938576,0
molecola_21192,25,0,25,0.10035620629787445,0
molecola_21192,26,0,26,0.13462169468402863,0
molecola_21192,27,0,27,0.10035620629787445,0
molecola_21192,28,0,28,0.019336456432938576,0
molecola_21192,29,0,29,0.002344737993553281,0
molecola_21192,30,0,30,0.0026808937545865774,0
molecola_21192,31,0,31,0.0025166652631014585,0
molecola_21192,32,0,32,0.023251084610819817,0
molecola_21192,33,0,33,0.4608170688152313,0
molecola_21357,1,0,1,0.9757886528968811,1
molecola_21357,2,0,2,0.9714723229408264,1
molecola_21357,3,0,3,0.003281335812062025,0
molecola_21357,4,0,4,0.006853010971099138,0
molecola_21357,5,0,5,0.01172820758074522,0
molecola_21357,6,0,6,0.003269700100645423,0
molecola_21357,7,0,7,0.012570274993777275,0
molecola_21357,8,0,8,0.0032882140949368477,0
molecola_21357,9,0,9,0.019771143794059753,0
molecola_21357,10,0,10,0.0022647809237241745,0
molecola_21357,11,0,11,0.028120573610067368,0
molecola_21357,12,0,12,0.015953147783875465,0
molecola_21357,13,0,13,0.016316400840878487,0
molecola_21357,14,0,14,0.008185265585780144,0
molecola_21357,15,0,15,0.0022886600345373154,0
molecola_21357,16,0,16,0.016316400840878487,0
molecola_21357,17,0,17,0.015953147783875465,0
molecola_21357,18,0,18,0.05114336311817169,0
molecola_21357,19,0,19,0.15050244331359863,0
molecola_21357,20,1,20,0.6445422768592834,1
molecola_21357,21,0,21,0.0606347918510437,0
molecola_21357,22,1,22,0.9894620776176453,1
molecola_21357,23,1,23,0.6445422768592834,1
molecola_21357,24,0,24,0.15050244331359863,0
molecola_21357,25,0,25,0.001987750642001629,0
molecola_21357,26,0,26,0.0024078611750155687,0
molecola_21357,27,0,27,0.006293837446719408,0
molecola_21357,28,0,28,0.005878083407878876,0
molecola_21357,29,0,29,0.002276210580021143,0
molecola_21357,30,0,30,0.006293837446719408,0
molecola_21357,31,0,31,0.0024078611750155687,0
molecola_21613,1,0,1,0.0168268084526062,0
molecola_21613,2,0,2,0.01280881091952324,0
molecola_21613,3,0,3,0.04745759442448616,0
molecola_21613,4,0,4,0.030719630420207977,0
molecola_21613,5,1,5,0.7933314442634583,1
molecola_21613,6,0,6,0.006979671306908131,0
molecola_21613,7,0,7,0.0033052440267056227,0
molecola_21613,8,0,8,0.0032507311552762985,0
molecola_21613,9,0,9,0.0027597302105277777,0
molecola_21613,10,0,10,0.00169243139680475,0
molecola_21613,11,0,11,0.002077065873891115,0
molecola_21613,12,0,12,0.00169243139680475,0
molecola_21613,13,0,13,0.0027597302105277777,0
molecola_21613,14,0,14,0.0017708669183775783,0
molecola_21613,15,0,15,0.0015568030066788197,0
molecola_21613,16,0,16,0.0015568030066788197,0
molecola_21613,17,0,17,0.0015568030066788197,0
molecola_21654,1,0,1,0.006775399670004845,0
molecola_21654,2,0,2,0.008328702300786972,0
molecola_21654,3,0,3,0.01890718564391136,0
molecola_21654,4,0,4,0.03742168843746185,0
molecola_21654,5,1,5,0.9555495381355286,1
molecola_21654,6,1,6,0.9735151529312134,1
molecola_21654,7,0,7,0.02011885866522789,0
molecola_21654,8,0,8,0.015020588412880898,0
molecola_21654,9,0,9,0.4671178162097931,0
molecola_21654,10,0,10,0.04202403500676155,0
molecola_21654,11,0,11,0.05742651969194412,0
molecola_21654,12,0,12,0.08429533988237381,0
molecola_21654,13,0,13,0.05637937784194946,0
molecola_21654,14,0,14,0.042831018567085266,0
molecola_21654,15,0,15,0.11204764991998672,0
molecola_21654,16,0,16,0.09898612648248672,0
molecola_21654,17,0,17,0.02786093018949032,0
molecola_21654,18,0,18,0.010616408661007881,0
molecola_21654,19,0,19,0.020213909447193146,0
molecola_21654,20,0,20,0.01818929985165596,0
molecola_21654,21,0,21,0.07183533161878586,0
molecola_21654,22,0,22,0.07330590486526489,0
molecola_21654,23,0,23,0.10118856281042099,0
molecola_21654,24,0,24,0.07330590486526489,0
molecola_21654,25,0,25,0.07183533161878586,0
molecola_21654,26,0,26,0.011417461559176445,0
molecola_21692,1,0,1,0.95160973072052,1
molecola_21692,2,0,2,0.9310860633850098,1
molecola_21692,3,0,3,0.05408365651965141,0
molecola_21692,4,0,4,0.0027930457144975662,0
molecola_21692,5,0,5,0.005338336806744337,0
molecola_21692,6,0,6,0.012523975223302841,0
molecola_21692,7,0,7,0.008341672830283642,0
molecola_21692,8,0,8,0.008341672830283642,0
molecola_21692,9,0,9,0.003063376061618328,0
molecola_21692,10,0,10,0.0027805573772639036,0
molecola_21692,11,0,11,0.001857716590166092,0
molecola_21692,12,0,12,0.00284869153983891,0
molecola_21692,13,0,13,0.0024553744588047266,0
molecola_21692,14,0,14,0.01158472616225481,0
molecola_21692,15,0,15,0.0015132480766624212,0
molecola_21692,16,0,16,0.02372799627482891,0
molecola_21692,17,0,17,0.02318609692156315,0
molecola_21692,18,0,18,0.004293743520975113,0
molecola_21692,19,0,19,0.017435850575566292,0
molecola_21692,20,0,20,0.016723182052373886,0
molecola_21692,21,0,21,0.004099724814295769,0
molecola_21692,22,0,22,0.0024872026406228542,0
molecola_21692,23,0,23,0.002671681810170412,0
molecola_21692,24,0,24,0.0017469830345362425,0
molecola_21692,25,0,25,0.0016002755146473646,0
molecola_21692,26,1,26,0.9881118535995483,1
molecola_21692,27,0,27,0.9594244956970215,1
molecola_21692,28,1,28,0.9594244956970215,1
molecola_21734,1,0,1,0.08098400384187698,0
molecola_21734,2,0,2,0.014377247542142868,0
molecola_21734,3,0,3,0.003402814269065857,0
molecola_21734,4,0,4,0.0032069983426481485,0
molecola_21734,5,0,5,0.004310608841478825,0
molecola_21734,6,0,6,0.0022618866059929132,0
molecola_21734,7,0,7,0.0018274124013260007,0
molecola_21734,8,0,8,0.002873619319871068,0
molecola_21734,9,0,9,0.005029614083468914,0
molecola_21734,10,0,10,0.0021862981375306845,0
molecola_21734,11,0,11,0.007460685912519693,0
molecola_21734,12,0,12,0.01418197713792324,0
molecola_21734,13,0,13,0.7333633303642273,1
molecola_21734,14,0,14,0.06322456151247025,0
molecola_21734,15,1,15,0.9894499182701111,1
molecola_21734,16,0,16,0.7333633303642273,1
molecola_21734,17,0,17,0.01418197713792324,0
molecola_2182,1,1,1,0.9860957264900208,1
molecola_2182,2,0,2,0.1006249263882637,0
molecola_2182,3,0,3,0.20316916704177856,0
molecola_2182,4,0,4,0.08769036829471588,0
molecola_2182,5,0,5,0.023387080058455467,0
molecola_2182,6,0,6,0.0059051658026874065,0
molecola_2182,7,0,7,0.0063664051704108715,0
molecola_2182,8,0,8,0.0030682727228850126,0
molecola_2182,9,0,9,0.007018102798610926,0
molecola_2182,10,0,10,0.005608776118606329,0
molecola_2182,11,0,11,0.010326105169951916,0
molecola_2182,12,0,12,0.028521187603473663,0
molecola_2182,13,0,13,0.017253486439585686,0
molecola_2182,14,0,14,0.029477184638381004,0
molecola_2182,15,0,15,0.029477184638381004,0
molecola_2182,16,0,16,0.003698907094076276,0
molecola_2182,17,0,17,0.06109714135527611,0
molecola_2182,18,0,18,0.007100313436239958,0
molecola_2182,19,0,19,0.001733105513267219,0
molecola_2182,20,0,20,0.001424232847057283,0
molecola_2182,21,0,21,0.001424232847057283,0
molecola_2182,22,0,22,0.001424232847057283,0
molecola_21842,1,0,1,0.0033980505540966988,0
molecola_21842,2,0,2,0.0028689068276435137,0
molecola_21842,3,0,3,0.0033980505540966988,0
molecola_21842,4,0,4,0.002364902989938855,0
molecola_21842,5,0,5,0.026659298688173294,0
molecola_21842,6,0,6,0.031104862689971924,0
molecola_21842,7,0,7,0.025886813178658485,0
molecola_21842,8,0,8,0.002908063353970647,0
molecola_21842,9,0,9,0.007072948385030031,0
molecola_21842,10,0,10,0.06094420328736305,0
molecola_21842,11,0,11,0.1482400745153427,0
molecola_21842,12,0,12,0.09343686699867249,0
molecola_21842,13,0,13,0.015712806954979897,0
molecola_21842,14,0,14,0.0022043187636882067,0
molecola_21842,15,0,15,0.004034768790006638,0
molecola_21842,16,0,16,0.012379148975014687,0
molecola_21842,17,0,17,0.0749778002500534,0
molecola_21842,18,0,18,0.11541031301021576,0
molecola_21842,19,0,19,0.1533391773700714,0
molecola_21842,20,0,20,0.13095605373382568,0
molecola_21842,21,0,21,0.17490537464618683,0
molecola_21842,22,1,22,0.9845609664916992,1
molecola_21842,23,0,23,0.10843957960605621,0
molecola_21842,24,0,24,0.11743590235710144,0
molecola_21842,25,0,25,0.044078804552555084,0
molecola_21874,1,1,1,0.9792709350585938,1
molecola_21874,2,0,2,0.159646138548851,0
molecola_21874,3,0,3,0.16331399977207184,0
molecola_21874,4,0,4,0.18399398028850555,0
molecola_21874,5,0,5,0.19323572516441345,0
molecola_21874,6,0,6,0.18297414481639862,0
molecola_21874,7,0,7,0.032734766602516174,0
molecola_21874,8,0,8,0.0016634982312098145,0
molecola_21874,9,0,9,0.001585054793395102,0
molecola_21874,10,0,10,0.0016634982312098145,0
molecola_21874,11,0,11,0.001585054793395102,0
molecola_21874,12,0,12,0.032734766602516174,0
molecola_21874,13,0,13,0.18585516512393951,0
molecola_21874,14,0,14,0.20424936711788177,0
molecola_21874,15,0,15,0.19196544587612152,0
molecola_21874,16,0,16,0.061948735266923904,0
molecola_21874,17,0,17,0.06623196601867676,0
molecola_21874,18,0,18,0.005546170752495527,0
molecola_22139,1,0,1,0.0015608922112733126,0
molecola_22139,2,0,2,0.0018816073425114155,0
molecola_22139,3,0,3,0.02488544024527073,0
molecola_22139,4,0,4,0.1651827096939087,0
molecola_22139,5,0,5,0.12409394979476929,0
molecola_22139,6,0,6,0.04218553751707077,0
molecola_22139,7,0,7,0.08323094248771667,0
molecola_22139,8,0,8,0.24469836056232452,0
molecola_22139,9,0,9,0.10871931165456772,0
molecola_22139,10,1,10,0.976700484752655,1
molecola_22139,11,0,11,0.03687097504734993,0
molecola_22139,12,0,12,0.013469245284795761,0
molecola_22139,13,0,13,0.0015106723876670003,0
molecola_22139,14,0,14,0.0015106723876670003,0
molecola_22139,15,0,15,0.004635096061974764,0
molecola_22139,16,0,16,0.0023057744838297367,0
molecola_22139,17,0,17,0.04873287305235863,0
molecola_22139,18,0,18,0.05374107509851456,0
molecola_22139,19,0,19,0.09399356693029404,0
molecola_22139,20,0,20,0.12651818990707397,0
molecola_22139,21,0,21,0.13188974559307098,0
molecola_22139,22,0,22,0.13810108602046967,0
molecola_22139,23,0,23,0.15523333847522736,0
molecola_22142,1,1,1,0.9622451663017273,1
molecola_22142,2,1,2,0.9892522692680359,1
molecola_22142,3,1,3,0.9622451663017273,1
molecola_22142,4,0,4,0.02910255827009678,0
molecola_22142,5,0,5,0.017431097105145454,0
molecola_22142,6,0,6,0.04043981060385704,0
molecola_22142,7,0,7,0.054081786423921585,0
molecola_22142,8,0,8,0.023496713489294052,0
molecola_22142,9,0,9,0.024450577795505524,0
molecola_22142,10,0,10,0.026354080066084862,0
molecola_22142,11,0,11,0.0715472549200058,0
molecola_22142,12,0,12,0.030132539570331573,0
molecola_22142,13,0,13,0.008872474543750286,0
molecola_22142,14,0,14,0.0031069221440702677,0
molecola_22142,15,0,15,0.003733211662620306,0
molecola_22142,16,0,16,0.0016357002314180136,0
molecola_22142,17,0,17,0.0022686331067234278,0
molecola_22142,18,0,18,0.003733211662620306,0
molecola_22142,19,0,19,0.0016357002314180136,0
molecola_22142,20,0,20,0.0031069221440702677,0
molecola_22278,1,0,1,0.1156286671757698,0
molecola_22278,2,0,2,0.05664429813623428,0
molecola_22278,3,0,3,0.07751721888780594,0
molecola_22278,4,0,4,0.36474281549453735,0
molecola_22278,5,0,5,0.2633292078971863,0
molecola_22278,6,1,6,0.5590730905532837,1
molecola_22278,7,0,7,0.07664849609136581,0
molecola_22278,8,0,8,0.1304793357849121,0
molecola_22278,9,0,9,0.16754783689975739,0
molecola_22278,10,0,10,0.4038327932357788,0
molecola_22278,11,0,11,0.4205144941806793,0
molecola_22278,12,1,12,0.9036710858345032,1
molecola_22278,13,0,13,0.2867054045200348,0
molecola_22278,14,0,14,0.2020929455757141,0
molecola_22278,15,0,15,0.14256641268730164,0
molecola_22278,16,0,16,0.1083286702632904,0
molecola_22278,17,0,17,0.1938125193119049,0
molecola_22685,1,0,1,0.008554006926715374,0
molecola_22685,2,0,2,0.06579125672578812,0
molecola_22685,3,0,3,0.03749580308794975,0
molecola_22685,4,0,4,0.029148725792765617,0
molecola_22685,5,0,5,0.016112925484776497,0
molecola_22685,6,0,6,0.0548880472779274,0
molecola_22685,7,0,7,0.13086076080799103,0
molecola_22685,8,0,8,0.08926162123680115,0
molecola_22685,9,0,9,0.02017887495458126,0
molecola_22685,10,0,10,0.002776342909783125,0
molecola_22685,11,0,11,0.0050176349468529224,0
molecola_22685,12,0,12,0.005415512714534998,0
molecola_22685,13,0,13,0.0246741883456707,0
molecola_22685,14,0,14,0.09788771718740463,0
molecola_22685,15,0,15,0.13393281400203705,0
molecola_22685,16,0,16,0.09788771718740463,0
molecola_22685,17,0,17,0.0246741883456707,0
molecola_22685,18,0,18,0.05506284534931183,0
molecola_22685,19,1,19,0.7130582332611084,1
molecola_22685,20,1,20,0.6258601546287537,1
molecola_22685,21,1,21,0.752440333366394,1
molecola_22685,22,1,22,0.976412296295166,1
molecola_22685,23,1,23,0.9712975025177002,1
molecola_22685,24,1,24,0.705155074596405,1
molecola_22701,1,1,1,0.960252046585083,1
molecola_22701,2,1,2,0.9894402623176575,1
molecola_22701,3,1,3,0.960252046585083,1
molecola_22701,4,0,4,0.04898439347743988,0
molecola_22701,5,0,5,0.022468047216534615,0
molecola_22701,6,0,6,0.026773100718855858,0
molecola_22701,7,0,7,0.09476618468761444,0
molecola_22701,8,0,8,0.15327225625514984,0
molecola_22701,9,0,9,0.06132816895842552,0
molecola_22701,10,0,10,0.004641030915081501,0
molecola_22701,11,0,11,0.013955888338387012,0
molecola_22701,12,0,12,0.015217163600027561,0
molecola_22701,13,0,13,0.011677117086946964,0
molecola_22701,14,0,14,0.02023591659963131,0
molecola_22701,15,0,15,0.025543171912431717,0
molecola_22701,16,0,16,0.03960496187210083,0
molecola_22701,17,0,17,0.03960496187210083,0
molecola_22701,18,0,18,0.002218384761363268,0
molecola_22701,19,0,19,0.001656611100770533,0
molecola_22701,20,0,20,0.0025492410641163588,0
molecola_22709,1,0,1,0.09516885131597519,0
molecola_22709,2,0,2,0.32042235136032104,0
molecola_22709,3,0,3,0.6556249856948853,1
molecola_22709,4,0,4,0.8102278113365173,1
molecola_22709,5,0,5,0.6393662095069885,1
molecola_22709,6,0,6,0.11723370105028152,0
molecola_22709,7,0,7,0.008128298446536064,0
molecola_22709,8,0,8,0.00246342527680099,0
molecola_22709,9,0,9,0.012766060419380665,0
molecola_22709,10,0,10,0.015565610490739346,0
molecola_22709,11,0,11,0.05529097095131874,0
molecola_22709,12,0,12,0.30886948108673096,0
molecola_22709,13,0,13,0.013329286128282547,0
molecola_22709,14,0,14,0.002133536385372281,0
molecola_22709,15,0,15,0.002143377671018243,0
molecola_22709,16,0,16,0.0013605315471068025,0
molecola_22709,17,0,17,0.002841147594153881,0
molecola_22709,18,0,18,0.002233939478173852,0
molecola_22709,19,0,19,0.004698744509369135,0
molecola_22709,20,0,20,0.004293753765523434,0
molecola_22709,21,0,21,0.04152913764119148,0
molecola_22709,22,0,22,0.12093933671712875,0
molecola_22709,23,0,23,0.09060452878475189,0
molecola_22709,24,0,24,0.021597666665911674,0
molecola_22709,25,0,25,0.0014853503089398146,0
molecola_22709,26,1,26,0.9814119935035706,1
molecola_22709,27,0,27,0.889681339263916,1
molecola_22709,28,1,28,0.889681339263916,1
molecola_22847,1,1,1,0.8120099306106567,1
molecola_22847,2,1,2,0.9114524126052856,1
molecola_22847,3,0,3,0.8120099306106567,1
molecola_22847,4,1,4,0.9268411993980408,1
molecola_22847,5,1,5,0.7749430537223816,1
molecola_22847,6,0,6,0.03708425164222717,0
molecola_22847,7,0,7,0.033544089645147324,0
molecola_22847,8,0,8,0.007965883240103722,0
molecola_22847,9,0,9,0.033544089645147324,0
molecola_22847,10,0,10,0.03708425164222717,0
molecola_22847,11,0,11,0.007721193600445986,0
molecola_22847,12,0,12,0.021499216556549072,0
molecola_22847,13,0,13,0.04131699353456497,0
molecola_22847,14,0,14,0.020708702504634857,0
molecola_22847,15,0,15,0.013467958196997643,0
molecola_22847,16,0,16,0.0836137905716896,0
molecola_22847,17,0,17,0.1259257197380066,0
molecola_22847,18,0,18,0.1144789382815361,0
molecola_22847,19,0,19,0.06767922639846802,0
molecola_22847,20,0,20,0.005438756663352251,0
molecola_22847,21,1,21,0.98244309425354,1
molecola_22847,22,0,22,0.8906118273735046,1
molecola_22847,23,1,23,0.8906119465827942,1
molecola_22925,1,0,1,0.004963997285813093,0
molecola_22925,2,0,2,0.013847444206476212,0
molecola_22925,3,0,3,0.004963997285813093,0
molecola_22925,4,0,4,0.02257678098976612,0
molecola_22925,5,0,5,0.007128819357603788,0
molecola_22925,6,0,6,0.07294797152280807,0
molecola_22925,7,0,7,0.0021339822560548782,0
molecola_22925,8,0,8,0.001733907382003963,0
molecola_22925,9,0,9,0.003182984422892332,0
molecola_22925,10,0,10,0.06331135332584381,0
molecola_22925,11,0,11,0.07661887258291245,0
molecola_22925,12,0,12,0.021438922733068466,0
molecola_22925,13,0,13,0.0026764506474137306,0
molecola_22925,14,0,14,0.0027954583056271076,0
molecola_22925,15,0,15,0.004725473001599312,0
molecola_22925,16,0,16,0.002928879577666521,0
molecola_22925,17,0,17,0.00426913658156991,0
molecola_22925,18,0,18,0.0026402913499623537,0
molecola_22925,19,0,19,0.0018387037562206388,0
molecola_22925,20,0,20,0.028280314058065414,0
molecola_22925,21,0,21,0.3830494284629822,0
molecola_22925,22,0,22,0.08543436229228973,0
molecola_22925,23,1,23,0.987490713596344,1
molecola_22925,24,0,24,0.5233891010284424,1
molecola_22925,25,0,25,0.15317553281784058,0
molecola_22925,26,0,26,0.04229654371738434,0
molecola_22925,27,0,27,0.0036802988033741713,0
molecola_22925,28,0,28,0.0065127029083669186,0
molecola_23166,1,1,1,0.9894648790359497,1
molecola_23166,2,0,2,0.0629650354385376,0
molecola_23166,3,0,3,0.7160660624504089,1
molecola_23166,4,0,4,0.040725838392972946,0
molecola_23166,5,0,5,0.0254916213452816,0
molecola_23166,6,0,6,0.00498536741361022,0
molecola_23166,7,0,7,0.006651431787759066,0
molecola_23166,8,0,8,0.0035579113755375147,0
molecola_23166,9,0,9,0.015606566332280636,0
molecola_23166,10,0,10,0.01201649010181427,0
molecola_23166,11,0,11,0.01721394620835781,0
molecola_23166,12,0,12,0.01201649010181427,0
molecola_23166,13,0,13,0.015606566332280636,0
molecola_23166,14,0,14,0.0072822594083845615,0
molecola_23166,15,0,15,0.005118892062455416,0
molecola_23166,16,0,16,0.006960439030081034,0
molecola_23166,17,0,17,0.002718494040891528,0
molecola_23166,18,0,18,0.003999808803200722,0
molecola_23166,19,0,19,0.040725838392972946,0
molecola_23166,20,0,20,0.7160660624504089,1
molecola_23270,1,0,1,0.0027122986502945423,0
molecola_23270,2,0,2,0.0015912691596895456,0
molecola_23270,3,0,3,0.004347836598753929,0
molecola_23270,4,0,4,0.004763714969158173,0
molecola_23270,5,0,5,0.013834771700203419,0
molecola_23270,6,0,6,0.017723876982927322,0
molecola_23270,7,0,7,0.02676433138549328,0
molecola_23270,8,0,8,0.001752579351887107,0
molecola_23270,9,0,9,0.013276967220008373,0
molecola_23270,10,0,10,0.038630079478025436,0
molecola_23270,11,0,11,0.02007005363702774,0
molecola_23270,12,0,12,0.005795771721750498,0
molecola_23270,13,1,13,0.9603561162948608,1
molecola_23270,14,1,14,0.976239800453186,1
molecola_23270,15,0,15,0.0020933961495757103,0
molecola_23270,16,0,16,0.002362986793741584,0
molecola_23298,1,1,1,0.9115736484527588,1
molecola_23298,2,1,2,0.9857622385025024,1
molecola_23298,3,0,3,0.9115736484527588,1
molecola_23298,4,0,4,0.07538506388664246,0
molecola_23298,5,0,5,0.04850107431411743,0
molecola_23298,6,0,6,0.013825276866555214,0
molecola_23298,7,0,7,0.020804647356271744,0
molecola_23298,8,0,8,0.01145777478814125,0
molecola_23298,9,0,9,0.015967361629009247,0
molecola_23298,10,0,10,0.01145777478814125,0
molecola_23298,11,0,11,0.020804647356271744,0
molecola_23298,12,0,12,0.037946607917547226,0
molecola_23298,13,0,13,0.037946607917547226,0
molecola_23337,1,0,1,0.12054792791604996,0
molecola_23337,2,0,2,0.10798310488462448,0
molecola_23337,3,0,3,0.14588694274425507,0
molecola_23337,4,0,4,0.13396793603897095,0
molecola_23337,5,0,5,0.07844150811433792,0
molecola_23337,6,0,6,0.012438911944627762,0
molecola_23337,7,0,7,0.00783213134855032,0
molecola_23337,8,0,8,0.012278727255761623,0
molecola_23337,9,0,9,0.9427505731582642,1
molecola_23337,10,0,10,0.9414833188056946,1
molecola_23337,11,0,11,0.6660004258155823,1
molecola_23337,12,1,12,0.7974514365196228,1
molecola_23337,13,1,13,0.96518474817276,1
molecola_23337,14,1,14,0.9536928534507751,1
molecola_23337,15,1,15,0.9575279951095581,1
molecola_23337,16,1,16,0.935520350933075,1
molecola_23337,17,1,17,0.9001612663269043,1
molecola_23337,18,0,18,0.009825995191931725,0
molecola_23337,19,0,19,0.10122589021921158,0
molecola_23337,20,0,20,0.0028639878146350384,0
molecola_23337,21,0,21,0.003615228459239006,0
molecola_23337,22,0,22,0.03198501467704773,0
molecola_23337,23,0,23,0.0025979497004300356,0
molecola_23337,24,0,24,0.0025187127757817507,0
molecola_23398,1,0,1,0.0025567063130438328,0
molecola_23398,2,0,2,0.00469468766823411,0
molecola_23398,3,0,3,0.005636667832732201,0
molecola_23398,4,0,4,0.022336123511195183,0
molecola_23398,5,0,5,0.022336123511195183,0
molecola_23398,6,0,6,0.002055895747616887,0
molecola_23398,7,0,7,0.0019816954154521227,0
molecola_23398,8,0,8,0.002610540948808193,0
molecola_23398,9,0,9,0.0016097610350698233,0
molecola_23398,10,0,10,0.008715556934475899,0
molecola_23398,11,0,11,0.0068123722448945045,0
molecola_23398,12,0,12,0.032806023955345154,0
molecola_23398,13,0,13,0.0016121430089697242,0
molecola_23398,14,0,14,0.009702317416667938,0
molecola_23398,15,0,15,0.0016622703988105059,0
molecola_23398,16,0,16,0.10486551374197006,0
molecola_23398,17,0,17,0.1068757027387619,0
molecola_23398,18,1,18,0.9728031754493713,1
molecola_23398,19,0,19,0.10486551374197006,0
molecola_23398,20,0,20,0.009702317416667938,0
molecola_23398,21,0,21,0.0016622703988105059,0
molecola_23398,22,0,22,0.004327543079853058,0
molecola_23398,23,0,23,0.0035003984812647104,0
molecola_23508,1,0,1,0.07881353050470352,0
molecola_23508,2,0,2,0.02369472198188305,0
molecola_23508,3,0,3,0.03304562345147133,0
molecola_23508,4,0,4,0.030778037384152412,0
molecola_23508,5,0,5,0.0478559285402298,0
molecola_23508,6,0,6,0.05166132375597954,0
molecola_23508,7,0,7,0.7259701490402222,1
molecola_23508,8,1,8,0.8526197671890259,1
molecola_23508,9,0,9,0.06614455580711365,0
molecola_23508,10,0,10,0.08354140818119049,0
molecola_23508,11,0,11,0.31821420788764954,0
molecola_23508,12,0,12,0.19795915484428406,0
molecola_23508,13,0,13,0.0037492034025490284,0
molecola_23508,14,0,14,0.010008873417973518,0
molecola_23508,15,0,15,0.011603961698710918,0
molecola_23508,16,0,16,0.0158204548060894,0
molecola_23508,17,0,17,0.01750645786523819,0
molecola_23508,18,1,18,0.9664798378944397,1
molecola_23508,19,1,19,0.9750643372535706,1
molecola_23604,1,0,1,0.01252826303243637,0
molecola_23604,2,0,2,0.005837929435074329,0
molecola_23604,3,0,3,0.0057380544021725655,0
molecola_23604,4,0,4,0.017436912283301353,0
molecola_23604,5,0,5,0.01099353563040495,0
molecola_23604,6,0,6,0.002490127691999078,0
molecola_23604,7,0,7,0.04090578854084015,0
molecola_23604,8,0,8,0.00637718616053462,0
molecola_23604,9,0,9,0.049555279314517975,0
molecola_23604,10,0,10,0.013815957121551037,0
molecola_23604,11,1,11,0.9407362341880798,1
molecola_23604,12,1,12,0.9423838257789612,1
molecola_23604,13,0,13,0.18806909024715424,0
molecola_23604,14,0,14,0.031285807490348816,0
molecola_23604,15,0,15,0.002944550709798932,0
molecola_23604,16,0,16,0.002944550709798932,0
molecola_23687,1,0,1,0.005851211026310921,0
molecola_23687,2,0,2,0.005468815565109253,0
molecola_23687,3,0,3,0.03097209520637989,0
molecola_23687,4,1,4,0.8555367588996887,1
molecola_23687,5,0,5,0.031511638313531876,0
molecola_23687,6,0,6,0.03628969565033913,0
molecola_23687,7,0,7,0.07754076272249222,0
molecola_23687,8,0,8,0.017272716388106346,0
molecola_23687,9,0,9,0.004948995541781187,0
molecola_23687,10,0,10,0.005195304285734892,0
molecola_23687,11,0,11,0.008536259643733501,0
molecola_23687,12,0,12,0.004158851690590382,0
molecola_23687,13,0,13,0.03914973512291908,0
molecola_23687,14,1,14,0.10454854369163513,0
molecola_23687,15,1,15,0.13399063050746918,0
molecola_23687,16,1,16,0.10454854369163513,0
molecola_23687,17,0,17,0.03914973512291908,0
molecola_23781,1,0,1,0.18938541412353516,0
molecola_23781,2,0,2,0.07869666069746017,0
molecola_23781,3,0,3,0.04928332567214966,0
molecola_23781,4,0,4,0.03835295885801315,0
molecola_23781,5,0,5,0.03823389858007431,0
molecola_23781,6,0,6,0.059458959847688675,0
molecola_23781,7,0,7,0.1030871719121933,0
molecola_23781,8,0,8,0.13486164808273315,0
molecola_23781,9,0,9,0.12277355045080185,0
molecola_23781,10,0,10,0.11040131002664566,0
molecola_23781,11,0,11,0.15260228514671326,0
molecola_23781,12,0,12,0.1265123039484024,0
molecola_23781,13,0,13,0.0984608381986618,0
molecola_23781,14,0,14,0.020679621025919914,0
molecola_23781,15,0,15,0.09434063732624054,0
molecola_23781,16,0,16,0.07758525013923645,0
molecola_23781,17,0,17,0.10963445156812668,0
molecola_23781,18,0,18,0.017681777477264404,0
molecola_23781,19,0,19,0.02229686826467514,0
molecola_23781,20,0,20,0.042661648243665695,0
molecola_23781,21,0,21,0.022498853504657745,0
molecola_23781,22,0,22,0.07899431139230728,0
molecola_23781,23,0,23,0.0022915343288332224,0
molecola_23781,24,0,24,0.0017938936362043023,0
molecola_23781,25,0,25,0.002592702629044652,0
molecola_23781,26,0,26,0.00211797165684402,0
molecola_23781,27,0,27,0.00235174223780632,0
molecola_23781,28,0,28,0.0016172949690371752,0
molecola_23781,29,0,29,0.010687115602195263,0
molecola_23781,30,0,30,0.13930585980415344,0
molecola_23781,31,1,31,0.8258542418479919,1
molecola_23781,32,1,32,0.8199472427368164,1
molecola_23781,33,1,33,0.9817278385162354,1
molecola_23781,34,0,34,0.88849937915802,1
molecola_23781,35,1,35,0.88849937915802,1
molecola_23781,36,0,36,0.00235174223780632,0
molecola_23781,37,0,37,0.0016172949690371752,0
molecola_23781,38,0,38,0.00211797165684402,0
molecola_23781,39,0,39,0.01861099898815155,0
molecola_23822,1,0,1,0.033335935324430466,0
molecola_23822,2,0,2,0.007354176603257656,0
molecola_23822,3,0,3,0.00614395085722208,0
molecola_23822,4,0,4,0.0023487212602049112,0
molecola_23822,5,0,5,0.023853208869695663,0
molecola_23822,6,0,6,0.014857819303870201,0
molecola_23822,7,0,7,0.02202070876955986,0
molecola_23822,8,0,8,0.8898879289627075,1
molecola_23822,9,0,9,0.0367032028734684,0
molecola_23822,10,0,10,0.0162796750664711,0
molecola_23822,11,0,11,0.0367032028734684,0
molecola_23822,12,0,12,0.02202070876955986,0
molecola_23822,13,0,13,0.8898879289627075,1
molecola_23822,14,0,14,0.0037536569871008396,0
molecola_23822,15,0,15,0.003965448122471571,0
molecola_23822,16,0,16,0.0022561410441994667,0
molecola_23822,17,0,17,0.0019976412877440453,0
molecola_23822,18,0,18,0.006602507550269365,0
molecola_23822,19,0,19,0.02033325657248497,0
molecola_23822,20,0,20,0.6689038276672363,1
molecola_23822,21,0,21,0.08854373544454575,0
molecola_23822,22,1,22,0.987750232219696,1
molecola_23822,23,0,23,0.2659156620502472,0
molecola_23822,24,0,24,0.010039404034614563,0
molecola_23822,25,0,25,0.0019921038765460253,0
molecola_23822,26,0,26,0.019239621236920357,0
molecola_23822,27,0,27,0.05637747421860695,0
molecola_23822,28,0,28,0.023528583347797394,0
molecola_23822,29,0,29,0.006335664074867964,0
molecola_23822,30,0,30,0.002002545865252614,0
molecola_23822,31,0,31,0.0031923421192914248,0
molecola_23822,32,0,32,0.0034477123990654945,0
molecola_23870,1,0,1,0.07171560078859329,0
molecola_23870,2,0,2,0.01044264156371355,0
molecola_23870,3,0,3,0.007493897341191769,0
molecola_23870,4,0,4,0.0056448522955179214,0
molecola_23870,5,0,5,0.0035095149651169777,0
molecola_23870,6,0,6,0.001462094602175057,0
molecola_23870,7,0,7,0.002973615424707532,0
molecola_23870,8,0,8,0.004187076352536678,0
molecola_23870,9,0,9,0.9230103492736816,1
molecola_23870,10,0,10,0.04787302389740944,0
molecola_23870,11,0,11,0.9207401871681213,1
molecola_23870,12,0,12,0.10579761117696762,0
molecola_23870,13,0,13,0.06863978505134583,0
molecola_23870,14,0,14,0.06863978505134583,0
molecola_23870,15,0,15,0.9611469507217407,1
molecola_23870,16,0,16,0.9748030304908752,1
molecola_23870,17,0,17,0.016150562092661858,0
molecola_23870,18,0,18,0.006639980245381594,0
molecola_23870,19,0,19,0.08456535637378693,0
molecola_23870,20,0,20,0.1605101078748703,0
molecola_23870,21,0,21,0.46828728914260864,0
molecola_23870,22,0,22,0.35440704226493835,0
molecola_23870,23,1,23,0.9871511459350586,1
molecola_23870,24,0,24,0.7697173953056335,1
molecola_23870,25,0,25,0.9247081279754639,1
molecola_23870,26,0,26,0.9540273547172546,1
molecola_23870,27,0,27,0.0014152317307889462,0
molecola_23870,28,0,28,0.0035668788477778435,0
molecola_23870,29,0,29,0.08589348942041397,0
molecola_23870,30,0,30,0.01804841123521328,0
molecola_23870,31,0,31,0.08116482198238373,0
molecola_23870,32,0,32,0.00975832063704729,0
molecola_23870,33,0,33,0.022810665890574455,0
molecola_23870,34,0,34,0.022810665890574455,0
molecola_23870,35,0,35,0.03035883978009224,0
molecola_24353,1,0,1,0.008192953653633595,0
molecola_24353,2,0,2,0.006814576685428619,0
molecola_24353,3,0,3,0.010988284833729267,0
molecola_24353,4,0,4,0.0018198540201410651,0
molecola_24353,5,0,5,0.010812836699187756,0
molecola_24353,6,0,6,0.02274899184703827,0
molecola_24353,7,0,7,0.7235483527183533,1
molecola_24353,8,0,8,0.0632530227303505,0
molecola_24353,9,1,9,0.989452064037323,1
molecola_24353,10,0,10,0.7235483527183533,1
molecola_24353,11,0,11,0.02274899184703827,0
molecola_24353,12,0,12,0.002098082099109888,0
molecola_24353,13,0,13,0.001980300061404705,0
molecola_24353,14,0,14,0.0035862920340150595,0
molecola_24353,15,0,15,0.001618882641196251,0
molecola_24353,16,0,16,0.006403378210961819,0
molecola_24353,17,0,17,0.015025829896330833,0
molecola_24353,18,0,18,0.004569118842482567,0
molecola_24353,19,0,19,0.004709869623184204,0
molecola_24353,20,0,20,0.0051032742485404015,0
molecola_24353,21,0,21,0.002738332375884056,0
molecola_24490,1,0,1,0.004489399027079344,0
molecola_24490,2,0,2,0.020047437399625778,0
molecola_24490,3,0,3,0.010137137025594711,0
molecola_24490,4,0,4,0.028494277969002724,0
molecola_24490,5,0,5,0.004063316620886326,0
molecola_24490,6,0,6,0.00732274679467082,0
molecola_24490,7,0,7,0.00486976932734251,0
molecola_24490,8,0,8,0.0020791117567569017,0
molecola_24490,9,0,9,0.002915924647822976,0
molecola_24490,10,0,10,0.001729411887936294,0
molecola_24490,11,0,11,0.0024691561702638865,0
molecola_24490,12,0,12,0.007105034310370684,0
molecola_24490,13,0,13,0.01966583915054798,0
molecola_24490,14,0,14,0.038993701338768005,0
molecola_24490,15,0,15,0.04981043562293053,0
molecola_24490,16,0,16,0.01792960800230503,0
molecola_24490,17,0,17,0.005709750112146139,0
molecola_24490,18,0,18,0.012389075011014938,0
molecola_24490,19,0,19,0.08816754072904587,0
molecola_24490,20,0,20,0.11070068180561066,0
molecola_24490,21,0,21,0.11070068180561066,0
molecola_24490,22,0,22,0.08816754072904587,0
molecola_24490,23,0,23,0.02368251420557499,0
molecola_24490,24,0,24,0.037636950612068176,0
molecola_24490,25,0,25,0.11773815751075745,0
molecola_24490,26,0,26,0.10017886012792587,0
molecola_24490,27,0,27,0.10890726000070572,0
molecola_24490,28,1,28,0.9780099987983704,1
molecola_24490,29,0,29,0.07587447762489319,0
molecola_24490,30,0,30,0.005324231926351786,0
molecola_24490,31,0,31,0.014618005603551865,0
molecola_24490,32,0,32,0.06678842753171921,0
molecola_24490,33,0,33,0.018204303458333015,0
molecola_2453,1,0,1,0.05461858958005905,0
molecola_2453,2,0,2,0.017207615077495575,0
molecola_2453,3,0,3,0.10300147533416748,0
molecola_2453,4,0,4,0.006139107048511505,0
molecola_2453,5,0,5,0.007523807696998119,0
molecola_2453,6,0,6,0.04532258212566376,0
molecola_2453,7,0,7,0.015506377443671227,0
molecola_2453,8,0,8,0.0037012589164078236,0
molecola_2453,9,0,9,0.006499714218080044,0
molecola_2453,10,0,10,0.005954461172223091,0
molecola_2453,11,0,11,0.002532501006498933,0
molecola_2453,12,0,12,0.002212888328358531,0
molecola_2453,13,0,13,0.26208168268203735,0
molecola_2453,14,0,14,0.23594249784946442,0
molecola_2453,15,0,15,0.03889106959104538,0
molecola_2453,16,0,16,0.011672808788716793,0
molecola_2453,17,0,17,0.03476430103182793,0
molecola_2453,18,0,18,0.12455932050943375,0
molecola_2453,19,0,19,0.3355756998062134,0
molecola_2453,20,1,20,0.9066101312637329,1
molecola_2453,21,1,21,0.8119726777076721,1
molecola_2453,22,0,22,0.8759964108467102,1
molecola_2453,23,0,23,0.8922427892684937,1
molecola_2453,24,0,24,0.4940360188484192,0
molecola_2453,25,0,25,0.4546339809894562,0
molecola_24573,1,1,1,0.954623281955719,1
molecola_24573,2,0,2,0.03720831125974655,0
molecola_24573,3,1,3,0.09907250106334686,0
molecola_24573,4,1,4,0.13243557512760162,0
molecola_24573,5,1,5,0.13627813756465912,0
molecola_24573,6,0,6,0.14785930514335632,0
molecola_24573,7,0,7,0.188729926943779,0
molecola_24617,1,0,1,0.0896429568529129,0
molecola_24617,2,0,2,0.03329057991504669,0
molecola_24617,3,0,3,0.04398888349533081,0
molecola_24617,4,0,4,0.027571018785238266,0
molecola_24617,5,0,5,0.06587598472833633,0
molecola_24617,6,0,6,0.0830412432551384,0
molecola_24617,7,0,7,0.09218849241733551,0
molecola_24617,8,0,8,0.06280086934566498,0
molecola_24617,9,0,9,0.10150356590747833,0
molecola_24617,10,0,10,0.06131138652563095,0
molecola_24617,11,0,11,0.038103342056274414,0
molecola_24617,12,0,12,0.04637335613369942,0
molecola_24617,13,0,13,0.02172265574336052,0
molecola_24617,14,0,14,0.042794566601514816,0
molecola_24617,15,0,15,0.019053585827350616,0
molecola_24617,16,0,16,0.00788231659680605,0
molecola_24617,17,0,17,0.019053585827350616,0
molecola_24617,18,0,18,0.042794566601514816,0
molecola_24617,19,0,19,0.018360834568738937,0
molecola_24617,20,0,20,0.04660420119762421,0
molecola_24617,21,0,21,0.03792539983987808,0
molecola_24617,22,0,22,0.011711429804563522,0
molecola_24617,23,0,23,0.007920687086880207,0
molecola_24617,24,0,24,0.00897170789539814,0
molecola_24617,25,0,25,0.002175920410081744,0
molecola_24617,26,0,26,0.01992393285036087,0
molecola_24617,27,0,27,0.02106839045882225,0
molecola_24617,28,0,28,0.010807983577251434,0
molecola_24617,29,1,29,0.9357912540435791,1
molecola_24617,30,1,30,0.6592769026756287,1
molecola_24617,31,1,31,0.9500000476837158,1
molecola_24657,1,0,1,0.005686300341039896,0
molecola_24657,2,0,2,0.0030003979336470366,0
molecola_24657,3,0,3,0.0018340834649279714,0
molecola_24657,4,0,4,0.0030003979336470366,0
molecola_24657,5,0,5,0.005686300341039896,0
molecola_24657,6,0,6,0.002047230489552021,0
molecola_24657,7,0,7,0.0018333651823922992,0
molecola_24657,8,0,8,0.001731916214339435,0
molecola_24657,9,0,9,0.022094128653407097,0
molecola_24657,10,0,10,0.11073104292154312,0
molecola_24657,11,0,11,0.17080911993980408,0
molecola_24657,12,0,12,0.2062075138092041,0
molecola_24657,13,1,13,0.9566008448600769,1
molecola_24657,14,0,14,0.20261132717132568,0
molecola_24657,15,1,15,0.9776269197463989,1
molecola_24657,16,0,16,0.03672213852405548,0
molecola_24657,17,0,17,0.015170472674071789,0
molecola_24657,18,0,18,0.006749271415174007,0
molecola_24657,19,0,19,0.0014765531523153186,0
molecola_24657,20,0,20,0.0014237677678465843,0
molecola_24657,21,0,21,0.0017026697751134634,0
molecola_24657,22,0,22,0.0029019599314779043,0
molecola_24727,1,1,1,0.9830917716026306,1
molecola_24727,2,0,2,0.02920430526137352,0
molecola_24727,3,0,3,0.06787141412496567,0
molecola_24727,4,0,4,0.002828804077580571,0
molecola_24727,5,0,5,0.0045445882715284824,0
molecola_24727,6,0,6,0.021327001973986626,0
molecola_24727,7,0,7,0.07288160175085068,0
molecola_24727,8,0,8,0.018739772960543633,0
molecola_24727,9,0,9,0.01867724396288395,0
molecola_24727,10,0,10,0.00850317906588316,0
molecola_24727,11,0,11,0.025371572002768517,0
molecola_24727,12,0,12,0.09977097809314728,0
molecola_24727,13,0,13,0.13381825387477875,0
molecola_24727,14,0,14,0.09977097809314728,0
molecola_24727,15,0,15,0.025371572002768517,0
molecola_24727,16,0,16,0.07288160175085068,0
molecola_24727,17,0,17,0.021327001973986626,0
molecola_24727,18,0,18,0.005943207070231438,0
molecola_24727,19,0,19,0.001703126123175025,0
molecola_24727,20,0,20,0.001703126123175025,0
molecola_24727,21,0,21,0.004277751315385103,0
molecola_24727,22,0,22,0.009338943287730217,0
molecola_24727,23,0,23,0.023380182683467865,0
molecola_24727,24,0,24,0.03956494480371475,0
molecola_24727,25,0,25,0.025546712800860405,0
molecola_24727,26,0,26,0.04275031015276909,0
molecola_24727,27,0,27,0.026478838175535202,0
molecola_24727,28,0,28,0.009686879813671112,0
molecola_24727,29,0,29,0.004509477876126766,0
molecola_24727,30,0,30,0.0016763587482273579,0
molecola_24727,31,0,31,0.009686879813671112,0
molecola_24727,32,0,32,0.026478838175535202,0
molecola_24727,33,0,33,0.023380182683467865,0
molecola_24727,34,0,34,0.009338943287730217,0
molecola_24848,1,0,1,0.29981476068496704,0
molecola_24848,2,0,2,0.1123022735118866,0
molecola_24848,3,0,3,0.06276427954435349,0
molecola_24848,4,0,4,0.005963394418358803,0
molecola_24848,5,0,5,0.0291132852435112,0
molecola_24848,6,0,6,0.03581257537007332,0
molecola_24848,7,0,7,0.06611192971467972,0
molecola_24848,8,0,8,0.03508402779698372,0
molecola_24848,9,0,9,0.07014802098274231,0
molecola_24848,10,0,10,0.04781375825405121,0
molecola_24848,11,0,11,0.1252172440290451,0
molecola_24848,12,0,12,0.1949697881937027,0
molecola_24848,13,0,13,0.2646147906780243,0
molecola_24848,14,1,14,0.9426677227020264,1
molecola_24848,15,0,15,0.04726894944906235,0
molecola_24848,16,0,16,0.004842246882617474,0
molecola_24848,17,0,17,0.004308423958718777,0
molecola_24848,18,0,18,0.016551857814192772,0
molecola_24848,19,0,19,0.03326355665922165,0
molecola_24848,20,0,20,0.0048049138858914375,0
molecola_24848,21,0,21,0.006240023300051689,0
molecola_24848,22,0,22,0.011125480756163597,0
molecola_24848,23,0,23,0.00636389059945941,0
molecola_24848,24,0,24,0.002283582929521799,0
molecola_24848,25,0,25,0.011125480756163597,0
molecola_24848,26,0,26,0.006240023300051689,0
molecola_24848,27,0,27,0.0943174660205841,0
molecola_24848,28,0,28,0.12825928628444672,0
molecola_24848,29,0,29,0.09615945816040039,0
molecola_24848,30,0,30,0.026238396763801575,0
molecola_24848,31,0,31,0.016258932650089264,0
molecola_24848,32,0,32,0.05408669263124466,0
molecola_24848,33,0,33,0.06890875846147537,0
molecola_24848,34,0,34,0.1308070719242096,0
molecola_24848,35,0,35,0.11577492207288742,0
molecola_24848,36,0,36,0.021215111017227173,0
molecola_24848,37,0,37,0.035577863454818726,0
molecola_24848,38,1,38,0.9894431829452515,1
molecola_24848,39,0,39,0.9621326923370361,1
molecola_24848,40,1,40,0.9621326923370361,1
molecola_24863,1,0,1,0.7950879335403442,1
molecola_24863,2,1,2,0.9529908895492554,1
molecola_24863,3,1,3,0.9595713019371033,1
molecola_24863,4,0,4,0.09570811688899994,0
molecola_24863,5,0,5,0.025924162939190865,0
molecola_24863,6,0,6,0.006670734845101833,0
molecola_24863,7,0,7,0.001442730543203652,0
molecola_24863,8,0,8,0.00420208228752017,0
molecola_24863,9,0,9,0.0133721474558115,0
molecola_24863,10,0,10,0.0027998043224215508,0
molecola_24863,11,0,11,0.012428723275661469,0
molecola_24863,12,0,12,0.02101333998143673,0
molecola_24863,13,0,13,0.01622661016881466,0
molecola_24863,14,0,14,0.03792019188404083,0
molecola_24863,15,0,15,0.3857724368572235,0
molecola_24863,16,0,16,0.02994825504720211,0
molecola_24863,17,0,17,0.027894826605916023,0
molecola_24863,18,0,18,0.6936655044555664,1
molecola_24863,19,0,19,0.49522170424461365,0
molecola_24863,20,0,20,0.007378526497632265,0
molecola_24863,21,0,21,0.004152264911681414,0
molecola_24863,22,0,22,0.013472793623805046,0
molecola_24863,23,0,23,0.0031546105165034533,0
molecola_24863,24,0,24,0.0014293260173872113,0
molecola_24863,25,0,25,0.0015687532722949982,0
molecola_25054,1,0,1,0.5490813851356506,1
molecola_25054,2,0,2,0.27175456285476685,0
molecola_25054,3,0,3,0.5974313020706177,1
molecola_25054,4,0,4,0.21658217906951904,0
molecola_25054,5,0,5,0.2832876145839691,0
molecola_25054,6,0,6,0.06648748368024826,0
molecola_25054,7,0,7,0.05336834862828255,0
molecola_25054,8,0,8,0.1533138006925583,0
molecola_25054,9,0,9,0.024020323529839516,0
molecola_25054,10,0,10,0.003385763382539153,0
molecola_25054,11,0,11,0.0017646478954702616,0
molecola_25054,12,0,12,0.006273489445447922,0
molecola_25054,13,0,13,0.09493468701839447,0
molecola_25054,14,0,14,0.035954833030700684,0
molecola_25054,15,0,15,0.07867361605167389,0
molecola_25054,16,0,16,0.04730993136763573,0
molecola_25054,17,0,17,0.02298728935420513,0
molecola_25054,18,0,18,0.012376111932098866,0
molecola_25054,19,0,19,0.00584771204739809,0
molecola_25054,20,0,20,0.003516592551022768,0
molecola_25054,21,0,21,0.003516592551022768,0
molecola_25054,22,0,22,0.005407725460827351,0
molecola_25054,23,0,23,0.002523171016946435,0
molecola_25054,24,0,24,0.00792644452303648,0
molecola_25054,25,0,25,0.011075136251747608,0
molecola_25054,26,0,26,0.02092132903635502,0
molecola_25054,27,0,27,0.02157904952764511,0
molecola_25054,28,0,28,0.21658217906951904,0
molecola_25054,29,0,29,0.5974313020706177,1
molecola_25054,30,0,30,0.27175456285476685,0
molecola_25054,31,0,31,0.5490813851356506,1
molecola_25054,32,0,32,0.5912841558456421,1
molecola_25054,33,1,33,0.978411853313446,1
molecola_25058,1,0,1,0.08362755179405212,0
molecola_25058,2,0,2,0.13634759187698364,0
molecola_25058,3,0,3,0.09129653871059418,0
molecola_25058,4,0,4,0.07240507751703262,0
molecola_25058,5,0,5,0.037654951214790344,0
molecola_25058,6,0,6,0.025921640917658806,0
molecola_25058,7,0,7,0.8500514030456543,1
molecola_25058,8,0,8,0.032815154641866684,0
molecola_25058,9,0,9,0.003182406537234783,0
molecola_25058,10,0,10,0.10678579658269882,0
molecola_25058,11,1,11,0.9627106189727783,1
molecola_25058,12,0,12,0.021658282727003098,0
molecola_25058,13,0,13,0.008952907286584377,0
molecola_25058,14,0,14,0.001763266627676785,0
molecola_25058,15,0,15,0.03485862910747528,0
molecola_25058,16,0,16,0.009584877640008926,0
molecola_25058,17,0,17,0.009135275147855282,0
molecola_25058,18,0,18,0.09805992245674133,0
molecola_25058,19,0,19,0.5002793669700623,1
molecola_25058,20,0,20,0.08671926707029343,0
molecola_25058,21,0,21,0.02943532168865204,0
molecola_25058,22,0,22,0.017274359241127968,0
molecola_25170,1,1,1,0.8881974220275879,1
molecola_25170,2,1,2,0.9823055863380432,1
molecola_25170,3,1,3,0.8881974220275879,1
molecola_25170,4,1,4,0.8506338000297546,1
molecola_25170,5,0,5,0.7845718860626221,1
molecola_25170,6,0,6,0.7530677318572998,1
molecola_25170,7,0,7,0.010571346618235111,0
molecola_25170,8,0,8,0.004406444728374481,0
molecola_25170,9,0,9,0.0015722907846793532,0
molecola_25170,10,0,10,0.0020808011759072542,0
molecola_25170,11,0,11,0.0013622611295431852,0
molecola_25170,12,0,12,0.0013524378882721066,0
molecola_25170,13,0,13,0.0015460632275789976,0
molecola_25170,14,0,14,0.0015943667385727167,0
molecola_25170,15,0,15,0.02075105719268322,0
molecola_25170,16,0,16,0.07861658185720444,0
molecola_25170,17,0,17,0.02075105346739292,0
molecola_25170,18,0,18,0.0015460632275789976,0
molecola_25170,19,0,19,0.0015943667385727167,0
molecola_25170,20,0,20,0.011528920382261276,0
molecola_25170,21,0,21,0.02260902337729931,0
molecola_25170,22,0,22,0.03682352229952812,0
molecola_25170,23,0,23,0.05145471170544624,0
molecola_25170,24,0,24,0.022095436230301857,0
molecola_25170,25,0,25,0.01283590029925108,0
molecola_25170,26,0,26,0.006285957060754299,0
molecola_25170,27,0,27,0.0250247810035944,0
molecola_25170,28,0,28,0.09846273809671402,0
molecola_25170,29,0,29,0.13393768668174744,0
molecola_25170,30,0,30,0.09846273809671402,0
molecola_25170,31,0,31,0.0250247810035944,0
molecola_25215,1,0,1,0.016301995143294334,0
molecola_25215,2,0,2,0.020538760349154472,0
molecola_25215,3,0,3,0.006338213104754686,0
molecola_25215,4,0,4,0.0033729062415659428,0
molecola_25215,5,0,5,0.001838731812313199,0
molecola_25215,6,0,6,0.007632704917341471,0
molecola_25215,7,0,7,0.01585196517407894,0
molecola_25215,8,0,8,0.10469109565019608,0
molecola_25215,9,0,9,0.055541571229696274,0
molecola_25215,10,0,10,0.0016985338879749179,0
molecola_25215,11,0,11,0.004694621078670025,0
molecola_25215,12,0,12,0.006504928693175316,0
molecola_25215,13,0,13,0.0032109012827277184,0
molecola_25215,14,0,14,0.0021189574617892504,0
molecola_25215,15,0,15,0.03341689705848694,0
molecola_25215,16,0,16,0.1594582200050354,0
molecola_25215,17,1,17,0.9660153985023499,1
molecola_25215,18,1,18,0.9731317758560181,1
molecola_25215,19,0,19,0.0038477969355881214,0
molecola_25215,20,0,20,0.691524863243103,1
molecola_25215,21,0,21,0.07655563950538635,0
molecola_25215,22,0,22,0.06665648519992828,0
molecola_25215,23,0,23,0.06790363788604736,0
molecola_25215,24,0,24,0.05325953662395477,0
molecola_25215,25,0,25,0.08994124829769135,0
molecola_25215,26,0,26,0.12956400215625763,0
molecola_25215,27,0,27,0.12956486642360687,0
molecola_25215,28,0,28,0.08994312584400177,0
molecola_25215,29,0,29,0.04565638676285744,0
molecola_25215,30,0,30,0.038124214857816696,0
molecola_25215,31,0,31,0.014682806096971035,0
molecola_25215,32,0,32,0.002619375940412283,0
molecola_25215,33,0,33,0.00144639250356704,0
molecola_25215,34,0,34,0.00144639250356704,0
molecola_25215,35,0,35,0.00144639250356704,0
molecola_25321,1,0,1,0.48899850249290466,0
molecola_25321,2,0,2,0.1475345343351364,0
molecola_25321,3,0,3,0.09142451733350754,0
molecola_25321,4,0,4,0.04730387032032013,0
molecola_25321,5,0,5,0.08763080090284348,0
molecola_25321,6,0,6,0.23369243741035461,0
molecola_25321,7,1,7,0.7153477072715759,1
molecola_25321,8,1,8,0.9535956382751465,1
molecola_25321,9,1,9,0.9524338841438293,1
molecola_25321,10,1,10,0.9539149403572083,1
molecola_25321,11,1,11,0.9513508081436157,1
molecola_25321,12,1,12,0.7624781727790833,1
molecola_25321,13,0,13,0.23001493513584137,0
molecola_25321,14,0,14,0.08807734400033951,0
molecola_25321,15,0,15,0.042214032262563705,0
molecola_25321,16,0,16,0.07238445430994034,0
molecola_25321,17,0,17,0.15876387059688568,0
molecola_25382,1,0,1,0.09047656506299973,0
molecola_25382,2,0,2,0.041046299040317535,0
molecola_25382,3,0,3,0.04072895273566246,0
molecola_25382,4,0,4,0.020364567637443542,0
molecola_25382,5,0,5,0.008648817427456379,0
molecola_25382,6,0,6,0.0061226156540215015,0
molecola_25382,7,0,7,0.0068442863412201405,0
molecola_25382,8,0,8,0.04869081452488899,0
molecola_25382,9,0,9,0.18832877278327942,0
molecola_25382,10,0,10,0.21658523380756378,0
molecola_25382,11,0,11,0.2504705488681793,0
molecola_25382,12,0,12,0.7532780766487122,1
molecola_25382,13,0,13,0.7613692879676819,1
molecola_25382,14,0,14,0.4287011921405792,0
molecola_25382,15,1,15,0.9836302399635315,1
molecola_25382,16,0,16,0.7221638560295105,1
molecola_25382,17,0,17,0.7226097583770752,1
molecola_25382,18,0,18,0.22312211990356445,0
molecola_25382,19,1,19,0.9233527183532715,1
molecola_25382,20,0,20,0.08225005120038986,0
molecola_25382,21,0,21,0.024107789620757103,0
molecola_25382,22,0,22,0.004891285672783852,0
molecola_25382,23,0,23,0.008648817427456379,0
molecola_25382,24,0,24,0.020364567637443542,0
molecola_25383,1,0,1,0.02993040345609188,0
molecola_25383,2,0,2,0.05601648986339569,0
molecola_25383,3,0,3,0.01891680620610714,0
molecola_25383,4,0,4,0.042244113981723785,0
molecola_25383,5,0,5,0.042244113981723785,0
molecola_25383,6,0,6,0.01891680620610714,0
molecola_25383,7,0,7,0.024451715871691704,0
molecola_25383,8,0,8,0.19433502852916718,0
molecola_25383,9,0,9,0.024451715871691704,0
molecola_25383,10,0,10,0.17716088891029358,0
molecola_25383,11,0,11,0.8177527785301208,1
molecola_25383,12,0,12,0.30149227380752563,0
molecola_25383,13,0,13,0.04916013404726982,0
molecola_25383,14,0,14,0.00788099318742752,0
molecola_25383,15,0,15,0.003531502094119787,0
molecola_25383,16,0,16,0.05657630041241646,0
molecola_25383,17,0,17,0.044947054237127304,0
molecola_25383,18,1,18,0.9885531663894653,1
molecola_25383,19,0,19,0.15023235976696014,0
molecola_25383,20,0,20,0.14463935792446136,0
molecola_25383,21,0,21,0.053608302026987076,0
molecola_25383,22,0,22,0.008990342728793621,0
molecola_25416,1,1,1,0.913137674331665,1
molecola_25416,2,1,2,0.947375476360321,1
molecola_25416,3,0,3,0.913137674331665,1
molecola_25416,4,1,4,0.9819242358207703,1
molecola_25416,5,0,5,0.8859876990318298,1
molecola_25416,6,1,6,0.8859876990318298,1
molecola_25416,7,0,7,0.046703536063432693,0
molecola_25416,8,0,8,0.0018114910926669836,0
molecola_25416,9,0,9,0.0029853922314941883,0
molecola_25416,10,0,10,0.002208487596362829,0
molecola_25416,11,0,11,0.001844504615291953,0
molecola_25416,12,0,12,0.0017364226514473557,0
molecola_25416,13,0,13,0.0018003431614488363,0
molecola_25416,14,0,14,0.007530091796070337,0
molecola_25416,15,0,15,0.005907735787332058,0
molecola_25416,16,0,16,0.01137895230203867,0
molecola_25416,17,0,17,0.0029210252687335014,0
molecola_25416,18,0,18,0.005355802830308676,0
molecola_25416,19,0,19,0.01137895230203867,0
molecola_25416,20,0,20,0.0029210252687335014,0
molecola_25416,21,0,21,0.005907735787332058,0
molecola_25638,1,0,1,0.22205887734889984,0
molecola_25638,2,0,2,0.8267606496810913,1
molecola_25638,3,0,3,0.6019879579544067,1
molecola_25638,4,0,4,0.521685779094696,1
molecola_25638,5,0,5,0.08062513917684555,0
molecola_25638,6,0,6,0.11606281250715256,0
molecola_25638,7,0,7,0.028175411745905876,0
molecola_25638,8,0,8,0.0030951250810176134,0
molecola_25638,9,0,9,0.0060467226430773735,0
molecola_25638,10,0,10,0.028175411745905876,0
molecola_25638,11,0,11,0.11606281250715256,0
molecola_25638,12,0,12,0.08987059444189072,0
molecola_25638,13,0,13,0.005583323538303375,0
molecola_25638,14,0,14,0.07061077654361725,0
molecola_25638,15,0,15,0.11174214631319046,0
molecola_25638,16,0,16,0.1284572184085846,0
molecola_25638,17,0,17,0.07393238693475723,0
molecola_25638,18,0,18,0.021861737594008446,0
molecola_25638,19,0,19,0.12302583456039429,0
molecola_25638,20,0,20,0.176117405295372,0
molecola_25638,21,0,21,0.17588257789611816,0
molecola_25638,22,0,22,0.05012420937418938,0
molecola_25638,23,0,23,0.2196837216615677,0
molecola_25638,24,0,24,0.41572919487953186,0
molecola_25638,25,0,25,0.05781357362866402,0
molecola_25638,26,0,26,0.05781357362866402,0
molecola_25638,27,1,27,0.9667132496833801,1
molecola_25638,28,1,28,0.9704452157020569,1
molecola_25638,29,0,29,0.521685779094696,1
molecola_25638,30,0,30,0.08062512427568436,0
molecola_25638,31,0,31,0.6019879579544067,1
molecola_25638,32,0,32,0.8267606496810913,1
molecola_25638,33,0,33,0.22205883264541626,0
molecola_25638,34,0,34,0.0030951250810176134,0
molecola_25751,1,0,1,0.18963710963726044,0
molecola_25751,2,0,2,0.07826918363571167,0
molecola_25751,3,0,3,0.04856400191783905,0
molecola_25751,4,0,4,0.04157610982656479,0
molecola_25751,5,0,5,0.03699478507041931,0
molecola_25751,6,0,6,0.031678054481744766,0
molecola_25751,7,0,7,0.010376174002885818,0
molecola_25751,8,0,8,0.002986957086250186,0
molecola_25751,9,0,9,0.002002159133553505,0
molecola_25751,10,0,10,0.0048575326800346375,0
molecola_25751,11,0,11,0.005010117776691914,0
molecola_25751,12,0,12,0.009375528432428837,0
molecola_25751,13,0,13,0.028923386707901955,0
molecola_25751,14,0,14,0.35438358783721924,0
molecola_25751,15,0,15,0.1416478157043457,0
molecola_25751,16,1,16,0.9871729612350464,1
molecola_25751,17,0,17,0.10990417003631592,0
molecola_25751,18,0,18,0.05034446716308594,0
molecola_25751,19,0,19,0.13165432214736938,0
molecola_25751,20,0,20,0.01552493590861559,0
molecola_25850,1,0,1,0.0019004911882802844,0
molecola_25850,2,0,2,0.0019462539348751307,0
molecola_25850,3,0,3,0.00242427084594965,0
molecola_25850,4,0,4,0.005065707489848137,0
molecola_25850,5,0,5,0.005279495380818844,0
molecola_25850,6,0,6,0.020725250244140625,0
molecola_25850,7,0,7,0.08823038637638092,0
molecola_25850,8,0,8,0.06325399875640869,0
molecola_25850,9,0,9,0.021871604025363922,0
molecola_25850,10,0,10,0.012243719771504402,0
molecola_25850,11,1,11,0.9648206233978271,1
molecola_25850,12,1,12,0.9759283661842346,1
molecola_25850,13,0,13,0.020748140290379524,0
molecola_25850,14,0,14,0.0038208228070288897,0
molecola_25850,15,0,15,0.004551677964627743,0
molecola_25850,16,0,16,0.001719157095067203,0
molecola_25850,17,0,17,0.0109328618273139,0
molecola_25850,18,0,18,0.5384825468063354,1
molecola_25850,19,1,19,0.9749125838279724,1
molecola_25850,20,1,20,0.9721706509590149,1
molecola_25850,21,0,21,0.39416244626045227,0
molecola_25850,22,0,22,0.1134006455540657,0
molecola_25850,23,1,23,0.983885645866394,1
molecola_25850,24,0,24,0.9290629625320435,1
molecola_25850,25,1,25,0.9290629625320435,1
molecola_25910,1,0,1,0.9033272862434387,1
molecola_25910,2,0,2,0.8987142443656921,1
molecola_25910,3,0,3,0.8683854937553406,1
molecola_25910,4,0,4,0.6263651847839355,1
molecola_25910,5,0,5,0.8795714974403381,1
molecola_25910,6,0,6,0.7601951360702515,1
molecola_25910,7,0,7,0.0200528334826231,0
molecola_25910,8,0,8,0.009235424920916557,0
molecola_25910,9,0,9,0.0051647755317389965,0
molecola_25910,10,0,10,0.004722648300230503,0
molecola_25910,11,0,11,0.01572047732770443,0
molecola_25910,12,0,12,0.003386715892702341,0
molecola_25910,13,0,13,0.006517399568110704,0
molecola_25910,14,0,14,0.06219514086842537,0
molecola_25910,15,0,15,0.002385444240644574,0
molecola_25910,16,0,16,0.1502658575773239,0
molecola_25910,17,0,17,0.978992760181427,1
molecola_25910,18,0,18,0.054530128836631775,0
molecola_25910,19,0,19,0.009235424920916557,0
molecola_25910,20,0,20,0.0200528334826231,0
molecola_25910,21,1,21,0.9815996289253235,1
molecola_25910,22,0,22,0.8923115134239197,1
molecola_25910,23,1,23,0.8923115134239197,1
molecola_25972,1,0,1,0.004031562712043524,0
molecola_25972,2,0,2,0.002316180383786559,0
molecola_25972,3,0,3,0.013962706550955772,0
molecola_25972,4,0,4,0.011026162654161453,0
molecola_25972,5,0,5,0.006733518093824387,0
molecola_25972,6,0,6,0.0023263986222445965,0
molecola_25972,7,0,7,0.02560572139918804,0
molecola_25972,8,0,8,0.02423836663365364,0
molecola_25972,9,0,9,0.02129942551255226,0
molecola_25972,10,0,10,0.0021271666046231985,0
molecola_25972,11,0,11,0.0023234377149492502,0
molecola_25972,12,0,12,0.0014823462115600705,0
molecola_25972,13,0,13,0.002279976848512888,0
molecola_25972,14,0,14,0.015358280390501022,0
molecola_25972,15,0,15,0.06348756700754166,0
molecola_25972,16,0,16,0.018091337755322456,0
molecola_25972,17,0,17,0.02788092941045761,0
molecola_25972,18,0,18,0.010655330494046211,0
molecola_25972,19,1,19,0.9893112778663635,1
molecola_25972,20,0,20,0.9625179767608643,1
molecola_25972,21,1,21,0.9625179767608643,1
molecola_25972,22,0,22,0.02116815745830536,0
molecola_25972,23,0,23,0.044134028255939484,0
molecola_25972,24,0,24,0.022745246067643166,0
molecola_25972,25,0,25,0.004467116203159094,0
molecola_25972,26,0,26,0.02988005243241787,0
molecola_25972,27,0,27,0.036105990409851074,0
molecola_25972,28,0,28,0.04759190231561661,0
molecola_25972,29,0,29,0.009297961369156837,0
molecola_25972,30,0,30,0.018313372507691383,0
molecola_25972,31,0,31,0.01009996049106121,0
molecola_25972,32,0,32,0.018977485597133636,0
molecola_25972,33,0,33,0.011550328694283962,0
molecola_26093,1,0,1,0.02394763007760048,0
molecola_26093,2,0,2,0.015838172286748886,0
molecola_26093,3,0,3,0.033021967858076096,0
molecola_26093,4,0,4,0.029515951871871948,0
molecola_26093,5,0,5,0.01760578341782093,0
molecola_26093,6,0,6,0.018373984843492508,0
molecola_26093,7,0,7,0.00461067957803607,0
molecola_26093,8,0,8,0.015800919383764267,0
molecola_26093,9,0,9,0.022157004103064537,0
molecola_26093,10,0,10,0.009226558730006218,0
molecola_26093,11,0,11,0.009490041993558407,0
molecola_26093,12,0,12,0.01170867495238781,0
molecola_26093,13,0,13,0.04091068357229233,0
molecola_26093,14,0,14,0.04225151613354683,0
molecola_26093,15,0,15,0.0558084137737751,0
molecola_26093,16,0,16,0.020199159160256386,0
molecola_26093,17,0,17,0.0797838494181633,0
molecola_26093,18,0,18,0.1967724859714508,0
molecola_26093,19,0,19,0.23357391357421875,0
molecola_26093,20,0,20,0.09844604879617691,0
molecola_26093,21,0,21,0.3423267602920532,0
molecola_26093,22,0,22,0.10335323959589005,0
molecola_26093,23,1,23,0.9888089299201965,1
molecola_26093,24,0,24,0.626666247844696,1
molecola_26093,25,0,25,0.045456018298864365,0
molecola_26093,26,0,26,0.0173331368714571,0
molecola_26093,27,0,27,0.007362287491559982,0
molecola_26093,28,0,28,0.002454601228237152,0
molecola_26093,29,0,29,0.02394763007760048,0
molecola_262,1,0,1,0.4134528338909149,0
molecola_262,2,0,2,0.2723621129989624,0
molecola_262,3,0,3,0.12460128217935562,0
molecola_262,4,0,4,0.005511772353202105,0
molecola_262,5,0,5,0.03631483018398285,0
molecola_262,6,0,6,0.023329682648181915,0
molecola_262,7,1,7,0.88633793592453,1
molecola_262,8,1,8,0.9220646023750305,1
molecola_262,9,1,9,0.9066419005393982,1
molecola_262,10,1,10,0.9817373752593994,1
molecola_262,11,0,11,0.8966168165206909,1
molecola_262,12,1,12,0.8966168165206909,1
molecola_262,13,0,13,0.041147373616695404,0
molecola_262,14,0,14,0.0021004686132073402,0
molecola_262,15,0,15,0.006333061959594488,0
molecola_2665,1,0,1,0.14882497489452362,0
molecola_2665,2,0,2,0.13270190358161926,0
molecola_2665,3,1,3,0.16265341639518738,0
molecola_2665,4,0,4,0.16568772494792938,0
molecola_2665,5,1,5,0.0830562636256218,0
molecola_2665,6,1,6,0.1229894682765007,0
molecola_2665,7,1,7,0.07355081290006638,0
molecola_2665,8,1,8,0.1472189575433731,0
molecola_2665,9,0,9,0.19907215237617493,0
molecola_2665,10,1,10,0.12472650408744812,0
molecola_2665,11,1,11,0.026397181674838066,0
molecola_2665,12,0,12,0.6599276661872864,1
molecola_2665,13,1,13,0.6986349821090698,1
molecola_2665,14,1,14,0.631036102771759,1
molecola_2665,15,1,15,0.3437643051147461,0
molecola_2665,16,1,16,0.3306753635406494,0
molecola_2665,17,1,17,0.8922867178916931,1
molecola_2665,18,1,18,0.7542297840118408,1
molecola_2665,19,1,19,0.5589209198951721,1
molecola_2665,20,1,20,0.513944149017334,1
molecola_2665,21,1,21,0.6112393736839294,1
molecola_2665,22,1,22,0.5572362542152405,1
molecola_2665,23,1,23,0.6044202446937561,1
molecola_2665,24,1,24,0.5524207949638367,1
molecola_2665,25,1,25,0.0513233058154583,0
molecola_2665,26,1,26,0.05461161956191063,0
molecola_2665,27,1,27,0.017483556643128395,0
molecola_2665,28,1,28,0.02844628319144249,0
molecola_2665,29,1,29,0.2537325918674469,0
molecola_2665,30,0,30,0.9621142745018005,1
molecola_2665,31,1,31,0.1333293616771698,0
molecola_2665,32,1,32,0.08815320581197739,0
molecola_2665,33,1,33,0.14204132556915283,0
molecola_26711,1,1,1,0.8510233759880066,1
molecola_26711,2,1,2,0.8897894024848938,1
molecola_26711,3,0,3,0.8510233759880066,1
molecola_26711,4,0,4,0.08987995237112045,0
molecola_26711,5,0,5,0.015465649776160717,0
molecola_26711,6,0,6,0.017843564972281456,0
molecola_26711,7,0,7,0.11919382959604263,0
molecola_26711,8,0,8,0.09941482543945312,0
molecola_26711,9,0,9,0.03953510522842407,0
molecola_26711,10,0,10,0.0018865336896851659,0
molecola_26711,11,0,11,0.0023886950220912695,0
molecola_26711,12,0,12,0.006475240457803011,0
molecola_26711,13,0,13,0.009779811836779118,0
molecola_26711,14,0,14,0.0040009357035160065,0
molecola_26711,15,0,15,0.002504387404769659,0
molecola_26711,16,0,16,0.008498737588524818,0
molecola_26711,17,0,17,0.0024988639634102583,0
molecola_26711,18,0,18,0.048781633377075195,0
molecola_26711,19,0,19,0.10818156599998474,0
molecola_26711,20,0,20,0.11583226919174194,0
molecola_26711,21,0,21,0.052511826157569885,0
molecola_26711,22,0,22,0.0032608606852591038,0
molecola_26711,23,1,23,0.9819097518920898,1
molecola_26711,24,0,24,0.889137327671051,1
molecola_26711,25,1,25,0.889137327671051,1
molecola_27246,1,0,1,0.006480570882558823,0
molecola_27246,2,0,2,0.005930765997618437,0
molecola_27246,3,0,3,0.26378723978996277,0
molecola_27246,4,0,4,0.005930765997618437,0
molecola_27246,5,0,5,0.006480570882558823,0
molecola_27246,6,0,6,0.002469152444973588,0
molecola_27246,7,0,7,0.0029488643631339073,0
molecola_27246,8,0,8,0.001806138432584703,0
molecola_27246,9,0,9,0.004889329895377159,0
molecola_27246,10,0,10,0.0035845665261149406,0
molecola_27246,11,0,11,0.0022894791327416897,0
molecola_27246,12,0,12,0.0018844393780454993,0
molecola_27246,13,0,13,0.002426836872473359,0
molecola_27246,14,0,14,0.003660674439743161,0
molecola_27246,15,0,15,0.0022422843612730503,0
molecola_27246,16,0,16,0.004306442569941282,0
molecola_27246,17,0,17,0.00224135210737586,0
molecola_27246,18,0,18,0.0039861793629825115,0
molecola_27246,19,0,19,0.01603931188583374,0
molecola_27246,20,0,20,0.08973503112792969,0
molecola_27246,21,1,21,0.5078921914100647,1
molecola_27246,22,0,22,0.08412172645330429,0
molecola_27246,23,1,23,0.9874125719070435,1
molecola_27246,24,1,24,0.28304243087768555,0
molecola_27246,25,0,25,0.012788929976522923,0
molecola_27246,26,0,26,0.0023453279864042997,0
molecola_27246,27,0,27,0.0032071489840745926,0
molecola_27246,28,0,28,0.0018935016123577952,0
molecola_27246,29,0,29,0.0026257731951773167,0
molecola_27246,30,0,30,0.001838726457208395,0
molecola_2736,1,0,1,0.1606348603963852,0
molecola_2736,2,0,2,0.024096811190247536,0
molecola_2736,3,1,3,0.8111462593078613,1
molecola_2736,4,0,4,0.8297800421714783,1
molecola_2736,5,1,5,0.8707256317138672,1
molecola_2736,6,0,6,0.8242904543876648,1
molecola_2736,7,0,7,0.05075512453913689,0
molecola_2736,8,0,8,0.09912160038948059,0
molecola_2736,9,0,9,0.09254126995801926,0
molecola_2736,10,0,10,0.06670407205820084,0
molecola_2736,11,0,11,0.09912160038948059,0
molecola_2736,12,0,12,0.09254125505685806,0
molecola_2736,13,0,13,0.05075512453913689,0
molecola_2736,14,1,14,0.9509283900260925,1
molecola_2736,15,0,15,0.8576535582542419,1
molecola_2736,16,1,16,0.8576535582542419,1
molecola_2736,17,0,17,0.0027881863061338663,0
molecola_2736,18,0,18,0.01011333242058754,0
molecola_2736,19,0,19,0.07558438926935196,0
molecola_2736,20,0,20,0.13307678699493408,0
molecola_2736,21,0,21,0.07558438926935196,0
molecola_2736,22,0,22,0.01011333242058754,0
molecola_2736,23,0,23,0.0027881863061338663,0
molecola_2736,24,0,24,0.01011333242058754,0
molecola_2736,25,0,25,0.07558438926935196,0
molecola_2736,26,0,26,0.13307678699493408,0
molecola_2736,27,0,27,0.07558438926935196,0
molecola_2736,28,0,28,0.01011333242058754,0
molecola_2767,1,0,1,0.02022206038236618,0
molecola_2767,2,0,2,0.0173427052795887,0
molecola_2767,3,0,3,0.02022206038236618,0
molecola_2767,4,0,4,0.02022206038236618,0
molecola_2767,5,0,5,0.014156019315123558,0
molecola_2767,6,0,6,0.0018654897576197982,0
molecola_2767,7,0,7,0.0016984433168545365,0
molecola_2767,8,0,8,0.0018531687092036009,0
molecola_2767,9,0,9,0.002786505501717329,0
molecola_2767,10,0,10,0.007256866432726383,0
molecola_2767,11,0,11,0.014186562970280647,0
molecola_2767,12,0,12,0.01719212345778942,0
molecola_2767,13,0,13,0.011375256814062595,0
molecola_2767,14,0,14,0.00913210678845644,0
molecola_2767,15,0,15,0.0024580599274486303,0
molecola_2767,16,0,16,0.001708504045382142,0
molecola_2767,17,0,17,0.02771938592195511,0
molecola_2767,18,1,18,0.8975752592086792,1
molecola_2767,19,1,19,0.9829849600791931,1
molecola_2767,20,0,20,0.8895779252052307,1
molecola_2767,21,1,21,0.8895779252052307,1
molecola_2767,22,0,22,0.0026805344969034195,0
molecola_2767,23,0,23,0.00518405856564641,0
molecola_2767,24,0,24,0.0017051362665370107,0
molecola_2767,25,0,25,0.0034389779902994633,0
molecola_2767,26,0,26,0.009122904390096664,0
molecola_2767,27,0,27,0.0025239703245460987,0
molecola_2767,28,0,28,0.0014493941562250257,0
molecola_2767,29,0,29,0.0014493941562250257,0
molecola_2767,30,0,30,0.0018450418720021844,0
molecola_2767,31,0,31,0.0033998838625848293,0
molecola_2767,32,0,32,0.008006651885807514,0
molecola_2767,33,0,33,0.004769766703248024,0
molecola_2767,34,0,34,0.002499608090147376,0
molecola_2767,35,0,35,0.001372991013340652,0
molecola_2767,36,0,36,0.0015750703169032931,0
molecola_2767,37,0,37,0.006737473886460066,0
molecola_2767,38,0,38,0.0142285767942667,0
molecola_2767,39,0,39,0.0142285767942667,0
molecola_2767,40,0,40,0.002371584763750434,0
molecola_27702,1,0,1,0.8483358025550842,1
molecola_27702,2,0,2,0.8728383779525757,1
molecola_27702,3,1,3,0.9823507070541382,1
molecola_27702,4,0,4,0.892650306224823,1
molecola_27702,5,1,5,0.892650306224823,1
molecola_27702,6,0,6,0.043609071522951126,0
molecola_27702,7,0,7,0.002332029864192009,0
molecola_27702,8,0,8,0.002996134338900447,0
molecola_27702,9,0,9,0.004980563186109066,0
molecola_27702,10,0,10,0.03759182617068291,0
molecola_27702,11,0,11,0.45553353428840637,0
molecola_27702,12,0,12,0.4995453953742981,0
molecola_27702,13,0,13,0.5305321216583252,1
molecola_27702,14,0,14,0.5896962881088257,1
molecola_27702,15,0,15,0.022281693294644356,0
molecola_27702,16,0,16,0.018170759081840515,0
molecola_27702,17,0,17,0.002996134338900447,0
molecola_27702,18,0,18,0.002332029864192009,0
molecola_2778,1,1,1,0.9693172574043274,1
molecola_2778,2,1,2,0.9563872218132019,1
molecola_2778,3,0,3,0.4523018002510071,0
molecola_2778,4,0,4,0.061249300837516785,0
molecola_2778,5,0,5,0.0037255280185490847,0
molecola_2778,6,0,6,0.0021321065723896027,0
molecola_2778,7,0,7,0.001659737783484161,0
molecola_2778,8,0,8,0.001576152048073709,0
molecola_2778,9,0,9,0.001576152048073709,0
molecola_2778,10,1,10,0.9531123042106628,1
molecola_2778,11,1,11,0.9576819539070129,1
molecola_2778,12,0,12,0.008255954831838608,0
molecola_2778,13,0,13,0.0036705099046230316,0
molecola_2778,14,0,14,0.003135040169581771,0
molecola_2778,15,0,15,0.0022678107488900423,0
molecola_2778,16,0,16,0.003135040169581771,0
molecola_2778,17,0,17,0.0036705099046230316,0
molecola_2778,18,0,18,0.005415794905275106,0
molecola_2778,19,0,19,0.001450458774343133,0
molecola_2778,20,0,20,0.0014052189653739333,0
molecola_2780,1,0,1,0.08361711353063583,0
molecola_2780,2,0,2,0.11490674316883087,0
molecola_2780,3,0,3,0.06927993893623352,0
molecola_2780,4,0,4,0.0996968224644661,0
molecola_2780,5,0,5,0.00990020390599966,0
molecola_2780,6,0,6,0.0046690343879163265,0
molecola_2780,7,0,7,0.0029183505102992058,0
molecola_2780,8,0,8,0.006198556628078222,0
molecola_2780,9,0,9,0.002634629374369979,0
molecola_2780,10,0,10,0.04690941423177719,0
molecola_2780,11,0,11,0.06425301730632782,0
molecola_2780,12,0,12,0.08301650732755661,0
molecola_2780,13,0,13,0.048919837921857834,0
molecola_2780,14,0,14,0.08301161974668503,0
molecola_2780,15,0,15,0.08301161974668503,0
molecola_2780,16,0,16,0.011393213644623756,0
molecola_2780,17,0,17,0.0859927386045456,0
molecola_2780,18,0,18,0.11836782842874527,0
molecola_2780,19,0,19,0.12518981099128723,0
molecola_2780,20,0,20,0.04339902475476265,0
molecola_2780,21,0,21,0.01875675655901432,0
molecola_2780,22,0,22,0.003927906043827534,0
molecola_2780,23,0,23,0.018975893035531044,0
molecola_2780,24,0,24,0.031876854598522186,0
molecola_2780,25,0,25,0.0843687579035759,0
molecola_2780,26,0,26,0.031876854598522186,0
molecola_2780,27,0,27,0.018975893035531044,0
molecola_2780,28,0,28,0.0027042466681450605,0
molecola_2780,29,0,29,0.011115496046841145,0
molecola_2780,30,0,30,0.03400258719921112,0
molecola_2780,31,1,31,0.9901260137557983,1
molecola_2780,32,1,32,0.962965726852417,1
molecola_2780,33,1,33,0.962965726852417,1
molecola_28263,1,1,1,0.8901186585426331,1
molecola_28263,2,1,2,0.9826153516769409,1
molecola_28263,3,0,3,0.8901186585426331,1
molecola_28263,4,0,4,0.8389333486557007,1
molecola_28263,5,0,5,0.13768476247787476,0
molecola_28263,6,0,6,0.0022841892205178738,0
molecola_28263,7,0,7,0.0025676467921584845,0
molecola_28263,8,0,8,0.00806695781648159,0
molecola_28263,9,0,9,0.014016234315931797,0
molecola_28263,10,0,10,0.0062562511302530766,0
molecola_28263,11,0,11,0.008215246722102165,0
molecola_28263,12,0,12,0.0038871713913977146,0
molecola_28263,13,0,13,0.006678291130810976,0
molecola_28263,14,0,14,0.04019860550761223,0
molecola_28263,15,0,15,0.11906801164150238,0
molecola_28263,16,0,16,0.11866964399814606,0
molecola_28263,17,0,17,0.03695300966501236,0
molecola_28263,18,0,18,0.004434889182448387,0
molecola_28263,19,0,19,0.018359916284680367,0
molecola_28263,20,0,20,0.0022877531591802835,0
molecola_28263,21,0,21,0.0015057965647429228,0
molecola_28263,22,0,22,0.0015057965647429228,0
molecola_28263,23,0,23,0.0025625010021030903,0
molecola_28263,24,0,24,0.0038126390427351,0
molecola_28263,25,0,25,0.00861103180795908,0
molecola_28263,26,0,26,0.006749601103365421,0
molecola_28263,27,0,27,0.002285212278366089,0
molecola_28263,28,0,28,0.00861103180795908,0
molecola_28263,29,0,29,0.0038126390427351,0
molecola_28296,1,0,1,0.0022155093029141426,0
molecola_28296,2,0,2,0.0025594327598810196,0
molecola_28296,3,0,3,0.0022155093029141426,0
molecola_28296,4,0,4,0.001744494424201548,0
molecola_28296,5,0,5,0.002171094063669443,0
molecola_28296,6,0,6,0.0018017730908468366,0
molecola_28296,7,0,7,0.001984289614483714,0
molecola_28296,8,0,8,0.001982650952413678,0
molecola_28296,9,0,9,0.0018882082076743245,0
molecola_28296,10,0,10,0.001982650952413678,0
molecola_28296,11,0,11,0.001984289614483714,0
molecola_28296,12,0,12,0.001998039660975337,0
molecola_28296,13,0,13,0.001708442228846252,0
molecola_28296,14,0,14,0.010065107606351376,0
molecola_28296,15,0,15,0.010533105581998825,0
molecola_28296,16,0,16,0.050955597311258316,0
molecola_28296,17,0,17,0.5170281529426575,1
molecola_28296,18,0,18,0.08425943553447723,0
molecola_28296,19,1,19,0.9874946475028992,1
molecola_28296,20,0,20,0.23339053988456726,0
molecola_28296,21,0,21,0.007265318650752306,0
molecola_28296,22,0,22,0.002394048497080803,0
molecola_28296,23,0,23,0.0017461883835494518,0
molecola_28296,24,0,24,0.0988108441233635,0
molecola_28296,25,0,25,0.059686362743377686,0
molecola_28296,26,0,26,0.06395187973976135,0
molecola_28296,27,0,27,0.019214406609535217,0
molecola_28296,28,0,28,0.003905734047293663,0
molecola_28296,29,0,29,0.0016622371040284634,0
molecola_28296,30,0,30,0.010735851712524891,0
molecola_28296,31,0,31,0.18734973669052124,0
molecola_28309,1,0,1,0.9536465406417847,1
molecola_28309,2,0,2,0.9418526887893677,1
molecola_28309,3,0,3,0.670935869216919,1
molecola_28309,4,0,4,0.6174831986427307,1
molecola_28309,5,0,5,0.7798886895179749,1
molecola_28309,6,0,6,0.9799944162368774,1
molecola_28309,7,0,7,0.889586329460144,1
molecola_28309,8,0,8,0.889586329460144,1
molecola_28309,9,0,9,0.5439143180847168,1
molecola_28309,10,0,10,0.35421431064605713,0
molecola_28309,11,0,11,0.14493481814861298,0
molecola_28309,12,0,12,0.13589565455913544,0
molecola_28309,13,0,13,0.1830025613307953,0
molecola_28309,14,0,14,0.3634647727012634,0
molecola_28309,15,1,15,0.9705585241317749,1
molecola_28309,16,1,16,0.9653307199478149,1
molecola_28309,17,0,17,0.32603633403778076,0
molecola_28309,18,0,18,0.11375068873167038,0
molecola_28309,19,0,19,0.07205868512392044,0
molecola_28309,20,0,20,0.04100140929222107,0
molecola_28309,21,0,21,0.09660156816244125,0
molecola_28309,22,0,22,0.37760764360427856,0
molecola_28309,23,0,23,0.782998263835907,1
molecola_28309,24,0,24,0.9806216359138489,1
molecola_28309,25,0,25,0.8895862698554993,1
molecola_28309,26,0,26,0.8895862698554993,1
molecola_28338,1,1,1,0.963212251663208,1
molecola_28338,2,1,2,0.989795982837677,1
molecola_28338,3,1,3,0.963212251663208,1
molecola_28338,4,0,4,0.02182556316256523,0
molecola_28338,5,0,5,0.00992306787520647,0
molecola_28338,6,0,6,0.0025407762732356787,0
molecola_28338,7,0,7,0.004212646745145321,0
molecola_28338,8,0,8,0.0025407762732356787,0
molecola_28338,9,0,9,0.00992306787520647,0
molecola_28338,10,0,10,0.0163938719779253,0
molecola_28338,11,0,11,0.05505041778087616,0
molecola_28338,12,0,12,0.05505041778087616,0
molecola_28338,13,0,13,0.02217249572277069,0
molecola_28338,14,0,14,0.0018573658308014274,0
molecola_28338,15,0,15,0.0016884385840967298,0
molecola_28338,16,0,16,0.00168928736820817,0
molecola_28338,17,0,17,0.011074280366301537,0
molecola_28338,18,0,18,0.06382080912590027,0
molecola_28338,19,0,19,0.08724858611822128,0
molecola_28338,20,0,20,0.010023616254329681,0
molecola_28338,21,0,21,0.008108355104923248,0
molecola_28338,22,0,22,0.00319092208519578,0
molecola_28338,23,0,23,0.0021688423585146666,0
molecola_28338,24,0,24,0.003883087309077382,0
molecola_28338,25,0,25,0.0040054889395833015,0
molecola_28338,26,0,26,0.002500375034287572,0
molecola_28338,27,0,27,0.0015726704150438309,0
molecola_28338,28,0,28,0.0020542244892567396,0
molecola_28338,29,0,29,0.0015726704150438309,0
molecola_28338,30,0,30,0.002500375034287572,0
molecola_28338,31,0,31,0.0017657518619671464,0
molecola_28338,32,0,32,0.0015568030066788197,0
molecola_28338,33,0,33,0.0015568030066788197,0
molecola_28338,34,0,34,0.0015568030066788197,0
molecola_28338,35,0,35,0.0023233790416270494,0
molecola_28493,1,0,1,0.003122800961136818,0
molecola_28493,2,0,2,0.00297904503531754,0
molecola_28493,3,0,3,0.003122800961136818,0
molecola_28493,4,0,4,0.0019793417304754257,0
molecola_28493,5,0,5,0.010666178539395332,0
molecola_28493,6,0,6,0.039360418915748596,0
molecola_28493,7,0,7,0.032267238944768906,0
molecola_28493,8,0,8,0.01473864447325468,0
molecola_28493,9,0,9,0.5267052054405212,1
molecola_28493,10,0,10,0.006008964963257313,0
molecola_28493,11,0,11,0.010502650402486324,0
molecola_28493,12,0,12,0.02534233219921589,0
molecola_28493,13,0,13,0.09955411404371262,0
molecola_28493,14,0,14,0.1339634358882904,0
molecola_28493,15,0,15,0.09955411404371262,0
molecola_28493,16,0,16,0.02534233219921589,0
molecola_28493,17,0,17,0.03457188978791237,0
molecola_28493,18,0,18,0.020455097779631615,0
molecola_28493,19,0,19,0.46995919942855835,0
molecola_28493,20,0,20,0.07641976326704025,0
molecola_28493,21,0,21,0.12357375770807266,0
molecola_28493,22,1,22,0.9678435921669006,1
molecola_28493,23,1,23,0.9725668430328369,1
molecola_28493,24,0,24,0.011041074991226196,0
molecola_28493,25,0,25,0.0033537321723997593,0
molecola_28773,1,0,1,0.018768398091197014,0
molecola_28773,2,0,2,0.005724554881453514,0
molecola_28773,3,0,3,0.0022379306610673666,0
molecola_28773,4,0,4,0.0021304443944245577,0
molecola_28773,5,0,5,0.0063417935743927956,0
molecola_28773,6,0,6,0.0031612496823072433,0
molecola_28773,7,0,7,0.003882833058014512,0
molecola_28773,8,0,8,0.0043258401565253735,0
molecola_28773,9,0,9,0.002942497842013836,0
molecola_28773,10,0,10,0.020454658195376396,0
molecola_28773,11,0,11,0.0031126609537750483,0
molecola_28773,12,0,12,0.00409422442317009,0
molecola_28773,13,0,13,0.005349960643798113,0
molecola_28773,14,0,14,0.017051005735993385,0
molecola_28773,15,0,15,0.15039533376693726,0
molecola_28773,16,0,16,0.220427468419075,0
molecola_28773,17,0,17,0.5138227343559265,1
molecola_28773,18,0,18,0.08539979159832001,0
molecola_28773,19,1,19,0.9874936938285828,1
molecola_28773,20,0,20,0.3884386420249939,0
molecola_28773,21,0,21,0.021465346217155457,0
molecola_28773,22,0,22,0.8872370719909668,1
molecola_28773,23,0,23,0.9365190267562866,1
molecola_28773,24,0,24,0.827258825302124,1
molecola_28773,25,0,25,0.8682310581207275,1
molecola_28773,26,0,26,0.9724248051643372,1
molecola_28773,27,0,27,0.8870141506195068,1
molecola_28773,28,0,28,0.8870141506195068,1
molecola_28773,29,0,29,0.969471275806427,1
molecola_28773,30,0,30,0.9772120118141174,1
molecola_28906,1,1,1,0.9878344535827637,1
molecola_28906,2,0,2,0.08518153429031372,0
molecola_28906,3,0,3,0.283242404460907,0
molecola_28906,4,0,4,0.17027193307876587,0
molecola_28906,5,0,5,0.05906035751104355,0
molecola_28906,6,0,6,0.05836271122097969,0
molecola_28906,7,0,7,0.2941199839115143,0
molecola_28906,8,0,8,0.08885331451892853,0
molecola_28906,9,0,9,0.08488193154335022,0
molecola_28906,10,0,10,0.09272056818008423,0
molecola_28906,11,0,11,0.06723764538764954,0
molecola_28906,12,0,12,0.04420773684978485,0
molecola_28906,13,0,13,0.0760367140173912,0
molecola_28906,14,0,14,0.11750952154397964,0
molecola_28906,15,0,15,0.1302568018436432,0
molecola_28906,16,0,16,0.07897467911243439,0
molecola_28906,17,0,17,0.028231380507349968,0
molecola_28906,18,0,18,0.012805689126253128,0
molecola_2911,1,0,1,0.12315856665372849,0
molecola_2911,2,0,2,0.044805847108364105,0
molecola_2911,3,0,3,0.0981680154800415,0
molecola_2911,4,0,4,0.021818870678544044,0
molecola_2911,5,0,5,0.05826594680547714,0
molecola_2911,6,0,6,0.00435194605961442,0
molecola_2911,7,0,7,0.0017258796142414212,0
molecola_2911,8,0,8,0.003953651059418917,0
molecola_2911,9,0,9,0.057125024497509,0
molecola_2911,10,0,10,0.1960231363773346,0
molecola_2911,11,0,11,0.26980167627334595,0
molecola_2911,12,0,12,0.17144539952278137,0
molecola_2911,13,1,13,0.983628511428833,1
molecola_2911,14,0,14,0.0028547511901706457,0
molecola_2911,15,0,15,0.0018229384440928698,0
molecola_2911,16,0,16,0.002691930392757058,0
molecola_2911,17,0,17,0.021589603275060654,0
molecola_2911,18,0,18,0.04602483659982681,0
molecola_2911,19,0,19,0.031912315636873245,0
molecola_2911,20,0,20,0.0072280061431229115,0
molecola_2911,21,0,21,0.03091016784310341,0
molecola_2911,22,0,22,0.012881985865533352,0
molecola_2911,23,0,23,0.09556133300065994,0
molecola_2911,24,0,24,0.0019120076904073358,0
molecola_2911,25,0,25,0.0017089449102059007,0
molecola_2911,26,0,26,0.0019141191150993109,0
molecola_2911,27,0,27,0.0024832168128341436,0
molecola_2911,28,0,28,0.006127567961812019,0
molecola_2911,29,0,29,0.00584560027346015,0
molecola_2911,30,0,30,0.002276210580021143,0
molecola_2911,31,0,31,0.006127567961812019,0
molecola_2911,32,0,32,0.0024832168128341436,0
molecola_2911,33,0,33,0.009903836995363235,0
molecola_29118,1,1,1,0.9500555992126465,1
molecola_29118,2,1,2,0.9240905046463013,1
molecola_29118,3,0,3,0.14142395555973053,0
molecola_29118,4,0,4,0.05516858026385307,0
molecola_29118,5,0,5,0.003029516665264964,0
molecola_29118,6,0,6,0.013106411322951317,0
molecola_29118,7,0,7,0.010397465899586678,0
molecola_29118,8,0,8,0.0030363306868821383,0
molecola_29118,9,0,9,0.0019818556029349566,0
molecola_29118,10,0,10,0.001946311560459435,0
molecola_29118,11,0,11,0.0014046563301235437,0
molecola_29118,12,0,12,0.0021951349917799234,0
molecola_29118,13,0,13,0.011151188984513283,0
molecola_29118,14,0,14,0.09330513328313828,0
molecola_29118,15,0,15,0.13357779383659363,0
molecola_29118,16,0,16,0.09330513328313828,0
molecola_29118,17,0,17,0.011151188984513283,0
molecola_29232,1,0,1,0.1006128340959549,0
molecola_29232,2,0,2,0.11474579572677612,0
molecola_29232,3,0,3,0.05008997395634651,0
molecola_29232,4,0,4,0.6039004325866699,1
molecola_29232,5,0,5,0.013139362446963787,0
molecola_29232,6,0,6,0.012477455660700798,0
molecola_29232,7,0,7,0.006303064990788698,0
molecola_29232,8,0,8,0.02665563113987446,0
molecola_29232,9,0,9,0.41094785928726196,0
molecola_29232,10,0,10,0.0532202385365963,0
molecola_29232,11,1,11,0.9886841177940369,1
molecola_29232,12,0,12,0.09258515387773514,0
molecola_29232,13,0,13,0.0092695327475667,0
molecola_29232,14,0,14,0.005868973676115274,0
molecola_29232,15,0,15,0.0026439831126481295,0
molecola_29232,16,0,16,0.003652193583548069,0
molecola_29232,17,0,17,0.005341059062629938,0
molecola_29297,1,1,1,0.10176023840904236,0
molecola_29297,2,0,2,0.058980654925107956,0
molecola_29297,3,0,3,0.07985986769199371,0
molecola_29297,4,1,4,0.07481147348880768,0
molecola_29297,5,0,5,0.05792388692498207,0
molecola_29297,6,0,6,0.014170080423355103,0
molecola_29297,7,0,7,0.03993925079703331,0
molecola_29297,8,1,8,0.07664498686790466,0
molecola_29297,9,1,9,0.09181521087884903,0
molecola_29297,10,1,10,0.03354670852422714,0
molecola_29297,11,0,11,0.049948565661907196,0
molecola_29297,12,0,12,0.08772283792495728,0
molecola_29297,13,0,13,0.08772283792495728,0
molecola_29297,14,0,14,0.049948565661907196,0
molecola_29297,15,0,15,0.013054531067609787,0
molecola_29297,16,0,16,0.00692774448543787,0
molecola_29297,17,0,17,0.007933917455375195,0
molecola_29297,18,0,18,0.024462932720780373,0
molecola_29297,19,0,19,0.09794396162033081,0
molecola_29297,20,0,20,0.09984846413135529,0
molecola_29297,21,0,21,0.09794396162033081,0
molecola_29297,22,0,22,0.024462932720780373,0
molecola_29297,23,0,23,0.10223402827978134,0
molecola_29297,24,0,24,0.21185317635536194,0
molecola_29297,25,0,25,0.6201673150062561,1
molecola_29297,26,0,26,0.05925551429390907,0
molecola_29297,27,1,27,0.9894722104072571,1
molecola_29297,28,0,28,0.6201673150062561,1
molecola_29297,29,0,29,0.21185317635536194,0
molecola_29345,1,0,1,0.0768633708357811,0
molecola_29345,2,0,2,0.020632438361644745,0
molecola_29345,3,0,3,0.0105650145560503,0
molecola_29345,4,0,4,0.014192706905305386,0
molecola_29345,5,0,5,0.010508322156965733,0
molecola_29345,6,0,6,0.02564256265759468,0
molecola_29345,7,0,7,0.003589498344808817,0
molecola_29345,8,0,8,0.0031582308001816273,0
molecola_29345,9,0,9,0.006848176941275597,0
molecola_29345,10,0,10,0.006614687852561474,0
molecola_29345,11,0,11,0.0028006965294480324,0
molecola_29345,12,0,12,0.002339825266972184,0
molecola_29345,13,0,13,0.02562832459807396,0
molecola_29345,14,0,14,0.2497679889202118,0
molecola_29345,15,0,15,0.8312721252441406,1
molecola_29345,16,0,16,0.8540745973587036,1
molecola_29345,17,0,17,0.9758919477462769,1
molecola_29345,18,0,18,0.9698954224586487,1
molecola_29345,19,0,19,0.832992672920227,1
molecola_29345,20,0,20,0.5027384757995605,1
molecola_29345,21,0,21,0.16576148569583893,0
molecola_29345,22,0,22,0.010325014591217041,0
molecola_29345,23,0,23,0.01264234073460102,0
molecola_29345,24,0,24,0.024132663384079933,0
molecola_29345,25,0,25,0.01264234073460102,0
molecola_29345,26,0,26,0.010325014591217041,0
molecola_29345,27,1,27,0.989764928817749,1
molecola_29345,28,0,28,0.963212251663208,1
molecola_29345,29,1,29,0.963212251663208,1
molecola_29360,1,0,1,0.27071413397789,0
molecola_29360,2,0,2,0.05599997565150261,0
molecola_29360,3,0,3,0.026109054684638977,0
molecola_29360,4,0,4,0.0019192639738321304,0
molecola_29360,5,0,5,0.001601813593879342,0
molecola_29360,6,0,6,0.006566628348082304,0
molecola_29360,7,0,7,0.10800788551568985,0
molecola_29360,8,0,8,0.8629639148712158,1
molecola_29360,9,1,9,0.9821464419364929,1
molecola_29360,10,0,10,0.8894875049591064,1
molecola_29360,11,1,11,0.8894875049591064,1
molecola_29360,12,0,12,0.008007708936929703,0
molecola_29360,13,1,13,0.9900980591773987,1
molecola_29360,14,0,14,0.9624813199043274,1
molecola_29360,15,1,15,0.9624813199043274,1
molecola_29360,16,0,16,0.006317285355180502,0
molecola_29360,17,0,17,0.0024561043828725815,0
molecola_29374,1,0,1,0.0059630386531353,0
molecola_29374,2,0,2,0.12462369352579117,0
molecola_29374,3,0,3,0.03093896619975567,0
molecola_29374,4,0,4,0.03933529555797577,0
molecola_29374,5,0,5,0.05766488239169121,0
molecola_29374,6,0,6,0.034367065876722336,0
molecola_29374,7,0,7,0.041958536952733994,0
molecola_29374,8,0,8,0.10632532835006714,0
molecola_29374,9,0,9,0.1452527493238449,0
molecola_29374,10,0,10,0.1452527493238449,0
molecola_29374,11,1,11,0.9608493447303772,1
molecola_29374,12,1,12,0.9743845462799072,1
molecola_29374,13,0,13,0.002742369193583727,0
molecola_29374,14,0,14,0.0020316019654273987,0
molecola_29374,15,0,15,0.014753490686416626,0
molecola_29374,16,0,16,0.06046702712774277,0
molecola_29374,17,0,17,0.085540771484375,0
molecola_29374,18,0,18,0.013111673295497894,0
molecola_29374,19,0,19,0.07425355911254883,0
molecola_29374,20,0,20,0.12150058150291443,0
molecola_29374,21,0,21,0.10823029279708862,0
molecola_29374,22,0,22,0.044895682483911514,0
molecola_29374,23,0,23,0.0025432826951146126,0
molecola_2948,1,1,1,0.8409226536750793,1
molecola_2948,2,1,2,0.8650797009468079,1
molecola_2948,3,1,3,0.9823489785194397,1
molecola_2948,4,0,4,0.892650306224823,1
molecola_2948,5,1,5,0.892650306224823,1
molecola_2948,6,0,6,0.04540431499481201,0
molecola_2948,7,0,7,0.002775987610220909,0
molecola_2948,8,0,8,0.004884494934231043,0
molecola_2948,9,0,9,0.002556769410148263,0
molecola_2948,10,0,10,0.002324475906789303,0
molecola_2948,11,0,11,0.0026113393250852823,0
molecola_2948,12,0,12,0.0022339713759720325,0
molecola_2948,13,0,13,0.006630051881074905,0
molecola_2948,14,0,14,0.015387136489152908,0
molecola_2948,15,0,15,0.007871662266552448,0
molecola_2948,16,0,16,0.0033494301605969667,0
molecola_2948,17,0,17,0.001618691487237811,0
molecola_2948,18,0,18,0.0020160663407295942,0
molecola_2948,19,0,19,0.0024692947044968605,0
molecola_29508,1,0,1,0.0024911595974117517,0
molecola_29508,2,0,2,0.0037102659698575735,0
molecola_29508,3,0,3,0.0020386783871799707,0
molecola_29508,4,0,4,0.054405227303504944,0
molecola_29508,5,0,5,0.005874910857528448,0
molecola_29508,6,0,6,0.006471995729953051,0
molecola_29508,7,0,7,0.002280397806316614,0
molecola_29508,8,0,8,0.015290020033717155,0
molecola_29508,9,0,9,0.060494426637887955,0
molecola_29508,10,0,10,0.08568546175956726,0
molecola_29508,11,0,11,0.06396692246198654,0
molecola_29508,12,0,12,0.1588279902935028,0
molecola_29508,13,0,13,0.545028567314148,1
molecola_29508,14,0,14,0.08593524247407913,0
molecola_29508,15,1,15,0.9874899983406067,1
molecola_29508,16,0,16,0.4275718927383423,0
molecola_29508,17,0,17,0.013027324341237545,0
molecola_29718,1,0,1,0.17781397700309753,0
molecola_29718,2,0,2,0.0937131866812706,0
molecola_29718,3,0,3,0.11999435722827911,0
molecola_29718,4,0,4,0.23581284284591675,0
molecola_29718,5,1,5,0.9750315546989441,1
molecola_29718,6,0,6,0.20929919183254242,0
molecola_29718,7,0,7,0.13121622800827026,0
molecola_29718,8,0,8,0.039775777608156204,0
molecola_29718,9,0,9,0.018179213628172874,0
molecola_29718,10,0,10,0.0051930793561041355,0
molecola_29718,11,0,11,0.010602423921227455,0
molecola_29718,12,0,12,0.0013481362257152796,0
molecola_29718,13,0,13,0.047062646597623825,0
molecola_29718,14,0,14,0.24375471472740173,0
molecola_29718,15,0,15,0.9544190168380737,1
molecola_29718,16,0,16,0.014626085758209229,0
molecola_29718,17,0,17,0.07748181372880936,0
molecola_29718,18,0,18,0.1160590872168541,0
molecola_29718,19,0,19,0.13447919487953186,0
molecola_29718,20,0,20,0.1160590872168541,0
molecola_29718,21,0,21,0.07748181372880936,0
molecola_29771,1,0,1,0.0020176537800580263,0
molecola_29771,2,0,2,0.0019014050485566258,0
molecola_29771,3,0,3,0.0020176537800580263,0
molecola_29771,4,0,4,0.003504735417664051,0
molecola_29771,5,0,5,0.012390679679811,0
molecola_29771,6,0,6,0.0043529337272048,0
molecola_29771,7,0,7,0.0014548342442139983,0
molecola_29771,8,0,8,0.0014668983640149236,0
molecola_29771,9,0,9,0.0019438419258221984,0
molecola_29771,10,0,10,0.4992966949939728,0
molecola_29771,11,0,11,0.055381305515766144,0
molecola_29771,12,1,12,0.9675042033195496,1
molecola_29771,13,1,13,0.9729793667793274,1
molecola_29771,14,0,14,0.005218823440372944,0
molecola_2983,1,0,1,0.08678532391786575,0
molecola_2983,2,0,2,0.028052957728505135,0
molecola_2983,3,0,3,0.1066536009311676,0
molecola_2983,4,0,4,0.19257444143295288,0
molecola_2983,5,0,5,0.4883280098438263,0
molecola_2983,6,0,6,0.08466952294111252,0
molecola_2983,7,1,7,0.987718939781189,1
molecola_2983,8,0,8,0.47513288259506226,0
molecola_2983,9,0,9,0.06871598958969116,0
molecola_2983,10,0,10,0.011764430440962315,0
molecola_2983,11,0,11,0.05447196587920189,0
molecola_2983,12,0,12,0.0762445256114006,0
molecola_2983,13,0,13,0.06209095939993858,0
molecola_2983,14,0,14,0.02076410874724388,0
molecola_2983,15,0,15,0.007834888994693756,0
molecola_2983,16,0,16,0.7805414199829102,1
molecola_2983,17,0,17,0.014530770480632782,0
molecola_2983,18,0,18,0.007028810679912567,0
molecola_2983,19,0,19,0.010944277979433537,0
molecola_2983,20,0,20,0.007349600084125996,0
molecola_2983,21,0,21,0.021362902596592903,0
molecola_2983,22,0,22,0.11468777805566788,0
molecola_2983,23,0,23,0.05917105823755264,0
molecola_29872,1,0,1,0.05790424719452858,0
molecola_29872,2,0,2,0.029605289921164513,0
molecola_29872,3,0,3,0.06812013685703278,0
molecola_29872,4,0,4,0.01729636639356613,0
molecola_29872,5,0,5,0.028910892084240913,0
molecola_29872,6,0,6,0.013215240091085434,0
molecola_29872,7,0,7,0.0032247230410575867,0
molecola_29872,8,0,8,0.0019232112681493163,0
molecola_29872,9,0,9,0.0022810595110058784,0
molecola_29872,10,0,10,0.059569232165813446,0
molecola_29872,11,0,11,0.07169093936681747,0
molecola_29872,12,0,12,0.09975890070199966,0
molecola_29872,13,1,13,0.9728137254714966,1
molecola_29872,14,0,14,0.0017508474411442876,0
molecola_29872,15,0,15,0.001555653871037066,0
molecola_29872,16,0,16,0.001555653871037066,0
molecola_29872,17,0,17,0.0015556536382064223,0
molecola_29895,1,0,1,0.10627543181180954,0
molecola_29895,2,0,2,0.03595804050564766,0
molecola_29895,3,0,3,0.0771237388253212,0
molecola_29895,4,0,4,0.07064633071422577,0
molecola_29895,5,0,5,0.08446751534938812,0
molecola_29895,6,0,6,0.08780090510845184,0
molecola_29895,7,0,7,0.04594189673662186,0
molecola_29895,8,0,8,0.0456547886133194,0
molecola_29895,9,0,9,0.01454466674476862,0
molecola_29895,10,0,10,0.10691521316766739,0
molecola_29895,11,0,11,0.5929554104804993,1
molecola_29895,12,0,12,0.17261473834514618,0
molecola_29895,13,0,13,0.034330666065216064,0
molecola_29895,14,0,14,0.013522852212190628,0
molecola_29895,15,0,15,0.009223416447639465,0
molecola_29895,16,0,16,0.014766346663236618,0
molecola_29895,17,0,17,0.015672974288463593,0
molecola_29895,18,0,18,0.007529995869845152,0
molecola_29895,19,0,19,0.002283313777297735,0
molecola_29895,20,0,20,0.015672974288463593,0
molecola_29895,21,0,21,0.014766346663236618,0
molecola_29895,22,0,22,0.11683498322963715,0
molecola_29895,23,0,23,0.12999886274337769,0
molecola_29895,24,1,24,0.9845855832099915,1
molecola_29933,1,1,1,0.9490984678268433,1
molecola_29933,2,0,2,0.17030878365039825,0
molecola_29933,3,0,3,0.13872076570987701,0
molecola_29933,4,0,4,0.12499615550041199,0
molecola_29933,5,0,5,0.06187945604324341,0
molecola_29933,6,0,6,0.010704063810408115,0
molecola_29933,7,0,7,0.002392165595665574,0
molecola_29933,8,0,8,0.0033595210406929255,0
molecola_29933,9,0,9,0.038416627794504166,0
molecola_29933,10,0,10,0.021315744146704674,0
molecola_29933,11,0,11,0.05066581070423126,0
molecola_29933,12,0,12,0.09514382481575012,0
molecola_29933,13,0,13,0.13115163147449493,0
molecola_29933,14,0,14,0.11592885106801987,0
molecola_29933,15,0,15,0.07620992511510849,0
molecola_29933,16,0,16,0.031357161700725555,0
molecola_29933,17,0,17,0.1493491381406784,0
molecola_29933,18,0,18,0.10459717363119125,0
molecola_29933,19,0,19,0.014828110113739967,0
molecola_29933,20,0,20,0.06011844798922539,0
molecola_29933,21,0,21,0.009109490551054478,0
molecola_29933,22,0,22,0.015439736656844616,0
molecola_29933,23,0,23,0.07117852568626404,0
molecola_30025,1,0,1,0.00562488054856658,0
molecola_30025,2,0,2,0.0037983041256666183,0
molecola_30025,3,0,3,0.019531896337866783,0
molecola_30025,4,0,4,0.017489323392510414,0
molecola_30025,5,0,5,0.4718615710735321,0
molecola_30025,6,0,6,0.01875999942421913,0
molecola_30025,7,0,7,0.014324677176773548,0
molecola_30025,8,0,8,0.003297704504802823,0
molecola_30025,9,0,9,0.010046486742794514,0
molecola_30025,10,0,10,0.003297704504802823,0
molecola_30025,11,0,11,0.014324677176773548,0
molecola_30025,12,0,12,0.006460701115429401,0
molecola_30025,13,0,13,0.05522575229406357,0
molecola_30025,14,0,14,0.05522575229406357,0
molecola_30025,15,0,15,0.017053715884685516,0
molecola_30025,16,0,16,0.013557786121964455,0
molecola_30025,17,0,17,0.004263686947524548,0
molecola_30025,18,0,18,0.0018467559712007642,0
molecola_30025,19,0,19,0.0030820872634649277,0
molecola_30025,20,0,20,0.008469362743198872,0
molecola_30025,21,0,21,0.009904823265969753,0
molecola_30025,22,0,22,0.0018135157879441977,0
molecola_30025,23,0,23,0.0017528588650748134,0
molecola_30025,24,0,24,0.002260166686028242,0
molecola_30025,25,0,25,0.08143002539873123,0
molecola_30025,26,0,26,0.834380030632019,1
molecola_30025,27,1,27,0.9826274514198303,1
molecola_30025,28,0,28,0.8899491429328918,1
molecola_30025,29,1,29,0.8899491429328918,1
molecola_30025,30,0,30,0.013340678997337818,0
molecola_30025,31,0,31,0.0772433951497078,0
molecola_30025,32,0,32,0.11921220272779465,0
molecola_30025,33,0,33,0.1315319538116455,0
molecola_30025,34,0,34,0.13260890543460846,0
molecola_30025,35,0,35,0.10671482235193253,0
molecola_3017,1,0,1,0.0027819934766739607,0
molecola_3017,2,0,2,0.0020115028601139784,0
molecola_3017,3,0,3,0.006241114344447851,0
molecola_3017,4,0,4,0.0021653673611581326,0
molecola_3017,5,0,5,0.02242635190486908,0
molecola_3017,6,0,6,0.009879314340651035,0
molecola_3017,7,0,7,0.2042909860610962,0
molecola_3017,8,1,8,0.8539280295372009,1
molecola_3017,9,1,9,0.9828372001647949,1
molecola_3017,10,1,10,0.8889127373695374,1
molecola_3017,11,1,11,0.8889127373695374,1
molecola_3017,12,0,12,0.03161930665373802,0
molecola_3017,13,0,13,0.09639712423086166,0
molecola_3017,14,0,14,0.09255456924438477,0
molecola_3017,15,0,15,0.11147395521402359,0
molecola_3017,16,0,16,0.09255456924438477,0
molecola_3017,17,0,17,0.09639712423086166,0
molecola_30299,1,0,1,0.9574630856513977,1
molecola_30299,2,0,2,0.9882556200027466,1
molecola_30299,3,0,3,0.9574630856513977,1
molecola_30299,4,0,4,0.10064876079559326,0
molecola_30299,5,0,5,0.12386632710695267,0
molecola_30299,6,0,6,0.316487580537796,0
molecola_30299,7,0,7,0.39327752590179443,0
molecola_30299,8,0,8,0.389416366815567,0
molecola_30299,9,0,9,0.41334766149520874,0
molecola_30299,10,0,10,0.3481252193450928,0
molecola_30299,11,0,11,0.19413964450359344,0
molecola_30299,12,0,12,0.060814350843429565,0
molecola_30299,13,0,13,0.06650416553020477,0
molecola_30299,14,0,14,0.11864971369504929,0
molecola_30299,15,0,15,0.1334175020456314,0
molecola_30299,16,0,16,0.1514706164598465,0
molecola_30299,17,1,17,0.9637864232063293,1
molecola_30299,18,0,18,0.09034354239702225,0
molecola_30299,19,0,19,0.007767133880406618,0
molecola_30299,20,0,20,0.008571810089051723,0
molecola_30299,21,0,21,0.014082389883697033,0
molecola_30299,22,0,22,0.0036276697646826506,0
molecola_30299,23,0,23,0.0014340071938931942,0
molecola_30299,24,0,24,0.0013891449198126793,0
molecola_30482,1,0,1,0.09761107712984085,0
molecola_30482,2,0,2,0.05347282066941261,0
molecola_30482,3,0,3,0.04408055543899536,0
molecola_30482,4,0,4,0.020098047330975533,0
molecola_30482,5,0,5,0.0118473581969738,0
molecola_30482,6,0,6,0.018522189930081367,0
molecola_30482,7,0,7,0.02262832410633564,0
molecola_30482,8,0,8,0.008729439228773117,0
molecola_30482,9,0,9,0.002796322340145707,0
molecola_30482,10,0,10,0.0023497450165450573,0
molecola_30482,11,0,11,0.00977644044905901,0
molecola_30482,12,0,12,0.01849956065416336,0
molecola_30482,13,0,13,0.008572965860366821,0
molecola_30482,14,0,14,0.0031173310708254576,0
molecola_30482,15,0,15,0.0021090423688292503,0
molecola_30482,16,0,16,0.0021625873632729053,0
molecola_30482,17,0,17,0.002068501664325595,0
molecola_30482,18,0,18,0.0016452905256301165,0
molecola_30482,19,1,19,0.9887470602989197,1
molecola_30482,20,1,20,0.9616819024085999,1
molecola_30482,21,1,21,0.9616819024085999,1
molecola_30482,22,0,22,0.03586987778544426,0
molecola_30482,23,0,23,0.004025958478450775,0
molecola_30482,24,0,24,0.004025958478450775,0
molecola_30552,1,0,1,0.007182462606579065,0
molecola_30552,2,0,2,0.0032134526409208775,0
molecola_30552,3,0,3,0.015871772542595863,0
molecola_30552,4,0,4,0.004015667829662561,0
molecola_30552,5,0,5,0.0023146867752075195,0
molecola_30552,6,0,6,0.002600401174277067,0
molecola_30552,7,0,7,0.002683058148249984,0
molecola_30552,8,0,8,0.023758187890052795,0
molecola_30552,9,0,9,0.04053162410855293,0
molecola_30552,10,0,10,0.17353083193302155,0
molecola_30552,11,0,11,0.21763506531715393,0
molecola_30552,12,0,12,0.5139740705490112,1
molecola_30552,13,0,13,0.08550126850605011,0
molecola_30552,14,1,14,0.9874922037124634,1
molecola_30552,15,0,15,0.4054647386074066,0
molecola_30552,16,0,16,0.08358873426914215,0
molecola_30552,17,0,17,0.025673389434814453,0
molecola_30552,18,0,18,0.005339856259524822,0
molecola_30552,19,0,19,0.0028008657973259687,0
molecola_30552,20,0,20,0.005007741507142782,0
molecola_30552,21,0,21,0.016773201525211334,0
molecola_30552,22,0,22,0.0272090844810009,0
molecola_30552,23,0,23,0.016343316063284874,0
molecola_30552,24,0,24,0.0046901581808924675,0
molecola_30552,25,0,25,0.0017871633172035217,0
molecola_30552,26,0,26,0.0017871633172035217,0
molecola_30552,27,0,27,0.0017871633172035217,0
molecola_30552,28,0,28,0.016773201525211334,0
molecola_30552,29,0,29,0.005007741507142782,0
molecola_30612,1,1,1,0.8893495202064514,1
molecola_30612,2,1,2,0.9829777479171753,1
molecola_30612,3,1,3,0.8893495202064514,1
molecola_30612,4,1,4,0.8500195145606995,1
molecola_30612,5,0,5,0.06711523979902267,0
molecola_30612,6,0,6,0.004180776886641979,0
molecola_30612,7,0,7,0.0033671085257083178,0
molecola_30612,8,0,8,0.0025549607817083597,0
molecola_30612,9,0,9,0.0033671085257083178,0
molecola_30612,10,0,10,0.004180776886641979,0
molecola_30612,11,0,11,0.003745379624888301,0
molecola_30612,12,0,12,0.03847551345825195,0
molecola_30612,13,0,13,0.10409875959157944,0
molecola_30612,14,0,14,0.13399063050746918,0
molecola_30612,15,0,15,0.10409875959157944,0
molecola_30612,16,0,16,0.03847551345825195,0
molecola_30634,1,0,1,0.07314291596412659,0
molecola_30634,2,0,2,0.02143041044473648,0
molecola_30634,3,0,3,0.01570509374141693,0
molecola_30634,4,0,4,0.09192156791687012,0
molecola_30634,5,0,5,0.09655677527189255,0
molecola_30634,6,0,6,0.04373523220419884,0
molecola_30634,7,0,7,0.0024644650984555483,0
molecola_30634,8,0,8,0.002316211350262165,0
molecola_30634,9,0,9,0.0020805061794817448,0
molecola_30634,10,0,10,0.0035791220143437386,0
molecola_30634,11,0,11,0.0019047363894060254,0
molecola_30634,12,0,12,0.001553329173475504,0
molecola_30634,13,0,13,0.0013308541383594275,0
molecola_30634,14,0,14,0.0026587913744151592,0
molecola_30634,15,0,15,0.001683362410403788,0
molecola_30634,16,0,16,0.05688846856355667,0
molecola_30634,17,0,17,0.03759700432419777,0
molecola_30634,18,0,18,0.008131847716867924,0
molecola_30634,19,0,19,0.0013096088077872992,0
molecola_30634,20,0,20,0.0017404069658368826,0
molecola_30634,21,0,21,0.001592344488017261,0
molecola_30634,22,0,22,0.001592344488017261,0
molecola_30634,23,0,23,0.001592344488017261,0
molecola_30634,24,0,24,0.0022838383447378874,0
molecola_30634,25,0,25,0.004350999835878611,0
molecola_30634,26,0,26,0.002181272255256772,0
molecola_30634,27,0,27,0.011902672238647938,0
molecola_30634,28,0,28,0.019171210005879402,0
molecola_30634,29,0,29,0.6573192477226257,1
molecola_30634,30,0,30,0.1567050963640213,0
molecola_30634,31,0,31,0.33603885769844055,0
molecola_30634,32,1,32,0.739843487739563,1
molecola_30634,33,1,33,0.9791572093963623,1
molecola_30634,34,0,34,0.8895862698554993,1
molecola_30634,35,1,35,0.8895862698554993,1
molecola_30634,36,0,36,0.02599169872701168,0
molecola_30634,37,0,37,0.09001629054546356,0
molecola_30634,38,0,38,0.12214147299528122,0
molecola_30634,39,0,39,0.13310743868350983,0
molecola_30634,40,0,40,0.12214147299528122,0
molecola_30634,41,0,41,0.09001629054546356,0
molecola_30634,42,0,42,0.0032096258364617825,0
molecola_30634,43,0,43,0.005829751491546631,0
molecola_30634,44,0,44,0.0020279285963624716,0
molecola_30634,45,0,45,0.001855081063695252,0
molecola_30839,1,0,1,0.014124386012554169,0
molecola_30839,2,0,2,0.005459778942167759,0
molecola_30839,3,0,3,0.0014964195434004068,0
molecola_30839,4,0,4,0.0013946964172646403,0
molecola_30839,5,0,5,0.0019747589249163866,0
molecola_30839,6,0,6,0.002918945625424385,0
molecola_30839,7,0,7,0.05676080286502838,0
molecola_30839,8,0,8,0.19555945694446564,0
molecola_30839,9,0,9,0.6379877328872681,1
molecola_30839,10,0,10,0.8400493264198303,1
molecola_30839,11,1,11,0.9824274182319641,1
molecola_30839,12,0,12,0.8881974220275879,1
molecola_30839,13,1,13,0.8881974220275879,1
molecola_30839,14,0,14,0.05676080286502838,0
molecola_30839,15,0,15,0.002918945625424385,0
molecola_30839,16,0,16,0.002008317969739437,0
molecola_30839,17,0,17,0.0035070308949798346,0
molecola_30839,18,0,18,0.008546006865799427,0
molecola_30839,19,0,19,0.02026520110666752,0
molecola_30839,20,0,20,0.009428181685507298,0
molecola_30839,21,0,21,0.022557061165571213,0
molecola_30839,22,0,22,0.05478977784514427,0
molecola_30839,23,0,23,0.301749587059021,0
molecola_30839,24,0,24,0.7060831189155579,1
molecola_30839,25,0,25,0.5767191648483276,1
molecola_30839,26,0,26,0.5609388947486877,1
molecola_30839,27,0,27,0.5987979173660278,1
molecola_30839,28,0,28,0.5296905636787415,1
molecola_30839,29,0,29,0.6295520067214966,1
molecola_30839,30,0,30,0.5640507340431213,1
molecola_30839,31,0,31,0.7319130301475525,1
molecola_30839,32,0,32,0.7311299443244934,1
molecola_30839,33,0,33,0.5618208050727844,1
molecola_30839,34,0,34,0.5722619891166687,1
molecola_30839,35,0,35,0.5722619891166687,1
molecola_30839,36,0,36,0.003383680246770382,0
molecola_30839,37,0,37,0.0013999001821503043,0
molecola_30839,38,0,38,0.0029146880842745304,0
molecola_30839,39,0,39,0.006240011192858219,0
molecola_30839,40,0,40,0.006773737724870443,0
molecola_30839,41,0,41,0.0021284078247845173,0
molecola_30839,42,0,42,0.0020663058385252953,0
molecola_30839,43,0,43,0.0015420032432302833,0
molecola_30839,44,0,44,0.0015902580926194787,0
molecola_30975,1,0,1,0.08848366141319275,0
molecola_30975,2,0,2,0.047623489052057266,0
molecola_30975,3,0,3,0.0063134850934147835,0
molecola_30975,4,0,4,0.005075469613075256,0
molecola_30975,5,0,5,0.008450332097709179,0
molecola_30975,6,0,6,0.005850969813764095,0
molecola_30975,7,0,7,0.019249655306339264,0
molecola_30975,8,0,8,0.004109630826860666,0
molecola_30975,9,0,9,0.004109630826860666,0
molecola_30975,10,0,10,0.027646653354167938,0
molecola_30975,11,0,11,0.06369343400001526,0
molecola_30975,12,0,12,0.5422066450119019,1
molecola_30975,13,0,13,0.08982192724943161,0
molecola_30975,14,1,14,0.9882590770721436,1
molecola_30975,15,0,15,0.3372243046760559,0
molecola_30975,16,0,16,0.018068334087729454,0
molecola_30995,1,0,1,0.9894702434539795,1
molecola_30995,2,0,2,0.0604235902428627,0
molecola_30995,3,0,3,0.6632620096206665,1
molecola_30995,4,0,4,0.08526431769132614,0
molecola_30995,5,0,5,0.03844280540943146,0
molecola_30995,6,0,6,0.08526431769132614,0
molecola_30995,7,0,7,0.6632620096206665,1
molecola_30995,8,0,8,0.11062715202569962,0
molecola_30995,9,0,9,0.12367554008960724,0
molecola_30995,10,0,10,0.17493581771850586,0
molecola_30995,11,0,11,0.15987664461135864,0
molecola_30995,12,0,12,0.08908708393573761,0
molecola_30995,13,0,13,0.1649552285671234,0
molecola_30995,14,0,14,0.9076136350631714,1
molecola_30995,15,0,15,0.10628903657197952,0
molecola_30995,16,0,16,0.16002875566482544,0
molecola_30995,17,1,17,0.9141572713851929,1
molecola_30995,18,0,18,0.08526439964771271,0
molecola_30995,19,0,19,0.11077949404716492,0
molecola_30995,20,0,20,0.06593885272741318,0
molecola_30995,21,0,21,0.09798271209001541,0
molecola_30995,22,0,22,0.024940423667430878,0
molecola_30995,23,0,23,0.00943287555128336,0
molecola_30995,24,0,24,0.05561918765306473,0
molecola_30995,25,0,25,0.18333293497562408,0
molecola_30995,26,0,26,0.16193082928657532,0
molecola_30995,27,1,27,0.9531962871551514,1
molecola_30995,28,0,28,0.12985356152057648,0
molecola_30995,29,0,29,0.13345523178577423,0
molecola_30995,30,0,30,0.18362733721733093,0
molecola_30995,31,0,31,0.16438144445419312,0
molecola_30995,32,0,32,0.09763821959495544,0
molecola_30995,33,0,33,0.16344721615314484,0
molecola_30995,34,0,34,0.8970100283622742,1
molecola_30995,35,0,35,0.1588388979434967,0
molecola_30995,36,0,36,0.1220674216747284,0
molecola_30995,37,0,37,0.9751453399658203,1
molecola_30995,38,0,38,0.184625506401062,0
molecola_30995,39,0,39,0.141878142952919,0
molecola_30995,40,0,40,0.07791192829608917,0
molecola_31041,1,1,1,0.0164176095277071,0
molecola_31041,2,1,2,0.012598419561982155,0
molecola_31041,3,1,3,0.0164176095277071,0
molecola_31041,4,1,4,0.0164176095277071,0
molecola_31041,5,1,5,0.0015838267281651497,0
molecola_31041,6,1,6,0.0014943476999178529,0
molecola_31041,7,1,7,0.0019619863014668226,0
molecola_31041,8,1,8,0.010424175299704075,0
molecola_31041,9,1,9,0.018138563260436058,0
molecola_31041,10,1,10,0.010286175645887852,0
molecola_31041,11,0,11,0.0035133108031004667,0
molecola_31041,12,0,12,0.0020584026351571083,0
molecola_31041,13,0,13,0.0020584026351571083,0
molecola_31041,14,1,14,0.004180736839771271,0
molecola_31041,15,1,15,0.0018309977604076266,0
molecola_31041,16,1,16,0.016884926706552505,0
molecola_31041,17,1,17,0.00201402953825891,0
molecola_31041,18,1,18,0.0017205316107720137,0
molecola_31041,19,1,19,0.001655195257626474,0
molecola_31041,20,1,20,0.0017754422733560205,0
molecola_31041,21,0,21,0.0028703610878437757,0
molecola_31041,22,0,22,0.005284836981445551,0
molecola_31041,23,0,23,0.037492603063583374,0
molecola_31041,24,1,24,0.12250881642103195,0
molecola_31041,25,1,25,0.11261630058288574,0
molecola_31041,26,1,26,0.058463163673877716,0
molecola_31041,27,1,27,0.0035586401354521513,0
molecola_31041,28,1,28,0.0017616801196709275,0
molecola_31041,29,1,29,0.0014238375006243587,0
molecola_31180,1,1,1,0.8895779252052307,1
molecola_31180,2,1,2,0.9829829931259155,1
molecola_31180,3,1,3,0.8895779252052307,1
molecola_31180,4,1,4,0.9093875288963318,1
molecola_31180,5,0,5,0.025149377062916756,0
molecola_31180,6,0,6,0.0025006593205034733,0
molecola_31180,7,0,7,0.004192483611404896,0
molecola_31180,8,0,8,0.005453995894640684,0
molecola_31180,9,0,9,0.0063038598746061325,0
molecola_31180,10,0,10,0.002646087668836117,0
molecola_31180,11,0,11,0.006277007516473532,0
molecola_31180,12,0,12,0.00433863140642643,0
molecola_31180,13,0,13,0.0025327769108116627,0
molecola_31180,14,0,14,0.0018227362306788564,0
molecola_31180,15,0,15,0.001614871434867382,0
molecola_31193,1,0,1,0.0028065021615475416,0
molecola_31193,2,0,2,0.002003628993406892,0
molecola_31193,3,0,3,0.00319460965692997,0
molecola_31193,4,0,4,0.012543680146336555,0
molecola_31193,5,0,5,0.05328638479113579,0
molecola_31193,6,0,6,0.055440753698349,0
molecola_31193,7,0,7,0.0495498888194561,0
molecola_31193,8,0,8,0.0027566824574023485,0
molecola_31193,9,0,9,0.004535872954875231,0
molecola_31193,10,0,10,0.014846211299300194,0
molecola_31193,11,0,11,0.01674441248178482,0
molecola_31193,12,0,12,0.009140071459114552,0
molecola_31193,13,0,13,0.0020594000816345215,0
molecola_31193,14,0,14,0.002729749074205756,0
molecola_31193,15,0,15,0.00259030913002789,0
molecola_31193,16,0,16,0.002569244708865881,0
molecola_31193,17,0,17,0.0018070593941956758,0
molecola_31193,18,1,18,0.9889072179794312,1
molecola_31193,19,1,19,0.9589750170707703,1
molecola_31193,20,1,20,0.9589750170707703,1
molecola_31263,1,1,1,0.8892543911933899,1
molecola_31263,2,1,2,0.9824305772781372,1
molecola_31263,3,1,3,0.8892543911933899,1
molecola_31263,4,1,4,0.8719239830970764,1
molecola_31263,5,0,5,0.5070168972015381,1
molecola_31263,6,0,6,0.06134510785341263,0
molecola_31263,7,0,7,0.01347106322646141,0
molecola_31263,8,0,8,0.0056459843181073666,0
molecola_31263,9,0,9,0.007246691733598709,0
molecola_31263,10,0,10,0.0026733975391834974,0
molecola_31263,11,0,11,0.009848722256720066,0
molecola_31263,12,0,12,0.031353872269392014,0
molecola_31263,13,0,13,0.05217256024479866,0
molecola_31263,14,0,14,0.032255176454782486,0
molecola_31263,15,0,15,0.017154529690742493,0
molecola_31263,16,0,16,0.006290900986641645,0
molecola_31263,17,0,17,0.003643230302259326,0
molecola_31263,18,0,18,0.0037447302602231503,0
molecola_31263,19,0,19,0.005115444306284189,0
molecola_31263,20,0,20,0.0021443224977701902,0
molecola_31263,21,0,21,0.003929659724235535,0
molecola_31263,22,0,22,0.018853820860385895,0
molecola_31263,23,0,23,0.07181127369403839,0
molecola_31263,24,0,24,0.07181127369403839,0
molecola_31263,25,0,25,0.018853820860385895,0
molecola_31263,26,0,26,0.001528148422949016,0
molecola_31263,27,0,27,0.0020421892404556274,0
molecola_31263,28,0,28,0.001733663259074092,0
molecola_31263,29,0,29,0.001593808294273913,0
molecola_31263,30,0,30,0.001593808294273913,0
molecola_31263,31,0,31,0.001593808294273913,0
molecola_31263,32,0,32,0.010620823130011559,0
molecola_31263,33,0,33,0.005944100208580494,0
molecola_31289,1,0,1,0.00525935972109437,0
molecola_31289,2,0,2,0.01894361712038517,0
molecola_31289,3,0,3,0.06774311512708664,0
molecola_31289,4,0,4,0.04596104100346565,0
molecola_31289,5,0,5,0.012490805238485336,0
molecola_31289,6,0,6,0.002535266801714897,0
molecola_31289,7,0,7,0.002399073913693428,0
molecola_31289,8,0,8,0.004338509868830442,0
molecola_31289,9,0,9,0.008956262841820717,0
molecola_31289,10,0,10,0.008754519745707512,0
molecola_31289,11,0,11,0.004397454671561718,0
molecola_31289,12,0,12,0.003075924003496766,0
molecola_31289,13,0,13,0.0028124977834522724,0
molecola_31289,14,0,14,0.00242862431332469,0
molecola_31289,15,0,15,0.0038842293433845043,0
molecola_31289,16,0,16,0.06971535831689835,0
molecola_31289,17,0,17,0.10098773241043091,0
molecola_31289,18,0,18,0.08563940972089767,0
molecola_31289,19,0,19,0.01650075986981392,0
molecola_31289,20,1,20,0.9233656525611877,1
molecola_31289,21,1,21,0.9501562118530273,1
molecola_31289,22,0,22,0.16850651800632477,0
molecola_31289,23,0,23,0.06883314996957779,0
molecola_31289,24,0,24,0.0040182736702263355,0
molecola_31289,25,0,25,0.006115957163274288,0
molecola_31349,1,0,1,0.0229168813675642,0
molecola_31349,2,0,2,0.029459422454237938,0
molecola_31349,3,0,3,0.054552383720874786,0
molecola_31349,4,0,4,0.08628279715776443,0
molecola_31349,5,0,5,0.06152118742465973,0
molecola_31349,6,0,6,0.43703651428222656,0
molecola_31349,7,0,7,0.5454990863800049,1
molecola_31349,8,1,8,0.8328602313995361,1
molecola_31349,9,1,9,0.9817882776260376,1
molecola_31349,10,0,10,0.8892669677734375,1
molecola_31349,11,1,11,0.8892669677734375,1
molecola_31349,12,0,12,0.06042775511741638,0
molecola_31349,13,0,13,0.009997841902077198,0
molecola_31349,14,0,14,0.005468372255563736,0
molecola_31349,15,0,15,0.024235637858510017,0
molecola_31349,16,0,16,0.09941896796226501,0
molecola_31349,17,0,17,0.1317427009344101,0
molecola_31349,18,0,18,0.12780305743217468,0
molecola_31349,19,0,19,0.05933920666575432,0
molecola_31349,20,0,20,0.0026539808604866266,0
molecola_31349,21,0,21,0.0037003448233008385,0
molecola_31349,22,0,22,0.007351096253842115,0
molecola_31349,23,0,23,0.007017554249614477,0
molecola_31349,24,0,24,0.019485488533973694,0
molecola_31349,25,0,25,0.015018274076282978,0
molecola_31349,26,0,26,0.0069141509011387825,0
molecola_31349,27,0,27,0.00577181251719594,0
molecola_31642,1,0,1,0.00948032084852457,0
molecola_31642,2,0,2,0.0056279669515788555,0
molecola_31642,3,0,3,0.006552278995513916,0
molecola_31642,4,0,4,0.017173312604427338,0
molecola_31642,5,0,5,0.03727377951145172,0
molecola_31642,6,0,6,0.1012493148446083,0
molecola_31642,7,0,7,0.04856814816594124,0
molecola_31642,8,0,8,0.4670693278312683,0
molecola_31642,9,0,9,0.026083234697580338,0
molecola_31642,10,0,10,0.029169458895921707,0
molecola_31642,11,0,11,0.005687260534614325,0
molecola_31642,12,0,12,0.017248524352908134,0
molecola_31642,13,0,13,0.025512678548693657,0
molecola_31642,14,0,14,0.03735608607530594,0
molecola_31642,15,0,15,0.025512678548693657,0
molecola_31642,16,0,16,0.017248524352908134,0
molecola_31642,17,0,17,0.04135400801897049,0
molecola_31642,18,0,18,0.08768079429864883,0
molecola_31642,19,1,19,0.6634942293167114,1
molecola_31642,20,0,20,0.060430191457271576,0
molecola_31642,21,1,21,0.9894702434539795,1
molecola_31642,22,1,22,0.6634942293167114,1
molecola_31642,23,0,23,0.08768079429864883,0
molecola_31741,1,0,1,0.005059933289885521,0
molecola_31741,2,0,2,0.013661575503647327,0
molecola_31741,3,0,3,0.005059933289885521,0
molecola_31741,4,0,4,0.0146552175283432,0
molecola_31741,5,0,5,0.06427048146724701,0
molecola_31741,6,0,6,0.06379901617765427,0
molecola_31741,7,0,7,0.0882217064499855,0
molecola_31741,8,0,8,0.03558419644832611,0
molecola_31741,9,0,9,0.04004538059234619,0
molecola_31741,10,0,10,0.0763518288731575,0
molecola_31741,11,0,11,0.19185829162597656,0
molecola_31741,12,0,12,0.23868751525878906,0
molecola_31741,13,0,13,0.17256608605384827,0
molecola_31741,14,0,14,0.029189206659793854,0
molecola_31741,15,0,15,0.031397461891174316,0
molecola_31741,16,0,16,0.015716154128313065,0
molecola_31741,17,0,17,0.08194911479949951,0
molecola_31741,18,0,18,0.14009270071983337,0
molecola_31741,19,0,19,0.5619125962257385,1
molecola_31741,20,0,20,0.08337214589118958,0
molecola_31741,21,1,21,0.9882341623306274,1
molecola_31741,22,0,22,0.20796836912631989,0
molecola_31741,23,0,23,0.10478949546813965,0
molecola_31741,24,1,24,0.942301869392395,1
molecola_31920,1,0,1,0.01872694119811058,0
molecola_31920,2,0,2,0.004964093677699566,0
molecola_31920,3,0,3,0.01872694119811058,0
molecola_31920,4,0,4,0.005883845966309309,0
molecola_31920,5,0,5,0.01429365947842598,0
molecola_31920,6,0,6,0.002692151814699173,0
molecola_31920,7,0,7,0.002881582360714674,0
molecola_31920,8,0,8,0.010261843912303448,0
molecola_31920,9,0,9,0.01797308400273323,0
molecola_31920,10,0,10,0.016022199764847755,0
molecola_31920,11,0,11,0.005202342290431261,0
molecola_31920,12,0,12,0.0025966910179704428,0
molecola_31920,13,0,13,0.0022884358186274767,0
molecola_31920,14,0,14,0.007913563400506973,0
molecola_31920,15,0,15,0.0052713979966938496,0
molecola_31920,16,0,16,0.0170234814286232,0
molecola_31920,17,0,17,0.02174036204814911,0
molecola_31920,18,0,18,0.012255178764462471,0
molecola_31920,19,0,19,0.014033825136721134,0
molecola_31920,20,1,20,0.9895361661911011,1
molecola_31920,21,1,21,0.9629862904548645,1
molecola_31920,22,1,22,0.9629862904548645,1
molecola_3212,1,0,1,0.010961582884192467,0
molecola_3212,2,0,2,0.013502479530870914,0
molecola_3212,3,0,3,0.0074752336367964745,0
molecola_3212,4,0,4,0.00570807745680213,0
molecola_3212,5,0,5,0.028273630887269974,0
molecola_3212,6,0,6,0.06155521795153618,0
molecola_3212,7,0,7,0.055163659155368805,0
molecola_3212,8,0,8,0.015315025113523006,0
molecola_3212,9,0,9,0.004974895156919956,0
molecola_3212,10,0,10,0.0263459924608469,0
molecola_3212,11,0,11,0.08228062093257904,0
molecola_3212,12,0,12,0.05697880685329437,0
molecola_3212,13,0,13,0.09024281799793243,0
molecola_3212,14,0,14,0.09885580092668533,0
molecola_3212,15,0,15,0.18600988388061523,0
molecola_3212,16,0,16,0.2817576825618744,0
molecola_3212,17,0,17,0.08823127299547195,0
molecola_3212,18,1,18,0.9884045124053955,1
molecola_3212,19,0,19,0.25738441944122314,0
molecola_32416,1,0,1,0.0444086417555809,0
molecola_32416,2,0,2,0.16712242364883423,0
molecola_32416,3,1,3,0.938991367816925,1
molecola_32416,4,1,4,0.9514091610908508,1
molecola_32416,5,0,5,0.32837724685668945,0
molecola_32416,6,0,6,0.034937966614961624,0
molecola_32416,7,0,7,0.0015477188862860203,0
molecola_32416,8,0,8,0.001795783406123519,0
molecola_32416,9,0,9,0.004811939783394337,0
molecola_32416,10,0,10,0.009015250951051712,0
molecola_32416,11,0,11,0.004255966749042273,0
molecola_32416,12,0,12,0.001373838516883552,0
molecola_32416,13,0,13,0.001709560863673687,0
molecola_32416,14,0,14,0.07546459138393402,0
molecola_32416,15,1,15,0.9530975222587585,1
molecola_32416,16,1,16,0.9626322984695435,1
molecola_32416,17,0,17,0.579716682434082,1
molecola_32416,18,0,18,0.009284209460020065,0
molecola_32416,19,0,19,0.08075371384620667,0
molecola_32416,20,0,20,0.8640583157539368,1
molecola_32416,21,0,21,0.844938337802887,1
molecola_32416,22,0,22,0.6767140626907349,1
molecola_32416,23,0,23,0.035369373857975006,0
molecola_32416,24,0,24,0.01572740077972412,0
molecola_32416,25,0,25,0.023909837007522583,0
molecola_32416,26,0,26,0.023909837007522583,0
molecola_32416,27,1,27,0.9823086261749268,1
molecola_32416,28,0,28,0.8935621976852417,1
molecola_32416,29,1,29,0.8935621976852417,1
molecola_32416,30,0,30,0.11345890909433365,0
molecola_32416,31,0,31,0.007078502792865038,0
molecola_32416,32,0,32,0.0012996855657547712,0
molecola_32416,33,0,33,0.0017081397818401456,0
molecola_32416,34,0,34,0.13005144894123077,0
molecola_32416,35,0,35,0.08501618355512619,0
molecola_32416,36,0,36,0.04663008078932762,0
molecola_32416,37,0,37,0.15638957917690277,0
molecola_3260,1,0,1,0.814890444278717,1
molecola_3260,2,0,2,0.05294279009103775,0
molecola_3260,3,0,3,0.19444282352924347,0
molecola_3260,4,0,4,0.15226370096206665,0
molecola_3260,5,0,5,0.13947486877441406,0
molecola_3260,6,0,6,0.016693271696567535,0
molecola_3260,7,0,7,0.46863600611686707,0
molecola_3260,8,0,8,0.03752423822879791,0
molecola_3260,9,0,9,0.14269962906837463,0
molecola_3260,10,0,10,0.055896710604429245,0
molecola_3260,11,0,11,0.006347589660435915,0
molecola_3260,12,0,12,0.0024823204148560762,0
molecola_3260,13,0,13,0.34669286012649536,0
molecola_3260,14,1,14,0.9306923151016235,1
molecola_3260,15,1,15,0.9454069137573242,1
molecola_3260,16,0,16,0.004758183844387531,0
molecola_3260,17,0,17,0.0018405127339065075,0
molecola_3260,18,0,18,0.006509661208838224,0
molecola_3260,19,0,19,0.0633801817893982,0
molecola_3260,20,0,20,0.008733185939490795,0
molecola_3260,21,0,21,0.004323702771216631,0
molecola_3260,22,0,22,0.013438726775348186,0
molecola_3260,23,0,23,0.02683582343161106,0
molecola_3260,24,0,24,0.047512494027614594,0
molecola_3260,25,0,25,0.025945033878087997,0
molecola_3260,26,0,26,0.053543876856565475,0
molecola_3260,27,0,27,0.08629350364208221,0
molecola_3260,28,0,28,0.13087981939315796,0
molecola_3260,29,0,29,0.1260491907596588,0
molecola_3260,30,0,30,0.13087981939315796,0
molecola_3260,31,0,31,0.08629350364208221,0
molecola_3260,32,0,32,0.02683582343161106,0
molecola_3260,33,0,33,0.013438726775348186,0
molecola_32645,1,1,1,0.8200981020927429,1
molecola_32645,2,0,2,0.06322761625051498,0
molecola_32645,3,0,3,0.20034295320510864,0
molecola_32645,4,0,4,0.1501273512840271,0
molecola_32645,5,0,5,0.11312900483608246,0
molecola_32645,6,0,6,0.04663000628352165,0
molecola_32645,7,0,7,0.017042042687535286,0
molecola_32645,8,0,8,0.014300836250185966,0
molecola_32645,9,0,9,0.009830811992287636,0
molecola_32645,10,0,10,0.002119188429787755,0
molecola_32645,11,1,11,0.036750566214323044,0
molecola_32645,12,1,12,0.1011584997177124,0
molecola_32645,13,1,13,0.10858619958162308,0
molecola_32645,14,0,14,0.026154344901442528,0
molecola_32645,15,0,15,0.002015841891989112,0
molecola_32645,16,0,16,0.0016005177749320865,0
molecola_32645,17,0,17,0.004791850224137306,0
molecola_32645,18,0,18,0.019981272518634796,0
molecola_32645,19,0,19,0.01497039757668972,0
molecola_32645,20,0,20,0.005596024449914694,0
molecola_32645,21,0,21,0.003811536356806755,0
molecola_32645,22,0,22,0.0016720144776627421,0
molecola_32645,23,0,23,0.005596024449914694,0
molecola_32645,24,0,24,0.01497039757668972,0
molecola_32821,1,0,1,0.9720468521118164,1
molecola_32821,2,0,2,0.9661807417869568,1
molecola_32821,3,0,3,0.20067572593688965,0
molecola_32821,4,0,4,0.0361383818089962,0
molecola_32821,5,0,5,0.005049970932304859,0
molecola_32821,6,0,6,0.02556668594479561,0
molecola_32821,7,0,7,0.17024868726730347,0
molecola_32821,8,0,8,0.1625024378299713,0
molecola_32821,9,1,9,0.9588115811347961,1
molecola_32821,10,0,10,0.05528876557946205,0
molecola_32821,11,0,11,0.0035777604207396507,0
molecola_32821,12,0,12,0.007558632642030716,0
molecola_32821,13,0,13,0.029875822365283966,0
molecola_32821,14,0,14,0.03504926338791847,0
molecola_32821,15,0,15,0.05147964507341385,0
molecola_32821,16,0,16,0.04125514253973961,0
molecola_32821,17,0,17,0.05650251358747482,0
molecola_32821,18,0,18,0.04278884083032608,0
molecola_32821,19,0,19,0.0273028165102005,0
molecola_32821,20,0,20,0.013876444660127163,0
molecola_32821,21,0,21,0.009840949438512325,0
molecola_32911,1,0,1,0.09569945186376572,0
molecola_32911,2,0,2,0.04526247829198837,0
molecola_32911,3,0,3,0.06283681839704514,0
molecola_32911,4,0,4,0.053966645151376724,0
molecola_32911,5,0,5,0.05240362882614136,0
molecola_32911,6,0,6,0.016292929649353027,0
molecola_32911,7,0,7,0.020246295258402824,0
molecola_32911,8,0,8,0.030815698206424713,0
molecola_32911,9,0,9,0.04006541892886162,0
molecola_32911,10,0,10,0.09403231739997864,0
molecola_32911,11,0,11,0.027902089059352875,0
molecola_32911,12,0,12,0.019206160679459572,0
molecola_32911,13,0,13,0.012758119031786919,0
molecola_32911,14,1,14,0.013421345502138138,0
molecola_32911,15,0,15,0.0032667522318661213,0
molecola_32911,16,0,16,0.0017205077456310391,0
molecola_32911,17,1,17,0.00303312367759645,0
molecola_32911,18,0,18,0.005116910673677921,0
molecola_32911,19,0,19,0.007809265051037073,0
molecola_32911,20,0,20,0.01921795681118965,0
molecola_32911,21,0,21,0.07663966715335846,0
molecola_32911,22,0,22,0.005895561072975397,0
molecola_32911,23,0,23,0.01568249613046646,0
molecola_32911,24,1,24,0.04948069900274277,0
molecola_32911,25,1,25,0.18093788623809814,0
molecola_32911,26,1,26,0.9658957123756409,1
molecola_32911,27,1,27,0.970832347869873,1
molecola_32924,1,0,1,0.024106454104185104,0
molecola_32924,2,0,2,0.06726672500371933,0
molecola_32924,3,0,3,0.0023811485152691603,0
molecola_32924,4,0,4,0.0017807947006076574,0
molecola_32924,5,0,5,0.0022676964290440083,0
molecola_32924,6,0,6,0.004889735486358404,0
molecola_32924,7,0,7,0.011776577681303024,0
molecola_32924,8,0,8,0.051669102162122726,0
molecola_32924,9,0,9,0.02301512286067009,0
molecola_32924,10,0,10,0.05217161402106285,0
molecola_32924,11,0,11,0.050341833382844925,0
molecola_32924,12,0,12,0.05347912013530731,0
molecola_32924,13,0,13,0.016061367467045784,0
molecola_32924,14,0,14,0.037617798894643784,0
molecola_32924,15,0,15,0.004208324011415243,0
molecola_32924,16,0,16,0.0022274304646998644,0
molecola_32924,17,0,17,0.004590167198330164,0
molecola_32924,18,0,18,0.015549814328551292,0
molecola_32924,19,0,19,0.015549814328551292,0
molecola_32924,20,0,20,0.004285940434783697,0
molecola_32924,21,0,21,0.002218326786532998,0
molecola_32924,22,0,22,0.02868424542248249,0
molecola_32924,23,0,23,0.06737794727087021,0
molecola_32924,24,0,24,0.043030958622694016,0
molecola_32924,25,0,25,0.031727634370326996,0
molecola_32924,26,0,26,0.03636902570724487,0
molecola_32924,27,0,27,0.0023373744916170835,0
molecola_32924,28,0,28,0.06342560052871704,0
molecola_32924,29,0,29,0.07180332392454147,0
molecola_32924,30,1,30,0.9848867058753967,1
molecola_32924,31,0,31,0.05347912013530731,0
molecola_32924,32,0,32,0.050341833382844925,0
molecola_32924,33,0,33,0.07744615525007248,0
molecola_32924,34,0,34,0.13270747661590576,0
molecola_32924,35,0,35,0.08494117110967636,0
molecola_32924,36,0,36,0.04241937771439552,0
molecola_32924,37,0,37,0.0160701721906662,0
molecola_32924,38,0,38,0.010638208128511906,0
molecola_32924,39,0,39,0.018492689356207848,0
molecola_32924,40,0,40,0.07704842835664749,0
molecola_32969,1,0,1,0.008446058258414268,0
molecola_32969,2,0,2,0.00708394730463624,0
molecola_32969,3,0,3,0.0026389933191239834,0
molecola_32969,4,0,4,0.009493582881987095,0
molecola_32969,5,0,5,0.009462033398449421,0
molecola_32969,6,0,6,0.0025935263838618994,0
molecola_32969,7,0,7,0.004479989409446716,0
molecola_32969,8,0,8,0.01698649674654007,0
molecola_32969,9,0,9,0.013663130812346935,0
molecola_32969,10,0,10,0.03389027342200279,0
molecola_32969,11,0,11,0.012686647474765778,0
molecola_32969,12,0,12,0.01068748440593481,0
molecola_32969,13,1,13,0.96872878074646,1
molecola_32969,14,1,14,0.9754432439804077,1
molecola_32969,15,0,15,0.012686647474765778,0
molecola_32969,16,0,16,0.03389027342200279,0
molecola_32969,17,0,17,0.0023532933555543423,0
molecola_32969,18,0,18,0.0037052351981401443,0
molecola_32969,19,0,19,0.002036138204857707,0
molecola_32969,20,0,20,0.006267220713198185,0
molecola_32969,21,0,21,0.014720777049660683,0
molecola_32969,22,0,22,0.005161674693226814,0
molecola_32969,23,0,23,0.04420112818479538,0
molecola_32969,24,0,24,0.11554428189992905,0
molecola_32969,25,0,25,0.13379605114459991,0
molecola_32969,26,0,26,0.11554428189992905,0
molecola_32969,27,0,27,0.04420112818479538,0
molecola_32969,28,0,28,0.0028236007783561945,0
molecola_32969,29,0,29,0.00407637981697917,0
molecola_33264,1,0,1,0.0029899177607148886,0
molecola_33264,2,0,2,0.003107807133346796,0
molecola_33264,3,0,3,0.0029899177607148886,0
molecola_33264,4,0,4,0.002376201329752803,0
molecola_33264,5,0,5,0.004166940692812204,0
molecola_33264,6,0,6,0.002016899175941944,0
molecola_33264,7,0,7,0.0023350403644144535,0
molecola_33264,8,0,8,0.00476493127644062,0
molecola_33264,9,0,9,0.002201722702011466,0
molecola_33264,10,0,10,0.006032267119735479,0
molecola_33264,11,0,11,0.01119734812527895,0
molecola_33264,12,0,12,0.009308896027505398,0
molecola_33264,13,0,13,0.00247815134935081,0
molecola_33264,14,0,14,0.0020512647461146116,0
molecola_33264,15,0,15,0.008418277837336063,0
molecola_33264,16,0,16,0.0015117258299142122,0
molecola_33264,17,0,17,0.0016261301934719086,0
molecola_33264,18,0,18,0.0017496919026598334,0
molecola_33264,19,0,19,0.0015968394000083208,0
molecola_33264,20,0,20,0.0015968394000083208,0
molecola_33264,21,0,21,0.0015968394000083208,0
molecola_33264,22,0,22,0.007577836047858,0
molecola_33264,23,0,23,0.00908235926181078,0
molecola_33264,24,0,24,0.012470724061131477,0
molecola_33264,25,0,25,0.02137237787246704,0
molecola_33264,26,1,26,0.9887561202049255,1
molecola_33264,27,1,27,0.9622454047203064,1
molecola_33264,28,1,28,0.9622454047203064,1
molecola_33264,29,0,29,0.010418721474707127,0
molecola_33264,30,0,30,0.0017991045024245977,0
molecola_33264,31,0,31,0.0023037767969071865,0
molecola_33555,1,0,1,0.0053642247803509235,0
molecola_33555,2,0,2,0.005165064241737127,0
molecola_33555,3,0,3,0.0053642247803509235,0
molecola_33555,4,0,4,0.0268230140209198,0
molecola_33555,5,0,5,0.047035910189151764,0
molecola_33555,6,0,6,0.018254609778523445,0
molecola_33555,7,0,7,0.008952280506491661,0
molecola_33555,8,0,8,0.023389384150505066,0
molecola_33555,9,0,9,0.05739584192633629,0
molecola_33555,10,0,10,0.052789103239774704,0
molecola_33555,11,0,11,0.018415572121739388,0
molecola_33555,12,0,12,0.003857503179460764,0
molecola_33555,13,0,13,0.0016817165305837989,0
molecola_33555,14,0,14,0.0016817165305837989,0
molecola_33555,15,0,15,0.00776755902916193,0
molecola_33555,16,0,16,0.006566815078258514,0
molecola_33555,17,0,17,0.005034593865275383,0
molecola_33555,18,0,18,0.008636752143502235,0
molecola_33555,19,0,19,0.004998346325010061,0
molecola_33555,20,0,20,0.11184569448232651,0
molecola_33555,21,0,21,0.0030884703155606985,0
molecola_33555,22,0,22,0.0017887538997456431,0
molecola_33555,23,0,23,0.01676134020090103,0
molecola_33555,24,0,24,0.013867801986634731,0
molecola_33555,25,0,25,0.11102404445409775,0
molecola_33555,26,0,26,0.1408233344554901,0
molecola_33555,27,0,27,0.12407241016626358,0
molecola_33555,28,0,28,0.08978645503520966,0
molecola_33555,29,1,29,0.973099946975708,1
molecola_33555,30,0,30,0.007191786076873541,0
molecola_33583,1,0,1,0.0033120226580649614,0
molecola_33583,2,0,2,0.002445216989144683,0
molecola_33583,3,0,3,0.0016609951853752136,0
molecola_33583,4,0,4,0.0016410445095971227,0
molecola_33583,5,0,5,0.002482902491465211,0
molecola_33583,6,0,6,0.0028195329941809177,0
molecola_33583,7,0,7,0.0031770106870681047,0
molecola_33583,8,0,8,0.003578771837055683,0
molecola_33583,9,0,9,0.004954773001372814,0
molecola_33583,10,0,10,0.00233726529404521,0
molecola_33583,11,0,11,0.002728570718318224,0
molecola_33583,12,0,12,0.04171637073159218,0
molecola_33583,13,0,13,0.05894964560866356,0
molecola_33583,14,0,14,0.028011467307806015,0
molecola_33583,15,0,15,0.012933243997395039,0
molecola_33583,16,0,16,0.011554429307579994,0
molecola_33583,17,0,17,0.05579421669244766,0
molecola_33583,18,0,18,0.12799976766109467,0
molecola_33583,19,0,19,0.1836082935333252,0
molecola_33583,20,1,20,0.9580078721046448,1
molecola_33583,21,0,21,0.19968479871749878,0
molecola_33583,22,0,22,0.9777642488479614,1
molecola_33583,23,0,23,0.03475054353475571,0
molecola_33583,24,0,24,0.004968462511897087,0
molecola_33583,25,0,25,0.006639149971306324,0
molecola_33583,26,0,26,0.0014758770121261477,0
molecola_33583,27,0,27,0.0014232491375878453,0
molecola_33609,1,0,1,0.040650125592947006,0
molecola_33609,2,0,2,0.03444072604179382,0
molecola_33609,3,0,3,0.013290979899466038,0
molecola_33609,4,0,4,0.003653842257335782,0
molecola_33609,5,0,5,0.0034716520458459854,0
molecola_33609,6,0,6,0.011187543161213398,0
molecola_33609,7,1,7,0.9584206938743591,1
molecola_33609,8,1,8,0.9752755165100098,1
molecola_33609,9,0,9,0.014658983796834946,0
molecola_33609,10,0,10,0.037610188126564026,0
molecola_33609,11,0,11,0.04294007644057274,0
molecola_33658,1,0,1,0.22447693347930908,0
molecola_33658,2,0,2,0.5148770809173584,1
molecola_33658,3,0,3,0.4226333200931549,0
molecola_33658,4,0,4,0.5305988788604736,1
molecola_33658,5,0,5,0.5839266777038574,1
molecola_33658,6,0,6,0.565625786781311,1
molecola_33658,7,0,7,0.5119695663452148,1
molecola_33658,8,0,8,0.4707164764404297,0
molecola_33658,9,0,9,0.5278745293617249,1
molecola_33658,10,0,10,0.6555086374282837,1
molecola_33658,11,0,11,0.7069551348686218,1
molecola_33658,12,0,12,0.1303618848323822,0
molecola_33658,13,0,13,0.10146765410900116,0
molecola_33658,14,0,14,0.17784874141216278,0
molecola_33658,15,0,15,0.10950744152069092,0
molecola_33658,16,0,16,0.2880605459213257,0
molecola_33658,17,0,17,0.5498211979866028,1
molecola_33658,18,0,18,0.46724072098731995,0
molecola_33658,19,0,19,0.9637246131896973,1
molecola_33658,20,0,20,0.9725785851478577,1
molecola_33658,21,0,21,0.20122858881950378,0
molecola_33658,22,0,22,0.30318138003349304,0
molecola_33658,23,1,23,0.9150752425193787,1
molecola_33658,24,0,24,0.13790369033813477,0
molecola_33658,25,0,25,0.10720281302928925,0
molecola_33658,26,0,26,0.023224854841828346,0
molecola_33658,27,0,27,0.02858903631567955,0
molecola_33658,28,0,28,0.026435554027557373,0
molecola_33658,29,0,29,0.06298962980508804,0
molecola_33658,30,0,30,0.22373276948928833,0
molecola_33658,31,0,31,0.5503861904144287,1
molecola_33658,32,0,32,0.4436170756816864,0
molecola_33658,33,0,33,0.9636893272399902,1
molecola_33658,34,0,34,0.9725785851478577,1
molecola_33658,35,0,35,0.3471762239933014,0
molecola_33658,36,0,36,0.584787905216217,1
molecola_33658,37,0,37,0.47132211923599243,0
molecola_33658,38,0,38,0.9637361168861389,1
molecola_33658,39,0,39,0.9725785851478577,1
molecola_33658,40,0,40,0.024586966261267662,0
molecola_33658,41,0,41,0.5414972305297852,1
molecola_33658,42,0,42,0.5387369394302368,1
molecola_33658,43,0,43,0.6054956316947937,1
molecola_33658,44,0,44,0.5261264443397522,1
molecola_33658,45,0,45,0.5375507473945618,1
molecola_33658,46,0,46,0.5404031872749329,1
molecola_33658,47,0,47,0.5584659576416016,1
molecola_33658,48,0,48,0.5162472128868103,1
molecola_33658,49,0,49,0.5987369418144226,1
molecola_33658,50,0,50,0.5519044995307922,1
molecola_33658,51,0,51,0.5649065971374512,1
molecola_33658,52,0,52,0.5492755770683289,1
molecola_33841,1,1,1,0.9879427552223206,1
molecola_33841,2,0,2,0.08167005330324173,0
molecola_33841,3,0,3,0.2839500904083252,0
molecola_33841,4,0,4,0.1908564418554306,0
molecola_33841,5,0,5,0.08404266834259033,0
molecola_33841,6,0,6,0.03500453010201454,0
molecola_33841,7,0,7,0.29540348052978516,0
molecola_33841,8,0,8,0.002397627104073763,0
molecola_33841,9,0,9,0.004671984817832708,0
molecola_33841,10,0,10,0.011193663813173771,0
molecola_33841,11,0,11,0.005442469846457243,0
molecola_33841,12,0,12,0.009597641415894032,0
molecola_33841,13,0,13,0.0024123897310346365,0
molecola_33841,14,0,14,0.01145851332694292,0
molecola_33841,15,0,15,0.020423367619514465,0
molecola_33841,16,0,16,0.016809966415166855,0
molecola_33841,17,0,17,0.008317993022501469,0
molecola_33841,18,0,18,0.002283313777297735,0
molecola_33841,19,0,19,0.016809966415166855,0
molecola_33841,20,0,20,0.020423367619514465,0
molecola_33857,1,1,1,0.9549599885940552,1
molecola_33857,2,1,2,0.9367600083351135,1
molecola_33857,3,0,3,0.15441980957984924,0
molecola_33857,4,0,4,0.0025394365657120943,0
molecola_33857,5,0,5,0.005669026635587215,0
molecola_33857,6,0,6,0.0023086138535290956,0
molecola_33857,7,0,7,0.004404041916131973,0
molecola_33857,8,0,8,0.003636379027739167,0
molecola_33857,9,0,9,0.0023711437825113535,0
molecola_33857,10,0,10,0.003239662852138281,0
molecola_33857,11,0,11,0.001997687853872776,0
molecola_33857,12,0,12,0.01213704701513052,0
molecola_33857,13,0,13,0.020449552685022354,0
molecola_33857,14,0,14,0.0053093614988029,0
molecola_33857,15,0,15,0.00392498541623354,0
molecola_33857,16,0,16,0.0016252107452601194,0
molecola_33857,17,0,17,0.002012333832681179,0
molecola_33857,18,0,18,0.004285227973014116,0
molecola_33857,19,0,19,0.0016392081743106246,0
molecola_33884,1,1,1,0.8903338313102722,1
molecola_33884,2,1,2,0.982298731803894,1
molecola_33884,3,1,3,0.8903338313102722,1
molecola_33884,4,1,4,0.8599968552589417,1
molecola_33884,5,0,5,0.17937549948692322,0
molecola_33884,6,0,6,0.0027132558170706034,0
molecola_33884,7,0,7,0.014454771764576435,0
molecola_33884,8,0,8,0.10225168615579605,0
molecola_33884,9,0,9,0.13516941666603088,0
molecola_33884,10,0,10,0.10225168615579605,0
molecola_33884,11,0,11,0.014454771764576435,0
molecola_33884,12,0,12,0.0018902086885645986,0
molecola_33884,13,0,13,0.0030708496924489737,0
molecola_33884,14,0,14,0.006420241203159094,0
molecola_33884,15,0,15,0.008381095714867115,0
molecola_33884,16,0,16,0.014753414317965508,0
molecola_33884,17,0,17,0.05282295495271683,0
molecola_33884,18,0,18,0.06573834270238876,0
molecola_33884,19,0,19,0.028562158346176147,0
molecola_33884,20,0,20,0.025033006444573402,0
molecola_33884,21,0,21,0.006341162603348494,0
molecola_33884,22,0,22,0.007078522816300392,0
molecola_33884,23,0,23,0.010186461731791496,0
molecola_33884,24,0,24,0.009499145671725273,0
molecola_33884,25,0,25,0.0321650393307209,0
molecola_33884,26,0,26,0.032884661108255386,0
molecola_33884,27,0,27,0.07158701866865158,0
molecola_33884,28,0,28,0.11767666041851044,0
molecola_33884,29,0,29,0.01614702306687832,0
molecola_33884,30,0,30,0.009632432833313942,0
molecola_33884,31,0,31,0.040341395884752274,0
molecola_33884,32,0,32,0.01836588606238365,0
molecola_33884,33,0,33,0.003610235173255205,0
molecola_33894,1,0,1,0.03416335955262184,0
molecola_33894,2,0,2,0.009830505587160587,0
molecola_33894,3,0,3,0.003970242105424404,0
molecola_33894,4,0,4,0.007499375380575657,0
molecola_33894,5,0,5,0.02497500739991665,0
molecola_33894,6,1,6,0.9712930917739868,1
molecola_33894,7,0,7,0.007499375380575657,0
molecola_33894,8,0,8,0.003970242105424404,0
molecola_33894,9,0,9,0.018657715991139412,0
molecola_33894,10,0,10,0.024310125038027763,0
molecola_33894,11,0,11,0.024310125038027763,0
molecola_33894,12,0,12,0.024310125038027763,0
molecola_33894,13,0,13,0.018657715991139412,0
molecola_33894,14,0,14,0.024310125038027763,0
molecola_33894,15,0,15,0.024310125038027763,0
molecola_33894,16,0,16,0.024310125038027763,0
molecola_34241,1,0,1,0.0031696546357125044,0
molecola_34241,2,0,2,0.003951406106352806,0
molecola_34241,3,0,3,0.0021324707195162773,0
molecola_34241,4,0,4,0.0022660226095467806,0
molecola_34241,5,0,5,0.023190313950181007,0
molecola_34241,6,0,6,0.0023902931716293097,0
molecola_34241,7,0,7,0.008377965539693832,0
molecola_34241,8,0,8,0.8484055399894714,1
molecola_34241,9,0,9,0.8117883205413818,1
molecola_34241,10,0,10,0.02893362194299698,0
molecola_34241,11,0,11,0.02333889901638031,0
molecola_34241,12,0,12,0.1079331636428833,0
molecola_34241,13,0,13,0.15665939450263977,0
molecola_34241,14,0,14,0.02406313270330429,0
molecola_34241,15,0,15,0.01226754765957594,0
molecola_34241,16,0,16,0.005576650612056255,0
molecola_34241,17,0,17,0.06748385727405548,0
molecola_34241,18,0,18,0.004329468589276075,0
molecola_34241,19,0,19,0.09407083690166473,0
molecola_34241,20,1,20,0.9779220819473267,1
molecola_34241,21,0,21,0.06861574202775955,0
molecola_34241,22,0,22,0.011393912136554718,0
molecola_34503,1,0,1,0.014358042739331722,0
molecola_34503,2,0,2,0.027833905071020126,0
molecola_34503,3,0,3,0.014358042739331722,0
molecola_34503,4,1,4,0.9636733531951904,1
molecola_34503,5,1,5,0.9735912084579468,1
molecola_34503,6,0,6,0.36924612522125244,0
molecola_34503,7,0,7,0.005923508666455746,0
molecola_34503,8,0,8,0.9674994349479675,1
molecola_34503,9,0,9,0.973980188369751,1
molecola_34503,10,0,10,0.005935124587267637,0
molecola_34503,11,0,11,0.00238361326046288,0
molecola_34503,12,0,12,0.005767132621258497,0
molecola_34503,13,0,13,0.0016339367721229792,0
molecola_34503,14,0,14,0.004746350459754467,0
molecola_34503,15,0,15,0.888329029083252,1
molecola_34503,16,0,16,0.004582665394991636,0
molecola_34503,17,0,17,0.0018814182840287685,0
molecola_34503,18,0,18,0.0018359788227826357,0
molecola_34503,19,0,19,0.0015995161375030875,0
molecola_34503,20,0,20,0.0015995161375030875,0
molecola_34503,21,0,21,0.0015995161375030875,0
molecola_34617,1,0,1,0.07971508800983429,0
molecola_34617,2,1,2,0.9274784922599792,1
molecola_34617,3,1,3,0.9424856901168823,1
molecola_34617,4,0,4,0.003980068955570459,0
molecola_34617,5,0,5,0.0021736575290560722,0
molecola_34617,6,0,6,0.00314812152646482,0
molecola_34617,7,0,7,0.003300084499642253,0
molecola_34617,8,0,8,0.00314812152646482,0
molecola_34617,9,0,9,0.0021736575290560722,0
molecola_34617,10,0,10,0.005401699338108301,0
molecola_34617,11,0,11,0.0019196028588339686,0
molecola_34617,12,0,12,0.0019196028588339686,0
molecola_34617,13,0,13,0.002125381724908948,0
molecola_34617,14,0,14,0.0038409980479627848,0
molecola_34617,15,0,15,0.013325951062142849,0
molecola_34617,16,0,16,0.011677777394652367,0
molecola_34617,17,0,17,0.0039385599084198475,0
molecola_34617,18,0,18,0.0014016364002600312,0
molecola_34617,19,0,19,0.001576287904754281,0
molecola_34617,20,0,20,0.0065079680643975735,0
molecola_34617,21,0,21,0.01482189167290926,0
molecola_34617,22,0,22,0.003082290990278125,0
molecola_34617,23,0,23,0.0015870693605393171,0
molecola_34617,24,0,24,0.0015870693605393171,0
molecola_34617,25,0,25,0.0015870693605393171,0
molecola_347,1,0,1,0.08424748480319977,0
molecola_347,2,0,2,0.030807655304670334,0
molecola_347,3,0,3,0.638874351978302,1
molecola_347,4,0,4,0.0047931126318871975,0
molecola_347,5,0,5,0.01742209866642952,0
molecola_347,6,0,6,0.00498547125607729,0
molecola_347,7,0,7,0.01767502911388874,0
molecola_347,8,0,8,0.0324208103120327,0
molecola_347,9,0,9,0.048595622181892395,0
molecola_347,10,0,10,0.010608242824673653,0
molecola_347,11,0,11,0.06862221658229828,0
molecola_347,12,0,12,0.12343374639749527,0
molecola_347,13,0,13,0.06821957975625992,0
molecola_347,14,0,14,0.013421270065009594,0
molecola_347,15,0,15,0.002924557775259018,0
molecola_347,16,0,16,0.0033884046133607626,0
molecola_347,17,0,17,0.001620090682990849,0
molecola_347,18,0,18,0.004415363073348999,0
molecola_347,19,0,19,0.007708242163062096,0
molecola_347,20,0,20,0.003743821522220969,0
molecola_347,21,0,21,0.04439164698123932,0
molecola_347,22,0,22,0.07190876454114914,0
molecola_347,23,1,23,0.972791314125061,1
molecola_34791,1,1,1,0.09047656506299973,0
molecola_34791,2,1,2,0.041059233248233795,0
molecola_34791,3,0,3,0.045429527759552,0
molecola_34791,4,0,4,0.021699802950024605,0
molecola_34791,5,0,5,0.00646041939035058,0
molecola_34791,6,1,6,0.003279851283878088,0
molecola_34791,7,0,7,0.00646041939035058,0
molecola_34791,8,0,8,0.021699802950024605,0
molecola_34791,9,1,9,0.0025582911912351847,0
molecola_34791,10,0,10,0.0014264148194342852,0
molecola_34791,11,0,11,0.0014264148194342852,0
molecola_34791,12,0,12,0.004766722675412893,0
molecola_34791,13,0,13,0.0022967588156461716,0
molecola_34791,14,0,14,0.03447815403342247,0
molecola_34791,15,0,15,0.12050846964120865,0
molecola_34791,16,0,16,0.14628158509731293,0
molecola_34791,17,0,17,0.11361236125230789,0
molecola_34791,18,0,18,0.012767840176820755,0
molecola_34791,19,1,19,0.058339931070804596,0
molecola_34791,20,1,20,0.07075989991426468,0
molecola_34791,21,0,21,0.09811197966337204,0
molecola_34791,22,1,22,0.6188433170318604,1
molecola_34791,23,0,23,0.059774111956357956,0
molecola_34791,24,1,24,0.9894668459892273,1
molecola_34791,25,1,25,0.6188433170318604,1
molecola_34791,26,0,26,0.09811197966337204,0
molecola_34823,1,0,1,0.0017429704312235117,0
molecola_34823,2,0,2,0.012409026734530926,0
molecola_34823,3,0,3,0.0018589319661259651,0
molecola_34823,4,0,4,0.0018589319661259651,0
molecola_34823,5,0,5,0.006116137374192476,0
molecola_34823,6,0,6,0.012596379034221172,0
molecola_34823,7,0,7,0.028050141409039497,0
molecola_34823,8,0,8,0.09133913367986679,0
molecola_34823,9,0,9,0.07420263439416885,0
molecola_34823,10,0,10,0.19604438543319702,0
molecola_34823,11,0,11,0.24846221506595612,0
molecola_34823,12,0,12,0.18981607258319855,0
molecola_34823,13,1,13,0.9760812520980835,1
molecola_34823,14,0,14,0.19056321680545807,0
molecola_34823,15,0,15,0.09563273936510086,0
molecola_34823,16,0,16,0.07134078443050385,0
molecola_34823,17,0,17,0.010433943942189217,0
molecola_34823,18,0,18,0.013938254676759243,0
molecola_34823,19,0,19,0.011867230758070946,0
molecola_34823,20,0,20,0.012086053378880024,0
molecola_34823,21,0,21,0.003927980549633503,0
molecola_34823,22,0,22,0.001454626559279859,0
molecola_34823,23,0,23,0.001454626559279859,0
molecola_34823,24,0,24,0.946145236492157,1
molecola_34823,25,0,25,0.9528567790985107,1
molecola_34823,26,0,26,0.014963088557124138,0
molecola_35023,1,1,1,0.8624881505966187,1
molecola_35023,2,1,2,0.9494897723197937,1
molecola_35023,3,1,3,0.9510177373886108,1
molecola_35023,4,1,4,0.8050661087036133,1
molecola_35023,5,0,5,0.6813499927520752,1
molecola_35023,6,0,6,0.7124620676040649,1
molecola_35023,7,0,7,0.7239637970924377,1
molecola_35023,8,0,8,0.13402189314365387,0
molecola_35023,9,0,9,0.07669024914503098,0
molecola_35023,10,0,10,0.1249038428068161,0
molecola_35023,11,0,11,0.08214016258716583,0
molecola_35023,12,0,12,0.7239637970924377,1
molecola_35023,13,0,13,0.13402189314365387,0
molecola_35023,14,0,14,0.07669024914503098,0
molecola_35023,15,0,15,0.1249038428068161,0
molecola_35023,16,0,16,0.08214016258716583,0
molecola_35100,1,0,1,0.13203351199626923,0
molecola_35100,2,1,2,0.9651175737380981,1
molecola_35100,3,0,3,0.13203351199626923,0
molecola_35100,4,1,4,0.972542405128479,1
molecola_35100,5,0,5,0.003611912950873375,0
molecola_35100,6,0,6,0.0024874606169760227,0
molecola_35100,7,0,7,0.008109674789011478,0
molecola_35100,8,0,8,0.014556139707565308,0
molecola_35100,9,0,9,0.07674835622310638,0
molecola_35100,10,0,10,0.12203852832317352,0
molecola_35100,11,0,11,0.12083255499601364,0
molecola_35100,12,0,12,0.07442275434732437,0
molecola_35100,13,0,13,0.008536643348634243,0
molecola_35100,14,0,14,0.0028454046696424484,0
molecola_35252,1,0,1,0.38334736227989197,0
molecola_35252,2,0,2,0.2123730629682541,0
molecola_35252,3,0,3,0.1221575066447258,0
molecola_35252,4,0,4,0.022087236866354942,0
molecola_35252,5,0,5,0.03720597177743912,0
molecola_35252,6,0,6,0.021550506353378296,0
molecola_35252,7,0,7,0.0335736908018589,0
molecola_35252,8,0,8,0.0038774311542510986,0
molecola_35252,9,0,9,0.002631426090374589,0
molecola_35252,10,0,10,0.009153226390480995,0
molecola_35252,11,0,11,0.028820214793086052,0
molecola_35252,12,0,12,0.055009376257658005,0
molecola_35252,13,1,13,0.5888425707817078,1
molecola_35252,14,1,14,0.4311388432979584,0
molecola_35252,15,1,15,0.9599836468696594,1
molecola_35252,16,1,16,0.9602704644203186,1
molecola_35252,17,1,17,0.7201763391494751,1
molecola_35252,18,0,18,0.07220050692558289,0
molecola_35252,19,0,19,0.021792585030198097,0
molecola_35252,20,0,20,0.01280147023499012,0
molecola_35252,21,0,21,0.013107619248330593,0
molecola_35252,22,0,22,0.009588711895048618,0
molecola_35252,23,0,23,0.018040288239717484,0
molecola_35329,1,1,1,0.9696260094642639,1
molecola_35329,2,1,2,0.9635613560676575,1
molecola_35329,3,0,3,0.4550411105155945,0
molecola_35329,4,0,4,0.6691506505012512,1
molecola_35329,5,0,5,0.5741580128669739,1
molecola_35329,6,1,6,0.8869126439094543,1
molecola_35329,7,1,7,0.8897146582603455,1
molecola_35329,8,1,8,0.9486048817634583,1
molecola_35329,9,0,9,0.5337623953819275,1
molecola_35329,10,0,10,0.03423381596803665,0
molecola_35329,11,0,11,0.015428057871758938,0
molecola_35329,12,0,12,0.09609973430633545,0
molecola_35329,13,0,13,0.11547117680311203,0
molecola_35329,14,0,14,0.030467813834547997,0
molecola_35329,15,0,15,0.0071320668794214725,0
molecola_35329,16,0,16,0.012479218654334545,0
molecola_35329,17,0,17,0.007710383273661137,0
molecola_35329,18,0,18,0.08212575316429138,0
molecola_35329,19,0,19,0.04982740059494972,0
molecola_35329,20,0,20,0.009406348690390587,0
molecola_35329,21,0,21,0.0019472731510177255,0
molecola_35329,22,0,22,0.002237253589555621,0
molecola_35329,23,0,23,0.0017703089397400618,0
molecola_35329,24,0,24,0.0015562812332063913,0
molecola_35329,25,0,25,0.0015562812332063913,0
molecola_35329,26,0,26,0.0015562812332063913,0
molecola_35560,1,0,1,0.100244902074337,0
molecola_35560,2,0,2,0.05602152645587921,0
molecola_35560,3,0,3,0.0487276166677475,0
molecola_35560,4,0,4,0.018651152029633522,0
molecola_35560,5,0,5,0.0068643661215901375,0
molecola_35560,6,0,6,0.008139439858496189,0
molecola_35560,7,0,7,0.006099354475736618,0
molecola_35560,8,0,8,0.009083302691578865,0
molecola_35560,9,0,9,0.008300441317260265,0
molecola_35560,10,0,10,0.004959568846970797,0
molecola_35560,11,0,11,0.01491971593350172,0
molecola_35560,12,1,12,0.48539960384368896,0
molecola_35560,13,1,13,0.7900139093399048,1
molecola_35560,14,1,14,0.9769279956817627,1
molecola_35560,15,1,15,0.9624941349029541,1
molecola_35560,16,1,16,0.7900139093399048,1
molecola_35560,17,1,17,0.48539960384368896,0
molecola_35560,18,0,18,0.004566887393593788,0
molecola_35560,19,0,19,0.013766163028776646,0
molecola_35560,20,0,20,0.04546434059739113,0
molecola_35560,21,0,21,0.05601174756884575,0
molecola_35560,22,0,22,0.100244902074337,0
molecola_35716,1,1,1,0.8962438106536865,1
molecola_35716,2,1,2,0.982176661491394,1
molecola_35716,3,0,3,0.8962438106536865,1
molecola_35716,4,0,4,0.8610880374908447,1
molecola_35716,5,0,5,0.1135610044002533,0
molecola_35716,6,0,6,0.0021324169356375933,0
molecola_35716,7,0,7,0.002745284466072917,0
molecola_35716,8,0,8,0.004485507030040026,0
molecola_35716,9,0,9,0.009184680879116058,0
molecola_35716,10,0,10,0.01941153220832348,0
molecola_35716,11,0,11,0.030614545568823814,0
molecola_35716,12,0,12,0.02331162616610527,0
molecola_35716,13,0,13,0.007805035915225744,0
molecola_35716,14,0,14,0.003625876037403941,0
molecola_35716,15,0,15,0.0021132181864231825,0
molecola_35716,16,0,16,0.001623059855774045,0
molecola_35716,17,0,17,0.003704564645886421,0
molecola_35716,18,0,18,0.04096085578203201,0
molecola_35716,19,0,19,0.10591929405927658,0
molecola_35716,20,0,20,0.13398854434490204,0
molecola_35716,21,0,21,0.10591929405927658,0
molecola_35716,22,0,22,0.04096085578203201,0
molecola_35716,23,0,23,0.0017512509366497397,0
molecola_35716,24,0,24,0.002780142007395625,0
molecola_35716,25,0,25,0.001700313645415008,0
molecola_35716,26,0,26,0.0015681000659242272,0
molecola_35716,27,0,27,0.0015681000659242272,0
molecola_35716,28,0,28,0.0015681000659242272,0
molecola_35716,29,0,29,0.01941153220832348,0
molecola_35716,30,0,30,0.009184680879116058,0
molecola_35716,31,0,31,0.27461668848991394,0
molecola_35716,32,0,32,0.0023015725892037153,0
molecola_35876,1,0,1,0.02765583246946335,0
molecola_35876,2,0,2,0.20287208259105682,0
molecola_35876,3,0,3,0.10177411884069443,0
molecola_35876,4,0,4,0.19391889870166779,0
molecola_35876,5,1,5,0.5366836190223694,1
molecola_35876,6,0,6,0.15605302155017853,0
molecola_35876,7,0,7,0.05161735415458679,0
molecola_35876,8,1,8,0.08122782409191132,0
molecola_35876,9,1,9,0.0959775447845459,0
molecola_35876,10,1,10,0.055513836443424225,0
molecola_35876,11,0,11,0.016053879633545876,0
molecola_35876,12,0,12,0.005850063171237707,0
molecola_35876,13,0,13,0.026078395545482635,0
molecola_35876,14,0,14,0.05738627538084984,0
molecola_35876,15,0,15,0.04143775627017021,0
molecola_35876,16,0,16,0.011454873718321323,0
molecola_35876,17,0,17,0.023705992847681046,0
molecola_35876,18,0,18,0.010148311033844948,0
molecola_35994,1,0,1,0.00584065867587924,0
molecola_35994,2,0,2,0.003302985802292824,0
molecola_35994,3,0,3,0.0036029645707458258,0
molecola_35994,4,0,4,0.06018694490194321,0
molecola_35994,5,0,5,0.09758664667606354,0
molecola_35994,6,0,6,0.051052335649728775,0
molecola_35994,7,0,7,0.028698675334453583,0
molecola_35994,8,0,8,0.015320368111133575,0
molecola_35994,9,0,9,0.051052335649728775,0
molecola_35994,10,0,10,0.09758664667606354,0
molecola_35994,11,0,11,0.0028689641039818525,0
molecola_35994,12,0,12,0.005800579208880663,0
molecola_35994,13,0,13,0.0258309468626976,0
molecola_35994,14,0,14,0.07903986424207687,0
molecola_35994,15,0,15,0.07903986424207687,0
molecola_35994,16,0,16,0.0258309468626976,0
molecola_35994,17,0,17,0.004973262082785368,0
molecola_35994,18,0,18,0.005964856129139662,0
molecola_35994,19,0,19,0.00280991243198514,0
molecola_35994,20,0,20,0.0018624364165589213,0
molecola_35994,21,0,21,0.002157930051907897,0
molecola_35994,22,0,22,0.003047959879040718,0
molecola_35994,23,0,23,0.0018493043025955558,0
molecola_35994,24,0,24,0.0016870510298758745,0
molecola_35994,25,0,25,0.029234692454338074,0
molecola_35994,26,0,26,0.028259798884391785,0
molecola_35994,27,0,27,0.10129380226135254,0
molecola_35994,28,0,28,0.15116091072559357,0
molecola_35994,29,0,29,0.10129380226135254,0
molecola_35994,30,0,30,0.013746315613389015,0
molecola_35994,31,0,31,0.017047442495822906,0
molecola_35994,32,0,32,0.03478477895259857,0
molecola_35994,33,0,33,0.06021945923566818,0
molecola_35994,34,0,34,0.08253742009401321,0
molecola_35994,35,0,35,0.42998433113098145,0
molecola_35994,36,0,36,0.6444097757339478,1
molecola_35994,37,1,37,0.8330875039100647,1
molecola_35994,38,1,38,0.9824220538139343,1
molecola_35994,39,1,39,0.8881974220275879,1
molecola_35994,40,1,40,0.8881974220275879,1
molecola_35994,41,0,41,0.059863198548555374,0
molecola_35994,42,0,42,0.012573896907269955,0
molecola_35994,43,0,43,0.0046761552803218365,0
molecola_35994,44,0,44,0.0061903963796794415,0
molecola_36031,1,0,1,0.024784844368696213,0
molecola_36031,2,0,2,0.032617297023534775,0
molecola_36031,3,0,3,0.04727223515510559,0
molecola_36031,4,0,4,0.13330228626728058,0
molecola_36031,5,0,5,0.1288653016090393,0
molecola_36031,6,0,6,0.08696503192186356,0
molecola_36031,7,0,7,0.017941441386938095,0
molecola_36031,8,0,8,0.004049517679959536,0
molecola_36031,9,0,9,0.029257651418447495,0
molecola_36031,10,0,10,0.0019386718049645424,0
molecola_36031,11,0,11,0.0019386718049645424,0
molecola_36031,12,0,12,0.0018113512778654695,0
molecola_36031,13,0,13,0.04727223515510559,0
molecola_36031,14,0,14,0.032617297023534775,0
molecola_36031,15,0,15,0.024784844368696213,0
molecola_36031,16,0,16,0.005667674355208874,0
molecola_36031,17,0,17,0.005574654322117567,0
molecola_36031,18,0,18,0.05624992400407791,0
molecola_36031,19,0,19,0.05165095254778862,0
molecola_36031,20,0,20,0.025459416210651398,0
molecola_36031,21,0,21,0.004592415876686573,0
molecola_36031,22,0,22,0.006446801126003265,0
molecola_36031,23,0,23,0.016961608082056046,0
molecola_36031,24,0,24,0.05311053246259689,0
molecola_36031,25,0,25,0.03851299360394478,0
molecola_36031,26,0,26,0.036413539201021194,0
molecola_36031,27,0,27,0.025662658736109734,0
molecola_36031,28,0,28,0.32232415676116943,0
molecola_36031,29,1,29,0.8800228238105774,1
molecola_36031,30,1,30,0.9822487831115723,1
molecola_36031,31,0,31,0.8892543315887451,1
molecola_36031,32,1,32,0.8892543315887451,1
molecola_36031,33,0,33,0.15388555824756622,0
molecola_36031,34,0,34,0.03657422959804535,0
molecola_36031,35,0,35,0.038499053567647934,0
molecola_36031,36,0,36,0.021351829171180725,0
molecola_36031,37,0,37,0.003521675942465663,0
molecola_36287,1,0,1,0.09184997528791428,0
molecola_36287,2,0,2,0.03428830951452255,0
molecola_36287,3,0,3,0.049949243664741516,0
molecola_36287,4,0,4,0.06428507715463638,0
molecola_36287,5,0,5,0.051259417086839676,0
molecola_36287,6,0,6,0.04503035172820091,0
molecola_36287,7,0,7,0.002725630532950163,0
molecola_36287,8,0,8,0.005137845873832703,0
molecola_36287,9,0,9,0.0021675939206033945,0
molecola_36287,10,0,10,0.0020450358279049397,0
molecola_36287,11,0,11,0.0026671651285141706,0
molecola_36287,12,0,12,0.004685850348323584,0
molecola_36287,13,0,13,0.006831391714513302,0
molecola_36287,14,0,14,0.004768292885273695,0
molecola_36287,15,0,15,0.0073526897467672825,0
molecola_36287,16,1,16,0.4102230966091156,0
molecola_36287,17,0,17,0.004843289963901043,0
molecola_36287,18,0,18,0.0018475342076271772,0
molecola_36287,19,0,19,0.001694871112704277,0
molecola_36287,20,0,20,0.001713829580694437,0
molecola_36287,21,0,21,0.001455487683415413,0
molecola_36287,22,0,22,0.0017099881079047918,0
molecola_36287,23,0,23,0.0014672114048153162,0
molecola_36287,24,0,24,0.0017099881079047918,0
molecola_36287,25,0,25,0.001455487683415413,0
molecola_36287,26,0,26,0.0017244090558961034,0
molecola_36287,27,0,27,0.001555088791064918,0
molecola_36287,28,0,28,0.001555088791064918,0
molecola_36287,29,0,29,0.001555088791064918,0
molecola_36287,30,0,30,0.0017244090558961034,0
molecola_36287,31,0,31,0.001555088791064918,0
molecola_36287,32,0,32,0.001555088791064918,0
molecola_36287,33,0,33,0.001555088791064918,0
molecola_36287,34,0,34,0.015400875359773636,0
molecola_36287,35,0,35,0.024041634052991867,0
molecola_36287,36,0,36,0.08020294457674026,0
molecola_36287,37,0,37,0.015150821767747402,0
molecola_36325,1,1,1,0.9281121492385864,1
molecola_36325,2,0,2,0.046097636222839355,0
molecola_36325,3,1,3,0.11786096543073654,0
molecola_36325,4,1,4,0.12332121282815933,0
molecola_36325,5,1,5,0.07472674548625946,0
molecola_36325,6,0,6,0.010919386520981789,0
molecola_36325,7,0,7,0.002094769151881337,0
molecola_36325,8,0,8,0.02477874979376793,0
molecola_3663,1,0,1,0.07784997671842575,0
molecola_3663,2,1,2,0.6955106258392334,1
molecola_3663,3,0,3,0.04292803630232811,0
molecola_3663,4,0,4,0.02681628055870533,0
molecola_3663,5,0,5,0.009594442322850227,0
molecola_3663,6,0,6,0.001645416603423655,0
molecola_3663,7,0,7,0.0021852394565939903,0
molecola_3663,8,0,8,0.019387243315577507,0
molecola_3663,9,0,9,0.09511519968509674,0
molecola_3663,10,0,10,0.11906974017620087,0
molecola_3663,11,0,11,0.06451515853404999,0
molecola_3663,12,0,12,0.009635977447032928,0
molecola_3663,13,0,13,0.056554824113845825,0
molecola_3663,14,1,14,0.9299567341804504,1
molecola_3663,15,1,15,0.9474470615386963,1
molecola_3663,16,0,16,0.010172821581363678,0
molecola_3663,17,0,17,0.07095031440258026,0
molecola_3663,18,0,18,0.11909757554531097,0
molecola_3663,19,0,19,0.09689931571483612,0
molecola_3663,20,0,20,0.02196478098630905,0
molecola_3663,21,0,21,0.003081025555729866,0
molecola_36762,1,0,1,0.008445782586932182,0
molecola_36762,2,0,2,0.0034047539811581373,0
molecola_36762,3,0,3,0.004270446021109819,0
molecola_36762,4,0,4,0.0051482003182172775,0
molecola_36762,5,0,5,0.00878183078020811,0
molecola_36762,6,0,6,0.03955882042646408,0
molecola_36762,7,0,7,0.16431425511837006,0
molecola_36762,8,0,8,0.9594443440437317,1
molecola_36762,9,0,9,0.0959949865937233,0
molecola_36762,10,0,10,0.3095860779285431,0
molecola_36762,11,0,11,0.16504529118537903,0
molecola_36762,12,1,12,0.9843946099281311,1
molecola_36762,13,0,13,0.15461044013500214,0
molecola_36762,14,0,14,0.1325737088918686,0
molecola_36762,15,0,15,0.07409189641475677,0
molecola_36762,16,0,16,0.02438049204647541,0
molecola_36762,17,0,17,0.013212422840297222,0
molecola_36762,18,0,18,0.0018562512705102563,0
molecola_36762,19,0,19,0.002993002301082015,0
molecola_36762,20,0,20,0.014542629942297935,0
molecola_36762,21,0,21,0.10505310446023941,0
molecola_36762,22,0,22,0.13504940271377563,0
molecola_36762,23,0,23,0.10505310446023941,0
molecola_36762,24,0,24,0.014542629942297935,0
molecola_36857,1,0,1,0.23309582471847534,0
molecola_36857,2,0,2,0.0358535535633564,0
molecola_36857,3,0,3,0.0126274349167943,0
molecola_36857,4,0,4,0.0020379081834107637,0
molecola_36857,5,0,5,0.0022860809694975615,0
molecola_36857,6,0,6,0.004337503109127283,0
molecola_36857,7,0,7,0.0019707651808857918,0
molecola_36857,8,0,8,0.012524032965302467,0
molecola_36857,9,0,9,0.035726454108953476,0
molecola_36857,10,0,10,0.23137573897838593,0
molecola_36857,11,0,11,0.0030189610552042723,0
molecola_36857,12,0,12,0.006310709752142429,0
molecola_36857,13,0,13,0.0017528047319501638,0
molecola_36857,14,0,14,0.0024875695817172527,0
molecola_36857,15,0,15,0.0024589919485151768,0
molecola_36857,16,0,16,0.002830056706443429,0
molecola_36857,17,0,17,0.005449959076941013,0
molecola_36857,18,0,18,0.0016482279170304537,0
molecola_36857,19,0,19,0.00282330927439034,0
molecola_36857,20,0,20,0.0031936122104525566,0
molecola_36857,21,0,21,0.005373870022594929,0
molecola_36857,22,0,22,0.060961175709962845,0
molecola_36857,23,0,23,0.8453412652015686,1
molecola_36857,24,1,24,0.9824497699737549,1
molecola_36857,25,0,25,0.889775276184082,1
molecola_36857,26,1,26,0.889775276184082,1
molecola_36857,27,0,27,0.0031936122104525566,0
molecola_36857,28,0,28,0.00282330927439034,0
molecola_36857,29,0,29,0.0031936122104525566,0
molecola_36857,30,0,30,0.00282330927439034,0
molecola_36878,1,0,1,0.014763515442609787,0
molecola_36878,2,0,2,0.007280615158379078,0
molecola_36878,3,0,3,0.014763515442609787,0
molecola_36878,4,0,4,0.003192806150764227,0
molecola_36878,5,0,5,0.0071267783641815186,0
molecola_36878,6,0,6,0.002138670301064849,0
molecola_36878,7,0,7,0.001485539716668427,0
molecola_36878,8,0,8,0.001485539716668427,0
molecola_36878,9,0,9,0.002350972732529044,0
molecola_36878,10,0,10,0.0035285097546875477,0
molecola_36878,11,0,11,0.00817935261875391,0
molecola_36878,12,0,12,0.006999064702540636,0
molecola_36878,13,0,13,0.012101428583264351,0
molecola_36878,14,0,14,0.0225299634039402,0
molecola_36878,15,0,15,0.01740417443215847,0
molecola_36878,16,0,16,0.04065600037574768,0
molecola_36878,17,0,17,0.03137315437197685,0
molecola_36878,18,0,18,0.028712198138237,0
molecola_36878,19,0,19,0.007968539372086525,0
molecola_36878,20,0,20,0.006507841870188713,0
molecola_36878,21,0,21,0.006030260119587183,0
molecola_36878,22,0,22,0.005464400630444288,0
molecola_36878,23,0,23,0.006619047373533249,0
molecola_36878,24,1,24,0.009885990992188454,0
molecola_36878,25,1,25,0.011394164524972439,0
molecola_36878,26,1,26,0.012625627219676971,0
molecola_36878,27,0,27,0.0073802839033305645,0
molecola_36878,28,0,28,0.020878082141280174,0
molecola_36878,29,0,29,0.02976718544960022,0
molecola_36878,30,0,30,0.005141241941601038,0
molecola_36878,31,0,31,0.06907989084720612,0
molecola_36878,32,0,32,0.0030290945433080196,0
molecola_36878,33,0,33,0.02555285207927227,0
molecola_36878,34,1,34,0.9836457967758179,1
molecola_37002,1,0,1,0.03924413397908211,0
molecola_37002,2,0,2,0.010913918726146221,0
molecola_37002,3,0,3,0.0022372195962816477,0
molecola_37002,4,0,4,0.003172293771058321,0
molecola_37002,5,0,5,0.9595341086387634,1
molecola_37002,6,0,6,0.9761515259742737,1
molecola_37002,7,0,7,0.002380660269409418,0
molecola_37002,8,0,8,0.0016556917689740658,0
molecola_37002,9,0,9,0.005511249415576458,0
molecola_37002,10,0,10,0.0016929672565311193,0
molecola_37002,11,0,11,0.0819692611694336,0
molecola_37002,12,1,12,0.8952453136444092,1
molecola_37002,13,1,13,0.9047105312347412,1
molecola_37002,14,1,14,0.914949357509613,1
molecola_37002,15,1,15,0.1586514413356781,0
molecola_37002,16,1,16,0.914949357509613,1
molecola_37002,17,0,17,0.9047105312347412,1
molecola_37002,18,1,18,0.9827845692634583,1
molecola_37002,19,0,19,0.8922423124313354,1
molecola_37002,20,1,20,0.8922423124313354,1
molecola_37002,21,0,21,0.0016165653942152858,0
molecola_37002,22,0,22,0.002494785701856017,0
molecola_37002,23,0,23,0.0015295225894078612,0
molecola_37002,24,0,24,0.003399827517569065,0
molecola_37002,25,0,25,0.0043732295744121075,0
molecola_37002,26,0,26,0.004321033135056496,0
molecola_37002,27,0,27,0.008272846229374409,0
molecola_37002,28,0,28,0.00553154619410634,0
molecola_37002,29,0,29,0.002266037743538618,0
molecola_37002,30,0,30,0.008272846229374409,0
molecola_37002,31,0,31,0.004321033135056496,0
molecola_37207,1,1,1,0.9878345727920532,1
molecola_37207,2,0,2,0.08512519299983978,0
molecola_37207,3,0,3,0.2831876277923584,0
molecola_37207,4,0,4,0.17079228162765503,0
molecola_37207,5,0,5,0.06069321185350418,0
molecola_37207,6,0,6,0.04734252393245697,0
molecola_37207,7,0,7,0.2934700548648834,0
molecola_37207,8,0,8,0.005996221676468849,0
molecola_37207,9,0,9,0.0103684701025486,0
molecola_37207,10,0,10,0.014988494105637074,0
molecola_37207,11,0,11,0.006843981798738241,0
molecola_37207,12,0,12,0.005174511112272739,0
molecola_37207,13,0,13,0.002799458336085081,0
molecola_37207,14,0,14,0.005757770035415888,0
molecola_37207,15,0,15,0.005690176039934158,0
molecola_37207,16,0,16,0.0034260659012943506,0
molecola_37207,17,0,17,0.018202077597379684,0
molecola_37207,18,0,18,0.040741417557001114,0
molecola_37207,19,0,19,0.12717074155807495,0
molecola_37207,20,0,20,0.10009925812482834,0
molecola_37207,21,0,21,0.12717074155807495,0
molecola_37207,22,0,22,0.040741417557001114,0
molecola_37207,23,0,23,0.0039925891906023026,0
molecola_37207,24,0,24,0.014316041953861713,0
molecola_37207,25,0,25,0.012312686070799828,0
molecola_37207,26,0,26,0.03645973652601242,0
molecola_37207,27,0,27,0.012312686070799828,0
molecola_37207,28,0,28,0.014316041953861713,0
molecola_37344,1,0,1,0.007549731060862541,0
molecola_37344,2,0,2,0.005108690820634365,0
molecola_37344,3,0,3,0.005144245456904173,0
molecola_37344,4,0,4,0.005350564606487751,0
molecola_37344,5,0,5,0.002580701606348157,0
molecola_37344,6,0,6,0.005777547601610422,0
molecola_37344,7,0,7,0.010498627088963985,0
molecola_37344,8,0,8,0.002019431907683611,0
molecola_37344,9,0,9,0.003484788117930293,0
molecola_37344,10,0,10,0.006748146377503872,0
molecola_37344,11,0,11,0.014378990046679974,0
molecola_37344,12,0,12,0.01644108071923256,0
molecola_37344,13,0,13,0.0023904957342892885,0
molecola_37344,14,0,14,0.004540862515568733,0
molecola_37344,15,0,15,0.014927531592547894,0
molecola_37344,16,0,16,0.016200348734855652,0
molecola_37344,17,0,17,0.007773162797093391,0
molecola_37344,18,0,18,0.04082709550857544,0
molecola_37344,19,0,19,0.08491851389408112,0
molecola_37344,20,0,20,0.6667749285697937,1
molecola_37344,21,0,21,0.06052288040518761,0
molecola_37344,22,1,22,0.9894702434539795,1
molecola_37344,23,0,23,0.6667749285697937,1
molecola_37344,24,0,24,0.08491851389408112,0
molecola_3747,1,0,1,0.010146615095436573,0
molecola_3747,2,0,2,0.006560954265296459,0
molecola_3747,3,0,3,0.01007369626313448,0
molecola_3747,4,0,4,0.0059837778098881245,0
molecola_3747,5,0,5,0.002594676334410906,0
molecola_3747,6,0,6,0.04248049482703209,0
molecola_3747,7,0,7,0.10156425088644028,0
molecola_3747,8,0,8,0.11726889759302139,0
molecola_3747,9,0,9,0.04127708077430725,0
molecola_3747,10,0,10,0.0028685766737908125,0
molecola_3747,11,0,11,0.0017228369833901525,0
molecola_3747,12,0,12,0.017552141100168228,0
molecola_3747,13,1,13,0.935716450214386,1
molecola_3747,14,1,14,0.9504224061965942,1
molecola_3747,15,0,15,0.007734926883131266,0
molecola_3747,16,0,16,0.0020309078972786665,0
molecola_3747,17,0,17,0.0018764282576739788,0
molecola_3747,18,0,18,0.0016782679595053196,0
molecola_3747,19,0,19,0.0018399329856038094,0
molecola_3747,20,0,20,0.003243147861212492,0
molecola_3747,21,0,21,0.011684691533446312,0
molecola_3747,22,0,22,0.012734428979456425,0
molecola_3747,23,0,23,0.04601085186004639,0
molecola_3747,24,0,24,0.0021282497327774763,0
molecola_3747,25,0,25,0.00175311672501266,0
molecola_3747,26,0,26,0.0017928112065419555,0
molecola_3747,27,0,27,0.01087309792637825,0
molecola_3747,28,0,28,0.09193898737430573,0
molecola_3747,29,0,29,0.10220464318990707,0
molecola_3747,30,0,30,0.03658147156238556,0
molecola_3747,31,0,31,0.0018566657090559602,0
molecola_3747,32,0,32,0.0038943621329963207,0
molecola_3747,33,0,33,0.04077773168683052,0
molecola_3747,34,0,34,0.10576020181179047,0
molecola_3747,35,0,35,0.13398855924606323,0
molecola_3747,36,0,36,0.10576020181179047,0
molecola_3747,37,0,37,0.04077773168683052,0
molecola_3747,38,0,38,0.011684691533446312,0
molecola_3747,39,0,39,0.003243147861212492,0
molecola_37480,1,0,1,0.005353808868676424,0
molecola_37480,2,0,2,0.006428471300750971,0
molecola_37480,3,0,3,0.01708037033677101,0
molecola_37480,4,0,4,0.031119609251618385,0
molecola_37480,5,0,5,0.008619874715805054,0
molecola_37480,6,0,6,0.010463333688676357,0
molecola_37480,7,0,7,0.005207013338804245,0
molecola_37480,8,0,8,0.0030743437819182873,0
molecola_37480,9,0,9,0.002039611805230379,0
molecola_37480,10,0,10,0.0019280785927549005,0
molecola_37480,11,0,11,0.002039611805230379,0
molecola_37480,12,0,12,0.0030743437819182873,0
molecola_37480,13,0,13,0.002071696100756526,0
molecola_37480,14,0,14,0.0017313177231699228,0
molecola_37480,15,0,15,0.052086181938648224,0
molecola_37480,16,0,16,0.00801945198327303,0
molecola_37480,17,0,17,0.014225494116544724,0
molecola_37480,18,0,18,0.004845389164984226,0
molecola_37480,19,0,19,0.0056785172782838345,0
molecola_37480,20,1,20,0.9597219228744507,1
molecola_37480,21,1,21,0.9761050939559937,1
molecola_37480,22,0,22,0.0035554170608520508,0
molecola_37480,23,0,23,0.06090879067778587,0
molecola_37480,24,0,24,0.02760401926934719,0
molecola_37480,25,0,25,0.016332603991031647,0
molecola_37480,26,0,26,0.009318161755800247,0
molecola_37480,27,0,27,0.018178097903728485,0
molecola_37480,28,0,28,0.03837140277028084,0
molecola_37480,29,0,29,0.006132369861006737,0
molecola_37480,30,0,30,0.04572285711765289,0
molecola_37480,31,0,31,0.11522319167852402,0
molecola_37480,32,0,32,0.14377258718013763,0
molecola_37480,33,0,33,0.10868148505687714,0
molecola_37480,34,0,34,0.048246875405311584,0
molecola_37480,35,0,35,0.003293882356956601,0
molecola_37480,36,0,36,0.031119609251618385,0
molecola_37480,37,0,37,0.01708037033677101,0
molecola_37690,1,0,1,0.08558560162782669,0
molecola_37690,2,0,2,0.030322056263685226,0
molecola_37690,3,0,3,0.05115890130400658,0
molecola_37690,4,0,4,0.09348642826080322,0
molecola_37690,5,0,5,0.14012639224529266,0
molecola_37690,6,0,6,0.14077842235565186,0
molecola_37690,7,0,7,0.20385026931762695,0
molecola_37690,8,0,8,0.9464432001113892,1
molecola_37690,9,0,9,0.06568825244903564,0
molecola_37690,10,0,10,0.02047479897737503,0
molecola_37690,11,0,11,0.0037787992041558027,0
molecola_37690,12,0,12,0.004104817286133766,0
molecola_37690,13,0,13,0.3445388078689575,0
molecola_37690,14,0,14,0.6795668601989746,1
molecola_37690,15,0,15,0.9071031808853149,1
molecola_37690,16,0,16,0.12493965029716492,0
molecola_37690,17,0,17,0.02910429611802101,0
molecola_37690,18,0,18,0.002153758192434907,0
molecola_37690,19,0,19,0.0015997978625819087,0
molecola_37690,20,0,20,0.0019453957211226225,0
molecola_37690,21,0,21,0.006896704901009798,0
molecola_37690,22,0,22,0.0081739891320467,0
molecola_37690,23,0,23,0.0022738133557140827,0
molecola_37690,24,0,24,0.003635245840996504,0
molecola_37690,25,0,25,0.002234045648947358,0
molecola_37690,26,0,26,0.002234045648947358,0
molecola_37690,27,0,27,0.0061673372983932495,0
molecola_37690,28,0,28,0.002972886199131608,0
molecola_37690,29,0,29,0.005478133913129568,0
molecola_37690,30,0,30,0.001725386013276875,0
molecola_37690,31,0,31,0.0027002347633242607,0
molecola_37690,32,0,32,0.005478133913129568,0
molecola_37690,33,0,33,0.001725386013276875,0
molecola_37690,34,0,34,0.002972886199131608,0
molecola_37690,35,1,35,0.9821857810020447,1
molecola_37690,36,0,36,0.8937650322914124,1
molecola_37690,37,1,37,0.8937650322914124,1
molecola_37690,38,0,38,0.004104817286133766,0
molecola_37690,39,0,39,0.0037787992041558027,0
molecola_37744,1,0,1,0.26739275455474854,0
molecola_37744,2,0,2,0.09272022545337677,0
molecola_37744,3,0,3,0.022072235122323036,0
molecola_37744,4,0,4,0.009920584969222546,0
molecola_37744,5,0,5,0.002001620829105377,0
molecola_37744,6,0,6,0.002326088724657893,0
molecola_37744,7,0,7,0.0017544524744153023,0
molecola_37744,8,0,8,0.0018369123572483659,0
molecola_37744,9,0,9,0.01573377288877964,0
molecola_37744,10,0,10,0.05880758911371231,0
molecola_37744,11,0,11,0.07038888335227966,0
molecola_37744,12,0,12,0.003485589986667037,0
molecola_37744,13,0,13,0.0020809220150113106,0
molecola_37744,14,0,14,0.0036393445916473866,0
molecola_37744,15,0,15,0.00222785328514874,0
molecola_37744,16,0,16,0.0018026909092441201,0
molecola_37744,17,0,17,0.0023280426394194365,0
molecola_37744,18,0,18,0.0017543070716783404,0
molecola_37744,19,0,19,0.0016111173899844289,0
molecola_37744,20,0,20,0.031734973192214966,0
molecola_37744,21,0,21,0.08107225596904755,0
molecola_37744,22,1,22,0.6630001068115234,1
molecola_37744,23,0,23,0.06041683629155159,0
molecola_37744,24,1,24,0.9894702434539795,1
molecola_37744,25,1,25,0.6630001068115234,1
molecola_37744,26,0,26,0.08107225596904755,0
molecola_37812,1,0,1,0.06477092206478119,0
molecola_37812,2,0,2,0.12105399370193481,0
molecola_37812,3,0,3,0.5272188186645508,1
molecola_37812,4,0,4,0.017951054498553276,0
molecola_37812,5,0,5,0.031300608068704605,0
molecola_37812,6,0,6,0.11626720428466797,0
molecola_37812,7,0,7,0.11206362396478653,0
molecola_37812,8,0,8,0.01632857508957386,0
molecola_37812,9,0,9,0.023649118840694427,0
molecola_37812,10,1,10,0.988753080368042,1
molecola_37812,11,1,11,0.9623234272003174,1
molecola_37812,12,1,12,0.9623234272003174,1
molecola_37812,13,0,13,0.023835301399230957,0
molecola_37812,14,0,14,0.05059569701552391,0
molecola_37812,15,0,15,0.03557319566607475,0
molecola_37812,16,0,16,0.04323747009038925,0
molecola_37812,17,0,17,0.0301390178501606,0
molecola_37812,18,0,18,0.2854956090450287,0
molecola_37812,19,0,19,0.18642966449260712,0
molecola_37812,20,0,20,0.021663779392838478,0
molecola_37812,21,0,21,0.011752252466976643,0
molecola_37812,22,0,22,0.010385677218437195,0
molecola_37812,23,0,23,0.046424929052591324,0
molecola_37812,24,0,24,0.0040251724421978,0
molecola_37812,25,0,25,0.01914314366877079,0
molecola_37812,26,0,26,0.0061880494467914104,0
molecola_37812,27,0,27,0.0027528218924999237,0
molecola_37812,28,0,28,0.0014118137769401073,0
molecola_37812,29,0,29,0.0014118137769401073,0
molecola_37812,30,0,30,0.0061880494467914104,0
molecola_37812,31,0,31,0.01914314366877079,0
molecola_37812,32,0,32,0.005247911904007196,0
molecola_37812,33,0,33,0.005093067418783903,0
molecola_37812,34,0,34,0.10306061804294586,0
molecola_37840,1,0,1,0.0028742204885929823,0
molecola_37840,2,0,2,0.0021843828726559877,0
molecola_37840,3,0,3,0.0028742204885929823,0
molecola_37840,4,0,4,0.002580808475613594,0
molecola_37840,5,0,5,0.0015132208354771137,0
molecola_37840,6,0,6,0.0015132208354771137,0
molecola_37840,7,0,7,0.0072821662761271,0
molecola_37840,8,0,8,0.006320360582321882,0
molecola_37840,9,0,9,0.02997118979692459,0
molecola_37840,10,0,10,0.02605436183512211,0
molecola_37840,11,0,11,0.02240358293056488,0
molecola_37840,12,0,12,0.01880718395113945,0
molecola_37840,13,0,13,0.03417559340596199,0
molecola_37840,14,0,14,0.05349323898553848,0
molecola_37840,15,0,15,0.02730220928788185,0
molecola_37840,16,0,16,0.014817268587648869,0
molecola_37840,17,0,17,0.006192611530423164,0
molecola_37840,18,0,18,0.014817268587648869,0
molecola_37840,19,0,19,0.02730220928788185,0
molecola_37840,20,0,20,0.0965520367026329,0
molecola_37840,21,0,21,0.22891633212566376,0
molecola_37840,22,0,22,0.1736062616109848,0
molecola_37840,23,1,23,0.9786439538002014,1
molecola_37840,24,0,24,0.25142672657966614,0
molecola_37840,25,0,25,0.02462015114724636,0
molecola_37840,26,0,26,0.039251908659935,0
molecola_37840,27,0,27,0.03976886719465256,0
molecola_37870,1,0,1,0.13565750420093536,0
molecola_37870,2,0,2,0.052717890590429306,0
molecola_37870,3,0,3,0.1120847687125206,0
molecola_37870,4,0,4,0.032394081354141235,0
molecola_37870,5,0,5,0.04748476296663284,0
molecola_37870,6,0,6,0.024109838530421257,0
molecola_37870,7,0,7,0.36135464906692505,0
molecola_37870,8,0,8,0.14436915516853333,0
molecola_37870,9,1,9,0.9870856404304504,1
molecola_37870,10,0,10,0.9361438155174255,1
molecola_37870,11,0,11,0.9526359438896179,1
molecola_37870,12,0,12,0.048489686101675034,0
molecola_37870,13,0,13,0.008293558843433857,0
molecola_37870,14,0,14,0.018084770068526268,0
molecola_37870,15,0,15,0.09907747805118561,0
molecola_37870,16,0,16,0.16319915652275085,0
molecola_37870,17,0,17,0.9450380206108093,1
molecola_37870,18,0,18,0.9563790559768677,1
molecola_37870,19,0,19,0.16319915652275085,0
molecola_37870,20,0,20,0.09907747805118561,0
molecola_37870,21,0,21,0.007227598689496517,0
molecola_37870,22,0,22,0.02517307735979557,0
molecola_37870,23,0,23,0.09653598815202713,0
molecola_37870,24,0,24,0.1336914449930191,0
molecola_37870,25,0,25,0.09653598815202713,0
molecola_37870,26,0,26,0.02517307735979557,0
molecola_38019,1,0,1,0.12355451285839081,0
molecola_38019,2,0,2,0.0456383153796196,0
molecola_38019,3,0,3,0.09798748791217804,0
molecola_38019,4,0,4,0.030107110738754272,0
molecola_38019,5,0,5,0.08844698220491409,0
molecola_38019,6,0,6,0.012662588618695736,0
molecola_38019,7,0,7,0.13909102976322174,0
molecola_38019,8,0,8,0.5555447340011597,1
molecola_38019,9,0,9,0.13882967829704285,0
molecola_38019,10,0,10,0.011138503439724445,0
molecola_38019,11,0,11,0.010705710388720036,0
molecola_38019,12,0,12,0.003896695328876376,0
molecola_38019,13,0,13,0.004468252882361412,0
molecola_38019,14,0,14,0.0016174489865079522,0
molecola_38019,15,0,15,0.027210203930735588,0
molecola_38019,16,0,16,0.06313501298427582,0
molecola_38019,17,0,17,0.07856085151433945,0
molecola_38019,18,0,18,0.1371014267206192,0
molecola_38019,19,0,19,0.18510966002941132,0
molecola_38019,20,0,20,0.22717732191085815,0
molecola_38019,21,0,21,0.16217952966690063,0
molecola_38019,22,1,22,0.9834709763526917,1
molecola_38056,1,0,1,0.16875305771827698,0
molecola_38056,2,0,2,0.08520834892988205,0
molecola_38056,3,0,3,0.04033563658595085,0
molecola_38056,4,0,4,0.007770948577672243,0
molecola_38056,5,0,5,0.008412444032728672,0
molecola_38056,6,0,6,0.005189570132642984,0
molecola_38056,7,0,7,0.002565543632954359,0
molecola_38056,8,0,8,0.0043022059835493565,0
molecola_38056,9,0,9,0.004459932912141085,0
molecola_38056,10,0,10,0.907677173614502,1
molecola_38056,11,0,11,0.8865698575973511,1
molecola_38056,12,1,12,0.9119207859039307,1
molecola_38056,13,0,13,0.8865698575973511,1
molecola_38056,14,0,14,0.907677173614502,1
molecola_38056,15,1,15,0.9824095964431763,1
molecola_38056,16,0,16,0.8931127786636353,1
molecola_38056,17,1,17,0.8931127786636353,1
molecola_38056,18,0,18,0.00992091279476881,0
molecola_38056,19,0,19,0.018643084913492203,0
molecola_38056,20,0,20,0.02596835047006607,0
molecola_38056,21,0,21,0.012049805372953415,0
molecola_38056,22,0,22,0.007375984452664852,0
molecola_38056,23,0,23,0.004144822247326374,0
molecola_38056,24,0,24,0.0023782062344253063,0
molecola_38056,25,0,25,0.0016361449379473925,0
molecola_38056,26,0,26,0.001718238228932023,0
molecola_38056,27,0,27,0.0014625492040067911,0
molecola_38056,28,0,28,0.001718238228932023,0
molecola_38056,29,0,29,0.0016361449379473925,0
molecola_38056,30,0,30,0.0017212386010214686,0
molecola_38056,31,0,31,0.0015550325624644756,0
molecola_38056,32,0,32,0.0015550325624644756,0
molecola_38056,33,0,33,0.0015550325624644756,0
molecola_38056,34,0,34,0.0017212386010214686,0
molecola_38056,35,0,35,0.0015550325624644756,0
molecola_38056,36,0,36,0.0015550325624644756,0
molecola_38056,37,0,37,0.0015550325624644756,0
molecola_38056,38,0,38,0.03852115198969841,0
molecola_38056,39,0,39,0.05881042405962944,0
molecola_38056,40,0,40,0.05778973549604416,0
molecola_38056,41,0,41,0.031687621027231216,0
molecola_38056,42,0,42,0.02274995669722557,0
molecola_38056,43,0,43,0.02208813838660717,0
molecola_38056,44,0,44,0.005807562731206417,0
molecola_38056,45,0,45,0.04570048674941063,0
molecola_38191,1,0,1,0.0038394220173358917,0
molecola_38191,2,0,2,0.0028056749142706394,0
molecola_38191,3,0,3,0.0032982779666781425,0
molecola_38191,4,0,4,0.0032982779666781425,0
molecola_38191,5,0,5,0.003006460377946496,0
molecola_38191,6,0,6,0.006224488839507103,0
molecola_38191,7,0,7,0.013372763991355896,0
molecola_38191,8,0,8,0.01282842829823494,0
molecola_38191,9,0,9,0.006747731007635593,0
molecola_38191,10,0,10,0.004719724413007498,0
molecola_38191,11,0,11,0.9589816927909851,1
molecola_38191,12,0,12,0.9756029844284058,1
molecola_38191,13,0,13,0.004383651539683342,0
molecola_38191,14,0,14,0.004792585037648678,0
molecola_38191,15,0,15,0.0018129314994439483,0
molecola_38191,16,0,16,0.001652752049267292,0
molecola_38191,17,0,17,0.002883047331124544,0
molecola_38191,18,0,18,0.039147648960351944,0
molecola_38191,19,0,19,0.08568999916315079,0
molecola_38191,20,0,20,0.6641029119491577,1
molecola_38191,21,0,21,0.06044793128967285,0
molecola_38191,22,1,22,0.9894702434539795,1
molecola_38191,23,0,23,0.6641029119491577,1
molecola_38191,24,0,24,0.08568999916315079,0
molecola_38191,25,0,25,0.0016838489100337029,0
molecola_38191,26,0,26,0.0015286999987438321,0
molecola_38191,27,0,27,0.0015286999987438321,0
molecola_38191,28,0,28,0.0015286999987438321,0
molecola_38227,1,1,1,0.879699170589447,1
molecola_38227,2,1,2,0.9659813642501831,1
molecola_38227,3,1,3,0.9575324058532715,1
molecola_38227,4,1,4,0.844865620136261,1
molecola_38227,5,1,5,0.8589291572570801,1
molecola_38227,6,1,6,0.7578022480010986,1
molecola_38227,7,0,7,0.05075176805257797,0
molecola_38227,8,0,8,0.08192514628171921,0
molecola_38227,9,0,9,0.08485909551382065,0
molecola_38227,10,0,10,0.12940219044685364,0
molecola_38227,11,0,11,0.12272556126117706,0
molecola_38227,12,0,12,0.11029168218374252,0
molecola_38227,13,0,13,0.028469203040003777,0
molecola_38227,14,0,14,0.02266639471054077,0
molecola_38227,15,0,15,0.03322291001677513,0
molecola_38227,16,0,16,0.02919270098209381,0
molecola_38227,17,0,17,0.008157150819897652,0
molecola_38227,18,0,18,0.0021987149957567453,0
molecola_38227,19,0,19,0.004903879016637802,0
molecola_38227,20,0,20,0.008636049926280975,0
molecola_38227,21,0,21,0.005128582939505577,0
molecola_38227,22,0,22,0.003429492935538292,0
molecola_38227,23,0,23,0.002454964444041252,0
molecola_38227,24,0,24,0.0019658978562802076,0
molecola_38227,25,0,25,0.13859225809574127,0
molecola_38227,26,0,26,0.08633031696081161,0
molecola_38227,27,0,27,0.25508761405944824,0
molecola_38388,1,0,1,0.03403952345252037,0
molecola_38388,2,0,2,0.054572489112615585,0
molecola_38388,3,0,3,0.06830868124961853,0
molecola_38388,4,0,4,0.11036525666713715,0
molecola_38388,5,0,5,0.0681825652718544,0
molecola_38388,6,0,6,0.04486077278852463,0
molecola_38388,7,0,7,0.009678009897470474,0
molecola_38388,8,0,8,0.00472805043682456,0
molecola_38388,9,0,9,0.002271211938932538,0
molecola_38388,10,0,10,0.014072502963244915,0
molecola_38388,11,0,11,0.008300558663904667,0
molecola_38388,12,0,12,0.023605305701494217,0
molecola_38388,13,0,13,0.006595870945602655,0
molecola_38388,14,0,14,0.13149872422218323,0
molecola_38388,15,0,15,0.3040829300880432,0
molecola_38388,16,0,16,0.0643191784620285,0
molecola_38388,17,1,17,0.987461507320404,1
molecola_38388,18,0,18,0.047190919518470764,0
molecola_38388,19,0,19,0.04173513129353523,0
molecola_38391,1,0,1,0.00506608746945858,0
molecola_38391,2,0,2,0.022173307836055756,0
molecola_38391,3,0,3,0.008751222863793373,0
molecola_38391,4,0,4,0.04594028741121292,0
molecola_38391,5,0,5,0.03397755324840546,0
molecola_38391,6,0,6,0.026475317776203156,0
molecola_38391,7,1,7,0.989287257194519,1
molecola_38391,8,1,8,0.9594067931175232,1
molecola_38391,9,1,9,0.9594067931175232,1
molecola_38391,10,0,10,0.005935146939009428,0
molecola_38391,11,0,11,0.018540767952799797,0
molecola_38391,12,0,12,0.02627165988087654,0
molecola_38391,13,0,13,0.0932755172252655,0
molecola_38391,14,0,14,0.43514731526374817,0
molecola_38391,15,0,15,0.3472105860710144,0
molecola_38391,16,0,16,0.9498921632766724,1
molecola_38391,17,0,17,0.07866926491260529,0
molecola_38391,18,0,18,0.07866926491260529,0
molecola_38391,19,0,19,0.9456585645675659,1
molecola_38391,20,0,20,0.0064566005021333694,0
molecola_38391,21,0,21,0.00597751559689641,0
molecola_38391,22,0,22,0.004619379993528128,0
molecola_38391,23,0,23,0.014676094986498356,0
molecola_38415,1,0,1,0.026852000504732132,0
molecola_38415,2,0,2,0.017123982310295105,0
molecola_38415,3,0,3,0.08813197165727615,0
molecola_38415,4,0,4,0.31921106576919556,0
molecola_38415,5,1,5,0.9340941309928894,1
molecola_38415,6,1,6,0.9565093517303467,1
molecola_38415,7,0,7,0.01047916803508997,0
molecola_38415,8,0,8,0.007755434140563011,0
molecola_38415,9,0,9,0.01031133159995079,0
molecola_38415,10,0,10,0.0013871804112568498,0
molecola_38415,11,0,11,0.030726827681064606,0
molecola_38415,12,0,12,0.1270289272069931,0
molecola_38415,13,0,13,0.9631180763244629,1
molecola_38415,14,0,14,0.1448560357093811,0
molecola_38415,15,0,15,0.1448661983013153,0
molecola_38415,16,0,16,0.1253848671913147,0
molecola_38415,17,0,17,0.9632071852684021,1
molecola_38415,18,0,18,0.029075205326080322,0
molecola_38415,19,0,19,0.007164274342358112,0
molecola_38415,20,0,20,0.0013658010866492987,0
molecola_38415,21,0,21,0.026852000504732132,0
molecola_38631,1,0,1,0.027342678979039192,0
molecola_38631,2,0,2,0.016991162672638893,0
molecola_38631,3,0,3,0.04195481911301613,0
molecola_38631,4,0,4,0.05382873862981796,0
molecola_38631,5,0,5,0.07744638621807098,0
molecola_38631,6,1,6,0.9602487087249756,1
molecola_38631,7,0,7,0.06555256247520447,0
molecola_38631,8,0,8,0.06555256247520447,0
molecola_38631,9,1,9,0.9580590724945068,1
molecola_38631,10,0,10,0.0036331461742520332,0
molecola_38631,11,0,11,0.016109969466924667,0
molecola_38631,12,0,12,0.014088747091591358,0
molecola_38631,13,0,13,0.0025634688790887594,0
molecola_38631,14,0,14,0.006778878625482321,0
molecola_38631,15,0,15,0.05147382244467735,0
molecola_38631,16,0,16,0.11368178576231003,0
molecola_38631,17,0,17,0.29312700033187866,0
molecola_38631,18,0,18,0.8489579558372498,1
molecola_38631,19,0,19,0.9780856370925903,1
molecola_38631,20,0,20,0.970595121383667,1
molecola_38631,21,0,21,0.8410961031913757,1
molecola_38631,22,0,22,0.93666011095047,1
molecola_38631,23,0,23,0.9530155658721924,1
molecola_38631,24,0,24,0.1194894015789032,0
molecola_38631,25,0,25,0.062190521508455276,0
molecola_38631,26,0,26,0.03695842996239662,0
molecola_38631,27,0,27,0.016295168548822403,0
molecola_38631,28,0,28,0.010576615110039711,0
molecola_38631,29,0,29,0.0013864916982129216,0
molecola_38631,30,0,30,0.001786921638995409,0
molecola_38827,1,0,1,0.03271108865737915,0
molecola_38827,2,0,2,0.3364526629447937,0
molecola_38827,3,0,3,0.00831050705164671,0
molecola_38827,4,0,4,0.03881893306970596,0
molecola_38827,5,0,5,0.012194236740469933,0
molecola_38827,6,0,6,0.00459429994225502,0
molecola_38827,7,0,7,0.0024143815971910954,0
molecola_38827,8,0,8,0.042091209441423416,0
molecola_38827,9,0,9,0.0036125772166997194,0
molecola_38827,10,0,10,0.019415734335780144,0
molecola_38827,11,0,11,0.01085251197218895,0
molecola_38827,12,0,12,0.14282011985778809,0
molecola_38827,13,0,13,0.12332884222269058,0
molecola_38827,14,1,14,0.9745833277702332,1
molecola_38827,15,0,15,0.14282014966011047,0
molecola_38827,16,0,16,0.019415734335780144,0
molecola_38827,17,0,17,0.01085251197218895,0
molecola_38970,1,0,1,0.005353808868676424,0
molecola_38970,2,0,2,0.0064284647814929485,0
molecola_38970,3,0,3,0.01686067506670952,0
molecola_38970,4,0,4,0.027479127049446106,0
molecola_38970,5,0,5,0.011613487266004086,0
molecola_38970,6,0,6,0.0356164388358593,0
molecola_38970,7,0,7,0.02931346744298935,0
molecola_38970,8,0,8,0.015229107812047005,0
molecola_38970,9,0,9,0.010617049410939217,0
molecola_38970,10,0,10,0.0018903770251199603,0
molecola_38970,11,0,11,0.004589043091982603,0
molecola_38970,12,0,12,0.002008456503972411,0
molecola_38970,13,0,13,0.002306542592123151,0
molecola_38970,14,0,14,0.003141104942187667,0
molecola_38970,15,0,15,0.22883513569831848,0
molecola_38970,16,0,16,0.03490585833787918,0
molecola_38970,17,0,17,0.03367222845554352,0
molecola_38970,18,0,18,0.02512831799685955,0
molecola_38970,19,0,19,0.008912032470107079,0
molecola_38970,20,0,20,0.016349082812666893,0
molecola_38970,21,0,21,0.039503686130046844,0
molecola_38970,22,0,22,0.03459349274635315,0
molecola_38970,23,0,23,0.00899994932115078,0
molecola_38970,24,0,24,0.008402164094150066,0
molecola_38970,25,0,25,0.06442434340715408,0
molecola_38970,26,0,26,0.0023782197386026382,0
molecola_38970,27,0,27,0.10984690487384796,0
molecola_38970,28,1,28,0.9788966774940491,1
molecola_38970,29,0,29,0.09399708360433578,0
molecola_38970,30,0,30,0.0037871624808758497,0
molecola_38970,31,0,31,0.0019979779608547688,0
molecola_38970,32,0,32,0.027479127049446106,0
molecola_38970,33,0,33,0.01686067506670952,0
molecola_39053,1,1,1,0.9154848456382751,1
molecola_39053,2,1,2,0.929498016834259,1
molecola_39053,3,1,3,0.927601158618927,1
molecola_39053,4,0,4,0.031172560527920723,0
molecola_39053,5,0,5,0.02586006000638008,0
molecola_39053,6,0,6,0.012905399315059185,0
molecola_39053,7,0,7,0.027362775057554245,0
molecola_39053,8,0,8,0.0867001935839653,0
molecola_39053,9,0,9,0.005060471128672361,0
molecola_39053,10,0,10,0.007810587529093027,0
molecola_39053,11,0,11,0.03332408890128136,0
molecola_39053,12,0,12,0.007910756394267082,0
molecola_39053,13,0,13,0.0036241605412214994,0
molecola_39053,14,0,14,0.0021632337011396885,0
molecola_39053,15,0,15,0.0033109651412814856,0
molecola_39053,16,0,16,0.0016182053368538618,0
molecola_39053,17,0,17,0.005539633799344301,0
molecola_39053,18,0,18,0.011995737440884113,0
molecola_39053,19,0,19,0.008927705697715282,0
molecola_39053,20,0,20,0.0040391418151557446,0
molecola_39053,21,0,21,0.002675826894119382,0
molecola_39053,22,0,22,0.002063444582745433,0
molecola_39053,23,0,23,0.005862316582351923,0
molecola_39053,24,0,24,0.013886169530451298,0
molecola_39053,25,0,25,0.0017452118918299675,0
molecola_39053,26,0,26,0.0015347880544140935,0
molecola_39053,27,0,27,0.0015347880544140935,0
molecola_39053,28,0,28,0.0015347880544140935,0
molecola_39053,29,1,29,0.9818837642669678,1
molecola_39053,30,0,30,0.8926085829734802,1
molecola_39053,31,1,31,0.8926085829734802,1
molecola_39100,1,0,1,0.006368095055222511,0
molecola_39100,2,0,2,0.005804997403174639,0
molecola_39100,3,0,3,0.23748981952667236,0
molecola_39100,4,0,4,0.005804997403174639,0
molecola_39100,5,0,5,0.006368095055222511,0
molecola_39100,6,0,6,0.01065894030034542,0
molecola_39100,7,0,7,0.009214279241859913,0
molecola_39100,8,0,8,0.4560353457927704,0
molecola_39100,9,0,9,0.0038037423510104418,0
molecola_39100,10,0,10,0.011465332470834255,0
molecola_39100,11,0,11,0.0039057526737451553,0
molecola_39100,12,0,12,0.0037127642426639795,0
molecola_39100,13,1,13,0.9607848525047302,1
molecola_39100,14,1,14,0.976134181022644,1
molecola_39100,15,0,15,0.0020724651403725147,0
molecola_39100,16,0,16,0.0019052948337048292,0
molecola_39100,17,0,17,0.0018409595359116793,0
molecola_39100,18,0,18,0.0013613642659038305,0
molecola_39100,19,0,19,0.0014679009327664971,0
molecola_39100,20,0,20,0.012816477566957474,0
molecola_39100,21,0,21,0.08845166862010956,0
molecola_39100,22,0,22,0.10781201720237732,0
molecola_39100,23,0,23,0.015242594294250011,0
molecola_39100,24,0,24,0.0021217684261500835,0
molecola_39100,25,0,25,0.0023347116075456142,0
molecola_39100,26,0,26,0.0014550879132002592,0
molecola_39182,1,0,1,0.005344852805137634,0
molecola_39182,2,0,2,0.023454880341887474,0
molecola_39182,3,1,3,0.9647921323776245,1
molecola_39182,4,1,4,0.9728525876998901,1
molecola_39182,5,0,5,0.01354782935231924,0
molecola_39182,6,0,6,0.01815410517156124,0
molecola_39182,7,0,7,0.017681313678622246,0
molecola_39182,8,0,8,0.01271748635917902,0
molecola_39182,9,0,9,0.0022235307842493057,0
molecola_39182,10,0,10,0.0020893278997391462,0
molecola_39182,11,0,11,0.002576121361926198,0
molecola_39182,12,0,12,0.0023766658268868923,0
molecola_39182,13,0,13,0.005191823001950979,0
molecola_39182,14,0,14,0.0018743014661595225,0
molecola_39182,15,0,15,0.00982353650033474,0
molecola_39182,16,0,16,0.010004621930420399,0
molecola_39182,17,0,17,0.00843239575624466,0
molecola_39182,18,0,18,0.005434298422187567,0
molecola_39182,19,0,19,0.002068280940875411,0
molecola_39182,20,0,20,0.005355352535843849,0
molecola_39182,21,0,21,0.0014551031636074185,0
molecola_39182,22,0,22,0.0014091728953644633,0
molecola_39226,1,0,1,0.2011479139328003,0
molecola_39226,2,0,2,0.08318470418453217,0
molecola_39226,3,0,3,0.03817678615450859,0
molecola_39226,4,0,4,0.017941350117325783,0
molecola_39226,5,0,5,0.004269865807145834,0
molecola_39226,6,0,6,0.0023252677638083696,0
molecola_39226,7,0,7,0.005904885940253735,0
molecola_39226,8,0,8,0.017474669963121414,0
molecola_39226,9,0,9,0.09390251338481903,0
molecola_39226,10,0,10,0.10062800347805023,0
molecola_39226,11,0,11,0.23918281495571136,0
molecola_39226,12,0,12,0.0029611769132316113,0
molecola_39226,13,0,13,0.0019973902963101864,0
molecola_39226,14,0,14,0.0589757040143013,0
molecola_39226,15,0,15,0.5965113639831543,1
molecola_39226,16,1,16,0.863276481628418,1
molecola_39226,17,1,17,0.9822826981544495,1
molecola_39226,18,0,18,0.8889627456665039,1
molecola_39226,19,1,19,0.8889627456665039,1
molecola_39226,20,0,20,0.04254705086350441,0
molecola_39226,21,0,21,0.0020097452215850353,0
molecola_39226,22,0,22,0.0017368498956784606,0
molecola_39226,23,0,23,0.0019162747776135802,0
molecola_39226,24,0,24,0.0022548865526914597,0
molecola_39226,25,0,25,0.0027801860123872757,0
molecola_39226,26,0,26,0.0016143465181812644,0
molecola_39226,27,0,27,0.001594180939719081,0
molecola_39226,28,0,28,0.0013579335063695908,0
molecola_39226,29,0,29,0.0015819692052900791,0
molecola_39226,30,0,30,0.0019082840299233794,0
molecola_39357,1,0,1,0.09047656506299973,0
molecola_39357,2,0,2,0.041100576519966125,0
molecola_39357,3,0,3,0.06212109327316284,0
molecola_39357,4,0,4,0.07847442477941513,0
molecola_39357,5,0,5,0.07269030064344406,0
molecola_39357,6,0,6,0.056707751005887985,0
molecola_39357,7,0,7,0.009036640636622906,0
molecola_39357,8,0,8,0.0048879352398216724,0
molecola_39357,9,0,9,0.002200591377913952,0
molecola_39357,10,0,10,0.01485193707048893,0
molecola_39357,11,0,11,0.8977131843566895,1
molecola_39357,12,0,12,0.9834383130073547,1
molecola_39357,13,0,13,0.8901650309562683,1
molecola_39357,14,0,14,0.8901650309562683,1
molecola_39357,15,0,15,0.002395738149061799,0
molecola_39357,16,0,16,0.0042675333097577095,0
molecola_39357,17,0,17,0.008774562738835812,0
molecola_39357,18,0,18,0.01913311891257763,0
molecola_39357,19,0,19,0.037743598222732544,0
molecola_39357,20,0,20,0.071479432284832,0
molecola_39357,21,0,21,0.01844729110598564,0
molecola_39357,22,0,22,0.014844447374343872,0
molecola_39357,23,0,23,0.0022322935983538628,0
molecola_39357,24,0,24,0.005201856140047312,0
molecola_39357,25,0,25,0.006700336001813412,0
molecola_39357,26,0,26,0.004335925914347172,0
molecola_39357,27,0,27,0.0027722043450921774,0
molecola_39357,28,0,28,0.0035339579917490482,0
molecola_39357,29,0,29,0.045396555215120316,0
molecola_39357,30,0,30,0.0895756259560585,0
molecola_39357,31,0,31,0.6634876132011414,1
molecola_39357,32,0,32,0.06042981520295143,0
molecola_39357,33,1,33,0.9894702434539795,1
molecola_39357,34,0,34,0.6634876132011414,1
molecola_39357,35,0,35,0.0895756259560585,0
molecola_39357,36,0,36,0.01913311891257763,0
molecola_39357,37,0,37,0.008774562738835812,0
molecola_39357,38,0,38,0.07269030064344406,0
molecola_39357,39,0,39,0.07847442477941513,0
molecola_39467,1,0,1,0.2797103226184845,0
molecola_39467,2,0,2,0.10127131640911102,0
molecola_39467,3,0,3,0.02069953829050064,0
molecola_39467,4,0,4,0.003648589365184307,0
molecola_39467,5,0,5,0.0018607749370858073,0
molecola_39467,6,0,6,0.0015757837099954486,0
molecola_39467,7,0,7,0.0092996871098876,0
molecola_39467,8,0,8,0.006047198548913002,0
molecola_39467,9,0,9,0.021607570350170135,0
molecola_39467,10,0,10,0.003720490960404277,0
molecola_39467,11,0,11,0.005782885942608118,0
molecola_39467,12,0,12,0.0024336352944374084,0
molecola_39467,13,0,13,0.026107339188456535,0
molecola_39467,14,0,14,0.029716232791543007,0
molecola_39467,15,0,15,0.03921259939670563,0
molecola_39467,16,0,16,0.8336741924285889,1
molecola_39467,17,0,17,0.025561917573213577,0
molecola_39467,18,0,18,0.01794368587434292,0
molecola_39467,19,0,19,0.09757368266582489,0
molecola_39467,20,0,20,0.04729275777935982,0
molecola_39467,21,0,21,0.12504152953624725,0
molecola_39467,22,0,22,0.14457310736179352,0
molecola_39467,23,1,23,0.9835171103477478,1
molecola_39467,24,0,24,0.1268681436777115,0
molecola_39467,25,0,25,0.09440484642982483,0
molecola_39467,26,0,26,0.0185252632945776,0
molecola_39903,1,0,1,0.012167287059128284,0
molecola_39903,2,0,2,0.008922542445361614,0
molecola_39903,3,0,3,0.025591183453798294,0
molecola_39903,4,0,4,0.01702754944562912,0
molecola_39903,5,0,5,0.029168732464313507,0
molecola_39903,6,0,6,0.019175244495272636,0
molecola_39903,7,0,7,0.008322213776409626,0
molecola_39903,8,0,8,0.008450396358966827,0
molecola_39903,9,0,9,0.01520449947565794,0
molecola_39903,10,0,10,0.03970169275999069,0
molecola_39903,11,0,11,0.07230520248413086,0
molecola_39903,12,0,12,0.1170521005988121,0
molecola_39903,13,0,13,0.09004873782396317,0
molecola_39903,14,0,14,0.12133219093084335,0
molecola_39903,15,0,15,0.13343903422355652,0
molecola_39903,16,0,16,0.14069387316703796,0
molecola_39903,17,0,17,0.08172795176506042,0
molecola_39903,18,0,18,0.035897985100746155,0
molecola_39903,19,1,19,0.9891970753669739,1
molecola_39903,20,1,20,0.9622272849082947,1
molecola_39903,21,1,21,0.9622272849082947,1
molecola_40038,1,1,1,0.9704774618148804,1
molecola_40038,2,0,2,0.33007586002349854,0
molecola_40038,3,0,3,0.38625088334083557,0
molecola_40038,4,0,4,0.0741124227643013,0
molecola_40038,5,0,5,0.09638364613056183,0
molecola_40038,6,0,6,0.06964520364999771,0
molecola_40038,7,0,7,0.026532839983701706,0
molecola_40038,8,0,8,0.003528689034283161,0
molecola_40038,9,0,9,0.0018064083997160196,0
molecola_40038,10,0,10,0.001708842464722693,0
molecola_40038,11,0,11,0.008177252486348152,0
molecola_40038,12,0,12,0.020015055313706398,0
molecola_40038,13,0,13,0.06789474934339523,0
molecola_40038,14,0,14,0.020015055313706398,0
molecola_40038,15,0,15,0.008177252486348152,0
molecola_40038,16,0,16,0.11809275299310684,0
molecola_40038,17,0,17,0.20624613761901855,0
molecola_40038,18,0,18,0.23056404292583466,0
molecola_40038,19,0,19,0.4056798815727234,0
molecola_40038,20,0,20,0.4260779023170471,0
molecola_40038,21,0,21,0.39682209491729736,0
molecola_40038,22,0,22,0.3395574688911438,0
molecola_40207,1,1,1,0.9855213761329651,1
molecola_40207,2,0,2,0.14381006360054016,0
molecola_40207,3,0,3,0.3268192708492279,0
molecola_40207,4,0,4,0.07307210564613342,0
molecola_40207,5,0,5,0.018758367747068405,0
molecola_40207,6,0,6,0.0026790930423885584,0
molecola_40207,7,0,7,0.009113624691963196,0
molecola_40207,8,0,8,0.007060301024466753,0
molecola_40207,9,0,9,0.006849571131169796,0
molecola_40207,10,0,10,0.025064706802368164,0
molecola_40207,11,0,11,0.034334324300289154,0
molecola_40207,12,0,12,0.032812099903821945,0
molecola_40207,13,0,13,0.05861283466219902,0
molecola_40207,14,0,14,0.05594634264707565,0
molecola_40207,15,0,15,0.04362770915031433,0
molecola_40207,16,0,16,0.0480225645005703,0
molecola_40207,17,0,17,0.05754921957850456,0
molecola_40207,18,0,18,0.019576499238610268,0
molecola_40207,19,0,19,0.03440520167350769,0
molecola_40207,20,0,20,0.025391187518835068,0
molecola_40207,21,0,21,0.011458546854555607,0
molecola_40207,22,0,22,0.0048028756864368916,0
molecola_40207,23,0,23,0.0024427419994026423,0
molecola_40207,24,0,24,0.008467448875308037,0
molecola_40207,25,0,25,0.009456055238842964,0
molecola_40207,26,0,26,0.007060301024466753,0
molecola_40207,27,0,27,0.009113624691963196,0
molecola_40207,28,0,28,0.01441281195729971,0
molecola_40207,29,0,29,0.02571324072778225,0
molecola_40207,30,0,30,0.07376058399677277,0
molecola_40207,31,0,31,0.10272271186113358,0
molecola_40207,32,0,32,0.2979947328567505,0
molecola_40326,1,0,1,0.05443767085671425,0
molecola_40326,2,0,2,0.07747709006071091,0
molecola_40326,3,0,3,0.03628236800432205,0
molecola_40326,4,0,4,0.014618417248129845,0
molecola_40326,5,0,5,0.005664754193276167,0
molecola_40326,6,0,6,0.004476481582969427,0
molecola_40326,7,0,7,0.0022635466884821653,0
molecola_40326,8,0,8,0.01297159492969513,0
molecola_40326,9,0,9,0.15696002542972565,0
molecola_40326,10,0,10,0.026912778615951538,0
molecola_40326,11,0,11,0.46809259057044983,0
molecola_40326,12,0,12,0.038615062832832336,0
molecola_40326,13,0,13,0.04591063782572746,0
molecola_40326,14,0,14,0.011481535620987415,0
molecola_40326,15,0,15,0.004729035776108503,0
molecola_40326,16,0,16,0.0024784058332443237,0
molecola_40326,17,0,17,0.02881881408393383,0
molecola_40326,18,0,18,0.02147316001355648,0
molecola_40326,19,0,19,0.007195055019110441,0
molecola_40326,20,0,20,0.007745598908513784,0
molecola_40326,21,0,21,0.002776762470602989,0
molecola_40326,22,0,22,0.002471823478117585,0
molecola_40326,23,1,23,0.9683364629745483,1
molecola_40326,24,1,24,0.9773513078689575,1
molecola_40326,25,0,25,0.0026353634893894196,0
molecola_40326,26,0,26,0.0017646972555667162,0
molecola_40326,27,0,27,0.001912852399982512,0
molecola_40326,28,0,28,0.023564357310533524,0
molecola_40326,29,0,29,0.09828218817710876,0
molecola_40328,1,0,1,0.0018152256961911917,0
molecola_40328,2,0,2,0.014196797274053097,0
molecola_40328,3,0,3,0.001925061922520399,0
molecola_40328,4,0,4,0.001925061922520399,0
molecola_40328,5,0,5,0.0031046101357787848,0
molecola_40328,6,0,6,0.0034102466888725758,0
molecola_40328,7,0,7,0.002346301218494773,0
molecola_40328,8,0,8,0.0014818946365267038,0
molecola_40328,9,0,9,0.0021285475231707096,0
molecola_40328,10,0,10,0.0017395017202943563,0
molecola_40328,11,0,11,0.04032846912741661,0
molecola_40328,12,0,12,0.03169448301196098,0
molecola_40328,13,0,13,0.07348671555519104,0
molecola_40328,14,0,14,0.0897153988480568,0
molecola_40328,15,1,15,0.9762638807296753,1
molecola_40328,16,0,16,0.04036353528499603,0
molecola_40328,17,0,17,0.006754765752702951,0
molecola_40328,18,0,18,0.009838724508881569,0
molecola_40328,19,0,19,0.0036521032452583313,0
molecola_40328,20,0,20,0.021536534652113914,0
molecola_40328,21,0,21,0.07678321748971939,0
molecola_40328,22,0,22,0.11846957355737686,0
molecola_40328,23,0,23,0.1319563239812851,0
molecola_40328,24,0,24,0.13214482367038727,0
molecola_40328,25,0,25,0.07995323091745377,0
molecola_40328,26,0,26,0.0015374105423688889,0
molecola_40328,27,0,27,0.0015883272280916572,0
molecola_40328,28,0,28,0.0019101323559880257,0
molecola_40419,1,0,1,0.124909408390522,0
molecola_40419,2,0,2,0.047046344727277756,0
molecola_40419,3,0,3,0.09883364289999008,0
molecola_40419,4,0,4,0.010256034322082996,0
molecola_40419,5,0,5,0.0024453680962324142,0
molecola_40419,6,0,6,0.0021146386861801147,0
molecola_40419,7,0,7,0.002787837525829673,0
molecola_40419,8,0,8,0.0024512363597750664,0
molecola_40419,9,0,9,0.005829814821481705,0
molecola_40419,10,0,10,0.005301892291754484,0
molecola_40419,11,0,11,0.008525071665644646,0
molecola_40419,12,0,12,0.004691115114837885,0
molecola_40419,13,0,13,0.004691115114837885,0
molecola_40419,14,0,14,0.0021460452117025852,0
molecola_40419,15,0,15,0.032188061624765396,0
molecola_40419,16,0,16,0.11724144965410233,0
molecola_40419,17,0,17,0.10760259628295898,0
molecola_40419,18,0,18,0.019710319116711617,0
molecola_40419,19,0,19,0.0023376799654215574,0
molecola_40419,20,0,20,0.0030923751182854176,0
molecola_40419,21,0,21,0.016043292358517647,0
molecola_40419,22,0,22,0.07170487195253372,0
molecola_40419,23,0,23,0.1602543741464615,0
molecola_40419,24,1,24,0.9836297631263733,1
molecola_42511,1,1,1,0.9678023457527161,1
molecola_42511,2,1,2,0.9538515210151672,1
molecola_42511,3,0,3,0.07854695618152618,0
molecola_42511,4,0,4,0.023183993995189667,0
molecola_42511,5,0,5,0.009961039759218693,0
molecola_42511,6,0,6,0.001977745909243822,0
molecola_42511,7,0,7,0.01273574773222208,0
molecola_42511,8,0,8,0.020370295271277428,0
molecola_42511,9,0,9,0.03521759435534477,0
molecola_42511,10,0,10,0.010781128890812397,0
molecola_42511,11,0,11,0.005026298109441996,0
molecola_42511,12,0,12,0.001990220043808222,0
molecola_42511,13,0,13,0.005532593000680208,0
molecola_42511,14,0,14,0.010129951871931553,0
molecola_42511,15,0,15,0.07977721840143204,0
molecola_42511,16,0,16,0.13292422890663147,0
molecola_42511,17,0,17,0.07977721840143204,0
molecola_42511,18,0,18,0.010129951871931553,0
molecola_42511,19,0,19,0.005532593000680208,0
molecola_42511,20,0,20,0.010129951871931553,0
molecola_42511,21,0,21,0.07977721840143204,0
molecola_42511,22,0,22,0.13292422890663147,0
molecola_42511,23,0,23,0.07977721840143204,0
molecola_42511,24,0,24,0.010129951871931553,0
molecola_4295,1,0,1,0.07046529650688171,0
molecola_4295,2,1,2,0.6545247435569763,1
molecola_4295,3,0,3,0.045840341597795486,0
molecola_4295,4,0,4,0.03080173209309578,0
molecola_4295,5,0,5,0.021514752879738808,0
molecola_4295,6,0,6,0.04342276602983475,0
molecola_4295,7,0,7,0.04926515370607376,0
molecola_4295,8,0,8,0.02280598133802414,0
molecola_4295,9,0,9,0.018289247527718544,0
molecola_4295,10,0,10,0.009643393568694592,0
molecola_4295,11,0,11,0.01605808362364769,0
molecola_4295,12,0,12,0.006348630879074335,0
molecola_4295,13,0,13,0.001975488383322954,0
molecola_4295,14,0,14,0.002490209648385644,0
molecola_4295,15,0,15,0.001838775584474206,0
molecola_4295,16,0,16,0.007071387488394976,0
molecola_4295,17,0,17,0.0038614938966929913,0
molecola_4295,18,0,18,0.03974124416708946,0
molecola_4295,19,1,19,0.10510260611772537,0
molecola_4295,20,1,20,0.13398855924606323,0
molecola_4295,21,1,21,0.10510260611772537,0
molecola_4295,22,0,22,0.03974124416708946,0
molecola_43102,1,0,1,0.018641632050275803,0
molecola_43102,2,0,2,0.011255444958806038,0
molecola_43102,3,0,3,0.06448723375797272,0
molecola_43102,4,0,4,0.12595723569393158,0
molecola_43102,5,0,5,0.1228284016251564,0
molecola_43102,6,0,6,0.050371602177619934,0
molecola_43102,7,0,7,0.045389581471681595,0
molecola_43102,8,0,8,0.030568232759833336,0
molecola_43102,9,0,9,0.06995005905628204,0
molecola_43102,10,0,10,0.023310866206884384,0
molecola_43102,11,0,11,0.057630665600299835,0
molecola_43102,12,0,12,0.056741759181022644,0
molecola_43102,13,0,13,0.04588018357753754,0
molecola_43102,14,0,14,0.009213478304445744,0
molecola_43102,15,0,15,0.018486596643924713,0
molecola_43102,16,0,16,0.09654024243354797,0
molecola_43102,17,0,17,0.0030457477550953627,0
molecola_43102,18,1,18,0.9625453948974609,1
molecola_43102,19,1,19,0.9782848954200745,1
molecola_43102,20,0,20,0.005940477829426527,0
molecola_43102,21,0,21,0.061619509011507034,0
molecola_43102,22,0,22,0.2766335606575012,0
molecola_43102,23,0,23,0.18232251703739166,0
molecola_43102,24,0,24,0.007164402399212122,0
molecola_43102,25,0,25,0.005318220239132643,0
molecola_435,1,0,1,0.10226934403181076,0
molecola_435,2,0,2,0.04932354763150215,0
molecola_435,3,0,3,0.0072951666079461575,0
molecola_435,4,0,4,0.006064048036932945,0
molecola_435,5,0,5,0.0024713026359677315,0
molecola_435,6,0,6,0.018103361129760742,0
molecola_435,7,1,7,0.9714032411575317,1
molecola_435,8,1,8,0.9719118475914001,1
molecola_435,9,0,9,0.024678176268935204,0
molecola_435,10,1,10,0.9633257389068604,1
molecola_435,11,1,11,0.8926418423652649,1
molecola_435,12,1,12,0.9626182913780212,1
molecola_435,13,0,13,0.057281918823719025,0
molecola_435,14,0,14,0.04330722615122795,0
molecola_435,15,0,15,0.12458199262619019,0
molecola_435,16,0,16,0.05001063644886017,0
molecola_435,17,0,17,0.023949794471263885,0
molecola_435,18,0,18,0.015080515295267105,0
molecola_435,19,0,19,0.023949794471263885,0
molecola_435,20,0,20,0.05001063644886017,0
molecola_435,21,0,21,0.00528394989669323,0
molecola_435,22,0,22,0.013984900899231434,0
molecola_435,23,0,23,0.00528394989669323,0
molecola_435,24,0,24,0.013984900899231434,0
molecola_44876,1,0,1,0.3608090877532959,0
molecola_44876,2,0,2,0.28763547539711,0
molecola_44876,3,0,3,0.12267445772886276,0
molecola_44876,4,0,4,0.01793997921049595,0
molecola_44876,5,0,5,0.05765100568532944,0
molecola_44876,6,0,6,0.005283726379275322,0
molecola_44876,7,0,7,0.013000516220927238,0
molecola_44876,8,0,8,0.13618382811546326,0
molecola_44876,9,0,9,0.017288295552134514,0
molecola_44876,10,0,10,0.01133016124367714,0
molecola_44876,11,0,11,0.004585037007927895,0
molecola_44876,12,0,12,0.04059300944209099,0
molecola_44876,13,0,13,0.010981016792356968,0
molecola_44876,14,0,14,0.006061573978513479,0
molecola_44876,15,0,15,0.0040027848444879055,0
molecola_44876,16,0,16,0.003547037485986948,0
molecola_44876,17,0,17,0.08783312141895294,0
molecola_44876,18,0,18,0.05529442057013512,0
molecola_44876,19,1,19,0.9885088801383972,1
molecola_44876,20,0,20,0.4084392189979553,0
molecola_44876,21,0,21,0.14409512281417847,0
molecola_44876,22,0,22,0.030571499839425087,0
molecola_44876,23,0,23,0.0038715859409421682,0
molecola_45025,1,0,1,0.0015858066035434604,0
molecola_45025,2,0,2,0.004682138096541166,0
molecola_45025,3,0,3,0.043574459850788116,0
molecola_45025,4,1,4,0.96851646900177,1
molecola_45025,5,1,5,0.9750342965126038,1
molecola_45025,6,0,6,0.0027010643389075994,0
molecola_45025,7,0,7,0.005234879441559315,0
molecola_45025,8,0,8,0.0024175557773560286,0
molecola_45025,9,0,9,0.004647939465939999,0
molecola_45025,10,0,10,0.0029709916561841965,0
molecola_45025,11,0,11,0.002082633785903454,0
molecola_46268,1,0,1,0.48616471886634827,0
molecola_46268,2,0,2,0.4397200644016266,0
molecola_46268,3,0,3,0.5171114802360535,1
molecola_46268,4,0,4,0.9557245969772339,1
molecola_46268,5,0,5,0.9514791965484619,1
molecola_46268,6,0,6,0.2587483525276184,0
molecola_46268,7,0,7,0.2453232854604721,0
molecola_46268,8,0,8,0.9503672122955322,1
molecola_46268,9,0,9,0.9519525766372681,1
molecola_46268,10,0,10,0.6237269043922424,1
molecola_46268,11,0,11,0.47765839099884033,0
molecola_46268,12,0,12,0.48446497321128845,0
molecola_46268,13,1,13,0.9621059894561768,1
molecola_46268,14,1,14,0.9602799415588379,1
molecola_46268,15,0,15,0.6206253170967102,1
molecola_46268,16,0,16,0.10828256607055664,0
molecola_46268,17,0,17,0.5933677554130554,1
molecola_46268,18,0,18,0.8838706612586975,1
molecola_46268,19,0,19,0.6263235211372375,1
molecola_46268,20,0,20,0.12336227297782898,0
molecola_46268,21,0,21,0.9823924899101257,1
molecola_46268,22,0,22,0.8930450677871704,1
molecola_46268,23,0,23,0.8930450677871704,1
molecola_46926,1,1,1,0.96030193567276,1
molecola_46926,2,1,2,0.9885745644569397,1
molecola_46926,3,0,3,0.96030193567276,1
molecola_46926,4,0,4,0.023039238527417183,0
molecola_46926,5,0,5,0.009342777542769909,0
molecola_46926,6,0,6,0.002005499554798007,0
molecola_46926,7,0,7,0.001895948895253241,0
molecola_46926,8,0,8,0.0015916010597720742,0
molecola_46926,9,0,9,0.01077072974294424,0
molecola_46926,10,0,10,0.005351736675947905,0
molecola_46926,11,0,11,0.004568812903016806,0
molecola_46926,12,0,12,0.0043364898301661015,0
molecola_46926,13,0,13,0.013291655108332634,0
molecola_46926,14,0,14,0.1159350574016571,0
molecola_46926,15,0,15,0.01277296245098114,0
molecola_46926,16,0,16,0.009057613089680672,0
molecola_46926,17,0,17,0.00593338068574667,0
molecola_46926,18,0,18,0.024977706372737885,0
molecola_46926,19,0,19,0.09846743941307068,0
molecola_46926,20,0,20,0.133992001414299,0
molecola_46926,21,0,21,0.09846743941307068,0
molecola_46926,22,0,22,0.024977706372737885,0
molecola_46926,23,0,23,0.03627489507198334,0
molecola_46926,24,0,24,0.03172679618000984,0
molecola_46926,25,0,25,0.022847533226013184,0
molecola_46926,26,0,26,0.013377314433455467,0
molecola_46926,27,0,27,0.0853458046913147,0
molecola_46926,28,0,28,0.0017393510788679123,0
molecola_46926,29,0,29,0.001555639668367803,0
molecola_46926,30,0,30,0.001555639668367803,0
molecola_46926,31,0,31,0.001555639668367803,0
molecola_48144,1,0,1,0.039730533957481384,0
molecola_48144,2,0,2,0.038472115993499756,0
molecola_48144,3,0,3,0.03941859304904938,0
molecola_48144,4,0,4,0.014628751203417778,0
molecola_48144,5,0,5,0.0023317369632422924,0
molecola_48144,6,0,6,0.003098353510722518,0
molecola_48144,7,0,7,0.01850503496825695,0
molecola_48144,8,1,8,0.1541120857000351,0
molecola_48144,9,0,9,0.08384615182876587,0
molecola_48144,10,1,10,0.9873663187026978,1
molecola_48144,11,1,11,0.5448204874992371,1
molecola_48144,12,0,12,0.05388396978378296,0
molecola_48144,13,0,13,0.009956431575119495,0
molecola_48144,14,0,14,0.002982552396133542,0
molecola_48144,15,0,15,0.024327214807271957,0
molecola_48144,16,0,16,0.061599001288414,0
molecola_48144,17,0,17,0.6306259632110596,1
molecola_48144,18,0,18,0.061599001288414,0
molecola_48144,19,0,19,0.024327214807271957,0
molecola_48144,20,0,20,0.002364861313253641,0
molecola_48144,21,0,21,0.00483296811580658,0
molecola_48144,22,0,22,0.011822972446680069,0
molecola_48326,1,1,1,0.9599189758300781,1
molecola_48326,2,1,2,0.9880585074424744,1
molecola_48326,3,1,3,0.9599189758300781,1
molecola_48326,4,0,4,0.02153640426695347,0
molecola_48326,5,0,5,0.012017441913485527,0
molecola_48326,6,0,6,0.004128443542867899,0
molecola_48326,7,0,7,0.14902986586093903,0
molecola_48326,8,0,8,0.005910928826779127,0
molecola_48326,9,0,9,0.03659017011523247,0
molecola_48326,10,0,10,0.12752124667167664,0
molecola_48326,11,0,11,0.10002553462982178,0
molecola_48326,12,0,12,0.03834924474358559,0
molecola_48326,13,0,13,0.0026867648120969534,0
molecola_48326,14,0,14,0.0017371483845636249,0
molecola_48326,15,0,15,0.005090000107884407,0
molecola_48326,16,0,16,0.04330188035964966,0
molecola_48326,17,0,17,0.12009496241807938,0
molecola_48326,18,0,18,0.1091947928071022,0
molecola_48326,19,0,19,0.04411710053682327,0
molecola_48326,20,0,20,0.010939478874206543,0
molecola_48604,1,0,1,0.09147629886865616,0
molecola_48604,2,0,2,0.0335686169564724,0
molecola_48604,3,0,3,0.04742330685257912,0
molecola_48604,4,0,4,0.04515329748392105,0
molecola_48604,5,0,5,0.04709743335843086,0
molecola_48604,6,0,6,0.017607903108000755,0
molecola_48604,7,0,7,0.016916388645768166,0
molecola_48604,8,0,8,0.008071621879935265,0
molecola_48604,9,0,9,0.004220189992338419,0
molecola_48604,10,0,10,0.004957837052643299,0
molecola_48604,11,0,11,0.010364227928221226,0
molecola_48604,12,0,12,0.013571913354098797,0
molecola_48604,13,0,13,0.005816208198666573,0
molecola_48604,14,0,14,0.004236927255988121,0
molecola_48604,15,0,15,0.006227522157132626,0
molecola_48604,16,0,16,0.020357586443424225,0
molecola_48604,17,0,17,0.012947221286594868,0
molecola_48604,18,0,18,0.042385440319776535,0
molecola_48604,19,0,19,0.011755568906664848,0
molecola_48604,20,0,20,0.009557634592056274,0
molecola_48604,21,0,21,0.009925930760800838,0
molecola_48604,22,0,22,0.0024638460017740726,0
molecola_48604,23,0,23,0.0019215497886762023,0
molecola_48604,24,0,24,0.0024638460017740726,0
molecola_48604,25,0,25,0.009925930760800838,0
molecola_48604,26,0,26,0.001917453482747078,0
molecola_48604,27,0,27,0.0017139095580205321,0
molecola_48604,28,0,28,0.12219442427158356,0
molecola_48604,29,0,29,0.20570991933345795,0
molecola_48604,30,0,30,0.8183635473251343,1
molecola_48604,31,1,31,0.9826257228851318,1
molecola_48604,32,0,32,0.8899544477462769,1
molecola_48604,33,1,33,0.8899544477462769,1
molecola_48604,34,0,34,0.0060714189894497395,0
molecola_48604,35,0,35,0.002856417093425989,0
molecola_48604,36,0,36,0.0036211488768458366,0
molecola_48604,37,0,37,0.0016357095446437597,0
molecola_48604,38,0,38,0.0022686924785375595,0
molecola_48604,39,0,39,0.0036211488768458366,0
molecola_48604,40,0,40,0.0016357095446437597,0
molecola_48604,41,0,41,0.002856417093425989,0
molecola_48670,1,0,1,0.07529070973396301,0
molecola_48670,2,0,2,0.02892705798149109,0
molecola_48670,3,0,3,0.024089433252811432,0
molecola_48670,4,0,4,0.06274477392435074,0
molecola_48670,5,0,5,0.5090299248695374,1
molecola_48670,6,0,6,0.0942421555519104,0
molecola_48670,7,0,7,0.12258816510438919,0
molecola_48670,8,0,8,0.3673979640007019,0
molecola_48670,9,0,9,0.0027267583645880222,0
molecola_48670,10,0,10,0.013984085991978645,0
molecola_48670,11,0,11,0.08998637646436691,0
molecola_48670,12,0,12,0.13090285658836365,0
molecola_48670,13,0,13,0.0439029261469841,0
molecola_48670,14,0,14,0.019632110372185707,0
molecola_48670,15,0,15,0.02045966498553753,0
molecola_48670,16,0,16,0.08906681090593338,0
molecola_48670,17,0,17,0.054394952952861786,0
molecola_48670,18,0,18,0.09258527308702469,0
molecola_48670,19,0,19,0.05789198726415634,0
molecola_48670,20,0,20,0.1887604296207428,0
molecola_48670,21,0,21,0.49173402786254883,0
molecola_48670,22,0,22,0.12266855686903,0
molecola_48670,23,1,23,0.9891840219497681,1
molecola_48670,24,0,24,0.5171186923980713,1
molecola_48670,25,0,25,0.20281651616096497,0
molecola_48670,26,0,26,0.16590110957622528,0
molecola_48670,27,0,27,0.011850914917886257,0
molecola_48670,28,0,28,0.015504484996199608,0
molecola_48670,29,0,29,0.11664234846830368,0
molecola_48670,30,0,30,0.15938983857631683,0
molecola_48670,31,0,31,0.11664307862520218,0
molecola_48728,1,0,1,0.001551796798594296,0
molecola_48728,2,0,2,0.007960397750139236,0
molecola_48728,3,0,3,0.2474074810743332,0
molecola_48728,4,0,4,0.7773634791374207,1
molecola_48728,5,0,5,0.9743189215660095,1
molecola_48728,6,0,6,0.9696851968765259,1
molecola_48728,7,0,7,0.7773634791374207,1
molecola_48728,8,0,8,0.2474074810743332,0
molecola_48728,9,0,9,0.0029305790085345507,0
molecola_48728,10,0,10,0.002090093679726124,0
molecola_48728,11,0,11,0.0112783657386899,0
molecola_48728,12,0,12,0.005960023496299982,0
molecola_48728,13,0,13,0.03472255542874336,0
molecola_48728,14,0,14,0.17767132818698883,0
molecola_48728,15,0,15,0.09154009819030762,0
molecola_48728,16,1,16,0.9821338057518005,1
molecola_48728,17,0,17,0.02187221124768257,0
molecola_48728,18,0,18,0.002152416156604886,0
molecola_48728,19,0,19,0.002077047945931554,0
molecola_48728,20,0,20,0.001664891722612083,0
molecola_49648,1,0,1,0.11025843024253845,0
molecola_49648,2,0,2,0.5856622457504272,1
molecola_49648,3,0,3,0.19690798223018646,0
molecola_49648,4,0,4,0.002216266468167305,0
molecola_49648,5,0,5,0.0023040419910103083,0
molecola_49648,6,0,6,0.011166178621351719,0
molecola_49648,7,0,7,0.012633172795176506,0
molecola_49648,8,0,8,0.0026515056379139423,0
molecola_49648,9,1,9,0.06146572530269623,0
molecola_49648,10,0,10,0.024880222976207733,0
molecola_49648,11,0,11,0.018111437559127808,0
molecola_49648,12,1,12,0.08432548493146896,0
molecola_49648,13,0,13,0.00570404389873147,0
molecola_49648,14,0,14,0.0015270595904439688,0
molecola_49648,15,0,15,0.001536475494503975,0
molecola_49648,16,0,16,0.004223193041980267,0
molecola_49648,17,0,17,0.00142857083119452,0
molecola_49648,18,0,18,0.956465482711792,1
molecola_49648,19,0,19,0.9492356181144714,1
molecola_49648,20,0,20,0.01747131533920765,0
molecola_49648,21,0,21,0.02714509330689907,0
molecola_49648,22,0,22,0.0022251552436500788,0
molecola_49648,23,0,23,0.9119998216629028,1
molecola_49648,24,0,24,0.9518929719924927,1
molecola_49648,25,1,25,0.9496216177940369,1
molecola_49648,26,1,26,0.923510730266571,1
molecola_49648,27,0,27,0.917433500289917,1
molecola_49648,28,0,28,0.9660805463790894,1
molecola_497,1,1,1,0.9767664670944214,1
molecola_497,2,1,2,0.9654683470726013,1
molecola_497,3,0,3,0.05514790490269661,0
molecola_497,4,0,4,0.0033090803772211075,0
molecola_497,5,0,5,0.002830693032592535,0
molecola_497,6,0,6,0.0063095916993916035,0
molecola_497,7,0,7,0.018845517188310623,0
molecola_497,8,0,8,0.03711580112576485,0
molecola_497,9,0,9,0.01463029719889164,0
molecola_497,10,0,10,0.01992165297269821,0
molecola_497,11,0,11,0.006315280217677355,0
molecola_497,12,0,12,0.005716497078537941,0
molecola_497,13,0,13,0.025027142837643623,0
molecola_497,14,0,14,0.09844867140054703,0
molecola_497,15,0,15,0.13393768668174744,0
molecola_497,16,0,16,0.09844867140054703,0
molecola_497,17,0,17,0.025027142837643623,0
molecola_497,18,0,18,0.03711580112576485,0
molecola_497,19,0,19,0.018845517188310623,0
molecola_497,20,0,20,0.002236708765849471,0
molecola_497,21,0,21,0.026579169556498528,0
molecola_497,22,0,22,0.10622724890708923,0
molecola_497,23,0,23,0.11599098145961761,0
molecola_497,24,0,24,0.036721162497997284,0
molecola_497,25,0,25,0.0024410192854702473,0
molecola_497,26,0,26,0.0016689806943759322,0
molecola_50245,1,1,1,0.8887270092964172,1
molecola_50245,2,1,2,0.9836403727531433,1
molecola_50245,3,1,3,0.8887270092964172,1
molecola_50245,4,1,4,0.9098383784294128,1
molecola_50245,5,0,5,0.02287101373076439,0
molecola_50245,6,0,6,0.003123883157968521,0
molecola_50245,7,0,7,0.004344464745372534,0
molecola_50245,8,0,8,0.0020399224013090134,0
molecola_50245,9,0,9,0.0019513986771926284,0
molecola_50245,10,0,10,0.0020487860310822725,0
molecola_50245,11,0,11,0.002624442335218191,0
molecola_50245,12,0,12,0.0072699254378676414,0
molecola_50245,13,0,13,0.006421531084924936,0
molecola_50245,14,0,14,0.006848838180303574,0
molecola_50245,15,0,15,0.003577483119443059,0
molecola_50245,16,0,16,0.001728746690787375,0
molecola_50245,17,0,17,0.001681008841842413,0
molecola_50245,18,0,18,0.002729593077674508,0
molecola_50245,19,0,19,0.004601259250193834,0
molecola_50245,20,0,20,0.0026589606422930956,0
molecola_50245,21,0,21,0.00737405102699995,0
molecola_50245,22,0,22,0.004435108508914709,0
molecola_50245,23,0,23,0.0032085306011140347,0
molecola_50245,24,0,24,0.001618834096007049,0
molecola_50245,25,0,25,0.001857670722529292,0
molecola_50245,26,0,26,0.002383714308962226,0
molecola_51628,1,0,1,0.10492811352014542,0
molecola_51628,2,0,2,0.6103646159172058,1
molecola_51628,3,0,3,0.002360205166041851,0
molecola_51628,4,0,4,0.16219323873519897,0
molecola_51628,5,0,5,0.7536816596984863,1
molecola_51628,6,1,6,0.9782564640045166,1
molecola_51628,7,1,7,0.9716476202011108,1
molecola_51628,8,0,8,0.881671130657196,1
molecola_51628,9,0,9,0.03281715512275696,0
molecola_51628,10,0,10,0.0017129771877080202,0
molecola_51628,11,0,11,0.0013195869978517294,0
molecola_51628,12,0,12,0.008194786496460438,0
molecola_51628,13,0,13,0.06211819499731064,0
molecola_51628,14,0,14,0.10393231362104416,0
molecola_51628,15,0,15,0.022984923794865608,0
molecola_51628,16,0,16,0.0017334552248939872,0
molecola_51628,17,0,17,0.0016063781222328544,0
molecola_5190,1,0,1,0.003185754409059882,0
molecola_5190,2,0,2,0.0031636953353881836,0
molecola_5190,3,0,3,0.002906244480982423,0
molecola_5190,4,0,4,0.002194139873608947,0
molecola_5190,5,0,5,0.0018449313938617706,0
molecola_5190,6,0,6,0.0023702539037913084,0
molecola_5190,7,0,7,0.001652552979066968,0
molecola_5190,8,0,8,0.9746986031532288,1
molecola_5190,9,0,9,0.9794062972068787,1
molecola_5190,10,0,10,0.0015813210047781467,0
molecola_5190,11,0,11,0.0012475354596972466,0
molecola_5190,12,0,12,0.0014612727100029588,0
molecola_5190,13,0,13,0.002295746235176921,0
molecola_5190,14,0,14,0.002559205051511526,0
molecola_5190,15,0,15,0.02473606914281845,0
molecola_5190,16,0,16,0.9034245014190674,1
molecola_5190,17,1,17,0.9830042123794556,1
molecola_5190,18,0,18,0.8897302150726318,1
molecola_5190,19,1,19,0.8897302150726318,1
molecola_5202,1,1,1,0.9753319621086121,1
molecola_5202,2,0,2,0.1252381056547165,0
molecola_5202,3,0,3,0.17326106131076813,0
molecola_5202,4,0,4,0.1252381056547165,0
molecola_5202,5,0,5,0.9753319621086121,1
molecola_5202,6,0,6,0.21011371910572052,0
molecola_5202,7,0,7,0.1803920418024063,0
molecola_5202,8,0,8,0.18593907356262207,0
molecola_5202,9,0,9,0.06295609474182129,0
molecola_5202,10,0,10,0.17118695378303528,0
molecola_5202,11,0,11,0.1830650120973587,0
molecola_5202,12,0,12,0.47708508372306824,0
molecola_5202,13,0,13,0.10792956501245499,0
molecola_5202,14,1,14,0.9767962694168091,1
molecola_5202,15,0,15,0.3973434269428253,0
molecola_5202,16,0,16,0.9580104947090149,1
molecola_5202,17,0,17,0.15463776886463165,0
molecola_5202,18,0,18,0.21011371910572052,0
molecola_52523,1,0,1,0.0016554128378629684,0
molecola_52523,2,0,2,0.0021290569566190243,0
molecola_52523,3,0,3,0.003376617096364498,0
molecola_52523,4,0,4,0.009607510641217232,0
molecola_52523,5,0,5,0.002850515069440007,0
molecola_52523,6,0,6,0.14924366772174835,0
molecola_52523,7,1,7,0.7326281070709229,1
molecola_52523,8,1,8,0.7934147715568542,1
molecola_52523,9,1,9,0.9788386225700378,1
molecola_52523,10,1,10,0.9719716310501099,1
molecola_52523,11,1,11,0.7633522152900696,1
molecola_52523,12,0,12,0.2232951670885086,0
molecola_52523,13,0,13,0.08430871367454529,0
molecola_52523,14,0,14,0.014746200293302536,0
molecola_52523,15,0,15,0.0029557787347584963,0
molecola_52523,16,0,16,0.0021445490419864655,0
molecola_52523,17,0,17,0.07529890537261963,0
molecola_52523,18,0,18,0.08328992128372192,0
molecola_52523,19,0,19,0.9324197769165039,1
molecola_52523,20,0,20,0.9480170011520386,1
molecola_52523,21,0,21,0.18654237687587738,0
molecola_52523,22,0,22,0.25331008434295654,0
molecola_53143,1,0,1,0.023881888017058372,0
molecola_53143,2,0,2,0.015878411009907722,0
molecola_53143,3,0,3,0.03301689773797989,0
molecola_53143,4,0,4,0.037511520087718964,0
molecola_53143,5,0,5,0.09954144060611725,0
molecola_53143,6,1,6,0.9366493225097656,1
molecola_53143,7,0,7,0.07378052175045013,0
molecola_53143,8,1,8,0.9331348538398743,1
molecola_53143,9,0,9,0.2088673710823059,0
molecola_53143,10,0,10,0.2552420198917389,0
molecola_53143,11,0,11,0.023881888017058372,0
molecola_53351,1,0,1,0.9448608756065369,1
molecola_53351,2,0,2,0.9150031805038452,1
molecola_53351,3,0,3,0.8212692737579346,1
molecola_53351,4,0,4,0.8403838276863098,1
molecola_53351,5,0,5,0.6738344430923462,1
molecola_53351,6,0,6,0.11228591948747635,0
molecola_53351,7,0,7,0.16730962693691254,0
molecola_53351,8,0,8,0.12776577472686768,0
molecola_53351,9,1,9,0.9684812426567078,1
molecola_53351,10,0,10,0.07251525670289993,0
molecola_53351,11,0,11,0.061711058020591736,0
molecola_53351,12,0,12,0.11792286485433578,0
molecola_53351,13,0,13,0.12174145877361298,0
molecola_53351,14,0,14,0.07983244210481644,0
molecola_53351,15,0,15,0.009244653396308422,0
molecola_53351,16,1,16,0.9021080732345581,1
molecola_53351,17,0,17,0.8506063222885132,1
molecola_53351,18,1,18,0.8506063222885132,1
molecola_5340,1,1,1,0.9894702434539795,1
molecola_5340,2,0,2,0.06041683629155159,0
molecola_5340,3,0,3,0.6630029082298279,1
molecola_5340,4,0,4,0.08258578181266785,0
molecola_5340,5,0,5,0.034923259168863297,0
molecola_5340,6,0,6,0.08258578181266785,0
molecola_5340,7,0,7,0.6630029082298279,1
molecola_5340,8,0,8,0.006220007315278053,0
molecola_5340,9,0,9,0.01282231230288744,0
molecola_5340,10,0,10,0.029590599238872528,0
molecola_5340,11,0,11,0.1365182250738144,0
molecola_5340,12,0,12,0.22226376831531525,0
molecola_5340,13,0,13,0.2787338197231293,0
molecola_5340,14,0,14,0.3993558883666992,0
molecola_5340,15,0,15,0.4071776866912842,0
molecola_5340,16,0,16,0.38649728894233704,0
molecola_5340,17,0,17,0.29755619168281555,0
molecola_5340,18,0,18,0.46461760997772217,0
molecola_5340,19,1,19,0.935021698474884,1
molecola_5340,20,0,20,0.2547478675842285,0
molecola_5340,21,0,21,0.061221662908792496,0
molecola_5340,22,0,22,0.006955374963581562,0
molecola_53465,1,1,1,0.48887893557548523,0
molecola_53465,2,1,2,0.9115676283836365,1
molecola_53465,3,1,3,0.89089435338974,1
molecola_53465,4,1,4,0.9070755839347839,1
molecola_53465,5,0,5,0.8720982074737549,1
molecola_53465,6,0,6,0.8380425572395325,1
molecola_53465,7,0,7,0.5257551670074463,1
molecola_53465,8,1,8,0.9823733568191528,1
molecola_53465,9,0,9,0.8953557014465332,1
molecola_53465,10,1,10,0.8953557014465332,1
molecola_53758,1,1,1,0.9579541087150574,1
molecola_53758,2,1,2,0.135667622089386,0
molecola_53758,3,1,3,0.1395992636680603,0
molecola_53758,4,1,4,0.13854022324085236,0
molecola_53758,5,1,5,0.12899887561798096,0
molecola_53758,6,1,6,0.0520898662507534,0
molecola_53758,7,0,7,0.05182962492108345,0
molecola_53758,8,0,8,0.006267113145440817,0
molecola_53758,9,0,9,0.010688815265893936,0
molecola_53758,10,0,10,0.002335750497877598,0
molecola_53758,11,0,11,0.0038292170502245426,0
molecola_53758,12,0,12,0.007374539505690336,0
molecola_53758,13,0,13,0.0017782561480998993,0
molecola_53758,14,0,14,0.0038292170502245426,0
molecola_53758,15,0,15,0.010688815265893936,0
molecola_53758,16,0,16,0.002335750497877598,0
molecola_54424,1,0,1,0.8812035918235779,1
molecola_54424,2,1,2,0.953554630279541,1
molecola_54424,3,1,3,0.9619064331054688,1
molecola_54424,4,0,4,0.008318621665239334,0
molecola_54424,5,0,5,0.003945324569940567,0
molecola_54424,6,0,6,0.002950113732367754,0
molecola_54424,7,0,7,0.004107498098164797,0
molecola_54424,8,0,8,0.004246068652719259,0
molecola_54424,9,0,9,0.003378101857379079,0
molecola_54424,10,0,10,0.004197029396891594,0
molecola_54424,11,0,11,0.007932168431580067,0
molecola_54424,12,0,12,0.009148851037025452,0
molecola_54424,13,0,13,0.11415616422891617,0
molecola_54424,14,0,14,0.42372652888298035,0
molecola_54424,15,0,15,0.642464816570282,1
molecola_54424,16,0,16,0.47464144229888916,0
molecola_54424,17,0,17,0.5776306986808777,1
molecola_54424,18,0,18,0.8757374882698059,1
molecola_54424,19,0,19,0.7571757435798645,1
molecola_54424,20,0,20,0.5402138829231262,1
molecola_54424,21,0,21,0.5420464873313904,1
molecola_54424,22,0,22,0.6300956010818481,1
molecola_54424,23,0,23,0.5339186787605286,1
molecola_54424,24,0,24,0.7780805230140686,1
molecola_54424,25,0,25,0.7832223176956177,1
molecola_54424,26,0,26,0.014064611867070198,0
molecola_54424,27,0,27,0.0024375326465815306,0
molecola_54424,28,0,28,0.002950113732367754,0
molecola_54424,29,0,29,0.003945324569940567,0
molecola_5459,1,0,1,0.06622681021690369,0
molecola_5459,2,0,2,0.1633003205060959,0
molecola_5459,3,0,3,0.09468064457178116,0
molecola_5459,4,0,4,0.06755425781011581,0
molecola_5459,5,0,5,0.06673886626958847,0
molecola_5459,6,0,6,0.03552386909723282,0
molecola_5459,7,0,7,0.1126076802611351,0
molecola_5459,8,0,8,0.12583155930042267,0
molecola_5459,9,0,9,0.1379224956035614,0
molecola_5459,10,0,10,0.24374355375766754,0
molecola_5459,11,1,11,0.9634847640991211,1
molecola_5459,12,0,12,0.01481010764837265,0
molecola_5459,13,0,13,0.012010638602077961,0
molecola_5459,14,0,14,0.0046018268913030624,0
molecola_5459,15,0,15,0.0036710910499095917,0
molecola_5459,16,0,16,0.001671710517257452,0
molecola_5459,17,0,17,0.0046018268913030624,0
molecola_5459,18,0,18,0.012010638602077961,0
molecola_5461,1,0,1,0.12215523421764374,0
molecola_5461,2,0,2,0.04175397753715515,0
molecola_5461,3,0,3,0.006345887668430805,0
molecola_5461,4,0,4,0.013324013911187649,0
molecola_5461,5,0,5,0.021318579092621803,0
molecola_5461,6,0,6,0.011199038475751877,0
molecola_5461,7,0,7,0.22697976231575012,0
molecola_5461,8,0,8,0.008345835842192173,0
molecola_5461,9,0,9,0.008345835842192173,0
molecola_5461,10,0,10,0.007078791037201881,0
molecola_5461,11,0,11,0.01926233060657978,0
molecola_5461,12,0,12,0.017344729974865913,0
molecola_5461,13,0,13,0.15187804400920868,0
molecola_5461,14,0,14,0.27410587668418884,0
molecola_5461,15,0,15,0.08358892053365707,0
molecola_5461,16,1,16,0.9873838424682617,1
molecola_5461,17,0,17,0.1967758983373642,0
molecola_5464,1,0,1,0.9591540694236755,1
molecola_5464,2,0,2,0.9877188205718994,1
molecola_5464,3,0,3,0.9591540694236755,1
molecola_5464,4,0,4,0.03461800888180733,0
molecola_5464,5,0,5,0.01590169034898281,0
molecola_5464,6,0,6,0.03141428902745247,0
molecola_5464,7,0,7,0.04062711074948311,0
molecola_5464,8,0,8,0.5311676263809204,1
molecola_5464,9,0,9,0.005681134760379791,0
molecola_5464,10,0,10,0.01608041301369667,0
molecola_5464,11,0,11,0.004355108365416527,0
molecola_5464,12,0,12,0.003990869969129562,0
molecola_5464,13,0,13,0.001632881467230618,0
molecola_5464,14,0,14,0.003821414662525058,0
molecola_5464,15,0,15,0.01984086073935032,0
molecola_5464,16,0,16,0.002427233848720789,0
molecola_5464,17,0,17,0.03026070073246956,0
molecola_5464,18,1,18,0.9790697693824768,1
molecola_5464,19,0,19,0.05327920615673065,0
molecola_5464,20,0,20,0.0982189029455185,0
molecola_5464,21,0,21,0.9468429088592529,1
molecola_54694,1,1,1,0.9791510105133057,1
molecola_54694,2,0,2,0.1087101474404335,0
molecola_54694,3,0,3,0.057885050773620605,0
molecola_54694,4,0,4,0.01806451380252838,0
molecola_54694,5,0,5,0.0037092838902026415,0
molecola_54694,6,0,6,0.009178702719509602,0
molecola_54694,7,0,7,0.0601077638566494,0
molecola_54694,8,0,8,0.0024021249264478683,0
molecola_54694,9,0,9,0.01617874763906002,0
molecola_54694,10,0,10,0.008287705481052399,0
molecola_54694,11,0,11,0.005249034613370895,0
molecola_54694,12,0,12,0.015776827931404114,0
molecola_54694,13,0,13,0.008122841827571392,0
molecola_54694,14,0,14,0.03306185454130173,0
molecola_54694,15,0,15,0.012635213322937489,0
molecola_54694,16,0,16,0.0053344592452049255,0
molecola_54694,17,0,17,0.0015869742492213845,0
molecola_54694,18,0,18,0.0012589673278853297,0
molecola_54694,19,0,19,0.0018628662219271064,0
molecola_54694,20,0,20,0.002402998274192214,0
molecola_54694,21,0,21,0.006288745906203985,0
molecola_54694,22,0,22,0.005878016818314791,0
molecola_54694,23,0,23,0.002276210580021143,0
molecola_54694,24,0,24,0.006288745906203985,0
molecola_54694,25,0,25,0.002402998274192214,0
molecola_54694,26,0,26,0.015776827931404114,0
molecola_54694,27,0,27,0.005249034613370895,0
molecola_54843,1,1,1,0.9883600473403931,1
molecola_54843,2,0,2,0.09008599817752838,0
molecola_54843,3,0,3,0.2811897397041321,0
molecola_54843,4,0,4,0.1790267527103424,0
molecola_54843,5,0,5,0.07993537932634354,0
molecola_54843,6,0,6,0.06252988427877426,0
molecola_54843,7,0,7,0.21354113519191742,0
molecola_54843,8,0,8,0.033613767474889755,0
molecola_54843,9,0,9,0.016892962157726288,0
molecola_54843,10,0,10,0.013214717619121075,0
molecola_54843,11,0,11,0.0027173440903425217,0
molecola_54843,12,0,12,0.011694072745740414,0
molecola_54843,13,0,13,0.019746189936995506,0
molecola_54843,14,0,14,0.023505281656980515,0
molecola_54843,15,0,15,0.693382203578949,1
molecola_54843,16,0,16,0.01215380895882845,0
molecola_54843,17,0,17,0.02961559034883976,0
molecola_54843,18,0,18,0.024730784818530083,0
molecola_54843,19,0,19,0.0881049782037735,0
molecola_54843,20,0,20,0.013123043812811375,0
molecola_54843,21,0,21,0.005399953108280897,0
molecola_54843,22,0,22,0.0017823888920247555,0
molecola_54843,23,0,23,0.0017823888920247555,0
molecola_54843,24,0,24,0.0017823888920247555,0
molecola_54843,25,0,25,0.11021444946527481,0
molecola_54843,26,0,26,0.1556963175535202,0
molecola_54843,27,0,27,0.10409034788608551,0
molecola_54843,28,0,28,0.9780805706977844,1
molecola_54872,1,0,1,0.008270252496004105,0
molecola_54872,2,0,2,0.006915643811225891,0
molecola_54872,3,0,3,0.002396001247689128,0
molecola_54872,4,0,4,0.02751188725233078,0
molecola_54872,5,0,5,0.059886008501052856,0
molecola_54872,6,0,6,0.09448076039552689,0
molecola_54872,7,0,7,0.014908001758158207,0
molecola_54872,8,0,8,0.016841858625411987,0
molecola_54872,9,0,9,0.034657593816518784,0
molecola_54872,10,0,10,0.0272182896733284,0
molecola_54872,11,0,11,0.03583422303199768,0
molecola_54872,12,0,12,0.017832186073064804,0
molecola_54872,13,0,13,0.0205417238175869,0
molecola_54872,14,0,14,0.033194925636053085,0
molecola_54872,15,0,15,0.04482690989971161,0
molecola_54872,16,0,16,0.020643487572669983,0
molecola_54872,17,0,17,0.004190429579466581,0
molecola_54872,18,0,18,0.0038258079439401627,0
molecola_54872,19,0,19,0.015131396241486073,0
molecola_54872,20,0,20,0.009591448120772839,0
molecola_54872,21,0,21,0.009591448120772839,0
molecola_54872,22,1,22,0.9628991484642029,1
molecola_54872,23,1,23,0.9746884107589722,1
molecola_54872,24,0,24,0.0023297988809645176,0
molecola_54872,25,0,25,0.0395117811858654,0
molecola_54872,26,0,26,0.10032731294631958,0
molecola_54872,27,0,27,0.12059955298900604,0
molecola_54872,28,0,28,0.04563721641898155,0
molecola_54872,29,0,29,0.003510728944092989,0
molecola_54872,30,0,30,0.0018042362062260509,0
molecola_54888,1,0,1,0.09285356849431992,0
molecola_54888,2,0,2,0.03597238287329674,0
molecola_54888,3,0,3,0.1748560220003128,0
molecola_54888,4,0,4,0.03014989197254181,0
molecola_54888,5,0,5,0.30508023500442505,0
molecola_54888,6,0,6,0.4529421329498291,0
molecola_54888,7,0,7,0.3894290328025818,0
molecola_54888,8,0,8,0.4257860779762268,0
molecola_54888,9,0,9,0.3280918598175049,0
molecola_54888,10,0,10,0.21718530356884003,0
molecola_54888,11,0,11,0.8802175521850586,1
molecola_54888,12,0,12,0.8689121007919312,1
molecola_54888,13,0,13,0.017316477373242378,0
molecola_54888,14,0,14,0.10849756002426147,0
molecola_54888,15,0,15,0.0387844480574131,0
molecola_54888,16,0,16,0.14410994946956635,0
molecola_54888,17,0,17,0.1012062206864357,0
molecola_54888,18,0,18,0.14131386578083038,0
molecola_54888,19,0,19,0.13940446078777313,0
molecola_54888,20,0,20,0.19271785020828247,0
molecola_54888,21,1,21,0.9450901746749878,1
molecola_54888,22,0,22,0.09861971437931061,0
molecola_54888,23,0,23,0.15703491866588593,0
molecola_54888,24,0,24,0.023349899798631668,0
molecola_54888,25,0,25,0.07116773724555969,0
molecola_54891,1,0,1,0.0066043902188539505,0
molecola_54891,2,0,2,0.002580583794042468,0
molecola_54891,3,0,3,0.017130298539996147,0
molecola_54891,4,0,4,0.0021233076695352793,0
molecola_54891,5,0,5,0.03001783974468708,0
molecola_54891,6,0,6,0.7738158702850342,1
molecola_54891,7,0,7,0.03179118037223816,0
molecola_54891,8,0,8,0.1630844920873642,0
molecola_54891,9,0,9,0.1543731838464737,0
molecola_54891,10,0,10,0.11620546132326126,0
molecola_54891,11,0,11,0.12631501257419586,0
molecola_54891,12,0,12,0.010009421035647392,0
molecola_54891,13,0,13,0.03220701590180397,0
molecola_54891,14,0,14,0.003504752181470394,0
molecola_54891,15,0,15,0.002079302677884698,0
molecola_54891,16,0,16,0.005278546363115311,0
molecola_54891,17,0,17,0.00826957542449236,0
molecola_54891,18,0,18,0.011194387450814247,0
molecola_54891,19,0,19,0.020290452986955643,0
molecola_54891,20,0,20,0.0628221333026886,0
molecola_54891,21,1,21,0.9784519672393799,1
molecola_54891,22,0,22,0.0022418247535824776,0
molecola_54891,23,0,23,0.001713161705993116,0
molecola_54891,24,0,24,0.002655687741935253,0
molecola_54894,1,0,1,0.01784348115324974,0
molecola_54894,2,0,2,0.6278209090232849,1
molecola_54894,3,0,3,0.01784348115324974,0
molecola_54894,4,0,4,0.5739021301269531,1
molecola_54894,5,0,5,0.033155061304569244,0
molecola_54894,6,0,6,0.0017041091341525316,0
molecola_54894,7,0,7,0.0015044170431792736,0
molecola_54894,8,0,8,0.0015044170431792736,0
molecola_54894,9,0,9,0.8866429924964905,1
molecola_54894,10,1,10,0.981261134147644,1
molecola_54894,11,0,11,0.8909624814987183,1
molecola_54894,12,1,12,0.8909624814987183,1
molecola_54900,1,0,1,0.0034478451125323772,0
molecola_54900,2,0,2,0.0030283748637884855,0
molecola_54900,3,0,3,0.0034478451125323772,0
molecola_54900,4,0,4,0.004368112422525883,0
molecola_54900,5,0,5,0.0034587164409458637,0
molecola_54900,6,0,6,0.002139799064025283,0
molecola_54900,7,0,7,0.03800778090953827,0
molecola_54900,8,0,8,0.08614230155944824,0
molecola_54900,9,0,9,0.6628742218017578,1
molecola_54900,10,0,10,0.06041384115815163,0
molecola_54900,11,0,11,0.9894702434539795,1
molecola_54900,12,0,12,0.6628742218017578,1
molecola_54900,13,0,13,0.08614230155944824,0
molecola_54900,14,0,14,0.003472615499049425,0
molecola_54900,15,0,15,0.15390685200691223,0
molecola_54900,16,0,16,0.8707315921783447,1
molecola_54900,17,1,17,0.9823218584060669,1
molecola_54900,18,0,18,0.888965368270874,1
molecola_54900,19,1,19,0.888965368270874,1
molecola_54900,20,0,20,0.004416430369019508,0
molecola_54900,21,0,21,0.00501305190846324,0
molecola_54900,22,0,22,0.0031596526969224215,0
molecola_54900,23,0,23,0.004182502161711454,0
molecola_54900,24,0,24,0.003632333129644394,0
molecola_54900,25,0,25,0.0032863174565136433,0
molecola_54900,26,0,26,0.001670835423283279,0
molecola_54900,27,0,27,0.003632333129644394,0
molecola_54900,28,0,28,0.004182502161711454,0
molecola_54907,1,0,1,0.9647777080535889,1
molecola_54907,2,0,2,0.963815450668335,1
molecola_54907,3,0,3,0.7074494957923889,1
molecola_54907,4,0,4,0.9653469324111938,1
molecola_54907,5,0,5,0.965401828289032,1
molecola_54907,6,0,6,0.44927310943603516,0
molecola_54907,7,0,7,0.23824602365493774,0
molecola_54907,8,0,8,0.21357248723506927,0
molecola_54907,9,0,9,0.007367160636931658,0
molecola_54907,10,0,10,0.0018018631963059306,0
molecola_54907,11,0,11,0.0018018631963059306,0
molecola_54907,12,0,12,0.014000164344906807,0
molecola_54907,13,0,13,0.04673886299133301,0
molecola_54907,14,0,14,0.05376841127872467,0
molecola_54907,15,0,15,0.09128091484308243,0
molecola_54907,16,0,16,0.13066913187503815,0
molecola_54907,17,0,17,0.1267530620098114,0
molecola_54907,18,0,18,0.13066913187503815,0
molecola_54907,19,0,19,0.09128091484308243,0
molecola_54907,20,0,20,0.38503870368003845,0
molecola_54907,21,0,21,0.12629833817481995,0
molecola_54907,22,0,22,0.07214261591434479,0
molecola_54907,23,0,23,0.04571232199668884,0
molecola_54907,24,0,24,0.10481654107570648,0
molecola_54907,25,0,25,0.36610984802246094,0
molecola_54907,26,0,26,0.7777433395385742,1
molecola_54907,27,1,27,0.9804453253746033,1
molecola_54907,28,0,28,0.889586329460144,1
molecola_54907,29,1,29,0.889586329460144,1
molecola_54977,1,0,1,0.1531573086977005,0
molecola_54977,2,0,2,0.13107813894748688,0
molecola_54977,3,0,3,0.1452154666185379,0
molecola_54977,4,0,4,0.11722235381603241,0
molecola_54977,5,0,5,0.007791425101459026,0
molecola_54977,6,0,6,0.041297636926174164,0
molecola_54977,7,0,7,0.28019171953201294,0
molecola_54977,8,1,8,0.9486874938011169,1
molecola_54977,9,0,9,0.15912748873233795,0
molecola_54977,10,0,10,0.08949875086545944,0
molecola_54977,11,0,11,0.14284302294254303,0
molecola_54977,12,0,12,0.00433012843132019,0
molecola_54977,13,0,13,0.0035940464586019516,0
molecola_54977,14,0,14,0.009021328762173653,0
molecola_54977,15,0,15,0.005503727588802576,0
molecola_54977,16,0,16,0.0067512597888708115,0
molecola_54977,17,0,17,0.009330494329333305,0
molecola_54977,18,0,18,0.0027124586049467325,0
molecola_54977,19,0,19,0.009330494329333305,0
molecola_54977,20,0,20,0.0067512597888708115,0
molecola_54977,21,0,21,0.007862589322030544,0
molecola_54977,22,0,22,0.07932468503713608,0
molecola_54977,23,0,23,0.09342832863330841,0
molecola_54977,24,0,24,0.027658207342028618,0
molecola_54977,25,0,25,0.002385529223829508,0
molecola_54977,26,0,26,0.0016284117009490728,0
molecola_54977,27,0,27,0.002121144672855735,0
molecola_54977,28,0,28,0.004330753814429045,0
molecola_54977,29,0,29,0.0031425519846379757,0
molecola_54977,30,0,30,0.002185325836762786,0
molecola_54977,31,0,31,0.0036827055737376213,0
molecola_54977,32,0,32,0.0071027204394340515,0
molecola_54977,33,0,33,0.006917123682796955,0
molecola_54977,34,0,34,0.013999175280332565,0
molecola_54977,35,0,35,0.018803678452968597,0
molecola_54977,36,0,36,0.061888303607702255,0
molecola_54984,1,0,1,0.0043680667877197266,0
molecola_54984,2,0,2,0.003038420109078288,0
molecola_54984,3,0,3,0.0022152038291096687,0
molecola_54984,4,0,4,0.003161482745781541,0
molecola_54984,5,0,5,0.003914559725672007,0
molecola_54984,6,0,6,0.0018432443030178547,0
molecola_54984,7,0,7,0.0020591639913618565,0
molecola_54984,8,0,8,0.004241643473505974,0
molecola_54984,9,0,9,0.029856182634830475,0
molecola_54984,10,0,10,0.008403952233493328,0
molecola_54984,11,0,11,0.0026080256793648005,0
molecola_54984,12,0,12,0.00313931074924767,0
molecola_54984,13,1,13,0.9686311483383179,1
molecola_54984,14,1,14,0.9770786166191101,1
molecola_54984,15,0,15,0.002367774723097682,0
molecola_54984,16,0,16,0.0017985394224524498,0
molecola_54984,17,0,17,0.0019792956300079823,0
molecola_54984,18,0,18,0.0030182607006281614,0
molecola_54984,19,0,19,0.05073453113436699,0
molecola_54984,20,0,20,0.11342159658670425,0
molecola_54984,21,0,21,0.11997420340776443,0
molecola_54984,22,0,22,0.047542594373226166,0
molecola_54984,23,0,23,0.005385338794440031,0
molecola_55027,1,0,1,0.01831337809562683,0
molecola_55027,2,0,2,0.009364754892885685,0
molecola_55027,3,0,3,0.04671588912606239,0
molecola_55027,4,0,4,0.033512089401483536,0
molecola_55027,5,0,5,0.029101815074682236,0
molecola_55027,6,0,6,0.01049148291349411,0
molecola_55027,7,0,7,0.009757560677826405,0
molecola_55027,8,0,8,0.01915719173848629,0
molecola_55027,9,0,9,0.03539155051112175,0
molecola_55027,10,0,10,0.01635807193815708,0
molecola_55027,11,0,11,0.0366876944899559,0
molecola_55027,12,0,12,0.01710442639887333,0
molecola_55027,13,0,13,0.057165928184986115,0
molecola_55027,14,0,14,0.8650354146957397,1
molecola_55027,15,0,15,0.14891095459461212,0
molecola_55027,16,1,16,0.9631454944610596,1
molecola_552,1,1,1,0.5486612319946289,1
molecola_552,2,0,2,0.27012890577316284,0
molecola_552,3,1,3,0.5969191193580627,1
molecola_552,4,0,4,0.28090330958366394,0
molecola_552,5,0,5,0.4011871814727783,0
molecola_552,6,0,6,0.28090330958366394,0
molecola_552,7,1,7,0.5969191193580627,1
molecola_552,8,0,8,0.27012890577316284,0
molecola_552,9,0,9,0.5486612319946289,1
molecola_552,10,0,10,0.5904771685600281,1
molecola_552,11,1,11,0.9784247875213623,1
molecola_552,12,1,12,0.9474037289619446,1
molecola_552,13,0,13,0.5402864217758179,1
molecola_552,14,0,14,0.8686290383338928,1
molecola_552,15,0,15,0.808377206325531,1
molecola_552,16,0,16,0.037061989307403564,0
molecola_552,17,0,17,0.056318577378988266,0
molecola_552,18,0,18,0.03296426683664322,0
molecola_552,19,0,19,0.5729063749313354,1
molecola_552,20,0,20,0.018154649063944817,0
molecola_552,21,0,21,0.2099188268184662,0
molecola_552,22,0,22,0.2099188268184662,0
molecola_55314,1,0,1,0.09047656506299973,0
molecola_55314,2,0,2,0.041066501289606094,0
molecola_55314,3,0,3,0.035318076610565186,0
molecola_55314,4,0,4,0.014313922263681889,0
molecola_55314,5,0,5,0.0036215686704963446,0
molecola_55314,6,0,6,0.001973941456526518,0
molecola_55314,7,0,7,0.0036215686704963446,0
molecola_55314,8,0,8,0.014313922263681889,0
molecola_55314,9,0,9,0.002034286502748728,0
molecola_55314,10,0,10,0.0017201490700244904,0
molecola_55314,11,0,11,0.027919255197048187,0
molecola_55314,12,0,12,0.0027438902761787176,0
molecola_55314,13,0,13,0.03762667626142502,0
molecola_55314,14,0,14,0.1327640414237976,0
molecola_55314,15,0,15,0.11433818191289902,0
molecola_55314,16,0,16,0.041577860713005066,0
molecola_55314,17,1,17,0.9892390966415405,1
molecola_55314,18,0,18,0.016565607860684395,0
molecola_55314,19,0,19,0.01830674335360527,0
molecola_55314,20,0,20,0.002052262658253312,0
molecola_55314,21,0,21,0.0017150259809568524,0
molecola_55314,22,0,22,0.001929610618390143,0
molecola_55314,23,0,23,0.002587223658338189,0
molecola_55314,24,0,24,0.0061722262762486935,0
molecola_55314,25,0,25,0.010941728949546814,0
molecola_55314,26,0,26,0.0061722262762486935,0
molecola_55314,27,0,27,0.002587223658338189,0
molecola_55314,28,0,28,0.002778687048703432,0
molecola_55314,29,0,29,0.014916415326297283,0
molecola_55314,30,0,30,0.0195612795650959,0
molecola_55314,31,0,31,0.009378655813634396,0
molecola_55314,32,0,32,0.039273202419281006,0
molecola_55314,33,0,33,0.002598324092105031,0
molecola_55314,34,0,34,0.0024636141024529934,0
molecola_55314,35,0,35,0.0024714216124266386,0
molecola_55314,36,0,36,0.005440580192953348,0
molecola_555,1,0,1,0.01690020225942135,0
molecola_555,2,0,2,0.026256799697875977,0
molecola_555,3,0,3,0.09888818860054016,0
molecola_555,4,0,4,0.17244061827659607,0
molecola_555,5,0,5,0.15160652995109558,0
molecola_555,6,0,6,0.04299032315611839,0
molecola_555,7,0,7,0.023892343044281006,0
molecola_555,8,0,8,0.06422882527112961,0
molecola_555,9,0,9,0.16412197053432465,0
molecola_555,10,0,10,0.0613330602645874,0
molecola_555,11,0,11,0.4638861417770386,0
molecola_555,12,0,12,0.20958435535430908,0
molecola_555,13,0,13,0.10579230636358261,0
molecola_555,14,0,14,0.9705861210823059,1
molecola_555,15,0,15,0.9745506048202515,1
molecola_555,16,0,16,0.10579230636358261,0
molecola_555,17,1,17,0.9705861210823059,1
molecola_555,18,1,18,0.9745506048202515,1
molecola_555,19,0,19,0.017569689080119133,0
molecola_555,20,0,20,0.013658852316439152,0
molecola_555,21,0,21,0.03913974016904831,0
molecola_555,22,0,22,0.05087762326002121,0
molecola_555,23,0,23,0.0343749076128006,0
molecola_555,24,0,24,0.028149504214525223,0
molecola_555,25,0,25,0.015489672310650349,0
molecola_555,26,0,26,0.002129524014890194,0
molecola_555,27,0,27,0.003451795782893896,0
molecola_555,28,0,28,0.003278532763943076,0
molecola_555,29,0,29,0.0023048948496580124,0
molecola_5566,1,0,1,0.004963328130543232,0
molecola_5566,2,0,2,0.013600369915366173,0
molecola_5566,3,0,3,0.004963328130543232,0
molecola_5566,4,0,4,0.02394108846783638,0
molecola_5566,5,0,5,0.01155961025506258,0
molecola_5566,6,0,6,0.47442132234573364,0
molecola_5566,7,0,7,0.0032826552633196115,0
molecola_5566,8,0,8,0.018943507224321365,0
molecola_5566,9,0,9,0.1216956377029419,0
molecola_5566,10,0,10,0.35766202211380005,0
molecola_5566,11,0,11,0.09493091702461243,0
molecola_5566,12,1,12,0.9882082343101501,1
molecola_5566,13,0,13,0.5465906858444214,1
molecola_5566,14,0,14,0.16960589587688446,0
molecola_5566,15,0,15,0.04444526135921478,0
molecola_5566,16,0,16,0.001976819010451436,0
molecola_5566,17,0,17,0.002289507305249572,0
molecola_5566,18,0,18,0.040940266102552414,0
molecola_5566,19,0,19,0.1054435595870018,0
molecola_5566,20,0,20,0.09398897737264633,0
molecola_5566,21,0,21,0.01672285981476307,0
molecola_5566,22,0,22,0.0019009700044989586,0
molecola_5566,23,0,23,0.0017485612770542502,0
molecola_5566,24,0,24,0.0013411855325102806,0
molecola_5566,25,0,25,0.0019230868201702833,0
molecola_5662,1,0,1,0.009280052967369556,0
molecola_5662,2,0,2,0.006179938092827797,0
molecola_5662,3,1,3,0.003268865868449211,0
molecola_5662,4,1,4,0.06118901073932648,0
molecola_5662,5,1,5,0.08076664060354233,0
molecola_5662,6,1,6,0.9419960975646973,1
molecola_5662,7,0,7,0.1558637022972107,0
molecola_5662,8,1,8,0.9398483633995056,1
molecola_5662,9,1,9,0.06004446744918823,0
molecola_5662,10,0,10,0.005301693454384804,0
molecola_5662,11,0,11,0.0017946092411875725,0
molecola_5662,12,0,12,0.009280052967369556,0
molecola_5732,1,0,1,0.003840105840936303,0
molecola_5732,2,0,2,0.002678095595911145,0
molecola_5732,3,0,3,0.003308489453047514,0
molecola_5732,4,0,4,0.003308489453047514,0
molecola_5732,5,0,5,0.0027537725400179625,0
molecola_5732,6,0,6,0.0035544035490602255,0
molecola_5732,7,0,7,0.0034012722317129374,0
molecola_5732,8,0,8,0.0028737273532897234,0
molecola_5732,9,0,9,0.0034012722317129374,0
molecola_5732,10,0,10,0.0035544035490602255,0
molecola_5732,11,0,11,0.002631318522617221,0
molecola_5732,12,0,12,0.0014272001571953297,0
molecola_5732,13,0,13,0.0014272001571953297,0
molecola_5732,14,0,14,0.0062917559407651424,0
molecola_5732,15,0,15,0.00933324545621872,0
molecola_5732,16,0,16,0.0568460151553154,0
molecola_5732,17,0,17,0.15682926774024963,0
molecola_5732,18,0,18,0.13608364760875702,0
molecola_5732,19,1,19,0.9473837018013,1
molecola_5732,20,0,20,0.02287556417286396,0
molecola_5732,21,0,21,0.006935038138180971,0
molecola_5732,22,0,22,0.0016533304005861282,0
molecola_5732,23,0,23,0.0021494401153177023,0
molecola_5732,24,0,24,0.0027375665958970785,0
molecola_5732,25,0,25,0.0044275810942053795,0
molecola_5760,1,0,1,0.06662992388010025,0
molecola_5760,2,1,2,0.9597749710083008,1
molecola_5760,3,0,3,0.06662992388010025,0
molecola_5760,4,1,4,0.9528870582580566,1
molecola_5760,5,0,5,0.06763076782226562,0
molecola_5760,6,0,6,0.02017313428223133,0
molecola_5760,7,0,7,0.019995778799057007,0
molecola_5760,8,0,8,0.14527224004268646,0
molecola_5760,9,0,9,0.09746047109365463,0
molecola_5760,10,0,10,0.014026358723640442,0
molecola_5760,11,0,11,0.01613498292863369,0
molecola_5760,12,0,12,0.09787634760141373,0
molecola_5760,13,0,13,0.09335488826036453,0
molecola_5760,14,0,14,0.015296892262995243,0
molecola_5760,15,0,15,0.0021245810203254223,0
molecola_5760,16,0,16,0.0024145389907062054,0
molecola_5760,17,0,17,0.0013767422642558813,0
molecola_5760,18,0,18,0.0071093011647462845,0
molecola_5760,19,0,19,0.0016535334289073944,0
molecola_5913,1,0,1,0.07285001128911972,0
molecola_5913,2,0,2,0.02224026620388031,0
molecola_5913,3,0,3,0.016438666731119156,0
molecola_5913,4,0,4,0.0597500242292881,0
molecola_5913,5,0,5,0.13000893592834473,0
molecola_5913,6,0,6,0.0895741805434227,0
molecola_5913,7,0,7,0.018760213628411293,0
molecola_5913,8,0,8,0.0035056648775935173,0
molecola_5913,9,0,9,0.004200634080916643,0
molecola_5913,10,0,10,0.6555886268615723,1
molecola_5913,11,0,11,0.013629627414047718,0
molecola_5913,12,0,12,0.01484895870089531,0
molecola_5913,13,0,13,0.02885104902088642,0
molecola_5913,14,0,14,0.01879994012415409,0
molecola_5913,15,0,15,0.02103835716843605,0
molecola_5913,16,0,16,0.027612954378128052,0
molecola_5913,17,0,17,0.08810603618621826,0
molecola_5913,18,0,18,0.10408990830183029,0
molecola_5913,19,0,19,0.03445054218173027,0
molecola_5913,20,0,20,0.05397039279341698,0
molecola_5913,21,0,21,0.10776293277740479,0
molecola_5913,22,1,22,0.9703449606895447,1
molecola_5934,1,0,1,0.004703784827142954,0
molecola_5934,2,0,2,0.014866121113300323,0
molecola_5934,3,0,3,0.030507706105709076,0
molecola_5934,4,0,4,0.011421972885727882,0
molecola_5934,5,0,5,0.0015690252184867859,0
molecola_5934,6,0,6,0.00505326921120286,0
molecola_5934,7,0,7,0.0014549036277458072,0
molecola_5934,8,0,8,0.00140972132794559,0
molecola_5934,9,0,9,0.01202849205583334,0
molecola_5934,10,0,10,0.8511189818382263,1
molecola_5934,11,1,11,0.9674623608589172,1
molecola_5934,12,1,12,0.9633626937866211,1
molecola_5934,13,0,13,0.7589519619941711,1
molecola_5934,14,0,14,0.02361430786550045,0
molecola_6063,1,0,1,0.0910123959183693,0
molecola_6063,2,0,2,0.3690856993198395,0
molecola_6063,3,0,3,0.23337741196155548,0
molecola_6063,4,0,4,0.26145145297050476,0
molecola_6063,5,0,5,0.08059221506118774,0
molecola_6063,6,0,6,0.07560131698846817,0
molecola_6063,7,0,7,0.026853760704398155,0
molecola_6063,8,0,8,0.02151953987777233,0
molecola_6063,9,0,9,0.06681746989488602,0
molecola_6063,10,0,10,0.010607588104903698,0
molecola_6063,11,0,11,0.0022833864204585552,0
molecola_6063,12,0,12,0.010607592761516571,0
molecola_6063,13,0,13,0.06681746989488602,0
molecola_6063,14,0,14,0.0030963760800659657,0
molecola_6063,15,0,15,0.0022092126309871674,0
molecola_6063,16,0,16,0.005290510132908821,0
molecola_6063,17,0,17,0.002151812193915248,0
molecola_6063,18,0,18,0.0026775123551487923,0
molecola_6063,19,0,19,0.00718911737203598,0
molecola_6063,20,0,20,0.008102329447865486,0
molecola_6063,21,0,21,0.012255161069333553,0
molecola_6063,22,0,22,0.024548165500164032,0
molecola_6063,23,0,23,0.012255161069333553,0
molecola_6063,24,0,24,0.008102329447865486,0
molecola_6063,25,1,25,0.9897522926330566,1
molecola_6063,26,1,26,0.963212251663208,1
molecola_6063,27,1,27,0.963212251663208,1
molecola_6063,28,0,28,0.08059221506118774,0
molecola_6063,29,0,29,0.26145145297050476,0
molecola_6063,30,0,30,0.23337741196155548,0
molecola_6063,31,0,31,0.3690856993198395,0
molecola_6063,32,0,32,0.0910123959183693,0
molecola_6063,33,0,33,0.04217802360653877,0
molecola_6063,34,0,34,0.047377705574035645,0
molecola_6063,35,0,35,0.0078422911465168,0
molecola_6063,36,0,36,0.01177152805030346,0
molecola_6063,37,0,37,0.006365823559463024,0
molecola_6063,38,0,38,0.002283582929521799,0
molecola_6063,39,0,39,0.01177152805030346,0
molecola_6063,40,0,40,0.0078422911465168,0
molecola_6095,1,1,1,0.8920858502388,1
molecola_6095,2,1,2,0.9804782271385193,1
molecola_6095,3,1,3,0.8920858502388,1
molecola_6095,4,1,4,0.8082056641578674,1
molecola_6095,5,0,5,0.16492366790771484,0
molecola_6095,6,0,6,0.1206926554441452,0
molecola_6095,7,0,7,0.02702929452061653,0
molecola_6095,8,0,8,0.025391357019543648,0
molecola_6095,9,0,9,0.08698607236146927,0
molecola_6095,10,0,10,0.06995385885238647,0
molecola_6095,11,0,11,0.0504540354013443,0
molecola_6095,12,0,12,0.03725940361618996,0
molecola_6095,13,0,13,0.127574622631073,0
molecola_6095,14,0,14,0.01567212864756584,0
molecola_6095,15,0,15,0.013674484565854073,0
molecola_6095,16,0,16,0.10614150762557983,0
molecola_6095,17,0,17,0.10801498591899872,0
molecola_6095,18,0,18,0.02054128423333168,0
molecola_6095,19,0,19,0.001951072714291513,0
molecola_6095,20,0,20,0.0016025099903345108,0
molecola_6212,1,1,1,0.9811884760856628,1
molecola_6212,2,0,2,0.05610128119587898,0
molecola_6212,3,0,3,0.07185220718383789,0
molecola_6212,4,0,4,0.006047198548913002,0
molecola_6212,5,0,5,0.008210516534745693,0
molecola_6212,6,0,6,0.004433474503457546,0
molecola_6212,7,0,7,0.008210516534745693,0
molecola_6212,8,0,8,0.07185222208499908,0
molecola_6212,9,0,9,0.006047195754945278,0
molecola_6212,10,0,10,0.0021237481851130724,0
molecola_6212,11,0,11,0.0016940499190241098,0
molecola_6212,12,0,12,0.0016187523724511266,0
molecola_6212,13,0,13,0.0016941474750638008,0
molecola_6212,14,0,14,0.002496112836524844,0
molecola_6212,15,0,15,0.0014685657806694508,0
molecola_6212,16,0,16,0.0014685657806694508,0
molecola_6212,17,0,17,0.0017031270544975996,0
molecola_6212,18,0,18,0.013086743652820587,0
molecola_6212,19,0,19,0.10143756866455078,0
molecola_6212,20,0,20,0.11536817252635956,0
molecola_6212,21,0,21,0.028653187677264214,0
molecola_6212,22,0,22,0.002016129670664668,0
molecola_6290,1,1,1,0.8964899778366089,1
molecola_6290,2,1,2,0.9179272651672363,1
molecola_6290,3,1,3,0.5198383927345276,1
molecola_6290,4,0,4,0.10579341650009155,0
molecola_6290,5,0,5,0.09206478297710419,0
molecola_6290,6,0,6,0.12421628832817078,0
molecola_6290,7,0,7,0.13159465789794922,0
molecola_6290,8,0,8,0.09831727296113968,0
molecola_6290,9,1,9,0.22498419880867004,0
molecola_6290,10,1,10,0.31400546431541443,0
molecola_6290,11,1,11,0.4671805500984192,0
molecola_6290,12,1,12,0.1919451504945755,0
molecola_6290,13,0,13,0.5200598239898682,1
molecola_6290,14,0,14,0.005197266116738319,0
molecola_6290,15,0,15,0.007088517304509878,0
molecola_6290,16,0,16,0.03107823058962822,0
molecola_6290,17,0,17,0.10363760590553284,0
molecola_6290,18,0,18,0.05159544199705124,0
molecola_6290,19,0,19,0.003633018583059311,0
molecola_6290,20,0,20,0.003913600463420153,0
molecola_6290,21,0,21,0.0032811081036925316,0
molecola_6290,22,0,22,0.005846209824085236,0
molecola_6290,23,0,23,0.010918572545051575,0
molecola_6290,24,0,24,0.0063596428371965885,0
molecola_6290,25,0,25,0.002283582929521799,0
molecola_6290,26,0,26,0.010918572545051575,0
molecola_6290,27,0,27,0.005846209824085236,0
molecola_6417,1,0,1,0.006952464114874601,0
molecola_6417,2,0,2,0.003971366211771965,0
molecola_6417,3,0,3,0.0036912220530211926,0
molecola_6417,4,0,4,0.0017626824555918574,0
molecola_6417,5,0,5,0.0017626824555918574,0
molecola_6417,6,0,6,0.0017979214899241924,0
molecola_6417,7,0,7,0.0033040314447134733,0
molecola_6417,8,0,8,0.004533389117568731,0
molecola_6417,9,0,9,0.0022349876817315817,0
molecola_6417,10,0,10,0.005515568889677525,0
molecola_6417,11,0,11,0.00603678310289979,0
molecola_6417,12,0,12,0.004970659967511892,0
molecola_6417,13,0,13,0.0022986913099884987,0
molecola_6417,14,0,14,0.10243421047925949,0
molecola_6417,15,0,15,0.005606449209153652,0
molecola_6417,16,0,16,0.0031209562439471483,0
molecola_6417,17,0,17,0.003985207993537188,0
molecola_6417,18,0,18,0.0016241481062024832,0
molecola_6417,19,0,19,0.007215391378849745,0
molecola_6417,20,0,20,0.015118468552827835,0
molecola_6417,21,0,21,0.014947478659451008,0
molecola_6417,22,0,22,0.011527454480528831,0
molecola_6417,23,0,23,0.013755633495748043,0
molecola_6417,24,0,24,0.05401971936225891,0
molecola_6417,25,0,25,0.13094285130500793,0
molecola_6417,26,0,26,0.09055662900209427,0
molecola_6417,27,0,27,0.019306514412164688,0
molecola_6417,28,0,28,0.00746341235935688,0
molecola_6417,29,1,29,0.9611230492591858,1
molecola_6417,30,1,30,0.9760391116142273,1
molecola_6422,1,0,1,0.007340456359088421,0
molecola_6422,2,0,2,0.040876757353544235,0
molecola_6422,3,0,3,0.04826926067471504,0
molecola_6422,4,0,4,0.044121772050857544,0
molecola_6422,5,0,5,0.02115161530673504,0
molecola_6422,6,0,6,0.004137970507144928,0
molecola_6422,7,0,7,0.030092250555753708,0
molecola_6422,8,0,8,0.11953175067901611,0
molecola_6422,9,0,9,0.1486460268497467,0
molecola_6422,10,0,10,0.20080426335334778,0
molecola_6422,11,0,11,0.05276168882846832,0
molecola_6422,12,1,12,0.836206316947937,1
molecola_6422,13,0,13,0.007653507869690657,0
molecola_6422,14,0,14,0.0034644142724573612,0
molecola_6422,15,0,15,0.005286386702209711,0
molecola_6422,16,0,16,0.019840721040964127,0
molecola_6422,17,0,17,0.02272007428109646,0
molecola_6422,18,0,18,0.05397376790642738,0
molecola_6422,19,0,19,0.12408590316772461,0
molecola_6422,20,0,20,0.11493677645921707,0
molecola_6422,21,0,21,0.030440906062722206,0
molecola_6422,22,0,22,0.010559044778347015,0
molecola_6422,23,0,23,0.0016455395380035043,0
molecola_6422,24,0,24,0.022333145141601562,0
molecola_6422,25,0,25,0.2953985035419464,0
molecola_6422,26,0,26,0.126669242978096,0
molecola_6422,27,0,27,0.03720150142908096,0
molecola_6422,28,0,28,0.00764048146083951,0
molecola_6422,29,0,29,0.008650612086057663,0
molecola_6422,30,0,30,0.014827211387455463,0
molecola_6422,31,0,31,0.044282473623752594,0
molecola_6422,32,0,32,0.014827211387455463,0
molecola_6422,33,0,33,0.008650612086057663,0
molecola_6621,1,0,1,0.3809807598590851,0
molecola_6621,2,0,2,0.13840071856975555,0
molecola_6621,3,0,3,0.06263580918312073,0
molecola_6621,4,0,4,0.003372391453012824,0
molecola_6621,5,0,5,0.009688097052276134,0
molecola_6621,6,0,6,0.009485005401074886,0
molecola_6621,7,0,7,0.01319693960249424,0
molecola_6621,8,0,8,0.03250554949045181,0
molecola_6621,9,0,9,0.01538846641778946,0
molecola_6621,10,0,10,0.008759238757193089,0
molecola_6621,11,0,11,0.007911893539130688,0
molecola_6621,12,0,12,0.0028383794706314802,0
molecola_6621,13,0,13,0.0017933249473571777,0
molecola_6621,14,0,14,0.003570032538846135,0
molecola_6621,15,0,15,0.004194821696728468,0
molecola_6621,16,0,16,0.0033526853658258915,0
molecola_6621,17,0,17,0.0033078729175031185,0
molecola_6621,18,0,18,0.0029101630207151175,0
molecola_6621,19,0,19,0.0033078729175031185,0
molecola_6621,20,0,20,0.0033526853658258915,0
molecola_6621,21,0,21,0.010306797921657562,0
molecola_6621,22,0,22,0.036850351840257645,0
molecola_6621,23,0,23,0.10230645537376404,0
molecola_6621,24,0,24,0.12005191296339035,0
molecola_6621,25,0,25,0.01819617860019207,0
molecola_6621,26,0,26,0.028560975566506386,0
molecola_6621,27,1,27,0.988619327545166,1
molecola_6621,28,1,28,0.9598109722137451,1
molecola_6621,29,1,29,0.9598109722137451,1
molecola_6621,30,0,30,0.009537510573863983,0
molecola_6621,31,0,31,0.02046324871480465,0
molecola_6621,32,0,32,0.040104471147060394,0
molecola_6621,33,0,33,0.09394416213035583,0
molecola_6621,34,0,34,0.12970978021621704,0
molecola_6621,35,0,35,0.12292562425136566,0
molecola_6621,36,0,36,0.06177547946572304,0
molecola_6621,37,0,37,0.01675410382449627,0
molecola_6621,38,0,38,0.0056380173191428185,0
molecola_6621,39,0,39,0.007177989464253187,0
molecola_6687,1,0,1,0.4128749668598175,0
molecola_6687,2,0,2,0.11590287834405899,0
molecola_6687,3,0,3,0.16057606041431427,0
molecola_6687,4,0,4,0.006016212049871683,0
molecola_6687,5,0,5,0.017679225653409958,0
molecola_6687,6,0,6,0.005344119854271412,0
molecola_6687,7,0,7,0.0024766770657151937,0
molecola_6687,8,0,8,0.006472188979387283,0
molecola_6687,9,0,9,0.039063308387994766,0
molecola_6687,10,0,10,0.032973576337099075,0
molecola_6687,11,0,11,0.09115102887153625,0
molecola_6687,12,0,12,0.026667168363928795,0
molecola_6687,13,0,13,0.01468245405703783,0
molecola_6687,14,0,14,0.023941826075315475,0
molecola_6687,15,0,15,0.5670278668403625,1
molecola_6687,16,1,16,0.8685398697853088,1
molecola_6687,17,0,17,0.6018258929252625,1
molecola_6687,18,0,18,0.21886050701141357,0
molecola_6687,19,0,19,0.05757744237780571,0
molecola_6687,20,0,20,0.06136539950966835,0
molecola_6687,21,0,21,0.1007055789232254,0
molecola_6687,22,0,22,0.34778836369514465,0
molecola_6687,23,0,23,0.33608555793762207,0
molecola_6687,24,0,24,0.35920846462249756,0
molecola_6687,25,0,25,0.15825237333774567,0
molecola_6687,26,0,26,0.02882734127342701,0
molecola_6687,27,0,27,0.35059332847595215,0
molecola_6687,28,0,28,0.04140268638730049,0
molecola_6687,29,0,29,0.09127338230609894,0
molecola_6687,30,0,30,0.05471421405673027,0
molecola_6687,31,0,31,0.5915016531944275,1
molecola_6687,32,0,32,0.00909040030092001,0
molecola_6687,33,0,33,0.08166984468698502,0
molecola_6687,34,0,34,0.08166984468698502,0
molecola_6687,35,0,35,0.026972945779561996,0
molecola_6687,36,0,36,0.28950899839401245,0
molecola_6687,37,1,37,0.9800262451171875,1
molecola_6687,38,0,38,0.8891340494155884,1
molecola_6687,39,1,39,0.8891340494155884,1
molecola_6728,1,0,1,0.0914168730378151,0
molecola_6728,2,0,2,0.033733926713466644,0
molecola_6728,3,0,3,0.04350023716688156,0
molecola_6728,4,0,4,0.10347061604261398,0
molecola_6728,5,0,5,0.12732304632663727,0
molecola_6728,6,0,6,0.07595521211624146,0
molecola_6728,7,0,7,0.01736873760819435,0
molecola_6728,8,0,8,0.008904942311346531,0
molecola_6728,9,0,9,0.0025076796300709248,0
molecola_6728,10,0,10,0.005104882176965475,0
molecola_6728,11,0,11,0.002843253081664443,0
molecola_6728,12,0,12,0.0018352273618802428,0
molecola_6728,13,0,13,0.002843253081664443,0
molecola_6728,14,0,14,0.005104882176965475,0
molecola_6728,15,0,15,0.006431993097066879,0
molecola_6728,16,0,16,0.009430715814232826,0
molecola_6728,17,0,17,0.0038808619137853384,0
molecola_6728,18,0,18,0.004276252817362547,0
molecola_6728,19,0,19,0.0017740828916430473,0
molecola_6728,20,0,20,0.060780446976423264,0
molecola_6728,21,0,21,0.09314846992492676,0
molecola_6728,22,0,22,0.07605797052383423,0
molecola_6728,23,0,23,0.007664021570235491,0
molecola_6728,24,0,24,0.35576745867729187,0
molecola_6728,25,1,25,0.8609411716461182,1
molecola_6728,26,1,26,0.9822026491165161,1
molecola_6728,27,0,27,0.8897788524627686,1
molecola_6728,28,1,28,0.8897788524627686,1
molecola_6728,29,0,29,0.004099814221262932,0
molecola_6728,30,0,30,0.007665925659239292,0
molecola_6728,31,0,31,0.001944491290487349,0
molecola_6728,32,0,32,0.001973372185602784,0
molecola_6728,33,0,33,0.0027213268913328648,0
molecola_6728,34,0,34,0.007622093893587589,0
molecola_6728,35,0,35,0.011997834779322147,0
molecola_6728,36,0,36,0.02449251338839531,0
molecola_6728,37,0,37,0.07871344685554504,0
molecola_6728,38,0,38,0.001781219383701682,0
molecola_6728,39,0,39,0.0015563939232379198,0
molecola_6728,40,0,40,0.0015563939232379198,0
molecola_6728,41,0,41,0.0015563939232379198,0
molecola_7124,1,0,1,0.00305069494061172,0
molecola_7124,2,0,2,0.0036019235849380493,0
molecola_7124,3,0,3,0.00305069494061172,0
molecola_7124,4,0,4,0.005123028997331858,0
molecola_7124,5,0,5,0.0028726181481033564,0
molecola_7124,6,0,6,0.0027455452363938093,0
molecola_7124,7,0,7,0.002062369603663683,0
molecola_7124,8,0,8,0.01092839241027832,0
molecola_7124,9,0,9,0.015862204134464264,0
molecola_7124,10,0,10,0.055762387812137604,0
molecola_7124,11,0,11,0.05303768813610077,0
molecola_7124,12,0,12,0.6709131002426147,1
molecola_7124,13,0,13,0.1102873906493187,0
molecola_7124,14,0,14,0.05450702831149101,0
molecola_7124,15,0,15,0.10840918123722076,0
molecola_7124,16,0,16,0.21582934260368347,0
molecola_7124,17,0,17,0.6248518228530884,1
molecola_7124,18,0,18,0.059335123747587204,0
molecola_7124,19,1,19,0.9894722104072571,1
molecola_7124,20,0,20,0.6248518228530884,1
molecola_7124,21,0,21,0.21582934260368347,0
molecola_7217,1,0,1,0.038498178124427795,0
molecola_7217,2,0,2,0.005930048879235983,0
molecola_7217,3,0,3,0.005739074200391769,0
molecola_7217,4,0,4,0.0019341009901836514,0
molecola_7217,5,0,5,0.0016005131183192134,0
molecola_7217,6,0,6,0.003846534062176943,0
molecola_7217,7,0,7,0.006555343046784401,0
molecola_7217,8,0,8,0.00483712088316679,0
molecola_7217,9,0,9,0.004608802031725645,0
molecola_7217,10,0,10,0.0021512245293706656,0
molecola_7217,11,0,11,0.013761754147708416,0
molecola_7217,12,0,12,0.08589012175798416,0
molecola_7217,13,0,13,0.11254201084375381,0
molecola_7217,14,0,14,0.026022952049970627,0
molecola_7217,15,1,15,0.9195031523704529,1
molecola_7217,16,0,16,0.0062807886861264706,0
molecola_7217,17,0,17,0.0017308663809671998,0
molecola_7217,18,0,18,0.006555343046784401,0
molecola_7217,19,0,19,0.003846534062176943,0
molecola_7452,1,0,1,0.09569945186376572,0
molecola_7452,2,0,2,0.04521108418703079,0
molecola_7452,3,0,3,0.04555833712220192,0
molecola_7452,4,0,4,0.024673134088516235,0
molecola_7452,5,0,5,0.010385741479694843,0
molecola_7452,6,0,6,0.011543755419552326,0
molecola_7452,7,0,7,0.0057953898794949055,0
molecola_7452,8,0,8,0.39127305150032043,0
molecola_7452,9,0,9,0.7417658567428589,1
molecola_7452,10,0,10,0.9755404591560364,1
molecola_7452,11,0,11,0.9643394947052002,1
molecola_7452,12,0,12,0.6550801992416382,1
molecola_7452,13,0,13,0.7191207408905029,1
molecola_7452,14,0,14,0.4388691484928131,0
molecola_7452,15,0,15,0.1909824013710022,0
molecola_7452,16,0,16,0.12256277352571487,0
molecola_7452,17,1,17,0.9793949723243713,1
molecola_7452,18,0,18,0.05566386133432388,0
molecola_7452,19,0,19,0.0033953373786062002,0
molecola_7452,20,0,20,0.011669150553643703,0
molecola_7452,21,0,21,0.004914647899568081,0
molecola_7452,22,0,22,0.025747789070010185,0
molecola_7452,23,0,23,0.027502914890646935,0
molecola_7452,24,0,24,0.022066358476877213,0
molecola_7452,25,0,25,0.026714475825428963,0
molecola_7452,26,0,26,0.013195239007472992,0
molecola_7452,27,0,27,0.03130757808685303,0
molecola_7452,28,0,28,0.041613005101680756,0
molecola_7452,29,0,29,0.09538249671459198,0
molecola_7852,1,0,1,0.10661771893501282,0
molecola_7852,2,0,2,0.07595076411962509,0
molecola_7852,3,0,3,0.08770768344402313,0
molecola_7852,4,0,4,0.037651799619197845,0
molecola_7852,5,0,5,0.014427836053073406,0
molecola_7852,6,0,6,0.17480681836605072,0
molecola_7852,7,1,7,0.8521701693534851,1
molecola_7852,8,1,8,0.9829707145690918,1
molecola_7852,9,0,9,0.8893495202064514,1
molecola_7852,10,1,10,0.8893495202064514,1
molecola_7852,11,0,11,0.03262479975819588,0
molecola_7852,12,0,12,0.09040647000074387,0
molecola_7852,13,0,13,0.06518557667732239,0
molecola_7852,14,0,14,0.05883612483739853,0
molecola_7852,15,0,15,0.01121276430785656,0
molecola_7852,16,0,16,0.0042970082722604275,0
molecola_7852,17,0,17,0.007722807582467794,0
molecola_7852,18,0,18,0.003917286172509193,0
molecola_7852,19,0,19,0.04180679842829704,0
molecola_7852,20,0,20,0.00898519903421402,0
molecola_7852,21,0,21,0.0022512259893119335,0
molecola_7852,22,0,22,0.0691554918885231,0
molecola_7852,23,0,23,0.11072424799203873,0
molecola_7852,24,0,24,0.11072424799203873,0
molecola_7852,25,0,25,0.11072424799203873,0
molecola_7852,26,0,26,0.0032842783257365227,0
molecola_7852,27,0,27,0.00458345515653491,0
molecola_7852,28,0,28,0.0026366172824054956,0
molecola_7852,29,0,29,0.006531227845698595,0
molecola_7852,30,0,30,0.0014155928511172533,0
molecola_7852,31,0,31,0.06217703968286514,0
molecola_7852,32,0,32,0.10224643349647522,0
molecola_7852,33,0,33,0.10224643349647522,0
molecola_7852,34,0,34,0.10224643349647522,0
molecola_7938,1,0,1,0.0031647528521716595,0
molecola_7938,2,0,2,0.005619716830551624,0
molecola_7938,3,0,3,0.08310922980308533,0
molecola_7938,4,0,4,0.11408055573701859,0
molecola_7938,5,0,5,0.08310922980308533,0
molecola_7938,6,0,6,0.005619716830551624,0
molecola_7938,7,0,7,0.0031647528521716595,0
molecola_7938,8,0,8,0.0022184206172823906,0
molecola_7938,9,0,9,0.0029149488545954227,0
molecola_7938,10,0,10,0.5426386594772339,1
molecola_7938,11,0,11,0.004599793814122677,0
molecola_7938,12,0,12,0.0026995441876351833,0
molecola_7938,13,0,13,0.0017086374573409557,0
molecola_7938,14,0,14,0.0029546995647251606,0
molecola_7938,15,0,15,0.0034284715075045824,0
molecola_7938,16,0,16,0.011817903257906437,0
molecola_7938,17,0,17,0.013660496100783348,0
molecola_7938,18,0,18,0.023921998217701912,0
molecola_7938,19,0,19,0.03761671483516693,0
molecola_7938,20,0,20,0.016459187492728233,0
molecola_7938,21,0,21,0.010366943664848804,0
molecola_7938,22,0,22,0.0018446337198838592,0
molecola_7938,23,0,23,0.0016946775140240788,0
molecola_7938,24,0,24,0.02775947004556656,0
molecola_7938,25,0,25,0.03666545823216438,0
molecola_7938,26,1,26,0.9671655893325806,1
molecola_7938,27,1,27,0.9729434847831726,1
molecola_8238,1,0,1,0.006368095055222511,0
molecola_8238,2,0,2,0.00579853355884552,0
molecola_8238,3,0,3,0.24263140559196472,0
molecola_8238,4,0,4,0.00579853355884552,0
molecola_8238,5,0,5,0.006368095055222511,0
molecola_8238,6,0,6,0.00901992991566658,0
molecola_8238,7,0,7,0.005636448506265879,0
molecola_8238,8,0,8,0.07234537601470947,0
molecola_8238,9,0,9,0.002052568132057786,0
molecola_8238,10,0,10,0.0017124066362157464,0
molecola_8238,11,0,11,0.0021134584676474333,0
molecola_8238,12,0,12,0.0024625384248793125,0
molecola_8238,13,0,13,0.002823443617671728,0
molecola_8238,14,0,14,0.002391270361840725,0
molecola_8238,15,0,15,0.023922625929117203,0
molecola_8238,16,0,16,0.06546035408973694,0
molecola_8238,17,1,17,0.9792467951774597,1
molecola_8238,18,0,18,0.0060654510743916035,0
molecola_8238,19,0,19,0.0085446173325181,0
molecola_8238,20,0,20,0.017958547919988632,0
molecola_8238,21,0,21,0.0757928192615509,0
molecola_8354,1,1,1,0.9785200953483582,1
molecola_8354,2,0,2,0.092515729367733,0
molecola_8354,3,0,3,0.07091231644153595,0
molecola_8354,4,0,4,0.03893883153796196,0
molecola_8354,5,0,5,0.025718001648783684,0
molecola_8354,6,0,6,0.017246033996343613,0
molecola_8354,7,0,7,0.06388650834560394,0
molecola_8354,8,0,8,0.002398981247097254,0
molecola_8354,9,0,9,0.0029938945081084967,0
molecola_8354,10,0,10,0.009947467595338821,0
molecola_8354,11,0,11,0.006374449469149113,0
molecola_8354,12,0,12,0.004592782352119684,0
molecola_8354,13,0,13,0.0043587093241512775,0
molecola_8354,14,0,14,0.0018910086946561933,0
molecola_8354,15,0,15,0.0013106587575748563,0
molecola_8354,16,0,16,0.0017985206795856357,0
molecola_8354,17,0,17,0.009428261779248714,0
molecola_8354,18,0,18,0.04398529604077339,0
molecola_8354,19,0,19,0.061387624591588974,0
molecola_8354,20,0,20,0.1038828045129776,0
molecola_8354,21,0,21,0.14505599439144135,0
molecola_8354,22,0,22,0.10068703442811966,0
molecola_8354,23,0,23,0.06954862177371979,0
molecola_8354,24,0,24,0.0030651807319372892,0
molecola_8354,25,0,25,0.006374449469149113,0
molecola_8354,26,0,26,0.009947467595338821,0
molecola_8361,1,0,1,0.1194172352552414,0
molecola_8361,2,0,2,0.6647897362709045,1
molecola_8361,3,0,3,0.5812892317771912,1
molecola_8361,4,0,4,0.4340980052947998,0
molecola_8361,5,0,5,0.05553745850920677,0
molecola_8361,6,0,6,0.043885745108127594,0
molecola_8361,7,0,7,0.018782172352075577,0
molecola_8361,8,0,8,0.001285912236198783,0
molecola_8361,9,0,9,0.33457818627357483,0
molecola_8361,10,0,10,0.8493017554283142,1
molecola_8361,11,1,11,0.9821825623512268,1
molecola_8361,12,0,12,0.8889610171318054,1
molecola_8361,13,1,13,0.8889610171318054,1
molecola_8361,14,0,14,0.12451367825269699,0
molecola_8361,15,0,15,0.06943495571613312,0
molecola_8361,16,0,16,0.11241255700588226,0
molecola_8361,17,0,17,0.08361711353063583,0
molecola_8361,18,0,18,0.36674749851226807,0
molecola_8361,19,0,19,0.5459145903587341,1
molecola_8361,20,0,20,0.9839679002761841,1
molecola_837,1,0,1,0.004854177590459585,0
molecola_837,2,0,2,0.011263109743595123,0
molecola_837,3,0,3,0.004854177590459585,0
molecola_837,4,0,4,0.00444314768537879,0
molecola_837,5,0,5,0.0024077249690890312,0
molecola_837,6,0,6,0.002819755347445607,0
molecola_837,7,0,7,0.0021093194372951984,0
molecola_837,8,0,8,0.0028921044431626797,0
molecola_837,9,0,9,0.005005161743611097,0
molecola_837,10,0,10,0.058898624032735825,0
molecola_837,11,0,11,0.12455575913190842,0
molecola_837,12,0,12,0.13381414115428925,0
molecola_837,13,0,13,0.14620675146579742,0
molecola_837,14,1,14,0.9567081928253174,1
molecola_837,15,0,15,0.021083330735564232,0
molecola_8382,1,0,1,0.0022302670404314995,0
molecola_8382,2,0,2,0.003641679650172591,0
molecola_8382,3,0,3,0.037771549075841904,0
molecola_8382,4,0,4,0.0586068332195282,0
molecola_8382,5,1,5,0.6626633405685425,1
molecola_8382,6,0,6,0.061124227941036224,0
molecola_8382,7,1,7,0.989463210105896,1
molecola_8382,8,1,8,0.6626633405685425,1
molecola_8382,9,0,9,0.0586068332195282,0
molecola_8382,10,0,10,0.0028564496897161007,0
molecola_8382,11,0,11,0.013874994590878487,0
molecola_8382,12,0,12,0.036960817873477936,0
molecola_8382,13,0,13,0.0491410493850708,0
molecola_8382,14,0,14,0.02979988232254982,0
molecola_8382,15,0,15,0.03253177925944328,0
molecola_8382,16,0,16,0.08534836024045944,0
molecola_8382,17,0,17,0.1310606449842453,0
molecola_8382,18,0,18,0.11053021252155304,0
molecola_8382,19,0,19,0.05269123986363411,0
molecola_8382,20,0,20,0.0036054132506251335,0
molecola_8564,1,0,1,0.31100770831108093,0
molecola_8564,2,0,2,0.10598839819431305,0
molecola_8564,3,0,3,0.03585750237107277,0
molecola_8564,4,0,4,0.0032928166911005974,0
molecola_8564,5,0,5,0.0014949832111597061,0
molecola_8564,6,0,6,0.010080056264996529,0
molecola_8564,7,0,7,0.010842551477253437,0
molecola_8564,8,0,8,0.01314361672848463,0
molecola_8564,9,0,9,0.13110940158367157,0
molecola_8564,10,0,10,0.00513323163613677,0
molecola_8564,11,0,11,0.006190199870616198,0
molecola_8564,12,1,12,0.7957260012626648,1
molecola_8564,13,1,13,0.9763734340667725,1
molecola_8564,14,1,14,0.9645978808403015,1
molecola_8564,15,1,15,0.8314938545227051,1
molecola_8564,16,1,16,0.8283935785293579,1
molecola_8564,17,0,17,0.5403313040733337,1
molecola_8564,18,0,18,0.05914974957704544,0
molecola_8564,19,0,19,0.07369059324264526,0
molecola_8564,20,0,20,0.03973554074764252,0
molecola_8564,21,0,21,0.07369059324264526,0
molecola_8564,22,0,22,0.05914974957704544,0
molecola_8564,23,0,23,0.013330087997019291,0
molecola_8564,24,0,24,0.0158893670886755,0
molecola_8576,1,0,1,0.019215472042560577,0
molecola_8576,2,0,2,0.006987368687987328,0
molecola_8576,3,0,3,0.003827416803687811,0
molecola_8576,4,0,4,0.012222977355122566,0
molecola_8576,5,0,5,0.0028786531183868647,0
molecola_8576,6,0,6,0.007285482715815306,0
molecola_8576,7,0,7,0.008675592020154,0
molecola_8576,8,0,8,0.003612680360674858,0
molecola_8576,9,0,9,0.35695233941078186,0
molecola_8576,10,0,10,0.65053790807724,1
molecola_8576,11,1,11,0.8481938242912292,1
molecola_8576,12,1,12,0.9817107319831848,1
molecola_8576,13,0,13,0.8894875049591064,1
molecola_8576,14,1,14,0.8894875049591064,1
molecola_8576,15,0,15,0.012593591585755348,0
molecola_8576,16,0,16,0.010889634490013123,0
molecola_8576,17,0,17,0.005013266112655401,0
molecola_8576,18,0,18,0.004076302517205477,0
molecola_8576,19,0,19,0.007037272211164236,0
molecola_8576,20,0,20,0.013806228525936604,0
molecola_8576,21,0,21,0.013220923952758312,0
molecola_8576,22,0,22,0.013806228525936604,0
molecola_8576,23,0,23,0.007037272211164236,0
molecola_8576,24,0,24,0.004869505763053894,0
molecola_8576,25,0,25,0.060037605464458466,0
molecola_8576,26,0,26,0.11292624473571777,0
molecola_8576,27,0,27,0.10522252321243286,0
molecola_8576,28,0,28,0.052521854639053345,0
molecola_8576,29,0,29,0.012951524928212166,0
molecola_8576,30,0,30,0.09982915222644806,0
molecola_8576,31,0,31,0.056012123823165894,0
molecola_8663,1,0,1,0.0031532030552625656,0
molecola_8663,2,0,2,0.004412896931171417,0
molecola_8663,3,0,3,0.04247007146477699,0
molecola_8663,4,1,4,0.9267079830169678,1
molecola_8663,5,1,5,0.9495437145233154,1
molecola_8663,6,0,6,0.07163193821907043,0
molecola_8663,7,0,7,0.034749168902635574,0
molecola_8663,8,0,8,0.013200727291405201,0
molecola_8663,9,0,9,0.0019212845945730805,0
molecola_8663,10,0,10,0.893878698348999,1
molecola_8663,11,0,11,0.8943290710449219,1
molecola_8663,12,0,12,0.953532338142395,1
molecola_8663,13,0,13,0.5379970073699951,1
molecola_8663,14,0,14,0.022794105112552643,0
molecola_8663,15,0,15,0.017638687044382095,0
molecola_8663,16,0,16,0.09743907302618027,0
molecola_8663,17,0,17,0.1335754692554474,0
molecola_8663,18,0,18,0.09743907302618027,0
molecola_8663,19,0,19,0.017638687044382095,0
molecola_8663,20,0,20,0.009172720834612846,0
molecola_8663,21,0,21,0.018766896799206734,0
molecola_8663,22,0,22,0.7933937311172485,1
molecola_8663,23,0,23,0.576369047164917,1
molecola_8663,24,1,24,0.5314912796020508,1
molecola_8663,25,0,25,0.4259059727191925,0
molecola_8663,26,0,26,0.4805713891983032,0
molecola_8663,27,1,27,0.80216383934021,1
molecola_8663,28,0,28,0.7570933699607849,1
molecola_8663,29,0,29,0.5325776934623718,1
molecola_8663,30,0,30,0.5377447009086609,1
molecola_8663,31,0,31,0.5721896290779114,1
molecola_8663,32,0,32,0.5150697231292725,1
molecola_8663,33,0,33,0.5315985679626465,1
molecola_8663,34,0,34,0.5024051070213318,1
molecola_8759,1,0,1,0.18938541412353516,0
molecola_8759,2,0,2,0.07838284969329834,0
molecola_8759,3,0,3,0.04867396503686905,0
molecola_8759,4,0,4,0.03848476707935333,0
molecola_8759,5,0,5,0.03685995191335678,0
molecola_8759,6,0,6,0.0309996847063303,0
molecola_8759,7,0,7,0.02143741212785244,0
molecola_8759,8,0,8,0.012783825397491455,0
molecola_8759,9,0,9,0.002626673551276326,0
molecola_8759,10,0,10,0.004721471574157476,0
molecola_8759,11,0,11,0.004866271745413542,0
molecola_8759,12,0,12,0.0024991731625050306,0
molecola_8759,13,0,13,0.0030047171749174595,0
molecola_8759,14,0,14,0.0037384184543043375,0
molecola_8759,15,0,15,0.025175413116812706,0
molecola_8759,16,1,16,0.9036852121353149,1
molecola_8759,17,1,17,0.9830043315887451,1
molecola_8759,18,0,18,0.8897302150726318,1
molecola_8759,19,1,19,0.8897302150726318,1
molecola_8759,20,0,20,0.0019481268245726824,0
molecola_8759,21,0,21,0.0024580166209489107,0
molecola_8759,22,0,22,0.0018539080629125237,0
molecola_8759,23,0,23,0.026379920542240143,0
molecola_8759,24,0,24,0.008615173399448395,0
molecola_8759,25,0,25,0.0022299785632640123,0
molecola_8759,26,0,26,0.06820265203714371,0
molecola_8759,27,0,27,0.11072433739900589,0
molecola_8759,28,0,28,0.11072433739900589,0
molecola_8759,29,0,29,0.11072433739900589,0
molecola_8759,30,0,30,0.002754351356998086,0
molecola_9028,1,0,1,0.028005054220557213,0
molecola_9028,2,0,2,0.02844926342368126,0
molecola_9028,3,0,3,0.046719375997781754,0
molecola_9028,4,0,4,0.01325994823127985,0
molecola_9028,5,0,5,0.017030080780386925,0
molecola_9028,6,0,6,0.005428755190223455,0
molecola_9028,7,0,7,0.003293732414022088,0
molecola_9028,8,0,8,0.002958025084808469,0
molecola_9028,9,0,9,0.0041002738289535046,0
molecola_9028,10,0,10,0.00304634147323668,0
molecola_9028,11,0,11,0.0038437247276306152,0
molecola_9028,12,0,12,0.0018911005463451147,0
molecola_9028,13,0,13,0.0016416962025687099,0
molecola_9028,14,0,14,0.006511400919407606,0
molecola_9028,15,0,15,0.0069848778657615185,0
molecola_9028,16,0,16,0.02211989462375641,0
molecola_9028,17,0,17,0.0069848778657615185,0
molecola_9028,18,0,18,0.006511400919407606,0
molecola_9028,19,0,19,0.15229517221450806,0
molecola_9028,20,0,20,0.05154689401388168,0
molecola_9028,21,0,21,0.07721909135580063,0
molecola_9028,22,0,22,0.2415563315153122,0
molecola_9028,23,0,23,0.09582841396331787,0
molecola_9028,24,1,24,0.986444890499115,1
molecola_9028,25,0,25,0.16433972120285034,0
molecola_9028,26,0,26,0.013683497905731201,0
molecola_9028,27,0,27,0.016065362840890884,0
molecola_9028,28,0,28,0.002958025084808469,0
molecola_9028,29,0,29,0.003293732414022088,0
molecola_9028,30,0,30,0.07293376326560974,0
molecola_9028,31,0,31,0.1270332783460617,0
molecola_9028,32,0,32,0.48234936594963074,0
molecola_9179,1,0,1,0.00441270787268877,0
molecola_9179,2,0,2,0.003241643775254488,0
molecola_9179,3,0,3,0.00441270787268877,0
molecola_9179,4,0,4,0.0015830481424927711,0
molecola_9179,5,0,5,0.0017163784941658378,0
molecola_9179,6,0,6,0.0017484347335994244,0
molecola_9179,7,0,7,0.005840653087943792,0
molecola_9179,8,0,8,0.00807451643049717,0
molecola_9179,9,0,9,0.01277468167245388,0
molecola_9179,10,1,10,0.0638166069984436,0
molecola_9179,11,1,11,0.01251688227057457,0
molecola_9179,12,0,12,0.05173935368657112,0
molecola_9179,13,0,13,0.03176294267177582,0
molecola_9179,14,0,14,0.00991055741906166,0
molecola_9179,15,0,15,0.0014244124758988619,0
molecola_9179,16,0,16,0.0017869106959551573,0
molecola_9179,17,0,17,0.0013267751783132553,0
molecola_9179,18,0,18,0.0016684953588992357,0
molecola_9179,19,0,19,0.0018228621920570731,0
molecola_9179,20,0,20,0.05262422934174538,0
molecola_9179,21,0,21,0.00410108407959342,0
molecola_9179,22,0,22,0.00410108407959342,0
molecola_9179,23,0,23,0.004876683000475168,0
molecola_9179,24,1,24,0.983702540397644,1
molecola_9179,25,0,25,0.9112489819526672,1
molecola_9179,26,1,26,0.9112489819526672,1
molecola_9397,1,0,1,0.09288397431373596,0
molecola_9397,2,0,2,0.22663092613220215,0
molecola_9397,3,0,3,0.1583816558122635,0
molecola_9397,4,0,4,0.026499642059206963,0
molecola_9397,5,0,5,0.030521396547555923,0
molecola_9397,6,0,6,0.11419317871332169,0
molecola_9397,7,0,7,0.11115161329507828,0
molecola_9397,8,0,8,0.07505906373262405,0
molecola_9397,9,0,9,0.03566088527441025,0
molecola_9397,10,0,10,0.2341640293598175,0
molecola_9397,11,0,11,0.19549396634101868,0
molecola_9397,12,0,12,0.365621954202652,0
molecola_9397,13,0,13,0.11931522935628891,0
molecola_9397,14,0,14,0.1811557561159134,0
molecola_9397,15,0,15,0.48661091923713684,0
molecola_9397,16,0,16,0.11003998667001724,0
molecola_9397,17,1,17,0.9803453087806702,1
molecola_9397,18,0,18,0.3895033001899719,0
molecola_9397,19,1,19,0.9180454611778259,1
molecola_9397,20,0,20,0.0992686003446579,0
molecola_9659,1,0,1,0.05736352503299713,0
molecola_9659,2,0,2,0.4147457778453827,0
molecola_9659,3,0,3,0.49902796745300293,0
molecola_9659,4,0,4,0.7408904433250427,1
molecola_9659,5,0,5,0.39350569248199463,0
molecola_9659,6,0,6,0.48523348569869995,0
molecola_9659,7,0,7,0.04417915642261505,0
molecola_9659,8,0,8,0.1524440348148346,0
molecola_9659,9,0,9,0.4916006028652191,0
molecola_9659,10,1,10,0.8965513706207275,1
molecola_9659,11,1,11,0.9096837639808655,1
molecola_9659,12,1,12,0.9067119359970093,1
molecola_9659,13,1,13,0.9196944236755371,1
molecola_9659,14,0,14,0.09542389959096909,0
molecola_9659,15,0,15,0.10021911561489105,0
molecola_9659,16,0,16,0.2782234251499176,0
molecola_9659,17,0,17,0.09768112748861313,0
molecola_9659,18,0,18,0.004456174559891224,0
molecola_9659,19,0,19,0.005599345080554485,0
molecola_9659,20,0,20,0.013243761844933033,0
molecola_9659,21,0,21,0.021923843771219254,0
molecola_9659,22,0,22,0.005079831928014755,0
molecola_9659,23,0,23,0.02964845672249794,0
molecola_9659,24,0,24,0.0030358112417161465,0
molecola_9659,25,0,25,0.003510515671223402,0
molecola_9659,26,0,26,0.002475942252203822,0
molecola_9659,27,0,27,0.002475942252203822,0
molecola_9659,28,0,28,0.1640077531337738,0
molecola_9659,29,0,29,0.7657689452171326,1
molecola_9659,30,0,30,0.2667173445224762,0
molecola_9659,31,0,31,0.03138033673167229,0
molecola_9659,32,0,32,0.017570527270436287,0
molecola_9659,33,0,33,0.09720147401094437,0
molecola_9659,34,0,34,0.1335754692554474,0
molecola_9659,35,0,35,0.09720147401094437,0
molecola_9659,36,0,36,0.017570527270436287,0
molecola_966,1,0,1,0.8020445704460144,1
molecola_966,2,0,2,0.059722304344177246,0
molecola_966,3,0,3,0.028389159590005875,0
molecola_966,4,0,4,0.0071491217240691185,0
molecola_966,5,0,5,0.003082711948081851,0
molecola_966,6,0,6,0.004191480576992035,0
molecola_966,7,0,7,0.0023985409643501043,0
molecola_966,8,0,8,0.032323721796274185,0
molecola_966,9,0,9,0.012788665480911732,0
molecola_966,10,0,10,0.016248075291514397,0
molecola_966,11,0,11,0.005136905238032341,0
molecola_966,12,0,12,0.005334762390702963,0
molecola_966,13,0,13,0.0057674250565469265,0
molecola_966,14,0,14,0.28902724385261536,0
molecola_966,15,0,15,0.16007669270038605,0
molecola_966,16,1,16,0.9720078110694885,1
molecola_966,17,0,17,0.3566489815711975,0
molecola_966,18,0,18,0.930244505405426,1
molecola_966,19,0,19,0.9528579711914062,1
molecola_966,20,0,20,0.052602946758270264,0
molecola_966,21,0,21,0.09582358598709106,0
molecola_966,22,0,22,0.12047889083623886,0
molecola_966,23,0,23,0.13318121433258057,0
molecola_966,24,0,24,0.12047889083623886,0
molecola_966,25,0,25,0.09582358598709106,0
molecola_966,26,0,26,0.005136905238032341,0
molecola_966,27,0,27,0.016248075291514397,0
molecola_966,28,0,28,0.018536152318120003,0
molecola_966,29,0,29,0.0805334523320198,0
molecola_9785,1,0,1,0.12570089101791382,0
molecola_9785,2,0,2,0.048418302088975906,0
molecola_9785,3,0,3,0.1032557338476181,0
molecola_9785,4,0,4,0.020312568172812462,0
molecola_9785,5,0,5,0.07289464771747589,0
molecola_9785,6,0,6,0.11537279188632965,0
molecola_9785,7,0,7,0.31079035997390747,0
molecola_9785,8,0,8,0.13776260614395142,0
molecola_9785,9,1,9,0.9872351288795471,1
molecola_9785,10,0,10,0.2106059342622757,0
molecola_9785,11,0,11,0.7173474431037903,1
molecola_9785,12,0,12,0.2706165015697479,0
molecola_9785,13,0,13,0.2425057590007782,0
molecola_9785,14,0,14,0.2174271047115326,0
molecola_9785,15,0,15,0.12200023233890533,0
molecola_9785,16,0,16,0.07248806953430176,0
molecola_9785,17,0,17,0.0412791408598423,0
molecola_9785,18,0,18,0.002816571621224284,0
molecola_9785,19,0,19,0.005022360011935234,0
molecola_9785,20,0,20,0.03334716707468033,0
molecola_9785,21,0,21,0.056579023599624634,0
molecola_9785,22,0,22,0.06452518701553345,0
molecola_9785,23,0,23,0.009824728593230247,0
molecola_9794,1,0,1,0.08293817192316055,0
molecola_9794,2,0,2,0.030818672850728035,0
molecola_9794,3,0,3,0.02288377285003662,0
molecola_9794,4,0,4,0.018269896507263184,0
molecola_9794,5,0,5,0.023387271910905838,0
molecola_9794,6,1,6,0.9553300738334656,1
molecola_9794,7,1,7,0.9754630923271179,1
molecola_9794,8,0,8,0.0047754221595823765,0
molecola_9794,9,0,9,0.0037178457714617252,0
molecola_9794,10,0,10,0.005849428474903107,0
molecola_9794,11,0,11,0.010596093721687794,0
molecola_9794,12,0,12,0.0043035889975726604,0
molecola_9794,13,0,13,0.01881578378379345,0
molecola_9794,14,0,14,0.0076697636395692825,0
molecola_9794,15,0,15,0.0028606157284229994,0
molecola_9794,16,0,16,0.03265609219670296,0
molecola_9950,1,0,1,0.0046688769944012165,0
molecola_9950,2,0,2,0.004604862071573734,0
molecola_9950,3,0,3,0.0055589014664292336,0
molecola_9950,4,0,4,0.004099187441170216,0
molecola_9950,5,0,5,0.0018546635983511806,0
molecola_9950,6,0,6,0.004099187441170216,0
molecola_9950,7,0,7,0.0055589014664292336,0
molecola_9950,8,0,8,0.0027711906004697084,0
molecola_9950,9,0,9,0.011183461174368858,0
molecola_9950,10,0,10,0.011244958266615868,0
molecola_9950,11,0,11,0.06903783977031708,0
molecola_9950,12,0,12,0.12322046607732773,0
molecola_9950,13,0,13,0.12319713085889816,0
molecola_9950,14,0,14,0.06895144283771515,0
molecola_9950,15,0,15,0.011379987932741642,0
molecola_9950,16,0,16,0.011051107197999954,0
molecola_9950,17,0,17,0.020536169409751892,0
molecola_9950,18,0,18,0.02213464491069317,0
molecola_9950,19,0,19,0.10817165672779083,0
molecola_9950,20,0,20,0.017735924571752548,0
molecola_9950,21,0,21,0.009526371955871582,0
molecola_9950,22,1,22,0.9885417222976685,1
molecola_9950,23,1,23,0.9586231112480164,1
molecola_9950,24,1,24,0.9586231112480164,1
molecola_9971,1,0,1,0.001604900462552905,0
molecola_9971,2,0,2,0.0035013167653232813,0
molecola_9971,3,1,3,0.9755419492721558,1
molecola_9971,4,1,4,0.9794207215309143,1
molecola_9971,5,0,5,0.002814477775245905,0
molecola_9971,6,0,6,0.007930172607302666,0
molecola_9971,7,0,7,0.002700012642890215,0
molecola_9971,8,0,8,0.001617742353118956,0
molecola_9971,9,0,9,0.007905720733106136,0
molecola_9971,10,0,10,0.00993133895099163,0
molecola_9971,11,0,11,0.0027186430525034666,0
molecola_9971,12,0,12,0.005874665454030037,0
molecola_9971,13,0,13,0.00794755294919014,0
molecola_9971,14,0,14,0.009103630669414997,0
molecola_9971,15,0,15,0.011205418035387993,0
molecola_9971,16,1,16,0.13836771249771118,0
molecola_9971,17,0,17,0.09741446375846863,0
molecola_9971,18,0,18,0.02191278338432312,0
molecola_9971,19,0,19,0.011755852028727531,0
molecola_9971,20,1,20,0.11836172640323639,0
molecola_9971,21,0,21,0.004214773420244455,0
molecola_9971,22,0,22,0.0015548659721389413,0
molecola_9971,23,0,23,0.0015130795072764158,0
