molecole;indice_atomi;match;prediction;prediction_binary;fame_score;shannon_entropy;som_score;som_score_binary
10382;1;0;0,004;0;0,8424242424242424;0,9881489563064276;0,273291;0
10382;2;1;0,404;1;0,9296296296296296;0,7298563169471575;0,496314;0
10382;3;0;0,012;0;0,8505050505050505;0,9660780975952254;0,111046;0
10382;4;0;0,004;0;0,7692307692307693;0,1414405425418206;0,002619;0
10382;5;0;0,008;0;0,8396825396825397;0,1633455431834023;0,001264;0
10382;6;0;0,004;0;0,8379084967320262;0,0937779098477716;0,001343;0
10382;7;0;0,0;0;0,7647058823529411;0,0376223603222784;0,000173;0
10382;8;0;0,008;0;0,75;0,1633455431834023;0,001247;0
10382;9;0;0,008;0;0,8013366750208855;0,1633455431834023;0,001643;0
10382;10;0;0,048;0;0,7420478072651985;0,3113573704292831;0,009176;0
10382;11;0;0,016;0;0,7727272727272728;0,2778395739583094;0,012237;0
10382;12;0;0,06;0;0,7261904761904763;0,2422921890824148;0,019514;0
10382;13;0;0,004;0;0,7964912280701754;0,0937779098477716;0,104797;0
10382;14;0;0,016;0;0,6521739130434783;0,0376223603222784;0,229464;0
10382;15;0;0,0;0;0,7463768115942028;0,0;0,021141;0
10382;16;0;0,004;0;0,7245614035087719;0,0937779098477716;0,144829;0
10382;17;0;0,028;0;0,75;0,2236416644844808;0,012736;0
10382;18;0;0,008;0;0,8021978021978021;0,2236416644844808;0,02623;0
10382;19;0;0,012;0;0,8333333333333334;0,0376223603222784;0,079702;0
10382;20;0;0,012;0;0,8333333333333334;0,0376223603222784;0,058176;0
10382;21;0;0,036;0;0,8333333333333334;0,5407504779634867;0,332451;0
10382;22;0;0,012;0;0,7692307692307693;0,5946193440950124;0,000503;0
10382;23;0;0,012;0;0,7692307692307693;0,5946193440950124;0,00225;0
10382;24;0;0,004;0;0,7245614035087719;0,0937779098477716;0,002414;0
10382;25;0;0,0;0;0,7463768115942028;0,0;0,004377;0
10382;26;0;0,02;0;0,7893518518518517;0,4297586093037605;0,005795;0
10382;27;0;0,036;0;0,7368421052631579;0,3274449191544763;0,005677;0
10382;28;0;0,016;0;0,7456427015250545;0,2422921890824148;0,853169;1
10382;29;0;0,18;0;0,7053571428571429;0,697268815792328;0,516719;1
10382;30;0;0,06;0;0,6999999999999998;0,584238811642856;0,433173;0
10382;31;0;0,052;0;0,7456140350877193;0,5407504779634867;0,116668;0
10382;32;0;0,004;0;0,8379084967320262;0,0937779098477716;0,014233;0
10382;33;0;0,008;0;0,8396825396825397;0,1633455431834023;0,013116;0
10565;1;1;0,048;0;0,6;0,1842605933396551;0,169934;0
10565;2;1;0,148;0;0,5714285714285714;0,737642380185689;0,110335;0
10565;3;0;0,544;1;0,6;0,904381457724494;0,012995;0
10565;4;0;0,032;0;0,6063492063492064;0,4021791902022729;0,153272;0
10565;5;0;0,08;0;0,6230936819172114;0,9795438195294628;0,687422;1
10565;6;0;0,056;0;0,6719367588932806;0,3113573704292831;0,262447;0
10565;7;0;0,152;0;0,6666666666666666;0,4021791902022729;0,177476;0
10565;8;0;0,152;0;0,6593137254901961;0,4561861025695263;0,121806;0
10565;9;0;0,024;0;0,6842105263157895;0,3113573704292831;0,112353;0
10565;10;0;0,024;0;0,6335784313725491;0,5293608652873644;0,27049;0
10565;11;0;0,072;0;0,5973429951690822;0,3733433210798535;0,301178;0
10565;12;0;0,008;0;0,6081780538302278;0,1633455431834023;0,007374;0
10565;13;0;0,004;0;0,657948717948718;0,2043246709802796;0,003205;0
10565;14;0;0,012;0;0,6363636363636364;0,2948328193632007;0,003941;0
10565;15;0;0,0;0;0,823529411764706;0,2948328193632007;0,003064;0
10565;16;0;0,02;0;0,7561274509803922;0,697268815792328;0,022269;0
10565;17;0;0,02;0;0,7692307692307693;0,7950402793845223;0,024123;0
10565;18;0;0,02;0;0,7692307692307693;0,7950402793845223;0,020921;0
10565;19;0;0,012;0;0,6385046113306982;0,118350011408275;0,000531;0
10565;20;0;0,008;0;0,8008255933952529;0,2043246709802796;0,005158;0
10565;21;0;0,012;0;0,8222222222222223;0,3274449191544763;0,006527;0
10565;22;0;0,032;0;0,9285714285714284;0,2603406250124504;0,002864;0
10565;23;0;0,004;0;0,6618357487922705;0,0937779098477716;0,004001;0
10565;24;0;0,0;0;0,625;0,0672215447583068;0,000185;0
10835;1;0;0,0;0;1,0;0,1414405425418206;0,043294;0
10835;2;0;0,0;0;0,9666666666666668;0,4815485438118002;0,061415;0
10835;3;0;0,62;1;1,0;0,9551678918612524;0,105448;0
10835;4;0;0,0;0;0,9666666666666668;0,4815485438118002;0,060687;0
10835;5;0;0,0;0;1,0;0,1414405425418206;0,053242;0
10835;6;0;0,0;0;0,9111111111111112;0,908678384800712;0,036229;0
10835;7;0;0,0;0;0,9166666666666666;0,908678384800712;0,101732;0
10835;8;0;0,008;0;0,8518518518518517;0,0;0,241328;0
10835;9;0;0,004;0;0,8518518518518517;0,0937779098477716;0,004055;0
10835;10;0;0,0;0;0,925925925925926;0,0;0,006792;0
10835;11;0;0,016;0;0,9019607843137256;0,0937779098477716;0,071822;0
10835;12;0;0,0;0;0,9365079365079364;0,0;0,003398;0
10835;13;0;0,004;0;0,8472222222222222;0,2043246709802796;0,004183;0
10835;14;0;0,004;0;0,85;0,2236416644844808;0,002983;0
10835;15;0;0,004;0;0,8727272727272727;0,2236416644844808;0,003243;0
10835;16;0;0,0;0;0,803034188034188;0,0376223603222784;0,073995;0
10835;17;0;0,004;0;0,8531746031746031;0,1414405425418206;0,292622;0
10835;18;0;0,0;0;0,8631578947368421;0,3733433210798535;0,111857;0
10835;19;0;0,0;0;0,8130718954248367;0,4021791902022729;0,038763;0
10835;20;0;0,012;0;0,7718947718947718;0,8443198937773438;0,038448;0
10835;21;0;0,008;0;0,7472222222222222;0,8554508105601307;0,066036;0
10835;22;0;0,7;1;0,6676767676767676;0,998337376521882;0,052415;0
10835;23;1;0,012;0;0,8663324979114453;0,0937779098477716;0,423212;0
10835;24;0;0,0;0;0,9277605779153768;0,0;0,038347;0
10835;25;1;0,004;0;0,9375;0,4938537236995206;0,659387;1
10835;26;0;0,0;0;0,9444444444444444;0,3274449191544763;0,009368;0
10835;27;0;0,0;0;0,9523809523809524;0,9634967421655786;0,003472;0
10835;28;0;0,0;0;0,9607843137254902;0,0376223603222784;0,003478;0
10835;29;0;0,0;0;0,9348370927318296;0,0;0,003043;0
10835;30;0;0,0;0;0,9365079365079364;0,0;0,000902;0
10835;31;0;0,0;0;0,925925925925926;0,0;0,002857;0
10835;32;0;0,016;0;0,9019607843137256;0,0937779098477716;0,000733;0
11115;1;1;0,044;0;0,7113289760348583;0,2778395739583094;0,518711;1
11115;2;1;0,14;0;0,7121693121693121;0,9459534760689116;0,612986;1
11115;3;0;0,432;1;0,7113289760348583;0,9426831892554924;0,090206;0
11115;4;1;0,056;0;0,709551656920078;0,5293608652873644;0,36228;0
11115;5;0;0,008;0;0,7894736842105262;0,2422921890824148;0,019191;0
11115;6;0;0,004;0;0,8995098039215685;0,1842605933396551;0,010301;0
11115;7;0;0,004;0;0,8125;0,7056366064601749;0,004963;0
11115;8;0;0,004;0;0,8498168498168498;0,5407504779634867;0,008032;0
11115;9;0;0,004;0;0,8660130718954249;0,4297586093037605;0,041078;0
11115;10;0;0,004;0;0,8000000000000002;0,1633455431834023;0,061228;0
11115;11;0;0,06;0;0,7873015873015873;0,5628977911449632;0,12031;0
11115;12;0;0,004;0;0,8000000000000002;0,1633455431834023;0,081113;0
11115;13;0;0,004;0;0,8660130718954249;0,4297586093037605;0,024001;0
11115;14;0;0,004;0;0,8498168498168498;0,5407504779634867;0,009031;0
11115;15;0;0,004;0;0,8125;0,7056366064601749;0,0081;0
11115;16;0;0,004;0;0,8995098039215685;0,1842605933396551;0,014562;0
11115;17;0;0,008;0;0,7894736842105262;0,2422921890824148;0,022027;0
11484;1;1;0,252;0;0,6410256410256411;0,904381457724494;0,596714;1
11484;2;0;0,072;0;0,8095238095238094;0,5736665363828041;0,343894;0
11484;3;0;0,096;0;0,5882352941176471;0,7950402793845223;0,065956;0
11484;4;0;0,072;0;0,5882352941176471;0,5736665363828041;0,024187;0
11484;5;0;0,024;0;0,5835784313725491;0,2422921890824148;0,08401;0
11484;6;0;0,012;0;0,7222222222222222;0,2422921890824148;0,267999;0
11484;7;0;0,016;0;0,6752136752136751;0,443110558244691;0,175428;0
11484;8;0;0,056;0;0,8000000000000002;0,7674044165839727;0,09781;0
11484;9;0;0,016;0;0,6752136752136751;0,443110558244691;0,001308;0
11484;10;0;0,012;0;0,7222222222222222;0,2422921890824148;0,014672;0
11484;11;0;0,12;0;0,6936274509803922;0,7452883145630643;0,039389;0
11484;12;0;0,192;0;0,7333333333333333;0,6437935214851034;0,134908;0
11484;13;0;0,076;0;0,6923076923076922;0,5946193440950124;0,032111;0
11484;14;0;0,012;0;0,6565656565656566;0,2043246709802796;0,01346;0
11500;1;1;0,808;1;0,7777777777777777;0,8080927832245588;0,822676;1
11500;2;1;0,052;0;0,918954248366013;0,737642380185689;0,543512;1
11500;3;0;0,0;0;0,9277605779153768;0,0;0,23376;0
11500;4;0;0,036;0;0,918954248366013;0,3274449191544763;0,172562;0
11500;5;0;0,004;0;0,9236111111111112;0,118350011408275;0,041715;0
11500;6;0;0,0;0;0,9348370927318296;0,0376223603222784;0,021787;0
11500;7;0;0,012;0;0,9674603174603176;0,0376223603222784;0,042275;0
11500;8;0;0,0;0;0,9716183574879228;0,0;0,199019;0
11500;9;0;0,0;0;0,9674603174603176;0,0376223603222784;0,038268;0
11500;10;0;0,0;0;1,0;0,0376223603222784;0,005339;0
11500;11;0;0,0;0;1,0;0,0;0,007373;0
11500;12;0;0,0;0;1,0;0,0;0,005233;0
11500;13;0;0,004;0;0,9722222222222222;0,0376223603222784;0,002845;0
11500;14;0;0,004;0;0,9476495726495728;0,0;0,003064;0
11500;15;0;0,016;0;0,9733333333333332;0,0;0,025142;0
11500;16;0;0,0;0;0,9710144927536232;0,0;0,107693;0
11500;17;0;0,0;0;0,9803921568627452;0,0;0,001934;0
11500;18;0;0,0;0;1,0;0,0;0,006922;0
11500;19;0;0,004;0;1,0;0,0672215447583068;0,005662;0
11500;20;0;0,004;0;1,0;0,0672215447583068;0,101714;0
11500;21;0;0,008;0;0,9803921568627452;0,0376223603222784;0,003301;0
11500;22;0;0,008;0;1,0;0,0;0,004532;0
11500;23;0;0,008;0;0,9733333333333332;0,0;0,004858;0
11500;24;0;0,008;0;0,9431818181818182;0,68007704572828;0,30433;0
11894;1;0;0,012;0;0,7072368421052632;0,5293608652873644;0,031433;0
11894;2;0;0,0;0;0,7074074074074074;0,5407504779634867;0,213252;0
11894;3;1;0,132;0;0,7965686274509803;0,4938537236995206;0,134457;0
11894;4;0;0,012;0;0,7619047619047619;0,5946193440950124;0,0669;0
11894;5;0;0,012;0;0,75;0,6437935214851034;0,037337;0
11894;6;0;0,012;0;0,75;0,6437935214851034;0,037903;0
11894;7;0;0,028;0;0,7444444444444445;0,4938537236995206;0,080065;0
11894;8;0;0,024;0;0,6523125996810207;0,2948328193632007;0,055875;0
11894;9;1;0,044;0;0,6568580542264754;0,7674044165839727;0,225257;0
11894;10;1;0,22;0;0,7148148148148148;0,6148227571490692;0,34618;0
11894;11;0;0,0;0;0,7368421052631579;0,0672215447583068;0,004996;0
11894;12;0;0,0;0;0,8125;0,2778395739583094;0,002165;0
11894;13;0;0,0;0;0,7388888888888889;0,3113573704292831;0,000883;0
11894;14;0;0,004;0;0,8282828282828283;0,8080927832245588;0,002899;0
11894;15;0;0,0;0;0,7738095238095237;0,1842605933396551;0,010832;0
11894;16;0;0,02;0;0,8282828282828283;0,118350011408275;0,100218;0
11894;17;0;0,0;0;0,8125;0,2043246709802796;0,002016;0
11943;1;1;0,0;0;0,7999999999999999;0,0937779098477716;0,30917;0
11943;2;1;0,008;0;0,7660256410256411;0,5407504779634867;0,07784;0
11943;3;0;0,024;0;0,7266666666666667;0,5059192440727412;0,145636;0
11943;4;0;0,004;0;0,852437417654809;0,0672215447583068;0,310306;0
11943;5;0;0,008;0;0,85;0,2603406250124504;0,035348;0
11943;6;0;0,0;0;0,8666666666666667;0,2043246709802796;0,007382;0
11943;7;0;0,004;0;0,9;0,3274449191544763;0,000411;0
11943;8;0;0,0;0;0,8666666666666667;0,2043246709802796;0,001303;0
11943;9;0;0,008;0;0,85;0,2603406250124504;0,002238;0
11943;10;0;0,004;0;0,852437417654809;0,0672215447583068;0,17964;0
11943;11;0;0,008;0;0,85;0,2603406250124504;0,038046;0
11943;12;0;0,0;0;0,8666666666666667;0,2043246709802796;0,008476;0
11943;13;0;0,004;0;0,9;0,3274449191544763;0,002695;0
11943;14;0;0,0;0;0,8666666666666667;0,2043246709802796;0,000367;0
11943;15;0;0,008;0;0,85;0,2603406250124504;0,079075;0
11943;16;0;0,012;0;0,7817303469477382;0,1414405425418206;0,127387;0
11943;17;0;0,012;0;0,733652312599681;0,4689955935892811;0,049402;0
11943;18;0;0,004;0;0,7058823529411765;0,5736665363828041;0,04556;0
11943;19;0;0,212;0;0,7333333333333333;0,5946193440950124;0,203449;0
11943;20;0;0,012;0;0,7666666666666666;0,8206501291977116;0,049741;0
11943;21;0;0,024;0;0,8187134502923977;0,3113573704292831;0,071259;0
11943;22;0;0,556;1;0,8571428571428571;0,7883249003933804;0,444815;0
11943;23;0;0,0;0;0,8282828282828283;0,5293608652873644;0,102631;0
11943;24;0;0,016;0;0,8172096908939014;0,0937779098477716;0,182374;0
11943;25;0;0,0;0;0,8427287581699346;0,4161189512518705;0,000682;0
11943;26;0;0,004;0;0,8958333333333334;0,5519275534566073;0,01333;0
11943;27;0;0,004;0;0,9029304029304028;0,3584153246392749;0,012756;0
11943;28;0;0,0;0;0,923076923076923;0,1633455431834023;0,010101;0
11943;29;0;0,0;0;0,9285714285714284;0,1414405425418206;0,012986;0
11943;30;0;0,012;0;0,923076923076923;0,6531091121418667;0,014086;0
11943;31;0;0,02;0;0,9090909090909092;0,9634967421655786;0,002067;0
11943;32;0;0,0;0;0,8461538461538461;0,3431229071320205;0,013778;0
11943;33;0;0,0;0;0,9285714285714284;0,0672215447583068;0,010365;0
11943;34;0;0,0;0;0,8406862745098039;0,0672215447583068;0,014724;0
11943;35;0;0,004;0;0,7058823529411765;0,5736665363828041;0,012727;0
11943;36;0;0,012;0;0,733652312599681;0,4689955935892811;0,0102;0
11987;1;0;0,0;0;0,762962962962963;0,1633455431834023;0,035321;0
11987;2;1;0,02;0;0,787878787878788;0,998337376521882;0,346159;0
11987;3;1;0,732;1;0,762962962962963;0,9322691915480672;0,449374;0
11987;4;0;0,024;0;0,7965811965811965;0,3733433210798535;0,054079;0
11987;5;0;0,016;0;0,7303113553113553;0,4938537236995206;0,060936;0
11987;6;0;0,04;0;0,7442002442002442;0,9775387286988187;0,245691;0
11987;7;0;0,02;0;0,7525452488687782;0,9814538950336535;0,071985;0
11987;8;0;0,028;0;0,7317119155354449;0,9866165198488092;0,007225;0
11987;9;0;0,016;0;0,8333333333333334;0,3113573704292831;0,039251;0
11987;10;0;0,004;0;0,8257575757575758;0,8443198937773438;0,010957;0
11987;11;0;0,044;0;0,8181818181818182;0,2603406250124504;0,030615;0
11987;12;0;0,024;0;0,8333333333333334;0,8554508105601307;0,005346;0
12445;1;0;0,0;0;0,8722222222222222;0,7219280948873623;0,1115;0
12445;2;0;0,036;0;0,8297213622291021;0,1414405425418206;0,090944;0
12445;3;0;0,0;0;0,7170558239398819;0,0937779098477716;0,002407;0
12445;4;0;0,004;0;0,7496392496392495;0,0672215447583068;0,021143;0
12445;5;0;0,004;0;0,7194163860830528;0,0937779098477716;0,089626;0
12445;6;0;0,004;0;0,7435897435897436;0,118350011408275;0,236503;0
12445;7;0;0,012;0;0,712280701754386;0,0672215447583068;0,122312;0
12445;8;0;0,04;0;0,7222222222222222;0,2236416644844808;0,116431;0
12445;9;0;0,124;0;0,8000000000000002;0,697268815792328;0,07151;0
12445;10;0;0,052;0;0,7564102564102564;0,6343095546405662;0,010138;0
12445;11;0;0,02;0;0,757516339869281;0,6148227571490692;0,015056;0
12445;12;0;0,016;0;0,7148148148148148;0,5177526267252631;0,023795;0
12445;13;0;0,008;0;0,7314814814814815;0,4561861025695263;0,032396;0
12445;14;0;0,0;0;0,7388010540184453;0,0;0,03743;0
12445;15;0;0,012;0;0,7777777777777778;0,2603406250124504;0,035432;0
12445;16;0;0,036;0;0,6888888888888888;0,6712478853829508;0,002689;0
12445;17;0;0,044;0;0,7904761904761904;0,3733433210798535;0,041043;0
12445;18;1;0,02;0;0,8119658119658121;0,6531091121418667;0,419591;0
12445;19;0;0,02;0;0,8119658119658121;0,6531091121418667;0,105515;0
12445;20;0;0,632;1;0,7142857142857143;0,9832692110965184;0,105264;0
12445;21;1;0,02;0;0,6679487179487179;0,6437935214851034;0,375304;0
12497;1;1;0,412;1;0,8333333333333334;0,904381457724494;0,302696;0
12497;2;0;0,104;0;0,7252747252747253;0,5293608652873644;0,114627;0
12497;3;0;0,088;0;0,706959706959707;0,4815485438118001;0,065109;0
12497;4;0;0,004;0;0,7701465201465202;0,0937779098477716;0,000258;0
12497;5;0;0,0;0;0,596969696969697;0,2948328193632007;0,000916;0
12497;6;0;0,012;0;0,6541537667698658;0,3431229071320205;0,011866;0
12497;7;0;0,0;0;0,6732026143790849;0,2778395739583094;0,010659;0
12497;8;0;0,036;0;0,7555555555555555;0,2948328193632007;0,249475;0
12497;9;0;0,052;0;0,9166666666666666;0,4815485438118001;0,163648;0
12497;10;0;0,008;0;1,0;0,0376223603222784;0,081202;0
12497;11;0;0,008;0;1,0;0,0376223603222784;0,097768;0
12497;12;0;0,008;0;1,0;0,0376223603222784;0,070041;0
12497;13;0;0,004;0;0,6111111111111112;0,2603406250124504;0,013901;0
12497;14;0;0,012;0;0,6277233115468409;0,118350011408275;0,000279;0
12497;15;0;0,056;0;0,7291666666666666;0,5407504779634867;0,113045;0
12763;1;0;0,108;0;0,9166666666666666;0,3733433210798535;0,307883;0
12763;2;0;0,016;0;0,8000000000000002;0,4815485438118001;0,190364;0
12763;3;0;0,008;0;0,7757352941176471;0,3733433210798535;0,040978;0
12763;4;0;0,0;0;0,7167755991285403;0,0672215447583068;0,00611;0
12763;5;0;0,0;0;0,6947368421052632;0,0937779098477716;0,002492;0
12763;6;0;0,0;0;0,8055555555555557;0,2603406250124504;0,021238;0
12763;7;0;0,004;0;0,7833333333333333;0,3733433210798535;0,131953;0
12763;8;0;0,0;0;0,7816764132553606;0,1842605933396551;0,021609;0
12763;9;0;0,008;0;0,7245614035087719;0,2603406250124504;0,354556;0
12763;10;0;0,0;0;0,7886710239651414;0,2236416644844808;0,096656;0
12763;11;0;0,004;0;0,8125;0,2422921890824148;0,021303;0
12763;12;0;0,016;0;0,9166666666666666;0,2778395739583094;0,099101;0
12763;13;0;0,004;0;0,8393939393939394;0,3274449191544763;0,034184;0
12763;14;1;0,9;1;0,8888888888888888;0,9988455359952018;0,16783;0
12763;15;0;0,0;0;0,9166666666666666;0,2043246709802796;0,043915;0
12763;16;0;0,008;0;0,7833333333333333;0,3431229071320205;0,095096;0
12763;17;0;0,0;0;0,8125;0,2778395739583094;0,011663;0
12763;18;0;0,0;0;0,8055555555555557;0,2603406250124504;0,03932;0
12763;19;0;0,004;0;0,7833333333333333;0,3733433210798535;0,141724;0
12763;20;0;0,0;0;0,6947368421052632;0,0937779098477716;0,006735;0
12763;21;1;0,052;0;0,9166666666666666;0,6531091121418667;0,048923;0
12763;22;0;0,0;0;0,9;0,0672215447583068;0,003359;0
12763;23;1;0,86;1;0,9;0,7883249003933804;0,035331;0
12931;1;0;0,024;0;0,8121212121212121;0,5736665363828041;0,02464;0
12931;2;0;0,052;0;0,8232323232323232;0,6887498056988562;0,074261;0
12931;3;0;0,084;0;0,7628205128205128;0,8443198937773438;0,032039;0
12931;4;0;0,024;0;0,8492063492063492;0,9988455359952018;0,06289;0
12931;5;0;0,084;0;0,8183760683760685;0,8080927832245588;0,015038;0
12931;6;0;0,048;0;0,8181818181818182;0,6622595460438848;0,030211;0
12931;7;0;0,024;0;0,8181818181818182;0,6531091121418667;0,040099;0
12931;8;0;0,024;0;0,8181818181818182;0,6531091121418667;0,036621;0
12931;9;0;0,044;0;0,7692307692307693;0,9551678918612524;0,071924;0
12931;10;1;0,544;1;0,6962057550292844;0,992183779438731;0,309388;0
12931;11;1;0,072;0;0,861111111111111;0,9358415530325216;0,664784;1
1365;1;0;0,004;0;0,8611111111111112;0,7298563169471575;0,083498;0
1365;2;0;0,04;0;0,7647058823529411;0,0376223603222784;0,0824;0
1365;3;0;0,004;0;0,7424242424242425;0,118350011408275;0,020417;0
1365;4;0;0,008;0;0,7543859649122807;0,0937779098477716;0,070374;0
1365;5;1;0,736;1;0,8041666666666667;0,9491240519851772;0,273495;0
1365;6;0;0,0;0;0,7590909090909091;0,118350011408275;0,027336;0
1365;7;0;0,004;0;0,8051282051282053;0,0937779098477716;0,038019;0
1365;8;0;0,016;0;0,835707502374169;0,1414405425418206;0,057048;0
1365;9;0;0,004;0;0,8574879227053139;0,0376223603222784;0,030557;0
1365;10;0;0,0;0;0,75;0,2778395739583094;0,063659;0
1365;11;0;0,004;0;0,7503293807641634;0,0;0,053339;0
1365;12;1;0,444;1;0,826388888888889;0,8144326879441559;0,239339;0
1365;13;0;0,0;0;0,8172093606876216;0,0376223603222784;0,143964;0
1365;14;0;0,016;0;0,8130434782608695;0,4161189512518705;0,133625;0
1365;15;0;0,012;0;0,9333333333333332;0,5736665363828041;0,100148;0
1365;16;0;0,012;0;1,0;0,8812908992306927;0,082176;0
1365;17;0;0,012;0;1,0;0,6048125901165884;0,054719;0
1365;18;0;0,012;0;1,0;0,6048125901165884;0,066593;0
1365;19;0;0,0;0;0,8025641025641025;0,0;0,025704;0
1365;20;1;0,288;0;0,7886710239651414;0,6343095546405662;0,024564;0
1365;21;0;0,004;0;0,8148148148148148;0,0376223603222784;0,034235;0
1365;22;0;0,008;0;0,7625925925925926;0,2422921890824148;0,026571;0
1365;23;0;0,012;0;0,8311688311688311;0,1633455431834023;0,03011;0
1365;24;0;0,0;0;0,7444444444444445;0,0376223603222784;0,032292;0
1365;25;0;0,0;0;0,7453418803418804;0,0376223603222784;0,101485;0
1365;26;0;0,012;0;0,6618357487922705;0,4161189512518705;0,134638;0
1365;27;0;0,012;0;0,6562801932367149;0,6622595460438848;0,025272;0
1365;28;0;0,04;0;0,8461538461538461;0,8554508105601307;0,055922;0
1365;29;0;0,016;0;1,0;0,7219280948873623;0,024015;0
1365;30;0;0,016;0;1,0;0,7219280948873623;0,040762;0
14979;1;1;0,088;0;0,7142857142857143;0,4021791902022729;0,547829;1
14979;2;1;0,104;0;0,6875;0,8206501291977116;0,194398;0
14979;3;0;0,02;0;0,673611111111111;0,4938537236995206;0,03352;0
14979;4;0;0,004;0;0,7380952380952381;0,1414405425418206;0,00086;0
14979;5;0;0,004;0;0,7450980392156863;0,0672215447583068;0,001665;0
14979;6;0;0,0;0;0,7503607503607505;0,1633455431834023;0,000113;0
14979;7;0;0,004;0;0,823529411764706;0,6048125901165884;0,001454;0
14979;8;0;0,028;0;0,888111888111888;0,9322691915480672;0,00032;0
14979;9;0;0,852;1;0,8666666666666667;0,8554508105601307;0,002848;0
14979;10;0;0,012;0;0,6440579710144928;0,118350011408275;0,006961;0
14979;11;0;0,004;0;0,5320261437908497;0,2043246709802796;0,002911;0
14979;12;0;0,004;0;0,5869809203142536;0,0672215447583068;0,002857;0
14979;13;0;0,008;0;0,6908212560386473;0,2603406250124504;0,195266;0
14979;14;0;0,008;0;0,8458333333333333;0,9426831892554924;0,100399;0
14979;15;0;0,12;0;0,677565124933546;0,3879256793719373;0,002284;0
14979;16;0;0,0;0;0,699498746867168;0,1633455431834023;0,018616;0
14979;17;0;0,32;1;0,6916666666666668;0,7674044165839727;0,026842;0
14979;18;0;0,072;0;0,6719367588932806;0,4561861025695263;0,095358;0
14979;19;0;0,024;0;0,7412698412698413;0,2422921890824148;0,016287;0
14979;20;0;0,04;0;0,784313725490196;0,4021791902022729;0,233369;0
14979;21;0;0,008;0;0,8461538461538461;0,1414405425418206;0,158754;0
14979;22;0;0,008;0;0,8461538461538461;0,1414405425418206;0,040423;0
14979;23;0;0,008;0;0,8461538461538461;0,1414405425418206;0,000837;0
14979;24;0;0,004;0;0,6739958592132504;0,0937779098477716;0,404637;0
14979;25;0;0,004;0;0,6265432098765432;0,2422921890824148;0,274351;0
14979;26;0;0,012;0;0,6456582633053222;0,7056366064601749;0,317578;0
14979;27;0;0,012;0;0,6456582633053222;0,7056366064601749;0,247475;0
15000;1;0;0,008;0;0,8454545454545456;0,5293608652873644;0,018914;0
15000;2;0;0,012;0;0,7682539682539682;0,5946193440950124;0,002673;0
15000;3;0;0,004;0;0,6469038208168644;0,3733433210798535;0,002732;0
15000;4;0;0,0;0;0,6173857007190341;0,118350011408275;0,009114;0
15000;5;0;0,0;0;0,6431159420289855;0,1633455431834023;0,004797;0
15000;6;0;0,0;0;0,6618357487922705;0,0937779098477716;0,001102;0
15000;7;0;0,028;0;0,6166666666666667;0,3584153246392749;0,043326;0
15000;8;0;0,064;0;0,6531862745098039;0,4297586093037605;0,219515;0
15000;9;0;0,02;0;0,7692307692307693;0,2043246709802796;0,030061;0
15000;10;0;0,02;0;0,7692307692307693;0,2043246709802796;0,016364;0
15000;11;0;0,02;0;0,7692307692307693;0,2043246709802796;0,025515;0
15000;12;0;0,044;0;0,5939393939393939;0,6887498056988562;0,001005;0
15000;13;0;0,064;0;0,6435897435897436;0,7056366064601749;0,001701;0
15000;14;0;0,004;0;0,6623931623931624;0,0376223603222784;0,012062;0
15000;15;1;0,0;0;0,6553724053724054;0,1842605933396551;0,09814;0
15000;16;1;0,012;0;0,6363636363636364;0,4021791902022729;0,232768;0
15000;17;1;0,016;0;0,75;0,5946193440950124;0,308969;0
15000;18;1;0,008;0;0,7727272727272728;0,4297586093037605;0,089615;0
15000;19;0;0,0;0;0,7246376811594203;0,1414405425418206;0,094982;0
15000;20;1;0,016;0;0,7173913043478262;0,1414405425418206;0,26919;0
15000;21;0;0,016;0;0,7270955165692007;0,3584153246392749;0,046999;0
15000;22;1;0,016;0;0,8571428571428571;0,4021791902022729;0,18557;0
15000;23;0;0,016;0;0,8571428571428571;0,4021791902022729;0,102791;0
15000;24;0;0,116;0;0,8571428571428571;0,8554508105601307;0,097308;0
15000;25;0;0,008;0;1,0;0,0376223603222784;0,107382;0
15000;26;0;0,796;1;1,0;0,838580099995485;0,111456;0
15568;1;1;0,024;0;0,9;0,1842605933396551;0,356818;0
15568;2;1;0,184;0;0,7857142857142857;0,7814814932386424;0,532875;1
15568;3;1;0,472;1;0,9;0,9992612140227842;0,051348;0
15568;4;0;0,044;0;0,6470588235294118;0,2422921890824148;0,293722;0
15568;5;0;0,02;0;0,6837606837606837;0,2603406250124504;0,051539;0
15568;6;0;0,0;0;0,6758241758241758;0,0376223603222784;0,008464;0
15568;7;0;0,008;0;0,6593406593406593;0,2948328193632007;0,011007;0
15568;8;0;0,016;0;0,7692307692307693;0,92481870497303;0,01501;0
15568;9;0;0,028;0;0,8333333333333334;0,697268815792328;0,026315;0
15568;10;0;0,032;0;0,6593406593406593;0,3584153246392749;0,120767;0
15568;11;0;0,024;0;0,7272727272727272;0,3431229071320205;0,186546;0
15568;12;0;0,008;0;0,6758241758241758;0,0672215447583068;0,063976;0
15568;13;0;0,084;0;0,6428571428571429;0,7452883145630643;0,285532;0
1598;1;1;0,048;0;0,746031746031746;0,3274449191544763;0,27063;0
1598;2;0;0,028;0;0,761029411764706;0,737642380185689;0,004507;0
1598;3;0;0,084;0;0,6666666666666666;0,6148227571490692;0,004833;0
1598;4;0;0,048;0;0,6323529411764706;0,8954686411420223;0,004034;0
1598;5;0;0,04;0;0,6519607843137255;0,5059192440727412;0,009889;0
1598;6;0;0,064;0;0,631578947368421;0,7674044165839727;0,121802;0
1598;7;0;0,024;0;0,6507936507936507;0,3584153246392749;0,02743;0
1598;8;0;0,012;0;0,6465405939090149;0,2236416644844808;0,207191;0
1598;9;0;0,056;0;0,5764411027568922;0,7056366064601749;0,045442;0
1598;10;0;0,0;0;0,7052015250544663;0,0937779098477716;0,232961;0
1598;11;0;0,0;0;0,6866830065359477;0,2422921890824148;0,098122;0
1598;12;0;0,004;0;0,706959706959707;0,4561861025695263;0,076764;0
1598;13;0;0,008;0;0,7147435897435898;0,2948328193632007;0,300814;0
1598;14;0;0,868;1;0,7424242424242425;0,890851296603444;0,073446;0
1598;15;0;0,0;0;0,6842105263157895;0,2422921890824148;0,006537;0
1598;16;0;0,0;0;0,6490196078431373;0,0672215447583068;0,022538;0
16160;1;1;0,004;0;0,977777777777778;0,0;0,3401;0
16160;2;0;0,004;0;0,9814814814814816;0,0672215447583068;0,049421;0
16160;3;0;0,004;0;0,9629629629629628;0,4561861025695263;0,024027;0
16160;4;0;0,0;0;1,0;0,0;0,02576;0
16160;5;0;0,0;0;1,0;0,3879256793719373;0,124219;0
16160;6;0;0,0;0;1,0;0,0;0,017097;0
16160;7;0;0,0;0;1,0;0,0;0,002096;0
16160;8;0;0,004;0;1,0;0,0;0,015293;0
16160;9;0;0,0;0;1,0;0,0;0,298381;0
16160;10;0;0,0;0;1,0;0,0;0,621989;1
16160;11;0;0,0;0;1,0;0,0;0,028264;0
16160;12;0;0,008;0;0,9618736383442266;0,3733433210798535;0,529758;1
16160;13;0;0,0;0;0,9569444444444444;0,0376223603222784;0,019468;0
16160;14;0;0,0;0;0,9505494505494506;0,2043246709802796;0,007501;0
16160;15;0;0,0;0;0,9465811965811968;0,0937779098477716;0,006591;0
16160;16;0;0,0;0;0,9363636363636364;0,0937779098477716;0,005075;0
16160;17;0;0,004;0;0,9296296296296296;0,0;0,090747;0
16160;18;0;0,0;0;0,9465811965811968;0,118350011408275;0,030959;0
16160;19;0;0,0;0;0,9505494505494506;0,0672215447583068;0,106911;0
16160;20;0;0,948;1;0,8974358974358975;0,4297586093037603;0,004439;0
16419;1;0;0,004;0;0,7925925925925927;0,2948328193632007;0,037854;0
16419;2;0;0,064;0;0,8592592592592592;0,9521953766259578;0,358312;0
16419;3;0;0,068;0;0,7791375291375292;0,1633455431834023;0,461029;0
16419;4;0;0,04;0;0,8396825396825397;0,3879256793719373;0,086852;0
16419;5;0;0,0;0;0,9333333333333332;0,3733433210798535;0,003406;0
16419;6;0;0,0;0;0,8799019607843137;0,0672215447583068;0,001771;0
16419;7;0;0,0;0;0,8083333333333332;0,0;0,001322;0
16419;8;0;0,008;0;0,8210784313725489;0,0937779098477716;0,01539;0
16419;9;0;0,004;0;0,7777777777777778;0,118350011408275;0,059923;0
16419;10;0;0,008;0;0,9499999999999998;0,0;0,00029;0
16419;11;0;0,004;0;0,7832988267770876;0,1633455431834023;0,003639;0
16419;12;0;0,04;0;0,6666666666666666;0,3584153246392749;0,001567;0
16419;13;0;0,012;0;0,6963946869070208;0,2422921890824148;0,001466;0
16419;14;0;0,0;0;0,6342592592592592;0,1414405425418206;0,034434;0
16419;15;0;0,008;0;0,6309523809523809;0,4689955935892811;0,082062;0
16419;16;0;0,0;0;0,5888888888888889;0,3274449191544763;0,047293;0
16419;17;0;0,024;0;0,625;0,3274449191544763;0,055298;0
16419;18;1;0,024;0;0,625;0,3274449191544763;0,254232;0
16419;19;0;0,132;0;0,6323529411764706;0,8206501291977116;0,086926;0
16419;20;0;0,016;0;0,6888888888888888;0,2236416644844808;0,074806;0
16419;21;1;0,544;1;0,6888888888888888;0,9491240519851772;0,355855;0
16419;22;0;0,0;0;0,6455870279146141;0,1633455431834023;0,0708;0
16419;23;1;0,048;0;0,6632098765432098;0,5407504779634867;0,280545;0
16419;24;0;0,004;0;0,6864035087719298;0,4021791902022729;0,043973;0
16419;25;0;0,02;0;0,75;0,4815485438118001;0,303583;0
16419;26;0;0,02;0;0,75;0,4815485438118001;0,140937;0
16419;27;0;0,02;0;0,75;0,4815485438118001;0,066262;0
16419;28;0;0,0;0;0,5843529847979236;0,0937779098477716;0,069551;0
16419;29;0;0,004;0;0,6623931623931624;0,0672215447583068;0,055029;0
16419;30;0;0,02;0;0,7229437229437229;0,1842605933396551;0,000683;0
16419;31;0;0,052;0;0,7412280701754387;0,3113573704292831;0,002543;0
16419;32;0;0,044;0;0,8082788671023966;0,8661236813986258;0,01856;0
16419;33;0;0,016;0;0,8650793650793651;0,2422921890824148;0,377146;0
16419;34;0;0,008;0;0,873015873015873;0,2603406250124504;0,18005;0
16419;35;0;0,0;0;0,8727272727272727;0,4689955935892811;0,002218;0
16419;36;0;0,008;0;0,8350168350168351;0,2948328193632007;0,002938;0
16419;37;0;0,012;0;0,8222222222222223;0,7219280948873623;0,006394;0
16419;38;0;0,012;0;0,9;0,2948328193632007;0,011159;0
16419;39;0;0,052;0;0,873015873015873;0,6531091121418667;0,117268;0
16419;40;0;0,012;0;0,7666666666666666;0,2603406250124504;0,039919;0
16419;41;0;0,0;0;0,7077922077922079;0,0672215447583068;0,045639;0
16419;42;0;0,004;0;0,6590038314176244;0,1414405425418206;0,001827;0
16419;43;0;0,008;0;0,9499999999999998;0,0;0,002051;0
16419;44;0;0,004;0;0,7777777777777778;0,118350011408275;0,001016;0
16419;45;0;0,004;0;0,8161764705882352;0,2603406250124504;0,003721;0
16419;46;0;0,024;0;0,8083333333333332;0,4161189512518705;0,001967;0
17613;1;0;0,116;0;0,793859649122807;0,8861256474645222;0,017216;0
17613;2;0;0,008;0;0,75;0,3274449191544763;0,007379;0
17613;3;0;0,008;0;0,7229437229437229;0,4938537236995206;0,028056;0
17613;4;0;0,008;0;0,7575757575757575;0,3584153246392749;0,051337;0
17613;5;0;0,536;1;0,7481481481481481;0,960818175317104;0,163992;0
17613;6;0;0,008;0;0,7647721454173068;0,118350011408275;0,038764;0
17613;7;0;0,016;0;0,7413793103448275;0,4815485438118001;0,054138;0
17613;8;0;0,032;0;0,8287878787878787;0,5059192440727412;0,02466;0
17613;9;0;0,02;0;0,7477285166940338;0,118350011408275;0,027999;0
17613;10;0;0,008;0;0,7539525691699605;0,3584153246392749;0,111724;0
17613;11;0;0,46;1;0,8125;0,939312713732236;0,223304;0
17613;12;0;0,008;0;0,7186147186147186;0,3879256793719373;0,079549;0
17613;13;0;0,004;0;0,75;0,2948328193632007;0,051061;0
17613;14;1;0,492;1;0,7900584795321638;0,9634967421655786;0,22272;0
17613;15;0;0,0;0;0,7111111111111111;0,0672215447583068;0,02609;0
17613;16;0;0,0;0;0,7111111111111111;0,0672215447583068;0,034611;0
17613;17;0;0,004;0;0,75;0,2948328193632007;0,06313;0
17613;18;0;0,492;1;0,7900584795321638;0,9634967421655786;0,235916;0
17613;19;0;0,008;0;0,7186147186147186;0,3879256793719373;0,065298;0
17613;20;0;0,008;0;0,7539525691699605;0,3584153246392749;0,102116;0
17613;21;0;0,46;1;0,8125;0,939312713732236;0,289807;0
17613;22;0;0,02;0;0,7477285166940338;0,118350011408275;0,02119;0
17613;23;0;0,016;0;0,7413793103448275;0,4815485438118001;0,053555;0
17613;24;0;0,032;0;0,8287878787878787;0,5059192440727412;0,017809;0
17613;25;0;0,008;0;0,7647721454173068;0,118350011408275;0,011315;0
17613;26;0;0,008;0;0,7575757575757575;0,3584153246392749;0,036885;0
17613;27;0;0,536;1;0,7481481481481481;0,960818175317104;0,151125;0
17613;28;0;0,008;0;0,7229437229437229;0,4938537236995206;0,024734;0
17613;29;0;0,008;0;0,75;0,3274449191544763;0,003282;0
17613;30;0;0,116;0;0,793859649122807;0,8861256474645222;0,016016;0
17613;31;0;0,004;0;0,7111111111111111;0,118350011408275;0,003371;0
17613;32;0;0,004;0;0,7111111111111111;0,118350011408275;0,007006;0
17613;33;0;0,004;0;0,7253374076903488;0,0937779098477716;0,017972;0
17613;34;0;0,004;0;0,6556910569105692;0,0376223603222784;0,004787;0
17613;35;0;0,0;0;0,7253374076903488;0,0672215447583068;0,014846;0
17613;36;0;0,004;0;0,6556910569105692;0,0376223603222784;0,006948;0
17613;37;0;0,004;0;0,7253374076903488;0,0937779098477716;0,009514;0
17613;38;0;0,0;0;0,7253374076903488;0,0672215447583068;0,013735;0
18166;1;0;0,008;0;0,7142857142857143;0,2948328193632007;0,008481;0
18166;2;0;0,012;0;0,7651515151515151;0,3274449191544763;0,052485;0
18166;3;0;0,004;0;0,7200263504611332;0,5519275534566073;0,113134;0
18166;4;0;0,12;0;0,5917874396135266;0,5059192440727412;0,240407;0
18166;5;0;0,012;0;0,625;0,5519275534566073;0,029292;0
18166;6;1;0,0;0;0,7575757575757575;0,1842605933396551;0,009686;0
18166;7;1;0,008;0;0,8282828282828283;0,1842605933396551;0,200117;0
18166;8;1;0,024;0;0,7635281385281386;0,3113573704292831;0,577569;1
18166;9;0;0,096;0;0,8660130718954249;0,4689955935892811;0,060078;0
18166;10;1;0,024;0;0,9285714285714284;0,2236416644844808;0,552469;1
18166;11;0;0,0;0;0,7478991596638656;0,0376223603222784;0,026435;0
18166;12;0;0,0;0;0,7352941176470589;0,0937779098477716;0,029071;0
18166;13;0;0,0;0;0,7388888888888889;0,1633455431834023;0,016849;0
18166;14;0;0,008;0;0,8232323232323232;0,2948328193632007;0,008442;0
18166;15;0;0,0;0;1,0;0,0;0,012485;0
18166;16;0;0,0;0;0,7388888888888889;0,1633455431834023;0,028231;0
18166;17;0;0,0;0;0,7352941176470589;0,0937779098477716;0,087728;0
18166;18;0;0,008;0;0,8282828282828283;0,1842605933396551;0,007755;0
18166;19;0;0,0;0;0,7575757575757575;0,1842605933396551;0,000385;0
18166;20;0;0,004;0;0,7200263504611332;0,5059192440727412;0,011112;0
18166;21;0;0,012;0;0,7651515151515151;0,2948328193632007;0,000962;0
18166;22;0;0,004;0;0,7142857142857143;0,3733433210798535;0,007151;0
18166;23;0;0,052;0;0,7621832358674464;0,9128699190400288;0,529834;1
18166;24;0;0,02;0;0,7745098039215685;0,118350011408275;0,435041;0
18166;25;0;0,568;1;0,7745098039215685;0,9491240519851772;0,018685;0
18166;26;0;0,004;0;0,7407407407407408;0,0937779098477716;0,010196;0
18166;27;0;0,0;0;0,7685185185185185;0,0672215447583068;0,001945;0
18166;28;0;0,0;0;0,7965686274509803;0,118350011408275;0,006445;0
18166;29;0;0,0;0;1,0;0,2948328193632007;0,132399;0
18166;30;0;0,0;0;0,7965686274509803;0,118350011408275;0,002542;0
18166;31;0;0,0;0;0,7685185185185185;0,0672215447583068;0,007416;0
18303;1;0;0,008;0;0,8326797385620915;0,801629101585612;0,041666;0
18303;2;0;0,008;0;0,746588693957115;0,4297586093037605;0,018575;0
18303;3;0;0,008;0;0,8326797385620915;0,801629101585612;0,051724;0
18303;4;0;0,0;0;0,7888888888888889;0,697268815792328;0,001824;0
18303;5;0;0,0;0;0,7888888888888889;0,6148227571490692;0,002233;0
18303;6;0;0,004;0;0,746588693957115;0,4561861025695263;0,01935;0
18303;7;0;0,0;0;0,8326797385620915;0,7298563169471575;0,035636;0
18303;8;0;0,0;0;0,8326797385620915;0,7298563169471575;0,037351;0
18303;9;0;0,004;0;0,75;0,0937779098477716;0,003962;0
18303;10;0;0,0;0;0,7083333333333334;0,0937779098477716;0,040216;0
18303;11;0;0,0;0;0,7892307692307692;0,0376223603222784;0,008603;0
18303;12;0;0,008;0;0,75;0,118350011408275;0,076346;0
18303;13;0;0,004;0;0,9444444444444444;0,0937779098477716;0,033802;0
18303;14;0;0,004;0;0,8333333333333334;0,0376223603222784;0,016285;0
18303;15;0;0,0;0;0,8267973856209151;0,1842605933396551;0,00873;0
18303;16;0;0,0;0;0,8571428571428571;0,0672215447583068;0,001805;0
18303;17;0;0,0;0;0,8153846153846155;0,0672215447583068;0,00686;0
18303;18;0;0,024;0;0,9111111111111112;0,4689955935892811;0,006129;0
18303;19;0;0,0;0;1,0;0,0;0,005298;0
18303;20;0;0,916;1;1,0;0,8144326879441559;0,046622;0
18303;21;0;0,0;0;0,8571428571428571;0,0672215447583068;0,074003;0
18303;22;0;0,0;0;0,8267973856209151;0,1842605933396551;0,076227;0
18303;23;0;0,004;0;0,9814814814814816;0,3113573704292831;0,071587;0
18303;24;0;0,004;0;0,8063492063492065;0,1633455431834023;0,053907;0
18303;25;1;0,0;0;0,7330341880341881;0,0376223603222784;0,492442;0
18303;26;1;0,0;0;0,6956521739130435;0,1633455431834023;0,052156;0
18303;27;1;0,004;0;0,7206349206349206;0,118350011408275;0,525179;1
18311;1;1;0,0;0;0,7319688109161793;0,0376223603222784;0,388262;0
18311;2;1;0,048;0;0,7351778656126481;0,7056366064601749;0,06548;0
18311;3;0;0,02;0;0,6712418300653594;0,4021791902022729;0,003865;0
18311;4;0;0,028;0;0,7333333333333333;0,4021791902022729;0,001625;0
18311;5;0;0,112;0;0,8260073260073261;0,5059192440727412;0,014466;0
18311;6;0;0,012;0;0,7727272727272728;0,9209394481940656;0,003569;0
18311;7;0;0,62;1;0,8148148148148149;1,0;0,002829;0
18311;8;0;0,112;0;0,8260073260073261;0,5059192440727412;0,382775;0
18311;9;0;0,028;0;0,7333333333333333;0,4021791902022729;0,093187;0
18311;10;0;0,0;0;0,7259964726631395;0,2236416644844808;0,251821;0
18311;11;0;0,016;0;0,7368421052631579;0,3584153246392749;0,040581;0
18311;12;0;0,032;0;0,8575757575757575;0,7601675029619656;0,056422;0
18311;13;0;0,016;0;0,9166666666666666;0,0672215447583068;0,236054;0
18311;14;0;0,016;0;0,7428571428571429;0,1842605933396551;0,101573;0
18311;15;0;0,004;0;0,8357843137254902;0,9814538950336535;0,038621;0
18311;16;0;0,004;0;0,7125668449197861;0,9128699190400288;0,002664;0
18311;17;0;0,004;0;0,7456427015250545;0,1842605933396551;0,026243;0
18311;18;0;0,0;0;0,7857142857142857;0,1842605933396551;0,003165;0
18311;19;0;0,0;0;0,8333333333333334;0,4689955935892811;0,002671;0
18311;20;0;0,008;0;0,8461538461538461;0,2778395739583094;0,004333;0
18311;21;0;0,004;0;0,8082788671023966;0,1842605933396551;0,001485;0
18311;22;0;0,004;0;0,7547619047619047;0,0672215447583068;0,359236;0
18311;23;0;0,008;0;0,6522222222222221;0,3733433210798535;0,215593;0
18311;24;0;0,004;0;0,7200000000000001;0,3431229071320205;0,116415;0
1870;1;0;0,008;0;0,9;0,6437935214851034;0,014493;0
1870;2;0;0,016;0;0,7619047619047619;0,7219280948873623;0,359948;0
1870;3;0;0,008;0;0,9;0,0672215447583068;0,038651;0
1870;4;0;0,024;0;0,8055555555555557;0,2948328193632007;0,474062;0
1870;5;0;0,0;0;0,6681159420289854;0,0672215447583068;0,017104;0
1870;6;0;0,0;0;0,7167755991285403;0,2043246709802796;0,003471;0
1870;7;0;0,008;0;0,7113289760348583;0,3584153246392749;0,002742;0
1870;8;0;0,0;0;0,6555555555555556;0,4561861025695263;0,028441;0
1870;9;0;0,0;0;0,6711111111111111;0,0;0,040589;0
1870;10;0;0,0;0;0,6426728110599078;0,0;0,002745;0
1870;11;0;0,028;0;0,6630061892130859;0,1633455431834023;0,076652;0
1870;12;0;0,044;0;0,6711111111111111;0,7219280948873623;0,404091;0
1870;13;0;0,004;0;0,7535505430242272;0,1414405425418206;0,013019;0
1870;14;0;0,0;0;0,8486111111111111;0,1633455431834023;0,007202;0
1870;15;0;0,008;0;0,9090909090909092;0,3113573704292831;0,005669;0
1870;16;0;0,004;0;0,7515151515151516;0,2948328193632007;0,01219;0
1870;17;0;0,024;0;0,7777777777777778;0,2422921890824148;0,152215;0
1870;18;0;0,008;0;0,9090909090909092;0,3113573704292831;0,005646;0
1870;19;0;0,0;0;0,8486111111111111;0,1633455431834023;0,007275;0
1870;20;0;0,004;0;0,6977777777777777;0,2603406250124504;0,124777;0
1870;21;0;0,012;0;0,7546897546897547;0,5519275534566073;0,099501;0
1870;22;0;0,016;0;0,6782106782106782;0,2778395739583094;0,398803;0
1870;23;1;0,056;0;0,631578947368421;0,5059192440727412;0,244536;0
1870;24;1;0,152;0;0,634545923632611;0,697268815792328;0,389858;0
1870;25;0;0,012;0;0,6923076923076922;0,1633455431834023;0,043812;0
1870;26;1;0,604;1;0,6923076923076922;0,9998153271549208;0,324687;0
20768;1;1;0,004;0;0,7070707070707071;0,1633455431834023;0,355107;0
20768;2;1;0,096;0;0,6805555555555555;0,6148227571490692;0,354949;0
20768;3;1;0,588;1;0,7070707070707071;0,9709505944546688;0,061466;0
20768;4;1;0,02;0;0,709551656920078;0,4561861025695263;0,060883;0
20768;5;0;0,016;0;0,5737812911725956;0,5407504779634867;0,027003;0
20768;6;0;0,032;0;0,6146825396825397;0,4161189512518705;0,332885;0
20768;7;0;0,04;0;0,5774928774928775;0,4561861025695263;0,417011;0
20768;8;0;0,02;0;0,6001899335232669;0,6712478853829508;0,166379;0
20768;9;0;0,044;0;0,6354382332643204;0,2422921890824148;0,095503;0
20768;10;0;0,04;0;0,5634782608695651;0,3584153246392749;0,090295;0
20768;11;0;0,004;0;0,6180223285486444;0,118350011408275;0,003573;0
20768;12;0;0,004;0;0,6625;0,2778395739583094;0,003953;0
20768;13;0;0,0;0;0,7333333333333333;0,0937779098477716;0,001398;0
20768;14;0;0,012;0;0,8498168498168498;0,2043246709802796;0,001019;0
20768;15;0;0,008;0;1,0;0,0;0,012448;0
20768;16;0;0,008;0;1,0;0,0;0,012456;0
20768;17;0;0,008;0;1,0;0,0;0,174436;0
20768;18;0;0,0;0;0,7285130718954248;0,2422921890824148;0,068167;0
20768;19;0;0,004;0;0,6367389060887513;0,2778395739583094;0,086247;0
20768;20;0;0,004;0;0,6137566137566138;0,0937779098477716;0,081681;0
20768;21;0;0,032;0;0,6137566137566138;0,5059192440727412;0,076208;0
20768;22;0;0,04;0;0,7587719298245613;0,4689955935892811;0,05737;0
20768;23;0;0,02;0;0,7916666666666666;0,1633455431834023;0,054163;0
20768;24;0;0,012;0;0,5571428571428572;0,0376223603222784;0,005158;0
20768;25;0;0,004;0;0,7363834422657952;0,0;0,002683;0
20768;26;0;0,0;0;0,7333333333333333;0,4689955935892811;0,001668;0
20768;27;0;0,004;0;0,7682539682539682;0,4815485438118001;0,002535;0
20768;28;0;0,004;0;0,672514619883041;0,2603406250124504;0,014484;0
20768;29;0;0,012;0;0,637719298245614;0,0;0,000959;0
21613;1;0;0,072;0;0,7905982905982906;0,7883249003933804;0,059427;0
21613;2;0;0,008;0;0,8003663003663003;0,2236416644844808;0,05276;0
21613;3;0;0,18;0;0,7905982905982906;0,7219280948873623;0,228311;0
21613;4;0;0,04;0;0,7564102564102564;0,443110558244691;0,356595;0
21613;5;1;0,396;1;0,75;0,9895875212220556;0,613947;1
21613;6;0;0,168;0;0,8666666666666667;0,6048125901165884;0,299111;0
21613;7;0;0,012;0;0,7554179566563467;0,1414405425418206;0,011253;0
21613;8;0;0,004;0;0,6423913043478261;0,0937779098477716;0,00552;0
21613;9;0;0,008;0;0,6956140350877194;0,1414405425418206;0,021027;0
21613;10;0;0,0;0;0,75599128540305;0,2043246709802796;0,003817;0
21613;11;0;0,004;0;0,8380952380952381;0,2236416644844808;0,003807;0
21613;12;0;0,04;0;0,9722222222222222;0,118350011408275;0,003707;0
21613;13;0;0,0;0;1,0;0,0;0,011294;0
21613;14;0;0,0;0;1,0;0,0;0,213249;0
21613;15;0;0,0;0;1,0;0,0;0,168638;0
21613;16;0;0,0;0;0,75599128540305;0,2043246709802796;0,17124;0
21613;17;0;0,008;0;0,6956140350877194;0,1414405425418206;0,18157;0
21842;1;0;0,016;0;0,7142857142857143;0,7527960664084546;0,023882;0
21842;2;0;0,02;0;0,6740196078431372;0,6437935214851034;0,13504;0
21842;3;0;0,016;0;0,7142857142857143;0,7527960664084546;0,016803;0
21842;4;0;0,04;0;0,6063492063492063;0,4561861025695263;0,42512;0
21842;5;0;0,06;0;0,6947368421052631;0,4297586093037605;0,34126;0
21842;6;0;0,02;0;0,6866830065359477;0,4297586093037605;0,022016;0
21842;7;0;0,004;0;0,61687552213868;0,2948328193632007;0,010169;0
21842;8;0;0,0;0;0,693939393939394;0,118350011408275;0,007421;0
21842;9;0;0,004;0;0,7543133195307107;0,0937779098477716;0,003153;0
21842;10;0;0,028;0;0,7074074074074074;0,2778395739583094;0,041586;0
21842;11;0;0,008;0;0,7701797385620915;0,5059192440727412;0,004105;0
21842;12;0;0,0;0;0,7444444444444445;0,2778395739583094;0,002017;0
21842;13;0;0,008;0;0,8121775025799792;0,118350011408275;0,004701;0
21842;14;0;0,004;0;0,8787878787878788;0,1842605933396551;0,005355;0
21842;15;0;0,012;0;0,6796581196581197;0,6148227571490692;0,052345;0
21842;16;0;0,028;0;0,7463768115942028;0,2603406250124504;0,200679;0
21842;17;0;0,0;0;0,8333333333333334;0,0376223603222784;0,010581;0
21842;18;0;0,004;0;0,9523809523809524;0,7056366064601749;0,00308;0
21842;19;0;0,0;0;0,8000000000000002;0,2948328193632007;0,000488;0
21842;20;0;0,0;0;0,8461538461538461;0,5946193440950124;0,004983;0
21842;21;0;0,008;0;0,8534798534798534;0,1842605933396551;0,003926;0
21842;22;1;0,552;1;0,8696581196581197;0,9209394481940656;0,127474;0
21842;23;0;0,004;0;0,8406862745098039;0,118350011408275;0,021378;0
21842;24;0;0,032;0;0,7388888888888889;0,9685626005582142;0,732083;1
21842;25;0;0,024;0;0,8162393162393163;0,5293608652873644;0,358331;0
22142;1;1;0,0;0;0,9;0,0937779098477716;0,13863;0
22142;2;1;0,02;0;0,7658730158730159;0,5519275534566073;0,096163;0
22142;3;1;0,668;1;0,9;0,960818175317104;0,00877;0
22142;4;0;0,004;0;0,7083602671837966;0,0376223603222784;0,024664;0
22142;5;0;0,004;0;0,7946428571428571;0,2043246709802796;0,021529;0
22142;6;0;0,0;0;0,7875816993464052;0,118350011408275;0,054085;0
22142;7;0;0,004;0;0,7745614035087719;0,0937779098477716;0,079955;0
22142;8;0;0,048;0;0,7504594820384294;0,2603406250124504;0,213529;0
22142;9;0;0,036;0;0,6944444444444443;0,4161189512518705;0,087072;0
22142;10;0;0,012;0;0,7870370370370371;0,0937779098477716;0,079565;0
22142;11;0;0,008;0;0,8083333333333332;0,1633455431834023;0,064782;0
22142;12;0;0,036;0;0,8461538461538461;0,3879256793719373;0,029819;0
22142;13;0;0,016;0;0,8181818181818182;0,2603406250124504;0,027973;0
22142;14;0;0,016;0;0,8181818181818182;0,8443198937773438;0,027344;0
22142;15;0;0,036;0;0,8461538461538461;0,3879256793719373;0,034706;0
22142;16;0;0,016;0;0,8181818181818182;0,2603406250124504;0,160786;0
22142;17;0;0,008;0;0,8083333333333332;0,1633455431834023;0,004781;0
22142;18;0;0,052;0;0,6688198757763976;0,443110558244691;0,038666;0
22142;19;0;0,008;0;0,7777777777777778;0,0937779098477716;0,193768;0
22142;20;0;0,024;0;0,8000000000000002;0,2236416644844808;0,030456;0
22847;1;1;0,0;0;1,0;0,0376223603222784;0,127367;0
22847;2;1;0,004;0;1,0;0,0;0,622233;1
22847;3;0;0,0;0;1,0;0,0376223603222784;0,126004;0
22847;4;1;0,004;0;0,9583333333333334;0,0376223603222784;0,707602;1
22847;5;1;0,004;0;0,9040032679738562;0,0672215447583068;0,03944;0
22847;6;0;0,0;0;0,8873015873015873;0,1633455431834023;0,003274;0
22847;7;0;0,004;0;0,9047619047619048;0,0;0,003419;0
22847;8;0;0,0;0;0,912280701754386;0,4161189512518705;0,001322;0
22847;9;0;0,004;0;0,8732943469785575;0,5059192440727412;0,005199;0
22847;10;0;0,0;0;0,9595588235294118;0,2236416644844808;0,003247;0
22847;11;0;0,0;0;0,8958333333333334;0,3431229071320205;0,032874;0
22847;12;0;0,016;0;0,8692460317460317;0,6148227571490692;0,023057;0
22847;13;0;0,0;0;0,8615196078431372;0,0376223603222784;0,029234;0
22847;14;0;0,004;0;0,9249084249084248;0,2043246709802796;0,076312;0
22847;15;0;0,0;0;0,8696581196581197;0,3879256793719373;0,017132;0
22847;16;0;0,004;0;0,9285714285714284;0,2236416644844808;0,015773;0
22847;17;0;0,0;0;0,9375;0,0;0,010495;0
22847;18;0;0,0;0;0,9411764705882352;0,4161189512518705;0,002684;0
22847;19;0;0,004;0;0,9047619047619048;0,0;0,00147;0
22847;20;0;0,0;0;0,8873015873015873;0,1633455431834023;0,002757;0
22847;21;1;0,02;0;1,0;0,2948328193632007;0,268312;0
22847;22;0;0,0;0;1,0;0,0;0,030314;0
22847;23;1;0,964;1;1,0;0,2236416644844809;0,116581;0
23298;1;1;0,032;0;0,7435897435897436;0,2422921890824148;0,434834;0
23298;2;1;0,456;1;0,7014652014652015;0,9895875212220556;0,199214;0
23298;3;0;0,648;1;0,7435897435897436;0,9992612140227842;0,071829;0
23298;4;0;0,02;0;0,7094017094017094;0,5293608652873644;0,088257;0
23298;5;0;0,172;0;0,7435897435897436;0,7527960664084546;0,005709;0
23298;6;0;0,04;0;0,6837606837606837;0,5407504779634867;0,001128;0
23298;7;0;0,044;0;0,7148962148962149;0,6246538232507122;0,00565;0
23298;8;0;0,04;0;0,6837606837606837;0,5407504779634867;0,005153;0
23298;9;0;0,044;0;0,7148962148962149;0,6246538232507122;0,009195;0
23298;10;0;0,04;0;0,6837606837606837;0,5407504779634867;0,004225;0
23298;11;0;0,044;0;0,7148962148962149;0,6246538232507122;0,007901;0
23298;12;0;0,172;0;0,7435897435897436;0,7527960664084546;0,006283;0
23298;13;0;0,172;0;0,7435897435897436;0,7527960664084546;0,00576;0
24573;1;1;0,34;1;0,6666666666666666;0,9998153271549208;0,860345;1
24573;2;0;0,28;0;0,6666666666666666;0,890851296603444;0,10207;0
24573;3;1;0,008;0;0,6666666666666666;0,4297586093037605;0,024995;0
24573;4;1;0,016;0;0,6527777777777777;0,4689955935892811;0,030092;0
24573;5;1;0,012;0;0,6666666666666666;0,4815485438118001;0,158687;0
24573;6;0;0,064;0;0,6666666666666666;0,6343095546405662;0,038536;0
24573;7;0;0,128;0;0,6666666666666666;0,5628977911449632;0,153728;0
25215;1;0;0,008;0;0,8000000000000002;0,3113573704292831;0,01202;0
25215;2;0;0,016;0;0,7719298245614036;0,4297586093037605;0,060623;0
25215;3;0;0,008;0;0,701581027667984;0,4815485438118001;0,017321;0
25215;4;0;0,004;0;0,6956521739130435;0,0376223603222784;0,0009;0
25215;5;0;0,004;0;0,7456140350877193;0,118350011408275;0,002765;0
25215;6;0;0,0;0;0,6676837020086448;0,1414405425418206;0,000354;0
25215;7;0;0,02;0;0,6926406926406926;0,4815485438118001;0,177249;0
25215;8;0;0,064;0;0,6888888888888888;0,3584153246392749;0,027813;0
25215;9;0;0,0;0;0,7647058823529411;0,0;0,144956;0
25215;10;0;0,0;0;0,6555555555555556;0,0672215447583068;0,002384;0
25215;11;0;0,0;0;0,8000000000000002;0,0376223603222784;0,00038;0
25215;12;0;0,0;0;0,823529411764706;0,3274449191544763;0,013931;0
25215;13;0;0,0;0;0,7192982456140351;0,4561861025695263;0,01894;0
25215;14;0;0,0;0;0,9607843137254902;0,118350011408275;0,165067;0
25215;15;0;0,0;0;0,7270955165692007;0,7527960664084546;0,073992;0
25215;16;0;0,008;0;0,7794871794871795;0,4689955935892811;0,048849;0
25215;17;1;0,04;0;0,7188644688644689;0,8206501291977116;0,208981;0
25215;18;1;0,62;1;0,6777777777777777;0,9709505944546688;0,463217;0
25215;19;0;0,0;0;0,7535505430242272;0,1842605933396551;0,001743;0
25215;20;0;0,192;0;0,8008255933952529;0,6246538232507122;0,153553;0
25215;21;0;0,0;0;0,7734204793028322;0,7219280948873623;0,016363;0
25215;22;0;0,0;0;0,823529411764706;0,4297586093037605;0,032496;0
25215;23;0;0,012;0;0,9583333333333334;0,0672215447583068;0,05552;0
25215;24;0;0,0;0;0,8296296296296296;0,0672215447583068;0,001563;0
25215;25;0;0,004;0;0,8809523809523809;0,2422921890824148;0,00045;0
25215;26;0;0,0;0;0,8333333333333334;0,3431229071320205;0,000196;0
25215;27;0;0,0;0;0,8333333333333334;0,3879256793719373;0,000415;0
25215;28;0;0,024;0;0,9191176470588236;0,2043246709802796;0,00098;0
25215;29;0;0,0;0;0,8125;0,1633455431834023;0,003548;0
25215;30;0;0,008;0;0,7333333333333333;0,0376223603222784;0,107661;0
25215;31;0;0,056;0;0,7785714285714285;0,6048125901165884;0,069542;0
25215;32;0;0,024;0;0,8376068376068376;0,2236416644844808;0,084988;0
25215;33;0;0,016;0;1,0;0,0;0,119278;0
25215;34;0;0,016;0;1,0;0,0;0,107526;0
25215;35;0;0,016;0;1,0;0,0;0,118329;0
2767;1;0;0,016;0;0,8158508158508159;0,3879256793719373;0,027179;0
2767;2;0;0,012;0;0,7206349206349206;0,4815485438118001;0,070357;0
2767;3;0;0,016;0;0,8158508158508159;0,3879256793719373;0,027266;0
2767;4;0;0,016;0;0,8158508158508159;0,3879256793719373;0,030577;0
2767;5;0;0,024;0;0,6670751633986928;0,2043246709802796;0,439055;0
2767;6;0;0,02;0;0,6298016282536407;0,4689955935892811;0,305582;0
2767;7;0;0,008;0;0,7777777777777777;0,1633455431834023;0,044712;0
2767;8;0;0,012;0;0,6411318150448585;0,118350011408275;0,009787;0
2767;9;0;0,008;0;0,8421052631578947;0,118350011408275;0,001125;0
2767;10;0;0,0;0;0,7083333333333334;0,1842605933396551;0,004935;0
2767;11;0;0,02;0;0,6365432098765432;0,2603406250124504;0,004482;0
2767;12;0;0,012;0;0,6666666666666666;0,1842605933396551;0,237407;0
2767;13;0;0,012;0;0,7186147186147186;0,0;0,004262;0
2767;14;0;0,004;0;0,7380952380952381;0,2603406250124504;0,007195;0
2767;15;0;0,016;0;0,7647058823529411;0,118350011408275;0,017301;0
2767;16;0;0,02;0;0,6203703703703703;0,2043246709802796;0,047754;0
2767;17;0;0,012;0;0,735515873015873;0,118350011408275;0,008877;0
2767;18;1;0,02;0;0,7582417582417582;0,4297586093037605;0,055805;0
2767;19;1;0,04;0;0,8333333333333334;0,737642380185689;0,221012;0
2767;20;0;0,008;0;0,9;0,0672215447583068;0,023729;0
2767;21;1;0,608;1;0,9;0,99093240356837;0,297641;0
2767;22;0;0,0;0;0,7647058823529411;0,0937779098477716;0,003766;0
2767;23;0;0,016;0;0,7380952380952381;0,0937779098477716;0,004184;0
2767;24;0;0,016;0;0,7333333333333333;0,2043246709802796;0,065161;0
2767;25;0;0,0;0;0,6291187739463601;0,0672215447583068;0,00088;0
2767;26;0;0,088;0;0,6365079365079365;0,443110558244691;0,403238;0
2767;27;0;0,0;0;0,7361111111111112;0,2236416644844808;0,739;1
2767;28;0;0,008;0;0,8333333333333334;0,0672215447583068;0,342674;0
2767;29;0;0,008;0;0,8333333333333334;0,0672215447583068;0,344688;0
2767;30;0;0,012;0;0,7787878787878788;0,0;0,001534;0
2767;31;0;0,016;0;0,7763157894736842;0,0937779098477716;0,00053;0
2767;32;0;0,0;0;0,8578431372549019;0,118350011408275;0,00282;0
2767;33;0;0,008;0;0,8216269841269841;0,118350011408275;0,000629;0
2767;34;0;0,024;0;0,806915306915307;0,7674044165839727;0,000553;0
2767;35;0;0,024;0;0,8181818181818182;0,801629101585612;0,000769;0
2767;36;0;0,024;0;0,8181818181818182;0,801629101585612;0,052436;0
2767;37;0;0,0;0;0,8578431372549019;0,0937779098477716;0,013496;0
2767;38;0;0,004;0;0,7763157894736842;0,1414405425418206;0,016092;0
2767;39;0;0,012;0;0,7019607843137255;0,1842605933396551;0,016237;0
2767;40;0;0,0;0;0,7067901234567903;0,0376223603222784;0,001728;0
2778;1;1;0,008;0;0,7658730158730158;0,0937779098477716;0,407318;0
2778;2;1;0,024;0;0,7804621848739496;0,4938537236995206;0,067871;0
2778;3;0;0,008;0;0,7669312169312169;0,2236416644844808;0,029905;0
2778;4;0;0,008;0;0,7995243864136042;0,443110558244691;0,072568;0
2778;5;0;0,02;0;0,7887205387205386;0,5519275534566073;0,137345;0
2778;6;0;0,808;1;0,7523809523809524;0,9551678918612524;0,030295;0
2778;7;0;0,008;0;0,7633838383838384;0,4815485438118001;0,015932;0
2778;8;0;0,672;1;0,8427287581699346;0,9849900098451576;0,015158;0
2778;9;0;0,008;0;0,7979114452798663;0,0672215447583068;0,012841;0
2778;10;1;0,0;0;0,8888888888888888;0,118350011408275;0,025189;0
2778;11;1;0,0;0;0,875;0,0;0,067946;0
2778;12;0;0,016;0;0,8717948717948719;0,0672215447583068;0,005285;0
2778;13;0;0,004;0;0,9444444444444444;0,2948328193632007;0,004024;0
2778;14;0;0,0;0;1,0;0,0;0,00783;0
2778;15;0;0,0;0;1,0;0,0;0,007744;0
2778;16;0;0,0;0;0,875;0,0;0,011885;0
2778;17;0;0,0;0;0,8888888888888888;0,118350011408275;0,007883;0
2778;18;0;0,132;0;0,7658730158730158;0,9732424074349136;0,333506;0
2778;19;0;0,012;0;0,9;0,1633455431834023;0,263719;0
2778;20;0;0,012;0;0,9;0,1633455431834023;0,266523;0
2780;1;0;0,0;0;1,0;0,0937779098477716;0,016826;0
2780;2;0;0,016;0;0,8222222222222223;0,8206501291977116;0,29863;0
2780;3;0;0,016;0;0,8222222222222223;0,118350011408275;0,337175;0
2780;4;0;0,0;0;0,8174019607843137;0,0376223603222784;0,050009;0
2780;5;0;0,0;0;0,8196881091617932;0,1414405425418206;0,00552;0
2780;6;0;0,0;0;0,780050505050505;0,0;0,000965;0
2780;7;0;0,012;0;0,8078947368421052;0,1842605933396551;0,013749;0
2780;8;0;0,008;0;0,8142780461621042;0,3879256793719373;0,381475;0
2780;9;0;0,004;0;0,8819444444444445;0,0376223603222784;0,052466;0
2780;10;0;0,008;0;0,7858964036500269;0,1414405425418206;0,519383;1
2780;11;0;0,0;0;0,7470634920634921;0,2948328193632007;0,110137;0
2780;12;0;0,004;0;0,7707729468599034;0,1633455431834023;0,016471;0
2780;13;0;0,008;0;0,7335526315789473;0,9944066525627804;0,070635;0
2780;14;0;0,012;0;0,8484848484848485;0,443110558244691;0,053816;0
2780;15;0;0,012;0;0,8484848484848485;0,443110558244691;0,038712;0
2780;16;0;0,0;0;0,7538405797101451;0,0937779098477716;0,000894;0
2780;17;0;0,0;0;0,7720057720057719;0,0376223603222784;0,011808;0
2780;18;0;0,008;0;0,834920634920635;0,2236416644844808;0,011194;0
2780;19;0;0,0;0;0,8444444444444444;0,1633455431834023;0,009338;0
2780;20;0;0,0;0;0,8333333333333334;0,0;0,022647;0
2780;21;0;0,004;0;0,7727272727272728;0,0672215447583068;0,041991;0
2780;22;0;0,024;0;0,8196881091617932;0,2236416644844808;0,216448;0
2780;23;0;0,004;0;0,8958333333333334;0,908678384800712;0,079722;0
2780;24;0;0,0;0;0,9285714285714284;0,584238811642856;0,006908;0
2780;25;0;0,004;0;0,8666666666666667;0,4297586093037605;0,006989;0
2780;26;0;0,0;0;0,9285714285714284;0,584238811642856;0,007213;0
2780;27;0;0,004;0;0,8958333333333334;0,908678384800712;0,07902;0
2780;28;0;0,0;0;0,8122807017543859;0,118350011408275;0,001893;0
2780;29;0;0,0;0;0,8148148148148149;0,0376223603222784;0,00143;0
2780;30;0;0,0;0;0,8333333333333334;0,0376223603222784;0,018044;0
2780;31;1;0,008;0;0,9047619047619048;0,2043246709802796;0,071937;0
2780;32;1;0,008;0;0,9722222222222222;0,0672215447583068;0,004125;0
2780;33;1;0,856;1;0,9722222222222222;0,8267463724926178;0,133585;0
28338;1;1;0,0;0;1,0;0,0;0,295473;0
28338;2;1;0,02;0;0,8454545454545456;0,4815485438118001;0,135017;0
28338;3;1;0,904;1;1,0;0,9998153271549208;0,005534;0
28338;4;0;0,012;0;0,706959706959707;0,118350011408275;0,011698;0
28338;5;0;0,0;0;0,7202380952380952;0,2043246709802796;0,012986;0
28338;6;0;0,0;0;0,7989909414058021;0,2236416644844808;0,008654;0
28338;7;0;0,004;0;0,6959064327485379;0,0937779098477716;0,001772;0
28338;8;0;0,0;0;0,7142857142857143;0,4689955935892811;0,007075;0
28338;9;0;0,012;0;0,7249121651295564;0,2948328193632007;0,007291;0
28338;10;0;0,012;0;0,6999050332383666;0,4815485438118001;0,059984;0
28338;11;0;0,004;0;0,7619047619047619;0,0672215447583068;0,020327;0
28338;12;0;0,0;0;0,7433574879227053;0,0376223603222784;0,02845;0
28338;13;0;0,004;0;0,8629629629629628;0,0672215447583068;0,416468;0
28338;14;0;0,0;0;0,7875;0,3431229071320205;0,375047;0
28338;15;0;0,0;0;0,7777777777777778;0,1633455431834023;0,066497;0
28338;16;0;0,0;0;0,7651515151515151;0,0376223603222784;0,002982;0
28338;17;0;0,004;0;0,8578431372549019;0,2603406250124504;0,003747;0
28338;18;0;0,008;0;0,7644110275689222;0,6343095546405662;0,001759;0
28338;19;0;0,012;0;0,7543133195307107;0,3879256793719373;0,008715;0
28338;20;0;0,008;0;0,720959595959596;0,5736665363828041;0,000906;0
28338;21;0;0,02;0;0,7757936507936508;0,1633455431834023;0,007907;0
28338;22;0;0,004;0;0,7968904733610614;0,3879256793719373;0,027312;0
28338;23;0;0,0;0;0,7892623716153128;0,584238811642856;0,213855;0
28338;24;0;0,0;0;0,8461538461538461;0,0672215447583068;0,110297;0
28338;25;0;0,008;0;1,0;0,0376223603222784;0,002437;0
28338;26;0;0,0;0;1,0;0,0;0,008292;0
28338;27;0;0,0;0;1,0;0,0;0,002432;0
28338;28;0;0,0;0;1,0;0,0;0,00224;0
28338;29;0;0,0;0;0,7892623716153128;0,584238811642856;0,002263;0
28338;30;0;0,004;0;0,7968904733610614;0,3879256793719373;0,003716;0
28338;31;0;0,0;0;0,7330917874396136;0,0376223603222784;0,162645;0
28338;32;0;0,012;0;0,7196881091617934;0,3113573704292831;0,15458;0
28338;33;0;0,012;0;0,7196881091617934;0,3113573704292831;0,138023;0
28338;34;0;0,0;0;0,7989909414058021;0,2236416644844808;0,1488;0
28338;35;0;0,0;0;0,7202380952380952;0,2043246709802796;0,003563;0
29360;1;0;0,02;0;0,7757575757575758;0,801629101585612;0,031723;0
29360;2;0;0,056;0;0,6428571428571429;0,7138555955076475;0,040257;0
29360;3;0;0,04;0;0,6507936507936508;0,5059192440727412;0,05601;0
29360;4;0;0,008;0;0,6669590643274854;0,2948328193632007;0,123017;0
29360;5;0;0,036;0;0,5484848484848485;0,3274449191544763;0,05594;0
29360;6;0;0,04;0;0,6407685881370092;0,443110558244691;0,160679;0
29360;7;0;0,052;0;0,5286935286935287;0,5519275534566073;0,035684;0
29360;8;0;0,052;0;0,5272904483430799;0,7056366064601749;0,053381;0
29360;9;1;0,264;0;0,75;0,9660780975952254;0,282161;0
29360;10;0;0,0;0;0,7777777777777778;0,0672215447583068;0,025836;0
29360;11;1;0,34;1;0,7777777777777778;0,8499431123430718;0,431209;0
29360;12;0;0,012;0;0,631578947368421;0,3584153246392749;0,180199;0
29360;13;1;0,068;0;0,6875;0,8206501291977116;0,41806;0
29360;14;0;0,024;0;0,7142857142857143;0,118350011408275;0,053922;0
29360;15;1;0,452;1;0,7142857142857143;0,801629101585612;0,419256;0
29360;16;0;0,044;0;0,612953953511229;0,1633455431834023;0,086787;0
29360;17;0;0,028;0;0,6470588235294118;0,6048125901165884;0,049723;0
2948;1;1;0,012;0;0,8717948717948718;0,2948328193632007;0,082448;0
2948;2;1;0,008;0;0,8035714285714285;0,3879256793719373;0,252829;0
2948;3;1;0,116;0;0,8717948717948718;0,7527960664084546;0,398089;0
2948;4;0;0,008;0;0,9090909090909092;0,0;0,050937;0
2948;5;1;0,724;1;0,9090909090909092;0,8443198937773438;0,401111;0
2948;6;0;0,0;0;0,8078703703703703;0,118350011408275;0,013106;0
2948;7;0;0,004;0;0,868937048503612;0,1633455431834023;0,013227;0
2948;8;0;0,008;0;0,8312447786131996;0,0937779098477716;0,02748;0
2948;9;0;0,0;0;0,8040935672514621;0,0;0,010567;0
2948;10;0;0,0;0;0,75;0,0672215447583068;0,042548;0
2948;11;0;0,0;0;0,8222222222222223;0,3274449191544763;0,061378;0
2948;12;0;0,084;0;0,7548732943469786;0,5293608652873644;0,086018;0
2948;13;0;0,008;0;0,8550653594771243;0,118350011408275;0,00923;0
2948;14;0;0,024;0;0,8666666666666667;0,3113573704292831;0,042281;0
2948;15;0;0,052;0;0,9166666666666666;0,3584153246392749;0,021222;0
2948;16;0;0,02;0;0,9010989010989012;0,2043246709802796;0,015498;0
2948;17;0;0,032;0;0,9090909090909092;0,1414405425418206;0,133301;0
2948;18;0;0,0;0;0,8873015873015874;0,2043246709802796;0,015105;0
2948;19;0;0,0;0;0,8522875816993464;0,0376223603222784;0,014918;0
29718;1;0;0,0;0;0,9722222222222222;0,4815485438118001;0,131069;0
29718;2;0;0,04;0;0,8634920634920635;0,1633455431834023;0,130466;0
29718;3;0;0,016;0;0,8666666666666667;0,118350011408275;0,044971;0
29718;4;0;0,004;0;0,823529411764706;0,0376223603222784;0,04011;0
29718;5;1;0,74;1;0,8534798534798534;0,939312713732236;0,356584;0
29718;6;0;0,004;0;0,8421052631578947;0,2043246709802796;0,058355;0
29718;7;0;0,0;0;0,8593073593073592;0,0376223603222784;0,078028;0
29718;8;0;0,0;0;0,8603313840155945;0,0672215447583068;0,038904;0
29718;9;0;0,012;0;0,8578431372549019;0,0376223603222784;0,11663;0
29718;10;0;0,372;1;0,8666666666666667;0,9491240519851772;0,175761;0
29718;11;0;0,0;0;0,8714285714285714;0,3733433210798535;0,263643;0
29718;12;0;0,016;0;0,9007352941176472;0,2603406250124504;0,163267;0
29718;13;0;0,016;0;0,9499999999999998;0,5946193440950124;0,126351;0
29718;14;0;0,0;0;0,9333333333333332;0,6531091121418667;0,074192;0
29718;15;0;0,004;0;0,9411764705882352;0,2948328193632007;0,099603;0
29718;16;0;0,0;0;0,9333333333333332;0,0376223603222784;0,005681;0
29718;17;0;0,004;0;0,9166666666666666;0,2778395739583094;0,006459;0
29718;18;0;0,0;0;0,9;0,584238811642856;0,007076;0
29718;19;0;0,004;0;0,9166666666666666;0,2778395739583094;0,001176;0
29718;20;0;0,0;0;0,9333333333333332;0,0376223603222784;0,006055;0
29718;21;0;0,004;0;0,9379509379509378;0,0376223603222784;0,009497;0
30482;1;0;0,02;0;0,7692307692307693;0,5628977911449632;0,166908;0
30482;2;0;0,1;0;0,7719298245614036;0,2236416644844808;0,164993;0
30482;3;0;0,02;0;0,6818181818181818;0,2603406250124504;0,026102;0
30482;4;0;0,04;0;0,7368421052631579;0,2236416644844808;0,066541;0
30482;5;0;0,016;0;0,7333333333333334;0,1842605933396551;0,036029;0
30482;6;0;0,1;0;0,6601307189542484;0,5059192440727412;0,009435;0
30482;7;0;0,032;0;0,7348484848484849;0,8954686411420223;0,029395;0
30482;8;0;0,032;0;0,7348484848484849;0,8954686411420223;0,005316;0
30482;9;0;0,0;0;0,6999999999999998;0,2422921890824148;0,006037;0
30482;10;0;0,004;0;0,7833333333333333;0,3113573704292831;0,040256;0
30482;11;0;0,012;0;0,7009222661396574;0,0937779098477716;0,012738;0
30482;12;0;0,0;0;0,6985507246376811;0,0937779098477716;0,091634;0
30482;13;0;0,004;0;0,6818181818181818;0,2043246709802796;0,084168;0
30482;14;0;0,0;0;0,6618357487922705;0,0;0,16725;0
30482;15;0;0,012;0;0,8267973856209151;0,0672215447583068;0,008255;0
30482;16;0;0,08;0;0,923076923076923;0,5177526267252631;0,032349;0
30482;17;0;0,028;0;0,9090909090909092;0,0376223603222784;0,026202;0
30482;18;0;0,764;1;0,9090909090909092;0,9999538332662392;0,17889;0
30482;19;1;0,04;0;0,726984126984127;0,697268815792328;0,33896;0
30482;20;1;0,1;0;0,711484593837535;0,5628977911449632;0,026048;0
30482;21;1;0,012;0;0,7167755991285403;0,0376223603222784;0,352842;0
30482;22;0;0,004;0;0,672514619883041;0,1842605933396551;0,538039;1
30482;23;0;0,0;0;0,8014354066985646;0,1633455431834023;0,443236;0
30482;24;0;0,02;0;0,7965686274509803;0,3274449191544763;0,45783;0
31642;1;0;0,016;0;0,6958333333333333;0,7745085286615678;0,083414;0
31642;2;0;0,004;0;0,6894736842105263;0,1414405425418206;0,018589;0
31642;3;0;0,004;0;0,7472975367712209;0,2043246709802796;0,028267;0
31642;4;0;0,0;0;0,7352941176470589;0,1414405425418206;0,03068;0
31642;5;0;0,004;0;0,8786764705882352;0,0376223603222784;0,239392;0
31642;6;0;0,004;0;0,8944444444444445;0,0937779098477716;0,248691;0
31642;7;0;0,008;0;0,923076923076923;0,5059192440727412;0,154363;0
31642;8;0;0,004;0;1,0;0,1414405425418206;0,444948;0
31642;9;0;0,928;1;1,0;0,6048125901165884;0,125106;0
31642;10;0;0,008;0;0,923076923076923;0,5059192440727412;0,090792;0
31642;11;0;0,004;0;0,8944444444444445;0,0937779098477716;0,134845;0
31642;12;0;0,04;0;0,8148148148148149;0,3431229071320205;0,040372;0
31642;13;0;0,072;0;0,7244500139236981;0,5628977911449632;0,051576;0
31642;14;0;0,008;0;0,7320261437908496;0,2422921890824148;0,015612;0
31642;15;0;0,024;0;0,6712121212121213;0,4161189512518705;0,06571;0
31642;16;0;0,012;0;0,69281045751634;0,5946193440950124;0,036367;0
31642;17;0;0,016;0;0,8125;0,5293608652873644;0,009914;0
31642;18;0;0,064;0;1,0;0,7601675029619656;0,004152;0
31642;19;1;0,012;0;1,0;0,697268815792328;0,01617;0
31642;20;0;0,004;0;0,8060606060606061;0,7674044165839727;0,00539;0
31642;21;1;0,032;0;1,0;0,118350011408275;0,265895;0
31642;22;1;0,004;0;0,8060606060606061;0,7674044165839727;0,016943;0
31642;23;0;0,012;0;1,0;0,697268815792328;0,007862;0
347;1;0;0,012;0;0,7777777777777778;0,6246538232507122;0,028744;0
347;2;0;0,016;0;0,8282828282828283;0,99440665256278;0,302342;0
347;3;0;0,348;1;0,8376623376623377;0,8144326879441559;0,521482;1
347;4;0;0,036;0;0,7777777777777778;0,9426831892554924;0,109516;0
347;5;0;0,0;0;0,7326007326007327;0,0672215447583068;0,006974;0
347;6;0;0,048;0;0,7965686274509803;0,1633455431834023;0,007485;0
347;7;0;0,0;0;0,7962962962962963;0,1842605933396551;0,005785;0
347;8;0;0,004;0;0,7688060731538991;0,1633455431834023;0,002125;0
347;9;0;0,084;0;0,8287878787878787;0,7527960664084546;0,332015;0
347;10;0;0,096;0;0,8849206349206349;0,3879256793719373;0,019679;0
347;11;0;0,0;0;0,9411764705882352;0,1414405425418206;0,006546;0
347;12;0;0,004;0;0,9375;0,2422921890824148;0,092199;0
347;13;0;0,012;0;0,9333333333333332;0,1842605933396551;0,205241;0
347;14;0;0,004;0;0,9375;0,0;0,004594;0
347;15;0;0,0;0;0,9375;0,0672215447583068;0,006943;0
347;16;0;0,012;0;1,0;0,0376223603222784;0,033364;0
347;17;0;0,012;0;1,0;0,0;0,160811;0
347;18;0;0,0;0;0,9761904761904764;0,0672215447583068;0,008751;0
347;19;0;0,004;0;0,977777777777778;0,0376223603222784;0,021544;0
347;20;0;0,0;0;0,925925925925926;0,0;0,001515;0
347;21;0;0,0;0;0,8311546840958606;0,3879256793719373;0,023845;0
347;22;0;0,016;0;0,7806372549019608;0,0937779098477716;0,031255;0
347;23;1;0,676;1;0,7564102564102564;0,9933418121880536;0,191987;0
35023;1;1;0,004;0;0,6363636363636364;0,6531091121418667;0,040656;0
35023;2;1;0,048;0;0,6410256410256411;0,584238811642856;0,087733;0
35023;3;1;0,452;1;0,6121212121212122;0,9754383526853786;0,180253;0
35023;4;1;0,028;0;0,5625;0,5628977911449632;0,048631;0
35023;5;0;0,02;0;0,5098039215686274;0,4815485438118001;0,025963;0
35023;6;0;0,028;0;0,601851851851852;0,5946193440950124;0,038034;0
35023;7;0;0,056;0;0,5488215488215488;0,697268815792328;0,192484;0
35023;8;0;0,056;0;0,648148148148148;0,3431229071320205;0,432588;0
35023;9;0;0,048;0;0,5892857142857143;0,9866165198488092;0,439976;0
35023;10;0;0,084;0;0,6999999999999998;0,3879256793719373;0,003637;0
35023;11;0;0,016;0;0,6999999999999998;0,0937779098477716;0,228187;0
35023;12;0;0,056;0;0,5488215488215488;0,697268815792328;0,182039;0
35023;13;0;0,056;0;0,648148148148148;0,3431229071320205;0,429619;0
35023;14;0;0,048;0;0,5892857142857143;0,9866165198488092;0,432262;0
35023;15;0;0,084;0;0,6999999999999998;0,3879256793719373;0,002598;0
35023;16;0;0,016;0;0,6999999999999998;0,0937779098477716;0,242702;0
36762;1;0;0,024;0;0,7904040404040403;0,6048125901165884;0,137067;0
36762;2;0;0,02;0;0,6881091617933723;0,6887498056988562;0,567819;1
36762;3;0;0,004;0;0,7904040404040403;0,4689955935892811;0,407736;0
36762;4;0;0,016;0;0,7462121212121212;0,3879256793719373;0,108088;0
36762;5;0;0,032;0;0,7159090909090908;0,443110558244691;0,076498;0
36762;6;0;0,0;0;0,764069264069264;0,0937779098477716;0,086509;0
36762;7;0;0,0;0;0,7947368421052632;0,0376223603222784;0,466513;0
36762;8;0;0,0;0;0,8717948717948719;0,1633455431834023;0,672794;1
36762;9;0;0,0;0;0,9;0,9775387286988187;0,11962;0
36762;10;0;0,0;0;0,8717948717948719;0,1633455431834023;0,013832;0
36762;11;0;0,0;0;0,7947368421052632;0,0376223603222784;0,016785;0
36762;12;1;0,032;0;0,782051282051282;0,3113573704292831;0,255617;0
36762;13;0;0,004;0;0,7052991452991453;0,584238811642856;0,004761;0
36762;14;0;0,236;0;0,6782866256550467;0,6531091121418667;0,00108;0
36762;15;0;0,032;0;0,7186147186147186;0,1842605933396551;0,002367;0
36762;16;0;0,056;0;0,7773191147804152;0,0672215447583068;0,00206;0
36762;17;0;0,0;0;0,7785714285714285;0,2948328193632007;0,010092;0
36762;18;0;0,692;1;0,8461538461538461;0,9795438195294628;0,037006;0
36762;19;0;0,0;0;0,8095238095238094;0,7527960664084546;0,003862;0
36762;20;0;0,0;0;0,8307692307692308;0,7527960664084546;0,003047;0
36762;21;0;0,0;0;0,8085010319917441;0,0672215447583068;0,001862;0
36762;22;0;0,004;0;0,8447368421052631;0,0;0,001214;0
36762;23;0;0,008;0;0,7702991452991452;0,2778395739583094;0,00136;0
36762;24;0;0,016;0;0,8245614035087719;0,2778395739583094;0,002962;0
36857;1;0;0,024;0;0,7999999999999999;0,7745085286615678;0,113921;0
36857;2;0;0,032;0;0,7948717948717948;0,443110558244691;0,082343;0
36857;3;0;0,012;0;0,8958333333333334;0,99093240356837;0,097723;0
36857;4;0;0,024;0;0,8624338624338624;0,118350011408275;0,322646;0
36857;5;0;0,02;0;0,8198412698412699;0,2948328193632007;0,264484;0
36857;6;0;0,012;0;0,9191176470588236;0,0;0,065507;0
36857;7;0;0,004;0;0,7257706093189964;0,0672215447583068;0,270001;0
36857;8;0;0,056;0;0,7092995169082125;0,1633455431834023;0,065738;0
36857;9;0;0,012;0;0,7163561076604555;0,1633455431834023;0,041517;0
36857;10;0;0,024;0;0,6333172999839666;0,2603406250124504;0,112238;0
36857;11;0;0,0;0;0,6414141414141414;0,3431229071320205;0,034496;0
36857;12;0;0,016;0;0,5537037037037037;0,2603406250124504;0,129383;0
36857;13;0;0,02;0;0,5416666666666666;0,3584153246392749;0,028538;0
36857;14;0;0,068;0;0,6904761904761906;0,4815485438118001;0,102199;0
36857;15;0;0,192;0;0,6772247360482654;0,6712478853829508;0,034721;0
36857;16;0;0,024;0;0,7142857142857143;0,5946193440950124;0,074906;0
36857;17;0;0,012;0;0,8000000000000002;0,1414405425418206;0,046527;0
36857;18;0;0,664;1;0,8000000000000002;0,9995844639313984;0,005366;0
36857;19;0;0,016;0;0,5537037037037037;0,2603406250124504;0,006058;0
36857;20;0;0,0;0;0,6414141414141414;0,3431229071320205;0,001892;0
36857;21;0;0,016;0;0,5537037037037037;0,2603406250124504;0,001943;0
36857;22;0;0,0;0;0,6414141414141414;0,3431229071320205;0,018358;0
36857;23;0;0,012;0;0,7243788819875777;0,0937779098477716;0,043071;0
36857;24;1;0,012;0;0,75;0,0672215447583068;0,391899;0
36857;25;0;0,012;0;0,797979797979798;0,1842605933396551;0,04493;0
36857;26;1;0,008;0;0,8700263731223483;0,9995844639313984;0,684373;1
36857;27;0;0,004;0;0,8327485380116958;0,7219280948873623;0,002734;0
36857;28;0;0,032;0;0,8181818181818182;0,9732424074349136;0,004066;0
36857;29;0;0,028;0;0,8750487329434699;0,908678384800712;0,001968;0
36857;30;0;0,012;0;0,9215686274509804;0,0937779098477716;0,005897;0
37207;1;1;0,924;1;0,9090909090909092;0,5736665363828041;0,40228;0
37207;2;0;0,024;0;0,8841269841269842;0,1414405425418206;0,031602;0
37207;3;0;0,016;0;0,9090909090909092;0,4689955935892811;0,033033;0
37207;4;0;0,096;0;0,8571428571428571;0,3113573704292831;0,00548;0
37207;5;0;0,0;0;0,7319688109161793;0,1414405425418206;0,022006;0
37207;6;0;0,0;0;0,7619047619047619;0,0376223603222784;0,007844;0
37207;7;0;0,012;0;0,7200000000000001;0,0672215447583068;0,03639;0
37207;8;0;0,02;0;0,6755555555555556;0,2603406250124504;0,025243;0
37207;9;0;0,012;0;0,6271264367816092;0,2948328193632007;0,136557;0
37207;10;0;0,016;0;0,7503987240829346;0,2948328193632007;0,065692;0
37207;11;0;0,012;0;0,8666666666666667;0,443110558244691;0,356689;0
37207;12;0;0,028;0;0,8611111111111112;0,99093240356837;0,20578;0
37207;13;0;0,42;1;0,8000000000000002;0,7527960664084546;0,474471;0
37207;14;0;0,028;0;0,8611111111111112;0,99093240356837;0,065784;0
37207;15;0;0,012;0;0,8666666666666667;0,443110558244691;0,027986;0
37207;16;0;0,036;0;0,7079951690821256;0,1842605933396551;0,022567;0
37207;17;0;0,008;0;0,698670465337132;0,1414405425418206;0,025415;0
37207;18;0;0,004;0;0,6999050332383666;0,0672215447583068;0,004801;0
37207;19;0;0,012;0;0,6807751427316645;0,6148227571490692;0,00806;0
37207;20;0;0,012;0;0,7463924963924965;0,7601675029619656;0,055098;0
37207;21;0;0,028;0;0,7262296881862099;0,3274449191544763;0,01996;0
37207;22;0;0,008;0;0,7456427015250545;0,118350011408275;0,003449;0
37207;23;0;0,008;0;0,8396825396825397;0,3274449191544763;0,111411;0
37207;24;0;0,012;0;0,8000000000000002;0,6437935214851034;0,02871;0
37207;25;0;0,076;0;0,6999999999999998;0,8661236813986258;0,034672;0
37207;26;0;0,012;0;0,8000000000000002;0,6437935214851034;0,04298;0
37207;27;0;0,008;0;0,8396825396825397;0,3274449191544763;0,05378;0
37207;28;0;0,008;0;0,6999999999999998;0,2422921890824148;0,041872;0
42511;1;1;0,016;0;0,7855477855477856;0,1842605933396551;0,615025;1
42511;2;1;0,064;0;0,7291666666666666;0,8954686411420223;0,435333;0
42511;3;0;0,136;0;0,7794871794871795;0,8661236813986258;0,076797;0
42511;4;0;0,088;0;0,7954545454545455;0,6800770457282798;0,088549;0
42511;5;0;0,032;0;0,8121212121212121;0,3879256793719373;0,183358;0
42511;6;0;0,016;0;0,7419871794871794;0,8144326879441559;0,233678;0
42511;7;0;0,04;0;0,6491228070175438;0,2236416644844808;0,039487;0
42511;8;0;0,004;0;0,733652312599681;0,5628977911449632;0,000634;0
42511;9;0;0,008;0;0,7132571534745447;0,2778395739583094;0,002012;0
42511;10;0;0,004;0;0,7327536231884059;0,3584153246392749;0,010008;0
42511;11;0;0,032;0;0,7575757575757575;0,2948328193632007;0,092339;0
42511;12;0;0,396;1;0,8070175438596491;0,8327226374934938;0,054323;0
42511;13;0;0,004;0;0,8312447786131996;0,0672215447583068;0,020735;0
42511;14;0;0,016;0;0,9375;0,118350011408275;0,010973;0
42511;15;0;0,008;0;0,923076923076923;0,1633455431834023;0,009674;0
42511;16;0;0,004;0;0,9090909090909092;0,2948328193632007;0,016403;0
42511;17;0;0,008;0;0,923076923076923;0,1633455431834023;0,015127;0
42511;18;0;0,016;0;0,9375;0,118350011408275;0,010674;0
42511;19;0;0,004;0;0,8312447786131996;0,0672215447583068;0,009197;0
42511;20;0;0,016;0;0,9375;0,118350011408275;0,007265;0
42511;21;0;0,008;0;0,923076923076923;0,1633455431834023;0,007699;0
42511;22;0;0,004;0;0,9090909090909092;0,2948328193632007;0,008458;0
42511;23;0;0,008;0;0,923076923076923;0,1633455431834023;0,008748;0
42511;24;0;0,016;0;0,9375;0,118350011408275;0,011415;0
48144;1;0;0,012;0;0,9629629629629628;0,99440665256278;0,113831;0
48144;2;0;0,008;0;0,9393939393939394;0,0672215447583068;0,038598;0
48144;3;0;0,008;0;0,9487179487179488;0,0376223603222784;0,010339;0
48144;4;0;0,004;0;0,9583333333333334;0,0376223603222784;0,022379;0
48144;5;0;0,0;0;0,8855472013366749;0,0376223603222784;0,066746;0
48144;6;0;0,02;0;0,9047619047619048;0,9660780975952254;0,670227;1
48144;7;0;0,004;0;0,8773448773448772;0,0937779098477716;0,074559;0
48144;8;1;0,012;0;0,8982456140350877;0,3584153246392749;0,009923;0
48144;9;0;0,008;0;0,9047619047619048;0,2043246709802796;0,04975;0
48144;10;1;0,756;1;1,0;0,9358415530325216;0,451605;0
48144;11;1;0,016;0;0,8857142857142858;0,4689955935892811;0,030888;0
48144;12;0;0,0;0;0,8730650154798761;0,118350011408275;0,021736;0
48144;13;0;0,008;0;0,8722222222222221;0,118350011408275;0,072313;0
48144;14;0;0,016;0;0,8649237472766883;0,2043246709802796;0,16865;0
48144;15;0;0,024;0;0,977777777777778;0,3274449191544763;0,060694;0
48144;16;0;0,024;0;0,9743589743589745;0,4161189512518705;0,081406;0
48144;17;0;0,38;1;1,0;0,6343095546405662;0,253937;0
48144;18;0;0,024;0;0,9743589743589745;0,4161189512518705;0,091335;0
48144;19;0;0,024;0;0,977777777777778;0,3274449191544763;0,043629;0
48144;20;0;0,008;0;0,9583333333333334;0,0376223603222784;0,019372;0
48144;21;0;0,004;0;0,923076923076923;0,2422921890824148;0,067527;0
48144;22;0;0,004;0;0,9487179487179488;0,1414405425418206;0,027744;0
48326;1;1;0,08;0;0,8333333333333334;0,118350011408275;0,422358;0
48326;2;1;0,132;0;0,8571428571428571;0,6246538232507122;0,540697;1
48326;3;1;0,6;1;0,8333333333333334;0,9709505944546688;0,058982;0
48326;4;0;0,016;0;0,823529411764706;0,118350011408275;0,123185;0
48326;5;0;0,032;0;0,6926406926406926;0,5177526267252631;0,186693;0
48326;6;0;0,048;0;0,6570048309178743;0,5059192440727412;0,584427;1
48326;7;0;0,064;0;0,6438888888888888;0,7056366064601749;0,67322;1
48326;8;0;0,0;0;0,75;0,118350011408275;0,010955;0
48326;9;0;0,028;0;0,7144607843137255;0,2778395739583094;0,002925;0
48326;10;0;0,012;0;0,75;0,5519275534566073;0,031314;0
48326;11;0;0,064;0;0,6787878787878787;0,8954686411420223;0,144242;0
48326;12;0;0,012;0;0,75;0,5628977911449632;0,016655;0
48326;13;0;0,012;0;0,7013888888888888;0,2948328193632007;0,0087;0
48326;14;0;0,04;0;0,6428571428571429;0,2043246709802796;0,125527;0
48326;15;0;0,0;0;0,7671261487050961;0,0376223603222784;0,00663;0
48326;16;0;0,0;0;0,8125;0,2043246709802796;0,004925;0
48326;17;0;0,004;0;0,8696581196581197;0,5628977911449632;0,002691;0
48326;18;0;0,008;0;0,6752136752136751;0,6343095546405662;0,001384;0
48326;19;0;0,004;0;0,7857142857142857;0,2603406250124504;0,003098;0
48326;20;0;0,008;0;0,8125;0,0672215447583068;0,004714;0
50245;1;1;0,012;0;0,7142857142857143;0,1633455431834023;0,227876;0
50245;2;1;0,228;0;0,6898148148148149;0,890851296603444;0,221008;0
50245;3;1;0,52;1;0,7142857142857143;0,9426831892554924;0,026987;0
50245;4;1;0,008;0;0,6712121212121213;0,6343095546405662;0,235986;0
50245;5;0;0,016;0;0,6492753623188405;0,2236416644844808;0,451287;0
50245;6;0;0,016;0;0,7600000000000001;0,6048125901165884;0,199722;0
50245;7;0;0,004;0;0,8000000000000002;0,0;0,051792;0
50245;8;0;0,024;0;0,6219753086419754;0,2043246709802796;0,313284;0
50245;9;0;0,024;0;0,6635802469135802;0,4021791902022729;0,127079;0
50245;10;0;0,004;0;0,7181818181818181;0,1633455431834023;0,010775;0
50245;11;0;0,008;0;0,7755991285403049;0,1414405425418206;0,003162;0
50245;12;0;0,0;0;0,8717948717948718;0,2043246709802796;0,007738;0
50245;13;0;0,0;0;0,8484848484848485;0,0937779098477716;0,009954;0
50245;14;0;0,02;0;0,8666666666666667;0,118350011408275;0,182634;0
50245;15;0;0,0;0;0,9444444444444444;0,1633455431834023;0,0012;0
50245;16;0;0,024;0;0,7690631808278866;0,118350011408275;0,042173;0
50245;17;0;0,016;0;0,8675213675213675;0,0672215447583068;0,126718;0
50245;18;0;0,004;0;0,6623931623931624;0,3584153246392749;0,182756;0
50245;19;0;0,008;0;0,7461300309597524;0,0937779098477716;0,083797;0
50245;20;0;0,008;0;0,7318840579710145;0,118350011408275;0,020132;0
50245;21;0;0,012;0;0,672514619883041;0,0937779098477716;0,006099;0
50245;22;0;0,0;0;0,7952380952380954;0,5736665363828041;0,001517;0
50245;23;0;0,012;0;0,7058823529411765;0,4021791902022729;0,002932;0
50245;24;0;0,012;0;0,7846320346320347;0,1414405425418206;0,036392;0
50245;25;0;0,004;0;0,6363636363636364;0,3584153246392749;0,011179;0
50245;26;0;0,008;0;0,5833333333333334;0,0376223603222784;0,010197;0
51628;1;0;0,016;0;0,8289760348583878;0,9962572968375276;0,079898;0
51628;2;0;0,176;0;0,8578431372549019;0,2422921890824148;0,336372;0
51628;3;0;0,036;0;0,8578431372549019;0,3274449191544763;0,125006;0
51628;4;0;0,008;0;0,8578431372549019;0,0;0,005887;0
51628;5;0;0,0;0;0,9399509803921569;0,1414405425418206;0,011508;0
51628;6;1;0,004;0;0,9361111111111112;0,0937779098477716;0,130607;0
51628;7;1;0,004;0;0,9444444444444444;0,3584153246392749;0,496375;0
51628;8;0;0,0;0;0,9361111111111112;0,0672215447583068;0,063027;0
51628;9;0;0,0;0;0,9399509803921569;0,0;0,189791;0
51628;10;0;0,024;0;0,8993464052287582;0,1633455431834023;0,125155;0
51628;11;0;0,008;0;0,8578431372549019;0,2043246709802796;0,012244;0
51628;12;0;0,024;0;0,8449074074074074;0,4297586093037605;0,015169;0
51628;13;0;0,06;0;0,8516483516483516;0,838580099995485;0,002023;0
51628;14;0;0,556;1;0,5762626262626264;0,9998153271549208;0,005167;0
51628;15;0;0,036;0;0,8449074074074074;0,908678384800712;0,004124;0
51628;16;0;0,06;0;0,8359133126934983;0,584238811642856;0,061667;0
51628;17;0;0,04;0;0,8449074074074074;0,5736665363828041;0,193605;0
5202;1;1;0,988;1;0,9666666666666668;0,2603406250124505;0,369548;0
5202;2;0;0,0;0;0,9487179487179488;0,0376223603222784;0,16718;0
5202;3;0;0,0;0;0,888888888888889;0,2422921890824148;0,124114;0
5202;4;0;0,0;0;0,9487179487179488;0,0376223603222784;0,137184;0
5202;5;0;0,988;1;0,9666666666666668;0,2603406250124505;0,34311;0
5202;6;0;0,0;0;0,9555555555555556;0,0937779098477716;0,21203;0
5202;7;0;0,0;0;0,9215686274509804;0,0;0,138151;0
5202;8;0;0,008;0;0,9444444444444444;0,3274449191544763;0,125571;0
5202;9;0;0,0;0;0,9824561403508772;0,2236416644844808;0,089188;0
5202;10;0;0,0;0;0,9791666666666666;0,0376223603222784;0,060729;0
5202;11;0;0,0;0;1,0;0,0672215447583068;0,064077;0
5202;12;0;0,0;0;1,0;0,3113573704292831;0,048794;0
5202;13;0;0,0;0;1,0;0,0;0,021062;0
5202;14;1;0,972;1;1,0;0,2043246709802797;0,182026;0
5202;15;0;0,0;0;1,0;0,0937779098477716;0,109786;0
5202;16;0;0,208;0;1,0;0,7527960664084546;0,328535;0
5202;17;0;0,004;0;1,0;0,0376223603222784;0,03515;0
5202;18;0;0,0;0;0,9555555555555556;0,0937779098477716;0,21817;0
5459;1;0;0,024;0;0,6996336996336997;0,8443198937773438;0,058026;0
5459;2;0;0,036;0;0,75;0,443110558244691;0,076436;0
5459;3;0;0,084;0;0,7738095238095237;0,7452883145630643;0,094032;0
5459;4;0;0,0;0;0,823529411764706;0,4938537236995206;0,08135;0
5459;5;0;0,0;0;0,7412280701754387;0,0376223603222784;0,017872;0
5459;6;0;0,0;0;0,7554179566563467;0,0937779098477716;0,10318;0
5459;7;0;0,016;0;0,7946428571428571;0,2236416644844808;0,040877;0
5459;8;0;0,632;1;0,6527777777777777;0,9988455359952018;0,191356;0
5459;9;0;0,016;0;0,6947368421052632;0,737642380185689;0,059527;0
5459;10;0;0,128;0;0,6942355889724311;0,6148227571490692;0,079291;0
5459;11;1;0,036;0;0,66133069828722;0,7298563169471575;0,148034;0
5459;12;0;0,004;0;0,7148148148148148;0,3113573704292831;0,004622;0
5459;13;0;0,0;0;0,7647058823529411;0,1842605933396551;0,010685;0
5459;14;0;0,004;0;0,923076923076923;0,3431229071320205;0,008022;0
5459;15;0;0,016;0;0,9090909090909092;0,0937779098477716;0,0028;0
5459;16;0;0,0;0;1,0;0,0;0,075916;0
5459;17;0;0,004;0;0,923076923076923;0,3431229071320205;0,007584;0
5459;18;0;0,0;0;0,7647058823529411;0,1842605933396551;0,008343;0
5464;1;0;0,012;0;0,9696969696969696;0,0;0,316151;0
5464;2;0;0,04;0;0,8787878787878788;0,6712478853829508;0,253734;0
5464;3;0;0,784;1;0,9696969696969696;0,939312713732236;0,021743;0
5464;4;0;0,0;0;0,8015873015873015;0,1414405425418206;0,105363;0
5464;5;0;0,004;0;0,8461538461538461;0,2043246709802796;0,044491;0
5464;6;0;0,0;0;0,7965686274509803;0,4297586093037605;0,041488;0
5464;7;0;0,004;0;0,7855750487329436;0,118350011408275;0,048088;0
5464;8;0;0,176;0;0,6926406926406926;0,737642380185689;0,396872;0
5464;9;0;0,036;0;0,7142857142857143;0,7452883145630643;0,113253;0
5464;10;0;0,016;0;0,8046023965141611;0,1842605933396551;0,058718;0
5464;11;0;0,008;0;0,8809523809523809;0,2948328193632007;0,067594;0
5464;12;0;0,016;0;0,8333333333333334;0,3113573704292831;0,039542;0
5464;13;0;0,016;0;0,8181818181818182;0,0937779098477716;0,135696;0
5464;14;0;0,004;0;0,7727272727272728;0,5059192440727412;0,009525;0
5464;15;0;0,024;0;0,8119658119658121;0,4161189512518705;0,078584;0
5464;16;0;0,02;0;0,8181818181818182;0,1842605933396551;0,207517;0
5464;17;0;0,036;0;0,8809523809523809;0,2948328193632007;0,037497;0
5464;18;1;0,78;1;0,8119658119658119;0,9849900098451576;0,281485;0
5464;19;0;0,0;0;0,7965686274509803;0,3879256793719373;0,034876;0
5464;20;0;0,016;0;0,7747252747252747;0,1633455431834023;0,075566;0
5464;21;0;0,54;1;0,8461538461538461;0,99440665256278;0,261809;0
54894;1;0;0,012;0;0,8005952380952381;0,3584153246392749;0,043249;0
54894;2;0;0,06;0;0,6918767507002802;0,3733433210798535;0,044143;0
54894;3;0;0,012;0;0,8005952380952381;0,3584153246392749;0,026084;0
54894;4;0;0,044;0;0,7301587301587301;0,3431229071320205;0,034798;0
54894;5;0;0,076;0;0,6926587301587301;0,6343095546405662;0,014805;0
54894;6;0;0,136;0;0,7206349206349206;0,737642380185689;0,077239;0
54894;7;0;0,056;0;0,8333333333333334;0,2778395739583094;0,073994;0
54894;8;0;0,056;0;0,8333333333333334;0,2778395739583094;0,050365;0
54894;9;0;0,06;0;0,7222222222222222;0,5293608652873644;0,0882;0
54894;10;1;0,152;0;0,7222222222222222;0,7527960664084546;0,247234;0
54894;11;0;0,016;0;0,8222222222222223;0,1633455431834023;0,021655;0
54894;12;1;0,64;1;0,8222222222222223;0,9999538332662392;0,392839;0
555;1;0;0,012;0;0,6573377889167363;0,6343095546405662;0,08171;0
555;2;0;0,036;0;0,6839591567852438;0,1414405425418206;0,089738;0
555;3;0;0,016;0;0,6974603174603176;0,5946193440950124;0,019664;0
555;4;0;0,012;0;0,7391927531246417;0,0672215447583068;0,014433;0
555;5;0;0,024;0;0,71256038647343;0,4021791902022729;0,056523;0
555;6;0;0,048;0;0,6878306878306878;0,2043246709802796;0,014966;0
555;7;0;0,024;0;0,8425925925925926;0,0376223603222784;0,012167;0
555;8;0;0,004;0;0,875;0,0937779098477716;0,032249;0
555;9;0;0,0;0;0,8772893772893773;0,2043246709802796;0,026996;0
555;10;0;0,004;0;0,8727272727272727;0,2603406250124504;0,004008;0
555;11;0;0,0;0;0,9296296296296296;0,0376223603222784;0,173873;0
555;12;0;0,0;0;0,8772893772893773;0,2948328193632007;0,051601;0
555;13;0;0,008;0;0,875;0,2778395739583094;0,016059;0
555;14;0;0,012;0;0,8461538461538461;0,0672215447583068;0,185817;0
555;15;0;0,052;0;0,7277167277167278;0,5059192440727412;0,614878;1
555;16;0;0,016;0;0,6893939393939394;0,0672215447583068;0,025095;0
555;17;1;0,02;0;0,7074074074074074;0,92481870497303;0,189612;0
555;18;1;0,016;0;0,6402576489533012;0,1414405425418206;0,646249;1
555;19;0;0,02;0;0,6106719367588932;0,1633455431834023;0,007919;0
555;20;0;0,032;0;0,6101449275362318;0,2043246709802796;0,008696;0
555;21;0;0,008;0;0,6535947712418301;0,7527960664084546;0,264248;0
555;22;0;0,0;0;0,7572649572649572;0,4561861025695263;0,037366;0
555;23;0;0,032;0;0,6464646464646465;0,8206501291977116;0,005532;0
555;24;0;0,788;1;0,7666666666666666;0,9992612140227842;0,003782;0
555;25;0;0,0;0;0,7572649572649572;0,4561861025695263;0,001706;0
555;26;0;0,032;0;0,6464646464646465;0,8206501291977116;0,089588;0
555;27;0;0,788;1;0,7666666666666666;0,9992612140227842;0,000304;0
555;28;0;0,012;0;0,6704545454545454;0,118350011408275;0,033069;0
555;29;0;0,028;0;0,6371321914800175;0,2043246709802796;0,138334;0
5934;1;0;0,004;0;0,906105006105006;0,9491240519851772;0,03495;0
5934;2;0;0,012;0;0,8482142857142857;0,2236416644844808;0,028653;0
5934;3;0;0,04;0;0,906105006105006;0,1633455431834023;0,048019;0
5934;4;0;0,008;0;0,906105006105006;0,3113573704292831;0,006321;0
5934;5;0;0,544;1;0,8482142857142857;0,5946193440950124;0,148198;0
5934;6;0;0,008;0;0,906105006105006;0,3584153246392749;0,576575;1
5934;7;0;0,0;0;1,0;0,0376223603222784;0,453322;0
5934;8;0;0,0;0;1,0;0,0376223603222784;0,402271;0
5934;9;0;0,012;0;0,818121693121693;0,118350011408275;0,19323;0
5934;10;0;0,008;0;0,794047619047619;0,3879256793719373;0,109001;0
5934;11;1;0,036;0;0,7837301587301587;0,6800770457282798;0,093014;0
5934;12;1;0,72;1;0,8473748473748474;0,8661236813986258;0,182124;0
5934;13;0;0,052;0;0,7606837606837606;0,6148227571490692;0,094413;0
5934;14;0;0,032;0;0,6814814814814815;0,3431229071320205;0,112654;0
6063;1;0;0,016;0;0,8888888888888888;0,2778395739583094;0,023631;0
6063;2;0;0,004;0;0,8809523809523809;0,6622595460438848;0,248575;0
6063;3;0;0,012;0;0,8518518518518517;0,1414405425418206;0,269529;0
6063;4;0;0,008;0;0,8146135265700484;0,0;0,039854;0
6063;5;0;0,004;0;0,8073488508271117;0,0672215447583068;0,008127;0
6063;6;0;0,004;0;0,7154150197628458;0,0672215447583068;0,000968;0
6063;7;0;0,0;0;0,6919191919191919;0,4938537236995206;0,050292;0
6063;8;0;0,008;0;0,75;0,3584153246392749;0,148547;0
6063;9;0;0,0;0;0,7293233082706766;0,8080927832245588;0,031632;0
6063;10;0;0,012;0;0,7142857142857143;0,4297586093037605;0,00382;0
6063;11;0;0,004;0;0,5964912280701754;0,1842605933396551;0,014926;0
6063;12;0;0,012;0;0,7142857142857143;0,4297586093037605;0,006211;0
6063;13;0;0,0;0;0,7293233082706766;0,8080927832245588;0,052859;0
6063;14;0;0,012;0;0,7719298245614036;0,4021791902022729;0,149518;0
6063;15;0;0,02;0;0,8474945533769063;0,6712478853829508;0,172064;0
6063;16;0;0,0;0;0,85;0,0672215447583068;0,13944;0
6063;17;0;0,02;0;0,6985645933014354;0,1633455431834023;0,091341;0
6063;18;0;0,0;0;0,7412280701754387;0,0;0,003092;0
6063;19;0;0,0;0;0,7222222222222222;0,2603406250124504;0,012374;0
6063;20;0;0,0;0;0,75;0,2422921890824148;0,014975;0
6063;21;0;0,008;0;0,7564102564102564;0,3584153246392749;0,010275;0
6063;22;0;0,016;0;0,8454545454545456;0,6048125901165884;0,059021;0
6063;23;0;0,0;0;1,0;0,0376223603222784;0,015411;0
6063;24;0;0,896;1;1,0;0,9995844639313984;0,033935;0
6063;25;1;0,0;0;0,75;0,2422921890824148;0,274235;0
6063;26;1;0,0;0;0,7222222222222222;0,2603406250124504;0,015921;0
6063;27;1;0,0;0;0,7239057239057239;0,5628977911449632;0,407572;0
6063;28;0;0,004;0;0,8073488508271117;0,0672215447583068;0,007772;0
6063;29;0;0,008;0;0,8146135265700484;0,0;0,030378;0
6063;30;0;0,012;0;0,8518518518518517;0,1414405425418206;0,250862;0
6063;31;0;0,004;0;0,8809523809523809;0,6622595460438848;0,241079;0
6063;32;0;0,016;0;0,8888888888888888;0,2778395739583094;0,034989;0
6063;33;0;0,0;0;0,7054849498327759;0,0672215447583068;0,007273;0
6063;34;0;0,004;0;0,7252747252747253;0,0376223603222784;0,000938;0
6063;35;0;0,0;0;0,7816764132553606;0,2778395739583094;0,014115;0
6063;36;0;0,004;0;0,8380952380952381;0,1414405425418206;0,009552;0
6063;37;0;0,004;0;1,0;0,2603406250124504;0,027731;0
6063;38;0;0,008;0;1,0;0,0;0,061369;0
6063;39;0;0,004;0;0,8380952380952381;0,1414405425418206;0,004889;0
6063;40;0;0,0;0;0,7816764132553606;0,2778395739583094;0,007004;0
6095;1;1;0,036;0;0,7476851851851851;0,1414405425418206;0,520818;1
6095;2;1;0,148;0;0,6955659075224293;0,9732424074349136;0,625471;1
6095;3;1;0,564;1;0,7476851851851851;0,8267463724926178;0,182788;0
6095;4;1;0,032;0;0,776644370122631;0,7745085286615678;0,382426;0
6095;5;0;0,02;0;0,7883597883597884;0,0672215447583068;0,267794;0
6095;6;0;0,004;0;0,7747319688109161;0,0;0,043766;0
6095;7;0;0,004;0;0,8035714285714285;0,1633455431834023;0,038592;0
6095;8;0;0,0;0;0,9090909090909092;0,0937779098477716;0,007391;0
6095;9;0;0,0;0;0,8125;0,1414405425418206;0,215646;0
6095;10;0;0,016;0;0,7747319688109161;0,0672215447583068;0,024062;0
6095;11;0;0,04;0;0,8035714285714285;0,0672215447583068;0,004201;0
6095;12;0;0,076;0;0,7685721953837895;0,8499431123430718;0,000365;0
6095;13;0;0,008;0;0,7585572322414428;0,5059192440727412;0,107823;0
6095;14;0;0,012;0;0,7708333333333334;0,8080927832245588;0,01292;0
6095;15;0;0,048;0;0,848541980894922;0,1414405425418206;0,002685;0
6095;16;0;0,064;0;0,9393939393939394;0,8499431123430718;0,00085;0
6095;17;0;0,012;0;0,9047619047619048;0,7219280948873623;0,000686;0
6095;18;0;0,016;0;0,848541980894922;0,838580099995485;0,006222;0
6095;19;0;0,012;0;0,7758838383838383;0,1842605933396551;0,052305;0
6095;20;0;0,016;0;0,7700956937799043;0,908678384800712;0,210576;0
6212;1;1;0,024;0;0,6777777777777777;0,2043246709802796;0,248669;0
6212;2;0;0,008;0;0,6714975845410628;0,443110558244691;0,038092;0
6212;3;0;0,012;0;0,7200263504611332;0,0937779098477716;0,036249;0
6212;4;0;0,012;0;0,823529411764706;0,2236416644844808;0,070207;0
6212;5;0;0,004;0;0,8000000000000002;0,2778395739583094;0,005854;0
6212;6;0;0,012;0;0,8205128205128206;0,1842605933396551;0,028733;0
6212;7;0;0,016;0;0,8376068376068376;0,118350011408275;0,010786;0
6212;8;0;0,824;1;0,8454545454545456;0,8554508105601307;0,035697;0
6212;9;0;0,004;0;0,8000000000000002;0,2778395739583094;0,064537;0
6212;10;0;0,012;0;0,8205128205128206;0,1842605933396551;0,450063;0
6212;11;0;0,012;0;0,823529411764706;0,2236416644844808;0,088874;0
6212;12;0;0,028;0;0,6350000000000001;0,4297586093037605;0,229696;0
6212;13;0;0,072;0;0,6777777777777777;0,737642380185689;0,163981;0
6212;14;0;0,048;0;0,6990740740740741;0,4161189512518705;0,840639;1
6212;15;0;0,028;0;0,7142857142857143;0,2043246709802796;0,620811;1
6212;16;0;0,028;0;0,7142857142857143;0,2043246709802796;0,613221;1
6212;17;0;0,016;0;0,7893518518518517;0,1842605933396551;0,002842;0
6212;18;0;0,004;0;0,7833333333333333;0,2422921890824148;0,001218;0
6212;19;0;0,0;0;0,706959706959707;0,7527960664084546;0,000405;0
6212;20;0;0,0;0;0,7333333333333333;0,2043246709802796;0,000481;0
6212;21;0;0,008;0;0,7222222222222222;0,2236416644844808;0,001781;0
6212;22;0;0,0;0;0,7368421052631579;0,0;0,000428;0
6728;1;0;0,004;0;0,9333333333333332;0,9962572968375276;0,135572;0
6728;2;0;0,016;0;0,8333333333333334;0,1414405425418206;0,102961;0
6728;3;0;0,004;0;0,8571428571428571;0,118350011408275;0,0019;0
6728;4;0;0,0;0;0,8333333333333334;0,6622595460438848;0,00337;0
6728;5;0;0,0;0;0,8571428571428571;0,118350011408275;0,0028;0
6728;6;0;0,0;0;0,7708333333333334;0,1414405425418206;0,0098;0
6728;7;0;0,004;0;0,8254357298474946;0,0;0,068308;0
6728;8;0;0,048;0;0,7092592592592593;0,7601675029619656;0,009886;0
6728;9;0;0,008;0;0,6376811594202899;0,584238811642856;0,293814;0
6728;10;0;0,02;0;0,6086956521739131;0,5946193440950124;0,074621;0
6728;11;0;0,04;0;0,5383512544802868;0,4021791902022729;0,106779;0
6728;12;0;0,012;0;0,5555555555555556;0,3733433210798535;0,302609;0
6728;13;0;0,04;0;0,6296296296296297;0,2043246709802796;0,075186;0
6728;14;0;0,004;0;0,6612345679012346;0,2043246709802796;0,086346;0
6728;15;0;0,008;0;0,6418988648090815;0,1842605933396551;0,401517;0
6728;16;0;0,072;0;0,6581196581196581;0,2422921890824148;0,342564;0
6728;17;0;0,008;0;0,6878968253968254;0,2778395739583094;0,001376;0
6728;18;0;0,0;0;0,6797385620915032;0,5059192440727412;0,007206;0
6728;19;0;0,012;0;0,6842105263157895;0,118350011408275;0,053715;0
6728;20;0;0,0;0;0,6628352490421455;0,0376223603222784;0,004422;0
6728;21;0;0,016;0;0,5862068965517241;0,3274449191544763;0,00092;0
6728;22;0;0,024;0;0,5670533170533171;0,443110558244691;0,005656;0
6728;23;0;0,08;0;0,6190943043884221;0,6531091121418667;0,000973;0
6728;24;0;0,0;0;0,7692307692307693;0,1414405425418206;0,019646;0
6728;25;1;0,536;1;0,7692307692307693;0,99093240356837;0,045113;0
6728;26;1;0,02;0;0,5174098035787141;0,3431229071320205;0,333776;0
6728;27;0;0,004;0;0,6666666666666666;0,118350011408275;0,055191;0
6728;28;1;0,0;0;0,6201329534662868;0,1842605933396551;0,60297;1
6728;29;0;0,004;0;0,6559808612440191;0,1414405425418206;0,17455;0
6728;30;0;0,032;0;0,7952380952380954;0,2236416644844808;0,000758;0
6728;31;0;0,008;0;1,0;0,0672215447583068;0,004198;0
6728;32;0;0,008;0;1,0;0,0672215447583068;0,001262;0
6728;33;0;0,008;0;1,0;0,0672215447583068;0,001755;0
6728;34;0;0,0;0;0,776470588235294;0,3584153246392749;0,001824;0
6728;35;0;0,016;0;0,682615629984051;0,2422921890824148;0,002822;0
6728;36;0;0,004;0;0,6372269705603039;0,0937779098477716;0,173081;0
6728;37;0;0,052;0;0,6936274509803922;0,2603406250124504;0,224775;0
6728;38;0;0,012;0;0,8333333333333334;0,9209394481940656;0,136721;0
6728;39;0;0,02;0;0,6086956521739131;0,5946193440950124;0,10981;0
6728;40;0;0,008;0;0,6376811594202899;0,584238811642856;0,110472;0
6728;41;0;0,008;0;0,75;0,1842605933396551;0,110512;0
8382;1;0;0,064;0;0,7965811965811965;0,838580099995485;0,487979;0
8382;2;0;0,012;0;0,8578431372549019;0,3431229071320205;0,698234;1
8382;3;0;0,08;0;0,8447368421052631;0,3879256793719373;0,057636;0
8382;4;0;0,016;0;0,8097896255790992;0,0376223603222784;0,015178;0
8382;5;1;0,04;0;0,8181818181818182;0,7138555955076475;0,037045;0
8382;6;0;0,02;0;0,7047619047619048;0,8999784480561687;0,03859;0
8382;7;1;0,0;0;0,8833333333333333;0,0937779098477716;0,385628;0
8382;8;1;0,004;0;0,85;0,3733433210798535;0,028352;0
8382;9;0;0,024;0;0,8461538461538461;0,5628977911449632;0,014177;0
8382;10;0;0,012;0;0,8121212121212121;0,1842605933396551;0,110563;0
8382;11;0;0,808;1;0,925925925925926;0,9322691915480672;0,174971;0
8382;12;0;0,024;0;0,8461538461538461;0,5628977911449632;0,142282;0
8382;13;0;0,004;0;0,85;0,3733433210798535;0,125245;0
8382;14;0;0,0;0;0,8226120857699805;0,0672215447583068;0,127922;0
8382;15;0;0,0;0;0,8189542483660132;0,1842605933396551;0,014366;0
8382;16;0;0,02;0;0,7904761904761904;0,3879256793719373;0,014425;0
8382;17;0;0,004;0;0,8376068376068376;0,6048125901165884;0,008078;0
8382;18;0;0,012;0;0,84593837535014;0,5407504779634867;0,0036;0
8382;19;0;0,0;0;0,8048245614035089;0,0937779098477716;0,023204;0
8382;20;0;0,04;0;0,8125;0,2778395739583094;0,009226;0
8564;1;0;0,0;0;0,6388888888888888;0,6622595460438848;0,016291;0
8564;2;0;0,02;0;0,6666666666666666;0,6148227571490692;0,000494;0
8564;3;0;0,088;0;0,6242424242424242;0,6800770457282798;0,01827;0
8564;4;0;0,06;0;0,6102564102564103;0,7674044165839727;0,576986;1
8564;5;0;0,02;0;0,6065656565656566;0,3733433210798535;0,572713;1
8564;6;0;0,048;0;0,6597222222222222;0,3879256793719373;0,020078;0
8564;7;0;0,004;0;0,6944444444444443;0,2603406250124504;0,003021;0
8564;8;0;0,012;0;0,6271929824561403;0,6800770457282798;0,040807;0
8564;9;0;0,176;0;0,7333333333333333;0,8267463724926178;0,133043;0
8564;10;0;0,008;0;0,706959706959707;0,6887498056988562;0,035438;0
8564;11;0;0,016;0;0,8121212121212121;0,4021791902022729;0,010551;0
8564;12;1;0,0;0;0,8000000000000002;0,7950402793845223;0,068694;0
8564;13;1;0,02;0;0,8082788671023966;0,3274449191544763;0,059536;0
8564;14;1;0,636;1;0,8571428571428571;0,7883249003933804;0,201497;0
8564;15;1;0,0;0;0,8040935672514621;0,3113573704292831;0,031209;0
8564;16;1;0,012;0;0,7461300309597524;0,0937779098477716;0,138222;0
8564;17;0;0,008;0;0,738970588235294;0,0937779098477716;0,004226;0
8564;18;0;0,004;0;0,9285714285714284;0,2043246709802796;0,001034;0
8564;19;0;0,008;0;1,0;0,2043246709802796;0,000896;0
8564;20;0;0,004;0;0,9666666666666668;0,0672215447583068;0,000301;0
8564;21;0;0,008;0;1,0;0,2236416644844808;0,001011;0
8564;22;0;0,016;0;1,0;0,0376223603222784;0,000903;0
8564;23;0;0,008;0;1,0;0,2043246709802796;0,180447;0
8564;24;0;0,004;0;0,9285714285714284;0,2043246709802796;0,313175;0
8576;1;0;0,02;0;0,8000000000000002;0,6622595460438848;0,106643;0
8576;2;0;0,004;0;0,7424242424242425;0,1414405425418206;0,036624;0
8576;3;0;0,0;0;0,8333333333333334;0,0937779098477716;0,021818;0
8576;4;0;0,0;0;0,776470588235294;0,0;0,003891;0
8576;5;0;0,016;0;0,7333333333333333;0,6622595460438848;0,009488;0
8576;6;0;0,172;0;0,8838383838383838;0,443110558244691;0,019321;0
8576;7;0;0,008;0;0,8838383838383838;0,0672215447583068;0,031561;0
8576;8;0;0,0;0;0,869281045751634;0,0937779098477716;0,376769;0
8576;9;0;0,0;0;0,7503293807641634;0,1633455431834023;0,0716;0
8576;10;0;0,004;0;0,7538554440728352;0,118350011408275;0,039587;0
8576;11;1;0,012;0;0,7216262239250746;0,3879256793719373;0,050671;0
8576;12;1;0,0;0;0,7240123456790123;0,118350011408275;0,301564;0
8576;13;0;0,004;0;0,6967171717171717;0,5628977911449632;0,060867;0
8576;14;1;0,02;0;0,7052015250544663;0,3733433210798535;0,398219;0
8576;15;0;0,2;0;0,7777777777777778;0,7452883145630643;0,007073;0
8576;16;0;0,012;0;0,7777777777777778;0,118350011408275;0,006618;0
8576;17;0;0,664;1;0,7777777777777778;0,9795438195294628;0,030417;0
8576;18;0;0,0;0;0,7146464646464646;0,0937779098477716;0,001762;0
8576;19;0;0,004;0;0,7817460317460316;0,1633455431834023;0,016536;0
8576;20;0;0,012;0;0,7427536231884058;0,0672215447583068;0,025934;0
8576;21;0;0,008;0;0,7460869565217392;0,0376223603222784;0,012907;0
8576;22;0;0,008;0;0,7543133195307107;0,2043246709802796;0,016915;0
8576;23;0;0,0;0;0,8245614035087719;0,2236416644844808;0,014948;0
8576;24;0;0,0;0;0,8380952380952381;0,0937779098477716;0,395644;0
8576;25;0;0,072;0;0,8611111111111112;0,3274449191544763;0,083069;0
8576;26;0;0,004;0;0,9393939393939394;0,5628977911449632;0,034668;0
8576;27;0;0,02;0;0,9393939393939394;0,5946193440950124;0,147123;0
8576;28;0;0,456;1;0,9393939393939394;0,998337376521882;0,151323;0
8576;29;0;0,016;0;0,8397435897435898;0,5059192440727412;0,360649;0
8576;30;0;0,0;0;0,8245614035087719;0,2236416644844808;0,052164;0
8576;31;0;0,008;0;0,7543133195307107;0,2043246709802796;0,412342;0
8663;1;0;0,0;0;0,6521739130434783;0,2603406250124504;0,005082;0
8663;2;0;0,0;0;0,6266496381438911;0,3113573704292831;0,000602;0
8663;3;0;0,004;0;0,6066022544283415;0,3733433210798535;0,001497;0
8663;4;1;0,016;0;0,6152703505644682;0,4561861025695263;0,000748;0
8663;5;1;0,236;0;0,5968379446640316;0,5407504779634867;0,038844;0
8663;6;0;0,016;0;0,5823451910408433;0,1842605933396551;0,000315;0
8663;7;0;0,008;0;0,5511363636363636;0,6437935214851034;0,000509;0
8663;8;0;0,028;0;0,5993454885460495;0,1842605933396551;0,000338;0
8663;9;0;0,0;0;0,5585947627689914;0,0672215447583068;0,003075;0
8663;10;0;0,008;0;0,6026785714285715;0,2043246709802796;0,083528;0
8663;11;0;0,032;0;0,6510673234811166;0,1633455431834023;0,291583;0
8663;12;0;0,028;0;0,7150873817540484;0,8999784480561687;0,179971;0
8663;13;0;0,004;0;0,8571428571428571;0,0;0,017369;0
8663;14;0;0,0;0;0,8000000000000002;0,0672215447583068;0,000223;0
8663;15;0;0,008;0;0,9166666666666666;0,0672215447583068;0,001564;0
8663;16;0;0,0;0;1,0;0,0376223603222784;0,00572;0
8663;17;0;0,004;0;1,0;0,0937779098477716;0,006637;0
8663;18;0;0,0;0;1,0;0,0376223603222784;0,001028;0
8663;19;0;0,008;0;0,9166666666666666;0,0672215447583068;0,002754;0
8663;20;0;0,008;0;0,5763546798029556;0,2043246709802796;0,000134;0
8663;21;0;0,004;0;0,629765296431963;0,2948328193632007;0,000962;0
8663;22;0;0,012;0;0,5759437694921566;0,3113573704292831;0,003952;0
8663;23;0;0,02;0;0,5766160897739846;0,2603406250124504;0,081565;0
8663;24;1;0,0;0;0,6223027141891239;0,4561861025695263;0,091618;0
8663;25;0;0,04;0;0,6928571428571427;0,1842605933396551;0,001476;0
8663;26;0;0,012;0;0,7121212121212123;0,3274449191544763;0,003119;0
8663;27;1;0,032;0;0,7222222222222222;0,4689955935892811;0,021817;0
8663;28;0;0,308;1;0,7333333333333333;0,6148227571490692;0,404033;0
8663;29;0;0,02;0;0,7222222222222222;0,3879256793719373;0,012281;0
8663;30;0;0,224;0;0,7058823529411765;0,6343095546405662;0,018698;0
8663;31;0;0,012;0;0,7121212121212123;0,3274449191544763;0,019918;0
8663;32;0;0,2;0;0,7222222222222222;0,5946193440950124;0,099241;0
8663;33;0;0,008;0;0,6645021645021646;0,3431229071320205;0,008097;0
8663;34;0;0,328;1;0,6825396825396824;0,6343095546405662;0,033429;0
8759;1;0;0,0;0;1,0;0,9169567260822412;0,017634;0
8759;2;0;0,004;0;1,0;0,9992612140227842;0,005773;0
8759;3;0;0,016;0;1,0;0,118350011408275;0,002815;0
8759;4;0;0,064;0;0,8000000000000002;0,2422921890824148;0,010865;0
8759;5;0;0,052;0;0,8181818181818182;0,3584153246392749;0,013062;0
8759;6;0;0,016;0;0,7259259259259259;0,3584153246392749;0,010402;0
8759;7;0;0,02;0;0,7407407407407408;0,3113573704292831;0,009794;0
8759;8;0;0,0;0;0,7380952380952381;0,5059192440727412;0,051929;0
8759;9;0;0,016;0;0,6440579710144928;0,4561861025695263;0,113942;0
8759;10;0;0,004;0;0,637719298245614;0,4815485438118001;0,027119;0
8759;11;0;0,016;0;0,7195767195767195;0,4297586093037605;0,010651;0
8759;12;0;0,0;0;0,7133333333333334;0,0672215447583068;0,017701;0
8759;13;0;0,0;0;0,7142857142857143;0,118350011408275;0,023242;0
8759;14;0;0,024;0;0,6;0,5628977911449632;0,068693;0
8759;15;0;0,012;0;0,7045454545454545;0,0672215447583068;0,02072;0
8759;16;1;0,048;0;0,6283422459893049;0,4689955935892811;0,033831;0
8759;17;1;0,06;0;0,7142857142857143;0,6887498056988562;0,473282;0
8759;18;0;0,012;0;0,8282828282828283;0,118350011408275;0,04296;0
8759;19;1;0,72;1;0,8282828282828283;0,9832692110965188;0,601951;1
8759;20;0;0,0;0;0,6459435626102293;0,0937779098477716;0,019909;0
8759;21;0;0,04;0;0,6;0,5736665363828041;0,02541;0
8759;22;0;0,0;0;0,5864815501448798;0,0672215447583068;0,021031;0
8759;23;0;0,008;0;0,7085507246376812;0,2948328193632007;0,425677;0
8759;24;0;0,008;0;0,7432216905901118;0,584238811642856;0,498425;0
8759;25;0;0,004;0;0,7857142857142857;0,0672215447583068;0,093008;0
8759;26;0;0,02;0;0,7857142857142857;0,4021791902022729;0,074125;0
8759;27;0;0,064;0;0,9;0,9944066525627804;0,036538;0
8759;28;0;0,064;0;0,9;0,9944066525627804;0,041636;0
8759;29;0;0,064;0;0,9;0,9944066525627804;0,039735;0
8759;30;0;0,0;0;0,6280788177339902;0,0937779098477716;0,012246;0
9397;1;0;0,004;0;0,9333333333333332;0,737642380185689;0,203383;0
9397;2;0;0,1;0;0,8947368421052632;0,6712478853829508;0,211642;0
9397;3;0;0,044;0;0,8823529411764706;0,7950402793845223;0,034725;0
9397;4;0;0,02;0;0,8040935672514621;0,443110558244691;0,003356;0
9397;5;0;0,004;0;0,8282828282828283;0,0937779098477716;0,001322;0
9397;6;0;0,004;0;0,8194444444444445;0,2422921890824148;0,00914;0
9397;7;0;0,0;0;0,7996658312447785;0,1842605933396551;0,002883;0
9397;8;0;0,0;0;0,8285024154589372;0,0937779098477716;0,004501;0
9397;9;0;0,0;0;0,8222222222222223;0,0376223603222784;0,00543;0
9397;10;0;0,004;0;0,8827404479578392;0,4815485438118001;0,010738;0
9397;11;0;0,008;0;0,8636363636363636;0,584238811642856;0,028821;0
9397;12;0;0,004;0;0,8959156785243741;0,3274449191544763;0,010106;0
9397;13;0;0,0;0;0,8000000000000002;0,2236416644844808;0,003618;0
9397;14;0;0,0;0;0,8251082251082251;0,0672215447583068;0,030116;0
9397;15;0;0,008;0;1,0;0,2948328193632007;0,030157;0
9397;16;0;0,016;0;0,9399509803921569;0,2603406250124504;0,210471;0
9397;17;1;0,92;1;0,9487179487179488;0,6246538232507122;0,561217;1
9397;18;0;0,0;0;0,8473684210526317;0,0376223603222784;0,330491;0
9397;19;1;0,948;1;0,8955065359477125;0,68007704572828;0,436944;0
9397;20;0;0,0;0;0,7538461538461538;0,0672215447583068;0,021302;0
9950;1;0;0,012;0;0,925925925925926;0,992183779438731;0,242424;0
9950;2;0;0,66;1;0,906060606060606;0,8661236813986258;0,219074;0
9950;3;0;0,0;0;0,9285714285714284;0,7452883145630641;0,029541;0
9950;4;0;0,012;0;0,8237639553429027;0,9866165198488092;0,020466;0
9950;5;0;0,016;0;0,6856187290969901;0,9521953766259578;0,163845;0
9950;6;0;0,024;0;0,644349477682811;0,4297586093037605;0,021032;0
9950;7;0;0,04;0;0,6612318840579711;0,2236416644844808;0,013362;0
9950;8;0;0,0;0;0,7470355731225297;0,0937779098477716;0,119645;0
9950;9;0;0,004;0;0,7280701754385964;0,7219280948873623;0,17047;0
9950;10;0;0,072;0;0,7838827838827839;0,5736665363828041;0,002896;0
9950;11;0;0,016;0;0,7619047619047619;0,8267463724926178;0,006398;0
9950;12;0;0,036;0;0,7745098039215685;0,7950402793845223;0,003692;0
9950;13;0;0,004;0;0,6750208855472013;0,2043246709802796;0,001712;0
9950;14;0;0,144;0;0,6241917502787068;0,7950402793845223;0,008945;0
9950;15;0;0,012;0;0,6684615384615386;0,118350011408275;0,006743;0
9950;16;0;0,028;0;0,6320346320346321;0,6148227571490692;0,294898;0
9950;17;0;0,012;0;0,5571428571428572;0,2948328193632007;0,13023;0
9950;18;0;0,068;0;0,5222222222222221;0,7674044165839727;0,407421;0
9950;19;0;0,052;0;0,6153846153846154;0,2236416644844808;0,268885;0
9950;20;0;0,616;1;0,6153846153846154;0,9953784388202258;0,019486;0
9950;21;0;0,04;0;0,6313131313131314;0,2236416644844808;0,051604;0
9950;22;1;0,004;0;0,6699999999999999;0,0672215447583068;0,557678;1
9950;23;1;0,012;0;0,8237639553429027;0,9866165198488092;0,106194;0
9950;24;1;0,0;0;0,9285714285714284;0,7452883145630641;0,469464;0
