molecola;indice_atomo;prob_mean;n_voti_positivi;y_pred_ensemble;smiles;mol_id;atom_id;input_text;input_type;source;name;input_smiles;preprocessed_smiles;prediction;prediction_binary;fame_score;shannon_entropy;problems;molecule;atom_idx;atom_symbol;kcf_type;som_score;y_true
mol_1;0;0,108575628;0;0;c1ccc2c(c1)c(=O)c(c(o2)c3ccc(cc3)O)O;1;0;c1ccc2c(c1)c(=O)c(c(o2)c3ccc(cc3)O)O;smiles;d35bd187-691b-4760-8437-5c812515453d / 3c427e79-9b4a-4d26-9b97-7644be33b734;;O=c1c(O)c(-c2ccc(O)cc2)oc2ccccc12;O=c1c(O)c(-c2ccc(O)cc2)oc2ccccc12;0;False;1;0;;4;0;C;C8x;0,001312;0
mol_1;1;0,12718401;0;0;c1ccc2c(c1)c(=O)c(c(o2)c3ccc(cc3)O)O;1;1;c1ccc2c(c1)c(=O)c(c(o2)c3ccc(cc3)O)O;smiles;d35bd187-691b-4760-8437-5c812515453d / 3c427e79-9b4a-4d26-9b97-7644be33b734;;O=c1c(O)c(-c2ccc(O)cc2)oc2ccccc12;O=c1c(O)c(-c2ccc(O)cc2)oc2ccccc12;0,004;False;0,962962963;0,03762236;;4;1;C;C8x;0,006178;0
mol_1;2;0,084250948;0;0;c1ccc2c(c1)c(=O)c(c(o2)c3ccc(cc3)O)O;1;2;c1ccc2c(c1)c(=O)c(c(o2)c3ccc(cc3)O)O;smiles;d35bd187-691b-4760-8437-5c812515453d / 3c427e79-9b4a-4d26-9b97-7644be33b734;;O=c1c(O)c(-c2ccc(O)cc2)oc2ccccc12;O=c1c(O)c(-c2ccc(O)cc2)oc2ccccc12;0,012;False;0,98245614;0,09377791;;4;2;C;C8x;0,023711;0
mol_1;3;0,137785905;0;0;c1ccc2c(c1)c(=O)c(c(o2)c3ccc(cc3)O)O;1;3;c1ccc2c(c1)c(=O)c(c(o2)c3ccc(cc3)O)O;smiles;d35bd187-691b-4760-8437-5c812515453d / 3c427e79-9b4a-4d26-9b97-7644be33b734;;O=c1c(O)c(-c2ccc(O)cc2)oc2ccccc12;O=c1c(O)c(-c2ccc(O)cc2)oc2ccccc12;0,516;True;1;0,999261214;;4;3;C;C8y;0,016234;0
mol_1;4;0,048765828;0;0;c1ccc2c(c1)c(=O)c(c(o2)c3ccc(cc3)O)O;1;4;c1ccc2c(c1)c(=O)c(c(o2)c3ccc(cc3)O)O;smiles;d35bd187-691b-4760-8437-5c812515453d / 3c427e79-9b4a-4d26-9b97-7644be33b734;;O=c1c(O)c(-c2ccc(O)cc2)oc2ccccc12;O=c1c(O)c(-c2ccc(O)cc2)oc2ccccc12;0,004;False;0,964912281;0,03762236;;4;4;C;C8y;0,014052;0
mol_1;5;0,052276563;0;0;c1ccc2c(c1)c(=O)c(c(o2)c3ccc(cc3)O)O;1;5;c1ccc2c(c1)c(=O)c(c(o2)c3ccc(cc3)O)O;smiles;d35bd187-691b-4760-8437-5c812515453d / 3c427e79-9b4a-4d26-9b97-7644be33b734;;O=c1c(O)c(-c2ccc(O)cc2)oc2ccccc12;O=c1c(O)c(-c2ccc(O)cc2)oc2ccccc12;0;False;0,964912281;0;;4;5;C;C8x;0,003018;0
mol_1;6;0,181578591;1;0;c1ccc2c(c1)c(=O)c(c(o2)c3ccc(cc3)O)O;1;6;c1ccc2c(c1)c(=O)c(c(o2)c3ccc(cc3)O)O;smiles;d35bd187-691b-4760-8437-5c812515453d / 3c427e79-9b4a-4d26-9b97-7644be33b734;;O=c1c(O)c(-c2ccc(O)cc2)oc2ccccc12;O=c1c(O)c(-c2ccc(O)cc2)oc2ccccc12;0;False;0,960784314;0;;4;6;C;C8y;0,226385;0
mol_1;7;0,216340814;1;0;c1ccc2c(c1)c(=O)c(c(o2)c3ccc(cc3)O)O;1;7;c1ccc2c(c1)c(=O)c(c(o2)c3ccc(cc3)O)O;smiles;d35bd187-691b-4760-8437-5c812515453d / 3c427e79-9b4a-4d26-9b97-7644be33b734;;O=c1c(O)c(-c2ccc(O)cc2)oc2ccccc12;O=c1c(O)c(-c2ccc(O)cc2)oc2ccccc12;0;False;0,928571429;0;;4;7;O;O5x;0,127579;0
mol_1;8;0,247386768;1;0;c1ccc2c(c1)c(=O)c(c(o2)c3ccc(cc3)O)O;1;8;c1ccc2c(c1)c(=O)c(c(o2)c3ccc(cc3)O)O;smiles;d35bd187-691b-4760-8437-5c812515453d / 3c427e79-9b4a-4d26-9b97-7644be33b734;;O=c1c(O)c(-c2ccc(O)cc2)oc2ccccc12;O=c1c(O)c(-c2ccc(O)cc2)oc2ccccc12;0;False;0,909090909;0;;4;8;C;C8y;0,502224;0
mol_1;9;0,249174682;1;0;c1ccc2c(c1)c(=O)c(c(o2)c3ccc(cc3)O)O;1;9;c1ccc2c(c1)c(=O)c(c(o2)c3ccc(cc3)O)O;smiles;d35bd187-691b-4760-8437-5c812515453d / 3c427e79-9b4a-4d26-9b97-7644be33b734;;O=c1c(O)c(-c2ccc(O)cc2)oc2ccccc12;O=c1c(O)c(-c2ccc(O)cc2)oc2ccccc12;0,964;True;1;0,223641664;;4;9;C;C8y;0,187434;0
mol_1;10;0,1767643;0;0;c1ccc2c(c1)c(=O)c(c(o2)c3ccc(cc3)O)O;1;10;c1ccc2c(c1)c(=O)c(c(o2)c3ccc(cc3)O)O;smiles;d35bd187-691b-4760-8437-5c812515453d / 3c427e79-9b4a-4d26-9b97-7644be33b734;;O=c1c(O)c(-c2ccc(O)cc2)oc2ccccc12;O=c1c(O)c(-c2ccc(O)cc2)oc2ccccc12;0;False;0,928571429;0;;4;10;O;O2x;0,082924;0
mol_1;11;0,127952114;0;0;c1ccc2c(c1)c(=O)c(c(o2)c3ccc(cc3)O)O;1;11;c1ccc2c(c1)c(=O)c(c(o2)c3ccc(cc3)O)O;smiles;d35bd187-691b-4760-8437-5c812515453d / 3c427e79-9b4a-4d26-9b97-7644be33b734;;O=c1c(O)c(-c2ccc(O)cc2)oc2ccccc12;O=c1c(O)c(-c2ccc(O)cc2)oc2ccccc12;0;False;0,960784314;0;;4;11;C;C8y;0,01982;0
mol_1;12;0,201799157;0;0;c1ccc2c(c1)c(=O)c(c(o2)c3ccc(cc3)O)O;1;12;c1ccc2c(c1)c(=O)c(c(o2)c3ccc(cc3)O)O;smiles;d35bd187-691b-4760-8437-5c812515453d / 3c427e79-9b4a-4d26-9b97-7644be33b734;;O=c1c(O)c(-c2ccc(O)cc2)oc2ccccc12;O=c1c(O)c(-c2ccc(O)cc2)oc2ccccc12;0,004;False;0,949122807;0,03762236;;4;12;C;C8x;0,040274;0
mol_1;13;0,720241714;5;1;c1ccc2c(c1)c(=O)c(c(o2)c3ccc(cc3)O)O;1;13;c1ccc2c(c1)c(=O)c(c(o2)c3ccc(cc3)O)O;smiles;d35bd187-691b-4760-8437-5c812515453d / 3c427e79-9b4a-4d26-9b97-7644be33b734;;O=c1c(O)c(-c2ccc(O)cc2)oc2ccccc12;O=c1c(O)c(-c2ccc(O)cc2)oc2ccccc12;0,004;False;0,981481481;0,03762236;;4;13;C;C8x;0,079757;0
mol_1;14;0,056668133;0;0;c1ccc2c(c1)c(=O)c(c(o2)c3ccc(cc3)O)O;1;14;c1ccc2c(c1)c(=O)c(c(o2)c3ccc(cc3)O)O;smiles;d35bd187-691b-4760-8437-5c812515453d / 3c427e79-9b4a-4d26-9b97-7644be33b734;;O=c1c(O)c(-c2ccc(O)cc2)oc2ccccc12;O=c1c(O)c(-c2ccc(O)cc2)oc2ccccc12;0,008;False;0,958333333;0,067221545;;4;14;C;C8y;0,008424;0
mol_1;15;0,720241714;5;1;c1ccc2c(c1)c(=O)c(c(o2)c3ccc(cc3)O)O;1;15;c1ccc2c(c1)c(=O)c(c(o2)c3ccc(cc3)O)O;smiles;d35bd187-691b-4760-8437-5c812515453d / 3c427e79-9b4a-4d26-9b97-7644be33b734;;O=c1c(O)c(-c2ccc(O)cc2)oc2ccccc12;O=c1c(O)c(-c2ccc(O)cc2)oc2ccccc12;0;False;0,948717949;0;;4;15;C;C8x;0,075556;0
mol_1;16;0,201799157;0;0;c1ccc2c(c1)c(=O)c(c(o2)c3ccc(cc3)O)O;1;16;c1ccc2c(c1)c(=O)c(c(o2)c3ccc(cc3)O)O;smiles;d35bd187-691b-4760-8437-5c812515453d / 3c427e79-9b4a-4d26-9b97-7644be33b734;;O=c1c(O)c(-c2ccc(O)cc2)oc2ccccc12;O=c1c(O)c(-c2ccc(O)cc2)oc2ccccc12;0;False;0,948717949;0;;4;16;C;C8x;0,031599;0
mol_1;17;0,990490699;5;1;c1ccc2c(c1)c(=O)c(c(o2)c3ccc(cc3)O)O;1;17;c1ccc2c(c1)c(=O)c(c(o2)c3ccc(cc3)O)O;smiles;d35bd187-691b-4760-8437-5c812515453d / 3c427e79-9b4a-4d26-9b97-7644be33b734;;O=c1c(O)c(-c2ccc(O)cc2)oc2ccccc12;O=c1c(O)c(-c2ccc(O)cc2)oc2ccccc12;0,004;False;0,952380952;0,03762236;;4;17;O;O1a;0,211458;1
mol_1;18;0,923999274;5;1;c1ccc2c(c1)c(=O)c(c(o2)c3ccc(cc3)O)O;1;18;c1ccc2c(c1)c(=O)c(c(o2)c3ccc(cc3)O)O;smiles;d35bd187-691b-4760-8437-5c812515453d / 3c427e79-9b4a-4d26-9b97-7644be33b734;;O=c1c(O)c(-c2ccc(O)cc2)oc2ccccc12;O=c1c(O)c(-c2ccc(O)cc2)oc2ccccc12;0;False;0,979166667;0;;4;18;O;O1a;0,698207;1
mol_10;0;0,108575628;0;0;c1ccc2c(c1)c(=O)c(c(o2)c3ccc(c(c3)O)O)O;10;0;c1ccc2c(c1)c(=O)c(c(o2)c3ccc(c(c3)O)O)O;smiles;d35bd187-691b-4760-8437-5c812515453d / 3c427e79-9b4a-4d26-9b97-7644be33b734;;O=c1c(O)c(-c2ccc(O)c(O)c2)oc2ccccc12;O=c1c(O)c(-c2ccc(O)c(O)c2)oc2ccccc12;0;False;1;0;;20;0;C;C8x;0,007984;0
mol_10;1;0,12718401;0;0;c1ccc2c(c1)c(=O)c(c(o2)c3ccc(c(c3)O)O)O;10;1;c1ccc2c(c1)c(=O)c(c(o2)c3ccc(c(c3)O)O)O;smiles;d35bd187-691b-4760-8437-5c812515453d / 3c427e79-9b4a-4d26-9b97-7644be33b734;;O=c1c(O)c(-c2ccc(O)c(O)c2)oc2ccccc12;O=c1c(O)c(-c2ccc(O)c(O)c2)oc2ccccc12;0,008;False;0,962962963;0,067221545;;20;1;C;C8x;0,003584;0
mol_10;2;0,084250948;0;0;c1ccc2c(c1)c(=O)c(c(o2)c3ccc(c(c3)O)O)O;10;2;c1ccc2c(c1)c(=O)c(c(o2)c3ccc(c(c3)O)O)O;smiles;d35bd187-691b-4760-8437-5c812515453d / 3c427e79-9b4a-4d26-9b97-7644be33b734;;O=c1c(O)c(-c2ccc(O)c(O)c2)oc2ccccc12;O=c1c(O)c(-c2ccc(O)c(O)c2)oc2ccccc12;0,008;False;0,965789474;0,067221545;;20;2;C;C8x;0,008192;0
mol_10;3;0,138027291;0;0;c1ccc2c(c1)c(=O)c(c(o2)c3ccc(c(c3)O)O)O;10;3;c1ccc2c(c1)c(=O)c(c(o2)c3ccc(c(c3)O)O)O;smiles;d35bd187-691b-4760-8437-5c812515453d / 3c427e79-9b4a-4d26-9b97-7644be33b734;;O=c1c(O)c(-c2ccc(O)c(O)c2)oc2ccccc12;O=c1c(O)c(-c2ccc(O)c(O)c2)oc2ccccc12;0,392;True;1;0,966078098;;20;3;C;C8y;0,015692;0
mol_10;4;0,048765828;0;0;c1ccc2c(c1)c(=O)c(c(o2)c3ccc(c(c3)O)O)O;10;4;c1ccc2c(c1)c(=O)c(c(o2)c3ccc(c(c3)O)O)O;smiles;d35bd187-691b-4760-8437-5c812515453d / 3c427e79-9b4a-4d26-9b97-7644be33b734;;O=c1c(O)c(-c2ccc(O)c(O)c2)oc2ccccc12;O=c1c(O)c(-c2ccc(O)c(O)c2)oc2ccccc12;0;False;0,937157287;0;;20;4;C;C8y;0,0103;0
mol_10;5;0,052276563;0;0;c1ccc2c(c1)c(=O)c(c(o2)c3ccc(c(c3)O)O)O;10;5;c1ccc2c(c1)c(=O)c(c(o2)c3ccc(c(c3)O)O)O;smiles;d35bd187-691b-4760-8437-5c812515453d / 3c427e79-9b4a-4d26-9b97-7644be33b734;;O=c1c(O)c(-c2ccc(O)c(O)c2)oc2ccccc12;O=c1c(O)c(-c2ccc(O)c(O)c2)oc2ccccc12;0;False;0,98245614;0;;20;5;C;C8x;0,00863;0
mol_10;6;0,181589936;1;0;c1ccc2c(c1)c(=O)c(c(o2)c3ccc(c(c3)O)O)O;10;6;c1ccc2c(c1)c(=O)c(c(o2)c3ccc(c(c3)O)O)O;smiles;d35bd187-691b-4760-8437-5c812515453d / 3c427e79-9b4a-4d26-9b97-7644be33b734;;O=c1c(O)c(-c2ccc(O)c(O)c2)oc2ccccc12;O=c1c(O)c(-c2ccc(O)c(O)c2)oc2ccccc12;0;False;0,981481481;0;;20;6;C;C8y;0,1829;0
mol_10;7;0,216340814;1;0;c1ccc2c(c1)c(=O)c(c(o2)c3ccc(c(c3)O)O)O;10;7;c1ccc2c(c1)c(=O)c(c(o2)c3ccc(c(c3)O)O)O;smiles;d35bd187-691b-4760-8437-5c812515453d / 3c427e79-9b4a-4d26-9b97-7644be33b734;;O=c1c(O)c(-c2ccc(O)c(O)c2)oc2ccccc12;O=c1c(O)c(-c2ccc(O)c(O)c2)oc2ccccc12;0;False;1;0;;20;7;O;O5x;0,102883;0
mol_10;8;0,24764009;1;0;c1ccc2c(c1)c(=O)c(c(o2)c3ccc(c(c3)O)O)O;10;8;c1ccc2c(c1)c(=O)c(c(o2)c3ccc(c(c3)O)O)O;smiles;d35bd187-691b-4760-8437-5c812515453d / 3c427e79-9b4a-4d26-9b97-7644be33b734;;O=c1c(O)c(-c2ccc(O)c(O)c2)oc2ccccc12;O=c1c(O)c(-c2ccc(O)c(O)c2)oc2ccccc12;0;False;1;0;;20;8;C;C8y;0,307508;0
mol_10;9;0,254118124;1;0;c1ccc2c(c1)c(=O)c(c(o2)c3ccc(c(c3)O)O)O;10;9;c1ccc2c(c1)c(=O)c(c(o2)c3ccc(c(c3)O)O)O;smiles;d35bd187-691b-4760-8437-5c812515453d / 3c427e79-9b4a-4d26-9b97-7644be33b734;;O=c1c(O)c(-c2ccc(O)c(O)c2)oc2ccccc12;O=c1c(O)c(-c2ccc(O)c(O)c2)oc2ccccc12;0,96;True;1;0,242292189;;20;9;C;C8y;0,12557;0
mol_10;10;0,178012478;0;0;c1ccc2c(c1)c(=O)c(c(o2)c3ccc(c(c3)O)O)O;10;10;c1ccc2c(c1)c(=O)c(c(o2)c3ccc(c(c3)O)O)O;smiles;d35bd187-691b-4760-8437-5c812515453d / 3c427e79-9b4a-4d26-9b97-7644be33b734;;O=c1c(O)c(-c2ccc(O)c(O)c2)oc2ccccc12;O=c1c(O)c(-c2ccc(O)c(O)c2)oc2ccccc12;0;False;1;0;;20;10;O;O2x;0,071865;0
mol_10;11;0,144444235;0;0;c1ccc2c(c1)c(=O)c(c(o2)c3ccc(c(c3)O)O)O;10;11;c1ccc2c(c1)c(=O)c(c(o2)c3ccc(c(c3)O)O)O;smiles;d35bd187-691b-4760-8437-5c812515453d / 3c427e79-9b4a-4d26-9b97-7644be33b734;;O=c1c(O)c(-c2ccc(O)c(O)c2)oc2ccccc12;O=c1c(O)c(-c2ccc(O)c(O)c2)oc2ccccc12;0,872;True;1;0,551927553;;20;11;C;C8y;0,045854;0
mol_10;12;0,128982445;0;0;c1ccc2c(c1)c(=O)c(c(o2)c3ccc(c(c3)O)O)O;10;12;c1ccc2c(c1)c(=O)c(c(o2)c3ccc(c(c3)O)O)O;smiles;d35bd187-691b-4760-8437-5c812515453d / 3c427e79-9b4a-4d26-9b97-7644be33b734;;O=c1c(O)c(-c2ccc(O)c(O)c2)oc2ccccc12;O=c1c(O)c(-c2ccc(O)c(O)c2)oc2ccccc12;0;False;0,981481481;0;;20;12;C;C8x;0,093077;0
mol_10;13;0,527903694;4;1;c1ccc2c(c1)c(=O)c(c(o2)c3ccc(c(c3)O)O)O;10;13;c1ccc2c(c1)c(=O)c(c(o2)c3ccc(c(c3)O)O)O;smiles;d35bd187-691b-4760-8437-5c812515453d / 3c427e79-9b4a-4d26-9b97-7644be33b734;;O=c1c(O)c(-c2ccc(O)c(O)c2)oc2ccccc12;O=c1c(O)c(-c2ccc(O)c(O)c2)oc2ccccc12;0,004;False;0,948245614;0,03762236;;20;13;C;C8x;0,03701;0
mol_10;14;0,205052052;0;0;c1ccc2c(c1)c(=O)c(c(o2)c3ccc(c(c3)O)O)O;10;14;c1ccc2c(c1)c(=O)c(c(o2)c3ccc(c(c3)O)O)O;smiles;d35bd187-691b-4760-8437-5c812515453d / 3c427e79-9b4a-4d26-9b97-7644be33b734;;O=c1c(O)c(-c2ccc(O)c(O)c2)oc2ccccc12;O=c1c(O)c(-c2ccc(O)c(O)c2)oc2ccccc12;0,004;False;0,981481481;0,03762236;;20;14;C;C8y;0,042546;0
mol_10;15;0,39901281;1;0;c1ccc2c(c1)c(=O)c(c(o2)c3ccc(c(c3)O)O)O;10;15;c1ccc2c(c1)c(=O)c(c(o2)c3ccc(c(c3)O)O)O;smiles;d35bd187-691b-4760-8437-5c812515453d / 3c427e79-9b4a-4d26-9b97-7644be33b734;;O=c1c(O)c(-c2ccc(O)c(O)c2)oc2ccccc12;O=c1c(O)c(-c2ccc(O)c(O)c2)oc2ccccc12;0,008;False;0,958333333;0,067221545;;20;15;C;C8y;0,128282;0
mol_10;16;0,279454324;0;0;c1ccc2c(c1)c(=O)c(c(o2)c3ccc(c(c3)O)O)O;10;16;c1ccc2c(c1)c(=O)c(c(o2)c3ccc(c(c3)O)O)O;smiles;d35bd187-691b-4760-8437-5c812515453d / 3c427e79-9b4a-4d26-9b97-7644be33b734;;O=c1c(O)c(-c2ccc(O)c(O)c2)oc2ccccc12;O=c1c(O)c(-c2ccc(O)c(O)c2)oc2ccccc12;0,004;False;0,948717949;0,03762236;;20;16;C;C8x;0,045449;0
mol_10;17;0,977637672;5;1;c1ccc2c(c1)c(=O)c(c(o2)c3ccc(c(c3)O)O)O;10;17;c1ccc2c(c1)c(=O)c(c(o2)c3ccc(c(c3)O)O)O;smiles;d35bd187-691b-4760-8437-5c812515453d / 3c427e79-9b4a-4d26-9b97-7644be33b734;;O=c1c(O)c(-c2ccc(O)c(O)c2)oc2ccccc12;O=c1c(O)c(-c2ccc(O)c(O)c2)oc2ccccc12;0;False;0,948717949;0;;20;17;O;O1a;0,335135;1
mol_10;18;0,979564023;5;1;c1ccc2c(c1)c(=O)c(c(o2)c3ccc(c(c3)O)O)O;10;18;c1ccc2c(c1)c(=O)c(c(o2)c3ccc(c(c3)O)O)O;smiles;d35bd187-691b-4760-8437-5c812515453d / 3c427e79-9b4a-4d26-9b97-7644be33b734;;O=c1c(O)c(-c2ccc(O)c(O)c2)oc2ccccc12;O=c1c(O)c(-c2ccc(O)c(O)c2)oc2ccccc12;0;False;0,952380952;0;;20;18;O;O1a;0,25817;1
mol_10;19;0,923954093;5;1;c1ccc2c(c1)c(=O)c(c(o2)c3ccc(c(c3)O)O)O;10;19;c1ccc2c(c1)c(=O)c(c(o2)c3ccc(c(c3)O)O)O;smiles;d35bd187-691b-4760-8437-5c812515453d / 3c427e79-9b4a-4d26-9b97-7644be33b734;;O=c1c(O)c(-c2ccc(O)c(O)c2)oc2ccccc12;O=c1c(O)c(-c2ccc(O)c(O)c2)oc2ccccc12;0,004;False;0,979166667;0,03762236;;20;19;O;O1a;0,524269;0
mol_11;0;0,201799137;0;0;c1cc(ccc1c2c(c(=O)c3cc(ccc3o2)O)O)O;11;0;c1cc(ccc1c2c(c(=O)c3cc(ccc3o2)O)O)O;smiles;d35bd187-691b-4760-8437-5c812515453d / 3c427e79-9b4a-4d26-9b97-7644be33b734;;O=c1c(O)c(-c2ccc(O)cc2)oc2ccc(O)cc12;O=c1c(O)c(-c2ccc(O)cc2)oc2ccc(O)cc12;0,004;False;0,9375;0,03762236;;21;0;C;C8x;0,032543;0
mol_11;1;0,720241714;5;1;c1cc(ccc1c2c(c(=O)c3cc(ccc3o2)O)O)O;11;1;c1cc(ccc1c2c(c(=O)c3cc(ccc3o2)O)O)O;smiles;d35bd187-691b-4760-8437-5c812515453d / 3c427e79-9b4a-4d26-9b97-7644be33b734;;O=c1c(O)c(-c2ccc(O)cc2)oc2ccc(O)cc12;O=c1c(O)c(-c2ccc(O)cc2)oc2ccc(O)cc12;0,004;False;0,927875244;0,03762236;;21;1;C;C8x;0,049112;0
mol_11;2;0,056668133;0;0;c1cc(ccc1c2c(c(=O)c3cc(ccc3o2)O)O)O;11;2;c1cc(ccc1c2c(c(=O)c3cc(ccc3o2)O)O)O;smiles;d35bd187-691b-4760-8437-5c812515453d / 3c427e79-9b4a-4d26-9b97-7644be33b734;;O=c1c(O)c(-c2ccc(O)cc2)oc2ccc(O)cc12;O=c1c(O)c(-c2ccc(O)cc2)oc2ccc(O)cc12;0,012;False;0,965789474;0,09377791;;21;2;C;C8y;0,008732;0
mol_11;3;0,720241714;5;1;c1cc(ccc1c2c(c(=O)c3cc(ccc3o2)O)O)O;11;3;c1cc(ccc1c2c(c(=O)c3cc(ccc3o2)O)O)O;smiles;d35bd187-691b-4760-8437-5c812515453d / 3c427e79-9b4a-4d26-9b97-7644be33b734;;O=c1c(O)c(-c2ccc(O)cc2)oc2ccc(O)cc12;O=c1c(O)c(-c2ccc(O)cc2)oc2ccc(O)cc12;0,392;True;1;0,966078098;;21;3;C;C8x;0,04163;0
mol_11;4;0,201799137;0;0;c1cc(ccc1c2c(c(=O)c3cc(ccc3o2)O)O)O;11;4;c1cc(ccc1c2c(c(=O)c3cc(ccc3o2)O)O)O;smiles;d35bd187-691b-4760-8437-5c812515453d / 3c427e79-9b4a-4d26-9b97-7644be33b734;;O=c1c(O)c(-c2ccc(O)cc2)oc2ccc(O)cc12;O=c1c(O)c(-c2ccc(O)cc2)oc2ccc(O)cc12;0;False;0,964912281;0;;21;4;C;C8x;0,025856;0
mol_11;5;0,127952103;0;0;c1cc(ccc1c2c(c(=O)c3cc(ccc3o2)O)O)O;11;5;c1cc(ccc1c2c(c(=O)c3cc(ccc3o2)O)O)O;smiles;d35bd187-691b-4760-8437-5c812515453d / 3c427e79-9b4a-4d26-9b97-7644be33b734;;O=c1c(O)c(-c2ccc(O)cc2)oc2ccc(O)cc12;O=c1c(O)c(-c2ccc(O)cc2)oc2ccc(O)cc12;0;False;0,964912281;0;;21;5;C;C8y;0,009882;0
mol_11;6;0,249164665;1;0;c1cc(ccc1c2c(c(=O)c3cc(ccc3o2)O)O)O;11;6;c1cc(ccc1c2c(c(=O)c3cc(ccc3o2)O)O)O;smiles;d35bd187-691b-4760-8437-5c812515453d / 3c427e79-9b4a-4d26-9b97-7644be33b734;;O=c1c(O)c(-c2ccc(O)cc2)oc2ccc(O)cc12;O=c1c(O)c(-c2ccc(O)cc2)oc2ccc(O)cc12;0;False;0,960784314;0;;21;6;C;C8y;0,164276;0
mol_11;7;0,248016679;1;0;c1cc(ccc1c2c(c(=O)c3cc(ccc3o2)O)O)O;11;7;c1cc(ccc1c2c(c(=O)c3cc(ccc3o2)O)O)O;smiles;d35bd187-691b-4760-8437-5c812515453d / 3c427e79-9b4a-4d26-9b97-7644be33b734;;O=c1c(O)c(-c2ccc(O)cc2)oc2ccc(O)cc12;O=c1c(O)c(-c2ccc(O)cc2)oc2ccc(O)cc12;0;False;0,928571429;0;;21;7;C;C8y;0,30685;0
mol_11;8;0,189326173;1;0;c1cc(ccc1c2c(c(=O)c3cc(ccc3o2)O)O)O;11;8;c1cc(ccc1c2c(c(=O)c3cc(ccc3o2)O)O)O;smiles;d35bd187-691b-4760-8437-5c812515453d / 3c427e79-9b4a-4d26-9b97-7644be33b734;;O=c1c(O)c(-c2ccc(O)cc2)oc2ccc(O)cc12;O=c1c(O)c(-c2ccc(O)cc2)oc2ccc(O)cc12;0;False;0,909090909;0;;21;8;C;C8y;0,272595;0
mol_11;9;0,216471035;1;0;c1cc(ccc1c2c(c(=O)c3cc(ccc3o2)O)O)O;11;9;c1cc(ccc1c2c(c(=O)c3cc(ccc3o2)O)O)O;smiles;d35bd187-691b-4760-8437-5c812515453d / 3c427e79-9b4a-4d26-9b97-7644be33b734;;O=c1c(O)c(-c2ccc(O)cc2)oc2ccc(O)cc12;O=c1c(O)c(-c2ccc(O)cc2)oc2ccc(O)cc12;0,968;True;1;0,204324671;;21;9;O;O5x;0,132403;0
mol_11;10;0,125309211;0;0;c1cc(ccc1c2c(c(=O)c3cc(ccc3o2)O)O)O;11;10;c1cc(ccc1c2c(c(=O)c3cc(ccc3o2)O)O)O;smiles;d35bd187-691b-4760-8437-5c812515453d / 3c427e79-9b4a-4d26-9b97-7644be33b734;;O=c1c(O)c(-c2ccc(O)cc2)oc2ccc(O)cc12;O=c1c(O)c(-c2ccc(O)cc2)oc2ccc(O)cc12;0;False;0,928571429;0;;21;10;C;C8y;0,024249;0
mol_11;11;0,419716489;0;0;c1cc(ccc1c2c(c(=O)c3cc(ccc3o2)O)O)O;11;11;c1cc(ccc1c2c(c(=O)c3cc(ccc3o2)O)O)O;smiles;d35bd187-691b-4760-8437-5c812515453d / 3c427e79-9b4a-4d26-9b97-7644be33b734;;O=c1c(O)c(-c2ccc(O)cc2)oc2ccc(O)cc12;O=c1c(O)c(-c2ccc(O)cc2)oc2ccc(O)cc12;0;False;0,960784314;0;;21;11;C;C8x;0,042543;0
mol_11;12;0,089631831;0;0;c1cc(ccc1c2c(c(=O)c3cc(ccc3o2)O)O)O;11;12;c1cc(ccc1c2c(c(=O)c3cc(ccc3o2)O)O)O;smiles;d35bd187-691b-4760-8437-5c812515453d / 3c427e79-9b4a-4d26-9b97-7644be33b734;;O=c1c(O)c(-c2ccc(O)cc2)oc2ccc(O)cc12;O=c1c(O)c(-c2ccc(O)cc2)oc2ccc(O)cc12;0,004;False;0,948245614;0,03762236;;21;12;C;C8y;0,024095;0
mol_11;13;0,632520044;5;1;c1cc(ccc1c2c(c(=O)c3cc(ccc3o2)O)O)O;11;13;c1cc(ccc1c2c(c(=O)c3cc(ccc3o2)O)O)O;smiles;d35bd187-691b-4760-8437-5c812515453d / 3c427e79-9b4a-4d26-9b97-7644be33b734;;O=c1c(O)c(-c2ccc(O)cc2)oc2ccc(O)cc12;O=c1c(O)c(-c2ccc(O)cc2)oc2ccc(O)cc12;0;False;0,927875244;0;;21;13;C;C8x;0,053053;0
mol_11;14;0,113782678;0;0;c1cc(ccc1c2c(c(=O)c3cc(ccc3o2)O)O)O;11;14;c1cc(ccc1c2c(c(=O)c3cc(ccc3o2)O)O)O;smiles;d35bd187-691b-4760-8437-5c812515453d / 3c427e79-9b4a-4d26-9b97-7644be33b734;;O=c1c(O)c(-c2ccc(O)cc2)oc2ccc(O)cc12;O=c1c(O)c(-c2ccc(O)cc2)oc2ccc(O)cc12;0;False;0,919117647;0;;21;14;C;C8x;0,03197;0
mol_11;15;0,173274535;0;0;c1cc(ccc1c2c(c(=O)c3cc(ccc3o2)O)O)O;11;15;c1cc(ccc1c2c(c(=O)c3cc(ccc3o2)O)O)O;smiles;d35bd187-691b-4760-8437-5c812515453d / 3c427e79-9b4a-4d26-9b97-7644be33b734;;O=c1c(O)c(-c2ccc(O)cc2)oc2ccc(O)cc12;O=c1c(O)c(-c2ccc(O)cc2)oc2ccc(O)cc12;0;False;0,926739927;0;;21;15;C;C8y;0,029295;0
mol_11;16;0,167727406;0;0;c1cc(ccc1c2c(c(=O)c3cc(ccc3o2)O)O)O;11;16;c1cc(ccc1c2c(c(=O)c3cc(ccc3o2)O)O)O;smiles;d35bd187-691b-4760-8437-5c812515453d / 3c427e79-9b4a-4d26-9b97-7644be33b734;;O=c1c(O)c(-c2ccc(O)cc2)oc2ccc(O)cc12;O=c1c(O)c(-c2ccc(O)cc2)oc2ccc(O)cc12;0;False;0,901098901;0;;21;16;O;O2x;0,064079;0
mol_11;17;0,990129864;5;1;c1cc(ccc1c2c(c(=O)c3cc(ccc3o2)O)O)O;11;17;c1cc(ccc1c2c(c(=O)c3cc(ccc3o2)O)O)O;smiles;d35bd187-691b-4760-8437-5c812515453d / 3c427e79-9b4a-4d26-9b97-7644be33b734;;O=c1c(O)c(-c2ccc(O)cc2)oc2ccc(O)cc12;O=c1c(O)c(-c2ccc(O)cc2)oc2ccc(O)cc12;0,832;True;0,888888889;0,653109112;;21;17;O;O1a;0,260027;1
mol_11;18;0,923833179;5;1;c1cc(ccc1c2c(c(=O)c3cc(ccc3o2)O)O)O;11;18;c1cc(ccc1c2c(c(=O)c3cc(ccc3o2)O)O)O;smiles;d35bd187-691b-4760-8437-5c812515453d / 3c427e79-9b4a-4d26-9b97-7644be33b734;;O=c1c(O)c(-c2ccc(O)cc2)oc2ccc(O)cc12;O=c1c(O)c(-c2ccc(O)cc2)oc2ccc(O)cc12;0,004;False;0,907936508;0,03762236;;21;18;O;O1a;0,474836;1
mol_11;19;0,990490699;5;1;c1cc(ccc1c2c(c(=O)c3cc(ccc3o2)O)O)O;11;19;c1cc(ccc1c2c(c(=O)c3cc(ccc3o2)O)O)O;smiles;d35bd187-691b-4760-8437-5c812515453d / 3c427e79-9b4a-4d26-9b97-7644be33b734;;O=c1c(O)c(-c2ccc(O)cc2)oc2ccc(O)cc12;O=c1c(O)c(-c2ccc(O)cc2)oc2ccc(O)cc12;0;False;0,919117647;0;;21;19;O;O1a;0,179818;1
mol_13;0;0,005486355;0;0;c1cc(ccc1C2=Cc3ccc(cc3CC2=O)O)n4cncn4;13;0;c1cc(ccc1C2=Cc3ccc(cc3CC2=O)O)n4cncn4;smiles;d35bd187-691b-4760-8437-5c812515453d / 3c427e79-9b4a-4d26-9b97-7644be33b734;;O=C1Cc2cc(O)ccc2C=C1c1ccc(-n2cncn2)cc1;O=C1Cc2cc(O)ccc2C=C1c1ccc(-n2cncn2)cc1;0,072;False;0,716775599;0,373343321;;23;0;C;C8x;0,005696;0
mol_13;1;0,010443513;0;0;c1cc(ccc1C2=Cc3ccc(cc3CC2=O)O)n4cncn4;13;1;c1cc(ccc1C2=Cc3ccc(cc3CC2=O)O)n4cncn4;smiles;d35bd187-691b-4760-8437-5c812515453d / 3c427e79-9b4a-4d26-9b97-7644be33b734;;O=C1Cc2cc(O)ccc2C=C1c1ccc(-n2cncn2)cc1;O=C1Cc2cc(O)ccc2C=C1c1ccc(-n2cncn2)cc1;0,008;False;0,774603175;0,067221545;;23;1;C;C8x;0,004938;0
mol_13;2;0,019819319;0;0;c1cc(ccc1C2=Cc3ccc(cc3CC2=O)O)n4cncn4;13;2;c1cc(ccc1C2=Cc3ccc(cc3CC2=O)O)n4cncn4;smiles;d35bd187-691b-4760-8437-5c812515453d / 3c427e79-9b4a-4d26-9b97-7644be33b734;;O=C1Cc2cc(O)ccc2C=C1c1ccc(-n2cncn2)cc1;O=C1Cc2cc(O)ccc2C=C1c1ccc(-n2cncn2)cc1;0,02;False;0,734586466;0,141440543;;23;2;C;C8y;0,010574;0
mol_13;3;0,010443513;0;0;c1cc(ccc1C2=Cc3ccc(cc3CC2=O)O)n4cncn4;13;3;c1cc(ccc1C2=Cc3ccc(cc3CC2=O)O)n4cncn4;smiles;d35bd187-691b-4760-8437-5c812515453d / 3c427e79-9b4a-4d26-9b97-7644be33b734;;O=C1Cc2cc(O)ccc2C=C1c1ccc(-n2cncn2)cc1;O=C1Cc2cc(O)ccc2C=C1c1ccc(-n2cncn2)cc1;0;False;0,825;0;;23;3;C;C8x;0,007205;0
mol_13;4;0,005486355;0;0;c1cc(ccc1C2=Cc3ccc(cc3CC2=O)O)n4cncn4;13;4;c1cc(ccc1C2=Cc3ccc(cc3CC2=O)O)n4cncn4;smiles;d35bd187-691b-4760-8437-5c812515453d / 3c427e79-9b4a-4d26-9b97-7644be33b734;;O=C1Cc2cc(O)ccc2C=C1c1ccc(-n2cncn2)cc1;O=C1Cc2cc(O)ccc2C=C1c1ccc(-n2cncn2)cc1;0,004;False;0,804029304;0,03762236;;23;4;C;C8x;0,004946;0
mol_13;5;0,004659127;0;0;c1cc(ccc1C2=Cc3ccc(cc3CC2=O)O)n4cncn4;13;5;c1cc(ccc1C2=Cc3ccc(cc3CC2=O)O)n4cncn4;smiles;d35bd187-691b-4760-8437-5c812515453d / 3c427e79-9b4a-4d26-9b97-7644be33b734;;O=C1Cc2cc(O)ccc2C=C1c1ccc(-n2cncn2)cc1;O=C1Cc2cc(O)ccc2C=C1c1ccc(-n2cncn2)cc1;0,004;False;0,810622711;0,03762236;;23;5;C;C8y;0,002517;0
mol_13;6;0,035249843;0;0;c1cc(ccc1C2=Cc3ccc(cc3CC2=O)O)n4cncn4;13;6;c1cc(ccc1C2=Cc3ccc(cc3CC2=O)O)n4cncn4;smiles;d35bd187-691b-4760-8437-5c812515453d / 3c427e79-9b4a-4d26-9b97-7644be33b734;;O=C1Cc2cc(O)ccc2C=C1c1ccc(-n2cncn2)cc1;O=C1Cc2cc(O)ccc2C=C1c1ccc(-n2cncn2)cc1;0,796;True;0,818181818;0,729856317;;23;6;C;C2y;0,079752;0
mol_13;7;0,025838294;0;0;c1cc(ccc1C2=Cc3ccc(cc3CC2=O)O)n4cncn4;13;7;c1cc(ccc1C2=Cc3ccc(cc3CC2=O)O)n4cncn4;smiles;d35bd187-691b-4760-8437-5c812515453d / 3c427e79-9b4a-4d26-9b97-7644be33b734;;O=C1Cc2cc(O)ccc2C=C1c1ccc(-n2cncn2)cc1;O=C1Cc2cc(O)ccc2C=C1c1ccc(-n2cncn2)cc1;0,004;False;0,846153846;0,03762236;;23;7;C;C2x;0,1217;0
mol_13;8;0,040703021;0;0;c1cc(ccc1C2=Cc3ccc(cc3CC2=O)O)n4cncn4;13;8;c1cc(ccc1C2=Cc3ccc(cc3CC2=O)O)n4cncn4;smiles;d35bd187-691b-4760-8437-5c812515453d / 3c427e79-9b4a-4d26-9b97-7644be33b734;;O=C1Cc2cc(O)ccc2C=C1c1ccc(-n2cncn2)cc1;O=C1Cc2cc(O)ccc2C=C1c1ccc(-n2cncn2)cc1;0;False;0,933333333;0;;23;8;C;C8y;0,008983;0
mol_13;9;0,090028612;0;0;c1cc(ccc1C2=Cc3ccc(cc3CC2=O)O)n4cncn4;13;9;c1cc(ccc1C2=Cc3ccc(cc3CC2=O)O)n4cncn4;smiles;d35bd187-691b-4760-8437-5c812515453d / 3c427e79-9b4a-4d26-9b97-7644be33b734;;O=C1Cc2cc(O)ccc2C=C1c1ccc(-n2cncn2)cc1;O=C1Cc2cc(O)ccc2C=C1c1ccc(-n2cncn2)cc1;0;False;0,839181287;0;;23;9;C;C8x;0,016417;0
mol_13;10;0,634292328;5;1;c1cc(ccc1C2=Cc3ccc(cc3CC2=O)O)n4cncn4;13;10;c1cc(ccc1C2=Cc3ccc(cc3CC2=O)O)n4cncn4;smiles;d35bd187-691b-4760-8437-5c812515453d / 3c427e79-9b4a-4d26-9b97-7644be33b734;;O=C1Cc2cc(O)ccc2C=C1c1ccc(-n2cncn2)cc1;O=C1Cc2cc(O)ccc2C=C1c1ccc(-n2cncn2)cc1;0,028;False;0,879824561;0,184260593;;23;10;C;C8x;0,048596;0
mol_13;11;0,09102146;0;0;c1cc(ccc1C2=Cc3ccc(cc3CC2=O)O)n4cncn4;13;11;c1cc(ccc1C2=Cc3ccc(cc3CC2=O)O)n4cncn4;smiles;d35bd187-691b-4760-8437-5c812515453d / 3c427e79-9b4a-4d26-9b97-7644be33b734;;O=C1Cc2cc(O)ccc2C=C1c1ccc(-n2cncn2)cc1;O=C1Cc2cc(O)ccc2C=C1c1ccc(-n2cncn2)cc1;0;False;0,769502808;0;;23;11;C;C8y;0,009118;0
mol_13;12;0,482359791;1;0;c1cc(ccc1C2=Cc3ccc(cc3CC2=O)O)n4cncn4;13;12;c1cc(ccc1C2=Cc3ccc(cc3CC2=O)O)n4cncn4;smiles;d35bd187-691b-4760-8437-5c812515453d / 3c427e79-9b4a-4d26-9b97-7644be33b734;;O=C1Cc2cc(O)ccc2C=C1c1ccc(-n2cncn2)cc1;O=C1Cc2cc(O)ccc2C=C1c1ccc(-n2cncn2)cc1;0,008;False;0,733709273;0,067221545;;23;12;C;C8x;0,021721;0
mol_13;13;0,055228932;0;0;c1cc(ccc1C2=Cc3ccc(cc3CC2=O)O)n4cncn4;13;13;c1cc(ccc1C2=Cc3ccc(cc3CC2=O)O)n4cncn4;smiles;d35bd187-691b-4760-8437-5c812515453d / 3c427e79-9b4a-4d26-9b97-7644be33b734;;O=C1Cc2cc(O)ccc2C=C1c1ccc(-n2cncn2)cc1;O=C1Cc2cc(O)ccc2C=C1c1ccc(-n2cncn2)cc1;0;False;0,671717172;0;;23;13;C;C8y;0,012584;0
mol_13;14;0,115440482;0;0;c1cc(ccc1C2=Cc3ccc(cc3CC2=O)O)n4cncn4;13;14;c1cc(ccc1C2=Cc3ccc(cc3CC2=O)O)n4cncn4;smiles;d35bd187-691b-4760-8437-5c812515453d / 3c427e79-9b4a-4d26-9b97-7644be33b734;;O=C1Cc2cc(O)ccc2C=C1c1ccc(-n2cncn2)cc1;O=C1Cc2cc(O)ccc2C=C1c1ccc(-n2cncn2)cc1;0;False;0,710457516;0;;23;14;C;C1x;0,11641;0
mol_13;15;0,005266792;0;0;c1cc(ccc1C2=Cc3ccc(cc3CC2=O)O)n4cncn4;13;15;c1cc(ccc1C2=Cc3ccc(cc3CC2=O)O)n4cncn4;smiles;d35bd187-691b-4760-8437-5c812515453d / 3c427e79-9b4a-4d26-9b97-7644be33b734;;O=C1Cc2cc(O)ccc2C=C1c1ccc(-n2cncn2)cc1;O=C1Cc2cc(O)ccc2C=C1c1ccc(-n2cncn2)cc1;0,004;False;0,6875;0,03762236;;23;15;C;C5x;0,317289;0
mol_13;16;0,001756659;0;0;c1cc(ccc1C2=Cc3ccc(cc3CC2=O)O)n4cncn4;13;16;c1cc(ccc1C2=Cc3ccc(cc3CC2=O)O)n4cncn4;smiles;d35bd187-691b-4760-8437-5c812515453d / 3c427e79-9b4a-4d26-9b97-7644be33b734;;O=C1Cc2cc(O)ccc2C=C1c1ccc(-n2cncn2)cc1;O=C1Cc2cc(O)ccc2C=C1c1ccc(-n2cncn2)cc1;0,092;False;0,717948718;0,443110558;;23;16;O;O5x;0,167305;0
mol_13;17;0,990327013;5;1;c1cc(ccc1C2=Cc3ccc(cc3CC2=O)O)n4cncn4;13;17;c1cc(ccc1C2=Cc3ccc(cc3CC2=O)O)n4cncn4;smiles;d35bd187-691b-4760-8437-5c812515453d / 3c427e79-9b4a-4d26-9b97-7644be33b734;;O=C1Cc2cc(O)ccc2C=C1c1ccc(-n2cncn2)cc1;O=C1Cc2cc(O)ccc2C=C1c1ccc(-n2cncn2)cc1;0,016;False;0,817460317;0,118350011;;23;17;O;O1a;0,293005;1
mol_13;18;0,022387832;0;0;c1cc(ccc1C2=Cc3ccc(cc3CC2=O)O)n4cncn4;13;18;c1cc(ccc1C2=Cc3ccc(cc3CC2=O)O)n4cncn4;smiles;d35bd187-691b-4760-8437-5c812515453d / 3c427e79-9b4a-4d26-9b97-7644be33b734;;O=C1Cc2cc(O)ccc2C=C1c1ccc(-n2cncn2)cc1;O=C1Cc2cc(O)ccc2C=C1c1ccc(-n2cncn2)cc1;0,212;False;0,753496503;0,745288315;;23;18;N;N4y;0,464612;0
mol_13;19;0,103330683;0;0;c1cc(ccc1C2=Cc3ccc(cc3CC2=O)O)n4cncn4;13;19;c1cc(ccc1C2=Cc3ccc(cc3CC2=O)O)n4cncn4;smiles;d35bd187-691b-4760-8437-5c812515453d / 3c427e79-9b4a-4d26-9b97-7644be33b734;;O=C1Cc2cc(O)ccc2C=C1c1ccc(-n2cncn2)cc1;O=C1Cc2cc(O)ccc2C=C1c1ccc(-n2cncn2)cc1;0,06;False;0,818181818;0,327444919;;23;19;C;C8x;0,160268;0
mol_13;20;0,154103017;0;0;c1cc(ccc1C2=Cc3ccc(cc3CC2=O)O)n4cncn4;13;20;c1cc(ccc1C2=Cc3ccc(cc3CC2=O)O)n4cncn4;smiles;d35bd187-691b-4760-8437-5c812515453d / 3c427e79-9b4a-4d26-9b97-7644be33b734;;O=C1Cc2cc(O)ccc2C=C1c1ccc(-n2cncn2)cc1;O=C1Cc2cc(O)ccc2C=C1c1ccc(-n2cncn2)cc1;0,124;False;1;0,540750478;;23;20;N;N5x;0,090581;0
mol_13;21;0,154495564;0;0;c1cc(ccc1C2=Cc3ccc(cc3CC2=O)O)n4cncn4;13;21;c1cc(ccc1C2=Cc3ccc(cc3CC2=O)O)n4cncn4;smiles;d35bd187-691b-4760-8437-5c812515453d / 3c427e79-9b4a-4d26-9b97-7644be33b734;;O=C1Cc2cc(O)ccc2C=C1c1ccc(-n2cncn2)cc1;O=C1Cc2cc(O)ccc2C=C1c1ccc(-n2cncn2)cc1;0;False;0,710457516;0;;23;21;C;C8x;0,081488;0
mol_13;22;0,063322727;0;0;c1cc(ccc1C2=Cc3ccc(cc3CC2=O)O)n4cncn4;13;22;c1cc(ccc1C2=Cc3ccc(cc3CC2=O)O)n4cncn4;smiles;d35bd187-691b-4760-8437-5c812515453d / 3c427e79-9b4a-4d26-9b97-7644be33b734;;O=C1Cc2cc(O)ccc2C=C1c1ccc(-n2cncn2)cc1;O=C1Cc2cc(O)ccc2C=C1c1ccc(-n2cncn2)cc1;0;False;0,671717172;0;;23;22;N;N5x;0,36705;0
mol_14;0;0,384072804;1;0;c1c(cc(c(c1O)O)O)c2c(c(=O)c3c(cc(cc3o2)O)O)O;14;0;c1c(cc(c(c1O)O)O)c2c(c(=O)c3c(cc(cc3o2)O)O)O;smiles;d35bd187-691b-4760-8437-5c812515453d / 3c427e79-9b4a-4d26-9b97-7644be33b734;;O=c1c(O)c(-c2cc(O)c(O)c(O)c2)oc2cc(O)cc(O)c12;O=c1c(O)c(-c2cc(O)c(O)c(O)c2)oc2cc(O)cc(O)c12;0;False;0,979166667;0;;24;0;C;C8x;0,08919;0
mol_14;1;0,168133542;0;0;c1c(cc(c(c1O)O)O)c2c(c(=O)c3c(cc(cc3o2)O)O)O;14;1;c1c(cc(c(c1O)O)O)c2c(c(=O)c3c(cc(cc3o2)O)O)O;smiles;d35bd187-691b-4760-8437-5c812515453d / 3c427e79-9b4a-4d26-9b97-7644be33b734;;O=c1c(O)c(-c2cc(O)c(O)c(O)c2)oc2cc(O)cc(O)c12;O=c1c(O)c(-c2cc(O)c(O)c(O)c2)oc2cc(O)cc(O)c12;0,004;False;0,965789474;0,03762236;;24;1;C;C8y;0,097924;0
mol_14;2;0,384072804;1;0;c1c(cc(c(c1O)O)O)c2c(c(=O)c3c(cc(cc3o2)O)O)O;14;2;c1c(cc(c(c1O)O)O)c2c(c(=O)c3c(cc(cc3o2)O)O)O;smiles;d35bd187-691b-4760-8437-5c812515453d / 3c427e79-9b4a-4d26-9b97-7644be33b734;;O=c1c(O)c(-c2cc(O)c(O)c(O)c2)oc2cc(O)cc(O)c12;O=c1c(O)c(-c2cc(O)c(O)c(O)c2)oc2cc(O)cc(O)c12;0,004;False;0,936507937;0,03762236;;24;2;C;C8x;0,072587;0
mol_14;3;0,626726931;4;1;c1c(cc(c(c1O)O)O)c2c(c(=O)c3c(cc(cc3o2)O)O)O;14;3;c1c(cc(c(c1O)O)O)c2c(c(=O)c3c(cc(cc3o2)O)O)O;smiles;d35bd187-691b-4760-8437-5c812515453d / 3c427e79-9b4a-4d26-9b97-7644be33b734;;O=c1c(O)c(-c2cc(O)c(O)c(O)c2)oc2cc(O)cc(O)c12;O=c1c(O)c(-c2cc(O)c(O)c(O)c2)oc2cc(O)cc(O)c12;0,592;True;0,961873638;0,975438353;;24;3;C;C8y;0,138294;0
mol_14;4;0,489536583;2;0;c1c(cc(c(c1O)O)O)c2c(c(=O)c3c(cc(cc3o2)O)O)O;14;4;c1c(cc(c(c1O)O)O)c2c(c(=O)c3c(cc(cc3o2)O)O)O;smiles;d35bd187-691b-4760-8437-5c812515453d / 3c427e79-9b4a-4d26-9b97-7644be33b734;;O=c1c(O)c(-c2cc(O)c(O)c(O)c2)oc2cc(O)cc(O)c12;O=c1c(O)c(-c2cc(O)c(O)c(O)c2)oc2cc(O)cc(O)c12;0,004;False;0,927536232;0,03762236;;24;4;C;C8y;0,054167;0
mol_14;5;0,626726931;4;1;c1c(cc(c(c1O)O)O)c2c(c(=O)c3c(cc(cc3o2)O)O)O;14;5;c1c(cc(c(c1O)O)O)c2c(c(=O)c3c(cc(cc3o2)O)O)O;smiles;d35bd187-691b-4760-8437-5c812515453d / 3c427e79-9b4a-4d26-9b97-7644be33b734;;O=c1c(O)c(-c2cc(O)c(O)c(O)c2)oc2cc(O)cc(O)c12;O=c1c(O)c(-c2cc(O)c(O)c(O)c2)oc2cc(O)cc(O)c12;0;False;0,933333333;0;;24;5;C;C8y;0,185951;0
mol_14;6;0,970200741;5;1;c1c(cc(c(c1O)O)O)c2c(c(=O)c3c(cc(cc3o2)O)O)O;14;6;c1c(cc(c(c1O)O)O)c2c(c(=O)c3c(cc(cc3o2)O)O)O;smiles;d35bd187-691b-4760-8437-5c812515453d / 3c427e79-9b4a-4d26-9b97-7644be33b734;;O=c1c(O)c(-c2cc(O)c(O)c(O)c2)oc2cc(O)cc(O)c12;O=c1c(O)c(-c2cc(O)c(O)c(O)c2)oc2cc(O)cc(O)c12;0,004;False;0,944444444;0,03762236;;24;6;O;O1a;0,474771;1
mol_14;7;0,948992038;5;1;c1c(cc(c(c1O)O)O)c2c(c(=O)c3c(cc(cc3o2)O)O)O;14;7;c1c(cc(c(c1O)O)O)c2c(c(=O)c3c(cc(cc3o2)O)O)O;smiles;d35bd187-691b-4760-8437-5c812515453d / 3c427e79-9b4a-4d26-9b97-7644be33b734;;O=c1c(O)c(-c2cc(O)c(O)c(O)c2)oc2cc(O)cc(O)c12;O=c1c(O)c(-c2cc(O)c(O)c(O)c2)oc2cc(O)cc(O)c12;0,008;False;0,933333333;0,067221545;;24;7;O;O1a;0,124905;1
mol_14;8;0,970200741;5;1;c1c(cc(c(c1O)O)O)c2c(c(=O)c3c(cc(cc3o2)O)O)O;14;8;c1c(cc(c(c1O)O)O)c2c(c(=O)c3c(cc(cc3o2)O)O)O;smiles;d35bd187-691b-4760-8437-5c812515453d / 3c427e79-9b4a-4d26-9b97-7644be33b734;;O=c1c(O)c(-c2cc(O)c(O)c(O)c2)oc2cc(O)cc(O)c12;O=c1c(O)c(-c2cc(O)c(O)c(O)c2)oc2cc(O)cc(O)c12;0,756;True;0,916666667;0,801629102;;24;8;O;O1a;0,434967;0
mol_14;9;0,251877616;1;0;c1c(cc(c(c1O)O)O)c2c(c(=O)c3c(cc(cc3o2)O)O)O;14;9;c1c(cc(c(c1O)O)O)c2c(c(=O)c3c(cc(cc3o2)O)O)O;smiles;d35bd187-691b-4760-8437-5c812515453d / 3c427e79-9b4a-4d26-9b97-7644be33b734;;O=c1c(O)c(-c2cc(O)c(O)c(O)c2)oc2cc(O)cc(O)c12;O=c1c(O)c(-c2cc(O)c(O)c(O)c2)oc2cc(O)cc(O)c12;0,06;False;0,916666667;0,327444919;;24;9;C;C8y;0,248116;0
mol_14;10;0,241738971;1;0;c1c(cc(c(c1O)O)O)c2c(c(=O)c3c(cc(cc3o2)O)O)O;14;10;c1c(cc(c(c1O)O)O)c2c(c(=O)c3c(cc(cc3o2)O)O)O;smiles;d35bd187-691b-4760-8437-5c812515453d / 3c427e79-9b4a-4d26-9b97-7644be33b734;;O=c1c(O)c(-c2cc(O)c(O)c(O)c2)oc2cc(O)cc(O)c12;O=c1c(O)c(-c2cc(O)c(O)c(O)c2)oc2cc(O)cc(O)c12;0,796;True;0,903030303;0,729856317;;24;10;C;C8y;0,237705;0
mol_14;11;0,191395374;1;0;c1c(cc(c(c1O)O)O)c2c(c(=O)c3c(cc(cc3o2)O)O)O;14;11;c1c(cc(c(c1O)O)O)c2c(c(=O)c3c(cc(cc3o2)O)O)O;smiles;d35bd187-691b-4760-8437-5c812515453d / 3c427e79-9b4a-4d26-9b97-7644be33b734;;O=c1c(O)c(-c2cc(O)c(O)c(O)c2)oc2cc(O)cc(O)c12;O=c1c(O)c(-c2cc(O)c(O)c(O)c2)oc2cc(O)cc(O)c12;0,008;False;0,933333333;0,067221545;;24;11;C;C8y;0,196067;0
mol_14;12;0,215078809;1;0;c1c(cc(c(c1O)O)O)c2c(c(=O)c3c(cc(cc3o2)O)O)O;14;12;c1c(cc(c(c1O)O)O)c2c(c(=O)c3c(cc(cc3o2)O)O)O;smiles;d35bd187-691b-4760-8437-5c812515453d / 3c427e79-9b4a-4d26-9b97-7644be33b734;;O=c1c(O)c(-c2cc(O)c(O)c(O)c2)oc2cc(O)cc(O)c12;O=c1c(O)c(-c2cc(O)c(O)c(O)c2)oc2cc(O)cc(O)c12;0,756;True;0,916666667;0,801629102;;24;12;O;O5x;0,092381;0
mol_14;13;0,095972268;0;0;c1c(cc(c(c1O)O)O)c2c(c(=O)c3c(cc(cc3o2)O)O)O;14;13;c1c(cc(c(c1O)O)O)c2c(c(=O)c3c(cc(cc3o2)O)O)O;smiles;d35bd187-691b-4760-8437-5c812515453d / 3c427e79-9b4a-4d26-9b97-7644be33b734;;O=c1c(O)c(-c2cc(O)c(O)c(O)c2)oc2cc(O)cc(O)c12;O=c1c(O)c(-c2cc(O)c(O)c(O)c2)oc2cc(O)cc(O)c12;0,004;False;0,944444444;0,03762236;;24;13;C;C8y;0,054576;0
mol_14;14;0,175023991;0;0;c1c(cc(c(c1O)O)O)c2c(c(=O)c3c(cc(cc3o2)O)O)O;14;14;c1c(cc(c(c1O)O)O)c2c(c(=O)c3c(cc(cc3o2)O)O)O;smiles;d35bd187-691b-4760-8437-5c812515453d / 3c427e79-9b4a-4d26-9b97-7644be33b734;;O=c1c(O)c(-c2cc(O)c(O)c(O)c2)oc2cc(O)cc(O)c12;O=c1c(O)c(-c2cc(O)c(O)c(O)c2)oc2cc(O)cc(O)c12;0,004;False;0,939393939;0,03762236;;24;14;C;C8y;0,034727;0
mol_14;15;0,336372277;0;0;c1c(cc(c(c1O)O)O)c2c(c(=O)c3c(cc(cc3o2)O)O)O;14;15;c1c(cc(c(c1O)O)O)c2c(c(=O)c3c(cc(cc3o2)O)O)O;smiles;d35bd187-691b-4760-8437-5c812515453d / 3c427e79-9b4a-4d26-9b97-7644be33b734;;O=c1c(O)c(-c2cc(O)c(O)c(O)c2)oc2cc(O)cc(O)c12;O=c1c(O)c(-c2cc(O)c(O)c(O)c2)oc2cc(O)cc(O)c12;0;False;0,966666667;0;;24;15;C;C8x;0,059271;0
mol_14;16;0,11972364;0;0;c1c(cc(c(c1O)O)O)c2c(c(=O)c3c(cc(cc3o2)O)O)O;14;16;c1c(cc(c(c1O)O)O)c2c(c(=O)c3c(cc(cc3o2)O)O)O;smiles;d35bd187-691b-4760-8437-5c812515453d / 3c427e79-9b4a-4d26-9b97-7644be33b734;;O=c1c(O)c(-c2cc(O)c(O)c(O)c2)oc2cc(O)cc(O)c12;O=c1c(O)c(-c2cc(O)c(O)c(O)c2)oc2cc(O)cc(O)c12;0;False;0,980392157;0;;24;16;C;C8y;0,032239;0
mol_14;17;0,319679087;0;0;c1c(cc(c(c1O)O)O)c2c(c(=O)c3c(cc(cc3o2)O)O)O;14;17;c1c(cc(c(c1O)O)O)c2c(c(=O)c3c(cc(cc3o2)O)O)O;smiles;d35bd187-691b-4760-8437-5c812515453d / 3c427e79-9b4a-4d26-9b97-7644be33b734;;O=c1c(O)c(-c2cc(O)c(O)c(O)c2)oc2cc(O)cc(O)c12;O=c1c(O)c(-c2cc(O)c(O)c(O)c2)oc2cc(O)cc(O)c12;0;False;1;0;;24;17;C;C8x;0,080992;0
mol_14;18;0,194311626;0;0;c1c(cc(c(c1O)O)O)c2c(c(=O)c3c(cc(cc3o2)O)O)O;14;18;c1c(cc(c(c1O)O)O)c2c(c(=O)c3c(cc(cc3o2)O)O)O;smiles;d35bd187-691b-4760-8437-5c812515453d / 3c427e79-9b4a-4d26-9b97-7644be33b734;;O=c1c(O)c(-c2cc(O)c(O)c(O)c2)oc2cc(O)cc(O)c12;O=c1c(O)c(-c2cc(O)c(O)c(O)c2)oc2cc(O)cc(O)c12;0,928;True;1;0,373343321;;24;18;C;C8y;0,060683;0
mol_14;19;0,168243384;0;0;c1c(cc(c(c1O)O)O)c2c(c(=O)c3c(cc(cc3o2)O)O)O;14;19;c1c(cc(c(c1O)O)O)c2c(c(=O)c3c(cc(cc3o2)O)O)O;smiles;d35bd187-691b-4760-8437-5c812515453d / 3c427e79-9b4a-4d26-9b97-7644be33b734;;O=c1c(O)c(-c2cc(O)c(O)c(O)c2)oc2cc(O)cc(O)c12;O=c1c(O)c(-c2cc(O)c(O)c(O)c2)oc2cc(O)cc(O)c12;0;False;0,976190476;0;;24;19;O;O2x;0,079246;0
mol_14;20;0,987399876;5;1;c1c(cc(c(c1O)O)O)c2c(c(=O)c3c(cc(cc3o2)O)O)O;14;20;c1c(cc(c(c1O)O)O)c2c(c(=O)c3c(cc(cc3o2)O)O)O;smiles;d35bd187-691b-4760-8437-5c812515453d / 3c427e79-9b4a-4d26-9b97-7644be33b734;;O=c1c(O)c(-c2cc(O)c(O)c(O)c2)oc2cc(O)cc(O)c12;O=c1c(O)c(-c2cc(O)c(O)c(O)c2)oc2cc(O)cc(O)c12;0;False;0,977777778;0;;24;20;O;O1a;0,133449;0
mol_14;21;0,949968851;5;1;c1c(cc(c(c1O)O)O)c2c(c(=O)c3c(cc(cc3o2)O)O)O;14;21;c1c(cc(c(c1O)O)O)c2c(c(=O)c3c(cc(cc3o2)O)O)O;smiles;d35bd187-691b-4760-8437-5c812515453d / 3c427e79-9b4a-4d26-9b97-7644be33b734;;O=c1c(O)c(-c2cc(O)c(O)c(O)c2)oc2cc(O)cc(O)c12;O=c1c(O)c(-c2cc(O)c(O)c(O)c2)oc2cc(O)cc(O)c12;0,08;False;0,977777778;0,40217919;;24;21;O;O1a;0,02727;0
mol_14;22;0,91904968;5;1;c1c(cc(c(c1O)O)O)c2c(c(=O)c3c(cc(cc3o2)O)O)O;14;22;c1c(cc(c(c1O)O)O)c2c(c(=O)c3c(cc(cc3o2)O)O)O;smiles;d35bd187-691b-4760-8437-5c812515453d / 3c427e79-9b4a-4d26-9b97-7644be33b734;;O=c1c(O)c(-c2cc(O)c(O)c(O)c2)oc2cc(O)cc(O)c12;O=c1c(O)c(-c2cc(O)c(O)c(O)c2)oc2cc(O)cc(O)c12;0;False;0,981481481;0;;24;22;O;O1a;0,4875;0
mol_15;0;0,080764914;0;0;c1ccc(cc1)c2cc(=O)c3c(c(c(c(c3o2)CN4CCC(CC4)O)O)O)O;15;0;c1ccc(cc1)c2cc(=O)c3c(c(c(c(c3o2)CN4CCC(CC4)O)O)O)O;smiles;d35bd187-691b-4760-8437-5c812515453d / 3c427e79-9b4a-4d26-9b97-7644be33b734;;O=c1cc(-c2ccccc2)oc2c(CN3CCC(O)CC3)c(O)c(O)c(O)c12;O=c1cc(-c2ccccc2)oc2c(CN3CCC(O)CC3)c(O)c(O)c(O)c12;0;False;0,906088751;0;;25;0;C;C8x;0,006061;0
mol_15;1;0,064196157;0;0;c1ccc(cc1)c2cc(=O)c3c(c(c(c(c3o2)CN4CCC(CC4)O)O)O)O;15;1;c1ccc(cc1)c2cc(=O)c3c(c(c(c(c3o2)CN4CCC(CC4)O)O)O)O;smiles;d35bd187-691b-4760-8437-5c812515453d / 3c427e79-9b4a-4d26-9b97-7644be33b734;;O=c1cc(-c2ccccc2)oc2c(CN3CCC(O)CC3)c(O)c(O)c(O)c12;O=c1cc(-c2ccccc2)oc2c(CN3CCC(O)CC3)c(O)c(O)c(O)c12;0,008;False;0,859307359;0,067221545;;25;1;C;C8x;0,010626;0
mol_15;2;0,044721404;0;0;c1ccc(cc1)c2cc(=O)c3c(c(c(c(c3o2)CN4CCC(CC4)O)O)O)O;15;2;c1ccc(cc1)c2cc(=O)c3c(c(c(c(c3o2)CN4CCC(CC4)O)O)O)O;smiles;d35bd187-691b-4760-8437-5c812515453d / 3c427e79-9b4a-4d26-9b97-7644be33b734;;O=c1cc(-c2ccccc2)oc2c(CN3CCC(O)CC3)c(O)c(O)c(O)c12;O=c1cc(-c2ccccc2)oc2c(CN3CCC(O)CC3)c(O)c(O)c(O)c12;0,008;False;0,91984127;0,067221545;;25;2;C;C8x;0,003445;0
mol_15;3;0,01038167;0;0;c1ccc(cc1)c2cc(=O)c3c(c(c(c(c3o2)CN4CCC(CC4)O)O)O)O;15;3;c1ccc(cc1)c2cc(=O)c3c(c(c(c(c3o2)CN4CCC(CC4)O)O)O)O;smiles;d35bd187-691b-4760-8437-5c812515453d / 3c427e79-9b4a-4d26-9b97-7644be33b734;;O=c1cc(-c2ccccc2)oc2c(CN3CCC(O)CC3)c(O)c(O)c(O)c12;O=c1cc(-c2ccccc2)oc2c(CN3CCC(O)CC3)c(O)c(O)c(O)c12;0,004;False;0,859307359;0,03762236;;25;3;C;C8y;0,000744;0
mol_15;4;0,044721404;0;0;c1ccc(cc1)c2cc(=O)c3c(c(c(c(c3o2)CN4CCC(CC4)O)O)O)O;15;4;c1ccc(cc1)c2cc(=O)c3c(c(c(c(c3o2)CN4CCC(CC4)O)O)O)O;smiles;d35bd187-691b-4760-8437-5c812515453d / 3c427e79-9b4a-4d26-9b97-7644be33b734;;O=c1cc(-c2ccccc2)oc2c(CN3CCC(O)CC3)c(O)c(O)c(O)c12;O=c1cc(-c2ccccc2)oc2c(CN3CCC(O)CC3)c(O)c(O)c(O)c12;0;False;0,942265795;0;;25;4;C;C8x;0,002343;0
mol_15;5;0,064196157;0;0;c1ccc(cc1)c2cc(=O)c3c(c(c(c(c3o2)CN4CCC(CC4)O)O)O)O;15;5;c1ccc(cc1)c2cc(=O)c3c(c(c(c(c3o2)CN4CCC(CC4)O)O)O)O;smiles;d35bd187-691b-4760-8437-5c812515453d / 3c427e79-9b4a-4d26-9b97-7644be33b734;;O=c1cc(-c2ccccc2)oc2c(CN3CCC(O)CC3)c(O)c(O)c(O)c12;O=c1cc(-c2ccccc2)oc2c(CN3CCC(O)CC3)c(O)c(O)c(O)c12;0;False;1;0;;25;5;C;C8x;0,003058;0
mol_15;6;0,12420262;0;0;c1ccc(cc1)c2cc(=O)c3c(c(c(c(c3o2)CN4CCC(CC4)O)O)O)O;15;6;c1ccc(cc1)c2cc(=O)c3c(c(c(c(c3o2)CN4CCC(CC4)O)O)O)O;smiles;d35bd187-691b-4760-8437-5c812515453d / 3c427e79-9b4a-4d26-9b97-7644be33b734;;O=c1cc(-c2ccccc2)oc2c(CN3CCC(O)CC3)c(O)c(O)c(O)c12;O=c1cc(-c2ccccc2)oc2c(CN3CCC(O)CC3)c(O)c(O)c(O)c12;0,004;False;1;0,03762236;;25;6;C;C8y;0,025454;0
mol_15;7;0,154704229;0;0;c1ccc(cc1)c2cc(=O)c3c(c(c(c(c3o2)CN4CCC(CC4)O)O)O)O;15;7;c1ccc(cc1)c2cc(=O)c3c(c(c(c(c3o2)CN4CCC(CC4)O)O)O)O;smiles;d35bd187-691b-4760-8437-5c812515453d / 3c427e79-9b4a-4d26-9b97-7644be33b734;;O=c1cc(-c2ccccc2)oc2c(CN3CCC(O)CC3)c(O)c(O)c(O)c12;O=c1cc(-c2ccccc2)oc2c(CN3CCC(O)CC3)c(O)c(O)c(O)c12;0;False;1;0;;25;7;C;C8x;0,046177;0
mol_15;8;0,185980141;0;0;c1ccc(cc1)c2cc(=O)c3c(c(c(c(c3o2)CN4CCC(CC4)O)O)O)O;15;8;c1ccc(cc1)c2cc(=O)c3c(c(c(c(c3o2)CN4CCC(CC4)O)O)O)O;smiles;d35bd187-691b-4760-8437-5c812515453d / 3c427e79-9b4a-4d26-9b97-7644be33b734;;O=c1cc(-c2ccccc2)oc2c(CN3CCC(O)CC3)c(O)c(O)c(O)c12;O=c1cc(-c2ccccc2)oc2c(CN3CCC(O)CC3)c(O)c(O)c(O)c12;0,004;False;1;0,03762236;;25;8;C;C8y;0,063481;0
mol_15;9;0,340859593;1;0;c1ccc(cc1)c2cc(=O)c3c(c(c(c(c3o2)CN4CCC(CC4)O)O)O)O;15;9;c1ccc(cc1)c2cc(=O)c3c(c(c(c(c3o2)CN4CCC(CC4)O)O)O)O;smiles;d35bd187-691b-4760-8437-5c812515453d / 3c427e79-9b4a-4d26-9b97-7644be33b734;;O=c1cc(-c2ccccc2)oc2c(CN3CCC(O)CC3)c(O)c(O)c(O)c12;O=c1cc(-c2ccccc2)oc2c(CN3CCC(O)CC3)c(O)c(O)c(O)c12;0;False;1;0;;25;9;O;O5x;0,074341;0
mol_15;10;0,303349821;2;0;c1ccc(cc1)c2cc(=O)c3c(c(c(c(c3o2)CN4CCC(CC4)O)O)O)O;15;10;c1ccc(cc1)c2cc(=O)c3c(c(c(c(c3o2)CN4CCC(CC4)O)O)O)O;smiles;d35bd187-691b-4760-8437-5c812515453d / 3c427e79-9b4a-4d26-9b97-7644be33b734;;O=c1cc(-c2ccccc2)oc2c(CN3CCC(O)CC3)c(O)c(O)c(O)c12;O=c1cc(-c2ccccc2)oc2c(CN3CCC(O)CC3)c(O)c(O)c(O)c12;0,004;False;0,811111111;0,03762236;;25;10;C;C8y;0,047024;0
mol_15;11;0,665645134;4;1;c1ccc(cc1)c2cc(=O)c3c(c(c(c(c3o2)CN4CCC(CC4)O)O)O)O;15;11;c1ccc(cc1)c2cc(=O)c3c(c(c(c(c3o2)CN4CCC(CC4)O)O)O)O;smiles;d35bd187-691b-4760-8437-5c812515453d / 3c427e79-9b4a-4d26-9b97-7644be33b734;;O=c1cc(-c2ccccc2)oc2c(CN3CCC(O)CC3)c(O)c(O)c(O)c12;O=c1cc(-c2ccccc2)oc2c(CN3CCC(O)CC3)c(O)c(O)c(O)c12;0;False;0,853333333;0;;25;11;C;C8y;0,190937;0
mol_15;12;0,529717278;3;1;c1ccc(cc1)c2cc(=O)c3c(c(c(c(c3o2)CN4CCC(CC4)O)O)O)O;15;12;c1ccc(cc1)c2cc(=O)c3c(c(c(c(c3o2)CN4CCC(CC4)O)O)O)O;smiles;d35bd187-691b-4760-8437-5c812515453d / 3c427e79-9b4a-4d26-9b97-7644be33b734;;O=c1cc(-c2ccccc2)oc2c(CN3CCC(O)CC3)c(O)c(O)c(O)c12;O=c1cc(-c2ccccc2)oc2c(CN3CCC(O)CC3)c(O)c(O)c(O)c12;0;False;0,716880342;0;;25;12;C;C8y;0,231374;0
mol_15;13;0,678641737;5;1;c1ccc(cc1)c2cc(=O)c3c(c(c(c(c3o2)CN4CCC(CC4)O)O)O)O;15;13;c1ccc(cc1)c2cc(=O)c3c(c(c(c(c3o2)CN4CCC(CC4)O)O)O)O;smiles;d35bd187-691b-4760-8437-5c812515453d / 3c427e79-9b4a-4d26-9b97-7644be33b734;;O=c1cc(-c2ccccc2)oc2c(CN3CCC(O)CC3)c(O)c(O)c(O)c12;O=c1cc(-c2ccccc2)oc2c(CN3CCC(O)CC3)c(O)c(O)c(O)c12;0,008;False;0,55030303;0,067221545;;25;13;C;C8y;0,204821;0
mol_15;14;0,148814052;0;0;c1ccc(cc1)c2cc(=O)c3c(c(c(c(c3o2)CN4CCC(CC4)O)O)O)O;15;14;c1ccc(cc1)c2cc(=O)c3c(c(c(c(c3o2)CN4CCC(CC4)O)O)O)O;smiles;d35bd187-691b-4760-8437-5c812515453d / 3c427e79-9b4a-4d26-9b97-7644be33b734;;O=c1cc(-c2ccccc2)oc2c(CN3CCC(O)CC3)c(O)c(O)c(O)c12;O=c1cc(-c2ccccc2)oc2c(CN3CCC(O)CC3)c(O)c(O)c(O)c12;0,04;False;0,636363636;0,242292189;;25;14;C;C8y;0,088096;0
mol_15;15;0,051932452;0;0;c1ccc(cc1)c2cc(=O)c3c(c(c(c(c3o2)CN4CCC(CC4)O)O)O)O;15;15;c1ccc(cc1)c2cc(=O)c3c(c(c(c(c3o2)CN4CCC(CC4)O)O)O)O;smiles;d35bd187-691b-4760-8437-5c812515453d / 3c427e79-9b4a-4d26-9b97-7644be33b734;;O=c1cc(-c2ccccc2)oc2c(CN3CCC(O)CC3)c(O)c(O)c(O)c12;O=c1cc(-c2ccccc2)oc2c(CN3CCC(O)CC3)c(O)c(O)c(O)c12;0,004;False;0,731481481;0,03762236;;25;15;C;C8y;0,052057;0
mol_15;16;0,008426836;0;0;c1ccc(cc1)c2cc(=O)c3c(c(c(c(c3o2)CN4CCC(CC4)O)O)O)O;15;16;c1ccc(cc1)c2cc(=O)c3c(c(c(c(c3o2)CN4CCC(CC4)O)O)O)O;smiles;d35bd187-691b-4760-8437-5c812515453d / 3c427e79-9b4a-4d26-9b97-7644be33b734;;O=c1cc(-c2ccccc2)oc2c(CN3CCC(O)CC3)c(O)c(O)c(O)c12;O=c1cc(-c2ccccc2)oc2c(CN3CCC(O)CC3)c(O)c(O)c(O)c12;0,004;False;0,727272727;0,03762236;;25;16;O;O2x;0,04013;0
mol_15;17;0,016018;0;0;c1ccc(cc1)c2cc(=O)c3c(c(c(c(c3o2)CN4CCC(CC4)O)O)O)O;15;17;c1ccc(cc1)c2cc(=O)c3c(c(c(c(c3o2)CN4CCC(CC4)O)O)O)O;smiles;d35bd187-691b-4760-8437-5c812515453d / 3c427e79-9b4a-4d26-9b97-7644be33b734;;O=c1cc(-c2ccccc2)oc2c(CN3CCC(O)CC3)c(O)c(O)c(O)c12;O=c1cc(-c2ccccc2)oc2c(CN3CCC(O)CC3)c(O)c(O)c(O)c12;0,04;False;0,733333333;0,242292189;;25;17;C;C1b;0,133384;0
mol_15;18;0,080449187;0;0;c1ccc(cc1)c2cc(=O)c3c(c(c(c(c3o2)CN4CCC(CC4)O)O)O)O;15;18;c1ccc(cc1)c2cc(=O)c3c(c(c(c(c3o2)CN4CCC(CC4)O)O)O)O;smiles;d35bd187-691b-4760-8437-5c812515453d / 3c427e79-9b4a-4d26-9b97-7644be33b734;;O=c1cc(-c2ccccc2)oc2c(CN3CCC(O)CC3)c(O)c(O)c(O)c12;O=c1cc(-c2ccccc2)oc2c(CN3CCC(O)CC3)c(O)c(O)c(O)c12;0,72;True;0,659259259;0,855450811;;25;18;N;N1y;0,209786;0
mol_15;19;0,867631435;5;1;c1ccc(cc1)c2cc(=O)c3c(c(c(c(c3o2)CN4CCC(CC4)O)O)O)O;15;19;c1ccc(cc1)c2cc(=O)c3c(c(c(c(c3o2)CN4CCC(CC4)O)O)O)O;smiles;d35bd187-691b-4760-8437-5c812515453d / 3c427e79-9b4a-4d26-9b97-7644be33b734;;O=c1cc(-c2ccccc2)oc2c(CN3CCC(O)CC3)c(O)c(O)c(O)c12;O=c1cc(-c2ccccc2)oc2c(CN3CCC(O)CC3)c(O)c(O)c(O)c12;0,004;False;0,727272727;0,03762236;;25;19;C;C1x;0,02774;0
mol_15;20;0,85842737;5;1;c1ccc(cc1)c2cc(=O)c3c(c(c(c(c3o2)CN4CCC(CC4)O)O)O)O;15;20;c1ccc(cc1)c2cc(=O)c3c(c(c(c(c3o2)CN4CCC(CC4)O)O)O)O;smiles;d35bd187-691b-4760-8437-5c812515453d / 3c427e79-9b4a-4d26-9b97-7644be33b734;;O=c1cc(-c2ccccc2)oc2c(CN3CCC(O)CC3)c(O)c(O)c(O)c12;O=c1cc(-c2ccccc2)oc2c(CN3CCC(O)CC3)c(O)c(O)c(O)c12;0,004;False;0,731481481;0,03762236;;25;20;C;C1x;0,015438;0
mol_15;21;0,979674315;5;1;c1ccc(cc1)c2cc(=O)c3c(c(c(c(c3o2)CN4CCC(CC4)O)O)O)O;15;21;c1ccc(cc1)c2cc(=O)c3c(c(c(c(c3o2)CN4CCC(CC4)O)O)O)O;smiles;d35bd187-691b-4760-8437-5c812515453d / 3c427e79-9b4a-4d26-9b97-7644be33b734;;O=c1cc(-c2ccccc2)oc2c(CN3CCC(O)CC3)c(O)c(O)c(O)c12;O=c1cc(-c2ccccc2)oc2c(CN3CCC(O)CC3)c(O)c(O)c(O)c12;0,012;False;0,719336219;0,09377791;;25;21;C;C1y;0,132695;0
mol_15;22;0,85842737;5;1;c1ccc(cc1)c2cc(=O)c3c(c(c(c(c3o2)CN4CCC(CC4)O)O)O)O;15;22;c1ccc(cc1)c2cc(=O)c3c(c(c(c(c3o2)CN4CCC(CC4)O)O)O)O;smiles;d35bd187-691b-4760-8437-5c812515453d / 3c427e79-9b4a-4d26-9b97-7644be33b734;;O=c1cc(-c2ccccc2)oc2c(CN3CCC(O)CC3)c(O)c(O)c(O)c12;O=c1cc(-c2ccccc2)oc2c(CN3CCC(O)CC3)c(O)c(O)c(O)c12;0,476;True;0,720588235;0,998337377;;25;22;C;C1x;0,020459;0
mol_15;23;0,867631435;5;1;c1ccc(cc1)c2cc(=O)c3c(c(c(c(c3o2)CN4CCC(CC4)O)O)O)O;15;23;c1ccc(cc1)c2cc(=O)c3c(c(c(c(c3o2)CN4CCC(CC4)O)O)O)O;smiles;d35bd187-691b-4760-8437-5c812515453d / 3c427e79-9b4a-4d26-9b97-7644be33b734;;O=c1cc(-c2ccccc2)oc2c(CN3CCC(O)CC3)c(O)c(O)c(O)c12;O=c1cc(-c2ccccc2)oc2c(CN3CCC(O)CC3)c(O)c(O)c(O)c12;0,004;False;0,736354776;0,03762236;;25;23;C;C1x;0,023864;0
mol_15;24;0,972830236;5;1;c1ccc(cc1)c2cc(=O)c3c(c(c(c(c3o2)CN4CCC(CC4)O)O)O)O;15;24;c1ccc(cc1)c2cc(=O)c3c(c(c(c(c3o2)CN4CCC(CC4)O)O)O)O;smiles;d35bd187-691b-4760-8437-5c812515453d / 3c427e79-9b4a-4d26-9b97-7644be33b734;;O=c1cc(-c2ccccc2)oc2c(CN3CCC(O)CC3)c(O)c(O)c(O)c12;O=c1cc(-c2ccccc2)oc2c(CN3CCC(O)CC3)c(O)c(O)c(O)c12;0,58;True;0,796568627;0,981453895;;25;24;O;O1a;0,39478;0
mol_15;25;0,947613573;5;1;c1ccc(cc1)c2cc(=O)c3c(c(c(c(c3o2)CN4CCC(CC4)O)O)O)O;15;25;c1ccc(cc1)c2cc(=O)c3c(c(c(c(c3o2)CN4CCC(CC4)O)O)O)O;smiles;d35bd187-691b-4760-8437-5c812515453d / 3c427e79-9b4a-4d26-9b97-7644be33b734;;O=c1cc(-c2ccccc2)oc2c(CN3CCC(O)CC3)c(O)c(O)c(O)c12;O=c1cc(-c2ccccc2)oc2c(CN3CCC(O)CC3)c(O)c(O)c(O)c12;0,008;False;0,826797386;0,067221545;;25;25;O;O1a;0,28231;0
mol_15;26;0,947532856;5;1;c1ccc(cc1)c2cc(=O)c3c(c(c(c(c3o2)CN4CCC(CC4)O)O)O)O;15;26;c1ccc(cc1)c2cc(=O)c3c(c(c(c(c3o2)CN4CCC(CC4)O)O)O)O;smiles;d35bd187-691b-4760-8437-5c812515453d / 3c427e79-9b4a-4d26-9b97-7644be33b734;;O=c1cc(-c2ccccc2)oc2c(CN3CCC(O)CC3)c(O)c(O)c(O)c12;O=c1cc(-c2ccccc2)oc2c(CN3CCC(O)CC3)c(O)c(O)c(O)c12;0,308;True;0,875;0,890851297;;25;26;O;O1a;0,415514;1
mol_15;27;0,933479249;5;1;c1ccc(cc1)c2cc(=O)c3c(c(c(c(c3o2)CN4CCC(CC4)O)O)O)O;15;27;c1ccc(cc1)c2cc(=O)c3c(c(c(c(c3o2)CN4CCC(CC4)O)O)O)O;smiles;d35bd187-691b-4760-8437-5c812515453d / 3c427e79-9b4a-4d26-9b97-7644be33b734;;O=c1cc(-c2ccccc2)oc2c(CN3CCC(O)CC3)c(O)c(O)c(O)c12;O=c1cc(-c2ccccc2)oc2c(CN3CCC(O)CC3)c(O)c(O)c(O)c12;0;False;0,803571429;0;;25;27;O;O1a;0,416383;0
mol_16;0;0,087986742;0;0;Cc1nnc(o1)C(=O)NC(C)(C)c2nc(c(c(=O)n2C)O)C(=O)NCc3ccc(cc3)F;16;0;Cc1nnc(o1)C(=O)NC(C)(C)c2nc(c(c(=O)n2C)O)C(=O)NCc3ccc(cc3)F;smiles;d35bd187-691b-4760-8437-5c812515453d / 3c427e79-9b4a-4d26-9b97-7644be33b734;;Cc1nnc(C(=O)NC(C)(C)c2nc(C(=O)NCc3ccc(F)cc3)c(O)c(=O)n2C)o1;Cc1nnc(C(=O)NC(C)(C)c2nc(C(=O)NCc3ccc(F)cc3)c(O)c(=O)n2C)o1;0;False;0,681818182;0;;28;0;C;C1a;0,031289;0
mol_16;1;0,032547162;0;0;Cc1nnc(o1)C(=O)NC(C)(C)c2nc(c(c(=O)n2C)O)C(=O)NCc3ccc(cc3)F;16;1;Cc1nnc(o1)C(=O)NC(C)(C)c2nc(c(c(=O)n2C)O)C(=O)NCc3ccc(cc3)F;smiles;d35bd187-691b-4760-8437-5c812515453d / 3c427e79-9b4a-4d26-9b97-7644be33b734;;Cc1nnc(C(=O)NC(C)(C)c2nc(C(=O)NCc3ccc(F)cc3)c(O)c(=O)n2C)o1;Cc1nnc(C(=O)NC(C)(C)c2nc(C(=O)NCc3ccc(F)cc3)c(O)c(=O)n2C)o1;0,02;False;0,692307692;0,141440543;;28;1;C;C8y;0,034105;0
mol_16;2;0,03218687;0;0;Cc1nnc(o1)C(=O)NC(C)(C)c2nc(c(c(=O)n2C)O)C(=O)NCc3ccc(cc3)F;16;2;Cc1nnc(o1)C(=O)NC(C)(C)c2nc(c(c(=O)n2C)O)C(=O)NCc3ccc(cc3)F;smiles;d35bd187-691b-4760-8437-5c812515453d / 3c427e79-9b4a-4d26-9b97-7644be33b734;;Cc1nnc(C(=O)NC(C)(C)c2nc(C(=O)NCc3ccc(F)cc3)c(O)c(=O)n2C)o1;Cc1nnc(C(=O)NC(C)(C)c2nc(C(=O)NCc3ccc(F)cc3)c(O)c(=O)n2C)o1;0,024;False;0,692307692;0,163345543;;28;2;N;N5x;0,096803;0
mol_16;3;0,019409276;0;0;Cc1nnc(o1)C(=O)NC(C)(C)c2nc(c(c(=O)n2C)O)C(=O)NCc3ccc(cc3)F;16;3;Cc1nnc(o1)C(=O)NC(C)(C)c2nc(c(c(=O)n2C)O)C(=O)NCc3ccc(cc3)F;smiles;d35bd187-691b-4760-8437-5c812515453d / 3c427e79-9b4a-4d26-9b97-7644be33b734;;Cc1nnc(C(=O)NC(C)(C)c2nc(C(=O)NCc3ccc(F)cc3)c(O)c(=O)n2C)o1;Cc1nnc(C(=O)NC(C)(C)c2nc(C(=O)NCc3ccc(F)cc3)c(O)c(=O)n2C)o1;0,004;False;0,708333333;0,03762236;;28;3;N;N5x;0,087381;0
mol_16;4;0,006999723;0;0;Cc1nnc(o1)C(=O)NC(C)(C)c2nc(c(c(=O)n2C)O)C(=O)NCc3ccc(cc3)F;16;4;Cc1nnc(o1)C(=O)NC(C)(C)c2nc(c(c(=O)n2C)O)C(=O)NCc3ccc(cc3)F;smiles;d35bd187-691b-4760-8437-5c812515453d / 3c427e79-9b4a-4d26-9b97-7644be33b734;;Cc1nnc(C(=O)NC(C)(C)c2nc(C(=O)NCc3ccc(F)cc3)c(O)c(=O)n2C)o1;Cc1nnc(C(=O)NC(C)(C)c2nc(C(=O)NCc3ccc(F)cc3)c(O)c(=O)n2C)o1;0,016;False;0,703703704;0,118350011;;28;4;C;C8y;0,030291;0
mol_16;5;0,010867646;0;0;Cc1nnc(o1)C(=O)NC(C)(C)c2nc(c(c(=O)n2C)O)C(=O)NCc3ccc(cc3)F;16;5;Cc1nnc(o1)C(=O)NC(C)(C)c2nc(c(c(=O)n2C)O)C(=O)NCc3ccc(cc3)F;smiles;d35bd187-691b-4760-8437-5c812515453d / 3c427e79-9b4a-4d26-9b97-7644be33b734;;Cc1nnc(C(=O)NC(C)(C)c2nc(C(=O)NCc3ccc(F)cc3)c(O)c(=O)n2C)o1;Cc1nnc(C(=O)NC(C)(C)c2nc(C(=O)NCc3ccc(F)cc3)c(O)c(=O)n2C)o1;0,02;False;0,646666667;0,141440543;;28;5;O;O2x;0,029059;0
mol_16;6;0,002018965;0;0;Cc1nnc(o1)C(=O)NC(C)(C)c2nc(c(c(=O)n2C)O)C(=O)NCc3ccc(cc3)F;16;6;Cc1nnc(o1)C(=O)NC(C)(C)c2nc(c(c(=O)n2C)O)C(=O)NCc3ccc(cc3)F;smiles;d35bd187-691b-4760-8437-5c812515453d / 3c427e79-9b4a-4d26-9b97-7644be33b734;;Cc1nnc(C(=O)NC(C)(C)c2nc(C(=O)NCc3ccc(F)cc3)c(O)c(=O)n2C)o1;Cc1nnc(C(=O)NC(C)(C)c2nc(C(=O)NCc3ccc(F)cc3)c(O)c(=O)n2C)o1;0,004;False;0,675438596;0,03762236;;28;6;C;C5a;0,376432;0
mol_16;7;0,001130015;0;0;Cc1nnc(o1)C(=O)NC(C)(C)c2nc(c(c(=O)n2C)O)C(=O)NCc3ccc(cc3)F;16;7;Cc1nnc(o1)C(=O)NC(C)(C)c2nc(c(c(=O)n2C)O)C(=O)NCc3ccc(cc3)F;smiles;d35bd187-691b-4760-8437-5c812515453d / 3c427e79-9b4a-4d26-9b97-7644be33b734;;Cc1nnc(C(=O)NC(C)(C)c2nc(C(=O)NCc3ccc(F)cc3)c(O)c(=O)n2C)o1;Cc1nnc(C(=O)NC(C)(C)c2nc(C(=O)NCc3ccc(F)cc3)c(O)c(=O)n2C)o1;0,004;False;0,678709677;0,03762236;;28;7;O;O5a;0,055637;0
mol_16;8;0,085325938;0;0;Cc1nnc(o1)C(=O)NC(C)(C)c2nc(c(c(=O)n2C)O)C(=O)NCc3ccc(cc3)F;16;8;Cc1nnc(o1)C(=O)NC(C)(C)c2nc(c(c(=O)n2C)O)C(=O)NCc3ccc(cc3)F;smiles;d35bd187-691b-4760-8437-5c812515453d / 3c427e79-9b4a-4d26-9b97-7644be33b734;;Cc1nnc(C(=O)NC(C)(C)c2nc(C(=O)NCc3ccc(F)cc3)c(O)c(=O)n2C)o1;Cc1nnc(C(=O)NC(C)(C)c2nc(C(=O)NCc3ccc(F)cc3)c(O)c(=O)n2C)o1;0,008;False;0,666666667;0,067221545;;28;8;N;N1b;0,496148;0
mol_16;9;0,001837605;0;0;Cc1nnc(o1)C(=O)NC(C)(C)c2nc(c(c(=O)n2C)O)C(=O)NCc3ccc(cc3)F;16;9;Cc1nnc(o1)C(=O)NC(C)(C)c2nc(c(c(=O)n2C)O)C(=O)NCc3ccc(cc3)F;smiles;d35bd187-691b-4760-8437-5c812515453d / 3c427e79-9b4a-4d26-9b97-7644be33b734;;Cc1nnc(C(=O)NC(C)(C)c2nc(C(=O)NCc3ccc(F)cc3)c(O)c(=O)n2C)o1;Cc1nnc(C(=O)NC(C)(C)c2nc(C(=O)NCc3ccc(F)cc3)c(O)c(=O)n2C)o1;0;False;0,85;0;;28;9;C;C1d;0,09051;0
mol_16;10;0,004850166;0;0;Cc1nnc(o1)C(=O)NC(C)(C)c2nc(c(c(=O)n2C)O)C(=O)NCc3ccc(cc3)F;16;10;Cc1nnc(o1)C(=O)NC(C)(C)c2nc(c(c(=O)n2C)O)C(=O)NCc3ccc(cc3)F;smiles;d35bd187-691b-4760-8437-5c812515453d / 3c427e79-9b4a-4d26-9b97-7644be33b734;;Cc1nnc(C(=O)NC(C)(C)c2nc(C(=O)NCc3ccc(F)cc3)c(O)c(=O)n2C)o1;Cc1nnc(C(=O)NC(C)(C)c2nc(C(=O)NCc3ccc(F)cc3)c(O)c(=O)n2C)o1;0;False;0,85;0;;28;10;C;C1a;0,038337;0
mol_16;11;0,004850166;0;0;Cc1nnc(o1)C(=O)NC(C)(C)c2nc(c(c(=O)n2C)O)C(=O)NCc3ccc(cc3)F;16;11;Cc1nnc(o1)C(=O)NC(C)(C)c2nc(c(c(=O)n2C)O)C(=O)NCc3ccc(cc3)F;smiles;d35bd187-691b-4760-8437-5c812515453d / 3c427e79-9b4a-4d26-9b97-7644be33b734;;Cc1nnc(C(=O)NC(C)(C)c2nc(C(=O)NCc3ccc(F)cc3)c(O)c(=O)n2C)o1;Cc1nnc(C(=O)NC(C)(C)c2nc(C(=O)NCc3ccc(F)cc3)c(O)c(=O)n2C)o1;0,008;False;0,663419913;0,067221545;;28;11;C;C1a;0,035788;0
mol_16;12;0,004534942;0;0;Cc1nnc(o1)C(=O)NC(C)(C)c2nc(c(c(=O)n2C)O)C(=O)NCc3ccc(cc3)F;16;12;Cc1nnc(o1)C(=O)NC(C)(C)c2nc(c(c(=O)n2C)O)C(=O)NCc3ccc(cc3)F;smiles;d35bd187-691b-4760-8437-5c812515453d / 3c427e79-9b4a-4d26-9b97-7644be33b734;;Cc1nnc(C(=O)NC(C)(C)c2nc(C(=O)NCc3ccc(F)cc3)c(O)c(=O)n2C)o1;Cc1nnc(C(=O)NC(C)(C)c2nc(C(=O)NCc3ccc(F)cc3)c(O)c(=O)n2C)o1;0,016;False;0,72317189;0,118350011;;28;12;C;C8y;0,010658;0
mol_16;13;0,041704476;0;0;Cc1nnc(o1)C(=O)NC(C)(C)c2nc(c(c(=O)n2C)O)C(=O)NCc3ccc(cc3)F;16;13;Cc1nnc(o1)C(=O)NC(C)(C)c2nc(c(c(=O)n2C)O)C(=O)NCc3ccc(cc3)F;smiles;d35bd187-691b-4760-8437-5c812515453d / 3c427e79-9b4a-4d26-9b97-7644be33b734;;Cc1nnc(C(=O)NC(C)(C)c2nc(C(=O)NCc3ccc(F)cc3)c(O)c(=O)n2C)o1;Cc1nnc(C(=O)NC(C)(C)c2nc(C(=O)NCc3ccc(F)cc3)c(O)c(=O)n2C)o1;0,016;False;0,743589744;0,118350011;;28;13;N;N5x;0,060465;0
mol_16;14;0,155965521;0;0;Cc1nnc(o1)C(=O)NC(C)(C)c2nc(c(c(=O)n2C)O)C(=O)NCc3ccc(cc3)F;16;14;Cc1nnc(o1)C(=O)NC(C)(C)c2nc(c(c(=O)n2C)O)C(=O)NCc3ccc(cc3)F;smiles;d35bd187-691b-4760-8437-5c812515453d / 3c427e79-9b4a-4d26-9b97-7644be33b734;;Cc1nnc(C(=O)NC(C)(C)c2nc(C(=O)NCc3ccc(F)cc3)c(O)c(=O)n2C)o1;Cc1nnc(C(=O)NC(C)(C)c2nc(C(=O)NCc3ccc(F)cc3)c(O)c(=O)n2C)o1;0,008;False;0,801587302;0,067221545;;28;14;C;C8y;0,057805;0
mol_16;15;0,334241202;1;0;Cc1nnc(o1)C(=O)NC(C)(C)c2nc(c(c(=O)n2C)O)C(=O)NCc3ccc(cc3)F;16;15;Cc1nnc(o1)C(=O)NC(C)(C)c2nc(c(c(=O)n2C)O)C(=O)NCc3ccc(cc3)F;smiles;d35bd187-691b-4760-8437-5c812515453d / 3c427e79-9b4a-4d26-9b97-7644be33b734;;Cc1nnc(C(=O)NC(C)(C)c2nc(C(=O)NCc3ccc(F)cc3)c(O)c(=O)n2C)o1;Cc1nnc(C(=O)NC(C)(C)c2nc(C(=O)NCc3ccc(F)cc3)c(O)c(=O)n2C)o1;0,004;False;0,859649123;0,03762236;;28;15;C;C8y;0,053268;0
mol_16;16;0,243718822;1;0;Cc1nnc(o1)C(=O)NC(C)(C)c2nc(c(c(=O)n2C)O)C(=O)NCc3ccc(cc3)F;16;16;Cc1nnc(o1)C(=O)NC(C)(C)c2nc(c(c(=O)n2C)O)C(=O)NCc3ccc(cc3)F;smiles;d35bd187-691b-4760-8437-5c812515453d / 3c427e79-9b4a-4d26-9b97-7644be33b734;;Cc1nnc(C(=O)NC(C)(C)c2nc(C(=O)NCc3ccc(F)cc3)c(O)c(=O)n2C)o1;Cc1nnc(C(=O)NC(C)(C)c2nc(C(=O)NCc3ccc(F)cc3)c(O)c(=O)n2C)o1;0,008;False;0,866666667;0,067221545;;28;16;C;C8y;0,035994;0
mol_16;17;0,198744769;0;0;Cc1nnc(o1)C(=O)NC(C)(C)c2nc(c(c(=O)n2C)O)C(=O)NCc3ccc(cc3)F;16;17;Cc1nnc(o1)C(=O)NC(C)(C)c2nc(c(c(=O)n2C)O)C(=O)NCc3ccc(cc3)F;smiles;d35bd187-691b-4760-8437-5c812515453d / 3c427e79-9b4a-4d26-9b97-7644be33b734;;Cc1nnc(C(=O)NC(C)(C)c2nc(C(=O)NCc3ccc(F)cc3)c(O)c(=O)n2C)o1;Cc1nnc(C(=O)NC(C)(C)c2nc(C(=O)NCc3ccc(F)cc3)c(O)c(=O)n2C)o1;0;False;0,894736842;0;;28;17;O;O5x;0,036912;0
mol_16;18;0,038116156;0;0;Cc1nnc(o1)C(=O)NC(C)(C)c2nc(c(c(=O)n2C)O)C(=O)NCc3ccc(cc3)F;16;18;Cc1nnc(o1)C(=O)NC(C)(C)c2nc(c(c(=O)n2C)O)C(=O)NCc3ccc(cc3)F;smiles;d35bd187-691b-4760-8437-5c812515453d / 3c427e79-9b4a-4d26-9b97-7644be33b734;;Cc1nnc(C(=O)NC(C)(C)c2nc(C(=O)NCc3ccc(F)cc3)c(O)c(=O)n2C)o1;Cc1nnc(C(=O)NC(C)(C)c2nc(C(=O)NCc3ccc(F)cc3)c(O)c(=O)n2C)o1;0;False;0,9375;0;;28;18;N;N4y;0,133658;0
mol_16;19;0,029330751;0;0;Cc1nnc(o1)C(=O)NC(C)(C)c2nc(c(c(=O)n2C)O)C(=O)NCc3ccc(cc3)F;16;19;Cc1nnc(o1)C(=O)NC(C)(C)c2nc(c(c(=O)n2C)O)C(=O)NCc3ccc(cc3)F;smiles;d35bd187-691b-4760-8437-5c812515453d / 3c427e79-9b4a-4d26-9b97-7644be33b734;;Cc1nnc(C(=O)NC(C)(C)c2nc(C(=O)NCc3ccc(F)cc3)c(O)c(=O)n2C)o1;Cc1nnc(C(=O)NC(C)(C)c2nc(C(=O)NCc3ccc(F)cc3)c(O)c(=O)n2C)o1;0;False;1;0;;28;19;C;C1a;0,115203;0
mol_16;20;0,941872907;5;1;Cc1nnc(o1)C(=O)NC(C)(C)c2nc(c(c(=O)n2C)O)C(=O)NCc3ccc(cc3)F;16;20;Cc1nnc(o1)C(=O)NC(C)(C)c2nc(c(c(=O)n2C)O)C(=O)NCc3ccc(cc3)F;smiles;d35bd187-691b-4760-8437-5c812515453d / 3c427e79-9b4a-4d26-9b97-7644be33b734;;Cc1nnc(C(=O)NC(C)(C)c2nc(C(=O)NCc3ccc(F)cc3)c(O)c(=O)n2C)o1;Cc1nnc(C(=O)NC(C)(C)c2nc(C(=O)NCc3ccc(F)cc3)c(O)c(=O)n2C)o1;0;False;1;0;;28;20;O;O1a;0,252756;1
mol_16;21;0,011285898;0;0;Cc1nnc(o1)C(=O)NC(C)(C)c2nc(c(c(=O)n2C)O)C(=O)NCc3ccc(cc3)F;16;21;Cc1nnc(o1)C(=O)NC(C)(C)c2nc(c(c(=O)n2C)O)C(=O)NCc3ccc(cc3)F;smiles;d35bd187-691b-4760-8437-5c812515453d / 3c427e79-9b4a-4d26-9b97-7644be33b734;;Cc1nnc(C(=O)NC(C)(C)c2nc(C(=O)NCc3ccc(F)cc3)c(O)c(=O)n2C)o1;Cc1nnc(C(=O)NC(C)(C)c2nc(C(=O)NCc3ccc(F)cc3)c(O)c(=O)n2C)o1;0;False;1;0;;28;21;C;C5a;0,375318;0
mol_16;22;0,001415436;0;0;Cc1nnc(o1)C(=O)NC(C)(C)c2nc(c(c(=O)n2C)O)C(=O)NCc3ccc(cc3)F;16;22;Cc1nnc(o1)C(=O)NC(C)(C)c2nc(c(c(=O)n2C)O)C(=O)NCc3ccc(cc3)F;smiles;d35bd187-691b-4760-8437-5c812515453d / 3c427e79-9b4a-4d26-9b97-7644be33b734;;Cc1nnc(C(=O)NC(C)(C)c2nc(C(=O)NCc3ccc(F)cc3)c(O)c(=O)n2C)o1;Cc1nnc(C(=O)NC(C)(C)c2nc(C(=O)NCc3ccc(F)cc3)c(O)c(=O)n2C)o1;0;False;1;0;;28;22;O;O5a;0,041266;0
mol_16;23;0,115864301;0;0;Cc1nnc(o1)C(=O)NC(C)(C)c2nc(c(c(=O)n2C)O)C(=O)NCc3ccc(cc3)F;16;23;Cc1nnc(o1)C(=O)NC(C)(C)c2nc(c(c(=O)n2C)O)C(=O)NCc3ccc(cc3)F;smiles;d35bd187-691b-4760-8437-5c812515453d / 3c427e79-9b4a-4d26-9b97-7644be33b734;;Cc1nnc(C(=O)NC(C)(C)c2nc(C(=O)NCc3ccc(F)cc3)c(O)c(=O)n2C)o1;Cc1nnc(C(=O)NC(C)(C)c2nc(C(=O)NCc3ccc(F)cc3)c(O)c(=O)n2C)o1;0;False;1;0;;28;23;N;N1b;0,275679;0
mol_16;24;0,001966665;0;0;Cc1nnc(o1)C(=O)NC(C)(C)c2nc(c(c(=O)n2C)O)C(=O)NCc3ccc(cc3)F;16;24;Cc1nnc(o1)C(=O)NC(C)(C)c2nc(c(c(=O)n2C)O)C(=O)NCc3ccc(cc3)F;smiles;d35bd187-691b-4760-8437-5c812515453d / 3c427e79-9b4a-4d26-9b97-7644be33b734;;Cc1nnc(C(=O)NC(C)(C)c2nc(C(=O)NCc3ccc(F)cc3)c(O)c(=O)n2C)o1;Cc1nnc(C(=O)NC(C)(C)c2nc(C(=O)NCc3ccc(F)cc3)c(O)c(=O)n2C)o1;0;False;1;0;;28;24;C;C1b;0,024765;0
mol_16;25;0,002979184;0;0;Cc1nnc(o1)C(=O)NC(C)(C)c2nc(c(c(=O)n2C)O)C(=O)NCc3ccc(cc3)F;16;25;Cc1nnc(o1)C(=O)NC(C)(C)c2nc(c(c(=O)n2C)O)C(=O)NCc3ccc(cc3)F;smiles;d35bd187-691b-4760-8437-5c812515453d / 3c427e79-9b4a-4d26-9b97-7644be33b734;;Cc1nnc(C(=O)NC(C)(C)c2nc(C(=O)NCc3ccc(F)cc3)c(O)c(=O)n2C)o1;Cc1nnc(C(=O)NC(C)(C)c2nc(C(=O)NCc3ccc(F)cc3)c(O)c(=O)n2C)o1;0,016;False;0,788405797;0,118350011;;28;25;C;C8y;0,000835;0
mol_16;26;0,002642338;0;0;Cc1nnc(o1)C(=O)NC(C)(C)c2nc(c(c(=O)n2C)O)C(=O)NCc3ccc(cc3)F;16;26;Cc1nnc(o1)C(=O)NC(C)(C)c2nc(c(c(=O)n2C)O)C(=O)NCc3ccc(cc3)F;smiles;d35bd187-691b-4760-8437-5c812515453d / 3c427e79-9b4a-4d26-9b97-7644be33b734;;Cc1nnc(C(=O)NC(C)(C)c2nc(C(=O)NCc3ccc(F)cc3)c(O)c(=O)n2C)o1;Cc1nnc(C(=O)NC(C)(C)c2nc(C(=O)NCc3ccc(F)cc3)c(O)c(=O)n2C)o1;0,884;True;0,877192982;0,517752627;;28;26;C;C8x;0,004865;0
mol_16;27;0,005116361;0;0;Cc1nnc(o1)C(=O)NC(C)(C)c2nc(c(c(=O)n2C)O)C(=O)NCc3ccc(cc3)F;16;27;Cc1nnc(o1)C(=O)NC(C)(C)c2nc(c(c(=O)n2C)O)C(=O)NCc3ccc(cc3)F;smiles;d35bd187-691b-4760-8437-5c812515453d / 3c427e79-9b4a-4d26-9b97-7644be33b734;;Cc1nnc(C(=O)NC(C)(C)c2nc(C(=O)NCc3ccc(F)cc3)c(O)c(=O)n2C)o1;Cc1nnc(C(=O)NC(C)(C)c2nc(C(=O)NCc3ccc(F)cc3)c(O)c(=O)n2C)o1;0,012;False;0,726163234;0,09377791;;28;27;C;C8x;0,001333;0
mol_16;28;0,005081005;0;0;Cc1nnc(o1)C(=O)NC(C)(C)c2nc(c(c(=O)n2C)O)C(=O)NCc3ccc(cc3)F;16;28;Cc1nnc(o1)C(=O)NC(C)(C)c2nc(c(c(=O)n2C)O)C(=O)NCc3ccc(cc3)F;smiles;d35bd187-691b-4760-8437-5c812515453d / 3c427e79-9b4a-4d26-9b97-7644be33b734;;Cc1nnc(C(=O)NC(C)(C)c2nc(C(=O)NCc3ccc(F)cc3)c(O)c(=O)n2C)o1;Cc1nnc(C(=O)NC(C)(C)c2nc(C(=O)NCc3ccc(F)cc3)c(O)c(=O)n2C)o1;0,008;False;0,785575049;0,067221545;;28;28;C;C8y;0,002062;0
mol_16;29;0,005116361;0;0;Cc1nnc(o1)C(=O)NC(C)(C)c2nc(c(c(=O)n2C)O)C(=O)NCc3ccc(cc3)F;16;29;Cc1nnc(o1)C(=O)NC(C)(C)c2nc(c(c(=O)n2C)O)C(=O)NCc3ccc(cc3)F;smiles;d35bd187-691b-4760-8437-5c812515453d / 3c427e79-9b4a-4d26-9b97-7644be33b734;;Cc1nnc(C(=O)NC(C)(C)c2nc(C(=O)NCc3ccc(F)cc3)c(O)c(=O)n2C)o1;Cc1nnc(C(=O)NC(C)(C)c2nc(C(=O)NCc3ccc(F)cc3)c(O)c(=O)n2C)o1;0,008;False;0,67942029;0,067221545;;28;29;C;C8x;0,001319;0
mol_16;30;0,002642338;0;0;Cc1nnc(o1)C(=O)NC(C)(C)c2nc(c(c(=O)n2C)O)C(=O)NCc3ccc(cc3)F;16;30;Cc1nnc(o1)C(=O)NC(C)(C)c2nc(c(c(=O)n2C)O)C(=O)NCc3ccc(cc3)F;smiles;d35bd187-691b-4760-8437-5c812515453d / 3c427e79-9b4a-4d26-9b97-7644be33b734;;Cc1nnc(C(=O)NC(C)(C)c2nc(C(=O)NCc3ccc(F)cc3)c(O)c(=O)n2C)o1;Cc1nnc(C(=O)NC(C)(C)c2nc(C(=O)NCc3ccc(F)cc3)c(O)c(=O)n2C)o1;0,012;False;0,7;0,09377791;;28;30;C;C8x;0,002744;0
mol_16;31;0,001406631;0;0;Cc1nnc(o1)C(=O)NC(C)(C)c2nc(c(c(=O)n2C)O)C(=O)NCc3ccc(cc3)F;16;31;Cc1nnc(o1)C(=O)NC(C)(C)c2nc(c(c(=O)n2C)O)C(=O)NCc3ccc(cc3)F;smiles;d35bd187-691b-4760-8437-5c812515453d / 3c427e79-9b4a-4d26-9b97-7644be33b734;;Cc1nnc(C(=O)NC(C)(C)c2nc(C(=O)NCc3ccc(F)cc3)c(O)c(=O)n2C)o1;Cc1nnc(C(=O)NC(C)(C)c2nc(C(=O)NCc3ccc(F)cc3)c(O)c(=O)n2C)o1;0,028;False;0,708333333;0,184260593;;28;31;F;X;0,025714;0
mol_17;0;0,002694164;0;0;CC(=O)c1cnc2ccc(nc2c1NC3CCC(CC3)CN(C)C)c4cc(c(c(c4)Cl)O)Cl;17;0;CC(=O)c1cnc2ccc(nc2c1NC3CCC(CC3)CN(C)C)c4cc(c(c(c4)Cl)O)Cl;smiles;d35bd187-691b-4760-8437-5c812515453d / 3c427e79-9b4a-4d26-9b97-7644be33b734;;CC(=O)c1cnc2ccc(-c3cc(Cl)c(O)c(Cl)c3)nc2c1NC1CCC(CN(C)C)CC1;CC(=O)c1cnc2ccc(-c3cc(Cl)c(O)c(Cl)c3)nc2c1NC1CCC(CN(C)C)CC1;0,032;False;0,600732601;0,204324671;;29;0;C;C1a;0,07873;0
mol_17;1;0,001789638;0;0;CC(=O)c1cnc2ccc(nc2c1NC3CCC(CC3)CN(C)C)c4cc(c(c(c4)Cl)O)Cl;17;1;CC(=O)c1cnc2ccc(nc2c1NC3CCC(CC3)CN(C)C)c4cc(c(c(c4)Cl)O)Cl;smiles;d35bd187-691b-4760-8437-5c812515453d / 3c427e79-9b4a-4d26-9b97-7644be33b734;;CC(=O)c1cnc2ccc(-c3cc(Cl)c(O)c(Cl)c3)nc2c1NC1CCC(CN(C)C)CC1;CC(=O)c1cnc2ccc(-c3cc(Cl)c(O)c(Cl)c3)nc2c1NC1CCC(CN(C)C)CC1;0,02;False;0,608695652;0,141440543;;29;1;C;C5a;0,406133;0
mol_17;2;0,001264506;0;0;CC(=O)c1cnc2ccc(nc2c1NC3CCC(CC3)CN(C)C)c4cc(c(c(c4)Cl)O)Cl;17;2;CC(=O)c1cnc2ccc(nc2c1NC3CCC(CC3)CN(C)C)c4cc(c(c(c4)Cl)O)Cl;smiles;d35bd187-691b-4760-8437-5c812515453d / 3c427e79-9b4a-4d26-9b97-7644be33b734;;CC(=O)c1cnc2ccc(-c3cc(Cl)c(O)c(Cl)c3)nc2c1NC1CCC(CN(C)C)CC1;CC(=O)c1cnc2ccc(-c3cc(Cl)c(O)c(Cl)c3)nc2c1NC1CCC(CN(C)C)CC1;0,012;False;0,613960114;0,09377791;;29;2;O;O5a;0,117167;0
mol_17;3;0,001970902;0;0;CC(=O)c1cnc2ccc(nc2c1NC3CCC(CC3)CN(C)C)c4cc(c(c(c4)Cl)O)Cl;17;3;CC(=O)c1cnc2ccc(nc2c1NC3CCC(CC3)CN(C)C)c4cc(c(c(c4)Cl)O)Cl;smiles;d35bd187-691b-4760-8437-5c812515453d / 3c427e79-9b4a-4d26-9b97-7644be33b734;;CC(=O)c1cnc2ccc(-c3cc(Cl)c(O)c(Cl)c3)nc2c1NC1CCC(CN(C)C)CC1;CC(=O)c1cnc2ccc(-c3cc(Cl)c(O)c(Cl)c3)nc2c1NC1CCC(CN(C)C)CC1;0;False;0,65294686;0;;29;3;C;C8y;0,026203;0
mol_17;4;0,007092682;0;0;CC(=O)c1cnc2ccc(nc2c1NC3CCC(CC3)CN(C)C)c4cc(c(c(c4)Cl)O)Cl;17;4;CC(=O)c1cnc2ccc(nc2c1NC3CCC(CC3)CN(C)C)c4cc(c(c(c4)Cl)O)Cl;smiles;d35bd187-691b-4760-8437-5c812515453d / 3c427e79-9b4a-4d26-9b97-7644be33b734;;CC(=O)c1cnc2ccc(-c3cc(Cl)c(O)c(Cl)c3)nc2c1NC1CCC(CN(C)C)CC1;CC(=O)c1cnc2ccc(-c3cc(Cl)c(O)c(Cl)c3)nc2c1NC1CCC(CN(C)C)CC1;0,004;False;0,684210526;0,03762236;;29;4;C;C8x;0,033435;0
mol_17;5;0,040197003;0;0;CC(=O)c1cnc2ccc(nc2c1NC3CCC(CC3)CN(C)C)c4cc(c(c(c4)Cl)O)Cl;17;5;CC(=O)c1cnc2ccc(nc2c1NC3CCC(CC3)CN(C)C)c4cc(c(c(c4)Cl)O)Cl;smiles;d35bd187-691b-4760-8437-5c812515453d / 3c427e79-9b4a-4d26-9b97-7644be33b734;;CC(=O)c1cnc2ccc(-c3cc(Cl)c(O)c(Cl)c3)nc2c1NC1CCC(CN(C)C)CC1;CC(=O)c1cnc2ccc(-c3cc(Cl)c(O)c(Cl)c3)nc2c1NC1CCC(CN(C)C)CC1;0,052;False;0,71539961;0,294832819;;29;5;N;N5x;0,088873;0
mol_17;6;0,046877437;0;0;CC(=O)c1cnc2ccc(nc2c1NC3CCC(CC3)CN(C)C)c4cc(c(c(c4)Cl)O)Cl;17;6;CC(=O)c1cnc2ccc(nc2c1NC3CCC(CC3)CN(C)C)c4cc(c(c(c4)Cl)O)Cl;smiles;d35bd187-691b-4760-8437-5c812515453d / 3c427e79-9b4a-4d26-9b97-7644be33b734;;CC(=O)c1cnc2ccc(-c3cc(Cl)c(O)c(Cl)c3)nc2c1NC1CCC(CN(C)C)CC1;CC(=O)c1cnc2ccc(-c3cc(Cl)c(O)c(Cl)c3)nc2c1NC1CCC(CN(C)C)CC1;0,02;False;0,708513709;0,141440543;;29;6;C;C8y;0,005695;0
mol_17;7;0,106856245;0;0;CC(=O)c1cnc2ccc(nc2c1NC3CCC(CC3)CN(C)C)c4cc(c(c(c4)Cl)O)Cl;17;7;CC(=O)c1cnc2ccc(nc2c1NC3CCC(CC3)CN(C)C)c4cc(c(c(c4)Cl)O)Cl;smiles;d35bd187-691b-4760-8437-5c812515453d / 3c427e79-9b4a-4d26-9b97-7644be33b734;;CC(=O)c1cnc2ccc(-c3cc(Cl)c(O)c(Cl)c3)nc2c1NC1CCC(CN(C)C)CC1;CC(=O)c1cnc2ccc(-c3cc(Cl)c(O)c(Cl)c3)nc2c1NC1CCC(CN(C)C)CC1;0,012;False;0,759090909;0,09377791;;29;7;C;C8x;0,038022;0
mol_17;8;0,104679699;0;0;CC(=O)c1cnc2ccc(nc2c1NC3CCC(CC3)CN(C)C)c4cc(c(c(c4)Cl)O)Cl;17;8;CC(=O)c1cnc2ccc(nc2c1NC3CCC(CC3)CN(C)C)c4cc(c(c(c4)Cl)O)Cl;smiles;d35bd187-691b-4760-8437-5c812515453d / 3c427e79-9b4a-4d26-9b97-7644be33b734;;CC(=O)c1cnc2ccc(-c3cc(Cl)c(O)c(Cl)c3)nc2c1NC1CCC(CN(C)C)CC1;CC(=O)c1cnc2ccc(-c3cc(Cl)c(O)c(Cl)c3)nc2c1NC1CCC(CN(C)C)CC1;0,02;False;0,67251462;0,141440543;;29;8;C;C8x;0,026924;0
mol_17;9;0,032011482;0;0;CC(=O)c1cnc2ccc(nc2c1NC3CCC(CC3)CN(C)C)c4cc(c(c(c4)Cl)O)Cl;17;9;CC(=O)c1cnc2ccc(nc2c1NC3CCC(CC3)CN(C)C)c4cc(c(c(c4)Cl)O)Cl;smiles;d35bd187-691b-4760-8437-5c812515453d / 3c427e79-9b4a-4d26-9b97-7644be33b734;;CC(=O)c1cnc2ccc(-c3cc(Cl)c(O)c(Cl)c3)nc2c1NC1CCC(CN(C)C)CC1;CC(=O)c1cnc2ccc(-c3cc(Cl)c(O)c(Cl)c3)nc2c1NC1CCC(CN(C)C)CC1;0,016;False;0,676932367;0,118350011;;29;9;C;C8y;0,033465;0
mol_17;10;0,021416962;0;0;CC(=O)c1cnc2ccc(nc2c1NC3CCC(CC3)CN(C)C)c4cc(c(c(c4)Cl)O)Cl;17;10;CC(=O)c1cnc2ccc(nc2c1NC3CCC(CC3)CN(C)C)c4cc(c(c(c4)Cl)O)Cl;smiles;d35bd187-691b-4760-8437-5c812515453d / 3c427e79-9b4a-4d26-9b97-7644be33b734;;CC(=O)c1cnc2ccc(-c3cc(Cl)c(O)c(Cl)c3)nc2c1NC1CCC(CN(C)C)CC1;CC(=O)c1cnc2ccc(-c3cc(Cl)c(O)c(Cl)c3)nc2c1NC1CCC(CN(C)C)CC1;0,008;False;0,770634921;0,067221545;;29;10;N;N5x;0,172552;0
mol_17;11;0,024281501;0;0;CC(=O)c1cnc2ccc(nc2c1NC3CCC(CC3)CN(C)C)c4cc(c(c(c4)Cl)O)Cl;17;11;CC(=O)c1cnc2ccc(nc2c1NC3CCC(CC3)CN(C)C)c4cc(c(c(c4)Cl)O)Cl;smiles;d35bd187-691b-4760-8437-5c812515453d / 3c427e79-9b4a-4d26-9b97-7644be33b734;;CC(=O)c1cnc2ccc(-c3cc(Cl)c(O)c(Cl)c3)nc2c1NC1CCC(CN(C)C)CC1;CC(=O)c1cnc2ccc(-c3cc(Cl)c(O)c(Cl)c3)nc2c1NC1CCC(CN(C)C)CC1;0,004;False;0,789351852;0,03762236;;29;11;C;C8y;0,015431;0
mol_17;12;0,002750518;0;0;CC(=O)c1cnc2ccc(nc2c1NC3CCC(CC3)CN(C)C)c4cc(c(c(c4)Cl)O)Cl;17;12;CC(=O)c1cnc2ccc(nc2c1NC3CCC(CC3)CN(C)C)c4cc(c(c(c4)Cl)O)Cl;smiles;d35bd187-691b-4760-8437-5c812515453d / 3c427e79-9b4a-4d26-9b97-7644be33b734;;CC(=O)c1cnc2ccc(-c3cc(Cl)c(O)c(Cl)c3)nc2c1NC1CCC(CN(C)C)CC1;CC(=O)c1cnc2ccc(-c3cc(Cl)c(O)c(Cl)c3)nc2c1NC1CCC(CN(C)C)CC1;0,004;False;0,842261905;0,03762236;;29;12;C;C8y;0,040213;0
mol_17;13;0,203765515;0;0;CC(=O)c1cnc2ccc(nc2c1NC3CCC(CC3)CN(C)C)c4cc(c(c(c4)Cl)O)Cl;17;13;CC(=O)c1cnc2ccc(nc2c1NC3CCC(CC3)CN(C)C)c4cc(c(c(c4)Cl)O)Cl;smiles;d35bd187-691b-4760-8437-5c812515453d / 3c427e79-9b4a-4d26-9b97-7644be33b734;;CC(=O)c1cnc2ccc(-c3cc(Cl)c(O)c(Cl)c3)nc2c1NC1CCC(CN(C)C)CC1;CC(=O)c1cnc2ccc(-c3cc(Cl)c(O)c(Cl)c3)nc2c1NC1CCC(CN(C)C)CC1;0,024;False;0,846153846;0,163345543;;29;13;N;N1b;0,202821;0
mol_17;14;0,00950541;0;0;CC(=O)c1cnc2ccc(nc2c1NC3CCC(CC3)CN(C)C)c4cc(c(c(c4)Cl)O)Cl;17;14;CC(=O)c1cnc2ccc(nc2c1NC3CCC(CC3)CN(C)C)c4cc(c(c(c4)Cl)O)Cl;smiles;d35bd187-691b-4760-8437-5c812515453d / 3c427e79-9b4a-4d26-9b97-7644be33b734;;CC(=O)c1cnc2ccc(-c3cc(Cl)c(O)c(Cl)c3)nc2c1NC1CCC(CN(C)C)CC1;CC(=O)c1cnc2ccc(-c3cc(Cl)c(O)c(Cl)c3)nc2c1NC1CCC(CN(C)C)CC1;0;False;0,841880342;0;;29;14;C;C1y;0,023356;0
mol_17;15;0,00996412;0;0;CC(=O)c1cnc2ccc(nc2c1NC3CCC(CC3)CN(C)C)c4cc(c(c(c4)Cl)O)Cl;17;15;CC(=O)c1cnc2ccc(nc2c1NC3CCC(CC3)CN(C)C)c4cc(c(c(c4)Cl)O)Cl;smiles;d35bd187-691b-4760-8437-5c812515453d / 3c427e79-9b4a-4d26-9b97-7644be33b734;;CC(=O)c1cnc2ccc(-c3cc(Cl)c(O)c(Cl)c3)nc2c1NC1CCC(CN(C)C)CC1;CC(=O)c1cnc2ccc(-c3cc(Cl)c(O)c(Cl)c3)nc2c1NC1CCC(CN(C)C)CC1;0,824;True;0,96969697;0,671247885;;29;15;C;C1x;0,002647;0
mol_17;16;0,008998923;0;0;CC(=O)c1cnc2ccc(nc2c1NC3CCC(CC3)CN(C)C)c4cc(c(c(c4)Cl)O)Cl;17;16;CC(=O)c1cnc2ccc(nc2c1NC3CCC(CC3)CN(C)C)c4cc(c(c(c4)Cl)O)Cl;smiles;d35bd187-691b-4760-8437-5c812515453d / 3c427e79-9b4a-4d26-9b97-7644be33b734;;CC(=O)c1cnc2ccc(-c3cc(Cl)c(O)c(Cl)c3)nc2c1NC1CCC(CN(C)C)CC1;CC(=O)c1cnc2ccc(-c3cc(Cl)c(O)c(Cl)c3)nc2c1NC1CCC(CN(C)C)CC1;0,004;False;0,842261905;0,03762236;;29;16;C;C1x;0,022869;0
mol_17;17;0,002486698;0;0;CC(=O)c1cnc2ccc(nc2c1NC3CCC(CC3)CN(C)C)c4cc(c(c(c4)Cl)O)Cl;17;17;CC(=O)c1cnc2ccc(nc2c1NC3CCC(CC3)CN(C)C)c4cc(c(c(c4)Cl)O)Cl;smiles;d35bd187-691b-4760-8437-5c812515453d / 3c427e79-9b4a-4d26-9b97-7644be33b734;;CC(=O)c1cnc2ccc(-c3cc(Cl)c(O)c(Cl)c3)nc2c1NC1CCC(CN(C)C)CC1;CC(=O)c1cnc2ccc(-c3cc(Cl)c(O)c(Cl)c3)nc2c1NC1CCC(CN(C)C)CC1;0,024;False;0,846153846;0,163345543;;29;17;C;C1y;0,026894;0
mol_17;18;0,008998923;0;0;CC(=O)c1cnc2ccc(nc2c1NC3CCC(CC3)CN(C)C)c4cc(c(c(c4)Cl)O)Cl;17;18;CC(=O)c1cnc2ccc(nc2c1NC3CCC(CC3)CN(C)C)c4cc(c(c(c4)Cl)O)Cl;smiles;d35bd187-691b-4760-8437-5c812515453d / 3c427e79-9b4a-4d26-9b97-7644be33b734;;CC(=O)c1cnc2ccc(-c3cc(Cl)c(O)c(Cl)c3)nc2c1NC1CCC(CN(C)C)CC1;CC(=O)c1cnc2ccc(-c3cc(Cl)c(O)c(Cl)c3)nc2c1NC1CCC(CN(C)C)CC1;0,004;False;0,789351852;0,03762236;;29;18;C;C1x;0,015413;0
mol_17;19;0,00996412;0;0;CC(=O)c1cnc2ccc(nc2c1NC3CCC(CC3)CN(C)C)c4cc(c(c(c4)Cl)O)Cl;17;19;CC(=O)c1cnc2ccc(nc2c1NC3CCC(CC3)CN(C)C)c4cc(c(c(c4)Cl)O)Cl;smiles;d35bd187-691b-4760-8437-5c812515453d / 3c427e79-9b4a-4d26-9b97-7644be33b734;;CC(=O)c1cnc2ccc(-c3cc(Cl)c(O)c(Cl)c3)nc2c1NC1CCC(CN(C)C)CC1;CC(=O)c1cnc2ccc(-c3cc(Cl)c(O)c(Cl)c3)nc2c1NC1CCC(CN(C)C)CC1;0,048;False;0,620689655;0,277839574;;29;19;C;C1x;0,003806;0
mol_17;20;0,003161366;0;0;CC(=O)c1cnc2ccc(nc2c1NC3CCC(CC3)CN(C)C)c4cc(c(c(c4)Cl)O)Cl;17;20;CC(=O)c1cnc2ccc(nc2c1NC3CCC(CC3)CN(C)C)c4cc(c(c(c4)Cl)O)Cl;smiles;d35bd187-691b-4760-8437-5c812515453d / 3c427e79-9b4a-4d26-9b97-7644be33b734;;CC(=O)c1cnc2ccc(-c3cc(Cl)c(O)c(Cl)c3)nc2c1NC1CCC(CN(C)C)CC1;CC(=O)c1cnc2ccc(-c3cc(Cl)c(O)c(Cl)c3)nc2c1NC1CCC(CN(C)C)CC1;0;False;0,700141468;0;;29;20;C;C1b;0,047873;0
mol_17;21;0,006345428;0;0;CC(=O)c1cnc2ccc(nc2c1NC3CCC(CC3)CN(C)C)c4cc(c(c(c4)Cl)O)Cl;17;21;CC(=O)c1cnc2ccc(nc2c1NC3CCC(CC3)CN(C)C)c4cc(c(c(c4)Cl)O)Cl;smiles;d35bd187-691b-4760-8437-5c812515453d / 3c427e79-9b4a-4d26-9b97-7644be33b734;;CC(=O)c1cnc2ccc(-c3cc(Cl)c(O)c(Cl)c3)nc2c1NC1CCC(CN(C)C)CC1;CC(=O)c1cnc2ccc(-c3cc(Cl)c(O)c(Cl)c3)nc2c1NC1CCC(CN(C)C)CC1;0,012;False;0,711538462;0,09377791;;29;21;N;N1c;0,2946;0
mol_17;22;0,001624119;0;0;CC(=O)c1cnc2ccc(nc2c1NC3CCC(CC3)CN(C)C)c4cc(c(c(c4)Cl)O)Cl;17;22;CC(=O)c1cnc2ccc(nc2c1NC3CCC(CC3)CN(C)C)c4cc(c(c(c4)Cl)O)Cl;smiles;d35bd187-691b-4760-8437-5c812515453d / 3c427e79-9b4a-4d26-9b97-7644be33b734;;CC(=O)c1cnc2ccc(-c3cc(Cl)c(O)c(Cl)c3)nc2c1NC1CCC(CN(C)C)CC1;CC(=O)c1cnc2ccc(-c3cc(Cl)c(O)c(Cl)c3)nc2c1NC1CCC(CN(C)C)CC1;0,044;False;0,666109253;0,260340625;;29;22;C;C1a;0,280531;0
mol_17;23;0,001624119;0;0;CC(=O)c1cnc2ccc(nc2c1NC3CCC(CC3)CN(C)C)c4cc(c(c(c4)Cl)O)Cl;17;23;CC(=O)c1cnc2ccc(nc2c1NC3CCC(CC3)CN(C)C)c4cc(c(c(c4)Cl)O)Cl;smiles;d35bd187-691b-4760-8437-5c812515453d / 3c427e79-9b4a-4d26-9b97-7644be33b734;;CC(=O)c1cnc2ccc(-c3cc(Cl)c(O)c(Cl)c3)nc2c1NC1CCC(CN(C)C)CC1;CC(=O)c1cnc2ccc(-c3cc(Cl)c(O)c(Cl)c3)nc2c1NC1CCC(CN(C)C)CC1;0;False;0,634057971;0;;29;23;C;C1a;0,301947;0
mol_17;24;0,018139962;0;0;CC(=O)c1cnc2ccc(nc2c1NC3CCC(CC3)CN(C)C)c4cc(c(c(c4)Cl)O)Cl;17;24;CC(=O)c1cnc2ccc(nc2c1NC3CCC(CC3)CN(C)C)c4cc(c(c(c4)Cl)O)Cl;smiles;d35bd187-691b-4760-8437-5c812515453d / 3c427e79-9b4a-4d26-9b97-7644be33b734;;CC(=O)c1cnc2ccc(-c3cc(Cl)c(O)c(Cl)c3)nc2c1NC1CCC(CN(C)C)CC1;CC(=O)c1cnc2ccc(-c3cc(Cl)c(O)c(Cl)c3)nc2c1NC1CCC(CN(C)C)CC1;0,008;False;0,67251462;0,067221545;;29;24;C;C8y;0,019153;0
mol_17;25;0,039512589;0;0;CC(=O)c1cnc2ccc(nc2c1NC3CCC(CC3)CN(C)C)c4cc(c(c(c4)Cl)O)Cl;17;25;CC(=O)c1cnc2ccc(nc2c1NC3CCC(CC3)CN(C)C)c4cc(c(c(c4)Cl)O)Cl;smiles;d35bd187-691b-4760-8437-5c812515453d / 3c427e79-9b4a-4d26-9b97-7644be33b734;;CC(=O)c1cnc2ccc(-c3cc(Cl)c(O)c(Cl)c3)nc2c1NC1CCC(CN(C)C)CC1;CC(=O)c1cnc2ccc(-c3cc(Cl)c(O)c(Cl)c3)nc2c1NC1CCC(CN(C)C)CC1;0;False;0,738888889;0;;29;25;C;C8x;0,025555;0
mol_17;26;0,079549218;0;0;CC(=O)c1cnc2ccc(nc2c1NC3CCC(CC3)CN(C)C)c4cc(c(c(c4)Cl)O)Cl;17;26;CC(=O)c1cnc2ccc(nc2c1NC3CCC(CC3)CN(C)C)c4cc(c(c(c4)Cl)O)Cl;smiles;d35bd187-691b-4760-8437-5c812515453d / 3c427e79-9b4a-4d26-9b97-7644be33b734;;CC(=O)c1cnc2ccc(-c3cc(Cl)c(O)c(Cl)c3)nc2c1NC1CCC(CN(C)C)CC1;CC(=O)c1cnc2ccc(-c3cc(Cl)c(O)c(Cl)c3)nc2c1NC1CCC(CN(C)C)CC1;0,004;False;0,632478632;0,03762236;;29;26;C;C8y;0,043622;0
mol_17;27;0,110640862;0;0;CC(=O)c1cnc2ccc(nc2c1NC3CCC(CC3)CN(C)C)c4cc(c(c(c4)Cl)O)Cl;17;27;CC(=O)c1cnc2ccc(nc2c1NC3CCC(CC3)CN(C)C)c4cc(c(c(c4)Cl)O)Cl;smiles;d35bd187-691b-4760-8437-5c812515453d / 3c427e79-9b4a-4d26-9b97-7644be33b734;;CC(=O)c1cnc2ccc(-c3cc(Cl)c(O)c(Cl)c3)nc2c1NC1CCC(CN(C)C)CC1;CC(=O)c1cnc2ccc(-c3cc(Cl)c(O)c(Cl)c3)nc2c1NC1CCC(CN(C)C)CC1;0,004;False;0,692307692;0,03762236;;29;27;C;C8y;0,020961;0
mol_17;28;0,079549218;0;0;CC(=O)c1cnc2ccc(nc2c1NC3CCC(CC3)CN(C)C)c4cc(c(c(c4)Cl)O)Cl;17;28;CC(=O)c1cnc2ccc(nc2c1NC3CCC(CC3)CN(C)C)c4cc(c(c(c4)Cl)O)Cl;smiles;d35bd187-691b-4760-8437-5c812515453d / 3c427e79-9b4a-4d26-9b97-7644be33b734;;CC(=O)c1cnc2ccc(-c3cc(Cl)c(O)c(Cl)c3)nc2c1NC1CCC(CN(C)C)CC1;CC(=O)c1cnc2ccc(-c3cc(Cl)c(O)c(Cl)c3)nc2c1NC1CCC(CN(C)C)CC1;0,272;False;0,632478632;0,844319894;;29;28;C;C8y;0,075959;0
mol_17;29;0,039512589;0;0;CC(=O)c1cnc2ccc(nc2c1NC3CCC(CC3)CN(C)C)c4cc(c(c(c4)Cl)O)Cl;17;29;CC(=O)c1cnc2ccc(nc2c1NC3CCC(CC3)CN(C)C)c4cc(c(c(c4)Cl)O)Cl;smiles;d35bd187-691b-4760-8437-5c812515453d / 3c427e79-9b4a-4d26-9b97-7644be33b734;;CC(=O)c1cnc2ccc(-c3cc(Cl)c(O)c(Cl)c3)nc2c1NC1CCC(CN(C)C)CC1;CC(=O)c1cnc2ccc(-c3cc(Cl)c(O)c(Cl)c3)nc2c1NC1CCC(CN(C)C)CC1;0,012;False;0,75;0,09377791;;29;29;C;C8x;0,037192;0
mol_17;30;0,00992237;0;0;CC(=O)c1cnc2ccc(nc2c1NC3CCC(CC3)CN(C)C)c4cc(c(c(c4)Cl)O)Cl;17;30;CC(=O)c1cnc2ccc(nc2c1NC3CCC(CC3)CN(C)C)c4cc(c(c(c4)Cl)O)Cl;smiles;d35bd187-691b-4760-8437-5c812515453d / 3c427e79-9b4a-4d26-9b97-7644be33b734;;CC(=O)c1cnc2ccc(-c3cc(Cl)c(O)c(Cl)c3)nc2c1NC1CCC(CN(C)C)CC1;CC(=O)c1cnc2ccc(-c3cc(Cl)c(O)c(Cl)c3)nc2c1NC1CCC(CN(C)C)CC1;0,012;False;0,75;0,09377791;;29;30;Cl;X;0,121641;0
mol_17;31;0,959166014;5;1;CC(=O)c1cnc2ccc(nc2c1NC3CCC(CC3)CN(C)C)c4cc(c(c(c4)Cl)O)Cl;17;31;CC(=O)c1cnc2ccc(nc2c1NC3CCC(CC3)CN(C)C)c4cc(c(c(c4)Cl)O)Cl;smiles;d35bd187-691b-4760-8437-5c812515453d / 3c427e79-9b4a-4d26-9b97-7644be33b734;;CC(=O)c1cnc2ccc(-c3cc(Cl)c(O)c(Cl)c3)nc2c1NC1CCC(CN(C)C)CC1;CC(=O)c1cnc2ccc(-c3cc(Cl)c(O)c(Cl)c3)nc2c1NC1CCC(CN(C)C)CC1;0;False;0,738888889;0;;29;31;O;O1a;0,175889;1
mol_17;32;0,00992237;0;0;CC(=O)c1cnc2ccc(nc2c1NC3CCC(CC3)CN(C)C)c4cc(c(c(c4)Cl)O)Cl;17;32;CC(=O)c1cnc2ccc(nc2c1NC3CCC(CC3)CN(C)C)c4cc(c(c(c4)Cl)O)Cl;smiles;d35bd187-691b-4760-8437-5c812515453d / 3c427e79-9b4a-4d26-9b97-7644be33b734;;CC(=O)c1cnc2ccc(-c3cc(Cl)c(O)c(Cl)c3)nc2c1NC1CCC(CN(C)C)CC1;CC(=O)c1cnc2ccc(-c3cc(Cl)c(O)c(Cl)c3)nc2c1NC1CCC(CN(C)C)CC1;0,008;False;0,67251462;0,067221545;;29;32;Cl;X;0,11693;0
mol_18;0;0,083687808;0;0;c1ccc(cc1)n2ccnc2;18;0;c1ccc(cc1)n2ccnc2;smiles;d35bd187-691b-4760-8437-5c812515453d / 3c427e79-9b4a-4d26-9b97-7644be33b734;;c1ccc(-n2ccnc2)cc1;c1ccc(-n2ccnc2)cc1;0,004;False;0,878787879;0,03762236;;30;0;C;C8x;0,008565;0
mol_18;1;0,07128672;0;0;c1ccc(cc1)n2ccnc2;18;1;c1ccc(cc1)n2ccnc2;smiles;d35bd187-691b-4760-8437-5c812515453d / 3c427e79-9b4a-4d26-9b97-7644be33b734;;c1ccc(-n2ccnc2)cc1;c1ccc(-n2ccnc2)cc1;0;False;1;0;;30;1;C;C8x;0,013615;0
mol_18;2;0,050838907;0;0;c1ccc(cc1)n2ccnc2;18;2;c1ccc(cc1)n2ccnc2;smiles;d35bd187-691b-4760-8437-5c812515453d / 3c427e79-9b4a-4d26-9b97-7644be33b734;;c1ccc(-n2ccnc2)cc1;c1ccc(-n2ccnc2)cc1;0;False;0,948717949;0;;30;2;C;C8x;0,011349;0
mol_18;3;0,016252028;0;0;c1ccc(cc1)n2ccnc2;18;3;c1ccc(cc1)n2ccnc2;smiles;d35bd187-691b-4760-8437-5c812515453d / 3c427e79-9b4a-4d26-9b97-7644be33b734;;c1ccc(-n2ccnc2)cc1;c1ccc(-n2ccnc2)cc1;0,008;False;0,845238095;0,067221545;;30;3;C;C8y;0,047736;0
mol_18;4;0,050838907;0;0;c1ccc(cc1)n2ccnc2;18;4;c1ccc(cc1)n2ccnc2;smiles;d35bd187-691b-4760-8437-5c812515453d / 3c427e79-9b4a-4d26-9b97-7644be33b734;;c1ccc(-n2ccnc2)cc1;c1ccc(-n2ccnc2)cc1;0,044;False;0,833333333;0,260340625;;30;4;C;C8x;0,016327;0
mol_18;5;0,07128672;0;0;c1ccc(cc1)n2ccnc2;18;5;c1ccc(cc1)n2ccnc2;smiles;d35bd187-691b-4760-8437-5c812515453d / 3c427e79-9b4a-4d26-9b97-7644be33b734;;c1ccc(-n2ccnc2)cc1;c1ccc(-n2ccnc2)cc1;0,008;False;0,888888889;0,067221545;;30;5;C;C8x;0,015888;0
mol_18;6;0,025061832;0;0;c1ccc(cc1)n2ccnc2;18;6;c1ccc(cc1)n2ccnc2;smiles;d35bd187-691b-4760-8437-5c812515453d / 3c427e79-9b4a-4d26-9b97-7644be33b734;;c1ccc(-n2ccnc2)cc1;c1ccc(-n2ccnc2)cc1;0,04;False;0,878787879;0,242292189;;30;6;N;N4y;0,777721;0
mol_18;7;0,084328435;0;0;c1ccc(cc1)n2ccnc2;18;7;c1ccc(cc1)n2ccnc2;smiles;d35bd187-691b-4760-8437-5c812515453d / 3c427e79-9b4a-4d26-9b97-7644be33b734;;c1ccc(-n2ccnc2)cc1;c1ccc(-n2ccnc2)cc1;0,78;True;0,886363636;0,760167503;;30;7;C;C8x;0,189353;0
mol_18;8;0,137577725;0;0;c1ccc(cc1)n2ccnc2;18;8;c1ccc(cc1)n2ccnc2;smiles;d35bd187-691b-4760-8437-5c812515453d / 3c427e79-9b4a-4d26-9b97-7644be33b734;;c1ccc(-n2ccnc2)cc1;c1ccc(-n2ccnc2)cc1;0,028;False;0,794871795;0,184260593;;30;8;C;C8x;0,122994;0
mol_18;9;0,087218591;0;0;c1ccc(cc1)n2ccnc2;18;9;c1ccc(cc1)n2ccnc2;smiles;d35bd187-691b-4760-8437-5c812515453d / 3c427e79-9b4a-4d26-9b97-7644be33b734;;c1ccc(-n2ccnc2)cc1;c1ccc(-n2ccnc2)cc1;0;False;0,948717949;0;;30;9;N;N5x;0,219829;1
mol_18;10;0,066713307;0;0;c1ccc(cc1)n2ccnc2;18;10;c1ccc(cc1)n2ccnc2;smiles;d35bd187-691b-4760-8437-5c812515453d / 3c427e79-9b4a-4d26-9b97-7644be33b734;;c1ccc(-n2ccnc2)cc1;c1ccc(-n2ccnc2)cc1;0;False;1;0;;30;10;C;C8x;0,395565;0
mol_19;0;0,068323416;0;0;c1ccc(cc1)Cn2ccnc2;19;0;c1ccc(cc1)Cn2ccnc2;smiles;d35bd187-691b-4760-8437-5c812515453d / 3c427e79-9b4a-4d26-9b97-7644be33b734;;c1ccc(Cn2ccnc2)cc1;c1ccc(Cn2ccnc2)cc1;0,012;False;0,785185185;0,09377791;;31;0;C;C8x;0,027445;0
mol_19;1;0,04033628;0;0;c1ccc(cc1)Cn2ccnc2;19;1;c1ccc(cc1)Cn2ccnc2;smiles;d35bd187-691b-4760-8437-5c812515453d / 3c427e79-9b4a-4d26-9b97-7644be33b734;;c1ccc(Cn2ccnc2)cc1;c1ccc(Cn2ccnc2)cc1;0,008;False;0,845454545;0,067221545;;31;1;C;C8x;0,019846;0
mol_19;2;0,006833835;0;0;c1ccc(cc1)Cn2ccnc2;19;2;c1ccc(cc1)Cn2ccnc2;smiles;d35bd187-691b-4760-8437-5c812515453d / 3c427e79-9b4a-4d26-9b97-7644be33b734;;c1ccc(Cn2ccnc2)cc1;c1ccc(Cn2ccnc2)cc1;0,012;False;0,916666667;0,09377791;;31;2;C;C8x;0,021062;0
mol_19;3;0,00208582;0;0;c1ccc(cc1)Cn2ccnc2;19;3;c1ccc(cc1)Cn2ccnc2;smiles;d35bd187-691b-4760-8437-5c812515453d / 3c427e79-9b4a-4d26-9b97-7644be33b734;;c1ccc(Cn2ccnc2)cc1;c1ccc(Cn2ccnc2)cc1;0,012;False;0,873015873;0,09377791;;31;3;C;C8y;0,014541;0
mol_19;4;0,006833835;0;0;c1ccc(cc1)Cn2ccnc2;19;4;c1ccc(cc1)Cn2ccnc2;smiles;d35bd187-691b-4760-8437-5c812515453d / 3c427e79-9b4a-4d26-9b97-7644be33b734;;c1ccc(Cn2ccnc2)cc1;c1ccc(Cn2ccnc2)cc1;0,084;False;0,633145363;0,416118951;;31;4;C;C8x;0,00694;0
mol_19;5;0,04033628;0;0;c1ccc(cc1)Cn2ccnc2;19;5;c1ccc(cc1)Cn2ccnc2;smiles;d35bd187-691b-4760-8437-5c812515453d / 3c427e79-9b4a-4d26-9b97-7644be33b734;;c1ccc(Cn2ccnc2)cc1;c1ccc(Cn2ccnc2)cc1;0,14;False;0,798534799;0,584238812;;31;5;C;C8x;0,018044;0
mol_19;6;0,001788941;0;0;c1ccc(cc1)Cn2ccnc2;19;6;c1ccc(cc1)Cn2ccnc2;smiles;d35bd187-691b-4760-8437-5c812515453d / 3c427e79-9b4a-4d26-9b97-7644be33b734;;c1ccc(Cn2ccnc2)cc1;c1ccc(Cn2ccnc2)cc1;0,06;False;0,803030303;0,327444919;;31;6;C;C1b;0,302781;0
mol_19;7;0,004993903;0;0;c1ccc(cc1)Cn2ccnc2;19;7;c1ccc(cc1)Cn2ccnc2;smiles;d35bd187-691b-4760-8437-5c812515453d / 3c427e79-9b4a-4d26-9b97-7644be33b734;;c1ccc(Cn2ccnc2)cc1;c1ccc(Cn2ccnc2)cc1;0,064;False;0,703962704;0,343122907;;31;7;N;N4y;0,753838;0
mol_19;8;0,035852174;0;0;c1ccc(cc1)Cn2ccnc2;19;8;c1ccc(cc1)Cn2ccnc2;smiles;d35bd187-691b-4760-8437-5c812515453d / 3c427e79-9b4a-4d26-9b97-7644be33b734;;c1ccc(Cn2ccnc2)cc1;c1ccc(Cn2ccnc2)cc1;0,54;True;0,772727273;0,995378439;;31;8;C;C8x;0,105682;0
mol_19;9;0,09202349;0;0;c1ccc(cc1)Cn2ccnc2;19;9;c1ccc(cc1)Cn2ccnc2;smiles;d35bd187-691b-4760-8437-5c812515453d / 3c427e79-9b4a-4d26-9b97-7644be33b734;;c1ccc(Cn2ccnc2)cc1;c1ccc(Cn2ccnc2)cc1;0,068;False;0,772283272;0,358415325;;31;9;C;C8x;0,065421;0
mol_19;10;0,058750538;0;0;c1ccc(cc1)Cn2ccnc2;19;10;c1ccc(cc1)Cn2ccnc2;smiles;d35bd187-691b-4760-8437-5c812515453d / 3c427e79-9b4a-4d26-9b97-7644be33b734;;c1ccc(Cn2ccnc2)cc1;c1ccc(Cn2ccnc2)cc1;0,012;False;0,916666667;0,09377791;;31;10;N;N5x;0,165113;1
mol_19;11;0,023620784;0;0;c1ccc(cc1)Cn2ccnc2;19;11;c1ccc(cc1)Cn2ccnc2;smiles;d35bd187-691b-4760-8437-5c812515453d / 3c427e79-9b4a-4d26-9b97-7644be33b734;;c1ccc(Cn2ccnc2)cc1;c1ccc(Cn2ccnc2)cc1;0,008;False;0,845454545;0,067221545;;31;11;C;C8x;0,302855;0
mol_20;0;0,044018296;0;0;COc1ccc(cc1)n2ccnc2;20;0;COc1ccc(cc1)n2ccnc2;smiles;d35bd187-691b-4760-8437-5c812515453d / 3c427e79-9b4a-4d26-9b97-7644be33b734;;COc1ccc(-n2ccnc2)cc1;COc1ccc(-n2ccnc2)cc1;0,004;False;1;0,03762236;;32;0;C;C1a;0,424121;0
mol_20;1;0,020772262;0;0;COc1ccc(cc1)n2ccnc2;20;1;COc1ccc(cc1)n2ccnc2;smiles;d35bd187-691b-4760-8437-5c812515453d / 3c427e79-9b4a-4d26-9b97-7644be33b734;;COc1ccc(-n2ccnc2)cc1;COc1ccc(-n2ccnc2)cc1;0,028;False;0,82962963;0,184260593;;32;1;O;O2a;0,392815;0
mol_20;2;0,025399309;0;0;COc1ccc(cc1)n2ccnc2;20;2;COc1ccc(cc1)n2ccnc2;smiles;d35bd187-691b-4760-8437-5c812515453d / 3c427e79-9b4a-4d26-9b97-7644be33b734;;COc1ccc(-n2ccnc2)cc1;COc1ccc(-n2ccnc2)cc1;0,008;False;0,772727273;0,067221545;;32;2;C;C8y;0,012487;0
mol_20;3;0,025663713;0;0;COc1ccc(cc1)n2ccnc2;20;3;COc1ccc(cc1)n2ccnc2;smiles;d35bd187-691b-4760-8437-5c812515453d / 3c427e79-9b4a-4d26-9b97-7644be33b734;;COc1ccc(-n2ccnc2)cc1;COc1ccc(-n2ccnc2)cc1;0,008;False;0,871794872;0,067221545;;32;3;C;C8x;0,009827;0
mol_20;4;0,027544465;0;0;COc1ccc(cc1)n2ccnc2;20;4;COc1ccc(cc1)n2ccnc2;smiles;d35bd187-691b-4760-8437-5c812515453d / 3c427e79-9b4a-4d26-9b97-7644be33b734;;COc1ccc(-n2ccnc2)cc1;COc1ccc(-n2ccnc2)cc1;0,004;False;0,830769231;0,03762236;;32;4;C;C8x;0,021603;0
mol_20;5;0,017319406;0;0;COc1ccc(cc1)n2ccnc2;20;5;COc1ccc(cc1)n2ccnc2;smiles;d35bd187-691b-4760-8437-5c812515453d / 3c427e79-9b4a-4d26-9b97-7644be33b734;;COc1ccc(-n2ccnc2)cc1;COc1ccc(-n2ccnc2)cc1;0;False;0,802884615;0;;32;5;C;C8y;0,00832;0
mol_20;6;0,027544465;0;0;COc1ccc(cc1)n2ccnc2;20;6;COc1ccc(cc1)n2ccnc2;smiles;d35bd187-691b-4760-8437-5c812515453d / 3c427e79-9b4a-4d26-9b97-7644be33b734;;COc1ccc(-n2ccnc2)cc1;COc1ccc(-n2ccnc2)cc1;0,048;False;0,774420024;0,277839574;;32;6;C;C8x;0,014032;0
mol_20;7;0,025663713;0;0;COc1ccc(cc1)n2ccnc2;20;7;COc1ccc(cc1)n2ccnc2;smiles;d35bd187-691b-4760-8437-5c812515453d / 3c427e79-9b4a-4d26-9b97-7644be33b734;;COc1ccc(-n2ccnc2)cc1;COc1ccc(-n2ccnc2)cc1;0,02;False;0,888888889;0,141440543;;32;7;C;C8x;0,012423;0
mol_20;8;0,024805511;0;0;COc1ccc(cc1)n2ccnc2;20;8;COc1ccc(cc1)n2ccnc2;smiles;d35bd187-691b-4760-8437-5c812515453d / 3c427e79-9b4a-4d26-9b97-7644be33b734;;COc1ccc(-n2ccnc2)cc1;COc1ccc(-n2ccnc2)cc1;0,044;False;0,878787879;0,260340625;;32;8;N;N4y;0,423745;0
mol_20;9;0,084317274;0;0;COc1ccc(cc1)n2ccnc2;20;9;COc1ccc(cc1)n2ccnc2;smiles;d35bd187-691b-4760-8437-5c812515453d / 3c427e79-9b4a-4d26-9b97-7644be33b734;;COc1ccc(-n2ccnc2)cc1;COc1ccc(-n2ccnc2)cc1;0,584;True;0,886363636;0,97954382;;32;9;C;C8x;0,088437;0
mol_20;10;0,137577725;0;0;COc1ccc(cc1)n2ccnc2;20;10;COc1ccc(cc1)n2ccnc2;smiles;d35bd187-691b-4760-8437-5c812515453d / 3c427e79-9b4a-4d26-9b97-7644be33b734;;COc1ccc(-n2ccnc2)cc1;COc1ccc(-n2ccnc2)cc1;0,04;False;0,794871795;0,242292189;;32;10;C;C8x;0,019961;0
mol_20;11;0,087218591;0;0;COc1ccc(cc1)n2ccnc2;20;11;COc1ccc(cc1)n2ccnc2;smiles;d35bd187-691b-4760-8437-5c812515453d / 3c427e79-9b4a-4d26-9b97-7644be33b734;;COc1ccc(-n2ccnc2)cc1;COc1ccc(-n2ccnc2)cc1;0,004;False;0,830769231;0,03762236;;32;11;N;N5x;0,093961;1
mol_20;12;0,066680591;0;0;COc1ccc(cc1)n2ccnc2;20;12;COc1ccc(cc1)n2ccnc2;smiles;d35bd187-691b-4760-8437-5c812515453d / 3c427e79-9b4a-4d26-9b97-7644be33b734;;COc1ccc(-n2ccnc2)cc1;COc1ccc(-n2ccnc2)cc1;0,008;False;0,871794872;0,067221545;;32;12;C;C8x;0,249959;0
mol_21;0;0,012637501;0;0;c1cc(ccc1n2ccnc2)Cl;21;0;c1cc(ccc1n2ccnc2)Cl;smiles;d35bd187-691b-4760-8437-5c812515453d / 3c427e79-9b4a-4d26-9b97-7644be33b734;;Clc1ccc(-n2ccnc2)cc1;Clc1ccc(-n2ccnc2)cc1;0,008;False;0,777777778;0,067221545;;34;0;C;C8x;0,015453;0
mol_21;1;0,003294026;0;0;c1cc(ccc1n2ccnc2)Cl;21;1;c1cc(ccc1n2ccnc2)Cl;smiles;d35bd187-691b-4760-8437-5c812515453d / 3c427e79-9b4a-4d26-9b97-7644be33b734;;Clc1ccc(-n2ccnc2)cc1;Clc1ccc(-n2ccnc2)cc1;0,032;False;0,845454545;0,204324671;;34;1;C;C8x;0,006565;0
mol_21;2;0,001683124;0;0;c1cc(ccc1n2ccnc2)Cl;21;2;c1cc(ccc1n2ccnc2)Cl;smiles;d35bd187-691b-4760-8437-5c812515453d / 3c427e79-9b4a-4d26-9b97-7644be33b734;;Clc1ccc(-n2ccnc2)cc1;Clc1ccc(-n2ccnc2)cc1;0,012;False;0,916666667;0,09377791;;34;2;C;C8y;0,045666;0
mol_21;3;0,003294026;0;0;c1cc(ccc1n2ccnc2)Cl;21;3;c1cc(ccc1n2ccnc2)Cl;smiles;d35bd187-691b-4760-8437-5c812515453d / 3c427e79-9b4a-4d26-9b97-7644be33b734;;Clc1ccc(-n2ccnc2)cc1;Clc1ccc(-n2ccnc2)cc1;0,016;False;0,873015873;0,118350011;;34;3;C;C8x;0,011286;0
mol_21;4;0,012637501;0;0;c1cc(ccc1n2ccnc2)Cl;21;4;c1cc(ccc1n2ccnc2)Cl;smiles;d35bd187-691b-4760-8437-5c812515453d / 3c427e79-9b4a-4d26-9b97-7644be33b734;;Clc1ccc(-n2ccnc2)cc1;Clc1ccc(-n2ccnc2)cc1;0,024;False;0,780769231;0,163345543;;34;4;C;C8x;0,019808;0
mol_21;5;0,01428767;0;0;c1cc(ccc1n2ccnc2)Cl;21;5;c1cc(ccc1n2ccnc2)Cl;smiles;d35bd187-691b-4760-8437-5c812515453d / 3c427e79-9b4a-4d26-9b97-7644be33b734;;Clc1ccc(-n2ccnc2)cc1;Clc1ccc(-n2ccnc2)cc1;0,06;False;0,767094017;0,327444919;;34;5;C;C8y;0,078048;0
mol_21;6;0,025048582;0;0;c1cc(ccc1n2ccnc2)Cl;21;6;c1cc(ccc1n2ccnc2)Cl;smiles;d35bd187-691b-4760-8437-5c812515453d / 3c427e79-9b4a-4d26-9b97-7644be33b734;;Clc1ccc(-n2ccnc2)cc1;Clc1ccc(-n2ccnc2)cc1;0,02;False;0,888888889;0,141440543;;34;6;N;N4y;0,523111;0
mol_21;7;0,084317274;0;0;c1cc(ccc1n2ccnc2)Cl;21;7;c1cc(ccc1n2ccnc2)Cl;smiles;d35bd187-691b-4760-8437-5c812515453d / 3c427e79-9b4a-4d26-9b97-7644be33b734;;Clc1ccc(-n2ccnc2)cc1;Clc1ccc(-n2ccnc2)cc1;0,056;False;0,878787879;0,31135737;;34;7;C;C8x;0,084241;0
mol_21;8;0,137577725;0;0;c1cc(ccc1n2ccnc2)Cl;21;8;c1cc(ccc1n2ccnc2)Cl;smiles;d35bd187-691b-4760-8437-5c812515453d / 3c427e79-9b4a-4d26-9b97-7644be33b734;;Clc1ccc(-n2ccnc2)cc1;Clc1ccc(-n2ccnc2)cc1;0,676;True;0,886363636;0,908678385;;34;8;C;C8x;0,093571;0
mol_21;9;0,087218591;0;0;c1cc(ccc1n2ccnc2)Cl;21;9;c1cc(ccc1n2ccnc2)Cl;smiles;d35bd187-691b-4760-8437-5c812515453d / 3c427e79-9b4a-4d26-9b97-7644be33b734;;Clc1ccc(-n2ccnc2)cc1;Clc1ccc(-n2ccnc2)cc1;0,028;False;0,794871795;0,184260593;;34;9;N;N5x;0,314168;1
mol_21;10;0,066680591;0;0;c1cc(ccc1n2ccnc2)Cl;21;10;c1cc(ccc1n2ccnc2)Cl;smiles;d35bd187-691b-4760-8437-5c812515453d / 3c427e79-9b4a-4d26-9b97-7644be33b734;;Clc1ccc(-n2ccnc2)cc1;Clc1ccc(-n2ccnc2)cc1;0,016;False;0,873015873;0,118350011;;34;10;C;C8x;0,297522;0
mol_21;11;0,000821713;0;0;c1cc(ccc1n2ccnc2)Cl;21;11;c1cc(ccc1n2ccnc2)Cl;smiles;d35bd187-691b-4760-8437-5c812515453d / 3c427e79-9b4a-4d26-9b97-7644be33b734;;Clc1ccc(-n2ccnc2)cc1;Clc1ccc(-n2ccnc2)cc1;0,012;False;0,916666667;0,09377791;;34;11;Cl;X;0,304267;0
mol_22;0;0,001949584;0;0;c1cc(ccc1C(F)(F)F)n2ccnc2;22;0;c1cc(ccc1C(F)(F)F)n2ccnc2;smiles;d35bd187-691b-4760-8437-5c812515453d / 3c427e79-9b4a-4d26-9b97-7644be33b734;;FC(F)(F)c1ccc(-n2ccnc2)cc1;FC(F)(F)c1ccc(-n2ccnc2)cc1;0,008;False;1;0,067221545;;35;0;C;C8x;0,004156;0
mol_22;1;0,0114191;0;0;c1cc(ccc1C(F)(F)F)n2ccnc2;22;1;c1cc(ccc1C(F)(F)F)n2ccnc2;smiles;d35bd187-691b-4760-8437-5c812515453d / 3c427e79-9b4a-4d26-9b97-7644be33b734;;FC(F)(F)c1ccc(-n2ccnc2)cc1;FC(F)(F)c1ccc(-n2ccnc2)cc1;0,048;False;0,772283272;0,277839574;;35;1;C;C8x;0,005878;0
mol_22;2;0,013166223;0;0;c1cc(ccc1C(F)(F)F)n2ccnc2;22;2;c1cc(ccc1C(F)(F)F)n2ccnc2;smiles;d35bd187-691b-4760-8437-5c812515453d / 3c427e79-9b4a-4d26-9b97-7644be33b734;;FC(F)(F)c1ccc(-n2ccnc2)cc1;FC(F)(F)c1ccc(-n2ccnc2)cc1;0,008;False;1;0,067221545;;35;2;C;C8y;0,002623;0
mol_22;3;0,0114191;0;0;c1cc(ccc1C(F)(F)F)n2ccnc2;22;3;c1cc(ccc1C(F)(F)F)n2ccnc2;smiles;d35bd187-691b-4760-8437-5c812515453d / 3c427e79-9b4a-4d26-9b97-7644be33b734;;FC(F)(F)c1ccc(-n2ccnc2)cc1;FC(F)(F)c1ccc(-n2ccnc2)cc1;0,008;False;1;0,067221545;;35;3;C;C8x;0,014023;0
mol_22;4;0,001949584;0;0;c1cc(ccc1C(F)(F)F)n2ccnc2;22;4;c1cc(ccc1C(F)(F)F)n2ccnc2;smiles;d35bd187-691b-4760-8437-5c812515453d / 3c427e79-9b4a-4d26-9b97-7644be33b734;;FC(F)(F)c1ccc(-n2ccnc2)cc1;FC(F)(F)c1ccc(-n2ccnc2)cc1;0,004;False;0,71965812;0,03762236;;35;4;C;C8x;0,004051;0
mol_22;5;0,000973444;0;0;c1cc(ccc1C(F)(F)F)n2ccnc2;22;5;c1cc(ccc1C(F)(F)F)n2ccnc2;smiles;d35bd187-691b-4760-8437-5c812515453d / 3c427e79-9b4a-4d26-9b97-7644be33b734;;FC(F)(F)c1ccc(-n2ccnc2)cc1;FC(F)(F)c1ccc(-n2ccnc2)cc1;0,004;False;0,733333333;0,03762236;;35;5;C;C8y;0,009402;0
mol_22;6;0,000997035;0;0;c1cc(ccc1C(F)(F)F)n2ccnc2;22;6;c1cc(ccc1C(F)(F)F)n2ccnc2;smiles;d35bd187-691b-4760-8437-5c812515453d / 3c427e79-9b4a-4d26-9b97-7644be33b734;;FC(F)(F)c1ccc(-n2ccnc2)cc1;FC(F)(F)c1ccc(-n2ccnc2)cc1;0,012;False;0,704575163;0,09377791;;35;6;C;C1d;0,292324;0
mol_22;7;0,000960529;0;0;c1cc(ccc1C(F)(F)F)n2ccnc2;22;7;c1cc(ccc1C(F)(F)F)n2ccnc2;smiles;d35bd187-691b-4760-8437-5c812515453d / 3c427e79-9b4a-4d26-9b97-7644be33b734;;FC(F)(F)c1ccc(-n2ccnc2)cc1;FC(F)(F)c1ccc(-n2ccnc2)cc1;0,004;False;0,651851852;0,03762236;;35;7;F;X;0,269992;0
mol_22;8;0,000960529;0;0;c1cc(ccc1C(F)(F)F)n2ccnc2;22;8;c1cc(ccc1C(F)(F)F)n2ccnc2;smiles;d35bd187-691b-4760-8437-5c812515453d / 3c427e79-9b4a-4d26-9b97-7644be33b734;;FC(F)(F)c1ccc(-n2ccnc2)cc1;FC(F)(F)c1ccc(-n2ccnc2)cc1;0,052;False;0,792735043;0,294832819;;35;8;F;X;0,284796;0
mol_22;9;0,000960529;0;0;c1cc(ccc1C(F)(F)F)n2ccnc2;22;9;c1cc(ccc1C(F)(F)F)n2ccnc2;smiles;d35bd187-691b-4760-8437-5c812515453d / 3c427e79-9b4a-4d26-9b97-7644be33b734;;FC(F)(F)c1ccc(-n2ccnc2)cc1;FC(F)(F)c1ccc(-n2ccnc2)cc1;0,024;False;0,888888889;0,163345543;;35;9;F;X;0,279062;0
mol_22;10;0,025043017;0;0;c1cc(ccc1C(F)(F)F)n2ccnc2;22;10;c1cc(ccc1C(F)(F)F)n2ccnc2;smiles;d35bd187-691b-4760-8437-5c812515453d / 3c427e79-9b4a-4d26-9b97-7644be33b734;;FC(F)(F)c1ccc(-n2ccnc2)cc1;FC(F)(F)c1ccc(-n2ccnc2)cc1;0,044;False;0,878787879;0,260340625;;35;10;N;N4y;0,294665;0
mol_22;11;0,084317274;0;0;c1cc(ccc1C(F)(F)F)n2ccnc2;22;11;c1cc(ccc1C(F)(F)F)n2ccnc2;smiles;d35bd187-691b-4760-8437-5c812515453d / 3c427e79-9b4a-4d26-9b97-7644be33b734;;FC(F)(F)c1ccc(-n2ccnc2)cc1;FC(F)(F)c1ccc(-n2ccnc2)cc1;0,568;True;0,886363636;0,98661652;;35;11;C;C8x;0,056949;0
mol_22;12;0,137577725;0;0;c1cc(ccc1C(F)(F)F)n2ccnc2;22;12;c1cc(ccc1C(F)(F)F)n2ccnc2;smiles;d35bd187-691b-4760-8437-5c812515453d / 3c427e79-9b4a-4d26-9b97-7644be33b734;;FC(F)(F)c1ccc(-n2ccnc2)cc1;FC(F)(F)c1ccc(-n2ccnc2)cc1;0,036;False;0,794871795;0,223641664;;35;12;C;C8x;0,033929;0
mol_22;13;0,087218591;0;0;c1cc(ccc1C(F)(F)F)n2ccnc2;22;13;c1cc(ccc1C(F)(F)F)n2ccnc2;smiles;d35bd187-691b-4760-8437-5c812515453d / 3c427e79-9b4a-4d26-9b97-7644be33b734;;FC(F)(F)c1ccc(-n2ccnc2)cc1;FC(F)(F)c1ccc(-n2ccnc2)cc1;0,012;False;0,704575163;0,09377791;;35;13;N;N5x;0,080388;1
mol_22;14;0,066680591;0;0;c1cc(ccc1C(F)(F)F)n2ccnc2;22;14;c1cc(ccc1C(F)(F)F)n2ccnc2;smiles;d35bd187-691b-4760-8437-5c812515453d / 3c427e79-9b4a-4d26-9b97-7644be33b734;;FC(F)(F)c1ccc(-n2ccnc2)cc1;FC(F)(F)c1ccc(-n2ccnc2)cc1;0,004;False;0,733333333;0,03762236;;35;14;C;C8x;0,162097;0
mol_23;0;0,018453134;0;0;c1cc(ccc1n2ccnc2)Br;23;0;c1cc(ccc1n2ccnc2)Br;smiles;d35bd187-691b-4760-8437-5c812515453d / 3c427e79-9b4a-4d26-9b97-7644be33b734;;Brc1ccc(-n2ccnc2)cc1;Brc1ccc(-n2ccnc2)cc1;0,04;False;0,751851852;0,242292189;;36;0;C;C8x;0,009019;0
mol_23;1;0,009167918;0;0;c1cc(ccc1n2ccnc2)Br;23;1;c1cc(ccc1n2ccnc2)Br;smiles;d35bd187-691b-4760-8437-5c812515453d / 3c427e79-9b4a-4d26-9b97-7644be33b734;;Brc1ccc(-n2ccnc2)cc1;Brc1ccc(-n2ccnc2)cc1;0,02;False;0,822727273;0,141440543;;36;1;C;C8x;0,005816;0
mol_23;2;0,00593874;0;0;c1cc(ccc1n2ccnc2)Br;23;2;c1cc(ccc1n2ccnc2)Br;smiles;d35bd187-691b-4760-8437-5c812515453d / 3c427e79-9b4a-4d26-9b97-7644be33b734;;Brc1ccc(-n2ccnc2)cc1;Brc1ccc(-n2ccnc2)cc1;0,012;False;0,916666667;0,09377791;;36;2;C;C8y;0,051822;0
mol_23;3;0,009167918;0;0;c1cc(ccc1n2ccnc2)Br;23;3;c1cc(ccc1n2ccnc2)Br;smiles;d35bd187-691b-4760-8437-5c812515453d / 3c427e79-9b4a-4d26-9b97-7644be33b734;;Brc1ccc(-n2ccnc2)cc1;Brc1ccc(-n2ccnc2)cc1;0,004;False;0,873015873;0,03762236;;36;3;C;C8x;0,004264;0
mol_23;4;0,018453134;0;0;c1cc(ccc1n2ccnc2)Br;23;4;c1cc(ccc1n2ccnc2)Br;smiles;d35bd187-691b-4760-8437-5c812515453d / 3c427e79-9b4a-4d26-9b97-7644be33b734;;Brc1ccc(-n2ccnc2)cc1;Brc1ccc(-n2ccnc2)cc1;0,016;False;0,780769231;0,118350011;;36;4;C;C8x;0,00738;0
mol_23;5;0,014145047;0;0;c1cc(ccc1n2ccnc2)Br;23;5;c1cc(ccc1n2ccnc2)Br;smiles;d35bd187-691b-4760-8437-5c812515453d / 3c427e79-9b4a-4d26-9b97-7644be33b734;;Brc1ccc(-n2ccnc2)cc1;Brc1ccc(-n2ccnc2)cc1;0,056;False;0,767094017;0,31135737;;36;5;C;C8y;0,045755;0
mol_23;6;0,025047536;0;0;c1cc(ccc1n2ccnc2)Br;23;6;c1cc(ccc1n2ccnc2)Br;smiles;d35bd187-691b-4760-8437-5c812515453d / 3c427e79-9b4a-4d26-9b97-7644be33b734;;Brc1ccc(-n2ccnc2)cc1;Brc1ccc(-n2ccnc2)cc1;0,016;False;0,888888889;0,118350011;;36;6;N;N4y;0,513099;0
mol_23;7;0,084317274;0;0;c1cc(ccc1n2ccnc2)Br;23;7;c1cc(ccc1n2ccnc2)Br;smiles;d35bd187-691b-4760-8437-5c812515453d / 3c427e79-9b4a-4d26-9b97-7644be33b734;;Brc1ccc(-n2ccnc2)cc1;Brc1ccc(-n2ccnc2)cc1;0,052;False;0,878787879;0,294832819;;36;7;C;C8x;0,050735;0
mol_23;8;0,137577725;0;0;c1cc(ccc1n2ccnc2)Br;23;8;c1cc(ccc1n2ccnc2)Br;smiles;d35bd187-691b-4760-8437-5c812515453d / 3c427e79-9b4a-4d26-9b97-7644be33b734;;Brc1ccc(-n2ccnc2)cc1;Brc1ccc(-n2ccnc2)cc1;0,68;True;0,886363636;0,904381458;;36;8;C;C8x;0,117243;0
mol_23;9;0,087218591;0;0;c1cc(ccc1n2ccnc2)Br;23;9;c1cc(ccc1n2ccnc2)Br;smiles;d35bd187-691b-4760-8437-5c812515453d / 3c427e79-9b4a-4d26-9b97-7644be33b734;;Brc1ccc(-n2ccnc2)cc1;Brc1ccc(-n2ccnc2)cc1;0,028;False;0,794871795;0,184260593;;36;9;N;N5x;0,30506;1
mol_23;10;0,066680591;0;0;c1cc(ccc1n2ccnc2)Br;23;10;c1cc(ccc1n2ccnc2)Br;smiles;d35bd187-691b-4760-8437-5c812515453d / 3c427e79-9b4a-4d26-9b97-7644be33b734;;Brc1ccc(-n2ccnc2)cc1;Brc1ccc(-n2ccnc2)cc1;0,004;False;0,873015873;0,03762236;;36;10;C;C8x;0,233558;0
mol_23;11;0,004288569;0;0;c1cc(ccc1n2ccnc2)Br;23;11;c1cc(ccc1n2ccnc2)Br;smiles;d35bd187-691b-4760-8437-5c812515453d / 3c427e79-9b4a-4d26-9b97-7644be33b734;;Brc1ccc(-n2ccnc2)cc1;Brc1ccc(-n2ccnc2)cc1;0,012;False;0,916666667;0,09377791;;36;11;Br;X;0,408224;0
mol_3;0;0,08076103;0;0;c1ccc(cc1)c2c(c(=O)c3c(cccc3o2)O)O;3;0;c1ccc(cc1)c2c(c(=O)c3c(cccc3o2)O)O;smiles;d35bd187-691b-4760-8437-5c812515453d / 3c427e79-9b4a-4d26-9b97-7644be33b734;;O=c1c(O)c(-c2ccccc2)oc2cccc(O)c12;O=c1c(O)c(-c2ccccc2)oc2cccc(O)c12;0;False;0,979166667;0;;6;0;C;C8x;0,002686;0
mol_3;1;0,063822242;0;0;c1ccc(cc1)c2c(c(=O)c3c(cccc3o2)O)O;3;1;c1ccc(cc1)c2c(c(=O)c3c(cccc3o2)O)O;smiles;d35bd187-691b-4760-8437-5c812515453d / 3c427e79-9b4a-4d26-9b97-7644be33b734;;O=c1c(O)c(-c2ccccc2)oc2cccc(O)c12;O=c1c(O)c(-c2ccccc2)oc2cccc(O)c12;0;False;0,945419103;0;;6;1;C;C8x;0,01134;0
mol_3;2;0,13449316;0;0;c1ccc(cc1)c2c(c(=O)c3c(cccc3o2)O)O;3;2;c1ccc(cc1)c2c(c(=O)c3c(cccc3o2)O)O;smiles;d35bd187-691b-4760-8437-5c812515453d / 3c427e79-9b4a-4d26-9b97-7644be33b734;;O=c1c(O)c(-c2ccccc2)oc2cccc(O)c12;O=c1c(O)c(-c2ccccc2)oc2cccc(O)c12;0;False;0,949122807;0;;6;2;C;C8x;0,006215;0
mol_3;3;0,131421;0;0;c1ccc(cc1)c2c(c(=O)c3c(cccc3o2)O)O;3;3;c1ccc(cc1)c2c(c(=O)c3c(cccc3o2)O)O;smiles;d35bd187-691b-4760-8437-5c812515453d / 3c427e79-9b4a-4d26-9b97-7644be33b734;;O=c1c(O)c(-c2ccccc2)oc2cccc(O)c12;O=c1c(O)c(-c2ccccc2)oc2cccc(O)c12;0,776;True;0,961873638;0,767404417;;6;3;C;C8y;0,010895;0
mol_3;4;0,13449316;0;0;c1ccc(cc1)c2c(c(=O)c3c(cccc3o2)O)O;3;4;c1ccc(cc1)c2c(c(=O)c3c(cccc3o2)O)O;smiles;d35bd187-691b-4760-8437-5c812515453d / 3c427e79-9b4a-4d26-9b97-7644be33b734;;O=c1c(O)c(-c2ccccc2)oc2cccc(O)c12;O=c1c(O)c(-c2ccccc2)oc2cccc(O)c12;0;False;0,964912281;0;;6;4;C;C8x;0,023546;0
mol_3;5;0,063822242;0;0;c1ccc(cc1)c2c(c(=O)c3c(cccc3o2)O)O;3;5;c1ccc(cc1)c2c(c(=O)c3c(cccc3o2)O)O;smiles;d35bd187-691b-4760-8437-5c812515453d / 3c427e79-9b4a-4d26-9b97-7644be33b734;;O=c1c(O)c(-c2ccccc2)oc2cccc(O)c12;O=c1c(O)c(-c2ccccc2)oc2cccc(O)c12;0;False;0,981481481;0;;6;5;C;C8x;0,009729;0
mol_3;6;0,243696087;1;0;c1ccc(cc1)c2c(c(=O)c3c(cccc3o2)O)O;3;6;c1ccc(cc1)c2c(c(=O)c3c(cccc3o2)O)O;smiles;d35bd187-691b-4760-8437-5c812515453d / 3c427e79-9b4a-4d26-9b97-7644be33b734;;O=c1c(O)c(-c2ccccc2)oc2cccc(O)c12;O=c1c(O)c(-c2ccccc2)oc2cccc(O)c12;0;False;1;0;;6;6;C;C8y;0,173693;0
mol_3;7;0,240873426;1;0;c1ccc(cc1)c2c(c(=O)c3c(cccc3o2)O)O;3;7;c1ccc(cc1)c2c(c(=O)c3c(cccc3o2)O)O;smiles;d35bd187-691b-4760-8437-5c812515453d / 3c427e79-9b4a-4d26-9b97-7644be33b734;;O=c1c(O)c(-c2ccccc2)oc2cccc(O)c12;O=c1c(O)c(-c2ccccc2)oc2cccc(O)c12;0;False;1;0;;6;7;C;C8y;0,588251;0
mol_3;8;0,189901032;1;0;c1ccc(cc1)c2c(c(=O)c3c(cccc3o2)O)O;3;8;c1ccc(cc1)c2c(c(=O)c3c(cccc3o2)O)O;smiles;d35bd187-691b-4760-8437-5c812515453d / 3c427e79-9b4a-4d26-9b97-7644be33b734;;O=c1c(O)c(-c2ccccc2)oc2cccc(O)c12;O=c1c(O)c(-c2ccccc2)oc2cccc(O)c12;0;False;1;0;;6;8;C;C8y;0,342097;0
mol_3;9;0,214964748;1;0;c1ccc(cc1)c2c(c(=O)c3c(cccc3o2)O)O;3;9;c1ccc(cc1)c2c(c(=O)c3c(cccc3o2)O)O;smiles;d35bd187-691b-4760-8437-5c812515453d / 3c427e79-9b4a-4d26-9b97-7644be33b734;;O=c1c(O)c(-c2ccccc2)oc2cccc(O)c12;O=c1c(O)c(-c2ccccc2)oc2cccc(O)c12;0;False;1;0;;6;9;O;O5x;0,074451;0
mol_3;10;0,091335805;0;0;c1ccc(cc1)c2c(c(=O)c3c(cccc3o2)O)O;3;10;c1ccc(cc1)c2c(c(=O)c3c(cccc3o2)O)O;smiles;d35bd187-691b-4760-8437-5c812515453d / 3c427e79-9b4a-4d26-9b97-7644be33b734;;O=c1c(O)c(-c2ccccc2)oc2cccc(O)c12;O=c1c(O)c(-c2ccccc2)oc2cccc(O)c12;0;False;1;0;;6;10;C;C8y;0,086339;0
mol_3;11;0,154102111;0;0;c1ccc(cc1)c2c(c(=O)c3c(cccc3o2)O)O;3;11;c1ccc(cc1)c2c(c(=O)c3c(cccc3o2)O)O;smiles;d35bd187-691b-4760-8437-5c812515453d / 3c427e79-9b4a-4d26-9b97-7644be33b734;;O=c1c(O)c(-c2ccccc2)oc2cccc(O)c12;O=c1c(O)c(-c2ccccc2)oc2cccc(O)c12;0;False;0,965789474;0;;6;11;C;C8y;0,037355;0
mol_3;12;0,151416349;0;0;c1ccc(cc1)c2c(c(=O)c3c(cccc3o2)O)O;3;12;c1ccc(cc1)c2c(c(=O)c3c(cccc3o2)O)O;smiles;d35bd187-691b-4760-8437-5c812515453d / 3c427e79-9b4a-4d26-9b97-7644be33b734;;O=c1c(O)c(-c2ccccc2)oc2cccc(O)c12;O=c1c(O)c(-c2ccccc2)oc2cccc(O)c12;0;False;0,98245614;0;;6;12;C;C8x;0,033362;0
mol_3;13;0,128986228;0;0;c1ccc(cc1)c2c(c(=O)c3c(cccc3o2)O)O;3;13;c1ccc(cc1)c2c(c(=O)c3c(cccc3o2)O)O;smiles;d35bd187-691b-4760-8437-5c812515453d / 3c427e79-9b4a-4d26-9b97-7644be33b734;;O=c1c(O)c(-c2ccccc2)oc2cccc(O)c12;O=c1c(O)c(-c2ccccc2)oc2cccc(O)c12;0,004;False;0,93995098;0,03762236;;6;13;C;C8x;0,02038;0
mol_3;14;0,097963639;0;0;c1ccc(cc1)c2c(c(=O)c3c(cccc3o2)O)O;3;14;c1ccc(cc1)c2c(c(=O)c3c(cccc3o2)O)O;smiles;d35bd187-691b-4760-8437-5c812515453d / 3c427e79-9b4a-4d26-9b97-7644be33b734;;O=c1c(O)c(-c2ccccc2)oc2cccc(O)c12;O=c1c(O)c(-c2ccccc2)oc2cccc(O)c12;0;False;0,952380952;0;;6;14;C;C8x;0,052267;0
mol_3;15;0,170156129;0;0;c1ccc(cc1)c2c(c(=O)c3c(cccc3o2)O)O;3;15;c1ccc(cc1)c2c(c(=O)c3c(cccc3o2)O)O;smiles;d35bd187-691b-4760-8437-5c812515453d / 3c427e79-9b4a-4d26-9b97-7644be33b734;;O=c1c(O)c(-c2ccccc2)oc2cccc(O)c12;O=c1c(O)c(-c2ccccc2)oc2cccc(O)c12;0;False;0,976190476;0;;6;15;C;C8y;0,083302;0
mol_3;16;0,155086955;0;0;c1ccc(cc1)c2c(c(=O)c3c(cccc3o2)O)O;3;16;c1ccc(cc1)c2c(c(=O)c3c(cccc3o2)O)O;smiles;d35bd187-691b-4760-8437-5c812515453d / 3c427e79-9b4a-4d26-9b97-7644be33b734;;O=c1c(O)c(-c2ccccc2)oc2cccc(O)c12;O=c1c(O)c(-c2ccccc2)oc2cccc(O)c12;0,004;False;0,931746032;0,03762236;;6;16;O;O2x;0,114432;0
mol_3;17;0,962918365;5;1;c1ccc(cc1)c2c(c(=O)c3c(cccc3o2)O)O;3;17;c1ccc(cc1)c2c(c(=O)c3c(cccc3o2)O)O;smiles;d35bd187-691b-4760-8437-5c812515453d / 3c427e79-9b4a-4d26-9b97-7644be33b734;;O=c1c(O)c(-c2ccccc2)oc2cccc(O)c12;O=c1c(O)c(-c2ccccc2)oc2cccc(O)c12;0,62;True;0,926739927;0,958042022;;6;17;O;O1a;0,195081;1
mol_3;18;0,919098341;5;1;c1ccc(cc1)c2c(c(=O)c3c(cccc3o2)O)O;3;18;c1ccc(cc1)c2c(c(=O)c3c(cccc3o2)O)O;smiles;d35bd187-691b-4760-8437-5c812515453d / 3c427e79-9b4a-4d26-9b97-7644be33b734;;O=c1c(O)c(-c2ccccc2)oc2cccc(O)c12;O=c1c(O)c(-c2ccccc2)oc2cccc(O)c12;0,004;False;0,93995098;0,03762236;;6;18;O;O1a;0,695564;1
mol_4;0;0,01039933;0;0;C(CC/C=C\C/C=C\C/C=C\C/C=C\CCCC(=O)O)CCO;4;0;C(CC/C=C\C/C=C\C/C=C\C/C=C\CCCC(=O)O)CCO;smiles;d35bd187-691b-4760-8437-5c812515453d / 3c427e79-9b4a-4d26-9b97-7644be33b734;;O=C(O)CCC/C=C\C/C=C\C/C=C\C/C=C\CCCCCO;O=C(O)CCC/C=C\C/C=C\C/C=C\C/C=C\CCCCCO;0,008;False;0,925925926;0,067221545;;9;0;C;C1b;0,008377;0
mol_4;1;0,008577034;0;0;C(CC/C=C\C/C=C\C/C=C\C/C=C\CCCC(=O)O)CCO;4;1;C(CC/C=C\C/C=C\C/C=C\C/C=C\CCCC(=O)O)CCO;smiles;d35bd187-691b-4760-8437-5c812515453d / 3c427e79-9b4a-4d26-9b97-7644be33b734;;O=C(O)CCC/C=C\C/C=C\C/C=C\C/C=C\CCCCCO;O=C(O)CCC/C=C\C/C=C\C/C=C\C/C=C\CCCCCO;0,02;False;0,767676768;0,141440543;;9;1;C;C1b;0,005708;0
mol_4;2;0,009692549;0;0;C(CC/C=C\C/C=C\C/C=C\C/C=C\CCCC(=O)O)CCO;4;2;C(CC/C=C\C/C=C\C/C=C\C/C=C\CCCC(=O)O)CCO;smiles;d35bd187-691b-4760-8437-5c812515453d / 3c427e79-9b4a-4d26-9b97-7644be33b734;;O=C(O)CCC/C=C\C/C=C\C/C=C\C/C=C\CCCCCO;O=C(O)CCC/C=C\C/C=C\C/C=C\C/C=C\CCCCCO;0,46;True;0,925925926;0,995378439;;9;2;C;C1b;0,00796;0
mol_4;3;0,015198212;0;0;C(CC/C=C\C/C=C\C/C=C\C/C=C\CCCC(=O)O)CCO;4;3;C(CC/C=C\C/C=C\C/C=C\C/C=C\CCCC(=O)O)CCO;smiles;d35bd187-691b-4760-8437-5c812515453d / 3c427e79-9b4a-4d26-9b97-7644be33b734;;O=C(O)CCC/C=C\C/C=C\C/C=C\C/C=C\CCCCCO;O=C(O)CCC/C=C\C/C=C\C/C=C\C/C=C\CCCCCO;0,14;False;0,757575758;0,584238812;;9;3;C;C2b;0,01644;0
mol_4;4;0,021494272;0;0;C(CC/C=C\C/C=C\C/C=C\C/C=C\CCCC(=O)O)CCO;4;4;C(CC/C=C\C/C=C\C/C=C\C/C=C\CCCC(=O)O)CCO;smiles;d35bd187-691b-4760-8437-5c812515453d / 3c427e79-9b4a-4d26-9b97-7644be33b734;;O=C(O)CCC/C=C\C/C=C\C/C=C\C/C=C\CCCCCO;O=C(O)CCC/C=C\C/C=C\C/C=C\C/C=C\CCCCCO;0,088;False;0,694949495;0,429758609;;9;4;C;C2b;0,016276;0
mol_4;5;0,02185383;0;0;C(CC/C=C\C/C=C\C/C=C\C/C=C\CCCC(=O)O)CCO;4;5;C(CC/C=C\C/C=C\C/C=C\C/C=C\CCCC(=O)O)CCO;smiles;d35bd187-691b-4760-8437-5c812515453d / 3c427e79-9b4a-4d26-9b97-7644be33b734;;O=C(O)CCC/C=C\C/C=C\C/C=C\C/C=C\CCCCCO;O=C(O)CCC/C=C\C/C=C\C/C=C\C/C=C\CCCCCO;0,076;False;0,641025641;0,387925679;;9;5;C;C1b;0,022709;0
mol_4;6;0,024126022;0;0;C(CC/C=C\C/C=C\C/C=C\C/C=C\CCCC(=O)O)CCO;4;6;C(CC/C=C\C/C=C\C/C=C\C/C=C\CCCC(=O)O)CCO;smiles;d35bd187-691b-4760-8437-5c812515453d / 3c427e79-9b4a-4d26-9b97-7644be33b734;;O=C(O)CCC/C=C\C/C=C\C/C=C\C/C=C\CCCCCO;O=C(O)CCC/C=C\C/C=C\C/C=C\C/C=C\CCCCCO;0,12;False;0,566137566;0,529360865;;9;6;C;C2b;0,018183;0
mol_4;7;0,024188493;0;0;C(CC/C=C\C/C=C\C/C=C\C/C=C\CCCC(=O)O)CCO;4;7;C(CC/C=C\C/C=C\C/C=C\C/C=C\CCCC(=O)O)CCO;smiles;d35bd187-691b-4760-8437-5c812515453d / 3c427e79-9b4a-4d26-9b97-7644be33b734;;O=C(O)CCC/C=C\C/C=C\C/C=C\C/C=C\CCCCCO;O=C(O)CCC/C=C\C/C=C\C/C=C\C/C=C\CCCCCO;0,184;False;0,586080586;0,688749806;;9;7;C;C2b;0,010453;0
mol_4;8;0,022182165;0;0;C(CC/C=C\C/C=C\C/C=C\C/C=C\CCCC(=O)O)CCO;4;8;C(CC/C=C\C/C=C\C/C=C\C/C=C\CCCC(=O)O)CCO;smiles;d35bd187-691b-4760-8437-5c812515453d / 3c427e79-9b4a-4d26-9b97-7644be33b734;;O=C(O)CCC/C=C\C/C=C\C/C=C\C/C=C\CCCCCO;O=C(O)CCC/C=C\C/C=C\C/C=C\C/C=C\CCCCCO;0,072;False;0,518518519;0,373343321;;9;8;C;C1b;0,013192;0
mol_4;9;0,024188493;0;0;C(CC/C=C\C/C=C\C/C=C\C/C=C\CCCC(=O)O)CCO;4;9;C(CC/C=C\C/C=C\C/C=C\C/C=C\CCCC(=O)O)CCO;smiles;d35bd187-691b-4760-8437-5c812515453d / 3c427e79-9b4a-4d26-9b97-7644be33b734;;O=C(O)CCC/C=C\C/C=C\C/C=C\C/C=C\CCCCCO;O=C(O)CCC/C=C\C/C=C\C/C=C\C/C=C\CCCCCO;0,184;False;0,574054622;0,688749806;;9;9;C;C2b;0,005588;0
mol_4;10;0,024126022;0;0;C(CC/C=C\C/C=C\C/C=C\C/C=C\CCCC(=O)O)CCO;4;10;C(CC/C=C\C/C=C\C/C=C\C/C=C\CCCC(=O)O)CCO;smiles;d35bd187-691b-4760-8437-5c812515453d / 3c427e79-9b4a-4d26-9b97-7644be33b734;;O=C(O)CCC/C=C\C/C=C\C/C=C\C/C=C\CCCCCO;O=C(O)CCC/C=C\C/C=C\C/C=C\C/C=C\CCCCCO;0,18;False;0,61025641;0,680077046;;9;10;C;C2b;0,011947;0
mol_4;11;0,02185383;0;0;C(CC/C=C\C/C=C\C/C=C\C/C=C\CCCC(=O)O)CCO;4;11;C(CC/C=C\C/C=C\C/C=C\C/C=C\CCCC(=O)O)CCO;smiles;d35bd187-691b-4760-8437-5c812515453d / 3c427e79-9b4a-4d26-9b97-7644be33b734;;O=C(O)CCC/C=C\C/C=C\C/C=C\C/C=C\CCCCCO;O=C(O)CCC/C=C\C/C=C\C/C=C\C/C=C\CCCCCO;0,028;False;0,540740741;0,184260593;;9;11;C;C1b;0,035389;0
mol_4;12;0,021380773;0;0;C(CC/C=C\C/C=C\C/C=C\C/C=C\CCCC(=O)O)CCO;4;12;C(CC/C=C\C/C=C\C/C=C\C/C=C\CCCC(=O)O)CCO;smiles;d35bd187-691b-4760-8437-5c812515453d / 3c427e79-9b4a-4d26-9b97-7644be33b734;;O=C(O)CCC/C=C\C/C=C\C/C=C\C/C=C\CCCCCO;O=C(O)CCC/C=C\C/C=C\C/C=C\C/C=C\CCCCCO;0,192;False;0,61025641;0,705636606;;9;12;C;C2b;0,026802;0
mol_4;13;0,015541545;0;0;C(CC/C=C\C/C=C\C/C=C\C/C=C\CCCC(=O)O)CCO;4;13;C(CC/C=C\C/C=C\C/C=C\C/C=C\CCCC(=O)O)CCO;smiles;d35bd187-691b-4760-8437-5c812515453d / 3c427e79-9b4a-4d26-9b97-7644be33b734;;O=C(O)CCC/C=C\C/C=C\C/C=C\C/C=C\CCCCCO;O=C(O)CCC/C=C\C/C=C\C/C=C\C/C=C\CCCCCO;0,188;False;0,574054622;0,697268816;;9;13;C;C2b;0,037353;0
mol_4;14;0,038892277;0;0;C(CC/C=C\C/C=C\C/C=C\C/C=C\CCCC(=O)O)CCO;4;14;C(CC/C=C\C/C=C\C/C=C\C/C=C\CCCC(=O)O)CCO;smiles;d35bd187-691b-4760-8437-5c812515453d / 3c427e79-9b4a-4d26-9b97-7644be33b734;;O=C(O)CCC/C=C\C/C=C\C/C=C\C/C=C\CCCCCO;O=C(O)CCC/C=C\C/C=C\C/C=C\C/C=C\CCCCCO;0,08;False;0,518518519;0,40217919;;9;14;C;C1b;0,01671;0
mol_4;15;0,223296975;0;0;C(CC/C=C\C/C=C\C/C=C\C/C=C\CCCC(=O)O)CCO;4;15;C(CC/C=C\C/C=C\C/C=C\C/C=C\CCCC(=O)O)CCO;smiles;d35bd187-691b-4760-8437-5c812515453d / 3c427e79-9b4a-4d26-9b97-7644be33b734;;O=C(O)CCC/C=C\C/C=C\C/C=C\C/C=C\CCCCCO;O=C(O)CCC/C=C\C/C=C\C/C=C\C/C=C\CCCCCO;0,188;False;0,683760684;0,697268816;;9;15;C;C1b;0,013156;0
mol_4;16;0,801696634;5;1;C(CC/C=C\C/C=C\C/C=C\C/C=C\CCCC(=O)O)CCO;4;16;C(CC/C=C\C/C=C\C/C=C\C/C=C\CCCC(=O)O)CCO;smiles;d35bd187-691b-4760-8437-5c812515453d / 3c427e79-9b4a-4d26-9b97-7644be33b734;;O=C(O)CCC/C=C\C/C=C\C/C=C\C/C=C\CCCCCO;O=C(O)CCC/C=C\C/C=C\C/C=C\C/C=C\CCCCCO;0,14;False;0,62464986;0,584238812;;9;16;C;C1b;0,022406;0
mol_4;17;0,979330051;5;1;C(CC/C=C\C/C=C\C/C=C\C/C=C\CCCC(=O)O)CCO;4;17;C(CC/C=C\C/C=C\C/C=C\C/C=C\CCCC(=O)O)CCO;smiles;d35bd187-691b-4760-8437-5c812515453d / 3c427e79-9b4a-4d26-9b97-7644be33b734;;O=C(O)CCC/C=C\C/C=C\C/C=C\C/C=C\CCCCCO;O=C(O)CCC/C=C\C/C=C\C/C=C\C/C=C\CCCCCO;0,052;False;0,563161376;0,294832819;;9;17;C;C6a;0,304872;0
mol_4;18;0,88964777;5;1;C(CC/C=C\C/C=C\C/C=C\C/C=C\CCCC(=O)O)CCO;4;18;C(CC/C=C\C/C=C\C/C=C\C/C=C\CCCC(=O)O)CCO;smiles;d35bd187-691b-4760-8437-5c812515453d / 3c427e79-9b4a-4d26-9b97-7644be33b734;;O=C(O)CCC/C=C\C/C=C\C/C=C\C/C=C\CCCCCO;O=C(O)CCC/C=C\C/C=C\C/C=C\C/C=C\CCCCCO;0,112;False;0,622222222;0,505919244;;9;18;O;O6a2;0,024334;0
mol_4;19;0,88964777;5;1;C(CC/C=C\C/C=C\C/C=C\C/C=C\CCCC(=O)O)CCO;4;19;C(CC/C=C\C/C=C\C/C=C\C/C=C\CCCC(=O)O)CCO;smiles;d35bd187-691b-4760-8437-5c812515453d / 3c427e79-9b4a-4d26-9b97-7644be33b734;;O=C(O)CCC/C=C\C/C=C\C/C=C\C/C=C\CCCCCO;O=C(O)CCC/C=C\C/C=C\C/C=C\C/C=C\CCCCCO;0,064;False;0,688888889;0,343122907;;9;19;O;O6a1;0,482024;0
mol_4;20;0,035866807;0;0;C(CC/C=C\C/C=C\C/C=C\C/C=C\CCCC(=O)O)CCO;4;20;C(CC/C=C\C/C=C\C/C=C\C/C=C\CCCC(=O)O)CCO;smiles;d35bd187-691b-4760-8437-5c812515453d / 3c427e79-9b4a-4d26-9b97-7644be33b734;;O=C(O)CCC/C=C\C/C=C\C/C=C\C/C=C\CCCCCO;O=C(O)CCC/C=C\C/C=C\C/C=C\C/C=C\CCCCCO;0,04;False;0,842592593;0,242292189;;9;20;C;C1b;0,028023;0
mol_4;21;0,968617618;5;1;C(CC/C=C\C/C=C\C/C=C\C/C=C\CCCC(=O)O)CCO;4;21;C(CC/C=C\C/C=C\C/C=C\C/C=C\CCCC(=O)O)CCO;smiles;d35bd187-691b-4760-8437-5c812515453d / 3c427e79-9b4a-4d26-9b97-7644be33b734;;O=C(O)CCC/C=C\C/C=C\C/C=C\C/C=C\CCCCCO;O=C(O)CCC/C=C\C/C=C\C/C=C\C/C=C\CCCCCO;0,028;False;0,857142857;0,184260593;;9;21;C;C1b;0,373873;0
mol_4;22;0,973140025;5;1;C(CC/C=C\C/C=C\C/C=C\C/C=C\CCCC(=O)O)CCO;4;22;C(CC/C=C\C/C=C\C/C=C\C/C=C\CCCC(=O)O)CCO;smiles;d35bd187-691b-4760-8437-5c812515453d / 3c427e79-9b4a-4d26-9b97-7644be33b734;;O=C(O)CCC/C=C\C/C=C\C/C=C\C/C=C\CCCCCO;O=C(O)CCC/C=C\C/C=C\C/C=C\C/C=C\CCCCCO;0,664;True;0,944444444;0,920939448;;9;22;O;O1a;0,862347;1
mol_5;0;0,00145185;0;0;CN(C)Cc1c(c(c(c2c1oc(cc2=O)c3ccccc3)O)O)O;5;0;CN(C)Cc1c(c(c(c2c1oc(cc2=O)c3ccccc3)O)O)O;smiles;d35bd187-691b-4760-8437-5c812515453d / 3c427e79-9b4a-4d26-9b97-7644be33b734;;CN(C)Cc1c(O)c(O)c(O)c2c(=O)cc(-c3ccccc3)oc12;CN(C)Cc1c(O)c(O)c(O)c2c(=O)cc(-c3ccccc3)oc12;0,012;False;0,675213675;0,09377791;;11;0;C;C1a;0,548794;0
mol_5;1;0,004832462;0;0;CN(C)Cc1c(c(c(c2c1oc(cc2=O)c3ccccc3)O)O)O;5;1;CN(C)Cc1c(c(c(c2c1oc(cc2=O)c3ccccc3)O)O)O;smiles;d35bd187-691b-4760-8437-5c812515453d / 3c427e79-9b4a-4d26-9b97-7644be33b734;;CN(C)Cc1c(O)c(O)c(O)c2c(=O)cc(-c3ccccc3)oc12;CN(C)Cc1c(O)c(O)c(O)c2c(=O)cc(-c3ccccc3)oc12;0,196;False;0,567982456;0,713855596;;11;1;N;N1c;0,689027;0
mol_5;2;0,00145185;0;0;CN(C)Cc1c(c(c(c2c1oc(cc2=O)c3ccccc3)O)O)O;5;2;CN(C)Cc1c(c(c(c2c1oc(cc2=O)c3ccccc3)O)O)O;smiles;d35bd187-691b-4760-8437-5c812515453d / 3c427e79-9b4a-4d26-9b97-7644be33b734;;CN(C)Cc1c(O)c(O)c(O)c2c(=O)cc(-c3ccccc3)oc12;CN(C)Cc1c(O)c(O)c(O)c2c(=O)cc(-c3ccccc3)oc12;0,012;False;0,675213675;0,09377791;;11;2;C;C1a;0,571971;0
mol_5;3;0,006702527;0;0;CN(C)Cc1c(c(c(c2c1oc(cc2=O)c3ccccc3)O)O)O;5;3;CN(C)Cc1c(c(c(c2c1oc(cc2=O)c3ccccc3)O)O)O;smiles;d35bd187-691b-4760-8437-5c812515453d / 3c427e79-9b4a-4d26-9b97-7644be33b734;;CN(C)Cc1c(O)c(O)c(O)c2c(=O)cc(-c3ccccc3)oc12;CN(C)Cc1c(O)c(O)c(O)c2c(=O)cc(-c3ccccc3)oc12;0,016;False;0,602597403;0,118350011;;11;3;C;C1b;0,105143;0
mol_5;4;0,122987179;0;0;CN(C)Cc1c(c(c(c2c1oc(cc2=O)c3ccccc3)O)O)O;5;4;CN(C)Cc1c(c(c(c2c1oc(cc2=O)c3ccccc3)O)O)O;smiles;d35bd187-691b-4760-8437-5c812515453d / 3c427e79-9b4a-4d26-9b97-7644be33b734;;CN(C)Cc1c(O)c(O)c(O)c2c(=O)cc(-c3ccccc3)oc12;CN(C)Cc1c(O)c(O)c(O)c2c(=O)cc(-c3ccccc3)oc12;0;False;0,765512266;0;;11;4;C;C8y;0,044557;0
mol_5;5;0,672751153;5;1;CN(C)Cc1c(c(c(c2c1oc(cc2=O)c3ccccc3)O)O)O;5;5;CN(C)Cc1c(c(c(c2c1oc(cc2=O)c3ccccc3)O)O)O;smiles;d35bd187-691b-4760-8437-5c812515453d / 3c427e79-9b4a-4d26-9b97-7644be33b734;;CN(C)Cc1c(O)c(O)c(O)c2c(=O)cc(-c3ccccc3)oc12;CN(C)Cc1c(O)c(O)c(O)c2c(=O)cc(-c3ccccc3)oc12;0,004;False;0,793859649;0,03762236;;11;5;C;C8y;0,165108;0
mol_5;6;0,530137157;3;1;CN(C)Cc1c(c(c(c2c1oc(cc2=O)c3ccccc3)O)O)O;5;6;CN(C)Cc1c(c(c(c2c1oc(cc2=O)c3ccccc3)O)O)O;smiles;d35bd187-691b-4760-8437-5c812515453d / 3c427e79-9b4a-4d26-9b97-7644be33b734;;CN(C)Cc1c(O)c(O)c(O)c2c(=O)cc(-c3ccccc3)oc12;CN(C)Cc1c(O)c(O)c(O)c2c(=O)cc(-c3ccccc3)oc12;0,62;True;0,720588235;0,958042022;;11;6;C;C8y;0,105013;0
mol_5;7;0,665487361;4;1;CN(C)Cc1c(c(c(c2c1oc(cc2=O)c3ccccc3)O)O)O;5;7;CN(C)Cc1c(c(c(c2c1oc(cc2=O)c3ccccc3)O)O)O;smiles;d35bd187-691b-4760-8437-5c812515453d / 3c427e79-9b4a-4d26-9b97-7644be33b734;;CN(C)Cc1c(O)c(O)c(O)c2c(=O)cc(-c3ccccc3)oc12;CN(C)Cc1c(O)c(O)c(O)c2c(=O)cc(-c3ccccc3)oc12;0,016;False;0,736354776;0,118350011;;11;7;C;C8y;0,095078;0
mol_5;8;0,304018077;2;0;CN(C)Cc1c(c(c(c2c1oc(cc2=O)c3ccccc3)O)O)O;5;8;CN(C)Cc1c(c(c(c2c1oc(cc2=O)c3ccccc3)O)O)O;smiles;d35bd187-691b-4760-8437-5c812515453d / 3c427e79-9b4a-4d26-9b97-7644be33b734;;CN(C)Cc1c(O)c(O)c(O)c2c(=O)cc(-c3ccccc3)oc12;CN(C)Cc1c(O)c(O)c(O)c2c(=O)cc(-c3ccccc3)oc12;0,64;True;0,796568627;0,942683189;;11;8;C;C8y;0,034963;0
mol_5;9;0,048971171;0;0;CN(C)Cc1c(c(c(c2c1oc(cc2=O)c3ccccc3)O)O)O;5;9;CN(C)Cc1c(c(c(c2c1oc(cc2=O)c3ccccc3)O)O)O;smiles;d35bd187-691b-4760-8437-5c812515453d / 3c427e79-9b4a-4d26-9b97-7644be33b734;;CN(C)Cc1c(O)c(O)c(O)c2c(=O)cc(-c3ccccc3)oc12;CN(C)Cc1c(O)c(O)c(O)c2c(=O)cc(-c3ccccc3)oc12;0,024;False;0,826797386;0,163345543;;11;9;C;C8y;0,076359;0
mol_5;10;0,00824292;0;0;CN(C)Cc1c(c(c(c2c1oc(cc2=O)c3ccccc3)O)O)O;5;10;CN(C)Cc1c(c(c(c2c1oc(cc2=O)c3ccccc3)O)O)O;smiles;d35bd187-691b-4760-8437-5c812515453d / 3c427e79-9b4a-4d26-9b97-7644be33b734;;CN(C)Cc1c(O)c(O)c(O)c2c(=O)cc(-c3ccccc3)oc12;CN(C)Cc1c(O)c(O)c(O)c2c(=O)cc(-c3ccccc3)oc12;0,46;True;0,875;0,995378439;;11;10;O;O2x;0,046869;0
mol_5;11;0,124250426;0;0;CN(C)Cc1c(c(c(c2c1oc(cc2=O)c3ccccc3)O)O)O;5;11;CN(C)Cc1c(c(c(c2c1oc(cc2=O)c3ccccc3)O)O)O;smiles;d35bd187-691b-4760-8437-5c812515453d / 3c427e79-9b4a-4d26-9b97-7644be33b734;;CN(C)Cc1c(O)c(O)c(O)c2c(=O)cc(-c3ccccc3)oc12;CN(C)Cc1c(O)c(O)c(O)c2c(=O)cc(-c3ccccc3)oc12;0;False;0,803571429;0;;11;11;C;C8y;0,014539;0
mol_5;12;0,154704229;0;0;CN(C)Cc1c(c(c(c2c1oc(cc2=O)c3ccccc3)O)O)O;5;12;CN(C)Cc1c(c(c(c2c1oc(cc2=O)c3ccccc3)O)O)O;smiles;d35bd187-691b-4760-8437-5c812515453d / 3c427e79-9b4a-4d26-9b97-7644be33b734;;CN(C)Cc1c(O)c(O)c(O)c2c(=O)cc(-c3ccccc3)oc12;CN(C)Cc1c(O)c(O)c(O)c2c(=O)cc(-c3ccccc3)oc12;0,004;False;0,859307359;0,03762236;;11;12;C;C8x;0,03901;0
mol_5;13;0,186391759;0;0;CN(C)Cc1c(c(c(c2c1oc(cc2=O)c3ccccc3)O)O)O;5;13;CN(C)Cc1c(c(c(c2c1oc(cc2=O)c3ccccc3)O)O)O;smiles;d35bd187-691b-4760-8437-5c812515453d / 3c427e79-9b4a-4d26-9b97-7644be33b734;;CN(C)Cc1c(O)c(O)c(O)c2c(=O)cc(-c3ccccc3)oc12;CN(C)Cc1c(O)c(O)c(O)c2c(=O)cc(-c3ccccc3)oc12;0;False;0,906088751;0;;11;13;C;C8y;0,034402;0
mol_5;14;0,340859593;1;0;CN(C)Cc1c(c(c(c2c1oc(cc2=O)c3ccccc3)O)O)O;5;14;CN(C)Cc1c(c(c(c2c1oc(cc2=O)c3ccccc3)O)O)O;smiles;d35bd187-691b-4760-8437-5c812515453d / 3c427e79-9b4a-4d26-9b97-7644be33b734;;CN(C)Cc1c(O)c(O)c(O)c2c(=O)cc(-c3ccccc3)oc12;CN(C)Cc1c(O)c(O)c(O)c2c(=O)cc(-c3ccccc3)oc12;0,004;False;0,91984127;0,03762236;;11;14;O;O5x;0,037698;0
mol_5;15;0,010381672;0;0;CN(C)Cc1c(c(c(c2c1oc(cc2=O)c3ccccc3)O)O)O;5;15;CN(C)Cc1c(c(c(c2c1oc(cc2=O)c3ccccc3)O)O)O;smiles;d35bd187-691b-4760-8437-5c812515453d / 3c427e79-9b4a-4d26-9b97-7644be33b734;;CN(C)Cc1c(O)c(O)c(O)c2c(=O)cc(-c3ccccc3)oc12;CN(C)Cc1c(O)c(O)c(O)c2c(=O)cc(-c3ccccc3)oc12;0;False;0,859307359;0;;11;15;C;C8y;0,003934;0
mol_5;16;0,044721401;0;0;CN(C)Cc1c(c(c(c2c1oc(cc2=O)c3ccccc3)O)O)O;5;16;CN(C)Cc1c(c(c(c2c1oc(cc2=O)c3ccccc3)O)O)O;smiles;d35bd187-691b-4760-8437-5c812515453d / 3c427e79-9b4a-4d26-9b97-7644be33b734;;CN(C)Cc1c(O)c(O)c(O)c2c(=O)cc(-c3ccccc3)oc12;CN(C)Cc1c(O)c(O)c(O)c2c(=O)cc(-c3ccccc3)oc12;0;False;0,942265795;0;;11;16;C;C8x;0,003711;0
mol_5;17;0,064196154;0;0;CN(C)Cc1c(c(c(c2c1oc(cc2=O)c3ccccc3)O)O)O;5;17;CN(C)Cc1c(c(c(c2c1oc(cc2=O)c3ccccc3)O)O)O;smiles;d35bd187-691b-4760-8437-5c812515453d / 3c427e79-9b4a-4d26-9b97-7644be33b734;;CN(C)Cc1c(O)c(O)c(O)c2c(=O)cc(-c3ccccc3)oc12;CN(C)Cc1c(O)c(O)c(O)c2c(=O)cc(-c3ccccc3)oc12;0;False;1;0;;11;17;C;C8x;0,007695;0
mol_5;18;0,080764922;0;0;CN(C)Cc1c(c(c(c2c1oc(cc2=O)c3ccccc3)O)O)O;5;18;CN(C)Cc1c(c(c(c2c1oc(cc2=O)c3ccccc3)O)O)O;smiles;d35bd187-691b-4760-8437-5c812515453d / 3c427e79-9b4a-4d26-9b97-7644be33b734;;CN(C)Cc1c(O)c(O)c(O)c2c(=O)cc(-c3ccccc3)oc12;CN(C)Cc1c(O)c(O)c(O)c2c(=O)cc(-c3ccccc3)oc12;0,004;False;1;0,03762236;;11;18;C;C8x;0,002258;0
mol_5;19;0,064196154;0;0;CN(C)Cc1c(c(c(c2c1oc(cc2=O)c3ccccc3)O)O)O;5;19;CN(C)Cc1c(c(c(c2c1oc(cc2=O)c3ccccc3)O)O)O;smiles;d35bd187-691b-4760-8437-5c812515453d / 3c427e79-9b4a-4d26-9b97-7644be33b734;;CN(C)Cc1c(O)c(O)c(O)c2c(=O)cc(-c3ccccc3)oc12;CN(C)Cc1c(O)c(O)c(O)c2c(=O)cc(-c3ccccc3)oc12;0;False;1;0;;11;19;C;C8x;0,003615;0
mol_5;20;0,044721401;0;0;CN(C)Cc1c(c(c(c2c1oc(cc2=O)c3ccccc3)O)O)O;5;20;CN(C)Cc1c(c(c(c2c1oc(cc2=O)c3ccccc3)O)O)O;smiles;d35bd187-691b-4760-8437-5c812515453d / 3c427e79-9b4a-4d26-9b97-7644be33b734;;CN(C)Cc1c(O)c(O)c(O)c2c(=O)cc(-c3ccccc3)oc12;CN(C)Cc1c(O)c(O)c(O)c2c(=O)cc(-c3ccccc3)oc12;0,004;False;1;0,03762236;;11;20;C;C8x;0,004435;0
mol_5;21;0,933479249;5;1;CN(C)Cc1c(c(c(c2c1oc(cc2=O)c3ccccc3)O)O)O;5;21;CN(C)Cc1c(c(c(c2c1oc(cc2=O)c3ccccc3)O)O)O;smiles;d35bd187-691b-4760-8437-5c812515453d / 3c427e79-9b4a-4d26-9b97-7644be33b734;;CN(C)Cc1c(O)c(O)c(O)c2c(=O)cc(-c3ccccc3)oc12;CN(C)Cc1c(O)c(O)c(O)c2c(=O)cc(-c3ccccc3)oc12;0;False;1;0;;11;21;O;O1a;0,196437;0
mol_5;22;0,947532928;5;1;CN(C)Cc1c(c(c(c2c1oc(cc2=O)c3ccccc3)O)O)O;5;22;CN(C)Cc1c(c(c(c2c1oc(cc2=O)c3ccccc3)O)O)O;smiles;d35bd187-691b-4760-8437-5c812515453d / 3c427e79-9b4a-4d26-9b97-7644be33b734;;CN(C)Cc1c(O)c(O)c(O)c2c(=O)cc(-c3ccccc3)oc12;CN(C)Cc1c(O)c(O)c(O)c2c(=O)cc(-c3ccccc3)oc12;0,004;False;0,811111111;0,03762236;;11;22;O;O1a;0,272422;1
mol_5;23;0,947781801;5;1;CN(C)Cc1c(c(c(c2c1oc(cc2=O)c3ccccc3)O)O)O;5;23;CN(C)Cc1c(c(c(c2c1oc(cc2=O)c3ccccc3)O)O)O;smiles;d35bd187-691b-4760-8437-5c812515453d / 3c427e79-9b4a-4d26-9b97-7644be33b734;;CN(C)Cc1c(O)c(O)c(O)c2c(=O)cc(-c3ccccc3)oc12;CN(C)Cc1c(O)c(O)c(O)c2c(=O)cc(-c3ccccc3)oc12;0;False;0,817391304;0;;11;23;O;O1a;0,256478;0
